tick,support,on_floor,local_x,local_y,local_z,slip_m,bus_write_m,package_write_m,platform_speed,dual_contact
1,1,1,0.000000000,-0.599576116,1.000000000,0.000000000,0.000000000,0.000000000,0.000000000,0
2,1,1,0.000000000,-0.599931836,1.000930786,0.000996444,0.001023691,0.000983922,0.000000000,0
3,1,1,0.000000000,-0.599968314,1.001846313,0.000916254,0.001964350,0.001907246,0.059784994,0
4,1,1,0.000000000,-0.599985659,1.002777100,0.000930948,0.002934451,0.002830469,0.113248192,0
5,1,1,-0.000003815,-0.599986732,1.003707886,0.000930795,0.003862551,0.003757673,0.168426841,0
6,1,1,-0.000001907,-0.599974215,1.004623413,0.000915615,0.004792082,0.004671277,0.222924694,0
7,1,1,-0.000003815,-0.599950910,1.005538940,0.000915826,0.005722301,0.005600991,0.277524531,0
8,1,1,-0.000003815,-0.599919796,1.006454468,0.000916056,0.006652871,0.006515936,0.333106577,0
9,1,1,-0.000003815,-0.599882841,1.007369995,0.000916273,0.007553102,0.007431170,0.387831062,0
10,1,1,-0.000003815,-0.599842548,1.008270264,0.000901170,0.008453418,0.008346579,0.442600816,0
11,1,1,-0.000005722,-0.599800825,1.009201050,0.000931723,0.009338506,0.009231569,0.497410178,0
12,1,1,-0.000003815,-0.599759400,1.010086060,0.000885981,0.010238852,0.010147127,0.551336229,0
13,1,1,-0.000003815,-0.599719524,1.011032104,0.000946885,0.011139184,0.011062707,0.606203675,0
14,1,1,-0.000003815,-0.599682450,1.011932373,0.000901032,0.012024237,0.011947770,0.661091566,0
15,1,1,-0.000003815,-0.599648952,1.012832642,0.000900892,0.012909266,0.012848083,0.715079248,0
16,1,1,-0.000003815,-0.599619627,1.013748169,0.000915997,0.013794275,0.013748381,0.769077718,0
17,1,1,-0.000003815,-0.599594533,1.014648438,0.000900618,0.014694529,0.014663923,0.823998988,0
18,1,1,-0.000001907,-0.599574327,1.015548706,0.000900497,0.015564251,0.015533675,0.878009319,0
19,1,1,-0.000001907,-0.599558592,1.016433716,0.000885150,0.016464485,0.016449189,0.932022214,0
20,1,1,0.000000000,-0.599547505,1.017349243,0.000915596,0.017334197,0.017334180,0.986036360,0
21,1,1,0.000000000,-0.599540532,1.018234253,0.000885037,0.018234426,0.018234422,1.040050864,0
22,1,1,0.000000000,-0.599537432,1.019134521,0.000900274,0.019119399,0.019119404,1.094065428,0
23,1,1,0.000000000,-0.599537730,1.020004272,0.000869751,0.020004377,0.020019645,1.147164106,0
24,1,1,0.000000000,-0.599540949,1.020904541,0.000900274,0.020889357,0.020889370,1.201178074,0
25,1,1,0.000000000,-0.599546731,1.021804810,0.000900287,0.021789603,0.021804875,1.254276395,0
26,1,1,0.000001907,-0.599554718,1.022689819,0.000885048,0.022674596,0.022689866,1.308290362,0
27,1,1,0.000001907,-0.599563956,1.023574829,0.000885058,0.023544332,0.023559602,1.361388922,0
28,1,1,0.000001907,-0.599574447,1.024459839,0.000885072,0.024444591,0.024459857,1.414487720,0
29,1,1,0.000001907,-0.599585831,1.025344849,0.000885083,0.025314337,0.025329601,1.467586994,0
30,1,1,0.000001907,-0.599597394,1.026229858,0.000885085,0.026214601,0.026229862,1.520686507,0
31,1,1,0.000000000,-0.599609017,1.027114868,0.000885088,0.027084351,0.027099611,1.573786497,0
32,1,1,0.000000000,-0.599620581,1.028015137,0.000900343,0.027984619,0.027999878,1.626886845,0
33,1,1,0.000001907,-0.599631548,1.028854370,0.000839307,0.028854372,0.028854370,1.679987431,0
34,1,1,0.000001907,-0.599642038,1.029769897,0.000915587,0.029739382,0.029754641,1.732172847,0
35,1,1,0.000000000,-0.599651814,1.030624390,0.000854550,0.030624393,0.030624392,1.785274029,0
36,1,1,0.000000000,-0.599660814,1.031509399,0.000885056,0.031494144,0.031509399,1.837459683,0
37,1,1,0.000000000,-0.599668860,1.032394409,0.000885046,0.032379154,0.032379154,1.890560865,0
38,1,1,0.000000000,-0.599675775,1.033264160,0.000869778,0.033233646,0.033233646,1.942746639,0
39,1,1,0.000000000,-0.599682212,1.034118652,0.000854516,0.034118656,0.034118656,1.994932413,0
40,1,1,0.000001907,-0.599687576,1.035003662,0.000885028,0.034988407,0.035003666,2.047118187,0
41,1,1,0.000000000,-0.599692345,1.035873413,0.000869766,0.035858158,0.035858158,2.099303722,0
42,1,1,0.000001907,-0.599696219,1.036743164,0.000869762,0.036727909,0.036727909,2.151489258,0
43,1,1,0.000001907,-0.599699497,1.037597656,0.000854498,0.037582401,0.037567142,2.203674555,0
44,1,1,0.000001907,-0.599702299,1.038452148,0.000854497,0.038452152,0.038452152,2.254944563,0
45,1,1,0.000000000,-0.599704444,1.039337158,0.000885014,0.039321903,0.039321903,2.307129622,0
46,1,1,0.000000000,-0.599706233,1.040176392,0.000839235,0.040176392,0.040176392,2.359314680,0
47,1,1,0.000001907,-0.599707782,1.041046143,0.000869754,0.041046143,0.041046143,2.410584450,0
48,1,1,-0.000001907,-0.599709153,1.041900635,0.000854502,0.041885376,0.041885376,2.461853981,0
49,1,1,0.000001907,-0.599710107,1.042755127,0.000854501,0.042739868,0.042739868,2.513123512,0
50,1,1,0.000003815,-0.599711299,1.043594360,0.000839236,0.043609619,0.043609619,2.564392805,0
51,1,1,0.000001907,-0.599712133,1.044448853,0.000854495,0.044448853,0.044448853,2.616578102,0
52,1,1,0.000000000,-0.599713326,1.045303345,0.000854495,0.045303345,0.045288086,2.666931868,0
53,1,1,0.000001907,-0.599714398,1.046188354,0.000885012,0.046173096,0.046173096,2.718201160,0
54,1,1,0.000001907,-0.599715471,1.047027588,0.000839234,0.047012329,0.047012329,2.769470692,0
55,1,1,0.000001907,-0.599717021,1.047866821,0.000839235,0.047851563,0.047851563,2.820739985,0
56,1,1,0.000000000,-0.599718332,1.048721313,0.000854495,0.048706055,0.048706055,2.871093988,0
57,1,1,-0.000001907,-0.599720001,1.049560547,0.000839237,0.049545288,0.049545288,2.922363520,0
58,1,1,0.000001907,-0.599721789,1.050399780,0.000839244,0.050384521,0.050384521,2.972717285,0
59,1,1,0.000001907,-0.599723756,1.051239014,0.000839236,0.051223755,0.051223755,3.023071289,0
60,1,1,0.000000000,-0.599725306,1.052093506,0.000854496,0.052078247,0.052078247,3.073425293,0
61,1,1,0.000000000,-0.599727809,1.052932739,0.000839237,0.052917480,0.052917480,3.124694586,0
62,1,1,0.000001907,-0.599730492,1.053756714,0.000823981,0.053741455,0.053741455,3.175048590,0
63,1,1,0.000001907,-0.599733174,1.054595947,0.000839238,0.054580688,0.054580688,3.224487066,0
64,1,1,0.000001907,-0.599735856,1.055435181,0.000839238,0.055419922,0.055419922,3.274841070,0
65,1,1,0.000000000,-0.599738598,1.056274414,0.000839240,0.056259155,0.056259155,3.325195074,0
66,1,1,0.000000000,-0.599741340,1.057098389,0.000823979,0.057083130,0.057083130,3.375549078,0
67,1,1,0.000000000,-0.599744260,1.057937622,0.000839238,0.057922363,0.057922363,3.424987555,0
68,1,1,-0.000001907,-0.599747777,1.058746338,0.000808726,0.058746338,0.058746338,3.475341558,0
69,1,1,0.000001907,-0.599750042,1.059570313,0.000823987,0.059570313,0.059570313,3.524780035,0
70,1,1,0.000000000,-0.599753737,1.060394287,0.000823985,0.060394287,0.060394287,3.574218273,0
71,1,1,0.000000000,-0.599756002,1.061218262,0.000823978,0.061218262,0.061218262,3.623656988,0
72,1,1,0.000001907,-0.599759817,1.062042236,0.000823986,0.062042236,0.062042236,3.673095226,0
73,1,1,0.000001907,-0.599762678,1.062866211,0.000823980,0.062866211,0.062866211,3.722533941,0
74,1,1,0.000003815,-0.599764824,1.063690186,0.000823980,0.063690186,0.063690186,3.771972418,0
75,1,1,0.000001907,-0.599768639,1.064514160,0.000823986,0.064514160,0.064514160,3.821410656,0
76,1,1,0.000003815,-0.599771559,1.065338135,0.000823982,0.065338135,0.065338135,3.870849371,0
77,1,1,0.000001907,-0.599774480,1.066146851,0.000808723,0.066146851,0.066146851,3.920287848,0
78,1,1,0.000000000,-0.599776328,1.066986084,0.000839238,0.066970825,0.066970825,3.968810797,0
79,1,1,0.000001907,-0.599780202,1.067779541,0.000793469,0.067779541,0.067779541,4.018249512,0
80,1,1,0.000000000,-0.599782944,1.068588257,0.000808723,0.068588257,0.068588257,4.066772461,0
81,1,1,0.000001907,-0.599785686,1.069396973,0.000808723,0.069396973,0.069396973,4.115295410,0
82,1,1,0.000001907,-0.599788427,1.070205688,0.000808720,0.070205688,0.070205688,4.163818359,0
83,1,1,0.000001907,-0.599791050,1.071014404,0.000808720,0.071014404,0.071014404,4.212341309,0
84,1,1,0.000001907,-0.599793792,1.071823120,0.000808720,0.071823120,0.071823120,4.260864258,0
85,1,1,0.000000000,-0.599796414,1.072631836,0.000808722,0.072631836,0.072631836,4.309387207,0
86,1,1,0.000001907,-0.599799156,1.073440552,0.000808723,0.073440552,0.073440552,4.357910156,0
87,1,1,0.000000000,-0.599801660,1.074249268,0.000808722,0.074249268,0.074249268,4.406433105,0
88,1,1,0.000001907,-0.599803209,1.075042725,0.000793461,0.075042725,0.075042725,4.454956055,0
89,1,1,0.000000000,-0.599806905,1.075851440,0.000808727,0.075851440,0.075851440,4.502563477,0
90,1,1,0.000001907,-0.599809408,1.076644897,0.000793463,0.076644897,0.076644897,4.551086426,0
91,1,1,0.000000000,-0.599812031,1.077438354,0.000793464,0.077438354,0.077438354,4.598693371,0
92,1,1,0.000001907,-0.599814653,1.078247070,0.000808722,0.078247070,0.078247070,4.646300793,0
93,1,1,0.000000000,-0.599817157,1.079040527,0.000793463,0.079040527,0.079040527,4.694823742,0
94,1,1,0.000001907,-0.599819660,1.079849243,0.000808722,0.079833984,0.079833984,4.742431164,0
95,1,1,-0.000001907,-0.599822283,1.080642700,0.000793471,0.080627441,0.080627441,4.790038586,0
96,1,1,0.000000000,-0.599824786,1.081436157,0.000793463,0.081420898,0.081420898,4.837646008,0
97,1,1,-0.000001907,-0.599827290,1.082214355,0.000778205,0.082199097,0.082199097,4.885253429,0
98,1,1,0.000000000,-0.599829793,1.083007813,0.000793463,0.082992554,0.082992554,4.931945324,0
99,1,1,-0.000001907,-0.599832416,1.083801270,0.000793464,0.083786011,0.083786011,4.979552746,0
100,1,1,0.000000000,-0.599834919,1.084579468,0.000778205,0.084564209,0.084564209,5.027160168,0
101,1,1,-0.000001907,-0.599837422,1.085372925,0.000793463,0.085357666,0.085357666,5.073852062,0
102,1,1,0.000000000,-0.599840045,1.086151123,0.000778205,0.086135864,0.086135864,5.121459484,0
103,1,1,-0.000001907,-0.599842429,1.086929321,0.000778204,0.086914063,0.086914063,5.168151379,0
104,1,1,0.000000000,-0.599845052,1.087722778,0.000793464,0.087707520,0.087707520,5.214843273,0
105,1,1,0.000000000,-0.599847555,1.088500977,0.000778202,0.088485718,0.088485718,5.262450695,0
106,1,1,0.000000000,-0.599850178,1.089279175,0.000778203,0.089263916,0.089263916,5.309142590,0
107,1,1,0.000000000,-0.599852681,1.090057373,0.000778202,0.090042114,0.090042114,5.355834484,0
108,1,1,0.000000000,-0.599855185,1.090820313,0.000762944,0.090805054,0.090805054,5.402526379,0
109,1,1,0.000000000,-0.599857688,1.091598511,0.000778202,0.091583252,0.091583252,5.448302746,0
110,1,1,-0.000001907,-0.599860311,1.092376709,0.000778205,0.092361450,0.092361450,5.494994640,0
111,1,1,0.000000000,-0.599862814,1.093139648,0.000762946,0.093124390,0.093124390,5.541686535,0
112,1,1,0.000000000,-0.599865317,1.093917847,0.000778202,0.093902588,0.093902588,5.587462902,0
113,1,1,0.000000000,-0.599867821,1.094665527,0.000747685,0.094665527,0.094665527,5.634154797,0
114,1,1,0.000001907,-0.599869609,1.095443726,0.000778203,0.095443726,0.095443726,5.679931164,0
115,1,1,0.000001907,-0.599872828,1.096206665,0.000762946,0.096206665,0.096206665,5.726623058,0
116,1,1,0.000000000,-0.599875450,1.096969604,0.000762946,0.096969604,0.096969604,5.772399426,0
117,1,1,0.000001907,-0.599877834,1.097732544,0.000762946,0.097732544,0.097732544,5.818175793,0
118,1,1,0.000001907,-0.599880517,1.098495483,0.000762944,0.098495483,0.098495483,5.863952160,0
119,1,1,0.000001907,-0.599882841,1.099258423,0.000762943,0.099258423,0.099258423,5.909728527,0
120,1,1,0.000001907,-0.599885464,1.100021362,0.000762944,0.100021362,0.100021362,5.955504894,0
121,1,1,0.000000000,-0.599887967,1.100784302,0.000762946,0.100784302,0.100784302,6.001281261,0
122,1,1,0.000001907,-0.599890411,1.101531982,0.000747687,0.101531982,0.101531982,6.047057629,0
123,1,1,0.000001907,-0.599892914,1.102294922,0.000762944,0.102294922,0.102294922,6.091918468,0
124,1,1,0.000000000,-0.599895418,1.103073120,0.000778205,0.103057861,0.103057861,6.137694836,0
125,1,1,0.000001907,-0.599897861,1.103820801,0.000747687,0.103805542,0.103805542,6.183471203,0
126,1,1,0.000001907,-0.599900305,1.104568481,0.000747685,0.104553223,0.104553223,6.228332043,0
127,1,1,0.000001907,-0.599902809,1.105331421,0.000762944,0.105316162,0.105316162,6.273192883,0
128,1,1,0.000001907,-0.599905312,1.106079102,0.000747685,0.106063843,0.106063843,6.318969250,0
129,1,1,0.000001907,-0.599907756,1.106826782,0.000747685,0.106811523,0.106811523,6.363830090,0
130,1,1,0.000001907,-0.599910140,1.107574463,0.000747684,0.107559204,0.107559204,6.408690929,0
131,1,1,0.000001907,-0.599912584,1.108322144,0.000747685,0.108306885,0.108306885,6.453551769,0
132,1,1,0.000001907,-0.599915087,1.109069824,0.000747685,0.109054565,0.109054565,6.498412609,0
133,1,1,0.000000000,-0.599917293,1.109802246,0.000732428,0.109786987,0.109786987,6.543273449,0
134,1,1,-0.000001907,-0.599919915,1.110549927,0.000747688,0.110534668,0.110534668,6.587218761,0
135,1,1,0.000000000,-0.599922359,1.111297607,0.000747687,0.111282349,0.111282349,6.632079601,0
136,1,1,0.000000000,-0.599924684,1.112030029,0.000732426,0.112014771,0.112014771,6.676940441,0
137,1,1,0.000000000,-0.599927127,1.112777710,0.000747685,0.112762451,0.112762451,6.720885754,0
138,1,1,0.000000000,-0.599929571,1.113510132,0.000732426,0.113494873,0.113494873,6.765746593,0
139,1,1,0.000000000,-0.599931955,1.114242554,0.000732426,0.114227295,0.114227295,6.809691906,0
140,1,1,0.000000000,-0.599934399,1.114974976,0.000732426,0.114974976,0.114974976,6.853637218,0
141,1,1,0.000000000,-0.599936783,1.115707397,0.000732426,0.115707397,0.115707397,6.898498058,0
142,1,1,0.000000000,-0.599939167,1.116439819,0.000732426,0.116439819,0.116439819,6.942443371,0
143,1,1,0.000000000,-0.599941671,1.117172241,0.000732426,0.117172241,0.117172241,6.986388683,0
144,1,1,0.000000000,-0.599943936,1.117904663,0.000732425,0.117904663,0.117904663,7.030333996,0
145,1,1,0.000000000,-0.599946320,1.118621826,0.000717167,0.118621826,0.118621826,7.074279308,0
146,1,1,0.000000000,-0.599948704,1.119354248,0.000732426,0.119354248,0.119354248,7.117309093,0
147,1,1,0.000000000,-0.599951148,1.120086670,0.000732426,0.120086670,0.120086670,7.161254406,0
148,1,1,0.000000000,-0.599953473,1.120803833,0.000717167,0.120803833,0.120803833,7.205199718,0
149,1,1,0.000000000,-0.599955916,1.121551514,0.000747685,0.121536255,0.121536255,7.248229504,0
150,1,1,0.000000000,-0.599958241,1.122268677,0.000717167,0.122253418,0.122253418,7.292174816,0
151,1,1,0.000000000,-0.599961042,1.123001099,0.000732427,0.122985840,0.122985840,7.335204601,0
152,1,1,0.000000000,-0.599962950,1.123718262,0.000717166,0.123703003,0.123703003,7.379149914,0
153,1,1,0.000000000,-0.599965334,1.124435425,0.000717167,0.124420166,0.124420166,7.422179699,0
154,1,1,0.000000000,-0.599967718,1.125152588,0.000717167,0.125137329,0.125137329,7.465209484,0
155,1,1,0.000000000,-0.599969983,1.125869751,0.000717167,0.125854492,0.125854492,7.508239269,0
156,1,1,0.000000000,-0.599972367,1.126586914,0.000717167,0.126571655,0.126571655,7.551269054,0
157,1,1,0.000000000,-0.599974632,1.127304077,0.000717167,0.127288818,0.127288818,7.594298840,0
158,1,1,0.000000000,-0.599977016,1.128021240,0.000717167,0.128005981,0.128005981,7.637328625,0
159,1,1,0.000000000,-0.599979401,1.128723145,0.000701908,0.128707886,0.128707886,7.680358410,0
160,1,1,0.000000000,-0.599981666,1.129440308,0.000717167,0.129425049,0.129425049,7.722472668,0
161,1,1,0.000000000,-0.599984050,1.130142212,0.000701908,0.130126953,0.130126953,7.765502453,0
162,1,1,0.000000000,-0.599986315,1.130844116,0.000701908,0.130844116,0.130844116,7.807616711,0
163,1,1,0.000000000,-0.599988699,1.131546021,0.000701908,0.131546021,0.131546021,7.850646496,0
164,1,1,0.000000000,-0.599990964,1.132263184,0.000717167,0.132263184,0.132263184,7.892760754,0
165,1,1,0.000000000,-0.599993348,1.132965088,0.000701908,0.132965088,0.132965088,7.935790539,0
166,1,1,0.000000000,-0.599995494,1.133666992,0.000701908,0.133666992,0.133666992,7.977904797,0
167,1,1,0.000000000,-0.599997878,1.134368896,0.000701908,0.134368896,0.134368896,8.020019531,0
168,1,1,0.000000000,-0.600000143,1.135070801,0.000701908,0.135070801,0.135070801,8.062133789,0
169,1,1,0.000000000,-0.600002527,1.135772705,0.000701908,0.135772705,0.135772705,8.104248047,0
170,1,1,0.000000000,-0.600004792,1.136474609,0.000701908,0.136474609,0.136474609,8.146362305,0
171,1,1,0.000000000,-0.600007057,1.137191772,0.000717167,0.137176514,0.137176514,8.188476563,0
172,1,1,0.000000000,-0.600009322,1.137878418,0.000686649,0.137863159,0.137863159,8.230590820,0
173,1,1,0.000000000,-0.600011587,1.138580322,0.000701908,0.138565063,0.138565063,8.271789551,0
174,1,1,0.000000000,-0.600013852,1.139282227,0.000701908,0.139266968,0.139266968,8.313903809,0
175,1,1,0.000000000,-0.600016117,1.139968872,0.000686649,0.139953613,0.139953613,8.356018066,0
176,1,1,0.000000000,-0.600018382,1.140655518,0.000686649,0.140640259,0.140640259,8.397216797,0
177,1,1,0.000000000,-0.600020647,1.141357422,0.000701908,0.141342163,0.141342163,8.438415527,0
178,1,1,0.000001907,-0.600022912,1.142044067,0.000686652,0.142028809,0.142028809,8.480529785,0
179,1,1,0.000000000,-0.600025177,1.142730713,0.000686652,0.142715454,0.142715454,8.521728516,0
180,1,1,0.000000000,-0.600027442,1.143417358,0.000686649,0.143402100,0.143402100,8.562927246,0
181,1,1,0.000000000,-0.600029707,1.144104004,0.000686649,0.144088745,0.144088745,8.604125977,0
182,1,1,0.000000000,-0.600031972,1.144775391,0.000671391,0.144775391,0.144775391,8.645324707,0
183,1,1,0.000000000,-0.600034237,1.145462036,0.000686649,0.145462036,0.145462036,8.686523438,0
184,1,1,0.000000000,-0.600036383,1.146148682,0.000686649,0.146148682,0.146148682,8.727722168,0
185,1,1,0.000000000,-0.600038648,1.146835327,0.000686649,0.146835327,0.146835327,8.768920898,0
186,1,1,0.000000000,-0.600040913,1.147506714,0.000671391,0.147506714,0.147506714,8.810119629,0
187,1,1,0.000000000,-0.600043058,1.148193359,0.000686649,0.148193359,0.148193359,8.850402832,0
188,1,1,0.000001907,-0.600045323,1.148864746,0.000671393,0.148864746,0.148864746,8.891601563,0
189,1,1,0.000001907,-0.600047588,1.149551392,0.000686649,0.149551392,0.149551392,8.931884766,0
190,1,1,0.000000000,-0.600049734,1.150238037,0.000686652,0.150222778,0.150222778,8.973083496,0
191,1,1,0.000000000,-0.600051999,1.150909424,0.000671391,0.150894165,0.150894165,9.013366699,0
192,1,1,0.000000000,-0.600054264,1.151596069,0.000686649,0.151580811,0.151580811,9.053649902,0
193,1,1,0.000000000,-0.600056410,1.152267456,0.000671390,0.152252197,0.152252197,9.094848633,0
194,1,1,0.000000000,-0.600058675,1.152938843,0.000671391,0.152923584,0.152923584,9.135131836,0
195,1,1,-0.000001907,-0.600061893,1.153610229,0.000671397,0.153594971,0.153594971,9.175414085,0
196,1,1,-0.000001907,-0.600062966,1.154281616,0.000671388,0.154266357,0.154266357,9.215697289,0
197,1,1,-0.000001907,-0.600065112,1.154937744,0.000656131,0.154922485,0.154922485,9.255980492,0
198,1,1,-0.000001907,-0.600067377,1.155609131,0.000671391,0.155593872,0.155593872,9.295348167,0
199,1,1,-0.000001907,-0.600069523,1.156280518,0.000671390,0.156265259,0.156265259,9.335631371,0
200,1,1,-0.000001907,-0.600071669,1.156936646,0.000656131,0.156921387,0.156921387,9.375914574,0
201,1,1,-0.000001907,-0.600073934,1.157592773,0.000656132,0.157592773,0.157592773,9.415282249,0
202,1,1,-0.000001907,-0.600076079,1.158248901,0.000656131,0.158248901,0.158248901,9.455565453,0
203,1,1,-0.000001907,-0.600078225,1.158920288,0.000671390,0.158920288,0.158920288,9.494933128,0
204,1,1,-0.000001907,-0.600080371,1.159576416,0.000656131,0.159576416,0.159576416,9.535216331,0
205,1,1,-0.000001907,-0.600082517,1.160232544,0.000656131,0.160232544,0.160232544,9.574584007,0
206,1,1,-0.000001907,-0.600084782,1.160903931,0.000671391,0.160903931,0.160903931,9.613951683,0
207,1,1,-0.000001907,-0.600086927,1.161560059,0.000656131,0.161560059,0.161560059,9.654234886,0
208,1,1,-0.000001907,-0.600089073,1.162231445,0.000671390,0.162216187,0.162216187,9.693602562,0
209,1,1,-0.000001907,-0.600091219,1.162887573,0.000656131,0.162872314,0.162872314,9.732970238,0
210,1,1,-0.000001907,-0.600093365,1.163543701,0.000656131,0.163528442,0.163528442,9.772337914,0
211,1,1,-0.000001907,-0.600095391,1.164184570,0.000640872,0.164169312,0.164169312,9.811705589,0
212,1,1,-0.000001907,-0.600097656,1.164840698,0.000656132,0.164825439,0.164825439,9.850157738,0
213,1,1,-0.000001907,-0.600099683,1.165496826,0.000656131,0.165481567,0.165481567,9.889525414,0
214,1,1,-0.000001907,-0.600101829,1.166137695,0.000640873,0.166122437,0.166122437,9.928893089,0
215,1,1,-0.000001907,-0.600103974,1.166793823,0.000656131,0.166778564,0.166778564,9.967345238,0
216,1,1,-0.000001907,-0.600106001,1.167434692,0.000640872,0.167419434,0.167419434,10.006712914,0
217,1,1,-0.000001907,-0.600108266,1.168090820,0.000656132,0.168075562,0.168075562,10.045165062,0
218,1,1,-0.000001907,-0.600110292,1.168716431,0.000625614,0.168716431,0.168716431,10.084532738,0
219,1,1,-0.000001907,-0.600112438,1.169357300,0.000640873,0.169357300,0.169357300,10.122984886,0
220,1,1,-0.000001907,-0.600114584,1.170013428,0.000656131,0.170013428,0.170013428,10.161437035,0
221,1,1,0.000000000,-0.600116730,1.170654297,0.000640876,0.170654297,0.170654297,10.200804710,0
222,1,1,0.000000000,-0.600118756,1.171295166,0.000640872,0.171295166,0.171295166,10.239256859,0
223,1,1,0.000000000,-0.600120902,1.171936035,0.000640873,0.171936035,0.171936035,10.277709007,0
224,1,1,0.000000000,-0.600123048,1.172576904,0.000640873,0.172576904,0.172576904,10.316161156,0
225,1,1,-0.000001907,-0.600125074,1.173217773,0.000640875,0.173202515,0.173202515,10.354613304,0
226,1,1,-0.000001907,-0.600127101,1.173858643,0.000640872,0.173843384,0.173843384,10.392149925,0
227,1,1,-0.000001907,-0.600129247,1.174499512,0.000640873,0.174484253,0.174484253,10.430602074,0
228,1,1,-0.000001907,-0.600131273,1.175140381,0.000640872,0.175125122,0.175125122,10.469054222,0
229,1,1,-0.000001907,-0.600133419,1.175765991,0.000625614,0.175750732,0.175750732,10.507506371,0
230,1,1,-0.000001907,-0.600135446,1.176406860,0.000640872,0.176391602,0.176391602,10.545042992,0
231,1,1,-0.000001907,-0.600137472,1.177032471,0.000625614,0.177017212,0.177017212,10.583495140,0
232,1,1,-0.000001907,-0.600139499,1.177658081,0.000625614,0.177642822,0.177642822,10.621031761,0
233,1,1,0.000000000,-0.600141644,1.178298950,0.000640876,0.178283691,0.178283691,10.658568382,0
234,1,1,0.000000000,-0.600143671,1.178909302,0.000610355,0.178909302,0.178909302,10.697020531,0
235,1,1,0.000000000,-0.600145698,1.179534912,0.000625614,0.179534912,0.179534912,10.734557152,0
236,1,1,-0.000001907,-0.600147843,1.180160522,0.000625617,0.180160522,0.180160522,10.772093773,0
237,1,1,-0.000001907,-0.600149870,1.180786133,0.000625614,0.180786133,0.180786133,10.809630394,0
238,1,1,-0.000001907,-0.600151896,1.181411743,0.000625614,0.181411743,0.181411743,10.847167015,0
239,1,1,-0.000001907,-0.600153923,1.182037354,0.000625614,0.182037354,0.182037354,10.884703636,0
240,1,1,-0.000001907,-0.600155950,1.182678223,0.000640872,0.182662964,0.182662964,10.922240257,0
241,1,1,0.000000000,-0.600157976,1.183288574,0.000610358,0.183273315,0.183273315,10.959776878,0
242,1,1,0.000000000,-0.600160003,1.183914185,0.000625614,0.183898926,0.183898926,10.996397972,0
243,1,1,0.000000000,-0.600162029,1.184539795,0.000625614,0.184524536,0.184524536,11.033934593,0
244,1,1,-0.000001907,-0.600164056,1.185150146,0.000610358,0.185134888,0.185134888,11.071471214,0
245,1,1,-0.000001907,-0.600166082,1.185775757,0.000625614,0.185760498,0.185760498,11.108092308,0
246,1,1,-0.000001907,-0.600168109,1.186386108,0.000610355,0.186370850,0.186370850,11.145628929,0
247,1,1,-0.000001907,-0.600170135,1.186996460,0.000610355,0.186981201,0.186981201,11.182250023,0
248,1,1,0.000000000,-0.600172162,1.187622070,0.000625617,0.187606812,0.187606812,11.218871117,0
249,1,1,0.000000000,-0.600174189,1.188217163,0.000595096,0.188217163,0.188217163,11.256407738,0
250,1,1,-0.000001907,-0.600176215,1.188827515,0.000610358,0.188827515,0.188827515,11.293028831,0
251,1,1,-0.000001907,-0.600178242,1.189437866,0.000610355,0.189437866,0.189437866,11.329649925,0
252,1,1,-0.000001907,-0.600180149,1.190048218,0.000610355,0.190048218,0.190048218,11.366271019,0
253,1,1,0.000000000,-0.600182176,1.190658569,0.000610358,0.190658569,0.190658569,11.402892113,0
254,1,1,0.000000000,-0.600184202,1.191268921,0.000610355,0.191268921,0.191268921,11.439513206,0
255,1,1,0.000000000,-0.600186229,1.191894531,0.000625614,0.191879272,0.191879272,11.476134300,0
256,1,1,-0.000001907,-0.600188136,1.192489624,0.000595099,0.192474365,0.192474365,11.512755394,0
257,1,1,-0.000001907,-0.600190043,1.193099976,0.000610355,0.193084717,0.193084717,11.548460960,0
258,1,1,0.000000000,-0.600192070,1.193710327,0.000610358,0.193695068,0.193695068,11.585082054,0
259,1,1,0.000000000,-0.600194097,1.194305420,0.000595096,0.194290161,0.194290161,11.621703148,0
260,1,1,0.000000000,-0.600196004,1.194915771,0.000610355,0.194900513,0.194900513,11.657408714,0
261,1,1,-0.000001907,-0.600198030,1.195510864,0.000595099,0.195495605,0.195495605,11.694029808,0
262,1,1,-0.000001907,-0.600199938,1.196105957,0.000595096,0.196090698,0.196090698,11.729735374,0
263,1,1,0.000000000,-0.600201964,1.196701050,0.000595099,0.196685791,0.196685791,11.765440941,0
264,1,1,0.000000000,-0.600203872,1.197296143,0.000595096,0.197296143,0.197296143,11.801146507,0
265,1,1,-0.000001907,-0.600205898,1.197891235,0.000595099,0.197891235,0.197891235,11.837767601,0
266,1,1,0.000001907,-0.600207448,1.198486328,0.000595107,0.198486328,0.198486328,11.873473167,0
267,1,1,0.000000000,-0.600209713,1.199081421,0.000595100,0.199081421,0.199081421,11.909178734,0
268,1,1,0.000000000,-0.600211740,1.199676514,0.000595096,0.199676514,0.199676514,11.944884300,0
269,1,1,0.000001907,-0.600213647,1.200271606,0.000595099,0.200271606,0.200271606,11.980589867,0
270,1,1,0.000001907,-0.600215554,1.200866699,0.000595096,0.200851440,0.200851440,12.016295433,0
271,1,1,0.000000000,-0.600217581,1.201461792,0.000595099,0.201446533,0.201446533,12.051085472,0
272,1,1,0.000000000,-0.600219369,1.202056885,0.000595095,0.202041626,0.202041626,12.086791039,0
273,1,1,0.000001907,-0.600221395,1.202651978,0.000595099,0.202636719,0.202636719,12.122496605,0
274,1,1,0.000001907,-0.600223303,1.203231812,0.000579837,0.203216553,0.203216553,12.158202171,0
275,1,1,0.000000000,-0.600225210,1.203826904,0.000595099,0.203811646,0.203811646,12.192992210,0
276,1,1,0.000000000,-0.600227118,1.204406738,0.000579837,0.204391479,0.204391479,12.228697777,0
277,1,1,0.000001907,-0.600229025,1.204971313,0.000564582,0.204971313,0.204971313,12.263487816,0
278,1,1,0.000000000,-0.600230932,1.205566406,0.000595099,0.205566406,0.205566406,12.298277855,0
279,1,1,0.000000000,-0.600232840,1.206146240,0.000579837,0.206146240,0.206146240,12.333983421,0
280,1,1,0.000001907,-0.600234866,1.206726074,0.000579841,0.206726074,0.206726074,12.368773460,0
281,1,1,0.000001907,-0.600236654,1.207305908,0.000579837,0.207305908,0.207305908,12.403563499,0
282,1,1,0.000000000,-0.600238562,1.207885742,0.000579840,0.207885742,0.207885742,12.438353539,0
283,1,1,0.000000000,-0.600240469,1.208480835,0.000595096,0.208465576,0.208465576,12.473143578,0
284,1,1,0.000001907,-0.600242376,1.209060669,0.000579840,0.209045410,0.209045410,12.507933617,0
285,1,1,0.000000000,-0.600244284,1.209640503,0.000579840,0.209625244,0.209625244,12.542723656,0
286,1,1,0.000000000,-0.600246191,1.210220337,0.000579837,0.210205078,0.210205078,12.577513695,0
287,1,1,0.000001907,-0.600247979,1.210784912,0.000564581,0.210769653,0.210769653,12.612303734,0
288,1,1,0.000001907,-0.600250006,1.211364746,0.000579838,0.211349487,0.211349487,12.646178246,0
289,1,1,0.000000000,-0.600251794,1.211944580,0.000579840,0.211929321,0.211929321,12.680968285,0
290,1,1,0.000001907,-0.600253701,1.212509155,0.000564582,0.212493896,0.212493896,12.715758324,0
291,1,1,0.000001907,-0.600255609,1.213073730,0.000564578,0.213073730,0.213073730,12.749632835,0
292,1,1,0.000000000,-0.600257397,1.213638306,0.000564581,0.213638306,0.213638306,12.784422874,0
293,1,1,0.000001907,-0.600259304,1.214202881,0.000564582,0.214202881,0.214202881,12.818297386,0
294,1,1,0.000001907,-0.600261211,1.214782715,0.000579837,0.214782715,0.214782715,12.852171898,0
295,1,1,0.000000000,-0.600263000,1.215347290,0.000564581,0.215347290,0.215347290,12.886961937,0
296,1,1,0.000001907,-0.600264907,1.215927124,0.000579840,0.215911865,0.215911865,12.920836449,0
297,1,1,0.000001907,-0.600266695,1.216491699,0.000564578,0.216476440,0.216476440,12.954710960,0
298,1,1,0.000000000,-0.600268483,1.217056274,0.000564581,0.217041016,0.217041016,12.988585472,0
299,1,1,0.000001907,-0.600270391,1.217620850,0.000564582,0.217605591,0.217605591,13.022459984,0
300,1,1,0.000001907,-0.600272298,1.218185425,0.000564578,0.218170166,0.218170166,13.056334496,0
301,1,1,0.000000000,-0.600274086,1.218750000,0.000564581,0.218734741,0.218734741,13.090209007,0
302,1,1,0.000001907,-0.600275993,1.219314575,0.000564582,0.219299316,0.219299316,13.124083519,0
303,1,1,0.000000000,-0.600277781,1.219863892,0.000549323,0.219848633,0.219848633,13.157958031,0
304,1,1,0.000000000,-0.600279570,1.220413208,0.000549319,0.220413208,0.220413208,13.190917015,0
305,1,1,0.000001907,-0.600281477,1.220977783,0.000564582,0.220977783,0.220977783,13.224791527,0
306,1,1,0.000000000,-0.600283265,1.221527100,0.000549323,0.221527100,0.221527100,13.258666039,0
307,1,1,0.000001907,-0.600285053,1.222091675,0.000564581,0.222091675,0.222091675,13.291625023,0
308,1,1,0.000001907,-0.600286961,1.222640991,0.000549320,0.222640991,0.222640991,13.325499535,0
309,1,1,0.000000000,-0.600288749,1.223220825,0.000579840,0.223205566,0.223205566,13.358458519,0
310,1,1,0.000001907,-0.600290537,1.223770142,0.000549323,0.223754883,0.223754883,13.392333031,0
311,1,1,0.000000000,-0.600292325,1.224319458,0.000549323,0.224304199,0.224304199,13.425292015,0
312,1,1,0.000001907,-0.600294113,1.224868774,0.000549323,0.224853516,0.224853516,13.458250999,0
313,1,1,0.000001907,-0.600295901,1.225418091,0.000549319,0.225402832,0.225402832,13.491209984,0
314,1,1,0.000000000,-0.600297689,1.225967407,0.000549323,0.225952148,0.225952148,13.524168968,0
315,1,1,0.000001907,-0.600299597,1.226516724,0.000549323,0.226501465,0.226501465,13.557127953,0
316,1,1,0.000000000,-0.600301266,1.227050781,0.000534064,0.227050781,0.227050781,13.590086937,0
317,1,1,0.000001907,-0.600303173,1.227600098,0.000549323,0.227600098,0.227600098,13.623045921,0
318,1,1,0.000001907,-0.600304961,1.228149414,0.000549319,0.228149414,0.228149414,13.656004906,0
319,1,1,0.000000000,-0.600306749,1.228698730,0.000549323,0.228698730,0.228698730,13.688963890,0
320,1,1,0.000001907,-0.600308537,1.229248047,0.000549323,0.229248047,0.229248047,13.721922874,0
321,1,1,0.000000000,-0.600310206,1.229797363,0.000549322,0.229782104,0.229782104,13.754881859,0
322,1,1,0.000001907,-0.600312114,1.230346680,0.000549323,0.230331421,0.230331421,13.786925316,0
323,1,1,0.000000000,-0.600313783,1.230880737,0.000534064,0.230865479,0.230865479,13.819884300,0
324,1,1,0.000001907,-0.600315690,1.231430054,0.000549323,0.231414795,0.231414795,13.851927757,0
325,1,1,0.000001907,-0.600317359,1.231964111,0.000534060,0.231948853,0.231948853,13.884886742,0
326,1,1,0.000000000,-0.600319147,1.232513428,0.000549323,0.232498169,0.232498169,13.916930199,0
327,1,1,0.000001907,-0.600320935,1.233047485,0.000534064,0.233032227,0.233032227,13.949889183,0
328,1,1,0.000000000,-0.600322723,1.233566284,0.000518805,0.233566284,0.233566284,13.981932640,0
329,1,1,0.000001907,-0.600324392,1.234100342,0.000534064,0.234100342,0.234100342,14.013976097,0
330,1,1,0.000000000,-0.600326180,1.234634399,0.000534064,0.234634399,0.234634399,14.046019554,0
331,1,1,0.000001907,-0.600327969,1.235168457,0.000534064,0.235168457,0.235168457,14.078063011,0
332,1,1,0.000000000,-0.600329638,1.235702515,0.000534064,0.235702515,0.235702515,14.110106468,0
333,1,1,0.000001907,-0.600331426,1.236251831,0.000549323,0.236236572,0.236236572,14.142149925,0
334,1,1,0.000001907,-0.600333095,1.236785889,0.000534060,0.236770630,0.236770630,14.174193382,0
335,1,1,0.000001907,-0.600334883,1.237319946,0.000534061,0.237304688,0.237304688,14.206236839,0
336,1,1,0.000001907,-0.600336671,1.237854004,0.000534061,0.237838745,0.237838745,14.238280296,0
337,1,1,0.000001907,-0.600338340,1.238372803,0.000518802,0.238357544,0.238357544,14.270323753,0
338,1,1,0.000001907,-0.600340128,1.238906860,0.000534061,0.238891602,0.238891602,14.301451683,0
339,1,1,0.000001907,-0.600341916,1.239440918,0.000534061,0.239425659,0.239425659,14.333495140,0
340,1,1,0.000001907,-0.600343466,1.239944458,0.000503542,0.239944458,0.239944458,14.365538597,0
341,1,1,0.000001907,-0.600345373,1.240478516,0.000534061,0.240478516,0.240478516,14.396666527,0
342,1,1,0.000001907,-0.600346923,1.240997314,0.000518801,0.240997314,0.240997314,14.428709984,0
343,1,1,0.000000000,-0.600348711,1.241516113,0.000518805,0.241516113,0.241516113,14.459837914,0
344,1,1,0.000000000,-0.600350380,1.242050171,0.000534060,0.242050171,0.242050171,14.490965843,0
345,1,1,0.000000000,-0.600352168,1.242584229,0.000534061,0.242568970,0.242568970,14.523009300,0
346,1,1,0.000000000,-0.600353837,1.243103027,0.000518802,0.243087769,0.243087769,14.554137230,0
347,1,1,0.000000000,-0.600355506,1.243621826,0.000518802,0.243606567,0.243606567,14.585265160,0
348,1,1,0.000000000,-0.600357175,1.244140625,0.000518802,0.244125366,0.244125366,14.616393089,0
349,1,1,0.000000000,-0.600358963,1.244659424,0.000518802,0.244644165,0.244644165,14.647521019,0
350,1,1,0.000000000,-0.600360632,1.245178223,0.000518802,0.245162964,0.245162964,14.678648949,0
351,1,1,0.000000000,-0.600362301,1.245681763,0.000503543,0.245681763,0.163376078,14.709776878,0
352,1,1,0.000000000,-0.600363970,1.246200562,0.000518802,0.246200562,0.163727030,14.740904808,0
353,1,1,0.000000000,-0.600365758,1.246719360,0.000518802,0.246719360,0.164077982,14.772032738,0
354,1,1,-0.000001907,-0.600367427,1.247238159,0.000518805,0.247238159,0.164413676,14.803160667,0
355,1,1,0.000000000,-0.600369096,1.247741699,0.000503546,0.247741699,0.164749369,14.834288597,0
356,1,1,-0.000001907,-0.600630641,1.327621460,0.079880185,0.248260498,0.165085062,14.864500999,1
357,1,1,-0.000001907,-0.600905418,1.411560059,0.083939046,0.248779297,0.165451273,14.895628929,1
358,1,1,-0.000003815,-0.601180673,1.495635986,0.084076382,0.249282837,0.165771708,14.926756859,1
359,1,1,-0.000003815,-0.600364625,1.579879761,0.084247723,0.249786377,0.166107401,14.956969261,1
360,1,1,-0.000003815,-0.600634634,1.662353516,0.082474194,0.250305176,0.166458353,14.987181664,1
361,1,1,-0.000005722,-0.600911558,1.746948242,0.084595181,0.250808716,0.166778788,15.018309593,1
362,1,1,-0.000005722,-0.601189137,1.831710815,0.084763028,0.251327515,0.167144999,15.048521996,1
363,1,1,-0.000007629,-0.600370705,1.916656494,0.084949620,0.251831055,0.167465433,15.079649925,1
364,1,1,-0.000007629,-0.600649297,2.001754761,0.085098721,0.252334595,0.167801127,15.109862328,1
365,1,1,-0.000009537,-0.600928545,2.087020874,0.085266568,0.252838135,0.168136820,15.140074730,1
366,1,1,-0.000009537,-0.601208210,2.172454834,0.085434414,0.253341675,0.168472514,15.170287132,1
367,1,1,-0.000011444,-0.600378036,2.258071899,0.085621089,0.253845215,0.168808222,15.200499535,1
368,1,1,-0.000013351,-0.600658894,2.343856812,0.085785374,0.254348755,0.169143900,15.230711937,1
369,1,1,-0.000013351,-0.600933790,2.427825928,0.083969563,0.254852295,0.169479594,15.260924339,1
370,1,1,-0.000015259,-0.601215839,2.513946533,0.086121067,0.255355835,0.169815287,15.291136742,1
371,1,1,-0.000015259,-0.600384116,2.600234985,0.086292461,0.255859375,0.170150980,15.321349144,1
372,1,1,-0.000017166,-0.600667119,2.686676025,0.086441502,0.256347656,0.170471415,15.351561546,1
373,1,1,-0.000017166,-0.600947499,2.772293091,0.085617527,0.256851196,0.170807123,15.380858421,1
374,1,1,-0.000017166,-0.601231575,2.859085083,0.086792454,0.257354736,0.171142817,15.411070824,1
375,1,1,-0.000019073,-0.600390673,2.946029663,0.086948648,0.257843018,0.171463251,15.441283226,1
376,1,1,-0.000019073,-0.600675821,3.033157349,0.087128155,0.258346558,0.171798944,15.470580101,1
377,1,1,-0.000020981,-0.600958347,3.119430542,0.086273655,0.258834839,0.172119379,15.500792503,1
378,1,1,-0.000020981,-0.601244688,3.206893921,0.087463848,0.259338379,0.172470331,15.530089378,1
379,1,1,-0.000020981,-0.600397229,3.294525146,0.087635323,0.259826660,0.172775507,15.560301781,1
380,1,1,-0.000022888,-0.600684583,3.382293701,0.087769024,0.260314941,0.173111200,15.589598656,1
381,1,1,-0.000022888,-0.600969195,3.469223022,0.086929783,0.260818481,0.173446894,15.618895531,1
382,1,1,-0.000022888,-0.601257682,3.557327271,0.088104717,0.261306763,0.173782587,15.649107933,1
383,1,1,-0.000026703,-0.600403666,3.645599365,0.088276222,0.261795044,0.174087763,15.678404808,1
384,1,1,-0.000026703,-0.600693226,3.734024048,0.088425152,0.262283325,0.174423456,15.707701683,1
385,1,1,-0.000028610,-0.600980043,3.821594238,0.087570660,0.262771606,0.174743891,15.736998558,1
386,1,1,-0.000028610,-0.601270556,3.910354614,0.088760853,0.263259888,0.175064325,15.766295433,1
387,1,1,-0.000028610,-0.600410104,3.999282837,0.088932388,0.263748169,0.175400019,15.795592308,1
388,1,1,-0.000030518,-0.600701809,4.088378906,0.089096546,0.264236450,0.175720453,15.824889183,1
389,1,1,-0.000030518,-0.600990653,4.176620483,0.088242047,0.264724731,0.176040888,15.854186058,1
390,1,1,-0.000030518,-0.601283312,4.266021729,0.089401722,0.265197754,0.176346064,15.883482933,1
391,0,1,-0.000032425,-0.616157174,4.355560303,0.090765566,0.265686035,0.176697016,15.911864281,0
392,0,1,-0.000032425,-0.663845062,4.445144653,0.101486407,0.266174316,0.177002192,15.941161156,0
393,0,0,-0.000032425,-0.672472239,4.535003662,0.090272196,0.266647339,0.177322641,10.620130539,0
394,0,0,-0.000034332,-0.684402347,4.802108765,0.267371386,0.267135620,0.177643061,0.000000000,0
395,0,0,-0.000034332,-0.699056149,5.069656372,0.267948598,0.267608643,0.177963495,0.000000000,0
396,0,0,-0.000034332,-0.716433823,5.337692261,0.268598616,0.268096924,0.178283930,0.000000000,0
397,0,0,-0.000036240,-0.736535311,5.606201172,0.269260287,0.268569946,0.178604364,0.000000000,0
398,0,0,-0.000036240,-0.759360492,5.875183105,0.269948632,0.269058228,0.178924799,0.000000000,0
399,0,0,-0.000036240,-0.784909487,6.144638062,0.270663500,0.269531250,0.179229975,0.000000000,0
400,0,0,-0.000038147,-0.813182235,6.414550781,0.271389455,0.270004272,0.179565683,0.000000000,0
401,0,0,-0.000038147,-0.844178677,6.684936523,0.272156626,0.270477295,0.179855600,0.000000000,0
402,0,0,-0.000038147,-0.877898932,6.955780029,0.272934526,0.270950317,0.180191293,0.000000000,0
403,0,0,-0.000040054,-0.914342999,7.227096558,0.273753226,0.271438599,0.180511713,0.000000000,0
404,0,0,-0.000040054,-0.953510880,7.498886108,0.274597287,0.271911621,0.180816889,0.000000000,0
405,0,0,-0.000040054,-0.995402396,7.771118164,0.275436372,0.272384644,0.181137338,0.000000000,0
406,0,1,-0.000041962,-1.003127337,8.043930054,0.272921234,0.272842407,0.181442514,0.000000000,0
407,0,1,-0.000041962,-1.004022121,8.317245483,0.273316890,0.273315430,0.181747675,0.000000000,0
408,0,1,-0.000041962,-1.004918575,8.591033936,0.273789942,0.273788452,0.182083383,0.000000000,0
409,0,1,-0.000041962,-1.005816460,8.865295410,0.274262935,0.274261475,0.182373285,0.000000000,0
410,0,1,-0.000043869,-1.006715894,9.140029907,0.274735987,0.274734497,0.182708979,0.000000000,0
411,0,1,-0.000043869,-1.007616878,9.415222168,0.275193721,0.275192261,0.182998896,0.000000000,0
412,0,1,-0.000043869,-1.008519411,9.690887451,0.275666744,0.275665283,0.183319345,0.000000000,0
413,0,1,-0.000045776,-1.009423494,9.967025757,0.276139796,0.276138306,0.183639780,0.000000000,0
414,0,1,-0.000045776,-1.010329127,10.243621826,0.276597559,0.276596069,0.183929697,0.000000000,0
415,0,1,-0.000045776,-1.011236191,10.520675659,0.277055323,0.277069092,0.184250131,0.000000000,0
416,0,1,-0.000045776,-1.012144804,10.798202515,0.277528346,0.277526855,0.184555307,0.000000000,0
417,0,1,-0.000047684,-1.013055086,11.076187134,0.277986109,0.277984619,0.184860483,0.000000000,0
418,0,1,-0.000047684,-1.013966680,11.354644775,0.278459132,0.278457642,0.185180917,0.000000000,0
419,0,1,-0.000047684,-1.014879942,11.633560181,0.278916895,0.278915405,0.185486093,0.000000000,0
420,0,1,-0.000047684,-1.015794516,11.912933350,0.279374659,0.279373169,0.185776010,0.000000000,0
421,0,1,-0.000049591,-1.016710758,12.192764282,0.279832423,0.279830933,0.186096445,0.000000000,0
422,0,1,-0.000049591,-1.017628431,12.473052979,0.280290186,0.280288696,0.186386362,0.000000000,0
423,0,1,-0.000049591,-1.018547535,12.753799438,0.280747950,0.280746460,0.186706796,0.000000000,0
424,0,1,-0.000051498,-1.019468188,13.035003662,0.281205744,0.281204224,0.186996713,0.000000000,0
425,0,1,-0.000051498,-1.020380735,13.316650391,0.281648219,0.281661987,0.187301889,0.000000000,0
426,0,1,-0.000051498,-1.021304131,13.598770142,0.282121271,0.282119751,0.187607065,0.000000000,0
427,0,1,-0.000051498,-1.022229195,13.881347656,0.282579035,0.282577515,0.187912256,0.000000000,0
428,0,1,-0.000053406,-1.023155689,14.164382935,0.283036798,0.283035278,0.188232675,0.000000000,0
429,0,1,-0.000053406,-1.024083614,14.447875977,0.283494562,0.283493042,0.188522607,0.000000000,0
430,0,1,-0.000053406,-1.025012970,14.731826782,0.283952326,0.283950806,0.188827768,0.000000000,0
431,0,1,-0.000053406,-1.025943995,15.016220093,0.284394830,0.284393311,0.189117685,0.000000000,0
432,0,1,-0.000055313,-1.026876450,15.301071167,0.284852594,0.284851074,0.189422861,0.000000000,0
433,0,1,-0.000055313,-1.027810216,15.586364746,0.285295099,0.285293579,0.189728037,0.000000000,0
434,0,1,-0.000055313,-1.028745651,15.872116089,0.285752863,0.285751343,0.190017954,0.000000000,0
435,0,1,-0.000055313,-1.029682398,16.158294678,0.286180109,0.286193848,0.190323129,0.000000000,0
436,0,1,-0.000055313,-1.030620575,16.444946289,0.286653131,0.286651611,0.190628320,0.000000000,0
437,0,1,-0.000057220,-1.031560421,16.732040405,0.287095666,0.287094116,0.190918237,0.000000000,0
438,0,1,-0.000057220,-1.032501578,17.019577026,0.287538171,0.287536621,0.191208154,0.000000000,0
439,0,1,-0.000057220,-1.033444285,17.307571411,0.287995934,0.287994385,0.191528589,0.000000000,0
440,0,1,-0.000057220,-1.034388423,17.596008301,0.288438439,0.288436890,0.191803232,0.000000000,0
441,0,1,-0.000059128,-1.035333991,17.884887695,0.288880944,0.288879395,0.192108408,0.000000000,0
442,0,1,-0.000059128,-1.036281109,18.174209595,0.289323449,0.289321899,0.192398340,0.000000000,0
443,0,1,-0.000059128,-1.037229538,18.463973999,0.289765954,0.289764404,0.192703515,0.000000000,0
444,0,1,-0.000059128,-1.038179398,18.754165649,0.290193200,0.290206909,0.192978159,0.000000000,0
445,0,1,-0.000059128,-1.039130926,19.044815063,0.290650964,0.290649414,0.193283349,0.000000000,0
446,0,1,-0.000061035,-1.040083647,19.335906982,0.291093469,0.291091919,0.193588510,0.000000000,0
447,0,1,-0.000061035,-1.041038036,19.627441406,0.291535974,0.291534424,0.193863168,0.000000000,0
448,0,1,-0.000061035,-1.041993618,19.919418335,0.291978508,0.291976929,0.194168359,0.000000000,0
449,0,1,-0.000061035,-1.042950869,20.211837769,0.292420983,0.292419434,0.194458276,0.000000000,0
450,0,1,-0.000061035,-1.043909550,20.504699707,0.292863518,0.292861938,0.194763452,0.000000000,0
451,0,1,-0.000061035,-1.044869423,20.797988892,0.293290764,0.293289185,0.195038110,0.000000000,0
452,0,1,-0.000062943,-1.045830965,21.091720581,0.293733269,0.293731689,0.195328027,0.000000000,0
453,0,1,-0.000062943,-1.046793938,21.385879517,0.294160515,0.294158936,0.195617944,0.000000000,0
454,0,1,-0.000062943,-1.047758102,21.680465698,0.294587761,0.294601440,0.195907861,0.000000000,0
455,0,1,-0.000062943,-1.048723936,21.975509644,0.295045525,0.295043945,0.196213037,0.000000000,0
456,0,1,-0.000062943,-1.049691081,22.270980835,0.295472771,0.295471191,0.196487695,0.000000000,0
457,0,1,-0.000062943,-1.050659657,22.566879272,0.295900017,0.295898438,0.196777612,0.000000000,0
458,0,1,-0.000064850,-1.051629663,22.863220215,0.296342522,0.296340942,0.197067529,0.000000000,0
459,0,1,-0.000064850,-1.052601099,23.159988403,0.296769798,0.296768188,0.197342187,0.000000000,0
460,0,1,-0.000064850,-1.053573847,23.457183838,0.297197044,0.297195435,0.197647363,0.000000000,0
461,0,1,-0.000064850,-1.054548144,23.754821777,0.297639519,0.297637939,0.197922036,0.000000000,0
462,0,1,-0.000064850,-1.055523872,24.052886963,0.298066795,0.298065186,0.198211938,0.000000000,0
463,0,1,-0.000064850,-1.056500912,24.351364136,0.298478782,0.298492432,0.198501855,0.000000000,0
464,0,1,-0.000064850,-1.057479382,24.650283813,0.298921287,0.298919678,0.198791772,0.000000000,0
465,0,1,-0.000066757,-1.058459163,24.949630737,0.299348533,0.299346924,0.199066430,0.000000000,0
466,0,1,-0.000066757,-1.059440374,25.249404907,0.299775779,0.299774170,0.199341089,0.000000000,0
467,0,1,-0.000066757,-1.060423136,25.549606323,0.300203025,0.300201416,0.199646264,0.000000000,0
468,0,1,-0.000066757,-1.061407089,25.850234985,0.300630271,0.300628662,0.199905664,0.000000000,0
469,0,1,-0.000066757,-1.062392473,26.151290894,0.301057518,0.301055908,0.200210840,0.000000000,0
470,0,1,-0.000066757,-1.063379288,26.452758789,0.301469505,0.301467896,0.200485498,0.000000000,0
471,0,1,-0.000066757,-1.064367533,26.754653931,0.301896751,0.301895142,0.200760156,0.000000000,0
472,0,1,-0.000068665,-1.065357208,27.056976318,0.302323997,0.302322388,0.201050088,0.000000000,0
473,0,1,-0.000068665,-1.066348076,27.359710693,0.302736014,0.302749634,0.201324731,0.000000000,0
474,0,1,-0.000068665,-1.067340374,27.662872314,0.303163230,0.303161621,0.201599404,0.000000000,0
475,0,1,-0.000068665,-1.068334103,27.966461182,0.303590506,0.303588867,0.201889321,0.000000000,0
476,0,1,-0.000068665,-1.069329262,28.270462036,0.304002494,0.304000854,0.202163979,0.000000000,0
477,0,1,-0.000068665,-1.070325613,28.574874878,0.304414481,0.304412842,0.202438638,0.000000000,0
478,0,1,-0.000068665,-1.071323633,28.879714966,0.304841727,0.304840088,0.202713296,0.000000000,0
479,0,1,-0.000068665,-1.072322845,29.184967041,0.305253714,0.305259705,0.203003198,0.000000000,0
480,0,1,-0.000068665,-1.073323250,29.490646362,0.305680960,0.305679321,0.203277856,0.000000000,0
481,0,1,-0.000068665,-1.074325323,29.796737671,0.306092948,0.306091309,0.203552514,0.000000000,0
482,0,1,-0.000070572,-1.075328588,30.103248596,0.306512564,0.306510925,0.203827173,0.000000000,0
483,0,1,-0.000070572,-1.076333284,30.410171509,0.306924552,0.306922913,0.204101831,0.000000000,0
484,0,1,-0.000070572,-1.077339172,30.717506409,0.307336539,0.307342529,0.204391763,0.000000000,0
485,0,1,-0.000070572,-1.078346610,31.025260925,0.307756156,0.307754517,0.204651162,0.000000000,0
486,0,1,-0.000070572,-1.079355240,31.333427429,0.308168143,0.308166504,0.204941079,0.000000000,0
487,0,1,-0.000070572,-1.080365419,31.642005920,0.308580130,0.308578491,0.205200478,0.000000000,0
488,0,1,-0.000070572,-1.081376791,31.950996399,0.308992118,0.308990479,0.205475137,0.000000000,0
489,0,1,-0.000070572,-1.082389593,32.260391235,0.309396505,0.309402466,0.205765054,0.000000000,0
490,0,1,-0.000070572,-1.083403587,32.570205688,0.309816122,0.309814453,0.206024453,0.000000000,0
491,0,1,-0.000070572,-1.084419131,32.880424500,0.310220450,0.310218811,0.206299111,0.000000000,0
492,0,1,-0.000070572,-1.085435867,33.191055298,0.310632467,0.310630798,0.206573769,0.000000000,0
493,0,1,-0.000070572,-1.086453915,33.502082825,0.311029196,0.311035156,0.206833169,0.000000000,0
494,0,1,-0.000072479,-1.087473392,33.813529968,0.311448812,0.311447144,0.207123086,0.000000000,0
495,0,1,-0.000072479,-1.088494301,34.125381470,0.311853170,0.311851501,0.207382485,0.000000000,0
496,0,1,-0.000072479,-1.089516401,34.437637329,0.312257528,0.312255859,0.207641885,0.000000000,0
497,0,1,-0.000072479,-1.090539694,34.750289917,0.312654257,0.312660217,0.207931817,0.000000000,0
498,0,1,-0.000072479,-1.091564655,35.063362122,0.313073874,0.313072205,0.208191201,0.000000000,0
499,0,1,-0.000072479,-1.092590570,35.376831055,0.313470602,0.313468933,0.208465859,0.000000000,0
500,0,1,-0.000072479,-1.093618155,35.690704346,0.313874990,0.313873291,0.208725259,0.000000000,0
501,0,1,-0.000072479,-1.094646931,36.004981995,0.314279318,0.314277649,0.208999917,0.000000000,0
502,0,1,-0.000072479,-1.095676899,36.319656372,0.314676076,0.314682007,0.209259316,0.000000000,0
503,0,1,-0.000072479,-1.096708298,36.634742737,0.315088063,0.315086365,0.209533975,0.000000000,0
504,0,1,-0.000072479,-1.097740889,36.950225830,0.315484792,0.315483093,0.209793374,0.000000000,0
505,0,1,-0.000072479,-1.098774910,37.266105652,0.315881521,0.315879822,0.210068032,0.000000000,0
506,0,1,-0.000072479,-1.099810123,37.582382202,0.316278249,0.316284180,0.210327432,0.000000000,0
507,0,1,-0.000072479,-1.100882649,37.899063110,0.316682726,0.316680908,0.210586861,0.000000000,0
508,0,1,-0.000072479,-1.101920843,38.216140747,0.317079335,0.317077637,0.210861489,0.000000000,0
509,0,1,-0.000072479,-1.102960348,38.533615112,0.317476064,0.317474365,0.211120903,0.000000000,0
510,0,1,-0.000072479,-1.104001045,38.851486206,0.317872792,0.317871094,0.211380303,0.000000000,0
511,0,1,-0.000072479,-1.105043173,39.169746399,0.318261892,0.318267822,0.211654946,0.000000000,0
512,0,1,-0.000072479,-1.106086493,39.488410950,0.318666250,0.318664551,0.211914346,0.000000000,0
513,0,1,-0.000072479,-1.107131243,39.807472229,0.319062978,0.319061279,0.212173745,0.000000000,0
514,0,1,-0.000072479,-1.108177185,40.126930237,0.319459736,0.319458008,0.212448418,0.000000000,0
515,0,1,-0.000072479,-1.109224558,40.446769714,0.319841176,0.319847107,0.212692559,0.000000000,0
516,0,1,-0.000072479,-1.110273004,40.767013550,0.320245564,0.320243835,0.212967217,0.000000000,0
517,0,1,-0.000072479,-1.111322880,41.087646484,0.320634663,0.320632935,0.213226601,0.000000000,0
518,0,1,-0.000072479,-1.112373948,41.408668518,0.321023762,0.321022034,0.213486001,0.000000000,0
519,0,1,-0.000072479,-1.113426447,41.730079651,0.321412861,0.321418762,0.213745400,0.000000000,0
520,0,1,-0.000072479,-1.114480019,42.051887512,0.321809590,0.321807861,0.213989541,0.000000000,0
521,0,1,-0.000072479,-1.115535021,42.374084473,0.322198689,0.322196960,0.214264214,0.000000000,0
522,0,1,-0.000072479,-1.116591215,42.696670532,0.322587788,0.322586060,0.214523613,0.000000000,0
523,0,1,-0.000072479,-1.117648721,43.019645691,0.322976887,0.322975159,0.214783013,0.000000000,0
524,0,1,-0.000072479,-1.118707418,43.342994690,0.323350728,0.323356628,0.215027153,0.000000000,0
525,0,1,-0.000072479,-1.119767547,43.666740417,0.323747456,0.323745728,0.215301812,0.000000000,0
526,0,1,-0.000072479,-1.120828748,43.990875244,0.324136555,0.324134827,0.215545952,0.000000000,0
527,0,1,-0.000072479,-1.121891260,44.315391541,0.324518055,0.324516296,0.215805352,0.000000000,0
528,0,1,-0.000072479,-1.122955084,44.640289307,0.324899524,0.324905396,0.216064751,0.000000000,0
529,0,1,-0.000072479,-1.124020219,44.965576172,0.325288594,0.325286865,0.216308892,0.000000000,0
530,0,1,-0.000072479,-1.125086546,45.291252136,0.325677723,0.325675964,0.216583535,0.000000000,0
531,0,1,-0.000072479,-1.126154184,45.617309570,0.326059192,0.326057434,0.216827676,0.000000000,0
532,0,1,-0.000072479,-1.127223015,45.943740845,0.326433033,0.326438904,0.217087090,0.000000000,0
533,0,1,-0.000072479,-1.128293037,46.270561218,0.326822132,0.326820374,0.217331231,0.000000000,0
534,0,1,-0.000072479,-1.129364371,46.597763062,0.327203602,0.327201843,0.217590630,0.000000000,0
535,0,1,-0.000072479,-1.130437016,46.925346375,0.327585071,0.327583313,0.217850029,0.000000000,0
536,0,1,-0.000072479,-1.131510854,47.253311157,0.327966541,0.327964783,0.218094170,0.000000000,0
537,0,1,-0.000072479,-1.132585883,47.581642151,0.328332752,0.328338623,0.218345940,0.000000000,0
538,0,1,-0.000072479,-1.133662224,47.910362244,0.328721851,0.328720093,0.218605340,0.000000000,0
539,0,1,-0.000072479,-1.134739757,48.239463806,0.329103321,0.329101563,0.218849480,0.000000000,0
540,0,1,-0.000072479,-1.135818481,48.568939209,0.329477161,0.329475403,0.219101250,0.000000000,0
541,0,1,-0.000072479,-1.136898518,48.898780823,0.329843402,0.329849243,0.219353020,0.000000000,0
542,0,1,-0.000072479,-1.137979746,49.229011536,0.330232471,0.330230713,0.219604790,0.000000000,0
543,0,1,-0.000072479,-1.139062285,49.559616089,0.330606312,0.330604553,0.219856560,0.000000000,0
544,0,1,-0.000070572,-1.140146017,49.890594482,0.330980182,0.330978394,0.220100701,0.000000000,0
545,0,1,-0.000070572,-1.141230941,50.221939087,0.331346363,0.331352234,0.220352471,0.000000000,0
546,0,1,-0.000070572,-1.142317057,50.553665161,0.331727833,0.331726074,0.220596611,0.000000000,0
547,0,1,-0.000070572,-1.143404484,50.885765076,0.332101703,0.332099915,0.220848396,0.000000000,0
548,0,1,-0.000070572,-1.144493103,51.218238831,0.332475543,0.332473755,0.221092537,0.000000000,0
549,0,1,-0.000070572,-1.145582914,51.551078796,0.332841754,0.332847595,0.221344292,0.000000000,0
550,0,1,-0.000070572,-1.146673918,51.884292603,0.333215594,0.333213806,0.221588433,0.000000000,0
551,0,1,-0.000070572,-1.147766113,52.217880249,0.333589435,0.333587646,0.221840203,0.000000000,0
552,0,1,-0.000070572,-1.148859501,52.551834106,0.333955646,0.333953857,0.222084343,0.000000000,0
553,0,1,-0.000070572,-1.149954319,52.886154175,0.334321856,0.334327698,0.222328484,0.000000000,0
554,0,1,-0.000070572,-1.151050091,53.220848083,0.334695697,0.334693909,0.222572625,0.000000000,0
555,0,1,-0.000070572,-1.152147174,53.555908203,0.335061908,0.335060120,0.222816765,0.000000000,0
556,0,1,-0.000070572,-1.153245449,53.891334534,0.335428119,0.335426331,0.223060906,0.000000000,0
557,0,1,-0.000070572,-1.154344916,54.227119446,0.335786700,0.335792542,0.223305047,0.000000000,0
558,0,1,-0.000068665,-1.155445576,54.563278198,0.336160570,0.336158752,0.223549187,0.000000000,0
559,0,1,-0.000068665,-1.156547427,54.899803162,0.336526752,0.336524963,0.223785713,0.000000000,0
560,0,1,-0.000068665,-1.157650471,55.236694336,0.336892962,0.336891174,0.224037483,0.000000000,0
561,0,1,-0.000068665,-1.158754826,55.573951721,0.337259203,0.337257385,0.224281624,0.000000000,0
562,0,1,-0.000068665,-1.159860253,55.911567688,0.337617785,0.337623596,0.224518120,0.000000000,0
563,0,1,-0.000068665,-1.160966873,56.249549866,0.337983996,0.337982178,0.224762261,0.000000000,0
564,0,1,-0.000068665,-1.162074685,56.587898254,0.338350207,0.338348389,0.225006402,0.000000000,0
565,0,1,-0.000068665,-1.163183689,56.926605225,0.338708788,0.338706970,0.225235283,0.000000000,0
566,0,1,-0.000068665,-1.164294004,57.265670776,0.339067370,0.339073181,0.225487068,0.000000000,0
567,0,1,-0.000068665,-1.165405273,57.605102539,0.339433581,0.339431763,0.225723565,0.000000000,0
568,0,1,-0.000066757,-1.166517973,57.944892883,0.339792162,0.339790344,0.225960091,0.000000000,0
569,0,1,-0.000066757,-1.167631626,58.285041809,0.340150744,0.340148926,0.226204231,0.000000000,0
570,0,1,-0.000066757,-1.168746591,58.625541687,0.340501696,0.340507507,0.226433113,0.000000000,0
571,0,1,-0.000066757,-1.169862628,58.966407776,0.340867907,0.340866089,0.226684883,0.000000000,0
572,0,1,-0.000066757,-1.170979857,59.307632446,0.341226518,0.341224670,0.226913765,0.000000000,0
573,0,1,-0.000066757,-1.172098398,59.649215698,0.341585070,0.341583252,0.227157906,0.000000000,0
574,0,1,-0.000066757,-1.173217893,59.991149902,0.341936052,0.341941833,0.227394417,0.000000000,0
575,0,1,-0.000066757,-1.174338698,60.333442688,0.342294633,0.342292786,0.227623299,0.000000000,0
576,0,1,-0.000064850,-1.175460577,60.676094055,0.342653215,0.342651367,0.227859810,0.000000000,0
577,0,1,-0.000064850,-1.176583767,61.019104004,0.343011796,0.343009949,0.228103951,0.000000000,0
578,0,1,-0.000064850,-1.177707911,61.362457275,0.343355119,0.343360901,0.228340462,0.000000000,0
579,0,1,-0.000064850,-1.178833365,61.706169128,0.343713701,0.343711853,0.228569344,0.000000000,0
580,0,1,-0.000064850,-1.179959893,62.050239563,0.344072282,0.344070435,0.228805855,0.000000000,0
581,0,1,-0.000064850,-1.181087613,62.394660950,0.344423234,0.344421387,0.229042366,0.000000000,0
582,0,1,-0.000064850,-1.182216525,62.739425659,0.344766557,0.344772339,0.229271248,0.000000000,0
583,0,1,-0.000062943,-1.183346510,63.084548950,0.345125139,0.345123291,0.229515389,0.000000000,0
584,0,1,-0.000062943,-1.184477687,63.430023193,0.345476091,0.345474243,0.229736641,0.000000000,0
585,0,1,-0.000062943,-1.185610056,63.775848389,0.345827043,0.345825195,0.229973152,0.000000000,0
586,0,1,-0.000062943,-1.186743498,64.122016907,0.346170366,0.346176147,0.230209664,0.000000000,0
587,0,1,-0.000062943,-1.187878132,64.468536377,0.346521318,0.346519470,0.230438545,0.000000000,0
588,0,1,-0.000062943,-1.189013839,64.815406799,0.346872270,0.346870422,0.230667427,0.000000000,0
589,0,1,-0.000062943,-1.190150738,65.162628174,0.347223222,0.347221375,0.230903938,0.000000000,0
590,0,1,-0.000061035,-1.191288710,65.510185242,0.347558916,0.347564697,0.231132820,0.000000000,0
591,0,1,-0.000061035,-1.192427874,65.858100891,0.347917527,0.347915649,0.231369331,0.000000000,0
592,0,1,-0.000061035,-1.193568110,66.206359863,0.348260850,0.348258972,0.231590584,0.000000000,0
593,0,1,-0.000061035,-1.194709539,66.554962158,0.348604172,0.348602295,0.231819466,0.000000000,0
594,0,1,-0.000061035,-1.195852041,66.903900146,0.348939866,0.348945618,0.232048348,0.000000000,0
595,0,1,-0.000061035,-1.196995735,67.253196716,0.349298447,0.349296570,0.232284859,0.000000000,0
596,0,1,-0.000059128,-1.198140502,67.602836609,0.349641770,0.349639893,0.232513741,0.000000000,0
597,0,1,-0.000059128,-1.199286461,67.952819824,0.349985093,0.349983215,0.232742637,0.000000000,0
598,0,1,-0.000059128,-1.200433493,68.303138733,0.350320786,0.350326538,0.232963890,0.000000000,0
599,0,1,-0.000059128,-1.201581717,68.653800964,0.350664109,0.350662231,0.233192757,0.000000000,0
600,0,1,-0.000059128,-1.202730894,69.004806519,0.351007432,0.351005554,0.233421639,0.000000000,0
601,0,1,-0.000059128,-1.203881383,69.356155396,0.351350754,0.351348877,0.233650520,0.000000000,0
602,0,1,-0.000057220,-1.205032825,69.707832336,0.351678818,0.351684570,0.233871773,0.000000000,0
603,0,1,-0.000057220,-1.206185460,70.059860229,0.352029771,0.352027893,0.234100655,0.000000000,0
604,0,1,-0.000057220,-1.207339168,70.412223816,0.352365464,0.352363586,0.234321907,0.000000000,0
605,0,1,-0.000057220,-1.208494067,70.764930725,0.352708817,0.352706909,0.234550789,0.000000000,0
606,0,1,-0.000057220,-1.209650040,71.117965698,0.353036851,0.353042603,0.234772041,0.000000000,0
607,0,1,-0.000055313,-1.210807085,71.471343994,0.353380203,0.353378296,0.235000923,0.000000000,0
608,0,1,-0.000055313,-1.211965203,71.825065613,0.353723526,0.353721619,0.235222191,0.000000000,0
609,0,1,-0.000055313,-1.213124514,72.179122925,0.354059219,0.354057312,0.235451058,0.000000000,0
610,0,1,-0.000055313,-1.214284897,72.533508301,0.354387283,0.354393005,0.235672325,0.000000000,0
611,0,1,-0.000055313,-1.215446353,72.888237000,0.354730606,0.354728699,0.235893577,0.000000000,0
612,0,1,-0.000053406,-1.216608882,73.243293762,0.355058670,0.355056763,0.236114830,0.000000000,0
613,0,1,-0.000053406,-1.217772484,73.598686218,0.355394363,0.355392456,0.236336082,0.000000000,0
614,0,1,-0.000053406,-1.218937278,73.954406738,0.355722427,0.355728149,0.236564964,0.000000000,0
615,0,1,-0.000053406,-1.220103025,74.310470581,0.356065750,0.356063843,0.236786216,0.000000000,0
616,0,1,-0.000051498,-1.221269965,74.666862488,0.356393814,0.356391907,0.236999840,0.000000000,0
617,0,1,-0.000051498,-1.222437978,75.023590088,0.356729507,0.356727600,0.237228721,0.000000000,0
618,0,1,-0.000051498,-1.223607063,75.380638123,0.357049942,0.357055664,0.237442344,0.000000000,0
619,0,1,-0.000051498,-1.224777222,75.738029480,0.357393265,0.357391357,0.237663597,0.000000000,0
620,0,1,-0.000051498,-1.225948572,76.095748901,0.357721329,0.357719421,0.237884834,0.000000000,0
621,0,1,-0.000049591,-1.227120876,76.453796387,0.358049393,0.358047485,0.238106087,0.000000000,0
622,0,1,-0.000049591,-1.228294253,76.812164307,0.358369827,0.358375549,0.238319710,0.000000000,0
623,0,1,-0.000049591,-1.229468822,77.170867920,0.358705550,0.358703613,0.238540977,0.000000000,0
624,0,1,-0.000049591,-1.230644345,77.529899597,0.359033614,0.359031677,0.238754600,0.000000000,0
625,0,1,-0.000047684,-1.231820941,77.889251709,0.359354049,0.359359741,0.238975853,0.000000000,0
626,0,1,-0.000047684,-1.232998610,78.248939514,0.359689742,0.359687805,0.239197105,0.000000000,0
627,0,1,-0.000047684,-1.234177470,78.608955383,0.360017806,0.360015869,0.239410728,0.000000000,0
628,0,1,-0.000047684,-1.235357285,78.969299316,0.360345870,0.360343933,0.239631981,0.000000000,0
629,0,1,-0.000047684,-1.236538172,79.329956055,0.360658675,0.360664368,0.239845604,0.000000000,0
630,0,1,-0.000045776,-1.237720251,79.690948486,0.360994369,0.360992432,0.240059227,0.000000000,0
631,0,1,-0.000045776,-1.238903284,80.052261353,0.361314803,0.361312866,0.240272850,0.000000000,0
632,0,1,-0.000045776,-1.240087271,80.413902283,0.361642867,0.361640930,0.240494102,0.000000000,0
633,0,1,-0.000045776,-1.241272449,80.775856018,0.361955673,0.361961365,0.240707725,0.000000000,0
634,0,1,-0.000043869,-1.242458701,81.138137817,0.362283736,0.362281799,0.240921348,0.000000000,0
635,0,1,-0.000043869,-1.243646026,81.500747681,0.362611800,0.362609863,0.241134971,0.000000000,0
636,0,1,-0.000043869,-1.244834304,81.863677979,0.362932235,0.362930298,0.241348594,0.000000000,0
637,0,1,-0.000043869,-1.246023655,82.226921082,0.363245040,0.363250732,0.241562217,0.000000000,0
638,0,1,-0.000041962,-1.247214079,82.590492249,0.363573134,0.363571167,0.241775841,0.000000000,0
639,0,1,-0.000041962,-1.248405576,82.954383850,0.363893539,0.363891602,0.241989464,0.000000000,0
640,0,1,-0.000041962,-1.249598026,83.318595886,0.364213973,0.364212036,0.242203087,0.000000000,0
641,0,1,-0.000040054,-1.250791669,83.683113098,0.364519179,0.364524841,0.242416710,0.000000000,0
642,0,1,-0.000040054,-1.251986265,84.047958374,0.364847243,0.364845276,0.242622703,0.000000000,0
643,0,1,-0.000040054,-1.253181934,84.413124084,0.365167677,0.365165710,0.242836326,0.000000000,0
644,0,1,-0.000040054,-1.254378557,84.778602600,0.365480483,0.365478516,0.243042320,0.000000000,0
645,0,1,-0.000038147,-1.255576253,85.144393921,0.365793288,0.365798950,0.243263572,0.000000000,0
646,0,1,-0.000038147,-1.256775022,85.510505676,0.366113722,0.366111755,0.243461937,0.000000000,0
647,0,1,-0.000038147,-1.257974863,85.876937866,0.366434157,0.366432190,0.243683189,0.000000000,0
648,0,1,-0.000038147,-1.259175539,86.243675232,0.366739333,0.366744995,0.243881553,0.000000000,0
649,0,1,-0.000036240,-1.260377407,86.610733032,0.367059767,0.367057800,0.244095191,0.000000000,0
650,0,1,-0.000036240,-1.261580229,86.978103638,0.367372572,0.367370605,0.244308814,0.000000000,0
651,0,1,-0.000036240,-1.262784243,87.345794678,0.367693007,0.367691040,0.244507164,0.000000000,0
652,0,1,-0.000034332,-1.263989210,87.713790894,0.367998183,0.368003845,0.244720787,0.000000000,0
653,0,1,-0.000034332,-1.265195131,88.082107544,0.368318647,0.368316650,0.244934410,0.000000000,0
654,0,1,-0.000034332,-1.266402125,88.450737000,0.368631452,0.368629456,0.245140404,0.000000000,0
655,0,1,-0.000034332,-1.267610073,88.819671631,0.368936628,0.368934631,0.245338768,0.000000000,0
656,0,1,-0.000032425,-1.268819094,89.188911438,0.369241804,0.369247437,0.245560035,0.000000000,0
657,0,1,-0.000032425,-1.270029068,89.558471680,0.369562209,0.369560242,0.245758384,0.000000000,0
658,0,1,-0.000032425,-1.271240115,89.928337097,0.369867384,0.369865417,0.245964393,0.000000000,0
659,0,1,-0.000030518,-1.272452235,90.298515320,0.370180219,0.370178223,0.246170387,0.000000000,0
660,0,1,-0.000030518,-1.273665190,90.668998718,0.370485395,0.370491028,0.246376365,0.000000000,0
661,0,1,-0.000030518,-1.274879217,91.039794922,0.370798200,0.370796204,0.246582359,0.000000000,0
662,0,1,-0.000028610,-1.276094437,91.410896301,0.371103376,0.371101379,0.246780738,0.000000000,0
663,0,1,-0.000028610,-1.277310491,91.782310486,0.371416181,0.371414185,0.246994361,0.000000000,0
664,0,1,-0.000028610,-1.278527498,92.154022217,0.371713728,0.371719360,0.247192726,0.000000000,0
665,0,1,-0.000026703,-1.279745698,92.526046753,0.372026533,0.372028351,0.247406349,0.000000000,0
666,0,1,-0.000026703,-1.280964851,92.898376465,0.372331709,0.372329712,0.247597083,0.000000000,0
667,0,1,-0.000026703,-1.282184839,93.271011353,0.372636884,0.372634888,0.247803077,0.000000000,0
668,0,1,-0.000026703,-1.283406019,93.643951416,0.372942060,0.372940063,0.248009056,0.000000000,0
669,0,1,-0.000024796,-1.284628153,94.017196655,0.373247236,0.373245239,0.248207435,0.000000000,0
670,0,1,-0.000026703,-1.285812140,94.390739441,0.373544663,0.373550415,0.248413399,0.000000000,0
671,0,1,-0.000024796,-1.287035942,94.764587402,0.373849958,0.373851776,0.248619422,0.000000000,0
672,0,1,-0.000024796,-1.288260937,95.138740540,0.374155134,0.374153137,0.248810142,0.000000000,0
673,0,1,-0.000024796,-1.289486885,95.513198853,0.374460340,0.374458313,0.249016151,0.000000000,0
674,0,1,-0.000024796,-1.290713787,95.887954712,0.374757856,0.374759674,0.249214515,0.000000000,0
675,0,1,-0.000022888,-1.291941643,96.263015747,0.375063032,0.375061035,0.249420494,0.000000000,0
676,0,1,-0.000022888,-1.293170452,96.638374329,0.375360608,0.375362396,0.249618873,0.000000000,0
677,0,1,-0.000022888,-1.294400334,97.014030457,0.375658154,0.375659943,0.249817237,0.000000000,0
678,0,1,-0.000020981,-1.295631170,97.389991760,0.375963330,0.375961304,0.250015587,0.000000000,0
679,0,1,-0.000020981,-1.296863079,97.766250610,0.376260877,0.376258850,0.250213951,0.000000000,0
680,0,1,-0.000019073,-1.298095703,98.142807007,0.376558423,0.376560211,0.250412345,0.000000000,0
681,0,1,-0.000019073,-1.299329519,98.519660950,0.376855969,0.376857758,0.250610679,0.000000000,0
682,0,1,-0.000019073,-1.300564289,98.896820068,0.377161145,0.377155304,0.250809073,0.000000000,0
683,0,1,-0.000017166,-1.301800013,99.274261475,0.377443433,0.377452850,0.251007408,0.000000000,0
684,0,1,-0.000017166,-1.303036690,99.652015686,0.377756238,0.377750397,0.251205772,0.000000000,0
685,0,1,-0.000017166,-1.304274321,100.030059814,0.378046155,0.378047943,0.251404136,0.000000000,0
686,0,1,-0.000015259,-1.305512905,100.408401489,0.378343701,0.378341675,0.251594871,0.000000000,0
687,0,1,-0.000015259,-1.306752682,100.787033081,0.378633618,0.378639221,0.251800865,0.000000000,0
688,0,1,-0.000015259,-1.307993174,101.165969849,0.378938794,0.378932953,0.251991600,0.000000000,0
689,0,1,-0.000013351,-1.309234738,101.545196533,0.379228711,0.379226685,0.252182335,0.000000000,0
690,0,1,-0.000013351,-1.310477257,101.924713135,0.379518658,0.379520416,0.252380699,0.000000000,0
691,0,1,-0.000013351,-1.311720610,102.304519653,0.379808545,0.379814148,0.252579093,0.000000000,0
692,0,1,-0.000011444,-1.312965155,102.684631348,0.380113751,0.380107880,0.252777427,0.000000000,0
693,0,1,-0.000011444,-1.314210415,103.065025330,0.380396038,0.380397797,0.252960533,0.000000000,0
694,0,1,-0.000011444,-1.315456748,103.445709229,0.380685925,0.380691528,0.253166556,0.000000000,0
695,0,1,-0.000009537,-1.316704035,103.826690674,0.380983472,0.380981445,0.253349662,0.000000000,0
696,0,1,-0.000009537,-1.317952156,104.207962036,0.381273419,0.381275177,0.253555655,0.000000000,0
697,0,1,-0.000007629,-1.319201469,104.589530945,0.381570965,0.381565094,0.253738731,0.000000000,0
698,0,1,-0.000007629,-1.320451498,104.971382141,0.381853253,0.381855011,0.253937125,0.000000000,0
699,0,1,-0.000007629,-1.321702719,105.353523254,0.382143170,0.382144928,0.254135489,0.000000000,0
700,0,1,-0.000005722,-1.322954655,105.735954285,0.382433087,0.382431030,0.254318595,0.000000000,0
701,0,1,-0.000005722,-1.324207544,106.118667603,0.382715374,0.382720947,0.254501700,0.000000000,0
702,0,1,-0.000005722,-1.325461507,106.501678467,0.383012921,0.383010864,0.254707694,0.000000000,0
703,0,1,-0.000003815,-1.326716423,106.884979248,0.383302838,0.383296967,0.254890800,0.000000000,0
704,0,1,-0.000003815,-1.327972174,107.268554688,0.383577496,0.383583069,0.255089164,0.000000000,0
705,0,1,-0.000001907,-1.329228878,107.652420044,0.383867413,0.383869171,0.255272269,0.000000000,0
706,0,1,-0.000001907,-1.330486536,108.036575317,0.384157330,0.384155273,0.255463004,0.000000000,0
707,0,1,-0.000001907,-1.331745148,108.421020508,0.384447247,0.384441376,0.255653739,0.000000000,0
708,0,1,0.000000000,-1.333004713,108.805740356,0.384721905,0.384727478,0.255844474,0.000000000,0
709,0,1,0.000000000,-1.334265232,109.190750122,0.385011822,0.385013580,0.256035209,0.000000000,0
710,0,1,0.000001907,-1.335526466,109.576049805,0.385301739,0.385295868,0.256225944,0.000000000,0
711,0,1,0.000001907,-1.336788893,109.961624146,0.385576397,0.385578156,0.256409019,0.000000000,0
712,0,1,0.000001907,-1.338052034,110.347488403,0.385866314,0.385864258,0.256607413,0.000000000,0
713,0,1,0.000003815,-1.339316368,110.733627319,0.386141002,0.386146545,0.256790519,0.000000000,0
714,0,1,0.000003815,-1.340581417,111.120056152,0.386430889,0.386428833,0.256973624,0.000000000,0
715,0,1,0.000005722,-1.341847420,111.506767273,0.386713207,0.386711121,0.257171988,0.000000000,0
716,0,1,0.000005722,-1.343114376,111.893753052,0.386987865,0.386993408,0.257347465,0.000000000,0
717,0,1,0.000005722,-1.344382286,112.281028748,0.387277782,0.387271881,0.257530570,0.000000000,0
718,0,1,0.000007629,-1.345651031,112.668579102,0.387552410,0.387554169,0.257728934,0.000000000,0
719,0,1,0.000007629,-1.346920729,113.056411743,0.387834698,0.387832642,0.257912010,0.000000000,0
720,0,1,0.000009537,-1.348191261,113.444519043,0.388109356,0.388111115,0.258087516,0.000000000,0
721,0,1,0.000009537,-1.349462867,113.832908630,0.388391674,0.388393402,0.258285880,0.000000000,0
722,0,1,0.000009537,-1.350735307,114.221580505,0.388673961,0.388671875,0.258468986,0.000000000,0
723,0,1,0.000011444,-1.352008581,114.610527039,0.388948619,0.388950348,0.258652091,0.000000000,0
724,0,1,0.000011444,-1.353282928,114.999755859,0.389230907,0.389225006,0.258835167,0.000000000,0
725,0,1,0.000013351,-1.354557991,115.389251709,0.389497936,0.389503479,0.259018302,0.000000000,0
726,0,1,0.000013351,-1.355834246,115.779037476,0.389787853,0.389781952,0.259216666,0.000000000,0
727,0,1,0.000015259,-1.357111216,116.169082642,0.390047252,0.390056610,0.259384513,0.000000000,0
728,0,1,0.000015259,-1.358389020,116.559417725,0.390337199,0.390331268,0.259567618,0.000000000,0
729,0,1,0.000015259,-1.359667778,116.950019836,0.390604198,0.390605927,0.259758353,0.000000000,0
730,0,1,0.000017166,-1.360947371,117.340896606,0.390878856,0.390884399,0.259941459,0.000000000,0
731,0,1,0.000017166,-1.362227917,117.732055664,0.391161144,0.391155243,0.260116935,0.000000000,0
732,0,1,0.000019073,-1.363509417,118.123481750,0.391428173,0.391429901,0.260300040,0.000000000,0
733,0,1,0.000019073,-1.364791870,118.515182495,0.391702831,0.391704559,0.260483146,0.000000000,0
734,0,1,0.000020981,-1.366075039,118.907165527,0.391985118,0.391979218,0.260666251,0.000000000,0
735,0,1,0.000020981,-1.367359281,119.299407959,0.392244548,0.392250061,0.260849357,0.000000000,0
736,0,1,0.000020981,-1.368644357,119.691925049,0.392519206,0.392520905,0.261032462,0.000000000,0
737,0,1,0.000022888,-1.369930267,120.084716797,0.392793864,0.392795563,0.261215568,0.000000000,0
738,0,1,0.000022888,-1.371217132,120.477783203,0.393068522,0.393066406,0.261383414,0.000000000,0
739,0,1,0.000024796,-1.372504830,120.871124268,0.393343180,0.393337250,0.261574149,0.000000000,0
740,0,1,0.000024796,-1.373793364,121.264724731,0.393602550,0.393608093,0.261749625,0.000000000,0
741,0,1,0.000026703,-1.375082970,121.658599854,0.393877238,0.393875122,0.261925101,0.000000000,0
742,0,1,0.000026703,-1.376373291,122.052742004,0.394144267,0.394145966,0.262115836,0.000000000,0
743,0,1,0.000028610,-1.377664566,122.447158813,0.394418925,0.394416809,0.262291312,0.000000000,0
744,0,1,0.000028610,-1.378956676,122.841842651,0.394685954,0.394683838,0.262466788,0.000000000,0
745,0,1,0.000028610,-1.380249739,123.236785889,0.394945353,0.394950867,0.262642264,0.000000000,0
746,0,1,0.000030518,-1.381543517,123.632003784,0.395220011,0.395217896,0.262817740,0.000000000,0
747,0,1,0.000030518,-1.382838249,124.027488708,0.395487040,0.395484924,0.263000846,0.000000000,0
748,0,1,0.000032425,-1.384133935,124.423233032,0.395746469,0.395751953,0.263183951,0.000000000,0
749,0,1,0.000032425,-1.385430336,124.819252014,0.396021128,0.396018982,0.263351798,0.000000000,0
750,0,1,0.000034332,-1.386727810,125.215538025,0.396288157,0.396286011,0.263534904,0.000000000,0
751,0,1,0.000034332,-1.388025999,125.612091064,0.396555156,0.396551132,0.263702750,0.000000000,0
752,0,1,0.000036240,-1.389325142,126.008903503,0.396814555,0.396816254,0.263885856,0.000000000,0
753,0,1,0.000036240,-1.390625119,126.405975342,0.397073954,0.397081375,0.264053702,0.000000000,0
754,0,1,0.000038147,-1.391926050,126.803321838,0.397348642,0.397344589,0.264244437,0.000000000,0
755,0,1,0.000038147,-1.393227696,127.200927734,0.397608012,0.397607803,0.264412314,0.000000000,0
756,0,1,0.000040054,-1.394530296,127.598800659,0.397875041,0.397871017,0.264580131,0.000000000,0
757,0,1,0.000040054,-1.395833731,127.996932983,0.398134440,0.398134232,0.264763236,0.000000000,0
758,0,1,0.000040054,-1.397138000,128.395324707,0.398393840,0.398397446,0.264931083,0.000000000,0
759,0,1,0.000041962,-1.398443222,128.793975830,0.398653239,0.398658752,0.265114188,0.000000000,0
760,0,1,0.000041962,-1.399749041,129.192901611,0.398927897,0.398920059,0.265282035,0.000000000,0
761,0,1,0.000043869,-1.401056051,129.592071533,0.399172068,0.399181366,0.265457511,0.000000000,0
762,0,1,0.000043869,-1.402363777,129.991516113,0.399446726,0.399442673,0.265632987,0.000000000,0
763,0,1,0.000045776,-1.403672218,130.391220093,0.399706125,0.399702072,0.265800834,0.000000000,0
764,0,1,0.000045776,-1.404981613,130.791183472,0.399965525,0.399961472,0.265976310,0.000000000,0
765,0,1,0.000047684,-1.406291962,131.191390991,0.400209665,0.400220871,0.266151786,0.000000000,0
766,0,1,0.000047684,-1.407603025,131.591873169,0.400484324,0.400480270,0.266319633,0.000000000,0
767,0,1,0.000049591,-1.408915043,131.992614746,0.400743723,0.400737762,0.266495109,0.000000000,0
768,0,1,0.000049591,-1.410227776,132.393600464,0.400987864,0.400997162,0.266662955,0.000000000,0
769,0,1,0.000051498,-1.411541462,132.794860840,0.401262522,0.401254654,0.266838431,0.000000000,0
770,0,1,0.000051498,-1.412855864,133.196365356,0.401506662,0.401512146,0.267013907,0.000000000,0
771,0,1,0.000053406,-1.414171219,133.598129272,0.401766062,0.401767731,0.267174125,0.000000000,0
772,0,1,0.000053406,-1.415487289,134.000152588,0.402025461,0.402023315,0.267341971,0.000000000,0
773,0,1,0.000055313,-1.416804314,134.402435303,0.402284861,0.402280807,0.267517447,0.000000000,0
774,0,1,0.000053406,-1.418122172,134.804962158,0.402529031,0.402536392,0.267685294,0.000000000,0
775,0,1,0.000053406,-1.419440866,135.207748413,0.402788430,0.402790070,0.267860770,0.000000000,0
776,0,1,0.000051498,-1.420760393,135.610794067,0.403047830,0.403045654,0.268028617,0.000000000,0
777,0,1,0.000051498,-1.422080755,136.014099121,0.403307229,0.403299332,0.268196464,0.000000000,0
778,0,1,0.000049591,-1.423401833,136.417648315,0.403551370,0.403553009,0.268364310,0.000000000,0
779,0,1,0.000049591,-1.424723864,136.821456909,0.403810740,0.403806686,0.268524528,0.000000000,0
780,0,1,0.000047684,-1.426046610,137.225509644,0.404054880,0.404060364,0.268707633,0.000000000,0
781,0,1,0.000047684,-1.427370310,137.629821777,0.404314309,0.404312134,0.268867850,0.000000000,0
782,0,1,0.000045776,-1.428694725,138.034378052,0.404558450,0.404563904,0.269035697,0.000000000,0
783,0,1,0.000045776,-1.430020094,138.439193726,0.404817849,0.404815674,0.269203544,0.000000000,0
784,0,1,0.000043869,-1.431346178,138.844253540,0.405061990,0.405067444,0.269371390,0.000000000,0
785,0,1,0.000043869,-1.432673216,139.249572754,0.405321389,0.405317307,0.269539267,0.000000000,0
786,0,1,0.000041962,-1.434000969,139.655136108,0.405565530,0.405567169,0.269707084,0.000000000,0
787,0,1,0.000041962,-1.435329437,140.060958862,0.405824929,0.405818939,0.269867301,0.000000000,0
788,0,1,0.000041962,-1.436658859,140.467025757,0.406069070,0.406066895,0.270035148,0.000000000,0
789,0,1,0.000040054,-1.437989116,140.873336792,0.406313211,0.406316757,0.270202994,0.000000000,0
790,0,1,0.000040054,-1.439320087,141.279891968,0.406557351,0.406565666,0.270370871,0.000000000,0
791,0,1,0.000038147,-1.440651894,141.686706543,0.406816751,0.406813622,0.270531058,0.000000000,0
792,0,1,0.000038147,-1.441984653,142.093765259,0.407060891,0.407061577,0.270698935,0.000000000,0
793,0,1,0.000036240,-1.443318129,142.501068115,0.407305032,0.407309532,0.270859152,0.000000000,0
794,0,1,0.000036240,-1.444652319,142.908630371,0.407564431,0.407556534,0.271026969,0.000000000,0
795,0,1,0.000034332,-1.445987463,143.316436768,0.407808602,0.407802582,0.271187186,0.000000000,0
796,0,1,0.000034332,-1.447323322,143.724472046,0.408037484,0.408048630,0.271355033,0.000000000,0
797,0,1,0.000032425,-1.448659897,144.132766724,0.408296883,0.408294678,0.271519065,0.000000000,0
798,0,1,0.000032425,-1.449997425,144.541305542,0.408541024,0.408540726,0.271679282,0.000000000,0
799,0,1,0.000030518,-1.451335669,144.950088501,0.408785164,0.408785820,0.271843314,0.000000000,0
800,0,1,0.000030518,-1.452674866,145.359115601,0.409029305,0.409029961,0.272007376,0.000000000,0
801,0,1,0.000028610,-1.454014778,145.768386841,0.409273446,0.409274101,0.272167593,0.000000000,0
802,0,1,0.000028610,-1.455355406,146.177902222,0.409517586,0.409518242,0.272331595,0.000000000,0
803,0,1,0.000028610,-1.456696987,146.587661743,0.409761727,0.409761429,0.272491813,0.000000000,0
804,0,1,0.000026703,-1.458039165,146.997665405,0.410005867,0.410004616,0.272652030,0.000000000,0
805,0,1,0.000026703,-1.459382296,147.407913208,0.410250008,0.410246849,0.272816062,0.000000000,0
806,0,1,0.000024796,-1.460726142,147.818405151,0.410494149,0.410489082,0.272976309,0.000000000,0
807,0,1,0.000024796,-1.462070823,148.229125977,0.410723001,0.410731316,0.273136497,0.000000000,0
808,0,1,0.000022888,-1.463416219,148.640090942,0.410967171,0.410971642,0.273300558,0.000000000,0
809,0,1,0.000022888,-1.464762449,149.051315308,0.411226571,0.411213398,0.273456931,0.000000000,0
810,0,1,0.000020981,-1.466109514,149.462768555,0.411455452,0.411453724,0.273617148,0.000000000,0
811,0,1,0.000020981,-1.467457294,149.874450684,0.411684334,0.411694050,0.273777366,0.000000000,0
812,0,1,0.000020981,-1.468806028,150.286376953,0.411928475,0.411933899,0.273937613,0.000000000,0
813,0,1,0.000019073,-1.470155239,150.698547363,0.412172616,0.412173271,0.274101615,0.000000000,0
814,0,1,0.000019073,-1.471505404,151.110961914,0.412416756,0.412412167,0.274254203,0.000000000,0
815,0,1,0.000017166,-1.472856522,151.523620605,0.412660897,0.412650585,0.274414420,0.000000000,0
816,0,1,0.000017166,-1.474208117,151.936492920,0.412874520,0.412889004,0.274570853,0.000000000,0
817,0,1,0.000015259,-1.475560665,152.349624634,0.413133919,0.413126469,0.274731070,0.000000000,0
818,0,1,0.000015259,-1.476913929,152.762985229,0.413362801,0.413364172,0.274891287,0.000000000,0
819,0,1,0.000013351,-1.478268027,153.176589966,0.413606942,0.413600922,0.275043875,0.000000000,0
820,0,1,0.000013351,-1.479622841,153.590423584,0.413835853,0.413837433,0.275204092,0.000000000,0
821,0,1,0.000013351,-1.480978489,154.004486084,0.414064705,0.414073706,0.275360495,0.000000000,0
822,0,1,0.000011444,-1.482334852,154.418792725,0.414308846,0.414309502,0.275516897,0.000000000,0
823,0,1,0.000011444,-1.483692050,154.833343506,0.414553016,0.414544940,0.275677115,0.000000000,0
824,0,1,0.000009537,-1.485049963,155.248123169,0.414781898,0.414779902,0.275829703,0.000000000,0
825,0,1,0.000009537,-1.486408710,155.663131714,0.415010780,0.415014505,0.275986105,0.000000000,0
826,0,1,0.019054413,0.093957961,156.059585571,1.629446864,0.389538735,0.603955328,0.000000000,0
827,0,1,0.033233643,1.626291990,156.440704346,1.579082131,0.389777154,0.590378821,0.000000000,0
828,0,1,0.044090271,3.170899868,156.806518555,1.587372422,0.389757842,0.595357358,0.000000000,0
829,0,1,0.052391052,4.726774693,157.156875610,1.594855905,0.389753968,0.600128472,0.000000000,0
830,0,1,0.058706284,6.292966843,157.491546631,1.601562500,0.389765054,0.604725897,0.000000000,0
831,0,1,0.063486099,7.868628502,157.810394287,1.607605815,0.389789283,0.609198987,0.000000000,0
832,0,1,0.067060471,9.453039169,158.113296509,1.613108754,0.389825195,0.613598108,0.000000000,0
833,0,1,0.069711685,11.045611382,158.400131226,1.618198872,0.389869571,0.617968440,0.000000000,0
834,0,1,0.071638107,12.645915031,158.670791626,1.623031855,0.389921367,0.622365952,0.000000000,0
835,0,1,0.073020935,14.253650665,158.925155640,1.627733588,0.389976829,0.626830995,0.000000000,0
836,0,1,0.073986053,15.868638039,159.163162231,1.632431388,0.390035540,0.631405473,0.000000000,0
837,0,1,0.091445923,17.375196457,159.396728516,1.524656177,0.389743775,0.598473370,0.000000000,0
838,0,1,0.089431763,18.728588104,159.634094238,1.374050736,0.389140308,0.551445782,0.000000000,0
839,0,1,0.088230133,20.102073669,159.857650757,1.391560793,0.388771176,0.559603631,0.000000000,0
840,0,1,0.087812424,21.496669769,160.066864014,1.410201550,0.388435930,0.568201840,0.000000000,0
841,0,1,0.086771011,22.606697083,160.305480957,1.135385275,0.389199525,0.480948776,0.000000000,0
842,0,1,0.085433960,23.449966431,160.576522827,0.885758817,0.389939249,0.404437006,0.000000000,0
843,0,1,0.084020615,24.049310684,160.880630493,0.672084093,0.390633881,0.342371553,0.000000000,0
844,0,1,0.063892365,24.388425827,161.222457886,0.481923431,0.391083151,0.290476769,0.000000000,0
845,0,1,0.049236298,24.347793579,161.620605469,0.400483817,0.390777498,0.259897858,0.000000000,0
846,0,1,0.037643433,24.197463989,162.035202026,0.441161752,0.391069263,0.264393866,0.000000000,0
847,0,1,0.028566360,23.962095261,162.461914063,0.487405360,0.391280681,0.272050202,0.000000000,0
848,0,1,0.021547318,23.664480209,162.897109985,0.527275562,0.391413599,0.279928297,0.000000000,0
849,0,1,0.016204834,23.325145721,163.337402344,0.555908084,0.391472071,0.286280751,0.000000000,0
850,0,1,0.012214661,22.962118149,163.779830933,0.572318077,0.391463190,0.290358692,0.000000000,0
851,0,1,0.009305954,22.590864182,164.222229004,0.577541351,0.391396403,0.292071611,0.000000000,0
852,0,1,0.007261276,22.224248886,164.662612915,0.573017418,0.391276926,0.291609764,0.000000000,0
853,0,1,0.005880356,21.872652054,165.099822998,0.561048031,0.391117811,0.289441645,0.000000000,0
854,0,1,0.004720688,21.406734467,165.551422119,0.648862302,0.391390353,0.309120923,0.000000000,0
855,0,1,0.003787994,20.840986252,166.014419556,0.731053054,0.391614586,0.329239398,0.000000000,0
856,0,1,0.003070831,20.187402725,166.486251831,0.806100309,0.391798496,0.348784745,0.000000000,0
857,0,1,0.002674103,19.469179153,166.962615967,0.861839950,0.391449630,0.363832980,0.000000000,0
858,0,1,0.002536774,18.692441940,167.441940308,0.912728071,0.391090095,0.378031254,0.000000000,0
859,0,1,0.002586365,17.861207962,167.922851563,0.960325718,0.390725821,0.391695678,0.000000000,0
860,0,1,0.002761841,16.977626801,168.404373169,1.006269693,0.390367061,0.405215770,0.000000000,0
861,0,1,0.002998352,16.042167664,168.885681152,1.052017689,0.390018702,0.418991029,0.000000000,0
862,0,1,0.003242493,15.053867340,169.365890503,1.098789692,0.389684826,0.433382243,0.000000000,0
863,0,1,0.003435135,14.010583878,169.844421387,1.147794485,0.389370561,0.448741764,0.000000000,0
864,0,1,0.003517151,12.909205437,170.320327759,1.199800611,0.389077693,0.465343386,0.000000000,0
865,0,1,0.003446579,11.745890617,170.792907715,1.255640507,0.388807505,0.483455867,0.000000000,0
866,0,1,0.003179550,10.516257286,171.261199951,1.315787196,0.388561755,0.503257394,0.000000000,0
867,0,1,0.002672195,9.215583801,171.724044800,1.380571246,0.388339132,0.524893820,0.000000000,0
868,0,1,0.002347946,7.907505035,172.176803589,1.384218454,0.387948006,0.526897252,0.000000000,0
869,0,1,0.002145767,6.591768265,172.619430542,1.388193727,0.387576312,0.529010296,0.000000000,0
870,0,1,0.001850128,5.274727345,173.051147461,1.385992885,0.386742473,0.529076040,0.000000000,0
871,0,1,0.001462936,3.956475258,173.471984863,1.383796573,0.385927528,0.529141009,0.000000000,0
872,0,1,0.000980377,2.637124538,173.882003784,1.381594062,0.385134459,0.529192030,0.000000000,0
873,0,1,0.000406265,1.316766977,174.281234741,1.379394650,0.384363234,0.529244184,0.000000000,0
874,0,1,-0.000255585,-0.004495382,174.669738770,1.377196431,0.383611977,0.529287934,0.000000000,0
875,0,1,-0.001008987,-1.326566577,175.047531128,1.374990821,0.382880718,0.529321730,0.000000000,0
876,0,1,-0.001855850,-2.649348021,175.414733887,1.372803450,0.382171363,0.529355824,0.000000000,0
877,0,1,-0.002790451,-3.972745657,175.771377563,1.370611906,0.381482005,0.529387772,0.000000000,0
878,0,1,-0.003816605,-5.296663761,176.117431641,1.368398190,0.380814552,0.529403031,0.000000000,0
879,0,1,-0.004928589,-6.621010780,176.452957153,1.366189480,0.380165219,0.529421210,0.000000000,0
880,0,1,-0.006130219,-7.945693016,176.778091431,1.364000320,0.379541636,0.529438198,0.000000000,0
881,0,1,-0.007419586,-9.270622253,177.092849731,1.361804724,0.378934234,0.529447556,0.000000000,0
882,0,1,-0.008796692,-10.595706940,177.397308350,1.359612584,0.378348738,0.529456735,0.000000000,0
883,0,1,-0.010259628,-11.920856476,177.691406250,1.357393503,0.377785146,0.529457092,0.000000000,0
884,0,1,-0.011808395,-13.245988846,177.975341797,1.355211258,0.377241522,0.529460907,0.000000000,0
885,0,1,-0.013444901,-14.571012497,178.249130249,1.353015304,0.376719773,0.529458225,0.000000000,0
886,0,1,-0.015167236,-15.895842552,178.512695313,1.350793958,0.376217961,0.529449940,0.000000000,0
887,0,1,-0.016971588,-17.220392227,178.766265869,1.348604083,0.375736088,0.529448450,0.000000000,0
888,0,1,-0.018861771,-18.544589996,179.009841919,1.346414685,0.375275999,0.529445887,0.000000000,0
889,0,1,-0.020833969,-19.868343353,179.243438721,1.344207644,0.374835789,0.529428780,0.000000000,0
890,0,1,-0.022890091,-21.191570282,179.467147827,1.342005730,0.374417335,0.529425502,0.000000000,0
891,0,1,-0.025026321,-22.514198303,179.681030273,1.339811563,0.374020547,0.529415011,0.000000000,0
892,0,1,-0.027246475,-23.836149216,179.885131836,1.337615967,0.373641610,0.529403508,0.000000000,0
893,0,1,-0.029546738,-25.157339096,180.079483032,1.335410118,0.373284340,0.529393435,0.000000000,0
894,0,1,-0.031932831,-26.477691650,180.264144897,1.333205342,0.372946769,0.529379904,0.000000000,0
895,0,1,-0.034393311,-27.797138214,180.439254761,1.331017971,0.372630686,0.529373705,0.000000000,0
896,0,1,-0.036933899,-29.115596771,180.604843140,1.328818679,0.372334182,0.529366255,0.000000000,0
897,0,1,-0.039552689,-30.433006287,180.760910034,1.326624155,0.372059107,0.529359460,0.000000000,0
898,0,1,-0.042249680,-31.749282837,180.907516479,1.324418664,0.371803492,0.529347897,0.000000000,0
899,0,1,-0.045022964,-33.064350128,181.044723511,1.322208524,0.371567309,0.529345512,0.000000000,0
900,0,1,-0.047878265,-34.378154755,181.172698975,1.320025921,0.371354222,0.529344857,0.000000000,0
901,0,1,0.039085388,-30.372898102,182.180114746,4.130923748,0.289153755,1.399260998,0.000000000,0
902,0,1,0.112447739,-26.988023758,183.005844116,3.484908104,0.290833443,1.187654853,0.000000000,0
903,0,1,0.181159973,-23.836429596,183.735504150,3.235687256,0.290779859,1.110253215,0.000000000,0
904,0,1,0.259595871,-20.742437363,184.401611328,3.165855169,0.290234536,1.093294382,0.000000000,0
905,0,1,0.332166672,-17.593276978,185.018981934,3.209925890,0.290106714,1.114661813,0.000000000,0
906,0,1,0.401845932,-14.292942047,185.592224121,3.350473404,0.289501041,1.168785810,0.000000000,0
907,0,1,0.471317291,-10.804265976,186.115798950,3.528429985,0.288711220,1.235795856,0.000000000,0
908,0,1,0.541368484,-7.124900818,186.579574585,3.709140539,0.287915081,1.304039478,0.000000000,0
909,0,1,0.612535477,-3.255796671,186.972793579,3.889685392,0.287128627,1.372506261,0.000000000,0
910,0,1,0.685163498,0.799196482,187.284027100,4.067568302,0.286371559,1.440335035,0.000000000,0
911,0,1,0.759458542,5.033764362,187.501983643,4.240823746,0.285653919,1.506837964,0.000000000,0
912,0,1,0.835531235,9.439558983,187.615188599,4.407905102,0.284985542,1.571455002,0.000000000,0
913,0,1,0.913431168,14.006607056,187.612533569,4.567713261,0.284377903,1.633789539,0.000000000,0
914,0,1,0.993177414,18.723707199,187.483474731,4.719539165,0.283834636,1.693570137,0.000000000,0
915,0,1,1.074771881,23.578821182,187.217849731,4.863059521,0.283359051,1.750647306,0.000000000,0
916,0,1,1.132133484,27.755966187,186.929550171,4.187474728,0.283860981,1.518990159,0.000000000,0
917,0,1,1.171216965,31.026796341,186.702331543,3.278945923,0.284694403,1.204717994,0.000000000,0
918,0,1,1.166837692,28.982742310,187.306884766,2.131586313,0.273902237,0.726786494,0.000000000,0
919,0,1,1.163515091,27.722427368,187.771026611,1.343068361,0.271425039,0.465778828,0.000000000,0
920,0,1,1.160629272,26.689367294,188.193649292,1.116168141,0.271076202,0.393849462,0.000000000,0
921,0,1,1.154378891,25.568328857,188.622344971,1.200227618,0.271579295,0.422937870,0.000000000,0
922,0,1,1.148668289,24.238630295,189.071395874,1.403487682,0.272430062,0.491941392,0.000000000,0
923,0,1,1.156488419,23.541475296,189.413574219,0.776641667,0.255118549,0.300110549,0.000000000,0
924,0,1,1.163896561,22.641819000,189.777526855,0.970514238,0.255435377,0.361129135,0.000000000,0
925,0,1,1.169145584,21.557033539,190.158737183,1.149829626,0.256109267,0.419404209,0.000000000,0
926,0,1,1.172849655,20.318344116,190.550674438,1.299222827,0.256687075,0.468949556,0.000000000,0
927,0,1,1.175441742,18.952835083,190.947479248,1.421997070,0.257181287,0.510188580,0.000000000,0
928,0,1,1.177244186,17.483484268,191.344299316,1.521992564,0.257619113,0.544099331,0.000000000,0
929,0,1,1.178483963,15.929135323,191.737136841,1.603222847,0.258012116,0.571871281,0.000000000,0
930,0,1,1.179313660,14.304703712,192.122756958,1.669575214,0.258377969,0.594727457,0.000000000,0
931,0,1,1.170045853,12.625277519,192.498291016,1.720925331,0.258482993,0.612564623,0.000000000,0
932,0,1,1.161314011,10.907633781,192.861083984,1.755561113,0.258333176,0.624794245,0.000000000,0
933,0,1,1.153102875,9.155186653,193.209945679,1.786852837,0.258207530,0.635931611,0.000000000,0
934,0,1,1.145387650,7.368693829,193.544036865,1.817479849,0.258098036,0.646890342,0.000000000,0
935,0,1,1.138128281,5.546656132,193.862564087,1.849684715,0.258021921,0.658441484,0.000000000,0
936,0,1,1.131282806,3.685709953,194.164642334,1.885316730,0.257968515,0.671229303,0.000000000,0
937,0,1,1.124774933,1.781028628,194.449264526,1.925840974,0.257956743,0.685771346,0.000000000,0
938,0,1,1.118547440,-0.173331738,194.715255737,1.972388148,0.257981896,0.702465594,0.000000000,0
939,0,1,1.112522125,-2.184092283,194.961090088,2.025741577,0.258038789,0.721594274,0.000000000,0
940,0,1,1.106622696,-4.258428574,195.185012817,2.086395741,0.258129597,0.743344963,0.000000000,0
941,0,1,1.100790024,-6.367273331,195.385955811,2.118404627,0.258215725,0.755226195,0.000000000,0
942,0,1,1.095214844,-8.485528946,195.563964844,2.125729322,0.258253545,0.758588195,0.000000000,0
943,0,1,1.089344025,-10.602033615,195.718856812,2.122172832,0.257822007,0.758190215,0.000000000,0
944,0,1,1.083179474,-12.716535568,195.850738525,2.118619680,0.257424504,0.757788599,0.000000000,0
945,0,1,1.076723099,-14.828784943,195.959793091,2.115072489,0.257057279,0.757386565,0.000000000,0
946,0,1,1.069978714,-16.938526154,196.046035767,2.111513853,0.256716400,0.756972790,0.000000000,0
947,0,1,1.062950134,-19.045513153,196.109741211,2.107961655,0.256409496,0.756561875,0.000000000,0
948,0,1,1.055637360,-21.149501801,196.150939941,2.104404688,0.256128907,0.756146133,0.000000000,0
949,0,1,1.048048019,-23.250257492,196.169860840,2.100854635,0.255885959,0.755730569,0.000000000,0
950,0,1,1.040168762,-25.347549438,196.166595459,2.097309113,0.255661547,0.755311966,0.000000000,0
951,0,1,1.032022476,-27.441131592,196.141250610,2.093751431,0.255478501,0.754892886,0.000000000,0
952,0,1,1.023597717,-29.530778885,196.093994141,2.090198517,0.255317599,0.754476726,0.000000000,0
953,0,1,1.014900208,-31.616262436,196.024993896,2.086642981,0.255190223,0.754054785,0.000000000,0
954,0,1,1.005933762,-33.697372437,195.934417725,2.083099604,0.255088687,0.753647387,0.000000000,0
955,0,1,0.996704102,-35.773880005,195.822402954,2.079547167,0.255020291,0.753236234,0.000000000,0
956,0,1,0.987205505,-37.845569611,195.689056396,2.075998306,0.254981279,0.752827942,0.000000000,0
957,0,1,0.977445602,-39.912216187,195.534484863,2.072442055,0.254967660,0.752417505,0.000000000,0
958,0,1,0.967426300,-41.973648071,195.359100342,2.068903446,0.254986912,0.752032161,0.000000000,0
959,0,1,0.957147598,-44.029621124,195.162734985,2.065354824,0.255035013,0.751626253,0.000000000,0
960,0,1,0.951293945,-45.841247559,195.002059937,1.818747163,0.254718184,0.670243740,0.000000000,0
961,0,1,0.948686600,-47.347465515,194.898773193,1.509757400,0.254182190,0.568373442,0.000000000,0
962,0,1,0.949218750,-48.545833588,194.860534668,1.198978066,0.253638148,0.466698706,0.000000000,0
963,0,1,0.952720642,-49.439498901,194.892395020,0.894239902,0.253101468,0.368708670,0.000000000,0
964,0,1,0.958950043,-50.036018372,194.996398926,0.605550230,0.252596557,0.279130459,0.000000000,0
965,0,1,0.951534271,-50.213523865,195.205505371,0.274387866,0.250589252,0.183305487,0.000000000,0
966,0,1,0.975061417,-49.949653625,195.525253296,0.415234566,0.247993067,0.184062377,0.000000000,0
967,0,1,0.996040344,-49.484497070,195.895172119,0.594685376,0.247823447,0.225890428,0.000000000,0
968,0,1,1.015354156,-48.831916809,196.310089111,0.773556828,0.247707933,0.276655674,0.000000000,0
969,0,1,1.033658981,-48.005428314,196.764541626,0.943369150,0.247643545,0.329372793,0.000000000,0
970,0,1,1.067550659,-46.198516846,197.435424805,1.927734971,0.235586375,0.650458694,0.000000000,0
971,0,1,1.098783493,-44.294792175,198.108551025,2.019465923,0.234781772,0.684968531,0.000000000,0
972,0,1,1.128801346,-42.293514252,198.780914307,2.111418247,0.233938813,0.719746888,0.000000000,0
973,0,1,1.158401489,-40.194129944,199.449859619,2.203583002,0.233122453,0.754751086,0.000000000,0
974,0,1,1.188188553,-37.996082306,200.112396240,2.295921564,0.232340738,0.789968967,0.000000000,0
975,0,1,1.221899033,-35.700252533,200.765914917,2.387269974,0.232196718,0.824910402,0.000000000,0
976,0,1,1.256504059,-33.194339752,201.425491333,2.591493130,0.231800616,0.897904158,0.000000000,0
977,0,1,1.292284012,-30.478240967,202.083419800,2.794878006,0.231415585,0.970958114,0.000000000,0
978,0,1,1.329395294,-27.554481506,202.730850220,2.994814396,0.231050700,1.043185711,0.000000000,0
979,0,1,1.358263016,-24.656375885,203.332305908,2.959999800,0.231729567,1.033676863,0.000000000,0
980,0,1,1.379543304,-22.010917664,203.865921021,2.698823452,0.232976303,0.945031345,0.000000000,0
981,0,1,1.394956589,-19.615535736,204.342285156,2.442337990,0.234246939,0.857859969,0.000000000,0
982,0,1,1.405876160,-17.459907532,204.771286011,2.197929382,0.235520706,0.774796188,0.000000000,0
983,0,1,1.413414001,-15.527694702,205.162078857,1.971350312,0.236796156,0.697900474,0.000000000,0
984,0,1,1.433622360,-14.864069939,205.445678711,0.721966147,0.235084951,0.281921595,0.000000000,0
985,0,1,1.446182251,-14.168565750,205.729980469,0.751472771,0.235563144,0.290369362,0.000000000,0
986,0,1,1.456212997,-13.415719986,206.016220093,0.805487752,0.236050054,0.306773484,0.000000000,0
987,0,1,1.464647293,-12.599651337,206.304061890,0.865385532,0.236536250,0.325429767,0.000000000,0
988,0,1,1.472118378,-11.717284203,206.592941284,0.928482056,0.237017110,0.345529139,0.000000000,0
989,0,1,1.479011536,-10.767913818,206.881927490,0.992403448,0.237499833,0.366312236,0.000000000,0
990,0,1,1.485540390,-9.752774239,207.170074463,1.055262923,0.237988323,0.387152642,0.000000000,0
991,0,1,1.491802216,-8.674646378,207.456283569,1.115488529,0.238483205,0.407490939,0.000000000,0
992,0,1,1.497791290,-7.537480354,207.739486694,1.171915770,0.238993511,0.426900178,0.000000000,0
993,0,1,1.503463745,-6.346039772,208.018600464,1.223710418,0.239513397,0.445071012,0.000000000,0
994,0,1,1.508735657,-5.105621338,208.292526245,1.270315289,0.240049094,0.461765021,0.000000000,0
995,0,1,1.513526917,-3.821792603,208.560302734,1.311466217,0.240607068,0.476854295,0.000000000,0
996,0,1,1.517747879,-2.500169039,208.821182251,1.347132087,0.241171345,0.490295976,0.000000000,0
997,0,1,1.518367767,-1.149751663,209.074340820,1.373942018,0.241700888,0.500874698,0.000000000,0
998,0,1,1.516838074,-0.056870461,209.320190430,1.120193601,0.242860809,0.417246312,0.000000000,0
999,0,1,1.513698578,0.784208179,209.562576294,0.875313640,0.244019657,0.338364214,0.000000000,0
1000,0,1,1.509557724,1.393774271,209.804473877,0.655821919,0.245141312,0.270649016,0.000000000,0
1001,0,1,1.504886627,1.795625687,210.047668457,0.469733924,0.246214703,0.217630476,0.000000000,0
1002,0,1,1.500059128,2.015656471,210.292999268,0.329581648,0.247231975,0.182674453,0.000000000,0
1003,0,1,1.495347977,2.080648899,210.540527344,0.255961627,0.248177528,0.166918516,0.000000000,0
1004,0,1,1.490932465,2.017266273,210.790237427,0.257666409,0.249058902,0.166825175,0.000000000,0
1005,0,1,1.486942291,1.851233006,211.041687012,0.301346749,0.249868780,0.175463483,0.000000000,0
1006,0,1,1.483438492,1.606693745,211.294311523,0.351611823,0.250600547,0.186728299,0.000000000,0
1007,0,1,1.480453491,1.305754662,211.547683716,0.393409073,0.251282573,0.197026521,0.000000000,0
1008,0,1,1.477981567,0.968174815,211.801391602,0.422296047,0.251898140,0.204681933,0.000000000,0
1009,0,1,1.475997925,0.611174941,212.055145264,0.437999755,0.252465397,0.209186569,0.000000000,0
1010,0,1,1.474462509,0.249384642,212.308868408,0.441893667,0.252987832,0.210687518,0.000000000,0
1011,0,1,1.473333359,-0.105136812,212.562438965,0.435872436,0.253469259,0.209625006,0.000000000,0
1012,0,1,1.472555161,-0.442797124,212.815917969,0.422216415,0.253925264,0.206572577,0.000000000,0
1013,0,1,1.472074509,-0.756303310,213.069366455,0.403140783,0.254356325,0.202181116,0.000000000,0
1014,0,1,1.471836090,-1.040464997,213.322921753,0.380838841,0.254766852,0.197064206,0.000000000,0
1015,0,1,1.471792221,-1.291964412,213.576675415,0.357271433,0.255172640,0.191769972,0.000000000,0
1016,0,1,1.471902847,-1.509105444,213.830841064,0.334290922,0.255570471,0.186751023,0.000000000,0
1017,0,1,1.472122192,-1.691566467,214.085418701,0.313212126,0.255968392,0.182298437,0.000000000,0
1018,0,1,1.472414017,-1.840157032,214.340530396,0.295230806,0.256366819,0.178644642,0.000000000,0
1019,0,1,1.472757339,-1.956579447,214.596298218,0.281018645,0.256773531,0.175867543,0.000000000,0
1020,0,1,1.473121643,-2.043210983,214.852645874,0.270590603,0.257184952,0.173903689,0.000000000,0
1021,0,1,1.473484039,-2.102909565,215.109710693,0.263906002,0.257601112,0.172718659,0.000000000,0
1022,0,1,1.473833084,-2.138831139,215.367370605,0.260152072,0.258037180,0.172124818,0.000000000,0
1023,0,1,1.474155426,-2.154280901,215.625732422,0.258823544,0.258470237,0.172004715,0.000000000,0
1024,0,1,1.474447250,-2.152582645,215.884674072,0.258947402,0.258915454,0.172188297,0.000000000,0
1025,0,1,1.474695206,-2.136976004,216.144226074,0.260020912,0.259376466,0.172546282,0.000000000,0
1026,0,1,1.474903107,-2.110527992,216.404327393,0.261442602,0.259837896,0.173026860,0.000000000,0
1027,0,1,1.475067139,-2.076072693,216.664947510,0.262887895,0.260311067,0.173511490,0.000000000,0
1028,0,1,1.475193024,-2.036169767,216.926177979,0.264260501,0.260788202,0.173987299,0.000000000,0
1029,0,1,1.475273132,-1.993072391,217.187805176,0.265153140,0.261273056,0.174398109,0.000000000,0
1030,0,1,1.475320816,-1.948718071,217.449951172,0.265871823,0.261757880,0.174775302,0.000000000,0
1031,0,1,1.475334167,-1.904724360,217.712677002,0.266383767,0.262250304,0.175115645,0.000000000,0
1032,0,1,1.475318909,-1.862398624,217.975708008,0.266414672,0.262746453,0.175372317,0.000000000,0
1033,0,1,1.475280762,-1.822758317,218.239288330,0.266544461,0.263238668,0.175626710,0.000000000,0
1034,0,1,1.475223541,-1.786550522,218.503372192,0.266554475,0.263738483,0.175887927,0.000000000,0
1035,0,1,1.475151062,-1.754277945,218.767822266,0.266412020,0.264234364,0.176102772,0.000000000,0
1036,0,1,1.475067139,-1.726231337,219.032836914,0.266494632,0.264730155,0.176352307,0.000000000,0
1037,0,1,1.474979401,-1.702517986,219.298217773,0.266438246,0.265225917,0.176589370,0.000000000,0
1038,0,1,1.474889755,-1.683090806,219.564086914,0.266577989,0.265721649,0.176855475,0.000000000,0
1039,0,1,1.474798203,-1.667780161,219.830444336,0.266797125,0.266217351,0.177129015,0.000000000,0
1040,0,1,1.474710464,-1.656324983,220.097198486,0.267000020,0.266705453,0.177409396,0.000000000,0
1041,0,1,1.474632263,-1.648391485,220.364501953,0.267421186,0.267201185,0.177717894,0.000000000,0
1042,0,1,1.474557877,-1.643599272,220.632171631,0.267712593,0.267689317,0.178014159,0.000000000,0
1043,0,1,1.474493027,-1.641542912,220.900390625,0.268226892,0.268173665,0.178345203,0.000000000,0
1044,0,1,1.474437714,-1.641808033,221.169067383,0.268676907,0.268661857,0.178655267,0.000000000,0
1045,0,1,1.474391937,-1.643985033,221.438186646,0.269128084,0.269150078,0.178991809,0.000000000,0
1046,0,1,1.474357605,-1.647681475,221.707824707,0.269663393,0.269623071,0.179307371,0.000000000,0
1047,0,1,1.474334717,-1.652532101,221.977890015,0.270108849,0.270103723,0.179631174,0.000000000,0
1048,0,1,1.474317551,-1.658203840,222.248413086,0.270582527,0.270584375,0.179939494,0.000000000,0
1049,0,1,1.474313736,-1.664398670,222.519424438,0.271082133,0.271057397,0.180262357,0.000000000,0
1050,0,1,1.474315643,-1.670858979,222.790893555,0.271545976,0.271530449,0.180576622,0.000000000,0
1051,0,1,1.474328995,-1.677365780,223.062896729,0.272080988,0.272003502,0.180912837,0.000000000,0
1052,0,1,1.474344254,-1.683739662,223.335327148,0.272504985,0.272476584,0.181202427,0.000000000,0
1053,0,1,1.474369049,-1.689839840,223.608230591,0.272971600,0.272941977,0.181521878,0.000000000,0
1054,0,1,1.474391937,-1.695558071,223.881607056,0.273436248,0.273422688,0.181840912,0.000000000,0
1055,0,1,1.474416733,-1.700820446,224.155456543,0.273900062,0.273895711,0.182144403,0.000000000,0
1056,0,1,1.474447250,-1.705576658,224.429779053,0.274363726,0.274353534,0.182447866,0.000000000,0
1057,0,1,1.474483490,-1.709804058,224.704605103,0.274858564,0.274818897,0.182774261,0.000000000,0
1058,0,1,1.474510193,-1.713499546,224.979827881,0.275247604,0.275291950,0.183055028,0.000000000,0
1059,0,1,1.474540710,-1.716676712,225.255554199,0.275744617,0.275757343,0.183389425,0.000000000,0
1060,0,1,1.474571228,-1.719363451,225.531799316,0.276258171,0.276215106,0.183685914,0.000000000,0
1061,0,1,1.474597931,-1.721597910,225.808471680,0.276681364,0.276688129,0.184005514,0.000000000,0
1062,0,1,1.474622726,-1.723422289,226.085601807,0.277136147,0.277145922,0.184302405,0.000000000,0
1063,0,1,1.474639893,-1.724884272,226.363189697,0.277591735,0.277611315,0.184614748,0.000000000,0
1064,0,1,1.474660873,-1.726035357,226.641265869,0.278078556,0.278076708,0.184919596,0.000000000,0
