tick,support,on_floor,local_x,local_y,local_z,slip_m,bus_write_m,package_write_m,platform_speed,dual_contact
1,1,1,0.000001907,-0.599055529,2.500000000,0.000000000,0.000000000,0.000000000,0.000000000,0
2,1,1,0.000000000,-0.599564433,2.500930786,0.001060825,0.001023691,0.000000000,0.000000000,0
3,1,1,0.000001907,-0.599720836,2.501846313,0.000928793,0.001964350,0.000000000,0.063650124,0
4,1,1,0.000000000,-0.599827051,2.502777100,0.000936829,0.002934451,0.000000000,0.117749549,0
5,1,1,-0.000001907,-0.599889040,2.503707886,0.000932850,0.003862551,0.000000000,0.172938690,0
6,1,1,0.000000000,-0.599912882,2.504623413,0.000915840,0.004792082,0.000000000,0.227141187,0
7,1,1,0.000000000,-0.599904716,2.505554199,0.000930822,0.005722301,0.000000000,0.281252176,0
8,1,1,0.000001907,-0.599871159,2.506469727,0.000916144,0.006652871,0.000000000,0.336248994,0
9,1,1,0.000001907,-0.599817514,2.507385254,0.000917098,0.007553102,0.000000000,0.390386105,0
10,1,1,0.000001907,-0.599749446,2.508285522,0.000902838,0.008453418,0.000000000,0.444602519,0
11,1,1,0.000000000,-0.599671721,2.509216309,0.000934028,0.009338506,0.000000000,0.498923719,0
12,1,1,0.000001907,-0.599588871,2.510101318,0.000888881,0.010238852,0.000000000,0.552440882,0
13,1,1,0.000001907,-0.599504471,2.511032104,0.000934605,0.011139184,0.000000000,0.606978178,0
14,1,1,0.000003815,-0.599421561,2.511932373,0.000904080,0.012024237,0.000000000,0.661612034,0
15,1,1,0.000003815,-0.599342704,2.512832642,0.000903716,0.012909266,0.000000000,0.715412796,0
16,1,1,0.000001907,-0.599269867,2.513748169,0.000918422,0.013794275,0.000000000,0.769279301,0
17,1,1,0.000001907,-0.599204063,2.514648438,0.000902670,0.014694529,0.000000000,0.824112236,0
18,1,1,0.000001907,-0.599146605,2.515563965,0.000917329,0.015564251,0.000000000,0.878066897,0
19,1,1,0.000001907,-0.599097848,2.516464233,0.000901588,0.016464485,0.000000000,0.932047486,0
20,1,1,0.000001907,-0.599057913,2.517349243,0.000885910,0.017334197,0.000000000,0.986044824,0
21,1,1,0.000000000,-0.599026620,2.518249512,0.000900814,0.018234426,0.000000000,1.040052533,0
22,1,1,-0.000001907,-0.599003553,2.519149780,0.000900566,0.019119399,0.000000000,1.094065428,0
23,1,1,-0.000001907,-0.598987997,2.520034790,0.000885146,0.020004377,0.000000000,1.147164702,0
24,1,1,-0.000001907,-0.598979235,2.520919800,0.000885053,0.020889357,0.000000000,1.201180339,0
25,1,1,-0.000001907,-0.598976612,2.521804810,0.000885014,0.021789603,0.000000000,1.254279733,0
26,1,1,0.000000000,-0.598979175,2.522705078,0.000900274,0.022674596,0.000000000,1.308294177,0
27,1,1,0.000000000,-0.598985791,2.523590088,0.000885035,0.023544332,0.000000000,1.361392260,0
28,1,1,0.000001907,-0.598996043,2.524475098,0.000885071,0.024444591,0.000000000,1.414489985,0
29,1,1,0.000001907,-0.599008918,2.525360107,0.000885103,0.025314337,0.000000000,1.467587829,0
30,1,1,0.000001907,-0.599023521,2.526260376,0.000900387,0.026214601,0.000000000,1.520686030,0
31,1,1,0.000000000,-0.599039257,2.527130127,0.000869895,0.027084351,0.000000000,1.573784471,0
32,1,1,0.000000000,-0.599055767,2.528015137,0.000885164,0.027984619,0.000000000,1.626883626,0
33,1,1,0.000001907,-0.599072039,2.528869629,0.000854649,0.028854372,0.000000000,1.679983377,0
34,1,1,0.000001907,-0.599088073,2.529769897,0.000900411,0.029739382,0.000000000,1.732168436,0
35,1,1,-0.000001907,-0.599103451,2.530639648,0.000869895,0.030624393,0.000000000,1.785269380,0
36,1,1,0.000000000,-0.599117875,2.531524658,0.000885129,0.031494144,0.000000000,1.837455392,0
37,1,1,0.000000000,-0.599130869,2.532394409,0.000869848,0.032379154,0.000000000,1.890557051,0
38,1,1,0.000000000,-0.599142551,2.533264160,0.000869829,0.033233646,0.000000000,1.942743421,0
39,1,1,0.000000000,-0.599153161,2.534133911,0.000869816,0.034118656,0.000000000,1.994929910,0
40,1,1,0.000000000,-0.599162221,2.535003662,0.000869798,0.034988407,0.000000000,2.047116280,0
41,1,1,0.000000000,-0.599170089,2.535873413,0.000869787,0.035858158,0.000000000,2.099302530,0
42,1,1,0.000000000,-0.599176586,2.536743164,0.000869775,0.036727909,0.000000000,2.151489019,0
43,1,1,0.000000000,-0.599181890,2.537597656,0.000854509,0.037582401,0.000000000,2.203674793,0
44,1,1,0.000000000,-0.599186301,2.538467407,0.000869762,0.038452152,0.000000000,2.254945040,0
45,1,1,-0.000001907,-0.599189639,2.539337158,0.000869759,0.039321903,0.000000000,2.307130575,0
46,1,1,0.000000000,-0.599192262,2.540176392,0.000839240,0.040176392,0.000000000,2.359316111,0
47,1,1,0.000000000,-0.599194169,2.541046143,0.000869753,0.041046143,0.000000000,2.410585880,0
48,1,1,-0.000001907,-0.599195659,2.541900635,0.000854496,0.041885376,0.000000000,2.461855173,0
49,1,1,0.000000000,-0.599196553,2.542770386,0.000869754,0.042739868,0.000000000,2.513124943,0
50,1,1,0.000001907,-0.599197388,2.543624878,0.000854495,0.043609619,0.000000000,2.564394236,0
51,1,1,0.000001907,-0.599197745,2.544464111,0.000839233,0.044448853,0.000000000,2.616579294,0
52,1,1,0.000000000,-0.599198341,2.545318604,0.000854495,0.045303345,0.000000000,2.666933060,0
53,1,1,0.000000000,-0.599198818,2.546188354,0.000869751,0.046173096,0.000000000,2.718202353,0
54,1,1,0.000001907,-0.599199176,2.547027588,0.000839236,0.047012329,0.000000000,2.769471645,0
55,1,1,0.000000000,-0.599200010,2.547866821,0.000839236,0.047851563,0.000000000,2.820740938,0
56,1,1,0.000000000,-0.599200726,2.548721313,0.000854492,0.048706055,0.000000000,2.871094704,0
57,1,1,-0.000001907,-0.599201798,2.549560547,0.000839236,0.049545288,0.000000000,2.922363997,0
58,1,1,0.000000000,-0.599202991,2.550399780,0.000839236,0.050384521,0.000000000,2.972717762,0
59,1,1,0.000000000,-0.599204361,2.551239014,0.000839235,0.051223755,0.000000000,3.023071527,0
60,1,1,0.000000000,-0.599204779,2.552093506,0.000854492,0.052078247,0.000000000,3.073425531,0
61,1,1,-0.000001907,-0.599207282,2.552932739,0.000839239,0.052917480,0.000000000,3.124694586,0
62,1,1,0.000000000,-0.599209964,2.553771973,0.000839240,0.053741455,0.000000000,3.175048590,0
63,1,1,0.000000000,-0.599212646,2.554611206,0.000839238,0.054580688,0.000000000,3.224487066,0
64,1,1,0.000000000,-0.599215031,2.555450439,0.000839237,0.055419922,0.000000000,3.274841070,0
65,1,1,0.000000000,-0.599217594,2.556289673,0.000839237,0.056259155,0.000000000,3.325195074,0
66,1,1,-0.000001907,-0.599220157,2.557113647,0.000823981,0.057083130,0.000000000,3.375548840,0
67,1,1,-0.000001907,-0.599223018,2.557952881,0.000839238,0.057922363,0.000000000,3.424987316,0
68,1,1,-0.000001907,-0.599227190,2.558761597,0.000808727,0.058746338,0.000000000,3.475341320,0
69,1,1,0.000000000,-0.599228501,2.559585571,0.000823978,0.059570313,0.000000000,3.524780035,0
70,1,1,0.000000000,-0.599233210,2.560409546,0.000823988,0.060394287,0.000000000,3.574218273,0
71,1,1,0.000000000,-0.599234343,2.561233521,0.000823975,0.061218262,0.000000000,3.623656988,0
72,1,1,0.000000000,-0.599239230,2.562057495,0.000823989,0.062042236,0.000000000,3.673095226,0
73,1,1,0.000000000,-0.599242091,2.562881470,0.000823980,0.062866211,0.000000000,3.722533941,0
74,1,1,0.000001907,-0.599243045,2.563705444,0.000823977,0.063690186,0.000000000,3.771972418,0
75,1,1,0.000001907,-0.599248111,2.564529419,0.000823990,0.064514160,0.000000000,3.821410418,0
76,1,1,0.000001907,-0.599250972,2.565353394,0.000823980,0.065338135,0.000000000,3.870849371,0
77,1,1,0.000001907,-0.599253953,2.566162109,0.000808721,0.066146851,0.000000000,3.920287848,0
78,1,1,0.000000000,-0.599254489,2.567001343,0.000839236,0.066970825,0.000000000,3.968810797,0
79,1,1,0.000000000,-0.599259675,2.567794800,0.000793474,0.067779541,0.000000000,4.018249035,0
80,1,1,0.000000000,-0.599262416,2.568603516,0.000808720,0.068588257,0.000000000,4.066772461,0
81,1,1,0.000000000,-0.599265099,2.569412231,0.000808720,0.069396973,0.000000000,4.115295410,0
82,1,1,0.000000000,-0.599267840,2.570220947,0.000808720,0.070205688,0.000000000,4.163818359,0
83,1,1,0.000000000,-0.599270582,2.571029663,0.000808720,0.071014404,0.000000000,4.212341309,0
84,1,1,0.000000000,-0.599273205,2.571838379,0.000808720,0.071823120,0.000000000,4.260864258,0
85,1,1,0.000000000,-0.599275827,2.572647095,0.000808720,0.072631836,0.000000000,4.309387207,0
86,1,1,0.000000000,-0.599278629,2.573455811,0.000808721,0.073440552,0.000000000,4.357910156,0
87,1,1,0.000000000,-0.599281192,2.574264526,0.000808720,0.074249268,0.000000000,4.406433105,0
88,1,1,0.000000000,-0.599281192,2.575057983,0.000793457,0.075042725,0.000000000,4.454956055,0
89,1,1,0.000000000,-0.599286437,2.575866699,0.000808733,0.075851440,0.000000000,4.502563000,0
90,1,1,0.000000000,-0.599288881,2.576660156,0.000793461,0.076644897,0.000000000,4.551086426,0
91,1,1,0.000000000,-0.599291563,2.577453613,0.000793462,0.077438354,0.000000000,4.598693371,0
92,1,1,0.000000000,-0.599294066,2.578262329,0.000808720,0.078247070,0.000000000,4.646300793,0
93,1,1,0.000000000,-0.599296629,2.579055786,0.000793461,0.079040527,0.000000000,4.694823742,0
94,1,1,0.000000000,-0.599299133,2.579849243,0.000793461,0.079833984,0.000000000,4.742431164,0
95,1,1,-0.000001907,-0.599301696,2.580642700,0.000793463,0.080627441,0.000000000,4.790038586,0
96,1,1,-0.000001907,-0.599304318,2.581436157,0.000793461,0.081420898,0.000000000,4.837646008,0
97,1,1,-0.000001907,-0.599306762,2.582214355,0.000778202,0.082199097,0.000000000,4.885253429,0
98,1,1,-0.000001907,-0.599309325,2.583007813,0.000793461,0.082992554,0.000000000,4.931945324,0
99,1,1,-0.000001907,-0.599311888,2.583801270,0.000793461,0.083786011,0.000000000,4.979552746,0
100,1,1,-0.000001907,-0.599314332,2.584579468,0.000778202,0.084564209,0.000000000,5.027160168,0
101,1,1,-0.000001907,-0.599316895,2.585372925,0.000793461,0.085357666,0.000000000,5.073852062,0
102,1,1,-0.000001907,-0.599319458,2.586151123,0.000778202,0.086135864,0.000000000,5.121459484,0
103,1,1,-0.000001907,-0.599321902,2.586929321,0.000778202,0.086914063,0.000000000,5.168151379,0
104,1,1,-0.000001907,-0.599324524,2.587722778,0.000793461,0.087707520,0.000000000,5.214843273,0
105,1,1,0.000000000,-0.599327087,2.588500977,0.000778205,0.088485718,0.000000000,5.262450695,0
106,1,1,-0.000001907,-0.599329650,2.589279175,0.000778205,0.089263916,0.000000000,5.309142590,0
107,1,1,-0.000001907,-0.599332154,2.590057373,0.000778202,0.090042114,0.000000000,5.355834484,0
108,1,1,-0.000001907,-0.599334657,2.590820313,0.000762944,0.090805054,0.000000000,5.402526379,0
109,1,1,-0.000001907,-0.599337220,2.591598511,0.000778202,0.091583252,0.000000000,5.448302746,0
110,1,1,-0.000001907,-0.599339724,2.592376709,0.000778202,0.092361450,0.000000000,5.494994640,0
111,1,1,-0.000001907,-0.599342227,2.593154907,0.000778202,0.093124390,0.000000000,5.541686535,0
112,1,1,0.000000000,-0.599344790,2.593933105,0.000778205,0.093902588,0.000000000,5.587462902,0
113,1,1,-0.000001907,-0.599347293,2.594680786,0.000747687,0.094665527,0.000000000,5.634154797,0
114,1,1,0.000000000,-0.599347949,2.595458984,0.000778201,0.095443726,0.000000000,5.679931164,0
115,1,1,0.000000000,-0.599352360,2.596221924,0.000762952,0.096206665,0.000000000,5.726622581,0
116,1,1,0.000000000,-0.599354982,2.596984863,0.000762944,0.096969604,0.000000000,5.772399426,0
117,1,1,0.000000000,-0.599357367,2.597747803,0.000762943,0.097732544,0.000000000,5.818175793,0
118,1,1,0.000001907,-0.599359989,2.598510742,0.000762946,0.098495483,0.000000000,5.863952160,0
119,1,1,0.000000000,-0.599362314,2.599273682,0.000762945,0.099258423,0.000000000,5.909728527,0
120,1,1,0.000000000,-0.599364996,2.600036621,0.000762944,0.100021362,0.000000000,5.955504894,0
121,1,1,0.000000000,-0.599367440,2.600799561,0.000762943,0.100784302,0.000000000,6.001281261,0
122,1,1,0.000000000,-0.599369943,2.601547241,0.000747685,0.101531982,0.000000000,6.047057629,0
123,1,1,0.000000000,-0.599372387,2.602310181,0.000762943,0.102294922,0.000000000,6.091918468,0
124,1,1,0.000000000,-0.599374950,2.603073120,0.000762944,0.103057861,0.000000000,6.137694836,0
125,1,1,0.000000000,-0.599377394,2.603820801,0.000747685,0.103805542,0.000000000,6.183471203,0
126,1,1,0.000001907,-0.599379778,2.604568481,0.000747687,0.104553223,0.000000000,6.228332043,0
127,1,1,0.000000000,-0.599382341,2.605331421,0.000762946,0.105316162,0.000000000,6.273192883,0
128,1,1,0.000000000,-0.599384844,2.606079102,0.000747685,0.106063843,0.000000000,6.318969250,0
129,1,1,0.000001907,-0.599387228,2.606826782,0.000747687,0.106811523,0.000000000,6.363830090,0
130,1,1,0.000000000,-0.599389672,2.607574463,0.000747687,0.107559204,0.000000000,6.408690929,0
131,1,1,0.000000000,-0.599392056,2.608322144,0.000747684,0.108306885,0.000000000,6.453551769,0
132,1,1,0.000001907,-0.599394619,2.609069824,0.000747688,0.109054565,0.000000000,6.498412609,0
133,1,1,-0.000001907,-0.599396586,2.609802246,0.000732434,0.109786987,0.000000000,6.543273449,0
134,1,1,-0.000001907,-0.599399447,2.610549927,0.000747686,0.110534668,0.000000000,6.587218761,0
135,1,1,-0.000001907,-0.599401832,2.611297607,0.000747684,0.111282349,0.000000000,6.632079601,0
136,1,1,-0.000001907,-0.599404156,2.612030029,0.000732426,0.112014771,0.000000000,6.676940441,0
137,1,1,0.000000000,-0.599406600,2.612777710,0.000747687,0.112762451,0.000000000,6.720885754,0
138,1,1,-0.000001907,-0.599409103,2.613525391,0.000747687,0.113494873,0.000000000,6.765746593,0
139,1,1,-0.000001907,-0.599411428,2.614257813,0.000732426,0.114227295,0.000000000,6.809691906,0
140,1,1,0.000000000,-0.599413872,2.614990234,0.000732428,0.114974976,0.000000000,6.853637218,0
141,1,1,-0.000001907,-0.599416256,2.615722656,0.000732428,0.115707397,0.000000000,6.898498058,0
142,1,1,-0.000001907,-0.599418700,2.616455078,0.000732426,0.116439819,0.000000000,6.942443371,0
143,1,1,-0.000001907,-0.599421144,2.617187500,0.000732426,0.117172241,0.000000000,6.986388683,0
144,1,1,0.000000000,-0.599423468,2.617919922,0.000732428,0.117904663,0.000000000,7.030333996,0
145,1,1,-0.000001907,-0.599425793,2.618637085,0.000717169,0.118621826,0.000000000,7.074279308,0
146,1,1,-0.000001907,-0.599428236,2.619369507,0.000732426,0.119354248,0.000000000,7.117309093,0
147,1,1,-0.000001907,-0.599430621,2.620101929,0.000732426,0.120086670,0.000000000,7.161254406,0
148,1,1,0.000000000,-0.599433005,2.620819092,0.000717170,0.120803833,0.000000000,7.205199718,0
149,1,1,-0.000001907,-0.599435389,2.621551514,0.000732428,0.121536255,0.000000000,7.248229504,0
150,1,1,-0.000001907,-0.599437714,2.622268677,0.000717167,0.122253418,0.000000000,7.292174816,0
151,1,1,-0.000001907,-0.599441111,2.623001099,0.000732430,0.122985840,0.000000000,7.335204601,0
152,1,1,-0.000001907,-0.599442482,2.623718262,0.000717164,0.123703003,0.000000000,7.379149914,0
153,1,1,0.000000000,-0.599444866,2.624435425,0.000717170,0.124420166,0.000000000,7.422179699,0
154,1,1,0.000000000,-0.599447131,2.625152588,0.000717167,0.125137329,0.000000000,7.465209484,0
155,1,1,-0.000001907,-0.599449515,2.625869751,0.000717170,0.125854492,0.000000000,7.508239269,0
156,1,1,-0.000001907,-0.599451900,2.626586914,0.000717167,0.126571655,0.000000000,7.551269054,0
157,1,1,-0.000001907,-0.599454165,2.627304077,0.000717167,0.127288818,0.000000000,7.594298840,0
158,1,1,0.000000000,-0.599456549,2.628021240,0.000717170,0.128005981,0.000000000,7.637328625,0
159,1,1,-0.000001907,-0.599458814,2.628723145,0.000701911,0.128707886,0.000000000,7.680358410,0
160,1,1,-0.000001907,-0.599461198,2.629440308,0.000717167,0.129425049,0.000000000,7.722472668,0
161,1,1,-0.000001907,-0.599463463,2.630157471,0.000717167,0.130126953,0.000000000,7.765502453,0
162,1,1,-0.000001907,-0.599465847,2.630859375,0.000701908,0.130844116,0.000000000,7.807616711,0
163,1,1,0.000000000,-0.599468112,2.631561279,0.000701911,0.131546021,0.000000000,7.850646496,0
164,1,1,0.000000000,-0.599470496,2.632278442,0.000717167,0.132263184,0.000000000,7.892760754,0
165,1,1,-0.000001907,-0.599472761,2.632980347,0.000701911,0.132965088,0.000000000,7.935790539,0
166,1,1,-0.000001907,-0.599475026,2.633682251,0.000701908,0.133666992,0.000000000,7.977904797,0
167,1,1,-0.000001907,-0.599477410,2.634384155,0.000701908,0.134368896,0.000000000,8.020019531,0
168,1,1,-0.000001907,-0.599479675,2.635086060,0.000701908,0.135070801,0.000000000,8.062133789,0
169,1,1,0.000000000,-0.599481940,2.635787964,0.000701911,0.135772705,0.000000000,8.104248047,0
170,1,1,0.000000000,-0.599484324,2.636489868,0.000701908,0.136474609,0.000000000,8.146362305,0
171,1,1,-0.000001907,-0.599486589,2.637191772,0.000701911,0.137176514,0.000000000,8.188476563,0
172,1,1,-0.000001907,-0.599488735,2.637878418,0.000686649,0.137863159,0.000000000,8.230590820,0
173,1,1,-0.000001907,-0.599491119,2.638580322,0.000701908,0.138565063,0.000000000,8.271789551,0
174,1,1,-0.000001907,-0.599493384,2.639282227,0.000701908,0.139266968,0.000000000,8.313903809,0
175,1,1,0.000000000,-0.599495649,2.639968872,0.000686652,0.139953613,0.000000000,8.356018066,0
176,1,1,0.000000000,-0.599497914,2.640655518,0.000686649,0.140640259,0.000000000,8.397216797,0
177,1,1,0.000000000,-0.599500179,2.641357422,0.000701908,0.141342163,0.000000000,8.438415527,0
178,1,1,0.000000000,-0.599502444,2.642044067,0.000686649,0.142028809,0.000000000,8.480529785,0
179,1,1,-0.000001907,-0.599504709,2.642730713,0.000686652,0.142715454,0.000000000,8.521728516,0
180,1,1,-0.000001907,-0.599506855,2.643417358,0.000686649,0.143402100,0.000000000,8.562927246,0
181,1,1,-0.000001907,-0.599509239,2.644119263,0.000701908,0.144088745,0.000000000,8.604125977,0
182,1,1,-0.000001907,-0.599511385,2.644790649,0.000671390,0.144775391,0.000000000,8.645324707,0
183,1,1,-0.000001907,-0.599513650,2.645477295,0.000686649,0.145462036,0.000000000,8.686523438,0
184,1,1,0.000000000,-0.599515915,2.646163940,0.000686652,0.146148682,0.000000000,8.727722168,0
185,1,1,0.000000000,-0.599518180,2.646850586,0.000686649,0.146835327,0.000000000,8.768920898,0
186,1,1,0.000000000,-0.599520445,2.647521973,0.000671391,0.147506714,0.000000000,8.810119629,0
187,1,1,0.000000000,-0.599522591,2.648208618,0.000686649,0.148193359,0.000000000,8.850402832,0
188,1,1,0.000000000,-0.599524856,2.648880005,0.000671391,0.148864746,0.000000000,8.891601563,0
189,1,1,0.000000000,-0.599527121,2.649566650,0.000686649,0.149551392,0.000000000,8.931884766,0
190,1,1,-0.000001907,-0.599529266,2.650238037,0.000671393,0.150222778,0.000000000,8.973083496,0
191,1,1,-0.000001907,-0.599531531,2.650909424,0.000671391,0.150894165,0.000000000,9.013366699,0
192,1,1,-0.000001907,-0.599533677,2.651596069,0.000686649,0.151580811,0.000000000,9.053649902,0
193,1,1,-0.000001907,-0.599535942,2.652267456,0.000671391,0.152252197,0.000000000,9.094848633,0
194,1,1,-0.000001907,-0.599538088,2.652938843,0.000671390,0.152923584,0.000000000,9.135131836,0
195,1,1,-0.000003815,-0.599542856,2.653610229,0.000671406,0.153594971,0.000000000,9.175414085,0
196,1,1,-0.000003815,-0.599542499,2.654281616,0.000671387,0.154266357,0.000000000,9.215698242,0
197,1,1,-0.000003815,-0.599544644,2.654937744,0.000656131,0.154922485,0.000000000,9.255980492,0
198,1,1,-0.000003815,-0.599546850,2.655609131,0.000671390,0.155593872,0.000000000,9.295348167,0
199,1,1,-0.000003815,-0.599549055,2.656280518,0.000671390,0.156265259,0.000000000,9.335631371,0
200,1,1,-0.000003815,-0.599551201,2.656951904,0.000671390,0.156921387,0.000000000,9.375914574,0
201,1,1,-0.000003815,-0.599553406,2.657608032,0.000656132,0.157592773,0.000000000,9.415282249,0
202,1,1,-0.000003815,-0.599555552,2.658264160,0.000656131,0.158248901,0.000000000,9.455565453,0
203,1,1,-0.000003815,-0.599557757,2.658935547,0.000671390,0.158920288,0.000000000,9.494933128,0
204,1,1,-0.000003815,-0.599559903,2.659591675,0.000656131,0.159576416,0.000000000,9.535216331,0
205,1,1,-0.000003815,-0.599562049,2.660247803,0.000656131,0.160232544,0.000000000,9.574584007,0
206,1,1,-0.000003815,-0.599564195,2.660919189,0.000671390,0.160903931,0.000000000,9.613951683,0
207,1,1,-0.000003815,-0.599566400,2.661575317,0.000656132,0.161560059,0.000000000,9.654234886,0
208,1,1,-0.000003815,-0.599568546,2.662231445,0.000656131,0.162216187,0.000000000,9.693602562,0
209,1,1,-0.000003815,-0.599570692,2.662887573,0.000656131,0.162872314,0.000000000,9.732970238,0
210,1,1,-0.000003815,-0.599572837,2.663543701,0.000656131,0.163528442,0.000000000,9.772337914,0
211,1,1,-0.000003815,-0.599574924,2.664184570,0.000640873,0.164169312,0.000000000,9.811705589,0
212,1,1,-0.000003815,-0.599577069,2.664840698,0.000656131,0.164825439,0.000000000,9.850157738,0
213,1,1,-0.000003815,-0.599579215,2.665496826,0.000656131,0.165481567,0.000000000,9.889525414,0
214,1,1,-0.000003815,-0.599581301,2.666137695,0.000640873,0.166122437,0.000000000,9.928893089,0
215,1,1,-0.000003815,-0.599583447,2.666793823,0.000656131,0.166778564,0.000000000,9.967345238,0
216,1,1,-0.000003815,-0.599585533,2.667434692,0.000640873,0.167419434,0.000000000,10.006712914,0
217,1,1,-0.000003815,-0.599587739,2.668106079,0.000671390,0.168075562,0.000000000,10.045165062,0
218,1,1,-0.000003815,-0.599589825,2.668731689,0.000625614,0.168716431,0.000000000,10.084532738,0
219,1,1,-0.000003815,-0.599591970,2.669372559,0.000640873,0.169357300,0.000000000,10.122984886,0
220,1,1,-0.000003815,-0.599594057,2.670028687,0.000656131,0.170013428,0.000000000,10.161437035,0
221,1,1,-0.000001907,-0.599596202,2.670669556,0.000640876,0.170654297,0.000000000,10.200804710,0
222,1,1,-0.000001907,-0.599598289,2.671310425,0.000640873,0.171295166,0.000000000,10.239256859,0
223,1,1,-0.000001907,-0.599600375,2.671951294,0.000640873,0.171936035,0.000000000,10.277709007,0
224,1,1,-0.000001907,-0.599602520,2.672592163,0.000640873,0.172576904,0.000000000,10.316161156,0
225,1,1,-0.000001907,-0.599604547,2.673217773,0.000625614,0.173202515,0.000000000,10.354613304,0
226,1,1,-0.000001907,-0.599606633,2.673858643,0.000640873,0.173843384,0.000000000,10.392149925,0
227,1,1,-0.000001907,-0.599608719,2.674499512,0.000640873,0.174484253,0.000000000,10.430602074,0
228,1,1,-0.000001907,-0.599610806,2.675140381,0.000640873,0.175125122,0.000000000,10.469054222,0
229,1,1,-0.000003815,-0.599612832,2.675765991,0.000625617,0.175750732,0.000000000,10.507506371,0
230,1,1,-0.000003815,-0.599614978,2.676406860,0.000640873,0.176391602,0.000000000,10.545042992,0
231,1,1,-0.000003815,-0.599617004,2.677032471,0.000625614,0.177017212,0.000000000,10.583495140,0
232,1,1,-0.000003815,-0.599619031,2.677658081,0.000625614,0.177642822,0.000000000,10.621031761,0
233,1,1,-0.000001907,-0.599621177,2.678314209,0.000656134,0.178283691,0.000000000,10.658568382,0
234,1,1,-0.000001907,-0.599623203,2.678924561,0.000610355,0.178909302,0.000000000,10.697020531,0
235,1,1,-0.000001907,-0.599625230,2.679550171,0.000625614,0.179534912,0.000000000,10.734557152,0
236,1,1,-0.000001907,-0.599627316,2.680175781,0.000625614,0.180160522,0.000000000,10.772093773,0
237,1,1,-0.000001907,-0.599629343,2.680801392,0.000625614,0.180786133,0.000000000,10.809630394,0
238,1,1,-0.000001907,-0.599631369,2.681427002,0.000625614,0.181411743,0.000000000,10.847167015,0
239,1,1,-0.000003815,-0.599633396,2.682052612,0.000625617,0.182037354,0.000000000,10.884703636,0
240,1,1,-0.000003815,-0.599635482,2.682678223,0.000625614,0.182662964,0.000000000,10.922240257,0
241,1,1,-0.000001907,-0.599637508,2.683288574,0.000610358,0.183273315,0.000000000,10.959776878,0
242,1,1,-0.000001907,-0.599639535,2.683914185,0.000625614,0.183898926,0.000000000,10.996397972,0
243,1,1,-0.000001907,-0.599641562,2.684539795,0.000625614,0.184524536,0.000000000,11.033934593,0
244,1,1,-0.000001907,-0.599643588,2.685150146,0.000610355,0.185134888,0.000000000,11.071471214,0
245,1,1,-0.000001907,-0.599645615,2.685775757,0.000625614,0.185760498,0.000000000,11.108092308,0
246,1,1,-0.000003815,-0.599647582,2.686386108,0.000610358,0.186370850,0.000000000,11.145628929,0
247,1,1,-0.000003815,-0.599649608,2.686996460,0.000610355,0.186981201,0.000000000,11.182250023,0
248,1,1,-0.000001907,-0.599651635,2.687622070,0.000625617,0.187606812,0.000000000,11.218871117,0
249,1,1,-0.000001907,-0.599653661,2.688232422,0.000610355,0.188217163,0.000000000,11.256407738,0
250,1,1,-0.000001907,-0.599655688,2.688842773,0.000610355,0.188827515,0.000000000,11.293028831,0
251,1,1,-0.000001907,-0.599657714,2.689453125,0.000610355,0.189437866,0.000000000,11.329649925,0
252,1,1,-0.000003815,-0.599659681,2.690063477,0.000610358,0.190048218,0.000000000,11.366271019,0
253,1,1,-0.000001907,-0.599661708,2.690673828,0.000610358,0.190658569,0.000000000,11.402892113,0
254,1,1,-0.000001907,-0.599663675,2.691284180,0.000610355,0.191268921,0.000000000,11.439513206,0
255,1,1,-0.000001907,-0.599665701,2.691894531,0.000610355,0.191879272,0.000000000,11.476134300,0
256,1,1,-0.000001907,-0.599667609,2.692489624,0.000595096,0.192474365,0.000000000,11.512755394,0
257,1,1,-0.000003815,-0.599669576,2.693099976,0.000610358,0.193084717,0.000000000,11.548460960,0
258,1,1,-0.000001907,-0.599671602,2.693710327,0.000610358,0.193695068,0.000000000,11.585082054,0
259,1,1,-0.000001907,-0.599673569,2.694305420,0.000595096,0.194290161,0.000000000,11.621703148,0
260,1,1,-0.000001907,-0.599675536,2.694915771,0.000610355,0.194900513,0.000000000,11.657408714,0
261,1,1,-0.000001907,-0.599677563,2.695510864,0.000595096,0.195495605,0.000000000,11.694029808,0
262,1,1,-0.000003815,-0.599679470,2.696105957,0.000595099,0.196090698,0.000000000,11.729735374,0
263,1,1,-0.000001907,-0.599681437,2.696716309,0.000610358,0.196685791,0.000000000,11.765440941,0
264,1,1,-0.000001907,-0.599683404,2.697311401,0.000595096,0.197296143,0.000000000,11.801146507,0
265,1,1,-0.000001907,-0.599685371,2.697906494,0.000595096,0.197891235,0.000000000,11.837767601,0
266,1,1,0.000000000,-0.599686384,2.698501587,0.000595097,0.198486328,0.000000000,11.873473167,0
267,1,1,0.000000000,-0.599689245,2.699096680,0.000595100,0.199081421,0.000000000,11.909178734,0
268,1,1,-0.000001907,-0.599691153,2.699691772,0.000595099,0.199676514,0.000000000,11.944884300,0
269,1,1,0.000000000,-0.599693179,2.700286865,0.000595099,0.200271606,0.000000000,11.980589867,0
270,1,1,0.000000000,-0.599695086,2.700866699,0.000579837,0.200851440,0.000000000,12.016295433,0
271,1,1,0.000000000,-0.599696994,2.701461792,0.000595096,0.201446533,0.000000000,12.051085472,0
272,1,1,-0.000001907,-0.599698901,2.702056885,0.000595099,0.202041626,0.000000000,12.086791039,0
273,1,1,0.000000000,-0.599700928,2.702651978,0.000595099,0.202636719,0.000000000,12.122496605,0
274,1,1,0.000000000,-0.599702835,2.703231812,0.000579837,0.203216553,0.000000000,12.158202171,0
275,1,1,0.000000000,-0.599704742,2.703826904,0.000595096,0.203811646,0.000000000,12.192992210,0
276,1,1,-0.000001907,-0.599706650,2.704406738,0.000579840,0.204391479,0.000000000,12.228697777,0
277,1,1,0.000000000,-0.599708557,2.704986572,0.000579840,0.204971313,0.000000000,12.263487816,0
278,1,1,0.000000000,-0.599710464,2.705581665,0.000595096,0.205566406,0.000000000,12.298277855,0
279,1,1,0.000000000,-0.599712372,2.706161499,0.000579837,0.206146240,0.000000000,12.333983421,0
280,1,1,0.000000000,-0.599714279,2.706741333,0.000579837,0.206726074,0.000000000,12.368773460,0
281,1,1,0.000000000,-0.599716187,2.707321167,0.000579837,0.207305908,0.000000000,12.403563499,0
282,1,1,0.000000000,-0.599718094,2.707901001,0.000579837,0.207885742,0.000000000,12.438353539,0
283,1,1,-0.000001907,-0.599720001,2.708480835,0.000579840,0.208465576,0.000000000,12.473143578,0
284,1,1,0.000000000,-0.599721909,2.709060669,0.000579840,0.209045410,0.000000000,12.507933617,0
285,1,1,0.000000000,-0.599723816,2.709640503,0.000579837,0.209625244,0.000000000,12.542723656,0
286,1,1,-0.000001907,-0.599725723,2.710220337,0.000579840,0.210205078,0.000000000,12.577513695,0
287,1,1,0.000000000,-0.599727511,2.710784912,0.000564581,0.210769653,0.000000000,12.612303734,0
288,1,1,0.000000000,-0.599729419,2.711364746,0.000579837,0.211349487,0.000000000,12.646178246,0
289,1,1,0.000000000,-0.599731326,2.711944580,0.000579837,0.211929321,0.000000000,12.680968285,0
290,1,1,0.000000000,-0.599733233,2.712524414,0.000579837,0.212493896,0.000000000,12.715758324,0
291,1,1,0.000000000,-0.599735141,2.713088989,0.000564578,0.213073730,0.000000000,12.749632835,0
292,1,1,0.000000000,-0.599736929,2.713653564,0.000564578,0.213638306,0.000000000,12.784422874,0
293,1,1,0.000000000,-0.599738717,2.714218140,0.000564578,0.214202881,0.000000000,12.818297386,0
294,1,1,0.000000000,-0.599740624,2.714797974,0.000579837,0.214782715,0.000000000,12.852171898,0
295,1,1,0.000000000,-0.599742532,2.715362549,0.000564578,0.215347290,0.000000000,12.886961937,0
296,1,1,0.000000000,-0.599744320,2.715927124,0.000564578,0.215911865,0.000000000,12.920836449,0
297,1,1,0.000000000,-0.599746227,2.716491699,0.000564578,0.216476440,0.000000000,12.954710960,0
298,1,1,0.000000000,-0.599748015,2.717056274,0.000564578,0.217041016,0.000000000,12.988585472,0
299,1,1,0.000000000,-0.599749923,2.717620850,0.000564578,0.217605591,0.000000000,13.022459984,0
300,1,1,0.000000000,-0.599751711,2.718185425,0.000564578,0.218170166,0.000000000,13.056334496,0
301,1,1,0.000000000,-0.599753618,2.718750000,0.000564578,0.218734741,0.000000000,13.090209007,0
302,1,1,0.000000000,-0.599755406,2.719314575,0.000564578,0.219299316,0.000000000,13.124083519,0
303,1,1,0.000000000,-0.599757314,2.719879150,0.000564578,0.219848633,0.000000000,13.157958031,0
304,1,1,-0.000001907,-0.599759102,2.720428467,0.000549323,0.220413208,0.000000000,13.190917015,0
305,1,1,0.000000000,-0.599760890,2.720993042,0.000564581,0.220977783,0.000000000,13.224791527,0
306,1,1,0.000000000,-0.599762678,2.721542358,0.000549319,0.221527100,0.000000000,13.258666039,0
307,1,1,0.000000000,-0.599764585,2.722106934,0.000564578,0.222091675,0.000000000,13.291625023,0
308,1,1,0.000000000,-0.599766374,2.722656250,0.000549319,0.222640991,0.000000000,13.325499535,0
309,1,1,0.000000000,-0.599768162,2.723220825,0.000564578,0.223205566,0.000000000,13.358458519,0
310,1,1,0.000000000,-0.599770069,2.723770142,0.000549320,0.223754883,0.000000000,13.392333031,0
311,1,1,0.000000000,-0.599771857,2.724319458,0.000549319,0.224304199,0.000000000,13.425292015,0
312,1,1,0.000000000,-0.599773645,2.724868774,0.000549319,0.224853516,0.000000000,13.458250999,0
313,1,1,0.000000000,-0.599775434,2.725418091,0.000549319,0.225402832,0.000000000,13.491209984,0
314,1,1,0.000000000,-0.599777222,2.725967407,0.000549319,0.225952148,0.000000000,13.524168968,0
315,1,1,0.000000000,-0.599779010,2.726516724,0.000549319,0.226501465,0.000000000,13.557127953,0
316,1,1,0.000000000,-0.599780798,2.727066040,0.000549319,0.227050781,0.000000000,13.590086937,0
317,1,1,0.000000000,-0.599782586,2.727615356,0.000549319,0.227600098,0.000000000,13.623045921,0
318,1,1,0.000000000,-0.599784374,2.728164673,0.000549319,0.228149414,0.000000000,13.656004906,0
319,1,1,0.000000000,-0.599786162,2.728713989,0.000549319,0.228698730,0.000000000,13.688963890,0
320,1,1,0.000000000,-0.599788070,2.729263306,0.000549320,0.229248047,0.000000000,13.721922874,0
321,1,1,0.000000000,-0.599789739,2.729797363,0.000534060,0.229782104,0.000000000,13.754881859,0
322,1,1,0.000000000,-0.599791527,2.730346680,0.000549319,0.230331421,0.000000000,13.786925316,0
323,1,1,0.000000000,-0.599793315,2.730880737,0.000534061,0.230865479,0.000000000,13.819884300,0
324,1,1,0.000000000,-0.599795103,2.731430054,0.000549319,0.231414795,0.000000000,13.851927757,0
325,1,1,0.000000000,-0.599796891,2.731964111,0.000534061,0.231948853,0.000000000,13.884886742,0
326,1,1,0.000000000,-0.599798679,2.732513428,0.000549319,0.232498169,0.000000000,13.916930199,0
327,1,1,0.000000000,-0.599800467,2.733047485,0.000534061,0.233032227,0.000000000,13.949889183,0
328,1,1,0.000000000,-0.599802136,2.733581543,0.000534060,0.233566284,0.000000000,13.981932640,0
329,1,1,0.000000000,-0.599803925,2.734115601,0.000534061,0.234100342,0.000000000,14.013976097,0
330,1,1,0.000000000,-0.599805713,2.734649658,0.000534061,0.234634399,0.000000000,14.046019554,0
331,1,1,0.000000000,-0.599807382,2.735183716,0.000534060,0.235168457,0.000000000,14.078063011,0
332,1,1,0.000000000,-0.599809170,2.735717773,0.000534061,0.235702515,0.000000000,14.110106468,0
333,1,1,0.000000000,-0.599810958,2.736251831,0.000534061,0.236236572,0.000000000,14.142149925,0
334,1,1,0.000000000,-0.599812627,2.736785889,0.000534060,0.236770630,0.000000000,14.174193382,0
335,1,1,0.000000000,-0.599814415,2.737319946,0.000534061,0.237304688,0.000000000,14.206236839,0
336,1,1,0.000000000,-0.599816084,2.737854004,0.000534060,0.237838745,0.000000000,14.238280296,0
337,1,1,0.000000000,-0.599817872,2.738372803,0.000518802,0.238357544,0.000000000,14.270323753,0
338,1,1,0.000000000,-0.599819541,2.738906860,0.000534060,0.238891602,0.000000000,14.301451683,0
339,1,1,0.000000000,-0.599821329,2.739440918,0.000534061,0.239425659,0.000000000,14.333495140,0
340,1,1,0.000000000,-0.599822998,2.739959717,0.000518802,0.239944458,0.000000000,14.365538597,0
341,1,1,0.000000000,-0.599824786,2.740493774,0.000534061,0.240478516,0.000000000,14.396666527,0
342,1,1,0.000000000,-0.599826455,2.741012573,0.000518802,0.240997314,0.000000000,14.428709984,0
343,1,1,-0.000001907,-0.599828243,2.741531372,0.000518805,0.241516113,0.000000000,14.459837914,0
344,1,1,-0.000001907,-0.599829912,2.742065430,0.000534060,0.242050171,0.000000000,14.490965843,0
345,1,1,-0.000001907,-0.599831581,2.742584229,0.000518802,0.242568970,0.000000000,14.523009300,0
346,1,1,-0.000001907,-0.599833369,2.743103027,0.000518802,0.243087769,0.000000000,14.554137230,0
347,1,1,-0.000001907,-0.599835038,2.743621826,0.000518802,0.243606567,0.000000000,14.585265160,0
348,1,1,-0.000001907,-0.599836707,2.744140625,0.000518802,0.244125366,0.000000000,14.616393089,0
349,1,1,-0.000001907,-0.599838376,2.744659424,0.000518802,0.244644165,0.000000000,14.647521019,0
350,1,1,-0.000001907,-0.599840164,2.745178223,0.000518802,0.245162964,0.000000000,14.678648949,0
351,1,1,-0.000001907,-0.599841833,2.745697021,0.000518802,0.245681763,0.000000000,14.709776878,0
352,1,1,-0.000001907,-0.599843502,2.746215820,0.000518802,0.246200562,0.000000000,14.740904808,0
353,1,1,-0.000001907,-0.599845171,2.746734619,0.000518802,0.246719360,0.000000000,14.772032738,0
354,1,1,-0.000001907,-0.599846959,2.747253418,0.000518802,0.247238159,0.000000000,14.803160667,0
355,1,1,-0.000001907,-0.599848509,2.747756958,0.000503542,0.247741699,0.000000000,14.834288597,0
356,1,1,-0.000001907,-0.599850297,2.748275757,0.000518802,0.248260498,0.000000000,14.864500999,0
357,1,1,-0.000001907,-0.599851966,2.748794556,0.000518802,0.248779297,0.000000000,14.895628929,0
358,1,1,-0.000001907,-0.599853635,2.749298096,0.000503543,0.249282837,0.000000000,14.926756859,0
359,1,1,-0.000001907,-0.599855304,2.749801636,0.000503543,0.249786377,0.000000000,14.956969261,0
360,1,1,0.000000000,-0.599856973,2.750320435,0.000518805,0.250305176,0.000000000,14.987181664,0
361,1,1,-0.000001907,-0.599858522,2.750823975,0.000503546,0.250808716,0.000000000,15.018309593,0
362,1,1,-0.000001907,-0.599860311,2.751342773,0.000518802,0.251327515,0.000000000,15.048521996,0
363,1,1,-0.000001907,-0.599861979,2.751846313,0.000503543,0.251831055,0.000000000,15.079649925,0
364,1,1,-0.000001907,-0.599863529,2.752349854,0.000503542,0.252334595,0.000000000,15.109862328,0
365,1,1,-0.000001907,-0.599865317,2.752853394,0.000503543,0.252838135,0.000000000,15.140074730,0
366,1,1,-0.000001907,-0.599866867,2.753356934,0.000503542,0.253341675,0.000000000,15.170287132,0
367,1,1,0.000000000,-0.599868536,2.753860474,0.000503546,0.253845215,0.000000000,15.200499535,0
368,1,1,-0.000001907,-0.599870205,2.754364014,0.000503546,0.254348755,0.000000000,15.230711937,0
369,1,1,-0.000001907,-0.599871874,2.754867554,0.000503543,0.254852295,0.000000000,15.260924339,0
370,1,1,-0.000001907,-0.599873543,2.755371094,0.000503543,0.255355835,0.000000000,15.291136742,0
371,1,1,-0.000001907,-0.599875093,2.755874634,0.000503542,0.255859375,0.000000000,15.321349144,0
372,1,1,-0.000001907,-0.599876761,2.756362915,0.000488284,0.256347656,0.000000000,15.351561546,0
373,1,1,-0.000001907,-0.599878430,2.756866455,0.000503543,0.256851196,0.000000000,15.380858421,0
374,1,1,-0.000001907,-0.599880099,2.757369995,0.000503543,0.257354736,0.000000000,15.411070824,0
375,1,1,-0.000001907,-0.599881649,2.757858276,0.000488284,0.257843018,0.000000000,15.441283226,0
376,1,1,-0.000001907,-0.599883318,2.758361816,0.000503543,0.258346558,0.000000000,15.470580101,0
377,1,1,-0.000001907,-0.599884868,2.758850098,0.000488284,0.258834839,0.000000000,15.500792503,0
378,1,1,-0.000001907,-0.599886537,2.759353638,0.000503543,0.259338379,0.000000000,15.530089378,0
379,1,1,-0.000001907,-0.599888086,2.759841919,0.000488284,0.259826660,0.000000000,15.560301781,0
380,1,1,-0.000001907,-0.599889755,2.760330200,0.000488284,0.260314941,0.000000000,15.589598656,0
381,1,1,-0.000001907,-0.599891305,2.760833740,0.000503542,0.260818481,0.000000000,15.618895531,0
382,1,1,0.000000000,-0.599892974,2.761322021,0.000488288,0.261306763,0.000000000,15.649107933,0
383,1,1,-0.000001907,-0.599894643,2.761810303,0.000488288,0.261795044,0.000000000,15.678404808,0
384,1,1,-0.000001907,-0.599896193,2.762298584,0.000488284,0.262283325,0.000000000,15.707701683,0
385,1,1,-0.000001907,-0.599897861,2.762786865,0.000488284,0.262771606,0.000000000,15.736998558,0
386,1,1,-0.000001907,-0.599899411,2.763275146,0.000488284,0.263259888,0.000000000,15.766295433,0
387,1,1,-0.000001907,-0.599900961,2.763763428,0.000488284,0.263748169,0.000000000,15.795592308,0
388,1,1,-0.000001907,-0.599902630,2.764251709,0.000488284,0.264236450,0.000000000,15.824889183,0
389,1,1,-0.000001907,-0.599904180,2.764739990,0.000488284,0.264724731,0.000000000,15.854186058,0
390,1,1,0.000000000,-0.599905729,2.765213013,0.000473029,0.265197754,0.000000000,15.883482933,0
391,1,1,-0.000001907,-0.599907339,2.765701294,0.000488288,0.265686035,0.000000000,15.911864281,0
392,1,1,-0.000001907,-0.599908948,2.766189575,0.000488284,0.266174316,0.000000000,15.941161156,0
393,1,1,0.000000000,-0.599910498,2.766662598,0.000473029,0.266647339,0.000000000,15.970458031,0
394,1,1,-0.000001907,-0.599912047,2.767150879,0.000488287,0.267135620,0.000000000,15.998839378,0
395,1,1,-0.000001907,-0.599913597,2.767623901,0.000473025,0.267608643,0.000000000,16.028137207,0
396,1,1,0.000000000,-0.599915147,2.768112183,0.000488287,0.268096924,0.000000000,16.056518555,0
397,1,1,-0.000001907,-0.599916756,2.768585205,0.000473029,0.268569946,0.000000000,16.085815430,0
398,1,1,-0.000001907,-0.599918365,2.769073486,0.000488284,0.269058228,0.000000000,16.114196777,0
399,1,1,0.000000000,-0.599919915,2.769546509,0.000473029,0.269531250,0.000000000,16.143493652,0
400,1,1,-0.000001907,-0.599921465,2.770019531,0.000473029,0.270004272,0.000000000,16.171875000,0
401,1,1,-0.000001907,-0.599923015,2.770492554,0.000473025,0.270477295,0.000000000,16.200256348,0
402,1,1,0.000000000,-0.599924564,2.770965576,0.000473029,0.270950317,0.000000000,16.228637695,0
403,1,1,-0.000001907,-0.599926174,2.771453857,0.000488288,0.271438599,0.000000000,16.257019043,0
404,1,1,-0.000001907,-0.599927723,2.771926880,0.000473025,0.271911621,0.000000000,16.286315918,0
405,1,1,-0.000001907,-0.599929214,2.772399902,0.000473025,0.272384644,0.000000000,16.314697266,0
406,1,1,-0.000001907,-0.599930763,2.772857666,0.000457766,0.272842407,0.000000000,16.343078613,0
407,1,1,-0.000001907,-0.599932313,2.773330688,0.000473025,0.273315430,0.000000000,16.370544434,0
408,1,1,-0.000001907,-0.599933863,2.773803711,0.000473025,0.273788452,0.000000000,16.398925781,0
409,1,1,0.000000000,-0.599935412,2.774276733,0.000473029,0.274261475,0.000000000,16.427307129,0
410,1,1,-0.000001907,-0.599936962,2.774749756,0.000473029,0.274734497,0.000000000,16.455688477,0
411,1,1,-0.000001907,-0.599938452,2.775207520,0.000457766,0.275192261,0.000000000,16.484069824,0
412,1,1,0.000000000,-0.599940002,2.775680542,0.000473029,0.275665283,0.000000000,16.511535645,0
413,1,1,-0.000001907,-0.599941552,2.776153564,0.000473029,0.276138306,0.000000000,16.539916992,0
414,1,1,-0.000001907,-0.599943042,2.776611328,0.000457766,0.276596069,0.000000000,16.568298340,0
415,1,1,-0.000001907,-0.599944592,2.777084351,0.000473025,0.277069092,0.000000000,16.595764160,0
416,1,1,0.000000000,-0.599946082,2.777542114,0.000457770,0.277526855,0.000000000,16.624145508,0
417,1,1,-0.000001907,-0.599947631,2.777999878,0.000457770,0.277984619,0.000000000,16.651611328,0
418,1,1,-0.000001907,-0.599949121,2.778472900,0.000473025,0.278457642,0.000000000,16.679077148,0
419,1,1,0.000000000,-0.599950671,2.778930664,0.000457770,0.278915405,0.000000000,16.707458496,0
420,1,1,0.000000000,-0.599952102,2.779388428,0.000457766,0.279373169,0.000000000,16.734924316,0
421,1,1,-0.000001907,-0.599953651,2.779846191,0.000457770,0.279830933,0.000000000,16.762390137,0
422,1,1,-0.000001907,-0.599955142,2.780303955,0.000457766,0.280288696,0.000000000,16.789855957,0
423,1,1,0.000000000,-0.599956632,2.780761719,0.000457770,0.280746460,0.000000000,16.817321777,0
424,1,1,-0.000001907,-0.599958122,2.781219482,0.000457770,0.281204224,0.000000000,16.844787598,0
425,1,1,-0.000001907,-0.599957645,2.781677246,0.000457764,0.281661987,0.000000000,16.872253418,0
426,1,1,-0.000001907,-0.599961102,2.782135010,0.000457777,0.282119751,0.000000000,16.899719238,0
427,1,1,0.000000000,-0.599962592,2.782592773,0.000457770,0.282577515,0.000000000,16.927185059,0
428,1,1,-0.000001907,-0.599964142,2.783050537,0.000457770,0.283035278,0.000000000,16.954650879,0
429,1,1,-0.000001907,-0.599965572,2.783508301,0.000457766,0.283493042,0.000000000,16.982116699,0
430,1,1,-0.000001907,-0.599967122,2.783966064,0.000457766,0.283950806,0.000000000,17.009582520,0
431,1,1,0.000000000,-0.599968553,2.784408569,0.000442511,0.284393311,0.000000000,17.037048340,0
432,1,1,-0.000001907,-0.599970102,2.784866333,0.000457770,0.284851074,0.000000000,17.063598633,0
433,1,1,-0.000001907,-0.599971533,2.785308838,0.000442507,0.285293579,0.000000000,17.091064453,0
434,1,1,-0.000001907,-0.599973083,2.785766602,0.000457766,0.285751343,0.000000000,17.117614746,0
435,1,1,0.000000000,-0.599974394,2.786209106,0.000442511,0.286193848,0.000000000,17.145080566,0
436,1,1,0.000000000,-0.599975944,2.786666870,0.000457766,0.286651611,0.000000000,17.171630859,0
437,1,1,-0.000001907,-0.599977374,2.787109375,0.000442511,0.287094116,0.000000000,17.199096680,0
438,1,1,-0.000001907,-0.599978805,2.787551880,0.000442507,0.287536621,0.000000000,17.225646973,0
439,1,1,-0.000001907,-0.599980354,2.788009644,0.000457766,0.287994385,0.000000000,17.252197266,0
440,1,1,0.000000000,-0.599981785,2.788452148,0.000442511,0.288436890,0.000000000,17.279663086,0
441,1,1,-0.000001907,-0.599983215,2.788894653,0.000442511,0.288879395,0.000000000,17.306213379,0
442,1,1,-0.000001907,-0.599984705,2.789337158,0.000442507,0.289321899,0.000000000,17.332763672,0
443,1,1,-0.000001907,-0.599986196,2.789779663,0.000442507,0.289764404,0.000000000,17.359313965,0
444,1,1,-0.000001907,-0.599987626,2.790222168,0.000442507,0.290206909,0.000000000,17.385864258,0
445,1,1,0.000000000,-0.599989057,2.790664673,0.000442511,0.290649414,0.000000000,17.412414551,0
446,1,1,-0.000001907,-0.599990487,2.791107178,0.000442511,0.291091919,0.000000000,17.438964844,0
447,1,1,-0.000001907,-0.599991918,2.791549683,0.000442507,0.291534424,0.000000000,17.465515137,0
448,1,1,-0.000001907,-0.599993348,2.791992188,0.000442507,0.291976929,0.000000000,17.492065430,0
449,1,1,-0.000001907,-0.599994779,2.792434692,0.000442507,0.292419434,0.000000000,17.518615723,0
450,1,1,0.000000000,-0.599996328,2.792877197,0.000442512,0.292861938,0.000000000,17.545166016,0
451,1,1,0.000000000,-0.599997640,2.793304443,0.000427248,0.293289185,0.000000000,17.571716309,0
452,1,1,-0.000001907,-0.599999130,2.793746948,0.000442511,0.293731689,0.000000000,17.597351074,0
453,1,1,-0.000001907,-0.600000560,2.794174194,0.000427248,0.294158936,0.000000000,17.623901367,0
454,1,1,-0.000001907,-0.600001991,2.794616699,0.000442507,0.294601440,0.000000000,17.649536133,0
455,1,1,0.000000000,-0.600003421,2.795059204,0.000442511,0.295043945,0.000000000,17.676086426,0
456,1,1,0.000000000,-0.600004792,2.795486450,0.000427248,0.295471191,0.000000000,17.702636719,0
457,1,1,0.000000000,-0.600006223,2.795913696,0.000427248,0.295898438,0.000000000,17.728271484,0
458,1,1,-0.000001907,-0.600007653,2.796356201,0.000442511,0.296340942,0.000000000,17.753906250,0
459,1,1,-0.000001907,-0.600009024,2.796783447,0.000427248,0.296768188,0.000000000,17.780456543,0
460,1,1,-0.000001907,-0.600010514,2.797210693,0.000427249,0.297195435,0.000000000,17.806091309,0
461,1,1,-0.000001907,-0.600011945,2.797653198,0.000442507,0.297637939,0.000000000,17.831726074,0
462,1,1,0.000000000,-0.600013316,2.798080444,0.000427253,0.298065186,0.000000000,17.858276367,0
463,1,1,0.000000000,-0.600014687,2.798507690,0.000427248,0.298492432,0.000000000,17.883911133,0
464,1,1,0.000000000,-0.600016117,2.798934937,0.000427248,0.298919678,0.000000000,17.909545898,0
465,1,1,-0.000001907,-0.600017548,2.799362183,0.000427253,0.299346924,0.000000000,17.935180664,0
466,1,1,-0.000001907,-0.600018978,2.799789429,0.000427248,0.299774170,0.000000000,17.960815430,0
467,1,1,-0.000001907,-0.600020289,2.800216675,0.000427248,0.300201416,0.000000000,17.986450195,0
468,1,1,-0.000001907,-0.600021720,2.800643921,0.000427248,0.300628662,0.000000000,18.012084961,0
469,1,1,0.000000000,-0.600023091,2.801071167,0.000427253,0.301055908,0.000000000,18.037719727,0
470,1,1,0.000000000,-0.600024462,2.801483154,0.000411990,0.301467896,0.000000000,18.063354492,0
471,1,1,0.000000000,-0.600025892,2.801910400,0.000427248,0.301895142,0.000000000,18.088073730,0
472,1,1,-0.000001907,-0.600027263,2.802337646,0.000427253,0.302322388,0.000000000,18.113708496,0
473,1,1,-0.000001907,-0.600028634,2.802764893,0.000427248,0.302749634,0.000000000,18.139343262,0
474,1,1,-0.000001907,-0.600029945,2.803176880,0.000411989,0.303161621,0.000000000,18.164978027,0
475,1,1,-0.000001907,-0.600031376,2.803604126,0.000427248,0.303588867,0.000000000,18.189697266,0
476,1,1,-0.000001907,-0.600032687,2.804016113,0.000411989,0.304000854,0.000000000,18.215332031,0
477,1,1,0.000000000,-0.600034058,2.804428101,0.000411994,0.304412842,0.000000000,18.240051270,0
478,1,1,0.000000000,-0.600035429,2.804840088,0.000411990,0.304840088,0.000000000,18.265228271,0
479,1,1,0.000000000,-0.600036860,2.805252075,0.000411990,0.305259705,0.000000000,18.290403366,0
480,1,1,0.000000000,-0.600038171,2.805679321,0.000427248,0.305679321,0.000000000,18.315580368,0
481,1,1,0.000000000,-0.600039601,2.806091309,0.000411990,0.306091309,0.000000000,18.340757370,0
482,1,1,-0.000001907,-0.600040913,2.806526184,0.000434882,0.306510925,0.000000000,18.365476608,0
483,1,1,-0.000001907,-0.600042343,2.806945801,0.000419619,0.306922913,0.000000000,18.390653610,0
484,1,1,-0.000001907,-0.600043714,2.807365417,0.000419619,0.307342529,0.000000000,18.415372849,0
485,1,1,-0.000001907,-0.600045085,2.807777405,0.000411990,0.307754517,0.000000000,18.440549850,0
486,1,1,-0.000001907,-0.600046396,2.808189392,0.000411989,0.308166504,0.000000000,18.465269089,0
487,1,1,-0.000001907,-0.600047708,2.808601379,0.000411989,0.308578491,0.000000000,18.489988327,0
488,1,1,0.000000000,-0.600049078,2.809013367,0.000411994,0.308990479,0.000000000,18.514707565,0
489,1,1,0.000000000,-0.600050449,2.809425354,0.000411990,0.309402466,0.000000000,18.539426804,0
490,1,1,0.000000000,-0.600051761,2.809837341,0.000411989,0.309814453,0.000000000,18.564146042,0
491,1,1,0.000000000,-0.600053132,2.810241699,0.000404360,0.310218811,0.000000000,18.588865280,0
492,1,1,0.000000000,-0.600054502,2.810653687,0.000411990,0.310630798,0.000000000,18.613126755,0
493,1,1,0.000000000,-0.600055754,2.811058044,0.000404360,0.311035156,0.000000000,18.637845993,0
494,1,1,-0.000001907,-0.600057125,2.811470032,0.000411994,0.311447144,0.000000000,18.662107468,0
495,1,1,-0.000001907,-0.600058436,2.811874390,0.000404360,0.311851501,0.000000000,18.686826706,0
496,1,1,-0.000001907,-0.600059748,2.812278748,0.000404360,0.312255859,0.000000000,18.711088181,0
497,1,1,-0.000001907,-0.600061059,2.812675476,0.000396731,0.312660217,0.000000000,18.735349655,0
498,1,1,-0.000001907,-0.600062490,2.813095093,0.000419619,0.313072205,0.000000000,18.759611130,0
499,1,1,-0.000001907,-0.600063741,2.813491821,0.000396730,0.313468933,0.000000000,18.784330368,0
500,1,1,-0.000001907,-0.600065112,2.813896179,0.000404360,0.313873291,0.000000000,18.808134079,0
501,1,1,-0.000001907,-0.600066423,2.814300537,0.000404360,0.314277649,0.000000000,18.832395554,0
502,1,1,-0.000001907,-0.600067675,2.814704895,0.000404360,0.314682007,0.000000000,18.856657028,0
503,1,1,0.000000000,-0.600069046,2.815109253,0.000404365,0.315086365,0.000000000,18.880918503,0
504,1,1,0.000000000,-0.600070357,2.815505981,0.000396731,0.315483093,0.000000000,18.905179977,0
505,1,1,0.000000000,-0.600071609,2.815902710,0.000396730,0.315879822,0.000000000,18.928983688,0
506,1,1,0.000000000,-0.600072980,2.816307068,0.000404360,0.316284180,0.000000000,18.952787399,0
507,1,1,0.000000000,-0.600076914,2.816711426,0.000404377,0.316680908,0.000000000,18.977048874,0
508,1,1,0.000000000,-0.600075603,2.817108154,0.000396731,0.317077637,0.000000000,19.000852585,0
509,1,1,0.000000000,-0.600076795,2.817504883,0.000396730,0.317474365,0.000000000,19.024656296,0
510,1,1,0.000000000,-0.600078106,2.817901611,0.000396731,0.317871094,0.000000000,19.048460007,0
511,1,1,0.000000000,-0.600079417,2.818298340,0.000396731,0.318267822,0.000000000,19.072263718,0
512,1,1,0.000000000,-0.600080729,2.818695068,0.000396731,0.318664551,0.000000000,19.096067429,0
513,1,1,0.000000000,-0.600082040,2.819091797,0.000396731,0.319061279,0.000000000,19.119871140,0
514,1,1,0.000000000,-0.600083292,2.819488525,0.000396730,0.319458008,0.000000000,19.143674850,0
515,1,1,0.000000000,-0.600084603,2.819877625,0.000389101,0.319847107,0.000000000,19.167478561,0
516,1,1,0.000000000,-0.600085855,2.820274353,0.000396730,0.320243835,0.000000000,19.190824509,0
517,1,1,0.000000000,-0.600087166,2.820663452,0.000389101,0.320632935,0.000000000,19.214628220,0
518,1,1,0.000000000,-0.600088418,2.821052551,0.000389101,0.321022034,0.000000000,19.237974167,0
519,1,1,0.000000000,-0.600089788,2.821441650,0.000389102,0.321418762,0.000000000,19.261320114,0
520,1,1,0.000000000,-0.600090981,2.821838379,0.000396730,0.321807861,0.000000000,19.285123825,0
521,1,1,0.000000000,-0.600092292,2.822227478,0.000389101,0.322196960,0.000000000,19.308469772,0
522,1,1,0.000000000,-0.600093544,2.822616577,0.000389101,0.322586060,0.000000000,19.331815720,0
523,1,1,0.000000000,-0.600094795,2.823005676,0.000389101,0.322975159,0.000000000,19.355161667,0
524,1,1,0.000000000,-0.600096107,2.823387146,0.000381472,0.323356628,0.000000000,19.378507614,0
525,1,1,0.000000000,-0.600097418,2.823776245,0.000389101,0.323745728,0.000000000,19.401395798,0
526,1,1,0.000000000,-0.600098610,2.824165344,0.000389101,0.324134827,0.000000000,19.424741745,0
527,1,1,0.000000000,-0.600099862,2.824546814,0.000381472,0.324516296,0.000000000,19.448087692,0
528,1,1,0.000000000,-0.600101113,2.824935913,0.000389101,0.324905396,0.000000000,19.470975876,0
529,1,1,0.000000000,-0.600102425,2.825317383,0.000381472,0.325286865,0.000000000,19.494321823,0
530,1,1,0.000000000,-0.600103736,2.825706482,0.000389101,0.325675964,0.000000000,19.517210007,0
531,1,1,0.000000000,-0.600104928,2.826087952,0.000381472,0.326057434,0.000000000,19.540555954,0
532,1,1,0.000000000,-0.600106180,2.826469421,0.000381472,0.326438904,0.000000000,19.563444138,0
533,1,1,0.000000000,-0.600107431,2.826850891,0.000381472,0.326820374,0.000000000,19.586332321,0
534,1,1,0.000000000,-0.600108624,2.827232361,0.000381472,0.327201843,0.000000000,19.609220505,0
535,1,1,0.000000000,-0.600109935,2.827613831,0.000381472,0.327583313,0.000000000,19.632108688,0
536,1,1,-0.000001907,-0.600111246,2.827995300,0.000381477,0.327964783,0.000000000,19.654996872,0
537,1,1,-0.000001907,-0.600112438,2.828369141,0.000373842,0.328338623,0.000000000,19.677885056,0
538,1,1,-0.000001907,-0.600113690,2.828750610,0.000381472,0.328720093,0.000000000,19.700315475,0
539,1,1,-0.000001907,-0.600114942,2.829132080,0.000381472,0.329101563,0.000000000,19.723203659,0
540,1,1,-0.000001907,-0.600116074,2.829505920,0.000373842,0.329475403,0.000000000,19.746091843,0
541,1,1,-0.000001907,-0.600117326,2.829879761,0.000373842,0.329849243,0.000000000,19.768522263,0
542,1,1,-0.000001907,-0.600118518,2.830261230,0.000381472,0.330230713,0.000000000,19.790952682,0
543,1,1,-0.000001907,-0.600119829,2.830635071,0.000373843,0.330604553,0.000000000,19.813840866,0
544,1,1,0.000000000,-0.600121081,2.831008911,0.000373847,0.330978394,0.000000000,19.836271286,0
545,1,1,0.000000000,-0.600122333,2.831382751,0.000373842,0.331352234,0.000000000,19.858701706,0
546,1,1,0.000000000,-0.600123525,2.831756592,0.000373842,0.331726074,0.000000000,19.881132126,0
547,1,1,0.000000000,-0.600124717,2.832130432,0.000373842,0.332099915,0.000000000,19.903562546,0
548,1,1,0.000000000,-0.600125909,2.832504272,0.000373842,0.332473755,0.000000000,19.925992966,0
549,1,1,0.000000000,-0.600127161,2.832878113,0.000373842,0.332847595,0.000000000,19.948423386,0
550,1,1,0.000000000,-0.600128412,2.833244324,0.000366213,0.333213806,0.000000000,19.970853806,0
551,1,1,0.000000000,-0.600129604,2.833618164,0.000373842,0.333587646,0.000000000,19.992826462,0
552,1,1,0.000000000,-0.600130796,2.833984375,0.000366213,0.333953857,0.000000000,20.015256882,0
553,1,1,0.000000000,-0.600131989,2.834358215,0.000373842,0.334327698,0.000000000,20.037229538,0
554,1,1,-0.000001907,-0.600133181,2.834724426,0.000366218,0.334693909,0.000000000,20.059659958,0
555,1,1,-0.000001907,-0.600134373,2.835090637,0.000366213,0.335060120,0.000000000,20.081632614,0
556,1,1,-0.000001907,-0.600135565,2.835456848,0.000366213,0.335426331,0.000000000,20.103605270,0
557,1,1,-0.000001907,-0.600136817,2.835815430,0.000358584,0.335792542,0.000000000,20.125577927,0
558,1,1,0.000000000,-0.600138009,2.836189270,0.000373847,0.336158752,0.000000000,20.147550583,0
559,1,1,0.000000000,-0.600139141,2.836555481,0.000366213,0.336524963,0.000000000,20.169523239,0
560,1,1,0.000000000,-0.600140333,2.836921692,0.000366213,0.336891174,0.000000000,20.191495895,0
561,1,1,0.000000000,-0.600141585,2.837287903,0.000366213,0.337257385,0.000000000,20.213468552,0
562,1,1,0.000000000,-0.600142837,2.837654114,0.000366213,0.337623596,0.000000000,20.235441208,0
563,1,1,0.000000000,-0.600143969,2.838012695,0.000358583,0.337982178,0.000000000,20.257413864,0
564,1,1,0.000000000,-0.600145161,2.838378906,0.000366213,0.338348389,0.000000000,20.278928757,0
565,1,1,-0.000001907,-0.600146294,2.838737488,0.000358588,0.338706970,0.000000000,20.300901413,0
566,1,1,-0.000001907,-0.600147605,2.839103699,0.000366213,0.339073181,0.000000000,20.322416306,0
567,1,1,-0.000001907,-0.600148678,2.839462280,0.000358583,0.339431763,0.000000000,20.344388962,0
568,1,1,0.000000000,-0.600149989,2.839820862,0.000358589,0.339790344,0.000000000,20.365903854,0
569,1,1,0.000000000,-0.600151062,2.840179443,0.000358583,0.340148926,0.000000000,20.387418747,0
570,1,1,0.000000000,-0.600152254,2.840538025,0.000358584,0.340507507,0.000000000,20.408933640,0
571,1,1,0.000000000,-0.600153387,2.840896606,0.000358583,0.340866089,0.000000000,20.430448532,0
572,1,1,0.000000000,-0.600154519,2.841255188,0.000358583,0.341224670,0.000000000,20.451963425,0
573,1,1,0.000000000,-0.600155771,2.841613770,0.000358584,0.341583252,0.000000000,20.473478317,0
574,1,1,-0.000001907,-0.600156903,2.841972351,0.000358588,0.341941833,0.000000000,20.494993210,0
575,1,1,-0.000001907,-0.600158095,2.842323303,0.000350954,0.342292786,0.000000000,20.516508102,0
576,1,1,0.000000000,-0.600159228,2.842681885,0.000358588,0.342651367,0.000000000,20.537565231,0
577,1,1,0.000000000,-0.600160480,2.843040466,0.000358584,0.343009949,0.000000000,20.559080124,0
578,1,1,0.000000000,-0.600161552,2.843391418,0.000350954,0.343360901,0.000000000,20.580595016,0
579,1,1,0.000000000,-0.600162745,2.843742371,0.000350954,0.343711853,0.000000000,20.601652145,0
580,1,1,0.000000000,-0.600163877,2.844100952,0.000358583,0.344070435,0.000000000,20.622709274,0
581,1,1,-0.000001907,-0.600165009,2.844451904,0.000350959,0.344421387,0.000000000,20.644224167,0
582,1,1,-0.000001907,-0.600166202,2.844802856,0.000350954,0.344772339,0.000000000,20.665281296,0
583,1,1,0.000000000,-0.600167334,2.845153809,0.000350959,0.345123291,0.000000000,20.686338425,0
584,1,1,0.000000000,-0.600168467,2.845504761,0.000350954,0.345474243,0.000000000,20.707395554,0
585,1,1,0.000000000,-0.600169659,2.845855713,0.000350954,0.345825195,0.000000000,20.728452682,0
586,1,1,0.000000000,-0.600170851,2.846206665,0.000350954,0.346176147,0.000000000,20.749509811,0
587,1,1,0.000000000,-0.600171924,2.846549988,0.000343324,0.346519470,0.000000000,20.770566940,0
588,1,1,-0.000001907,-0.600173116,2.846900940,0.000350959,0.346870422,0.000000000,20.791166306,0
589,1,1,-0.000001907,-0.600174189,2.847251892,0.000350954,0.347221375,0.000000000,20.812223434,0
590,1,1,0.000000000,-0.600175381,2.847595215,0.000343330,0.347564697,0.000000000,20.833280563,0
591,1,1,0.000000000,-0.600176513,2.847946167,0.000350954,0.347915649,0.000000000,20.853879929,0
592,1,1,0.000000000,-0.600177586,2.848289490,0.000343324,0.348258972,0.000000000,20.874937057,0
593,1,1,0.000000000,-0.600178719,2.848632813,0.000343325,0.348602295,0.000000000,20.895536423,0
594,1,1,-0.000001907,-0.600179911,2.848976135,0.000343330,0.348945618,0.000000000,20.916135788,0
595,1,1,-0.000001907,-0.600181043,2.849327087,0.000350954,0.349296570,0.000000000,20.936735153,0
596,1,1,0.000000000,-0.600182116,2.849670410,0.000343330,0.349639893,0.000000000,20.957792282,0
597,1,1,0.000000000,-0.600183249,2.850013733,0.000343325,0.349983215,0.000000000,20.978391647,0
598,1,1,0.000000000,-0.600184381,2.850357056,0.000343325,0.350326538,0.000000000,20.998991013,0
599,1,1,0.000000000,-0.600185513,2.850692749,0.000335695,0.350662231,0.000000000,21.019590378,0
600,1,1,-0.000001907,-0.600186646,2.851036072,0.000343330,0.351005554,0.000000000,21.039731979,0
601,1,1,-0.000001907,-0.600187778,2.851379395,0.000343325,0.351348877,0.000000000,21.060331345,0
602,1,1,0.000000000,-0.600188851,2.851715088,0.000335700,0.351684570,0.000000000,21.080930710,0
603,1,1,0.000000000,-0.600189924,2.852058411,0.000343324,0.352027893,0.000000000,21.101072311,0
604,1,1,0.000000000,-0.600190997,2.852394104,0.000335695,0.352363586,0.000000000,21.121671677,0
605,1,1,-0.000001907,-0.600192189,2.852737427,0.000343330,0.352706909,0.000000000,21.141813278,0
606,1,1,-0.000001907,-0.600193262,2.853073120,0.000335695,0.353042603,0.000000000,21.162412643,0
607,1,1,0.000000000,-0.600194335,2.853408813,0.000335700,0.353378296,0.000000000,21.182554245,0
608,1,1,0.000000000,-0.600195527,2.853752136,0.000343325,0.353721619,0.000000000,21.202695847,0
609,1,1,0.000000000,-0.600196600,2.854087830,0.000335695,0.354057312,0.000000000,21.223295212,0
610,1,1,0.000000000,-0.600197673,2.854423523,0.000335695,0.354393005,0.000000000,21.243436813,0
611,1,1,-0.000001907,-0.600198865,2.854759216,0.000335701,0.354728699,0.000000000,21.263578415,0
612,1,1,0.000000000,-0.600199938,2.855087280,0.000328071,0.355056763,0.000000000,21.283720016,0
613,1,1,0.000000000,-0.600200951,2.855422974,0.000335695,0.355392456,0.000000000,21.303403854,0
614,1,1,0.000000000,-0.600202084,2.855758667,0.000335695,0.355728149,0.000000000,21.323545456,0
615,1,1,-0.000001907,-0.600203156,2.856094360,0.000335700,0.356063843,0.000000000,21.343687057,0
616,1,1,0.000000000,-0.600204229,2.856422424,0.000328071,0.356391907,0.000000000,21.363828659,0
617,1,1,0.000000000,-0.600205302,2.856758118,0.000335695,0.356727600,0.000000000,21.383512497,0
618,1,1,0.000000000,-0.600206375,2.857086182,0.000328066,0.357055664,0.000000000,21.403654099,0
619,1,1,0.000000000,-0.600207508,2.857421875,0.000335695,0.357391357,0.000000000,21.423337936,0
620,1,1,-0.000001907,-0.600208640,2.857749939,0.000328071,0.357719421,0.000000000,21.443479538,0
621,1,1,0.000000000,-0.600209653,2.858078003,0.000328071,0.358047485,0.000000000,21.463163376,0
622,1,1,0.000000000,-0.600210667,2.858406067,0.000328066,0.358375549,0.000000000,21.482847214,0
623,1,1,0.000000000,-0.600211799,2.858734131,0.000328066,0.358703613,0.000000000,21.502531052,0
624,1,1,-0.000001907,-0.600212932,2.859062195,0.000328071,0.359031677,0.000000000,21.522214890,0
625,1,1,0.000000000,-0.600213945,2.859382629,0.000320442,0.359359741,0.000000000,21.541898727,0
626,1,1,0.000000000,-0.600215077,2.859718323,0.000335695,0.359687805,0.000000000,21.561582565,0
627,1,1,0.000000000,-0.600216150,2.860046387,0.000328066,0.360015869,0.000000000,21.581266403,0
628,1,1,0.000000000,-0.600217164,2.860374451,0.000328066,0.360343933,0.000000000,21.600950241,0
629,1,1,-0.000001907,-0.600218177,2.860687256,0.000312813,0.360664368,0.000000000,21.620634079,0
630,1,1,0.000000000,-0.600219309,2.861022949,0.000335701,0.360992432,0.000000000,21.639860153,0
631,1,1,0.000000000,-0.600220382,2.861343384,0.000320436,0.361312866,0.000000000,21.659543991,0
632,1,1,0.000000000,-0.600221455,2.861671448,0.000328066,0.361640930,0.000000000,21.678770065,0
633,1,1,-0.000001907,-0.600222468,2.861991882,0.000320442,0.361961365,0.000000000,21.698453903,0
634,1,1,0.000000000,-0.600223541,2.862312317,0.000320442,0.362281799,0.000000000,21.717679977,0
635,1,1,0.000000000,-0.600224733,2.862640381,0.000328066,0.362609863,0.000000000,21.736906052,0
636,1,1,0.000000000,-0.600225687,2.862960815,0.000320436,0.362930298,0.000000000,21.756589890,0
637,1,1,-0.000001907,-0.600226760,2.863281250,0.000320442,0.363250732,0.000000000,21.775815964,0
638,1,1,0.000000000,-0.600227714,2.863601685,0.000320442,0.363571167,0.000000000,21.795042038,0
639,1,1,0.000000000,-0.600228786,2.863922119,0.000320436,0.363891602,0.000000000,21.814268112,0
640,1,1,0.000000000,-0.600229859,2.864242554,0.000320436,0.364212036,0.000000000,21.833494186,0
641,1,1,0.000000000,-0.600230932,2.864555359,0.000312807,0.364524841,0.000000000,21.852720261,0
642,1,1,0.000000000,-0.600231946,2.864875793,0.000320436,0.364845276,0.000000000,21.871488571,0
643,1,1,0.000000000,-0.600232959,2.865196228,0.000320436,0.365165710,0.000000000,21.890714645,0
644,1,1,-0.000001907,-0.600234032,2.865509033,0.000312813,0.365478516,0.000000000,21.909940720,0
645,1,1,0.000000000,-0.600235045,2.865829468,0.000320442,0.365798950,0.000000000,21.928709030,0
646,1,1,0.000000000,-0.600236118,2.866142273,0.000312807,0.366111755,0.000000000,21.947935104,0
647,1,1,0.000000000,-0.600237131,2.866462708,0.000320436,0.366432190,0.000000000,21.966703415,0
648,1,1,-0.000001907,-0.600238144,2.866767883,0.000305183,0.366744995,0.000000000,21.985929489,0
649,1,1,0.000000000,-0.600239217,2.867088318,0.000320442,0.367057800,0.000000000,22.004697800,0
650,1,1,0.000000000,-0.600240171,2.867401123,0.000312807,0.367370605,0.000000000,22.023466110,0
651,1,1,0.000000000,-0.600241303,2.867721558,0.000320437,0.367691040,0.000000000,22.042234421,0
652,1,1,0.000000000,-0.600242257,2.868034363,0.000312807,0.368003845,0.000000000,22.061460495,0
653,1,1,0.000000000,-0.600243330,2.868347168,0.000312807,0.368316650,0.000000000,22.080228806,0
654,1,1,0.000000000,-0.600244343,2.868659973,0.000312807,0.368629456,0.000000000,22.098997116,0
655,1,1,-0.000001907,-0.600245297,2.868965149,0.000305183,0.368934631,0.000000000,22.117765427,0
656,1,1,0.000000000,-0.600246370,2.869277954,0.000312813,0.369247437,0.000000000,22.136075974,0
657,1,1,0.000000000,-0.600247383,2.869590759,0.000312807,0.369560242,0.000000000,22.154844284,0
658,1,1,-0.000001907,-0.600248337,2.869895935,0.000305183,0.369865417,0.000000000,22.173612595,0
659,1,1,0.000000000,-0.600249410,2.870208740,0.000312813,0.370178223,0.000000000,22.191923141,0
660,1,1,0.000000000,-0.600250363,2.870521545,0.000312807,0.370491028,0.000000000,22.210691452,0
661,1,1,0.000000000,-0.600251436,2.870826721,0.000305178,0.370796204,0.000000000,22.229459763,0
662,1,1,0.000000000,-0.600252390,2.871131897,0.000305177,0.371101379,0.000000000,22.247770309,0
663,1,1,0.000000000,-0.600253463,2.871444702,0.000312807,0.371414185,0.000000000,22.266080856,0
664,1,1,0.000000000,-0.600254416,2.871749878,0.000305177,0.371719360,0.000000000,22.284849167,0
665,1,1,0.000000000,-0.600255489,2.872058868,0.000308992,0.372028351,0.000000000,22.303159714,0
666,1,1,0.000000000,-0.600256443,2.872360229,0.000301363,0.372329712,0.000000000,22.321470261,0
667,1,1,0.000000000,-0.600257456,2.872673035,0.000312807,0.372634888,0.000000000,22.339780807,0
668,1,1,-0.000001907,-0.600258410,2.872974396,0.000301369,0.372940063,0.000000000,22.358091354,0
669,1,1,0.000000000,-0.600259483,2.873279572,0.000305184,0.373245239,0.000000000,22.376401901,0
670,1,1,0.000000000,-0.600259304,2.873580933,0.000301361,0.373550415,0.000000000,22.394712448,0
671,1,1,0.000000000,-0.600261450,2.873889923,0.000308998,0.373851776,0.000000000,22.413022995,0
672,1,1,0.000000000,-0.600262463,2.874191284,0.000301363,0.374153137,0.000000000,22.431104660,0
673,1,1,0.000000000,-0.600263476,2.874492645,0.000301363,0.374458313,0.000000000,22.449186325,0
674,1,1,-0.000001907,-0.600264430,2.874794006,0.000301369,0.374759674,0.000000000,22.467496872,0
675,1,1,0.000000000,-0.600265443,2.875095367,0.000301369,0.375061035,0.000000000,22.485578537,0
676,1,1,0.000000000,-0.600266457,2.875396729,0.000301363,0.375362396,0.000000000,22.503660202,0
677,1,1,-0.000001907,-0.600267410,2.875690460,0.000293739,0.375659943,0.000000000,22.521741867,0
678,1,1,0.000000000,-0.600268364,2.875995636,0.000305183,0.375961304,0.000000000,22.539594650,0
679,1,1,0.000000000,-0.600269377,2.876289368,0.000293733,0.376258850,0.000000000,22.557676315,0
680,1,1,0.000000000,-0.600270331,2.876594543,0.000305177,0.376560211,0.000000000,22.575529099,0
681,1,1,0.000000000,-0.600271344,2.876892090,0.000297548,0.376857758,0.000000000,22.593610764,0
682,1,1,0.000000000,-0.600272298,2.877189636,0.000297548,0.377155304,0.000000000,22.611463547,0
683,1,1,0.000000000,-0.600273252,2.877487183,0.000297548,0.377452850,0.000000000,22.629316330,0
684,1,1,0.000000000,-0.600274205,2.877784729,0.000297548,0.377750397,0.000000000,22.647169113,0
685,1,1,0.000000000,-0.600275218,2.878082275,0.000297548,0.378047943,0.000000000,22.665021896,0
686,1,1,0.000000000,-0.600276172,2.878376007,0.000293733,0.378341675,0.000000000,22.682874680,0
687,1,1,0.000000000,-0.600277185,2.878673553,0.000297548,0.378639221,0.000000000,22.700498581,0
688,1,1,0.000000000,-0.600278139,2.878967285,0.000293733,0.378932953,0.000000000,22.718351364,0
689,1,1,0.000000000,-0.600279093,2.879261017,0.000293733,0.379226685,0.000000000,22.735975266,0
690,1,1,0.000000000,-0.600280046,2.879550934,0.000289919,0.379520416,0.000000000,22.753599167,0
691,1,1,0.000000000,-0.600281000,2.879848480,0.000297548,0.379814148,0.000000000,22.771223068,0
692,1,1,0.000000000,-0.600281954,2.880142212,0.000293733,0.380107880,0.000000000,22.788846970,0
693,1,1,0.000000000,-0.600282907,2.880432129,0.000289919,0.380397797,0.000000000,22.806470871,0
694,1,1,-0.000001907,-0.600283861,2.880725861,0.000293739,0.380691528,0.000000000,22.823865891,0
695,1,1,0.000000000,-0.600284815,2.881015778,0.000289925,0.380981445,0.000000000,22.841489792,0
696,1,1,0.000000000,-0.600285769,2.881309509,0.000293733,0.381275177,0.000000000,22.858884811,0
697,1,1,0.000000000,-0.600286722,2.881599426,0.000289919,0.381565094,0.000000000,22.876508713,0
698,1,1,0.000000000,-0.600287676,2.881889343,0.000289919,0.381855011,0.000000000,22.893903732,0
699,1,1,0.000000000,-0.600288630,2.882175446,0.000286104,0.382144928,0.000000000,22.911298752,0
700,1,1,0.000000000,-0.600289583,2.882465363,0.000289919,0.382431030,0.000000000,22.928693771,0
701,1,1,0.000000000,-0.600290537,2.882751465,0.000286104,0.382720947,0.000000000,22.945859909,0
702,1,1,-0.000001907,-0.600291431,2.883045197,0.000293739,0.383010864,0.000000000,22.963254929,0
703,1,1,0.000000000,-0.600292385,2.883331299,0.000286110,0.383296967,0.000000000,22.980649948,0
704,1,1,0.000000000,-0.600293338,2.883617401,0.000286104,0.383583069,0.000000000,22.997816086,0
705,1,1,0.000000000,-0.600294232,2.883903503,0.000286104,0.383869171,0.000000000,23.014982224,0
706,1,1,0.000000000,-0.600295186,2.884189606,0.000286104,0.384155273,0.000000000,23.032148361,0
707,1,1,0.000000000,-0.600296140,2.884475708,0.000286104,0.384441376,0.000000000,23.049314499,0
708,1,1,0.000000000,-0.600297093,2.884761810,0.000286104,0.384727478,0.000000000,23.066480637,0
709,1,1,0.000000000,-0.600298047,2.885047913,0.000286104,0.385013580,0.000000000,23.083646774,0
710,1,1,0.000000000,-0.600298941,2.885326385,0.000278474,0.385295868,0.000000000,23.100812912,0
711,1,1,0.000000000,-0.600299835,2.885612488,0.000286104,0.385578156,0.000000000,23.117750168,0
712,1,1,0.000000000,-0.600300789,2.885898590,0.000286104,0.385864258,0.000000000,23.134687424,0
713,1,1,0.000000000,-0.600301743,2.886180878,0.000282289,0.386146545,0.000000000,23.151853561,0
714,1,1,0.000000000,-0.600302637,2.886463165,0.000282289,0.386428833,0.000000000,23.168790817,0
715,1,1,0.000000000,-0.600303590,2.886745453,0.000282289,0.386711121,0.000000000,23.185728073,0
716,1,1,0.000000000,-0.600304484,2.887027740,0.000282289,0.386993408,0.000000000,23.202665329,0
717,1,1,0.000000000,-0.600305438,2.887306213,0.000278475,0.387271881,0.000000000,23.219602585,0
718,1,1,0.000000000,-0.600306392,2.887588501,0.000282289,0.387554169,0.000000000,23.236310959,0
719,1,1,0.000000000,-0.600307286,2.887863159,0.000274660,0.387832642,0.000000000,23.253248215,0
720,1,1,0.000000000,-0.600308180,2.888145447,0.000282289,0.388111115,0.000000000,23.269956589,0
721,1,1,0.000000000,-0.600309074,2.888427734,0.000282289,0.388393402,0.000000000,23.286664963,0
722,1,1,0.000000000,-0.600309968,2.888706207,0.000278474,0.388671875,0.000000000,23.303602219,0
723,1,1,0.000000000,-0.600310922,2.888984680,0.000278475,0.388950348,0.000000000,23.320310593,0
724,1,1,0.000000000,-0.600311816,2.889259338,0.000274660,0.389225006,0.000000000,23.337018967,0
725,1,1,0.000000000,-0.600312710,2.889537811,0.000278474,0.389503479,0.000000000,23.353498459,0
726,1,1,0.000000000,-0.600313663,2.889816284,0.000278475,0.389781952,0.000000000,23.370206833,0
727,1,1,0.000000000,-0.600314558,2.890090942,0.000274660,0.390056610,0.000000000,23.386915207,0
728,1,1,0.000000000,-0.600315452,2.890361786,0.000270845,0.390331268,0.000000000,23.403394699,0
729,1,1,0.000000000,-0.600316226,2.890640259,0.000278474,0.390605927,0.000000000,23.419874191,0
730,1,1,0.000000000,-0.600317240,2.890918732,0.000278475,0.390884399,0.000000000,23.436353683,0
731,1,1,0.000000000,-0.600318074,2.891189575,0.000270845,0.391155243,0.000000000,23.453062057,0
732,1,1,0.000000000,-0.600319028,2.891464233,0.000274660,0.391429901,0.000000000,23.469312668,0
733,1,1,0.000000000,-0.600319922,2.891738892,0.000274660,0.391704559,0.000000000,23.485792160,0
734,1,1,0.000000000,-0.600320816,2.892013550,0.000274660,0.391979218,0.000000000,23.502271652,0
735,1,1,0.000000000,-0.600321710,2.892280579,0.000267030,0.392250061,0.000000000,23.518751144,0
736,1,1,0.000000000,-0.600322604,2.892555237,0.000274660,0.392520905,0.000000000,23.535001755,0
737,1,1,0.000000000,-0.600323498,2.892829895,0.000274660,0.392795563,0.000000000,23.551252365,0
738,1,1,0.000000000,-0.600324392,2.893100739,0.000270845,0.393066406,0.000000000,23.567731857,0
739,1,1,0.000000000,-0.600325286,2.893371582,0.000270845,0.393337250,0.000000000,23.583982468,0
740,1,1,0.000000000,-0.600326180,2.893642426,0.000270845,0.393608093,0.000000000,23.600233078,0
741,1,1,0.000000000,-0.600327015,2.893909454,0.000267030,0.393875122,0.000000000,23.616483688,0
742,1,1,0.000000000,-0.600327909,2.894176483,0.000267030,0.394145966,0.000000000,23.632505417,0
743,1,1,0.000000000,-0.600328803,2.894451141,0.000274660,0.394416809,0.000000000,23.648756027,0
744,1,1,0.000000000,-0.600329697,2.894714355,0.000263216,0.394683838,0.000000000,23.665006638,0
745,1,1,0.000000000,-0.600330591,2.894985199,0.000270845,0.394950867,0.000000000,23.681028366,0
746,1,1,0.000000000,-0.600331426,2.895252228,0.000267030,0.395217896,0.000000000,23.697050095,0
747,1,1,0.000000000,-0.600332320,2.895519257,0.000267030,0.395484924,0.000000000,23.713071823,0
748,1,1,0.000000000,-0.600333214,2.895786285,0.000267030,0.395751953,0.000000000,23.729093552,0
749,1,1,0.000000000,-0.600334048,2.896051407,0.000265123,0.396018982,0.000000000,23.745115280,0
750,1,1,0.000000000,-0.600334942,2.896320343,0.000268938,0.396286011,0.000000000,23.761137009,0
751,1,1,0.000000000,-0.600335836,2.896583557,0.000263216,0.396551132,0.000000000,23.777158737,0
752,1,1,0.000000000,-0.600336671,2.896852493,0.000268937,0.396816254,0.000000000,23.793066025,0
753,1,1,0.000000000,-0.600337505,2.897117615,0.000265123,0.397081375,0.000000000,23.808973312,0
754,1,1,0.000000000,-0.600338459,2.897377014,0.000259401,0.397344589,0.000000000,23.824880600,0
755,1,1,0.000000000,-0.600339234,2.897640228,0.000263215,0.397607803,0.000000000,23.840673447,0
756,1,1,0.000000000,-0.600340128,2.897903442,0.000263216,0.397871017,0.000000000,23.856466293,0
757,1,1,0.000000000,-0.600340962,2.898166656,0.000263215,0.398134232,0.000000000,23.872259140,0
758,1,1,0.000000000,-0.600341856,2.898429871,0.000263216,0.398397446,0.000000000,23.888051987,0
759,1,1,0.000000000,-0.600342751,2.898691177,0.000261308,0.398658752,0.000000000,23.903844833,0
760,1,1,0.000000000,-0.600343525,2.898950577,0.000259401,0.398920059,0.000000000,23.919523239,0
761,1,1,0.000000000,-0.600344419,2.899211884,0.000261308,0.399181366,0.000000000,23.935201645,0
762,1,1,0.000000000,-0.600345254,2.899475098,0.000263215,0.399442673,0.000000000,23.950880051,0
763,1,1,0.000000000,-0.600346088,2.899734497,0.000259401,0.399702072,0.000000000,23.966558456,0
764,1,1,0.000000000,-0.600346982,2.899993896,0.000259401,0.399961472,0.000000000,23.982122421,0
765,1,1,0.000000000,-0.600347757,2.900253296,0.000259401,0.400220871,0.000000000,23.997686386,0
766,1,1,0.000000000,-0.600348651,2.900512695,0.000259401,0.400480270,0.000000000,24.013250351,0
767,1,1,0.000000000,-0.600349545,2.900768280,0.000255586,0.400737762,0.000000000,24.028814316,0
768,1,1,0.000000000,-0.600350380,2.901027679,0.000259401,0.400997162,0.000000000,24.044263840,0
769,1,1,0.000000000,-0.600351214,2.901287079,0.000259401,0.401254654,0.000000000,24.059827805,0
770,1,1,0.000000000,-0.600352049,2.901544571,0.000257493,0.401512146,0.000000000,24.075277328,0
771,1,1,0.000000000,-0.600352883,2.901800156,0.000255586,0.401767731,0.000000000,24.090726852,0
772,1,1,0.000000000,-0.600353718,2.902055740,0.000255586,0.402023315,0.000000000,24.106061935,0
773,1,1,0.000000000,-0.600354552,2.902311325,0.000255586,0.402280807,0.000000000,24.121397018,0
774,1,1,-0.000001907,-0.600355387,2.902566910,0.000255593,0.402536392,0.000000000,24.136846542,0
775,1,1,-0.000001907,-0.600356221,2.902820587,0.000253679,0.402790070,0.000000000,24.152181625,0
776,1,1,-0.000001907,-0.600357056,2.903078079,0.000257493,0.403045654,0.000000000,24.167402267,0
777,1,1,-0.000001907,-0.600357890,2.903331757,0.000253679,0.403299332,0.000000000,24.182737350,0
778,1,1,-0.000001907,-0.600358725,2.903585434,0.000253679,0.403553009,0.000000000,24.197957993,0
779,1,1,-0.000001907,-0.600359559,2.903839111,0.000253679,0.403806686,0.000000000,24.213178635,0
780,1,1,-0.000001907,-0.600360394,2.904090881,0.000251771,0.404060364,0.000000000,24.228399277,0
781,1,1,-0.000001907,-0.600361168,2.904342651,0.000251771,0.404312134,0.000000000,24.243619919,0
782,1,1,-0.000001907,-0.600362003,2.904596329,0.000253679,0.404563904,0.000000000,24.258726120,0
783,1,1,-0.000001907,-0.600362837,2.904848099,0.000251771,0.404815674,0.000000000,24.273832321,0
784,1,1,-0.000001907,-0.600363672,2.905099869,0.000251771,0.405067444,0.000000000,24.288938522,0
785,1,1,-0.000001907,-0.600364447,2.905349731,0.000249864,0.405317307,0.000000000,24.304044724,0
786,1,1,-0.000001907,-0.600365281,2.905597687,0.000247957,0.405567169,0.000000000,24.319036484,0
787,1,1,-0.000001907,-0.600366116,2.905849457,0.000251771,0.405818939,0.000000000,24.334028244,0
788,1,1,0.000000000,-0.600366950,2.906099319,0.000249871,0.406066895,0.000000000,24.349134445,0
789,1,1,-0.000001907,-0.600367785,2.906349182,0.000249871,0.406316757,0.000000000,24.364011765,0
790,1,1,0.000000000,-0.600368619,2.906597137,0.000247964,0.406565666,0.000000000,24.379003525,0
791,1,1,-0.000001907,-0.600369334,2.906846046,0.000248917,0.406813622,0.000000000,24.393938065,0
792,1,1,-0.000001907,-0.600370169,2.907093048,0.000247003,0.407061577,0.000000000,24.408815384,0
793,1,1,-0.000001907,-0.600371003,2.907339096,0.000246049,0.407309532,0.000000000,24.423692703,0
794,1,1,-0.000001907,-0.600371838,2.907587051,0.000247957,0.407556534,0.000000000,24.438570023,0
795,1,1,-0.000001907,-0.600372553,2.907833099,0.000246049,0.407802582,0.000000000,24.453390121,0
796,1,1,-0.000001907,-0.600373387,2.908078194,0.000245096,0.408048630,0.000000000,24.468153000,0
797,1,1,-0.000001907,-0.600374222,2.908324242,0.000246049,0.408294678,0.000000000,24.482915878,0
798,1,1,-0.000001907,-0.600375056,2.908571243,0.000247003,0.408540726,0.000000000,24.497678757,0
799,1,1,-0.000001907,-0.600375831,2.908815384,0.000244142,0.408785820,0.000000000,24.512441635,0
800,1,1,-0.000001907,-0.600376606,2.909059525,0.000244142,0.409029961,0.000000000,24.527147293,0
801,1,1,-0.000001907,-0.600377440,2.909304619,0.000245096,0.409274101,0.000000000,24.541795731,0
802,1,1,-0.000001907,-0.600378215,2.909547806,0.000243188,0.409518242,0.000000000,24.556444168,0
803,1,1,0.000000000,-0.600379050,2.909790993,0.000243196,0.409761429,0.000000000,24.571092606,0
804,1,1,-0.000001907,-0.600379825,2.910035133,0.000244149,0.410004616,0.000000000,24.585683823,0
805,1,1,-0.000001907,-0.600380599,2.910276413,0.000241281,0.410246849,0.000000000,24.600275040,0
806,1,1,-0.000001907,-0.600381434,2.910518646,0.000242235,0.410489082,0.000000000,24.614809036,0
807,1,1,-0.000001907,-0.600382209,2.910760880,0.000242235,0.410731316,0.000000000,24.629343033,0
808,1,1,-0.000001907,-0.600382924,2.911000729,0.000239850,0.410971642,0.000000000,24.643877029,0
809,1,1,-0.000001907,-0.600383759,2.911242008,0.000241281,0.411213398,0.000000000,24.658325195,0
810,1,1,-0.000001907,-0.600384593,2.911482811,0.000240804,0.411453724,0.000000000,24.672801971,0
811,1,1,-0.000001907,-0.600385368,2.911723137,0.000240327,0.411694050,0.000000000,24.687221527,0
812,1,1,0.000000000,-0.600386143,2.911963940,0.000240812,0.411933899,0.000000000,24.701641083,0
813,1,1,-0.000001907,-0.600386858,2.912202835,0.000238904,0.412173271,0.000000000,24.716032028,0
814,1,1,-0.000001907,-0.600387692,2.912441730,0.000238897,0.412412167,0.000000000,24.730394363,0
815,1,1,-0.000001907,-0.600388527,2.912680626,0.000238897,0.412650585,0.000000000,24.744728088,0
816,1,1,-0.000001907,-0.600389242,2.912918568,0.000237943,0.412889004,0.000000000,24.759033203,0
817,1,1,-0.000001907,-0.600390077,2.913156033,0.000237466,0.413126469,0.000000000,24.773338318,0
818,1,1,-0.000001907,-0.600390792,2.913393974,0.000237943,0.413364172,0.000000000,24.787586212,0
819,1,1,-0.000001907,-0.600391626,2.913630724,0.000236751,0.413600922,0.000000000,24.801834106,0
820,1,1,-0.000001907,-0.600392342,2.913867235,0.000236512,0.413837433,0.000000000,24.816053391,0
821,1,1,-0.000001907,-0.600393176,2.914103746,0.000236513,0.414073706,0.000000000,24.830244064,0
822,1,1,-0.000001907,-0.600393891,2.914339781,0.000236035,0.414309502,0.000000000,24.844421387,0
823,1,1,-0.000001907,-0.600394726,2.914575577,0.000235797,0.414544940,0.000000000,24.858568192,0
824,1,1,-0.000001907,-0.600395441,2.914809942,0.000234367,0.414779902,0.000000000,24.872695923,0
825,1,1,-0.000001907,-0.600396216,2.915044785,0.000234844,0.415014505,0.000000000,24.886793137,0
826,1,1,0.000358582,-0.585672319,2.895377398,0.024570901,0.389538735,0.000000000,24.900873184,0
827,1,1,0.000259399,-0.583968520,2.895494223,0.001710677,0.389777154,0.000000000,23.742589951,0
828,1,1,0.000181198,-0.581909716,2.895568609,0.002061631,0.389757842,0.000000000,23.752346039,0
829,1,1,0.000120163,-0.579757452,2.895666599,0.002155358,0.389753968,0.000000000,23.760118484,0
830,1,1,0.000068665,-0.577476084,2.895786524,0.002285098,0.389765054,0.000000000,23.768896103,0
831,1,1,0.000024796,-0.575037360,2.895926952,0.002443158,0.389789283,0.000000000,23.778760910,0
832,1,1,-0.000017166,-0.572420001,2.896086216,0.002622536,0.389825195,0.000000000,23.789726257,0
833,1,1,-0.000047684,-0.569607913,2.896259308,0.002817575,0.389869571,0.000000000,23.801769257,0
834,1,1,-0.000076294,-0.566590130,2.896444321,0.003023585,0.389921367,0.000000000,23.814809799,0
835,1,1,-0.000093460,-0.563360989,2.896635532,0.003234843,0.389976829,0.000000000,23.828798294,0
836,1,1,-0.000112534,-0.559919119,2.896831989,0.003447525,0.390035540,0.000000000,23.843618393,0
837,1,1,0.000085831,-0.559294820,2.896309853,0.000837690,0.389743775,0.000000000,23.859197617,0
838,1,1,-0.000202179,-0.560003400,2.895328045,0.001244581,0.389140308,0.000000000,23.813787460,0
839,1,1,-0.000194550,-0.556499600,2.895099878,0.003511229,0.388771176,0.000000000,23.733310699,0
840,1,1,-0.000188828,-0.552905083,2.894912958,0.003599379,0.388435930,0.000000000,23.725170135,0
841,1,1,-0.000219345,-0.558372140,2.895003319,0.005467889,0.389199525,0.000000000,23.719709396,0
842,1,1,-0.000240326,-0.564075589,2.895067215,0.005703846,0.389939249,0.000000000,23.670734406,0
843,1,1,-0.000253677,-0.569836497,2.895106077,0.005761055,0.390633881,0.000000000,23.629785538,0
844,1,1,-0.000492096,-0.578191042,2.894801140,0.008363507,0.391083151,0.000000000,23.597242355,0
845,1,1,-0.000425339,-0.587037921,2.893278122,0.008977266,0.390777498,0.000000000,23.550050735,0
846,1,1,-0.000368118,-0.591360390,2.893228531,0.004323132,0.391069263,0.000000000,23.434587479,0
847,1,1,-0.000320435,-0.594885826,2.893165112,0.003526329,0.391280681,0.000000000,23.427482605,0
848,1,1,-0.000278473,-0.599197149,2.893333912,0.004314830,0.391413599,0.000000000,23.422809601,0
849,1,1,-0.000236511,-0.601259768,2.893254280,0.002064582,0.391472071,0.000000000,23.419408798,0
850,1,1,-0.000204086,-0.604224801,2.893402576,0.002968916,0.391463190,0.000000000,23.416416168,0
851,1,1,-0.000175476,-0.606617033,2.893544674,0.002396620,0.391396403,0.000000000,23.413234711,0
852,1,1,-0.000144958,-0.606962442,2.893450737,0.000359253,0.391276926,0.000000000,23.409412384,0
853,1,1,-0.000125885,-0.608425498,2.893581390,0.001469002,0.391117811,0.000000000,23.404779434,0
854,1,1,-0.000116348,-0.608752608,2.893471241,0.000345290,0.391390353,0.000000000,23.399288177,0
855,1,1,-0.000108719,-0.610186338,2.893589973,0.001438658,0.391614586,0.000000000,23.393587112,0
856,1,1,-0.000101089,-0.611254334,2.893712997,0.001075085,0.391798496,0.000000000,23.387981415,0
857,1,1,-0.000091553,-0.613017678,2.893539429,0.001771891,0.391449630,0.000000000,23.382505417,0
858,1,1,-0.000078201,-0.613427997,2.893223763,0.000517865,0.391090095,0.000000000,23.349563599,0
859,1,1,-0.000070572,-0.613711715,2.892915726,0.000418857,0.390725821,0.000000000,23.317272186,0
860,1,1,-0.000061035,-0.615087152,2.892751694,0.001385216,0.390367061,0.000000000,23.285692215,0
861,1,1,-0.000057220,-0.615274191,2.892463684,0.000343435,0.390018702,0.000000000,23.255020142,0
862,1,1,-0.000049591,-0.616644502,2.892304420,0.001379556,0.389684826,0.000000000,23.225402832,0
863,1,1,-0.000043869,-0.618065953,2.892148018,0.001430042,0.389370561,0.000000000,23.196971893,0
864,1,1,-0.000041962,-0.618398786,2.891884804,0.000424338,0.389077693,0.000000000,23.169771194,0
865,1,1,-0.000038147,-0.619997144,2.891725540,0.001606278,0.388807505,0.000000000,23.144006729,0
866,1,1,-0.000034332,-0.621708333,2.891568184,0.001718414,0.388561755,0.000000000,23.119682312,0
867,1,1,-0.000036240,-0.624710321,2.891489983,0.003003007,0.388339132,0.000000000,23.096960068,0
868,1,1,-0.000028610,-0.624742627,2.891395569,0.000100079,0.387948006,0.000000000,23.075939178,0
869,1,1,-0.000022888,-0.624783516,2.891303062,0.000101302,0.387576312,0.000000000,23.052417755,0
870,1,1,-0.000022888,-0.624743462,2.890748978,0.000555531,0.386742473,0.000000000,23.030094147,0
871,1,1,-0.000020981,-0.625874281,2.890242577,0.001239031,0.385927528,0.000000000,22.981019974,0
872,1,1,-0.000020981,-0.625833988,2.889686584,0.000557450,0.385134459,0.000000000,22.933200836,0
873,1,1,-0.000020981,-0.625794053,2.889137268,0.000550766,0.384363234,0.000000000,22.886524200,0
874,1,1,-0.000020981,-0.625752926,2.888587952,0.000550854,0.383611977,0.000000000,22.841104507,0
875,1,1,-0.000017166,-0.625712633,2.888038635,0.000550805,0.382880718,0.000000000,22.796949387,0
876,1,1,-0.000020981,-0.626843691,2.887493134,0.001255738,0.382171363,0.000000000,22.753938675,0
877,1,1,-0.000019073,-0.626802683,2.886945724,0.000548946,0.381482005,0.000000000,22.712080002,0
878,1,1,-0.000019073,-0.626761436,2.886398315,0.000548961,0.380814552,0.000000000,22.671487808,0
879,1,1,-0.000017166,-0.626720905,2.885852814,0.000547009,0.380165219,0.000000000,22.632164001,0
880,1,1,-0.000017166,-0.626679897,2.885307312,0.000547041,0.379541636,0.000000000,22.593992233,0
881,1,1,-0.000017166,-0.626638651,2.884763718,0.000545157,0.378934234,0.000000000,22.557094574,0
882,1,1,-0.000017166,-0.626597166,2.884220123,0.000545175,0.378348738,0.000000000,22.521348953,0
883,1,1,-0.000015259,-0.626556873,2.883676529,0.000545089,0.377785146,0.000000000,22.486873627,0
884,1,1,-0.000015259,-0.626515865,2.883134842,0.000543237,0.377241522,0.000000000,22.453559875,0
885,1,1,-0.000015259,-0.626474142,2.882593155,0.000543292,0.376719773,0.000000000,22.421516418,0
886,1,1,-0.000011444,-0.625265121,2.882135391,0.001292785,0.376217961,0.000000000,22.390747070,0
887,1,1,-0.000011444,-0.625223637,2.881591797,0.000545175,0.375736088,0.000000000,22.361131668,0
888,1,1,-0.000009537,-0.625183105,2.881052017,0.000541303,0.375275999,0.000000000,22.332675934,0
889,1,1,-0.000009537,-0.625142097,2.880508423,0.000545139,0.374835789,0.000000000,22.305490494,0
890,1,1,-0.000007629,-0.625101089,2.879970551,0.000539437,0.374417335,0.000000000,22.279575348,0
891,1,1,-0.000007629,-0.625061035,2.879430771,0.000541264,0.374020547,0.000000000,22.254817963,0
892,1,1,-0.000005722,-0.625020027,2.878890991,0.000541339,0.373641610,0.000000000,22.231327057,0
893,1,1,-0.000001907,-0.623816490,2.878498077,0.001266056,0.373284340,0.000000000,22.208995819,0
894,1,1,-0.000003815,-0.623775959,2.877954483,0.000545107,0.372946769,0.000000000,22.187927246,0
895,1,1,-0.000001907,-0.623735428,2.877416611,0.000539401,0.372630686,0.000000000,22.168004990,0
896,1,1,0.000000000,-0.623694897,2.876880646,0.000537499,0.372334182,0.000000000,22.149351120,0
897,1,1,0.000005722,-0.622496605,2.876520157,0.001251355,0.372059107,0.000000000,22.131847382,0
898,1,1,0.000005722,-0.622456551,2.875980377,0.000541264,0.371803492,0.000000000,22.115594864,0
899,1,1,0.000007629,-0.622417450,2.875440598,0.000541197,0.371567309,0.000000000,22.100488663,0
900,1,1,0.000011444,-0.621223450,2.875106812,0.001239784,0.371354222,0.000000000,22.086641312,0
901,1,1,0.000980377,-0.581202507,2.806539536,0.079398274,0.289153755,0.000000000,22.074035645,0
902,1,1,0.000885010,-0.577296734,2.807649612,0.004061580,0.290833443,0.000000000,17.987421036,0
903,1,1,0.000892639,-0.571685791,2.807552338,0.005611791,0.290779859,0.000000000,18.074642181,0
904,1,1,0.001108170,-0.565100193,2.807256699,0.006595753,0.290234536,0.000000000,18.097223282,0
905,1,1,0.001104355,-0.558026314,2.807601929,0.007082300,0.290106714,0.000000000,18.115396500,0
906,1,1,0.001138687,-0.550193310,2.807718277,0.007833943,0.289501041,0.000000000,18.179374695,0
907,1,1,0.001150131,-0.541838408,2.807762146,0.008355026,0.288711220,0.000000000,18.241161346,0
908,1,1,0.001165390,-0.533137560,2.807813644,0.008701013,0.287915081,0.000000000,18.308866501,0
909,1,1,0.001182556,-0.524089694,2.807876587,0.009048101,0.287128627,0.000000000,18.385095596,0
910,1,1,0.001201630,-0.514698386,2.807962418,0.009391719,0.286371559,0.000000000,18.470251083,0
911,1,1,0.001224518,-0.504965663,2.808065414,0.009733295,0.285653919,0.000000000,18.564357758,0
912,1,1,0.001247406,-0.494898081,2.808195114,0.010068444,0.284985542,0.000000000,18.667139053,0
913,1,1,0.001272202,-0.484501839,2.808340073,0.010397281,0.284377903,0.000000000,18.778116226,0
914,1,1,0.001296997,-0.473783970,2.808506012,0.010719182,0.283834636,0.000000000,18.896688461,0
915,1,1,0.001321793,-0.462754726,2.808683395,0.011030697,0.283359051,0.000000000,19.022068024,0
916,1,1,0.000707626,-0.471681118,2.810085297,0.009056655,0.283860981,0.000000000,19.153543472,0
917,1,1,0.000211716,-0.487793446,2.811632156,0.016194005,0.284694403,0.000000000,18.834585190,0
918,1,1,-0.000917435,-0.602108240,2.792312622,0.115941331,0.273902237,0.000000000,18.410717010,0
919,1,1,-0.000984192,-0.594908953,2.793176651,0.007251258,0.271425039,0.000000000,15.996845245,0
920,1,1,-0.001104355,-0.592800140,2.793846130,0.002215791,0.271076202,0.000000000,16.005208969,0
921,1,1,-0.001197815,-0.597727299,2.794576645,0.004981895,0.271579295,0.000000000,16.034240723,0
922,1,1,-0.001287460,-0.603902340,2.795122147,0.006199737,0.272430062,0.000000000,16.056543350,0
923,1,1,-0.001192093,-0.613531828,2.780378342,0.017610108,0.255118549,0.000000000,16.084297180,0
924,1,1,-0.001270294,-0.616179943,2.780073166,0.002666789,0.255435377,0.000000000,15.201196671,0
925,1,1,-0.001358032,-0.619303465,2.780408859,0.003142734,0.256109267,0.000000000,15.195509911,0
926,1,1,-0.001419067,-0.621637344,2.780776978,0.002363521,0.256687075,0.000000000,15.214517593,0
927,1,1,-0.001470566,-0.624455214,2.781288147,0.002864321,0.257181287,0.000000000,15.232184410,0
928,1,1,-0.001510620,-0.625533581,2.781696320,0.001153727,0.257619113,0.000000000,15.248772621,0
929,1,1,-0.001539230,-0.627309799,2.782245636,0.001859440,0.258012116,0.000000000,15.264404297,0
930,1,1,-0.001565933,-0.627552032,2.782703400,0.000518592,0.258377969,0.000000000,15.279358864,0
931,1,1,-0.001718521,-0.628620148,2.783046722,0.001132265,0.258482993,0.000000000,15.294021606,0
932,1,1,-0.001703262,-0.629422307,2.783157349,0.000809895,0.258333176,0.000000000,15.294541359,0
933,1,1,-0.001688004,-0.628970504,2.783222198,0.000456689,0.258207530,0.000000000,15.281667709,0
934,1,1,-0.001672745,-0.629669905,2.783351898,0.000711489,0.258098036,0.000000000,15.270176888,0
935,1,1,-0.001659393,-0.630408287,2.783485413,0.000750475,0.258021921,0.000000000,15.260423660,0
936,1,1,-0.001644135,-0.631230354,2.783611298,0.000831790,0.257968515,0.000000000,15.252447128,0
937,1,1,-0.001632690,-0.632171512,2.783737183,0.000949608,0.257956743,0.000000000,15.246393204,0
938,1,1,-0.001619339,-0.632088065,2.783840179,0.000133229,0.257981896,0.000000000,15.242790222,0
939,1,1,-0.001604080,-0.633342147,2.783946991,0.001258715,0.258038789,0.000000000,15.241670609,0
940,1,1,-0.001592636,-0.634773493,2.784053802,0.001435371,0.258129597,0.000000000,15.243227959,0
941,1,1,-0.001583099,-0.635488272,2.784236908,0.000737921,0.258215725,0.000000000,15.247423172,0
942,1,1,-0.001564026,-0.635604143,2.784442902,0.000237115,0.258253545,0.000000000,15.252149582,0
943,1,1,-0.001564026,-0.635550022,2.784183502,0.000264985,0.257822007,0.000000000,15.254026413,0
944,1,1,-0.001556396,-0.635496140,2.783931732,0.000257584,0.257424504,0.000000000,15.228899956,0
945,1,1,-0.001556396,-0.635442734,2.783676147,0.000261105,0.257057279,0.000000000,15.205477715,0
946,1,1,-0.001556396,-0.634220123,2.783500671,0.001235139,0.256716400,0.000000000,15.183990479,0
947,1,1,-0.001552582,-0.634166241,2.783245087,0.000261231,0.256409496,0.000000000,15.163974762,0
948,1,1,-0.001552582,-0.634113312,2.782985687,0.000264744,0.256128907,0.000000000,15.145895004,0
949,1,1,-0.001544952,-0.634060383,2.782733917,0.000257387,0.255885959,0.000000000,15.129525185,0
950,1,1,-0.001548767,-0.632843018,2.782611847,0.001223476,0.255661547,0.000000000,15.114880562,0
951,1,1,-0.001543045,-0.632790565,2.782352448,0.000264711,0.255478501,0.000000000,15.101935387,0
952,1,1,-0.001541138,-0.632737160,2.782096863,0.000261112,0.255317599,0.000000000,15.090929985,0
953,1,1,-0.001537323,-0.631525517,2.782009125,0.001214822,0.255190223,0.000000000,15.081650734,0
954,1,1,-0.001537323,-0.631472588,2.781745911,0.000268483,0.255088687,0.000000000,15.073836327,0
955,1,1,-0.001531601,-0.630265236,2.781681061,0.001209106,0.255020291,0.000000000,15.067975998,0
956,1,1,-0.001531601,-0.630213737,2.781417847,0.000268205,0.254981279,0.000000000,15.064032555,0
957,1,1,-0.001523972,-0.629010201,2.781372070,0.001204431,0.254967660,0.000000000,15.061581612,0
958,1,1,-0.001525879,-0.628957748,2.781116486,0.000260918,0.254986912,0.000000000,15.060810089,0
959,1,1,-0.001522064,-0.627761841,2.781101227,0.001196011,0.255035013,0.000000000,15.061979294,0
960,1,1,-0.001501083,-0.625636101,2.781391144,0.002145522,0.254718184,0.000000000,15.064842224,0
961,1,1,-0.001480103,-0.624380112,2.781318665,0.001258254,0.254182190,0.000000000,15.077159882,0
962,1,1,-0.001457214,-0.621969223,2.781455994,0.002414905,0.253638148,0.000000000,15.081720352,0
963,1,1,-0.001426697,-0.618050575,2.781913757,0.003945412,0.253101468,0.000000000,15.083959579,0
964,1,1,-0.001407623,-0.615683556,2.781982422,0.002368092,0.252596557,0.000000000,15.085312843,0
965,1,1,-0.002147675,-0.610939980,2.781208038,0.004863009,0.250589252,0.000000000,15.087754250,0
966,1,1,-0.001157761,-0.605959892,2.779888153,0.005246265,0.247993067,0.000000000,15.015839577,0
967,1,1,-0.001157761,-0.602522850,2.780384064,0.003472634,0.247823447,0.000000000,14.915713310,0
968,1,1,-0.001155853,-0.599156380,2.780895233,0.003405058,0.247707933,0.000000000,14.934893608,0
969,1,1,-0.001150131,-0.595857620,2.781425476,0.003341108,0.247643545,0.000000000,14.958953857,0
970,1,1,-0.000940323,-0.587256432,2.771972656,0.012782029,0.235586375,0.000000000,14.987930298,0
971,1,1,-0.000949860,-0.580585480,2.771629333,0.006679787,0.234781772,0.000000000,14.433904648,0
972,1,1,-0.000946045,-0.577444077,2.771251678,0.003164025,0.233938813,0.000000000,14.430247307,0
973,1,1,-0.000934601,-0.570796013,2.770843506,0.006660592,0.233122453,0.000000000,14.427633286,0
974,1,1,-0.000921249,-0.567658424,2.770473480,0.003159360,0.232340738,0.000000000,14.430139542,0
975,1,1,-0.000860214,-0.560742378,2.770671844,0.006919160,0.232196718,0.000000000,14.438037872,0
976,1,1,-0.000850677,-0.555173874,2.770961761,0.005576055,0.231800616,0.000000000,14.485636711,0
977,1,1,-0.000841141,-0.549421310,2.771270752,0.005760864,0.231415585,0.000000000,14.548234940,0
978,1,1,-0.000827789,-0.543455601,2.771591187,0.005974324,0.231050700,0.000000000,14.618485451,0
979,1,1,-0.001012802,-0.542453766,2.772518158,0.001377381,0.231729567,0.000000000,14.696375847,0
980,1,1,-0.001178741,-0.546638012,2.773601532,0.004325408,0.232976303,0.000000000,14.741063118,0
981,1,1,-0.001310349,-0.551021099,2.774677277,0.004515086,0.234246939,0.000000000,14.722688675,0
982,1,1,-0.001420975,-0.555431843,2.775726318,0.004535128,0.235520706,0.000000000,14.708379745,0
983,1,1,-0.001502991,-0.559719563,2.776752472,0.004409564,0.236796156,0.000000000,14.700661659,0
984,1,1,-0.001234055,-0.584784508,2.772102356,0.025494065,0.235084951,0.000000000,14.700927734,0
985,1,1,-0.001419067,-0.586515188,2.772731781,0.001850854,0.235563144,0.000000000,14.240353584,0
986,1,1,-0.001510620,-0.587581635,2.773433685,0.001279984,0.236050054,0.000000000,14.273077965,0
987,1,1,-0.001592636,-0.586108208,2.774127960,0.001630868,0.236536250,0.000000000,14.312543869,0
988,1,1,-0.001655579,-0.586585999,2.774826050,0.000848278,0.237017110,0.000000000,14.353193283,0
989,1,1,-0.001710892,-0.586818457,2.775539398,0.000752305,0.237499833,0.000000000,14.395067215,0
990,1,1,-0.001754761,-0.583985090,2.776233673,0.002917517,0.237988323,0.000000000,14.438004494,0
991,1,1,-0.001791000,-0.583822966,2.776935577,0.000721296,0.238483205,0.000000000,14.482080460,0
992,1,1,-0.001819611,-0.581192970,2.777641296,0.002723184,0.238993511,0.000000000,14.527143478,0
993,1,1,-0.001844406,-0.580752373,2.778350830,0.000835571,0.239513397,0.000000000,14.573035240,0
994,1,1,-0.001869202,-0.577610612,2.779048920,0.003218479,0.240049094,0.000000000,14.620036125,0
995,1,1,-0.001888275,-0.576991081,2.779762268,0.000945012,0.240607068,0.000000000,14.667737007,0
996,1,1,-0.001905441,-0.573450327,2.780448914,0.003606760,0.241171345,0.000000000,14.716396332,0
997,1,1,-0.001958847,-0.572828770,2.781085968,0.000891641,0.241700888,0.000000000,14.765362740,0
998,1,1,-0.001998901,-0.575449944,2.781688690,0.002689876,0.242860809,0.000000000,14.810161591,0
999,1,1,-0.002025604,-0.581032336,2.782283783,0.005614085,0.244019657,0.000000000,14.812145233,0
1000,1,1,-0.002035141,-0.583919406,2.782855988,0.002943244,0.245141312,0.000000000,14.818944931,0
1001,1,1,-0.002046585,-0.588585138,2.783416748,0.004699324,0.246214703,0.000000000,14.832055092,0
1002,1,1,-0.002048492,-0.592711687,2.783977509,0.004164476,0.247231975,0.000000000,14.850902557,0
1003,1,1,-0.002042770,-0.596276283,2.784515381,0.003604953,0.248177528,0.000000000,14.874576569,0
1004,1,1,-0.002037048,-0.599275589,2.785049438,0.003046487,0.249058902,0.000000000,14.901796341,0
1005,1,1,-0.002029419,-0.601722896,2.785575867,0.002503297,0.249868780,0.000000000,14.931945801,0
1006,1,1,-0.002019882,-0.603643954,2.786090851,0.001988910,0.250600547,0.000000000,14.963589668,0
1007,1,1,-0.002012253,-0.605074465,2.786605835,0.001520404,0.251282573,0.000000000,14.995905876,0
1008,1,1,-0.002000809,-0.606057763,2.787124634,0.001111826,0.251898140,0.000000000,15.028716087,0
1009,1,1,-0.001993179,-0.606641829,2.787635803,0.000776199,0.252465397,0.000000000,15.061115265,0
1010,1,1,-0.001985550,-0.606877267,2.788150787,0.000566302,0.252987832,0.000000000,15.093058586,0
1011,1,1,-0.001979828,-0.608378053,2.788665771,0.001586694,0.253469259,0.000000000,15.124417305,0
1012,1,1,-0.001972198,-0.608069718,2.789176941,0.000597012,0.253925264,0.000000000,15.155172348,0
1013,1,1,-0.001966476,-0.607563853,2.789688110,0.000719184,0.254356325,0.000000000,15.185156822,0
1014,1,1,-0.001960754,-0.606905818,2.790191650,0.000828611,0.254766852,0.000000000,15.214937210,0
1015,1,1,-0.001958847,-0.607700586,2.790699005,0.000942905,0.255172640,0.000000000,15.243953705,0
1016,1,1,-0.001956940,-0.606860995,2.791202545,0.000979014,0.255570471,0.000000000,15.273022652,0
1017,1,1,-0.001955032,-0.605982840,2.791709900,0.001014184,0.255968392,0.000000000,15.302032471,0
1018,1,1,-0.001955032,-0.605095327,2.792205811,0.001016665,0.256366819,0.000000000,15.330843925,0
1019,1,1,-0.001953125,-0.604222357,2.792713165,0.001009697,0.256773531,0.000000000,15.359760284,0
1020,1,1,-0.001951218,-0.603384256,2.793216705,0.000977737,0.257184952,0.000000000,15.388820648,0
1021,1,1,-0.001951218,-0.602596641,2.793716431,0.000932772,0.257601112,0.000000000,15.418049812,0
1022,1,1,-0.001947403,-0.601871192,2.794216156,0.000880917,0.258037180,0.000000000,15.447219849,0
1023,1,1,-0.001949310,-0.601216316,2.794708252,0.000819161,0.258470237,0.000000000,15.476777077,0
1024,1,1,-0.001949310,-0.600636840,2.795207977,0.000765192,0.258915454,0.000000000,15.506245613,0
1025,1,1,-0.001949310,-0.600135684,2.795707703,0.000707731,0.259376466,0.000000000,15.535598755,0
1026,1,1,-0.001949310,-0.599712372,2.796199799,0.000649116,0.259837896,0.000000000,15.565269470,0
1027,1,1,-0.001949310,-0.599365115,2.796695709,0.000605404,0.260311067,0.000000000,15.594771385,0
1028,1,1,-0.001951218,-0.599090517,2.797183990,0.000560202,0.260788202,0.000000000,15.624544144,0
1029,1,1,-0.001951218,-0.598883450,2.797679901,0.000537405,0.261273056,0.000000000,15.654109001,0
1030,1,1,-0.001949310,-0.598738790,2.798171997,0.000512922,0.261757880,0.000000000,15.683452606,0
1031,1,1,-0.001953125,-0.598650038,2.798660278,0.000496296,0.262250304,0.000000000,15.713023186,0
1032,1,1,-0.001953125,-0.598610163,2.799152374,0.000493709,0.262746453,0.000000000,15.742356300,0
1033,1,1,-0.001951218,-0.598612785,2.799640656,0.000488292,0.263238668,0.000000000,15.771679878,0
1034,1,1,-0.001955032,-0.598651350,2.800128937,0.000489817,0.263738483,0.000000000,15.800991058,0
1035,1,1,-0.001951218,-0.598718822,2.800621033,0.000496715,0.264234364,0.000000000,15.830291748,0
1036,1,1,-0.001955032,-0.598809361,2.801101685,0.000489120,0.264730155,0.000000000,15.859354019,0
1037,1,1,-0.001953125,-0.598917246,2.801586151,0.000496337,0.265225917,0.000000000,15.888410568,0
1038,1,1,-0.001955032,-0.599037051,2.802070618,0.000499064,0.265721649,0.000000000,15.917464256,0
1039,1,1,-0.001955032,-0.599164426,2.802551270,0.000497243,0.266217351,0.000000000,15.946515083,0
1040,1,1,-0.001953125,-0.599294901,2.803028107,0.000494369,0.266705453,0.000000000,15.975565910,0
1041,1,1,-0.001955032,-0.599425077,2.803508759,0.000497972,0.267201185,0.000000000,16.004390717,0
1042,1,1,-0.001955032,-0.599551916,2.803997040,0.000504486,0.267689317,0.000000000,16.033216476,0
1043,1,1,-0.001956940,-0.599673212,2.804466248,0.000484636,0.268173665,0.000000000,16.062274933,0
1044,1,1,-0.001956940,-0.599786818,2.804946899,0.000493895,0.268661857,0.000000000,16.090879440,0
1045,1,1,-0.001958847,-0.599891245,2.805431366,0.000495597,0.269150078,0.000000000,16.119714737,0
1046,1,1,-0.001960754,-0.599985719,2.805904388,0.000482368,0.269623071,0.000000000,16.148551941,0
1047,1,1,-0.001960754,-0.600069523,2.806381226,0.000484145,0.270103723,0.000000000,16.176931381,0
1048,1,1,-0.001960754,-0.600142360,2.806861877,0.000486139,0.270584375,0.000000000,16.205772400,0
1049,1,1,-0.001958847,-0.600204468,2.807327271,0.000469523,0.271057397,0.000000000,16.234155655,0
1050,1,1,-0.001960754,-0.600255668,2.807807922,0.000483375,0.271530449,0.000000000,16.262538910,0
1051,1,1,-0.001958847,-0.600296736,2.808280945,0.000474806,0.272003502,0.000000000,16.290922165,0
1052,1,1,-0.001960754,-0.600328326,2.808761597,0.000481693,0.272476584,0.000000000,16.319307327,0
1053,1,1,-0.001960754,-0.600351155,2.809211731,0.000450713,0.272941977,0.000000000,16.347688675,0
1054,1,1,-0.001962662,-0.600365937,2.809692383,0.000480883,0.273422688,0.000000000,16.376073837,0
1055,1,1,-0.001962662,-0.600373864,2.810173035,0.000480717,0.273895711,0.000000000,16.404453278,0
1056,1,1,-0.001962662,-0.600375473,2.810646057,0.000473025,0.274353534,0.000000000,16.432836533,0
1057,1,1,-0.001956940,-0.600371718,2.811096191,0.000450186,0.274818897,0.000000000,16.460758209,0
1058,1,1,-0.001958847,-0.600364029,2.811584473,0.000488346,0.275291950,0.000000000,16.488681793,0
1059,1,1,-0.001960754,-0.600352526,2.812034607,0.000450285,0.275757343,0.000000000,16.517063141,0
1060,1,1,-0.001960754,-0.600338340,2.812507629,0.000473235,0.276215106,0.000000000,16.544986725,0
1061,1,1,-0.001958847,-0.600322247,2.812973022,0.000465675,0.276688129,0.000000000,16.572908401,0
1062,1,1,-0.001956940,-0.600305021,2.813446045,0.000473340,0.277145922,0.000000000,16.600830078,0
1063,1,1,-0.001960754,-0.600286961,2.813896179,0.000450513,0.277611315,0.000000000,16.628753662,0
1064,1,1,-0.001958847,-0.600268841,2.814361572,0.000465750,0.278076708,0.000000000,16.656677246,0
