tick,support,on_floor,local_x,local_y,local_z,slip_m,bus_write_m,package_write_m,platform_speed,dual_contact
1,1,1,0.000000000,-0.599008143,2.466674805,0.033330038,0.000000000,0.000000000,0.000000000,0
2,1,1,0.000000000,-0.599510193,2.434265137,0.032413557,0.001023691,0.000000000,0.000000000,0
3,1,1,0.000000000,-0.599655271,2.401840210,0.032425251,0.001964350,0.000000000,0.063430943,0
4,1,1,0.000000000,-0.599747896,2.369430542,0.032409802,0.002934451,0.000000000,0.117353760,0
5,1,1,-0.000001907,-0.599795640,2.337020874,0.032409705,0.003862551,0.000000000,0.172400787,0
6,1,1,-0.000001907,-0.599806070,2.304595947,0.032424927,0.004792082,0.000000000,0.226506978,0
7,1,1,-0.000001907,-0.599786699,2.272171021,0.032424930,0.005722301,0.000000000,0.280575693,0
8,1,1,0.000000000,-0.599744678,2.239730835,0.032440212,0.006652871,0.000000000,0.335581541,0
9,1,1,0.000000000,-0.599685669,2.207290649,0.032440238,0.007553102,0.000000000,0.389764875,0
10,1,1,0.000000000,-0.599615812,2.174835205,0.032455519,0.008453418,0.000000000,0.444054544,0
11,1,1,-0.000001907,-0.599539638,2.142395020,0.032440275,0.009338506,0.000000000,0.498463243,0
12,1,1,0.000000000,-0.599461317,2.109939575,0.032455541,0.010238852,0.000000000,0.552071214,0
13,1,1,0.000000000,-0.599384189,2.077514648,0.032425020,0.011139184,0.000000000,0.606695354,0
14,1,1,0.000000000,-0.599310517,2.045028687,0.032486048,0.012024237,0.000000000,0.661406040,0
15,1,1,0.000000000,-0.599243045,2.012588501,0.032440256,0.012909266,0.000000000,0.715270460,0
16,1,1,0.000000000,-0.599182487,1.980117798,0.032470759,0.013794275,0.000000000,0.769186914,0
17,1,1,0.000001907,-0.599129915,1.947662354,0.032455489,0.014694529,0.000000000,0.824056625,0
18,1,1,0.000001907,-0.599085569,1.915176392,0.032485992,0.015564251,0.000000000,0.878036559,0
19,1,1,0.000001907,-0.599049568,1.882705688,0.032470722,0.016464485,0.000000000,0.932033181,0
20,1,1,0.000003815,-0.599021673,1.850250244,0.032455456,0.017334197,0.000000000,0.986039639,0
21,1,1,0.000003815,-0.599001348,1.817764282,0.032485969,0.018234426,0.000000000,1.040051341,0
22,1,1,0.000003815,-0.598988175,1.785293579,0.032470703,0.019119399,0.000000000,1.094065428,0
23,1,1,0.000005722,-0.598980784,1.752792358,0.032501221,0.020004377,0.000000000,1.147164345,0
24,1,1,0.000003815,-0.598978698,1.720306396,0.032485962,0.020889357,0.000000000,1.201178789,0
25,1,1,0.000003815,-0.598981261,1.687850952,0.032455444,0.021789603,0.000000000,1.254277349,0
26,1,1,0.000005722,-0.598987222,1.655364990,0.032485962,0.022674596,0.000000000,1.308291197,0
27,1,1,0.000005722,-0.598995805,1.622863770,0.032501221,0.023544332,0.000000000,1.361389399,0
28,1,1,0.000005722,-0.599006772,1.590393066,0.032470703,0.024444591,0.000000000,1.414487600,0
29,1,1,0.000003815,-0.599018991,1.557907104,0.032485962,0.025314337,0.000000000,1.467586398,0
30,1,1,0.000003815,-0.599031687,1.525421143,0.032485962,0.026214601,0.000000000,1.520685554,0
31,1,1,0.000003815,-0.599045157,1.492919922,0.032501224,0.027084351,0.000000000,1.573785067,0
32,1,1,0.000001907,-0.599058330,1.460449219,0.032470707,0.027984619,0.000000000,1.626885295,0
33,1,1,0.000003815,-0.599071026,1.427932739,0.032516479,0.028854372,0.000000000,1.679985881,0
34,1,1,0.000001907,-0.599082828,1.395462036,0.032470703,0.029739382,0.000000000,1.732171416,0
35,1,1,0.000000000,-0.599093914,1.362945557,0.032516479,0.030624393,0.000000000,1.785272717,0
36,1,1,0.000000000,-0.599104047,1.330474854,0.032470703,0.031494144,0.000000000,1.837458611,0
37,1,1,0.000000000,-0.599113107,1.297973633,0.032501221,0.032379154,0.000000000,1.890560031,0
38,1,1,0.000000000,-0.599120796,1.265472412,0.032501221,0.033233646,0.000000000,1.942746043,0
39,1,1,0.000000000,-0.599127769,1.232955933,0.032516479,0.034118656,0.000000000,1.994932055,0
40,1,1,0.000000000,-0.599133611,1.200454712,0.032501221,0.034988407,0.000000000,2.047118187,0
41,1,1,-0.000001907,-0.599138737,1.167953491,0.032501221,0.035858158,0.000000000,2.099303722,0
42,1,1,-0.000001907,-0.599142671,1.135467529,0.032485962,0.036727909,0.000000000,2.151489258,0
43,1,1,-0.000001907,-0.599146008,1.102951050,0.032516479,0.037582401,0.000000000,2.203674793,0
44,1,1,-0.000001907,-0.599148989,1.070434570,0.032516479,0.038452152,0.000000000,2.254944563,0
45,1,1,-0.000003815,-0.599150896,1.037948608,0.032485962,0.039321903,0.000000000,2.307129622,0
46,1,1,-0.000003815,-0.599152863,1.005416870,0.032531738,0.040176392,0.000000000,2.359314680,0
47,1,1,-0.000003815,-0.599154353,0.972915649,0.032501221,0.041046143,0.000000000,2.410584211,0
48,1,1,-0.000005722,-0.599155664,0.940399170,0.032516479,0.041885376,0.000000000,2.461853743,0
49,1,1,-0.000003815,-0.599156618,0.907882690,0.032516479,0.042739868,0.000000000,2.513123035,0
50,1,1,-0.000001907,-0.599157870,0.875350952,0.032531738,0.043609619,0.000000000,2.564392805,0
51,1,1,-0.000003815,-0.599158943,0.842834473,0.032516479,0.044448853,0.000000000,2.616577625,0
52,1,1,-0.000005722,-0.599160194,0.810317993,0.032516479,0.045303345,0.000000000,2.666931629,0
53,1,1,-0.000005722,-0.599161506,0.777832031,0.032485962,0.046173096,0.000000000,2.718200922,0
54,1,1,-0.000005722,-0.599162817,0.745300293,0.032531738,0.047012329,0.000000000,2.769470453,0
55,1,1,-0.000005722,-0.599164486,0.712768555,0.032531738,0.047851563,0.000000000,2.820739985,0
56,1,1,-0.000007629,-0.599166155,0.680252075,0.032516479,0.048706055,0.000000000,2.871093750,0
57,1,1,-0.000009537,-0.599167824,0.647720337,0.032531738,0.049545288,0.000000000,2.922363281,0
58,1,1,-0.000007629,-0.599169850,0.615188599,0.032531738,0.050384521,0.000000000,2.972717285,0
59,1,1,-0.000007629,-0.599171877,0.582656860,0.032531738,0.051223755,0.000000000,3.023071289,0
60,1,1,-0.000009537,-0.599174023,0.550140381,0.032516479,0.052078247,0.000000000,3.073425055,0
61,1,1,-0.000009537,-0.599176645,0.517608643,0.032531738,0.052917480,0.000000000,3.124694586,0
62,1,1,-0.000009537,-0.599179268,0.485061646,0.032546997,0.053741455,0.000000000,3.175048590,0
63,1,1,-0.000009537,-0.599181890,0.452529907,0.032531738,0.054580688,0.000000000,3.224487066,0
64,1,1,-0.000009537,-0.599184632,0.419998169,0.032531738,0.055419922,0.000000000,3.274841070,0
65,1,1,-0.000011444,-0.599187493,0.387466431,0.032531738,0.056259155,0.000000000,3.325195074,0
66,1,1,-0.000011444,-0.599190235,0.354919434,0.032546997,0.057083130,0.000000000,3.375549078,0
67,1,1,-0.000013351,-0.599193096,0.322387695,0.032531738,0.057922363,0.000000000,3.424987555,0
68,1,1,-0.000013351,-0.599196315,0.289825439,0.032562256,0.058746338,0.000000000,3.475341558,0
69,1,1,-0.000011444,-0.599199176,0.257278442,0.032546997,0.059570313,0.000000000,3.524780035,0
70,1,1,-0.000013351,-0.599202275,0.224731445,0.032546997,0.060394287,0.000000000,3.574218512,0
71,1,1,-0.000013351,-0.599205256,0.192199707,0.032531738,0.061218262,0.000000000,3.623656988,0
72,1,1,-0.000013351,-0.599208236,0.159652710,0.032546997,0.062042236,0.000000000,3.673095465,0
73,1,1,-0.000013351,-0.599211156,0.127105713,0.032546997,0.062866211,0.000000000,3.722533941,0
74,1,1,-0.000011444,-0.599214017,0.094558716,0.032546997,0.063690186,0.000000000,3.771972418,0
75,1,1,-0.000013351,-0.599217117,0.062011719,0.032546997,0.064514160,0.000000000,3.821410894,0
76,1,1,-0.000013351,-0.599219739,0.029464722,0.032546997,0.065338135,0.000000000,3.870849371,0
77,1,1,-0.000013351,-0.599222958,-0.003097534,0.032562256,0.066146851,0.000000000,3.920287848,0
78,1,1,-0.000017166,-0.599225640,-0.035644531,0.032546997,0.066970825,0.000000000,3.968810797,0
79,1,1,-0.000015259,-0.599228501,-0.068222046,0.032577515,0.067779541,0.000000000,4.018249512,0
80,1,1,-0.000017166,-0.599231362,-0.100784302,0.032562256,0.068588257,0.000000000,4.066772461,0
81,1,1,-0.000015259,-0.599233985,-0.133346558,0.032562256,0.069396973,0.000000000,4.115295410,0
82,1,1,-0.000017166,-0.599236846,-0.165908813,0.032562256,0.070205688,0.000000000,4.163818359,0
83,1,1,-0.000017166,-0.599239469,-0.198471069,0.032562256,0.071014404,0.000000000,4.212341309,0
84,1,1,-0.000017166,-0.599241853,-0.231033325,0.032562256,0.071823120,0.000000000,4.260864258,0
85,1,1,-0.000019073,-0.599244654,-0.263595581,0.032562256,0.072631836,0.000000000,4.309387207,0
86,1,1,-0.000019073,-0.599247456,-0.296157837,0.032562256,0.073440552,0.000000000,4.357910156,0
87,1,1,-0.000019073,-0.599250078,-0.328720093,0.032562256,0.074249268,0.000000000,4.406433105,0
88,1,1,-0.000019073,-0.599253058,-0.361297607,0.032577515,0.075042725,0.000000000,4.454956055,0
89,1,1,-0.000020981,-0.599255204,-0.393859863,0.032562256,0.075851440,0.000000000,4.502563477,0
90,1,1,-0.000019073,-0.599257827,-0.426437378,0.032577515,0.076644897,0.000000000,4.551086426,0
91,1,1,-0.000020981,-0.599260330,-0.459014893,0.032577515,0.077438354,0.000000000,4.598693371,0
92,1,1,-0.000020981,-0.599262953,-0.491577148,0.032562256,0.078247070,0.000000000,4.646300793,0
93,1,1,-0.000022888,-0.599265575,-0.524154663,0.032577515,0.079040527,0.000000000,4.694823742,0
94,1,1,-0.000020981,-0.599268019,-0.556732178,0.032577515,0.079833984,0.000000000,4.742431164,0
95,1,1,-0.000024796,-0.599270582,-0.589309692,0.032577515,0.080627441,0.000000000,4.790038586,0
96,1,1,-0.000024796,-0.599273086,-0.621887207,0.032577515,0.081420898,0.000000000,4.837646008,0
97,1,1,-0.000024796,-0.599275470,-0.654479980,0.032592773,0.082199097,0.000000000,4.885253429,0
98,1,1,-0.000024796,-0.599278092,-0.687057495,0.032577515,0.082992554,0.000000000,4.931945324,0
99,1,1,-0.000026703,-0.599280775,-0.719635010,0.032577515,0.083786011,0.000000000,4.979552746,0
100,1,1,-0.000026703,-0.599283099,-0.752227783,0.032592773,0.084564209,0.000000000,5.027160168,0
101,1,1,-0.000026703,-0.599285722,-0.784805298,0.032577515,0.085357666,0.000000000,5.073852062,0
102,1,1,-0.000026703,-0.599288344,-0.817398071,0.032592773,0.086135864,0.000000000,5.121459484,0
103,1,1,-0.000028610,-0.599290788,-0.849990845,0.032592773,0.086914063,0.000000000,5.168151379,0
104,1,1,-0.000026703,-0.599293351,-0.882553101,0.032562256,0.087707520,0.000000000,5.214843273,0
105,1,1,-0.000026703,-0.599296033,-0.915145874,0.032592773,0.088485718,0.000000000,5.262450695,0
106,1,1,-0.000028610,-0.599298477,-0.947738647,0.032592773,0.089263916,0.000000000,5.309142590,0
107,1,1,-0.000028610,-0.599301100,-0.980331421,0.032592773,0.090042114,0.000000000,5.355834484,0
108,1,1,-0.000030518,-0.599303484,-1.012939453,0.032608032,0.090805054,0.000000000,5.402526379,0
109,1,1,-0.000028610,-0.599305987,-1.045532227,0.032592773,0.091583252,0.000000000,5.448302746,0
110,1,1,-0.000030518,-0.599308670,-1.078125000,0.032592773,0.092361450,0.000000000,5.494994640,0
111,1,1,-0.000030518,-0.599311054,-1.110733032,0.032608032,0.093124390,0.000000000,5.541686535,0
112,1,1,-0.000030518,-0.599313557,-1.143325806,0.032592773,0.093902588,0.000000000,5.587462902,0
113,1,1,-0.000030518,-0.599316001,-1.175949097,0.032623291,0.094665527,0.000000000,5.634154797,0
114,1,1,-0.000030518,-0.599319577,-1.208541870,0.032592773,0.095443726,0.000000000,5.679931164,0
115,1,1,-0.000028610,-0.599321008,-1.241149902,0.032608032,0.096206665,0.000000000,5.726623058,0
116,1,1,-0.000028610,-0.599323630,-1.273757935,0.032608032,0.096969604,0.000000000,5.772399426,0
117,1,1,-0.000028610,-0.599326253,-1.306365967,0.032608032,0.097732544,0.000000000,5.818175793,0
118,1,1,-0.000028610,-0.599328578,-1.338989258,0.032623291,0.098495483,0.000000000,5.863952160,0
119,1,1,-0.000028610,-0.599331021,-1.371597290,0.032608032,0.099258423,0.000000000,5.909728527,0
120,1,1,-0.000026703,-0.599333763,-1.404205322,0.032608032,0.100021362,0.000000000,5.955504894,0
121,1,1,-0.000024796,-0.599336267,-1.436813354,0.032608032,0.100784302,0.000000000,6.001281261,0
122,1,1,-0.000024796,-0.599338830,-1.469436646,0.032623291,0.101531982,0.000000000,6.047057629,0
123,1,1,-0.000024796,-0.599341154,-1.502044678,0.032608032,0.102294922,0.000000000,6.091918468,0
124,1,1,-0.000024796,-0.599343717,-1.534652710,0.032608032,0.103057861,0.000000000,6.137694836,0
125,1,1,-0.000022888,-0.599345982,-1.567260742,0.032608032,0.103805542,0.000000000,6.183471203,0
126,1,1,-0.000022888,-0.599348426,-1.599884033,0.032623291,0.104553223,0.000000000,6.228332043,0
127,1,1,-0.000020981,-0.599350989,-1.632492065,0.032608032,0.105316162,0.000000000,6.273192883,0
128,1,1,-0.000020981,-0.599353552,-1.665115356,0.032623291,0.106063843,0.000000000,6.318969250,0
129,1,1,-0.000020981,-0.599356055,-1.697738647,0.032623291,0.106811523,0.000000000,6.363830090,0
130,1,1,-0.000020981,-0.599358320,-1.730361938,0.032623291,0.107559204,0.000000000,6.408690929,0
131,1,1,-0.000019073,-0.599360943,-1.762985229,0.032623291,0.108306885,0.000000000,6.453551769,0
132,1,1,-0.000017166,-0.599363446,-1.795608521,0.032623291,0.109054565,0.000000000,6.498412609,0
133,1,1,-0.000017166,-0.599365771,-1.828247070,0.032638550,0.109786987,0.000000000,6.543273449,0
134,1,1,-0.000017166,-0.599368215,-1.860870361,0.032623291,0.110534668,0.000000000,6.587218761,0
135,1,1,-0.000015259,-0.599370599,-1.893493652,0.032623291,0.111282349,0.000000000,6.632079601,0
136,1,1,-0.000015259,-0.599372804,-1.926132202,0.032638550,0.112014771,0.000000000,6.676940441,0
137,1,1,-0.000015259,-0.599375188,-1.958755493,0.032623291,0.112762451,0.000000000,6.720885754,0
138,1,1,-0.000015259,-0.599377811,-1.991394043,0.032638550,0.113494873,0.000000000,6.765746593,0
139,1,1,-0.000013351,-0.599380136,-2.024032593,0.032638550,0.114227295,0.000000000,6.809691906,0
140,1,1,-0.000009537,-0.599382520,-2.056671143,0.032638550,0.114974976,0.000000000,6.853637218,0
141,1,1,-0.000011444,-0.599385142,-2.089309692,0.032638550,0.115707397,0.000000000,6.898498058,0
142,1,1,-0.000011444,-0.599387288,-2.121948242,0.032638550,0.116439819,0.000000000,6.942443371,0
143,1,1,-0.000009537,-0.599389851,-2.154586792,0.032638550,0.117172241,0.000000000,6.986388683,0
144,1,1,-0.000009537,-0.599391997,-2.187225342,0.032638550,0.117904663,0.000000000,7.030333996,0
145,1,1,-0.000009537,-0.599394441,-2.219863892,0.032638550,0.118621826,0.000000000,7.074279308,0
146,1,1,-0.000007629,-0.599396944,-2.252502441,0.032638550,0.119354248,0.000000000,7.117309093,0
147,1,1,-0.000007629,-0.599399328,-2.285140991,0.032638550,0.120086670,0.000000000,7.161254406,0
148,1,1,-0.000005722,-0.599401832,-2.317794800,0.032653809,0.120803833,0.000000000,7.205199718,0
149,1,1,-0.000005722,-0.599404097,-2.350433350,0.032638550,0.121536255,0.000000000,7.248229504,0
150,1,1,-0.000005722,-0.599406481,-2.383087158,0.032653809,0.122253418,0.000000000,7.292174816,0
151,1,1,-0.000003815,-0.599407792,-2.415725708,0.032638550,0.122985840,0.000000000,7.335204601,0
152,1,1,-0.000003815,-0.599411249,-2.448379517,0.032653809,0.123703003,0.000000000,7.379149914,0
153,1,1,-0.000003815,-0.599413931,-2.414367676,0.034011841,0.124420166,0.000000000,7.422179699,0
154,1,1,-0.000001907,-0.599416018,-2.380355835,0.034011841,0.125137329,0.000000000,7.465209484,0
155,1,1,-0.000003815,-0.599418640,-2.346343994,0.034011841,0.125854492,0.000000000,7.508239269,0
156,1,1,-0.000001907,-0.599420905,-2.312332153,0.034011841,0.126571655,0.000000000,7.551269054,0
157,1,1,-0.000001907,-0.599423170,-2.278320313,0.034011841,0.127288818,0.000000000,7.594298840,0
158,1,1,-0.000001907,-0.599425554,-2.244308472,0.034011841,0.128005981,0.000000000,7.637328625,0
159,1,1,-0.000001907,-0.599427938,-2.210311890,0.033996582,0.128707886,0.000000000,7.680358410,0
160,1,1,-0.000001907,-0.599430084,-2.176300049,0.034011841,0.129425049,0.000000000,7.722472668,0
161,1,1,0.000000000,-0.599432588,-2.142303467,0.033996582,0.130126953,0.000000000,7.765502453,0
162,1,1,0.000000000,-0.599434733,-2.108306885,0.033996582,0.130844116,0.000000000,7.807616711,0
163,1,1,0.000000000,-0.599437177,-2.074310303,0.033996582,0.131546021,0.000000000,7.850646496,0
164,1,1,0.000001907,-0.599439502,-2.040298462,0.034011841,0.132263184,0.000000000,7.892760754,0
165,1,1,0.000000000,-0.599441886,-2.006301880,0.033996582,0.132965088,0.000000000,7.935790539,0
166,1,1,0.000001907,-0.599443913,-1.972305298,0.033996582,0.133666992,0.000000000,7.977904797,0
167,1,1,0.000001907,-0.599446416,-1.938308716,0.033996582,0.134368896,0.000000000,8.020019531,0
168,1,1,0.000001907,-0.599448562,-1.904312134,0.033996582,0.135070801,0.000000000,8.062133789,0
169,1,1,0.000003815,-0.599451065,-1.870300293,0.034011841,0.135772705,0.000000000,8.104248047,0
170,1,1,0.000003815,-0.599453211,-1.836303711,0.033996582,0.136474609,0.000000000,8.146362305,0
171,1,1,0.000001907,-0.599455476,-1.802307129,0.033996582,0.137176514,0.000000000,8.188476563,0
172,1,1,0.000003815,-0.599457622,-1.768325806,0.033981323,0.137863159,0.000000000,8.230590820,0
173,1,1,0.000003815,-0.599460125,-1.734329224,0.033996582,0.138565063,0.000000000,8.271789551,0
174,1,1,0.000003815,-0.599462390,-1.700332642,0.033996582,0.139266968,0.000000000,8.313903809,0
175,1,1,0.000005722,-0.599464655,-1.666351318,0.033981323,0.139953613,0.000000000,8.356018066,0
176,1,1,0.000005722,-0.599466920,-1.632369995,0.033981323,0.140640259,0.000000000,8.397216797,0
177,1,1,0.000005722,-0.599469066,-1.598373413,0.033996582,0.141342163,0.000000000,8.438415527,0
178,1,1,0.000007629,-0.599471450,-1.564392090,0.033981323,0.142028809,0.000000000,8.480529785,0
179,1,1,0.000005722,-0.599473715,-1.530410767,0.033981323,0.142715454,0.000000000,8.521728516,0
180,1,1,0.000005722,-0.599475861,-1.496429443,0.033981323,0.143402100,0.000000000,8.562927246,0
181,1,1,0.000007629,-0.599478245,-1.462448120,0.033981323,0.144088745,0.000000000,8.604125977,0
182,1,1,0.000007629,-0.599480450,-1.428482056,0.033966064,0.144775391,0.000000000,8.645324707,0
183,1,1,0.000007629,-0.599482656,-1.394500732,0.033981323,0.145462036,0.000000000,8.686523438,0
184,1,1,0.000009537,-0.599484801,-1.360519409,0.033981323,0.146148682,0.000000000,8.727722168,0
185,1,1,0.000009537,-0.599487126,-1.326538086,0.033981323,0.146835327,0.000000000,8.768920898,0
186,1,1,0.000009537,-0.599489331,-1.292572021,0.033966064,0.147506714,0.000000000,8.810119629,0
187,1,1,0.000011444,-0.599491596,-1.258575439,0.033996582,0.148193359,0.000000000,8.850402832,0
188,1,1,0.000011444,-0.599493742,-1.224609375,0.033966064,0.148864746,0.000000000,8.891601563,0
189,1,1,0.000011444,-0.599496126,-1.190628052,0.033981323,0.149551392,0.000000000,8.931884766,0
190,1,1,0.000009537,-0.599498272,-1.156661987,0.033966064,0.150222778,0.000000000,8.973083496,0
191,1,1,0.000011444,-0.599500418,-1.122695923,0.033966064,0.150894165,0.000000000,9.013366699,0
192,1,1,0.000011444,-0.599502623,-1.088714600,0.033981323,0.151580811,0.000000000,9.053649902,0
193,1,1,0.000011444,-0.599504948,-1.054748535,0.033966064,0.152252197,0.000000000,9.094848633,0
194,1,1,0.000011444,-0.599507093,-1.020767212,0.033981323,0.152923584,0.000000000,9.135131836,0
195,1,1,0.000011444,-0.599508226,-0.986801147,0.033966064,0.153594971,0.000000000,9.175414085,0
196,1,1,0.000011444,-0.599511623,-0.952835083,0.033966064,0.154266357,0.000000000,9.215697289,0
197,1,1,0.000011444,-0.599513650,-0.918884277,0.033950806,0.154922485,0.000000000,9.255980492,0
198,1,1,0.000011444,-0.599516034,-0.884918213,0.033966064,0.155593872,0.000000000,9.295348167,0
199,1,1,0.000013351,-0.599518239,-0.850952148,0.033966064,0.156265259,0.000000000,9.335631371,0
200,1,1,0.000013351,-0.599520445,-0.817001343,0.033950806,0.156921387,0.000000000,9.375914574,0
201,1,1,0.000013351,-0.599522471,-0.783050537,0.033950806,0.157592773,0.000000000,9.415282249,0
202,1,1,0.000013351,-0.599524736,-0.749099731,0.033950806,0.158248901,0.000000000,9.455565453,0
203,1,1,0.000015259,-0.599527001,-0.715133667,0.033966064,0.158920288,0.000000000,9.494933128,0
204,1,1,0.000015259,-0.599529028,-0.681182861,0.033950806,0.159576416,0.000000000,9.535216331,0
205,1,1,0.000015259,-0.599531174,-0.647232056,0.033950806,0.160232544,0.000000000,9.574584007,0
206,1,1,0.000015259,-0.599533319,-0.613265991,0.033966064,0.160903931,0.000000000,9.613951683,0
207,1,1,0.000015259,-0.599535584,-0.579315186,0.033950806,0.161560059,0.000000000,9.654234886,0
208,1,1,0.000017166,-0.599537730,-0.545364380,0.033950806,0.162216187,0.000000000,9.693602562,0
209,1,1,0.000017166,-0.599539816,-0.511413574,0.033950806,0.162872314,0.000000000,9.732970238,0
210,1,1,0.000017166,-0.599542022,-0.477462769,0.033950806,0.163528442,0.000000000,9.772337914,0
211,1,1,0.000017166,-0.599544108,-0.443527222,0.033935547,0.164169312,0.000000000,9.811705589,0
212,1,1,0.000017166,-0.599546194,-0.409576416,0.033950806,0.164825439,0.000000000,9.850157738,0
213,1,1,0.000019073,-0.599548340,-0.375625610,0.033950806,0.165481567,0.000000000,9.889525414,0
214,1,1,0.000019073,-0.599550486,-0.341690063,0.033935547,0.166122437,0.000000000,9.928893089,0
215,1,1,0.000019073,-0.599552631,-0.307739258,0.033950806,0.166778564,0.000000000,9.967345238,0
216,1,1,0.000019073,-0.599554718,-0.273788452,0.033950806,0.167419434,0.000000000,10.006712914,0
217,1,1,0.000019073,-0.599556863,-0.239837646,0.033950806,0.168075562,0.000000000,10.045165062,0
218,1,1,0.000019073,-0.599558949,-0.205917358,0.033920288,0.168716431,0.000000000,10.084532738,0
219,1,1,0.000020981,-0.599561095,-0.171981812,0.033935547,0.169357300,0.000000000,10.122984886,0
220,1,1,0.000020981,-0.599563241,-0.138031006,0.033950806,0.170013428,0.000000000,10.161437035,0
221,1,1,0.000022888,-0.599565327,-0.104095459,0.033935547,0.170654297,0.000000000,10.200804710,0
222,1,1,0.000022888,-0.599567294,-0.070159912,0.033935547,0.171295166,0.000000000,10.239256859,0
223,1,1,0.000022888,-0.599569559,-0.036224365,0.033935547,0.171936035,0.000000000,10.277709007,0
224,1,1,0.000022888,-0.599571764,-0.002288818,0.033935547,0.172576904,0.000000000,10.316161156,0
225,1,1,0.000022888,-0.599573731,0.031631470,0.033920288,0.173202515,0.000000000,10.354613304,0
226,1,1,0.000024796,-0.599575698,0.065567017,0.033935547,0.173843384,0.000000000,10.392149925,0
227,1,1,0.000024796,-0.599577844,0.099502563,0.033935547,0.174484253,0.000000000,10.430602074,0
228,1,1,0.000024796,-0.599579930,0.133438110,0.033935547,0.175125122,0.000000000,10.469054222,0
229,1,1,0.000024796,-0.599581838,0.167373657,0.033935547,0.175750732,0.000000000,10.507506371,0
230,1,1,0.000024796,-0.599584103,0.201309204,0.033935547,0.176391602,0.000000000,10.545042992,0
231,1,1,0.000024796,-0.599586189,0.235229492,0.033920288,0.177017212,0.000000000,10.583495140,0
232,1,1,0.000024796,-0.599588156,0.269149780,0.033920288,0.177642822,0.000000000,10.621031761,0
233,1,1,0.000026703,-0.599590182,0.303085327,0.033935547,0.178283691,0.000000000,10.658568382,0
234,1,1,0.000026703,-0.599592388,0.336990356,0.033905029,0.178909302,0.000000000,10.697020531,0
235,1,1,0.000028610,-0.599594474,0.370910645,0.033920288,0.179534912,0.000000000,10.734557152,0
236,1,1,0.000028610,-0.599596262,0.404846191,0.033935547,0.180160522,0.000000000,10.772093773,0
237,1,1,0.000028610,-0.599598408,0.438766479,0.033920288,0.180786133,0.000000000,10.809630394,0
238,1,1,0.000028610,-0.599600613,0.472686768,0.033920288,0.181411743,0.000000000,10.847167015,0
239,1,1,0.000028610,-0.599602461,0.506607056,0.033920288,0.182037354,0.000000000,10.884703636,0
240,1,1,0.000028610,-0.599604607,0.540527344,0.033920288,0.182662964,0.000000000,10.922240257,0
241,1,1,0.000030518,-0.599606633,0.574432373,0.033905029,0.183273315,0.000000000,10.959776878,0
242,1,1,0.000030518,-0.599608660,0.608352661,0.033920288,0.183898926,0.000000000,10.996397972,0
243,1,1,0.000030518,-0.599610567,0.642272949,0.033920288,0.184524536,0.000000000,11.033934593,0
244,1,1,0.000030518,-0.599612653,0.676177979,0.033905029,0.185134888,0.000000000,11.071471214,0
245,1,1,0.000030518,-0.599614739,0.710098267,0.033920288,0.185760498,0.000000000,11.108092308,0
246,1,1,0.000030518,-0.599616766,0.744003296,0.033905029,0.186370850,0.000000000,11.145628929,0
247,1,1,0.000030518,-0.599618673,0.777908325,0.033905029,0.186981201,0.000000000,11.182250023,0
248,1,1,0.000032425,-0.599620700,0.811828613,0.033920288,0.187606812,0.000000000,11.218871117,0
249,1,1,0.000032425,-0.599622846,0.845718384,0.033889771,0.188217163,0.000000000,11.256407738,0
250,1,1,0.000032425,-0.599624753,0.879623413,0.033905029,0.188827515,0.000000000,11.293028831,0
251,1,1,0.000032425,-0.599626780,0.913528442,0.033905029,0.189437866,0.000000000,11.329649925,0
252,1,1,0.000030518,-0.599628747,0.947433472,0.033905029,0.190048218,0.000000000,11.366271019,0
253,1,1,0.000030518,-0.599630833,0.981338501,0.033905029,0.190658569,0.000000000,11.402892113,0
254,1,1,0.000028610,-0.599632740,1.015258789,0.033920288,0.191268921,0.000000000,11.439513206,0
255,1,1,0.000028610,-0.599634767,1.049163818,0.033905029,0.191879272,0.000000000,11.476134300,0
256,1,1,0.000026703,-0.599636734,1.083053589,0.033889771,0.192474365,0.000000000,11.512755394,0
257,1,1,0.000026703,-0.599638820,1.116958618,0.033905029,0.193084717,0.000000000,11.548460960,0
258,1,1,0.000026703,-0.599640727,1.150863647,0.033905029,0.193695068,0.000000000,11.585082054,0
259,1,1,0.000024796,-0.599642634,1.184753418,0.033889771,0.194290161,0.000000000,11.621703148,0
260,1,1,0.000024796,-0.599644661,1.218658447,0.033905029,0.194900513,0.000000000,11.657408714,0
261,1,1,0.000022888,-0.599646747,1.252548218,0.033889771,0.195495605,0.000000000,11.694029808,0
262,1,1,0.000022888,-0.599648654,1.286437988,0.033889771,0.196090698,0.000000000,11.729735374,0
263,1,1,0.000022888,-0.599650502,1.320327759,0.033889771,0.196685791,0.000000000,11.765440941,0
264,1,1,0.000020981,-0.599652529,1.354217529,0.033889771,0.197296143,0.000000000,11.801146507,0
265,1,1,0.000020981,-0.599654555,1.388107300,0.033889771,0.197891235,0.000000000,11.837767601,0
266,1,1,0.000020981,-0.599655867,1.421997070,0.033889771,0.198486328,0.000000000,11.873473167,0
267,1,1,0.000019073,-0.599658251,1.455886841,0.033889771,0.199081421,0.000000000,11.909178734,0
268,1,1,0.000017166,-0.599660158,1.489776611,0.033889771,0.199676514,0.000000000,11.944884300,0
269,1,1,0.000017166,-0.599662304,1.523666382,0.033889771,0.200271606,0.000000000,11.980589867,0
270,1,1,0.000017166,-0.599664211,1.557540894,0.033874512,0.200851440,0.000000000,12.016295433,0
271,1,1,0.000015259,-0.599665999,1.591445923,0.033905029,0.201446533,0.000000000,12.051085472,0
272,1,1,0.000015259,-0.599668026,1.625350952,0.033905029,0.202041626,0.000000000,12.086791039,0
273,1,1,0.000015259,-0.599669933,1.659240723,0.033889771,0.202636719,0.000000000,12.122496605,0
274,1,1,0.000013351,-0.599671900,1.693115234,0.033874512,0.203216553,0.000000000,12.158202171,0
275,1,1,0.000013351,-0.599673867,1.727005005,0.033889771,0.203811646,0.000000000,12.192992210,0
276,1,1,0.000009537,-0.599675775,1.760879517,0.033874512,0.204391479,0.000000000,12.228697777,0
277,1,1,0.000011444,-0.599677622,1.794738770,0.033859253,0.204971313,0.000000000,12.263487816,0
278,1,1,0.000009537,-0.599679470,1.828628540,0.033889771,0.205566406,0.000000000,12.298277855,0
279,1,1,0.000009537,-0.599681377,1.862503052,0.033874512,0.206146240,0.000000000,12.333983421,0
280,1,1,0.000009537,-0.599683285,1.896377563,0.033874512,0.206726074,0.000000000,12.368773460,0
281,1,1,0.000007629,-0.599685252,1.930252075,0.033874512,0.207305908,0.000000000,12.403563499,0
282,1,1,0.000007629,-0.599687219,1.964126587,0.033874512,0.207885742,0.000000000,12.438353539,0
283,1,1,0.000005722,-0.599689007,1.998001099,0.033874512,0.208465576,0.000000000,12.473143578,0
284,1,1,0.000005722,-0.599691033,2.031875610,0.033874512,0.209045410,0.000000000,12.507933617,0
285,1,1,0.000005722,-0.599692822,2.065750122,0.033874512,0.209625244,0.000000000,12.542723656,0
286,1,1,0.000003815,-0.599694788,2.099624634,0.033874512,0.210205078,0.000000000,12.577513695,0
287,1,1,0.000003815,-0.599696755,2.133483887,0.033859253,0.210769653,0.000000000,12.612303734,0
288,1,1,0.000001907,-0.599698305,2.100708008,0.032775879,0.211349487,0.000000000,12.646178246,0
289,1,1,0.000001907,-0.599700212,2.067916870,0.032791138,0.211929321,0.000000000,12.680968285,0
290,1,1,0.000001907,-0.599702060,2.035110474,0.032806396,0.212493896,0.000000000,12.715758324,0
291,1,1,0.000001907,-0.599703908,2.002304077,0.032806396,0.213073730,0.000000000,12.749632835,0
292,1,1,0.000000000,-0.599705696,1.969497681,0.032806396,0.213638306,0.000000000,12.784422874,0
293,1,1,0.000000000,-0.599707544,1.936691284,0.032806396,0.214202881,0.000000000,12.818297386,0
294,1,1,0.000000000,-0.599709511,1.903900146,0.032791138,0.214782715,0.000000000,12.852171898,0
295,1,1,-0.000001907,-0.599711299,1.871093750,0.032806396,0.215347290,0.000000000,12.886961937,0
296,1,1,0.000000000,-0.599713326,1.838287354,0.032806396,0.215911865,0.000000000,12.920836449,0
297,1,1,-0.000001907,-0.599715114,1.805480957,0.032806396,0.216476440,0.000000000,12.954710960,0
298,1,1,-0.000001907,-0.599717021,1.772674561,0.032806396,0.217041016,0.000000000,12.988585472,0
299,1,1,-0.000001907,-0.599718690,1.739883423,0.032791138,0.217605591,0.000000000,13.022459984,0
300,1,1,-0.000001907,-0.599720657,1.707077026,0.032806396,0.218170166,0.000000000,13.056334496,0
301,1,1,-0.000003815,-0.599722385,1.674270630,0.032806396,0.218734741,0.000000000,13.090209007,0
302,1,1,-0.000003815,-0.599724412,1.641464233,0.032806396,0.219299316,0.000000000,13.124083519,0
303,1,1,-0.000003815,-0.599726081,1.608627319,0.032836914,0.219848633,0.000000000,13.157958031,0
304,1,1,-0.000005722,-0.599727988,1.575805664,0.032821655,0.220413208,0.000000000,13.190917015,0
305,1,1,-0.000003815,-0.599729776,1.542999268,0.032806396,0.220977783,0.000000000,13.224791527,0
306,1,1,-0.000005722,-0.599731684,1.510177612,0.032821655,0.221527100,0.000000000,13.258666039,0
307,1,1,-0.000003815,-0.599733353,1.477371216,0.032806396,0.222091675,0.000000000,13.291625023,0
308,1,1,-0.000005722,-0.599735379,1.444549561,0.032821655,0.222640991,0.000000000,13.325499535,0
309,1,1,-0.000007629,-0.599736929,1.411743164,0.032806396,0.223205566,0.000000000,13.358458519,0
310,1,1,-0.000005722,-0.599738836,1.378936768,0.032806396,0.223754883,0.000000000,13.392333031,0
311,1,1,-0.000007629,-0.599740863,1.346115112,0.032821655,0.224304199,0.000000000,13.425292015,0
312,1,1,-0.000005722,-0.599742353,1.313293457,0.032821655,0.224853516,0.000000000,13.458250999,0
313,1,1,-0.000007629,-0.599744260,1.280471802,0.032821655,0.225402832,0.000000000,13.491209984,0
314,1,1,-0.000009537,-0.599745929,1.247650146,0.032821655,0.225952148,0.000000000,13.524168968,0
315,1,1,-0.000007629,-0.599747896,1.214828491,0.032821655,0.226501465,0.000000000,13.557127953,0
316,1,1,-0.000009537,-0.599749565,1.181991577,0.032836914,0.227050781,0.000000000,13.590086937,0
317,1,1,-0.000007629,-0.599751532,1.149169922,0.032821655,0.227600098,0.000000000,13.623045921,0
318,1,1,-0.000009537,-0.599753261,1.116348267,0.032821655,0.228149414,0.000000000,13.656004906,0
319,1,1,-0.000011444,-0.599755049,1.083526611,0.032821655,0.228698730,0.000000000,13.688963890,0
320,1,1,-0.000009537,-0.599756837,1.050704956,0.032821655,0.229248047,0.000000000,13.721922874,0
321,1,1,-0.000011444,-0.599758625,1.017883301,0.032821655,0.229782104,0.000000000,13.754881859,0
322,1,1,-0.000011444,-0.599760413,0.985061646,0.032821655,0.230331421,0.000000000,13.786925316,0
323,1,1,-0.000011444,-0.599762201,0.952224731,0.032836914,0.230865479,0.000000000,13.819884300,0
324,1,1,-0.000011444,-0.599763989,0.919403076,0.032821655,0.231414795,0.000000000,13.851927757,0
325,1,1,-0.000013351,-0.599765778,0.886566162,0.032836914,0.231948853,0.000000000,13.884886742,0
326,1,1,-0.000013351,-0.599767506,0.853744507,0.032821655,0.232498169,0.000000000,13.916930199,0
327,1,1,-0.000013351,-0.599769175,0.820907593,0.032836914,0.233032227,0.000000000,13.949889183,0
328,1,1,-0.000013351,-0.599771082,0.788055420,0.032852173,0.233566284,0.000000000,13.981932640,0
329,1,1,-0.000013351,-0.599772930,0.755218506,0.032836914,0.234100342,0.000000000,14.013976097,0
330,1,1,-0.000015259,-0.599774480,0.722381592,0.032836914,0.234634399,0.000000000,14.046019554,0
331,1,1,-0.000013351,-0.599776268,0.689559937,0.032821655,0.235168457,0.000000000,14.078063011,0
332,1,1,-0.000015259,-0.599778116,0.656723022,0.032836914,0.235702515,0.000000000,14.110106468,0
333,1,1,-0.000015259,-0.599779665,0.623886108,0.032836914,0.236236572,0.000000000,14.142149925,0
334,1,1,-0.000015259,-0.599781513,0.591049194,0.032836914,0.236770630,0.000000000,14.174193382,0
335,1,1,-0.000015259,-0.599783182,0.558212280,0.032836914,0.237304688,0.000000000,14.206236839,0
336,1,1,-0.000017166,-0.599785030,0.525375366,0.032836914,0.237838745,0.000000000,14.238280296,0
337,1,1,-0.000017166,-0.599786639,0.492523193,0.032852173,0.238357544,0.000000000,14.270323753,0
338,1,1,-0.000017166,-0.599788487,0.459686279,0.032836914,0.238891602,0.000000000,14.301451683,0
339,1,1,-0.000017166,-0.599790156,0.426849365,0.032836914,0.239425659,0.000000000,14.333495140,0
340,1,1,-0.000019073,-0.599791765,0.393981934,0.032867432,0.239944458,0.000000000,14.365538597,0
341,1,1,-0.000017166,-0.599793673,0.361160278,0.032821655,0.240478516,0.000000000,14.396666527,0
342,1,1,-0.000019073,-0.599795341,0.328308105,0.032852173,0.240997314,0.000000000,14.428709984,0
343,1,1,-0.000020981,-0.599797010,0.295455933,0.032852173,0.241516113,0.000000000,14.459837914,0
344,1,1,-0.000020981,-0.599798679,0.262619019,0.032836914,0.242050171,0.000000000,14.490965843,0
345,1,1,-0.000020981,-0.599800527,0.229766846,0.032852173,0.242568970,0.000000000,14.523009300,0
346,1,1,-0.000022888,-0.599802256,0.196899414,0.032867432,0.243087769,0.000000000,14.554137230,0
347,1,1,-0.000022888,-0.599803865,0.164047241,0.032852173,0.243606567,0.000000000,14.585265160,0
348,1,1,-0.000022888,-0.599805593,0.131195068,0.032852173,0.244125366,0.000000000,14.616393089,0
349,1,1,-0.000022888,-0.599807262,0.098342896,0.032852173,0.244644165,0.000000000,14.647521019,0
350,1,1,-0.000024796,-0.599809051,0.065490723,0.032852173,0.245162964,0.000000000,14.678648949,0
351,1,1,-0.000022888,-0.599810719,0.032638550,0.032852173,0.245681763,0.000000000,14.709776878,0
352,1,1,-0.000024796,-0.599812329,-0.000213623,0.032852173,0.246200562,0.000000000,14.740904808,0
353,1,1,-0.000024796,-0.599814117,-0.033065796,0.032852173,0.246719360,0.000000000,14.772032738,0
354,1,1,-0.000026703,-0.599815726,-0.065917969,0.032852173,0.247238159,0.000000000,14.803160667,0
355,1,1,-0.000024796,-0.599817395,-0.098785400,0.032867432,0.247741699,0.000000000,14.834288597,0
356,1,1,-0.000026703,-0.599819064,-0.131637573,0.032852173,0.248260498,0.000000000,14.864500999,0
357,1,1,-0.000026703,-0.599820852,-0.164489746,0.032852173,0.248779297,0.000000000,14.895628929,0
358,1,1,-0.000028610,-0.599822521,-0.197357178,0.032867432,0.249282837,0.000000000,14.926756859,0
359,1,1,-0.000026703,-0.599824190,-0.230224609,0.032867432,0.249786377,0.000000000,14.956969261,0
360,1,1,-0.000026703,-0.599825740,-0.263076782,0.032852173,0.250305176,0.000000000,14.987181664,0
361,1,1,-0.000028610,-0.599827409,-0.295928955,0.032852173,0.250808716,0.000000000,15.018309593,0
362,1,1,-0.000028610,-0.599829078,-0.328796387,0.032867432,0.251327515,0.000000000,15.048521996,0
363,1,1,-0.000028610,-0.599830747,-0.361663818,0.032867432,0.251831055,0.000000000,15.079649925,0
364,1,1,-0.000028610,-0.599832416,-0.394531250,0.032867432,0.252334595,0.000000000,15.109862328,0
365,1,1,-0.000030518,-0.599834204,-0.427398682,0.032867432,0.252838135,0.000000000,15.140074730,0
366,1,1,-0.000030518,-0.599835634,-0.460266113,0.032867432,0.253341675,0.000000000,15.170287132,0
367,1,1,-0.000030518,-0.599837303,-0.493133545,0.032867432,0.253845215,0.000000000,15.200499535,0
368,1,1,-0.000030518,-0.599839091,-0.526000977,0.032867432,0.254348755,0.000000000,15.230711937,0
369,1,1,-0.000030518,-0.599840760,-0.558868408,0.032867432,0.254852295,0.000000000,15.260924339,0
370,1,1,-0.000032425,-0.599842310,-0.591735840,0.032867432,0.255355835,0.000000000,15.291136742,0
371,1,1,-0.000032425,-0.599844098,-0.624588013,0.032852173,0.255859375,0.000000000,15.321349144,0
372,1,1,-0.000034332,-0.599845648,-0.657470703,0.032882690,0.256347656,0.000000000,15.351561546,0
373,1,1,-0.000032425,-0.599847317,-0.690353394,0.032882690,0.256851196,0.000000000,15.380858421,0
374,1,1,-0.000032425,-0.599848866,-0.723220825,0.032867432,0.257354736,0.000000000,15.411070824,0
375,1,1,-0.000034332,-0.599850416,-0.756103516,0.032882690,0.257843018,0.000000000,15.441283226,0
376,1,1,-0.000034332,-0.599852145,-0.788970947,0.032867432,0.258346558,0.000000000,15.470580101,0
377,1,1,-0.000036240,-0.599853754,-0.821853638,0.032882690,0.258834839,0.000000000,15.500792503,0
378,1,1,-0.000034332,-0.599855304,-0.854721069,0.032867432,0.259338379,0.000000000,15.530089378,0
379,1,1,-0.000034332,-0.599857092,-0.887603760,0.032882690,0.259826660,0.000000000,15.560301781,0
380,1,1,-0.000036240,-0.599858522,-0.920486450,0.032882690,0.260314941,0.000000000,15.589598656,0
381,1,1,-0.000036240,-0.599860191,-0.953338623,0.032852173,0.260818481,0.000000000,15.618895531,0
382,1,1,-0.000036240,-0.599861860,-0.986221313,0.032882690,0.261306763,0.000000000,15.649107933,0
383,1,1,-0.000038147,-0.599863529,-1.019104004,0.032882690,0.261795044,0.000000000,15.678404808,0
384,1,1,-0.000036240,-0.599865079,-1.052001953,0.032897949,0.262283325,0.000000000,15.707701683,0
385,1,1,-0.000038147,-0.599866748,-1.084884644,0.032882690,0.262771606,0.000000000,15.736998558,0
386,1,1,-0.000036240,-0.599868178,-1.117767334,0.032882690,0.263259888,0.000000000,15.766295433,0
387,1,1,-0.000036240,-0.599869967,-1.150650024,0.032882690,0.263748169,0.000000000,15.795592308,0
388,1,1,-0.000036240,-0.599871337,-1.183532715,0.032882690,0.264236450,0.000000000,15.824889183,0
389,1,1,-0.000034332,-0.599873126,-1.216430664,0.032897949,0.264724731,0.000000000,15.854186058,0
390,1,1,-0.000032425,-0.599874616,-1.249313354,0.032882690,0.265197754,0.000000000,15.883482933,0
391,1,1,-0.000032425,-0.599876165,-1.282196045,0.032882690,0.265686035,0.000000000,15.911864281,0
392,1,1,-0.000032425,-0.599877834,-1.315078735,0.032882690,0.266174316,0.000000000,15.941161156,0
393,1,1,-0.000032425,-0.599879265,-1.347976685,0.032897949,0.266647339,0.000000000,15.970458031,0
394,1,1,-0.000032425,-0.599880993,-1.380859375,0.032882690,0.267135620,0.000000000,15.998839378,0
395,1,1,-0.000030518,-0.599882364,-1.413772583,0.032913208,0.267608643,0.000000000,16.028137207,0
396,1,1,-0.000028610,-0.599884033,-1.446655273,0.032882690,0.268096924,0.000000000,16.056518555,0
397,1,1,-0.000026703,-0.599885583,-1.479553223,0.032897949,0.268569946,0.000000000,16.085815430,0
398,1,1,-0.000026703,-0.599887133,-1.512435913,0.032882690,0.269058228,0.000000000,16.114196777,0
399,1,1,-0.000026703,-0.599888921,-1.545318604,0.032882690,0.269531250,0.000000000,16.143493652,0
400,1,1,-0.000026703,-0.599890351,-1.578216553,0.032897949,0.270004272,0.000000000,16.171875000,0
401,1,1,-0.000024796,-0.599891841,-1.611114502,0.032897949,0.270477295,0.000000000,16.200256348,0
402,1,1,-0.000024796,-0.599893570,-1.644012451,0.032897949,0.270950317,0.000000000,16.228637695,0
403,1,1,-0.000024796,-0.599894941,-1.676895142,0.032882690,0.271438599,0.000000000,16.257019043,0
404,1,1,-0.000022888,-0.599896491,-1.709793091,0.032897949,0.271911621,0.000000000,16.286315918,0
405,1,1,-0.000022888,-0.599898100,-1.742706299,0.032913208,0.272384644,0.000000000,16.314697266,0
406,1,1,-0.000020981,-0.599899530,-1.775619507,0.032913208,0.272842407,0.000000000,16.343078613,0
407,1,1,-0.000020981,-0.599901199,-1.808517456,0.032897949,0.273315430,0.000000000,16.370544434,0
408,1,1,-0.000020981,-0.599902570,-1.841400146,0.032882690,0.273788452,0.000000000,16.398925781,0
409,1,1,-0.000019073,-0.599904299,-1.874298096,0.032897949,0.274261475,0.000000000,16.427307129,0
410,1,1,-0.000019073,-0.599905729,-1.907196045,0.032897949,0.274734497,0.000000000,16.455688477,0
411,1,1,-0.000019073,-0.599907279,-1.940109253,0.032913208,0.275192261,0.000000000,16.484069824,0
412,1,1,-0.000017166,-0.599908769,-1.973007202,0.032897949,0.275665283,0.000000000,16.511535645,0
413,1,1,-0.000017166,-0.599910557,-2.005905151,0.032897949,0.276138306,0.000000000,16.539916992,0
414,1,1,-0.000017166,-0.599911928,-2.038818359,0.032913208,0.276596069,0.000000000,16.568298340,0
415,1,1,-0.000015259,-0.599913538,-2.071731567,0.032913208,0.277069092,0.000000000,16.595764160,0
416,1,1,-0.000015259,-0.599914908,-2.104644775,0.032913208,0.277526855,0.000000000,16.624145508,0
417,1,1,-0.000015259,-0.599916577,-2.137542725,0.032897949,0.277984619,0.000000000,16.651611328,0
418,1,1,-0.000013351,-0.599918008,-2.170440674,0.032897949,0.278457642,0.000000000,16.679077148,0
419,1,1,-0.000011444,-0.599919498,-2.203353882,0.032913208,0.278915405,0.000000000,16.707458496,0
420,1,1,-0.000011444,-0.599921107,-2.236267090,0.032913208,0.279373169,0.000000000,16.734924316,0
421,1,1,-0.000011444,-0.599922538,-2.269180298,0.032913208,0.279830933,0.000000000,16.762390137,0
422,1,1,-0.000009537,-0.599923968,-2.302093506,0.032913208,0.280288696,0.000000000,16.789855957,0
423,1,1,-0.000009537,-0.599925518,-2.335006714,0.032913208,0.280746460,0.000000000,16.817321777,0
424,1,1,-0.000009537,-0.599927008,-2.367919922,0.032913208,0.281204224,0.000000000,16.844787598,0
425,1,1,-0.000007629,-0.599930286,-2.400848389,0.032928467,0.281661987,0.000000000,16.872253418,0
426,1,1,-0.000007629,-0.599929810,-2.433746338,0.032897949,0.282119751,0.000000000,16.899719238,0
427,1,1,-0.000007629,-0.599931240,-2.466659546,0.032913208,0.282577515,0.000000000,16.927185059,0
428,1,1,-0.000007629,-0.599932849,-2.499572754,0.032913208,0.283035278,0.000000000,16.954650879,0
429,1,1,-0.000005722,-0.599934280,-2.532485962,0.032913208,0.283493042,0.000000000,16.982116699,0
430,1,1,-0.000003815,-0.599935651,-2.565414429,0.032928467,0.283950806,0.000000000,17.009582520,0
431,1,1,-0.000003815,-0.599937260,-2.598342896,0.032928467,0.284393311,0.000000000,17.037048340,0
432,1,1,-0.000003815,-0.599938631,-2.631256104,0.032913208,0.284851074,0.000000000,17.063598633,0
433,1,1,-0.000001907,-0.599940419,-2.597518921,0.033737183,0.285293579,0.000000000,17.091064453,0
434,1,1,-0.000001907,-0.599941969,-2.563766479,0.033752441,0.285751343,0.000000000,17.117614746,0
435,1,1,0.000000000,-0.599943280,-2.530029297,0.033737183,0.286193848,0.000000000,17.145080566,0
436,1,1,0.000000000,-0.599944830,-2.496261597,0.033767700,0.286651611,0.000000000,17.171630859,0
437,1,1,-0.000001907,-0.599946260,-2.462524414,0.033737183,0.287094116,0.000000000,17.199096680,0
438,1,1,0.000000000,-0.599947691,-2.428787231,0.033737183,0.287536621,0.000000000,17.225646973,0
439,1,1,0.000000000,-0.599949360,-2.395034790,0.033752441,0.287994385,0.000000000,17.252197266,0
440,1,1,0.000001907,-0.599950671,-2.361297607,0.033737183,0.288436890,0.000000000,17.279663086,0
441,1,1,0.000000000,-0.599952042,-2.327560425,0.033737183,0.288879395,0.000000000,17.306213379,0
442,1,1,0.000000000,-0.599953592,-2.293823242,0.033737183,0.289321899,0.000000000,17.332763672,0
443,1,1,0.000001907,-0.599955082,-2.260086060,0.033737183,0.289764404,0.000000000,17.359313965,0
444,1,1,0.000001907,-0.599956512,-2.226364136,0.033721924,0.290206909,0.000000000,17.385864258,0
445,1,1,0.000003815,-0.599957883,-2.192626953,0.033737183,0.290649414,0.000000000,17.412414551,0
446,1,1,0.000001907,-0.599959373,-2.158889771,0.033737183,0.291091919,0.000000000,17.438964844,0
447,1,1,0.000003815,-0.599960923,-2.125137329,0.033752441,0.291534424,0.000000000,17.465515137,0
448,1,1,0.000003815,-0.599962354,-2.091400146,0.033737183,0.291976929,0.000000000,17.492065430,0
449,1,1,0.000003815,-0.599963665,-2.057662964,0.033737183,0.292419434,0.000000000,17.518615723,0
450,1,1,0.000005722,-0.599965096,-2.023925781,0.033737183,0.292861938,0.000000000,17.545166016,0
451,1,1,0.000005722,-0.599966586,-1.990203857,0.033721924,0.293289185,0.000000000,17.571716309,0
452,1,1,0.000003815,-0.599967957,-1.956466675,0.033737183,0.293731689,0.000000000,17.597351074,0
453,1,1,0.000005722,-0.599969506,-1.922744751,0.033721924,0.294158936,0.000000000,17.623901367,0
454,1,1,0.000005722,-0.599970818,-1.889022827,0.033721924,0.294601440,0.000000000,17.649536133,0
455,1,1,0.000007629,-0.599972248,-1.855285645,0.033737183,0.295043945,0.000000000,17.676086426,0
456,1,1,0.000007629,-0.599973738,-1.821563721,0.033721924,0.295471191,0.000000000,17.702636719,0
457,1,1,0.000007629,-0.599975109,-1.787826538,0.033737183,0.295898438,0.000000000,17.728271484,0
458,1,1,0.000007629,-0.599976540,-1.754089355,0.033737183,0.296340942,0.000000000,17.753906250,0
459,1,1,0.000007629,-0.599977791,-1.720367432,0.033721924,0.296768188,0.000000000,17.780456543,0
460,1,1,0.000007629,-0.599979401,-1.686645508,0.033721924,0.297195435,0.000000000,17.806091309,0
461,1,1,0.000009537,-0.599980831,-1.652908325,0.033737183,0.297637939,0.000000000,17.831726074,0
462,1,1,0.000009537,-0.599982262,-1.619186401,0.033721924,0.298065186,0.000000000,17.858276367,0
463,1,1,0.000011444,-0.599983454,-1.585479736,0.033706665,0.298492432,0.000000000,17.883911133,0
464,1,1,0.000011444,-0.599985003,-1.551757813,0.033721924,0.298919678,0.000000000,17.909545898,0
465,1,1,0.000009537,-0.599986315,-1.518035889,0.033721924,0.299346924,0.000000000,17.935180664,0
466,1,1,0.000011444,-0.599987864,-1.484313965,0.033721924,0.299774170,0.000000000,17.960815430,0
467,1,1,0.000011444,-0.599989235,-1.450592041,0.033721924,0.300201416,0.000000000,17.986450195,0
468,1,1,0.000011444,-0.599990487,-1.416854858,0.033737183,0.300628662,0.000000000,18.012084961,0
469,1,1,0.000013351,-0.599992037,-1.383132935,0.033721924,0.301055908,0.000000000,18.037719727,0
470,1,1,0.000013351,-0.599993229,-1.349426270,0.033706665,0.301467896,0.000000000,18.063354492,0
471,1,1,0.000013351,-0.599994719,-1.315704346,0.033721924,0.301895142,0.000000000,18.088073730,0
472,1,1,0.000013351,-0.599996090,-1.281982422,0.033721924,0.302322388,0.000000000,18.113708496,0
473,1,1,0.000013351,-0.599997640,-1.248252869,0.033729553,0.302749634,0.000000000,18.139343262,0
474,1,1,0.000013351,-0.599998832,-1.214530945,0.033721924,0.303161621,0.000000000,18.164978027,0
475,1,1,0.000015259,-0.600000143,-1.180793762,0.033737183,0.303588867,0.000000000,18.189697266,0
476,1,1,0.000015259,-0.600001633,-1.147064209,0.033729553,0.304000854,0.000000000,18.215332031,0
477,1,1,0.000015259,-0.600002766,-1.113342285,0.033721924,0.304412842,0.000000000,18.240051270,0
478,1,1,0.000015259,-0.600004375,-1.079612732,0.033729553,0.304840088,0.000000000,18.265228271,0
479,1,1,0.000017166,-0.600005686,-1.045890808,0.033721924,0.305259705,0.000000000,18.290403366,0
480,1,1,0.000017166,-0.600007176,-1.012161255,0.033729553,0.305679321,0.000000000,18.315580368,0
481,1,1,0.000017166,-0.600008428,-0.978431702,0.033729553,0.306091309,0.000000000,18.340757370,0
482,1,1,0.000017166,-0.600009799,-0.944702148,0.033729553,0.306510925,0.000000000,18.365476608,0
483,1,1,0.000017166,-0.600011110,-0.910980225,0.033721924,0.306922913,0.000000000,18.390653610,0
484,1,1,0.000017166,-0.600012422,-0.877258301,0.033721924,0.307342529,0.000000000,18.415372849,0
485,1,1,0.000019073,-0.600013971,-0.843536377,0.033721924,0.307754517,0.000000000,18.440549850,0
486,1,1,0.000019073,-0.600015104,-0.809806824,0.033729553,0.308166504,0.000000000,18.465269089,0
487,1,1,0.000019073,-0.600016475,-0.776084900,0.033721924,0.308578491,0.000000000,18.489988327,0
488,1,1,0.000020981,-0.600017786,-0.742355347,0.033729553,0.308990479,0.000000000,18.514707565,0
489,1,1,0.000020981,-0.600019217,-0.708641052,0.033714294,0.309402466,0.000000000,18.539426804,0
490,1,1,0.000020981,-0.600020647,-0.674919128,0.033721924,0.309814453,0.000000000,18.564146042,0
491,1,1,0.000020981,-0.600021958,-0.641197205,0.033721924,0.310218811,0.000000000,18.588865280,0
492,1,1,0.000022888,-0.600023389,-0.607475281,0.033721924,0.310630798,0.000000000,18.613126755,0
493,1,1,0.000022888,-0.600024521,-0.573768616,0.033706665,0.311035156,0.000000000,18.637845993,0
494,1,1,0.000020981,-0.600025952,-0.540046692,0.033721924,0.311447144,0.000000000,18.662107468,0
495,1,1,0.000020981,-0.600027204,-0.506332397,0.033714294,0.311851501,0.000000000,18.686826706,0
496,1,1,0.000022888,-0.600028515,-0.472610474,0.033721924,0.312255859,0.000000000,18.711088181,0
497,1,1,0.000022888,-0.600029826,-0.438903809,0.033706665,0.312660217,0.000000000,18.735349655,0
498,1,1,0.000022888,-0.600031316,-0.405181885,0.033721924,0.313072205,0.000000000,18.759611130,0
499,1,1,0.000024796,-0.600032568,-0.371475220,0.033706665,0.313468933,0.000000000,18.784330368,0
500,1,1,0.000024796,-0.600033879,-0.337760925,0.033714294,0.313873291,0.000000000,18.808134079,0
501,1,1,0.000024796,-0.600035250,-0.304039001,0.033721924,0.314277649,0.000000000,18.832395554,0
502,1,1,0.000024796,-0.600036502,-0.270332336,0.033706665,0.314682007,0.000000000,18.856657028,0
503,1,1,0.000026703,-0.600037932,-0.236618042,0.033714294,0.315086365,0.000000000,18.880918503,0
504,1,1,0.000026703,-0.600039124,-0.202911377,0.033706665,0.315483093,0.000000000,18.905179977,0
505,1,1,0.000026703,-0.600040436,-0.169204712,0.033706665,0.315879822,0.000000000,18.928983688,0
506,1,1,0.000026703,-0.600041866,-0.135490417,0.033714294,0.316284180,0.000000000,18.952787399,0
507,1,1,0.000026703,-0.600042939,-0.101783752,0.033706665,0.316680908,0.000000000,18.977048874,0
508,1,1,0.000028610,-0.600044668,-0.068069458,0.033714294,0.317077637,0.000000000,19.000852585,0
509,1,1,0.000028610,-0.600046039,-0.034362793,0.033706665,0.317474365,0.000000000,19.024656296,0
510,1,1,0.000028610,-0.600047112,-0.000656128,0.033706665,0.317871094,0.000000000,19.048460007,0
511,1,1,0.000028610,-0.600048542,0.033050537,0.033706665,0.318267822,0.000000000,19.072263718,0
512,1,1,0.000030518,-0.600049853,0.066757202,0.033706665,0.318664551,0.000000000,19.096067429,0
513,1,1,0.000030518,-0.600051045,0.100463867,0.033706665,0.319061279,0.000000000,19.119871140,0
514,1,1,0.000030518,-0.600052297,0.134170532,0.033706665,0.319458008,0.000000000,19.143674850,0
515,1,1,0.000030518,-0.600053668,0.167861938,0.033691406,0.319847107,0.000000000,19.167478561,0
516,1,1,0.000030518,-0.600054860,0.201576233,0.033714294,0.320243835,0.000000000,19.190824509,0
517,1,1,0.000032425,-0.600056410,0.235275269,0.033699036,0.320632935,0.000000000,19.214628220,0
518,1,1,0.000032425,-0.600057602,0.268974304,0.033699036,0.321022034,0.000000000,19.237974167,0
519,1,1,0.000032425,-0.600058913,0.302673340,0.033699036,0.321418762,0.000000000,19.261320114,0
520,1,1,0.000032425,-0.600060105,0.336380005,0.033706665,0.321807861,0.000000000,19.285123825,0
521,1,1,0.000034332,-0.600061476,0.370079041,0.033699036,0.322196960,0.000000000,19.308469772,0
522,1,1,0.000034332,-0.600062668,0.403778076,0.033699036,0.322586060,0.000000000,19.331815720,0
523,1,1,0.000034332,-0.600063920,0.437477112,0.033699036,0.322975159,0.000000000,19.355161667,0
524,1,1,0.000034332,-0.600065112,0.471160889,0.033683777,0.323356628,0.000000000,19.378507614,0
525,1,1,0.000034332,-0.600066423,0.504867554,0.033706665,0.323745728,0.000000000,19.401395798,0
526,1,1,0.000036240,-0.600067735,0.538566589,0.033699036,0.324134827,0.000000000,19.424741745,0
527,1,1,0.000036240,-0.600068927,0.572257996,0.033691406,0.324516296,0.000000000,19.448087692,0
528,1,1,0.000034332,-0.600070357,0.605949402,0.033691406,0.324905396,0.000000000,19.470975876,0
529,1,1,0.000034332,-0.600071549,0.639640808,0.033691406,0.325286865,0.000000000,19.494321823,0
530,1,1,0.000034332,-0.600072742,0.673355103,0.033714294,0.325675964,0.000000000,19.517210007,0
531,1,1,0.000032425,-0.600074053,0.707046509,0.033691406,0.326057434,0.000000000,19.540555954,0
532,1,1,0.000034332,-0.600075245,0.740730286,0.033683777,0.326438904,0.000000000,19.563444138,0
533,1,1,0.000032425,-0.600076437,0.774421692,0.033691406,0.326820374,0.000000000,19.586332321,0
534,1,1,0.000030518,-0.600077748,0.808113098,0.033691406,0.327201843,0.000000000,19.609220505,0
535,1,1,0.000030518,-0.600079060,0.841812134,0.033699036,0.327583313,0.000000000,19.632108688,0
536,1,1,0.000028610,-0.600080252,0.875503540,0.033691406,0.327964783,0.000000000,19.654996872,0
537,1,1,0.000030518,-0.600081563,0.909179688,0.033676147,0.328338623,0.000000000,19.677885056,0
538,1,1,0.000028610,-0.600082874,0.942871094,0.033691406,0.328720093,0.000000000,19.700315475,0
539,1,1,0.000026703,-0.600084066,0.976562500,0.033691406,0.329101563,0.000000000,19.723203659,0
540,1,1,0.000026703,-0.600085199,1.010253906,0.033691406,0.329475403,0.000000000,19.746091843,0
541,1,1,0.000024796,-0.600086331,1.043930054,0.033676147,0.329849243,0.000000000,19.768522263,0
542,1,1,0.000024796,-0.600087702,1.077621460,0.033691406,0.330230713,0.000000000,19.790952682,0
543,1,1,0.000022888,-0.600089073,1.111305237,0.033683777,0.330604553,0.000000000,19.813840866,0
544,1,1,0.000024796,-0.600090265,1.144996643,0.033691406,0.330978394,0.000000000,19.836271286,0
545,1,1,0.000022888,-0.600091338,1.178672791,0.033676147,0.331352234,0.000000000,19.858701706,0
546,1,1,0.000020981,-0.600092649,1.212356567,0.033683777,0.331726074,0.000000000,19.881132126,0
547,1,1,0.000020981,-0.600093901,1.246040344,0.033683777,0.332099915,0.000000000,19.903562546,0
548,1,1,0.000019073,-0.600095093,1.279724121,0.033683777,0.332473755,0.000000000,19.925992966,0
549,1,1,0.000019073,-0.600096107,1.313407898,0.033683777,0.332847595,0.000000000,19.948423386,0
550,1,1,0.000019073,-0.600097477,1.347084045,0.033676147,0.333213806,0.000000000,19.970853806,0
551,1,1,0.000019073,-0.600098610,1.380775452,0.033691406,0.333587646,0.000000000,19.992826462,0
552,1,1,0.000017166,-0.600099802,1.414451599,0.033676147,0.333953857,0.000000000,20.015256882,0
553,1,1,0.000015259,-0.600101113,1.448135376,0.033683777,0.334327698,0.000000000,20.037229538,0
554,1,1,0.000015259,-0.600102246,1.481811523,0.033676147,0.334693909,0.000000000,20.059659958,0
555,1,1,0.000015259,-0.600103498,1.515487671,0.033676147,0.335060120,0.000000000,20.081632614,0
556,1,1,0.000013351,-0.600104690,1.549163818,0.033676147,0.335426331,0.000000000,20.103605270,0
557,1,1,0.000013351,-0.600105882,1.582832336,0.033668518,0.335792542,0.000000000,20.125577927,0
558,1,1,0.000015259,-0.600107074,1.616516113,0.033683777,0.336158752,0.000000000,20.147550583,0
559,1,1,0.000013351,-0.600108385,1.650192261,0.033676147,0.336524963,0.000000000,20.169523239,0
560,1,1,0.000011444,-0.600109458,1.683868408,0.033676147,0.336891174,0.000000000,20.191495895,0
561,1,1,0.000009537,-0.600110710,1.717544556,0.033676147,0.337257385,0.000000000,20.213468552,0
562,1,1,0.000009537,-0.600111961,1.751213074,0.033668518,0.337623596,0.000000000,20.235441208,0
563,1,1,0.000007629,-0.600112915,1.784889221,0.033676147,0.337982178,0.000000000,20.257413864,0
564,1,1,0.000007629,-0.600114286,1.818565369,0.033676147,0.338348389,0.000000000,20.278928757,0
565,1,1,0.000007629,-0.600115418,1.852233887,0.033668518,0.338706970,0.000000000,20.300901413,0
566,1,1,0.000005722,-0.600116611,1.885902405,0.033668518,0.339073181,0.000000000,20.322416306,0
567,1,1,0.000005722,-0.600117803,1.919578552,0.033676147,0.339431763,0.000000000,20.344388962,0
568,1,1,0.000007629,-0.600118995,1.953247070,0.033668518,0.339790344,0.000000000,20.365903854,0
569,1,1,0.000005722,-0.600120068,1.986915588,0.033668518,0.340148926,0.000000000,20.387418747,0
570,1,1,0.000003815,-0.600121140,1.953903198,0.033012390,0.340507507,0.000000000,20.408933640,0
571,1,1,0.000003815,-0.600122213,1.920906067,0.032997131,0.340866089,0.000000000,20.430448532,0
572,1,1,0.000003815,-0.600123644,1.887901306,0.033004761,0.341224670,0.000000000,20.451963425,0
573,1,1,0.000001907,-0.600124717,1.854896545,0.033004761,0.341583252,0.000000000,20.473478317,0
574,1,1,0.000001907,-0.600125730,1.821884155,0.033012390,0.341941833,0.000000000,20.494993210,0
575,1,1,0.000001907,-0.600126922,1.788879395,0.033004761,0.342292786,0.000000000,20.516508102,0
576,1,1,0.000001907,-0.600128114,1.755874634,0.033004761,0.342651367,0.000000000,20.537565231,0
577,1,1,0.000001907,-0.600129306,1.722869873,0.033004761,0.343009949,0.000000000,20.559080124,0
578,1,1,0.000001907,-0.600130320,1.689849854,0.033020020,0.343360901,0.000000000,20.580595016,0
579,1,1,0.000000000,-0.600131571,1.656845093,0.033004761,0.343711853,0.000000000,20.601652145,0
580,1,1,0.000000000,-0.600132763,1.623840332,0.033004761,0.344070435,0.000000000,20.622709274,0
581,1,1,0.000000000,-0.600133955,1.590827942,0.033012390,0.344421387,0.000000000,20.644224167,0
582,1,1,-0.000001907,-0.600135207,1.557815552,0.033012390,0.344772339,0.000000000,20.665281296,0
583,1,1,0.000000000,-0.600136280,1.524803162,0.033012390,0.345123291,0.000000000,20.686338425,0
584,1,1,0.000000000,-0.600137472,1.491790771,0.033012390,0.345474243,0.000000000,20.707395554,0
585,1,1,-0.000001907,-0.600138605,1.458778381,0.033012390,0.345825195,0.000000000,20.728452682,0
586,1,1,-0.000001907,-0.600139678,1.425765991,0.033012390,0.346176147,0.000000000,20.749509811,0
587,1,1,-0.000001907,-0.600140929,1.392745972,0.033020020,0.346519470,0.000000000,20.770566940,0
588,1,1,-0.000003815,-0.600141943,1.359725952,0.033020020,0.346870422,0.000000000,20.791166306,0
589,1,1,-0.000003815,-0.600143075,1.326713562,0.033012390,0.347221375,0.000000000,20.812223434,0
590,1,1,-0.000003815,-0.600144207,1.293693542,0.033020020,0.347564697,0.000000000,20.833280563,0
591,1,1,-0.000003815,-0.600145459,1.260681152,0.033012390,0.347915649,0.000000000,20.853879929,0
592,1,1,-0.000003815,-0.600146413,1.227661133,0.033020020,0.348258972,0.000000000,20.874937057,0
593,1,1,-0.000005722,-0.600147605,1.194648743,0.033012390,0.348602295,0.000000000,20.895536423,0
594,1,1,-0.000005722,-0.600148916,1.161621094,0.033027649,0.348945618,0.000000000,20.916135788,0
595,1,1,-0.000005722,-0.600149989,1.128608704,0.033012390,0.349296570,0.000000000,20.936735153,0
596,1,1,-0.000005722,-0.600151062,1.095588684,0.033020020,0.349639893,0.000000000,20.957792282,0
597,1,1,-0.000005722,-0.600152314,1.062576294,0.033012390,0.349983215,0.000000000,20.978391647,0
598,1,1,-0.000007629,-0.600153208,1.029548645,0.033027649,0.350326538,0.000000000,20.998991013,0
599,1,1,-0.000007629,-0.600154281,0.996520996,0.033027649,0.350662231,0.000000000,21.019590378,0
600,1,1,-0.000007629,-0.600155532,0.963500977,0.033020020,0.351005554,0.000000000,21.039731979,0
601,1,1,-0.000009537,-0.600156665,0.930488586,0.033012390,0.351348877,0.000000000,21.060331345,0
602,1,1,-0.000007629,-0.600157678,0.897453308,0.033035278,0.351684570,0.000000000,21.080930710,0
603,1,1,-0.000007629,-0.600158751,0.864433289,0.033020020,0.352027893,0.000000000,21.101072311,0
604,1,1,-0.000009537,-0.600159883,0.831413269,0.033020020,0.352363586,0.000000000,21.121671677,0
605,1,1,-0.000009537,-0.600161076,0.798393250,0.033020020,0.352706909,0.000000000,21.141813278,0
606,1,1,-0.000011444,-0.600162029,0.765357971,0.033035278,0.353042603,0.000000000,21.162412643,0
607,1,1,-0.000009537,-0.600163341,0.732330322,0.033027649,0.353378296,0.000000000,21.182554245,0
608,1,1,-0.000009537,-0.600164294,0.699317932,0.033012390,0.353721619,0.000000000,21.202695847,0
609,1,1,-0.000011444,-0.600165486,0.666282654,0.033035278,0.354057312,0.000000000,21.223295212,0
610,1,1,-0.000011444,-0.600166559,0.633247375,0.033035278,0.354393005,0.000000000,21.243436813,0
611,1,1,-0.000013351,-0.600167632,0.600219727,0.033027649,0.354728699,0.000000000,21.263578415,0
612,1,1,-0.000011444,-0.600168705,0.567192078,0.033027649,0.355056763,0.000000000,21.283720016,0
613,1,1,-0.000013351,-0.600169778,0.534164429,0.033027649,0.355392456,0.000000000,21.303403854,0
614,1,1,-0.000013351,-0.600170851,0.501129150,0.033035278,0.355728149,0.000000000,21.323545456,0
615,1,1,-0.000013351,-0.600172043,0.468109131,0.033020020,0.356063843,0.000000000,21.343687057,0
616,1,1,-0.000013351,-0.600172997,0.435073853,0.033035278,0.356391907,0.000000000,21.363828659,0
617,1,1,-0.000013351,-0.600174069,0.402046204,0.033027649,0.356727600,0.000000000,21.383512497,0
618,1,1,-0.000015259,-0.600175321,0.369003296,0.033042908,0.357055664,0.000000000,21.403654099,0
619,1,1,-0.000015259,-0.600176513,0.335983276,0.033020020,0.357391357,0.000000000,21.423337936,0
620,1,1,-0.000015259,-0.600177407,0.302947998,0.033035278,0.357719421,0.000000000,21.443479538,0
621,1,1,-0.000015259,-0.600178599,0.269912720,0.033035278,0.358047485,0.000000000,21.463163376,0
622,1,1,-0.000015259,-0.600179553,0.236877441,0.033035278,0.358375549,0.000000000,21.482847214,0
623,1,1,-0.000017166,-0.600180626,0.203842163,0.033035278,0.358703613,0.000000000,21.502531052,0
624,1,1,-0.000017166,-0.600181818,0.170806885,0.033035278,0.359031677,0.000000000,21.522214890,0
625,1,1,-0.000017166,-0.600182712,0.137763977,0.033042908,0.359359741,0.000000000,21.541898727,0
626,1,1,-0.000017166,-0.600183964,0.104736328,0.033027649,0.359687805,0.000000000,21.561582565,0
627,1,1,-0.000019073,-0.600184977,0.071701050,0.033035278,0.360015869,0.000000000,21.581266403,0
628,1,1,-0.000019073,-0.600186050,0.038665771,0.033035278,0.360343933,0.000000000,21.600950241,0
629,1,1,-0.000019073,-0.600187123,0.005622864,0.033042908,0.360664368,0.000000000,21.620634079,0
630,1,1,-0.000019073,-0.600188136,-0.027420044,0.033042908,0.360992432,0.000000000,21.639860153,0
631,1,1,-0.000019073,-0.600189209,-0.060462952,0.033042908,0.361312866,0.000000000,21.659543991,0
632,1,1,-0.000020981,-0.600190401,-0.093498230,0.033035278,0.361640930,0.000000000,21.678770065,0
633,1,1,-0.000020981,-0.600191414,-0.126541138,0.033042908,0.361961365,0.000000000,21.698453903,0
634,1,1,-0.000020981,-0.600192487,-0.159584045,0.033042908,0.362281799,0.000000000,21.717679977,0
635,1,1,-0.000020981,-0.600193620,-0.192619324,0.033035278,0.362609863,0.000000000,21.736906052,0
636,1,1,-0.000022888,-0.600194573,-0.225654602,0.033035278,0.362930298,0.000000000,21.756589890,0
637,1,1,-0.000022888,-0.600195646,-0.258705139,0.033050537,0.363250732,0.000000000,21.775815964,0
638,1,1,-0.000022888,-0.600196719,-0.291748047,0.033042908,0.363571167,0.000000000,21.795042038,0
639,1,1,-0.000022888,-0.600197792,-0.324790955,0.033042908,0.363891602,0.000000000,21.814268112,0
640,1,1,-0.000022888,-0.600198627,-0.357826233,0.033035278,0.364212036,0.000000000,21.833494186,0
641,1,1,-0.000022888,-0.600199938,-0.390884399,0.033058167,0.364524841,0.000000000,21.852720261,0
642,1,1,-0.000022888,-0.600200832,-0.423927307,0.033042908,0.364845276,0.000000000,21.871488571,0
643,1,1,-0.000024796,-0.600201845,-0.456962585,0.033035278,0.365165710,0.000000000,21.890714645,0
644,1,1,-0.000024796,-0.600203037,-0.490013123,0.033050537,0.365478516,0.000000000,21.909940720,0
645,1,1,-0.000024796,-0.600203931,-0.523063660,0.033050537,0.365798950,0.000000000,21.928709030,0
646,1,1,-0.000024796,-0.600205064,-0.556114197,0.033050537,0.366111755,0.000000000,21.947935104,0
647,1,1,-0.000026703,-0.600206077,-0.589149475,0.033035278,0.366432190,0.000000000,21.966703415,0
648,1,1,-0.000026703,-0.600207090,-0.622207642,0.033058167,0.366744995,0.000000000,21.985929489,0
649,1,1,-0.000026703,-0.600208044,-0.655258179,0.033050537,0.367057800,0.000000000,22.004697800,0
650,1,1,-0.000026703,-0.600209057,-0.688301086,0.033042908,0.367370605,0.000000000,22.023466110,0
651,1,1,-0.000028610,-0.600210130,-0.721343994,0.033042908,0.367691040,0.000000000,22.042234421,0
652,1,1,-0.000026703,-0.600211143,-0.754409790,0.033065796,0.368003845,0.000000000,22.061460495,0
653,1,1,-0.000028610,-0.600212157,-0.787460327,0.033050537,0.368316650,0.000000000,22.080228806,0
654,1,1,-0.000028610,-0.600213289,-0.820503235,0.033042908,0.368629456,0.000000000,22.098997116,0
655,1,1,-0.000030518,-0.600214243,-0.853561401,0.033058167,0.368934631,0.000000000,22.117765427,0
656,1,1,-0.000028610,-0.600215197,-0.886619568,0.033058167,0.369247437,0.000000000,22.136075974,0
657,1,1,-0.000030518,-0.600216389,-0.919662476,0.033042908,0.369560242,0.000000000,22.154844284,0
658,1,1,-0.000030518,-0.600217164,-0.952720642,0.033058167,0.369865417,0.000000000,22.173612595,0
659,1,1,-0.000030518,-0.600218475,-0.985771179,0.033050537,0.370178223,0.000000000,22.191923141,0
660,1,1,-0.000030518,-0.600219309,-1.018829346,0.033058167,0.370491028,0.000000000,22.210691452,0
661,1,1,-0.000032425,-0.600220442,-1.051879883,0.033050537,0.370796204,0.000000000,22.229459763,0
662,1,1,-0.000030518,-0.600221395,-1.084941864,0.033061981,0.371101379,0.000000000,22.247770309,0
663,1,1,-0.000032425,-0.600222409,-1.117984772,0.033042908,0.371414185,0.000000000,22.266080856,0
664,1,1,-0.000032425,-0.600223422,-1.151046753,0.033061981,0.371719360,0.000000000,22.284849167,0
665,1,1,-0.000032425,-0.600224376,-1.184093475,0.033046722,0.372028351,0.000000000,22.303159714,0
666,1,1,-0.000032425,-0.600225210,-1.217151642,0.033058167,0.372329712,0.000000000,22.321470261,0
667,1,1,-0.000034332,-0.600226402,-1.250202179,0.033050537,0.372634888,0.000000000,22.339780807,0
668,1,1,-0.000034332,-0.600227296,-1.283260345,0.033058167,0.372940063,0.000000000,22.358091354,0
669,1,1,-0.000034332,-0.600228310,-1.316314697,0.033054352,0.373245239,0.000000000,22.376401901,0
670,1,1,-0.000036240,-0.600229740,-1.349369049,0.033054352,0.373550415,0.000000000,22.394712448,0
671,1,1,-0.000032425,-0.600230217,-1.382427216,0.033058167,0.373851776,0.000000000,22.413022995,0
672,1,1,-0.000034332,-0.600231290,-1.415485382,0.033058167,0.374153137,0.000000000,22.431104660,0
673,1,1,-0.000032425,-0.600232184,-1.448539734,0.033054352,0.374458313,0.000000000,22.449186325,0
674,1,1,-0.000032425,-0.600233018,-1.481597900,0.033058167,0.374759674,0.000000000,22.467496872,0
675,1,1,-0.000030518,-0.600234151,-1.514652252,0.033054352,0.375061035,0.000000000,22.485578537,0
676,1,1,-0.000030518,-0.600235164,-1.547714233,0.033061981,0.375362396,0.000000000,22.503660202,0
677,1,1,-0.000028610,-0.600236058,-1.580776215,0.033061981,0.375659943,0.000000000,22.521741867,0
678,1,1,-0.000028610,-0.600237072,-1.613838196,0.033061981,0.375961304,0.000000000,22.539594650,0
679,1,1,-0.000026703,-0.600238025,-1.646900177,0.033061981,0.376258850,0.000000000,22.557676315,0
680,1,1,-0.000026703,-0.600239098,-1.679954529,0.033054352,0.376560211,0.000000000,22.575529099,0
681,1,1,-0.000026703,-0.600239992,-1.713020325,0.033065796,0.376857758,0.000000000,22.593610764,0
682,1,1,-0.000026703,-0.600240946,-1.746078491,0.033058167,0.377155304,0.000000000,22.611463547,0
683,1,1,-0.000026703,-0.600241959,-1.779144287,0.033065796,0.377452850,0.000000000,22.629316330,0
684,1,1,-0.000024796,-0.600243032,-1.812202454,0.033058167,0.377750397,0.000000000,22.647169113,0
685,1,1,-0.000024796,-0.600243926,-1.845264435,0.033061981,0.378047943,0.000000000,22.665021896,0
686,1,1,-0.000022888,-0.600244820,-1.878330231,0.033065796,0.378341675,0.000000000,22.682874680,0
687,1,1,-0.000022888,-0.600245893,-1.911392212,0.033061981,0.378639221,0.000000000,22.700498581,0
688,1,1,-0.000020981,-0.600246906,-1.944458008,0.033065796,0.378932953,0.000000000,22.718351364,0
689,1,1,-0.000020981,-0.600247800,-1.977527618,0.033069611,0.379226685,0.000000000,22.735975266,0
690,1,1,-0.000019073,-0.600248873,-2.010597229,0.033069611,0.379520416,0.000000000,22.753599167,0
691,1,1,-0.000020981,-0.600249767,-2.043659210,0.033061981,0.379814148,0.000000000,22.771223068,0
692,1,1,-0.000019073,-0.600250661,-2.076725006,0.033065796,0.380107880,0.000000000,22.788846970,0
693,1,1,-0.000017166,-0.600251675,-2.109794617,0.033069611,0.380397797,0.000000000,22.806470871,0
694,1,1,-0.000019073,-0.600252569,-2.142860413,0.033065796,0.380691528,0.000000000,22.823865891,0
695,1,1,-0.000015259,-0.600253522,-2.175930023,0.033069611,0.380981445,0.000000000,22.841489792,0
696,1,1,-0.000017166,-0.600254476,-2.208995819,0.033065796,0.381275177,0.000000000,22.858884811,0
697,1,1,-0.000013351,-0.600255370,-2.242061615,0.033065796,0.381565094,0.000000000,22.876508713,0
698,1,1,-0.000015259,-0.600256324,-2.275135040,0.033073425,0.381855011,0.000000000,22.893903732,0
699,1,1,-0.000015259,-0.600257397,-2.308208466,0.033073425,0.382144928,0.000000000,22.911298752,0
700,1,1,-0.000011444,-0.600258291,-2.341281891,0.033073425,0.382431030,0.000000000,22.928693771,0
701,1,1,-0.000013351,-0.600259304,-2.374351501,0.033069611,0.382720947,0.000000000,22.945859909,0
702,1,1,-0.000011444,-0.600260198,-2.407417297,0.033065796,0.383010864,0.000000000,22.963254929,0
703,1,1,-0.000011444,-0.600261092,-2.440494537,0.033077240,0.383296967,0.000000000,22.980649948,0
704,1,1,-0.000011444,-0.600262105,-2.473564148,0.033069611,0.383583069,0.000000000,22.997816086,0
705,1,1,-0.000007629,-0.600262940,-2.506641388,0.033077240,0.383869171,0.000000000,23.014982224,0
706,1,1,-0.000009537,-0.600263953,-2.539710999,0.033069611,0.384155273,0.000000000,23.032148361,0
707,1,1,-0.000007629,-0.600264788,-2.572784424,0.033073425,0.384441376,0.000000000,23.049314499,0
708,1,1,-0.000007629,-0.600265801,-2.605857849,0.033073425,0.384727478,0.000000000,23.066480637,0
709,1,1,-0.000007629,-0.600266814,-2.638931274,0.033073425,0.385013580,0.000000000,23.083646774,0
710,1,1,-0.000003815,-0.600267589,-2.672016144,0.033084869,0.385295868,0.000000000,23.100812912,0
711,1,1,-0.000005722,-0.600268543,-2.705089569,0.033073425,0.385578156,0.000000000,23.117750168,0
712,1,1,-0.000003815,-0.600269496,-2.738162994,0.033073425,0.385864258,0.000000000,23.134687424,0
713,1,1,-0.000003815,-0.600270629,-2.704574585,0.033588409,0.386146545,0.000000000,23.151853561,0
714,1,1,-0.000003815,-0.600271463,-2.670986176,0.033588409,0.386428833,0.000000000,23.168790817,0
715,1,1,-0.000001907,-0.600272536,-2.637393951,0.033592224,0.386711121,0.000000000,23.185728073,0
716,1,1,-0.000001907,-0.600273490,-2.603805542,0.033588409,0.386993408,0.000000000,23.202665329,0
717,1,1,-0.000001907,-0.600274324,-2.570220947,0.033584595,0.387271881,0.000000000,23.219602585,0
718,1,1,-0.000001907,-0.600275397,-2.536632538,0.033588409,0.387554169,0.000000000,23.236310959,0
719,1,1,-0.000001907,-0.600276232,-2.503051758,0.033580780,0.387832642,0.000000000,23.253248215,0
720,1,1,0.000000000,-0.600277185,-2.469463348,0.033588409,0.388111115,0.000000000,23.269956589,0
721,1,1,0.000000000,-0.600278020,-2.435878754,0.033584595,0.388393402,0.000000000,23.286664963,0
722,1,1,0.000000000,-0.600278974,-2.402290344,0.033588409,0.388671875,0.000000000,23.303602219,0
723,1,1,0.000000000,-0.600279868,-2.368709564,0.033580780,0.388950348,0.000000000,23.320310593,0
724,1,1,0.000000000,-0.600280762,-2.335124969,0.033584595,0.389225006,0.000000000,23.337018967,0
725,1,1,0.000001907,-0.600281596,-2.301544189,0.033580780,0.389503479,0.000000000,23.353498459,0
726,1,1,0.000001907,-0.600282550,-2.267951965,0.033592224,0.389781952,0.000000000,23.370206833,0
727,1,1,0.000003815,-0.600283504,-2.234375000,0.033576965,0.390056610,0.000000000,23.386915207,0
728,1,1,0.000001907,-0.600284398,-2.200794220,0.033580780,0.390331268,0.000000000,23.403394699,0
729,1,1,0.000001907,-0.600285172,-2.167213440,0.033580780,0.390605927,0.000000000,23.419874191,0
730,1,1,0.000003815,-0.600286245,-2.133628845,0.033584595,0.390884399,0.000000000,23.436353683,0
731,1,1,0.000003815,-0.600287020,-2.100051880,0.033576965,0.391155243,0.000000000,23.453062057,0
732,1,1,0.000005722,-0.600288033,-2.066471100,0.033580780,0.391429901,0.000000000,23.469312668,0
733,1,1,0.000003815,-0.600288808,-2.032890320,0.033580780,0.391704559,0.000000000,23.485792160,0
734,1,1,0.000005722,-0.600289702,-1.999309540,0.033580780,0.391979218,0.000000000,23.502271652,0
735,1,1,0.000005722,-0.600290656,-1.965736389,0.033573151,0.392250061,0.000000000,23.518751144,0
736,1,1,0.000005722,-0.600291610,-1.932151794,0.033584595,0.392520905,0.000000000,23.535001755,0
737,1,1,0.000005722,-0.600292385,-1.898574829,0.033576965,0.392795563,0.000000000,23.551252365,0
738,1,1,0.000005722,-0.600293279,-1.864994049,0.033580780,0.393066406,0.000000000,23.567731857,0
739,1,1,0.000007629,-0.600294292,-1.831420898,0.033573151,0.393337250,0.000000000,23.583982468,0
740,1,1,0.000007629,-0.600295067,-1.797840118,0.033580780,0.393608093,0.000000000,23.600233078,0
741,1,1,0.000007629,-0.600295961,-1.764270782,0.033569336,0.393875122,0.000000000,23.616483688,0
742,1,1,0.000007629,-0.600296855,-1.730693817,0.033576965,0.394145966,0.000000000,23.632505417,0
743,1,1,0.000009537,-0.600297689,-1.697113037,0.033580780,0.394416809,0.000000000,23.648756027,0
744,1,1,0.000009537,-0.600298524,-1.663543701,0.033569336,0.394683838,0.000000000,23.665006638,0
745,1,1,0.000007629,-0.600299478,-1.629970551,0.033573151,0.394950867,0.000000000,23.681028366,0
746,1,1,0.000009537,-0.600300312,-1.596401215,0.033569336,0.395217896,0.000000000,23.697050095,0
747,1,1,0.000009537,-0.600301266,-1.562828064,0.033573151,0.395484924,0.000000000,23.713071823,0
748,1,1,0.000011444,-0.600301981,-1.529258728,0.033569336,0.395751953,0.000000000,23.729093552,0
749,1,1,0.000009537,-0.600302935,-1.495687485,0.033571243,0.396018982,0.000000000,23.745115280,0
750,1,1,0.000011444,-0.600303888,-1.462114334,0.033573151,0.396286011,0.000000000,23.761137009,0
751,1,1,0.000011444,-0.600304782,-1.428544998,0.033569336,0.396551132,0.000000000,23.777158737,0
752,1,1,0.000013351,-0.600305676,-1.394975662,0.033569336,0.396816254,0.000000000,23.793066025,0
753,1,1,0.000011444,-0.600306451,-1.361408234,0.033567429,0.397081375,0.000000000,23.808973312,0
754,1,1,0.000013351,-0.600307286,-1.327840805,0.033567429,0.397344589,0.000000000,23.824880600,0
755,1,1,0.000013351,-0.600308061,-1.294269562,0.033571243,0.397607803,0.000000000,23.840673447,0
756,1,1,0.000015259,-0.600309014,-1.260702133,0.033567429,0.397871017,0.000000000,23.856466293,0
757,1,1,0.000013351,-0.600309968,-1.227134705,0.033567429,0.398134232,0.000000000,23.872259140,0
758,1,1,0.000013351,-0.600310862,-1.193567276,0.033567429,0.398397446,0.000000000,23.888051987,0
759,1,1,0.000015259,-0.600311637,-1.160001755,0.033565521,0.398658752,0.000000000,23.903844833,0
760,1,1,0.000015259,-0.600312531,-1.126436234,0.033565521,0.398920059,0.000000000,23.919523239,0
761,1,1,0.000015259,-0.600313306,-1.092870712,0.033565521,0.399181366,0.000000000,23.935201645,0
762,1,1,0.000015259,-0.600314260,-1.059305191,0.033565521,0.399442673,0.000000000,23.950880051,0
763,1,1,0.000017166,-0.600315094,-1.025741577,0.033563614,0.399702072,0.000000000,23.966558456,0
764,1,1,0.000015259,-0.600315869,-0.992177963,0.033563614,0.399961472,0.000000000,23.982122421,0
765,1,1,0.000017166,-0.600316763,-0.958614349,0.033563614,0.400220871,0.000000000,23.997686386,0
766,1,1,0.000017166,-0.600317478,-0.925048828,0.033565521,0.400480270,0.000000000,24.013250351,0
767,1,1,0.000019073,-0.600318432,-0.891489029,0.033559799,0.400737762,0.000000000,24.028814316,0
768,1,1,0.000017166,-0.600319386,-0.857925415,0.033563614,0.400997162,0.000000000,24.044263840,0
769,1,1,0.000019073,-0.600320160,-0.824363708,0.033561707,0.401254654,0.000000000,24.059827805,0
770,1,1,0.000019073,-0.600320935,-0.790802002,0.033561707,0.401512146,0.000000000,24.075277328,0
771,1,1,0.000019073,-0.600321770,-0.757240295,0.033561707,0.401767731,0.000000000,24.090726852,0
772,1,1,0.000019073,-0.600322723,-0.723680496,0.033559799,0.402023315,0.000000000,24.106061935,0
773,1,1,0.000020981,-0.600323498,-0.690118790,0.033561707,0.402280807,0.000000000,24.121397018,0
774,1,1,0.000019073,-0.600324333,-0.656558990,0.033559799,0.402536392,0.000000000,24.136846542,0
775,1,1,0.000019073,-0.600325108,-0.623001099,0.033557892,0.402790070,0.000000000,24.152181625,0
776,1,1,0.000019073,-0.600325882,-0.589439392,0.033561707,0.403045654,0.000000000,24.167402267,0
777,1,1,0.000020981,-0.600326836,-0.555881500,0.033557892,0.403299332,0.000000000,24.182737350,0
778,1,1,0.000019073,-0.600327492,-0.522323608,0.033557892,0.403553009,0.000000000,24.197957993,0
779,1,1,0.000020981,-0.600328565,-0.488765717,0.033557892,0.403806686,0.000000000,24.213178635,0
780,1,1,0.000020981,-0.600329340,-0.455209732,0.033555984,0.404060364,0.000000000,24.228399277,0
781,1,1,0.000022888,-0.600330114,-0.421653748,0.033555984,0.404312134,0.000000000,24.243619919,0
782,1,1,0.000020981,-0.600331068,-0.388095856,0.033557892,0.404563904,0.000000000,24.258726120,0
783,1,1,0.000022888,-0.600331664,-0.354539871,0.033555984,0.404815674,0.000000000,24.273832321,0
784,1,1,0.000022888,-0.600332737,-0.320983887,0.033555984,0.405067444,0.000000000,24.288938522,0
785,1,1,0.000022888,-0.600333393,-0.287429810,0.033554077,0.405317307,0.000000000,24.304044724,0
786,1,1,0.000022888,-0.600334227,-0.253877640,0.033552170,0.405567169,0.000000000,24.319036484,0
787,1,1,0.000024796,-0.600335181,-0.220319748,0.033557892,0.405818939,0.000000000,24.334028244,0
788,1,1,0.000024796,-0.600335956,-0.186764717,0.033555031,0.406066895,0.000000000,24.349134445,0
789,1,1,0.000024796,-0.600336671,-0.153208733,0.033555984,0.406316757,0.000000000,24.364011765,0
790,1,1,0.000026703,-0.600337625,-0.119654655,0.033554077,0.406565666,0.000000000,24.379003525,0
791,1,1,0.000024796,-0.600338340,-0.086099625,0.033555031,0.406813622,0.000000000,24.393938065,0
792,1,1,0.000026703,-0.600339174,-0.052544594,0.033555031,0.407061577,0.000000000,24.408815384,0
793,1,1,0.000026703,-0.600340128,-0.018991470,0.033553123,0.407309532,0.000000000,24.423692703,0
794,1,1,0.000026703,-0.600340784,0.014562607,0.033554077,0.407556534,0.000000000,24.438570023,0
795,1,1,0.000026703,-0.600341499,0.048114777,0.033552170,0.407802582,0.000000000,24.453390121,0
796,1,1,0.000028610,-0.600342333,0.081666946,0.033552170,0.408048630,0.000000000,24.468153000,0
797,1,1,0.000026703,-0.600343168,0.115219116,0.033552170,0.408294678,0.000000000,24.482915878,0
798,1,1,0.000028610,-0.600344062,0.148771286,0.033552170,0.408540726,0.000000000,24.497678757,0
799,1,1,0.000028610,-0.600344777,0.182323456,0.033552170,0.408785820,0.000000000,24.512441635,0
800,1,1,0.000028610,-0.600345612,0.215873718,0.033550262,0.409029961,0.000000000,24.527147293,0
801,1,1,0.000028610,-0.600346267,0.249423981,0.033550262,0.409274101,0.000000000,24.541795731,0
802,1,1,0.000030518,-0.600347340,0.282974243,0.033550262,0.409518242,0.000000000,24.556444168,0
803,1,1,0.000030518,-0.600348055,0.316523552,0.033549309,0.409761429,0.000000000,24.571092606,0
804,1,1,0.000030518,-0.600348711,0.350073814,0.033550262,0.410004616,0.000000000,24.585683823,0
805,1,1,0.000032425,-0.600349426,0.383622169,0.033548355,0.410246849,0.000000000,24.600275040,0
806,1,1,0.000030518,-0.600350380,0.417170525,0.033548355,0.410489082,0.000000000,24.614809036,0
807,1,1,0.000032425,-0.600351214,0.450718880,0.033548355,0.410731316,0.000000000,24.629343033,0
808,1,1,0.000032425,-0.600351870,0.484264851,0.033545971,0.410971642,0.000000000,24.643877029,0
809,1,1,0.000032425,-0.600352764,0.517812252,0.033547401,0.411213398,0.000000000,24.658325195,0
810,1,1,0.000032425,-0.600353479,0.551358223,0.033545971,0.411453724,0.000000000,24.672801971,0
811,1,1,0.000034332,-0.600354314,0.584904194,0.033545971,0.411694050,0.000000000,24.687221527,0
812,1,1,0.000032425,-0.600355089,0.618450165,0.033545971,0.411933899,0.000000000,24.701641083,0
813,1,1,0.000032425,-0.600355923,0.651995182,0.033545017,0.412173271,0.000000000,24.716032028,0
814,1,1,0.000032425,-0.600356460,0.685539722,0.033544540,0.412412167,0.000000000,24.730394363,0
815,1,1,0.000030518,-0.600357413,0.719084263,0.033544540,0.412650585,0.000000000,24.744728088,0
816,1,1,0.000032425,-0.600358129,0.752628326,0.033544064,0.412889004,0.000000000,24.759033203,0
817,1,1,0.000030518,-0.600358963,0.786171436,0.033543110,0.413126469,0.000000000,24.773338318,0
818,1,1,0.000028610,-0.600359797,0.819715023,0.033543587,0.413364172,0.000000000,24.787586212,0
819,1,1,0.000028610,-0.600360513,0.853257895,0.033542871,0.413600922,0.000000000,24.801834106,0
820,1,1,0.000026703,-0.600361228,0.886800051,0.033542156,0.413837433,0.000000000,24.816053391,0
821,1,1,0.000028610,-0.600362182,0.920341969,0.033541918,0.414073706,0.000000000,24.830244064,0
822,1,1,0.000026703,-0.600362957,0.953883648,0.033541679,0.414309502,0.000000000,24.844421387,0
823,1,1,0.000024796,-0.600363731,0.987424493,0.033540845,0.414544940,0.000000000,24.858568192,0
824,1,1,0.000024796,-0.600364387,1.020965099,0.033540606,0.414779902,0.000000000,24.872695923,0
825,1,1,0.000024796,-0.600365222,1.054505467,0.033540368,0.415014505,0.000000000,24.886793137,0
826,1,1,0.000150681,-0.604334950,1.068237662,0.014295026,0.389538735,0.000000000,24.900873184,0
827,1,1,0.000099182,-0.601633012,1.101636529,0.033508018,0.389777154,0.000000000,23.731180191,0
828,1,1,0.000051498,-0.599320710,1.135079503,0.033522852,0.389757842,0.000000000,23.735698700,0
829,1,1,0.000009537,-0.596898556,1.168611407,0.033619300,0.389753968,0.000000000,23.738126755,0
830,1,1,-0.000028610,-0.594334006,1.202225208,0.033711512,0.389765054,0.000000000,23.741561890,0
831,1,1,-0.000057220,-0.591610253,1.235912800,0.033797536,0.389789283,0.000000000,23.746042252,0
832,1,1,-0.000089645,-0.588688254,1.269665241,0.033878703,0.389825195,0.000000000,23.751508713,0
833,1,1,-0.000108719,-0.585563540,1.303472042,0.033950906,0.389869571,0.000000000,23.757928848,0
834,1,1,-0.000131607,-0.582226574,1.337324142,0.034016181,0.389921367,0.000000000,23.765230179,0
835,1,1,-0.000139236,-0.578674436,1.371209621,0.034071155,0.389976829,0.000000000,23.773330688,0
836,1,1,-0.000152588,-0.574907064,1.405120134,0.034119144,0.390035540,0.000000000,23.782146454,0
837,1,1,-0.000061035,-0.572906256,1.438319445,0.033259675,0.389743775,0.000000000,23.791629791,0
838,1,1,-0.000213623,-0.571905375,1.471077681,0.032773878,0.389140308,0.000000000,23.750345230,0
839,1,1,-0.000204086,-0.568257928,1.504617691,0.033737756,0.388771176,0.000000000,23.677961349,0
840,1,1,-0.000196457,-0.564515233,1.538193226,0.033783492,0.388435930,0.000000000,23.664823532,0
841,1,1,-0.000204086,-0.567331433,1.572026491,0.033950269,0.389199525,0.000000000,23.654357910,0
842,1,1,-0.000205994,-0.570674419,1.605857372,0.033995647,0.389939249,0.000000000,23.626245499,0
843,1,1,-0.000198364,-0.574370921,1.639678955,0.034022987,0.390633881,0.000000000,23.601749420,0
844,1,1,-0.000307083,-0.579046786,1.673166752,0.033812840,0.391083151,0.000000000,23.581356049,0
845,1,1,-0.000228882,-0.586645842,1.705460072,0.033175446,0.390777498,0.000000000,23.543584824,0
846,1,1,-0.000154495,-0.590350091,1.739231586,0.033974141,0.391069263,0.000000000,23.435047150,0
847,1,1,-0.000089645,-0.593767166,1.772994041,0.033934996,0.391280681,0.000000000,23.428209305,0
848,1,1,-0.000034332,-0.596834064,1.806751728,0.033896759,0.391413599,0.000000000,23.422988892,0
849,1,1,0.000013351,-0.599511445,1.840504646,0.033858974,0.391472071,0.000000000,23.418682098,0
850,1,1,0.000055313,-0.601777911,1.874254704,0.033826102,0.391463190,0.000000000,23.414743423,0
851,1,1,0.000087738,-0.603624105,1.908004761,0.033800531,0.391396403,0.000000000,23.410779953,0
852,1,1,0.000114441,-0.605059266,1.941753864,0.033779617,0.391276926,0.000000000,23.406433105,0
853,1,1,0.000129700,-0.605957866,1.910233498,0.031533178,0.391117811,0.000000000,23.401445389,0
854,1,1,0.000137329,-0.606425524,1.878658295,0.031578667,0.391390353,0.000000000,23.395751953,0
855,1,1,0.000146866,-0.606799960,1.847042084,0.031618431,0.391614586,0.000000000,23.388410568,0
856,1,1,0.000152588,-0.607108116,1.815372467,0.031671114,0.391798496,0.000000000,23.381168365,0
857,1,1,0.000160217,-0.607293606,1.783189774,0.032183230,0.391449630,0.000000000,23.374074936,0
858,1,1,0.000171661,-0.607463360,1.750946999,0.032243226,0.391090095,0.000000000,23.339815140,0
859,1,1,0.000175476,-0.607651711,1.718637466,0.032310080,0.390725821,0.000000000,23.306226730,0
860,1,1,0.000183105,-0.607887506,1.686263084,0.032375243,0.390367061,0.000000000,23.273302078,0
861,1,1,0.000186920,-0.608201861,1.653818130,0.032446478,0.390018702,0.000000000,23.241201401,0
862,1,1,0.000192642,-0.608621001,1.621301651,0.032519180,0.389684826,0.000000000,23.209978104,0
863,1,1,0.000196457,-0.609168530,1.588708878,0.032597370,0.389370561,0.000000000,23.179677963,0
864,1,1,0.000196457,-0.609865427,1.556039810,0.032676499,0.389077693,0.000000000,23.150262833,0
865,1,1,0.000198364,-0.610729337,1.523289680,0.032761522,0.388807505,0.000000000,23.121803284,0
866,1,1,0.000200272,-0.611774921,1.490458488,0.032847837,0.388561755,0.000000000,23.094207764,0
867,1,1,0.000198364,-0.613012195,1.457543373,0.032938361,0.388339132,0.000000000,23.067481995,0
868,1,1,0.000204086,-0.613099575,1.424606323,0.032937165,0.387948006,0.000000000,23.041582108,0
869,1,1,0.000204086,-0.613178492,1.391596794,0.033009622,0.387576312,0.000000000,23.017002106,0
870,1,1,0.000204086,-0.613219500,1.358054161,0.033542655,0.386742473,0.000000000,22.993581772,0
871,1,1,0.000202179,-0.613240242,1.324446678,0.033607490,0.385927528,0.000000000,22.943586349,0
872,1,1,0.000196457,-0.613220453,1.290777206,0.033669479,0.385134459,0.000000000,22.894884109,0
873,1,1,0.000192642,-0.613174081,1.257049561,0.033727679,0.384363234,0.000000000,22.847356796,0
874,1,1,0.000186920,-0.613098621,1.223268509,0.033781137,0.383611977,0.000000000,22.801109314,0
875,1,1,0.000185013,-0.612995386,1.189435959,0.033832707,0.382880718,0.000000000,22.756135941,0
876,1,1,0.000179291,-0.612865210,1.155559540,0.033876669,0.382171363,0.000000000,22.712343216,0
877,1,1,0.000173569,-0.612708569,1.121635437,0.033924464,0.381482005,0.000000000,22.669727325,0
878,1,1,0.000167847,-0.612525225,1.087678909,0.033957023,0.380814552,0.000000000,22.628400803,0
879,1,1,0.000167847,-0.612316132,1.053684235,0.033995319,0.380165219,0.000000000,22.588354111,0
880,1,1,0.000162125,-0.612082005,1.019659042,0.034025997,0.379541636,0.000000000,22.549501419,0
881,1,1,0.000158310,-0.611828089,0.985605240,0.034054749,0.378934234,0.000000000,22.511915207,0
882,1,1,0.000150681,-0.611543655,0.951526642,0.034079786,0.378348738,0.000000000,22.475540161,0
883,1,1,0.000150681,-0.611236095,0.917430878,0.034097150,0.377785146,0.000000000,22.440452576,0
884,1,1,0.000144958,-0.610908508,0.883321762,0.034110688,0.377241522,0.000000000,22.406547546,0
885,1,1,0.000137329,-0.610552788,0.849193573,0.034130044,0.376719773,0.000000000,22.373947144,0
886,1,1,0.000133514,-0.610176086,0.815057755,0.034137897,0.376217961,0.000000000,22.342655182,0
887,1,1,0.000125885,-0.609777927,0.780916214,0.034143861,0.375736088,0.000000000,22.312530518,0
888,1,1,0.000120163,-0.609358311,0.746772766,0.034146026,0.375275999,0.000000000,22.283592224,0
889,1,1,0.000112534,-0.608915806,0.712629318,0.034146316,0.374835789,0.000000000,22.255973816,0
890,1,1,0.000106812,-0.608453751,0.678493500,0.034138948,0.374417335,0.000000000,22.229639053,0
891,1,1,0.000101089,-0.607971191,0.644367218,0.034129694,0.374020547,0.000000000,22.204481125,0
892,1,1,0.000095367,-0.607469559,0.610250473,0.034120433,0.373641610,0.000000000,22.180620193,0
893,1,1,0.000093460,-0.606946468,0.576148987,0.034105498,0.373284340,0.000000000,22.157949448,0
894,1,1,0.000083923,-0.607251644,0.542058945,0.034091409,0.372946769,0.000000000,22.136583328,0
895,1,1,0.000085831,-0.605844498,0.508008957,0.034079053,0.372630686,0.000000000,22.116447449,0
896,1,1,0.000082016,-0.605669022,0.473972321,0.034037091,0.372334182,0.000000000,22.097507477,0
897,1,1,0.000078201,-0.605208874,0.439966202,0.034009233,0.372059107,0.000000000,22.079786301,0
898,1,1,0.000076294,-0.604556084,0.405992508,0.033979964,0.371803492,0.000000000,22.063352585,0
899,1,1,0.000076294,-0.603610992,0.372056961,0.033948705,0.371567309,0.000000000,22.048086166,0
900,1,1,0.000074387,-0.603397369,0.338157654,0.033899982,0.371354222,0.000000000,22.034097672,0
901,1,1,0.000122070,-0.638764381,0.236688614,0.107456006,0.289153755,0.000000000,22.021381378,0
902,1,1,0.000114441,-0.625945091,0.203050613,0.035997905,0.290833443,0.000000000,18.149410248,0
903,1,1,0.000106812,-0.617286682,0.168516159,0.035603322,0.290779859,0.000000000,18.127899170,0
904,1,1,0.000125885,-0.610164165,0.133893967,0.035347234,0.290234536,0.000000000,18.075679779,0
905,1,1,0.000152588,-0.604211807,0.099988937,0.034423571,0.290106714,0.000000000,18.026916504,0
906,1,1,0.000158310,-0.598954201,0.065910339,0.034481782,0.289501041,0.000000000,18.024349213,0
907,1,1,0.000156403,-0.593778610,0.031803131,0.034497656,0.288711220,0.000000000,18.010120392,0
908,1,1,0.000139236,-0.588350534,-0.002252579,0.034485586,0.287915081,0.000000000,17.989807129,0
909,1,1,0.000112534,-0.582615137,-0.036214828,0.034443140,0.287128627,0.000000000,17.966524124,0
910,1,1,0.000078201,-0.576556563,-0.070049286,0.034372635,0.286371559,0.000000000,17.940160751,0
911,1,1,0.000036240,-0.570140481,-0.103721619,0.034278184,0.285653919,0.000000000,17.910808563,0
912,1,1,-0.000009537,-0.563332558,-0.137189865,0.034153674,0.284985542,0.000000000,17.878084183,0
913,1,1,-0.000061035,-0.556115389,-0.170417786,0.034002718,0.284377903,0.000000000,17.842153549,0
914,1,1,-0.000114441,-0.548493862,-0.203350067,0.033802748,0.283834636,0.000000000,17.802488327,0
915,1,1,-0.000175476,-0.540460587,-0.235942841,0.033568233,0.283359051,0.000000000,17.758743286,0
916,1,1,-0.000434875,-0.539183140,-0.267280579,0.031364836,0.283860981,0.000000000,17.711534500,0
917,1,1,-0.000644684,-0.541097164,-0.297863007,0.030642983,0.284694403,0.000000000,17.631916046,0
918,1,1,-0.000825882,-0.567327261,-0.348838806,0.057328727,0.273902237,0.000000000,17.553356171,0
919,1,1,-0.000991821,-0.572828293,-0.380046844,0.031689599,0.271425039,0.000000000,16.078054428,0
920,1,1,-0.001127243,-0.575057507,-0.410972595,0.031006286,0.271076202,0.000000000,16.062269211,0
921,1,1,-0.001230240,-0.577424288,-0.442035675,0.031153286,0.271579295,0.000000000,16.080945969,0
922,1,1,-0.001308441,-0.580236197,-0.473213196,0.031304166,0.272430062,0.000000000,16.094654083,0
923,1,1,-0.001409531,-0.600528955,-0.520042419,0.051037069,0.255118549,0.000000000,16.106878281,0
924,1,1,-0.001449585,-0.600612164,-0.551998138,0.031955853,0.255435377,0.000000000,15.171875000,0
925,1,1,-0.001476288,-0.600166559,-0.583599091,0.031604104,0.256109267,0.000000000,15.150918007,0
926,1,1,-0.001493454,-0.599709988,-0.615272522,0.031676725,0.256687075,0.000000000,15.155633926,0
927,1,1,-0.001504898,-0.599236965,-0.647048950,0.031779949,0.257181287,0.000000000,15.160516739,0
928,1,1,-0.001510620,-0.598743916,-0.678920746,0.031875610,0.257619113,0.000000000,15.166282654,0
929,1,1,-0.001506805,-0.598231196,-0.710887909,0.031971276,0.258012116,0.000000000,15.173187256,0
930,1,1,-0.001501083,-0.597703218,-0.742958069,0.032074507,0.258377969,0.000000000,15.181399345,0
931,1,1,-0.001453400,-0.597169638,-0.775356293,0.032402653,0.258482993,0.000000000,15.191013336,0
932,1,1,-0.001424789,-0.596718073,-0.808086395,0.032733232,0.258333176,0.000000000,15.188181877,0
933,1,1,-0.001392365,-0.596256971,-0.840892792,0.032809652,0.258207530,0.000000000,15.173316956,0
934,1,1,-0.001367569,-0.595798492,-0.873794556,0.032904968,0.258098036,0.000000000,15.160200119,0
935,1,1,-0.001338959,-0.595354199,-0.906784058,0.032992508,0.258021921,0.000000000,15.148744583,0
936,1,1,-0.001312256,-0.594934106,-0.939865112,0.033083733,0.257968515,0.000000000,15.138538361,0
937,1,1,-0.001287460,-0.594557405,-0.973033905,0.033170942,0.257956743,0.000000000,15.129350662,0
938,1,1,-0.001256943,-0.594212532,-1.006278992,0.033246890,0.257981896,0.000000000,15.121305466,0
939,1,1,-0.001226425,-0.593917131,-1.039608002,0.033330332,0.258038789,0.000000000,15.114053726,0
940,1,1,-0.001201630,-0.593677282,-1.073013306,0.033406172,0.258129597,0.000000000,15.107419014,0
941,1,1,-0.001174927,-0.593317032,-1.106410980,0.033399627,0.258215725,0.000000000,15.100992203,0
942,1,1,-0.001144409,-0.592847347,-1.139854431,0.033446763,0.258253545,0.000000000,15.100383759,0
943,1,1,-0.001123428,-0.592407227,-1.173797607,0.033946037,0.257822007,0.000000000,15.101796150,0
944,1,1,-0.001098633,-0.591919422,-1.207771301,0.033977203,0.257424504,0.000000000,15.077258110,0
945,1,1,-0.001073837,-0.591392994,-1.241767883,0.034000669,0.257057279,0.000000000,15.054562569,0
946,1,1,-0.001052856,-0.590824604,-1.275787354,0.034024224,0.256716400,0.000000000,15.033894539,0
947,1,1,-0.001031876,-0.590218067,-1.309810638,0.034028698,0.256409496,0.000000000,15.014849663,0
948,1,1,-0.001008987,-0.589572906,-1.343837738,0.034033224,0.256128907,0.000000000,14.997852325,0
949,1,1,-0.000982285,-0.588891029,-1.377849579,0.034018684,0.255885959,0.000000000,14.982666969,0
950,1,1,-0.000963211,-0.588171959,-1.411853790,0.034011818,0.255661547,0.000000000,14.969316483,0
951,1,1,-0.000932693,-0.587419510,-1.445831299,0.033985853,0.255478501,0.000000000,14.957757950,0
952,1,1,-0.000909805,-0.586631775,-1.479785919,0.033963766,0.255317599,0.000000000,14.948220253,0
953,1,1,-0.000888824,-0.586393833,-1.513710022,0.033924945,0.255190223,0.000000000,14.940434456,0
954,1,1,-0.000867844,-0.585802078,-1.547592163,0.033887316,0.255088687,0.000000000,14.934204102,0
955,1,1,-0.000841141,-0.584830284,-1.581413269,0.033835072,0.255020291,0.000000000,14.929969788,0
956,1,1,-0.000818253,-0.583575249,-1.615184784,0.033794835,0.254981279,0.000000000,14.927716255,0
957,1,1,-0.000791550,-0.582903862,-1.648887634,0.033709548,0.254967660,0.000000000,14.926993370,0
958,1,1,-0.000766754,-0.581895828,-1.682521820,0.033649296,0.254986912,0.000000000,14.928002357,0
959,1,1,-0.000740051,-0.580559731,-1.716072083,0.033576868,0.255035013,0.000000000,14.930960655,0
960,1,1,-0.000720978,-0.583563805,-1.749298096,0.033361547,0.254718184,0.000000000,14.935632706,0
961,1,1,-0.000709534,-0.589063644,-1.782871246,0.034020655,0.254182190,0.000000000,14.946592331,0
962,1,1,-0.000686646,-0.592958450,-1.816028595,0.033385325,0.253638148,0.000000000,14.957816124,0
963,1,1,-0.000665665,-0.598224640,-1.849502563,0.033885688,0.253101468,0.000000000,14.975412369,0
964,1,1,-0.000640869,-0.601779938,-1.882545471,0.033233635,0.252596557,0.000000000,14.998997688,0
965,1,1,-0.000118256,-0.607406616,-1.916770935,0.034688830,0.250589252,0.000000000,15.028218269,0
966,1,1,-0.000886917,-0.613459587,-1.951507568,0.035268441,0.247993067,0.000000000,14.998394966,0
967,1,1,-0.000768661,-0.615290642,-1.984439850,0.032983359,0.247823447,0.000000000,14.947682381,0
968,1,1,-0.000673294,-0.614956856,-2.017402649,0.032964628,0.247707933,0.000000000,14.985622406,0
969,1,1,-0.000595093,-0.616505623,-2.050373077,0.033006877,0.247643545,0.000000000,15.022546768,0
970,1,1,-0.000722885,-0.630364418,-2.093284607,0.045094144,0.235586375,0.000000000,15.057892799,0
971,1,1,-0.000621796,-0.628087997,-2.127414703,0.034206077,0.234781772,0.000000000,14.617177010,0
972,1,1,-0.000549316,-0.626050949,-2.161689758,0.034335613,0.233938813,0.000000000,14.574851990,0
973,1,1,-0.000497818,-0.623960495,-2.196041107,0.034414936,0.233122453,0.000000000,14.527246475,0
974,1,1,-0.000457764,-0.620758057,-2.230472565,0.034580089,0.232340738,0.000000000,14.478197098,0
975,1,1,-0.000461578,-0.618286133,-2.264358521,0.033975996,0.232196718,0.000000000,14.427640915,0
976,1,1,-0.000421524,-0.618153572,-2.298191071,0.033832833,0.231800616,0.000000000,14.411922455,0
977,1,1,-0.000400543,-0.617836475,-2.332096100,0.033906519,0.231415585,0.000000000,14.413602829,0
978,1,1,-0.000381470,-0.617274761,-2.366073608,0.033982154,0.231050700,0.000000000,14.410657883,0
979,1,1,-0.000339508,-0.615829468,-2.399593353,0.033550914,0.231729567,0.000000000,14.402065277,0
980,1,1,-0.000310898,-0.613843918,-2.433010101,0.033475697,0.232976303,0.000000000,14.417448044,0
981,1,1,-0.000288010,-0.612096786,-2.466331482,0.033367161,0.234246939,0.000000000,14.437262535,0
982,1,1,-0.000284195,-0.610615730,-2.499549866,0.033251382,0.235520706,0.000000000,14.463866234,0
983,1,1,-0.000274658,-0.609395504,-2.532676697,0.033149298,0.236796156,0.000000000,14.496182442,0
984,1,1,-0.000562668,-0.601934433,-2.571525574,0.039559901,0.235084951,0.000000000,14.533261299,0
985,1,1,-0.000467300,-0.603691339,-2.538288116,0.033283997,0.235563144,0.000000000,14.218587875,0
986,1,1,-0.000442505,-0.605381012,-2.504943848,0.033387061,0.236050054,0.000000000,14.256482124,0
987,1,1,-0.000436783,-0.606811523,-2.471549988,0.033424485,0.236536250,0.000000000,14.299317360,0
988,1,1,-0.000432968,-0.607935905,-2.438114166,0.033454724,0.237017110,0.000000000,14.342243195,0
989,1,1,-0.000438690,-0.608720541,-2.404624939,0.033498418,0.237499833,0.000000000,14.384987831,0
990,1,1,-0.000450134,-0.609148741,-2.371093750,0.033533923,0.237988323,0.000000000,14.427062988,0
991,1,1,-0.000455856,-0.609214306,-2.337524414,0.033569399,0.238483205,0.000000000,14.468268394,0
992,1,1,-0.000463486,-0.608922243,-2.303886414,0.033639267,0.238993511,0.000000000,14.508255959,0
993,1,1,-0.000471115,-0.608286142,-2.270206451,0.033685967,0.239513397,0.000000000,14.546788216,0
994,1,1,-0.000482559,-0.607332826,-2.236473083,0.033746839,0.240049094,0.000000000,14.584166527,0
995,1,1,-0.000490189,-0.606074214,-2.202690125,0.033806399,0.240607068,0.000000000,14.620160103,0
996,1,1,-0.000494003,-0.604537964,-2.168869019,0.033855978,0.241171345,0.000000000,14.655230522,0
997,1,1,-0.000471115,-0.602782607,-2.135063171,0.033851396,0.241700888,0.000000000,14.689047813,0
998,1,1,-0.000471115,-0.600675404,-2.101264954,0.033863842,0.242860809,0.000000000,14.718090057,0
999,1,1,-0.000469208,-0.598977685,-2.067398071,0.033909407,0.244019657,0.000000000,14.744657516,0
1000,1,1,-0.000465393,-0.597709060,-2.033481598,0.033940192,0.245141312,0.000000000,14.773720741,0
1001,1,1,-0.000467300,-0.596845031,-1.999526978,0.033965614,0.246214703,0.000000000,14.804567337,0
1002,1,1,-0.000463486,-0.596348524,-1.965553284,0.033977322,0.247231975,0.000000000,14.836405754,0
1003,1,1,-0.000459671,-0.596172214,-1.931579590,0.033974152,0.248177528,0.000000000,14.868638039,0
1004,1,1,-0.000457764,-0.596263111,-1.897594452,0.033985261,0.249058902,0.000000000,14.900640488,0
1005,1,1,-0.000453949,-0.596566916,-1.863624573,0.033971239,0.249868780,0.000000000,14.932644844,0
1006,1,1,-0.000452042,-0.597029328,-1.829673767,0.033953954,0.250600547,0.000000000,14.964093208,0
1007,1,1,-0.000448227,-0.597598433,-1.795730591,0.033947945,0.251282573,0.000000000,14.994982719,0
1008,1,1,-0.000442505,-0.598229408,-1.761806488,0.033929970,0.251898140,0.000000000,15.025819778,0
1009,1,1,-0.000438690,-0.598880053,-1.727886200,0.033926528,0.252465397,0.000000000,15.056217194,0
1010,1,1,-0.000440598,-0.599516869,-1.693984985,0.033907197,0.252987832,0.000000000,15.086479187,0
1011,1,1,-0.000438690,-0.600111544,-1.660106659,0.033883546,0.253469259,0.000000000,15.116669655,0
1012,1,1,-0.000432968,-0.600643277,-1.626235962,0.033874869,0.253925264,0.000000000,15.146842003,0
1013,1,1,-0.000427246,-0.601097226,-1.592380524,0.033858482,0.254356325,0.000000000,15.176796913,0
1014,1,1,-0.000421524,-0.601464331,-1.558540344,0.033842172,0.254766852,0.000000000,15.207013130,0
1015,1,1,-0.000417709,-0.601740420,-1.524700165,0.033841304,0.255172640,0.000000000,15.236809731,0
1016,1,1,-0.000411987,-0.601925969,-1.490882874,0.033817802,0.255570471,0.000000000,15.266875267,0
1017,1,1,-0.000406265,-0.602024376,-1.457069397,0.033813618,0.255968392,0.000000000,15.296974182,0
1018,1,1,-0.000402451,-0.602042735,-1.423263550,0.033805851,0.256366819,0.000000000,15.326871872,0
1019,1,1,-0.000394821,-0.601988912,-1.389457703,0.033805888,0.256773531,0.000000000,15.356790543,0
1020,1,1,-0.000387192,-0.601874590,-1.355655670,0.033802226,0.257184952,0.000000000,15.386725426,0
1021,1,1,-0.000383377,-0.601709723,-1.321868896,0.033787176,0.257601112,0.000000000,15.416672707,0
1022,1,1,-0.000377655,-0.601505816,-1.288082123,0.033787388,0.258037180,0.000000000,15.446401596,0
1023,1,1,-0.000370026,-0.601274252,-1.254295349,0.033787567,0.258470237,0.000000000,15.476365089,0
1024,1,1,-0.000364304,-0.601025462,-1.220516205,0.033780061,0.258915454,0.000000000,15.506109238,0
1025,1,1,-0.000360489,-0.600769639,-1.186721802,0.033795372,0.259376466,0.000000000,15.535630226,0
1026,1,1,-0.000354767,-0.600515008,-1.152942657,0.033780105,0.259837896,0.000000000,15.565387726,0
1027,1,1,-0.000350952,-0.600269258,-1.119152069,0.033791482,0.260311067,0.000000000,15.594918251,0
1028,1,1,-0.000343323,-0.600039065,-1.085369110,0.033783745,0.260788202,0.000000000,15.624682426,0
1029,1,1,-0.000341415,-0.599828780,-1.051586151,0.033783615,0.261273056,0.000000000,15.654220581,0
1030,1,1,-0.000333786,-0.599642873,-1.017803192,0.033783469,0.261757880,0.000000000,15.683529854,0
1031,1,1,-0.000331879,-0.599483848,-0.984024048,0.033779517,0.262250304,0.000000000,15.713067055,0
1032,1,1,-0.000326157,-0.599352360,-0.950229645,0.033794660,0.262746453,0.000000000,15.742373466,0
1033,1,1,-0.000324249,-0.599249363,-0.916442871,0.033786930,0.263238668,0.000000000,15.771676064,0
1034,1,1,-0.000318527,-0.599174380,-0.882652283,0.033790670,0.263738483,0.000000000,15.800976753,0
1035,1,1,-0.000314713,-0.599125922,-0.848861694,0.033790622,0.264234364,0.000000000,15.830272675,0
1036,1,1,-0.000310898,-0.599102020,-0.815074921,0.033786781,0.264730155,0.000000000,15.859335899,0
1037,1,1,-0.000305176,-0.599100709,-0.781288147,0.033786774,0.265225917,0.000000000,15.888397217,0
1038,1,1,-0.000303268,-0.599118948,-0.747497559,0.033790592,0.265721649,0.000000000,15.917454720,0
1039,1,1,-0.000299454,-0.599154413,-0.713703156,0.033794422,0.266217351,0.000000000,15.946511269,0
1040,1,1,-0.000291824,-0.599203408,-0.679924011,0.033779182,0.266705453,0.000000000,15.975567818,0
1041,1,1,-0.000288010,-0.599263489,-0.646137238,0.033786826,0.267201185,0.000000000,16.004394531,0
1042,1,1,-0.000280380,-0.599331617,-0.612342834,0.033794470,0.267689317,0.000000000,16.033222198,0
1043,1,1,-0.000278473,-0.599404991,-0.578575134,0.033767778,0.268173665,0.000000000,16.062280655,0
1044,1,1,-0.000274658,-0.599481285,-0.544784546,0.033790674,0.268661857,0.000000000,16.090883255,0
1045,1,1,-0.000268936,-0.599557817,-0.510986328,0.033798307,0.269150078,0.000000000,16.119714737,0
1046,1,1,-0.000267029,-0.599633276,-0.477203369,0.033783045,0.269623071,0.000000000,16.148546219,0
1047,1,1,-0.000263214,-0.599705279,-0.443412781,0.033790667,0.270103723,0.000000000,16.176925659,0
1048,1,1,-0.000257492,-0.599772930,-0.409622192,0.033790655,0.270584375,0.000000000,16.205762863,0
1049,1,1,-0.000251770,-0.599835038,-0.375846863,0.033775385,0.271057397,0.000000000,16.234144211,0
1050,1,1,-0.000247955,-0.599890709,-0.342048645,0.033798262,0.271530449,0.000000000,16.262525558,0
1051,1,1,-0.000242233,-0.599939466,-0.308273315,0.033775363,0.272003502,0.000000000,16.290906906,0
1052,1,1,-0.000240326,-0.599981010,-0.274475098,0.033798244,0.272476584,0.000000000,16.319292068,0
1053,1,1,-0.000234604,-0.600015521,-0.240715027,0.033760089,0.272941977,0.000000000,16.347673416,0
1054,1,1,-0.000230789,-0.600042820,-0.206916809,0.033798229,0.273422688,0.000000000,16.376056671,0
1055,1,1,-0.000226974,-0.600063622,-0.173141479,0.033775337,0.273895711,0.000000000,16.404439926,0
1056,1,1,-0.000223160,-0.600077748,-0.139350891,0.033790592,0.274353534,0.000000000,16.432823181,0
1057,1,1,-0.000215530,-0.600086153,-0.105583191,0.033767700,0.274818897,0.000000000,16.460746765,0
1058,1,1,-0.000211716,-0.600089610,-0.071792603,0.033790588,0.275291950,0.000000000,16.488672256,0
1059,1,1,-0.000209808,-0.600088298,-0.038024902,0.033767700,0.275757343,0.000000000,16.517055511,0
1060,1,1,-0.000204086,-0.600083113,-0.004249573,0.033775330,0.276215106,0.000000000,16.544979095,0
1061,1,1,-0.000200272,-0.600074887,0.029525757,0.033775330,0.276688129,0.000000000,16.572902679,0
1062,1,1,-0.000194550,-0.600063980,0.063308716,0.033782959,0.277145922,0.000000000,16.600828171,0
1063,1,1,-0.000192642,-0.600051165,0.097076416,0.033767700,0.277611315,0.000000000,16.628751755,0
1064,1,1,-0.000186920,-0.600037277,0.130851746,0.033775333,0.278076708,0.000000000,16.656675339,0
