tick,support,on_floor,local_x,local_y,local_z,slip_m,bus_write_m,package_write_m,platform_speed,dual_contact
1,1,1,0.000000000,-0.599055529,2.466659546,0.033340454,0.000000000,0.000000000,0.000000000,0
2,1,1,0.000000000,-0.599557638,2.434249878,0.032413557,0.001023691,0.000000000,0.000000000,0
3,1,1,0.000000000,-0.599699199,2.401824951,0.032425236,0.001964350,0.000000000,0.063358210,0
4,1,1,0.000000000,-0.599781990,2.369415283,0.032409772,0.002934451,0.000000000,0.117263645,0
5,1,1,-0.000001907,-0.599811614,2.337005615,0.032409683,0.003862551,0.000000000,0.172307953,0
6,1,1,-0.000001907,-0.599794269,2.304580688,0.032424930,0.004792082,0.000000000,0.226419136,0
7,1,1,-0.000001907,-0.599736452,2.272171021,0.032409720,0.005722301,0.000000000,0.280497700,0
8,1,1,0.000000000,-0.599645078,2.239746094,0.032425057,0.006652871,0.000000000,0.335515857,0
9,1,1,0.000000000,-0.599526107,2.207321167,0.032425147,0.007553102,0.000000000,0.389711678,0
10,1,1,0.000000000,-0.599385858,2.174880981,0.032440487,0.008453418,0.000000000,0.444013149,0
11,1,1,-0.000001907,-0.599229693,2.142456055,0.032425303,0.009338506,0.000000000,0.498432189,0
12,1,1,0.000000000,-0.599062622,2.110015869,0.032440618,0.010238852,0.000000000,0.552048802,0
13,1,1,0.000000000,-0.598888993,2.077606201,0.032410134,0.011139184,0.000000000,0.606679797,0
14,1,1,0.000000000,-0.600275040,2.045150757,0.032485027,0.012024237,0.000000000,0.661395669,0
15,1,1,0.000000000,-0.600098610,2.012741089,0.032410149,0.012909266,0.000000000,0.715263903,0
16,1,1,0.000000000,-0.599924922,1.980300903,0.032440651,0.013794275,0.000000000,0.769182980,0
17,1,1,0.000001907,-0.599755406,1.947875977,0.032425370,0.014694529,0.000000000,0.824054420,0
18,1,1,0.000001907,-0.599591613,1.915420532,0.032455858,0.015564251,0.000000000,0.878035545,0
19,1,1,0.000001907,-0.599434376,1.882980347,0.032440566,0.016464485,0.000000000,0.932032704,0
20,1,1,0.000003815,-0.599284291,1.850555420,0.032425273,0.017334197,0.000000000,0.986039519,0
21,1,1,0.000003815,-0.599141359,1.818099976,0.032455757,0.018234426,0.000000000,1.040051341,0
22,1,1,0.000003815,-0.599005342,1.785659790,0.032440472,0.019119399,0.000000000,1.094065428,0
23,1,1,0.000005722,-0.598875940,1.753189087,0.032470960,0.020004377,0.000000000,1.147164345,0
24,1,1,0.000003815,-0.598752677,1.720733643,0.032455679,0.020889357,0.000000000,1.201178670,0
25,1,1,0.000003815,-0.598635018,1.688308716,0.032425139,0.021789603,0.000000000,1.254277349,0
26,1,1,0.000005722,-0.598522186,1.655853271,0.032455638,0.022674596,0.000000000,1.308291078,0
27,1,1,0.000005722,-0.599975824,1.623382568,0.032503225,0.023544332,0.000000000,1.361389279,0
28,1,1,0.000005722,-0.599870443,1.590927124,0.032455616,0.024444591,0.000000000,1.414487600,0
29,1,1,0.000003815,-0.599767864,1.558486938,0.032440346,0.025314337,0.000000000,1.467586398,0
30,1,1,0.000003815,-0.599667192,1.526031494,0.032455601,0.026214601,0.000000000,1.520685673,0
31,1,1,0.000003815,-0.599568009,1.493560791,0.032470852,0.027084351,0.000000000,1.573785186,0
32,1,1,0.000001907,-0.599469781,1.461120605,0.032440335,0.027984619,0.000000000,1.626885295,0
33,1,1,0.000003815,-0.599371910,1.428619385,0.032501366,0.028854372,0.000000000,1.679986119,0
34,1,1,0.000001907,-0.599274158,1.396194458,0.032425076,0.029739382,0.000000000,1.732171535,0
35,1,1,0.000000000,-0.599176347,1.363708496,0.032486107,0.030624393,0.000000000,1.785272717,0
36,1,1,0.000000000,-0.599078059,1.331268311,0.032440335,0.031494144,0.000000000,1.837458611,0
37,1,1,0.000000000,-0.598978877,1.298797607,0.032470852,0.032379154,0.000000000,1.890560150,0
38,1,1,0.000000000,-0.598878860,1.266326904,0.032470856,0.033233646,0.000000000,1.942746162,0
39,1,1,0.000000000,-0.598778248,1.233840942,0.032486118,0.034118656,0.000000000,1.994932055,0
40,1,1,0.000000000,-0.598676443,1.201385498,0.032455605,0.034988407,0.000000000,2.047118187,0
41,1,1,-0.000001907,-0.598574102,1.168899536,0.032486122,0.035858158,0.000000000,2.099303722,0
42,1,1,-0.000001907,-0.600033164,1.136444092,0.032488223,0.036727909,0.000000000,2.151489258,0
43,1,1,-0.000001907,-0.599928856,1.103958130,0.032486130,0.037582401,0.000000000,2.203674793,0
44,1,1,-0.000001907,-0.599824131,1.071472168,0.032486130,0.038452152,0.000000000,2.254944563,0
45,1,1,-0.000003815,-0.599718451,1.039016724,0.032455616,0.039321903,0.000000000,2.307129383,0
46,1,1,-0.000003815,-0.599612236,1.006515503,0.032501396,0.040176392,0.000000000,2.359314680,0
47,1,1,-0.000003815,-0.599505663,0.974044800,0.032470878,0.041046143,0.000000000,2.410584211,0
48,1,1,-0.000005722,-0.599398732,0.941558838,0.032486137,0.041885376,0.000000000,2.461853743,0
49,1,1,-0.000003815,-0.599291325,0.909072876,0.032486141,0.042739868,0.000000000,2.513123035,0
50,1,1,-0.000001907,-0.599183917,0.876571655,0.032501400,0.043609619,0.000000000,2.564392805,0
51,1,1,-0.000003815,-0.599076033,0.844085693,0.032486141,0.044448853,0.000000000,2.616577625,0
52,1,1,-0.000005722,-0.598968387,0.811599731,0.032486141,0.045303345,0.000000000,2.666931629,0
53,1,1,-0.000005722,-0.598860621,0.779144287,0.032455623,0.046173096,0.000000000,2.718200922,0
54,1,1,-0.000005722,-0.598752737,0.746643066,0.032501400,0.047012329,0.000000000,2.769470453,0
55,1,1,-0.000005722,-0.598645210,0.714141846,0.032501400,0.047851563,0.000000000,2.820739985,0
56,1,1,-0.000007629,-0.600099981,0.681655884,0.032518517,0.048706055,0.000000000,2.871093750,0
57,1,1,-0.000009537,-0.599992514,0.649154663,0.032501400,0.049545288,0.000000000,2.922363281,0
58,1,1,-0.000007629,-0.599885225,0.616653442,0.032501400,0.050384521,0.000000000,2.972717285,0
59,1,1,-0.000007629,-0.599777937,0.584152222,0.032501400,0.051223755,0.000000000,3.023071289,0
60,1,1,-0.000009537,-0.599670529,0.551666260,0.032486141,0.052078247,0.000000000,3.073425055,0
61,1,1,-0.000009537,-0.599563718,0.519165039,0.032501396,0.052917480,0.000000000,3.124694586,0
62,1,1,-0.000009537,-0.599457085,0.486648560,0.032516655,0.053741455,0.000000000,3.175048590,0
63,1,1,-0.000009537,-0.599350452,0.454147339,0.032501396,0.054580688,0.000000000,3.224487066,0
64,1,1,-0.000009537,-0.599243820,0.421646118,0.032501396,0.055419922,0.000000000,3.274841070,0
65,1,1,-0.000011444,-0.599137366,0.389144897,0.032501396,0.056259155,0.000000000,3.325195074,0
66,1,1,-0.000011444,-0.599030852,0.356628418,0.032516655,0.057083130,0.000000000,3.375549078,0
67,1,1,-0.000013351,-0.598924518,0.324127197,0.032501396,0.057922363,0.000000000,3.424987555,0
68,1,1,-0.000013351,-0.598818421,0.291595459,0.032531913,0.058746338,0.000000000,3.475341558,0
69,1,1,-0.000011444,-0.598711908,0.259078979,0.032516655,0.059570313,0.000000000,3.524780035,0
70,1,1,-0.000013351,-0.600168347,0.226562500,0.032549080,0.060394287,0.000000000,3.574218512,0
71,1,1,-0.000013351,-0.600061893,0.194046021,0.032516655,0.061218262,0.000000000,3.623656988,0
72,1,1,-0.000013351,-0.599955916,0.161529541,0.032516651,0.062042236,0.000000000,3.673095465,0
73,1,1,-0.000013351,-0.599849582,0.129013062,0.032516655,0.062866211,0.000000000,3.722533941,0
74,1,1,-0.000011444,-0.599743247,0.096496582,0.032516655,0.063690186,0.000000000,3.771972418,0
75,1,1,-0.000013351,-0.599637091,0.063980103,0.032516655,0.064514160,0.000000000,3.821410894,0
76,1,1,-0.000013351,-0.599530756,0.031463623,0.032516655,0.065338135,0.000000000,3.870849371,0
77,1,1,-0.000013351,-0.599424481,-0.001068115,0.032531913,0.066146851,0.000000000,3.920287848,0
78,1,1,-0.000017166,-0.599318087,-0.033569336,0.032501396,0.066970825,0.000000000,3.968810797,0
79,1,1,-0.000015259,-0.599211812,-0.066116333,0.032547172,0.067779541,0.000000000,4.018249512,0
80,1,1,-0.000017166,-0.599105358,-0.098648071,0.032531913,0.068588257,0.000000000,4.066772461,0
81,1,1,-0.000015259,-0.598998904,-0.131179810,0.032531913,0.069396973,0.000000000,4.115295410,0
82,1,1,-0.000017166,-0.598892450,-0.163711548,0.032531913,0.070205688,0.000000000,4.163818359,0
83,1,1,-0.000017166,-0.598785996,-0.196243286,0.032531913,0.071014404,0.000000000,4.212341309,0
84,1,1,-0.000017166,-0.598679423,-0.228775024,0.032531913,0.071823120,0.000000000,4.260864258,0
85,1,1,-0.000019073,-0.600135386,-0.261306763,0.032564301,0.072631836,0.000000000,4.309387207,0
86,1,1,-0.000019073,-0.600028992,-0.293838501,0.032531913,0.073440552,0.000000000,4.357910156,0
87,1,1,-0.000019073,-0.599922359,-0.326370239,0.032531913,0.074249268,0.000000000,4.406433105,0
88,1,1,-0.000019073,-0.599816144,-0.358917236,0.032547172,0.075042725,0.000000000,4.454956055,0
89,1,1,-0.000020981,-0.599709213,-0.391448975,0.032531913,0.075851440,0.000000000,4.502563477,0
90,1,1,-0.000019073,-0.599602580,-0.423995972,0.032547172,0.076644897,0.000000000,4.551086426,0
91,1,1,-0.000020981,-0.599496067,-0.456542969,0.032547172,0.077438354,0.000000000,4.598693371,0
92,1,1,-0.000020981,-0.599389434,-0.489074707,0.032531913,0.078247070,0.000000000,4.646300793,0
93,1,1,-0.000022888,-0.599282861,-0.521621704,0.032547172,0.079040527,0.000000000,4.694823742,0
94,1,1,-0.000020981,-0.599176228,-0.554168701,0.032547172,0.079833984,0.000000000,4.742431164,0
95,1,1,-0.000024796,-0.599069655,-0.586715698,0.032547172,0.080627441,0.000000000,4.790038586,0
96,1,1,-0.000024796,-0.598963082,-0.619262695,0.032547172,0.081420898,0.000000000,4.837646008,0
97,1,1,-0.000024796,-0.598856330,-0.651824951,0.032562431,0.082199097,0.000000000,4.885253429,0
98,1,1,-0.000024796,-0.598749757,-0.684371948,0.032547172,0.082992554,0.000000000,4.931945324,0
99,1,1,-0.000026703,-0.600205719,-0.716918945,0.032579545,0.083786011,0.000000000,4.979552746,0
100,1,1,-0.000026703,-0.600098968,-0.749481201,0.032562431,0.084564209,0.000000000,5.027160168,0
101,1,1,-0.000026703,-0.599992394,-0.782028198,0.032547172,0.085357666,0.000000000,5.073852062,0
102,1,1,-0.000026703,-0.599885821,-0.814590454,0.032562431,0.086135864,0.000000000,5.121459484,0
103,1,1,-0.000028610,-0.599779129,-0.847152710,0.032562431,0.086914063,0.000000000,5.168151379,0
104,1,1,-0.000026703,-0.599672616,-0.879684448,0.032531913,0.087707520,0.000000000,5.214843273,0
105,1,1,-0.000026703,-0.599565983,-0.912246704,0.032562431,0.088485718,0.000000000,5.262450695,0
106,1,1,-0.000026703,-0.599459350,-0.944808960,0.032562431,0.089263916,0.000000000,5.309142590,0
107,1,1,-0.000026703,-0.599352717,-0.977371216,0.032562431,0.090042114,0.000000000,5.355834484,0
108,1,1,-0.000026703,-0.599246085,-1.009948730,0.032577690,0.090805054,0.000000000,5.402526379,0
109,1,1,-0.000022888,-0.599139512,-1.042510986,0.032562431,0.091583252,0.000000000,5.448302746,0
110,1,1,-0.000024796,-0.599032879,-1.075073242,0.032562431,0.092361450,0.000000000,5.494994640,0
111,1,1,-0.000024796,-0.598926246,-1.107650757,0.032577690,0.093124390,0.000000000,5.541686535,0
112,1,1,-0.000024796,-0.598819673,-1.140213013,0.032562431,0.093902588,0.000000000,5.587462902,0
113,1,1,-0.000022888,-0.600275517,-1.172821045,0.032640517,0.094665527,0.000000000,5.634154797,0
114,1,1,-0.000022888,-0.600169778,-1.205383301,0.032562427,0.095443726,0.000000000,5.679931164,0
115,1,1,-0.000020981,-0.600062251,-1.237960815,0.032577690,0.096206665,0.000000000,5.726623058,0
116,1,1,-0.000020981,-0.599955797,-1.270538330,0.032577690,0.096969604,0.000000000,5.772399426,0
117,1,1,-0.000020981,-0.599848986,-1.303115845,0.032577690,0.097732544,0.000000000,5.818175793,0
118,1,1,-0.000020981,-0.599742532,-1.335693359,0.032577690,0.098495483,0.000000000,5.863952160,0
119,1,1,-0.000020981,-0.599635720,-1.368270874,0.032577690,0.099258423,0.000000000,5.909728527,0
120,1,1,-0.000019073,-0.599529266,-1.400848389,0.032577690,0.100021362,0.000000000,5.955504894,0
121,1,1,-0.000017166,-0.599422574,-1.433425903,0.032577690,0.100784302,0.000000000,6.001281261,0
122,1,1,-0.000017166,-0.599316001,-1.466018677,0.032592949,0.101531982,0.000000000,6.047057629,0
123,1,1,-0.000017166,-0.599209309,-1.498596191,0.032577690,0.102294922,0.000000000,6.091918468,0
124,1,1,-0.000017166,-0.599102736,-1.531173706,0.032577690,0.103057861,0.000000000,6.137694836,0
125,1,1,-0.000017166,-0.598996043,-1.563751221,0.032577690,0.103805542,0.000000000,6.183471203,0
126,1,1,-0.000017166,-0.598889351,-1.596343994,0.032592949,0.104553223,0.000000000,6.228332043,0
127,1,1,-0.000015259,-0.598782659,-1.628921509,0.032577690,0.105316162,0.000000000,6.273192883,0
128,1,1,-0.000015259,-0.600238562,-1.661514282,0.032625277,0.106063843,0.000000000,6.318969250,0
129,1,1,-0.000015259,-0.600131869,-1.694107056,0.032592949,0.106811523,0.000000000,6.363830090,0
130,1,1,-0.000015259,-0.600025177,-1.726699829,0.032592949,0.107559204,0.000000000,6.408690929,0
131,1,1,-0.000013351,-0.599918485,-1.759292603,0.032592949,0.108306885,0.000000000,6.453551769,0
132,1,1,-0.000013351,-0.599811852,-1.791885376,0.032592949,0.109054565,0.000000000,6.498412609,0
133,1,1,-0.000013351,-0.599705219,-1.824493408,0.032608207,0.109786987,0.000000000,6.543273449,0
134,1,1,-0.000013351,-0.599598408,-1.857086182,0.032592949,0.110534668,0.000000000,6.587218761,0
135,1,1,-0.000011444,-0.599491715,-1.889678955,0.032592949,0.111282349,0.000000000,6.632079601,0
136,1,1,-0.000011444,-0.599384904,-1.922286987,0.032608207,0.112014771,0.000000000,6.676940441,0
137,1,1,-0.000011444,-0.599278212,-1.954879761,0.032592949,0.112762451,0.000000000,6.720885754,0
138,1,1,-0.000011444,-0.599171519,-1.987487793,0.032608207,0.113494873,0.000000000,6.765746593,0
139,1,1,-0.000009537,-0.599064827,-2.020095825,0.032608207,0.114227295,0.000000000,6.809691906,0
140,1,1,-0.000007629,-0.598958135,-2.052703857,0.032608207,0.114974976,0.000000000,6.853637218,0
141,1,1,-0.000007629,-0.598851442,-2.085311890,0.032608207,0.115707397,0.000000000,6.898498058,0
142,1,1,-0.000007629,-0.600307226,-2.117919922,0.032640513,0.116439819,0.000000000,6.942443371,0
143,1,1,-0.000007629,-0.600200534,-2.150527954,0.032608207,0.117172241,0.000000000,6.986388683,0
144,1,1,-0.000007629,-0.600093722,-2.183135986,0.032608207,0.117904663,0.000000000,7.030333996,0
145,1,1,-0.000007629,-0.599986970,-2.215744019,0.032608207,0.118621826,0.000000000,7.074279308,0
146,1,1,-0.000005722,-0.599880219,-2.248352051,0.032608207,0.119354248,0.000000000,7.117309093,0
147,1,1,-0.000005722,-0.599773526,-2.280960083,0.032608207,0.120086670,0.000000000,7.161254406,0
148,1,1,-0.000003815,-0.599666774,-2.313583374,0.032623466,0.120803833,0.000000000,7.205199718,0
149,1,1,-0.000003815,-0.599560082,-2.346191406,0.032608207,0.121536255,0.000000000,7.248229504,0
150,1,1,-0.000003815,-0.599453270,-2.378814697,0.032623466,0.122253418,0.000000000,7.292174816,0
151,1,1,-0.000003815,-0.599345565,-2.411422729,0.032608211,0.122985840,0.000000000,7.335204601,0
152,1,1,-0.000001907,-0.599239767,-2.444046021,0.032623462,0.123703003,0.000000000,7.379149914,0
153,1,1,-0.000001907,-0.599132955,-2.476669312,0.032623466,0.124420166,0.000000000,7.422179699,0
154,1,1,-0.000001907,-0.599244416,-2.442611694,0.034057800,0.125137329,0.000000000,7.465209484,0
155,1,1,-0.000001907,-0.599355936,-2.408554077,0.034057800,0.125854492,0.000000000,7.508239269,0
156,1,1,-0.000001907,-0.599467397,-2.374496460,0.034057800,0.126571655,0.000000000,7.551269054,0
157,1,1,0.000000000,-0.599578857,-2.340438843,0.034057800,0.127288818,0.000000000,7.594298840,0
158,1,1,0.000000000,-0.599690318,-2.306396484,0.034042541,0.128005981,0.000000000,7.637328625,0
159,1,1,-0.000001907,-0.599801719,-2.272369385,0.034027282,0.128707886,0.000000000,7.680358410,0
160,1,1,0.000000000,-0.599913120,-2.238327026,0.034042541,0.129425049,0.000000000,7.722472668,0
161,1,1,0.000000000,-0.600024521,-2.204299927,0.034027282,0.130126953,0.000000000,7.765502453,0
162,1,1,0.000001907,-0.600135922,-2.170272827,0.034027282,0.130844116,0.000000000,7.807616711,0
163,1,1,0.000001907,-0.600247324,-2.136245728,0.034027282,0.131546021,0.000000000,7.850646496,0
164,1,1,0.000001907,-0.600358725,-2.102203369,0.034042541,0.132263184,0.000000000,7.892760754,0
165,1,1,0.000001907,-0.600470185,-2.068176270,0.034027282,0.132965088,0.000000000,7.935790539,0
166,1,1,0.000001907,-0.600581467,-2.034149170,0.034027282,0.133666992,0.000000000,7.977904797,0
167,1,1,0.000003815,-0.600692928,-2.000122070,0.034027282,0.134368896,0.000000000,8.020019531,0
168,1,1,0.000003815,-0.600804269,-1.966079712,0.034042541,0.135070801,0.000000000,8.062133789,0
169,1,1,0.000003815,-0.600915670,-1.932052612,0.034027282,0.135772705,0.000000000,8.104248047,0
170,1,1,0.000005722,-0.601027071,-1.898025513,0.034027282,0.136474609,0.000000000,8.146362305,0
171,1,1,0.000003815,-0.601138413,-1.863998413,0.034027282,0.137176514,0.000000000,8.188476563,0
172,1,1,0.000003815,-0.601249754,-1.829986572,0.034012023,0.137863159,0.000000000,8.230590820,0
173,1,1,0.000005722,-0.601361156,-1.795959473,0.034027282,0.138565063,0.000000000,8.271789551,0
174,1,1,0.000005722,-0.601472497,-1.761932373,0.034027282,0.139266968,0.000000000,8.313903809,0
175,1,1,0.000005722,-0.601583838,-1.727920532,0.034012023,0.139953613,0.000000000,8.356018066,0
176,1,1,0.000007629,-0.599603415,-1.693908691,0.034069449,0.140640259,0.000000000,8.397216797,0
177,1,1,0.000007629,-0.599714875,-1.659881592,0.034027282,0.141342163,0.000000000,8.438415527,0
178,1,1,0.000007629,-0.599826217,-1.625869751,0.034012023,0.142028809,0.000000000,8.480529785,0
179,1,1,0.000007629,-0.599937558,-1.591857910,0.034012023,0.142715454,0.000000000,8.521728516,0
180,1,1,0.000007629,-0.600048900,-1.557846069,0.034012023,0.143402100,0.000000000,8.562927246,0
181,1,1,0.000007629,-0.600160241,-1.523834229,0.034012023,0.144088745,0.000000000,8.604125977,0
182,1,1,0.000009537,-0.600271463,-1.489837646,0.033996765,0.144775391,0.000000000,8.645324707,0
183,1,1,0.000009537,-0.600382924,-1.455825806,0.034012023,0.145462036,0.000000000,8.686523438,0
184,1,1,0.000009537,-0.600494146,-1.421813965,0.034012023,0.146148682,0.000000000,8.727722168,0
185,1,1,0.000011444,-0.600605488,-1.387802124,0.034012023,0.146835327,0.000000000,8.768920898,0
186,1,1,0.000011444,-0.600716829,-1.353805542,0.033996765,0.147506714,0.000000000,8.810119629,0
187,1,1,0.000011444,-0.600828171,-1.319793701,0.034012023,0.148193359,0.000000000,8.850402832,0
188,1,1,0.000011444,-0.600939512,-1.285797119,0.033996765,0.148864746,0.000000000,8.891601563,0
189,1,1,0.000013351,-0.601050735,-1.251785278,0.034012023,0.149551392,0.000000000,8.931884766,0
190,1,1,0.000011444,-0.601162076,-1.217788696,0.033996765,0.150222778,0.000000000,8.973083496,0
191,1,1,0.000011444,-0.601273417,-1.183792114,0.033996765,0.150894165,0.000000000,9.013366699,0
192,1,1,0.000013351,-0.601384640,-1.149780273,0.034012023,0.151580811,0.000000000,9.053649902,0
193,1,1,0.000013351,-0.601495981,-1.115783691,0.033996765,0.152252197,0.000000000,9.094848633,0
194,1,1,0.000013351,-0.601607203,-1.081771851,0.034012023,0.152923584,0.000000000,9.135131836,0
195,1,1,0.000011444,-0.599644661,-1.047760010,0.034068417,0.153594971,0.000000000,9.175414085,0
196,1,1,0.000011444,-0.599757075,-1.013763428,0.033996768,0.154266357,0.000000000,9.215697289,0
197,1,1,0.000013351,-0.599868298,-0.979782104,0.033981506,0.154922485,0.000000000,9.255980492,0
198,1,1,0.000013351,-0.599979639,-0.945785522,0.033996765,0.155593872,0.000000000,9.295348167,0
199,1,1,0.000013351,-0.600090861,-0.911788940,0.033996765,0.156265259,0.000000000,9.335631371,0
200,1,1,0.000013351,-0.600202203,-0.877807617,0.033981506,0.156921387,0.000000000,9.375914574,0
201,1,1,0.000015259,-0.600313544,-0.843826294,0.033981506,0.157592773,0.000000000,9.415282249,0
202,1,1,0.000015259,-0.600424767,-0.809844971,0.033981506,0.158248901,0.000000000,9.455565453,0
203,1,1,0.000015259,-0.600536108,-0.775848389,0.033996765,0.158920288,0.000000000,9.494933128,0
204,1,1,0.000015259,-0.600647330,-0.741867065,0.033981506,0.159576416,0.000000000,9.535216331,0
205,1,1,0.000017166,-0.600758553,-0.707885742,0.033981506,0.160232544,0.000000000,9.574584007,0
206,1,1,0.000017166,-0.600869894,-0.673889160,0.033996765,0.160903931,0.000000000,9.613951683,0
207,1,1,0.000017166,-0.600981236,-0.639907837,0.033981506,0.161560059,0.000000000,9.654234886,0
208,1,1,0.000017166,-0.601092458,-0.605926514,0.033981506,0.162216187,0.000000000,9.693602562,0
209,1,1,0.000017166,-0.601203680,-0.571945190,0.033981506,0.162872314,0.000000000,9.732970238,0
210,1,1,0.000019073,-0.601315022,-0.537963867,0.033981506,0.163528442,0.000000000,9.772337914,0
211,1,1,0.000019073,-0.601426244,-0.503997803,0.033966247,0.164169312,0.000000000,9.811705589,0
212,1,1,0.000019073,-0.601537466,-0.470016479,0.033981506,0.164825439,0.000000000,9.850157738,0
213,1,1,0.000019073,-0.601648688,-0.436035156,0.033981506,0.165481567,0.000000000,9.889525414,0
214,1,1,0.000019073,-0.599686801,-0.402069092,0.034022678,0.166122437,0.000000000,9.928893089,0
215,1,1,0.000019073,-0.599798083,-0.368087769,0.033981506,0.166778564,0.000000000,9.967345238,0
216,1,1,0.000020981,-0.599909306,-0.334106445,0.033981506,0.167419434,0.000000000,10.006712914,0
217,1,1,0.000020981,-0.600020587,-0.300125122,0.033981506,0.168075562,0.000000000,10.045165062,0
218,1,1,0.000020981,-0.600131810,-0.266174316,0.033950988,0.168716431,0.000000000,10.084532738,0
219,1,1,0.000020981,-0.600243032,-0.232208252,0.033966247,0.169357300,0.000000000,10.122984886,0
220,1,1,0.000020981,-0.600354254,-0.198226929,0.033981506,0.170013428,0.000000000,10.161437035,0
221,1,1,0.000022888,-0.600465536,-0.164260864,0.033966247,0.170654297,0.000000000,10.200804710,0
222,1,1,0.000024796,-0.600576699,-0.130294800,0.033966247,0.171295166,0.000000000,10.239256859,0
223,1,1,0.000024796,-0.600687921,-0.096328735,0.033966247,0.171936035,0.000000000,10.277709007,0
224,1,1,0.000024796,-0.600799263,-0.062362671,0.033966247,0.172576904,0.000000000,10.316161156,0
225,1,1,0.000024796,-0.600910366,-0.028411865,0.033950988,0.173202515,0.000000000,10.354613304,0
226,1,1,0.000024796,-0.601021588,0.005554199,0.033966247,0.173843384,0.000000000,10.392149925,0
227,1,1,0.000024796,-0.601132751,0.039520264,0.033966247,0.174484253,0.000000000,10.430602074,0
228,1,1,0.000024796,-0.601243973,0.073486328,0.033966247,0.175125122,0.000000000,10.469054222,0
229,1,1,0.000026703,-0.601355135,0.107437134,0.033950988,0.175750732,0.000000000,10.507506371,0
230,1,1,0.000026703,-0.601466358,0.141403198,0.033966247,0.176391602,0.000000000,10.545042992,0
231,1,1,0.000026703,-0.601577520,0.175354004,0.033950988,0.177017212,0.000000000,10.583495140,0
232,1,1,0.000026703,-0.601688683,0.209304810,0.033950988,0.177642822,0.000000000,10.621031761,0
233,1,1,0.000028610,-0.599726677,0.243286133,0.034037918,0.178283691,0.000000000,10.658568382,0
234,1,1,0.000028610,-0.599837899,0.277221680,0.033935729,0.178909302,0.000000000,10.697020531,0
235,1,1,0.000028610,-0.599949002,0.311172485,0.033950988,0.179534912,0.000000000,10.734557152,0
236,1,1,0.000028610,-0.600060225,0.345138550,0.033966247,0.180160522,0.000000000,10.772093773,0
237,1,1,0.000028610,-0.600171328,0.379089355,0.033950988,0.180786133,0.000000000,10.809630394,0
238,1,1,0.000028610,-0.600282550,0.413040161,0.033950988,0.181411743,0.000000000,10.847167015,0
239,1,1,0.000028610,-0.600393653,0.446990967,0.033950988,0.182037354,0.000000000,10.884703636,0
240,1,1,0.000030518,-0.600504875,0.480941772,0.033950988,0.182662964,0.000000000,10.922240257,0
241,1,1,0.000030518,-0.600615978,0.514877319,0.033935729,0.183273315,0.000000000,10.959776878,0
242,1,1,0.000028610,-0.600727081,0.548828125,0.033950988,0.183898926,0.000000000,10.996397972,0
243,1,1,0.000028610,-0.600838304,0.582778931,0.033950988,0.184524536,0.000000000,11.033934593,0
244,1,1,0.000028610,-0.600949526,0.616714478,0.033935729,0.185134888,0.000000000,11.071471214,0
245,1,1,0.000026703,-0.601060629,0.650665283,0.033950988,0.185760498,0.000000000,11.108092308,0
246,1,1,0.000026703,-0.601171732,0.684600830,0.033935729,0.186370850,0.000000000,11.145628929,0
247,1,1,0.000026703,-0.601282835,0.718536377,0.033935729,0.186981201,0.000000000,11.182250023,0
248,1,1,0.000026703,-0.601394057,0.752487183,0.033950988,0.187606812,0.000000000,11.218871117,0
249,1,1,0.000024796,-0.601505160,0.786407471,0.033920471,0.188217163,0.000000000,11.256407738,0
250,1,1,0.000024796,-0.601616263,0.820343018,0.033935729,0.188827515,0.000000000,11.293028831,0
251,1,1,0.000024796,-0.601727366,0.854278564,0.033935729,0.189437866,0.000000000,11.329649925,0
252,1,1,0.000022888,-0.599765301,0.888214111,0.033992220,0.190048218,0.000000000,11.366271019,0
253,1,1,0.000022888,-0.599876404,0.922149658,0.033935729,0.190658569,0.000000000,11.402892113,0
254,1,1,0.000022888,-0.599987507,0.956100464,0.033950988,0.191268921,0.000000000,11.439513206,0
255,1,1,0.000020981,-0.600098610,0.990036011,0.033935729,0.191879272,0.000000000,11.476134300,0
256,1,1,0.000020981,-0.600209713,1.023956299,0.033920471,0.192474365,0.000000000,11.512755394,0
257,1,1,0.000020981,-0.600320816,1.057891846,0.033935729,0.193084717,0.000000000,11.548460960,0
258,1,1,0.000020981,-0.600431919,1.091827393,0.033935729,0.193695068,0.000000000,11.585082054,0
259,1,1,0.000019073,-0.600543022,1.125747681,0.033920471,0.194290161,0.000000000,11.621703148,0
260,1,1,0.000019073,-0.600654125,1.159683228,0.033935729,0.194900513,0.000000000,11.657408714,0
261,1,1,0.000019073,-0.600765228,1.193603516,0.033920471,0.195495605,0.000000000,11.694029808,0
262,1,1,0.000017166,-0.600876212,1.227523804,0.033920471,0.196090698,0.000000000,11.729735374,0
263,1,1,0.000017166,-0.600987315,1.261444092,0.033920471,0.196685791,0.000000000,11.765440941,0
264,1,1,0.000017166,-0.601098418,1.295364380,0.033920471,0.197296143,0.000000000,11.801146507,0
265,1,1,0.000015259,-0.601209521,1.329284668,0.033920471,0.197891235,0.000000000,11.837767601,0
266,1,1,0.000017166,-0.601320148,1.363204956,0.033920467,0.198486328,0.000000000,11.873473167,0
267,1,1,0.000015259,-0.601431608,1.397125244,0.033920471,0.199081421,0.000000000,11.909178734,0
268,1,1,0.000013351,-0.601542711,1.431045532,0.033920471,0.199676514,0.000000000,11.944884300,0
269,1,1,0.000011444,-0.601653695,1.464965820,0.033920471,0.200271606,0.000000000,11.980589867,0
270,1,1,0.000011444,-0.601764679,1.498870850,0.033905212,0.200851440,0.000000000,12.016295433,0
271,1,1,0.000011444,-0.599802494,1.532806396,0.033992227,0.201446533,0.000000000,12.051085472,0
272,1,1,0.000011444,-0.599913478,1.566726685,0.033920471,0.202041626,0.000000000,12.086791039,0
273,1,1,0.000011444,-0.600024581,1.600646973,0.033920471,0.202636719,0.000000000,12.122496605,0
274,1,1,0.000011444,-0.600135624,1.634552002,0.033905212,0.203216553,0.000000000,12.158202171,0
275,1,1,0.000009537,-0.600246668,1.668472290,0.033920471,0.203811646,0.000000000,12.192992210,0
276,1,1,0.000009537,-0.600357652,1.702377319,0.033905212,0.204391479,0.000000000,12.228697777,0
277,1,1,0.000009537,-0.600468695,1.736267090,0.033889953,0.204971313,0.000000000,12.263487816,0
278,1,1,0.000007629,-0.600579679,1.770187378,0.033920471,0.205566406,0.000000000,12.298277855,0
279,1,1,0.000007629,-0.600690663,1.804092407,0.033905212,0.206146240,0.000000000,12.333983421,0
280,1,1,0.000007629,-0.600801766,1.837997437,0.033905212,0.206726074,0.000000000,12.368773460,0
281,1,1,0.000005722,-0.600912750,1.871902466,0.033905212,0.207305908,0.000000000,12.403563499,0
282,1,1,0.000005722,-0.601023734,1.905807495,0.033905212,0.207885742,0.000000000,12.438353539,0
283,1,1,0.000005722,-0.601134777,1.939712524,0.033905212,0.208465576,0.000000000,12.473143578,0
284,1,1,0.000005722,-0.601245761,1.973617554,0.033905212,0.209045410,0.000000000,12.507933617,0
285,1,1,0.000001907,-0.601356745,2.007522583,0.033905212,0.209625244,0.000000000,12.542723656,0
286,1,1,0.000001907,-0.601467788,2.041427612,0.033905212,0.210205078,0.000000000,12.577513695,0
287,1,1,0.000003815,-0.601578712,2.075332642,0.033905212,0.210769653,0.000000000,12.612303734,0
288,1,1,0.000001907,-0.601689756,2.109237671,0.033905212,0.211349487,0.000000000,12.646178246,0
289,1,1,0.000001907,-0.600114584,2.076492310,0.032783225,0.211929321,0.000000000,12.680968285,0
290,1,1,0.000001907,-0.600007296,2.043716431,0.032776054,0.212493896,0.000000000,12.715758324,0
291,1,1,0.000001907,-0.599900126,2.010940552,0.032776054,0.213073730,0.000000000,12.749632835,0
292,1,1,0.000000000,-0.599792719,1.978164673,0.032776054,0.213638306,0.000000000,12.784422874,0
293,1,1,0.000000000,-0.599685431,1.945388794,0.032776054,0.214202881,0.000000000,12.818297386,0
294,1,1,0.000000000,-0.599578142,1.912628174,0.032760795,0.214782715,0.000000000,12.852171898,0
295,1,1,-0.000001907,-0.599470854,1.879852295,0.032776054,0.215347290,0.000000000,12.886961937,0
296,1,1,0.000000000,-0.599363565,1.847076416,0.032776054,0.215911865,0.000000000,12.920836449,0
297,1,1,-0.000001907,-0.599256277,1.814300537,0.032776054,0.216476440,0.000000000,12.954710960,0
298,1,1,-0.000001907,-0.599148870,1.781524658,0.032776054,0.217041016,0.000000000,12.988585472,0
299,1,1,-0.000001907,-0.600604117,1.748748779,0.032808170,0.217605591,0.000000000,13.022459984,0
300,1,1,-0.000001907,-0.600496829,1.715972900,0.032776054,0.218170166,0.000000000,13.056334496,0
301,1,1,-0.000003815,-0.600389540,1.683197021,0.032776054,0.218734741,0.000000000,13.090209007,0
302,1,1,-0.000001907,-0.600282192,1.650421143,0.032776054,0.219299316,0.000000000,13.124083519,0
303,1,1,-0.000003815,-0.600174844,1.617630005,0.032791313,0.219848633,0.000000000,13.157958031,0
304,1,1,-0.000005722,-0.600067556,1.584838867,0.032791313,0.220413208,0.000000000,13.190917015,0
305,1,1,-0.000003815,-0.599960208,1.552062988,0.032776054,0.220977783,0.000000000,13.224791527,0
306,1,1,-0.000005722,-0.599852860,1.519271851,0.032791313,0.221527100,0.000000000,13.258666039,0
307,1,1,-0.000003815,-0.599745512,1.486495972,0.032776054,0.222091675,0.000000000,13.291625023,0
308,1,1,-0.000005722,-0.599638224,1.453704834,0.032791313,0.222640991,0.000000000,13.325499535,0
309,1,1,-0.000007629,-0.599530876,1.420928955,0.032776054,0.223205566,0.000000000,13.358458519,0
310,1,1,-0.000005722,-0.599423528,1.388153076,0.032776054,0.223754883,0.000000000,13.392333031,0
311,1,1,-0.000007629,-0.599316180,1.355361938,0.032791313,0.224304199,0.000000000,13.425292015,0
312,1,1,-0.000005722,-0.599208832,1.322570801,0.032791313,0.224853516,0.000000000,13.458250999,0
313,1,1,-0.000007629,-0.600664020,1.289779663,0.032823410,0.225402832,0.000000000,13.491209984,0
314,1,1,-0.000009537,-0.600556612,1.256988525,0.032791313,0.225952148,0.000000000,13.524168968,0
315,1,1,-0.000007629,-0.600449204,1.224197388,0.032791313,0.226501465,0.000000000,13.557127953,0
316,1,1,-0.000009537,-0.600341916,1.191390991,0.032806572,0.227050781,0.000000000,13.590086937,0
317,1,1,-0.000007629,-0.600234509,1.158599854,0.032791313,0.227600098,0.000000000,13.623045921,0
318,1,1,-0.000009537,-0.600127101,1.125808716,0.032791313,0.228149414,0.000000000,13.656004906,0
319,1,1,-0.000011444,-0.600019813,1.093017578,0.032791313,0.228698730,0.000000000,13.688963890,0
320,1,1,-0.000009537,-0.599912524,1.060226440,0.032791313,0.229248047,0.000000000,13.721922874,0
321,1,1,-0.000011444,-0.599804997,1.027435303,0.032791313,0.229782104,0.000000000,13.754881859,0
322,1,1,-0.000011444,-0.599697709,0.994644165,0.032791313,0.230331421,0.000000000,13.786925316,0
323,1,1,-0.000011444,-0.599590302,0.961837769,0.032806572,0.230865479,0.000000000,13.819884300,0
324,1,1,-0.000011444,-0.599482894,0.929046631,0.032791313,0.231414795,0.000000000,13.851927757,0
325,1,1,-0.000011444,-0.599375486,0.896240234,0.032806572,0.231948853,0.000000000,13.884886742,0
326,1,1,-0.000013351,-0.599268079,0.863449097,0.032791313,0.232498169,0.000000000,13.916930199,0
327,1,1,-0.000013351,-0.600723267,0.830642700,0.032838654,0.233032227,0.000000000,13.949889183,0
328,1,1,-0.000013351,-0.600615859,0.797821045,0.032821830,0.233566284,0.000000000,13.981932640,0
329,1,1,-0.000013351,-0.600508451,0.765014648,0.032806572,0.234100342,0.000000000,14.013976097,0
330,1,1,-0.000015259,-0.600400925,0.732208252,0.032806572,0.234634399,0.000000000,14.046019554,0
331,1,1,-0.000013351,-0.600293636,0.699417114,0.032791313,0.235168457,0.000000000,14.078063011,0
332,1,1,-0.000015259,-0.600186229,0.666610718,0.032806572,0.235702515,0.000000000,14.110106468,0
333,1,1,-0.000015259,-0.600078821,0.633804321,0.032806572,0.236236572,0.000000000,14.142149925,0
334,1,1,-0.000015259,-0.599971294,0.600997925,0.032806572,0.236770630,0.000000000,14.174193382,0
335,1,1,-0.000015259,-0.599863887,0.568191528,0.032806572,0.237304688,0.000000000,14.206236839,0
336,1,1,-0.000017166,-0.599756479,0.535385132,0.032806572,0.237838745,0.000000000,14.238280296,0
337,1,1,-0.000015259,-0.599649072,0.502563477,0.032821830,0.238357544,0.000000000,14.270323753,0
338,1,1,-0.000017166,-0.599541664,0.469757080,0.032806572,0.238891602,0.000000000,14.301451683,0
339,1,1,-0.000017166,-0.599434257,0.436950684,0.032806572,0.239425659,0.000000000,14.333495140,0
340,1,1,-0.000019073,-0.599326730,0.404113770,0.032837089,0.239944458,0.000000000,14.365538597,0
341,1,1,-0.000017166,-0.600781918,0.371307373,0.032838654,0.240478516,0.000000000,14.396666527,0
342,1,1,-0.000019073,-0.600674391,0.338485718,0.032821830,0.240997314,0.000000000,14.428709984,0
343,1,1,-0.000020981,-0.600566983,0.305664063,0.032821830,0.241516113,0.000000000,14.459837914,0
344,1,1,-0.000020981,-0.600459576,0.272857666,0.032806572,0.242050171,0.000000000,14.490965843,0
345,1,1,-0.000020981,-0.600352108,0.240036011,0.032821830,0.242568970,0.000000000,14.523009300,0
346,1,1,-0.000022888,-0.600244641,0.207214355,0.032821830,0.243087769,0.000000000,14.554137230,0
347,1,1,-0.000020981,-0.600137234,0.174392700,0.032821830,0.243606567,0.000000000,14.585265160,0
348,1,1,-0.000022888,-0.600029707,0.141571045,0.032821830,0.244125366,0.000000000,14.616393089,0
349,1,1,-0.000022888,-0.599922240,0.108749390,0.032821830,0.244644165,0.000000000,14.647521019,0
350,1,1,-0.000024796,-0.599814832,0.075927734,0.032821830,0.245162964,0.000000000,14.678648949,0
351,1,1,-0.000022888,-0.599707365,0.043106079,0.032821830,0.245681763,0.000000000,14.709776878,0
352,1,1,-0.000024796,-0.599599898,0.010284424,0.032821830,0.246200562,0.000000000,14.740904808,0
353,1,1,-0.000024796,-0.599492431,-0.022537231,0.032821830,0.246719360,0.000000000,14.772032738,0
354,1,1,-0.000026703,-0.599384964,-0.055358887,0.032821830,0.247238159,0.000000000,14.803160667,0
355,1,1,-0.000024796,-0.599277437,-0.088195801,0.032837089,0.247741699,0.000000000,14.834288597,0
356,1,1,-0.000026703,-0.600732565,-0.121017456,0.032853894,0.248260498,0.000000000,14.864500999,0
357,1,1,-0.000026703,-0.600625038,-0.153839111,0.032821830,0.248779297,0.000000000,14.895628929,0
358,1,1,-0.000028610,-0.600517511,-0.186676025,0.032837089,0.249282837,0.000000000,14.926756859,0
359,1,1,-0.000026703,-0.600409985,-0.219512939,0.032837089,0.249786377,0.000000000,14.956969261,0
360,1,1,-0.000026703,-0.600302577,-0.252334595,0.032821830,0.250305176,0.000000000,14.987181664,0
361,1,1,-0.000028610,-0.600195050,-0.285156250,0.032821830,0.250808716,0.000000000,15.018309593,0
362,1,1,-0.000028610,-0.600087643,-0.317993164,0.032837089,0.251327515,0.000000000,15.048521996,0
363,1,1,-0.000028610,-0.599980116,-0.350830078,0.032837089,0.251831055,0.000000000,15.079649925,0
364,1,1,-0.000028610,-0.599872589,-0.383666992,0.032837089,0.252334595,0.000000000,15.109862328,0
365,1,1,-0.000030518,-0.599765062,-0.416503906,0.032837089,0.252838135,0.000000000,15.140074730,0
366,1,1,-0.000030518,-0.599657536,-0.449340820,0.032837089,0.253341675,0.000000000,15.170287132,0
367,1,1,-0.000030518,-0.599550128,-0.482177734,0.032837089,0.253845215,0.000000000,15.200499535,0
368,1,1,-0.000030518,-0.599442601,-0.515014648,0.032837089,0.254348755,0.000000000,15.230711937,0
369,1,1,-0.000030518,-0.599335074,-0.547851563,0.032837089,0.254852295,0.000000000,15.260924339,0
370,1,1,-0.000032425,-0.600790024,-0.580688477,0.032869130,0.255355835,0.000000000,15.291136742,0
371,1,1,-0.000032425,-0.600682497,-0.613510132,0.032821830,0.255859375,0.000000000,15.321349144,0
372,1,1,-0.000032425,-0.600574970,-0.646362305,0.032852348,0.256347656,0.000000000,15.351561546,0
373,1,1,-0.000032425,-0.600467443,-0.679214478,0.032852348,0.256851196,0.000000000,15.380858421,0
374,1,1,-0.000032425,-0.600359917,-0.712051392,0.032837089,0.257354736,0.000000000,15.411070824,0
375,1,1,-0.000032425,-0.600252390,-0.744903564,0.032852348,0.257843018,0.000000000,15.441283226,0
376,1,1,-0.000032425,-0.600144863,-0.777740479,0.032837089,0.258346558,0.000000000,15.470580101,0
377,1,1,-0.000032425,-0.600037336,-0.810592651,0.032852348,0.258834839,0.000000000,15.500792503,0
378,1,1,-0.000030518,-0.599929810,-0.843429565,0.032837089,0.259338379,0.000000000,15.530089378,0
379,1,1,-0.000030518,-0.599822283,-0.876281738,0.032852348,0.259826660,0.000000000,15.560301781,0
380,1,1,-0.000030518,-0.599714637,-0.909133911,0.032852352,0.260314941,0.000000000,15.589598656,0
381,1,1,-0.000030518,-0.599607110,-0.941955566,0.032821830,0.260818481,0.000000000,15.618895531,0
382,1,1,-0.000028610,-0.599499583,-0.974807739,0.032852348,0.261306763,0.000000000,15.649107933,0
383,1,1,-0.000026703,-0.599392056,-1.007659912,0.032852348,0.261795044,0.000000000,15.678404808,0
384,1,1,-0.000026703,-0.600847006,-1.040542603,0.032914862,0.262283325,0.000000000,15.707701683,0
385,1,1,-0.000028610,-0.600739479,-1.073394775,0.032852348,0.262771606,0.000000000,15.736998558,0
386,1,1,-0.000026703,-0.600631893,-1.106246948,0.032852348,0.263259888,0.000000000,15.766295433,0
387,1,1,-0.000026703,-0.600524366,-1.139099121,0.032852348,0.263748169,0.000000000,15.795592308,0
388,1,1,-0.000026703,-0.600416780,-1.171951294,0.032852348,0.264236450,0.000000000,15.824889183,0
389,1,1,-0.000024796,-0.600309253,-1.204803467,0.032852348,0.264724731,0.000000000,15.854186058,0
390,1,1,-0.000022888,-0.600201607,-1.237655640,0.032852352,0.265197754,0.000000000,15.883482933,0
391,1,1,-0.000024796,-0.600094080,-1.270507813,0.032852348,0.265686035,0.000000000,15.911864281,0
392,1,1,-0.000024796,-0.599986494,-1.303359985,0.032852348,0.266174316,0.000000000,15.941161156,0
393,1,1,-0.000022888,-0.599878907,-1.336227417,0.032867607,0.266647339,0.000000000,15.970458031,0
394,1,1,-0.000022888,-0.599771321,-1.369079590,0.032852348,0.267135620,0.000000000,15.998839378,0
395,1,1,-0.000022888,-0.599663734,-1.401962280,0.032882866,0.267608643,0.000000000,16.028137207,0
396,1,1,-0.000022888,-0.599556148,-1.434814453,0.032852348,0.268096924,0.000000000,16.056518555,0
397,1,1,-0.000020981,-0.599448562,-1.467681885,0.032867607,0.268569946,0.000000000,16.085815430,0
398,1,1,-0.000020981,-0.599341035,-1.500534058,0.032852348,0.269058228,0.000000000,16.114196777,0
399,1,1,-0.000020981,-0.600795865,-1.533386230,0.032884371,0.269531250,0.000000000,16.143493652,0
400,1,1,-0.000020981,-0.600688279,-1.566253662,0.032867607,0.270004272,0.000000000,16.171875000,0
401,1,1,-0.000019073,-0.600580692,-1.599121094,0.032867607,0.270477295,0.000000000,16.200256348,0
402,1,1,-0.000019073,-0.600473046,-1.631988525,0.032867610,0.270950317,0.000000000,16.228637695,0
403,1,1,-0.000019073,-0.600365520,-1.664840698,0.032852348,0.271438599,0.000000000,16.257019043,0
404,1,1,-0.000017166,-0.600257874,-1.697708130,0.032867610,0.271911621,0.000000000,16.286315918,0
405,1,1,-0.000017166,-0.600150287,-1.730590820,0.032882866,0.272384644,0.000000000,16.314697266,0
406,1,1,-0.000015259,-0.600042641,-1.763473511,0.032882869,0.272842407,0.000000000,16.343078613,0
407,1,1,-0.000015259,-0.599935055,-1.796340942,0.032867607,0.273315430,0.000000000,16.370544434,0
408,1,1,-0.000015259,-0.599827409,-1.829193115,0.032852352,0.273788452,0.000000000,16.398925781,0
409,1,1,-0.000015259,-0.599719763,-1.862060547,0.032867610,0.274261475,0.000000000,16.427307129,0
410,1,1,-0.000015259,-0.599612236,-1.894927979,0.032867607,0.274734497,0.000000000,16.455688477,0
411,1,1,-0.000013351,-0.599504530,-1.927810669,0.032882869,0.275192261,0.000000000,16.484069824,0
412,1,1,-0.000013351,-0.599396944,-1.960678101,0.032867607,0.275665283,0.000000000,16.511535645,0
413,1,1,-0.000013351,-0.600851834,-1.993545532,0.032899614,0.276138306,0.000000000,16.539916992,0
414,1,1,-0.000011444,-0.600744128,-2.026428223,0.032882869,0.276596069,0.000000000,16.568298340,0
415,1,1,-0.000011444,-0.600636542,-2.059310913,0.032882866,0.277069092,0.000000000,16.595764160,0
416,1,1,-0.000011444,-0.600528896,-2.092193604,0.032882869,0.277526855,0.000000000,16.624145508,0
417,1,1,-0.000011444,-0.600421309,-2.125061035,0.032867607,0.277984619,0.000000000,16.651611328,0
418,1,1,-0.000007629,-0.600313663,-2.157928467,0.032867610,0.278457642,0.000000000,16.679077148,0
419,1,1,-0.000007629,-0.600206017,-2.190811157,0.032882869,0.278915405,0.000000000,16.707458496,0
420,1,1,-0.000007629,-0.600098312,-2.223693848,0.032882869,0.279373169,0.000000000,16.734924316,0
421,1,1,-0.000007629,-0.599990666,-2.256576538,0.032882869,0.279830933,0.000000000,16.762390137,0
422,1,1,-0.000007629,-0.599883020,-2.289459229,0.032882869,0.280288696,0.000000000,16.789855957,0
423,1,1,-0.000007629,-0.599775314,-2.322341919,0.032882869,0.280746460,0.000000000,16.817321777,0
424,1,1,-0.000007629,-0.599667668,-2.355224609,0.032882869,0.281204224,0.000000000,16.844787598,0
425,1,1,-0.000005722,-0.599561810,-2.388122559,0.032898121,0.281661987,0.000000000,16.872253418,0
426,1,1,-0.000005722,-0.599452376,-2.420989990,0.032867614,0.282119751,0.000000000,16.899719238,0
427,1,1,-0.000005722,-0.600907207,-2.453887939,0.032930102,0.282577515,0.000000000,16.927185059,0
428,1,1,-0.000005722,-0.600799561,-2.486770630,0.032882869,0.283035278,0.000000000,16.954650879,0
429,1,1,-0.000003815,-0.600691915,-2.519653320,0.032882869,0.283493042,0.000000000,16.982116699,0
430,1,1,-0.000003815,-0.600584269,-2.552536011,0.032882869,0.283950806,0.000000000,17.009582520,0
431,1,1,-0.000003815,-0.600476623,-2.585433960,0.032898124,0.284393311,0.000000000,17.037048340,0
432,1,1,-0.000003815,-0.600369036,-2.618316650,0.032882866,0.284851074,0.000000000,17.063598633,0
433,1,1,-0.000001907,-0.600479543,-2.584548950,0.033767883,0.285293579,0.000000000,17.091064453,0
434,1,1,-0.000001907,-0.600590110,-2.550765991,0.033783142,0.285751343,0.000000000,17.117614746,0
435,1,1,0.000000000,-0.600700617,-2.517013550,0.033752624,0.286193848,0.000000000,17.145080566,0
436,1,1,0.000000000,-0.600811243,-2.483215332,0.033798400,0.286651611,0.000000000,17.171630859,0
437,1,1,-0.000001907,-0.600921750,-2.449447632,0.033767883,0.287094116,0.000000000,17.199096680,0
438,1,1,0.000000000,-0.601032257,-2.415679932,0.033767883,0.287536621,0.000000000,17.225646973,0
439,1,1,0.000000000,-0.601142883,-2.381896973,0.033783142,0.287994385,0.000000000,17.252197266,0
440,1,1,0.000001907,-0.601253390,-2.348129272,0.033767883,0.288436890,0.000000000,17.279663086,0
441,1,1,0.000000000,-0.601363897,-2.314361572,0.033767883,0.288879395,0.000000000,17.306213379,0
442,1,1,0.000001907,-0.601474464,-2.280593872,0.033767883,0.289321899,0.000000000,17.332763672,0
443,1,1,0.000001907,-0.601585031,-2.246826172,0.033767883,0.289764404,0.000000000,17.359313965,0
444,1,1,0.000001907,-0.601695538,-2.213073730,0.033752624,0.290206909,0.000000000,17.385864258,0
445,1,1,0.000003815,-0.601806045,-2.179306030,0.033767883,0.290649414,0.000000000,17.412414551,0
446,1,1,0.000001907,-0.601916671,-2.145538330,0.033767883,0.291091919,0.000000000,17.438964844,0
447,1,1,0.000003815,-0.602027178,-2.111755371,0.033783142,0.291534424,0.000000000,17.465515137,0
448,1,1,0.000003815,-0.600098014,-2.077972412,0.033837996,0.291976929,0.000000000,17.492065430,0
449,1,1,0.000003815,-0.600208521,-2.044204712,0.033767883,0.292419434,0.000000000,17.518615723,0
450,1,1,0.000005722,-0.600319088,-2.010437012,0.033767883,0.292861938,0.000000000,17.545166016,0
451,1,1,0.000005722,-0.600429535,-1.976684570,0.033752624,0.293289185,0.000000000,17.571716309,0
452,1,1,0.000005722,-0.600540042,-1.942916870,0.033767883,0.293731689,0.000000000,17.597351074,0
453,1,1,0.000005722,-0.600650609,-1.909164429,0.033752624,0.294158936,0.000000000,17.623901367,0
454,1,1,0.000005722,-0.600761116,-1.875411987,0.033752624,0.294601440,0.000000000,17.649536133,0
455,1,1,0.000007629,-0.600871682,-1.841644287,0.033767883,0.295043945,0.000000000,17.676086426,0
456,1,1,0.000007629,-0.600982070,-1.807891846,0.033752624,0.295471191,0.000000000,17.702636719,0
457,1,1,0.000007629,-0.601092577,-1.774124146,0.033767883,0.295898438,0.000000000,17.728271484,0
458,1,1,0.000007629,-0.601203144,-1.740356445,0.033767883,0.296340942,0.000000000,17.753906250,0
459,1,1,0.000007629,-0.601313591,-1.706604004,0.033752624,0.296768188,0.000000000,17.780456543,0
460,1,1,0.000009537,-0.601424098,-1.672851563,0.033752624,0.297195435,0.000000000,17.806091309,0
461,1,1,0.000009537,-0.601534605,-1.639083862,0.033767883,0.297637939,0.000000000,17.831726074,0
462,1,1,0.000009537,-0.601645112,-1.605331421,0.033752624,0.298065186,0.000000000,17.858276367,0
463,1,1,0.000011444,-0.601755619,-1.571594238,0.033737365,0.298492432,0.000000000,17.883911133,0
464,1,1,0.000011444,-0.601866126,-1.537841797,0.033752624,0.298919678,0.000000000,17.909545898,0
465,1,1,0.000009537,-0.601976573,-1.504089355,0.033752624,0.299346924,0.000000000,17.935180664,0
466,1,1,0.000011444,-0.602087021,-1.470336914,0.033752624,0.299774170,0.000000000,17.960815430,0
467,1,1,0.000011444,-0.600125551,-1.436584473,0.033809386,0.300201416,0.000000000,17.986450195,0
468,1,1,0.000011444,-0.600235999,-1.402816772,0.033767883,0.300628662,0.000000000,18.012084961,0
469,1,1,0.000013351,-0.600346506,-1.369064331,0.033752624,0.301055908,0.000000000,18.037719727,0
470,1,1,0.000013351,-0.600456953,-1.335327148,0.033737365,0.301467896,0.000000000,18.063354492,0
471,1,1,0.000013351,-0.600567460,-1.301574707,0.033752624,0.301895142,0.000000000,18.088073730,0
472,1,1,0.000013351,-0.600677967,-1.267822266,0.033752624,0.302322388,0.000000000,18.113708496,0
473,1,1,0.000013351,-0.600788414,-1.234069824,0.033752624,0.302749634,0.000000000,18.139343262,0
474,1,1,0.000013351,-0.600898862,-1.200325012,0.033744991,0.303161621,0.000000000,18.164978027,0
475,1,1,0.000015259,-0.601009369,-1.166564941,0.033760250,0.303588867,0.000000000,18.189697266,0
476,1,1,0.000015259,-0.601119816,-1.132812500,0.033752624,0.304000854,0.000000000,18.215332031,0
477,1,1,0.000015259,-0.601230264,-1.099067688,0.033744991,0.304412842,0.000000000,18.240051270,0
478,1,1,0.000017166,-0.601340771,-1.065315247,0.033752624,0.304840088,0.000000000,18.265228271,0
479,1,1,0.000017166,-0.601451278,-1.031578064,0.033737365,0.305259705,0.000000000,18.290403366,0
480,1,1,0.000017166,-0.601561666,-0.997833252,0.033744991,0.305679321,0.000000000,18.315580368,0
481,1,1,0.000019073,-0.601672113,-0.964088440,0.033744991,0.306091309,0.000000000,18.340757370,0
482,1,1,0.000017166,-0.601782560,-0.930343628,0.033744991,0.306510925,0.000000000,18.365476608,0
483,1,1,0.000017166,-0.601893008,-0.896606445,0.033737365,0.306922913,0.000000000,18.390653610,0
484,1,1,0.000017166,-0.602003455,-0.862869263,0.033737365,0.307342529,0.000000000,18.415372849,0
485,1,1,0.000019073,-0.602113903,-0.829132080,0.033737365,0.307754517,0.000000000,18.440549850,0
486,1,1,0.000019073,-0.600151539,-0.795387268,0.033801824,0.308166504,0.000000000,18.465269089,0
487,1,1,0.000019073,-0.600261986,-0.761642456,0.033744991,0.308578491,0.000000000,18.489988327,0
488,1,1,0.000020981,-0.600372434,-0.727897644,0.033744991,0.308990479,0.000000000,18.514707565,0
489,1,1,0.000020981,-0.600482941,-0.694160461,0.033737365,0.309402466,0.000000000,18.539426804,0
490,1,1,0.000020981,-0.600593328,-0.660415649,0.033744991,0.309814453,0.000000000,18.564146042,0
491,1,1,0.000020981,-0.600703835,-0.626670837,0.033744991,0.310218811,0.000000000,18.588865280,0
492,1,1,0.000022888,-0.600814342,-0.592926025,0.033744991,0.310630798,0.000000000,18.613126755,0
493,1,1,0.000022888,-0.600924671,-0.559196472,0.033729732,0.311035156,0.000000000,18.637845993,0
494,1,1,0.000020981,-0.601035118,-0.525451660,0.033744991,0.311447144,0.000000000,18.662107468,0
495,1,1,0.000022888,-0.601145625,-0.491714478,0.033737365,0.311851501,0.000000000,18.686826706,0
496,1,1,0.000022888,-0.601256013,-0.457969666,0.033744991,0.312255859,0.000000000,18.711088181,0
497,1,1,0.000022888,-0.601366401,-0.424240112,0.033729732,0.312660217,0.000000000,18.735349655,0
498,1,1,0.000022888,-0.601476908,-0.390502930,0.033737365,0.313072205,0.000000000,18.759611130,0
499,1,1,0.000024796,-0.601587296,-0.356781006,0.033722106,0.313468933,0.000000000,18.784330368,0
500,1,1,0.000024796,-0.601697743,-0.323051453,0.033729732,0.313873291,0.000000000,18.808134079,0
501,1,1,0.000024796,-0.601808131,-0.289314270,0.033737365,0.314277649,0.000000000,18.832395554,0
502,1,1,0.000024796,-0.601918459,-0.255592346,0.033722106,0.314682007,0.000000000,18.856657028,0
503,1,1,0.000026703,-0.602028906,-0.221862793,0.033729732,0.315086365,0.000000000,18.880918503,0
504,1,1,0.000026703,-0.602139354,-0.188140869,0.033722106,0.315483093,0.000000000,18.905179977,0
505,1,1,0.000026703,-0.600176692,-0.154411316,0.033786606,0.315879822,0.000000000,18.928983688,0
506,1,1,0.000026703,-0.600287199,-0.120674133,0.033737365,0.316284180,0.000000000,18.952787399,0
507,1,1,0.000028610,-0.600397527,-0.086944580,0.033729732,0.316680908,0.000000000,18.977048874,0
508,1,1,0.000028610,-0.600508094,-0.053215027,0.033729732,0.317077637,0.000000000,19.000852585,0
509,1,1,0.000028610,-0.600618482,-0.019485474,0.033729732,0.317474365,0.000000000,19.024656296,0
510,1,1,0.000028610,-0.600728869,0.014244080,0.033729732,0.317871094,0.000000000,19.048460007,0
511,1,1,0.000028610,-0.600839376,0.047973633,0.033729732,0.318267822,0.000000000,19.072263718,0
512,1,1,0.000030518,-0.600949764,0.081703186,0.033729732,0.318664551,0.000000000,19.096067429,0
513,1,1,0.000030518,-0.601060212,0.115432739,0.033729732,0.319061279,0.000000000,19.119871140,0
514,1,1,0.000030518,-0.601170659,0.149162292,0.033729732,0.319458008,0.000000000,19.143674850,0
515,1,1,0.000030518,-0.601281047,0.182876587,0.033714473,0.319847107,0.000000000,19.167478561,0
516,1,1,0.000032425,-0.601391435,0.216613770,0.033737365,0.320243835,0.000000000,19.190824509,0
517,1,1,0.000032425,-0.601501942,0.250328064,0.033714473,0.320632935,0.000000000,19.214628220,0
518,1,1,0.000030518,-0.601612270,0.284042358,0.033714473,0.321022034,0.000000000,19.237974167,0
519,1,1,0.000030518,-0.601722717,0.317756653,0.033714473,0.321418762,0.000000000,19.261320114,0
520,1,1,0.000030518,-0.601833045,0.351478577,0.033722106,0.321807861,0.000000000,19.285123825,0
521,1,1,0.000032425,-0.601943493,0.385192871,0.033714473,0.322196960,0.000000000,19.308469772,0
522,1,1,0.000030518,-0.602053881,0.418907166,0.033714473,0.322586060,0.000000000,19.331815720,0
523,1,1,0.000028610,-0.602164268,0.452621460,0.033714473,0.322975159,0.000000000,19.355161667,0
524,1,1,0.000028610,-0.600201488,0.486328125,0.033763766,0.323356628,0.000000000,19.378507614,0
525,1,1,0.000026703,-0.600311995,0.520057678,0.033729732,0.323745728,0.000000000,19.401395798,0
526,1,1,0.000028610,-0.600422263,0.553779602,0.033722103,0.324134827,0.000000000,19.424741745,0
527,1,1,0.000026703,-0.600532711,0.587493896,0.033714473,0.324516296,0.000000000,19.448087692,0
528,1,1,0.000024796,-0.600643158,0.621208191,0.033714473,0.324905396,0.000000000,19.470975876,0
529,1,1,0.000024796,-0.600753546,0.654922485,0.033714473,0.325286865,0.000000000,19.494321823,0
530,1,1,0.000024796,-0.600863934,0.688652039,0.033729732,0.325675964,0.000000000,19.517210007,0
531,1,1,0.000026703,-0.600974321,0.722366333,0.033714473,0.326057434,0.000000000,19.540555954,0
532,1,1,0.000024796,-0.601084709,0.756072998,0.033706848,0.326438904,0.000000000,19.563444138,0
533,1,1,0.000022888,-0.601195097,0.789787292,0.033714473,0.326820374,0.000000000,19.586332321,0
534,1,1,0.000022888,-0.601305485,0.823501587,0.033714473,0.327201843,0.000000000,19.609220505,0
535,1,1,0.000020981,-0.601415932,0.857223511,0.033722106,0.327583313,0.000000000,19.632108688,0
536,1,1,0.000020981,-0.601526260,0.890930176,0.033706848,0.327964783,0.000000000,19.654996872,0
537,1,1,0.000022888,-0.601636648,0.924621582,0.033691589,0.328338623,0.000000000,19.677885056,0
538,1,1,0.000020981,-0.601747036,0.958328247,0.033706848,0.328720093,0.000000000,19.700315475,0
539,1,1,0.000019073,-0.601857305,0.992034912,0.033706844,0.329101563,0.000000000,19.723203659,0
540,1,1,0.000019073,-0.601967573,1.025741577,0.033706844,0.329475403,0.000000000,19.746091843,0
541,1,1,0.000019073,-0.602077961,1.059432983,0.033691589,0.329849243,0.000000000,19.768522263,0
542,1,1,0.000017166,-0.602188349,1.093139648,0.033706848,0.330230713,0.000000000,19.790952682,0
543,1,1,0.000019073,-0.600225389,1.126846313,0.033763774,0.330604553,0.000000000,19.813840866,0
544,1,1,0.000019073,-0.600335836,1.160560608,0.033714473,0.330978394,0.000000000,19.836271286,0
545,1,1,0.000017166,-0.600446165,1.194259644,0.033699214,0.331352234,0.000000000,19.858701706,0
546,1,1,0.000015259,-0.600556493,1.227966309,0.033706848,0.331726074,0.000000000,19.881132126,0
547,1,1,0.000015259,-0.600666821,1.261672974,0.033706848,0.332099915,0.000000000,19.903562546,0
548,1,1,0.000013351,-0.600777209,1.295379639,0.033706848,0.332473755,0.000000000,19.925992966,0
549,1,1,0.000013351,-0.600887537,1.329086304,0.033706848,0.332847595,0.000000000,19.948423386,0
550,1,1,0.000015259,-0.600997925,1.362785339,0.033699214,0.333213806,0.000000000,19.970853806,0
551,1,1,0.000013351,-0.601108253,1.396492004,0.033706848,0.333587646,0.000000000,19.992826462,0
552,1,1,0.000011444,-0.601218581,1.430191040,0.033699214,0.333953857,0.000000000,20.015256882,0
553,1,1,0.000011444,-0.601328969,1.463890076,0.033699214,0.334327698,0.000000000,20.037229538,0
554,1,1,0.000011444,-0.601439297,1.497596741,0.033706848,0.334693909,0.000000000,20.059659958,0
555,1,1,0.000009537,-0.601549625,1.531288147,0.033691589,0.335060120,0.000000000,20.081632614,0
556,1,1,0.000009537,-0.601659894,1.564979553,0.033691585,0.335426331,0.000000000,20.103605270,0
557,1,1,0.000009537,-0.601770282,1.598663330,0.033683956,0.335792542,0.000000000,20.125577927,0
558,1,1,0.000011444,-0.601880550,1.632362366,0.033699214,0.336158752,0.000000000,20.147550583,0
559,1,1,0.000009537,-0.601990819,1.666053772,0.033691585,0.336524963,0.000000000,20.169523239,0
560,1,1,0.000007629,-0.602101147,1.699745178,0.033691589,0.336891174,0.000000000,20.191495895,0
561,1,1,0.000007629,-0.602211475,1.733436584,0.033691589,0.337257385,0.000000000,20.213468552,0
562,1,1,0.000005722,-0.600248337,1.767127991,0.033748552,0.337623596,0.000000000,20.235441208,0
563,1,1,0.000005722,-0.600358665,1.800827026,0.033699214,0.337982178,0.000000000,20.257413864,0
564,1,1,0.000005722,-0.600468993,1.834526062,0.033699214,0.338348389,0.000000000,20.278928757,0
565,1,1,0.000003815,-0.600579262,1.868217468,0.033691585,0.338706970,0.000000000,20.300901413,0
566,1,1,0.000003815,-0.600689650,1.901908875,0.033691589,0.339073181,0.000000000,20.322416306,0
567,1,1,0.000005722,-0.600799918,1.935607910,0.033699214,0.339431763,0.000000000,20.344388962,0
568,1,1,0.000005722,-0.600910425,1.969299316,0.033691589,0.339790344,0.000000000,20.365903854,0
569,1,1,0.000003815,-0.601020575,2.002990723,0.033691585,0.340148926,0.000000000,20.387418747,0
570,1,1,0.000001907,-0.600912690,1.970008850,0.032982048,0.340507507,0.000000000,20.408933640,0
571,1,1,0.000001907,-0.600804687,1.937042236,0.032966789,0.340866089,0.000000000,20.430448532,0
572,1,1,0.000001907,-0.600696683,1.904067993,0.032974418,0.341224670,0.000000000,20.451963425,0
573,1,1,0.000000000,-0.600588799,1.871093750,0.032974418,0.341583252,0.000000000,20.473478317,0
574,1,1,0.000000000,-0.600480735,1.838111877,0.032982048,0.341941833,0.000000000,20.494993210,0
575,1,1,0.000000000,-0.600372791,1.805137634,0.032974418,0.342292786,0.000000000,20.516508102,0
576,1,1,0.000000000,-0.600264788,1.772163391,0.032974418,0.342651367,0.000000000,20.537565231,0
577,1,1,0.000000000,-0.600156903,1.739189148,0.032974418,0.343009949,0.000000000,20.559080124,0
578,1,1,0.000000000,-0.600048780,1.706199646,0.032989677,0.343360901,0.000000000,20.580595016,0
579,1,1,-0.000001907,-0.599940896,1.673225403,0.032974418,0.343711853,0.000000000,20.601652145,0
580,1,1,-0.000001907,-0.599832892,1.640251160,0.032974418,0.344070435,0.000000000,20.622709274,0
581,1,1,-0.000001907,-0.599724889,1.607269287,0.032982048,0.344421387,0.000000000,20.644224167,0
582,1,1,-0.000003815,-0.599616945,1.574279785,0.032989677,0.344772339,0.000000000,20.665281296,0
583,1,1,-0.000001907,-0.601071417,1.541297913,0.033013925,0.345123291,0.000000000,20.686338425,0
584,1,1,-0.000001907,-0.600963473,1.508316040,0.032982048,0.345474243,0.000000000,20.707395554,0
585,1,1,-0.000003815,-0.600855470,1.475334167,0.032982048,0.345825195,0.000000000,20.728452682,0
586,1,1,-0.000003815,-0.600747466,1.442352295,0.032982048,0.346176147,0.000000000,20.749509811,0
587,1,1,-0.000003815,-0.600639462,1.409362793,0.032989677,0.346519470,0.000000000,20.770566940,0
588,1,1,-0.000005722,-0.600531459,1.376380920,0.032982048,0.346870422,0.000000000,20.791166306,0
589,1,1,-0.000005722,-0.600423455,1.343399048,0.032982048,0.347221375,0.000000000,20.812223434,0
590,1,1,-0.000003815,-0.600315452,1.310409546,0.032989677,0.347564697,0.000000000,20.833280563,0
591,1,1,-0.000005722,-0.600207448,1.277427673,0.032982048,0.347915649,0.000000000,20.853879929,0
592,1,1,-0.000005722,-0.600099444,1.244438171,0.032989677,0.348258972,0.000000000,20.874937057,0
593,1,1,-0.000007629,-0.599991441,1.211448669,0.032989677,0.348602295,0.000000000,20.895536423,0
594,1,1,-0.000007629,-0.599883437,1.178459167,0.032989677,0.348945618,0.000000000,20.916135788,0
595,1,1,-0.000007629,-0.599775434,1.145477295,0.032982048,0.349296570,0.000000000,20.936735153,0
596,1,1,-0.000007629,-0.599667430,1.112487793,0.032989677,0.349639893,0.000000000,20.957792282,0
597,1,1,-0.000007629,-0.601121902,1.079505920,0.033013925,0.349983215,0.000000000,20.978391647,0
598,1,1,-0.000007629,-0.601013839,1.046508789,0.032997306,0.350326538,0.000000000,20.998991013,0
599,1,1,-0.000009537,-0.600905776,1.013511658,0.032997306,0.350662231,0.000000000,21.019590378,0
600,1,1,-0.000009537,-0.600797772,0.980522156,0.032989677,0.351005554,0.000000000,21.039731979,0
601,1,1,-0.000011444,-0.600689828,0.947540283,0.032982048,0.351348877,0.000000000,21.060331345,0
602,1,1,-0.000009537,-0.600581765,0.914535522,0.033004936,0.351684570,0.000000000,21.080930710,0
603,1,1,-0.000009537,-0.600473762,0.881546021,0.032989677,0.352027893,0.000000000,21.101072311,0
604,1,1,-0.000011444,-0.600365639,0.848556519,0.032989677,0.352363586,0.000000000,21.121671677,0
605,1,1,-0.000011444,-0.600257695,0.815567017,0.032989677,0.352706909,0.000000000,21.141813278,0
606,1,1,-0.000013351,-0.600149632,0.782562256,0.033004936,0.353042603,0.000000000,21.162412643,0
607,1,1,-0.000011444,-0.600041568,0.749565125,0.032997306,0.353378296,0.000000000,21.182554245,0
608,1,1,-0.000011444,-0.599933565,0.716583252,0.032982048,0.353721619,0.000000000,21.202695847,0
609,1,1,-0.000013351,-0.599825561,0.683586121,0.032997306,0.354057312,0.000000000,21.223295212,0
610,1,1,-0.000013351,-0.599717498,0.650581360,0.033004936,0.354393005,0.000000000,21.243436813,0
611,1,1,-0.000015259,-0.599609494,0.617584229,0.032997306,0.354728699,0.000000000,21.263578415,0
612,1,1,-0.000013351,-0.601063907,0.584579468,0.033036791,0.355056763,0.000000000,21.283720016,0
613,1,1,-0.000013351,-0.600955844,0.551582336,0.032997306,0.355392456,0.000000000,21.303403854,0
614,1,1,-0.000015259,-0.600847840,0.518577576,0.033004936,0.355728149,0.000000000,21.323545456,0
615,1,1,-0.000015259,-0.600739777,0.485588074,0.032989677,0.356063843,0.000000000,21.343687057,0
616,1,1,-0.000015259,-0.600631714,0.452583313,0.033004936,0.356391907,0.000000000,21.363828659,0
617,1,1,-0.000015259,-0.600523591,0.419586182,0.032997306,0.356727600,0.000000000,21.383512497,0
618,1,1,-0.000017166,-0.600415587,0.386573792,0.033012565,0.357055664,0.000000000,21.403654099,0
619,1,1,-0.000017166,-0.600307584,0.353584290,0.032989677,0.357391357,0.000000000,21.423337936,0
620,1,1,-0.000017166,-0.600199521,0.320579529,0.033004936,0.357719421,0.000000000,21.443479538,0
621,1,1,-0.000017166,-0.600091457,0.287574768,0.033004936,0.358047485,0.000000000,21.463163376,0
622,1,1,-0.000017166,-0.599983335,0.254570007,0.033004936,0.358375549,0.000000000,21.482847214,0
623,1,1,-0.000019073,-0.599875271,0.221565247,0.033004936,0.358703613,0.000000000,21.502531052,0
624,1,1,-0.000019073,-0.599767208,0.188560486,0.033004936,0.359031677,0.000000000,21.522214890,0
625,1,1,-0.000019073,-0.599659145,0.155548096,0.033012565,0.359359741,0.000000000,21.541898727,0
626,1,1,-0.000019073,-0.601113558,0.122543335,0.033036791,0.359687805,0.000000000,21.561582565,0
627,1,1,-0.000019073,-0.601005554,0.089538574,0.033004936,0.360015869,0.000000000,21.581266403,0
628,1,1,-0.000020981,-0.600897431,0.056533813,0.033004936,0.360343933,0.000000000,21.600950241,0
629,1,1,-0.000020981,-0.600789309,0.023521423,0.033012565,0.360664368,0.000000000,21.620634079,0
630,1,1,-0.000020981,-0.600681305,-0.009483337,0.033004936,0.360992432,0.000000000,21.639860153,0
631,1,1,-0.000020981,-0.600573242,-0.042495728,0.033012565,0.361312866,0.000000000,21.659543991,0
632,1,1,-0.000022888,-0.600465178,-0.075500488,0.033004936,0.361640930,0.000000000,21.678770065,0
633,1,1,-0.000022888,-0.600357056,-0.108512878,0.033012565,0.361961365,0.000000000,21.698453903,0
634,1,1,-0.000022888,-0.600248992,-0.141525269,0.033012565,0.362281799,0.000000000,21.717679977,0
635,1,1,-0.000022888,-0.600140989,-0.174530029,0.033004936,0.362609863,0.000000000,21.736906052,0
636,1,1,-0.000024796,-0.600032806,-0.207534790,0.033004940,0.362930298,0.000000000,21.756589890,0
637,1,1,-0.000024796,-0.599924743,-0.240554810,0.033020195,0.363250732,0.000000000,21.775815964,0
638,1,1,-0.000022888,-0.599816620,-0.273567200,0.033012565,0.363571167,0.000000000,21.795042038,0
639,1,1,-0.000024796,-0.599708557,-0.306579590,0.033012565,0.363891602,0.000000000,21.814268112,0
640,1,1,-0.000024796,-0.601162910,-0.339584351,0.033036787,0.364212036,0.000000000,21.833494186,0
641,1,1,-0.000024796,-0.601054847,-0.372612000,0.033027824,0.364524841,0.000000000,21.852720261,0
642,1,1,-0.000024796,-0.600946784,-0.405624390,0.033012565,0.364845276,0.000000000,21.871488571,0
643,1,1,-0.000026703,-0.600838661,-0.438629150,0.033004936,0.365165710,0.000000000,21.890714645,0
644,1,1,-0.000026703,-0.600730538,-0.471649170,0.033020195,0.365478516,0.000000000,21.909940720,0
645,1,1,-0.000026703,-0.600622416,-0.504669189,0.033020195,0.365798950,0.000000000,21.928709030,0
646,1,1,-0.000026703,-0.600514352,-0.537689209,0.033020195,0.366111755,0.000000000,21.947935104,0
647,1,1,-0.000028610,-0.600406289,-0.570693970,0.033004936,0.366432190,0.000000000,21.966703415,0
648,1,1,-0.000028610,-0.600298166,-0.603721619,0.033027824,0.366744995,0.000000000,21.985929489,0
649,1,1,-0.000028610,-0.600190043,-0.636741638,0.033020195,0.367057800,0.000000000,22.004697800,0
650,1,1,-0.000028610,-0.600081921,-0.669754028,0.033012565,0.367370605,0.000000000,22.023466110,0
651,1,1,-0.000030518,-0.599973857,-0.702766418,0.033012565,0.367691040,0.000000000,22.042234421,0
652,1,1,-0.000028610,-0.599865675,-0.735794067,0.033027828,0.368003845,0.000000000,22.061460495,0
653,1,1,-0.000030518,-0.599757612,-0.768814087,0.033020195,0.368316650,0.000000000,22.080228806,0
654,1,1,-0.000030518,-0.599649489,-0.801826477,0.033012565,0.368629456,0.000000000,22.098997116,0
655,1,1,-0.000032425,-0.601103783,-0.834861755,0.033067271,0.368934631,0.000000000,22.117765427,0
656,1,1,-0.000030518,-0.600995719,-0.867889404,0.033027824,0.369247437,0.000000000,22.136075974,0
657,1,1,-0.000032425,-0.600887597,-0.900901794,0.033012565,0.369560242,0.000000000,22.154844284,0
658,1,1,-0.000032425,-0.600779414,-0.933929443,0.033027828,0.369865417,0.000000000,22.173612595,0
659,1,1,-0.000032425,-0.600671351,-0.966949463,0.033020195,0.370178223,0.000000000,22.191923141,0
660,1,1,-0.000030518,-0.600563109,-0.999977112,0.033027828,0.370491028,0.000000000,22.210691452,0
661,1,1,-0.000032425,-0.600455046,-1.032997131,0.033020195,0.370796204,0.000000000,22.229459763,0
662,1,1,-0.000030518,-0.600346923,-1.066024780,0.033027824,0.371101379,0.000000000,22.247770309,0
663,1,1,-0.000030518,-0.600238800,-1.099040985,0.033016380,0.371414185,0.000000000,22.266080856,0
664,1,1,-0.000028610,-0.600130677,-1.132076263,0.033035453,0.371719360,0.000000000,22.284849167,0
665,1,1,-0.000028610,-0.600022554,-1.165096283,0.033020195,0.372028351,0.000000000,22.303159714,0
666,1,1,-0.000026703,-0.599914432,-1.198127747,0.033031639,0.372329712,0.000000000,22.321470261,0
667,1,1,-0.000028610,-0.599806309,-1.231151581,0.033024009,0.372634888,0.000000000,22.339780807,0
668,1,1,-0.000026703,-0.599698067,-1.264183044,0.033031642,0.372940063,0.000000000,22.358091354,0
669,1,1,-0.000026703,-0.601152480,-1.297210693,0.033059657,0.373245239,0.000000000,22.376401901,0
670,1,1,-0.000024796,-0.601044893,-1.330242157,0.033031639,0.373550415,0.000000000,22.394712448,0
671,1,1,-0.000024796,-0.600936174,-1.363277435,0.033035457,0.373851776,0.000000000,22.413022995,0
672,1,1,-0.000024796,-0.600828052,-1.396312714,0.033035453,0.374153137,0.000000000,22.431104660,0
673,1,1,-0.000024796,-0.600719869,-1.429344177,0.033031642,0.374458313,0.000000000,22.449186325,0
674,1,1,-0.000024796,-0.600611746,-1.462379456,0.033035453,0.374759674,0.000000000,22.467496872,0
675,1,1,-0.000022888,-0.600503623,-1.495407104,0.033027824,0.375061035,0.000000000,22.485578537,0
676,1,1,-0.000024796,-0.600395501,-1.528442383,0.033035453,0.375362396,0.000000000,22.503660202,0
677,1,1,-0.000022888,-0.600287318,-1.561477661,0.033035457,0.375659943,0.000000000,22.521741867,0
678,1,1,-0.000022888,-0.600179195,-1.594509125,0.033031639,0.375961304,0.000000000,22.539594650,0
679,1,1,-0.000020981,-0.600071073,-1.627544403,0.033035453,0.376258850,0.000000000,22.557676315,0
680,1,1,-0.000020981,-0.599962890,-1.660572052,0.033027828,0.376560211,0.000000000,22.575529099,0
681,1,1,-0.000019073,-0.599854767,-1.693611145,0.033039268,0.376857758,0.000000000,22.593610764,0
682,1,1,-0.000020981,-0.599746585,-1.726642609,0.033031642,0.377155304,0.000000000,22.611463547,0
683,1,1,-0.000019073,-0.601200938,-1.759689331,0.033078708,0.377452850,0.000000000,22.629316330,0
684,1,1,-0.000019073,-0.601092756,-1.792724609,0.033035457,0.377750397,0.000000000,22.647169113,0
685,1,1,-0.000019073,-0.600984633,-1.825767517,0.033043083,0.378047943,0.000000000,22.665021896,0
686,1,1,-0.000017166,-0.600876391,-1.858806610,0.033039272,0.378341675,0.000000000,22.682874680,0
687,1,1,-0.000017166,-0.600768328,-1.891845703,0.033039268,0.378639221,0.000000000,22.700498581,0
688,1,1,-0.000015259,-0.600660086,-1.924888611,0.033043087,0.378932953,0.000000000,22.718351364,0
689,1,1,-0.000015259,-0.600551963,-1.957927704,0.033039268,0.379226685,0.000000000,22.735975266,0
690,1,1,-0.000015259,-0.600443721,-1.990970612,0.033043087,0.379520416,0.000000000,22.753599167,0
691,1,1,-0.000015259,-0.600335598,-2.024005890,0.033035453,0.379814148,0.000000000,22.771223068,0
692,1,1,-0.000013351,-0.600227475,-2.057044983,0.033039268,0.380107880,0.000000000,22.788846970,0
693,1,1,-0.000015259,-0.600119233,-2.090087891,0.033043087,0.380397797,0.000000000,22.806470871,0
694,1,1,-0.000015259,-0.600011110,-2.123126984,0.033039268,0.380691528,0.000000000,22.823865891,0
695,1,1,-0.000011444,-0.599902928,-2.156169891,0.033043087,0.380981445,0.000000000,22.841489792,0
696,1,1,-0.000013351,-0.599794745,-2.189208984,0.033039272,0.381275177,0.000000000,22.858884811,0
697,1,1,-0.000011444,-0.599686563,-2.222248077,0.033039272,0.381565094,0.000000000,22.876508713,0
698,1,1,-0.000011444,-0.601140857,-2.255298615,0.033082515,0.381855011,0.000000000,22.893903732,0
699,1,1,-0.000011444,-0.601032734,-2.288345337,0.033046898,0.382144928,0.000000000,22.911298752,0
700,1,1,-0.000009537,-0.600924492,-2.321395874,0.033050716,0.382431030,0.000000000,22.928693771,0
701,1,1,-0.000009537,-0.600816250,-2.354442596,0.033046901,0.382720947,0.000000000,22.945859909,0
702,1,1,-0.000007629,-0.600708067,-2.387485504,0.033043087,0.383010864,0.000000000,22.963254929,0
703,1,1,-0.000007629,-0.600599885,-2.420536041,0.033050716,0.383296967,0.000000000,22.980649948,0
704,1,1,-0.000007629,-0.600491762,-2.453578949,0.033043083,0.383583069,0.000000000,22.997816086,0
705,1,1,-0.000007629,-0.600383520,-2.486629486,0.033050716,0.383869171,0.000000000,23.014982224,0
706,1,1,-0.000007629,-0.600275338,-2.519672394,0.033043087,0.384155273,0.000000000,23.032148361,0
707,1,1,-0.000005722,-0.600167155,-2.552719116,0.033046901,0.384441376,0.000000000,23.049314499,0
708,1,1,-0.000005722,-0.600058913,-2.585765839,0.033046901,0.384727478,0.000000000,23.066480637,0
709,1,1,-0.000003815,-0.599950790,-2.618812561,0.033046898,0.385013580,0.000000000,23.083646774,0
710,1,1,-0.000003815,-0.599842548,-2.651866913,0.033054531,0.385295868,0.000000000,23.100812912,0
711,1,1,-0.000005722,-0.599734366,-2.684913635,0.033046901,0.385578156,0.000000000,23.117750168,0
712,1,1,-0.000003815,-0.601188660,-2.717964172,0.033082515,0.385864258,0.000000000,23.134687424,0
713,1,1,-0.000001907,-0.601298749,-2.684352875,0.033611476,0.386146545,0.000000000,23.151853561,0
714,1,1,-0.000003815,-0.601408720,-2.650741577,0.033611476,0.386428833,0.000000000,23.168790817,0
715,1,1,-0.000001907,-0.601518810,-2.617130280,0.033611476,0.386711121,0.000000000,23.185728073,0
716,1,1,-0.000001907,-0.601628840,-2.583518982,0.033611476,0.386993408,0.000000000,23.202665329,0
717,1,1,-0.000001907,-0.601738870,-2.549911499,0.033607662,0.387271881,0.000000000,23.219602585,0
718,1,1,0.000000000,-0.601848900,-2.516300201,0.033611476,0.387554169,0.000000000,23.236310959,0
719,1,1,-0.000001907,-0.601958930,-2.482696533,0.033603847,0.387832642,0.000000000,23.253248215,0
720,1,1,0.000000000,-0.602068961,-2.449085236,0.033611476,0.388111115,0.000000000,23.269956589,0
721,1,1,0.000000000,-0.602178991,-2.415477753,0.033607662,0.388393402,0.000000000,23.286664963,0
722,1,1,0.000000000,-0.602289021,-2.381870270,0.033607662,0.388671875,0.000000000,23.303602219,0
723,1,1,0.000001907,-0.602398992,-2.348270416,0.033600032,0.388950348,0.000000000,23.320310593,0
724,1,1,0.000000000,-0.600417435,-2.314662933,0.033665851,0.389225006,0.000000000,23.337018967,0
725,1,1,0.000001907,-0.600527406,-2.281055450,0.033607662,0.389503479,0.000000000,23.353498459,0
726,1,1,0.000001907,-0.600637555,-2.247440338,0.033615291,0.389781952,0.000000000,23.370206833,0
727,1,1,0.000003815,-0.600747585,-2.213836670,0.033603847,0.390056610,0.000000000,23.386915207,0
728,1,1,0.000003815,-0.600857556,-2.180229187,0.033607662,0.390331268,0.000000000,23.403394699,0
729,1,1,0.000001907,-0.600967526,-2.146621704,0.033607662,0.390605927,0.000000000,23.419874191,0
730,1,1,0.000003815,-0.601077616,-2.113010406,0.033611476,0.390884399,0.000000000,23.436353683,0
731,1,1,0.000003815,-0.601187587,-2.079410553,0.033600032,0.391155243,0.000000000,23.453062057,0
732,1,1,0.000005722,-0.601297617,-2.045806885,0.033603847,0.391429901,0.000000000,23.469312668,0
733,1,1,0.000003815,-0.601407647,-2.012203217,0.033603847,0.391704559,0.000000000,23.485792160,0
734,1,1,0.000005722,-0.601517618,-1.978599548,0.033603847,0.391979218,0.000000000,23.502271652,0
735,1,1,0.000005722,-0.601627648,-1.945003510,0.033596218,0.392250061,0.000000000,23.518751144,0
736,1,1,0.000005722,-0.601737678,-1.911399841,0.033603847,0.392520905,0.000000000,23.535001755,0
737,1,1,0.000005722,-0.601847649,-1.877799988,0.033600032,0.392795563,0.000000000,23.551252365,0
738,1,1,0.000005722,-0.601957679,-1.844196320,0.033603847,0.393066406,0.000000000,23.567731857,0
739,1,1,0.000007629,-0.602067709,-1.810600281,0.033596218,0.393337250,0.000000000,23.583982468,0
740,1,1,0.000007629,-0.602177620,-1.776996613,0.033603847,0.393608093,0.000000000,23.600233078,0
741,1,1,0.000009537,-0.602287650,-1.743408203,0.033588588,0.393875122,0.000000000,23.616483688,0
742,1,1,0.000007629,-0.602397680,-1.709812164,0.033596218,0.394145966,0.000000000,23.632505417,0
743,1,1,0.000009537,-0.600434065,-1.676208496,0.033660989,0.394416809,0.000000000,23.648756027,0
744,1,1,0.000009537,-0.600544155,-1.642608643,0.033600032,0.394683838,0.000000000,23.665006638,0
745,1,1,0.000009537,-0.600654125,-1.609006882,0.033601940,0.394950867,0.000000000,23.681028366,0
746,1,1,0.000009537,-0.600764096,-1.575408936,0.033598125,0.395217896,0.000000000,23.697050095,0
747,1,1,0.000009537,-0.600874126,-1.541809082,0.033600032,0.395484924,0.000000000,23.713071823,0
748,1,1,0.000011444,-0.600984097,-1.508213043,0.033596218,0.395751953,0.000000000,23.729093552,0
749,1,1,0.000011444,-0.601094127,-1.474615097,0.033598125,0.396018982,0.000000000,23.745115280,0
750,1,1,0.000011444,-0.601204157,-1.441017151,0.033598125,0.396286011,0.000000000,23.761137009,0
751,1,1,0.000011444,-0.601314127,-1.407421112,0.033596218,0.396551132,0.000000000,23.777158737,0
752,1,1,0.000013351,-0.601424098,-1.373826981,0.033594310,0.396816254,0.000000000,23.793066025,0
753,1,1,0.000013351,-0.601534069,-1.340234756,0.033592403,0.397081375,0.000000000,23.808973312,0
754,1,1,0.000013351,-0.601644039,-1.306642532,0.033592403,0.397344589,0.000000000,23.824880600,0
755,1,1,0.000013351,-0.601753950,-1.273050308,0.033592403,0.397607803,0.000000000,23.840673447,0
756,1,1,0.000015259,-0.601863980,-1.239456177,0.033594310,0.397871017,0.000000000,23.856466293,0
757,1,1,0.000015259,-0.601973891,-1.205863953,0.033592403,0.398134232,0.000000000,23.872259140,0
758,1,1,0.000013351,-0.602083921,-1.172273636,0.033590496,0.398397446,0.000000000,23.888051987,0
759,1,1,0.000015259,-0.602193952,-1.138685226,0.033588588,0.398658752,0.000000000,23.903844833,0
760,1,1,0.000015259,-0.602303863,-1.105098724,0.033586685,0.398920059,0.000000000,23.919523239,0
761,1,1,0.000015259,-0.602413833,-1.071510315,0.033588588,0.399181366,0.000000000,23.935201645,0
762,1,1,0.000015259,-0.600450695,-1.037914276,0.033653345,0.399442673,0.000000000,23.950880051,0
763,1,1,0.000017166,-0.600560606,-1.004322052,0.033592403,0.399702072,0.000000000,23.966558456,0
764,1,1,0.000017166,-0.600670636,-0.970729828,0.033592403,0.399961472,0.000000000,23.982122421,0
765,1,1,0.000017166,-0.600780606,-0.937137604,0.033592403,0.400220871,0.000000000,23.997686386,0
766,1,1,0.000017166,-0.600890577,-0.903547287,0.033590496,0.400480270,0.000000000,24.013250351,0
767,1,1,0.000019073,-0.601000547,-0.869960785,0.033586685,0.400737762,0.000000000,24.028814316,0
768,1,1,0.000017166,-0.601110518,-0.836370468,0.033590496,0.400997162,0.000000000,24.044263840,0
769,1,1,0.000019073,-0.601220489,-0.802782059,0.033588588,0.401254654,0.000000000,24.059827805,0
770,1,1,0.000019073,-0.601330400,-0.769193649,0.033588588,0.401512146,0.000000000,24.075277328,0
771,1,1,0.000020981,-0.601440430,-0.735609055,0.033584774,0.401767731,0.000000000,24.090726852,0
772,1,1,0.000019073,-0.601550341,-0.702024460,0.033584774,0.402023315,0.000000000,24.106061935,0
773,1,1,0.000020981,-0.601660311,-0.668439865,0.033584774,0.402280807,0.000000000,24.121397018,0
774,1,1,0.000019073,-0.601770222,-0.634853363,0.033586685,0.402536392,0.000000000,24.136846542,0
775,1,1,0.000019073,-0.601880193,-0.601270676,0.033582870,0.402790070,0.000000000,24.152181625,0
776,1,1,0.000019073,-0.601990104,-0.567686081,0.033584774,0.403045654,0.000000000,24.167402267,0
777,1,1,0.000020981,-0.602100074,-0.534105301,0.033580959,0.403299332,0.000000000,24.182737350,0
778,1,1,0.000020981,-0.602209985,-0.500524521,0.033580959,0.403553009,0.000000000,24.197957993,0
779,1,1,0.000020981,-0.602319956,-0.466943741,0.033580959,0.403806686,0.000000000,24.213178635,0
780,1,1,0.000020981,-0.602429867,-0.433364868,0.033579051,0.404060364,0.000000000,24.228399277,0
781,1,1,0.000022888,-0.600466490,-0.399780273,0.033641934,0.404312134,0.000000000,24.243619919,0
782,1,1,0.000020981,-0.600576460,-0.366195679,0.033584774,0.404563904,0.000000000,24.258726120,0
783,1,1,0.000022888,-0.600686431,-0.332611084,0.033584774,0.404815674,0.000000000,24.273832321,0
784,1,1,0.000022888,-0.600796402,-0.299026489,0.033584774,0.405067444,0.000000000,24.288938522,0
785,1,1,0.000022888,-0.600906312,-0.265445709,0.033580959,0.405317307,0.000000000,24.304044724,0
786,1,1,0.000022888,-0.601016223,-0.231866837,0.033579051,0.405567169,0.000000000,24.319036484,0
787,1,1,0.000024796,-0.601126194,-0.198284149,0.033582870,0.405818939,0.000000000,24.334028244,0
788,1,1,0.000024796,-0.601236105,-0.164703369,0.033580959,0.406066895,0.000000000,24.349134445,0
789,1,1,0.000024796,-0.601346076,-0.131123543,0.033580005,0.406316757,0.000000000,24.364011765,0
790,1,1,0.000026703,-0.601455986,-0.097545624,0.033578102,0.406565666,0.000000000,24.379003525,0
791,1,1,0.000026703,-0.601565897,-0.063967705,0.033578102,0.406813622,0.000000000,24.393938065,0
792,1,1,0.000026703,-0.601675808,-0.030390739,0.033577144,0.407061577,0.000000000,24.408815384,0
793,1,1,0.000026703,-0.601785779,0.003186226,0.033577144,0.407309532,0.000000000,24.423692703,0
794,1,1,0.000028610,-0.601895690,0.036761284,0.033575237,0.407556534,0.000000000,24.438570023,0
795,1,1,0.000026703,-0.602005601,0.070335388,0.033574283,0.407802582,0.000000000,24.453390121,0
796,1,1,0.000028610,-0.602115452,0.103908539,0.033573329,0.408048630,0.000000000,24.468153000,0
797,1,1,0.000028610,-0.602225423,0.137481689,0.033573329,0.408294678,0.000000000,24.482915878,0
798,1,1,0.000028610,-0.602335334,0.171054840,0.033573329,0.408540726,0.000000000,24.497678757,0
799,1,1,0.000028610,-0.602445245,0.204627037,0.033572376,0.408785820,0.000000000,24.512441635,0
800,1,1,0.000030518,-0.600481927,0.238204002,0.033634316,0.409029961,0.000000000,24.527147293,0
801,1,1,0.000028610,-0.600591898,0.271780968,0.033577144,0.409274101,0.000000000,24.541795731,0
802,1,1,0.000030518,-0.600701809,0.305356026,0.033575237,0.409518242,0.000000000,24.556444168,0
803,1,1,0.000030518,-0.600811720,0.338931084,0.033575237,0.409761429,0.000000000,24.571092606,0
804,1,1,0.000028610,-0.600921631,0.372506142,0.033575237,0.410004616,0.000000000,24.585683823,0
805,1,1,0.000030518,-0.601031542,0.406078339,0.033572376,0.410246849,0.000000000,24.600275040,0
806,1,1,0.000028610,-0.601141453,0.439652443,0.033574283,0.410489082,0.000000000,24.614809036,0
807,1,1,0.000026703,-0.601251364,0.473224640,0.033572376,0.410731316,0.000000000,24.629343033,0
808,1,1,0.000026703,-0.601361275,0.506794453,0.033569992,0.410971642,0.000000000,24.643877029,0
809,1,1,0.000026703,-0.601471186,0.540365219,0.033570945,0.411213398,0.000000000,24.658325195,0
810,1,1,0.000024796,-0.601581097,0.573935509,0.033570468,0.411453724,0.000000000,24.672801971,0
811,1,1,0.000026703,-0.601691008,0.607504368,0.033569038,0.411694050,0.000000000,24.687221527,0
812,1,1,0.000024796,-0.601800919,0.641072750,0.033568561,0.411933899,0.000000000,24.701641083,0
813,1,1,0.000024796,-0.601910770,0.674640656,0.033568084,0.412173271,0.000000000,24.716032028,0
814,1,1,0.000024796,-0.602020621,0.708207607,0.033567131,0.412412167,0.000000000,24.730394363,0
815,1,1,0.000022888,-0.602130592,0.741773129,0.033565700,0.412650585,0.000000000,24.744728088,0
816,1,1,0.000022888,-0.602240443,0.775339127,0.033566177,0.412889004,0.000000000,24.759033203,0
817,1,1,0.000022888,-0.602350354,0.808903217,0.033564270,0.413126469,0.000000000,24.773338318,0
818,1,1,0.000020981,-0.602460206,0.842467785,0.033564746,0.413364172,0.000000000,24.787586212,0
819,1,1,0.000020981,-0.600496888,0.876037359,0.033626940,0.413600922,0.000000000,24.801834106,0
820,1,1,0.000020981,-0.600606799,0.909606218,0.033569038,0.413837433,0.000000000,24.816053391,0
821,1,1,0.000019073,-0.600716710,0.943174601,0.033568561,0.414073706,0.000000000,24.830244064,0
822,1,1,0.000019073,-0.600826621,0.976742029,0.033567607,0.414309502,0.000000000,24.844421387,0
823,1,1,0.000019073,-0.600936472,1.010309100,0.033567254,0.414544940,0.000000000,24.858568192,0
824,1,1,0.000017166,-0.601046324,1.043875456,0.033566535,0.414779902,0.000000000,24.872695923,0
825,1,1,0.000019073,-0.601156235,1.077440619,0.033565342,0.415014505,0.000000000,24.886793137,0
826,1,1,0.000146866,-0.605000257,1.091205597,0.014292216,0.389538735,0.000000000,24.900873184,0
827,1,1,0.000093460,-0.601250291,1.124537230,0.033541955,0.389777154,0.000000000,23.730804443,0
828,1,1,0.000045776,-0.598590076,1.157837391,0.033406284,0.389757842,0.000000000,23.735528946,0
829,1,1,0.000003815,-0.597395658,1.191201448,0.033385456,0.389753968,0.000000000,23.738119125,0
830,1,1,-0.000032425,-0.594523072,1.224564672,0.033486679,0.389765054,0.000000000,23.741722107,0
831,1,1,-0.000062943,-0.591455936,1.257933617,0.033509620,0.389789283,0.000000000,23.746355057,0
832,1,1,-0.000093460,-0.589370131,1.291378260,0.033509634,0.389825195,0.000000000,23.751995087,0
833,1,1,-0.000112534,-0.585931003,1.324809432,0.033607606,0.389869571,0.000000000,23.758594513,0
834,1,1,-0.000135422,-0.582261443,1.358229756,0.033621188,0.389921367,0.000000000,23.766059875,0
835,1,1,-0.000143051,-0.578377128,1.391627073,0.033622444,0.389976829,0.000000000,23.774351120,0
836,1,1,-0.000156403,-0.575443566,1.425118685,0.033619847,0.390035540,0.000000000,23.783365250,0
837,1,1,-0.000064850,-0.573144019,1.457842588,0.032804728,0.389743775,0.000000000,23.793054581,0
838,1,1,-0.000219345,-0.571843207,1.490083933,0.032267947,0.389140308,0.000000000,23.751649857,0
839,1,1,-0.000209808,-0.569072604,1.523226738,0.033258408,0.388771176,0.000000000,23.679162979,0
840,1,1,-0.000202179,-0.565067947,1.556368351,0.033382688,0.388435930,0.000000000,23.666110992,0
841,1,1,-0.000209808,-0.567636013,1.589739323,0.033469640,0.389199525,0.000000000,23.655757904,0
842,1,1,-0.000211716,-0.570768356,1.623085976,0.033493444,0.389939249,0.000000000,23.627172470,0
843,1,1,-0.000200272,-0.574308872,1.656409264,0.033510849,0.390633881,0.000000000,23.602352142,0
844,1,1,-0.000308990,-0.579262674,1.689447880,0.033408113,0.391083151,0.000000000,23.581684113,0
845,1,1,-0.000226974,-0.587546706,1.721401215,0.033009809,0.390777498,0.000000000,23.543725967,0
846,1,1,-0.000150681,-0.590903699,1.754776478,0.033543754,0.391069263,0.000000000,23.435035706,0
847,1,1,-0.000085831,-0.593725801,1.788046360,0.033389423,0.391280681,0.000000000,23.428194046,0
848,1,1,-0.000028610,-0.597184360,1.821477890,0.033610001,0.391413599,0.000000000,23.422979355,0
849,1,1,0.000020981,-0.600153506,1.854909420,0.033563156,0.391472071,0.000000000,23.418687820,0
850,1,1,0.000061035,-0.602674723,1.888341427,0.033526961,0.391463190,0.000000000,23.414768219,0
851,1,1,0.000093460,-0.603634715,1.921605110,0.033277549,0.391396403,0.000000000,23.410820007,0
852,1,1,0.000118256,-0.605400205,1.955045700,0.033487171,0.391276926,0.000000000,23.406484604,0
853,1,1,0.000133514,-0.605984688,1.922311783,0.032739136,0.391117811,0.000000000,23.401454926,0
854,1,1,0.000139236,-0.606459141,1.889539719,0.032775499,0.391390353,0.000000000,23.395751953,0
855,1,1,0.000148773,-0.606836796,1.856748581,0.032793313,0.391614586,0.000000000,23.388397217,0
856,1,1,0.000154495,-0.607145429,1.823932648,0.032817386,0.391798496,0.000000000,23.381132126,0
857,1,1,0.000160217,-0.607329726,1.790635109,0.033298049,0.391449630,0.000000000,23.374021530,0
858,1,1,0.000173569,-0.607497811,1.757312775,0.033322759,0.391090095,0.000000000,23.339733124,0
859,1,1,0.000179291,-0.607683778,1.723964691,0.033348601,0.390725821,0.000000000,23.306118011,0
860,1,1,0.000185013,-0.607916832,1.690591812,0.033373695,0.390367061,0.000000000,23.273170471,0
861,1,1,0.000188828,-0.608996987,1.657185555,0.033423714,0.390018702,0.000000000,23.241052628,0
862,1,1,0.000196457,-0.608642101,1.623764992,0.033422448,0.389684826,0.000000000,23.209817886,0
863,1,1,0.000198364,-0.610181451,1.590303421,0.033496961,0.389370561,0.000000000,23.179498672,0
864,1,1,0.000200272,-0.610684156,1.556823730,0.033483464,0.389077693,0.000000000,23.150056839,0
865,1,1,0.000202179,-0.610926509,1.523319244,0.033505362,0.388807505,0.000000000,23.121578217,0
866,1,1,0.000204086,-0.611969709,1.489786148,0.033549320,0.388561755,0.000000000,23.093950272,0
867,1,1,0.000202179,-0.612837195,1.456232071,0.033565290,0.388339132,0.000000000,23.067192078,0
868,1,1,0.000207901,-0.613727093,1.422818184,0.033425737,0.387948006,0.000000000,23.041257858,0
869,1,1,0.000209808,-0.612809658,1.389299393,0.033531345,0.387576312,0.000000000,23.016670227,0
870,1,1,0.000205994,-0.613173723,1.355387688,0.033913661,0.386742473,0.000000000,22.993240356,0
871,1,1,0.000205994,-0.613286257,1.321462631,0.033925243,0.385927528,0.000000000,22.943275452,0
872,1,1,0.000204086,-0.613147020,1.287525177,0.033937741,0.385134459,0.000000000,22.894580841,0
873,1,1,0.000200272,-0.613928556,1.253614426,0.033919755,0.384363234,0.000000000,22.847051620,0
874,1,1,0.000200272,-0.613286495,1.219675064,0.033945434,0.383611977,0.000000000,22.800804138,0
875,1,1,0.000202179,-0.613566875,1.185747147,0.033929076,0.382880718,0.000000000,22.755842209,0
876,1,1,0.000198364,-0.613596439,1.151819229,0.033927929,0.382171363,0.000000000,22.712051392,0
877,1,1,0.000198364,-0.613376617,1.117889404,0.033930536,0.381482005,0.000000000,22.669437408,0
878,1,1,0.000196457,-0.612907171,1.083963394,0.033929259,0.380814552,0.000000000,22.628114700,0
879,1,1,0.000198364,-0.612190247,1.050048828,0.033922143,0.380165219,0.000000000,22.588083267,0
880,1,1,0.000194550,-0.612395525,1.016113281,0.033936169,0.379541636,0.000000000,22.549234390,0
881,1,1,0.000194550,-0.612353325,0.982185364,0.033927944,0.378934234,0.000000000,22.511682510,0
882,1,1,0.000192642,-0.612063885,0.948266983,0.033919618,0.378348738,0.000000000,22.475313187,0
883,1,1,0.000194550,-0.611528873,0.914361954,0.033909250,0.377785146,0.000000000,22.440244675,0
884,1,1,0.000194550,-0.610747814,0.880475998,0.033894956,0.377241522,0.000000000,22.406358719,0
885,1,1,0.000188828,-0.610890150,0.846532822,0.033943474,0.376719773,0.000000000,22.373773575,0
886,1,1,0.000186920,-0.610789061,0.812610626,0.033922348,0.376217961,0.000000000,22.342489243,0
887,1,1,0.000185013,-0.610442638,0.778701782,0.033910614,0.375736088,0.000000000,22.312389374,0
888,1,1,0.000185013,-0.609855175,0.744823456,0.033883419,0.375275999,0.000000000,22.283477783,0
889,1,1,0.000183105,-0.609025002,0.710966110,0.033867523,0.374835789,0.000000000,22.255865097,0
890,1,1,0.000181198,-0.609118462,0.677024841,0.033941396,0.374417335,0.000000000,22.229547501,0
891,1,1,0.000181198,-0.607807636,0.643236160,0.033814099,0.374020547,0.000000000,22.204420090,0
892,1,1,0.000181198,-0.607420444,0.609346390,0.033891983,0.373641610,0.000000000,22.180585861,0
893,1,1,0.000183105,-0.606795311,0.575492859,0.033859301,0.373284340,0.000000000,22.157932281,0
894,1,1,0.000179291,-0.605931282,0.541669846,0.033834048,0.372946769,0.000000000,22.136577606,0
895,1,1,0.000183105,-0.604830742,0.507888794,0.033798974,0.372630686,0.000000000,22.116395950,0
896,1,1,0.000179291,-0.605813503,0.473808289,0.034094669,0.372334182,0.000000000,22.097501755,0
897,1,1,0.000181198,-0.604243279,0.440111160,0.033733692,0.372059107,0.000000000,22.079784393,0
898,1,1,0.000177383,-0.604752541,0.406089783,0.034025189,0.371803492,0.000000000,22.063348770,0
899,1,1,0.000181198,-0.602718353,0.372495651,0.033655662,0.371567309,0.000000000,22.048086166,0
900,1,1,0.000177383,-0.602760792,0.338550568,0.033945110,0.371354222,0.000000000,22.034099579,0
901,1,1,0.000225067,-0.638374329,0.237020493,0.107594989,0.289153755,0.000000000,22.021383286,0
902,1,1,0.000219345,-0.626007557,0.203887939,0.035365280,0.290833443,0.000000000,18.152011871,0
903,1,1,0.000211716,-0.617938042,0.169797897,0.035032101,0.290779859,0.000000000,18.129665375,0
904,1,1,0.000230789,-0.610223293,0.135686874,0.034972552,0.290234536,0.000000000,18.076889038,0
905,1,1,0.000257492,-0.604814529,0.102230072,0.033891194,0.290106714,0.000000000,18.027763367,0
906,1,1,0.000265121,-0.598957062,0.068607330,0.034129146,0.289501041,0.000000000,18.024770737,0
907,1,1,0.000263214,-0.594357014,0.034875870,0.034043677,0.288711220,0.000000000,18.010185242,0
908,1,1,0.000246048,-0.588387966,0.001125336,0.034274310,0.287915081,0.000000000,17.989482880,0
909,1,1,0.000219345,-0.583308339,-0.032644272,0.034149520,0.287128627,0.000000000,17.965656281,0
910,1,1,0.000185013,-0.576386452,-0.066446304,0.034503493,0.286371559,0.000000000,17.938739777,0
911,1,1,0.000141144,-0.570671797,-0.100233078,0.034266677,0.285653919,0.000000000,17.908639908,0
912,1,1,0.000091553,-0.563653588,-0.134023666,0.034511760,0.284985542,0.000000000,17.875165939,0
913,1,1,0.000038147,-0.556056380,-0.167768478,0.034589488,0.284377903,0.000000000,17.838644028,0
914,1,1,-0.000017166,-0.548449993,-0.201410294,0.034491040,0.283834636,0.000000000,17.799825668,0
915,1,1,-0.000080109,-0.540437937,-0.234924316,0.034458477,0.283359051,0.000000000,17.756822586,0
916,1,1,-0.000341415,-0.539189816,-0.267387390,0.032488108,0.283860981,0.000000000,17.709774017,0
917,1,1,-0.000555038,-0.541119099,-0.299285889,0.031957503,0.284694403,0.000000000,17.630533218,0
918,1,1,-0.000736237,-0.567293882,-0.351711273,0.058596697,0.273902237,0.000000000,17.552072525,0
919,1,1,-0.000904083,-0.572805166,-0.384273529,0.033025794,0.271425039,0.000000000,16.079566956,0
920,1,1,-0.001039505,-0.575031281,-0.416496277,0.032299835,0.271076202,0.000000000,16.062957764,0
921,1,1,-0.001140594,-0.577387333,-0.448814392,0.032404039,0.271579295,0.000000000,16.081443787,0
922,1,1,-0.001218796,-0.580185175,-0.481201172,0.032507498,0.272430062,0.000000000,16.095237732,0
923,1,1,-0.001321793,-0.600502253,-0.529186249,0.052109137,0.255118549,0.000000000,16.107589722,0
924,1,1,-0.001363754,-0.600568295,-0.562252045,0.033065889,0.255435377,0.000000000,15.171794891,0
925,1,1,-0.001394272,-0.600105524,-0.594936371,0.032687616,0.256109267,0.000000000,15.150799751,0
926,1,1,-0.001409531,-0.599636078,-0.627639771,0.032706771,0.256687075,0.000000000,15.155498505,0
927,1,1,-0.001419067,-0.599148035,-0.660400391,0.032764256,0.257181287,0.000000000,15.160379410,0
928,1,1,-0.001422882,-0.599384069,-0.693195343,0.032795802,0.257619113,0.000000000,15.166174889,0
929,1,1,-0.001422882,-0.598115206,-0.726009369,0.032838549,0.258012116,0.000000000,15.173115730,0
930,1,1,-0.001420975,-0.598441482,-0.758880615,0.032872863,0.258377969,0.000000000,15.181376457,0
931,1,1,-0.001375198,-0.597480774,-0.791992188,0.033125538,0.258482993,0.000000000,15.191043854,0
932,1,1,-0.001346588,-0.597189784,-0.825366974,0.033376068,0.258333176,0.000000000,15.188271523,0
933,1,1,-0.001319885,-0.596572280,-0.858753204,0.033391953,0.258207530,0.000000000,15.173459053,0
934,1,1,-0.001293182,-0.595639348,-0.892150879,0.033410713,0.258098036,0.000000000,15.160399437,0
935,1,1,-0.001270294,-0.595960259,-0.925491333,0.033342008,0.258021921,0.000000000,15.148996353,0
936,1,1,-0.001247406,-0.594415784,-0.958911896,0.033456240,0.257968515,0.000000000,15.138844490,0
937,1,1,-0.001220703,-0.595299363,-0.992263794,0.033363611,0.257956743,0.000000000,15.129692078,0
938,1,1,-0.001194000,-0.594703794,-1.025657654,0.033399180,0.257981896,0.000000000,15.121687889,0
939,1,1,-0.001167297,-0.593792558,-1.059066772,0.033421554,0.258038789,0.000000000,15.114472389,0
940,1,1,-0.001144409,-0.593727827,-1.092487335,0.033420634,0.258129597,0.000000000,15.107876778,0
941,1,1,-0.001119614,-0.593148232,-1.125827789,0.033345502,0.258215725,0.000000000,15.101474762,0
942,1,1,-0.001092911,-0.593268871,-1.159187317,0.033359755,0.258253545,0.000000000,15.100887299,0
943,1,1,-0.001073837,-0.593079090,-1.193004608,0.033817831,0.257822007,0.000000000,15.102314949,0
944,1,1,-0.001049042,-0.592532635,-1.226795197,0.033795014,0.257424504,0.000000000,15.077789307,0
945,1,1,-0.001026154,-0.591630459,-1.260559082,0.033775944,0.257057279,0.000000000,15.055086136,0
946,1,1,-0.001005173,-0.591542244,-1.294380188,0.033821229,0.256716400,0.000000000,15.034440041,0
947,1,1,-0.000982285,-0.589931965,-1.328063965,0.033722252,0.256409496,0.000000000,15.015381813,0
948,1,1,-0.000963211,-0.590304375,-1.361934662,0.033872750,0.256128907,0.000000000,14.998377800,0
949,1,1,-0.000936508,-0.589159489,-1.395633698,0.033718489,0.255885959,0.000000000,14.983178139,0
950,1,1,-0.000919342,-0.588830471,-1.429424286,0.033792194,0.255661547,0.000000000,14.969797134,0
951,1,1,-0.000888824,-0.588152885,-1.463165283,0.033747815,0.255478501,0.000000000,14.958210945,0
952,1,1,-0.000865936,-0.587129593,-1.496856689,0.033706948,0.255317599,0.000000000,14.948652267,0
953,1,1,-0.000844955,-0.585762501,-1.530483246,0.033654340,0.255190223,0.000000000,14.940871239,0
954,1,1,-0.000822067,-0.584053993,-1.564048767,0.033608984,0.255088687,0.000000000,14.934648514,0
955,1,1,-0.000793457,-0.584317207,-1.597923279,0.033875547,0.255020291,0.000000000,14.930432320,0
956,1,1,-0.000768661,-0.581934929,-1.631328583,0.033490151,0.254981279,0.000000000,14.928183556,0
957,1,1,-0.000743866,-0.581519127,-1.665084839,0.033758827,0.254967660,0.000000000,14.927470207,0
958,1,1,-0.000720978,-0.580766678,-1.698768616,0.033692189,0.254986912,0.000000000,14.928494453,0
959,1,1,-0.000694275,-0.579684258,-1.732376099,0.033624917,0.255035013,0.000000000,14.931469917,0
960,1,1,-0.000677109,-0.582962990,-1.765663147,0.033448137,0.254718184,0.000000000,14.936157227,0
961,1,1,-0.000665665,-0.587221146,-1.798946381,0.033554517,0.254182190,0.000000000,14.946892738,0
962,1,1,-0.000650406,-0.593673706,-1.832710266,0.034374930,0.253638148,0.000000000,14.957909584,0
963,1,1,-0.000625610,-0.597701073,-1.865875244,0.033408619,0.253101468,0.000000000,14.975364685,0
964,1,1,-0.000600815,-0.601533890,-1.898983002,0.033328887,0.252596557,0.000000000,14.998876572,0
965,1,1,-0.000074387,-0.607448578,-1.933273315,0.034800664,0.250589252,0.000000000,15.028087616,0
966,1,1,-0.000848770,-0.613776207,-1.968139648,0.035444319,0.247993067,0.000000000,14.998338699,0
967,1,1,-0.000730515,-0.613538742,-2.000843048,0.032704476,0.247823447,0.000000000,14.947816849,0
968,1,1,-0.000637054,-0.615484238,-2.033859253,0.033073608,0.247707933,0.000000000,14.985861778,0
969,1,1,-0.000558853,-0.614960670,-2.066612244,0.032757267,0.247643545,0.000000000,15.022880554,0
970,1,1,-0.000684738,-0.629433632,-2.109123230,0.044907309,0.235586375,0.000000000,15.058300972,0
971,1,1,-0.000583649,-0.627671242,-2.142917633,0.033840477,0.234781772,0.000000000,14.618603706,0
972,1,1,-0.000511169,-0.626207352,-2.176994324,0.034108195,0.233938813,0.000000000,14.576219559,0
973,1,1,-0.000455856,-0.623007774,-2.210933685,0.034089889,0.233122453,0.000000000,14.528526306,0
974,1,1,-0.000415802,-0.621112823,-2.245006561,0.034125552,0.232340738,0.000000000,14.479456902,0
975,1,1,-0.000423431,-0.618726730,-2.278518677,0.033596955,0.232196718,0.000000000,14.429100037,0
976,1,1,-0.000387192,-0.618979454,-2.312000275,0.033482570,0.231800616,0.000000000,14.413566589,0
977,1,1,-0.000364304,-0.617928028,-2.345417023,0.033433292,0.231415585,0.000000000,14.415572166,0
978,1,1,-0.000347137,-0.617802620,-2.378921509,0.033504725,0.231050700,0.000000000,14.412834167,0
979,1,1,-0.000308990,-0.616834641,-2.412017822,0.033110488,0.231729567,0.000000000,14.404458046,0
980,1,1,-0.000278473,-0.614138126,-2.444946289,0.033038706,0.232976303,0.000000000,14.419554710,0
981,1,1,-0.000261307,-0.612788200,-2.477809906,0.032891333,0.234246939,0.000000000,14.439061165,0
982,1,1,-0.000257492,-0.611679077,-2.510631561,0.032840390,0.235520706,0.000000000,14.465263367,0
983,1,1,-0.000251770,-0.609624624,-2.543319702,0.032752637,0.236796156,0.000000000,14.497264862,0
984,1,1,-0.000541687,-0.602391005,-2.581775665,0.039131448,0.235084951,0.000000000,14.534105301,0
985,1,1,-0.000448227,-0.603729725,-2.547977448,0.033824850,0.235563144,0.000000000,14.218544960,0
986,1,1,-0.000425339,-0.605419636,-2.514099121,0.033920456,0.236050054,0.000000000,14.256412506,0
987,1,1,-0.000419617,-0.606850863,-2.480209351,0.033919979,0.236536250,0.000000000,14.299205780,0
988,1,1,-0.000421524,-0.608922482,-2.446308136,0.033964451,0.237017110,0.000000000,14.342084885,0
989,1,1,-0.000429153,-0.609549999,-2.412391663,0.033922277,0.237499833,0.000000000,14.384791374,0
990,1,1,-0.000440598,-0.609860659,-2.378467560,0.033925526,0.237988323,0.000000000,14.426831245,0
991,1,1,-0.000448227,-0.609728336,-2.344543457,0.033924360,0.238483205,0.000000000,14.468007088,0
992,1,1,-0.000455856,-0.609302282,-2.310607910,0.033938222,0.238993511,0.000000000,14.507975578,0
993,1,1,-0.000465393,-0.608472347,-2.276664734,0.033953320,0.239513397,0.000000000,14.546499252,0
994,1,1,-0.000473022,-0.607393980,-2.242721558,0.033960301,0.240049094,0.000000000,14.583902359,0
995,1,1,-0.000478745,-0.606131196,-2.208778381,0.033966657,0.240607068,0.000000000,14.619913101,0
996,1,1,-0.000478745,-0.604599535,-2.174846649,0.033966284,0.241171345,0.000000000,14.655028343,0
997,1,1,-0.000450134,-0.602841973,-2.140975952,0.033916280,0.241700888,0.000000000,14.688884735,0
998,1,1,-0.000446320,-0.602324307,-2.107162476,0.033817440,0.242860809,0.000000000,14.717977524,0
999,1,1,-0.000438690,-0.598901689,-2.073337555,0.033997640,0.244019657,0.000000000,14.744620323,0
1000,1,1,-0.000432968,-0.598339617,-2.039478302,0.033863917,0.245141312,0.000000000,14.773722649,0
1001,1,1,-0.000432968,-0.597818136,-2.005603790,0.033878524,0.246214703,0.000000000,14.804585457,0
1002,1,1,-0.000427246,-0.597357750,-1.971717834,0.033889085,0.247231975,0.000000000,14.836424828,0
1003,1,1,-0.000421524,-0.596969247,-1.937835693,0.033884369,0.248177528,0.000000000,14.868650436,0
1004,1,1,-0.000421524,-0.596655130,-1.903964996,0.033872154,0.249058902,0.000000000,14.900644302,0
1005,1,1,-0.000417709,-0.596412480,-1.870105743,0.033860125,0.249868780,0.000000000,14.932640076,0
1006,1,1,-0.000415802,-0.597796082,-1.836242676,0.033891320,0.250600547,0.000000000,14.964085579,0
1007,1,1,-0.000411987,-0.597670674,-1.802391052,0.033851855,0.251282573,0.000000000,14.994974136,0
1008,1,1,-0.000406265,-0.599150658,-1.768535614,0.033887770,0.251898140,0.000000000,15.025812149,0
1009,1,1,-0.000404358,-0.599099040,-1.734687805,0.033847850,0.252465397,0.000000000,15.056213379,0
1010,1,1,-0.000404358,-0.599067569,-1.700843811,0.033844009,0.252987832,0.000000000,15.086478233,0
1011,1,1,-0.000400543,-0.600609124,-1.667003632,0.033875272,0.253469259,0.000000000,15.116673470,0
1012,1,1,-0.000392914,-0.600590110,-1.633167267,0.033836372,0.253925264,0.000000000,15.146849632,0
1013,1,1,-0.000389099,-0.600567043,-1.599330902,0.033836372,0.254356325,0.000000000,15.176807404,0
1014,1,1,-0.000383377,-0.602097392,-1.565494537,0.033870954,0.254766852,0.000000000,15.207025528,0
1015,1,1,-0.000379562,-0.602053523,-1.531654358,0.033840209,0.255172640,0.000000000,15.236823082,0
1016,1,1,-0.000375748,-0.601996660,-1.497821808,0.033832598,0.255570471,0.000000000,15.266887665,0
1017,1,1,-0.000370026,-0.601926863,-1.463985443,0.033836436,0.255968392,0.000000000,15.296986580,0
1018,1,1,-0.000370026,-0.601845920,-1.430156708,0.033828832,0.256366819,0.000000000,15.326882362,0
1019,1,1,-0.000364304,-0.601755619,-1.396320343,0.033836484,0.256773531,0.000000000,15.356799126,0
1020,1,1,-0.000356674,-0.601659536,-1.362480164,0.033840317,0.257184952,0.000000000,15.386732101,0
1021,1,1,-0.000354767,-0.601561189,-1.328651428,0.033828877,0.257601112,0.000000000,15.416677475,0
1022,1,1,-0.000349045,-0.601464033,-1.294815063,0.033836503,0.258037180,0.000000000,15.446404457,0
1023,1,1,-0.000347137,-0.601372123,-1.260986328,0.033828862,0.258470237,0.000000000,15.476366997,0
1024,1,1,-0.000343323,-0.601288736,-1.227157593,0.033828840,0.258915454,0.000000000,15.506109238,0
1025,1,1,-0.000343323,-0.601217628,-1.193328857,0.033828810,0.259376466,0.000000000,15.535630226,0
1026,1,1,-0.000337601,-0.601161182,-1.159503937,0.033824969,0.259837896,0.000000000,15.565385818,0
1027,1,1,-0.000335693,-0.601121902,-1.125675201,0.033828758,0.260311067,0.000000000,15.594917297,0
1028,1,1,-0.000331879,-0.601101756,-1.091857910,0.033817299,0.260788202,0.000000000,15.624681473,0
1029,1,1,-0.000329971,-0.601101637,-1.058036804,0.033821106,0.261273056,0.000000000,15.654219627,0
1030,1,1,-0.000326157,-0.601122737,-1.024215698,0.033821113,0.261757880,0.000000000,15.683528900,0
1031,1,1,-0.000326157,-0.601164937,-0.990409851,0.033805873,0.262250304,0.000000000,15.713067055,0
1032,1,1,-0.000322342,-0.601227343,-0.956588745,0.033821162,0.262746453,0.000000000,15.742373466,0
1033,1,1,-0.000320435,-0.601309657,-0.922775269,0.033813577,0.263238668,0.000000000,15.771677017,0
1034,1,1,-0.000314713,-0.599331141,-0.888950348,0.033882737,0.263738483,0.000000000,15.800976753,0
1035,1,1,-0.000312805,-0.599448800,-0.855129242,0.033821311,0.264234364,0.000000000,15.830272675,0
1036,1,1,-0.000310898,-0.599581599,-0.821319580,0.033809923,0.264730155,0.000000000,15.859336853,0
1037,1,1,-0.000307083,-0.599727452,-0.787502289,0.033817604,0.265225917,0.000000000,15.888396263,0
1038,1,1,-0.000305176,-0.599884212,-0.753684998,0.033817653,0.265721649,0.000000000,15.917454720,0
1039,1,1,-0.000303268,-0.600049973,-0.719871521,0.033813883,0.266217351,0.000000000,15.946512222,0
1040,1,1,-0.000297546,-0.600222230,-0.686065674,0.033806287,0.266705453,0.000000000,15.975566864,0
1041,1,1,-0.000295639,-0.600399137,-0.652248383,0.033817753,0.267201185,0.000000000,16.004394531,0
1042,1,1,-0.000291824,-0.600578606,-0.618431091,0.033817768,0.267689317,0.000000000,16.033222198,0
1043,1,1,-0.000289917,-0.600758970,-0.584648132,0.033783440,0.268173665,0.000000000,16.062280655,0
1044,1,1,-0.000288010,-0.600938559,-0.550834656,0.033813953,0.268661857,0.000000000,16.090883255,0
1045,1,1,-0.000286102,-0.601115823,-0.517028809,0.033806313,0.269150078,0.000000000,16.119714737,0
1046,1,1,-0.000284195,-0.601289749,-0.483222961,0.033806294,0.269623071,0.000000000,16.148548126,0
1047,1,1,-0.000282288,-0.601459146,-0.449424744,0.033798642,0.270103723,0.000000000,16.176925659,0
1048,1,1,-0.000276566,-0.601623476,-0.415618896,0.033806246,0.270584375,0.000000000,16.205762863,0
1049,1,1,-0.000272751,-0.601782143,-0.381828308,0.033790961,0.271057397,0.000000000,16.234144211,0
1050,1,1,-0.000270844,-0.601934552,-0.348014832,0.033813819,0.271530449,0.000000000,16.262525558,0
1051,1,1,-0.000267029,-0.600069582,-0.314216614,0.033849634,0.272003502,0.000000000,16.290906906,0
1052,1,1,-0.000265121,-0.600209415,-0.280395508,0.033821393,0.272476584,0.000000000,16.319292068,0
1053,1,1,-0.000263214,-0.600343108,-0.246612549,0.033783223,0.272941977,0.000000000,16.347673416,0
1054,1,1,-0.000259399,-0.600470781,-0.212791443,0.033821344,0.273422688,0.000000000,16.376056671,0
1055,1,1,-0.000257492,-0.600593030,-0.178993225,0.033798438,0.273895711,0.000000000,16.404439926,0
1056,1,1,-0.000249863,-0.600709975,-0.145187378,0.033806048,0.274353534,0.000000000,16.432823181,0
1057,1,1,-0.000244141,-0.600822210,-0.111389160,0.033798404,0.274818897,0.000000000,16.460746765,0
1058,1,1,-0.000244141,-0.600930810,-0.077575684,0.033813652,0.275291950,0.000000000,16.488672256,0
1059,1,1,-0.000240326,-0.601035595,-0.043785095,0.033790749,0.275757343,0.000000000,16.517055511,0
1060,1,1,-0.000234604,-0.601137400,-0.009994507,0.033790741,0.276215106,0.000000000,16.544979095,0
1061,1,1,-0.000232697,-0.601236880,0.023803711,0.033798363,0.276688129,0.000000000,16.572902679,0
1062,1,1,-0.000226974,-0.601334631,0.057601929,0.033798359,0.277145922,0.000000000,16.600828171,0
1063,1,1,-0.000226974,-0.601431012,0.091377258,0.033775467,0.277611315,0.000000000,16.628751755,0
1064,1,1,-0.000223160,-0.601526678,0.125175476,0.033798356,0.278076708,0.000000000,16.656675339,0
