tick,support,on_floor,local_x,local_y,local_z,slip_m,bus_write_m,package_write_m,platform_speed,dual_contact
1,1,1,0.000001907,-0.599576354,2.500000000,0.000000000,0.000000000,0.000000000,0.000000000,0
2,1,1,0.000000000,-0.599517286,2.500000000,0.000059099,0.001023691,0.000000000,0.000000000,0
3,1,1,0.000001907,-0.599673390,2.499984741,0.000156860,0.001964350,0.000000000,0.063649274,0
4,1,1,0.000000000,-0.599779487,2.499984741,0.000106113,0.002934451,0.000000000,0.117748022,0
5,1,1,-0.000001907,-0.599841595,2.500000000,0.000063983,0.003862551,0.000000000,0.172936618,0
6,1,1,0.000000000,-0.599866092,2.499984741,0.000028924,0.004792082,0.000000000,0.227138668,0
7,1,1,0.000000000,-0.599858880,2.499969482,0.000016877,0.005722301,0.000000000,0.281249374,0
8,1,1,0.000001907,-0.599826634,2.499938965,0.000044438,0.006652871,0.000000000,0.336245984,0
9,1,1,0.000000000,-0.599774718,2.499923706,0.000054145,0.007553102,0.000000000,0.390383035,0
10,1,1,0.000000000,-0.599708676,2.499893188,0.000072752,0.008453418,0.000000000,0.444599688,0
11,1,1,-0.000001907,-0.599632919,2.499908447,0.000077302,0.009338506,0.000000000,0.498921186,0
12,1,1,0.000001907,-0.599552453,2.499847412,0.000101068,0.010238852,0.000000000,0.552438796,0
13,1,1,0.000000000,-0.599470377,2.499832153,0.000083504,0.011139184,0.000000000,0.606976569,0
14,1,1,0.000000000,-0.599389553,2.499801636,0.000086393,0.012024237,0.000000000,0.661610782,0
15,1,1,0.000000000,-0.599312901,2.499786377,0.000078156,0.012909266,0.000000000,0.715411901,0
16,1,1,-0.000001907,-0.599241972,2.499771118,0.000072577,0.013794275,0.000000000,0.769278765,0
17,1,1,0.000000000,-0.599178016,2.499725342,0.000078673,0.014694529,0.000000000,0.824111879,0
18,1,1,0.000000000,-0.599122167,2.499725342,0.000055850,0.015564251,0.000000000,0.878066659,0
19,1,1,-0.000001907,-0.599074602,2.499679565,0.000066042,0.016464485,0.000000000,0.932047367,0
20,1,1,0.000001907,-0.599035501,2.499649048,0.000049747,0.017334197,0.000000000,0.986044824,0
21,1,1,0.000000000,-0.599004984,2.499618530,0.000043200,0.018234426,0.000000000,1.040052414,0
22,1,1,0.000000000,-0.598982275,2.499603271,0.000027360,0.019119399,0.000000000,1.094065428,0
23,1,1,0.000000000,-0.598966718,2.499557495,0.000048348,0.020004377,0.000000000,1.147164702,0
24,1,1,0.000000000,-0.598957777,2.499526978,0.000031800,0.020889357,0.000000000,1.201180339,0
25,1,1,0.000000000,-0.598954678,2.499481201,0.000045881,0.021789603,0.000000000,1.254279733,0
26,1,1,0.000000000,-0.598956823,2.499450684,0.000030593,0.022674596,0.000000000,1.308294058,0
27,1,1,0.000000000,-0.598962665,2.499435425,0.000016339,0.023544332,0.000000000,1.361392260,0
28,1,1,0.000001907,-0.598972082,2.499389648,0.000046774,0.024444591,0.000000000,1.414489985,0
29,1,1,0.000000000,-0.598984122,2.499374390,0.000019530,0.025314337,0.000000000,1.467587948,0
30,1,1,0.000000000,-0.598997772,2.499359131,0.000020473,0.026214601,0.000000000,1.520685911,0
31,1,1,0.000000000,-0.599012613,2.499313354,0.000048122,0.027084351,0.000000000,1.573784351,0
32,1,1,-0.000001907,-0.599027932,2.499282837,0.000034200,0.027984619,0.000000000,1.626883626,0
33,1,1,0.000001907,-0.599043369,2.499237061,0.000048460,0.028854372,0.000000000,1.679983377,0
34,1,1,0.000000000,-0.599058509,2.499237061,0.000015259,0.029739382,0.000000000,1.732168317,0
35,1,1,-0.000001907,-0.599073291,2.499206543,0.000033963,0.030624393,0.000000000,1.785269380,0
36,1,1,0.000000000,-0.599086642,2.499176025,0.000033365,0.031494144,0.000000000,1.837455273,0
37,1,1,0.000000000,-0.599099278,2.499145508,0.000033030,0.032379154,0.000000000,1.890557051,0
38,1,1,0.000001907,-0.599110425,2.499114990,0.000032545,0.033233646,0.000000000,1.942743421,0
39,1,1,0.000000000,-0.599120617,2.499084473,0.000032231,0.034118656,0.000000000,1.994929910,0
40,1,1,0.000000000,-0.599135220,2.499053955,0.000033832,0.034988407,0.000000000,2.047116518,0
41,1,1,0.000000000,-0.599142909,2.499038696,0.000017087,0.035858158,0.000000000,2.099302530,0
42,1,1,0.000001907,-0.599149346,2.499008179,0.000031247,0.036727909,0.000000000,2.151489019,0
43,1,1,0.000000000,-0.599154711,2.498992920,0.000016286,0.037582401,0.000000000,2.203674793,0
44,1,1,0.000000000,-0.599159062,2.498962402,0.000030826,0.038452152,0.000000000,2.254945040,0
45,1,1,0.000000000,-0.599162340,2.498947144,0.000015607,0.039321903,0.000000000,2.307130575,0
46,1,1,-0.000001907,-0.599165142,2.498901367,0.000045902,0.040176392,0.000000000,2.359316111,0
47,1,1,0.000000000,-0.599167109,2.498886108,0.000015503,0.041046143,0.000000000,2.410585880,0
48,1,1,-0.000001907,-0.599168777,2.498855591,0.000030623,0.041885376,0.000000000,2.461855173,0
49,1,1,0.000001907,-0.599169850,2.498840332,0.000015765,0.042739868,0.000000000,2.513124943,0
50,1,1,0.000001907,-0.599171042,2.498809814,0.000030541,0.043609619,0.000000000,2.564394236,0
51,1,1,0.000000000,-0.599171579,2.498779297,0.000030582,0.044448853,0.000000000,2.616579294,0
52,1,1,-0.000001907,-0.599172473,2.498748779,0.000030590,0.045303345,0.000000000,2.666933060,0
53,1,1,0.000000000,-0.599172950,2.498718262,0.000030581,0.046173096,0.000000000,2.718202353,0
54,1,1,0.000000000,-0.599173546,2.498703003,0.000015270,0.047012329,0.000000000,2.769471645,0
55,1,1,0.000000000,-0.599174619,2.498672485,0.000030536,0.047851563,0.000000000,2.820740938,0
56,1,1,0.000000000,-0.599175394,2.498657227,0.000015278,0.048706055,0.000000000,2.871094704,0
57,1,1,-0.000001907,-0.599176526,2.498626709,0.000030598,0.049545288,0.000000000,2.922363997,0
58,1,1,0.000000000,-0.599177957,2.498611450,0.000015444,0.050384521,0.000000000,2.972717762,0
59,1,1,0.000000000,-0.599179268,2.498596191,0.000015315,0.051223755,0.000000000,3.023071527,0
60,1,1,-0.000001907,-0.599179745,2.498565674,0.000030581,0.052078247,0.000000000,3.073425531,0
61,1,1,-0.000001907,-0.599182248,2.498550415,0.000015463,0.052917480,0.000000000,3.124694586,0
62,1,1,0.000000000,-0.599184811,2.498519897,0.000030684,0.053741455,0.000000000,3.175048590,0
63,1,1,0.000000000,-0.599187613,2.498504639,0.000015514,0.054580688,0.000000000,3.224487066,0
64,1,1,0.000001907,-0.599189997,2.498489380,0.000015561,0.055419922,0.000000000,3.274841070,0
65,1,1,-0.000001907,-0.599192619,2.498443604,0.000046010,0.056259155,0.000000000,3.325195074,0
66,1,1,-0.000001907,-0.599195004,2.498413086,0.000030611,0.057083130,0.000000000,3.375548840,0
67,1,1,0.000000000,-0.599197924,2.498397827,0.000015652,0.057922363,0.000000000,3.424987316,0
68,1,1,-0.000001907,-0.599202037,2.498367310,0.000030852,0.058746338,0.000000000,3.475341320,0
69,1,1,0.000001907,-0.599203467,2.498336792,0.000030788,0.059570313,0.000000000,3.524780035,0
70,1,1,0.000000000,-0.599207997,2.498306274,0.000030911,0.060394287,0.000000000,3.574218273,0
71,1,1,-0.000001907,-0.599209309,2.498291016,0.000015433,0.061218262,0.000000000,3.623656988,0
72,1,1,0.000000000,-0.599213958,2.498260498,0.000030929,0.062042236,0.000000000,3.673095226,0
73,1,1,0.000000000,-0.599216819,2.498229980,0.000030651,0.062866211,0.000000000,3.722533941,0
74,1,1,0.000001907,-0.599217832,2.498199463,0.000030594,0.063690186,0.000000000,3.771972418,0
75,1,1,0.000000000,-0.599222779,2.498168945,0.000030975,0.064514160,0.000000000,3.821410418,0
76,1,1,0.000001907,-0.599225640,2.498123169,0.000045905,0.065338135,0.000000000,3.870849371,0
77,1,1,0.000000000,-0.599228740,2.498092651,0.000030734,0.066146851,0.000000000,3.920287848,0
78,1,1,0.000000000,-0.599229217,2.498077393,0.000015266,0.066970825,0.000000000,3.968810797,0
79,1,1,0.000001907,-0.599234223,2.498031616,0.000046089,0.067779541,0.000000000,4.018249035,0
80,1,1,0.000000000,-0.599236846,2.498001099,0.000030689,0.068588257,0.000000000,4.066772461,0
81,1,1,0.000001907,-0.599239528,2.497970581,0.000030695,0.069396973,0.000000000,4.115295410,0
82,1,1,0.000000000,-0.599242449,2.497940063,0.000030716,0.070205688,0.000000000,4.163818359,0
83,1,1,0.000001907,-0.599245191,2.497909546,0.000030700,0.071014404,0.000000000,4.212341309,0
84,1,1,0.000001907,-0.599250674,2.497894287,0.000016214,0.071823120,0.000000000,4.260864258,0
85,1,1,0.000000000,-0.599253058,2.497863770,0.000030670,0.072631836,0.000000000,4.309387207,0
86,1,1,0.000001907,-0.599256039,2.497833252,0.000030722,0.073440552,0.000000000,4.357910156,0
87,1,1,0.000000000,-0.599258602,2.497817993,0.000015590,0.074249268,0.000000000,4.406433105,0
88,1,1,0.000001907,-0.599258542,2.497802734,0.000015378,0.075042725,0.000000000,4.454956055,0
89,1,1,0.000000000,-0.599263787,2.497787476,0.000016247,0.075851440,0.000000000,4.502563000,0
90,1,1,0.000001907,-0.599266171,2.497741699,0.000045878,0.076644897,0.000000000,4.551086426,0
91,1,1,0.000000000,-0.599268794,2.497711182,0.000030689,0.077438354,0.000000000,4.598693371,0
92,1,1,0.000001907,-0.599271297,2.497680664,0.000030679,0.078247070,0.000000000,4.646300793,0
93,1,1,0.000000000,-0.599273801,2.497650146,0.000030679,0.079040527,0.000000000,4.694823742,0
94,1,1,0.000001907,-0.599276543,2.497634888,0.000015620,0.079833984,0.000000000,4.742431164,0
95,1,1,0.000000000,-0.599278867,2.497604370,0.000030665,0.080627441,0.000000000,4.790038586,0
96,1,1,0.000001907,-0.599281490,2.497573853,0.000030689,0.081420898,0.000000000,4.837646008,0
97,1,1,0.000000000,-0.599284053,2.497543335,0.000030684,0.082199097,0.000000000,4.885253429,0
98,1,1,0.000001907,-0.599286556,2.497512817,0.000030679,0.082992554,0.000000000,4.931945324,0
99,1,1,0.000000000,-0.599289179,2.497482300,0.000030689,0.083786011,0.000000000,4.979552746,0
100,1,1,0.000001907,-0.599291801,2.497467041,0.000015600,0.084564209,0.000000000,5.027160168,0
101,1,1,0.000000000,-0.599294126,2.497436523,0.000030665,0.085357666,0.000000000,5.073852062,0
102,1,1,0.000001907,-0.599296570,2.497406006,0.000030675,0.086135864,0.000000000,5.121459484,0
103,1,1,0.000000000,-0.599299133,2.497390747,0.000015590,0.086914063,0.000000000,5.168151379,0
104,1,1,0.000001907,-0.599301815,2.497375488,0.000015610,0.087707520,0.000000000,5.214843273,0
105,1,1,0.000001907,-0.599304318,2.497344971,0.000030620,0.088485718,0.000000000,5.262450695,0
106,1,1,0.000000000,-0.599306822,2.497329712,0.000015580,0.089263916,0.000000000,5.309142590,0
107,1,1,0.000001907,-0.599309325,2.497299194,0.000030679,0.090042114,0.000000000,5.355834484,0
108,1,1,0.000000000,-0.599311888,2.497283936,0.000015590,0.090805054,0.000000000,5.402526379,0
109,1,1,0.000001907,-0.599314392,2.497253418,0.000030679,0.091583252,0.000000000,5.448302746,0
110,1,1,0.000000000,-0.599316895,2.497253418,0.000003147,0.092361450,0.000000000,5.494994640,0
111,1,1,0.000001907,-0.599319458,2.497222900,0.000030684,0.093124390,0.000000000,5.541686535,0
112,1,1,0.000001907,-0.599322081,2.497207642,0.000015483,0.093902588,0.000000000,5.587462902,0
113,1,1,0.000000000,-0.599324465,2.497161865,0.000045878,0.094665527,0.000000000,5.634154797,0
114,1,1,0.000000000,-0.599325299,2.497146606,0.000015282,0.095443726,0.000000000,5.679931164,0
115,1,1,0.000001907,-0.599329472,2.497116089,0.000030860,0.096206665,0.000000000,5.726622581,0
116,1,1,0.000000000,-0.599332094,2.497100830,0.000015600,0.096969604,0.000000000,5.772399426,0
117,1,1,0.000001907,-0.599334478,2.497070313,0.000030670,0.097732544,0.000000000,5.818175793,0
118,1,1,0.000001907,-0.599337041,2.497055054,0.000015473,0.098495483,0.000000000,5.863952160,0
119,1,1,0.000000000,-0.599339366,2.497024536,0.000030665,0.099258423,0.000000000,5.909728527,0
120,1,1,0.000001907,-0.599342108,2.496994019,0.000030700,0.100021362,0.000000000,5.955504894,0
121,1,1,0.000000000,-0.599344373,2.496963501,0.000030661,0.100784302,0.000000000,6.001281261,0
122,1,1,0.000000000,-0.599346995,2.496932983,0.000030630,0.101531982,0.000000000,6.047057629,0
123,1,1,0.000001907,-0.599349439,2.496902466,0.000030675,0.102294922,0.000000000,6.091918468,0
124,1,1,0.000000000,-0.599352002,2.496887207,0.000015590,0.103057861,0.000000000,6.137694836,0
125,1,1,0.000001907,-0.599354386,2.496871948,0.000015561,0.103805542,0.000000000,6.183471203,0
126,1,1,0.000001907,-0.599356771,2.496841431,0.000030611,0.104553223,0.000000000,6.228332043,0
127,1,1,0.000000000,-0.599359393,2.496810913,0.000030689,0.105316162,0.000000000,6.273192883,0
128,1,1,0.000001907,-0.599361777,2.496765137,0.000045878,0.106063843,0.000000000,6.318969250,0
129,1,1,0.000001907,-0.599364281,2.496749878,0.000015463,0.106811523,0.000000000,6.363830090,0
130,1,1,0.000000000,-0.599366665,2.496734619,0.000015561,0.107559204,0.000000000,6.408690929,0
131,1,1,0.000001907,-0.599369109,2.496704102,0.000030675,0.108306885,0.000000000,6.453551769,0
132,1,1,0.000001907,-0.599371672,2.496673584,0.000030625,0.109054565,0.000000000,6.498412609,0
133,1,1,0.000000000,-0.599373579,2.496643066,0.000030637,0.109786987,0.000000000,6.543273449,0
134,1,1,-0.000001907,-0.599376321,2.496612549,0.000030700,0.110534668,0.000000000,6.587218761,0
135,1,1,-0.000001907,-0.599378705,2.496582031,0.000030611,0.111282349,0.000000000,6.632079601,0
136,1,1,0.000000000,-0.599381149,2.496551514,0.000030675,0.112014771,0.000000000,6.676940441,0
137,1,1,0.000000000,-0.599383593,2.496520996,0.000030615,0.112762451,0.000000000,6.720885754,0
138,1,1,-0.000001907,-0.599386096,2.496490479,0.000030679,0.113494873,0.000000000,6.765746593,0
139,1,1,0.000000000,-0.599388421,2.496459961,0.000030665,0.114227295,0.000000000,6.809691906,0
140,1,1,0.000000000,-0.599390864,2.496414185,0.000045842,0.114974976,0.000000000,6.853637218,0
141,1,1,-0.000001907,-0.599393129,2.496383667,0.000030661,0.115707397,0.000000000,6.898498058,0
142,1,1,-0.000001907,-0.599395633,2.496353149,0.000030620,0.116439819,0.000000000,6.942443371,0
143,1,1,0.000000000,-0.599398017,2.496322632,0.000030670,0.117172241,0.000000000,6.986388683,0
144,1,1,0.000000000,-0.599400401,2.496307373,0.000015444,0.117904663,0.000000000,7.030333996,0
145,1,1,-0.000001907,-0.599402845,2.496276855,0.000030675,0.118621826,0.000000000,7.074279308,0
146,1,1,-0.000001907,-0.599405169,2.496246338,0.000030606,0.119354248,0.000000000,7.117309093,0
147,1,1,0.000000000,-0.599407673,2.496231079,0.000015580,0.120086670,0.000000000,7.161254406,0
148,1,1,0.000000000,-0.599409878,2.496200562,0.000030597,0.120803833,0.000000000,7.205199718,0
149,1,1,-0.000001907,-0.599412322,2.496170044,0.000030675,0.121536255,0.000000000,7.248229504,0
150,1,1,-0.000001907,-0.599414706,2.496139526,0.000030611,0.122253418,0.000000000,7.292174816,0
151,1,1,0.000000000,-0.599418044,2.496109009,0.000030759,0.122985840,0.000000000,7.335204601,0
152,1,1,0.000001907,-0.599419415,2.496093750,0.000015439,0.123703003,0.000000000,7.379149914,0
153,1,1,0.000001907,-0.599421680,2.496063232,0.000030602,0.124420166,0.000000000,7.422179699,0
154,1,1,0.000001907,-0.599424064,2.496032715,0.000030611,0.125137329,0.000000000,7.465209484,0
155,1,1,0.000000000,-0.599426448,2.496017456,0.000015561,0.125854492,0.000000000,7.508239269,0
156,1,1,0.000000000,-0.599428773,2.495971680,0.000045835,0.126571655,0.000000000,7.551269054,0
157,1,1,0.000001907,-0.599431217,2.495941162,0.000030675,0.127288818,0.000000000,7.594298840,0
158,1,1,0.000001907,-0.599433303,2.495910645,0.000030589,0.128005981,0.000000000,7.637328625,0
159,1,1,0.000000000,-0.599435687,2.495880127,0.000030670,0.128707886,0.000000000,7.680358410,0
160,1,1,0.000000000,-0.599437892,2.495864868,0.000015417,0.129425049,0.000000000,7.722472668,0
161,1,1,0.000000000,-0.599440277,2.495834351,0.000030611,0.130126953,0.000000000,7.765502453,0
162,1,1,0.000001907,-0.599442542,2.495788574,0.000045872,0.130844116,0.000000000,7.807616711,0
163,1,1,0.000001907,-0.599444866,2.495758057,0.000030606,0.131546021,0.000000000,7.850646496,0
164,1,1,0.000001907,-0.599447131,2.495727539,0.000030602,0.132263184,0.000000000,7.892760754,0
165,1,1,0.000000000,-0.599449515,2.495681763,0.000045878,0.132965088,0.000000000,7.935790539,0
166,1,1,0.000000000,-0.599451780,2.495651245,0.000030602,0.133666992,0.000000000,7.977904797,0
167,1,1,0.000000000,-0.599454165,2.495620728,0.000030611,0.134368896,0.000000000,8.020019531,0
168,1,1,0.000001907,-0.599456310,2.495590210,0.000030652,0.135070801,0.000000000,8.062133789,0
169,1,1,0.000001907,-0.599458575,2.495559692,0.000030602,0.135772705,0.000000000,8.104248047,0
170,1,1,0.000001907,-0.599460900,2.495529175,0.000030606,0.136474609,0.000000000,8.146362305,0
171,1,1,0.000000000,-0.599463224,2.495498657,0.000030665,0.137176514,0.000000000,8.188476563,0
172,1,1,0.000000000,-0.599465609,2.495483398,0.000015444,0.137863159,0.000000000,8.230590820,0
173,1,1,0.000000000,-0.599467814,2.495452881,0.000030597,0.138565063,0.000000000,8.271789551,0
174,1,1,0.000000000,-0.599469960,2.495422363,0.000030593,0.139266968,0.000000000,8.313903809,0
175,1,1,0.000001907,-0.599472344,2.495391846,0.000030670,0.139953613,0.000000000,8.356018066,0
176,1,1,0.000001907,-0.599474669,2.495376587,0.000015435,0.140640259,0.000000000,8.397216797,0
177,1,1,0.000001907,-0.599476814,2.495346069,0.000030593,0.141342163,0.000000000,8.438415527,0
178,1,1,0.000001907,-0.599479198,2.495330811,0.000015444,0.142028809,0.000000000,8.480529785,0
179,1,1,0.000000000,-0.599481463,2.495300293,0.000030661,0.142715454,0.000000000,8.521728516,0
180,1,1,0.000000000,-0.599483609,2.495285034,0.000015409,0.143402100,0.000000000,8.562927246,0
181,1,1,0.000000000,-0.599485874,2.495254517,0.000030602,0.144088745,0.000000000,8.604125977,0
182,1,1,0.000000000,-0.599488139,2.495223999,0.000030602,0.144775391,0.000000000,8.645324707,0
183,1,1,0.000001907,-0.599490345,2.495193481,0.000030657,0.145462036,0.000000000,8.686523438,0
184,1,1,0.000001907,-0.599492669,2.495162964,0.000030606,0.146148682,0.000000000,8.727722168,0
185,1,1,0.000001907,-0.599494815,2.495132446,0.000030593,0.146835327,0.000000000,8.768920898,0
186,1,1,0.000001907,-0.599497139,2.495101929,0.000030606,0.147506714,0.000000000,8.810119629,0
187,1,1,0.000001907,-0.599499345,2.495086670,0.000015417,0.148193359,0.000000000,8.850402832,0
188,1,1,0.000001907,-0.599501252,2.495056152,0.000030577,0.148864746,0.000000000,8.891601563,0
189,1,1,0.000001907,-0.599503815,2.495025635,0.000030625,0.149551392,0.000000000,8.931884766,0
190,1,1,0.000000000,-0.599505782,2.494995117,0.000030640,0.150222778,0.000000000,8.973083496,0
191,1,1,0.000000000,-0.599508286,2.494964600,0.000030620,0.150894165,0.000000000,9.013366699,0
192,1,1,0.000000000,-0.599510193,2.494949341,0.000015378,0.151580811,0.000000000,9.053649902,0
193,1,1,0.000000000,-0.599512577,2.494918823,0.000030611,0.152252197,0.000000000,9.094848633,0
194,1,1,0.000000000,-0.599514842,2.494903564,0.000015426,0.152923584,0.000000000,9.135131836,0
195,1,1,-0.000001907,-0.599519253,2.494873047,0.000030894,0.153594971,0.000000000,9.175414085,0
196,1,1,-0.000001907,-0.599519134,2.494827271,0.000045777,0.154266357,0.000000000,9.215697289,0
197,1,1,-0.000001907,-0.599521518,2.494796753,0.000030611,0.154922485,0.000000000,9.255980492,0
198,1,1,-0.000001907,-0.599523604,2.494766235,0.000030589,0.155593872,0.000000000,9.295348167,0
199,1,1,-0.000001907,-0.599525809,2.494766235,0.000002205,0.156265259,0.000000000,9.335631371,0
200,1,1,-0.000001907,-0.599528074,2.494735718,0.000030602,0.156921387,0.000000000,9.375914574,0
201,1,1,-0.000001907,-0.599530160,2.494689941,0.000045824,0.157592773,0.000000000,9.415282249,0
202,1,1,-0.000001907,-0.599532366,2.494674683,0.000015417,0.158248901,0.000000000,9.455565453,0
203,1,1,-0.000001907,-0.599534512,2.494644165,0.000030593,0.158920288,0.000000000,9.494933128,0
204,1,1,-0.000001907,-0.599536657,2.494613647,0.000030593,0.159576416,0.000000000,9.535216331,0
205,1,1,-0.000001907,-0.599538803,2.494583130,0.000030593,0.160232544,0.000000000,9.574584007,0
206,1,1,-0.000001907,-0.599541068,2.494567871,0.000015426,0.160903931,0.000000000,9.613951683,0
207,1,1,-0.000001907,-0.599543095,2.494552612,0.000015393,0.161560059,0.000000000,9.654234886,0
208,1,1,-0.000001907,-0.599545181,2.494522095,0.000030589,0.162216187,0.000000000,9.693602562,0
209,1,1,-0.000001907,-0.599547446,2.494491577,0.000030602,0.162872314,0.000000000,9.732970238,0
210,1,1,-0.000001907,-0.599549651,2.494461060,0.000030597,0.163528442,0.000000000,9.772337914,0
211,1,1,-0.000001907,-0.599551797,2.494445801,0.000015409,0.164169312,0.000000000,9.811705589,0
212,1,1,-0.000001907,-0.599553823,2.494430542,0.000015393,0.164825439,0.000000000,9.850157738,0
213,1,1,-0.000001907,-0.599555850,2.494400024,0.000030585,0.165481567,0.000000000,9.889525414,0
214,1,1,-0.000001907,-0.599557877,2.494369507,0.000030585,0.166122437,0.000000000,9.928893089,0
215,1,1,-0.000001907,-0.599560082,2.494338989,0.000030597,0.166778564,0.000000000,9.967345238,0
216,1,1,-0.000001907,-0.599562287,2.494323730,0.000015417,0.167419434,0.000000000,10.006712914,0
217,1,1,-0.000001907,-0.599564433,2.494308472,0.000015409,0.168075562,0.000000000,10.045165062,0
218,1,1,-0.000001907,-0.599566460,2.494277954,0.000030585,0.168716431,0.000000000,10.084532738,0
219,1,1,-0.000001907,-0.599568725,2.494262695,0.000015426,0.169357300,0.000000000,10.122984886,0
220,1,1,-0.000001907,-0.599570751,2.494232178,0.000030585,0.170013428,0.000000000,10.161437035,0
221,1,1,0.000000000,-0.599572778,2.494201660,0.000030644,0.170654297,0.000000000,10.200804710,0
222,1,1,0.000000000,-0.599574983,2.494171143,0.000030597,0.171295166,0.000000000,10.239256859,0
223,1,1,0.000000000,-0.599577069,2.494140625,0.000030589,0.171936035,0.000000000,10.277709007,0
224,1,1,0.000000000,-0.599579155,2.494110107,0.000030589,0.172576904,0.000000000,10.316161156,0
225,1,1,0.000000000,-0.599581122,2.494079590,0.000030581,0.173202515,0.000000000,10.354613304,0
226,1,1,0.000000000,-0.599583387,2.494064331,0.000015426,0.173843384,0.000000000,10.392149925,0
227,1,1,0.000000000,-0.599585414,2.494049072,0.000015393,0.174484253,0.000000000,10.430602074,0
228,1,1,-0.000001907,-0.599587321,2.494033813,0.000015495,0.175125122,0.000000000,10.469054222,0
229,1,1,-0.000001907,-0.599589467,2.494003296,0.000030593,0.175750732,0.000000000,10.507506371,0
230,1,1,-0.000001907,-0.599591732,2.493972778,0.000030602,0.176391602,0.000000000,10.545042992,0
231,1,1,-0.000001907,-0.599593580,2.493942261,0.000030573,0.177017212,0.000000000,10.583495140,0
232,1,1,-0.000001907,-0.599595666,2.493927002,0.000015401,0.177642822,0.000000000,10.621031761,0
233,1,1,0.000000000,-0.599597812,2.493911743,0.000015527,0.178283691,0.000000000,10.658568382,0
234,1,1,0.000000000,-0.599599838,2.493881226,0.000030585,0.178909302,0.000000000,10.697020531,0
235,1,1,0.000000000,-0.599601746,2.493850708,0.000030577,0.179534912,0.000000000,10.734557152,0
236,1,1,0.000000000,-0.599603891,2.493820190,0.000030593,0.180160522,0.000000000,10.772093773,0
237,1,1,-0.000001907,-0.599605978,2.493789673,0.000030648,0.180786133,0.000000000,10.809630394,0
238,1,1,-0.000001907,-0.599607944,2.493774414,0.000015385,0.181411743,0.000000000,10.847167015,0
239,1,1,-0.000001907,-0.599610150,2.493743896,0.000030597,0.182037354,0.000000000,10.884703636,0
240,1,1,-0.000001907,-0.599611998,2.493713379,0.000030573,0.182662964,0.000000000,10.922240257,0
241,1,1,0.000000000,-0.599614024,2.493682861,0.000030644,0.183273315,0.000000000,10.959776878,0
242,1,1,0.000000000,-0.599616051,2.493652344,0.000030585,0.183898926,0.000000000,10.996397972,0
243,1,1,0.000000000,-0.599618077,2.493621826,0.000030585,0.184524536,0.000000000,11.033934593,0
244,1,1,0.000000000,-0.599620104,2.493591309,0.000030585,0.185134888,0.000000000,11.071471214,0
245,1,1,-0.000001907,-0.599622130,2.493545532,0.000045861,0.185760498,0.000000000,11.108092308,0
246,1,1,-0.000001907,-0.599624157,2.493530273,0.000015393,0.186370850,0.000000000,11.145628929,0
247,1,1,-0.000001907,-0.599626064,2.493499756,0.000030577,0.186981201,0.000000000,11.182250023,0
248,1,1,0.000000000,-0.599628210,2.493484497,0.000015527,0.187606812,0.000000000,11.218871117,0
249,1,1,0.000000000,-0.599630117,2.493453979,0.000030577,0.188217163,0.000000000,11.256407738,0
250,1,1,0.000000000,-0.599632263,2.493423462,0.000030593,0.188827515,0.000000000,11.293028831,0
251,1,1,-0.000001907,-0.599634171,2.493392944,0.000030637,0.189437866,0.000000000,11.329649925,0
252,1,1,-0.000001907,-0.599636257,2.493362427,0.000030589,0.190048218,0.000000000,11.366271019,0
253,1,1,0.000000000,-0.599638224,2.493347168,0.000015503,0.190658569,0.000000000,11.402892113,0
254,1,1,0.000000000,-0.599640250,2.493316650,0.000030585,0.191268921,0.000000000,11.439513206,0
255,1,1,0.000000000,-0.599642277,2.493301392,0.000015393,0.191879272,0.000000000,11.476134300,0
256,1,1,-0.000001907,-0.599644065,2.493270874,0.000030629,0.192474365,0.000000000,11.512755394,0
257,1,1,-0.000001907,-0.599646211,2.493240356,0.000030593,0.193084717,0.000000000,11.548460960,0
258,1,1,0.000000000,-0.599648118,2.493209839,0.000030637,0.193695068,0.000000000,11.585082054,0
259,1,1,0.000000000,-0.599650145,2.493179321,0.000030585,0.194290161,0.000000000,11.621703148,0
260,1,1,0.000000000,-0.599651992,2.493148804,0.000030573,0.194900513,0.000000000,11.657408714,0
261,1,1,-0.000001907,-0.599653959,2.493118286,0.000030640,0.195495605,0.000000000,11.694029808,0
262,1,1,-0.000001907,-0.599655986,2.493087769,0.000030585,0.196090698,0.000000000,11.729735374,0
263,1,1,0.000000000,-0.599658012,2.493072510,0.000015510,0.196685791,0.000000000,11.765440941,0
264,1,1,0.000000000,-0.599659920,2.493026733,0.000045816,0.197296143,0.000000000,11.801146507,0
265,1,1,-0.000001907,-0.599661827,2.492996216,0.000030637,0.197891235,0.000000000,11.837767601,0
266,1,1,0.000001907,-0.599662900,2.492965698,0.000030774,0.198486328,0.000000000,11.873473167,0
267,1,1,0.000000000,-0.599665642,2.492935181,0.000030700,0.199081421,0.000000000,11.909178734,0
268,1,1,0.000000000,-0.599667609,2.492904663,0.000030581,0.199676514,0.000000000,11.944884300,0
269,1,1,0.000001907,-0.599669516,2.492874146,0.000030637,0.200271606,0.000000000,11.980589867,0
270,1,1,0.000001907,-0.599671364,2.492858887,0.000015370,0.200851440,0.000000000,12.016295433,0
271,1,1,0.000000000,-0.599673390,2.492828369,0.000030644,0.201446533,0.000000000,12.051085472,0
272,1,1,0.000000000,-0.599675179,2.492797852,0.000030570,0.202041626,0.000000000,12.086791039,0
273,1,1,0.000001907,-0.599677265,2.492767334,0.000030648,0.202636719,0.000000000,12.122496605,0
274,1,1,0.000001907,-0.599679232,2.492736816,0.000030581,0.203216553,0.000000000,12.158202171,0
275,1,1,0.000000000,-0.599681139,2.492706299,0.000030637,0.203811646,0.000000000,12.192992210,0
276,1,1,0.000000000,-0.599683166,2.492706299,0.000002027,0.204391479,0.000000000,12.228697777,0
277,1,1,0.000001907,-0.599684954,2.492660522,0.000045851,0.204971313,0.000000000,12.263487816,0
278,1,1,0.000000000,-0.599686861,2.492630005,0.000030637,0.205566406,0.000000000,12.298277855,0
279,1,1,0.000000000,-0.599688709,2.492599487,0.000030573,0.206146240,0.000000000,12.333983421,0
280,1,1,0.000001907,-0.599691987,2.492568970,0.000030752,0.206726074,0.000000000,12.368773460,0
281,1,1,0.000001907,-0.599694014,2.492538452,0.000030585,0.207305908,0.000000000,12.403563499,0
282,1,1,0.000000000,-0.599695802,2.492523193,0.000015481,0.207885742,0.000000000,12.438353539,0
283,1,1,0.000000000,-0.599697590,2.492492676,0.000030570,0.208465576,0.000000000,12.473143578,0
284,1,1,0.000001907,-0.599699497,2.492462158,0.000030637,0.209045410,0.000000000,12.507933617,0
285,1,1,0.000000000,-0.599701643,2.492431641,0.000030652,0.209625244,0.000000000,12.542723656,0
286,1,1,0.000000000,-0.599703431,2.492385864,0.000045811,0.210205078,0.000000000,12.577513695,0
287,1,1,0.000001907,-0.599705219,2.492355347,0.000030629,0.210769653,0.000000000,12.612303734,0
288,1,1,0.000001907,-0.599707127,2.492324829,0.000030577,0.211349487,0.000000000,12.646178246,0
289,1,1,0.000000000,-0.599709034,2.492309570,0.000015495,0.211929321,0.000000000,12.680968285,0
290,1,1,0.000001907,-0.599710882,2.492279053,0.000030633,0.212493896,0.000000000,12.715758324,0
291,1,1,0.000001907,-0.599712849,2.492248535,0.000030581,0.213073730,0.000000000,12.749632835,0
292,1,1,0.000000000,-0.599714518,2.492218018,0.000030623,0.213638306,0.000000000,12.784422874,0
293,1,1,0.000001907,-0.599716425,2.492187500,0.000030637,0.214202881,0.000000000,12.818297386,0
294,1,1,0.000001907,-0.599718332,2.492156982,0.000030577,0.214782715,0.000000000,12.852171898,0
295,1,1,0.000000000,-0.599720120,2.492141724,0.000015481,0.215347290,0.000000000,12.886961937,0
296,1,1,0.000001907,-0.599722028,2.492111206,0.000030637,0.215911865,0.000000000,12.920836449,0
297,1,1,0.000001907,-0.599723935,2.492080688,0.000030577,0.216476440,0.000000000,12.954710960,0
298,1,1,0.000000000,-0.599725723,2.492050171,0.000030629,0.217041016,0.000000000,12.988585472,0
299,1,1,0.000001907,-0.599727571,2.492034912,0.000015488,0.217605591,0.000000000,13.022459984,0
300,1,1,0.000000000,-0.599729300,2.492004395,0.000030626,0.218170166,0.000000000,13.056334496,0
301,1,1,0.000000000,-0.599731088,2.491973877,0.000030570,0.218734741,0.000000000,13.090209007,0
302,1,1,0.000001907,-0.599733055,2.491958618,0.000015503,0.219299316,0.000000000,13.124083519,0
303,1,1,0.000000000,-0.599734902,2.491928101,0.000030633,0.219848633,0.000000000,13.157958031,0
304,1,1,0.000000000,-0.599736750,2.491867065,0.000061063,0.220413208,0.000000000,13.190917015,0
305,1,1,0.000001907,-0.599738479,2.491836548,0.000030626,0.220977783,0.000000000,13.224791527,0
306,1,1,0.000000000,-0.599740386,2.491806030,0.000030637,0.221527100,0.000000000,13.258666039,0
307,1,1,0.000001907,-0.599742174,2.491775513,0.000030629,0.222091675,0.000000000,13.291625023,0
308,1,1,0.000001907,-0.599744081,2.491760254,0.000015378,0.222640991,0.000000000,13.325499535,0
309,1,1,0.000000000,-0.599745870,2.491729736,0.000030629,0.223205566,0.000000000,13.358458519,0
310,1,1,0.000001907,-0.599747717,2.491714478,0.000015488,0.223754883,0.000000000,13.392333031,0
311,1,1,0.000000000,-0.599749565,2.491699219,0.000015488,0.224304199,0.000000000,13.425292015,0
312,1,1,0.000001907,-0.599751234,2.491683960,0.000015468,0.224853516,0.000000000,13.458250999,0
313,1,1,0.000001907,-0.599753022,2.491653442,0.000030570,0.225402832,0.000000000,13.491209984,0
314,1,1,0.000000000,-0.599754810,2.491607666,0.000045851,0.225952148,0.000000000,13.524168968,0
315,1,1,0.000001907,-0.599756598,2.491592407,0.000015481,0.226501465,0.000000000,13.557127953,0
316,1,1,0.000000000,-0.599758267,2.491546631,0.000045846,0.227050781,0.000000000,13.590086937,0
317,1,1,0.000001907,-0.599760175,2.491516113,0.000030637,0.227600098,0.000000000,13.623045921,0
318,1,1,0.000000000,-0.599762082,2.491485596,0.000030637,0.228149414,0.000000000,13.656004906,0
319,1,1,0.000000000,-0.599763870,2.491455078,0.000030570,0.228698730,0.000000000,13.688963890,0
320,1,1,0.000001907,-0.599765658,2.491424561,0.000030629,0.229248047,0.000000000,13.721922874,0
321,1,1,0.000000000,-0.599767327,2.491394043,0.000030623,0.229782104,0.000000000,13.754881859,0
322,1,1,0.000001907,-0.599769115,2.491378784,0.000015481,0.230331421,0.000000000,13.786925316,0
323,1,1,0.000000000,-0.599770784,2.491333008,0.000045846,0.230865479,0.000000000,13.819884300,0
324,1,1,0.000001907,-0.599772692,2.491302490,0.000030637,0.231414795,0.000000000,13.851927757,0
325,1,1,0.000000000,-0.599774361,2.491271973,0.000030623,0.231948853,0.000000000,13.884886742,0
326,1,1,0.000000000,-0.599776149,2.491256714,0.000015363,0.232498169,0.000000000,13.916930199,0
327,1,1,0.000001907,-0.599777937,2.491241455,0.000015481,0.233032227,0.000000000,13.949889183,0
328,1,1,0.000000000,-0.599779606,2.491195679,0.000045846,0.233566284,0.000000000,13.981932640,0
329,1,1,0.000001907,-0.599781394,2.491180420,0.000015481,0.234100342,0.000000000,14.013976097,0
330,1,1,0.000000000,-0.599783123,2.491165161,0.000015474,0.234634399,0.000000000,14.046019554,0
331,1,1,0.000001907,-0.599784851,2.491134644,0.000030626,0.235168457,0.000000000,14.078063011,0
332,1,1,0.000000000,-0.599786639,2.491104126,0.000030629,0.235702515,0.000000000,14.110106468,0
333,1,1,0.000001907,-0.599788427,2.491088867,0.000015481,0.236236572,0.000000000,14.142149925,0
334,1,1,0.000000000,-0.599790215,2.491058350,0.000030629,0.236770630,0.000000000,14.174193382,0
335,1,1,0.000001907,-0.599791884,2.491027832,0.000030623,0.237304688,0.000000000,14.206236839,0
336,1,1,0.000000000,-0.599793732,2.490997314,0.000030633,0.237838745,0.000000000,14.238280296,0
337,1,1,0.000001907,-0.599795222,2.490966797,0.000030613,0.238357544,0.000000000,14.270323753,0
338,1,1,0.000000000,-0.599797070,2.490951538,0.000015488,0.238891602,0.000000000,14.301451683,0
339,1,1,0.000001907,-0.599798799,2.490936279,0.000015474,0.239425659,0.000000000,14.333495140,0
340,1,1,0.000000000,-0.599800467,2.490890503,0.000045846,0.239944458,0.000000000,14.365538597,0
341,1,1,0.000001907,-0.599802256,2.490859985,0.000030629,0.240478516,0.000000000,14.396666527,0
342,1,1,0.000000000,-0.599804044,2.490829468,0.000030629,0.240997314,0.000000000,14.428709984,0
343,1,1,0.000001907,-0.599805713,2.490798950,0.000030623,0.241516113,0.000000000,14.459837914,0
344,1,1,0.000000000,-0.599807382,2.490768433,0.000030623,0.242050171,0.000000000,14.490965843,0
345,1,1,0.000001907,-0.599809051,2.490753174,0.000015468,0.242568970,0.000000000,14.523009300,0
346,1,1,0.000000000,-0.599810719,2.490722656,0.000030623,0.243087769,0.000000000,14.554137230,0
347,1,1,0.000001907,-0.599812508,2.490676880,0.000045851,0.243606567,0.000000000,14.585265160,0
348,1,1,0.000000000,-0.599814236,2.490646362,0.000030626,0.244125366,0.000000000,14.616393089,0
349,1,1,0.000001907,-0.599815845,2.490615845,0.000030619,0.244644165,0.000000000,14.647521019,0
350,1,1,0.000000000,-0.599817634,2.490600586,0.000015481,0.245162964,0.000000000,14.678648949,0
351,1,1,0.000001907,-0.599819303,2.490554810,0.000045846,0.245681763,0.000000000,14.709776878,0
352,1,1,0.000000000,-0.599821091,2.490539551,0.000015481,0.246200562,0.000000000,14.740904808,0
353,1,1,0.000001907,-0.599822700,2.490509033,0.000030619,0.246719360,0.000000000,14.772032738,0
354,1,1,0.000000000,-0.599824369,2.490493774,0.000015468,0.247238159,0.000000000,14.803160667,0
355,1,1,0.000001907,-0.599825919,2.490478516,0.000015455,0.247741699,0.000000000,14.834288597,0
356,1,1,0.000000000,-0.599827766,2.490447998,0.000030633,0.248260498,0.000000000,14.864500999,0
357,1,1,0.000001907,-0.599829316,2.490417480,0.000030616,0.248779297,0.000000000,14.895628929,0
358,1,1,0.000000000,-0.599831104,2.490386963,0.000030629,0.249282837,0.000000000,14.926756859,0
359,1,1,0.000000000,-0.599832654,2.490356445,0.000030557,0.249786377,0.000000000,14.956969261,0
360,1,1,0.000001907,-0.599834442,2.490325928,0.000030629,0.250305176,0.000000000,14.987181664,0
361,1,1,0.000000000,-0.599835992,2.490310669,0.000015455,0.250808716,0.000000000,15.018309593,0
362,1,1,0.000001907,-0.599837720,2.490264893,0.000045849,0.251327515,0.000000000,15.048521996,0
363,1,1,0.000000000,-0.599839449,2.490234375,0.000030626,0.251831055,0.000000000,15.079649925,0
364,1,1,0.000001907,-0.599840999,2.490203857,0.000030616,0.252334595,0.000000000,15.109862328,0
365,1,1,0.000000000,-0.599842668,2.490188599,0.000015468,0.252838135,0.000000000,15.140074730,0
366,1,1,0.000001907,-0.599844337,2.490158081,0.000030623,0.253341675,0.000000000,15.170287132,0
367,1,1,0.000001907,-0.599846125,2.490127563,0.000030570,0.253845215,0.000000000,15.200499535,0
368,1,1,0.000000000,-0.599847674,2.490097046,0.000030616,0.254348755,0.000000000,15.230711937,0
369,1,1,0.000001907,-0.599849224,2.490066528,0.000030616,0.254852295,0.000000000,15.260924339,0
370,1,1,0.000000000,-0.599850953,2.490051270,0.000015474,0.255355835,0.000000000,15.291136742,0
371,1,1,0.000001907,-0.599852681,2.490020752,0.000030626,0.255859375,0.000000000,15.321349144,0
372,1,1,-0.000001907,-0.599854052,2.490020752,0.000004054,0.256347656,0.000000000,15.351561546,0
373,1,1,-0.000003815,-0.599855661,2.489974976,0.000045844,0.256851196,0.000000000,15.380858421,0
374,1,1,-0.000003815,-0.599857390,2.489944458,0.000030566,0.257354736,0.000000000,15.411070824,0
375,1,1,-0.000007629,-0.599858999,2.489913940,0.000030797,0.257843018,0.000000000,15.441283226,0
376,1,1,-0.000007629,-0.599860430,2.489883423,0.000030551,0.258346558,0.000000000,15.470580101,0
377,1,1,-0.000011444,-0.599862218,2.489852905,0.000030807,0.258834839,0.000000000,15.500792503,0
378,1,1,-0.000013351,-0.599863827,2.489837646,0.000015462,0.259338379,0.000000000,15.530089378,0
379,1,1,-0.000013351,-0.599865437,2.489822388,0.000015343,0.259826660,0.000000000,15.560301781,0
380,1,1,-0.000017166,-0.599867046,2.489807129,0.000015811,0.260314941,0.000000000,15.589598656,0
381,1,1,-0.000017166,-0.599868655,2.489791870,0.000015343,0.260818481,0.000000000,15.618895531,0
382,1,1,-0.000019073,-0.599870324,2.489776611,0.000015468,0.261306763,0.000000000,15.649107933,0
383,1,1,-0.000022888,-0.599871755,2.489746094,0.000030788,0.261795044,0.000000000,15.678404808,0
384,1,1,-0.000022888,-0.599873424,2.489685059,0.000061058,0.262283325,0.000000000,15.707701683,0
385,1,1,-0.000026703,-0.599874973,2.489639282,0.000045961,0.262771606,0.000000000,15.736998558,0
386,1,1,-0.000028610,-0.599876821,2.489608765,0.000030633,0.263259888,0.000000000,15.766295433,0
387,1,1,-0.000028610,-0.599878371,2.489578247,0.000030557,0.263748169,0.000000000,15.795592308,0
388,1,1,-0.000032425,-0.599879742,2.489547729,0.000030786,0.264236450,0.000000000,15.824889183,0
389,1,1,-0.000034332,-0.599881470,2.489517212,0.000030626,0.264724731,0.000000000,15.854186058,0
390,1,1,-0.000034332,-0.599883080,2.489486694,0.000030560,0.265197754,0.000000000,15.883482933,0
391,1,1,-0.000038147,-0.599884689,2.489456177,0.000030797,0.265686035,0.000000000,15.911864281,0
392,1,1,-0.000040054,-0.599886060,2.489425659,0.000030608,0.266174316,0.000000000,15.941161156,0
393,1,1,-0.000040054,-0.599887788,2.489395142,0.000030566,0.266647339,0.000000000,15.970458031,0
394,1,1,-0.000043869,-0.599889398,2.489379883,0.000015811,0.267135620,0.000000000,15.998839378,0
395,1,1,-0.000043869,-0.599890828,2.489334106,0.000045799,0.267608643,0.000000000,16.028137207,0
396,1,1,-0.000045776,-0.599892497,2.489303589,0.000030623,0.268096924,0.000000000,16.056518555,0
397,1,1,-0.000049591,-0.599893928,2.489273071,0.000030788,0.268569946,0.000000000,16.085815430,0
398,1,1,-0.000049591,-0.599895537,2.489242554,0.000030560,0.269058228,0.000000000,16.114196777,0
399,1,1,-0.000051498,-0.599897206,2.489212036,0.000030623,0.269531250,0.000000000,16.143493652,0
400,1,1,-0.000055313,-0.599898577,2.489181519,0.000030786,0.270004272,0.000000000,16.171875000,0
401,1,1,-0.000057220,-0.599900246,2.489151001,0.000030623,0.270477295,0.000000000,16.200256348,0
402,1,1,-0.000057220,-0.599901736,2.489120483,0.000030554,0.270950317,0.000000000,16.228637695,0
403,1,1,-0.000061035,-0.599903405,2.489089966,0.000030800,0.271438599,0.000000000,16.257019043,0
404,1,1,-0.000062943,-0.599904954,2.489074707,0.000015455,0.271911621,0.000000000,16.286315918,0
405,1,1,-0.000062943,-0.599906504,2.489028931,0.000045803,0.272384644,0.000000000,16.314697266,0
406,1,1,-0.000066757,-0.599907994,2.489013672,0.000015799,0.272842407,0.000000000,16.343078613,0
407,1,1,-0.000068665,-0.599909365,2.488983154,0.000030608,0.273315430,0.000000000,16.370544434,0
408,1,1,-0.000068665,-0.599911094,2.488952637,0.000030566,0.273788452,0.000000000,16.398925781,0
409,1,1,-0.000070572,-0.599912643,2.488922119,0.000030616,0.274261475,0.000000000,16.427307129,0
410,1,1,-0.000074387,-0.599914134,2.488891602,0.000030791,0.274734497,0.000000000,16.455688477,0
411,1,1,-0.000076294,-0.599915624,2.488876343,0.000015450,0.275192261,0.000000000,16.484069824,0
412,1,1,-0.000076294,-0.599917054,2.488845825,0.000030551,0.275665283,0.000000000,16.511535645,0
413,1,1,-0.000080109,-0.599918664,2.488815308,0.000030797,0.276138306,0.000000000,16.539916992,0
414,1,1,-0.000082016,-0.599920154,2.488800049,0.000015450,0.276596069,0.000000000,16.568298340,0
415,1,1,-0.000082016,-0.599921703,2.488754272,0.000045803,0.277069092,0.000000000,16.595764160,0
416,1,1,-0.000083923,-0.599923253,2.488723755,0.000030616,0.277526855,0.000000000,16.624145508,0
417,1,1,-0.000087738,-0.599924684,2.488708496,0.000015793,0.277984619,0.000000000,16.651611328,0
418,1,1,-0.000089645,-0.599926293,2.488693237,0.000015462,0.278457642,0.000000000,16.679077148,0
419,1,1,-0.000089645,-0.599927723,2.488662720,0.000030551,0.278915405,0.000000000,16.707458496,0
420,1,1,-0.000091553,-0.599929333,2.488632202,0.000030619,0.279373169,0.000000000,16.734924316,0
421,1,1,-0.000095367,-0.599930763,2.488601685,0.000030788,0.279830933,0.000000000,16.762390137,0
422,1,1,-0.000097275,-0.599932313,2.488586426,0.000015455,0.280288696,0.000000000,16.789855957,0
423,1,1,-0.000097275,-0.599933684,2.488571167,0.000015320,0.280746460,0.000000000,16.817321777,0
424,1,1,-0.000101089,-0.599935293,2.488555908,0.000015811,0.281204224,0.000000000,16.844787598,0
425,1,1,-0.000102997,-0.599935055,2.488510132,0.000045817,0.281661987,0.000000000,16.872253418,0
426,1,1,-0.000102997,-0.599938035,2.488464355,0.000045873,0.282119751,0.000000000,16.899719238,0
427,1,1,-0.000104904,-0.599939466,2.488433838,0.000030611,0.282577515,0.000000000,16.927185059,0
428,1,1,-0.000108719,-0.599941015,2.488418579,0.000015805,0.283035278,0.000000000,16.954650879,0
429,1,1,-0.000110626,-0.599942386,2.488388062,0.000030608,0.283493042,0.000000000,16.982116699,0
430,1,1,-0.000110626,-0.599943876,2.488357544,0.000030554,0.283950806,0.000000000,17.009582520,0
431,1,1,-0.000112534,-0.599945307,2.488327026,0.000030611,0.284393311,0.000000000,17.037048340,0
432,1,1,-0.000116348,-0.599946856,2.488296509,0.000030794,0.284851074,0.000000000,17.063598633,0
433,1,1,-0.000118256,-0.599948287,2.488265991,0.000030611,0.285293579,0.000000000,17.091064453,0
434,1,1,-0.000118256,-0.599949777,2.488250732,0.000015331,0.285751343,0.000000000,17.117614746,0
435,1,1,-0.000120163,-0.599951267,2.488220215,0.000030613,0.286193848,0.000000000,17.145080566,0
436,1,1,-0.000122070,-0.599952817,2.488204956,0.000015455,0.286651611,0.000000000,17.171630859,0
437,1,1,-0.000125885,-0.599954128,2.488174438,0.000030783,0.287094116,0.000000000,17.199096680,0
438,1,1,-0.000127792,-0.599955618,2.488159180,0.000015450,0.287536621,0.000000000,17.225646973,0
439,1,1,-0.000127792,-0.599957228,2.488143921,0.000015343,0.287994385,0.000000000,17.252197266,0
440,1,1,-0.000129700,-0.599958539,2.488113403,0.000030605,0.288436890,0.000000000,17.279663086,0
441,1,1,-0.000133514,-0.599960148,2.488098145,0.000015811,0.288879395,0.000000000,17.306213379,0
442,1,1,-0.000135422,-0.599961519,2.488067627,0.000030608,0.289321899,0.000000000,17.332763672,0
443,1,1,-0.000137329,-0.599962950,2.488052368,0.000015444,0.289764404,0.000000000,17.359313965,0
444,1,1,-0.000137329,-0.599964440,2.488021851,0.000030554,0.290206909,0.000000000,17.385864258,0
445,1,1,-0.000139236,-0.599965870,2.487991333,0.000030611,0.290649414,0.000000000,17.412414551,0
446,1,1,-0.000143051,-0.599967301,2.487960815,0.000030788,0.291091919,0.000000000,17.438964844,0
447,1,1,-0.000144958,-0.599968791,2.487930298,0.000030613,0.291534424,0.000000000,17.465515137,0
448,1,1,-0.000146866,-0.599970162,2.487899780,0.000030608,0.291976929,0.000000000,17.492065430,0
449,1,1,-0.000146866,-0.599971533,2.487854004,0.000045797,0.292419434,0.000000000,17.518615723,0
450,1,1,-0.000148773,-0.599973202,2.487838745,0.000015468,0.292861938,0.000000000,17.545166016,0
451,1,1,-0.000150681,-0.599974394,2.487808228,0.000030600,0.293289185,0.000000000,17.571716309,0
452,1,1,-0.000154495,-0.599975944,2.487792969,0.000015805,0.293731689,0.000000000,17.597351074,0
453,1,1,-0.000156403,-0.599977434,2.487777710,0.000015450,0.294158936,0.000000000,17.623901367,0
454,1,1,-0.000158310,-0.599978805,2.487731934,0.000045837,0.294601440,0.000000000,17.649536133,0
455,1,1,-0.000158310,-0.599980116,2.487716675,0.000015315,0.295043945,0.000000000,17.676086426,0
456,1,1,-0.000160217,-0.599982142,2.487686157,0.000030644,0.295471191,0.000000000,17.702636719,0
457,1,1,-0.000162125,-0.599983573,2.487655640,0.000030611,0.295898438,0.000000000,17.728271484,0
458,1,1,-0.000165939,-0.599985003,2.487625122,0.000030788,0.296340942,0.000000000,17.753906250,0
459,1,1,-0.000167847,-0.599986315,2.487609863,0.000015433,0.296768188,0.000000000,17.780456543,0
460,1,1,-0.000169754,-0.599987864,2.487579346,0.000030616,0.297195435,0.000000000,17.806091309,0
461,1,1,-0.000169754,-0.599989414,2.487548828,0.000030557,0.297637939,0.000000000,17.831726074,0
462,1,1,-0.000171661,-0.599990606,2.487533569,0.000015424,0.298065186,0.000000000,17.858276367,0
463,1,1,-0.000173569,-0.599992156,2.487487793,0.000045842,0.298492432,0.000000000,17.883911133,0
464,1,1,-0.000175476,-0.599993587,2.487457275,0.000030611,0.298919678,0.000000000,17.909545898,0
465,1,1,-0.000179291,-0.599994779,2.487426758,0.000030778,0.299346924,0.000000000,17.935180664,0
466,1,1,-0.000181198,-0.599996269,2.487396240,0.000030613,0.299774170,0.000000000,17.960815430,0
467,1,1,-0.000183105,-0.599997759,2.487380981,0.000015450,0.300201416,0.000000000,17.986450195,0
468,1,1,-0.000183105,-0.599999189,2.487350464,0.000030551,0.300628662,0.000000000,18.012084961,0
469,1,1,-0.000185013,-0.600000441,2.487319946,0.000030603,0.301055908,0.000000000,18.037719727,0
470,1,1,-0.000186920,-0.600001693,2.487304688,0.000015428,0.301467896,0.000000000,18.063354492,0
471,1,1,-0.000188828,-0.600003242,2.487274170,0.000030616,0.301895142,0.000000000,18.088073730,0
472,1,1,-0.000192642,-0.600004673,2.487258911,0.000015793,0.302322388,0.000000000,18.113708496,0
473,1,1,-0.000194550,-0.600005984,2.487213135,0.000045835,0.302749634,0.000000000,18.139343262,0
474,1,1,-0.000196457,-0.600007296,2.487182617,0.000030605,0.303161621,0.000000000,18.164978027,0
475,1,1,-0.000198364,-0.600008607,2.487167358,0.000015433,0.303588867,0.000000000,18.189697266,0
476,1,1,-0.000200272,-0.600010037,2.487152100,0.000015444,0.304000854,0.000000000,18.215332031,0
477,1,1,-0.000200272,-0.600011408,2.487136841,0.000015320,0.304412842,0.000000000,18.240051270,0
478,1,1,-0.000202179,-0.600012898,2.487106323,0.000030613,0.304840088,0.000000000,18.265228271,0
479,1,1,-0.000204086,-0.600014269,2.487060547,0.000045837,0.305259705,0.000000000,18.290403366,0
480,1,1,-0.000205994,-0.600015521,2.487045288,0.000015428,0.305679321,0.000000000,18.315580368,0
481,1,1,-0.000207901,-0.600016832,2.487030029,0.000015433,0.306091309,0.000000000,18.340757370,0
482,1,1,-0.000211716,-0.600018263,2.487022400,0.000008649,0.306510925,0.000000000,18.365476608,0
483,1,1,-0.000213623,-0.600019693,2.486999512,0.000023012,0.306922913,0.000000000,18.390653610,0
484,1,1,-0.000215530,-0.600021005,2.486946106,0.000053456,0.307342529,0.000000000,18.415372849,0
485,1,1,-0.000217438,-0.600022256,2.486923218,0.000023002,0.307754517,0.000000000,18.440549850,0
486,1,1,-0.000219345,-0.600023627,2.486900330,0.000023008,0.308166504,0.000000000,18.465269089,0
487,1,1,-0.000221252,-0.600024939,2.486869812,0.000030605,0.308578491,0.000000000,18.489988327,0
488,1,1,-0.000221252,-0.600026309,2.486846924,0.000022929,0.308990479,0.000000000,18.514707565,0
489,1,1,-0.000223160,-0.600027680,2.486816406,0.000030608,0.309402466,0.000000000,18.539426804,0
490,1,1,-0.000225067,-0.600028992,2.486793518,0.000023005,0.309814453,0.000000000,18.564146042,0
491,1,1,-0.000226974,-0.600030422,2.486770630,0.000023012,0.310218811,0.000000000,18.588865280,0
492,1,1,-0.000228882,-0.600031614,2.486755371,0.000015424,0.310630798,0.000000000,18.613126755,0
493,1,1,-0.000230789,-0.600032926,2.486724854,0.000030605,0.311035156,0.000000000,18.637845993,0
494,1,1,-0.000234604,-0.600034297,2.486694336,0.000030786,0.311447144,0.000000000,18.662107468,0
495,1,1,-0.000236511,-0.600035608,2.486663818,0.000030605,0.311851501,0.000000000,18.686826706,0
496,1,1,-0.000238419,-0.600036979,2.486633301,0.000030608,0.312255859,0.000000000,18.711088181,0
497,1,1,-0.000240326,-0.600038409,2.486602783,0.000030611,0.312660217,0.000000000,18.735349655,0
498,1,1,-0.000242233,-0.600039601,2.486572266,0.000030600,0.313072205,0.000000000,18.759611130,0
499,1,1,-0.000244141,-0.600040913,2.486541748,0.000030605,0.313468933,0.000000000,18.784330368,0
500,1,1,-0.000246048,-0.600042343,2.486511230,0.000030611,0.313873291,0.000000000,18.808134079,0
501,1,1,-0.000247955,-0.600043714,2.486488342,0.000023008,0.314277649,0.000000000,18.832395554,0
502,1,1,-0.000249863,-0.600044847,2.486457825,0.000030598,0.314682007,0.000000000,18.856657028,0
503,1,1,-0.000251770,-0.600046277,2.486434937,0.000023012,0.315086365,0.000000000,18.880918503,0
504,1,1,-0.000253677,-0.600047588,2.486404419,0.000030605,0.315483093,0.000000000,18.905179977,0
505,1,1,-0.000253677,-0.600048780,2.486381531,0.000022919,0.315879822,0.000000000,18.928983688,0
506,1,1,-0.000255585,-0.600050151,2.486343384,0.000038219,0.316284180,0.000000000,18.952787399,0
507,1,1,-0.000259399,-0.600053847,2.486312866,0.000030976,0.316680908,0.000000000,18.977048874,0
508,1,1,-0.000259399,-0.600053191,2.486282349,0.000030525,0.317077637,0.000000000,19.000852585,0
509,1,1,-0.000261307,-0.600054264,2.486259460,0.000022993,0.317474365,0.000000000,19.024656296,0
510,1,1,-0.000263214,-0.600055516,2.486244202,0.000015428,0.317871094,0.000000000,19.048460007,0
511,1,1,-0.000265121,-0.600056946,2.486213684,0.000030611,0.318267822,0.000000000,19.072263718,0
512,1,1,-0.000267029,-0.600058079,2.486183167,0.000030598,0.318664551,0.000000000,19.096067429,0
513,1,1,-0.000268936,-0.600059628,2.486160278,0.000023020,0.319061279,0.000000000,19.119871140,0
514,1,1,-0.000270844,-0.600060821,2.486145020,0.000015424,0.319458008,0.000000000,19.143674850,0
515,1,1,-0.000272751,-0.600062013,2.486106873,0.000038213,0.319847107,0.000000000,19.167478561,0
516,1,1,-0.000274658,-0.600063324,2.486076355,0.000030605,0.320243835,0.000000000,19.190824509,0
517,1,1,-0.000276566,-0.600064695,2.486053467,0.000023008,0.320632935,0.000000000,19.214628220,0
518,1,1,-0.000278473,-0.600065947,2.486038208,0.000015428,0.321022034,0.000000000,19.237974167,0
519,1,1,-0.000280380,-0.600067258,2.486000061,0.000038217,0.321418762,0.000000000,19.261320114,0
520,1,1,-0.000282288,-0.600068450,2.485977173,0.000022998,0.321807861,0.000000000,19.285123825,0
521,1,1,-0.000284195,-0.600069821,2.485946655,0.000030608,0.322196960,0.000000000,19.308469772,0
522,1,1,-0.000286102,-0.600070953,2.485923767,0.000022995,0.322586060,0.000000000,19.331815720,0
523,1,1,-0.000288010,-0.600072324,2.485908508,0.000015439,0.322975159,0.000000000,19.355161667,0
524,1,1,-0.000289917,-0.600073338,2.485870361,0.000038208,0.323356628,0.000000000,19.378507614,0
525,1,1,-0.000291824,-0.600074947,2.485847473,0.000023024,0.323745728,0.000000000,19.401395798,0
526,1,1,-0.000293732,-0.600076079,2.485824585,0.000022995,0.324134827,0.000000000,19.424741745,0
527,1,1,-0.000295639,-0.600077212,2.485801697,0.000022995,0.324516296,0.000000000,19.448087692,0
528,1,1,-0.000297546,-0.600078583,2.485771179,0.000030608,0.324905396,0.000000000,19.470975876,0
529,1,1,-0.000299454,-0.600079894,2.485748291,0.000023005,0.325286865,0.000000000,19.494321823,0
530,1,1,-0.000301361,-0.600081086,2.485725403,0.000022998,0.325675964,0.000000000,19.517210007,0
531,1,1,-0.000303268,-0.600082159,2.485702515,0.000022993,0.326057434,0.000000000,19.540555954,0
532,1,1,-0.000307083,-0.600083649,2.485664368,0.000038366,0.326438904,0.000000000,19.563444138,0
533,1,1,-0.000308990,-0.600084782,2.485641479,0.000022995,0.326820374,0.000000000,19.586332321,0
534,1,1,-0.000310898,-0.600086093,2.485610962,0.000030605,0.327201843,0.000000000,19.609220505,0
535,1,1,-0.000312805,-0.600087285,2.485588074,0.000022998,0.327583313,0.000000000,19.632108688,0
536,1,1,-0.000314713,-0.600088537,2.485565186,0.000023002,0.327964783,0.000000000,19.654996872,0
537,1,1,-0.000316620,-0.600089908,2.485527039,0.000038219,0.328338623,0.000000000,19.677885056,0
538,1,1,-0.000318527,-0.600091100,2.485504150,0.000022998,0.328720093,0.000000000,19.700315475,0
539,1,1,-0.000320435,-0.600092173,2.485473633,0.000030596,0.329101563,0.000000000,19.723203659,0
540,1,1,-0.000322342,-0.600093424,2.485458374,0.000015428,0.329475403,0.000000000,19.746091843,0
541,1,1,-0.000324249,-0.600094676,2.485420227,0.000038215,0.329849243,0.000000000,19.768522263,0
542,1,1,-0.000326157,-0.600095987,2.485389709,0.000030605,0.330230713,0.000000000,19.790952682,0
543,1,1,-0.000328064,-0.600097179,2.485359192,0.000030600,0.330604553,0.000000000,19.813840866,0
544,1,1,-0.000328064,-0.600098491,2.485336304,0.000022926,0.330978394,0.000000000,19.836271286,0
545,1,1,-0.000329971,-0.600099564,2.485305786,0.000030596,0.331352234,0.000000000,19.858701706,0
546,1,1,-0.000331879,-0.600100875,2.485275269,0.000030605,0.331726074,0.000000000,19.881132126,0
547,1,1,-0.000333786,-0.600102007,2.485252380,0.000022995,0.332099915,0.000000000,19.903562546,0
548,1,1,-0.000335693,-0.600103378,2.485229492,0.000023008,0.332473755,0.000000000,19.925992966,0
549,1,1,-0.000337601,-0.600104630,2.485198975,0.000030603,0.332847595,0.000000000,19.948423386,0
550,1,1,-0.000339508,-0.600105762,2.485176086,0.000022995,0.333213806,0.000000000,19.970853806,0
551,1,1,-0.000343323,-0.600106955,2.485145569,0.000030778,0.333587646,0.000000000,19.992826462,0
552,1,1,-0.000345230,-0.600108147,2.485130310,0.000015424,0.333953857,0.000000000,20.015256882,0
553,1,1,-0.000347137,-0.600109339,2.485099792,0.000030600,0.334327698,0.000000000,20.037229538,0
554,1,1,-0.000349045,-0.600110531,2.485069275,0.000030600,0.334693909,0.000000000,20.059659958,0
555,1,1,-0.000350952,-0.600111663,2.485038757,0.000030598,0.335060120,0.000000000,20.081632614,0
556,1,1,-0.000352859,-0.600112855,2.485015869,0.000022998,0.335426331,0.000000000,20.103605270,0
557,1,1,-0.000354767,-0.600114226,2.484992981,0.000023008,0.335792542,0.000000000,20.125577927,0
558,1,1,-0.000354767,-0.600115418,2.484962463,0.000030541,0.336158752,0.000000000,20.147550583,0
559,1,1,-0.000356674,-0.600116491,2.484931946,0.000030596,0.336524963,0.000000000,20.169523239,0
560,1,1,-0.000358582,-0.600117683,2.484901428,0.000030600,0.336891174,0.000000000,20.191495895,0
561,1,1,-0.000360489,-0.600118876,2.484886169,0.000015424,0.337257385,0.000000000,20.213468552,0
562,1,1,-0.000362396,-0.600120127,2.484848022,0.000038215,0.337623596,0.000000000,20.235441208,0
563,1,1,-0.000366211,-0.600121200,2.484817505,0.000030774,0.337982178,0.000000000,20.257413864,0
564,1,1,-0.000368118,-0.600122452,2.484786987,0.000030603,0.338348389,0.000000000,20.278928757,0
565,1,1,-0.000370026,-0.600123763,2.484771729,0.000015433,0.338706970,0.000000000,20.300901413,0
566,1,1,-0.000371933,-0.600124836,2.484741211,0.000030596,0.339073181,0.000000000,20.322416306,0
567,1,1,-0.000373840,-0.600126028,2.484710693,0.000030600,0.339431763,0.000000000,20.344388962,0
568,1,1,-0.000373840,-0.600127220,2.484680176,0.000030541,0.339790344,0.000000000,20.365903854,0
569,1,1,-0.000375748,-0.600128353,2.484664917,0.000015419,0.340148926,0.000000000,20.387418747,0
570,1,1,-0.000377655,-0.600129604,2.484634399,0.000030603,0.340507507,0.000000000,20.408933640,0
571,1,1,-0.000379562,-0.600130558,2.484603882,0.000030592,0.340866089,0.000000000,20.430448532,0
572,1,1,-0.000383377,-0.600131869,2.484580994,0.000023241,0.341224670,0.000000000,20.451963425,0
573,1,1,-0.000385284,-0.600133061,2.484565735,0.000015424,0.341583252,0.000000000,20.473478317,0
574,1,1,-0.000387192,-0.600134134,2.484527588,0.000038210,0.341941833,0.000000000,20.494993210,0
575,1,1,-0.000389099,-0.600135386,2.484497070,0.000030603,0.342292786,0.000000000,20.516508102,0
576,1,1,-0.000389099,-0.600136518,2.484466553,0.000030539,0.342651367,0.000000000,20.537565231,0
577,1,1,-0.000391006,-0.600137770,2.484443665,0.000023002,0.343009949,0.000000000,20.559080124,0
578,1,1,-0.000392914,-0.600138962,2.484405518,0.000038213,0.343360901,0.000000000,20.580595016,0
579,1,1,-0.000394821,-0.600140095,2.484375000,0.000030598,0.343711853,0.000000000,20.601652145,0
580,1,1,-0.000398636,-0.600141168,2.484352112,0.000023229,0.344070435,0.000000000,20.622709274,0
581,1,1,-0.000400543,-0.600142360,2.484329224,0.000022998,0.344421387,0.000000000,20.644224167,0
582,1,1,-0.000402451,-0.600143552,2.484291077,0.000038213,0.344772339,0.000000000,20.665281296,0
583,1,1,-0.000402451,-0.600144506,2.484260559,0.000030532,0.345123291,0.000000000,20.686338425,0
584,1,1,-0.000404358,-0.600145817,2.484230042,0.000030605,0.345474243,0.000000000,20.707395554,0
585,1,1,-0.000406265,-0.600146890,2.484207153,0.000022993,0.345825195,0.000000000,20.728452682,0
586,1,1,-0.000410080,-0.600148022,2.484169006,0.000038354,0.346176147,0.000000000,20.749509811,0
587,1,1,-0.000411987,-0.600149155,2.484138489,0.000030598,0.346519470,0.000000000,20.770566940,0
588,1,1,-0.000413895,-0.600150466,2.484107971,0.000030605,0.346870422,0.000000000,20.791166306,0
589,1,1,-0.000415802,-0.600151420,2.484092712,0.000015407,0.347221375,0.000000000,20.812223434,0
590,1,1,-0.000415802,-0.600152671,2.484054565,0.000038168,0.347564697,0.000000000,20.833280563,0
591,1,1,-0.000417709,-0.600153804,2.484024048,0.000030598,0.347915649,0.000000000,20.853879929,0
592,1,1,-0.000419617,-0.600154996,2.484001160,0.000022998,0.348258972,0.000000000,20.874937057,0
593,1,1,-0.000423431,-0.600156128,2.483985901,0.000015769,0.348602295,0.000000000,20.895536423,0
594,1,1,-0.000425339,-0.600157142,2.483955383,0.000030594,0.348945618,0.000000000,20.916135788,0
595,1,1,-0.000427246,-0.600158334,2.483932495,0.000022998,0.349296570,0.000000000,20.936735153,0
596,1,1,-0.000427246,-0.600159407,2.483909607,0.000022913,0.349639893,0.000000000,20.957792282,0
597,1,1,-0.000429153,-0.600160539,2.483894348,0.000015419,0.349983215,0.000000000,20.978391647,0
598,1,1,-0.000431061,-0.600161612,2.483863831,0.000030596,0.350326538,0.000000000,20.998991013,0
599,1,1,-0.000434875,-0.600162745,2.483833313,0.000030776,0.350662231,0.000000000,21.019590378,0
600,1,1,-0.000436783,-0.600163937,2.483810425,0.000022998,0.351005554,0.000000000,21.039731979,0
601,1,1,-0.000438690,-0.600165129,2.483795166,0.000015424,0.351348877,0.000000000,21.060331345,0
602,1,1,-0.000438690,-0.600166082,2.483764648,0.000030532,0.351684570,0.000000000,21.080930710,0
603,1,1,-0.000440598,-0.600167274,2.483734131,0.000030600,0.352027893,0.000000000,21.101072311,0
604,1,1,-0.000444412,-0.600168407,2.483703613,0.000030776,0.352363586,0.000000000,21.121671677,0
605,1,1,-0.000446320,-0.600169480,2.483680725,0.000022993,0.352706909,0.000000000,21.141813278,0
606,1,1,-0.000448227,-0.600170612,2.483642578,0.000038211,0.353042603,0.000000000,21.162412643,0
607,1,1,-0.000448227,-0.600171506,2.483612061,0.000030531,0.353378296,0.000000000,21.182554245,0
608,1,1,-0.000450134,-0.600172698,2.483581543,0.000030600,0.353721619,0.000000000,21.202695847,0
609,1,1,-0.000453949,-0.600173831,2.483558655,0.000023232,0.354057312,0.000000000,21.223295212,0
610,1,1,-0.000455856,-0.600174904,2.483528137,0.000030596,0.354393005,0.000000000,21.243436813,0
611,1,1,-0.000457764,-0.600175977,2.483505249,0.000022993,0.354728699,0.000000000,21.263578415,0
612,1,1,-0.000457764,-0.600177050,2.483474731,0.000030536,0.355056763,0.000000000,21.283720016,0
613,1,1,-0.000459671,-0.600178242,2.483451843,0.000022998,0.355392456,0.000000000,21.303403854,0
614,1,1,-0.000463486,-0.600179315,2.483421326,0.000030774,0.355728149,0.000000000,21.323545456,0
615,1,1,-0.000465393,-0.600180387,2.483398438,0.000022993,0.356063843,0.000000000,21.343687057,0
616,1,1,-0.000465393,-0.600181341,2.483367920,0.000030532,0.356391907,0.000000000,21.363828659,0
617,1,1,-0.000467300,-0.600182533,2.483352661,0.000015424,0.356727600,0.000000000,21.383512497,0
618,1,1,-0.000469208,-0.600183606,2.483314514,0.000038210,0.357055664,0.000000000,21.403654099,0
619,1,1,-0.000473022,-0.600184739,2.483283997,0.000030776,0.357391357,0.000000000,21.423337936,0
620,1,1,-0.000474930,-0.600185752,2.483261108,0.000022990,0.357719421,0.000000000,21.443479538,0
621,1,1,-0.000474930,-0.600186825,2.483238220,0.000022913,0.358047485,0.000000000,21.463163376,0
622,1,1,-0.000476837,-0.600187898,2.483200073,0.000038210,0.358375549,0.000000000,21.482847214,0
623,1,1,-0.000480652,-0.600189030,2.483177185,0.000023232,0.358703613,0.000000000,21.502531052,0
624,1,1,-0.000482559,-0.600190163,2.483146667,0.000030598,0.359031677,0.000000000,21.522214890,0
625,1,1,-0.000482559,-0.600191116,2.483116150,0.000030532,0.359359741,0.000000000,21.541898727,0
626,1,1,-0.000484467,-0.600192308,2.483093262,0.000022998,0.359687805,0.000000000,21.561582565,0
627,1,1,-0.000488281,-0.600193262,2.483070374,0.000023223,0.360015869,0.000000000,21.581266403,0
628,1,1,-0.000490189,-0.600194335,2.483047485,0.000022993,0.360343933,0.000000000,21.600950241,0
629,1,1,-0.000492096,-0.600195408,2.483009338,0.000038210,0.360664368,0.000000000,21.620634079,0
630,1,1,-0.000492096,-0.600196600,2.482986450,0.000022919,0.360992432,0.000000000,21.639860153,0
631,1,1,-0.000495911,-0.600197494,2.482955933,0.000030768,0.361312866,0.000000000,21.659543991,0
632,1,1,-0.000497818,-0.600198627,2.482940674,0.000015419,0.361640930,0.000000000,21.678770065,0
633,1,1,-0.000499725,-0.600199699,2.482902527,0.000038210,0.361961365,0.000000000,21.698453903,0
634,1,1,-0.000499725,-0.600200772,2.482872009,0.000030536,0.362281799,0.000000000,21.717679977,0
635,1,1,-0.000503540,-0.600201964,2.482849121,0.000023234,0.362609863,0.000000000,21.736906052,0
636,1,1,-0.000505447,-0.600202918,2.482833862,0.000015407,0.362930298,0.000000000,21.756589890,0
637,1,1,-0.000507355,-0.600203991,2.482803345,0.000030596,0.363250732,0.000000000,21.775815964,0
638,1,1,-0.000507355,-0.600204945,2.482780457,0.000022908,0.363571167,0.000000000,21.795042038,0
639,1,1,-0.000511169,-0.600205958,2.482749939,0.000030772,0.363891602,0.000000000,21.814268112,0
640,1,1,-0.000513077,-0.600207090,2.482734680,0.000015419,0.364212036,0.000000000,21.833494186,0
641,1,1,-0.000513077,-0.600208044,2.482696533,0.000038159,0.364524841,0.000000000,21.852720261,0
642,1,1,-0.000514984,-0.600209117,2.482673645,0.000022993,0.364845276,0.000000000,21.871488571,0
643,1,1,-0.000518799,-0.600210190,2.482643127,0.000030774,0.365165710,0.000000000,21.890714645,0
644,1,1,-0.000520706,-0.600211143,2.482620239,0.000022987,0.365478516,0.000000000,21.909940720,0
645,1,1,-0.000520706,-0.600212216,2.482589722,0.000030536,0.365798950,0.000000000,21.928709030,0
646,1,1,-0.000522614,-0.600213289,2.482559204,0.000030596,0.366111755,0.000000000,21.947935104,0
647,1,1,-0.000526428,-0.600214362,2.482528687,0.000030774,0.366432190,0.000000000,21.966703415,0
648,1,1,-0.000528336,-0.600215197,2.482498169,0.000030589,0.366744995,0.000000000,21.985929489,0
649,1,1,-0.000528336,-0.600216329,2.482467651,0.000030539,0.367057800,0.000000000,22.004697800,0
650,1,1,-0.000532150,-0.600217462,2.482444763,0.000023232,0.367370605,0.000000000,22.023466110,0
651,1,1,-0.000534058,-0.600218475,2.482421875,0.000022990,0.367691040,0.000000000,22.042234421,0
652,1,1,-0.000534058,-0.600219488,2.482391357,0.000030534,0.368003845,0.000000000,22.061460495,0
653,1,1,-0.000535965,-0.600220442,2.482360840,0.000030592,0.368316650,0.000000000,22.080228806,0
654,1,1,-0.000539780,-0.600221574,2.482330322,0.000030776,0.368629456,0.000000000,22.098997116,0
655,1,1,-0.000541687,-0.600222528,2.482315063,0.000015407,0.368934631,0.000000000,22.117765427,0
656,1,1,-0.000541687,-0.600223601,2.482284546,0.000030536,0.369247437,0.000000000,22.136075974,0
657,1,1,-0.000545502,-0.600224495,2.482254028,0.000030768,0.369560242,0.000000000,22.154844284,0
658,1,1,-0.000547409,-0.600225449,2.482223511,0.000030592,0.369865417,0.000000000,22.173612595,0
659,1,1,-0.000547409,-0.600226581,2.482208252,0.000015301,0.370178223,0.000000000,22.191923141,0
660,1,1,-0.000551224,-0.600227475,2.482170105,0.000038348,0.370491028,0.000000000,22.210691452,0
661,1,1,-0.000553131,-0.600228488,2.482139587,0.000030594,0.370796204,0.000000000,22.229459763,0
662,1,1,-0.000553131,-0.600229621,2.482109070,0.000030539,0.371101379,0.000000000,22.247770309,0
663,1,1,-0.000555038,-0.600230694,2.482086182,0.000022993,0.371414185,0.000000000,22.266080856,0
664,1,1,-0.000558853,-0.600231469,2.482048035,0.000038345,0.371719360,0.000000000,22.284849167,0
665,1,1,-0.000558853,-0.600232661,2.482021332,0.000026729,0.372028351,0.000000000,22.303159714,0
666,1,1,-0.000560760,-0.600233555,2.482002258,0.000019189,0.372329712,0.000000000,22.321470261,0
667,1,1,-0.000564575,-0.600234628,2.481971741,0.000030774,0.372634888,0.000000000,22.339780807,0
668,1,1,-0.000566483,-0.600235462,2.481945038,0.000026784,0.372940063,0.000000000,22.358091354,0
669,1,1,-0.000566483,-0.600236595,2.481914520,0.000030539,0.373245239,0.000000000,22.376401901,0
670,1,1,-0.000568390,-0.600236595,2.481887817,0.000026771,0.373550415,0.000000000,22.394712448,0
671,1,1,-0.000568390,-0.600238323,2.481861115,0.000026759,0.373851776,0.000000000,22.413022995,0
672,1,1,-0.000570297,-0.600240111,2.481838226,0.000023037,0.374153137,0.000000000,22.431104660,0
673,1,1,-0.000574112,-0.600241065,2.481811523,0.000026991,0.374458313,0.000000000,22.449186325,0
674,1,1,-0.000576019,-0.600241959,2.481781006,0.000030590,0.374759674,0.000000000,22.467496872,0
675,1,1,-0.000576019,-0.600243092,2.481758118,0.000022916,0.375061035,0.000000000,22.485578537,0
676,1,1,-0.000579834,-0.600244045,2.481723785,0.000034557,0.375362396,0.000000000,22.503660202,0
677,1,1,-0.000581741,-0.600244939,2.481697083,0.000026786,0.375659943,0.000000000,22.521741867,0
678,1,1,-0.000581741,-0.600245953,2.481670380,0.000026722,0.375961304,0.000000000,22.539594650,0
679,1,1,-0.000585556,-0.600247025,2.481639862,0.000030774,0.376258850,0.000000000,22.557676315,0
680,1,1,-0.000585556,-0.600247860,2.481616974,0.000022903,0.376560211,0.000000000,22.575529099,0
681,1,1,-0.000587463,-0.600248933,2.481582642,0.000034402,0.376857758,0.000000000,22.593610764,0
682,1,1,-0.000591278,-0.600249887,2.481559753,0.000023223,0.377155304,0.000000000,22.611463547,0
683,1,1,-0.000591278,-0.600250721,2.481529236,0.000030529,0.377452850,0.000000000,22.629316330,0
684,1,1,-0.000593185,-0.600251794,2.481506348,0.000022993,0.377750397,0.000000000,22.647169113,0
685,1,1,-0.000597000,-0.600252807,2.481475830,0.000030772,0.378047943,0.000000000,22.665021896,0
686,1,1,-0.000597000,-0.600253701,2.481456757,0.000019094,0.378341675,0.000000000,22.682874680,0
687,1,1,-0.000600815,-0.600254655,2.481426239,0.000030770,0.378639221,0.000000000,22.700498581,0
688,1,1,-0.000602722,-0.600255609,2.481403351,0.000022987,0.378932953,0.000000000,22.718351364,0
689,1,1,-0.000602722,-0.600256681,2.481372833,0.000030536,0.379226685,0.000000000,22.735975266,0
690,1,1,-0.000606537,-0.600257635,2.481349945,0.000023223,0.379520416,0.000000000,22.753599167,0
691,1,1,-0.000608444,-0.600258470,2.481323242,0.000026784,0.379814148,0.000000000,22.771223068,0
692,1,1,-0.000608444,-0.600259542,2.481292725,0.000030536,0.380107880,0.000000000,22.788846970,0
693,1,1,-0.000612259,-0.600260496,2.481266022,0.000026991,0.380397797,0.000000000,22.806470871,0
694,1,1,-0.000614166,-0.600261331,2.481235504,0.000030589,0.380691528,0.000000000,22.823865891,0
695,1,1,-0.000614166,-0.600262403,2.481212616,0.000022913,0.380981445,0.000000000,22.841489792,0
696,1,1,-0.000617981,-0.600263238,2.481182098,0.000030766,0.381275177,0.000000000,22.858884811,0
697,1,1,-0.000617981,-0.600264132,2.481155396,0.000026718,0.381565094,0.000000000,22.876508713,0
698,1,1,-0.000621796,-0.600265145,2.481124878,0.000030772,0.381855011,0.000000000,22.893903732,0
699,1,1,-0.000623703,-0.600266159,2.481094360,0.000030594,0.382144928,0.000000000,22.911298752,0
700,1,1,-0.000623703,-0.600267112,2.481063843,0.000030532,0.382431030,0.000000000,22.928693771,0
701,1,1,-0.000627518,-0.600268006,2.481037140,0.000026989,0.382720947,0.000000000,22.945859909,0
702,1,1,-0.000629425,-0.600268960,2.481014252,0.000022987,0.383010864,0.000000000,22.963254929,0
703,1,1,-0.000629425,-0.600269914,2.480979919,0.000034346,0.383296967,0.000000000,22.980649948,0
704,1,1,-0.000633240,-0.600270867,2.480953217,0.000026991,0.383583069,0.000000000,22.997816086,0
705,1,1,-0.000633240,-0.600271761,2.480918884,0.000034344,0.383869171,0.000000000,23.014982224,0
706,1,1,-0.000637054,-0.600272775,2.480895996,0.000023226,0.384155273,0.000000000,23.032148361,0
707,1,1,-0.000638962,-0.600273609,2.480865479,0.000030589,0.384441376,0.000000000,23.049314499,0
708,1,1,-0.000638962,-0.600274622,2.480842590,0.000022911,0.384727478,0.000000000,23.066480637,0
709,1,1,-0.000642776,-0.600275576,2.480812073,0.000030770,0.385013580,0.000000000,23.083646774,0
710,1,1,-0.000642776,-0.600276470,2.480785370,0.000026718,0.385295868,0.000000000,23.100812912,0
711,1,1,-0.000646591,-0.600277305,2.480762482,0.000023219,0.385578156,0.000000000,23.117750168,0
712,1,1,-0.000648499,-0.600278318,2.480731964,0.000030594,0.385864258,0.000000000,23.134687424,0
713,1,1,-0.000648499,-0.600279272,2.480709076,0.000022908,0.386146545,0.000000000,23.151853561,0
714,1,1,-0.000652313,-0.600280106,2.480674744,0.000034554,0.386428833,0.000000000,23.168790817,0
715,1,1,-0.000652313,-0.600281119,2.480648041,0.000026722,0.386711121,0.000000000,23.185728073,0
716,1,1,-0.000656128,-0.600281954,2.480613708,0.000034554,0.386993408,0.000000000,23.202665329,0
717,1,1,-0.000658035,-0.600282907,2.480590820,0.000022987,0.387271881,0.000000000,23.219602585,0
718,1,1,-0.000658035,-0.600283802,2.480560303,0.000030531,0.387554169,0.000000000,23.236310959,0
719,1,1,-0.000661850,-0.600284815,2.480529785,0.000030772,0.387832642,0.000000000,23.253248215,0
720,1,1,-0.000661850,-0.600285649,2.480506897,0.000022903,0.388111115,0.000000000,23.269956589,0
721,1,1,-0.000665665,-0.600286603,2.480476379,0.000030770,0.388393402,0.000000000,23.286664963,0
722,1,1,-0.000667572,-0.600287557,2.480453491,0.000022987,0.388671875,0.000000000,23.303602219,0
723,1,1,-0.000667572,-0.600288391,2.480422974,0.000030529,0.388950348,0.000000000,23.320310593,0
724,1,1,-0.000671387,-0.600289226,2.480400085,0.000023219,0.389225006,0.000000000,23.337018967,0
725,1,1,-0.000671387,-0.600290239,2.480369568,0.000030534,0.389503479,0.000000000,23.353498459,0
726,1,1,-0.000675201,-0.600291014,2.480342865,0.000026985,0.389781952,0.000000000,23.370206833,0
727,1,1,-0.000675201,-0.600291967,2.480312347,0.000030532,0.390056610,0.000000000,23.386915207,0
728,1,1,-0.000679016,-0.600292861,2.480285645,0.000026989,0.390331268,0.000000000,23.403394699,0
729,1,1,-0.000680923,-0.600293636,2.480262756,0.000022981,0.390605927,0.000000000,23.419874191,0
730,1,1,-0.000680923,-0.600294590,2.480236053,0.000026720,0.390884399,0.000000000,23.436353683,0
731,1,1,-0.000684738,-0.600295484,2.480213165,0.000023221,0.391155243,0.000000000,23.453062057,0
732,1,1,-0.000684738,-0.600296438,2.480182648,0.000030532,0.391429901,0.000000000,23.469312668,0
733,1,1,-0.000688553,-0.600297213,2.480159760,0.000023217,0.391704559,0.000000000,23.485792160,0
734,1,1,-0.000688553,-0.600298226,2.480129242,0.000030534,0.391979218,0.000000000,23.502271652,0
735,1,1,-0.000692368,-0.600299001,2.480102539,0.000026985,0.392250061,0.000000000,23.518751144,0
736,1,1,-0.000694275,-0.600299954,2.480079651,0.000022987,0.392520905,0.000000000,23.535001755,0
737,1,1,-0.000694275,-0.600300789,2.480045319,0.000034342,0.392795563,0.000000000,23.551252365,0
738,1,1,-0.000698090,-0.600301743,2.480022430,0.000023223,0.393066406,0.000000000,23.567731857,0
739,1,1,-0.000698090,-0.600302577,2.479988098,0.000034342,0.393337250,0.000000000,23.583982468,0
740,1,1,-0.000701904,-0.600303411,2.479969025,0.000019469,0.393608093,0.000000000,23.600233078,0
741,1,1,-0.000701904,-0.600304365,2.479938507,0.000030532,0.393875122,0.000000000,23.616483688,0
742,1,1,-0.000705719,-0.600305080,2.479911804,0.000026983,0.394145966,0.000000000,23.632505417,0
743,1,1,-0.000705719,-0.600305974,2.479888916,0.000022906,0.394416809,0.000000000,23.648756027,0
744,1,1,-0.000709534,-0.600307047,2.479858398,0.000030774,0.394683838,0.000000000,23.665006638,0
745,1,1,-0.000711441,-0.600307941,2.479835510,0.000022985,0.394950867,0.000000000,23.681028366,0
746,1,1,-0.000711441,-0.600308657,2.479804993,0.000030526,0.395217896,0.000000000,23.697050095,0
747,1,1,-0.000715256,-0.600309610,2.479778290,0.000026991,0.395484924,0.000000000,23.713071823,0
748,1,1,-0.000715256,-0.600310564,2.479747772,0.000030532,0.395751953,0.000000000,23.729093552,0
749,1,1,-0.000719070,-0.600311399,2.479722977,0.000025101,0.396018982,0.000000000,23.745115280,0
750,1,1,-0.000719070,-0.600312352,2.479690552,0.000032439,0.396286011,0.000000000,23.761137009,0
751,1,1,-0.000722885,-0.600313127,2.479667664,0.000023217,0.396551132,0.000000000,23.777158737,0
752,1,1,-0.000722885,-0.600313902,2.479639053,0.000028621,0.396816254,0.000000000,23.793066025,0
753,1,1,-0.000726700,-0.600314856,2.479606628,0.000032662,0.397081375,0.000000000,23.808973312,0
754,1,1,-0.000726700,-0.600315809,2.479579926,0.000026720,0.397344589,0.000000000,23.824880600,0
755,1,1,-0.000730515,-0.600316703,2.479555130,0.000025103,0.397607803,0.000000000,23.840673447,0
756,1,1,-0.000730515,-0.600317478,2.479530334,0.000024808,0.397871017,0.000000000,23.856466293,0
757,1,1,-0.000734329,-0.600318313,2.479503632,0.000026987,0.398134232,0.000000000,23.872259140,0
758,1,1,-0.000736237,-0.600319207,2.479475021,0.000028688,0.398397446,0.000000000,23.888051987,0
759,1,1,-0.000738144,-0.600319982,2.479448318,0.000026782,0.398658752,0.000000000,23.903844833,0
760,1,1,-0.000740051,-0.600320935,2.479417801,0.000030592,0.398920059,0.000000000,23.919523239,0
761,1,1,-0.000741959,-0.600321829,2.479393005,0.000024885,0.399181366,0.000000000,23.935201645,0
762,1,1,-0.000743866,-0.600322545,2.479362488,0.000030585,0.399442673,0.000000000,23.950880051,0
763,1,1,-0.000743866,-0.600323379,2.479335785,0.000026716,0.399702072,0.000000000,23.966558456,0
764,1,1,-0.000747681,-0.600324214,2.479307175,0.000028875,0.399961472,0.000000000,23.982122421,0
765,1,1,-0.000747681,-0.600325048,2.479278564,0.000028622,0.400220871,0.000000000,23.997686386,0
766,1,1,-0.000751495,-0.600325942,2.479248047,0.000030768,0.400480270,0.000000000,24.013250351,0
767,1,1,-0.000751495,-0.600326777,2.479219437,0.000028622,0.400737762,0.000000000,24.028814316,0
768,1,1,-0.000755310,-0.600327790,2.479194641,0.000025108,0.400997162,0.000000000,24.044263840,0
769,1,1,-0.000755310,-0.600328445,2.479169846,0.000024804,0.401254654,0.000000000,24.059827805,0
770,1,1,-0.000759125,-0.600329399,2.479143143,0.000026991,0.401512146,0.000000000,24.075277328,0
771,1,1,-0.000759125,-0.600330234,2.479116440,0.000026716,0.401767731,0.000000000,24.090726852,0
772,1,1,-0.000762939,-0.600330949,2.479087830,0.000028872,0.402023315,0.000000000,24.106061935,0
773,1,1,-0.000762939,-0.600331962,2.479055405,0.000032441,0.402280807,0.000000000,24.121397018,0
774,1,1,-0.000766754,-0.600332618,2.479028702,0.000026982,0.402536392,0.000000000,24.136846542,0
775,1,1,-0.000766754,-0.600333571,2.479001999,0.000026720,0.402790070,0.000000000,24.152181625,0
776,1,1,-0.000770569,-0.600334406,2.478973389,0.000028875,0.403045654,0.000000000,24.167402267,0
777,1,1,-0.000770569,-0.600335121,2.478942871,0.000030526,0.403299332,0.000000000,24.182737350,0
778,1,1,-0.000774384,-0.600336075,2.478916168,0.000026991,0.403553009,0.000000000,24.197957993,0
779,1,1,-0.000774384,-0.600336909,2.478891373,0.000024810,0.403806686,0.000000000,24.213178635,0
780,1,1,-0.000778198,-0.600337744,2.478864670,0.000026987,0.404060364,0.000000000,24.228399277,0
781,1,1,-0.000778198,-0.600338519,2.478837967,0.000026714,0.404312134,0.000000000,24.243619919,0
782,1,1,-0.000782013,-0.600339174,2.478811264,0.000026982,0.404563904,0.000000000,24.258726120,0
783,1,1,-0.000782013,-0.600340188,2.478782654,0.000028628,0.404815674,0.000000000,24.273832321,0
784,1,1,-0.000785828,-0.600341082,2.478755951,0.000026989,0.405067444,0.000000000,24.288938522,0
785,1,1,-0.000787735,-0.600341737,2.478729248,0.000026779,0.405317307,0.000000000,24.304044724,0
786,1,1,-0.000789642,-0.600342572,2.478702545,0.000026784,0.405567169,0.000000000,24.319036484,0
787,1,1,-0.000791550,-0.600343466,2.478675842,0.000026786,0.405818939,0.000000000,24.334028244,0
788,1,1,-0.000791550,-0.600344241,2.478647232,0.000028621,0.406066895,0.000000000,24.349134445,0
789,1,1,-0.000795364,-0.600345135,2.478620529,0.000026989,0.406316757,0.000000000,24.364011765,0
790,1,1,-0.000795364,-0.600345850,2.478591919,0.000028619,0.406565666,0.000000000,24.379003525,0
791,1,1,-0.000799179,-0.600346565,2.478566170,0.000026040,0.406813622,0.000000000,24.393938065,0
792,1,1,-0.000799179,-0.600347400,2.478542328,0.000023856,0.407061577,0.000000000,24.408815384,0
793,1,1,-0.000802994,-0.600348353,2.478515625,0.000026991,0.407309532,0.000000000,24.423692703,0
794,1,1,-0.000802994,-0.600349188,2.478488922,0.000026716,0.407556534,0.000000000,24.438570023,0
795,1,1,-0.000806808,-0.600349844,2.478459358,0.000029816,0.407802582,0.000000000,24.453390121,0
796,1,1,-0.000806808,-0.600350618,2.478430748,0.000028621,0.408048630,0.000000000,24.468153000,0
797,1,1,-0.000810623,-0.600351572,2.478404999,0.000026048,0.408294678,0.000000000,24.482915878,0
798,1,1,-0.000810623,-0.600352168,2.478377342,0.000027663,0.408540726,0.000000000,24.497678757,0
799,1,1,-0.000814438,-0.600353122,2.478349686,0.000027935,0.408785820,0.000000000,24.512441635,0
800,1,1,-0.000814438,-0.600353956,2.478323936,0.000025763,0.409029961,0.000000000,24.527147293,0
801,1,1,-0.000818253,-0.600354671,2.478297234,0.000026983,0.409274101,0.000000000,24.541795731,0
802,1,1,-0.000820160,-0.600355506,2.478270531,0.000026784,0.409518242,0.000000000,24.556444168,0
803,1,1,-0.000820160,-0.600356340,2.478242874,0.000027669,0.409761429,0.000000000,24.571092606,0
804,1,1,-0.000823975,-0.600356996,2.478216171,0.000026982,0.410004616,0.000000000,24.585683823,0
805,1,1,-0.000823975,-0.600357890,2.478188515,0.000027671,0.410246849,0.000000000,24.600275040,0
806,1,1,-0.000827789,-0.600358605,2.478160858,0.000027928,0.410489082,0.000000000,24.614809036,0
807,1,1,-0.000827789,-0.600359499,2.478132248,0.000028624,0.410731316,0.000000000,24.629343033,0
808,1,1,-0.000831604,-0.600360155,2.478105068,0.000027454,0.410971642,0.000000000,24.643877029,0
809,1,1,-0.000831604,-0.600361109,2.478076458,0.000028626,0.411213398,0.000000000,24.658325195,0
810,1,1,-0.000835419,-0.600361824,2.478049278,0.000027455,0.411453724,0.000000000,24.672801971,0
811,1,1,-0.000837326,-0.600362539,2.478022575,0.000026780,0.411694050,0.000000000,24.687221527,0
812,1,1,-0.000837326,-0.600363374,2.477994442,0.000028146,0.411933899,0.000000000,24.701641083,0
813,1,1,-0.000841141,-0.600363970,2.477968216,0.000026509,0.412173271,0.000000000,24.716032028,0
814,1,1,-0.000841141,-0.600364864,2.477941513,0.000026718,0.412412167,0.000000000,24.730394363,0
815,1,1,-0.000844955,-0.600365877,2.477914333,0.000027465,0.412650585,0.000000000,24.744728088,0
816,1,1,-0.000844955,-0.600366354,2.477887154,0.000027184,0.412889004,0.000000000,24.759033203,0
817,1,1,-0.000848770,-0.600367248,2.477860451,0.000026989,0.413126469,0.000000000,24.773338318,0
818,1,1,-0.000850677,-0.600368023,2.477833271,0.000027258,0.413364172,0.000000000,24.787586212,0
819,1,1,-0.000852585,-0.600368917,2.477806330,0.000027024,0.413600922,0.000000000,24.801834106,0
820,1,1,-0.000854492,-0.600369573,2.477778196,0.000028206,0.413837433,0.000000000,24.816053391,0
821,1,1,-0.000854492,-0.600370407,2.477751017,0.000027193,0.414073706,0.000000000,24.830244064,0
822,1,1,-0.000858307,-0.600371242,2.477723837,0.000027459,0.414309502,0.000000000,24.844421387,0
823,1,1,-0.000858307,-0.600371838,2.477696896,0.000026948,0.414544940,0.000000000,24.858568192,0
824,1,1,-0.000862122,-0.600372672,2.477668762,0.000028403,0.414779902,0.000000000,24.872695923,0
825,1,1,-0.000864029,-0.600373507,2.477641582,0.000027259,0.415014505,0.000000000,24.886793137,0
826,1,1,-0.000867844,-0.589924872,2.477507830,0.010449491,0.389538735,0.000000000,24.900873184,0
827,1,1,-0.000864029,-0.588045001,2.477546930,0.001880281,0.389777154,0.000000000,23.737936020,0
828,1,1,-0.000864029,-0.586005330,2.477666855,0.002043193,0.389757842,0.000000000,23.746946335,0
829,1,1,-0.000862122,-0.583866537,2.477868080,0.002148239,0.389753968,0.000000000,23.753646851,0
830,1,1,-0.000864029,-0.581595778,2.478151083,0.002288326,0.389765054,0.000000000,23.761314392,0
831,1,1,-0.000864029,-0.579164743,2.478516102,0.002458286,0.389789283,0.000000000,23.769973755,0
832,1,1,-0.000865936,-0.576552868,2.478962183,0.002649695,0.389825195,0.000000000,23.779697418,0
833,1,1,-0.000862122,-0.573741794,2.479490042,0.002860208,0.389869571,0.000000000,23.790342331,0
834,1,1,-0.000865936,-0.570724964,2.480099201,0.003077718,0.389921367,0.000000000,23.801958084,0
835,1,1,-0.000867844,-0.567495108,2.480789423,0.003302784,0.389976829,0.000000000,23.814344406,0
836,1,1,-0.000867844,-0.564051688,2.481561899,0.003529003,0.390035540,0.000000000,23.827487946,0
837,1,1,-0.000865936,-0.563118219,2.482442856,0.001283531,0.389743775,0.000000000,23.840373993,0
838,1,1,-0.000864029,-0.563408256,2.483413458,0.001013012,0.389140308,0.000000000,23.795566559,0
839,1,1,-0.000864029,-0.559940338,2.484421015,0.003611319,0.388771176,0.000000000,23.718656540,0
840,1,1,-0.000865936,-0.556375980,2.485498428,0.003723637,0.388435930,0.000000000,23.708782196,0
841,1,1,-0.000864029,-0.561105013,2.486709833,0.004881727,0.389199525,0.000000000,23.698347092,0
842,1,1,-0.000865936,-0.566133738,2.487970114,0.005184243,0.389939249,0.000000000,23.656028748,0
843,1,1,-0.000865936,-0.571287632,2.489266157,0.005314354,0.390633881,0.000000000,23.620426178,0
844,1,1,-0.000865936,-0.577391982,2.490584850,0.006245161,0.391083151,0.000000000,23.591733932,0
845,0,0,-0.000869751,-0.585619926,2.491905212,0.008333213,0.390777498,0.000000000,0.000000000,0
846,1,1,-0.000867844,-0.591081738,2.493653297,0.005734736,0.391069263,0.000000000,23.434703827,0
847,1,1,-0.000867844,-0.594832420,2.495389462,0.004133023,0.391280681,0.000000000,23.427608490,0
848,1,1,-0.000869751,-0.598103285,2.497108936,0.003695288,0.391413599,0.000000000,23.422807693,0
849,1,1,-0.000869751,-0.600878596,2.498809814,0.003255049,0.391472071,0.000000000,23.419277191,0
850,1,1,-0.000869751,-0.603158295,2.500487804,0.002830667,0.391463190,0.000000000,23.415981293,0
851,1,1,-0.000871658,-0.605685592,2.502141476,0.003020242,0.391396403,0.000000000,23.412174225,0
852,1,1,-0.000869751,-0.606808066,2.503772259,0.001979749,0.391276926,0.000000000,23.408113480,0
853,0,0,-0.000871658,-0.606925249,2.505382538,0.001614538,0.391117811,0.000000000,0.000000000,0
854,1,1,-0.000869751,-0.608734727,2.507356644,0.002677930,0.391390353,0.000000000,23.397830963,0
855,1,1,-0.000869751,-0.609869599,2.509293556,0.002244898,0.391614586,0.000000000,23.391498566,0
856,0,0,-0.000869751,-0.610034823,2.511186600,0.001900240,0.391798496,0.000000000,0.000000000,0
857,1,1,-0.000873566,-0.610426664,2.513390541,0.002238506,0.391449630,0.000000000,23.379949570,0
858,1,1,-0.000875473,-0.611004233,2.515522957,0.002209250,0.391090095,0.000000000,23.346086502,0
859,1,1,-0.000879288,-0.612298489,2.517574310,0.002425523,0.390725821,0.000000000,23.313194275,0
860,1,1,-0.000885010,-0.612503529,2.519554138,0.001990425,0.390367061,0.000000000,23.281221390,0
861,1,1,-0.000892639,-0.613681793,2.521438599,0.002222511,0.390018702,0.000000000,23.250144958,0
862,0,0,-0.000900269,-0.613893867,2.523239136,0.001812999,0.389684826,0.000000000,0.000000000,0
863,1,1,-0.000907898,-0.615817547,2.525215149,0.002757759,0.389370561,0.000000000,23.191143036,0
864,1,1,-0.000921249,-0.617024779,2.527079582,0.002221193,0.389077693,0.000000000,23.163349152,0
865,0,0,-0.000932693,-0.617235541,2.528824806,0.001757942,0.388807505,0.000000000,0.000000000,0
866,1,1,-0.000947952,-0.620140254,2.530650139,0.003430660,0.388561755,0.000000000,23.111705780,0
867,0,0,-0.000967026,-0.620371342,2.532339096,0.001704800,0.388339132,0.000000000,0.000000000,0
868,1,1,-0.000986099,-0.622284412,2.534036636,0.002557703,0.387948006,0.000000000,23.065734863,0
869,1,1,-0.001010895,-0.622477293,2.535563469,0.001539167,0.387576312,0.000000000,23.042125702,0
870,1,1,-0.001035690,-0.622616768,2.536902428,0.001346432,0.386742473,0.000000000,23.019714355,0
871,1,1,-0.001060486,-0.622739792,2.538054466,0.001158854,0.385927528,0.000000000,22.970617294,0
872,1,1,-0.001089096,-0.622846842,2.539018631,0.000970511,0.385134459,0.000000000,22.922773361,0
873,1,1,-0.001121521,-0.622932792,2.539797783,0.000784549,0.384363234,0.000000000,22.876073837,0
874,1,1,-0.001153946,-0.623980522,2.540384293,0.001201159,0.383611977,0.000000000,22.830633163,0
875,1,1,-0.001182556,-0.624045134,2.540792465,0.000414244,0.382880718,0.000000000,22.786457062,0
876,1,1,-0.001218796,-0.624075890,2.541015625,0.000228166,0.382171363,0.000000000,22.743425369,0
877,1,1,-0.001253128,-0.624087334,2.541049957,0.000049884,0.381482005,0.000000000,22.701547623,0
878,1,1,-0.001293182,-0.624080181,2.540901184,0.000154237,0.380814552,0.000000000,22.660932541,0
879,1,1,-0.001333237,-0.624264956,2.540565491,0.000385274,0.380165219,0.000000000,22.621583939,0
880,1,1,-0.001375198,-0.623808384,2.540052414,0.000688089,0.379541636,0.000000000,22.583391190,0
881,1,1,-0.001415253,-0.622153997,2.539415359,0.001773256,0.378934234,0.000000000,22.546463013,0
882,1,1,-0.001461029,-0.623978615,2.538511276,0.002036833,0.378348738,0.000000000,22.510692596,0
883,1,1,-0.001508713,-0.623504162,2.537458420,0.001155805,0.377785146,0.000000000,22.476192474,0
884,1,1,-0.001554489,-0.622976780,2.536249161,0.001320051,0.377241522,0.000000000,22.442848206,0
885,1,1,-0.001604080,-0.622811556,2.534856796,0.001403010,0.376719773,0.000000000,22.410776138,0
886,1,1,-0.001653671,-0.622661352,2.533288956,0.001575800,0.376217961,0.000000000,22.379972458,0
887,1,1,-0.001707077,-0.622494221,2.531539917,0.001757817,0.375736088,0.000000000,22.350326538,0
888,1,1,-0.001758575,-0.622310638,2.529621124,0.001928243,0.375275999,0.000000000,22.321836472,0
889,1,1,-0.001817703,-0.622109413,2.527524948,0.002106642,0.374835789,0.000000000,22.294612885,0
890,1,1,-0.001871109,-0.621890545,2.525253296,0.002282796,0.374417335,0.000000000,22.268661499,0
891,1,1,-0.001932144,-0.621654987,2.522808075,0.002457299,0.374020547,0.000000000,22.243862152,0
892,1,1,-0.001993179,-0.621402740,2.520187378,0.002633516,0.373641610,0.000000000,22.220331192,0
893,1,1,-0.002054214,-0.621133804,2.517393112,0.002807841,0.373284340,0.000000000,22.197950363,0
894,1,1,-0.002119064,-0.620847225,2.514425278,0.002982344,0.372946769,0.000000000,22.176836014,0
895,1,1,-0.002182007,-0.620543957,2.511285782,0.003154737,0.372630686,0.000000000,22.156867981,0
896,1,1,-0.002248764,-0.620224953,2.507974625,0.003327158,0.372334182,0.000000000,22.138164520,0
897,1,1,-0.002317429,-0.619890213,2.504486084,0.003505236,0.372059107,0.000000000,22.120601654,0
898,1,1,-0.002388000,-0.619537354,2.500829697,0.003674052,0.371803492,0.000000000,22.104295731,0
899,1,1,-0.002458572,-0.619169712,2.496997833,0.003850106,0.371567309,0.000000000,22.089130402,0
900,1,1,-0.002532959,-0.618784904,2.492998123,0.004018867,0.371354222,0.000000000,22.075220108,0
901,1,1,-0.002540588,-0.587691307,2.490854263,0.031167418,0.289153755,0.000000000,22.072595596,0
902,1,1,-0.002540588,-0.583163738,2.489498138,0.004726305,0.290833443,0.000000000,17.978178024,0
903,1,1,-0.002540588,-0.577143669,2.488279343,0.006142206,0.290779859,0.000000000,18.062837601,0
904,1,1,-0.002544403,-0.570441723,2.487199783,0.006788339,0.290234536,0.000000000,18.080390930,0
905,1,1,-0.002548218,-0.563455582,2.486249924,0.007050420,0.290106714,0.000000000,18.092084885,0
906,1,1,-0.002548218,-0.555869579,2.485425949,0.007630620,0.289501041,0.000000000,18.148494720,0
907,1,1,-0.002546310,-0.547823668,2.484731674,0.008075811,0.288711220,0.000000000,18.200544357,0
908,1,1,-0.002548218,-0.539429188,2.484182358,0.008412434,0.287915081,0.000000000,18.257284164,0
909,1,1,-0.002552032,-0.530687571,2.483781815,0.008750790,0.287128627,0.000000000,18.320716858,0
910,1,1,-0.002552032,-0.521590710,2.483537674,0.009100136,0.286371559,0.000000000,18.391973495,0
911,1,1,-0.002552032,-0.512144804,2.483453751,0.009446278,0.285653919,0.000000000,18.470808029,0
912,1,1,-0.002552032,-0.502348065,2.483547211,0.009797185,0.284985542,0.000000000,18.557630539,0
913,1,1,-0.002550125,-0.492205858,2.483810425,0.010145622,0.284377903,0.000000000,18.651618958,0
914,1,1,-0.002544403,-0.481723309,2.484262466,0.010492293,0.283834636,0.000000000,18.752302170,0
915,1,1,-0.002544403,-0.470909119,2.484899521,0.010832938,0.283359051,0.000000000,18.859905243,0
916,1,1,-0.002527237,-0.479140282,2.486207962,0.008334528,0.283860981,0.000000000,18.951124191,0
917,1,1,-0.002492905,-0.493502617,2.488744736,0.014584687,0.284694403,0.000000000,18.671052933,0
918,0,0,-0.002479553,-0.501724482,2.490104675,0.008333587,0.273902237,0.000000000,0.000000000,0
919,0,0,-0.002456665,-0.512644291,2.491830826,0.011055422,0.271425039,0.000000000,0.000000000,0
920,0,0,-0.002435684,-0.526264191,2.493906021,0.013777102,0.271076202,0.000000000,0.000000000,0
921,0,0,-0.002407074,-0.542590618,2.496297836,0.016500723,0.271579295,0.000000000,0.000000000,0
922,0,0,-0.002374649,-0.561629057,2.498947144,0.019221915,0.272430062,0.000000000,0.000000000,0
923,0,0,-0.002332687,-0.583374739,2.501893997,0.021944484,0.255118549,0.000000000,0.000000000,0
924,0,0,-0.002290726,-0.607833385,2.505092621,0.024666948,0.255435377,0.000000000,0.000000000,0
925,1,1,-0.002254486,-0.617702246,2.508579254,0.010466725,0.256109267,0.000000000,15.193386078,0
926,1,1,-0.002208710,-0.619936705,2.511962891,0.004055107,0.256687075,0.000000000,15.210909843,0
927,1,1,-0.002164841,-0.621751070,2.515163422,0.003679299,0.257181287,0.000000000,15.225482941,0
928,1,1,-0.002120972,-0.623840332,2.518173218,0.003664125,0.257619113,0.000000000,15.237456322,0
929,1,1,-0.002077103,-0.625119567,2.520980835,0.003085625,0.258012116,0.000000000,15.251766205,0
930,0,0,-0.002040863,-0.625397444,2.523574829,0.002609087,0.258377969,0.000000000,0.000000000,0
931,1,1,-0.002000809,-0.625887156,2.526168823,0.002640119,0.258482993,0.000000000,15.283019066,0
932,1,1,-0.001958847,-0.626350284,2.528503418,0.002380458,0.258333176,0.000000000,15.281764984,0
933,1,1,-0.001918793,-0.626755953,2.530570984,0.002107368,0.258207530,0.000000000,15.267073631,0
934,1,1,-0.001884460,-0.628029585,2.532363892,0.002199508,0.258098036,0.000000000,15.254406929,0
935,1,1,-0.001848221,-0.628217340,2.533889771,0.001537814,0.258021921,0.000000000,15.244310379,0
936,1,1,-0.001813889,-0.628357291,2.535133362,0.001251912,0.257968515,0.000000000,15.235917091,0
937,1,1,-0.001781464,-0.629449487,2.536083221,0.001447818,0.257956743,0.000000000,15.229329109,0
938,0,0,-0.001752853,-0.629550695,2.536746979,0.000672038,0.257981896,0.000000000,0.000000000,0
939,1,1,-0.001722336,-0.631346464,2.537109375,0.001832225,0.258038789,0.000000000,15.223017693,0
940,0,0,-0.001691818,-0.632376194,2.537155151,0.001031198,0.258129597,0.000000000,0.000000000,0
941,1,1,-0.001667023,-0.632521152,2.536834717,0.000352571,0.258215725,0.000000000,15.232527733,0
942,1,1,-0.001646042,-0.633506060,2.536159515,0.001194311,0.258253545,0.000000000,15.230121613,0
943,1,1,-0.001630783,-0.633136272,2.535129547,0.001094445,0.257822007,0.000000000,15.231783867,0
944,1,1,-0.001615524,-0.631390572,2.533832550,0.002174834,0.257424504,0.000000000,15.206585884,0
945,1,1,-0.001611710,-0.630753517,2.532192230,0.001759688,0.257057279,0.000000000,15.183071136,0
946,1,1,-0.001609802,-0.632433891,2.530067444,0.002708944,0.256716400,0.000000000,15.161457062,0
947,1,1,-0.001613617,-0.631774426,2.527641296,0.002514180,0.256409496,0.000000000,15.141299248,0
948,1,1,-0.001621246,-0.631038666,2.524898529,0.002839749,0.256128907,0.000000000,15.123059273,0
949,1,1,-0.001628876,-0.630261421,2.521858215,0.003138100,0.255885959,0.000000000,15.106510162,0
950,1,1,-0.001646042,-0.629446983,2.518524170,0.003432122,0.255661547,0.000000000,15.091657639,0
951,1,1,-0.001663208,-0.628265381,2.514942169,0.003771897,0.255478501,0.000000000,15.078501701,0
952,1,1,-0.001684189,-0.627821445,2.511024475,0.003942822,0.255317599,0.000000000,15.067265511,0
953,1,1,-0.001712799,-0.627354622,2.506786346,0.004263857,0.255190223,0.000000000,15.057720184,0
954,1,1,-0.001743317,-0.626851082,2.502220154,0.004593974,0.255088687,0.000000000,15.049634933,0
955,1,1,-0.001775742,-0.626314163,2.497329712,0.004919935,0.255020291,0.000000000,15.043468475,0
956,1,1,-0.001815796,-0.625739098,2.492115021,0.005246457,0.254981279,0.000000000,15.039214134,0
957,1,1,-0.001855850,-0.625129700,2.486583710,0.005564923,0.254967660,0.000000000,15.036415100,0
958,1,1,-0.001905441,-0.624481201,2.480728149,0.005891570,0.254986912,0.000000000,15.035294533,0
959,1,1,-0.001955032,-0.623804092,2.474552155,0.006213199,0.255035013,0.000000000,15.036076546,0
960,1,1,-0.002008438,-0.623097420,2.468067169,0.006523593,0.254718184,0.000000000,15.038508415,0
961,1,1,-0.002056122,-0.620165825,2.461826324,0.006895264,0.254182190,0.000000000,15.054196358,0
962,1,1,-0.002109528,-0.619571686,2.455348969,0.006504767,0.253638148,0.000000000,15.063166618,0
963,1,1,-0.002153397,-0.616845131,2.449249268,0.006681495,0.253101468,0.000000000,15.069870949,0
964,1,1,-0.002195358,-0.614192963,2.443595886,0.006244716,0.252596557,0.000000000,15.075509071,0
965,1,1,-0.002229691,-0.609384537,2.438983917,0.006662762,0.250589252,0.000000000,15.081842422,0
966,1,1,-0.002243042,-0.606976509,2.434917450,0.004725985,0.247993067,0.000000000,15.014421463,0
967,1,1,-0.002252579,-0.603631020,2.431709290,0.004635158,0.247823447,0.000000000,14.917671204,0
968,1,1,-0.002260208,-0.600341797,2.429355621,0.004044601,0.247707933,0.000000000,14.937473297,0
969,1,1,-0.002265930,-0.596159935,2.427394867,0.004618718,0.247643545,0.000000000,14.960795403,0
970,1,1,-0.002267838,-0.588481903,2.425415039,0.007929180,0.235586375,0.000000000,14.988524437,0
971,1,1,-0.002273560,-0.583915710,2.423538208,0.004936866,0.234781772,0.000000000,14.431555748,0
972,1,1,-0.002273560,-0.579238892,2.421733856,0.005012815,0.233938813,0.000000000,14.424440384,0
973,1,1,-0.002281189,-0.574458122,2.420021057,0.005078336,0.233122453,0.000000000,14.417511940,0
974,1,1,-0.002283096,-0.569575310,2.418376923,0.005152188,0.232340738,0.000000000,14.415036201,0
975,1,1,-0.002285004,-0.564737320,2.416835785,0.005077525,0.232196718,0.000000000,14.417231560,0
976,1,1,-0.002288818,-0.559570313,2.415370941,0.005370637,0.231800616,0.000000000,14.458732605,0
977,1,1,-0.002292633,-0.554185390,2.413997650,0.005557277,0.231415585,0.000000000,14.512599945,0
978,1,1,-0.002294540,-0.548583031,2.412727356,0.005744570,0.231050700,0.000000000,14.573189735,0
979,1,1,-0.002296448,-0.547544479,2.411643982,0.001500764,0.231729567,0.000000000,14.637462616,0
980,1,1,-0.002302170,-0.551285744,2.410739899,0.003848956,0.232976303,0.000000000,14.677778244,0
981,1,1,-0.002304077,-0.555243969,2.409946442,0.004036970,0.234246939,0.000000000,14.668533325,0
982,1,1,-0.002309799,-0.559239388,2.409233093,0.004058604,0.235520706,0.000000000,14.663096428,0
983,1,1,-0.002311707,-0.563142776,2.408607483,0.003953206,0.236796156,0.000000000,14.663613319,0
984,1,1,-0.002330780,-0.584709644,2.407169342,0.021614771,0.235084951,0.000000000,14.670044899,0
985,1,1,-0.002338409,-0.587031126,2.406620026,0.002385599,0.235563144,0.000000000,14.236988068,0
986,1,1,-0.002338409,-0.587471485,2.406093597,0.000686326,0.236050054,0.000000000,14.270044327,0
987,1,1,-0.002346039,-0.587543011,2.405597687,0.000501100,0.236536250,0.000000000,14.309389114,0
988,1,1,-0.002347946,-0.587264299,2.405128479,0.000545747,0.237017110,0.000000000,14.349796295,0
989,1,1,-0.002353668,-0.586666584,2.404693604,0.000739198,0.237499833,0.000000000,14.391285896,0
990,1,1,-0.002355576,-0.585772753,2.404304504,0.000974852,0.237988323,0.000000000,14.433673859,0
991,1,1,-0.002363205,-0.584612370,2.403938293,0.001216823,0.238483205,0.000000000,14.477065086,0
992,1,1,-0.002363205,-0.583213091,2.403625488,0.001433816,0.238993511,0.000000000,14.521280289,0
993,1,1,-0.002363205,-0.581600904,2.403350830,0.001635415,0.239513397,0.000000000,14.566227913,0
994,1,1,-0.002361298,-0.579809427,2.403133392,0.001804625,0.240049094,0.000000000,14.612116814,0
995,1,1,-0.002365112,-0.577864766,2.402954102,0.001952912,0.240607068,0.000000000,14.658587456,0
996,1,1,-0.002361298,-0.575790644,2.402832031,0.002077715,0.241171345,0.000000000,14.705916405,0
997,1,1,-0.002361298,-0.573699832,2.402755737,0.002092203,0.241700888,0.000000000,14.753410339,0
998,1,1,-0.002376556,-0.577372193,2.402767181,0.003672411,0.242860809,0.000000000,14.795464516,0
999,1,1,-0.002384186,-0.581229568,2.402809143,0.003857610,0.244019657,0.000000000,14.802045822,0
1000,1,1,-0.002389908,-0.584986985,2.402889252,0.003758275,0.245141312,0.000000000,14.812663078,0
1001,1,1,-0.002399445,-0.588562846,2.402984619,0.003577146,0.246214703,0.000000000,14.828551292,0
1002,1,1,-0.002410889,-0.591889739,2.403095245,0.003328751,0.247231975,0.000000000,14.849261284,0
1003,1,1,-0.002412796,-0.594917774,2.403213501,0.003030344,0.248177528,0.000000000,14.874008179,0
1004,1,1,-0.002414703,-0.597614527,2.403327942,0.002699180,0.249058902,0.000000000,14.901712418,0
1005,1,1,-0.002418518,-0.599957347,2.403438568,0.002345434,0.249868780,0.000000000,14.931968689,0
1006,1,1,-0.002420425,-0.601939321,2.403549194,0.001985060,0.250600547,0.000000000,14.963538170,0
1007,1,1,-0.002420425,-0.603563428,2.403648376,0.001627133,0.251282573,0.000000000,14.995673180,0
1008,1,1,-0.002420425,-0.604842007,2.403732300,0.001281331,0.251898140,0.000000000,15.028179169,0
1009,1,1,-0.002424240,-0.606445670,2.403800964,0.001605137,0.252465397,0.000000000,15.060221672,0
1010,1,1,-0.002424240,-0.606471658,2.403862000,0.000066337,0.252987832,0.000000000,15.091970444,0
1011,1,1,-0.002424240,-0.607454181,2.403903961,0.000983419,0.253469259,0.000000000,15.123216629,0
1012,1,1,-0.002420425,-0.607472897,2.403942108,0.000042662,0.253925264,0.000000000,15.153944969,0
1013,1,1,-0.002418518,-0.607474804,2.403961182,0.000019263,0.254356325,0.000000000,15.183973312,0
1014,1,1,-0.002416611,-0.607475460,2.403968811,0.000007891,0.254766852,0.000000000,15.213853836,0
1015,1,1,-0.002414703,-0.606496453,2.403968811,0.000979008,0.255172640,0.000000000,15.243006706,0
1016,1,1,-0.002410889,-0.606483936,2.403949738,0.000023131,0.255570471,0.000000000,15.272230148,0
1017,1,1,-0.002407074,-0.605248332,2.403930664,0.001235757,0.255968392,0.000000000,15.301443100,0
1018,1,1,-0.002403259,-0.604633331,2.403903961,0.000615592,0.256366819,0.000000000,15.330456734,0
1019,1,1,-0.002399445,-0.603990257,2.403873444,0.000643810,0.256773531,0.000000000,15.359505653,0
1020,1,1,-0.002395630,-0.603339553,2.403835297,0.000651832,0.257184952,0.000000000,15.388660431,0
1021,1,1,-0.002395630,-0.602698982,2.403797150,0.000641706,0.257601112,0.000000000,15.417954445,0
1022,1,1,-0.002395630,-0.602082849,2.403747559,0.000618126,0.258037180,0.000000000,15.447167397,0
1023,1,1,-0.002393723,-0.601503849,2.403709412,0.000580258,0.258470237,0.000000000,15.476753235,0
1024,1,1,-0.002388000,-0.600970984,2.403667450,0.000534546,0.258915454,0.000000000,15.506237984,0
1025,1,1,-0.002391815,-0.600489974,2.403625488,0.000482851,0.259376466,0.000000000,15.535600662,0
1026,1,1,-0.002388000,-0.600064993,2.403583527,0.000427065,0.259837896,0.000000000,15.565273285,0
1027,1,1,-0.002384186,-0.599699140,2.403545380,0.000367856,0.260311067,0.000000000,15.594777107,0
1028,1,1,-0.002386093,-0.599390745,2.403499603,0.000311779,0.260788202,0.000000000,15.624548912,0
1029,1,1,-0.002386093,-0.599140763,2.403461456,0.000252876,0.261273056,0.000000000,15.654111862,0
1030,1,1,-0.002386093,-0.598944485,2.403419495,0.000200713,0.261757880,0.000000000,15.683453560,0
1031,1,1,-0.002386093,-0.598801374,2.403385162,0.000147171,0.262250304,0.000000000,15.713021278,0
1032,1,1,-0.002386093,-0.598704934,2.403350830,0.000102369,0.262746453,0.000000000,15.742354393,0
1033,1,1,-0.002386093,-0.598651409,2.403316498,0.000063590,0.263238668,0.000000000,15.771677017,0
1034,1,1,-0.002386093,-0.598637283,2.403289795,0.000030209,0.263738483,0.000000000,15.800987244,0
1035,1,1,-0.002382278,-0.598653734,2.403263092,0.000031595,0.264234364,0.000000000,15.830287933,0
1036,1,1,-0.002388000,-0.598697662,2.403228760,0.000056046,0.264730155,0.000000000,15.859351158,0
1037,1,1,-0.002382278,-0.598763824,2.403202057,0.000071576,0.265225917,0.000000000,15.888408661,0
1038,1,1,-0.002386093,-0.598847210,2.403175354,0.000087641,0.265721649,0.000000000,15.917462349,0
1039,1,1,-0.002384186,-0.598943710,2.403152466,0.000099195,0.266217351,0.000000000,15.946514130,0
1040,1,1,-0.002380371,-0.599048615,2.403118134,0.000110445,0.266705453,0.000000000,15.975565910,0
1041,1,1,-0.002380371,-0.599158287,2.403091431,0.000112877,0.267201185,0.000000000,16.004390717,0
1042,1,1,-0.002378464,-0.599269271,2.403064728,0.000114167,0.267689317,0.000000000,16.033216476,0
1043,1,1,-0.002382278,-0.599379420,2.403038025,0.000113404,0.268173665,0.000000000,16.062276840,0
1044,1,1,-0.002380371,-0.599485815,2.403015137,0.000108845,0.268661857,0.000000000,16.090879440,0
1045,1,1,-0.002382278,-0.599586427,2.402988434,0.000104113,0.269150078,0.000000000,16.119714737,0
1046,1,1,-0.002382278,-0.599681377,2.402969360,0.000096847,0.269623071,0.000000000,16.148551941,0
1047,1,1,-0.002384186,-0.599766791,2.402942657,0.000089511,0.270103723,0.000000000,16.176931381,0
1048,1,1,-0.002384186,-0.599842906,2.402919769,0.000079482,0.270584375,0.000000000,16.205772400,0
1049,1,1,-0.002382278,-0.599910140,2.402885437,0.000075517,0.271057397,0.000000000,16.234155655,0
1050,1,1,-0.002384186,-0.599967360,2.402866364,0.000060346,0.271530449,0.000000000,16.262537003,0
1051,1,1,-0.002386093,-0.600015104,2.402835846,0.000056696,0.272003502,0.000000000,16.290922165,0
1052,1,1,-0.002386093,-0.600053549,2.402824402,0.000040112,0.272476584,0.000000000,16.319307327,0
1053,1,1,-0.002388000,-0.600083530,2.402786255,0.000048556,0.272941977,0.000000000,16.347688675,0
1054,1,1,-0.002389908,-0.600105107,2.402763367,0.000031513,0.273422688,0.000000000,16.376070023,0
1055,1,1,-0.002391815,-0.600119710,2.402732849,0.000033885,0.273895711,0.000000000,16.404453278,0
1056,1,1,-0.002389908,-0.600127280,2.402709961,0.000024183,0.274353534,0.000000000,16.432836533,0
1057,1,1,-0.002386093,-0.600129068,2.402671814,0.000038379,0.274818897,0.000000000,16.460758209,0
1058,1,1,-0.002388000,-0.600126266,2.402656555,0.000015631,0.275291950,0.000000000,16.488679886,0
1059,1,1,-0.002391815,-0.600118876,2.402610779,0.000046526,0.275757343,0.000000000,16.517061234,0
1060,1,1,-0.002389908,-0.600108266,2.402603149,0.000013206,0.276215106,0.000000000,16.544984818,0
1061,1,1,-0.002389908,-0.600094795,2.402557373,0.000047717,0.276688129,0.000000000,16.572908401,0
1062,1,1,-0.002389908,-0.600079834,2.402549744,0.000016794,0.277145922,0.000000000,16.600830078,0
1063,1,1,-0.002395630,-0.600063443,2.402503967,0.000048958,0.277611315,0.000000000,16.628753662,0
1064,1,1,-0.002391815,-0.600046337,2.402481079,0.000028828,0.278076708,0.000000000,16.656675339,0
