tick,support,on_floor,local_x,local_y,local_z,slip_m,bus_write_m,package_write_m,platform_speed,dual_contact
1,1,1,0.000001907,-0.599055529,2.500000000,0.000000000,0.000000000,0.000000000,0.000000000,0
2,0,0,0.000000000,-0.599042892,2.499969482,0.000033085,0.001023691,0.000000000,0.000000000,0
3,1,1,0.000000000,-0.599680185,2.499969482,0.000637293,0.001964350,0.000000000,0.063645057,0
4,0,0,-0.000001907,-0.600344121,2.499938965,0.000664640,0.002934451,0.000000000,0.000000000,0
5,1,1,-0.000005722,-0.599848926,2.499954224,0.000495445,0.003862551,0.000000000,0.172929808,0
6,0,0,-0.000003815,-0.600680530,2.499954224,0.000831606,0.004792082,0.000000000,0.000000000,0
7,1,1,-0.000005722,-0.599867463,2.499938965,0.000813212,0.005722301,0.000000000,0.281240821,0
8,1,1,-0.000003815,-0.600712359,2.499923706,0.000845036,0.006652871,0.000000000,0.336230099,0
9,1,1,-0.000005722,-0.601522088,2.499938965,0.000809875,0.007553102,0.000000000,0.390368342,0
10,1,1,-0.000005722,-0.599795818,2.499938965,0.001726270,0.008453418,0.000000000,0.444586754,0
11,1,1,-0.000007629,-0.600480080,2.499954224,0.000684434,0.009338506,0.000000000,0.498910367,0
12,1,1,-0.000003815,-0.601084352,2.499954224,0.000604284,0.010238852,0.000000000,0.552430093,0
13,1,1,-0.000005722,-0.599552751,2.499969482,0.001531678,0.011139184,0.000000000,0.606969833,0
14,1,1,-0.000005722,-0.599984884,2.499969482,0.000432134,0.012024237,0.000000000,0.661605895,0
15,1,1,-0.000005722,-0.600331664,2.499969482,0.000346780,0.012909266,0.000000000,0.715408504,0
16,1,1,-0.000007629,-0.600596666,2.499969482,0.000265009,0.013794275,0.000000000,0.769276559,0
17,1,1,-0.000005722,-0.600786150,2.499969482,0.000189493,0.014694529,0.000000000,0.824110508,0
18,1,1,-0.000005722,-0.600907207,2.499969482,0.000121057,0.015564251,0.000000000,0.878065884,0
19,1,1,-0.000007629,-0.599488735,2.499984741,0.001418555,0.016464485,0.000000000,0.932046950,0
20,1,1,-0.000003815,-0.599497795,2.499984741,0.000009830,0.017334197,0.000000000,0.986044705,0
21,1,1,-0.000005722,-0.599497736,2.499984741,0.000001908,0.018234426,0.000000000,1.040052414,0
22,1,1,-0.000005722,-0.599497795,2.500000000,0.000015259,0.019119399,0.000000000,1.094065309,0
23,1,1,-0.000005722,-0.599497795,2.499984741,0.000015259,0.020004377,0.000000000,1.147164702,0
24,1,1,-0.000005722,-0.599497736,2.499984741,0.000000060,0.020889357,0.000000000,1.201180220,0
25,1,1,-0.000005722,-0.599497676,2.499969482,0.000015259,0.021789603,0.000000000,1.254279733,0
26,1,1,-0.000005722,-0.599497676,2.499969482,0.000000000,0.022674596,0.000000000,1.308294058,0
27,1,1,-0.000005722,-0.599497736,2.499984741,0.000015259,0.023544332,0.000000000,1.361392140,0
28,1,1,-0.000003815,-0.599497676,2.499969482,0.000015378,0.024444591,0.000000000,1.414489985,0
29,1,1,-0.000005722,-0.599497795,2.499984741,0.000015378,0.025314337,0.000000000,1.467587709,0
30,1,1,-0.000005722,-0.599497795,2.500000000,0.000015259,0.026214601,0.000000000,1.520685792,0
31,1,1,-0.000005722,-0.599497736,2.499984741,0.000015259,0.027084351,0.000000000,1.573784471,0
32,1,1,-0.000007629,-0.599497676,2.499984741,0.000001908,0.027984619,0.000000000,1.626883745,0
33,1,1,-0.000003815,-0.599497676,2.499969482,0.000015728,0.028854372,0.000000000,1.679983377,0
34,1,1,-0.000005722,-0.599497795,2.499984741,0.000015378,0.029739382,0.000000000,1.732168436,0
35,1,1,-0.000007629,-0.599497795,2.499984741,0.000001907,0.030624393,0.000000000,1.785269499,0
36,1,1,-0.000005722,-0.599497914,2.499984741,0.000001911,0.031494144,0.000000000,1.837455392,0
37,1,1,-0.000005722,-0.599497795,2.499984741,0.000000119,0.032379154,0.000000000,1.890557051,0
38,1,1,-0.000005722,-0.599497736,2.499984741,0.000000060,0.033233646,0.000000000,1.942743421,0
39,0,0,-0.000005722,-0.599497795,2.499969482,0.000015259,0.034118656,0.000000000,0.000000000,0
40,1,1,-0.000005722,-0.599137187,2.499984741,0.000360931,0.034988407,0.000000000,2.047116518,0
41,0,0,-0.000005722,-0.599147320,2.499984741,0.000010133,0.035858158,0.000000000,0.000000000,0
42,1,1,-0.000005722,-0.599151254,2.499969482,0.000015758,0.036727909,0.000000000,2.151489019,0
43,0,0,-0.000007629,-0.599169910,2.499969482,0.000018754,0.037582401,0.000000000,0.000000000,0
44,1,1,-0.000007629,-0.599161029,2.499954224,0.000017655,0.038452152,0.000000000,2.254945040,0
45,0,0,-0.000007629,-0.599183679,2.499954224,0.000022650,0.039321903,0.000000000,0.000000000,0
46,1,1,-0.000007629,-0.599166989,2.499923706,0.000034783,0.040176392,0.000000000,2.359316111,0
47,1,1,-0.000005722,-0.599190116,2.499938965,0.000027772,0.041046143,0.000000000,2.410585880,0
48,1,1,-0.000007629,-0.599212289,2.499938965,0.000022255,0.041885376,0.000000000,2.461855173,0
49,1,1,-0.000003815,-0.599233150,2.499938965,0.000021208,0.042739868,0.000000000,2.513124704,0
50,1,1,-0.000003815,-0.599252105,2.499938965,0.000018954,0.043609619,0.000000000,2.564394236,0
51,1,1,-0.000005722,-0.599269032,2.499938965,0.000017035,0.044448853,0.000000000,2.616579294,0
52,1,1,-0.000007629,-0.599283695,2.499938965,0.000014786,0.045303345,0.000000000,2.666933060,0
53,1,1,-0.000005722,-0.599296331,2.499954224,0.000019903,0.046173096,0.000000000,2.718202353,0
54,1,1,-0.000005722,-0.599306464,2.499938965,0.000018317,0.047012329,0.000000000,2.769471645,0
55,1,1,-0.000005722,-0.599314332,2.499938965,0.000007868,0.047851563,0.000000000,2.820740938,0
56,1,1,-0.000005722,-0.599320292,2.499938965,0.000005960,0.048706055,0.000000000,2.871094704,0
57,1,1,-0.000007629,-0.599324107,2.499938965,0.000004265,0.049545288,0.000000000,2.922363997,0
58,1,1,-0.000005722,-0.599326253,2.499938965,0.000002871,0.050384521,0.000000000,2.972717762,0
59,1,1,-0.000005722,-0.599326730,2.499938965,0.000000477,0.051223755,0.000000000,3.023071527,0
60,1,1,-0.000007629,-0.599326730,2.499938965,0.000001907,0.052078247,0.000000000,3.073425531,0
61,1,1,-0.000007629,-0.599326730,2.499954224,0.000015259,0.052917480,0.000000000,3.124694586,0
62,1,1,-0.000005722,-0.599326730,2.499954224,0.000001907,0.053741455,0.000000000,3.175048590,0
63,1,1,-0.000005722,-0.599326730,2.499954224,0.000000000,0.054580688,0.000000000,3.224487066,0
64,1,1,-0.000003815,-0.599326730,2.499954224,0.000001907,0.055419922,0.000000000,3.274841070,0
65,1,1,-0.000007629,-0.599326730,2.499954224,0.000003815,0.056259155,0.000000000,3.325195074,0
66,1,1,-0.000007629,-0.599326730,2.499954224,0.000000000,0.057083130,0.000000000,3.375548840,0
67,1,1,-0.000005722,-0.599326730,2.499954224,0.000001907,0.057922363,0.000000000,3.424987316,0
68,1,1,-0.000007629,-0.599326730,2.499938965,0.000015378,0.058746338,0.000000000,3.475341320,0
69,1,1,-0.000003815,-0.599326730,2.499938965,0.000003815,0.059570313,0.000000000,3.524780035,0
70,1,1,-0.000005722,-0.599326730,2.499938965,0.000001907,0.060394287,0.000000000,3.574218273,0
71,1,1,-0.000007629,-0.599326789,2.499938965,0.000001908,0.061218262,0.000000000,3.623656988,0
72,1,1,-0.000005722,-0.599326789,2.499938965,0.000001907,0.062042236,0.000000000,3.673095226,0
73,1,1,-0.000005722,-0.599326730,2.499938965,0.000000060,0.062866211,0.000000000,3.722533941,0
74,1,1,-0.000003815,-0.599326730,2.499938965,0.000001907,0.063690186,0.000000000,3.771972418,0
75,1,1,-0.000005722,-0.599326730,2.499938965,0.000001907,0.064514160,0.000000000,3.821410418,0
76,1,1,-0.000003815,-0.599326730,2.499938965,0.000001907,0.065338135,0.000000000,3.870849371,0
77,1,1,-0.000005722,-0.599326730,2.499938965,0.000001907,0.066146851,0.000000000,3.920287848,0
78,1,1,-0.000005722,-0.599326730,2.499954224,0.000015259,0.066970825,0.000000000,3.968810797,0
79,0,0,-0.000003815,-0.599326849,2.499938965,0.000015378,0.067779541,0.000000000,0.000000000,0
80,1,1,-0.000005722,-0.599239707,2.499923706,0.000088488,0.068588257,0.000000000,4.066772461,0
81,0,0,-0.000003815,-0.599240065,2.499923706,0.000001941,0.069396973,0.000000000,0.000000000,0
82,1,1,-0.000005722,-0.599245071,2.499908447,0.000016172,0.070205688,0.000000000,4.163818359,0
83,0,0,-0.000003815,-0.599245548,2.499908447,0.000001966,0.071014404,0.000000000,0.000000000,0
84,1,1,-0.000003815,-0.599250555,2.499908447,0.000005007,0.071823120,0.000000000,4.260864258,0
85,1,1,-0.000005722,-0.599251151,2.499908447,0.000001998,0.072631836,0.000000000,4.309387207,0
86,0,0,-0.000003815,-0.599251747,2.499908447,0.000001998,0.073440552,0.000000000,0.000000000,0
87,1,1,-0.000005722,-0.599258184,2.499908447,0.000006714,0.074249268,0.000000000,4.406433105,0
88,1,1,-0.000003815,-0.599258840,2.499908447,0.000002017,0.075042725,0.000000000,4.454956055,0
89,0,0,-0.000005722,-0.599258780,2.499908447,0.000001908,0.075851440,0.000000000,0.000000000,0
90,1,1,-0.000003815,-0.599265933,2.499893188,0.000016960,0.076644897,0.000000000,4.551086426,0
91,0,0,-0.000005722,-0.599266410,2.499893188,0.000001966,0.077438354,0.000000000,0.000000000,0
92,1,1,-0.000003815,-0.599271178,2.499877930,0.000016100,0.078247070,0.000000000,4.646300793,0
93,1,1,-0.000005722,-0.599271536,2.499877930,0.000001941,0.079040527,0.000000000,4.694823742,0
94,1,1,-0.000003815,-0.599272013,2.499877930,0.000001966,0.079833984,0.000000000,4.742431164,0
95,1,1,-0.000005722,-0.599272251,2.499877930,0.000001922,0.080627441,0.000000000,4.790038586,0
96,1,1,-0.000003815,-0.599272490,2.499877930,0.000001922,0.081420898,0.000000000,4.837646008,0
97,1,1,-0.000005722,-0.599272728,2.499877930,0.000001922,0.082199097,0.000000000,4.885253429,0
98,1,1,-0.000003815,-0.599272847,2.499877930,0.000001911,0.082992554,0.000000000,4.931945324,0
99,1,1,-0.000005722,-0.599272966,2.499877930,0.000001911,0.083786011,0.000000000,4.979552746,0
100,1,1,-0.000003815,-0.599273086,2.499877930,0.000001911,0.084564209,0.000000000,5.027160168,0
101,1,1,-0.000005722,-0.599273086,2.499877930,0.000001907,0.085357666,0.000000000,5.073852062,0
102,1,1,-0.000003815,-0.599273086,2.499877930,0.000001907,0.086135864,0.000000000,5.121459484,0
103,1,1,-0.000005722,-0.599273086,2.499877930,0.000001907,0.086914063,0.000000000,5.168151379,0
104,1,1,-0.000003815,-0.599273086,2.499877930,0.000001907,0.087707520,0.000000000,5.214843273,0
105,1,1,-0.000003815,-0.599273086,2.499877930,0.000000000,0.088485718,0.000000000,5.262450695,0
106,1,1,-0.000005722,-0.599273086,2.499877930,0.000001907,0.089263916,0.000000000,5.309142590,0
107,1,1,-0.000003815,-0.599273086,2.499877930,0.000001907,0.090042114,0.000000000,5.355834484,0
108,1,1,-0.000005722,-0.599273086,2.499877930,0.000001907,0.090805054,0.000000000,5.402526379,0
109,1,1,-0.000003815,-0.599273086,2.499877930,0.000001907,0.091583252,0.000000000,5.448302746,0
110,1,1,-0.000005722,-0.599273086,2.499893188,0.000015378,0.092361450,0.000000000,5.494994640,0
111,1,1,-0.000003815,-0.599273086,2.499893188,0.000001907,0.093124390,0.000000000,5.541686535,0
112,1,1,-0.000003815,-0.599273086,2.499893188,0.000000000,0.093902588,0.000000000,5.587462902,0
113,1,1,-0.000005722,-0.599273086,2.499877930,0.000015378,0.094665527,0.000000000,5.634154797,0
114,1,1,-0.000005722,-0.599273145,2.499877930,0.000000060,0.095443726,0.000000000,5.679931164,0
115,1,1,-0.000003815,-0.599273145,2.499877930,0.000001907,0.096206665,0.000000000,5.726622581,0
116,1,1,-0.000005722,-0.599273145,2.499877930,0.000001907,0.096969604,0.000000000,5.772399426,0
117,1,1,-0.000003815,-0.599273205,2.499877930,0.000001908,0.097732544,0.000000000,5.818175793,0
118,1,1,-0.000003815,-0.599273205,2.499877930,0.000000000,0.098495483,0.000000000,5.863952160,0
119,1,1,-0.000005722,-0.599273145,2.499877930,0.000001908,0.099258423,0.000000000,5.909728527,0
120,1,1,-0.000003815,-0.599273205,2.499877930,0.000001908,0.100021362,0.000000000,5.955504894,0
121,1,1,-0.000005722,-0.599273145,2.499877930,0.000001908,0.100784302,0.000000000,6.001281261,0
122,1,1,-0.000005722,-0.599273205,2.499877930,0.000000060,0.101531982,0.000000000,6.047057629,0
123,1,1,-0.000003815,-0.599273145,2.499877930,0.000001908,0.102294922,0.000000000,6.091918468,0
124,1,1,-0.000005722,-0.599273205,2.499877930,0.000001908,0.103057861,0.000000000,6.137694836,0
125,1,1,-0.000003815,-0.599273205,2.499877930,0.000001907,0.103805542,0.000000000,6.183471203,0
126,1,1,-0.000003815,-0.599273145,2.499877930,0.000000060,0.104553223,0.000000000,6.228332043,0
127,1,1,-0.000005722,-0.599273205,2.499877930,0.000001908,0.105316162,0.000000000,6.273192883,0
128,0,0,-0.000003815,-0.599273205,2.499877930,0.000001907,0.106063843,0.000000000,0.000000000,0
129,1,1,-0.000005722,-0.599364758,2.499877930,0.000091573,0.106811523,0.000000000,6.363830090,0
130,1,1,-0.000007629,-0.599364877,2.499877930,0.000001911,0.107559204,0.000000000,6.408690929,0
131,1,1,-0.000005722,-0.599364877,2.499877930,0.000001907,0.108306885,0.000000000,6.453551769,0
132,0,0,-0.000005722,-0.599364877,2.499877930,0.000000000,0.109054565,0.000000000,0.000000000,0
133,1,1,-0.000009537,-0.599374056,2.499877930,0.000009940,0.109786987,0.000000000,6.543273449,0
134,0,0,-0.000011444,-0.599374175,2.499877930,0.000001911,0.110534668,0.000000000,0.000000000,0
135,1,1,-0.000013351,-0.599379063,2.499862671,0.000016136,0.111282349,0.000000000,6.632079601,0
136,1,1,-0.000011444,-0.599379063,2.499862671,0.000001907,0.112014771,0.000000000,6.676940441,0
137,1,1,-0.000011444,-0.599379063,2.499877930,0.000015259,0.112762451,0.000000000,6.720885754,0
138,1,1,-0.000013351,-0.599379063,2.499877930,0.000001907,0.113494873,0.000000000,6.765746593,0
139,1,1,-0.000011444,-0.599379063,2.499877930,0.000001907,0.114227295,0.000000000,6.809691906,0
140,1,1,-0.000011444,-0.599379063,2.499862671,0.000015259,0.114974976,0.000000000,6.853637218,0
141,1,1,-0.000013351,-0.599379063,2.499862671,0.000001907,0.115707397,0.000000000,6.898498058,0
142,1,1,-0.000013351,-0.599379063,2.499862671,0.000000000,0.116439819,0.000000000,6.942443371,0
143,0,0,-0.000011444,-0.599379063,2.499862671,0.000001907,0.117172241,0.000000000,0.000000000,0
144,1,1,-0.000013351,-0.599400997,2.499862671,0.000022017,0.117904663,0.000000000,7.030333996,0
145,1,1,-0.000015259,-0.599400997,2.499862671,0.000001907,0.118621826,0.000000000,7.074279308,0
146,1,1,-0.000015259,-0.599400997,2.499862671,0.000000000,0.119354248,0.000000000,7.117309093,0
147,1,1,-0.000013351,-0.599400997,2.499862671,0.000001907,0.120086670,0.000000000,7.161254406,0
148,1,1,-0.000013351,-0.599400997,2.499862671,0.000000000,0.120803833,0.000000000,7.205199718,0
149,1,1,-0.000015259,-0.599400997,2.499862671,0.000001907,0.121536255,0.000000000,7.248229504,0
150,1,1,-0.000015259,-0.599400997,2.499862671,0.000000000,0.122253418,0.000000000,7.292174816,0
151,0,0,-0.000013351,-0.599400997,2.499862671,0.000001907,0.122985840,0.000000000,0.000000000,0
152,1,1,-0.000013351,-0.599419951,2.499847412,0.000024333,0.123703003,0.000000000,7.379149914,0
153,1,1,-0.000013351,-0.599419951,2.499847412,0.000000000,0.124420166,0.000000000,7.422179699,0
154,1,1,-0.000013351,-0.599419951,2.499847412,0.000000000,0.125137329,0.000000000,7.465209484,0
155,1,1,-0.000015259,-0.599419951,2.499847412,0.000001907,0.125854492,0.000000000,7.508239269,0
156,1,1,-0.000015259,-0.599419951,2.499847412,0.000000000,0.126571655,0.000000000,7.551269054,0
157,1,1,-0.000013351,-0.599419951,2.499847412,0.000001907,0.127288818,0.000000000,7.594298840,0
158,1,1,-0.000013351,-0.599419951,2.499847412,0.000000000,0.128005981,0.000000000,7.637328625,0
159,1,1,-0.000015259,-0.599419951,2.499847412,0.000001907,0.128707886,0.000000000,7.680358410,0
160,1,1,-0.000015259,-0.599419951,2.499862671,0.000015259,0.129425049,0.000000000,7.722472668,0
161,1,1,-0.000015259,-0.599419951,2.499862671,0.000000000,0.130126953,0.000000000,7.765502453,0
162,1,1,-0.000013351,-0.599419951,2.499847412,0.000015378,0.130844116,0.000000000,7.807616711,0
163,1,1,-0.000013351,-0.599419951,2.499847412,0.000000000,0.131546021,0.000000000,7.850646496,0
164,1,1,-0.000013351,-0.599419951,2.499847412,0.000000000,0.132263184,0.000000000,7.892760754,0
165,1,1,-0.000015259,-0.599419951,2.499847412,0.000001907,0.132965088,0.000000000,7.935790539,0
166,1,1,-0.000015259,-0.599419951,2.499847412,0.000000000,0.133666992,0.000000000,7.977904797,0
167,1,1,-0.000015259,-0.599419951,2.499847412,0.000000000,0.134368896,0.000000000,8.020019531,0
168,1,1,-0.000013351,-0.599419951,2.499847412,0.000001907,0.135070801,0.000000000,8.062133789,0
169,1,1,-0.000013351,-0.599419951,2.499847412,0.000000000,0.135772705,0.000000000,8.104248047,0
170,1,1,-0.000013351,-0.599419951,2.499847412,0.000000000,0.136474609,0.000000000,8.146362305,0
171,1,1,-0.000015259,-0.599419951,2.499847412,0.000001907,0.137176514,0.000000000,8.188476563,0
172,1,1,-0.000015259,-0.599419951,2.499847412,0.000000000,0.137863159,0.000000000,8.230590820,0
173,1,1,-0.000015259,-0.599419951,2.499847412,0.000000000,0.138565063,0.000000000,8.271789551,0
174,1,1,-0.000013351,-0.599419951,2.499847412,0.000001907,0.139266968,0.000000000,8.313903809,0
175,1,1,-0.000013351,-0.599419951,2.499847412,0.000000000,0.139953613,0.000000000,8.356018066,0
176,1,1,-0.000013351,-0.599419951,2.499847412,0.000000000,0.140640259,0.000000000,8.397216797,0
177,1,1,-0.000013351,-0.599419951,2.499847412,0.000000000,0.141342163,0.000000000,8.438415527,0
178,1,1,-0.000013351,-0.599419951,2.499847412,0.000000000,0.142028809,0.000000000,8.480529785,0
179,1,1,-0.000015259,-0.599419951,2.499847412,0.000001907,0.142715454,0.000000000,8.521728516,0
180,1,1,-0.000015259,-0.599419951,2.499862671,0.000015259,0.143402100,0.000000000,8.562927246,0
181,1,1,-0.000015259,-0.599419951,2.499862671,0.000000000,0.144088745,0.000000000,8.604125977,0
182,1,1,-0.000015259,-0.599419951,2.499847412,0.000015259,0.144775391,0.000000000,8.645324707,0
183,1,1,-0.000013351,-0.599419951,2.499847412,0.000001907,0.145462036,0.000000000,8.686523438,0
184,1,1,-0.000013351,-0.599419951,2.499847412,0.000000000,0.146148682,0.000000000,8.727722168,0
185,1,1,-0.000013351,-0.599419951,2.499847412,0.000000000,0.146835327,0.000000000,8.768920898,0
186,1,1,-0.000013351,-0.599419951,2.499847412,0.000000000,0.147506714,0.000000000,8.810119629,0
187,1,1,-0.000013351,-0.599419951,2.499847412,0.000000000,0.148193359,0.000000000,8.850402832,0
188,1,1,-0.000013351,-0.599419951,2.499847412,0.000000000,0.148864746,0.000000000,8.891601563,0
189,1,1,-0.000013351,-0.599419951,2.499847412,0.000000000,0.149551392,0.000000000,8.931884766,0
190,1,1,-0.000015259,-0.599419951,2.499847412,0.000001907,0.150222778,0.000000000,8.973083496,0
191,1,1,-0.000015259,-0.599419951,2.499847412,0.000000000,0.150894165,0.000000000,9.013366699,0
192,1,1,-0.000015259,-0.599419951,2.499847412,0.000000000,0.151580811,0.000000000,9.053649902,0
193,1,1,-0.000015259,-0.599419951,2.499847412,0.000000000,0.152252197,0.000000000,9.094848633,0
194,1,1,-0.000015259,-0.599419951,2.499847412,0.000000000,0.152923584,0.000000000,9.135131836,0
195,0,0,-0.000017166,-0.599419951,2.499847412,0.000001907,0.153594971,0.000000000,0.000000000,0
196,1,1,-0.000019073,-0.599519730,2.499832153,0.000100956,0.154266357,0.000000000,9.215697289,0
197,1,1,-0.000019073,-0.599519730,2.499832153,0.000000000,0.154922485,0.000000000,9.255980492,0
198,1,1,-0.000019073,-0.599519730,2.499832153,0.000000000,0.155593872,0.000000000,9.295348167,0
199,1,1,-0.000019073,-0.599519730,2.499847412,0.000015259,0.156265259,0.000000000,9.335631371,0
200,1,1,-0.000019073,-0.599519730,2.499847412,0.000000000,0.156921387,0.000000000,9.375914574,0
201,1,1,-0.000019073,-0.599519730,2.499832153,0.000015259,0.157592773,0.000000000,9.415282249,0
202,1,1,-0.000019073,-0.599519730,2.499832153,0.000000000,0.158248901,0.000000000,9.455565453,0
203,1,1,-0.000019073,-0.599519730,2.499832153,0.000000000,0.158920288,0.000000000,9.494933128,0
204,1,1,-0.000019073,-0.599519730,2.499832153,0.000000000,0.159576416,0.000000000,9.535216331,0
205,1,1,-0.000019073,-0.599519730,2.499832153,0.000000000,0.160232544,0.000000000,9.574584007,0
206,1,1,-0.000019073,-0.599519730,2.499832153,0.000000000,0.160903931,0.000000000,9.613951683,0
207,1,1,-0.000019073,-0.599519730,2.499832153,0.000000000,0.161560059,0.000000000,9.654234886,0
208,1,1,-0.000019073,-0.599519730,2.499832153,0.000000000,0.162216187,0.000000000,9.693602562,0
209,1,1,-0.000019073,-0.599519730,2.499832153,0.000000000,0.162872314,0.000000000,9.732970238,0
210,1,1,-0.000019073,-0.599519730,2.499832153,0.000000000,0.163528442,0.000000000,9.772337914,0
211,1,1,-0.000019073,-0.599519730,2.499832153,0.000000000,0.164169312,0.000000000,9.811705589,0
212,1,1,-0.000019073,-0.599519730,2.499832153,0.000000000,0.164825439,0.000000000,9.850157738,0
213,1,1,-0.000019073,-0.599519730,2.499832153,0.000000000,0.165481567,0.000000000,9.889525414,0
214,1,1,-0.000019073,-0.599519730,2.499832153,0.000000000,0.166122437,0.000000000,9.928893089,0
215,1,1,-0.000019073,-0.599519730,2.499832153,0.000000000,0.166778564,0.000000000,9.967345238,0
216,1,1,-0.000019073,-0.599519730,2.499847412,0.000015259,0.167419434,0.000000000,10.006712914,0
217,1,1,-0.000019073,-0.599519730,2.499847412,0.000000000,0.168075562,0.000000000,10.045165062,0
218,1,1,-0.000019073,-0.599519730,2.499832153,0.000015259,0.168716431,0.000000000,10.084532738,0
219,1,1,-0.000019073,-0.599519730,2.499832153,0.000000000,0.169357300,0.000000000,10.122984886,0
220,1,1,-0.000019073,-0.599519730,2.499832153,0.000000000,0.170013428,0.000000000,10.161437035,0
221,1,1,-0.000017166,-0.599519730,2.499832153,0.000001907,0.170654297,0.000000000,10.200804710,0
222,1,1,-0.000017166,-0.599519730,2.499832153,0.000000000,0.171295166,0.000000000,10.239256859,0
223,1,1,-0.000017166,-0.599519730,2.499832153,0.000000000,0.171936035,0.000000000,10.277709007,0
224,0,0,-0.000017166,-0.599519730,2.499832153,0.000000000,0.172576904,0.000000000,0.000000000,0
225,1,1,-0.000019073,-0.599582076,2.499816895,0.000064215,0.173202515,0.000000000,10.354613304,0
226,1,1,-0.000019073,-0.599582076,2.499816895,0.000000000,0.173843384,0.000000000,10.392149925,0
227,1,1,-0.000019073,-0.599582076,2.499816895,0.000000000,0.174484253,0.000000000,10.430602074,0
228,1,1,-0.000020981,-0.599582076,2.499816895,0.000001907,0.175125122,0.000000000,10.469054222,0
229,1,1,-0.000020981,-0.599582076,2.499816895,0.000000000,0.175750732,0.000000000,10.507506371,0
230,1,1,-0.000020981,-0.599582076,2.499816895,0.000000000,0.176391602,0.000000000,10.545042992,0
231,1,1,-0.000020981,-0.599582016,2.499816895,0.000000060,0.177017212,0.000000000,10.583495140,0
232,1,1,-0.000020981,-0.599582076,2.499832153,0.000015259,0.177642822,0.000000000,10.621031761,0
233,1,1,-0.000019073,-0.599582076,2.499832153,0.000001907,0.178283691,0.000000000,10.658568382,0
234,1,1,-0.000019073,-0.599582016,2.499816895,0.000015259,0.178909302,0.000000000,10.697020531,0
235,1,1,-0.000019073,-0.599582076,2.499816895,0.000000060,0.179534912,0.000000000,10.734557152,0
236,1,1,-0.000019073,-0.599582076,2.499816895,0.000000000,0.180160522,0.000000000,10.772093773,0
237,1,1,-0.000019073,-0.599582076,2.499816895,0.000000000,0.180786133,0.000000000,10.809630394,0
238,1,1,-0.000020981,-0.599582016,2.499816895,0.000001908,0.181411743,0.000000000,10.847167015,0
239,1,1,-0.000020981,-0.599582016,2.499816895,0.000000000,0.182037354,0.000000000,10.884703636,0
240,1,1,-0.000020981,-0.599582076,2.499816895,0.000000060,0.182662964,0.000000000,10.922240257,0
241,1,1,-0.000019073,-0.599582076,2.499816895,0.000001907,0.183273315,0.000000000,10.959776878,0
242,1,1,-0.000019073,-0.599582016,2.499816895,0.000000060,0.183898926,0.000000000,10.996397972,0
243,1,1,-0.000019073,-0.599582076,2.499816895,0.000000060,0.184524536,0.000000000,11.033934593,0
244,1,1,-0.000019073,-0.599582076,2.499816895,0.000000000,0.185134888,0.000000000,11.071471214,0
245,1,1,-0.000020981,-0.599582076,2.499816895,0.000001907,0.185760498,0.000000000,11.108092308,0
246,1,1,-0.000020981,-0.599582016,2.499816895,0.000000060,0.186370850,0.000000000,11.145628929,0
247,1,1,-0.000020981,-0.599582076,2.499816895,0.000000060,0.186981201,0.000000000,11.182250023,0
248,1,1,-0.000019073,-0.599582016,2.499832153,0.000015378,0.187606812,0.000000000,11.218871117,0
249,1,1,-0.000019073,-0.599582076,2.499816895,0.000015259,0.188217163,0.000000000,11.256407738,0
250,1,1,-0.000019073,-0.599582076,2.499816895,0.000000000,0.188827515,0.000000000,11.293028831,0
251,1,1,-0.000020981,-0.599582076,2.499816895,0.000001907,0.189437866,0.000000000,11.329649925,0
252,1,1,-0.000020981,-0.599582076,2.499816895,0.000000000,0.190048218,0.000000000,11.366271019,0
253,1,1,-0.000019073,-0.599582076,2.499816895,0.000001907,0.190658569,0.000000000,11.402892113,0
254,1,1,-0.000019073,-0.599582076,2.499816895,0.000000000,0.191268921,0.000000000,11.439513206,0
255,1,1,-0.000019073,-0.599582076,2.499816895,0.000000000,0.191879272,0.000000000,11.476134300,0
256,1,1,-0.000020981,-0.599582016,2.499816895,0.000001908,0.192474365,0.000000000,11.512755394,0
257,1,1,-0.000020981,-0.599582016,2.499816895,0.000000000,0.193084717,0.000000000,11.548460960,0
258,1,1,-0.000019073,-0.599582076,2.499816895,0.000001908,0.193695068,0.000000000,11.585082054,0
259,1,1,-0.000019073,-0.599582076,2.499816895,0.000000000,0.194290161,0.000000000,11.621703148,0
260,1,1,-0.000019073,-0.599582076,2.499816895,0.000000000,0.194900513,0.000000000,11.657408714,0
261,1,1,-0.000020981,-0.599582076,2.499816895,0.000001907,0.195495605,0.000000000,11.694029808,0
262,1,1,-0.000020981,-0.599582076,2.499832153,0.000015259,0.196090698,0.000000000,11.729735374,0
263,1,1,-0.000019073,-0.599582076,2.499832153,0.000001907,0.196685791,0.000000000,11.765440941,0
264,1,1,-0.000019073,-0.599582076,2.499816895,0.000015259,0.197296143,0.000000000,11.801146507,0
265,1,1,-0.000019073,-0.599582076,2.499816895,0.000000000,0.197891235,0.000000000,11.837767601,0
266,1,1,-0.000019073,-0.599582136,2.499816895,0.000000060,0.198486328,0.000000000,11.873473167,0
267,1,1,-0.000020981,-0.599582076,2.499816895,0.000001908,0.199081421,0.000000000,11.909178734,0
268,1,1,-0.000020981,-0.599582076,2.499816895,0.000000000,0.199676514,0.000000000,11.944884300,0
269,1,1,-0.000019073,-0.599582136,2.499816895,0.000001908,0.200271606,0.000000000,11.980589867,0
270,1,1,-0.000019073,-0.599582076,2.499816895,0.000000060,0.200851440,0.000000000,12.016295433,0
271,1,1,-0.000020981,-0.599582136,2.499816895,0.000001908,0.201446533,0.000000000,12.051085472,0
272,1,1,-0.000020981,-0.599582076,2.499816895,0.000000060,0.202041626,0.000000000,12.086791039,0
273,1,1,-0.000019073,-0.599582076,2.499816895,0.000001907,0.202636719,0.000000000,12.122496605,0
274,1,1,-0.000019073,-0.599582136,2.499816895,0.000000060,0.203216553,0.000000000,12.158202171,0
275,1,1,-0.000020981,-0.599582136,2.499816895,0.000001907,0.203811646,0.000000000,12.192992210,0
276,1,1,-0.000020981,-0.599582136,2.499832153,0.000015259,0.204391479,0.000000000,12.228697777,0
277,1,1,-0.000019073,-0.599582136,2.499816895,0.000015378,0.204971313,0.000000000,12.263487816,0
278,1,1,-0.000019073,-0.599582076,2.499816895,0.000000060,0.205566406,0.000000000,12.298277855,0
279,1,1,-0.000020981,-0.599582076,2.499816895,0.000001907,0.206146240,0.000000000,12.333983421,0
280,1,1,-0.000019073,-0.599582136,2.499816895,0.000001908,0.206726074,0.000000000,12.368773460,0
281,1,1,-0.000019073,-0.599582136,2.499816895,0.000000000,0.207305908,0.000000000,12.403563499,0
282,1,1,-0.000020981,-0.599582136,2.499816895,0.000001907,0.207885742,0.000000000,12.438353539,0
283,1,1,-0.000020981,-0.599582136,2.499816895,0.000000000,0.208465576,0.000000000,12.473143578,0
284,1,1,-0.000019073,-0.599582076,2.499816895,0.000001908,0.209045410,0.000000000,12.507933617,0
285,1,1,-0.000020981,-0.599582136,2.499816895,0.000001908,0.209625244,0.000000000,12.542723656,0
286,1,1,-0.000020981,-0.599582076,2.499816895,0.000000060,0.210205078,0.000000000,12.577513695,0
287,1,1,-0.000019073,-0.599582076,2.499816895,0.000001907,0.210769653,0.000000000,12.612303734,0
288,1,1,-0.000019073,-0.599582136,2.499816895,0.000000060,0.211349487,0.000000000,12.646178246,0
289,1,1,-0.000020981,-0.599582136,2.499832153,0.000015378,0.211929321,0.000000000,12.680968285,0
290,1,1,-0.000019073,-0.599582136,2.499832153,0.000001907,0.212493896,0.000000000,12.715758324,0
291,1,1,-0.000019073,-0.599582136,2.499816895,0.000015259,0.213073730,0.000000000,12.749632835,0
292,1,1,-0.000020981,-0.599582076,2.499816895,0.000001908,0.213638306,0.000000000,12.784422874,0
293,1,1,-0.000019073,-0.599582076,2.499816895,0.000001907,0.214202881,0.000000000,12.818297386,0
294,1,1,-0.000019073,-0.599582076,2.499816895,0.000000000,0.214782715,0.000000000,12.852171898,0
295,1,1,-0.000020981,-0.599582136,2.499816895,0.000001908,0.215347290,0.000000000,12.886961937,0
296,1,1,-0.000019073,-0.599582136,2.499816895,0.000001907,0.215911865,0.000000000,12.920836449,0
297,1,1,-0.000019073,-0.599582136,2.499816895,0.000000000,0.216476440,0.000000000,12.954710960,0
298,1,1,-0.000020981,-0.599582076,2.499816895,0.000001908,0.217041016,0.000000000,12.988585472,0
299,1,1,-0.000019073,-0.599582076,2.499816895,0.000001907,0.217605591,0.000000000,13.022459984,0
300,1,1,-0.000019073,-0.599582076,2.499816895,0.000000000,0.218170166,0.000000000,13.056334496,0
301,1,1,-0.000020981,-0.599582136,2.499816895,0.000001908,0.218734741,0.000000000,13.090209007,0
302,1,1,-0.000019073,-0.599582136,2.499832153,0.000015378,0.219299316,0.000000000,13.124083519,0
303,1,1,-0.000020981,-0.599582136,2.499832153,0.000001907,0.219848633,0.000000000,13.157958031,0
304,1,1,-0.000020981,-0.599582136,2.499816895,0.000015259,0.220413208,0.000000000,13.190917015,0
305,1,1,-0.000019073,-0.599582076,2.499816895,0.000001908,0.220977783,0.000000000,13.224791527,0
306,1,1,-0.000020981,-0.599582076,2.499816895,0.000001907,0.221527100,0.000000000,13.258666039,0
307,1,1,-0.000019073,-0.599582076,2.499816895,0.000001907,0.222091675,0.000000000,13.291625023,0
308,1,1,-0.000019073,-0.599582136,2.499816895,0.000000060,0.222640991,0.000000000,13.325499535,0
309,1,1,-0.000020981,-0.599582076,2.499816895,0.000001908,0.223205566,0.000000000,13.358458519,0
310,1,1,-0.000019073,-0.599582136,2.499816895,0.000001908,0.223754883,0.000000000,13.392333031,0
311,1,1,-0.000020981,-0.599582136,2.499816895,0.000001907,0.224304199,0.000000000,13.425292015,0
312,1,1,-0.000019073,-0.599582136,2.499816895,0.000001907,0.224853516,0.000000000,13.458250999,0
313,1,1,-0.000019073,-0.599582136,2.499816895,0.000000000,0.225402832,0.000000000,13.491209984,0
314,1,1,-0.000020981,-0.599582076,2.499816895,0.000001908,0.225952148,0.000000000,13.524168968,0
315,1,1,-0.000019073,-0.599582136,2.499832153,0.000015378,0.226501465,0.000000000,13.557127953,0
316,1,1,-0.000020981,-0.599582076,2.499816895,0.000015378,0.227050781,0.000000000,13.590086937,0
317,1,1,-0.000019073,-0.599582076,2.499816895,0.000001907,0.227600098,0.000000000,13.623045921,0
318,1,1,-0.000019073,-0.599582076,2.499816895,0.000000000,0.228149414,0.000000000,13.656004906,0
319,1,1,-0.000020981,-0.599582076,2.499816895,0.000001907,0.228698730,0.000000000,13.688963890,0
320,1,1,-0.000019073,-0.599582136,2.499816895,0.000001908,0.229248047,0.000000000,13.721922874,0
321,1,1,-0.000020981,-0.599582076,2.499816895,0.000001908,0.229782104,0.000000000,13.754881859,0
322,1,1,-0.000019073,-0.599582076,2.499816895,0.000001907,0.230331421,0.000000000,13.786925316,0
323,1,1,-0.000020981,-0.599582076,2.499816895,0.000001907,0.230865479,0.000000000,13.819884300,0
324,1,1,-0.000019073,-0.599582136,2.499816895,0.000001908,0.231414795,0.000000000,13.851927757,0
325,1,1,-0.000019073,-0.599582076,2.499816895,0.000000060,0.231948853,0.000000000,13.884886742,0
326,1,1,-0.000020981,-0.599582076,2.499816895,0.000001907,0.232498169,0.000000000,13.916930199,0
327,0,0,-0.000019073,-0.599582076,2.499832153,0.000015378,0.233032227,0.000000000,0.000000000,0
328,1,1,-0.000022888,-0.599779844,2.499816895,0.000198393,0.233566284,0.000000000,13.981932640,0
329,1,1,-0.000020981,-0.599779844,2.499816895,0.000001907,0.234100342,0.000000000,14.013976097,0
330,1,1,-0.000022888,-0.599779844,2.499816895,0.000001907,0.234634399,0.000000000,14.046019554,0
331,1,1,-0.000020981,-0.599779844,2.499816895,0.000001907,0.235168457,0.000000000,14.078063011,0
332,1,1,-0.000022888,-0.599779844,2.499816895,0.000001907,0.235702515,0.000000000,14.110106468,0
333,1,1,-0.000020981,-0.599779844,2.499816895,0.000001907,0.236236572,0.000000000,14.142149925,0
334,1,1,-0.000022888,-0.599779844,2.499816895,0.000001907,0.236770630,0.000000000,14.174193382,0
335,1,1,-0.000020981,-0.599779844,2.499816895,0.000001907,0.237304688,0.000000000,14.206236839,0
336,1,1,-0.000022888,-0.599779844,2.499816895,0.000001907,0.237838745,0.000000000,14.238280296,0
337,1,1,-0.000020981,-0.599779844,2.499816895,0.000001907,0.238357544,0.000000000,14.270323753,0
338,1,1,-0.000022888,-0.599779844,2.499816895,0.000001907,0.238891602,0.000000000,14.301451683,0
339,1,1,-0.000020981,-0.599779844,2.499832153,0.000015378,0.239425659,0.000000000,14.333495140,0
340,1,1,-0.000022888,-0.599779844,2.499816895,0.000015378,0.239944458,0.000000000,14.365538597,0
341,1,1,-0.000020981,-0.599779844,2.499816895,0.000001907,0.240478516,0.000000000,14.396666527,0
342,1,1,-0.000022888,-0.599779844,2.499816895,0.000001907,0.240997314,0.000000000,14.428709984,0
343,1,1,-0.000020981,-0.599779844,2.499816895,0.000001907,0.241516113,0.000000000,14.459837914,0
344,1,1,-0.000022888,-0.599779844,2.499816895,0.000001907,0.242050171,0.000000000,14.490965843,0
345,1,1,-0.000020981,-0.599779844,2.499816895,0.000001907,0.242568970,0.000000000,14.523009300,0
346,1,1,-0.000022888,-0.599779844,2.499816895,0.000001907,0.243087769,0.000000000,14.554137230,0
347,1,1,-0.000020981,-0.599779844,2.499816895,0.000001907,0.243606567,0.000000000,14.585265160,0
348,1,1,-0.000022888,-0.599779844,2.499816895,0.000001907,0.244125366,0.000000000,14.616393089,0
349,1,1,-0.000020981,-0.599779844,2.499816895,0.000001907,0.244644165,0.000000000,14.647521019,0
350,1,1,-0.000022888,-0.599779844,2.499832153,0.000015378,0.245162964,0.000000000,14.678648949,0
351,1,1,-0.000020981,-0.599779844,2.499816895,0.000015378,0.245681763,0.000000000,14.709776878,0
352,1,1,-0.000022888,-0.599779844,2.499816895,0.000001907,0.246200562,0.000000000,14.740904808,0
353,1,1,-0.000020981,-0.599779844,2.499816895,0.000001907,0.246719360,0.000000000,14.772032738,0
354,1,1,-0.000022888,-0.599779844,2.499816895,0.000001907,0.247238159,0.000000000,14.803160667,0
355,1,1,-0.000020981,-0.599779844,2.499816895,0.000001907,0.247741699,0.000000000,14.834288597,0
356,1,1,-0.000022888,-0.599779844,2.499816895,0.000001907,0.248260498,0.000000000,14.864500999,0
357,1,1,-0.000020981,-0.599779844,2.499816895,0.000001907,0.248779297,0.000000000,14.895628929,0
358,1,1,-0.000022888,-0.599779844,2.499816895,0.000001907,0.249282837,0.000000000,14.926756859,0
359,1,1,-0.000020981,-0.599779844,2.499816895,0.000001907,0.249786377,0.000000000,14.956969261,0
360,1,1,-0.000020981,-0.599779844,2.499816895,0.000000000,0.250305176,0.000000000,14.987181664,0
361,1,1,-0.000022888,-0.599779844,2.499832153,0.000015378,0.250808716,0.000000000,15.018309593,0
362,1,1,-0.000020981,-0.599779844,2.499816895,0.000015378,0.251327515,0.000000000,15.048521996,0
363,1,1,-0.000022888,-0.599779844,2.499816895,0.000001907,0.251831055,0.000000000,15.079649925,0
364,1,1,-0.000020981,-0.599779844,2.499816895,0.000001907,0.252334595,0.000000000,15.109862328,0
365,1,1,-0.000022888,-0.599779844,2.499816895,0.000001907,0.252838135,0.000000000,15.140074730,0
366,1,1,-0.000020981,-0.599779844,2.499816895,0.000001907,0.253341675,0.000000000,15.170287132,0
367,1,1,-0.000020981,-0.599779844,2.499816895,0.000000000,0.253845215,0.000000000,15.200499535,0
368,1,1,-0.000022888,-0.599779844,2.499816895,0.000001907,0.254348755,0.000000000,15.230711937,0
369,1,1,-0.000020981,-0.599779844,2.499816895,0.000001907,0.254852295,0.000000000,15.260924339,0
370,1,1,-0.000022888,-0.599779844,2.499816895,0.000001907,0.255355835,0.000000000,15.291136742,0
371,1,1,-0.000020981,-0.599779844,2.499816895,0.000001907,0.255859375,0.000000000,15.321349144,0
372,1,1,-0.000022888,-0.599779844,2.499832153,0.000015378,0.256347656,0.000000000,15.351561546,0
373,1,1,-0.000022888,-0.599779844,2.499816895,0.000015259,0.256851196,0.000000000,15.380858421,0
374,1,1,-0.000020981,-0.599779844,2.499816895,0.000001907,0.257354736,0.000000000,15.411070824,0
375,1,1,-0.000022888,-0.599779844,2.499816895,0.000001907,0.257843018,0.000000000,15.441283226,0
376,1,1,-0.000020981,-0.599779844,2.499816895,0.000001907,0.258346558,0.000000000,15.470580101,0
377,1,1,-0.000022888,-0.599779844,2.499816895,0.000001907,0.258834839,0.000000000,15.500792503,0
378,1,1,-0.000022888,-0.599779844,2.499816895,0.000000000,0.259338379,0.000000000,15.530089378,0
379,1,1,-0.000020981,-0.599779844,2.499816895,0.000001907,0.259826660,0.000000000,15.560301781,0
380,1,1,-0.000022888,-0.599779844,2.499816895,0.000001907,0.260314941,0.000000000,15.589598656,0
381,1,1,-0.000020981,-0.599779844,2.499816895,0.000001907,0.260818481,0.000000000,15.618895531,0
382,1,1,-0.000020981,-0.599779844,2.499816895,0.000000000,0.261306763,0.000000000,15.649107933,0
383,1,1,-0.000022888,-0.599779844,2.499832153,0.000015378,0.261795044,0.000000000,15.678404808,0
384,1,1,-0.000020981,-0.599779844,2.499816895,0.000015378,0.262283325,0.000000000,15.707701683,0
385,1,1,-0.000022888,-0.599779844,2.499816895,0.000001907,0.262771606,0.000000000,15.736998558,0
386,1,1,-0.000022888,-0.599779844,2.499816895,0.000000000,0.263259888,0.000000000,15.766295433,0
387,1,1,-0.000020981,-0.599779844,2.499816895,0.000001907,0.263748169,0.000000000,15.795592308,0
388,1,1,-0.000022888,-0.599779844,2.499816895,0.000001907,0.264236450,0.000000000,15.824889183,0
389,1,1,-0.000020981,-0.599779844,2.499816895,0.000001907,0.264724731,0.000000000,15.854186058,0
390,1,1,-0.000020981,-0.599779844,2.499816895,0.000000000,0.265197754,0.000000000,15.883482933,0
391,1,1,-0.000022888,-0.599779844,2.499816895,0.000001907,0.265686035,0.000000000,15.911864281,0
392,1,1,-0.000020981,-0.599779844,2.499816895,0.000001907,0.266174316,0.000000000,15.941161156,0
393,1,1,-0.000020981,-0.599779844,2.499816895,0.000000000,0.266647339,0.000000000,15.970458031,0
394,1,1,-0.000022888,-0.599779844,2.499832153,0.000015378,0.267135620,0.000000000,15.998839378,0
395,1,1,-0.000020981,-0.599779844,2.499816895,0.000015378,0.267608643,0.000000000,16.028137207,0
396,1,1,-0.000020981,-0.599779844,2.499816895,0.000000000,0.268096924,0.000000000,16.056518555,0
397,1,1,-0.000022888,-0.599779844,2.499816895,0.000001907,0.268569946,0.000000000,16.085815430,0
398,1,1,-0.000020981,-0.599779844,2.499816895,0.000001907,0.269058228,0.000000000,16.114196777,0
399,1,1,-0.000020981,-0.599779844,2.499816895,0.000000000,0.269531250,0.000000000,16.143493652,0
400,1,1,-0.000022888,-0.599779844,2.499816895,0.000001907,0.270004272,0.000000000,16.171875000,0
401,1,1,-0.000020981,-0.599779844,2.499816895,0.000001907,0.270477295,0.000000000,16.200256348,0
402,1,1,-0.000020981,-0.599779844,2.499816895,0.000000000,0.270950317,0.000000000,16.228637695,0
403,1,1,-0.000022888,-0.599779844,2.499816895,0.000001907,0.271438599,0.000000000,16.257019043,0
404,1,1,-0.000022888,-0.599779844,2.499832153,0.000015259,0.271911621,0.000000000,16.286315918,0
405,1,1,-0.000020981,-0.599779844,2.499816895,0.000015378,0.272384644,0.000000000,16.314697266,0
406,1,1,-0.000022888,-0.599779844,2.499816895,0.000001907,0.272842407,0.000000000,16.343078613,0
407,1,1,-0.000022888,-0.599779844,2.499816895,0.000000000,0.273315430,0.000000000,16.370544434,0
408,1,1,-0.000020981,-0.599779844,2.499816895,0.000001907,0.273788452,0.000000000,16.398925781,0
409,1,1,-0.000020981,-0.599779844,2.499816895,0.000000000,0.274261475,0.000000000,16.427307129,0
410,1,1,-0.000022888,-0.599779844,2.499816895,0.000001907,0.274734497,0.000000000,16.455688477,0
411,1,1,-0.000020981,-0.599779844,2.499816895,0.000001907,0.275192261,0.000000000,16.484069824,0
412,1,1,-0.000020981,-0.599779844,2.499816895,0.000000000,0.275665283,0.000000000,16.511535645,0
413,1,1,-0.000022888,-0.599779844,2.499816895,0.000001907,0.276138306,0.000000000,16.539916992,0
414,1,1,-0.000022888,-0.599779844,2.499832153,0.000015259,0.276596069,0.000000000,16.568298340,0
415,1,1,-0.000020981,-0.599779844,2.499816895,0.000015378,0.277069092,0.000000000,16.595764160,0
416,1,1,-0.000020981,-0.599779844,2.499816895,0.000000000,0.277526855,0.000000000,16.624145508,0
417,1,1,-0.000022888,-0.599779844,2.499816895,0.000001907,0.277984619,0.000000000,16.651611328,0
418,1,1,-0.000020981,-0.599779844,2.499816895,0.000001907,0.278457642,0.000000000,16.679077148,0
419,1,1,-0.000020981,-0.599779844,2.499816895,0.000000000,0.278915405,0.000000000,16.707458496,0
420,1,1,-0.000020981,-0.599779844,2.499816895,0.000000000,0.279373169,0.000000000,16.734924316,0
421,1,1,-0.000022888,-0.599779844,2.499816895,0.000001907,0.279830933,0.000000000,16.762390137,0
422,1,1,-0.000020981,-0.599779844,2.499816895,0.000001907,0.280288696,0.000000000,16.789855957,0
423,1,1,-0.000020981,-0.599779844,2.499816895,0.000000000,0.280746460,0.000000000,16.817321777,0
424,1,1,-0.000022888,-0.599779844,2.499832153,0.000015378,0.281204224,0.000000000,16.844787598,0
425,1,1,-0.000022888,-0.599779844,2.499816895,0.000015259,0.281661987,0.000000000,16.872253418,0
426,1,1,-0.000020981,-0.599779844,2.499816895,0.000001907,0.282119751,0.000000000,16.899719238,0
427,1,1,-0.000020981,-0.599779785,2.499816895,0.000000060,0.282577515,0.000000000,16.927185059,0
428,1,1,-0.000022888,-0.599779844,2.499816895,0.000001908,0.283035278,0.000000000,16.954650879,0
429,1,1,-0.000022888,-0.599779785,2.499816895,0.000000060,0.283493042,0.000000000,16.982116699,0
430,1,1,-0.000020981,-0.599779844,2.499816895,0.000001908,0.283950806,0.000000000,17.009582520,0
431,1,1,-0.000020981,-0.599779844,2.499816895,0.000000000,0.284393311,0.000000000,17.037048340,0
432,1,1,-0.000022888,-0.599779844,2.499816895,0.000001907,0.284851074,0.000000000,17.063598633,0
433,1,1,-0.000022888,-0.599779844,2.499816895,0.000000000,0.285293579,0.000000000,17.091064453,0
434,1,1,-0.000020981,-0.599779844,2.499832153,0.000015378,0.285751343,0.000000000,17.117614746,0
435,1,1,-0.000020981,-0.599779844,2.499816895,0.000015259,0.286193848,0.000000000,17.145080566,0
436,1,1,-0.000020981,-0.599779844,2.499816895,0.000000000,0.286651611,0.000000000,17.171630859,0
437,1,1,-0.000022888,-0.599779785,2.499816895,0.000001908,0.287094116,0.000000000,17.199096680,0
438,1,1,-0.000022888,-0.599779844,2.499816895,0.000000060,0.287536621,0.000000000,17.225646973,0
439,1,1,-0.000020981,-0.599779844,2.499816895,0.000001907,0.287994385,0.000000000,17.252197266,0
440,1,1,-0.000020981,-0.599779844,2.499816895,0.000000000,0.288436890,0.000000000,17.279663086,0
441,1,1,-0.000022888,-0.599779844,2.499816895,0.000001907,0.288879395,0.000000000,17.306213379,0
442,1,1,-0.000022888,-0.599779844,2.499816895,0.000000000,0.289321899,0.000000000,17.332763672,0
443,1,1,-0.000022888,-0.599779844,2.499832153,0.000015259,0.289764404,0.000000000,17.359313965,0
444,1,1,-0.000020981,-0.599779844,2.499816895,0.000015378,0.290206909,0.000000000,17.385864258,0
445,1,1,-0.000020981,-0.599779844,2.499816895,0.000000000,0.290649414,0.000000000,17.412414551,0
446,1,1,-0.000022888,-0.599779844,2.499816895,0.000001907,0.291091919,0.000000000,17.438964844,0
447,1,1,-0.000022888,-0.599779844,2.499816895,0.000000000,0.291534424,0.000000000,17.465515137,0
448,1,1,-0.000022888,-0.599779844,2.499816895,0.000000000,0.291976929,0.000000000,17.492065430,0
449,1,1,-0.000020981,-0.599779785,2.499816895,0.000001908,0.292419434,0.000000000,17.518615723,0
450,1,1,-0.000020981,-0.599779844,2.499816895,0.000000060,0.292861938,0.000000000,17.545166016,0
451,1,1,-0.000020981,-0.599779844,2.499816895,0.000000000,0.293289185,0.000000000,17.571716309,0
452,1,1,-0.000022888,-0.599779844,2.499816895,0.000001907,0.293731689,0.000000000,17.597351074,0
453,1,1,-0.000022888,-0.599779844,2.499832153,0.000015259,0.294158936,0.000000000,17.623901367,0
454,1,1,-0.000020981,-0.599779844,2.499816895,0.000015378,0.294601440,0.000000000,17.649536133,0
455,1,1,-0.000020981,-0.599779844,2.499816895,0.000000000,0.295043945,0.000000000,17.676086426,0
456,1,1,-0.000020981,-0.599779844,2.499816895,0.000000000,0.295471191,0.000000000,17.702636719,0
457,1,1,-0.000020981,-0.599779844,2.499816895,0.000000000,0.295898438,0.000000000,17.728271484,0
458,1,1,-0.000022888,-0.599779844,2.499816895,0.000001907,0.296340942,0.000000000,17.753906250,0
459,1,1,-0.000022888,-0.599779785,2.499816895,0.000000060,0.296768188,0.000000000,17.780456543,0
460,1,1,-0.000022888,-0.599779844,2.499816895,0.000000060,0.297195435,0.000000000,17.806091309,0
461,1,1,-0.000020981,-0.599779844,2.499816895,0.000001907,0.297637939,0.000000000,17.831726074,0
462,1,1,-0.000020981,-0.599779844,2.499832153,0.000015259,0.298065186,0.000000000,17.858276367,0
463,1,1,-0.000020981,-0.599779844,2.499816895,0.000015259,0.298492432,0.000000000,17.883911133,0
464,1,1,-0.000020981,-0.599779844,2.499816895,0.000000000,0.298919678,0.000000000,17.909545898,0
465,1,1,-0.000022888,-0.599779844,2.499816895,0.000001907,0.299346924,0.000000000,17.935180664,0
466,1,1,-0.000022888,-0.599779844,2.499816895,0.000000000,0.299774170,0.000000000,17.960815430,0
467,1,1,-0.000022888,-0.599779844,2.499816895,0.000000000,0.300201416,0.000000000,17.986450195,0
468,1,1,-0.000020981,-0.599779844,2.499816895,0.000001907,0.300628662,0.000000000,18.012084961,0
469,1,1,-0.000020981,-0.599779844,2.499816895,0.000000000,0.301055908,0.000000000,18.037719727,0
470,1,1,-0.000020981,-0.599779844,2.499816895,0.000000000,0.301467896,0.000000000,18.063354492,0
471,1,1,-0.000020981,-0.599779844,2.499816895,0.000000000,0.301895142,0.000000000,18.088073730,0
472,1,1,-0.000022888,-0.599779844,2.499832153,0.000015378,0.302322388,0.000000000,18.113708496,0
473,1,1,-0.000022888,-0.599779844,2.499816895,0.000015259,0.302749634,0.000000000,18.139343262,0
474,1,1,-0.000022888,-0.599779844,2.499816895,0.000000000,0.303161621,0.000000000,18.164978027,0
475,1,1,-0.000022888,-0.599779844,2.499816895,0.000000000,0.303588867,0.000000000,18.189697266,0
476,1,1,-0.000020981,-0.599779844,2.499816895,0.000001907,0.304000854,0.000000000,18.215332031,0
477,1,1,-0.000020981,-0.599779785,2.499816895,0.000000060,0.304412842,0.000000000,18.240051270,0
478,1,1,-0.000020981,-0.599779844,2.499816895,0.000000060,0.304840088,0.000000000,18.265228271,0
479,1,1,-0.000020981,-0.599779844,2.499801636,0.000015259,0.305259705,0.000000000,18.290403366,0
480,1,1,-0.000020981,-0.599779785,2.499801636,0.000000060,0.305679321,0.000000000,18.315580368,0
481,1,1,-0.000020981,-0.599779844,2.499816895,0.000015259,0.306091309,0.000000000,18.340757370,0
482,1,1,-0.000022888,-0.599779844,2.499824524,0.000007864,0.306510925,0.000000000,18.365476608,0
483,1,1,-0.000022888,-0.599779844,2.499832153,0.000007629,0.306922913,0.000000000,18.390653610,0
484,1,1,-0.000022888,-0.599779844,2.499824524,0.000007629,0.307342529,0.000000000,18.415372849,0
485,1,1,-0.000022888,-0.599779844,2.499824524,0.000000000,0.307754517,0.000000000,18.440549850,0
486,1,1,-0.000022888,-0.599779844,2.499824524,0.000000000,0.308166504,0.000000000,18.465269089,0
487,1,1,-0.000020981,-0.599779844,2.499824524,0.000001907,0.308578491,0.000000000,18.489988327,0
488,1,1,-0.000020981,-0.599779844,2.499832153,0.000007629,0.308990479,0.000000000,18.514707565,0
489,1,1,-0.000020981,-0.599779844,2.499824524,0.000007629,0.309402466,0.000000000,18.539426804,0
490,1,1,-0.000020981,-0.599779844,2.499824524,0.000000000,0.309814453,0.000000000,18.564146042,0
491,1,1,-0.000020981,-0.599779844,2.499824524,0.000000000,0.310218811,0.000000000,18.588865280,0
492,1,1,-0.000020981,-0.599779844,2.499832153,0.000007629,0.310630798,0.000000000,18.613126755,0
493,1,1,-0.000020981,-0.599779844,2.499824524,0.000007629,0.311035156,0.000000000,18.637845993,0
494,1,1,-0.000022888,-0.599779844,2.499824524,0.000001907,0.311447144,0.000000000,18.662107468,0
495,1,1,-0.000022888,-0.599779844,2.499824524,0.000000000,0.311851501,0.000000000,18.686826706,0
496,1,1,-0.000022888,-0.599779844,2.499824524,0.000000000,0.312255859,0.000000000,18.711088181,0
497,1,1,-0.000022888,-0.599779844,2.499824524,0.000000000,0.312660217,0.000000000,18.735349655,0
498,1,1,-0.000022888,-0.599779844,2.499824524,0.000000000,0.313072205,0.000000000,18.759611130,0
499,1,1,-0.000022888,-0.599779844,2.499824524,0.000000000,0.313468933,0.000000000,18.784330368,0
500,0,0,-0.000022888,-0.599779844,2.499824524,0.000000000,0.313873291,0.000000000,0.000000000,0
501,1,1,-0.000022888,-0.600764573,2.499824524,0.000984728,0.314277649,0.000000000,18.832395554,0
502,1,1,-0.000022888,-0.600764453,2.499809265,0.000015259,0.314682007,0.000000000,18.856657028,0
503,1,1,-0.000020981,-0.600764453,2.499801636,0.000007864,0.315086365,0.000000000,18.880918503,0
504,1,1,-0.000020981,-0.600764513,2.499794006,0.000007630,0.315483093,0.000000000,18.905179977,0
505,1,1,-0.000020981,-0.600764394,2.499794006,0.000000119,0.315879822,0.000000000,18.928983688,0
506,1,1,-0.000020981,-0.600764394,2.499778748,0.000015259,0.316284180,0.000000000,18.952787399,0
507,0,0,-0.000020981,-0.600764394,2.499771118,0.000007629,0.316680908,0.000000000,0.000000000,0
508,1,1,-0.000020981,-0.600799441,2.499763489,0.000035868,0.317077637,0.000000000,19.000852585,0
509,1,1,-0.000020981,-0.600799382,2.499755859,0.000007630,0.317474365,0.000000000,19.024656296,0
510,1,1,-0.000020981,-0.600799322,2.499755859,0.000000060,0.317871094,0.000000000,19.048460007,0
511,1,1,-0.000020981,-0.600799322,2.499740601,0.000015259,0.318267822,0.000000000,19.072263718,0
512,1,1,-0.000020981,-0.600799322,2.499732971,0.000007629,0.318664551,0.000000000,19.096067429,0
513,1,1,-0.000020981,-0.600799322,2.499725342,0.000007629,0.319061279,0.000000000,19.119871140,0
514,1,1,-0.000020981,-0.600799203,2.499725342,0.000000119,0.319458008,0.000000000,19.143674850,0
515,1,1,-0.000020981,-0.600799263,2.499710083,0.000015259,0.319847107,0.000000000,19.167478561,0
516,1,1,-0.000020981,-0.600799203,2.499702454,0.000007630,0.320243835,0.000000000,19.190824509,0
517,1,1,-0.000020981,-0.600799263,2.499694824,0.000007630,0.320632935,0.000000000,19.214628220,0
518,1,1,-0.000020981,-0.600799203,2.499687195,0.000007630,0.321022034,0.000000000,19.237974167,0
519,1,1,-0.000020981,-0.600799203,2.499679565,0.000007629,0.321418762,0.000000000,19.261320114,0
520,1,1,-0.000020981,-0.600799143,2.499671936,0.000007630,0.321807861,0.000000000,19.285123825,0
521,1,1,-0.000020981,-0.600799203,2.499664307,0.000007630,0.322196960,0.000000000,19.308469772,0
522,1,1,-0.000020981,-0.600799084,2.499656677,0.000007630,0.322586060,0.000000000,19.331815720,0
523,1,1,-0.000020981,-0.600799084,2.499656677,0.000000000,0.322975159,0.000000000,19.355161667,0
524,1,1,-0.000020981,-0.600799084,2.499641418,0.000015259,0.323356628,0.000000000,19.378507614,0
525,1,1,-0.000020981,-0.600799084,2.499633789,0.000007629,0.323745728,0.000000000,19.401395798,0
526,1,1,-0.000020981,-0.600799024,2.499626160,0.000007630,0.324134827,0.000000000,19.424741745,0
527,1,1,-0.000020981,-0.600798965,2.499626160,0.000000060,0.324516296,0.000000000,19.448087692,0
528,1,1,-0.000020981,-0.600798965,2.499610901,0.000015259,0.324905396,0.000000000,19.470975876,0
529,1,1,-0.000020981,-0.600798965,2.499603271,0.000007629,0.325286865,0.000000000,19.494321823,0
530,1,1,-0.000020981,-0.600798965,2.499595642,0.000007629,0.325675964,0.000000000,19.517210007,0
531,1,1,-0.000020981,-0.600798905,2.499595642,0.000000060,0.326057434,0.000000000,19.540555954,0
532,1,1,-0.000020981,-0.600798845,2.499580383,0.000015259,0.326438904,0.000000000,19.563444138,0
533,1,1,-0.000020981,-0.600798845,2.499572754,0.000007629,0.326820374,0.000000000,19.586332321,0
534,1,1,-0.000020981,-0.600798845,2.499565125,0.000007629,0.327201843,0.000000000,19.609220505,0
535,1,1,-0.000022888,-0.600798845,2.499557495,0.000007864,0.327583313,0.000000000,19.632108688,0
536,1,1,-0.000022888,-0.600798845,2.499557495,0.000000000,0.327964783,0.000000000,19.654996872,0
537,1,1,-0.000022888,-0.600798726,2.499542236,0.000015259,0.328338623,0.000000000,19.677885056,0
538,1,1,-0.000022888,-0.600798726,2.499534607,0.000007629,0.328720093,0.000000000,19.700315475,0
539,1,1,-0.000022888,-0.600798726,2.499526978,0.000007629,0.329101563,0.000000000,19.723203659,0
540,1,1,-0.000022888,-0.600798607,2.499526978,0.000000119,0.329475403,0.000000000,19.746091843,0
541,1,1,-0.000022888,-0.600798607,2.499511719,0.000015259,0.329849243,0.000000000,19.768522263,0
542,1,1,-0.000022888,-0.600798607,2.499504089,0.000007629,0.330230713,0.000000000,19.790952682,0
543,1,1,-0.000022888,-0.600798607,2.499496460,0.000007629,0.330604553,0.000000000,19.813840866,0
544,1,1,-0.000020981,-0.600798607,2.499496460,0.000001907,0.330978394,0.000000000,19.836271286,0
545,1,1,-0.000020981,-0.600798607,2.499481201,0.000015259,0.331352234,0.000000000,19.858701706,0
546,1,1,-0.000020981,-0.600798488,2.499473572,0.000007630,0.331726074,0.000000000,19.881132126,0
547,1,1,-0.000020981,-0.600798488,2.499465942,0.000007629,0.332099915,0.000000000,19.903562546,0
548,1,1,-0.000020981,-0.600798547,2.499465942,0.000000060,0.332473755,0.000000000,19.925992966,0
549,1,1,-0.000020981,-0.600798607,2.499450684,0.000015259,0.332847595,0.000000000,19.948423386,0
550,1,1,-0.000020981,-0.600798607,2.499443054,0.000007629,0.333213806,0.000000000,19.970853806,0
551,1,1,-0.000020981,-0.600798488,2.499435425,0.000007630,0.333587646,0.000000000,19.992826462,0
552,1,1,-0.000020981,-0.600798488,2.499435425,0.000000000,0.333953857,0.000000000,20.015256882,0
553,1,1,-0.000022888,-0.600798488,2.499420166,0.000015378,0.334327698,0.000000000,20.037229538,0
554,1,1,-0.000022888,-0.600798428,2.499412537,0.000007630,0.334693909,0.000000000,20.059659958,0
555,1,1,-0.000022888,-0.600798368,2.499404907,0.000007630,0.335060120,0.000000000,20.081632614,0
556,1,1,-0.000022888,-0.600798368,2.499397278,0.000007629,0.335426331,0.000000000,20.103605270,0
557,1,1,-0.000022888,-0.600798368,2.499389648,0.000007629,0.335792542,0.000000000,20.125577927,0
558,1,1,-0.000020981,-0.600798368,2.499382019,0.000007864,0.336158752,0.000000000,20.147550583,0
559,1,1,-0.000020981,-0.600798309,2.499374390,0.000007630,0.336524963,0.000000000,20.169523239,0
560,1,1,-0.000020981,-0.600798249,2.499366760,0.000007630,0.336891174,0.000000000,20.191495895,0
561,1,1,-0.000020981,-0.600798249,2.499366760,0.000000000,0.337257385,0.000000000,20.213468552,0
562,1,1,-0.000020981,-0.600798249,2.499351501,0.000015259,0.337623596,0.000000000,20.235441208,0
563,1,1,-0.000020981,-0.600798249,2.499343872,0.000007629,0.337982178,0.000000000,20.257413864,0
564,1,1,-0.000022888,-0.600798130,2.499336243,0.000007865,0.338348389,0.000000000,20.278928757,0
565,1,1,-0.000022888,-0.600798130,2.499336243,0.000000000,0.338706970,0.000000000,20.300901413,0
566,1,1,-0.000022888,-0.600798130,2.499320984,0.000015259,0.339073181,0.000000000,20.322416306,0
567,1,1,-0.000022888,-0.600798070,2.499313354,0.000007630,0.339431763,0.000000000,20.344388962,0
568,0,0,-0.000020981,-0.600798130,2.499305725,0.000007864,0.339790344,0.000000000,0.000000000,0
569,1,1,-0.000020981,-0.600799501,2.499305725,0.000001371,0.340148926,0.000000000,20.387418747,0
570,1,1,-0.000020981,-0.600799561,2.499290466,0.000015259,0.340507507,0.000000000,20.408933640,0
571,1,1,-0.000020981,-0.600799441,2.499282837,0.000007630,0.340866089,0.000000000,20.430448532,0
572,1,1,-0.000020981,-0.600799441,2.499275208,0.000007629,0.341224670,0.000000000,20.451963425,0
573,1,1,-0.000022888,-0.600799441,2.499275208,0.000001907,0.341583252,0.000000000,20.473478317,0
574,1,1,-0.000022888,-0.600799382,2.499259949,0.000015259,0.341941833,0.000000000,20.494993210,0
575,1,1,-0.000022888,-0.600799441,2.499252319,0.000007630,0.342292786,0.000000000,20.516508102,0
576,1,1,-0.000020981,-0.600799322,2.499244690,0.000007865,0.342651367,0.000000000,20.537565231,0
577,1,1,-0.000020981,-0.600799322,2.499244690,0.000000000,0.343009949,0.000000000,20.559080124,0
578,1,1,-0.000020981,-0.600799263,2.499229431,0.000015259,0.343360901,0.000000000,20.580595016,0
579,1,1,-0.000020981,-0.600799322,2.499221802,0.000007630,0.343711853,0.000000000,20.601652145,0
580,1,1,-0.000022888,-0.600799322,2.499214172,0.000007864,0.344070435,0.000000000,20.622709274,0
581,1,1,-0.000022888,-0.600799263,2.499214172,0.000000060,0.344421387,0.000000000,20.644224167,0
582,1,1,-0.000022888,-0.600799322,2.499198914,0.000015259,0.344772339,0.000000000,20.665281296,0
583,1,1,-0.000020981,-0.600799203,2.499191284,0.000007865,0.345123291,0.000000000,20.686338425,0
584,1,1,-0.000020981,-0.600799203,2.499183655,0.000007629,0.345474243,0.000000000,20.707395554,0
585,1,1,-0.000020981,-0.600799203,2.499183655,0.000000000,0.345825195,0.000000000,20.728452682,0
586,1,1,-0.000020981,-0.600799203,2.499168396,0.000015259,0.346176147,0.000000000,20.749509811,0
587,1,1,-0.000022888,-0.600799143,2.499160767,0.000007864,0.346519470,0.000000000,20.770566940,0
588,1,1,-0.000022888,-0.600799143,2.499153137,0.000007629,0.346870422,0.000000000,20.791166306,0
589,1,1,-0.000022888,-0.600799084,2.499153137,0.000000060,0.347221375,0.000000000,20.812223434,0
590,1,1,-0.000020981,-0.600799084,2.499137878,0.000015378,0.347564697,0.000000000,20.833280563,0
591,1,1,-0.000020981,-0.600799084,2.499130249,0.000007629,0.347915649,0.000000000,20.853879929,0
592,1,1,-0.000020981,-0.600798965,2.499122620,0.000007630,0.348258972,0.000000000,20.874937057,0
593,1,1,-0.000022888,-0.600799024,2.499122620,0.000001908,0.348602295,0.000000000,20.895536423,0
594,1,1,-0.000022888,-0.600798965,2.499107361,0.000015259,0.348945618,0.000000000,20.916135788,0
595,1,1,-0.000022888,-0.600798965,2.499099731,0.000007629,0.349296570,0.000000000,20.936735153,0
596,1,1,-0.000020981,-0.600798905,2.499092102,0.000007864,0.349639893,0.000000000,20.957792282,0
597,1,1,-0.000020981,-0.600798905,2.499092102,0.000000000,0.349983215,0.000000000,20.978391647,0
598,1,1,-0.000020981,-0.600798845,2.499076843,0.000015259,0.350326538,0.000000000,20.998991013,0
599,1,1,-0.000022888,-0.600798845,2.499069214,0.000007864,0.350662231,0.000000000,21.019590378,0
600,1,1,-0.000022888,-0.600798845,2.499061584,0.000007629,0.351005554,0.000000000,21.039731979,0
601,1,1,-0.000022888,-0.600798845,2.499061584,0.000000000,0.351348877,0.000000000,21.060331345,0
602,1,1,-0.000020981,-0.600798726,2.499046326,0.000015378,0.351684570,0.000000000,21.080930710,0
603,1,1,-0.000020981,-0.600798726,2.499038696,0.000007629,0.352027893,0.000000000,21.101072311,0
604,1,1,-0.000022888,-0.600798726,2.499031067,0.000007864,0.352363586,0.000000000,21.121671677,0
605,1,1,-0.000022888,-0.600798726,2.499031067,0.000000000,0.352706909,0.000000000,21.141813278,0
606,1,1,-0.000022888,-0.600798666,2.499015808,0.000015259,0.353042603,0.000000000,21.162412643,0
607,1,1,-0.000020981,-0.600798607,2.499008179,0.000007864,0.353378296,0.000000000,21.182554245,0
608,1,1,-0.000020981,-0.600798607,2.499000549,0.000007629,0.353721619,0.000000000,21.202695847,0
609,1,1,-0.000020981,-0.600798607,2.499000549,0.000000000,0.354057312,0.000000000,21.223295212,0
610,1,1,-0.000022888,-0.600798547,2.498985291,0.000015378,0.354393005,0.000000000,21.243436813,0
611,1,1,-0.000022888,-0.600798607,2.498977661,0.000007630,0.354728699,0.000000000,21.263578415,0
612,1,1,-0.000020981,-0.600798547,2.498970032,0.000007864,0.355056763,0.000000000,21.283720016,0
613,1,1,-0.000020981,-0.600798488,2.498970032,0.000000060,0.355392456,0.000000000,21.303403854,0
614,1,1,-0.000022888,-0.600798488,2.498954773,0.000015378,0.355728149,0.000000000,21.323545456,0
615,1,1,-0.000022888,-0.600798428,2.498947144,0.000007630,0.356063843,0.000000000,21.343687057,0
616,1,1,-0.000020981,-0.600798368,2.498939514,0.000007864,0.356391907,0.000000000,21.363828659,0
617,1,1,-0.000020981,-0.600798368,2.498939514,0.000000000,0.356727600,0.000000000,21.383512497,0
618,1,1,-0.000020981,-0.600798368,2.498924255,0.000015259,0.357055664,0.000000000,21.403654099,0
619,1,1,-0.000022888,-0.600798368,2.498916626,0.000007864,0.357391357,0.000000000,21.423337936,0
620,1,1,-0.000022888,-0.600798368,2.498908997,0.000007629,0.357719421,0.000000000,21.443479538,0
621,1,1,-0.000020981,-0.600798249,2.498908997,0.000001911,0.358047485,0.000000000,21.463163376,0
622,1,1,-0.000020981,-0.600798249,2.498893738,0.000015259,0.358375549,0.000000000,21.482847214,0
623,1,1,-0.000022888,-0.600798249,2.498886108,0.000007864,0.358703613,0.000000000,21.502531052,0
624,1,1,-0.000022888,-0.600798249,2.498878479,0.000007629,0.359031677,0.000000000,21.522214890,0
625,1,1,-0.000020981,-0.600798130,2.498870850,0.000007865,0.359359741,0.000000000,21.541898727,0
626,1,1,-0.000020981,-0.600798130,2.498863220,0.000007629,0.359687805,0.000000000,21.561582565,0
627,1,1,-0.000020981,-0.600798130,2.498855591,0.000007629,0.360015869,0.000000000,21.581266403,0
628,1,1,-0.000022888,-0.600798130,2.498847961,0.000007864,0.360343933,0.000000000,21.600950241,0
629,1,1,-0.000022888,-0.600798011,2.498840332,0.000007630,0.360664368,0.000000000,21.620634079,0
630,1,1,-0.000020981,-0.600798070,2.498832703,0.000007864,0.360992432,0.000000000,21.639860153,0
631,1,1,-0.000020981,-0.600798011,2.498825073,0.000007630,0.361312866,0.000000000,21.659543991,0
632,1,1,-0.000022888,-0.600798011,2.498825073,0.000001907,0.361640930,0.000000000,21.678770065,0
633,1,1,-0.000022888,-0.600798011,2.498809814,0.000015259,0.361961365,0.000000000,21.698453903,0
634,1,1,-0.000020981,-0.600798011,2.498802185,0.000007864,0.362281799,0.000000000,21.717679977,0
635,0,0,-0.000020981,-0.600798011,2.498794556,0.000007629,0.362609863,0.000000000,0.000000000,0
636,1,1,-0.000022888,-0.600802243,2.498794556,0.000004642,0.362930298,0.000000000,21.756589890,0
637,1,1,-0.000022888,-0.600802302,2.498779297,0.000015259,0.363250732,0.000000000,21.775815964,0
638,1,1,-0.000020981,-0.600802183,2.498771667,0.000007865,0.363571167,0.000000000,21.795042038,0
639,1,1,-0.000020981,-0.600802183,2.498764038,0.000007629,0.363891602,0.000000000,21.814268112,0
640,1,1,-0.000022888,-0.600802183,2.498764038,0.000001907,0.364212036,0.000000000,21.833494186,0
641,1,1,-0.000020981,-0.600802183,2.498748779,0.000015378,0.364524841,0.000000000,21.852720261,0
642,1,1,-0.000020981,-0.600802124,2.498741150,0.000007630,0.364845276,0.000000000,21.871488571,0
643,1,1,-0.000022888,-0.600802064,2.498733521,0.000007864,0.365165710,0.000000000,21.890714645,0
644,1,1,-0.000022888,-0.600802064,2.498733521,0.000000000,0.365478516,0.000000000,21.909940720,0
645,1,1,-0.000020981,-0.600802064,2.498718262,0.000015378,0.365798950,0.000000000,21.928709030,0
646,1,1,-0.000020981,-0.600802064,2.498710632,0.000007629,0.366111755,0.000000000,21.947935104,0
647,1,1,-0.000022888,-0.600802004,2.498703003,0.000007864,0.366432190,0.000000000,21.966703415,0
648,1,1,-0.000022888,-0.600801945,2.498695374,0.000007630,0.366744995,0.000000000,21.985929489,0
649,1,1,-0.000020981,-0.600801945,2.498687744,0.000007864,0.367057800,0.000000000,22.004697800,0
650,1,1,-0.000020981,-0.600801885,2.498680115,0.000007630,0.367370605,0.000000000,22.023466110,0
651,1,1,-0.000022888,-0.600801945,2.498680115,0.000001908,0.367691040,0.000000000,22.042234421,0
652,1,1,-0.000020981,-0.600801885,2.498664856,0.000015378,0.368003845,0.000000000,22.061460495,0
653,1,1,-0.000020981,-0.600801945,2.498657227,0.000007630,0.368316650,0.000000000,22.080228806,0
654,1,1,-0.000022888,-0.600801945,2.498649597,0.000007864,0.368629456,0.000000000,22.098997116,0
655,1,1,-0.000022888,-0.600801826,2.498649597,0.000000119,0.368934631,0.000000000,22.117765427,0
656,1,1,-0.000020981,-0.600801826,2.498634338,0.000015378,0.369247437,0.000000000,22.136075974,0
657,1,1,-0.000022888,-0.600801826,2.498626709,0.000007864,0.369560242,0.000000000,22.154844284,0
658,1,1,-0.000022888,-0.600801766,2.498619080,0.000007630,0.369865417,0.000000000,22.173612595,0
659,1,1,-0.000020981,-0.600801826,2.498619080,0.000001908,0.370178223,0.000000000,22.191923141,0
660,1,1,-0.000020981,-0.600801706,2.498603821,0.000015259,0.370491028,0.000000000,22.210691452,0
661,1,1,-0.000022888,-0.600801706,2.498596191,0.000007864,0.370796204,0.000000000,22.229459763,0
662,1,1,-0.000020981,-0.600801706,2.498588562,0.000007864,0.371101379,0.000000000,22.247770309,0
663,1,1,-0.000020981,-0.600801706,2.498588562,0.000000000,0.371414185,0.000000000,22.266080856,0
664,1,1,-0.000022888,-0.600801587,2.498573303,0.000015378,0.371719360,0.000000000,22.284849167,0
665,1,1,-0.000020981,-0.600801647,2.498569489,0.000004265,0.372028351,0.000000000,22.303159714,0
666,1,1,-0.000020981,-0.600801587,2.498565674,0.000003815,0.372329712,0.000000000,22.321470261,0
667,1,1,-0.000022888,-0.600801587,2.498558044,0.000007864,0.372634888,0.000000000,22.339780807,0
668,1,1,-0.000022888,-0.600801528,2.498546600,0.000011444,0.372940063,0.000000000,22.358091354,0
669,1,1,-0.000020981,-0.600801528,2.498538971,0.000007864,0.373245239,0.000000000,22.376401901,0
670,1,1,-0.000020981,-0.600801587,2.498535156,0.000003815,0.373550415,0.000000000,22.394712448,0
671,1,1,-0.000019073,-0.600801528,2.498523712,0.000011602,0.373851776,0.000000000,22.413022995,0
672,1,1,-0.000019073,-0.600801468,2.498508453,0.000015259,0.374153137,0.000000000,22.431104660,0
673,1,1,-0.000020981,-0.600801528,2.498504639,0.000004265,0.374458313,0.000000000,22.449186325,0
674,1,1,-0.000020981,-0.600801468,2.498493195,0.000011444,0.374759674,0.000000000,22.467496872,0
675,1,1,-0.000019073,-0.600801468,2.498489380,0.000004265,0.375061035,0.000000000,22.485578537,0
676,1,1,-0.000020981,-0.600801468,2.498477936,0.000011602,0.375362396,0.000000000,22.503660202,0
677,1,1,-0.000020981,-0.600801408,2.498470306,0.000007630,0.375659943,0.000000000,22.521741867,0
678,1,1,-0.000019073,-0.600801408,2.498462677,0.000007864,0.375961304,0.000000000,22.539594650,0
679,1,1,-0.000020981,-0.600801408,2.498455048,0.000007864,0.376258850,0.000000000,22.557676315,0
680,1,1,-0.000019073,-0.600801349,2.498451233,0.000004265,0.376560211,0.000000000,22.575529099,0
681,1,1,-0.000019073,-0.600801349,2.498439789,0.000011444,0.376857758,0.000000000,22.593610764,0
682,1,1,-0.000020981,-0.600801289,2.498435974,0.000004265,0.377155304,0.000000000,22.611463547,0
683,1,1,-0.000019073,-0.600801289,2.498424530,0.000011602,0.377452850,0.000000000,22.629316330,0
684,1,1,-0.000019073,-0.600801229,2.498420715,0.000003815,0.377750397,0.000000000,22.647169113,0
685,1,1,-0.000020981,-0.600801229,2.498409271,0.000011602,0.378047943,0.000000000,22.665021896,0
686,1,1,-0.000019073,-0.600801170,2.498405457,0.000004265,0.378341675,0.000000000,22.682874680,0
687,0,0,-0.000019073,-0.600801110,2.498394012,0.000011444,0.378639221,0.000000000,0.000000000,0
688,1,1,-0.000020981,-0.600800514,2.498386383,0.000007887,0.378932953,0.000000000,22.718351364,0
689,1,1,-0.000019073,-0.600800455,2.498374939,0.000011602,0.379226685,0.000000000,22.735975266,0
690,1,1,-0.000019073,-0.600800395,2.498367310,0.000007630,0.379520416,0.000000000,22.753599167,0
691,1,1,-0.000020981,-0.600800395,2.498363495,0.000004265,0.379814148,0.000000000,22.771223068,0
692,1,1,-0.000019073,-0.600800395,2.498352051,0.000011602,0.380107880,0.000000000,22.788846970,0
693,1,1,-0.000020981,-0.600800335,2.498348236,0.000004265,0.380397797,0.000000000,22.806470871,0
694,1,1,-0.000020981,-0.600800335,2.498336792,0.000011444,0.380691528,0.000000000,22.823865891,0
695,1,1,-0.000019073,-0.600800335,2.498332977,0.000004265,0.380981445,0.000000000,22.841489792,0
696,1,1,-0.000020981,-0.600800276,2.498321533,0.000011602,0.381275177,0.000000000,22.858884811,0
697,1,1,-0.000019073,-0.600800216,2.498317719,0.000004265,0.381565094,0.000000000,22.876508713,0
698,1,1,-0.000019073,-0.600800216,2.498306274,0.000011444,0.381855011,0.000000000,22.893903732,0
699,1,1,-0.000020981,-0.600800216,2.498298645,0.000007864,0.382144928,0.000000000,22.911298752,0
700,1,1,-0.000019073,-0.600800157,2.498291016,0.000007864,0.382431030,0.000000000,22.928693771,0
701,1,1,-0.000020981,-0.600800157,2.498283386,0.000007864,0.382720947,0.000000000,22.945859909,0
702,1,1,-0.000020981,-0.600800097,2.498279572,0.000003815,0.383010864,0.000000000,22.963254929,0
703,1,1,-0.000019073,-0.600800097,2.498268127,0.000011602,0.383296967,0.000000000,22.980649948,0
704,1,1,-0.000020981,-0.600800097,2.498264313,0.000004265,0.383583069,0.000000000,22.997816086,0
705,1,1,-0.000019073,-0.600800037,2.498252869,0.000011602,0.383869171,0.000000000,23.014982224,0
706,1,1,-0.000019073,-0.600800037,2.498249054,0.000003815,0.384155273,0.000000000,23.032148361,0
707,1,1,-0.000020981,-0.600800037,2.498237610,0.000011602,0.384441376,0.000000000,23.049314499,0
708,1,1,-0.000019073,-0.600799978,2.498233795,0.000004265,0.384727478,0.000000000,23.066480637,0
709,1,1,-0.000020981,-0.600799978,2.498222351,0.000011602,0.385013580,0.000000000,23.083646774,0
710,1,1,-0.000019073,-0.600799918,2.498214722,0.000007864,0.385295868,0.000000000,23.100812912,0
711,1,1,-0.000019073,-0.600799918,2.498210907,0.000003815,0.385578156,0.000000000,23.117750168,0
712,1,1,-0.000020981,-0.600799859,2.498199463,0.000011602,0.385864258,0.000000000,23.134687424,0
713,1,1,-0.000019073,-0.600799859,2.498195648,0.000004265,0.386146545,0.000000000,23.151853561,0
714,1,1,-0.000020981,-0.600799799,2.498184204,0.000011602,0.386428833,0.000000000,23.168790817,0
715,1,1,-0.000019073,-0.600799799,2.498180389,0.000004265,0.386711121,0.000000000,23.185728073,0
716,1,1,-0.000019073,-0.600799859,2.498168945,0.000011444,0.386993408,0.000000000,23.202665329,0
717,1,1,-0.000020981,-0.600799799,2.498165131,0.000004265,0.387271881,0.000000000,23.219602585,0
718,1,1,-0.000019073,-0.600799799,2.498153687,0.000011602,0.387554169,0.000000000,23.236310959,0
719,1,1,-0.000020981,-0.600799799,2.498146057,0.000007864,0.387832642,0.000000000,23.253248215,0
720,1,1,-0.000019073,-0.600799739,2.498142242,0.000004265,0.388111115,0.000000000,23.269956589,0
721,1,1,-0.000019073,-0.600799739,2.498130798,0.000011444,0.388393402,0.000000000,23.286664963,0
722,1,1,-0.000020981,-0.600799680,2.498126984,0.000004265,0.388671875,0.000000000,23.303602219,0
723,1,1,-0.000019073,-0.600799680,2.498115540,0.000011602,0.388950348,0.000000000,23.320310593,0
724,1,1,-0.000020981,-0.600799680,2.498111725,0.000004265,0.389225006,0.000000000,23.337018967,0
725,1,1,-0.000019073,-0.600799561,2.498100281,0.000011603,0.389503479,0.000000000,23.353498459,0
726,1,1,-0.000020981,-0.600799620,2.498096466,0.000004265,0.389781952,0.000000000,23.370206833,0
727,1,1,-0.000019073,-0.600799561,2.498085022,0.000011602,0.390056610,0.000000000,23.386915207,0
728,1,1,-0.000019073,-0.600799561,2.498077393,0.000007629,0.390331268,0.000000000,23.403394699,0
729,1,1,-0.000020981,-0.600799501,2.498073578,0.000004265,0.390605927,0.000000000,23.419874191,0
730,1,1,-0.000019073,-0.600799501,2.498062134,0.000011602,0.390884399,0.000000000,23.436353683,0
731,1,1,-0.000020981,-0.600799441,2.498058319,0.000004265,0.391155243,0.000000000,23.453062057,0
732,1,1,-0.000019073,-0.600799441,2.498046875,0.000011602,0.391429901,0.000000000,23.469312668,0
733,1,1,-0.000020981,-0.600799441,2.498043060,0.000004265,0.391704559,0.000000000,23.485792160,0
734,1,1,-0.000019073,-0.600799322,2.498031616,0.000011603,0.391979218,0.000000000,23.502271652,0
735,1,1,-0.000019073,-0.600799322,2.498023987,0.000007629,0.392250061,0.000000000,23.518751144,0
736,1,1,-0.000020981,-0.600799382,2.498020172,0.000004265,0.392520905,0.000000000,23.535001755,0
737,1,1,-0.000019073,-0.600799322,2.498008728,0.000011602,0.392795563,0.000000000,23.551252365,0
738,1,1,-0.000020981,-0.600799322,2.498004913,0.000004265,0.393066406,0.000000000,23.567731857,0
739,1,1,-0.000019073,-0.600799263,2.497993469,0.000011602,0.393337250,0.000000000,23.583982468,0
740,1,1,-0.000020981,-0.600799203,2.497989655,0.000004265,0.393608093,0.000000000,23.600233078,0
741,1,1,-0.000019073,-0.600799203,2.497978210,0.000011602,0.393875122,0.000000000,23.616483688,0
742,1,1,-0.000020981,-0.600799203,2.497970581,0.000007864,0.394145966,0.000000000,23.632505417,0
743,1,1,-0.000019073,-0.600799143,2.497962952,0.000007864,0.394416809,0.000000000,23.648756027,0
744,1,1,-0.000019073,-0.600799143,2.497955322,0.000007629,0.394683838,0.000000000,23.665006638,0
745,1,1,-0.000020981,-0.600799084,2.497951508,0.000004265,0.394950867,0.000000000,23.681028366,0
746,1,1,-0.000019073,-0.600799084,2.497940063,0.000011602,0.395217896,0.000000000,23.697050095,0
747,1,1,-0.000020981,-0.600799084,2.497936249,0.000004265,0.395484924,0.000000000,23.713071823,0
748,1,1,-0.000019073,-0.600799084,2.497924805,0.000011602,0.395751953,0.000000000,23.729093552,0
749,1,1,-0.000020981,-0.600798965,2.497919083,0.000006033,0.396018982,0.000000000,23.745115280,0
750,1,1,-0.000019073,-0.600798965,2.497909546,0.000009726,0.396286011,0.000000000,23.761137009,0
751,1,1,-0.000020981,-0.600798965,2.497905731,0.000004265,0.396551132,0.000000000,23.777158737,0
752,1,1,-0.000019073,-0.600798965,2.497900009,0.000006032,0.396816254,0.000000000,23.793066025,0
753,1,1,-0.000020981,-0.600798965,2.497890472,0.000009726,0.397081375,0.000000000,23.808973312,0
754,0,0,-0.000019073,-0.600798845,2.497886658,0.000004267,0.397344589,0.000000000,0.000000000,0
755,1,1,-0.000020981,-0.600801468,2.497873306,0.000013740,0.397607803,0.000000000,23.840673447,0
756,1,1,-0.000019073,-0.600801528,2.497867584,0.000006032,0.397871017,0.000000000,23.856466293,0
757,1,1,-0.000019073,-0.600801468,2.497861862,0.000005722,0.398134232,0.000000000,23.872259140,0
758,1,1,-0.000020981,-0.600801468,2.497856140,0.000006032,0.398397446,0.000000000,23.888051987,0
759,1,1,-0.000019073,-0.600801468,2.497850418,0.000006032,0.398658752,0.000000000,23.903844833,0
760,1,1,-0.000020981,-0.600801408,2.497842789,0.000007864,0.398920059,0.000000000,23.919523239,0
761,1,1,-0.000019073,-0.600801408,2.497838974,0.000004265,0.399181366,0.000000000,23.935201645,0
762,1,1,-0.000020981,-0.600801408,2.497833252,0.000006032,0.399442673,0.000000000,23.950880051,0
763,1,1,-0.000019073,-0.600801349,2.497827530,0.000006032,0.399702072,0.000000000,23.966558456,0
764,1,1,-0.000020981,-0.600801349,2.497821808,0.000006032,0.399961472,0.000000000,23.982122421,0
765,1,1,-0.000019073,-0.600801349,2.497816086,0.000006032,0.400220871,0.000000000,23.997686386,0
766,1,1,-0.000020981,-0.600801349,2.497810364,0.000006032,0.400480270,0.000000000,24.013250351,0
767,1,1,-0.000019073,-0.600801349,2.497802734,0.000007864,0.400737762,0.000000000,24.028814316,0
768,1,1,-0.000020981,-0.600801289,2.497798920,0.000004265,0.400997162,0.000000000,24.044263840,0
769,1,1,-0.000019073,-0.600801229,2.497793198,0.000006032,0.401254654,0.000000000,24.059827805,0
770,1,1,-0.000020981,-0.600801229,2.497787476,0.000006032,0.401512146,0.000000000,24.075277328,0
771,1,1,-0.000019073,-0.600801229,2.497781754,0.000006032,0.401767731,0.000000000,24.090726852,0
772,1,1,-0.000020981,-0.600801229,2.497776031,0.000006032,0.402023315,0.000000000,24.106061935,0
773,1,1,-0.000019073,-0.600801229,2.497768402,0.000007864,0.402280807,0.000000000,24.121397018,0
774,1,1,-0.000020981,-0.600801110,2.497764587,0.000004267,0.402536392,0.000000000,24.136846542,0
775,1,1,-0.000019073,-0.600801170,2.497758865,0.000006032,0.402790070,0.000000000,24.152181625,0
776,1,1,-0.000020981,-0.600801110,2.497753143,0.000006032,0.403045654,0.000000000,24.167402267,0
777,1,1,-0.000019073,-0.600801110,2.497747421,0.000006032,0.403299332,0.000000000,24.182737350,0
778,1,1,-0.000020981,-0.600801110,2.497741699,0.000006032,0.403553009,0.000000000,24.197957993,0
779,1,1,-0.000019073,-0.600801110,2.497735977,0.000006032,0.403806686,0.000000000,24.213178635,0
780,1,1,-0.000020981,-0.600801051,2.497728348,0.000007864,0.404060364,0.000000000,24.228399277,0
781,1,1,-0.000019073,-0.600800991,2.497724533,0.000004265,0.404312134,0.000000000,24.243619919,0
782,1,1,-0.000020981,-0.600800991,2.497718811,0.000006032,0.404563904,0.000000000,24.258726120,0
783,1,1,-0.000019073,-0.600800991,2.497713089,0.000006032,0.404815674,0.000000000,24.273832321,0
784,1,1,-0.000020981,-0.600800991,2.497707367,0.000006032,0.405067444,0.000000000,24.288938522,0
785,1,1,-0.000019073,-0.600800991,2.497701645,0.000006032,0.405317307,0.000000000,24.304044724,0
786,1,1,-0.000020981,-0.600800991,2.497694016,0.000007864,0.405567169,0.000000000,24.319036484,0
787,1,1,-0.000019073,-0.600800991,2.497690201,0.000004265,0.405818939,0.000000000,24.334028244,0
788,1,1,-0.000019073,-0.600800991,2.497684479,0.000005722,0.406066895,0.000000000,24.349134445,0
789,1,1,-0.000019073,-0.600800991,2.497678757,0.000005722,0.406316757,0.000000000,24.364011765,0
790,1,1,-0.000019073,-0.600800931,2.497673035,0.000005722,0.406565666,0.000000000,24.379003525,0
791,1,1,-0.000020981,-0.600800872,2.497666359,0.000006943,0.406813622,0.000000000,24.393938065,0
792,1,1,-0.000019073,-0.600800872,2.497659683,0.000006943,0.407061577,0.000000000,24.408815384,0
793,1,1,-0.000020981,-0.600800872,2.497653961,0.000006032,0.407309532,0.000000000,24.423692703,0
794,1,1,-0.000019073,-0.600800872,2.497648239,0.000006032,0.407556534,0.000000000,24.438570023,0
795,1,1,-0.000020981,-0.600800812,2.497643471,0.000005136,0.407802582,0.000000000,24.453390121,0
796,1,1,-0.000019073,-0.600800812,2.497636795,0.000006943,0.408048630,0.000000000,24.468153000,0
797,1,1,-0.000020981,-0.600800812,2.497632027,0.000005136,0.408294678,0.000000000,24.482915878,0
798,1,1,-0.000019073,-0.600800753,2.497626305,0.000006032,0.408540726,0.000000000,24.497678757,0
799,1,1,-0.000020981,-0.600800753,2.497619629,0.000006943,0.408785820,0.000000000,24.512441635,0
800,1,1,-0.000019073,-0.600800753,2.497614861,0.000005136,0.409029961,0.000000000,24.527147293,0
801,1,1,-0.000020981,-0.600800753,2.497609138,0.000006032,0.409274101,0.000000000,24.541795731,0
802,1,1,-0.000019073,-0.600800693,2.497602463,0.000006943,0.409518242,0.000000000,24.556444168,0
803,1,1,-0.000019073,-0.600800693,2.497597694,0.000004768,0.409761429,0.000000000,24.571092606,0
804,1,1,-0.000020981,-0.600800633,2.497591972,0.000006032,0.410004616,0.000000000,24.585683823,0
805,1,1,-0.000019073,-0.600800633,2.497585297,0.000006943,0.410246849,0.000000000,24.600275040,0
806,1,1,-0.000020981,-0.600800633,2.497580528,0.000005136,0.410489082,0.000000000,24.614809036,0
807,1,1,-0.000019073,-0.600800633,2.497573853,0.000006943,0.410731316,0.000000000,24.629343033,0
808,1,1,-0.000020981,-0.600800514,2.497568607,0.000005583,0.410971642,0.000000000,24.643877029,0
809,1,1,-0.000019073,-0.600800574,2.497562885,0.000006032,0.411213398,0.000000000,24.658325195,0
810,1,1,-0.000020981,-0.600800514,2.497556686,0.000006486,0.411453724,0.000000000,24.672801971,0
811,1,1,-0.000019073,-0.600800514,2.497550964,0.000006032,0.411694050,0.000000000,24.687221527,0
812,1,1,-0.000019073,-0.600800514,2.497544765,0.000006199,0.411933899,0.000000000,24.701641083,0
813,1,1,-0.000020981,-0.600800455,2.497538567,0.000006486,0.412173271,0.000000000,24.716032028,0
814,1,1,-0.000019073,-0.600800455,2.497534275,0.000004696,0.412412167,0.000000000,24.730394363,0
815,1,1,-0.000020981,-0.600800514,2.497528553,0.000006032,0.412650585,0.000000000,24.744728088,0
816,1,1,-0.000019073,-0.600800455,2.497522354,0.000006486,0.412889004,0.000000000,24.759033203,0
817,1,1,-0.000020981,-0.600800395,2.497516155,0.000006486,0.413126469,0.000000000,24.773338318,0
818,1,1,-0.000019073,-0.600800395,2.497510433,0.000006032,0.413364172,0.000000000,24.787586212,0
819,1,1,-0.000020981,-0.600800395,2.497504473,0.000006258,0.413600922,0.000000000,24.801834106,0
820,1,1,-0.000020981,-0.600800335,2.497498751,0.000005722,0.413837433,0.000000000,24.816053391,0
821,0,0,-0.000019073,-0.600800276,2.497493029,0.000006032,0.414073706,0.000000000,0.000000000,0
822,1,1,-0.000020981,-0.600801349,2.497483969,0.000009320,0.414309502,0.000000000,24.844421387,0
823,1,1,-0.000019073,-0.600801349,2.497478008,0.000006258,0.414544940,0.000000000,24.858568192,0
824,1,1,-0.000020981,-0.600801349,2.497472048,0.000006258,0.414779902,0.000000000,24.872695923,0
825,1,1,-0.000019073,-0.600801289,2.497466087,0.000006258,0.415014505,0.000000000,24.886793137,0
826,1,1,-0.000022888,-0.589721441,2.497352839,0.011080427,0.389538735,0.000000000,24.900873184,0
827,1,1,-0.000020981,-0.588744283,2.497343063,0.000977209,0.389777154,0.000000000,23.735603333,0
828,1,1,-0.000022888,-0.585810423,2.497313738,0.002934007,0.389757842,0.000000000,23.745046616,0
829,1,1,-0.000022888,-0.583672822,2.497292519,0.002137707,0.389753968,0.000000000,23.751195908,0
830,1,1,-0.000022888,-0.581405163,2.497269630,0.002267774,0.389765054,0.000000000,23.758710861,0
831,1,1,-0.000020981,-0.578976452,2.497245312,0.002428833,0.389789283,0.000000000,23.767383575,0
832,1,1,-0.000020981,-0.576368690,2.497218847,0.002607897,0.389825195,0.000000000,23.777027130,0
833,1,1,-0.000019073,-0.573564589,2.497190714,0.002804242,0.389869571,0.000000000,23.787675858,0
834,1,1,-0.000020981,-0.570553184,2.497160435,0.003011558,0.389921367,0.000000000,23.799238205,0
835,1,1,-0.000020981,-0.567329645,2.497127771,0.003223704,0.389976829,0.000000000,23.811662674,0
836,1,1,-0.000019073,-0.563895106,2.497093201,0.003434713,0.390035540,0.000000000,23.824743271,0
837,0,0,-0.000020981,-0.563895166,2.497092724,0.000001967,0.389743775,0.000000000,0.000000000,0
838,1,1,-0.000019073,-0.563290715,2.497404099,0.000679940,0.389140308,0.000000000,23.794269562,0
839,1,1,-0.000019073,-0.559825540,2.497713089,0.003478925,0.388771176,0.000000000,23.717344284,0
840,1,1,-0.000019073,-0.556266785,2.498044252,0.003574130,0.388435930,0.000000000,23.707506180,0
841,0,0,-0.000017166,-0.558958888,2.498448372,0.002722267,0.389199525,0.000000000,0.000000000,0
842,0,0,-0.000019073,-0.564339280,2.499282122,0.005444609,0.389939249,0.000000000,0.000000000,0
843,1,1,-0.000019073,-0.571466923,2.500559330,0.007241171,0.390633881,0.000000000,23.620378494,0
844,1,1,-0.000020981,-0.577369869,2.501852036,0.006042836,0.391083151,0.000000000,23.591890335,0
845,0,0,-0.000022888,-0.585433185,2.503147125,0.008166660,0.390777498,0.000000000,0.000000000,0
846,1,1,-0.000020981,-0.591092885,2.504868031,0.005915549,0.391069263,0.000000000,23.434707642,0
847,1,1,-0.000020981,-0.594848275,2.506578445,0.004126558,0.391280681,0.000000000,23.427606583,0
848,1,1,-0.000020981,-0.598124027,2.508271694,0.003687498,0.391413599,0.000000000,23.422809601,0
849,1,1,-0.000022888,-0.600901902,2.509947777,0.003244356,0.391472071,0.000000000,23.419284821,0
850,1,1,-0.000022888,-0.603182852,2.511600494,0.002816773,0.391463190,0.000000000,23.415977478,0
851,1,1,-0.000019073,-0.605519354,2.513228893,0.002847971,0.391396403,0.000000000,23.412204742,0
852,1,1,-0.000015259,-0.606640220,2.514836311,0.001959629,0.391276926,0.000000000,23.408147812,0
853,0,0,-0.000017166,-0.606757402,2.516422272,0.001590285,0.391117811,0.000000000,0.000000000,0
854,1,1,-0.000017166,-0.608567119,2.518372536,0.002660564,0.391390353,0.000000000,23.397871017,0
855,1,1,-0.000017166,-0.609701395,2.520286560,0.002224876,0.391614586,0.000000000,23.391555786,0
856,0,0,-0.000017166,-0.609866381,2.522157669,0.001878369,0.391798496,0.000000000,0.000000000,0
857,1,1,-0.000019073,-0.610473752,2.524338722,0.002264044,0.391449630,0.000000000,23.379785538,0
858,1,1,-0.000020981,-0.611941338,2.526445389,0.002567461,0.391090095,0.000000000,23.345981598,0
859,1,1,-0.000024796,-0.612146139,2.528482437,0.002047321,0.390725821,0.000000000,23.313306808,0
860,1,1,-0.000028610,-0.612336874,2.530440331,0.001967166,0.390367061,0.000000000,23.281343460,0
861,1,1,-0.000034332,-0.613512874,2.532305717,0.002205148,0.390018702,0.000000000,23.250280380,0
862,0,0,-0.000043869,-0.613725066,2.534089088,0.001795976,0.389684826,0.000000000,0.000000000,0
863,1,1,-0.000051498,-0.615652084,2.536048889,0.002748504,0.389370561,0.000000000,23.191305161,0
864,1,1,-0.000062943,-0.616856217,2.537895203,0.002204301,0.389077693,0.000000000,23.163528442,0
865,0,0,-0.000076294,-0.617066979,2.539626122,0.001743754,0.388807505,0.000000000,0.000000000,0
866,1,1,-0.000093460,-0.619971156,2.541437149,0.003422624,0.388561755,0.000000000,23.111930847,0
867,0,0,-0.000108719,-0.620202422,2.543112755,0.001691559,0.388339132,0.000000000,0.000000000,0
868,1,1,-0.000133514,-0.622116685,2.544797897,0.002550436,0.387948006,0.000000000,23.066026688,0
869,1,1,-0.000154495,-0.622306108,2.546314240,0.001528272,0.387576312,0.000000000,23.042421341,0
870,1,1,-0.000179291,-0.622448683,2.547642708,0.001336327,0.386742473,0.000000000,23.020011902,0
871,1,1,-0.000202179,-0.622570157,2.548787117,0.001151066,0.385927528,0.000000000,22.970918655,0
872,1,1,-0.000232697,-0.623657703,2.549736023,0.001443645,0.385134459,0.000000000,22.923076630,0
873,1,1,-0.000263214,-0.623760462,2.550509453,0.000780823,0.384363234,0.000000000,22.876379013,0
874,1,1,-0.000295639,-0.623826981,2.551098824,0.000593998,0.383611977,0.000000000,22.830942154,0
875,1,1,-0.000324249,-0.623876095,2.551504135,0.000409278,0.382880718,0.000000000,22.786764145,0
876,1,1,-0.000362396,-0.623906612,2.551725388,0.000226581,0.382171363,0.000000000,22.743736267,0
877,1,1,-0.000396729,-0.623918295,2.551759720,0.000049939,0.381482005,0.000000000,22.701856613,0
878,1,1,-0.000436783,-0.623911381,2.551610947,0.000154226,0.380814552,0.000000000,22.661243439,0
879,1,1,-0.000474930,-0.624341726,2.551273346,0.000548294,0.380165219,0.000000000,22.621896744,0
880,1,1,-0.000514984,-0.623889923,2.550760269,0.000684820,0.379541636,0.000000000,22.583703995,0
881,1,1,-0.000556946,-0.622235537,2.550121307,0.001773986,0.378934234,0.000000000,22.546777725,0
882,1,1,-0.000602722,-0.624059200,2.549213409,0.002037676,0.378348738,0.000000000,22.511007309,0
883,1,1,-0.000648499,-0.623584747,2.548156738,0.001159205,0.377785146,0.000000000,22.476509094,0
884,1,1,-0.000696182,-0.623057365,2.546943665,0.001323614,0.377241522,0.000000000,22.443164825,0
885,1,1,-0.000743866,-0.622511864,2.545570374,0.001478436,0.376719773,0.000000000,22.411090851,0
886,1,1,-0.000793457,-0.621953487,2.544054031,0.001616644,0.376217961,0.000000000,22.380289078,0
887,1,1,-0.000846863,-0.623714924,2.542201996,0.002556471,0.375736088,0.000000000,22.350641251,0
888,1,1,-0.000905991,-0.623368740,2.540201187,0.002031397,0.375275999,0.000000000,22.322147369,0
889,1,1,-0.000963211,-0.623164177,2.538013458,0.002198017,0.374835789,0.000000000,22.294925690,0
890,1,1,-0.001020432,-0.622943878,2.535642624,0.002381735,0.374417335,0.000000000,22.268968582,0
891,1,1,-0.001081467,-0.622707844,2.533090591,0.002563651,0.374020547,0.000000000,22.244165421,0
892,1,1,-0.001144409,-0.622454643,2.530355453,0.002747554,0.373641610,0.000000000,22.220630646,0
893,1,1,-0.001201630,-0.619859219,2.527730942,0.003691553,0.373284340,0.000000000,22.198251724,0
894,1,1,-0.001264572,-0.619534969,2.524921417,0.002828874,0.372946769,0.000000000,22.177141190,0
895,1,1,-0.001325607,-0.619233131,2.521955490,0.002981871,0.372630686,0.000000000,22.157176971,0
896,1,1,-0.001388550,-0.618915558,2.518821716,0.003150453,0.372334182,0.000000000,22.138473511,0
897,1,1,-0.001453400,-0.618580818,2.515522003,0.003317283,0.372059107,0.000000000,22.120916367,0
898,1,1,-0.001518250,-0.618229866,2.512063980,0.003476391,0.371803492,0.000000000,22.104616165,0
899,1,1,-0.001586914,-0.617863655,2.508441925,0.003641169,0.371567309,0.000000000,22.089456558,0
900,1,1,-0.001655579,-0.617480755,2.504659653,0.003802225,0.371354222,0.000000000,22.075550079,0
901,1,1,-0.001661301,-0.587399483,2.503990173,0.030088721,0.289153755,0.000000000,22.071813583,0
902,1,1,-0.001659393,-0.582893848,2.503902435,0.004506489,0.290833443,0.000000000,17.974336624,0
903,1,1,-0.001653671,-0.576875687,2.503799438,0.006019046,0.290779859,0.000000000,18.059553146,0
904,1,1,-0.001651764,-0.570163250,2.503690720,0.006713317,0.290234536,0.000000000,18.077260971,0
905,1,1,-0.001649857,-0.563159943,2.503570557,0.007004338,0.290106714,0.000000000,18.088912964,0
906,1,1,-0.001649857,-0.555545568,2.503437042,0.007615545,0.289501041,0.000000000,18.145572662,0
907,1,1,-0.001646042,-0.547473192,2.503286362,0.008073783,0.288711220,0.000000000,18.197965622,0
908,1,1,-0.001644135,-0.539056301,2.503120422,0.008418527,0.287915081,0.000000000,18.254217148,0
909,1,1,-0.001642227,-0.530293345,2.502937317,0.008764869,0.287128627,0.000000000,18.317905426,0
910,1,1,-0.001646042,-0.521181822,2.502744675,0.009113560,0.286371559,0.000000000,18.389625549,0
911,1,1,-0.001649857,-0.511714578,2.502529144,0.009469697,0.285653919,0.000000000,18.468692780,0
912,1,1,-0.001647949,-0.501909375,2.502304077,0.009807785,0.284985542,0.000000000,18.555793762,0
913,1,1,-0.001653671,-0.491764426,2.502056122,0.010147980,0.284377903,0.000000000,18.650136948,0
914,1,1,-0.001653671,-0.481286526,2.501800537,0.010481018,0.283834636,0.000000000,18.751932144,0
915,1,1,-0.001661301,-0.470483065,2.501523972,0.010807003,0.283359051,0.000000000,18.859161377,0
916,1,1,-0.001646042,-0.478971004,2.502872467,0.008594405,0.283860981,0.000000000,18.961328506,0
917,1,1,-0.001615524,-0.492051125,2.505182266,0.013282532,0.284694403,0.000000000,18.679187775,0
918,0,0,-0.001619339,-0.492051840,2.505182266,0.000003881,0.273902237,0.000000000,0.000000000,0
919,0,0,-0.001609802,-0.494740248,2.505607605,0.002721864,0.271425039,0.000000000,0.000000000,0
920,0,0,-0.001605988,-0.500122547,2.506427765,0.005444431,0.271076202,0.000000000,0.000000000,0
921,0,0,-0.001588821,-0.508203030,2.507610321,0.008166574,0.271579295,0.000000000,0.000000000,0
922,0,0,-0.001573563,-0.518988371,2.509109497,0.010889047,0.272430062,0.000000000,0.000000000,0
923,0,0,-0.001546860,-0.532476187,2.510938644,0.013611306,0.255118549,0.000000000,0.000000000,0
924,0,0,-0.001518250,-0.548671484,2.513059616,0.016333615,0.255435377,0.000000000,0.000000000,0
925,0,0,-0.001489639,-0.567579746,2.515419006,0.019054918,0.256109267,0.000000000,0.000000000,0
926,0,0,-0.001449585,-0.589206457,2.517982483,0.021778146,0.256687075,0.000000000,0.000000000,0
927,0,0,-0.001411438,-0.613556623,2.520683289,0.024499519,0.257181287,0.000000000,0.000000000,0
928,1,1,-0.001369476,-0.623541832,2.523609161,0.010405137,0.257619113,0.000000000,15.237681389,0
929,1,1,-0.001325607,-0.624948382,2.526405334,0.003130318,0.258012116,0.000000000,15.252018929,0
930,0,0,-0.001289368,-0.625228405,2.528980255,0.002590356,0.258377969,0.000000000,0.000000000,0
931,1,1,-0.001251221,-0.625933647,2.531558990,0.002673705,0.258482993,0.000000000,15.281991959,0
932,1,1,-0.001211166,-0.626398444,2.533878326,0.002365789,0.258333176,0.000000000,15.280356407,0
933,1,1,-0.001169205,-0.627673984,2.535934448,0.002420000,0.258207530,0.000000000,15.266541481,0
934,1,1,-0.001132965,-0.627880096,2.537727356,0.001805080,0.258098036,0.000000000,15.254734039,0
935,1,1,-0.001096725,-0.628045321,2.539237976,0.001520061,0.258021921,0.000000000,15.244645119,0
936,1,1,-0.001060486,-0.629166603,2.540470123,0.001666366,0.257968515,0.000000000,15.236261368,0
937,0,0,-0.001031876,-0.629296899,2.541423798,0.000962959,0.257956743,0.000000000,0.000000000,0
938,1,1,-0.000997543,-0.629733086,2.542133331,0.000833592,0.257981896,0.000000000,15.229168892,0
939,1,1,-0.000967026,-0.631183505,2.542503357,0.001497186,0.258038789,0.000000000,15.223412514,0
940,0,0,-0.000936508,-0.632207155,2.542549133,0.001025127,0.258129597,0.000000000,0.000000000,0
941,1,1,-0.000911713,-0.632579327,2.542224884,0.000494231,0.258215725,0.000000000,15.231150627,0
942,1,1,-0.000886917,-0.633565187,2.541549683,0.001195171,0.258253545,0.000000000,15.230584145,0
943,1,1,-0.000873566,-0.633195877,2.540523529,0.001090669,0.257822007,0.000000000,15.232250214,0
944,1,1,-0.000860214,-0.631449699,2.539222717,0.002177482,0.257424504,0.000000000,15.207051277,0
945,1,1,-0.000854492,-0.630813122,2.537586212,0.001755965,0.257057279,0.000000000,15.183535576,0
946,1,1,-0.000854492,-0.632492065,2.535449982,0.002717045,0.256716400,0.000000000,15.161918640,0
947,1,1,-0.000858307,-0.631833553,2.533027649,0.002510249,0.256409496,0.000000000,15.141760826,0
948,1,1,-0.000864029,-0.631096363,2.530277252,0.002847484,0.256128907,0.000000000,15.123517990,0
949,1,1,-0.000869751,-0.630319118,2.527225494,0.003149185,0.255885959,0.000000000,15.106966972,0
950,1,1,-0.000890732,-0.629504204,2.523880005,0.003443374,0.255661547,0.000000000,15.092111588,0
951,1,1,-0.000905991,-0.630202293,2.520053864,0.003889334,0.255478501,0.000000000,15.078941345,0
952,1,1,-0.000928879,-0.628561974,2.516059875,0.004317767,0.255317599,0.000000000,15.067696571,0
953,1,1,-0.000957489,-0.628395081,2.511672974,0.004390168,0.255190223,0.000000000,15.058137894,0
954,1,1,-0.000989914,-0.628670692,2.506832123,0.004848799,0.255088687,0.000000000,15.050030708,0
955,1,1,-0.001022339,-0.628141403,2.501655579,0.005203634,0.255020291,0.000000000,15.043838501,0
956,1,1,-0.001064301,-0.626026154,2.496406555,0.005659354,0.254981279,0.000000000,15.039579391,0
957,1,1,-0.001106262,-0.625391006,2.490833282,0.005609504,0.254967660,0.000000000,15.036774635,0
958,1,1,-0.001152039,-0.624742508,2.484931946,0.005937038,0.254986912,0.000000000,15.035649300,0
959,1,1,-0.001203537,-0.624065399,2.478710175,0.006258719,0.255035013,0.000000000,15.036425591,0
960,1,1,-0.001255035,-0.623356819,2.472167969,0.006580668,0.254718184,0.000000000,15.038851738,0
961,1,1,-0.001310349,-0.621183395,2.465686798,0.006836110,0.254182190,0.000000000,15.054474831,0
962,1,1,-0.001359940,-0.619082451,2.459339142,0.006686491,0.253638148,0.000000000,15.063394547,0
963,1,1,-0.001405716,-0.617089272,2.453174591,0.006478931,0.253101468,0.000000000,15.070037842,0
964,1,1,-0.001443863,-0.612932205,2.447830200,0.006770906,0.252596557,0.000000000,15.075628281,0
965,1,1,-0.001480103,-0.610375404,2.442970276,0.005491576,0.250589252,0.000000000,15.081908226,0
966,1,1,-0.001493454,-0.605728149,2.439212799,0.005976269,0.247993067,0.000000000,15.014448166,0
967,1,1,-0.001502991,-0.603485107,2.436038971,0.003886453,0.247823447,0.000000000,14.917643547,0
968,1,1,-0.001508713,-0.599073410,2.433990479,0.004864096,0.247707933,0.000000000,14.937434196,0
969,1,1,-0.001514435,-0.596961021,2.432525635,0.002570600,0.247643545,0.000000000,14.961365700,0
970,1,1,-0.001512527,-0.588416100,2.432445526,0.008545297,0.235586375,0.000000000,14.989088058,0
971,1,1,-0.001510620,-0.583831787,2.432403564,0.004584505,0.234781772,0.000000000,14.430789948,0
972,1,1,-0.001508713,-0.579131126,2.432353973,0.004700922,0.233938813,0.000000000,14.423029900,0
973,1,1,-0.001506805,-0.574328423,2.432304382,0.004802960,0.233122453,0.000000000,14.415718079,0
974,1,1,-0.001510620,-0.569423676,2.432250977,0.004905039,0.232340738,0.000000000,14.412938118,0
975,1,1,-0.001508713,-0.564564705,2.432201385,0.004859224,0.232196718,0.000000000,14.414813042,0
976,1,1,-0.001508713,-0.559358597,2.432140350,0.005206466,0.231800616,0.000000000,14.456548691,0
977,1,1,-0.001506805,-0.553941250,2.432060242,0.005417940,0.231415585,0.000000000,14.510634422,0
978,1,1,-0.001504898,-0.548304558,2.431983948,0.005637209,0.231050700,0.000000000,14.571191788,0
979,1,1,-0.001506805,-0.547375679,2.431972504,0.000928951,0.231729567,0.000000000,14.635517120,0
980,1,1,-0.001510620,-0.551262379,2.431575775,0.003906897,0.232976303,0.000000000,14.679038048,0
981,1,1,-0.001510620,-0.555152416,2.431228638,0.003905496,0.234246939,0.000000000,14.669830322,0
982,1,1,-0.001512527,-0.559047222,2.430919647,0.003907044,0.235520706,0.000000000,14.664224625,0
983,1,1,-0.001512527,-0.562943459,2.430641174,0.003906175,0.236796156,0.000000000,14.664375305,0
984,1,1,-0.001533508,-0.585549831,2.429130554,0.022656798,0.235084951,0.000000000,14.671821594,0
985,1,1,-0.001537323,-0.587108850,2.429031372,0.001562175,0.235563144,0.000000000,14.236708641,0
986,1,1,-0.001535416,-0.587108850,2.429031372,0.000001907,0.236050054,0.000000000,14.269552231,0
987,1,1,-0.001535416,-0.587108850,2.429035187,0.000003815,0.236536250,0.000000000,14.308830261,0
988,1,1,-0.001537323,-0.587108850,2.429031372,0.000004265,0.237017110,0.000000000,14.349153519,0
989,1,1,-0.001535416,-0.587109089,2.429035187,0.000004272,0.237499833,0.000000000,14.390555382,0
990,1,1,-0.001539230,-0.586161852,2.429031372,0.000947252,0.237988323,0.000000000,14.432871819,0
991,1,1,-0.001541138,-0.585206985,2.429019928,0.000954937,0.238483205,0.000000000,14.476174355,0
992,1,1,-0.001539230,-0.583072901,2.429012299,0.002134099,0.238993511,0.000000000,14.520365715,0
993,1,1,-0.001537323,-0.582136869,2.429000854,0.000936103,0.239513397,0.000000000,14.565140724,0
994,1,1,-0.001537323,-0.579658508,2.428989410,0.002478387,0.240049094,0.000000000,14.611144066,0
995,1,1,-0.001537323,-0.577706933,2.428974152,0.001951635,0.240607068,0.000000000,14.657372475,0
996,1,1,-0.001539230,-0.575627148,2.428958893,0.002079842,0.241171345,0.000000000,14.704685211,0
997,1,1,-0.001539230,-0.573534310,2.428951263,0.002092852,0.241700888,0.000000000,14.752164841,0
998,1,1,-0.001546860,-0.577440679,2.428966522,0.003906406,0.242860809,0.000000000,14.795533180,0
999,1,1,-0.001556396,-0.581346810,2.428997040,0.003906262,0.244019657,0.000000000,14.802064896,0
1000,1,1,-0.001560211,-0.585252762,2.429039001,0.003906179,0.245141312,0.000000000,14.812602043,0
1001,1,1,-0.001565933,-0.589158654,2.429092407,0.003906262,0.246214703,0.000000000,14.828454971,0
1002,1,1,-0.001569748,-0.591892719,2.429130554,0.002734334,0.247231975,0.000000000,14.849151611,0
1003,1,1,-0.001571655,-0.595798552,2.429187775,0.003906252,0.248177528,0.000000000,14.873936653,0
1004,0,0,-0.001571655,-0.595798492,2.429187775,0.000000060,0.249058902,0.000000000,0.000000000,0
1005,0,0,-0.001573563,-0.598520517,2.429218292,0.002722197,0.249868780,0.000000000,0.000000000,0
1006,1,1,-0.001573563,-0.601969302,2.429294586,0.003449628,0.250600547,0.000000000,14.963513374,0
1007,1,1,-0.001575470,-0.604472816,2.429351807,0.002504169,0.251282573,0.000000000,14.995590210,0
1008,0,0,-0.001573563,-0.604519725,2.429405212,0.000071107,0.251898140,0.000000000,0.000000000,0
1009,1,1,-0.001577377,-0.606264770,2.429477692,0.001746554,0.252465397,0.000000000,15.060279846,0
1010,1,1,-0.001577377,-0.607280731,2.429534912,0.001017571,0.252987832,0.000000000,15.092041016,0
1011,1,1,-0.001577377,-0.607301116,2.429580688,0.000050110,0.253469259,0.000000000,15.123292923,0
1012,1,1,-0.001575470,-0.607303739,2.429615021,0.000034485,0.253925264,0.000000000,15.154023170,0
1013,1,1,-0.001571655,-0.607305288,2.429630280,0.000015805,0.254356325,0.000000000,15.184049606,0
1014,1,1,-0.001569748,-0.607306004,2.429637909,0.000007897,0.254766852,0.000000000,15.213923454,0
1015,1,1,-0.001569748,-0.607066631,2.429634094,0.000239403,0.255172640,0.000000000,15.243068695,0
1016,1,1,-0.001565933,-0.606349766,2.429626465,0.000716916,0.255570471,0.000000000,15.272281647,0
1017,1,1,-0.001564026,-0.605554402,2.429611206,0.000795513,0.255968392,0.000000000,15.301439285,0
1018,1,1,-0.001562119,-0.604719222,2.429588318,0.000835496,0.256366819,0.000000000,15.330389977,0
1019,1,1,-0.001556396,-0.603872299,2.429561615,0.000847363,0.256773531,0.000000000,15.359429359,0
1020,1,1,-0.001552582,-0.603036284,2.429550171,0.000836102,0.257184952,0.000000000,15.388593674,0
1021,1,1,-0.001550674,-0.602231383,2.429534912,0.000805048,0.257601112,0.000000000,15.417903900,0
1022,1,1,-0.001548767,-0.603034616,2.429512024,0.000803560,0.258037180,0.000000000,15.447135925,0
1023,1,1,-0.001548767,-0.602359474,2.429496765,0.000675314,0.258470237,0.000000000,15.476737022,0
1024,1,1,-0.001546860,-0.601724148,2.429481506,0.000635512,0.258915454,0.000000000,15.506232262,0
1025,1,1,-0.001544952,-0.601160467,2.429473877,0.000563736,0.259376466,0.000000000,15.535601616,0
1026,1,1,-0.001544952,-0.600670278,2.429462433,0.000490322,0.259837896,0.000000000,15.565278053,0
1027,1,1,-0.001543045,-0.600670159,2.429462433,0.000001911,0.260311067,0.000000000,15.594782829,0
1028,1,1,-0.001543045,-0.600670099,2.429454803,0.000007630,0.260788202,0.000000000,15.624553680,0
1029,1,1,-0.001543045,-0.599535704,2.429458618,0.001134402,0.261273056,0.000000000,15.654113770,0
1030,1,1,-0.001543045,-0.599535823,2.429458618,0.000000119,0.261757880,0.000000000,15.683453560,0
1031,1,1,-0.001543045,-0.599535942,2.429454803,0.000003817,0.262250304,0.000000000,15.713021278,0
1032,1,1,-0.001541138,-0.599535823,2.429458618,0.000004267,0.262746453,0.000000000,15.742352486,0
1033,1,1,-0.001543045,-0.599535882,2.429454803,0.000004265,0.263238668,0.000000000,15.771674156,0
1034,1,1,-0.001543045,-0.599535882,2.429458618,0.000003815,0.263738483,0.000000000,15.800984383,0
1035,1,1,-0.001541138,-0.599535823,2.429466248,0.000007864,0.264234364,0.000000000,15.830286026,0
1036,1,1,-0.001544952,-0.599535882,2.429466248,0.000003815,0.264730155,0.000000000,15.859350204,0
1037,1,1,-0.001541138,-0.599535763,2.429462433,0.000005396,0.265225917,0.000000000,15.888406754,0
1038,1,1,-0.001543045,-0.599535763,2.429462433,0.000001907,0.265721649,0.000000000,15.917461395,0
1039,1,1,-0.001543045,-0.599535823,2.429462433,0.000000060,0.266217351,0.000000000,15.946514130,0
1040,1,1,-0.001541138,-0.599535823,2.429458618,0.000004265,0.266705453,0.000000000,15.975565910,0
1041,1,1,-0.001543045,-0.599535823,2.429466248,0.000007864,0.267201185,0.000000000,16.004390717,0
1042,1,1,-0.001541138,-0.599535763,2.429466248,0.000001908,0.267689317,0.000000000,16.033216476,0
1043,1,1,-0.001541138,-0.599535823,2.429454803,0.000011444,0.268173665,0.000000000,16.062274933,0
1044,1,1,-0.001541138,-0.599535823,2.429458618,0.000003815,0.268661857,0.000000000,16.090881348,0
1045,1,1,-0.001543045,-0.599535763,2.429458618,0.000001908,0.269150078,0.000000000,16.119714737,0
1046,1,1,-0.001543045,-0.599535823,2.429458618,0.000000060,0.269623071,0.000000000,16.148550034,0
1047,1,1,-0.001543045,-0.599535704,2.429458618,0.000000119,0.270103723,0.000000000,16.176931381,0
1048,0,0,-0.001543045,-0.599535882,2.429466248,0.000007631,0.270584375,0.000000000,0.000000000,0
1049,1,1,-0.001541138,-0.600761831,2.429450989,0.001226045,0.271057397,0.000000000,16.234155655,0
1050,0,0,-0.001543045,-0.600824475,2.429447174,0.000062789,0.271530449,0.000000000,0.000000000,0
1051,1,1,-0.001539230,-0.600862026,2.429439545,0.000038508,0.272003502,0.000000000,16.290920258,0
1052,0,0,-0.001541138,-0.601013541,2.429435730,0.000151575,0.272476584,0.000000000,0.000000000,0
1053,1,1,-0.001541138,-0.600957036,2.429412842,0.000060965,0.272941977,0.000000000,16.347686768,0
1054,0,0,-0.001543045,-0.601160765,2.429412842,0.000203738,0.273422688,0.000000000,0.000000000,0
1055,1,1,-0.001543045,-0.601017118,2.429412842,0.000143647,0.273895711,0.000000000,16.404453278,0
1056,0,0,-0.001543045,-0.601242006,2.429412842,0.000224888,0.274353534,0.000000000,0.000000000,0
1057,1,1,-0.001539230,-0.601040483,2.429389954,0.000202855,0.274818897,0.000000000,16.460758209,0
1058,1,1,-0.001541138,-0.600816727,2.429389954,0.000223764,0.275291950,0.000000000,16.488679886,0
1059,1,1,-0.001543045,-0.601029873,2.429367065,0.000214380,0.275757343,0.000000000,16.517061234,0
1060,1,1,-0.001541138,-0.601230860,2.429359436,0.000201141,0.276215106,0.000000000,16.544984818,0
1061,1,1,-0.001543045,-0.600784421,2.429351807,0.000446508,0.276688129,0.000000000,16.572908401,0
1062,1,1,-0.001541138,-0.600953877,2.429359436,0.000169638,0.277145922,0.000000000,16.600830078,0
1063,1,1,-0.001543045,-0.601104975,2.429344177,0.000151878,0.277611315,0.000000000,16.628753662,0
1064,1,1,-0.001543045,-0.600728512,2.429336548,0.000376540,0.278076708,0.000000000,16.656675339,0
