tick,support,on_floor,local_x,local_y,local_z,slip_m,bus_write_m,package_write_m,platform_speed,dual_contact
1,1,1,0.000000000,-0.599055529,2.466659546,0.033340454,0.000000000,0.000000000,0.000000000,0
2,0,0,0.000000000,-0.599052072,2.433319092,0.033340454,0.001023691,0.000000000,0.000000000,0
3,1,1,0.000001907,-0.599662781,2.399978638,0.033346046,0.001964350,0.000000000,0.063356265,0
4,0,0,0.000001907,-0.600298047,2.366638184,0.033346508,0.002934451,0.000000000,0.000000000,0
5,1,1,-0.000001907,-0.599802315,2.333328247,0.033313625,0.003862551,0.000000000,0.172326535,0
6,0,0,-0.000001907,-0.600559235,2.299987793,0.033349045,0.004792082,0.000000000,0.000000000,0
7,1,1,-0.000003815,-0.599792600,2.266632080,0.033364523,0.005722301,0.000000000,0.280515343,0
8,1,1,-0.000001907,-0.600516081,2.233261108,0.033378813,0.006652871,0.000000000,0.335498989,0
9,1,1,-0.000003815,-0.600091398,2.199935913,0.033327900,0.007553102,0.000000000,0.389696121,0
10,1,1,-0.000003815,-0.600686610,2.166580200,0.033361021,0.008453418,0.000000000,0.443999529,0
11,1,1,-0.000005722,-0.599947870,2.133270264,0.033318128,0.009338506,0.000000000,0.498420894,0
12,1,1,-0.000001907,-0.600370765,2.099899292,0.033373650,0.010238852,0.000000000,0.552039742,0
13,1,1,-0.000003815,-0.600703239,2.066589355,0.033311598,0.011139184,0.000000000,0.606673002,0
14,1,1,-0.000003815,-0.599718928,2.033218384,0.033385485,0.012024237,0.000000000,0.661390841,0
15,1,1,-0.000003815,-0.599879146,1.999908447,0.033310320,0.012909266,0.000000000,0.715260625,0
16,1,1,-0.000005722,-0.599962115,1.966552734,0.033355817,0.013794275,0.000000000,0.769180894,0
17,1,1,-0.000003815,-0.599976361,1.933227539,0.033325199,0.014694529,0.000000000,0.824053228,0
18,1,1,-0.000005722,-0.599930763,1.899871826,0.033355743,0.015564251,0.000000000,0.878034830,0
19,1,1,-0.000007629,-0.599834561,1.866531372,0.033340592,0.016464485,0.000000000,0.932032466,0
20,1,1,-0.000005722,-0.599712193,1.833190918,0.033340678,0.017334197,0.000000000,0.986039340,0
21,1,1,-0.000007629,-0.599589705,1.799850464,0.033340678,0.018234426,0.000000000,1.040051222,0
22,1,1,-0.000007629,-0.599467516,1.766525269,0.033325419,0.019119399,0.000000000,1.094065309,0
23,1,1,-0.000007629,-0.599345922,1.733154297,0.033371191,0.020004377,0.000000000,1.147164345,0
24,1,1,-0.000011444,-0.599225163,1.699813843,0.033340674,0.020889357,0.000000000,1.201178670,0
25,1,1,-0.000011444,-0.599105597,1.666488647,0.033325411,0.021789603,0.000000000,1.254277349,0
26,1,1,-0.000011444,-0.598987281,1.633148193,0.033340663,0.022674596,0.000000000,1.308291078,0
27,1,1,-0.000009537,-0.598870158,1.599792480,0.033355918,0.023544332,0.000000000,1.361389279,0
28,1,1,-0.000011444,-0.598754466,1.566467285,0.033325396,0.024444591,0.000000000,1.414487600,0
29,1,1,-0.000011444,-0.598639965,1.533126831,0.033340652,0.025314337,0.000000000,1.467586279,0
30,1,1,-0.000011444,-0.598526716,1.499786377,0.033340648,0.026214601,0.000000000,1.520685434,0
31,1,1,-0.000013351,-0.599976897,1.466430664,0.033387221,0.027084351,0.000000000,1.573785186,0
32,1,1,-0.000015259,-0.599865556,1.433105469,0.033325382,0.027984619,0.000000000,1.626885414,0
33,1,1,-0.000011444,-0.599755228,1.399734497,0.033371154,0.028854372,0.000000000,1.679986119,0
34,1,1,-0.000013351,-0.599645615,1.366424561,0.033310115,0.029739382,0.000000000,1.732171535,0
35,1,1,-0.000015259,-0.599536538,1.333053589,0.033371150,0.030624393,0.000000000,1.785272956,0
36,1,1,-0.000017166,-0.599428058,1.299728394,0.033325370,0.031494144,0.000000000,1.837458730,0
37,0,0,-0.000019073,-0.599319875,1.266387939,0.033340629,0.032379154,0.000000000,0.000000000,0
38,1,1,-0.000019073,-0.599129498,1.233062744,0.033325739,0.033233646,0.000000000,1.942746162,0
39,0,0,-0.000022888,-0.599028468,1.199691772,0.033371124,0.034118656,0.000000000,0.000000000,0
40,1,1,-0.000022888,-0.599141955,1.166336060,0.033355907,0.034988407,0.000000000,2.047118187,0
41,0,0,-0.000024796,-0.599048674,1.133010864,0.033325326,0.035858158,0.000000000,0.000000000,0
42,1,1,-0.000024796,-0.599150896,1.099670410,0.033340611,0.036727909,0.000000000,2.151489258,0
43,0,0,-0.000024796,-0.599061131,1.066329956,0.033340573,0.037582401,0.000000000,0.000000000,0
44,1,1,-0.000024796,-0.599156976,1.032974243,0.033355851,0.038452152,0.000000000,2.254944563,0
45,1,1,-0.000024796,-0.599067330,0.999649048,0.033325315,0.039321903,0.000000000,2.307129383,0
46,1,1,-0.000026703,-0.598976970,0.966293335,0.033355836,0.040176392,0.000000000,2.359314680,0
47,1,1,-0.000026703,-0.598885298,0.932952881,0.033340581,0.041046143,0.000000000,2.410584211,0
48,1,1,-0.000030518,-0.598792195,0.899612427,0.033340584,0.041885376,0.000000000,2.461853743,0
49,1,1,-0.000026703,-0.598697126,0.866271973,0.033340592,0.042739868,0.000000000,2.513123035,0
50,1,1,-0.000028610,-0.598600149,0.832931519,0.033340596,0.043609619,0.000000000,2.564392805,0
51,1,1,-0.000026703,-0.600063682,0.799591064,0.033372562,0.044448853,0.000000000,2.616577625,0
52,1,1,-0.000028610,-0.599962652,0.766265869,0.033325348,0.045303345,0.000000000,2.666931391,0
53,1,1,-0.000028610,-0.599859834,0.732940674,0.033325355,0.046173096,0.000000000,2.718200922,0
54,1,1,-0.000028610,-0.599755168,0.699584961,0.033355877,0.047012329,0.000000000,2.769470453,0
55,1,1,-0.000028610,-0.599648952,0.666244507,0.033340622,0.047851563,0.000000000,2.820739746,0
56,1,1,-0.000030518,-0.599541306,0.632904053,0.033340629,0.048706055,0.000000000,2.871093750,0
57,1,1,-0.000034332,-0.599432230,0.599578857,0.033325374,0.049545288,0.000000000,2.922363281,0
58,1,1,-0.000034332,-0.599322975,0.566238403,0.033340633,0.050384521,0.000000000,2.972717285,0
59,1,1,-0.000038147,-0.599213600,0.532897949,0.033340633,0.051223755,0.000000000,3.023071051,0
60,1,1,-0.000038147,-0.599104285,0.499557495,0.033340633,0.052078247,0.000000000,3.073425055,0
61,1,1,-0.000040054,-0.598994851,0.466217041,0.033340633,0.052917480,0.000000000,3.124694586,0
62,1,1,-0.000038147,-0.598885536,0.432876587,0.033340633,0.053741455,0.000000000,3.175048590,0
63,1,1,-0.000038147,-0.598776221,0.399536133,0.033340633,0.054580688,0.000000000,3.224487066,0
64,1,1,-0.000038147,-0.598666906,0.366195679,0.033340633,0.055419922,0.000000000,3.274841070,0
65,1,1,-0.000038147,-0.600120068,0.332855225,0.033372108,0.056259155,0.000000000,3.325195074,0
66,1,1,-0.000040054,-0.600010753,0.299514771,0.033340633,0.057083130,0.000000000,3.375549078,0
67,1,1,-0.000040054,-0.599901497,0.266174316,0.033340633,0.057922363,0.000000000,3.424987555,0
68,1,1,-0.000041962,-0.599792242,0.232818604,0.033355892,0.058746338,0.000000000,3.475341558,0
69,1,1,-0.000040054,-0.599682927,0.199478149,0.033340633,0.059570313,0.000000000,3.524780035,0
70,1,1,-0.000040054,-0.599573672,0.166137695,0.033340633,0.060394287,0.000000000,3.574218512,0
71,1,1,-0.000040054,-0.599464417,0.132812500,0.033325374,0.061218262,0.000000000,3.623656988,0
72,1,1,-0.000040054,-0.599355221,0.099472046,0.033340633,0.062042236,0.000000000,3.673095465,0
73,1,1,-0.000041962,-0.599245906,0.066131592,0.033340633,0.062866211,0.000000000,3.722533941,0
74,1,1,-0.000040054,-0.599136710,0.032791138,0.033340633,0.063690186,0.000000000,3.771972418,0
75,1,1,-0.000040054,-0.599027574,-0.000549316,0.033340633,0.064514160,0.000000000,3.821410894,0
76,1,1,-0.000040054,-0.598918259,-0.033889771,0.033340633,0.065338135,0.000000000,3.870849371,0
77,1,1,-0.000041962,-0.598809123,-0.067230225,0.033340633,0.066146851,0.000000000,3.920287848,0
78,0,0,-0.000040054,-0.598699927,-0.100555420,0.033325374,0.066970825,0.000000000,0.000000000,0
79,1,1,-0.000040054,-0.599236906,-0.133926392,0.033375293,0.067779541,0.000000000,4.018249512,0
80,0,0,-0.000040054,-0.599127948,-0.167266846,0.033340633,0.068588257,0.000000000,0.000000000,0
81,1,1,-0.000040054,-0.599242806,-0.200622559,0.033355910,0.069396973,0.000000000,4.115295410,0
82,0,0,-0.000040054,-0.599134028,-0.233963013,0.033340633,0.070205688,0.000000000,0.000000000,0
83,1,1,-0.000038147,-0.599248171,-0.267303467,0.033340648,0.071014404,0.000000000,4.212341309,0
84,1,1,-0.000040054,-0.599139571,-0.300643921,0.033340629,0.071823120,0.000000000,4.260864258,0
85,1,1,-0.000038147,-0.599030972,-0.333984375,0.033340629,0.072631836,0.000000000,4.309387207,0
86,0,0,-0.000038147,-0.598922372,-0.367324829,0.033340629,0.073440552,0.000000000,0.000000000,0
87,1,1,-0.000040054,-0.599258721,-0.400665283,0.033342153,0.074249268,0.000000000,4.406433105,0
88,0,0,-0.000038147,-0.599150121,-0.434005737,0.033340629,0.075042725,0.000000000,0.000000000,0
89,1,1,-0.000038147,-0.599263787,-0.467346191,0.033340648,0.075851440,0.000000000,4.502563477,0
90,1,1,-0.000036240,-0.599155247,-0.500686646,0.033340629,0.076644897,0.000000000,4.551086426,0
91,0,0,-0.000036240,-0.599046528,-0.534027100,0.033340633,0.077438354,0.000000000,0.000000000,0
92,1,1,-0.000034332,-0.599271715,-0.567367554,0.033341214,0.078247070,0.000000000,4.646300793,0
93,1,1,-0.000034332,-0.599162996,-0.600708008,0.033340633,0.079040527,0.000000000,4.694823742,0
94,1,1,-0.000034332,-0.599054217,-0.634048462,0.033340633,0.079833984,0.000000000,4.742431164,0
95,1,1,-0.000032425,-0.598945439,-0.667388916,0.033340633,0.080627441,0.000000000,4.790038586,0
96,1,1,-0.000030518,-0.598836482,-0.700729370,0.033340633,0.081420898,0.000000000,4.837646008,0
97,1,1,-0.000030518,-0.598727584,-0.734069824,0.033340633,0.082199097,0.000000000,4.885253429,0
98,1,1,-0.000030518,-0.600180984,-0.767410278,0.033372119,0.082992554,0.000000000,4.931945324,0
99,1,1,-0.000028610,-0.600071967,-0.800750732,0.033340633,0.083786011,0.000000000,4.979552746,0
100,1,1,-0.000028610,-0.599962950,-0.834091187,0.033340633,0.084564209,0.000000000,5.027160168,0
101,1,1,-0.000028610,-0.599853814,-0.867431641,0.033340633,0.085357666,0.000000000,5.073852062,0
102,1,1,-0.000028610,-0.599744618,-0.900772095,0.033340633,0.086135864,0.000000000,5.121459484,0
103,1,1,-0.000026703,-0.599635482,-0.934097290,0.033325374,0.086914063,0.000000000,5.168151379,0
104,1,1,-0.000026703,-0.599526346,-0.967437744,0.033340633,0.087707520,0.000000000,5.214843273,0
105,1,1,-0.000026703,-0.599417210,-1.000778198,0.033340633,0.088485718,0.000000000,5.262450695,0
106,1,1,-0.000026703,-0.599308014,-1.034118652,0.033340633,0.089263916,0.000000000,5.309142590,0
107,1,1,-0.000022888,-0.599198878,-1.067459106,0.033340633,0.090042114,0.000000000,5.355834484,0
108,1,1,-0.000024796,-0.599089742,-1.100799561,0.033340633,0.090805054,0.000000000,5.402526379,0
109,1,1,-0.000024796,-0.598980606,-1.134140015,0.033340633,0.091583252,0.000000000,5.448302746,0
110,1,1,-0.000024796,-0.598871469,-1.167480469,0.033340633,0.092361450,0.000000000,5.494994640,0
111,1,1,-0.000020981,-0.598762274,-1.200820923,0.033340633,0.093124390,0.000000000,5.541686535,0
112,1,1,-0.000020981,-0.600215673,-1.234176636,0.033387363,0.093902588,0.000000000,5.587462902,0
113,1,1,-0.000020981,-0.600106478,-1.267532349,0.033355892,0.094665527,0.000000000,5.634154797,0
114,0,0,-0.000019073,-0.599997401,-1.300872803,0.033340633,0.095443726,0.000000000,0.000000000,0
115,1,1,-0.000017166,-0.599329829,-1.334213257,0.033347137,0.096206665,0.000000000,5.726623058,0
116,1,1,-0.000019073,-0.599220753,-1.367553711,0.033340633,0.096969604,0.000000000,5.772399426,0
117,1,1,-0.000019073,-0.599111676,-1.400894165,0.033340633,0.097732544,0.000000000,5.818175793,0
118,1,1,-0.000019073,-0.599002481,-1.434234619,0.033340633,0.098495483,0.000000000,5.863952160,0
119,1,1,-0.000017166,-0.598893404,-1.467575073,0.033340633,0.099258423,0.000000000,5.909728527,0
120,1,1,-0.000017166,-0.598784208,-1.500915527,0.033340633,0.100021362,0.000000000,5.955504894,0
121,1,1,-0.000017166,-0.600237608,-1.534255981,0.033372119,0.100784302,0.000000000,6.001281261,0
122,1,1,-0.000017166,-0.600128531,-1.567596436,0.033340633,0.101531982,0.000000000,6.047057629,0
123,1,1,-0.000017166,-0.600019336,-1.600936890,0.033340633,0.102294922,0.000000000,6.091918468,0
124,1,1,-0.000017166,-0.599910259,-1.634277344,0.033340633,0.103057861,0.000000000,6.137694836,0
125,1,1,-0.000013351,-0.599801123,-1.667602539,0.033325374,0.103805542,0.000000000,6.183471203,0
126,1,1,-0.000013351,-0.599691987,-1.700942993,0.033340633,0.104553223,0.000000000,6.228332043,0
127,1,1,-0.000013351,-0.599582911,-1.734283447,0.033340633,0.105316162,0.000000000,6.273192883,0
128,0,0,-0.000013351,-0.599473715,-1.767623901,0.033340633,0.106063843,0.000000000,0.000000000,0
129,1,1,-0.000011444,-0.599364460,-1.800964355,0.033340633,0.106811523,0.000000000,6.363830090,0
130,1,1,-0.000013351,-0.599255443,-1.834304810,0.033340633,0.107559204,0.000000000,6.408690929,0
131,1,1,-0.000011444,-0.599146247,-1.867645264,0.033340633,0.108306885,0.000000000,6.453551769,0
132,0,0,-0.000009537,-0.599037170,-1.900985718,0.033340633,0.109054565,0.000000000,0.000000000,0
133,1,1,-0.000011444,-0.599374652,-1.934341431,0.033357419,0.109786987,0.000000000,6.543273449,0
134,1,1,-0.000011444,-0.599265814,-1.967681885,0.033340633,0.110534668,0.000000000,6.587218761,0
135,1,1,-0.000009537,-0.599156737,-2.001022339,0.033340633,0.111282349,0.000000000,6.632079601,0
136,1,1,-0.000007629,-0.599047661,-2.034362793,0.033340633,0.112014771,0.000000000,6.676940441,0
137,1,1,-0.000007629,-0.598938465,-2.067703247,0.033340633,0.112762451,0.000000000,6.720885754,0
138,1,1,-0.000007629,-0.598829389,-2.101043701,0.033340633,0.113494873,0.000000000,6.765746593,0
139,1,1,-0.000007629,-0.600282788,-2.134384155,0.033372119,0.114227295,0.000000000,6.809691906,0
140,1,1,-0.000007629,-0.600173652,-2.167724609,0.033340633,0.114974976,0.000000000,6.853637218,0
141,1,1,-0.000007629,-0.600064576,-2.201065063,0.033340633,0.115707397,0.000000000,6.898498058,0
142,1,1,-0.000005722,-0.599955440,-2.234405518,0.033340633,0.116439819,0.000000000,6.942443371,0
143,0,0,-0.000005722,-0.599846303,-2.267745972,0.033340633,0.117172241,0.000000000,0.000000000,0
144,1,1,-0.000003815,-0.599400997,-2.301071167,0.033328168,0.117904663,0.000000000,7.030333996,0
145,1,1,-0.000003815,-0.599291921,-2.334411621,0.033340633,0.118621826,0.000000000,7.074279308,0
146,1,1,-0.000003815,-0.599182844,-2.367752075,0.033340633,0.119354248,0.000000000,7.117309093,0
147,1,1,-0.000003815,-0.599073648,-2.401092529,0.033340633,0.120086670,0.000000000,7.161254406,0
148,1,1,-0.000001907,-0.598964572,-2.434432983,0.033340633,0.120803833,0.000000000,7.205199718,0
149,1,1,-0.000001907,-0.598855495,-2.467773438,0.033340633,0.121536255,0.000000000,7.248229504,0
150,1,1,0.000000000,-0.598964572,-2.434432983,0.033340633,0.122253418,0.000000000,7.292174816,0
151,1,1,0.000000000,-0.599073648,-2.401092529,0.033340633,0.122985840,0.000000000,7.335204601,0
152,1,1,0.000000000,-0.599182844,-2.367752075,0.033340633,0.123703003,0.000000000,7.379149914,0
153,1,1,0.000001907,-0.599291921,-2.334426880,0.033325374,0.124420166,0.000000000,7.422179699,0
154,1,1,0.000001907,-0.599400997,-2.301101685,0.033325374,0.125137329,0.000000000,7.465209484,0
155,1,1,0.000001907,-0.599510074,-2.267776489,0.033325374,0.125854492,0.000000000,7.508239269,0
156,1,1,0.000001907,-0.599619150,-2.234451294,0.033325374,0.126571655,0.000000000,7.551269054,0
157,1,1,0.000001907,-0.599728227,-2.201126099,0.033325374,0.127288818,0.000000000,7.594298840,0
158,1,1,0.000003815,-0.599837303,-2.167800903,0.033325374,0.128005981,0.000000000,7.637328625,0
159,1,1,0.000001907,-0.599946499,-2.134475708,0.033325374,0.128707886,0.000000000,7.680358410,0
160,1,1,0.000003815,-0.600055456,-2.101150513,0.033325374,0.129425049,0.000000000,7.722472668,0
161,1,1,0.000003815,-0.600164652,-2.067825317,0.033325374,0.130126953,0.000000000,7.765502453,0
162,1,1,0.000003815,-0.600273728,-2.034515381,0.033310115,0.130844116,0.000000000,7.807616711,0
163,1,1,0.000005722,-0.600382805,-2.001190186,0.033325374,0.131546021,0.000000000,7.850646496,0
164,1,1,0.000005722,-0.600491881,-1.967864990,0.033325374,0.132263184,0.000000000,7.892760754,0
165,1,1,0.000005722,-0.600600958,-1.934539795,0.033325374,0.132965088,0.000000000,7.935790539,0
166,1,1,0.000005722,-0.600710034,-1.901214600,0.033325374,0.133666992,0.000000000,7.977904797,0
167,1,1,0.000005722,-0.600819111,-1.867889404,0.033325374,0.134368896,0.000000000,8.020019531,0
168,1,1,0.000007629,-0.599856198,-1.834564209,0.033339106,0.135070801,0.000000000,8.062133789,0
169,1,1,0.000007629,-0.599965274,-1.801239014,0.033325374,0.135772705,0.000000000,8.104248047,0
170,1,1,0.000007629,-0.600074410,-1.767898560,0.033340633,0.136474609,0.000000000,8.146362305,0
171,1,1,0.000007629,-0.600183427,-1.734573364,0.033325374,0.137176514,0.000000000,8.188476563,0
172,1,1,0.000007629,-0.600292504,-1.701248169,0.033325374,0.137863159,0.000000000,8.230590820,0
173,0,0,0.000007629,-0.600401580,-1.667922974,0.033325374,0.138565063,0.000000000,0.000000000,0
174,1,1,0.000007629,-0.599470437,-1.634597778,0.033338200,0.139266968,0.000000000,8.313903809,0
175,1,1,0.000007629,-0.599579573,-1.601272583,0.033325374,0.139953613,0.000000000,8.356018066,0
176,1,1,0.000009537,-0.599688649,-1.567947388,0.033325374,0.140640259,0.000000000,8.397216797,0
177,1,1,0.000009537,-0.599797726,-1.534622192,0.033325374,0.141342163,0.000000000,8.438415527,0
178,1,1,0.000009537,-0.599906802,-1.501296997,0.033325374,0.142028809,0.000000000,8.480529785,0
179,1,1,0.000007629,-0.600015938,-1.467971802,0.033325374,0.142715454,0.000000000,8.521728516,0
180,1,1,0.000009537,-0.600124955,-1.434646606,0.033325374,0.143402100,0.000000000,8.562927246,0
181,1,1,0.000009537,-0.600234091,-1.401321411,0.033325374,0.144088745,0.000000000,8.604125977,0
182,1,1,0.000009537,-0.600343168,-1.368011475,0.033310115,0.144775391,0.000000000,8.645324707,0
183,1,1,0.000011444,-0.600452244,-1.334686279,0.033325374,0.145462036,0.000000000,8.686523438,0
184,1,1,0.000011444,-0.600561321,-1.301361084,0.033325374,0.146148682,0.000000000,8.727722168,0
185,1,1,0.000011444,-0.600670457,-1.268035889,0.033325374,0.146835327,0.000000000,8.768920898,0
186,1,1,0.000013351,-0.600779533,-1.234710693,0.033325374,0.147506714,0.000000000,8.810119629,0
187,1,1,0.000013351,-0.600888610,-1.201385498,0.033325374,0.148193359,0.000000000,8.850402832,0
188,1,1,0.000013351,-0.599901676,-1.168060303,0.033339806,0.148864746,0.000000000,8.891601563,0
189,1,1,0.000013351,-0.600010872,-1.134735107,0.033325374,0.149551392,0.000000000,8.931884766,0
190,1,1,0.000013351,-0.600119948,-1.101409912,0.033325374,0.150222778,0.000000000,8.973083496,0
191,1,1,0.000013351,-0.600229025,-1.068084717,0.033325374,0.150894165,0.000000000,9.013366699,0
192,1,1,0.000013351,-0.600338101,-1.034759521,0.033325374,0.151580811,0.000000000,9.053649902,0
193,1,1,0.000015259,-0.600447178,-1.001434326,0.033325374,0.152252197,0.000000000,9.094848633,0
194,1,1,0.000015259,-0.600556254,-0.968109131,0.033325374,0.152923584,0.000000000,9.135131836,0
195,1,1,0.000013351,-0.600665331,-0.934753418,0.033355892,0.153594971,0.000000000,9.175414085,0
196,1,1,0.000013351,-0.600774527,-0.901428223,0.033325374,0.154266357,0.000000000,9.215697289,0
197,1,1,0.000013351,-0.600883603,-0.868103027,0.033325374,0.154922485,0.000000000,9.255980492,0
198,1,1,0.000015259,-0.599923372,-0.834777832,0.033339027,0.155593872,0.000000000,9.295348167,0
199,1,1,0.000015259,-0.600032449,-0.801452637,0.033325374,0.156265259,0.000000000,9.335631371,0
200,1,1,0.000015259,-0.600141644,-0.768127441,0.033325374,0.156921387,0.000000000,9.375914574,0
201,1,1,0.000015259,-0.600250721,-0.734817505,0.033310115,0.157592773,0.000000000,9.415282249,0
202,1,1,0.000017166,-0.600359917,-0.701492310,0.033325374,0.158248901,0.000000000,9.455565453,0
203,1,1,0.000017166,-0.600468993,-0.668167114,0.033325374,0.158920288,0.000000000,9.494933128,0
204,1,1,0.000017166,-0.600578070,-0.634841919,0.033325374,0.159576416,0.000000000,9.535216331,0
205,1,1,0.000017166,-0.600687265,-0.601516724,0.033325374,0.160232544,0.000000000,9.574584007,0
206,1,1,0.000017166,-0.600796342,-0.568191528,0.033325374,0.160903931,0.000000000,9.613951683,0
207,1,1,0.000019073,-0.600905538,-0.534866333,0.033325374,0.161560059,0.000000000,9.654234886,0
208,1,1,0.000019073,-0.599945068,-0.501541138,0.033339035,0.162216187,0.000000000,9.693602562,0
209,1,1,0.000019073,-0.600054145,-0.468215942,0.033325374,0.162872314,0.000000000,9.732970238,0
210,1,1,0.000019073,-0.600163341,-0.434890747,0.033325374,0.163528442,0.000000000,9.772337914,0
211,1,1,0.000019073,-0.600272417,-0.401565552,0.033325374,0.164169312,0.000000000,9.811705589,0
212,1,1,0.000020981,-0.600381494,-0.368240356,0.033325374,0.164825439,0.000000000,9.850157738,0
213,1,1,0.000020981,-0.600490570,-0.334915161,0.033325374,0.165481567,0.000000000,9.889525414,0
214,1,1,0.000020981,-0.600599766,-0.301589966,0.033325374,0.166122437,0.000000000,9.928893089,0
215,1,1,0.000020981,-0.600708842,-0.268264771,0.033325374,0.166778564,0.000000000,9.967345238,0
216,1,1,0.000020981,-0.600817919,-0.234939575,0.033325374,0.167419434,0.000000000,10.006712914,0
217,1,1,0.000020981,-0.600927114,-0.201599121,0.033340633,0.168075562,0.000000000,10.045165062,0
218,1,1,0.000022888,-0.599966407,-0.168289185,0.033323787,0.168716431,0.000000000,10.084532738,0
219,1,1,0.000022888,-0.600075543,-0.134963989,0.033325374,0.169357300,0.000000000,10.122984886,0
220,1,1,0.000022888,-0.600184619,-0.101638794,0.033325374,0.170013428,0.000000000,10.161437035,0
221,1,1,0.000024796,-0.600293756,-0.068313599,0.033325374,0.170654297,0.000000000,10.200804710,0
222,1,1,0.000024796,-0.600402892,-0.034988403,0.033325374,0.171295166,0.000000000,10.239256859,0
223,1,1,0.000024796,-0.600512028,-0.001663208,0.033325374,0.171936035,0.000000000,10.277709007,0
224,0,0,0.000024796,-0.600621164,0.031661987,0.033325374,0.172576904,0.000000000,0.000000000,0
225,1,1,0.000024796,-0.599582136,0.064987183,0.033341389,0.173202515,0.000000000,10.354613304,0
226,1,1,0.000024796,-0.599691212,0.098312378,0.033325374,0.173843384,0.000000000,10.392149925,0
227,1,1,0.000024796,-0.599800348,0.131637573,0.033325374,0.174484253,0.000000000,10.430602074,0
228,1,1,0.000024796,-0.599909425,0.164962769,0.033325374,0.175125122,0.000000000,10.469054222,0
229,1,1,0.000024796,-0.600018561,0.198287964,0.033325374,0.175750732,0.000000000,10.507506371,0
230,1,1,0.000024796,-0.600127697,0.231613159,0.033325374,0.176391602,0.000000000,10.545042992,0
231,1,1,0.000024796,-0.600236773,0.264938354,0.033325374,0.177017212,0.000000000,10.583495140,0
232,1,1,0.000024796,-0.600345910,0.298263550,0.033325374,0.177642822,0.000000000,10.621031761,0
233,1,1,0.000028610,-0.600455046,0.331588745,0.033325374,0.178283691,0.000000000,10.658568382,0
234,1,1,0.000028610,-0.600564122,0.364898682,0.033310115,0.178909302,0.000000000,10.697020531,0
235,1,1,0.000028610,-0.600673258,0.398223877,0.033325374,0.179534912,0.000000000,10.734557152,0
236,1,1,0.000028610,-0.600782394,0.431564331,0.033340633,0.180160522,0.000000000,10.772093773,0
237,1,1,0.000028610,-0.600891531,0.464889526,0.033325374,0.180786133,0.000000000,10.809630394,0
238,1,1,0.000028610,-0.601000607,0.498214722,0.033325374,0.181411743,0.000000000,10.847167015,0
239,1,1,0.000028610,-0.600010395,0.531555176,0.033355158,0.182037354,0.000000000,10.884703636,0
240,1,1,0.000028610,-0.600119531,0.564880371,0.033325374,0.182662964,0.000000000,10.922240257,0
241,1,1,0.000028610,-0.600228667,0.598205566,0.033325374,0.183273315,0.000000000,10.959776878,0
242,1,1,0.000028610,-0.600337803,0.631530762,0.033325374,0.183898926,0.000000000,10.996397972,0
243,1,1,0.000026703,-0.600446939,0.664855957,0.033325374,0.184524536,0.000000000,11.033934593,0
244,1,1,0.000026703,-0.600556076,0.698181152,0.033325374,0.185134888,0.000000000,11.071471214,0
245,1,1,0.000026703,-0.600665152,0.731506348,0.033325374,0.185760498,0.000000000,11.108092308,0
246,1,1,0.000024796,-0.600774288,0.764831543,0.033325374,0.186370850,0.000000000,11.145628929,0
247,1,1,0.000024796,-0.600883424,0.798156738,0.033325374,0.186981201,0.000000000,11.182250023,0
248,1,1,0.000026703,-0.600992501,0.831481934,0.033325374,0.187606812,0.000000000,11.218871117,0
249,1,1,0.000024796,-0.600030065,0.864791870,0.033323839,0.188217163,0.000000000,11.256407738,0
250,1,1,0.000022888,-0.600139260,0.898117065,0.033325374,0.188827515,0.000000000,11.293028831,0
251,1,1,0.000022888,-0.600248337,0.931442261,0.033325374,0.189437866,0.000000000,11.329649925,0
252,1,1,0.000022888,-0.600357413,0.964767456,0.033325374,0.190048218,0.000000000,11.366271019,0
253,1,1,0.000022888,-0.600466609,0.998092651,0.033325374,0.190658569,0.000000000,11.402892113,0
254,1,1,0.000020981,-0.600575686,1.031417847,0.033325374,0.191268921,0.000000000,11.439513206,0
255,1,1,0.000020981,-0.600684762,1.064758301,0.033340633,0.191879272,0.000000000,11.476134300,0
256,1,1,0.000019073,-0.600793958,1.098083496,0.033325374,0.192474365,0.000000000,11.512755394,0
257,1,1,0.000019073,-0.600903034,1.131408691,0.033325374,0.193084717,0.000000000,11.548460960,0
258,1,1,0.000019073,-0.601012111,1.164733887,0.033325374,0.193695068,0.000000000,11.585082054,0
259,1,1,0.000019073,-0.600050092,1.198059082,0.033339079,0.194290161,0.000000000,11.621703148,0
260,1,1,0.000017166,-0.600159228,1.231384277,0.033325374,0.194900513,0.000000000,11.657408714,0
261,1,1,0.000017166,-0.600268364,1.264709473,0.033325374,0.195495605,0.000000000,11.694029808,0
262,1,1,0.000017166,-0.600377500,1.298034668,0.033325374,0.196090698,0.000000000,11.729735374,0
263,1,1,0.000017166,-0.600486577,1.331359863,0.033325374,0.196685791,0.000000000,11.765440941,0
264,1,1,0.000015259,-0.600595713,1.364669800,0.033310115,0.197296143,0.000000000,11.801146507,0
265,1,1,0.000015259,-0.600704789,1.397994995,0.033325374,0.197891235,0.000000000,11.837767601,0
266,1,1,0.000013351,-0.600813925,1.431320190,0.033325374,0.198486328,0.000000000,11.873473167,0
267,1,1,0.000013351,-0.600923002,1.464645386,0.033325374,0.199081421,0.000000000,11.909178734,0
268,1,1,0.000013351,-0.601032138,1.497970581,0.033325374,0.199676514,0.000000000,11.944884300,0
269,1,1,0.000013351,-0.600069761,1.531295776,0.033339091,0.200271606,0.000000000,11.980589867,0
270,1,1,0.000011444,-0.600178838,1.564620972,0.033325374,0.200851440,0.000000000,12.016295433,0
271,1,1,0.000011444,-0.600287914,1.597946167,0.033325374,0.201446533,0.000000000,12.051085472,0
272,1,1,0.000011444,-0.600396991,1.631286621,0.033340633,0.202041626,0.000000000,12.086791039,0
273,1,1,0.000011444,-0.600506067,1.664611816,0.033325374,0.202636719,0.000000000,12.122496605,0
274,1,1,0.000009537,-0.600615263,1.697937012,0.033325374,0.203216553,0.000000000,12.158202171,0
275,1,1,0.000009537,-0.600724339,1.731262207,0.033325374,0.203811646,0.000000000,12.192992210,0
276,1,1,0.000007629,-0.600833416,1.764587402,0.033325374,0.204391479,0.000000000,12.228697777,0
277,1,1,0.000005722,-0.600942612,1.797897339,0.033310115,0.204971313,0.000000000,12.263487816,0
278,1,1,0.000005722,-0.601051688,1.831222534,0.033325374,0.205566406,0.000000000,12.298277855,0
279,1,1,0.000005722,-0.599141955,1.864562988,0.033395104,0.206146240,0.000000000,12.333983421,0
280,1,1,0.000005722,-0.599251032,1.897888184,0.033325374,0.206726074,0.000000000,12.368773460,0
281,1,1,0.000005722,-0.599360228,1.931213379,0.033325374,0.207305908,0.000000000,12.403563499,0
282,1,1,0.000005722,-0.599469304,1.964538574,0.033325374,0.207885742,0.000000000,12.438353539,0
283,1,1,0.000003815,-0.599578381,1.997863770,0.033325374,0.208465576,0.000000000,12.473143578,0
284,1,1,0.000003815,-0.599687576,2.031188965,0.033325374,0.209045410,0.000000000,12.507933617,0
285,1,1,0.000003815,-0.599796653,2.064514160,0.033325374,0.209625244,0.000000000,12.542723656,0
286,1,1,0.000001907,-0.599905729,2.097839355,0.033325374,0.210205078,0.000000000,12.577513695,0
287,1,1,0.000001907,-0.600014806,2.131164551,0.033325374,0.210769653,0.000000000,12.612303734,0
288,1,1,0.000000000,-0.599905729,2.097839355,0.033325374,0.211349487,0.000000000,12.646178246,0
289,1,1,0.000000000,-0.599796653,2.064498901,0.033340633,0.211929321,0.000000000,12.680968285,0
290,1,1,0.000000000,-0.599687457,2.031158447,0.033340633,0.212493896,0.000000000,12.715758324,0
291,1,1,-0.000001907,-0.599578261,1.997802734,0.033355892,0.213073730,0.000000000,12.749632835,0
292,1,1,-0.000001907,-0.599469066,1.964462280,0.033340633,0.213638306,0.000000000,12.784422874,0
293,1,1,-0.000001907,-0.599359870,1.931121826,0.033340633,0.214202881,0.000000000,12.818297386,0
294,1,1,-0.000001907,-0.599250793,1.897781372,0.033340633,0.214782715,0.000000000,12.852171898,0
295,1,1,-0.000003815,-0.599141598,1.864440918,0.033340633,0.215347290,0.000000000,12.886961937,0
296,1,1,-0.000001907,-0.600594997,1.831085205,0.033387363,0.215911865,0.000000000,12.920836449,0
297,1,1,-0.000003815,-0.600485861,1.797744751,0.033340633,0.216476440,0.000000000,12.954710960,0
298,1,1,-0.000003815,-0.600376666,1.764404297,0.033340633,0.217041016,0.000000000,12.988585472,0
299,1,1,-0.000003815,-0.600267470,1.731079102,0.033325374,0.217605591,0.000000000,13.022459984,0
300,1,1,-0.000003815,-0.600158334,1.697738647,0.033340633,0.218170166,0.000000000,13.056334496,0
301,1,1,-0.000005722,-0.600049198,1.664398193,0.033340633,0.218734741,0.000000000,13.090209007,0
302,1,1,-0.000005722,-0.599940062,1.631057739,0.033340633,0.219299316,0.000000000,13.124083519,0
303,1,1,-0.000005722,-0.599830866,1.597717285,0.033340633,0.219848633,0.000000000,13.157958031,0
304,1,1,-0.000007629,-0.599721730,1.564361572,0.033355892,0.220413208,0.000000000,13.190917015,0
305,1,1,-0.000005722,-0.599612534,1.531021118,0.033340633,0.220977783,0.000000000,13.224791527,0
306,1,1,-0.000007629,-0.599503398,1.497680664,0.033340633,0.221527100,0.000000000,13.258666039,0
307,1,1,-0.000005722,-0.599394202,1.464340210,0.033340633,0.222091675,0.000000000,13.291625023,0
308,1,1,-0.000007629,-0.599285066,1.430999756,0.033340633,0.222640991,0.000000000,13.325499535,0
309,1,1,-0.000009537,-0.599175930,1.397659302,0.033340633,0.223205566,0.000000000,13.358458519,0
310,1,1,-0.000007629,-0.600629330,1.364334106,0.033356875,0.223754883,0.000000000,13.392333031,0
311,1,1,-0.000009537,-0.600520134,1.330993652,0.033340633,0.224304199,0.000000000,13.425292015,0
312,1,1,-0.000007629,-0.600410938,1.297653198,0.033340633,0.224853516,0.000000000,13.458250999,0
313,1,1,-0.000009537,-0.600301862,1.264312744,0.033340633,0.225402832,0.000000000,13.491209984,0
314,1,1,-0.000011444,-0.600192666,1.230972290,0.033340633,0.225952148,0.000000000,13.524168968,0
315,1,1,-0.000009537,-0.600083470,1.197631836,0.033340633,0.226501465,0.000000000,13.557127953,0
316,1,1,-0.000011444,-0.599974275,1.164276123,0.033355892,0.227050781,0.000000000,13.590086937,0
317,1,1,-0.000011444,-0.599865198,1.130935669,0.033340633,0.227600098,0.000000000,13.623045921,0
318,1,1,-0.000011444,-0.599756002,1.097595215,0.033340633,0.228149414,0.000000000,13.656004906,0
319,1,1,-0.000013351,-0.599646807,1.064254761,0.033340633,0.228698730,0.000000000,13.688963890,0
320,1,1,-0.000011444,-0.599537730,1.030929565,0.033325374,0.229248047,0.000000000,13.721922874,0
321,1,1,-0.000013351,-0.599428535,0.997589111,0.033340633,0.229782104,0.000000000,13.754881859,0
322,1,1,-0.000013351,-0.599319458,0.964248657,0.033340633,0.230331421,0.000000000,13.786925316,0
323,1,1,-0.000013351,-0.599210262,0.930908203,0.033340633,0.230865479,0.000000000,13.819884300,0
324,1,1,-0.000013351,-0.600663662,0.897567749,0.033372119,0.231414795,0.000000000,13.851927757,0
325,1,1,-0.000015259,-0.600554466,0.864227295,0.033340633,0.231948853,0.000000000,13.884886742,0
326,1,1,-0.000015259,-0.600445271,0.830886841,0.033340633,0.232498169,0.000000000,13.916930199,0
327,0,0,-0.000015259,-0.600336075,0.797546387,0.033340633,0.233032227,0.000000000,0.000000000,0
328,1,1,-0.000015259,-0.600675583,0.764190674,0.033357441,0.233566284,0.000000000,13.981932640,0
329,1,1,-0.000013351,-0.600566447,0.730850220,0.033340633,0.234100342,0.000000000,14.013976097,0
330,1,1,-0.000015259,-0.600457251,0.697509766,0.033340633,0.234634399,0.000000000,14.046019554,0
331,1,1,-0.000015259,-0.600348175,0.664184570,0.033325374,0.235168457,0.000000000,14.078063011,0
332,1,1,-0.000015259,-0.600238979,0.630844116,0.033340633,0.235702515,0.000000000,14.110106468,0
333,1,1,-0.000015259,-0.600129843,0.597503662,0.033340633,0.236236572,0.000000000,14.142149925,0
334,1,1,-0.000017166,-0.600020647,0.564163208,0.033340633,0.236770630,0.000000000,14.174193382,0
335,1,1,-0.000015259,-0.599911511,0.530822754,0.033340633,0.237304688,0.000000000,14.206236839,0
336,1,1,-0.000017166,-0.599802315,0.497482300,0.033340633,0.237838745,0.000000000,14.238280296,0
337,1,1,-0.000017166,-0.599693179,0.464141846,0.033340633,0.238357544,0.000000000,14.270323753,0
338,1,1,-0.000017166,-0.599584043,0.430801392,0.033340633,0.238891602,0.000000000,14.301451683,0
339,1,1,-0.000017166,-0.599474907,0.397460938,0.033340633,0.239425659,0.000000000,14.333495140,0
340,1,1,-0.000019073,-0.599365711,0.364105225,0.033355892,0.239944458,0.000000000,14.365538597,0
341,1,1,-0.000017166,-0.599256575,0.330780029,0.033325374,0.240478516,0.000000000,14.396666527,0
342,1,1,-0.000019073,-0.600709915,0.297424316,0.033387359,0.240997314,0.000000000,14.428709984,0
343,1,1,-0.000019073,-0.600600719,0.264083862,0.033340633,0.241516113,0.000000000,14.459837914,0
344,1,1,-0.000020981,-0.600491524,0.230743408,0.033340633,0.242050171,0.000000000,14.490965843,0
345,1,1,-0.000019073,-0.600382447,0.197402954,0.033340633,0.242568970,0.000000000,14.523009300,0
346,1,1,-0.000020981,-0.600273252,0.164062500,0.033340633,0.243087769,0.000000000,14.554137230,0
347,1,1,-0.000020981,-0.600164175,0.130722046,0.033340633,0.243606567,0.000000000,14.585265160,0
348,1,1,-0.000020981,-0.600054979,0.097381592,0.033340633,0.244125366,0.000000000,14.616393089,0
349,1,1,-0.000020981,-0.599945784,0.064041138,0.033340633,0.244644165,0.000000000,14.647521019,0
350,1,1,-0.000022888,-0.599836707,0.030700684,0.033340633,0.245162964,0.000000000,14.678648949,0
351,1,1,-0.000022888,-0.599727511,-0.002639771,0.033340633,0.245681763,0.000000000,14.709776878,0
352,1,1,-0.000022888,-0.599618316,-0.035980225,0.033340633,0.246200562,0.000000000,14.740904808,0
353,1,1,-0.000022888,-0.599509120,-0.069320679,0.033340633,0.246719360,0.000000000,14.772032738,0
354,1,1,-0.000024796,-0.599400043,-0.102661133,0.033340633,0.247238159,0.000000000,14.803160667,0
355,1,1,-0.000024796,-0.599290848,-0.136001587,0.033340633,0.247741699,0.000000000,14.834288597,0
356,1,1,-0.000024796,-0.600744188,-0.169342041,0.033372115,0.248260498,0.000000000,14.864500999,0
357,1,1,-0.000024796,-0.600635052,-0.202682495,0.033340633,0.248779297,0.000000000,14.895628929,0
358,1,1,-0.000026703,-0.600525916,-0.236022949,0.033340633,0.249282837,0.000000000,14.926756859,0
359,1,1,-0.000026703,-0.600416720,-0.269363403,0.033340633,0.249786377,0.000000000,14.956969261,0
360,1,1,-0.000024796,-0.600307584,-0.302703857,0.033340633,0.250305176,0.000000000,14.987181664,0
361,1,1,-0.000026703,-0.600198448,-0.336029053,0.033325374,0.250808716,0.000000000,15.018309593,0
362,1,1,-0.000026703,-0.600089252,-0.369384766,0.033355892,0.251327515,0.000000000,15.048521996,0
363,1,1,-0.000028610,-0.599980116,-0.402725220,0.033340633,0.251831055,0.000000000,15.079649925,0
364,1,1,-0.000028610,-0.599870920,-0.436065674,0.033340633,0.252334595,0.000000000,15.109862328,0
365,1,1,-0.000028610,-0.599761844,-0.469406128,0.033340633,0.252838135,0.000000000,15.140074730,0
366,1,1,-0.000028610,-0.599652588,-0.502746582,0.033340633,0.253341675,0.000000000,15.170287132,0
367,1,1,-0.000028610,-0.599543512,-0.536087036,0.033340633,0.253845215,0.000000000,15.200499535,0
368,1,1,-0.000030518,-0.599434316,-0.569427490,0.033340633,0.254348755,0.000000000,15.230711937,0
369,1,1,-0.000028610,-0.599325180,-0.602767944,0.033340633,0.254852295,0.000000000,15.260924339,0
370,1,1,-0.000030518,-0.600778461,-0.636108398,0.033372112,0.255355835,0.000000000,15.291136742,0
371,1,1,-0.000030518,-0.600669324,-0.669433594,0.033325374,0.255859375,0.000000000,15.321349144,0
372,1,1,-0.000032425,-0.600560188,-0.702774048,0.033340633,0.256347656,0.000000000,15.351561546,0
373,1,1,-0.000032425,-0.600451052,-0.736129761,0.033355892,0.256851196,0.000000000,15.380858421,0
374,1,1,-0.000030518,-0.600341856,-0.769470215,0.033340633,0.257354736,0.000000000,15.411070824,0
375,1,1,-0.000032425,-0.600232720,-0.802810669,0.033340633,0.257843018,0.000000000,15.441283226,0
376,1,1,-0.000032425,-0.600123525,-0.836151123,0.033340633,0.258346558,0.000000000,15.470580101,0
377,1,1,-0.000032425,-0.600014389,-0.869491577,0.033340633,0.258834839,0.000000000,15.500792503,0
378,1,1,-0.000030518,-0.599905193,-0.902832031,0.033340633,0.259338379,0.000000000,15.530089378,0
379,1,1,-0.000030518,-0.599796057,-0.936172485,0.033340633,0.259826660,0.000000000,15.560301781,0
380,1,1,-0.000028610,-0.599686921,-0.969497681,0.033325374,0.260314941,0.000000000,15.589598656,0
381,1,1,-0.000028610,-0.599577725,-1.002838135,0.033340633,0.260818481,0.000000000,15.618895531,0
382,1,1,-0.000028610,-0.599468589,-1.036178589,0.033340633,0.261306763,0.000000000,15.649107933,0
383,1,1,-0.000028610,-0.599359453,-1.069519043,0.033340633,0.261795044,0.000000000,15.678404808,0
384,1,1,-0.000026703,-0.600812793,-1.102890015,0.033402603,0.262283325,0.000000000,15.707701683,0
385,1,1,-0.000026703,-0.600703597,-1.136230469,0.033340633,0.262771606,0.000000000,15.736998558,0
386,1,1,-0.000024796,-0.600594461,-1.169570923,0.033340633,0.263259888,0.000000000,15.766295433,0
387,1,1,-0.000024796,-0.600485325,-1.202911377,0.033340633,0.263748169,0.000000000,15.795592308,0
388,1,1,-0.000024796,-0.600376129,-1.236251831,0.033340633,0.264236450,0.000000000,15.824889183,0
389,1,1,-0.000024796,-0.600267053,-1.269592285,0.033340633,0.264724731,0.000000000,15.854186058,0
390,1,1,-0.000024796,-0.600157857,-1.302917480,0.033325374,0.265197754,0.000000000,15.883482933,0
391,1,1,-0.000024796,-0.600048661,-1.336257935,0.033340633,0.265686035,0.000000000,15.911864281,0
392,1,1,-0.000020981,-0.599939525,-1.369598389,0.033340633,0.266174316,0.000000000,15.941161156,0
393,1,1,-0.000020981,-0.599830389,-1.402938843,0.033340633,0.266647339,0.000000000,15.970458031,0
394,1,1,-0.000020981,-0.599721193,-1.436279297,0.033340633,0.267135620,0.000000000,15.998839378,0
395,1,1,-0.000020981,-0.599612057,-1.469635010,0.033355892,0.267608643,0.000000000,16.028137207,0
396,1,1,-0.000020981,-0.599502921,-1.502975464,0.033340633,0.268096924,0.000000000,16.056518555,0
397,1,1,-0.000020981,-0.599393725,-1.536315918,0.033340633,0.268569946,0.000000000,16.085815430,0
398,1,1,-0.000019073,-0.600847125,-1.569656372,0.033372119,0.269058228,0.000000000,16.114196777,0
399,1,1,-0.000019073,-0.600737929,-1.602981567,0.033325374,0.269531250,0.000000000,16.143493652,0
400,1,1,-0.000017166,-0.600628734,-1.636322021,0.033340633,0.270004272,0.000000000,16.171875000,0
401,1,1,-0.000017166,-0.600519657,-1.669662476,0.033340633,0.270477295,0.000000000,16.200256348,0
402,1,1,-0.000017166,-0.600410461,-1.703002930,0.033340633,0.270950317,0.000000000,16.228637695,0
403,1,1,-0.000017166,-0.600301266,-1.736343384,0.033340633,0.271438599,0.000000000,16.257019043,0
404,1,1,-0.000017166,-0.600192189,-1.769683838,0.033340633,0.271911621,0.000000000,16.286315918,0
405,1,1,-0.000015259,-0.600082994,-1.803039551,0.033355892,0.272384644,0.000000000,16.314697266,0
406,1,1,-0.000015259,-0.599973798,-1.836380005,0.033340633,0.272842407,0.000000000,16.343078613,0
407,1,1,-0.000015259,-0.599864721,-1.869720459,0.033340633,0.273315430,0.000000000,16.370544434,0
408,1,1,-0.000013351,-0.599755526,-1.903045654,0.033325374,0.273788452,0.000000000,16.398925781,0
409,1,1,-0.000013351,-0.599646330,-1.936386108,0.033340633,0.274261475,0.000000000,16.427307129,0
410,1,1,-0.000013351,-0.599537194,-1.969726563,0.033340633,0.274734497,0.000000000,16.455688477,0
411,1,1,-0.000011444,-0.599428058,-2.003067017,0.033340633,0.275192261,0.000000000,16.484069824,0
412,1,1,-0.000011444,-0.600881398,-2.036407471,0.033372115,0.275665283,0.000000000,16.511535645,0
413,1,1,-0.000011444,-0.600772262,-2.069747925,0.033340633,0.276138306,0.000000000,16.539916992,0
414,1,1,-0.000011444,-0.600663066,-2.103088379,0.033340633,0.276596069,0.000000000,16.568298340,0
415,1,1,-0.000009537,-0.600553870,-2.136444092,0.033355892,0.277069092,0.000000000,16.595764160,0
416,1,1,-0.000009537,-0.600444794,-2.169784546,0.033340633,0.277526855,0.000000000,16.624145508,0
417,1,1,-0.000009537,-0.600335658,-2.203109741,0.033325374,0.277984619,0.000000000,16.651611328,0
418,1,1,-0.000009537,-0.600226462,-2.236450195,0.033340633,0.278457642,0.000000000,16.679077148,0
419,1,1,-0.000007629,-0.600117326,-2.269790649,0.033340633,0.278915405,0.000000000,16.707458496,0
420,1,1,-0.000007629,-0.600008130,-2.303131104,0.033340633,0.279373169,0.000000000,16.734924316,0
421,0,0,-0.000007629,-0.599898934,-2.336471558,0.033340633,0.279830933,0.000000000,0.000000000,0
422,1,1,-0.000007629,-0.600662768,-2.369827271,0.033364456,0.280288696,0.000000000,16.789855957,0
423,1,1,-0.000005722,-0.600553632,-2.403167725,0.033340633,0.280746460,0.000000000,16.817321777,0
424,1,1,-0.000005722,-0.600444436,-2.436508179,0.033340633,0.281204224,0.000000000,16.844787598,0
425,0,0,-0.000003815,-0.600335360,-2.469863892,0.033355892,0.281661987,0.000000000,0.000000000,0
426,1,1,-0.000003815,-0.600673556,-2.503189087,0.033326909,0.282119751,0.000000000,16.899719238,0
427,1,1,-0.000003815,-0.600564361,-2.536529541,0.033340633,0.282577515,0.000000000,16.927185059,0
428,1,1,-0.000003815,-0.600455284,-2.569869995,0.033340633,0.283035278,0.000000000,16.954650879,0
429,1,1,-0.000001907,-0.600346148,-2.603210449,0.033340633,0.283493042,0.000000000,16.982116699,0
430,1,1,-0.000001907,-0.600237012,-2.636550903,0.033340633,0.283950806,0.000000000,17.009582520,0
431,1,1,-0.000001907,-0.600346088,-2.603225708,0.033325374,0.284393311,0.000000000,17.037048340,0
432,1,1,-0.000001907,-0.600455284,-2.569900513,0.033325374,0.284851074,0.000000000,17.063598633,0
433,1,1,-0.000001907,-0.600564301,-2.536575317,0.033325374,0.285293579,0.000000000,17.091064453,0
434,1,1,0.000000000,-0.600673437,-2.503250122,0.033325374,0.285751343,0.000000000,17.117614746,0
435,1,1,0.000000000,-0.600782454,-2.469940186,0.033310115,0.286193848,0.000000000,17.145080566,0
436,1,1,0.000000000,-0.600891531,-2.436599731,0.033340633,0.286651611,0.000000000,17.171630859,0
437,1,1,0.000000000,-0.601000607,-2.403274536,0.033325374,0.287094116,0.000000000,17.199096680,0
438,1,1,0.000000000,-0.601109743,-2.369949341,0.033325374,0.287536621,0.000000000,17.225646973,0
439,1,1,0.000001907,-0.600705385,-2.336624146,0.033327650,0.287994385,0.000000000,17.252197266,0
440,1,1,0.000001907,-0.600814462,-2.303298950,0.033325374,0.288436890,0.000000000,17.279663086,0
441,1,1,0.000000000,-0.600923538,-2.269973755,0.033325374,0.288879395,0.000000000,17.306213379,0
442,1,1,0.000001907,-0.601032615,-2.236648560,0.033325374,0.289321899,0.000000000,17.332763672,0
443,1,1,0.000001907,-0.600704193,-2.203308105,0.033342071,0.289764404,0.000000000,17.359313965,0
444,1,1,0.000003815,-0.600813270,-2.169998169,0.033310115,0.290206909,0.000000000,17.385864258,0
445,1,1,0.000003815,-0.600922346,-2.136672974,0.033325374,0.290649414,0.000000000,17.412414551,0
446,1,1,0.000001907,-0.601031482,-2.103347778,0.033325374,0.291091919,0.000000000,17.438964844,0
447,1,1,0.000003815,-0.601140559,-2.070007324,0.033340633,0.291534424,0.000000000,17.465515137,0
448,1,1,0.000003815,-0.600705981,-2.036682129,0.033328027,0.291976929,0.000000000,17.492065430,0
449,1,1,0.000005722,-0.600815058,-2.003356934,0.033325374,0.292419434,0.000000000,17.518615723,0
450,1,1,0.000005722,-0.600924134,-1.970031738,0.033325374,0.292861938,0.000000000,17.545166016,0
451,1,1,0.000005722,-0.601033211,-1.936706543,0.033325374,0.293289185,0.000000000,17.571716309,0
452,1,1,0.000005722,-0.600704134,-1.903381348,0.033326820,0.293731689,0.000000000,17.597351074,0
453,1,1,0.000005722,-0.600813270,-1.870056152,0.033325374,0.294158936,0.000000000,17.623901367,0
454,1,1,0.000007629,-0.600922346,-1.836746216,0.033310115,0.294601440,0.000000000,17.649536133,0
455,1,1,0.000007629,-0.601031423,-1.803421021,0.033325374,0.295043945,0.000000000,17.676086426,0
456,1,1,0.000007629,-0.601140499,-1.770095825,0.033325374,0.295471191,0.000000000,17.702636719,0
457,1,1,0.000009537,-0.600705981,-1.736770630,0.033328027,0.295898438,0.000000000,17.728271484,0
458,1,1,0.000007629,-0.600815058,-1.703430176,0.033340633,0.296340942,0.000000000,17.753906250,0
459,1,1,0.000007629,-0.600924134,-1.670104980,0.033325374,0.296768188,0.000000000,17.780456543,0
460,1,1,0.000009537,-0.601033270,-1.636779785,0.033325374,0.297195435,0.000000000,17.806091309,0
461,1,1,0.000009537,-0.600704193,-1.603454590,0.033326820,0.297637939,0.000000000,17.831726074,0
462,1,1,0.000009537,-0.600813270,-1.570129395,0.033325374,0.298065186,0.000000000,17.858276367,0
463,1,1,0.000011444,-0.600922346,-1.536819458,0.033310115,0.298492432,0.000000000,17.883911133,0
464,1,1,0.000011444,-0.601031423,-1.503494263,0.033325374,0.298919678,0.000000000,17.909545898,0
465,1,1,0.000011444,-0.601140499,-1.470169067,0.033325374,0.299346924,0.000000000,17.935180664,0
466,1,1,0.000011444,-0.600705981,-1.436843872,0.033328027,0.299774170,0.000000000,17.960815430,0
467,1,1,0.000011444,-0.600815058,-1.403518677,0.033325374,0.300201416,0.000000000,17.986450195,0
468,1,1,0.000013351,-0.600924134,-1.370178223,0.033340633,0.300628662,0.000000000,18.012084961,0
469,1,1,0.000013351,-0.601033211,-1.336853027,0.033325374,0.301055908,0.000000000,18.037719727,0
470,1,1,0.000013351,-0.600704193,-1.303527832,0.033326820,0.301467896,0.000000000,18.063354492,0
471,1,1,0.000015259,-0.600813270,-1.270202637,0.033325374,0.301895142,0.000000000,18.088073730,0
472,0,0,0.000013351,-0.600922346,-1.236877441,0.033325374,0.302322388,0.000000000,0.000000000,0
473,1,1,0.000013351,-0.600914955,-1.203559875,0.033317566,0.302749634,0.000000000,18.139343262,0
474,1,1,0.000013351,-0.601024032,-1.170234680,0.033325374,0.303161621,0.000000000,18.164978027,0
475,1,1,0.000015259,-0.601133108,-1.136909485,0.033325374,0.303588867,0.000000000,18.189697266,0
476,1,1,0.000015259,-0.600705743,-1.103569031,0.033343192,0.304000854,0.000000000,18.215332031,0
477,0,0,0.000015259,-0.600814760,-1.070243835,0.033325374,0.304412842,0.000000000,0.000000000,0
478,1,1,0.000017166,-0.600909591,-1.036918640,0.033325329,0.304840088,0.000000000,18.265228271,0
479,1,1,0.000017166,-0.601018667,-1.003601074,0.033317745,0.305259705,0.000000000,18.290403366,0
480,1,1,0.000017166,-0.601127684,-0.970275879,0.033325374,0.305679321,0.000000000,18.315580368,0
481,1,1,0.000019073,-0.600705624,-0.936943054,0.033335496,0.306091309,0.000000000,18.340757370,0
482,1,1,0.000017166,-0.600814700,-0.903617859,0.033325374,0.306510925,0.000000000,18.365476608,0
483,1,1,0.000017166,-0.600923777,-0.870292664,0.033325374,0.306922913,0.000000000,18.390653610,0
484,1,1,0.000019073,-0.601032853,-0.836975098,0.033317745,0.307342529,0.000000000,18.415372849,0
485,1,1,0.000019073,-0.600704193,-0.803649902,0.033326816,0.307754517,0.000000000,18.440549850,0
486,1,1,0.000019073,-0.600813270,-0.770317078,0.033333004,0.308166504,0.000000000,18.465269089,0
487,1,1,0.000019073,-0.600922346,-0.736991882,0.033325374,0.308578491,0.000000000,18.489988327,0
488,1,1,0.000020981,-0.601031423,-0.703666687,0.033325374,0.308990479,0.000000000,18.514707565,0
489,1,1,0.000020981,-0.601140499,-0.670349121,0.033317745,0.309402466,0.000000000,18.539426804,0
490,1,1,0.000020981,-0.600705862,-0.637023926,0.033328030,0.309814453,0.000000000,18.564146042,0
491,1,1,0.000022888,-0.600815058,-0.603691101,0.033333004,0.310218811,0.000000000,18.588865280,0
492,1,1,0.000022888,-0.600924134,-0.570365906,0.033325374,0.310630798,0.000000000,18.613126755,0
493,1,1,0.000022888,-0.601033151,-0.537048340,0.033317745,0.311035156,0.000000000,18.637845993,0
494,1,1,0.000020981,-0.600704074,-0.503715515,0.033334449,0.311447144,0.000000000,18.662107468,0
495,1,1,0.000022888,-0.600813150,-0.470390320,0.033325374,0.311851501,0.000000000,18.686826706,0
496,1,1,0.000022888,-0.600922227,-0.437057495,0.033333004,0.312255859,0.000000000,18.711088181,0
497,1,1,0.000022888,-0.601031303,-0.403739929,0.033317745,0.312660217,0.000000000,18.735349655,0
498,1,1,0.000022888,-0.601140499,-0.370414734,0.033325374,0.313072205,0.000000000,18.759611130,0
499,1,1,0.000024796,-0.600705862,-0.337089539,0.033328030,0.313468933,0.000000000,18.784330368,0
500,0,0,0.000024796,-0.600814939,-0.303764343,0.033325374,0.313873291,0.000000000,0.000000000,0
501,1,1,0.000024796,-0.600911796,-0.270431519,0.033332966,0.314277649,0.000000000,18.832395554,0
502,1,1,0.000024796,-0.601020813,-0.237113953,0.033317745,0.314682007,0.000000000,18.856657028,0
503,1,1,0.000026703,-0.601129889,-0.203788757,0.033325374,0.315086365,0.000000000,18.880918503,0
504,1,1,0.000026703,-0.600705743,-0.170463562,0.033327892,0.315483093,0.000000000,18.905179977,0
505,1,1,0.000026703,-0.600814819,-0.137138367,0.033325374,0.315879822,0.000000000,18.928983688,0
506,1,1,0.000026703,-0.600923896,-0.103813171,0.033325374,0.316284180,0.000000000,18.952787399,0
507,1,1,0.000030518,-0.601033092,-0.070487976,0.033325374,0.316680908,0.000000000,18.977048874,0
508,1,1,0.000030518,-0.600704193,-0.037162781,0.033326820,0.317077637,0.000000000,19.000852585,0
509,1,1,0.000030518,-0.600813270,-0.003837585,0.033325374,0.317474365,0.000000000,19.024656296,0
510,1,1,0.000030518,-0.600922406,0.029487610,0.033325374,0.317871094,0.000000000,19.048460007,0
511,1,1,0.000032425,-0.601031542,0.062812805,0.033325374,0.318267822,0.000000000,19.072263718,0
512,1,1,0.000032425,-0.601140618,0.096138000,0.033325374,0.318664551,0.000000000,19.096067429,0
513,1,1,0.000032425,-0.600705922,0.129463196,0.033328030,0.319061279,0.000000000,19.119871140,0
514,1,1,0.000032425,-0.600814998,0.162788391,0.033325374,0.319458008,0.000000000,19.143674850,0
515,1,1,0.000032425,-0.600924134,0.196105957,0.033317745,0.319847107,0.000000000,19.167478561,0
516,1,1,0.000034332,-0.601033211,0.229438782,0.033333004,0.320243835,0.000000000,19.190824509,0
517,1,1,0.000032425,-0.600704193,0.262771606,0.033334449,0.320632935,0.000000000,19.214628220,0
518,1,1,0.000030518,-0.600813270,0.296096802,0.033325374,0.321022034,0.000000000,19.237974167,0
519,1,1,0.000030518,-0.600922465,0.329414368,0.033317745,0.321418762,0.000000000,19.261320114,0
520,1,1,0.000030518,-0.601031482,0.362739563,0.033325374,0.321807861,0.000000000,19.285123825,0
521,1,1,0.000030518,-0.601140618,0.396072388,0.033333004,0.322196960,0.000000000,19.308469772,0
522,1,1,0.000028610,-0.600705862,0.429397583,0.033328030,0.322586060,0.000000000,19.331815720,0
523,1,1,0.000028610,-0.600814939,0.462722778,0.033325374,0.322975159,0.000000000,19.355161667,0
524,1,1,0.000028610,-0.600924075,0.496040344,0.033317745,0.323356628,0.000000000,19.378507614,0
525,1,1,0.000026703,-0.601033211,0.529373169,0.033333004,0.323745728,0.000000000,19.401395798,0
526,1,1,0.000028610,-0.600704193,0.562698364,0.033326820,0.324134827,0.000000000,19.424741745,0
527,1,1,0.000026703,-0.600813270,0.596023560,0.033325374,0.324516296,0.000000000,19.448087692,0
528,1,1,0.000024796,-0.600922346,0.629341125,0.033317745,0.324905396,0.000000000,19.470975876,0
529,1,1,0.000024796,-0.601031542,0.662666321,0.033325374,0.325286865,0.000000000,19.494321823,0
530,1,1,0.000024796,-0.601140618,0.695999146,0.033333004,0.325675964,0.000000000,19.517210007,0
531,1,1,0.000026703,-0.600705862,0.729324341,0.033328030,0.326057434,0.000000000,19.540555954,0
532,1,1,0.000024796,-0.600814998,0.762641907,0.033317745,0.326438904,0.000000000,19.563444138,0
533,1,1,0.000022888,-0.600924134,0.795967102,0.033325374,0.326820374,0.000000000,19.586332321,0
534,1,1,0.000022888,-0.601033211,0.829292297,0.033325374,0.327201843,0.000000000,19.609220505,0
535,1,1,0.000020981,-0.600704074,0.862632751,0.033342078,0.327583313,0.000000000,19.632108688,0
536,1,1,0.000020981,-0.600813210,0.895957947,0.033325374,0.327964783,0.000000000,19.654996872,0
537,1,1,0.000022888,-0.600922287,0.929275513,0.033317745,0.328338623,0.000000000,19.677885056,0
538,1,1,0.000020981,-0.601031423,0.962600708,0.033325374,0.328720093,0.000000000,19.700315475,0
539,1,1,0.000019073,-0.601140499,0.995925903,0.033325374,0.329101563,0.000000000,19.723203659,0
540,1,1,0.000019073,-0.600705862,1.029258728,0.033335660,0.329475403,0.000000000,19.746091843,0
541,1,1,0.000019073,-0.600814939,1.062576294,0.033317745,0.329849243,0.000000000,19.768522263,0
542,1,1,0.000017166,-0.600924075,1.095901489,0.033325374,0.330230713,0.000000000,19.790952682,0
543,1,1,0.000019073,-0.601033211,1.129226685,0.033325374,0.330604553,0.000000000,19.813840866,0
544,1,1,0.000019073,-0.600704074,1.162559509,0.033334449,0.330978394,0.000000000,19.836271286,0
545,1,1,0.000017166,-0.600813210,1.195877075,0.033317745,0.331352234,0.000000000,19.858701706,0
546,1,1,0.000015259,-0.600922287,1.229202271,0.033325374,0.331726074,0.000000000,19.881132126,0
547,1,1,0.000015259,-0.601031423,1.262527466,0.033325374,0.332099915,0.000000000,19.903562546,0
548,1,1,0.000013351,-0.601140499,1.295852661,0.033325374,0.332473755,0.000000000,19.925992966,0
549,1,1,0.000013351,-0.600705981,1.329177856,0.033328027,0.332847595,0.000000000,19.948423386,0
550,1,1,0.000015259,-0.600815117,1.362503052,0.033325374,0.333213806,0.000000000,19.970853806,0
551,1,1,0.000013351,-0.600924134,1.395828247,0.033325374,0.333587646,0.000000000,19.992826462,0
552,1,1,0.000011444,-0.601033330,1.429153442,0.033325374,0.333953857,0.000000000,20.015256882,0
553,1,1,0.000011444,-0.600704134,1.462471008,0.033319190,0.334327698,0.000000000,20.037229538,0
554,1,1,0.000011444,-0.600813210,1.495803833,0.033333004,0.334693909,0.000000000,20.059659958,0
555,1,1,0.000009537,-0.600922346,1.529129028,0.033325374,0.335060120,0.000000000,20.081632614,0
556,1,1,0.000009537,-0.601031423,1.562454224,0.033325374,0.335426331,0.000000000,20.103605270,0
557,1,1,0.000009537,-0.601140559,1.595771790,0.033317745,0.335792542,0.000000000,20.125577927,0
558,1,1,0.000011444,-0.600705802,1.629112244,0.033343289,0.336158752,0.000000000,20.147550583,0
559,1,1,0.000009537,-0.600814939,1.662437439,0.033325374,0.336524963,0.000000000,20.169523239,0
560,1,1,0.000007629,-0.600924015,1.695762634,0.033325374,0.336891174,0.000000000,20.191495895,0
561,1,1,0.000007629,-0.601033151,1.729087830,0.033325374,0.337257385,0.000000000,20.213468552,0
562,1,1,0.000005722,-0.600704074,1.762405396,0.033319190,0.337623596,0.000000000,20.235441208,0
563,1,1,0.000005722,-0.600813210,1.795738220,0.033333004,0.337982178,0.000000000,20.257413864,0
564,1,1,0.000005722,-0.600922287,1.829063416,0.033325374,0.338348389,0.000000000,20.278928757,0
565,1,1,0.000003815,-0.601031423,1.862388611,0.033325374,0.338706970,0.000000000,20.300901413,0
566,1,1,0.000003815,-0.601140559,1.895706177,0.033317745,0.339073181,0.000000000,20.322416306,0
567,1,1,0.000005722,-0.600705862,1.929039001,0.033335660,0.339431763,0.000000000,20.344388962,0
568,0,0,0.000005722,-0.600815058,1.962364197,0.033325374,0.339790344,0.000000000,0.000000000,0
569,1,1,0.000005722,-0.600910187,1.995681763,0.033317700,0.340148926,0.000000000,20.387418747,0
570,1,1,0.000003815,-0.600801110,1.962333679,0.033348262,0.340507507,0.000000000,20.408933640,0
571,1,1,0.000003815,-0.600691855,1.929000854,0.033333004,0.340866089,0.000000000,20.430448532,0
572,1,1,0.000003815,-0.600582719,1.895660400,0.033340633,0.341224670,0.000000000,20.451963425,0
573,1,1,0.000001907,-0.600473583,1.862319946,0.033340633,0.341583252,0.000000000,20.473478317,0
574,1,1,0.000001907,-0.600364327,1.828971863,0.033348262,0.341941833,0.000000000,20.494993210,0
575,1,1,0.000001907,-0.600255251,1.795639038,0.033333004,0.342292786,0.000000000,20.516508102,0
576,1,1,0.000001907,-0.600146055,1.762298584,0.033340633,0.342651367,0.000000000,20.537565231,0
577,1,1,0.000001907,-0.600036919,1.728958130,0.033340633,0.343009949,0.000000000,20.559080124,0
578,1,1,0.000001907,-0.599927723,1.695617676,0.033340633,0.343360901,0.000000000,20.580595016,0
579,1,1,0.000000000,-0.599818647,1.662292480,0.033325374,0.343711853,0.000000000,20.601652145,0
580,1,1,0.000000000,-0.599709451,1.628959656,0.033333004,0.344070435,0.000000000,20.622709274,0
581,1,1,0.000000000,-0.599600315,1.595626831,0.033333004,0.344421387,0.000000000,20.644224167,0
582,1,1,-0.000001907,-0.601053715,1.562286377,0.033372119,0.344772339,0.000000000,20.665281296,0
583,1,1,0.000000000,-0.600486279,1.528953552,0.033337653,0.345123291,0.000000000,20.686338425,0
584,1,1,0.000000000,-0.600377083,1.495613098,0.033340633,0.345474243,0.000000000,20.707395554,0
585,1,1,-0.000001907,-0.600267887,1.462272644,0.033340633,0.345825195,0.000000000,20.728452682,0
586,1,1,-0.000001907,-0.600158811,1.428932190,0.033340633,0.346176147,0.000000000,20.749509811,0
587,1,1,-0.000001907,-0.600049615,1.395591736,0.033340633,0.346519470,0.000000000,20.770566940,0
588,1,1,-0.000003815,-0.599940538,1.362258911,0.033333004,0.346870422,0.000000000,20.791166306,0
589,1,1,-0.000003815,-0.599831343,1.328926086,0.033333004,0.347221375,0.000000000,20.812223434,0
590,1,1,-0.000003815,-0.599722207,1.295593262,0.033333004,0.347564697,0.000000000,20.833280563,0
591,1,1,-0.000003815,-0.599613070,1.262260437,0.033333004,0.347915649,0.000000000,20.853879929,0
592,1,1,-0.000003815,-0.601066351,1.228919983,0.033372112,0.348258972,0.000000000,20.874937057,0
593,1,1,-0.000005722,-0.600486517,1.195587158,0.033337865,0.348602295,0.000000000,20.895536423,0
594,1,1,-0.000005722,-0.600377321,1.162239075,0.033348262,0.348945618,0.000000000,20.916135788,0
595,1,1,-0.000005722,-0.600268126,1.128898621,0.033340633,0.349296570,0.000000000,20.936735153,0
596,1,1,-0.000005722,-0.600158930,1.095558167,0.033340633,0.349639893,0.000000000,20.957792282,0
597,1,1,-0.000005722,-0.600049853,1.062225342,0.033333004,0.349983215,0.000000000,20.978391647,0
598,1,1,-0.000007629,-0.599940658,1.028884888,0.033340633,0.350326538,0.000000000,20.998991013,0
599,1,1,-0.000007629,-0.599831522,0.995552063,0.033333004,0.350662231,0.000000000,21.019590378,0
600,1,1,-0.000007629,-0.599722385,0.962219238,0.033333004,0.351005554,0.000000000,21.039731979,0
601,1,1,-0.000009537,-0.599613309,0.928894043,0.033325374,0.351348877,0.000000000,21.060331345,0
602,1,1,-0.000007629,-0.601066589,0.895545959,0.033379734,0.351684570,0.000000000,21.080930710,0
603,1,1,-0.000007629,-0.600486279,0.862213135,0.033337876,0.352027893,0.000000000,21.101072311,0
604,1,1,-0.000009537,-0.600377083,0.828880310,0.033333004,0.352363586,0.000000000,21.121671677,0
605,1,1,-0.000009537,-0.600267947,0.795539856,0.033340633,0.352706909,0.000000000,21.141813278,0
606,1,1,-0.000011444,-0.600158751,0.762191772,0.033348262,0.353042603,0.000000000,21.162412643,0
607,1,1,-0.000009537,-0.600049615,0.728851318,0.033340633,0.353378296,0.000000000,21.182554245,0
608,1,1,-0.000011444,-0.599940419,0.695526123,0.033325374,0.353721619,0.000000000,21.202695847,0
609,1,1,-0.000011444,-0.599831343,0.662193298,0.033333004,0.354057312,0.000000000,21.223295212,0
610,1,1,-0.000011444,-0.599722147,0.628852844,0.033340633,0.354393005,0.000000000,21.243436813,0
611,1,1,-0.000013351,-0.599613070,0.595520020,0.033333004,0.354728699,0.000000000,21.263578415,0
612,1,1,-0.000011444,-0.601066411,0.562187195,0.033364493,0.355056763,0.000000000,21.283720016,0
613,1,1,-0.000013351,-0.600486398,0.528846741,0.033345498,0.355392456,0.000000000,21.303403854,0
614,1,1,-0.000013351,-0.600377321,0.495498657,0.033348262,0.355728149,0.000000000,21.323545456,0
615,1,1,-0.000013351,-0.600268066,0.462165833,0.033333004,0.356063843,0.000000000,21.343687057,0
616,1,1,-0.000013351,-0.600158870,0.428825378,0.033340633,0.356391907,0.000000000,21.363828659,0
617,1,1,-0.000013351,-0.600049734,0.395484924,0.033340633,0.356727600,0.000000000,21.383512497,0
618,1,1,-0.000015259,-0.599940538,0.362144470,0.033340633,0.357055664,0.000000000,21.403654099,0
619,1,1,-0.000015259,-0.599831462,0.328819275,0.033325374,0.357391357,0.000000000,21.423337936,0
620,1,1,-0.000017166,-0.599722385,0.295486450,0.033333004,0.357719421,0.000000000,21.443479538,0
621,1,1,-0.000015259,-0.599613190,0.262153625,0.033333004,0.358047485,0.000000000,21.463163376,0
622,1,1,-0.000015259,-0.601066530,0.228813171,0.033372115,0.358375549,0.000000000,21.482847214,0
623,1,1,-0.000017166,-0.600486457,0.195480347,0.033337869,0.358703613,0.000000000,21.502531052,0
624,1,1,-0.000017166,-0.600377321,0.162139893,0.033340633,0.359031677,0.000000000,21.522214890,0
625,1,1,-0.000017166,-0.600268126,0.128791809,0.033348262,0.359359741,0.000000000,21.541898727,0
626,1,1,-0.000017166,-0.600158989,0.095458984,0.033333004,0.359687805,0.000000000,21.561582565,0
627,1,1,-0.000019073,-0.600049853,0.062118530,0.033340633,0.360015869,0.000000000,21.581266403,0
628,1,1,-0.000019073,-0.599940658,0.028785706,0.033333004,0.360343933,0.000000000,21.600950241,0
629,1,1,-0.000019073,-0.599831522,-0.004547119,0.033333004,0.360664368,0.000000000,21.620634079,0
630,1,1,-0.000019073,-0.599722385,-0.037879944,0.033333004,0.360992432,0.000000000,21.639860153,0
631,1,1,-0.000019073,-0.601175785,-0.071220398,0.033372119,0.361312866,0.000000000,21.659543991,0
632,1,1,-0.000020981,-0.600488245,-0.104560852,0.033347543,0.361640930,0.000000000,21.678770065,0
633,1,1,-0.000020981,-0.600379050,-0.137901306,0.033340633,0.361961365,0.000000000,21.698453903,0
634,1,1,-0.000020981,-0.600269914,-0.171241760,0.033340633,0.362281799,0.000000000,21.717679977,0
635,0,0,-0.000020981,-0.600160778,-0.204582214,0.033340633,0.362609863,0.000000000,0.000000000,0
636,1,1,-0.000020981,-0.600667834,-0.237915039,0.033336680,0.362930298,0.000000000,21.756589890,0
637,1,1,-0.000020981,-0.600558758,-0.271263123,0.033348262,0.363250732,0.000000000,21.775815964,0
638,1,1,-0.000020981,-0.600449502,-0.304603577,0.033340633,0.363571167,0.000000000,21.795042038,0
639,1,1,-0.000020981,-0.600340366,-0.337944031,0.033340633,0.363891602,0.000000000,21.814268112,0
640,1,1,-0.000022888,-0.600231230,-0.371276855,0.033333004,0.364212036,0.000000000,21.833494186,0
641,1,1,-0.000020981,-0.600122094,-0.404624939,0.033348262,0.364524841,0.000000000,21.852720261,0
642,1,1,-0.000022888,-0.600012898,-0.437965393,0.033340633,0.364845276,0.000000000,21.871488571,0
643,1,1,-0.000022888,-0.599903762,-0.471290588,0.033325374,0.365165710,0.000000000,21.890714645,0
644,1,1,-0.000022888,-0.599794626,-0.504623413,0.033333004,0.365478516,0.000000000,21.909940720,0
645,1,1,-0.000022888,-0.599685431,-0.537963867,0.033340633,0.365798950,0.000000000,21.928709030,0
646,1,1,-0.000022888,-0.601138830,-0.571304321,0.033372119,0.366111755,0.000000000,21.947935104,0
647,1,1,-0.000024796,-0.600487590,-0.604629517,0.033331558,0.366432190,0.000000000,21.966703415,0
648,1,1,-0.000024796,-0.600378454,-0.637977600,0.033348262,0.366744995,0.000000000,21.985929489,0
649,1,1,-0.000024796,-0.600269318,-0.671318054,0.033340633,0.367057800,0.000000000,22.004697800,0
650,1,1,-0.000024796,-0.600160122,-0.704650879,0.033333004,0.367370605,0.000000000,22.023466110,0
651,1,1,-0.000026703,-0.600050986,-0.737991333,0.033340633,0.367691040,0.000000000,22.042234421,0
652,1,1,-0.000024796,-0.599941790,-0.771331787,0.033340633,0.368003845,0.000000000,22.061460495,0
653,1,1,-0.000026703,-0.599832654,-0.804664612,0.033333004,0.368316650,0.000000000,22.080228806,0
654,1,1,-0.000026703,-0.599723577,-0.837989807,0.033325374,0.368629456,0.000000000,22.098997116,0
655,1,1,-0.000028610,-0.601176858,-0.871330261,0.033372112,0.368934631,0.000000000,22.117765427,0
656,1,1,-0.000026703,-0.600488245,-0.904678345,0.033355191,0.369247437,0.000000000,22.136075974,0
657,1,1,-0.000028610,-0.600379109,-0.938011169,0.033333004,0.369560242,0.000000000,22.154844284,0
658,1,1,-0.000028610,-0.600269914,-0.971351624,0.033340633,0.369865417,0.000000000,22.173612595,0
659,1,1,-0.000028610,-0.600160778,-1.004692078,0.033340633,0.370178223,0.000000000,22.191923141,0
660,1,1,-0.000028610,-0.600051582,-1.038040161,0.033348262,0.370491028,0.000000000,22.210691452,0
661,1,1,-0.000030518,-0.599942446,-1.071365356,0.033325374,0.370796204,0.000000000,22.229459763,0
662,1,1,-0.000028610,-0.599833310,-1.104701996,0.033336818,0.371101379,0.000000000,22.247770309,0
663,1,1,-0.000030518,-0.599724174,-1.138034821,0.033333004,0.371414185,0.000000000,22.266080856,0
664,1,1,-0.000028610,-0.601177454,-1.171382904,0.033379734,0.371719360,0.000000000,22.284849167,0
665,1,1,-0.000028610,-0.600488305,-1.204719543,0.033343762,0.372028351,0.000000000,22.303159714,0
666,1,1,-0.000028610,-0.600379109,-1.238059998,0.033340633,0.372329712,0.000000000,22.321470261,0
667,1,1,-0.000026703,-0.600269973,-1.271392822,0.033333004,0.372634888,0.000000000,22.339780807,0
668,1,1,-0.000028610,-0.600160778,-1.304729462,0.033336818,0.372940063,0.000000000,22.358091354,0
669,1,1,-0.000024796,-0.600051641,-1.338066101,0.033336818,0.373245239,0.000000000,22.376401901,0
670,0,0,-0.000026703,-0.599942505,-1.371402740,0.033336818,0.373550415,0.000000000,0.000000000,0
671,1,1,-0.000022888,-0.600661397,-1.404739380,0.033344388,0.373851776,0.000000000,22.413022995,0
672,1,1,-0.000024796,-0.600552320,-1.438076019,0.033336818,0.374153137,0.000000000,22.431104660,0
673,1,1,-0.000022888,-0.600443125,-1.471412659,0.033336818,0.374458313,0.000000000,22.449186325,0
674,1,1,-0.000024796,-0.600333989,-1.504749298,0.033336818,0.374759674,0.000000000,22.467496872,0
675,1,1,-0.000022888,-0.600224912,-1.538082123,0.033333004,0.375061035,0.000000000,22.485578537,0
676,1,1,-0.000022888,-0.600115776,-1.571422577,0.033340633,0.375362396,0.000000000,22.503660202,0
677,1,1,-0.000020981,-0.600006580,-1.604759216,0.033336818,0.375659943,0.000000000,22.521741867,0
678,1,1,-0.000020981,-0.599897444,-1.638095856,0.033336818,0.375961304,0.000000000,22.539594650,0
679,1,1,-0.000020981,-0.599788368,-1.671432495,0.033336818,0.376258850,0.000000000,22.557676315,0
680,1,1,-0.000019073,-0.599679172,-1.704765320,0.033333004,0.376560211,0.000000000,22.575529099,0
681,1,1,-0.000020981,-0.601132572,-1.738113403,0.033379737,0.376857758,0.000000000,22.593610764,0
682,1,1,-0.000019073,-0.600487530,-1.771446228,0.033339065,0.377155304,0.000000000,22.611463547,0
683,1,1,-0.000019073,-0.600378394,-1.804786682,0.033340633,0.377452850,0.000000000,22.629316330,0
684,1,1,-0.000017166,-0.600269258,-1.838119507,0.033333004,0.377750397,0.000000000,22.647169113,0
685,1,1,-0.000019073,-0.600160122,-1.871456146,0.033336818,0.378047943,0.000000000,22.665021896,0
686,1,1,-0.000015259,-0.600050926,-1.904792786,0.033336818,0.378341675,0.000000000,22.682874680,0
687,0,0,-0.000017166,-0.599941790,-1.938129425,0.033336818,0.378639221,0.000000000,0.000000000,0
688,1,1,-0.000017166,-0.600662768,-1.971473694,0.033352062,0.378932953,0.000000000,22.718351364,0
689,1,1,-0.000013351,-0.600553632,-2.004810333,0.033336818,0.379226685,0.000000000,22.735975266,0
690,1,1,-0.000015259,-0.600444436,-2.038146973,0.033336818,0.379520416,0.000000000,22.753599167,0
691,1,1,-0.000013351,-0.600335300,-2.071483612,0.033336818,0.379814148,0.000000000,22.771223068,0
692,1,1,-0.000013351,-0.600226164,-2.104820251,0.033336818,0.380107880,0.000000000,22.788846970,0
693,1,1,-0.000011444,-0.600117028,-2.138156891,0.033336818,0.380397797,0.000000000,22.806470871,0
694,1,1,-0.000013351,-0.600007892,-2.171493530,0.033336818,0.380691528,0.000000000,22.823865891,0
695,1,1,-0.000013351,-0.599898756,-2.204830170,0.033336818,0.380981445,0.000000000,22.841489792,0
696,1,1,-0.000011444,-0.599789619,-2.238166809,0.033336818,0.381275177,0.000000000,22.858884811,0
697,1,1,-0.000011444,-0.601242959,-2.271503448,0.033368304,0.381565094,0.000000000,22.876508713,0
698,1,1,-0.000009537,-0.600489497,-2.304847717,0.033352781,0.381855011,0.000000000,22.893903732,0
699,1,1,-0.000011444,-0.600380421,-2.338184357,0.033336818,0.382144928,0.000000000,22.911298752,0
700,1,1,-0.000007629,-0.600271225,-2.371520996,0.033336818,0.382431030,0.000000000,22.928693771,0
701,1,1,-0.000009537,-0.600162089,-2.404857635,0.033336818,0.382720947,0.000000000,22.945859909,0
702,1,1,-0.000009537,-0.600052953,-2.438190460,0.033333004,0.383010864,0.000000000,22.963254929,0
703,0,0,-0.000005722,-0.599943757,-2.471530914,0.033340633,0.383296967,0.000000000,0.000000000,0
704,1,1,-0.000005722,-0.600662827,-2.504867554,0.033344395,0.383583069,0.000000000,22.997816086,0
705,1,1,-0.000003815,-0.600553691,-2.538208008,0.033340633,0.383869171,0.000000000,23.014982224,0
706,1,1,-0.000005722,-0.600444555,-2.571540833,0.033333004,0.384155273,0.000000000,23.032148361,0
707,1,1,-0.000005722,-0.600335419,-2.604877472,0.033336818,0.384441376,0.000000000,23.049314499,0
708,1,1,-0.000003815,-0.600226223,-2.638214111,0.033336818,0.384727478,0.000000000,23.066480637,0
709,1,1,-0.000005722,-0.600117147,-2.671550751,0.033336818,0.385013580,0.000000000,23.083646774,0
710,1,1,-0.000001907,-0.600008011,-2.704891205,0.033340633,0.385295868,0.000000000,23.100812912,0
711,1,1,-0.000003815,-0.599898815,-2.738224030,0.033333004,0.385578156,0.000000000,23.117750168,0
712,1,1,-0.000003815,-0.600007951,-2.704895020,0.033329189,0.385864258,0.000000000,23.134687424,0
713,1,1,-0.000001907,-0.600117087,-2.671566010,0.033329189,0.386146545,0.000000000,23.151853561,0
714,1,1,-0.000003815,-0.600226164,-2.638237000,0.033329189,0.386428833,0.000000000,23.168790817,0
715,1,1,-0.000001907,-0.600335300,-2.604907990,0.033329189,0.386711121,0.000000000,23.185728073,0
716,1,1,-0.000001907,-0.600444436,-2.571578979,0.033329189,0.386993408,0.000000000,23.202665329,0
717,1,1,-0.000001907,-0.600553513,-2.538249969,0.033329189,0.387271881,0.000000000,23.219602585,0
718,1,1,0.000000000,-0.600662649,-2.504920959,0.033329189,0.387554169,0.000000000,23.236310959,0
719,1,1,-0.000001907,-0.600771785,-2.471595764,0.033325374,0.387832642,0.000000000,23.253248215,0
720,1,1,0.000000000,-0.600880861,-2.438262939,0.033333004,0.388111115,0.000000000,23.269956589,0
721,0,0,0.000000000,-0.600989938,-2.404937744,0.033325374,0.388393402,0.000000000,0.000000000,0
722,1,1,0.000000000,-0.600917220,-2.371612549,0.033325274,0.388671875,0.000000000,23.303602219,0
723,1,1,0.000001907,-0.601026297,-2.338291168,0.033321559,0.388950348,0.000000000,23.320310593,0
724,1,1,0.000000000,-0.601135492,-2.304962158,0.033329189,0.389225006,0.000000000,23.337018967,0
725,1,1,0.000001907,-0.600705743,-2.271640778,0.033324152,0.389503479,0.000000000,23.353498459,0
726,1,1,0.000001907,-0.600814939,-2.238307953,0.033333004,0.389781952,0.000000000,23.370206833,0
727,1,1,0.000003815,-0.600924015,-2.204982758,0.033325374,0.390056610,0.000000000,23.386915207,0
728,1,1,0.000003815,-0.601033092,-2.171657562,0.033325374,0.390331268,0.000000000,23.403394699,0
729,1,1,0.000001907,-0.600704074,-2.138328552,0.033330634,0.390605927,0.000000000,23.419874191,0
730,1,1,0.000003815,-0.600813270,-2.104999542,0.033329189,0.390884399,0.000000000,23.436353683,0
731,1,1,0.000003815,-0.600922346,-2.071666718,0.033333004,0.391155243,0.000000000,23.453062057,0
732,1,1,0.000005722,-0.601031423,-2.038341522,0.033325374,0.391429901,0.000000000,23.469312668,0
733,1,1,0.000003815,-0.601140559,-2.005016327,0.033325374,0.391704559,0.000000000,23.485792160,0
734,1,1,0.000005722,-0.600705862,-1.971691132,0.033328030,0.391979218,0.000000000,23.502271652,0
735,1,1,0.000005722,-0.600815058,-1.938365936,0.033325374,0.392250061,0.000000000,23.518751144,0
736,1,1,0.000005722,-0.600924134,-1.905033112,0.033333004,0.392520905,0.000000000,23.535001755,0
737,1,1,0.000007629,-0.601033211,-1.871711731,0.033321559,0.392795563,0.000000000,23.551252365,0
738,1,1,0.000005722,-0.600704193,-1.838382721,0.033330634,0.393066406,0.000000000,23.567731857,0
739,1,1,0.000007629,-0.600813270,-1.805057526,0.033325374,0.393337250,0.000000000,23.583982468,0
740,1,1,0.000007629,-0.600922346,-1.771724701,0.033333004,0.393608093,0.000000000,23.600233078,0
741,1,1,0.000009537,-0.601031482,-1.738403320,0.033321559,0.393875122,0.000000000,23.616483688,0
742,1,1,0.000007629,-0.601140618,-1.705078125,0.033325374,0.394145966,0.000000000,23.632505417,0
743,1,1,0.000009537,-0.600705922,-1.671749115,0.033331845,0.394416809,0.000000000,23.648756027,0
744,1,1,0.000009537,-0.600815058,-1.638420105,0.033329189,0.394683838,0.000000000,23.665006638,0
745,0,0,0.000009537,-0.600924134,-1.605091095,0.033329189,0.394950867,0.000000000,0.000000000,0
746,1,1,0.000009537,-0.600911379,-1.571767807,0.033323288,0.395217896,0.000000000,23.697050095,0
747,1,1,0.000009537,-0.601020515,-1.538438797,0.033329189,0.395484924,0.000000000,23.713071823,0
748,1,1,0.000011444,-0.601129591,-1.505113602,0.033325374,0.395751953,0.000000000,23.729093552,0
749,1,1,0.000011444,-0.600705802,-1.471784592,0.033331703,0.396018982,0.000000000,23.745115280,0
750,1,1,0.000011444,-0.600814939,-1.438457489,0.033327281,0.396286011,0.000000000,23.761137009,0
751,1,1,0.000011444,-0.600924075,-1.405130386,0.033327281,0.396551132,0.000000000,23.777158737,0
752,1,1,0.000013351,-0.601033151,-1.371803284,0.033327281,0.396816254,0.000000000,23.793066025,0
753,1,1,0.000013351,-0.600704193,-1.338476181,0.033328727,0.397081375,0.000000000,23.808973312,0
754,0,0,0.000013351,-0.600813270,-1.305149078,0.033327281,0.397344589,0.000000000,0.000000000,0
755,1,1,0.000013351,-0.600908399,-1.271825790,0.033323426,0.397607803,0.000000000,23.840673447,0
756,1,1,0.000015259,-0.601017535,-1.238496780,0.033329189,0.397871017,0.000000000,23.856466293,0
757,1,1,0.000015259,-0.601126552,-1.205169678,0.033327281,0.398134232,0.000000000,23.872259140,0
758,1,1,0.000013351,-0.600705624,-1.171840668,0.033331666,0.398397446,0.000000000,23.888051987,0
759,1,1,0.000015259,-0.600814819,-1.138513565,0.033327281,0.398658752,0.000000000,23.903844833,0
760,1,1,0.000015259,-0.600923836,-1.105188370,0.033325374,0.398920059,0.000000000,23.919523239,0
761,1,1,0.000015259,-0.601032972,-1.071861267,0.033327281,0.399181366,0.000000000,23.935201645,0
762,1,1,0.000015259,-0.600704193,-1.038534164,0.033328727,0.399442673,0.000000000,23.950880051,0
763,1,1,0.000017166,-0.600813210,-1.005207062,0.033327281,0.399702072,0.000000000,23.966558456,0
764,1,1,0.000017166,-0.600922346,-0.971879959,0.033327281,0.399961472,0.000000000,23.982122421,0
765,1,1,0.000017166,-0.601031423,-0.938552856,0.033327281,0.400220871,0.000000000,23.997686386,0
766,1,1,0.000017166,-0.601140618,-0.905225754,0.033327281,0.400480270,0.000000000,24.013250351,0
767,1,1,0.000019073,-0.600705981,-0.871898651,0.033329938,0.400737762,0.000000000,24.028814316,0
768,1,1,0.000017166,-0.600815058,-0.838571548,0.033327281,0.400997162,0.000000000,24.044263840,0
769,1,1,0.000019073,-0.600924194,-0.805244446,0.033327281,0.401254654,0.000000000,24.059827805,0
770,1,1,0.000019073,-0.601033270,-0.771917343,0.033327281,0.401512146,0.000000000,24.075277328,0
771,1,1,0.000020981,-0.600704193,-0.738588333,0.033330634,0.401767731,0.000000000,24.090726852,0
772,1,1,0.000019073,-0.600813270,-0.705261230,0.033327281,0.402023315,0.000000000,24.106061935,0
773,1,1,0.000020981,-0.600922406,-0.671936035,0.033325374,0.402280807,0.000000000,24.121397018,0
774,1,1,0.000020981,-0.601031482,-0.638607025,0.033329189,0.402536392,0.000000000,24.136846542,0
775,1,1,0.000020981,-0.601140618,-0.605279922,0.033327281,0.402790070,0.000000000,24.152181625,0
776,1,1,0.000020981,-0.600705981,-0.571950912,0.033331845,0.403045654,0.000000000,24.167402267,0
777,1,1,0.000022888,-0.600815117,-0.538623810,0.033327281,0.403299332,0.000000000,24.182737350,0
778,1,1,0.000022888,-0.600924194,-0.505296707,0.033327281,0.403553009,0.000000000,24.197957993,0
779,1,1,0.000022888,-0.601033330,-0.471969604,0.033327281,0.403806686,0.000000000,24.213178635,0
780,1,1,0.000022888,-0.600704193,-0.438642502,0.033328727,0.404060364,0.000000000,24.228399277,0
781,1,1,0.000024796,-0.600813270,-0.405315399,0.033327281,0.404312134,0.000000000,24.243619919,0
782,1,1,0.000022888,-0.600922406,-0.371988297,0.033327281,0.404563904,0.000000000,24.258726120,0
783,1,1,0.000024796,-0.601031542,-0.338661194,0.033327281,0.404815674,0.000000000,24.273832321,0
784,1,1,0.000024796,-0.601140678,-0.305334091,0.033327281,0.405067444,0.000000000,24.288938522,0
785,1,1,0.000024796,-0.600705981,-0.272005081,0.033331845,0.405317307,0.000000000,24.304044724,0
786,1,1,0.000024796,-0.600815117,-0.238679886,0.033325374,0.405567169,0.000000000,24.319036484,0
787,1,1,0.000026703,-0.600924253,-0.205352783,0.033327281,0.405818939,0.000000000,24.334028244,0
788,1,1,0.000026703,-0.601033330,-0.172025681,0.033327281,0.406066895,0.000000000,24.349134445,0
789,1,1,0.000026703,-0.600704074,-0.138696671,0.033330634,0.406316757,0.000000000,24.364011765,0
790,1,1,0.000028610,-0.600813150,-0.105369568,0.033327281,0.406565666,0.000000000,24.379003525,0
791,1,1,0.000026703,-0.600922227,-0.072042465,0.033327281,0.406813622,0.000000000,24.393938065,0
792,1,1,0.000028610,-0.601031303,-0.038715363,0.033327281,0.407061577,0.000000000,24.408815384,0
793,1,1,0.000028610,-0.601140499,-0.005389214,0.033326328,0.407309532,0.000000000,24.423692703,0
794,1,1,0.000030518,-0.600705981,0.027938843,0.033330888,0.407556534,0.000000000,24.438570023,0
795,1,1,0.000028610,-0.600815058,0.061266899,0.033328235,0.407802582,0.000000000,24.453390121,0
796,1,1,0.000030518,-0.600924194,0.094593048,0.033326328,0.408048630,0.000000000,24.468153000,0
797,1,1,0.000030518,-0.601033330,0.127920151,0.033327281,0.408294678,0.000000000,24.482915878,0
798,1,1,0.000030518,-0.600704134,0.161248207,0.033329681,0.408540726,0.000000000,24.497678757,0
799,1,1,0.000030518,-0.600813270,0.194576263,0.033328235,0.408785820,0.000000000,24.512441635,0
800,1,1,0.000032425,-0.600922346,0.227903366,0.033327281,0.409029961,0.000000000,24.527147293,0
801,1,1,0.000030518,-0.601031482,0.261230469,0.033327281,0.409274101,0.000000000,24.541795731,0
802,1,1,0.000032425,-0.601140559,0.294555664,0.033325374,0.409518242,0.000000000,24.556444168,0
803,1,1,0.000032425,-0.600705862,0.327883720,0.033330891,0.409761429,0.000000000,24.571092606,0
804,1,1,0.000028610,-0.600814939,0.361211777,0.033328235,0.410004616,0.000000000,24.585683823,0
805,1,1,0.000030518,-0.600924075,0.394537926,0.033326328,0.410246849,0.000000000,24.600275040,0
806,1,1,0.000026703,-0.601033211,0.427865028,0.033327281,0.410489082,0.000000000,24.614809036,0
807,1,1,0.000028610,-0.600704253,0.461192131,0.033328727,0.410731316,0.000000000,24.629343033,0
808,1,1,0.000028610,-0.600813329,0.494519711,0.033327758,0.410971642,0.000000000,24.643877029,0
809,1,1,0.000026703,-0.600922465,0.527846336,0.033326805,0.411213398,0.000000000,24.658325195,0
810,1,1,0.000026703,-0.601031542,0.561173916,0.033327758,0.411453724,0.000000000,24.672801971,0
811,1,1,0.000026703,-0.601140678,0.594500065,0.033326328,0.411694050,0.000000000,24.687221527,0
812,1,1,0.000024796,-0.600705981,0.627828121,0.033330891,0.411933899,0.000000000,24.701641083,0
813,1,1,0.000024796,-0.600814998,0.661155224,0.033327281,0.412173271,0.000000000,24.716032028,0
814,1,1,0.000024796,-0.600924134,0.694482327,0.033327281,0.412412167,0.000000000,24.730394363,0
815,1,1,0.000022888,-0.601033211,0.727809429,0.033327281,0.412650585,0.000000000,24.744728088,0
816,1,1,0.000022888,-0.600704074,0.761137486,0.033329681,0.412889004,0.000000000,24.759033203,0
817,1,1,0.000022888,-0.600813210,0.794464588,0.033327281,0.413126469,0.000000000,24.773338318,0
818,1,1,0.000020981,-0.600922287,0.827792168,0.033327758,0.413364172,0.000000000,24.787586212,0
819,1,1,0.000020981,-0.601031423,0.861119032,0.033327043,0.413600922,0.000000000,24.801834106,0
820,1,1,0.000020981,-0.601140559,0.894445419,0.033326566,0.413837433,0.000000000,24.816053391,0
821,0,0,0.000019073,-0.599143386,0.927778721,0.033393081,0.414073706,0.000000000,0.000000000,0
822,1,1,0.000019073,-0.600852132,0.961102486,0.033367544,0.414309502,0.000000000,24.844421387,0
823,1,1,0.000017166,-0.600961208,0.994429708,0.033327401,0.414544940,0.000000000,24.858568192,0
824,1,1,0.000017166,-0.601070344,1.027756453,0.033326924,0.414779902,0.000000000,24.872695923,0
825,1,1,0.000019073,-0.600704730,1.061084151,0.033329703,0.415014505,0.000000000,24.886793137,0
826,0,0,0.000007629,-0.600472689,1.094391465,0.033308126,0.389538735,0.000000000,0.000000000,0
827,0,0,0.000005722,-0.602633476,1.127760291,0.033438712,0.389777154,0.000000000,0.000000000,0
828,1,1,-0.000001907,-0.599071383,1.161134720,0.033563983,0.389757842,0.000000000,23.735183716,0
829,1,1,-0.000005722,-0.596649170,1.194556832,0.033509769,0.389753968,0.000000000,23.738655090,0
830,1,1,-0.000011444,-0.594085395,1.228007317,0.033548590,0.389765054,0.000000000,23.742712021,0
831,1,1,-0.000015259,-0.591354311,1.261479259,0.033583175,0.389789283,0.000000000,23.747604370,0
832,1,1,-0.000022888,-0.588435173,1.294965744,0.033613481,0.389825195,0.000000000,23.753437042,0
833,1,1,-0.000022888,-0.585313499,1.328460097,0.033639509,0.389869571,0.000000000,23.760135651,0
834,1,1,-0.000030518,-0.581980705,1.361955881,0.033661179,0.389921367,0.000000000,23.767690659,0
835,1,1,-0.000028610,-0.578434587,1.395445585,0.033676922,0.389976829,0.000000000,23.776002884,0
836,1,1,-0.000032425,-0.574671745,1.428923845,0.033689063,0.390035540,0.000000000,23.785091400,0
837,1,1,-0.000043869,-0.572685599,1.462405920,0.033540931,0.389743775,0.000000000,23.794031143,0
838,1,1,-0.000041962,-0.571697831,1.495881557,0.033490207,0.389140308,0.000000000,23.752006531,0
839,1,1,-0.000041962,-0.568048954,1.529309988,0.033626989,0.388771176,0.000000000,23.680419922,0
840,1,1,-0.000043869,-0.564303339,1.562708378,0.033607770,0.388435930,0.000000000,23.667388916,0
841,0,0,-0.000040054,-0.564803481,1.596117020,0.033412386,0.389199525,0.000000000,0.000000000,0
842,0,0,-0.000038147,-0.567825913,1.629918575,0.033936415,0.389939249,0.000000000,0.000000000,0
843,0,0,-0.000034332,-0.573416829,1.664140224,0.034675345,0.390633881,0.000000000,0.000000000,0
844,1,1,-0.000017166,-0.578994870,1.698788166,0.035094082,0.391083151,0.000000000,23.581899643,0
845,0,0,-0.000003815,-0.587216258,1.733441830,0.035615556,0.390777498,0.000000000,0.000000000,0
846,1,1,0.000017166,-0.590379477,1.768529892,0.035230365,0.391069263,0.000000000,23.434978485,0
847,1,1,0.000030518,-0.593812287,1.803611755,0.035249420,0.391280681,0.000000000,23.428070068,0
848,1,1,0.000045776,-0.596892893,1.838686466,0.035209738,0.391413599,0.000000000,23.422908783,0
849,1,1,0.000059128,-0.599580705,1.873752117,0.035168514,0.391472071,0.000000000,23.418825150,0
850,1,1,0.000066757,-0.601854324,1.908805847,0.035127386,0.391463190,0.000000000,23.415102005,0
851,1,1,0.000078201,-0.603705525,1.943846703,0.035089720,0.391396403,0.000000000,23.411186218,0
852,1,1,0.000078201,-0.604997516,1.913642406,0.030231915,0.391276926,0.000000000,23.407388687,0
853,1,1,0.000076294,-0.605905771,1.883383751,0.030272285,0.391117811,0.000000000,23.402406693,0
854,1,1,0.000076294,-0.606357694,1.853069305,0.030317815,0.391390353,0.000000000,23.396743774,0
855,1,1,0.000078201,-0.606722116,1.822682381,0.030389110,0.391614586,0.000000000,23.389783859,0
856,1,1,0.000076294,-0.607022762,1.792206764,0.030477099,0.391798496,0.000000000,23.382881165,0
857,1,1,0.000076294,-0.607206702,1.761631012,0.030576305,0.391449630,0.000000000,23.376106262,0
858,1,1,0.000070572,-0.607376218,1.730949402,0.030682078,0.391090095,0.000000000,23.342056274,0
859,1,1,0.000066757,-0.607566714,1.700151443,0.030798549,0.390725821,0.000000000,23.308649063,0
860,1,1,0.000061035,-0.607804894,1.669235229,0.030917132,0.390367061,0.000000000,23.275918961,0
861,1,1,0.000055313,-0.608122468,1.638190269,0.031046584,0.390018702,0.000000000,23.243972778,0
862,1,1,0.000049591,-0.608544469,1.607015610,0.031177517,0.389684826,0.000000000,23.212915421,0
863,1,1,0.000043869,-0.609096289,1.575704575,0.031315897,0.389370561,0.000000000,23.182792664,0
864,1,1,0.000038147,-0.609796405,1.544251442,0.031460922,0.389077693,0.000000000,23.153585434,0
865,1,1,0.000026703,-0.610665321,1.512650490,0.031612899,0.388807505,0.000000000,23.125255585,0
866,1,1,0.000017166,-0.611714721,1.480900764,0.031767063,0.388561755,0.000000000,23.097690582,0
867,1,1,0.000003815,-0.612955928,1.448993683,0.031931218,0.388339132,0.000000000,23.070604324,0
868,1,1,-0.000009537,-0.613051414,1.416936874,0.032056954,0.387948006,0.000000000,23.045011520,0
869,1,1,-0.000026703,-0.613136292,1.384726524,0.032210466,0.387576312,0.000000000,23.020296097,0
870,1,1,-0.000041962,-0.613186121,1.352365494,0.032361072,0.386742473,0.000000000,22.996690750,0
871,1,1,-0.000055313,-0.613205433,1.319857597,0.032507904,0.385927528,0.000000000,22.946512222,0
872,1,1,-0.000074387,-0.613195062,1.287206650,0.032650955,0.385134459,0.000000000,22.897594452,0
873,1,1,-0.000093460,-0.613156557,1.254417419,0.032789260,0.384363234,0.000000000,22.849859238,0
874,1,1,-0.000114441,-0.613087416,1.221490860,0.032926638,0.383611977,0.000000000,22.803415298,0
875,1,1,-0.000133514,-0.612991333,1.188434601,0.033056404,0.382880718,0.000000000,22.758235931,0
876,1,1,-0.000154495,-0.612866640,1.155250549,0.033184290,0.382171363,0.000000000,22.714258194,0
877,1,1,-0.000175476,-0.612715006,1.121940613,0.033310287,0.381482005,0.000000000,22.671442032,0
878,1,1,-0.000196457,-0.613286257,1.088520050,0.033425450,0.380814552,0.000000000,22.628187180,0
879,1,1,-0.000217438,-0.612763166,1.055007935,0.033516202,0.380165219,0.000000000,22.588163376,0
880,1,1,-0.000240326,-0.612989664,1.021383286,0.033625420,0.379541636,0.000000000,22.549316406,0
881,1,1,-0.000259399,-0.612044334,0.987686157,0.033710390,0.378934234,0.000000000,22.511766434,0
882,1,1,-0.000280380,-0.611068249,0.953927994,0.033772279,0.378348738,0.000000000,22.475399017,0
883,1,1,-0.000299454,-0.610502005,0.920099258,0.033833478,0.377785146,0.000000000,22.440328598,0
884,1,1,-0.000318527,-0.610139370,0.886198044,0.033903159,0.377241522,0.000000000,22.406442642,0
885,1,1,-0.000341415,-0.609762669,0.852218628,0.033981513,0.376719773,0.000000000,22.373853683,0
886,1,1,-0.000362396,-0.609371185,0.818176270,0.034044616,0.376217961,0.000000000,22.342567444,0
887,1,1,-0.000381470,-0.608963013,0.784072876,0.034105841,0.375736088,0.000000000,22.312461853,0
888,1,1,-0.000400543,-0.608539581,0.749914169,0.034161337,0.375275999,0.000000000,22.283546448,0
889,1,1,-0.000421524,-0.608100891,0.715696335,0.034220651,0.374835789,0.000000000,22.255926132,0
890,1,1,-0.000442505,-0.607645988,0.681430817,0.034268543,0.374417335,0.000000000,22.229604721,0
891,1,1,-0.000461578,-0.607175827,0.647119522,0.034314521,0.374020547,0.000000000,22.204469681,0
892,1,1,-0.000480652,-0.606690407,0.612762451,0.034360506,0.373641610,0.000000000,22.180627823,0
893,1,1,-0.000499725,-0.606190681,0.578363419,0.034402668,0.373284340,0.000000000,22.157968521,0
894,1,1,-0.000520706,-0.605675220,0.543926239,0.034441043,0.372946769,0.000000000,22.136602402,0
895,1,1,-0.000537872,-0.605145931,0.509460449,0.034469858,0.372630686,0.000000000,22.116413116,0
896,1,1,-0.000558853,-0.604600906,0.474964142,0.034500618,0.372334182,0.000000000,22.097515106,0
897,1,1,-0.000577927,-0.604043007,0.440441132,0.034527522,0.372059107,0.000000000,22.079786301,0
898,1,1,-0.000593185,-0.603468895,0.405897141,0.034548763,0.371803492,0.000000000,22.063346863,0
899,1,1,-0.000610352,-0.602881432,0.371332169,0.034569968,0.371567309,0.000000000,22.048072815,0
900,1,1,-0.000627518,-0.602280140,0.336753845,0.034583554,0.371354222,0.000000000,22.034080505,0
901,1,1,-0.000736237,-0.637407303,0.296653748,0.053309917,0.289153755,0.000000000,22.021970749,0
902,1,1,-0.000816345,-0.625867844,0.258548737,0.039814036,0.290833443,0.000000000,18.141740799,0
903,1,1,-0.000854492,-0.615453720,0.222528458,0.037495546,0.290779859,0.000000000,18.123865128,0
904,1,1,-0.000879288,-0.609510422,0.187662125,0.035369262,0.290234536,0.000000000,18.073257446,0
905,1,1,-0.000888824,-0.603525162,0.153642654,0.034541972,0.290106714,0.000000000,18.025581360,0
906,1,1,-0.000888824,-0.598634720,0.120176315,0.033821773,0.289501041,0.000000000,18.023679733,0
907,1,1,-0.000885010,-0.592750072,0.086832047,0.033859555,0.288711220,0.000000000,18.010877609,0
908,1,1,-0.000886917,-0.587255478,0.053432465,0.033848524,0.287915081,0.000000000,17.992311478,0
909,1,1,-0.000888824,-0.581466317,0.019983292,0.033946451,0.287128627,0.000000000,17.971023560,0
910,1,1,-0.000890732,-0.575346589,-0.013483047,0.034021270,0.286371559,0.000000000,17.947006226,0
911,1,1,-0.000900269,-0.568868279,-0.046945572,0.034083854,0.285653919,0.000000000,17.920063019,0
912,1,1,-0.000907898,-0.562008619,-0.080358505,0.034109809,0.284985542,0.000000000,17.890117645,0
913,1,1,-0.000913620,-0.554752588,-0.113695145,0.034117173,0.284377903,0.000000000,17.856847763,0
914,1,1,-0.000925064,-0.547091961,-0.146905899,0.034082834,0.283834636,0.000000000,17.820133209,0
915,1,1,-0.000940323,-0.539030552,-0.179954529,0.034017619,0.283359051,0.000000000,17.779735565,0
916,1,1,-0.000944138,-0.537984371,-0.212600708,0.032662939,0.283860981,0.000000000,17.726287842,0
917,1,1,-0.000936508,-0.540191174,-0.244983673,0.032458071,0.284694403,0.000000000,17.640977859,0
918,0,0,-0.000928879,-0.545553923,-0.277431488,0.032887988,0.273902237,0.000000000,0.000000000,0
919,0,0,-0.000909805,-0.553389311,-0.309524536,0.033035699,0.271425039,0.000000000,0.000000000,0
920,0,0,-0.000890732,-0.563741207,-0.341281891,0.033401974,0.271076202,0.000000000,0.000000000,0
921,0,0,-0.000862122,-0.576598883,-0.372730255,0.033975288,0.271579295,0.000000000,0.000000000,0
922,1,1,-0.000844955,-0.580733061,-0.403850555,0.031393707,0.272430062,0.000000000,16.091300964,0
923,0,0,-0.000808716,-0.595956564,-0.435127258,0.034784887,0.255118549,0.000000000,0.000000000,0
924,1,1,-0.000789642,-0.601021290,-0.466075897,0.031360324,0.255435377,0.000000000,15.173094749,0
925,1,1,-0.000768661,-0.600661516,-0.497112274,0.031038469,0.256109267,0.000000000,15.152567863,0
926,1,1,-0.000751495,-0.600277901,-0.528266907,0.031156998,0.256687075,0.000000000,15.157427788,0
927,1,1,-0.000730515,-0.599866152,-0.559562683,0.031298492,0.257181287,0.000000000,15.162306786,0
928,1,1,-0.000715256,-0.599421501,-0.591011047,0.031451512,0.257619113,0.000000000,15.167944908,0
929,1,1,-0.000699997,-0.598950624,-0.622612000,0.031604465,0.258012116,0.000000000,15.174595833,0
930,1,1,-0.000684738,-0.598456860,-0.654380798,0.031772640,0.258377969,0.000000000,15.182474136,0
931,1,1,-0.000673294,-0.597951770,-0.686306000,0.031929199,0.258482993,0.000000000,15.191692352,0
932,1,1,-0.000663757,-0.597522616,-0.718399048,0.032095920,0.258333176,0.000000000,15.188410759,0
933,1,1,-0.000648499,-0.597081542,-0.750652313,0.032256283,0.258207530,0.000000000,15.173110962,0
934,1,1,-0.000638962,-0.596641660,-0.783065796,0.032416470,0.258098036,0.000000000,15.159577370,0
935,1,1,-0.000627518,-0.596217155,-0.815639496,0.032576468,0.258021921,0.000000000,15.147723198,0
936,1,1,-0.000616074,-0.595817327,-0.848484039,0.032846976,0.257968515,0.000000000,15.137184143,0
937,1,1,-0.000604630,-0.595451236,-0.881538391,0.033056378,0.257956743,0.000000000,15.127759933,0
938,1,1,-0.000591278,-0.595129728,-0.914756775,0.033219941,0.257981896,0.000000000,15.119704247,0
939,1,1,-0.000579834,-0.594861150,-0.948066711,0.033311021,0.258038789,0.000000000,15.113033295,0
940,1,1,-0.000570297,-0.594564438,-0.981391907,0.033326518,0.258129597,0.000000000,15.106502533,0
941,1,1,-0.000560760,-0.593909264,-1.014717102,0.033331636,0.258215725,0.000000000,15.099994659,0
942,1,1,-0.000549316,-0.594456673,-1.048061371,0.033348761,0.258253545,0.000000000,15.099294662,0
943,1,1,-0.000543594,-0.593083382,-1.081340790,0.033307742,0.257822007,0.000000000,15.100598335,0
944,1,1,-0.000532150,-0.592913628,-1.114665985,0.033325631,0.257424504,0.000000000,15.075971603,0
945,1,1,-0.000520706,-0.592387199,-1.147968292,0.033306468,0.257057279,0.000000000,15.053165436,0
946,1,1,-0.000509262,-0.592674255,-1.181324005,0.033356950,0.256716400,0.000000000,15.032412529,0
947,1,1,-0.000497818,-0.591438770,-1.214550018,0.033248976,0.256409496,0.000000000,15.013247490,0
948,1,1,-0.000486374,-0.591017723,-1.247844696,0.033297341,0.256128907,0.000000000,14.996128082,0
949,1,1,-0.000471115,-0.590245247,-1.281093597,0.033257879,0.255885959,0.000000000,14.980819702,0
950,1,1,-0.000465393,-0.589123249,-1.314292908,0.033218265,0.255661547,0.000000000,14.967321396,0
951,1,1,-0.000448227,-0.588815689,-1.347591400,0.033299915,0.255478501,0.000000000,14.955618858,0
952,1,1,-0.000436783,-0.588160992,-1.380832672,0.033247720,0.255317599,0.000000000,14.945944786,0
953,1,1,-0.000427246,-0.587161541,-1.414020538,0.033202913,0.255190223,0.000000000,14.938047409,0
954,1,1,-0.000413895,-0.586977005,-1.447326660,0.033306636,0.255088687,0.000000000,14.931714058,0
955,1,1,-0.000398636,-0.585294724,-1.480369568,0.033085708,0.255020291,0.000000000,14.927370071,0
956,1,1,-0.000387192,-0.584428787,-1.513545990,0.033187721,0.254981279,0.000000000,14.925011635,0
957,1,1,-0.000371933,-0.583225250,-1.546646118,0.033122007,0.254967660,0.000000000,14.924174309,0
958,1,1,-0.000362396,-0.582834244,-1.579902649,0.033258829,0.254986912,0.000000000,14.925088882,0
959,1,1,-0.000350952,-0.582111359,-1.613075256,0.033180486,0.255035013,0.000000000,14.927948952,0
960,1,1,-0.000341415,-0.585670471,-1.647201538,0.034311377,0.254718184,0.000000000,14.932559967,0
961,1,1,-0.000333786,-0.588979721,-1.681304932,0.034263577,0.254182190,0.000000000,14.944853783,0
962,1,1,-0.000333786,-0.594370842,-1.715923309,0.035035640,0.253638148,0.000000000,14.957341194,0
963,1,1,-0.000333786,-0.598388672,-1.751071930,0.035377514,0.253101468,0.000000000,14.975744247,0
964,1,1,-0.000335693,-0.600319862,-1.786769867,0.035750136,0.252596557,0.000000000,14.999704361,0
965,1,1,-0.000360489,-0.606940269,-1.824180603,0.037992019,0.250589252,0.000000000,15.028939247,0
966,1,1,-0.000352859,-0.613116264,-1.863094330,0.039400775,0.247993067,0.000000000,14.998689651,0
967,1,1,-0.000349045,-0.613410950,-1.902008057,0.038914841,0.247823447,0.000000000,14.947031021,0
968,1,1,-0.000347137,-0.615237236,-1.941249847,0.039284263,0.247707933,0.000000000,14.984557152,0
969,1,1,-0.000345230,-0.615662575,-1.980457306,0.039209764,0.247643545,0.000000000,15.021167755,0
970,1,1,-0.000347137,-0.630028725,-2.022708893,0.044627152,0.235586375,0.000000000,15.056143761,0
971,1,1,-0.000352859,-0.628218651,-2.064136505,0.041467138,0.234781772,0.000000000,14.611617088,0
972,1,1,-0.000354767,-0.624611855,-2.104316711,0.040341765,0.233938813,0.000000000,14.569952011,0
973,1,1,-0.000354767,-0.622503281,-2.143608093,0.039347921,0.233122453,0.000000000,14.522939682,0
974,1,1,-0.000356674,-0.620418549,-2.182067871,0.038516238,0.232340738,0.000000000,14.474511147,0
975,1,1,-0.000350952,-0.618325233,-2.219745636,0.037735872,0.232196718,0.000000000,14.424757004,0
976,1,1,-0.000347137,-0.617785454,-2.256942749,0.037201028,0.231800616,0.000000000,14.409812927,0
977,1,1,-0.000341415,-0.617306232,-2.293682098,0.036742475,0.231415585,0.000000000,14.411868095,0
978,1,1,-0.000335693,-0.616851807,-2.329975128,0.036295876,0.231050700,0.000000000,14.409194946,0
979,1,1,-0.000331879,-0.615592957,-2.365741730,0.035788748,0.231729567,0.000000000,14.400959015,0
980,1,1,-0.000328064,-0.614198208,-2.401031494,0.035317317,0.232976303,0.000000000,14.416584015,0
981,1,1,-0.000314713,-0.612655163,-2.435897827,0.034900464,0.234246939,0.000000000,14.436812401,0
982,1,1,-0.000307083,-0.610981941,-2.470413208,0.034555916,0.235520706,0.000000000,14.463563919,0
983,1,1,-0.000293732,-0.609194279,-2.504631042,0.034264501,0.236796156,0.000000000,14.495979309,0
984,1,1,-0.000223160,-0.602464437,-2.538265228,0.034300935,0.235084951,0.000000000,14.532962799,0
985,1,1,-0.000183105,-0.602528334,-2.571876526,0.033611383,0.235563144,0.000000000,14.218605042,0
986,1,1,-0.000190735,-0.605523109,-2.538982391,0.033030182,0.236050054,0.000000000,14.256510735,0
987,1,1,-0.000205994,-0.606679201,-2.506130219,0.032872513,0.236536250,0.000000000,14.299362183,0
988,1,1,-0.000228882,-0.608966827,-2.473361969,0.032848012,0.237017110,0.000000000,14.342306137,0
989,1,1,-0.000255585,-0.608922243,-2.440555573,0.032806437,0.237499833,0.000000000,14.385069847,0
990,1,1,-0.000286102,-0.608827114,-2.407688141,0.032867584,0.237988323,0.000000000,14.427166939,0
991,0,0,-0.000291824,-0.600131512,-2.374462128,0.034345035,0.238483205,0.000000000,0.000000000,0
992,0,0,-0.000299454,-0.603898525,-2.341281891,0.033393390,0.238993511,0.000000000,0.000000000,0
993,0,0,-0.000316620,-0.605234981,-2.308139801,0.033169031,0.239513397,0.000000000,0.000000000,0
994,1,1,-0.000343323,-0.607830405,-2.275012970,0.033228360,0.240049094,0.000000000,14.584325790,0
995,0,0,-0.000352859,-0.602118850,-2.241779327,0.033720866,0.240607068,0.000000000,0.000000000,0
996,0,0,-0.000364304,-0.604565799,-2.208503723,0.033365455,0.241171345,0.000000000,0.000000000,0
997,1,1,-0.000379562,-0.603048086,-2.175239563,0.033298772,0.241700888,0.000000000,14.688261986,0
998,1,1,-0.000383377,-0.601369441,-2.141921997,0.033359826,0.242860809,0.000000000,14.718180656,0
999,1,1,-0.000385284,-0.599638164,-2.108589172,0.033377755,0.244019657,0.000000000,14.744691849,0
1000,1,1,-0.000383377,-0.597837567,-2.075248718,0.033389039,0.245141312,0.000000000,14.773720741,0
1001,1,1,-0.000385284,-0.597396374,-2.041912079,0.033339560,0.246214703,0.000000000,14.804552078,0
1002,1,1,-0.000381470,-0.596680284,-2.008571625,0.033348143,0.247231975,0.000000000,14.836388588,0
1003,0,0,-0.000377655,-0.596853256,-1.975231171,0.033340901,0.248177528,0.000000000,0.000000000,0
1004,1,1,-0.000373840,-0.596258044,-1.941864014,0.033372466,0.249058902,0.000000000,14.900648117,0
1005,0,0,-0.000370026,-0.596626282,-1.908523560,0.033342488,0.249868780,0.000000000,0.000000000,0
1006,1,1,-0.000370026,-0.596985579,-1.875141144,0.033384349,0.250600547,0.000000000,14.964087486,0
1007,0,0,-0.000366211,-0.597872972,-1.841804504,0.033348449,0.251282573,0.000000000,0.000000000,0
1008,1,1,-0.000362396,-0.598164797,-1.808437347,0.033368435,0.251898140,0.000000000,15.025800705,0
1009,0,0,-0.000360489,-0.599683166,-1.775089264,0.033382632,0.252465397,0.000000000,0.000000000,0
1010,1,1,-0.000358582,-0.599445105,-1.741725922,0.033364192,0.252987832,0.000000000,15.086478233,0
1011,1,1,-0.000356674,-0.600127041,-1.708381653,0.033351243,0.253469259,0.000000000,15.116664886,0
1012,1,1,-0.000352859,-0.602267623,-1.675037384,0.033412907,0.253925264,0.000000000,15.146830559,0
1013,1,1,-0.000349045,-0.601243138,-1.641696930,0.033356190,0.254356325,0.000000000,15.176780701,0
1014,0,0,-0.000343323,-0.601270199,-1.608360291,0.033336651,0.254766852,0.000000000,0.000000000,0
1015,1,1,-0.000339508,-0.601691186,-1.575027466,0.033335485,0.255172640,0.000000000,15.236818314,0
1016,1,1,-0.000333786,-0.601672053,-1.541702271,0.033325199,0.255570471,0.000000000,15.266855240,0
1017,1,1,-0.000331879,-0.601602316,-1.508373260,0.033329085,0.255968392,0.000000000,15.296956062,0
1018,1,1,-0.000328064,-0.601480186,-1.475048065,0.033325419,0.256366819,0.000000000,15.326855659,0
1019,1,1,-0.000324249,-0.602874637,-1.441738129,0.033339113,0.256773531,0.000000000,15.356777191,0
1020,1,1,-0.000316620,-0.602695525,-1.408424377,0.033314232,0.257184952,0.000000000,15.386714935,0
1021,1,1,-0.000310898,-0.602461517,-1.375106812,0.033318389,0.257601112,0.000000000,15.416666031,0
1022,1,1,-0.000308990,-0.602206349,-1.341793060,0.033314727,0.258037180,0.000000000,15.446395874,0
1023,1,1,-0.000305176,-0.601939559,-1.308475494,0.033318635,0.258470237,0.000000000,15.476363182,0
1024,1,1,-0.000299454,-0.601668715,-1.275150299,0.033326294,0.258915454,0.000000000,15.506107330,0
1025,1,1,-0.000297546,-0.601401448,-1.241828918,0.033322453,0.259376466,0.000000000,15.535630226,0
1026,1,1,-0.000289917,-0.601144195,-1.208507538,0.033322375,0.259837896,0.000000000,15.565387726,0
1027,1,1,-0.000284195,-0.600902200,-1.175182343,0.033326074,0.260311067,0.000000000,15.594919205,0
1028,1,1,-0.000282288,-0.601063251,-1.141860962,0.033321772,0.260788202,0.000000000,15.624684334,0
1029,1,1,-0.000280380,-0.600748003,-1.108535767,0.033326685,0.261273056,0.000000000,15.654222488,0
1030,1,1,-0.000274658,-0.600895762,-1.075202942,0.033333153,0.261757880,0.000000000,15.683530807,0
1031,1,1,-0.000272751,-0.599904060,-1.041877747,0.033339947,0.262250304,0.000000000,15.713068008,0
1032,1,1,-0.000268936,-0.600038350,-1.008544922,0.033333093,0.262746453,0.000000000,15.742374420,0
1033,1,1,-0.000267029,-0.600166619,-0.975208282,0.033336885,0.263238668,0.000000000,15.771677017,0
1034,1,1,-0.000263214,-0.600289404,-0.941875458,0.033333052,0.263738483,0.000000000,15.800976753,0
1035,1,1,-0.000259399,-0.600407124,-0.908538818,0.033336848,0.264234364,0.000000000,15.830272675,0
1036,1,1,-0.000257492,-0.600520611,-0.875205994,0.033333018,0.264730155,0.000000000,15.859335899,0
1037,1,1,-0.000255585,-0.600630522,-0.841873169,0.033333007,0.265225917,0.000000000,15.888396263,0
1038,1,1,-0.000253677,-0.599534154,-0.808536530,0.033354662,0.265721649,0.000000000,15.917454720,0
1039,1,1,-0.000251770,-0.599638820,-0.775199890,0.033336803,0.266217351,0.000000000,15.946512222,0
1040,1,1,-0.000247955,-0.599741817,-0.741859436,0.033340614,0.266705453,0.000000000,15.975567818,0
1041,1,1,-0.000246048,-0.599843323,-0.708530426,0.033329166,0.267201185,0.000000000,16.004394531,0
1042,1,1,-0.000242233,-0.599944115,-0.675201416,0.033329163,0.267689317,0.000000000,16.033222198,0
1043,1,1,-0.000242233,-0.600044608,-0.641876221,0.033325348,0.268173665,0.000000000,16.062280655,0
1044,1,1,-0.000240326,-0.600145042,-0.608543396,0.033332977,0.268661857,0.000000000,16.090883255,0
1045,1,1,-0.000236511,-0.600245714,-0.575218201,0.033325348,0.269150078,0.000000000,16.119714737,0
1046,1,1,-0.000236511,-0.600346923,-0.541885376,0.033332977,0.269623071,0.000000000,16.148546219,0
1047,1,1,-0.000232697,-0.600448489,-0.508560181,0.033325352,0.270103723,0.000000000,16.176925659,0
1048,1,1,-0.000230789,-0.600551128,-0.475227356,0.033332981,0.270584375,0.000000000,16.205762863,0
1049,1,1,-0.000228882,-0.600654304,-0.441902161,0.033325355,0.271057397,0.000000000,16.234142303,0
1050,0,0,-0.000226974,-0.600758433,-0.408569336,0.033332985,0.271530449,0.000000000,0.000000000,0
1051,1,1,-0.000225067,-0.600908756,-0.375251770,0.033317905,0.272003502,0.000000000,16.290904999,0
1052,0,0,-0.000221252,-0.601094723,-0.341926575,0.033325713,0.272476584,0.000000000,0.000000000,0
1053,1,1,-0.000219345,-0.600022674,-0.308616638,0.033327185,0.272941977,0.000000000,16.347673416,0
1054,0,0,-0.000217438,-0.600270391,-0.275291443,0.033326115,0.273422688,0.000000000,0.000000000,0
1055,1,1,-0.000215530,-0.601034403,-0.241966248,0.033333953,0.273895711,0.000000000,16.404439926,0
1056,0,0,-0.000209808,-0.599315047,-0.208633423,0.033377137,0.274353534,0.000000000,0.000000000,0
1057,1,1,-0.000205994,-0.601032138,-0.175308228,0.033369403,0.274818897,0.000000000,16.460746765,0
1058,1,1,-0.000204086,-0.601325870,-0.141975403,0.033334117,0.275291950,0.000000000,16.488672256,0
1059,1,1,-0.000202179,-0.600892305,-0.108650208,0.033328015,0.275757343,0.000000000,16.517055511,0
1060,1,1,-0.000200272,-0.601179004,-0.075317383,0.033334058,0.276215106,0.000000000,16.544979095,0
1061,1,1,-0.000198364,-0.600875139,-0.041999817,0.033318952,0.276688129,0.000000000,16.572902679,0
1062,1,1,-0.000194550,-0.601141572,-0.008674622,0.033326261,0.277145922,0.000000000,16.600828171,0
1063,1,1,-0.000194550,-0.600849748,0.024650574,0.033326473,0.277611315,0.000000000,16.628751755,0
1064,1,1,-0.000192642,-0.601087511,0.057975769,0.033326045,0.278076708,0.000000000,16.656675339,0
