tick,support,on_floor,local_x,local_y,local_z,slip_m,bus_write_m,package_write_m,platform_speed,dual_contact
1,1,1,0.000000000,-0.599008143,2.466674805,0.033330038,0.000000000,0.000000000,0.000000000,0
2,1,1,0.000000000,-0.599509656,2.433349609,0.033328969,0.001023691,0.000000000,0.000000000,0
3,1,1,0.000000000,-0.599659801,2.400024414,0.033325534,0.001964350,0.000000000,0.063429922,0
4,1,1,0.000000000,-0.599752009,2.366699219,0.033325322,0.002934451,0.000000000,0.117351778,0
5,1,1,-0.000001907,-0.599799275,2.333389282,0.033309970,0.003862551,0.000000000,0.172398016,0
6,1,1,-0.000001907,-0.599809587,2.300064087,0.033325195,0.004792082,0.000000000,0.226503596,0
7,1,1,-0.000001907,-0.599789739,2.266723633,0.033340458,0.005722301,0.000000000,0.280572057,0
8,1,1,0.000000000,-0.599747539,2.233367920,0.033355739,0.006652871,0.000000000,0.335577875,0
9,1,1,-0.000001907,-0.599688411,2.200027466,0.033340506,0.007553102,0.000000000,0.389761388,0
10,1,1,-0.000001907,-0.599618435,2.166671753,0.033355787,0.008453418,0.000000000,0.444051445,0
11,1,1,-0.000003815,-0.599542141,2.133331299,0.033340540,0.009338506,0.000000000,0.498460621,0
12,1,1,0.000000000,-0.599464059,2.099975586,0.033355802,0.010238852,0.000000000,0.552069128,0
13,1,1,-0.000001907,-0.599387169,2.066619873,0.033355802,0.011139184,0.000000000,0.606693804,0
14,1,1,-0.000001907,-0.599313974,2.033248901,0.033371054,0.012024237,0.000000000,0.661404908,0
15,1,1,-0.000001907,-0.599246621,1.999923706,0.033325262,0.012909266,0.000000000,0.715269685,0
16,1,1,-0.000003815,-0.599186659,1.966537476,0.033386286,0.013794275,0.000000000,0.769186437,0
17,1,1,-0.000001907,-0.599134088,1.933181763,0.033355754,0.014694529,0.000000000,0.824056327,0
18,1,1,-0.000003815,-0.599090338,1.899810791,0.033370998,0.015564251,0.000000000,0.878036380,0
19,1,1,-0.000005722,-0.599054694,1.866439819,0.033370990,0.016464485,0.000000000,0.932033122,0
20,1,1,-0.000003815,-0.599027038,1.833114624,0.033325206,0.017334197,0.000000000,0.986039639,0
21,1,1,-0.000005722,-0.599007249,1.799743652,0.033370975,0.018234426,0.000000000,1.040051460,0
22,1,1,-0.000005722,-0.598993897,1.766387939,0.033355717,0.019119399,0.000000000,1.094065428,0
23,1,1,-0.000005722,-0.598986983,1.733001709,0.033386230,0.020004377,0.000000000,1.147164345,0
24,1,1,-0.000009537,-0.598985076,1.699645996,0.033355713,0.020889357,0.000000000,1.201178908,0
25,1,1,-0.000009537,-0.598987639,1.666305542,0.033340454,0.021789603,0.000000000,1.254277349,0
26,1,1,-0.000009537,-0.598993897,1.632934570,0.033370972,0.022674596,0.000000000,1.308291078,0
27,1,1,-0.000007629,-0.599002481,1.599548340,0.033386230,0.023544332,0.000000000,1.361389279,0
28,1,1,-0.000009537,-0.599013388,1.566207886,0.033340454,0.024444591,0.000000000,1.414487600,0
29,1,1,-0.000009537,-0.599025667,1.532852173,0.033355713,0.025314337,0.000000000,1.467586279,0
30,1,1,-0.000009537,-0.599038601,1.499496460,0.033355713,0.026214601,0.000000000,1.520685434,0
31,1,1,-0.000011444,-0.599051714,1.466140747,0.033355717,0.027084351,0.000000000,1.573785186,0
32,1,1,-0.000013351,-0.599064827,1.432785034,0.033355717,0.027984619,0.000000000,1.626885295,0
33,1,1,-0.000009537,-0.599077284,1.399414063,0.033370972,0.028854372,0.000000000,1.679986000,0
34,1,1,-0.000011444,-0.599089146,1.366088867,0.033325195,0.029739382,0.000000000,1.732171416,0
35,1,1,-0.000013351,-0.599100113,1.332687378,0.033401489,0.030624393,0.000000000,1.785272717,0
36,1,1,-0.000015259,-0.599110246,1.299346924,0.033340454,0.031494144,0.000000000,1.837458611,0
37,1,1,-0.000017166,-0.599119067,1.265991211,0.033355713,0.032379154,0.000000000,1.890560150,0
38,1,1,-0.000017166,-0.599126697,1.232650757,0.033340454,0.033233646,0.000000000,1.942746043,0
39,1,1,-0.000020981,-0.599133492,1.199249268,0.033401489,0.034118656,0.000000000,1.994932055,0
40,1,1,-0.000022888,-0.599139333,1.165893555,0.033355713,0.034988407,0.000000000,2.047118187,0
41,1,1,-0.000024796,-0.599144220,1.132553101,0.033340454,0.035858158,0.000000000,2.099303722,0
42,1,1,-0.000024796,-0.599148273,1.099182129,0.033370972,0.036727909,0.000000000,2.151489258,0
43,1,1,-0.000024796,-0.599151552,1.065826416,0.033355713,0.037582401,0.000000000,2.203674793,0
44,1,1,-0.000024796,-0.599157155,1.032455444,0.033370972,0.038452152,0.000000000,2.254944563,0
45,1,1,-0.000024796,-0.599159241,0.999099731,0.033355713,0.039321903,0.000000000,2.307129622,0
46,1,1,-0.000026703,-0.599161088,0.965728760,0.033370972,0.040176392,0.000000000,2.359314680,0
47,1,1,-0.000026703,-0.599162579,0.932373047,0.033355713,0.041046143,0.000000000,2.410584211,0
48,1,1,-0.000030518,-0.599163949,0.899017334,0.033355713,0.041885376,0.000000000,2.461853743,0
49,1,1,-0.000026703,-0.599165082,0.865661621,0.033355713,0.042739868,0.000000000,2.513123035,0
50,1,1,-0.000028610,-0.599166274,0.832290649,0.033370972,0.043609619,0.000000000,2.564392805,0
51,1,1,-0.000028610,-0.599167228,0.798950195,0.033340454,0.044448853,0.000000000,2.616577625,0
52,1,1,-0.000030518,-0.599168479,0.765594482,0.033355713,0.045303345,0.000000000,2.666931629,0
53,1,1,-0.000030518,-0.599169672,0.732223511,0.033370972,0.046173096,0.000000000,2.718200922,0
54,1,1,-0.000030518,-0.599170983,0.698852539,0.033370972,0.047012329,0.000000000,2.769470453,0
55,1,1,-0.000030518,-0.599172592,0.665481567,0.033370972,0.047851563,0.000000000,2.820739985,0
56,1,1,-0.000032425,-0.599174380,0.632125854,0.033355713,0.048706055,0.000000000,2.871093750,0
57,1,1,-0.000034332,-0.599176168,0.598770142,0.033355713,0.049545288,0.000000000,2.922363281,0
58,1,1,-0.000032425,-0.599178314,0.565429688,0.033340454,0.050384521,0.000000000,2.972717285,0
59,1,1,-0.000034332,-0.599180341,0.532073975,0.033355713,0.051223755,0.000000000,3.023071289,0
60,1,1,-0.000034332,-0.599182367,0.498718262,0.033355713,0.052078247,0.000000000,3.073425055,0
61,1,1,-0.000036240,-0.599184811,0.465362549,0.033355713,0.052917480,0.000000000,3.124694586,0
62,1,1,-0.000034332,-0.599187434,0.432006836,0.033355713,0.053741455,0.000000000,3.175048590,0
63,1,1,-0.000034332,-0.599190235,0.398651123,0.033355713,0.054580688,0.000000000,3.224487066,0
64,1,1,-0.000034332,-0.599192917,0.365295410,0.033355713,0.055419922,0.000000000,3.274841070,0
65,1,1,-0.000034332,-0.599195838,0.331939697,0.033355713,0.056259155,0.000000000,3.325195074,0
66,1,1,-0.000036240,-0.599198580,0.298583984,0.033355713,0.057083130,0.000000000,3.375549078,0
67,1,1,-0.000036240,-0.599201560,0.265213013,0.033370972,0.057922363,0.000000000,3.424987555,0
68,1,1,-0.000038147,-0.599204659,0.231842041,0.033370972,0.058746338,0.000000000,3.475341558,0
69,1,1,-0.000036240,-0.599207401,0.198471069,0.033370972,0.059570313,0.000000000,3.524780035,0
70,1,1,-0.000036240,-0.599210680,0.165100098,0.033370972,0.060394287,0.000000000,3.574218512,0
71,1,1,-0.000036240,-0.599213481,0.131759644,0.033340454,0.061218262,0.000000000,3.623656988,0
72,1,1,-0.000036240,-0.599216700,0.098403931,0.033355713,0.062042236,0.000000000,3.673095465,0
73,1,1,-0.000038147,-0.599219441,0.065048218,0.033355713,0.062866211,0.000000000,3.722533941,0
74,1,1,-0.000036240,-0.599222541,0.031692505,0.033355713,0.063690186,0.000000000,3.771972418,0
75,1,1,-0.000036240,-0.599225461,-0.001663208,0.033355713,0.064514160,0.000000000,3.821410894,0
76,1,1,-0.000036240,-0.599228084,-0.035034180,0.033370972,0.065338135,0.000000000,3.870849371,0
77,1,1,-0.000038147,-0.599231005,-0.068405151,0.033370972,0.066146851,0.000000000,3.920287848,0
78,1,1,-0.000038147,-0.599234164,-0.101760864,0.033355713,0.066970825,0.000000000,3.968810797,0
79,1,1,-0.000038147,-0.599236965,-0.135131836,0.033370972,0.067779541,0.000000000,4.018249512,0
80,1,1,-0.000038147,-0.599239588,-0.168472290,0.033340454,0.068588257,0.000000000,4.066772461,0
81,1,1,-0.000038147,-0.599242330,-0.201828003,0.033355713,0.069396973,0.000000000,4.115295410,0
82,1,1,-0.000040054,-0.599245071,-0.235183716,0.033355713,0.070205688,0.000000000,4.163818359,0
83,1,1,-0.000038147,-0.599247694,-0.268539429,0.033355713,0.071014404,0.000000000,4.212341309,0
84,1,1,-0.000040054,-0.599250376,-0.301910400,0.033370972,0.071823120,0.000000000,4.260864258,0
85,1,1,-0.000040054,-0.599252999,-0.335266113,0.033355713,0.072631836,0.000000000,4.309387207,0
86,1,1,-0.000040054,-0.599255800,-0.368621826,0.033355713,0.073440552,0.000000000,4.357910156,0
87,1,1,-0.000041962,-0.599258304,-0.401977539,0.033355713,0.074249268,0.000000000,4.406433105,0
88,1,1,-0.000041962,-0.599261403,-0.435348511,0.033370972,0.075042725,0.000000000,4.454956055,0
89,1,1,-0.000041962,-0.599263489,-0.468704224,0.033355713,0.075851440,0.000000000,4.502563477,0
90,1,1,-0.000041962,-0.599265933,-0.502059937,0.033355713,0.076644897,0.000000000,4.551086426,0
91,1,1,-0.000043869,-0.599268675,-0.535415649,0.033355713,0.077438354,0.000000000,4.598693371,0
92,1,1,-0.000041962,-0.599271178,-0.568771362,0.033355713,0.078247070,0.000000000,4.646300793,0
93,1,1,-0.000043869,-0.599273622,-0.602142334,0.033370972,0.079040527,0.000000000,4.694823742,0
94,1,1,-0.000043869,-0.599276304,-0.635513306,0.033370972,0.079833984,0.000000000,4.742431164,0
95,1,1,-0.000043869,-0.599278629,-0.668884277,0.033370972,0.080627441,0.000000000,4.790038586,0
96,1,1,-0.000043869,-0.599281371,-0.702239990,0.033355713,0.081420898,0.000000000,4.837646008,0
97,1,1,-0.000045776,-0.599283695,-0.735595703,0.033355713,0.082199097,0.000000000,4.885253429,0
98,1,1,-0.000045776,-0.599286199,-0.768966675,0.033370972,0.082992554,0.000000000,4.931945324,0
99,1,1,-0.000045776,-0.599288940,-0.802322388,0.033355713,0.083786011,0.000000000,4.979552746,0
100,1,1,-0.000045776,-0.599291384,-0.835678101,0.033355713,0.084564209,0.000000000,5.027160168,0
101,1,1,-0.000047684,-0.599293947,-0.869049072,0.033370972,0.085357666,0.000000000,5.073852062,0
102,1,1,-0.000047684,-0.599296451,-0.902420044,0.033370972,0.086135864,0.000000000,5.121459484,0
103,1,1,-0.000047684,-0.599298954,-0.935775757,0.033355713,0.086914063,0.000000000,5.168151379,0
104,1,1,-0.000047684,-0.599301696,-0.969131470,0.033355713,0.087707520,0.000000000,5.214843273,0
105,1,1,-0.000047684,-0.599304140,-1.002502441,0.033370972,0.088485718,0.000000000,5.262450695,0
106,1,1,-0.000049591,-0.599306583,-1.035873413,0.033370972,0.089263916,0.000000000,5.309142590,0
107,1,1,-0.000047684,-0.599309206,-1.069229126,0.033355713,0.090042114,0.000000000,5.355834484,0
108,1,1,-0.000049591,-0.599311590,-1.102600098,0.033370972,0.090805054,0.000000000,5.402526379,0
109,1,1,-0.000049591,-0.599314213,-1.135955811,0.033355713,0.091583252,0.000000000,5.448302746,0
110,1,1,-0.000051498,-0.599316716,-1.169326782,0.033370972,0.092361450,0.000000000,5.494994640,0
111,1,1,-0.000049591,-0.599319220,-1.202682495,0.033355713,0.093124390,0.000000000,5.541686535,0
112,1,1,-0.000049591,-0.599321723,-1.236053467,0.033370972,0.093902588,0.000000000,5.587462902,0
113,1,1,-0.000051498,-0.599324107,-1.269439697,0.033386230,0.094665527,0.000000000,5.634154797,0
114,1,1,-0.000049591,-0.599327624,-1.302810669,0.033370972,0.095443726,0.000000000,5.679931164,0
115,1,1,-0.000049591,-0.599329114,-1.336181641,0.033370972,0.096206665,0.000000000,5.726623058,0
116,1,1,-0.000051498,-0.599331677,-1.369537354,0.033355713,0.096969604,0.000000000,5.772399426,0
117,1,1,-0.000051498,-0.599334002,-1.402893066,0.033355713,0.097732544,0.000000000,5.818175793,0
118,1,1,-0.000051498,-0.599336803,-1.436248779,0.033355713,0.098495483,0.000000000,5.863952160,0
119,1,1,-0.000049591,-0.599338889,-1.469619751,0.033370972,0.099258423,0.000000000,5.909728527,0
120,1,1,-0.000047684,-0.599341631,-1.502990723,0.033370972,0.100021362,0.000000000,5.955504894,0
121,1,1,-0.000047684,-0.599344194,-1.536346436,0.033355713,0.100784302,0.000000000,6.001281261,0
122,1,1,-0.000045776,-0.599346697,-1.569702148,0.033355713,0.101531982,0.000000000,6.047057629,0
123,1,1,-0.000043869,-0.599349141,-1.603057861,0.033355713,0.102294922,0.000000000,6.091918468,0
124,1,1,-0.000043869,-0.599351645,-1.636413574,0.033355713,0.103057861,0.000000000,6.137694836,0
125,1,1,-0.000040054,-0.599354029,-1.669769287,0.033355713,0.103805542,0.000000000,6.183471203,0
126,1,1,-0.000040054,-0.599356413,-1.703125000,0.033355713,0.104553223,0.000000000,6.228332043,0
127,1,1,-0.000040054,-0.599358976,-1.736480713,0.033355713,0.105316162,0.000000000,6.273192883,0
128,1,1,-0.000038147,-0.599361420,-1.769851685,0.033370972,0.106063843,0.000000000,6.318969250,0
129,1,1,-0.000036240,-0.599363923,-1.803222656,0.033370972,0.106811523,0.000000000,6.363830090,0
130,1,1,-0.000036240,-0.599366188,-1.836578369,0.033355713,0.107559204,0.000000000,6.408690929,0
131,1,1,-0.000034332,-0.599368691,-1.869949341,0.033370972,0.108306885,0.000000000,6.453551769,0
132,1,1,-0.000030518,-0.599371195,-1.903320313,0.033370972,0.109054565,0.000000000,6.498412609,0
133,1,1,-0.000032425,-0.599373817,-1.936660767,0.033340454,0.109786987,0.000000000,6.543273449,0
134,1,1,-0.000032425,-0.599376023,-1.970016479,0.033355713,0.110534668,0.000000000,6.587218761,0
135,1,1,-0.000030518,-0.599378347,-2.003372192,0.033355713,0.111282349,0.000000000,6.632079601,0
136,1,1,-0.000028610,-0.599380791,-2.036727905,0.033355713,0.112014771,0.000000000,6.676940441,0
137,1,1,-0.000024796,-0.599383235,-2.070083618,0.033355713,0.112762451,0.000000000,6.720885754,0
138,1,1,-0.000024796,-0.599385738,-2.103454590,0.033370972,0.113494873,0.000000000,6.765746593,0
139,1,1,-0.000022888,-0.599388003,-2.136810303,0.033355713,0.114227295,0.000000000,6.809691906,0
140,1,1,-0.000020981,-0.599390447,-2.170196533,0.033386230,0.114974976,0.000000000,6.853637218,0
141,1,1,-0.000020981,-0.599393010,-2.203552246,0.033355713,0.115707397,0.000000000,6.898498058,0
142,1,1,-0.000019073,-0.599395335,-2.236907959,0.033355713,0.116439819,0.000000000,6.942443371,0
143,1,1,-0.000017166,-0.599397779,-2.270263672,0.033355713,0.117172241,0.000000000,6.986388683,0
144,1,1,-0.000015259,-0.599400043,-2.303604126,0.033340454,0.117904663,0.000000000,7.030333996,0
145,1,1,-0.000015259,-0.599402308,-2.336975098,0.033370972,0.118621826,0.000000000,7.074279308,0
146,1,1,-0.000013351,-0.599404752,-2.370330811,0.033355713,0.119354248,0.000000000,7.117309093,0
147,1,1,-0.000011444,-0.599407077,-2.403686523,0.033355713,0.120086670,0.000000000,7.161254406,0
148,1,1,-0.000009537,-0.599409580,-2.437057495,0.033370972,0.120803833,0.000000000,7.205199718,0
149,1,1,-0.000009537,-0.599411905,-2.470413208,0.033355713,0.121536255,0.000000000,7.248229504,0
150,1,1,-0.000007629,-0.599415004,-2.437103271,0.033309937,0.122253418,0.000000000,7.292174816,0
151,1,1,-0.000007629,-0.599416316,-2.403793335,0.033309937,0.122985840,0.000000000,7.335204601,0
152,1,1,-0.000007629,-0.599419594,-2.370483398,0.033309937,0.123703003,0.000000000,7.379149914,0
153,1,1,-0.000005722,-0.599422038,-2.337188721,0.033294678,0.124420166,0.000000000,7.422179699,0
154,1,1,-0.000005722,-0.599424362,-2.303878784,0.033309937,0.125137329,0.000000000,7.465209484,0
155,1,1,-0.000005722,-0.599426627,-2.270584106,0.033294678,0.125854492,0.000000000,7.508239269,0
156,1,1,-0.000005722,-0.599429131,-2.237274170,0.033309937,0.126571655,0.000000000,7.551269054,0
157,1,1,-0.000005722,-0.599431396,-2.203964233,0.033309937,0.127288818,0.000000000,7.594298840,0
158,1,1,-0.000003815,-0.599433780,-2.170654297,0.033309937,0.128005981,0.000000000,7.637328625,0
159,1,1,-0.000005722,-0.599435985,-2.137344360,0.033309937,0.128707886,0.000000000,7.680358410,0
160,1,1,-0.000003815,-0.599438310,-2.104019165,0.033325195,0.129425049,0.000000000,7.722472668,0
161,1,1,-0.000003815,-0.599440694,-2.070709229,0.033309937,0.130126953,0.000000000,7.765502453,0
162,1,1,-0.000003815,-0.599442959,-2.037414551,0.033294678,0.130844116,0.000000000,7.807616711,0
163,1,1,-0.000001907,-0.599445164,-2.004119873,0.033294678,0.131546021,0.000000000,7.850646496,0
164,1,1,-0.000001907,-0.599447727,-1.970809937,0.033309937,0.132263184,0.000000000,7.892760754,0
165,1,1,-0.000001907,-0.599449992,-1.937515259,0.033294678,0.132965088,0.000000000,7.935790539,0
166,1,1,-0.000001907,-0.599452257,-1.904205322,0.033309937,0.133666992,0.000000000,7.977904797,0
167,1,1,-0.000001907,-0.599454522,-1.870910645,0.033294678,0.134368896,0.000000000,8.020019531,0
168,1,1,0.000000000,-0.599456906,-1.837600708,0.033309937,0.135070801,0.000000000,8.062133789,0
169,1,1,0.000000000,-0.599459052,-1.804306030,0.033294678,0.135772705,0.000000000,8.104248047,0
170,1,1,0.000000000,-0.599461436,-1.770980835,0.033325195,0.136474609,0.000000000,8.146362305,0
171,1,1,0.000000000,-0.599463761,-1.737686157,0.033294678,0.137176514,0.000000000,8.188476563,0
172,1,1,0.000000000,-0.599465966,-1.704376221,0.033309937,0.137863159,0.000000000,8.230590820,0
173,1,1,0.000000000,-0.599468112,-1.671066284,0.033309937,0.138565063,0.000000000,8.271789551,0
174,1,1,0.000001907,-0.599470496,-1.637756348,0.033309937,0.139266968,0.000000000,8.313903809,0
175,1,1,0.000001907,-0.599472642,-1.604446411,0.033309937,0.139953613,0.000000000,8.356018066,0
176,1,1,0.000001907,-0.599475026,-1.571136475,0.033309937,0.140640259,0.000000000,8.397216797,0
177,1,1,0.000003815,-0.599477291,-1.537826538,0.033309937,0.141342163,0.000000000,8.438415527,0
178,1,1,0.000003815,-0.599479437,-1.504516602,0.033309937,0.142028809,0.000000000,8.480529785,0
179,1,1,0.000001907,-0.599481821,-1.471221924,0.033294678,0.142715454,0.000000000,8.521728516,0
180,1,1,0.000003815,-0.599483848,-1.437927246,0.033294678,0.143402100,0.000000000,8.562927246,0
181,1,1,0.000003815,-0.599486172,-1.404617310,0.033309937,0.144088745,0.000000000,8.604125977,0
182,1,1,0.000003815,-0.599488497,-1.371322632,0.033294678,0.144775391,0.000000000,8.645324707,0
183,1,1,0.000005722,-0.599490821,-1.338027954,0.033294678,0.145462036,0.000000000,8.686523438,0
184,1,1,0.000005722,-0.599493027,-1.304718018,0.033309937,0.146148682,0.000000000,8.727722168,0
185,1,1,0.000005722,-0.599495173,-1.271377563,0.033340454,0.146835327,0.000000000,8.768920898,0
186,1,1,0.000007629,-0.599497437,-1.238067627,0.033309937,0.147506714,0.000000000,8.810119629,0
187,1,1,0.000007629,-0.599499583,-1.204757690,0.033309937,0.148193359,0.000000000,8.850402832,0
188,1,1,0.000007629,-0.599501967,-1.171447754,0.033309937,0.148864746,0.000000000,8.891601563,0
189,1,1,0.000007629,-0.599504113,-1.138153076,0.033294678,0.149551392,0.000000000,8.931884766,0
190,1,1,0.000007629,-0.599506199,-1.104858398,0.033294678,0.150222778,0.000000000,8.973083496,0
191,1,1,0.000007629,-0.599508405,-1.071548462,0.033309937,0.150894165,0.000000000,9.013366699,0
192,1,1,0.000007629,-0.599510670,-1.038238525,0.033309937,0.151580811,0.000000000,9.053649902,0
193,1,1,0.000007629,-0.599513054,-1.004928589,0.033309937,0.152252197,0.000000000,9.094848633,0
194,1,1,0.000009537,-0.599515200,-0.971633911,0.033294678,0.152923584,0.000000000,9.135131836,0
195,1,1,0.000007629,-0.599516451,-0.938323975,0.033309937,0.153594971,0.000000000,9.175414085,0
196,1,1,0.000007629,-0.599519610,-0.905029297,0.033294678,0.154266357,0.000000000,9.215697289,0
197,1,1,0.000007629,-0.599521875,-0.871719360,0.033309937,0.154922485,0.000000000,9.255980492,0
198,1,1,0.000009537,-0.599524021,-0.838409424,0.033309937,0.155593872,0.000000000,9.295348167,0
199,1,1,0.000009537,-0.599526167,-0.805114746,0.033294678,0.156265259,0.000000000,9.335631371,0
200,1,1,0.000009537,-0.599528432,-0.771820068,0.033294678,0.156921387,0.000000000,9.375914574,0
201,1,1,0.000009537,-0.599530578,-0.738540649,0.033279419,0.157592773,0.000000000,9.415282249,0
202,1,1,0.000011444,-0.599532723,-0.705230713,0.033309937,0.158248901,0.000000000,9.455565453,0
203,1,1,0.000011444,-0.599534810,-0.671920776,0.033309937,0.158920288,0.000000000,9.494933128,0
204,1,1,0.000011444,-0.599537015,-0.638610840,0.033309937,0.159576416,0.000000000,9.535216331,0
205,1,1,0.000011444,-0.599539161,-0.605300903,0.033309937,0.160232544,0.000000000,9.574584007,0
206,1,1,0.000011444,-0.599541247,-0.572006226,0.033294678,0.160903931,0.000000000,9.613951683,0
207,1,1,0.000013351,-0.599543333,-0.538696289,0.033309937,0.161560059,0.000000000,9.654234886,0
208,1,1,0.000013351,-0.599545360,-0.505401611,0.033294678,0.162216187,0.000000000,9.693602562,0
209,1,1,0.000013351,-0.599547565,-0.472106934,0.033294678,0.162872314,0.000000000,9.732970238,0
210,1,1,0.000013351,-0.599549770,-0.438812256,0.033294678,0.163528442,0.000000000,9.772337914,0
211,1,1,0.000013351,-0.599551916,-0.405502319,0.033309937,0.164169312,0.000000000,9.811705589,0
212,1,1,0.000015259,-0.599554002,-0.372192383,0.033309937,0.164825439,0.000000000,9.850157738,0
213,1,1,0.000015259,-0.599556088,-0.338897705,0.033294678,0.165481567,0.000000000,9.889525414,0
214,1,1,0.000015259,-0.599558234,-0.305587769,0.033309937,0.166122437,0.000000000,9.928893089,0
215,1,1,0.000015259,-0.599560380,-0.272277832,0.033309937,0.166778564,0.000000000,9.967345238,0
216,1,1,0.000015259,-0.599562407,-0.238952637,0.033325195,0.167419434,0.000000000,10.006712914,0
217,1,1,0.000015259,-0.599564552,-0.205642700,0.033309937,0.168075562,0.000000000,10.045165062,0
218,1,1,0.000017166,-0.599566698,-0.172348022,0.033294678,0.168716431,0.000000000,10.084532738,0
219,1,1,0.000017166,-0.599568784,-0.139038086,0.033309937,0.169357300,0.000000000,10.122984886,0
220,1,1,0.000017166,-0.599571109,-0.105743408,0.033294678,0.170013428,0.000000000,10.161437035,0
221,1,1,0.000017166,-0.599573016,-0.072448730,0.033294678,0.170654297,0.000000000,10.200804710,0
222,1,1,0.000017166,-0.599575102,-0.039154053,0.033294678,0.171295166,0.000000000,10.239256859,0
223,1,1,0.000017166,-0.599577188,-0.005859375,0.033294678,0.171936035,0.000000000,10.277709007,0
224,1,1,0.000017166,-0.599579334,0.027435303,0.033294678,0.172576904,0.000000000,10.316161156,0
225,1,1,0.000019073,-0.599581361,0.060729980,0.033294678,0.173202515,0.000000000,10.354613304,0
226,1,1,0.000017166,-0.599583626,0.094024658,0.033294678,0.173843384,0.000000000,10.392149925,0
227,1,1,0.000017166,-0.599585533,0.127334595,0.033309937,0.174484253,0.000000000,10.430602074,0
228,1,1,0.000015259,-0.599587560,0.160659790,0.033325195,0.175125122,0.000000000,10.469054222,0
229,1,1,0.000015259,-0.599589586,0.193969727,0.033309937,0.175750732,0.000000000,10.507506371,0
230,1,1,0.000015259,-0.599591672,0.227279663,0.033309937,0.176391602,0.000000000,10.545042992,0
231,1,1,0.000015259,-0.599593818,0.260589600,0.033309937,0.177017212,0.000000000,10.583495140,0
232,1,1,0.000015259,-0.599595904,0.293884277,0.033294678,0.177642822,0.000000000,10.621031761,0
233,1,1,0.000015259,-0.599598050,0.327194214,0.033309937,0.178283691,0.000000000,10.658568382,0
234,1,1,0.000017166,-0.599599957,0.360488892,0.033294678,0.178909302,0.000000000,10.697020531,0
235,1,1,0.000015259,-0.599602103,0.393798828,0.033309937,0.179534912,0.000000000,10.734557152,0
236,1,1,0.000013351,-0.599604070,0.427124023,0.033325195,0.180160522,0.000000000,10.772093773,0
237,1,1,0.000013351,-0.599606156,0.460418701,0.033294678,0.180786133,0.000000000,10.809630394,0
238,1,1,0.000013351,-0.599608183,0.493728638,0.033309937,0.181411743,0.000000000,10.847167015,0
239,1,1,0.000013351,-0.599610209,0.527038574,0.033309937,0.182037354,0.000000000,10.884703636,0
240,1,1,0.000013351,-0.599612296,0.560348511,0.033309937,0.182662964,0.000000000,10.922240257,0
241,1,1,0.000013351,-0.599614263,0.593643188,0.033294678,0.183273315,0.000000000,10.959776878,0
242,1,1,0.000013351,-0.599616289,0.626953125,0.033309937,0.183898926,0.000000000,10.996397972,0
243,1,1,0.000011444,-0.599618316,0.660263062,0.033309937,0.184524536,0.000000000,11.033934593,0
244,1,1,0.000011444,-0.599620521,0.693557739,0.033294678,0.185134888,0.000000000,11.071471214,0
245,1,1,0.000011444,-0.599622369,0.726852417,0.033294678,0.185760498,0.000000000,11.108092308,0
246,1,1,0.000011444,-0.599624395,0.760177612,0.033325195,0.186370850,0.000000000,11.145628929,0
247,1,1,0.000011444,-0.599626422,0.793487549,0.033309937,0.186981201,0.000000000,11.182250023,0
248,1,1,0.000013351,-0.599628508,0.826797485,0.033309937,0.187606812,0.000000000,11.218871117,0
249,1,1,0.000011444,-0.599630475,0.860092163,0.033294678,0.188217163,0.000000000,11.256407738,0
250,1,1,0.000009537,-0.599632621,0.893402100,0.033309937,0.188827515,0.000000000,11.293028831,0
251,1,1,0.000009537,-0.599634290,0.926696777,0.033294678,0.189437866,0.000000000,11.329649925,0
252,1,1,0.000009537,-0.599636495,0.960006714,0.033309937,0.190048218,0.000000000,11.366271019,0
253,1,1,0.000009537,-0.599638581,0.993316650,0.033309937,0.190658569,0.000000000,11.402892113,0
254,1,1,0.000009537,-0.599640489,1.026641846,0.033325195,0.191268921,0.000000000,11.439513206,0
255,1,1,0.000009537,-0.599642396,1.059951782,0.033309937,0.191879272,0.000000000,11.476134300,0
256,1,1,0.000009537,-0.599644303,1.093261719,0.033309937,0.192474365,0.000000000,11.512755394,0
257,1,1,0.000007629,-0.599646449,1.126556396,0.033294678,0.193084717,0.000000000,11.548460960,0
258,1,1,0.000007629,-0.599648416,1.159866333,0.033309937,0.193695068,0.000000000,11.585082054,0
259,1,1,0.000007629,-0.599650383,1.193176270,0.033309937,0.194290161,0.000000000,11.621703148,0
260,1,1,0.000007629,-0.599652410,1.226470947,0.033294678,0.194900513,0.000000000,11.657408714,0
261,1,1,0.000007629,-0.599654317,1.259780884,0.033309937,0.195495605,0.000000000,11.694029808,0
262,1,1,0.000007629,-0.599656224,1.293075562,0.033294678,0.196090698,0.000000000,11.729735374,0
263,1,1,0.000007629,-0.599658072,1.326385498,0.033309937,0.196685791,0.000000000,11.765440941,0
264,1,1,0.000005722,-0.599660158,1.359680176,0.033294678,0.197296143,0.000000000,11.801146507,0
265,1,1,0.000005722,-0.599662125,1.392990112,0.033309937,0.197891235,0.000000000,11.837767601,0
266,1,1,0.000005722,-0.599663556,1.426284790,0.033294678,0.198486328,0.000000000,11.873473167,0
267,1,1,0.000005722,-0.599665940,1.459594727,0.033309937,0.199081421,0.000000000,11.909178734,0
268,1,1,0.000005722,-0.599667788,1.492904663,0.033309937,0.199676514,0.000000000,11.944884300,0
269,1,1,0.000005722,-0.599669814,1.526199341,0.033294678,0.200271606,0.000000000,11.980589867,0
270,1,1,0.000005722,-0.599671662,1.559509277,0.033309937,0.200851440,0.000000000,12.016295433,0
271,1,1,0.000005722,-0.599673748,1.592819214,0.033309937,0.201446533,0.000000000,12.051085472,0
272,1,1,0.000003815,-0.599675655,1.626159668,0.033340454,0.202041626,0.000000000,12.086791039,0
273,1,1,0.000003815,-0.599677444,1.659454346,0.033294678,0.202636719,0.000000000,12.122496605,0
274,1,1,0.000003815,-0.599679470,1.692764282,0.033309937,0.203216553,0.000000000,12.158202171,0
275,1,1,0.000003815,-0.599681318,1.726058960,0.033294678,0.203811646,0.000000000,12.192992210,0
276,1,1,0.000001907,-0.599683285,1.759353638,0.033294678,0.204391479,0.000000000,12.228697777,0
277,1,1,0.000003815,-0.599685133,1.792633057,0.033279419,0.204971313,0.000000000,12.263487816,0
278,1,1,0.000003815,-0.599686980,1.825942993,0.033309937,0.205566406,0.000000000,12.298277855,0
279,1,1,0.000001907,-0.599689126,1.859252930,0.033309937,0.206146240,0.000000000,12.333983421,0
280,1,1,0.000001907,-0.599691033,1.892562866,0.033309937,0.206726074,0.000000000,12.368773460,0
281,1,1,0.000001907,-0.599692822,1.925872803,0.033309937,0.207305908,0.000000000,12.403563499,0
282,1,1,0.000001907,-0.599694729,1.959182739,0.033309937,0.207885742,0.000000000,12.438353539,0
283,1,1,0.000001907,-0.599696577,1.992492676,0.033309937,0.208465576,0.000000000,12.473143578,0
284,1,1,0.000001907,-0.599698424,2.025802612,0.033309937,0.209045410,0.000000000,12.507933617,0
285,1,1,0.000001907,-0.599700451,2.059112549,0.033309937,0.209625244,0.000000000,12.542723656,0
286,1,1,0.000000000,-0.599702358,2.092407227,0.033294678,0.210205078,0.000000000,12.577513695,0
287,1,1,0.000000000,-0.599704146,2.125717163,0.033309937,0.210769653,0.000000000,12.612303734,0
288,1,1,-0.000001907,-0.599706888,2.092376709,0.033340454,0.211349487,0.000000000,12.646178246,0
289,1,1,-0.000001907,-0.599708915,2.059020996,0.033355713,0.211929321,0.000000000,12.680968285,0
290,1,1,-0.000001907,-0.599710584,2.025665283,0.033355713,0.212493896,0.000000000,12.715758324,0
291,1,1,-0.000003815,-0.599712431,1.992294312,0.033370972,0.213073730,0.000000000,12.749632835,0
292,1,1,-0.000003815,-0.599714279,1.958923340,0.033370972,0.213638306,0.000000000,12.784422874,0
293,1,1,-0.000003815,-0.599716187,1.925567627,0.033355713,0.214202881,0.000000000,12.818297386,0
294,1,1,-0.000003815,-0.599718034,1.892196655,0.033370972,0.214782715,0.000000000,12.852171898,0
295,1,1,-0.000005722,-0.599719942,1.858840942,0.033355713,0.215347290,0.000000000,12.886961937,0
296,1,1,-0.000003815,-0.599721789,1.825469971,0.033370972,0.215911865,0.000000000,12.920836449,0
297,1,1,-0.000005722,-0.599723637,1.792114258,0.033355713,0.216476440,0.000000000,12.954710960,0
298,1,1,-0.000005722,-0.599725425,1.758743286,0.033370972,0.217041016,0.000000000,12.988585472,0
299,1,1,-0.000005722,-0.599727392,1.725387573,0.033355713,0.217605591,0.000000000,13.022459984,0
300,1,1,-0.000005722,-0.599729240,1.692031860,0.033355713,0.218170166,0.000000000,13.056334496,0
301,1,1,-0.000007629,-0.599731028,1.658676147,0.033355713,0.218734741,0.000000000,13.090209007,0
302,1,1,-0.000007629,-0.599732876,1.625320435,0.033355713,0.219299316,0.000000000,13.124083519,0
303,1,1,-0.000007629,-0.599734724,1.591949463,0.033370972,0.219848633,0.000000000,13.157958031,0
304,1,1,-0.000009537,-0.599736452,1.558578491,0.033370972,0.220413208,0.000000000,13.190917015,0
305,1,1,-0.000007629,-0.599738240,1.525207520,0.033370972,0.220977783,0.000000000,13.224791527,0
306,1,1,-0.000009537,-0.599740207,1.491851807,0.033355713,0.221527100,0.000000000,13.258666039,0
307,1,1,-0.000009537,-0.599741817,1.458480835,0.033370972,0.222091675,0.000000000,13.291625023,0
308,1,1,-0.000009537,-0.599743724,1.425125122,0.033355713,0.222640991,0.000000000,13.325499535,0
309,1,1,-0.000011444,-0.599745512,1.391769409,0.033355713,0.223205566,0.000000000,13.358458519,0
310,1,1,-0.000009537,-0.599747241,1.358413696,0.033355713,0.223754883,0.000000000,13.392333031,0
311,1,1,-0.000011444,-0.599749207,1.325057983,0.033355713,0.224304199,0.000000000,13.425292015,0
312,1,1,-0.000011444,-0.599750996,1.291687012,0.033370972,0.224853516,0.000000000,13.458250999,0
313,1,1,-0.000011444,-0.599752665,1.258331299,0.033355713,0.225402832,0.000000000,13.491209984,0
314,1,1,-0.000013351,-0.599754333,1.224960327,0.033370972,0.225952148,0.000000000,13.524168968,0
315,1,1,-0.000011444,-0.599756122,1.191604614,0.033355713,0.226501465,0.000000000,13.557127953,0
316,1,1,-0.000013351,-0.599758089,1.158233643,0.033370972,0.227050781,0.000000000,13.590086937,0
317,1,1,-0.000013351,-0.599759817,1.124877930,0.033355713,0.227600098,0.000000000,13.623045921,0
318,1,1,-0.000013351,-0.599761605,1.091522217,0.033355713,0.228149414,0.000000000,13.656004906,0
319,1,1,-0.000015259,-0.599763513,1.058166504,0.033355713,0.228698730,0.000000000,13.688963890,0
320,1,1,-0.000013351,-0.599765182,1.024826050,0.033340454,0.229248047,0.000000000,13.721922874,0
321,1,1,-0.000015259,-0.599766970,0.991470337,0.033355713,0.229782104,0.000000000,13.754881859,0
322,1,1,-0.000015259,-0.599768758,0.958114624,0.033355713,0.230331421,0.000000000,13.786925316,0
323,1,1,-0.000015259,-0.599770546,0.924758911,0.033355713,0.230865479,0.000000000,13.819884300,0
324,1,1,-0.000015259,-0.599772274,0.891403198,0.033355713,0.231414795,0.000000000,13.851927757,0
325,1,1,-0.000017166,-0.599774003,0.858047485,0.033355713,0.231948853,0.000000000,13.884886742,0
326,1,1,-0.000017166,-0.599775910,0.824691772,0.033355713,0.232498169,0.000000000,13.916930199,0
327,1,1,-0.000017166,-0.599777579,0.791336060,0.033355713,0.233032227,0.000000000,13.949889183,0
328,1,1,-0.000019073,-0.599779308,0.757965088,0.033370972,0.233566284,0.000000000,13.981932640,0
329,1,1,-0.000017166,-0.599781036,0.724594116,0.033370972,0.234100342,0.000000000,14.013976097,0
330,1,1,-0.000019073,-0.599782825,0.691223145,0.033370972,0.234634399,0.000000000,14.046019554,0
331,1,1,-0.000019073,-0.599784613,0.657867432,0.033355713,0.235168457,0.000000000,14.078063011,0
332,1,1,-0.000019073,-0.599786401,0.624511719,0.033355713,0.235702515,0.000000000,14.110106468,0
333,1,1,-0.000019073,-0.599788070,0.591156006,0.033355713,0.236236572,0.000000000,14.142149925,0
334,1,1,-0.000020981,-0.599789679,0.557800293,0.033355713,0.236770630,0.000000000,14.174193382,0
335,1,1,-0.000019073,-0.599791527,0.524444580,0.033355713,0.237304688,0.000000000,14.206236839,0
336,1,1,-0.000020981,-0.599793196,0.491073608,0.033370972,0.237838745,0.000000000,14.238280296,0
337,1,1,-0.000020981,-0.599794924,0.457717896,0.033355713,0.238357544,0.000000000,14.270323753,0
338,1,1,-0.000020981,-0.599796653,0.424346924,0.033370972,0.238891602,0.000000000,14.301451683,0
339,1,1,-0.000020981,-0.599798560,0.390991211,0.033355713,0.239425659,0.000000000,14.333495140,0
340,1,1,-0.000022888,-0.599800169,0.357620239,0.033370972,0.239944458,0.000000000,14.365538597,0
341,1,1,-0.000022888,-0.599801898,0.324264526,0.033355713,0.240478516,0.000000000,14.396666527,0
342,1,1,-0.000022888,-0.599803567,0.290908813,0.033355713,0.240997314,0.000000000,14.428709984,0
343,1,1,-0.000022888,-0.599805355,0.257553101,0.033355713,0.241516113,0.000000000,14.459837914,0
344,1,1,-0.000024796,-0.599807024,0.224182129,0.033370972,0.242050171,0.000000000,14.490965843,0
345,1,1,-0.000022888,-0.599808693,0.190811157,0.033370972,0.242568970,0.000000000,14.523009300,0
346,1,1,-0.000024796,-0.599810541,0.157470703,0.033340454,0.243087769,0.000000000,14.554137230,0
347,1,1,-0.000024796,-0.599812269,0.124099731,0.033370972,0.243606567,0.000000000,14.585265160,0
348,1,1,-0.000026703,-0.599813819,0.090728760,0.033370972,0.244125366,0.000000000,14.616393089,0
349,1,1,-0.000024796,-0.599815488,0.057373047,0.033355713,0.244644165,0.000000000,14.647521019,0
350,1,1,-0.000026703,-0.599817216,0.024002075,0.033370972,0.245162964,0.000000000,14.678648949,0
351,1,1,-0.000026703,-0.599818945,-0.009353638,0.033355713,0.245681763,0.000000000,14.709776878,0
352,1,1,-0.000026703,-0.599820495,-0.042724609,0.033370972,0.246200562,0.000000000,14.740904808,0
353,1,1,-0.000026703,-0.599822283,-0.076080322,0.033355713,0.246719360,0.000000000,14.772032738,0
354,1,1,-0.000028610,-0.599823952,-0.109436035,0.033355713,0.247238159,0.000000000,14.803160667,0
355,1,1,-0.000028610,-0.599825621,-0.142791748,0.033355713,0.247741699,0.000000000,14.834288597,0
356,1,1,-0.000028610,-0.599827409,-0.176162720,0.033370972,0.248260498,0.000000000,14.864500999,0
357,1,1,-0.000028610,-0.599828959,-0.209518433,0.033355713,0.248779297,0.000000000,14.895628929,0
358,1,1,-0.000030518,-0.599830568,-0.242874146,0.033355713,0.249282837,0.000000000,14.926756859,0
359,1,1,-0.000030518,-0.599832177,-0.276229858,0.033355713,0.249786377,0.000000000,14.956969261,0
360,1,1,-0.000028610,-0.599833906,-0.309585571,0.033355713,0.250305176,0.000000000,14.987181664,0
361,1,1,-0.000030518,-0.599835515,-0.342941284,0.033355713,0.250808716,0.000000000,15.018309593,0
362,1,1,-0.000030518,-0.599837303,-0.376312256,0.033370972,0.251327515,0.000000000,15.048521996,0
363,1,1,-0.000032425,-0.599838912,-0.409683228,0.033370972,0.251831055,0.000000000,15.079649925,0
364,1,1,-0.000032425,-0.599840641,-0.443038940,0.033355713,0.252334595,0.000000000,15.109862328,0
365,1,1,-0.000032425,-0.599842250,-0.476394653,0.033355713,0.252838135,0.000000000,15.140074730,0
366,1,1,-0.000032425,-0.599843979,-0.509750366,0.033355713,0.253341675,0.000000000,15.170287132,0
367,1,1,-0.000032425,-0.599845529,-0.543106079,0.033355713,0.253845215,0.000000000,15.200499535,0
368,1,1,-0.000034332,-0.599847198,-0.576477051,0.033370972,0.254348755,0.000000000,15.230711937,0
369,1,1,-0.000032425,-0.599848747,-0.609848022,0.033370972,0.254852295,0.000000000,15.260924339,0
370,1,1,-0.000034332,-0.599850476,-0.643203735,0.033355713,0.255355835,0.000000000,15.291136742,0
371,1,1,-0.000034332,-0.599852204,-0.676559448,0.033355713,0.255859375,0.000000000,15.321349144,0
372,1,1,-0.000036240,-0.599853635,-0.709915161,0.033355713,0.256347656,0.000000000,15.351561546,0
373,1,1,-0.000036240,-0.599855423,-0.743286133,0.033370972,0.256851196,0.000000000,15.380858421,0
374,1,1,-0.000034332,-0.599857092,-0.776641846,0.033355713,0.257354736,0.000000000,15.411070824,0
375,1,1,-0.000036240,-0.599858642,-0.809997559,0.033355713,0.257843018,0.000000000,15.441283226,0
376,1,1,-0.000036240,-0.599860191,-0.843338013,0.033340454,0.258346558,0.000000000,15.470580101,0
377,1,1,-0.000038147,-0.599861801,-0.876693726,0.033355713,0.258834839,0.000000000,15.500792503,0
378,1,1,-0.000038147,-0.599863470,-0.910064697,0.033370972,0.259338379,0.000000000,15.530089378,0
379,1,1,-0.000038147,-0.599865139,-0.943420410,0.033355713,0.259826660,0.000000000,15.560301781,0
380,1,1,-0.000038147,-0.599866748,-0.976776123,0.033355713,0.260314941,0.000000000,15.589598656,0
381,1,1,-0.000038147,-0.599868298,-1.010147095,0.033370972,0.260818481,0.000000000,15.618895531,0
382,1,1,-0.000038147,-0.599870086,-1.043502808,0.033355713,0.261306763,0.000000000,15.649107933,0
383,1,1,-0.000040054,-0.599872172,-1.076858521,0.033355713,0.261795044,0.000000000,15.678404808,0
384,1,1,-0.000040054,-0.599873900,-1.110229492,0.033370972,0.262283325,0.000000000,15.707701683,0
385,1,1,-0.000041962,-0.599875391,-1.143585205,0.033355713,0.262771606,0.000000000,15.736998558,0
386,1,1,-0.000040054,-0.599876821,-1.176956177,0.033370972,0.263259888,0.000000000,15.766295433,0
387,1,1,-0.000040054,-0.599878550,-1.210327148,0.033370972,0.263748169,0.000000000,15.795592308,0
388,1,1,-0.000041962,-0.599880099,-1.243698120,0.033370972,0.264236450,0.000000000,15.824889183,0
389,1,1,-0.000041962,-0.599881887,-1.277053833,0.033355713,0.264724731,0.000000000,15.854186058,0
390,1,1,-0.000041962,-0.599883318,-1.310394287,0.033340454,0.265197754,0.000000000,15.883482933,0
391,1,1,-0.000043869,-0.599884748,-1.343750000,0.033355713,0.265686035,0.000000000,15.911864281,0
392,1,1,-0.000043869,-0.599886417,-1.377105713,0.033355713,0.266174316,0.000000000,15.941161156,0
393,1,1,-0.000041962,-0.599888086,-1.410476685,0.033370972,0.266647339,0.000000000,15.970458031,0
394,1,1,-0.000043869,-0.599889636,-1.443847656,0.033370972,0.267135620,0.000000000,15.998839378,0
395,1,1,-0.000043869,-0.599891067,-1.477233887,0.033386230,0.267608643,0.000000000,16.028137207,0
396,1,1,-0.000043869,-0.599892735,-1.510589600,0.033355713,0.268096924,0.000000000,16.056518555,0
397,1,1,-0.000045776,-0.599894226,-1.543945313,0.033355713,0.268569946,0.000000000,16.085815430,0
398,1,1,-0.000045776,-0.599895835,-1.577316284,0.033370972,0.269058228,0.000000000,16.114196777,0
399,1,1,-0.000045776,-0.599897504,-1.610656738,0.033340454,0.269531250,0.000000000,16.143493652,0
400,1,1,-0.000047684,-0.599899054,-1.644012451,0.033355713,0.270004272,0.000000000,16.171875000,0
401,1,1,-0.000045776,-0.599900484,-1.677368164,0.033355713,0.270477295,0.000000000,16.200256348,0
402,1,1,-0.000045776,-0.599902153,-1.710723877,0.033355713,0.270950317,0.000000000,16.228637695,0
403,1,1,-0.000047684,-0.599903822,-1.744064331,0.033340454,0.271438599,0.000000000,16.257019043,0
404,1,1,-0.000047684,-0.599905252,-1.777420044,0.033355713,0.271911621,0.000000000,16.286315918,0
405,1,1,-0.000047684,-0.599906802,-1.810806274,0.033386230,0.272384644,0.000000000,16.314697266,0
406,1,1,-0.000049591,-0.599908233,-1.844161987,0.033355713,0.272842407,0.000000000,16.343078613,0
407,1,1,-0.000049591,-0.599909723,-1.877532959,0.033370972,0.273315430,0.000000000,16.370544434,0
408,1,1,-0.000049591,-0.599911213,-1.910888672,0.033355713,0.273788452,0.000000000,16.398925781,0
409,1,1,-0.000049591,-0.599912882,-1.944259644,0.033370972,0.274261475,0.000000000,16.427307129,0
410,1,1,-0.000051498,-0.599914432,-1.977630615,0.033370972,0.274734497,0.000000000,16.455688477,0
411,1,1,-0.000049591,-0.599915922,-2.011001587,0.033370972,0.275192261,0.000000000,16.484069824,0
412,1,1,-0.000049591,-0.599917531,-2.044372559,0.033370972,0.275665283,0.000000000,16.511535645,0
413,1,1,-0.000049591,-0.599918962,-2.077728271,0.033355713,0.276138306,0.000000000,16.539916992,0
414,1,1,-0.000047684,-0.599920511,-2.111083984,0.033355713,0.276596069,0.000000000,16.568298340,0
415,1,1,-0.000045776,-0.599922061,-2.144454956,0.033370972,0.277069092,0.000000000,16.595764160,0
416,1,1,-0.000043869,-0.599923611,-2.177810669,0.033355713,0.277526855,0.000000000,16.624145508,0
417,1,1,-0.000043869,-0.599925041,-2.211151123,0.033340454,0.277984619,0.000000000,16.651611328,0
418,1,1,-0.000041962,-0.599926710,-2.244491577,0.033340454,0.278457642,0.000000000,16.679077148,0
419,1,1,-0.000040054,-0.599928260,-2.277832031,0.033340454,0.278915405,0.000000000,16.707458496,0
420,1,1,-0.000038147,-0.599929571,-2.311203003,0.033370972,0.279373169,0.000000000,16.734924316,0
421,1,1,-0.000038147,-0.599931121,-2.344558716,0.033355713,0.279830933,0.000000000,16.762390137,0
422,1,1,-0.000036240,-0.599932671,-2.377914429,0.033355713,0.280288696,0.000000000,16.789855957,0
423,1,1,-0.000032425,-0.599934220,-2.411270142,0.033355713,0.280746460,0.000000000,16.817321777,0
424,1,1,-0.000030518,-0.599935532,-2.444625854,0.033355713,0.281204224,0.000000000,16.844787598,0
425,1,1,-0.000026703,-0.599938989,-2.477996826,0.033370972,0.281661987,0.000000000,16.872253418,0
426,1,1,-0.000024796,-0.599938393,-2.511337280,0.033340454,0.282119751,0.000000000,16.899719238,0
427,1,1,-0.000020981,-0.599939823,-2.544692993,0.033355713,0.282577515,0.000000000,16.927185059,0
428,1,1,-0.000017166,-0.599941373,-2.578063965,0.033370972,0.283035278,0.000000000,16.954650879,0
429,1,1,-0.000015259,-0.599942863,-2.611434937,0.033370972,0.283493042,0.000000000,16.982116699,0
430,1,1,-0.000017166,-0.599944353,-2.578125000,0.033309937,0.283950806,0.000000000,17.009582520,0
431,1,1,-0.000017166,-0.599945784,-2.544815063,0.033309937,0.284393311,0.000000000,17.037048340,0
432,1,1,-0.000020981,-0.599947214,-2.511520386,0.033294678,0.284851074,0.000000000,17.063598633,0
433,1,1,-0.000022888,-0.599948764,-2.478210449,0.033309937,0.285293579,0.000000000,17.091064453,0
434,1,1,-0.000022888,-0.599950314,-2.444900513,0.033309937,0.285751343,0.000000000,17.117614746,0
435,1,1,-0.000024796,-0.599951625,-2.411621094,0.033279419,0.286193848,0.000000000,17.145080566,0
436,1,1,-0.000024796,-0.599953294,-2.378311157,0.033309937,0.286651611,0.000000000,17.171630859,0
437,1,1,-0.000028610,-0.599954724,-2.345001221,0.033309937,0.287094116,0.000000000,17.199096680,0
438,1,1,-0.000028610,-0.599956155,-2.311706543,0.033294678,0.287536621,0.000000000,17.225646973,0
439,1,1,-0.000030518,-0.599957705,-2.278396606,0.033309937,0.287994385,0.000000000,17.252197266,0
440,1,1,-0.000032425,-0.599959016,-2.245086670,0.033309937,0.288436890,0.000000000,17.279663086,0
441,1,1,-0.000034332,-0.599960566,-2.211776733,0.033309937,0.288879395,0.000000000,17.306213379,0
442,1,1,-0.000036240,-0.599961877,-2.178482056,0.033294678,0.289321899,0.000000000,17.332763672,0
443,1,1,-0.000036240,-0.599963367,-2.145172119,0.033309937,0.289764404,0.000000000,17.359313965,0
444,1,1,-0.000038147,-0.599964857,-2.111877441,0.033294678,0.290206909,0.000000000,17.385864258,0
445,1,1,-0.000040054,-0.599966228,-2.078582764,0.033294678,0.290649414,0.000000000,17.412414551,0
446,1,1,-0.000041962,-0.599967599,-2.045272827,0.033309937,0.291091919,0.000000000,17.438964844,0
447,1,1,-0.000043869,-0.599969089,-2.011947632,0.033325195,0.291534424,0.000000000,17.465515137,0
448,1,1,-0.000043869,-0.599970579,-1.978652954,0.033294678,0.291976929,0.000000000,17.492065430,0
449,1,1,-0.000045776,-0.599971890,-1.945343018,0.033309937,0.292419434,0.000000000,17.518615723,0
450,1,1,-0.000047684,-0.599973440,-1.912033081,0.033309937,0.292861938,0.000000000,17.545166016,0
451,1,1,-0.000047684,-0.599974811,-1.878723145,0.033309937,0.293289185,0.000000000,17.571716309,0
452,1,1,-0.000051498,-0.599976301,-1.845428467,0.033294678,0.293731689,0.000000000,17.597351074,0
453,1,1,-0.000049591,-0.599977791,-1.812118530,0.033309937,0.294158936,0.000000000,17.623901367,0
454,1,1,-0.000049591,-0.599979103,-1.778823853,0.033294678,0.294601440,0.000000000,17.649536133,0
455,1,1,-0.000049591,-0.599980593,-1.745529175,0.033294678,0.295043945,0.000000000,17.676086426,0
456,1,1,-0.000047684,-0.599981904,-1.712219238,0.033309937,0.295471191,0.000000000,17.702636719,0
457,1,1,-0.000049591,-0.599983394,-1.678924561,0.033294678,0.295898438,0.000000000,17.728271484,0
458,1,1,-0.000051498,-0.599984765,-1.645599365,0.033325195,0.296340942,0.000000000,17.753906250,0
459,1,1,-0.000049591,-0.599986196,-1.612289429,0.033309937,0.296768188,0.000000000,17.780456543,0
460,1,1,-0.000049591,-0.599987686,-1.578994751,0.033294678,0.297195435,0.000000000,17.806091309,0
461,1,1,-0.000049591,-0.599988997,-1.545684814,0.033309937,0.297637939,0.000000000,17.831726074,0
462,1,1,-0.000047684,-0.599990427,-1.512390137,0.033294678,0.298065186,0.000000000,17.858276367,0
463,1,1,-0.000047684,-0.599991798,-1.479095459,0.033294678,0.298492432,0.000000000,17.883911133,0
464,1,1,-0.000045776,-0.599993289,-1.445785522,0.033309937,0.298919678,0.000000000,17.909545898,0
465,1,1,-0.000047684,-0.599994540,-1.412460327,0.033325195,0.299346924,0.000000000,17.935180664,0
466,1,1,-0.000047684,-0.599996090,-1.379150391,0.033309937,0.299774170,0.000000000,17.960815430,0
467,1,1,-0.000045776,-0.599997342,-1.345855713,0.033294678,0.300201416,0.000000000,17.986450195,0
468,1,1,-0.000045776,-0.599998772,-1.312530518,0.033325195,0.300628662,0.000000000,18.012084961,0
469,1,1,-0.000045776,-0.600000262,-1.279235840,0.033294678,0.301055908,0.000000000,18.037719727,0
470,1,1,-0.000043869,-0.600001574,-1.245925903,0.033309937,0.301467896,0.000000000,18.063354492,0
471,1,1,-0.000043869,-0.600003004,-1.212631226,0.033294678,0.301895142,0.000000000,18.088073730,0
472,1,1,-0.000045776,-0.600004256,-1.179321289,0.033309937,0.302322388,0.000000000,18.113708496,0
473,1,1,-0.000043869,-0.600005627,-1.146034241,0.033287048,0.302749634,0.000000000,18.139343262,0
474,1,1,-0.000043869,-0.600007057,-1.112724304,0.033309937,0.303161621,0.000000000,18.164978027,0
475,1,1,-0.000043869,-0.600008309,-1.079414368,0.033309937,0.303588867,0.000000000,18.189697266,0
476,1,1,-0.000043869,-0.600009680,-1.046096802,0.033317566,0.304000854,0.000000000,18.215332031,0
477,1,1,-0.000041962,-0.600011110,-1.012794495,0.033302307,0.304412842,0.000000000,18.240051270,0
478,1,1,-0.000041962,-0.600012541,-0.979484558,0.033309937,0.304840088,0.000000000,18.265228271,0
479,1,1,-0.000041962,-0.600013912,-0.946189880,0.033294678,0.305259705,0.000000000,18.290403366,0
480,1,1,-0.000040054,-0.600015283,-0.912887573,0.033302307,0.305679321,0.000000000,18.315580368,0
481,1,1,-0.000040054,-0.600016594,-0.879570007,0.033317566,0.306091309,0.000000000,18.340757370,0
482,1,1,-0.000041962,-0.600017905,-0.846260071,0.033309937,0.306510925,0.000000000,18.365476608,0
483,1,1,-0.000040054,-0.600019217,-0.812950134,0.033309937,0.306922913,0.000000000,18.390653610,0
484,1,1,-0.000040054,-0.600020647,-0.779647827,0.033302307,0.307342529,0.000000000,18.415372849,0
485,1,1,-0.000040054,-0.600022018,-0.746337891,0.033309937,0.307754517,0.000000000,18.440549850,0
486,1,1,-0.000038147,-0.600023389,-0.713027954,0.033309937,0.308166504,0.000000000,18.465269089,0
487,1,1,-0.000038147,-0.600024581,-0.679725647,0.033302307,0.308578491,0.000000000,18.489988327,0
488,1,1,-0.000038147,-0.600026071,-0.646415710,0.033309937,0.308990479,0.000000000,18.514707565,0
489,1,1,-0.000038147,-0.600027323,-0.613113403,0.033302307,0.309402466,0.000000000,18.539426804,0
490,1,1,-0.000036240,-0.600028634,-0.579803467,0.033309937,0.309814453,0.000000000,18.564146042,0
491,1,1,-0.000036240,-0.600030065,-0.546493530,0.033309937,0.310218811,0.000000000,18.588865280,0
492,1,1,-0.000036240,-0.600031495,-0.513191223,0.033302307,0.310630798,0.000000000,18.613126755,0
493,1,1,-0.000036240,-0.600032628,-0.479888916,0.033302307,0.311035156,0.000000000,18.637845993,0
494,1,1,-0.000036240,-0.600033998,-0.446578979,0.033309937,0.311447144,0.000000000,18.662107468,0
495,1,1,-0.000036240,-0.600035369,-0.413276672,0.033302307,0.311851501,0.000000000,18.686826706,0
496,1,1,-0.000036240,-0.600036740,-0.379959106,0.033317566,0.312255859,0.000000000,18.711088181,0
497,1,1,-0.000034332,-0.600038052,-0.346656799,0.033302307,0.312660217,0.000000000,18.735349655,0
498,1,1,-0.000034332,-0.600039482,-0.313346863,0.033309937,0.313072205,0.000000000,18.759611130,0
499,1,1,-0.000034332,-0.600040615,-0.280044556,0.033302307,0.313468933,0.000000000,18.784330368,0
500,1,1,-0.000034332,-0.600042045,-0.246742249,0.033302307,0.313873291,0.000000000,18.808134079,0
501,1,1,-0.000032425,-0.600043297,-0.213424683,0.033317566,0.314277649,0.000000000,18.832395554,0
502,1,1,-0.000032425,-0.600044608,-0.180130005,0.033294678,0.314682007,0.000000000,18.856657028,0
503,1,1,-0.000032425,-0.600046039,-0.146820068,0.033309937,0.315086365,0.000000000,18.880918503,0
504,1,1,-0.000032425,-0.600047171,-0.113510132,0.033309937,0.315483093,0.000000000,18.905179977,0
505,1,1,-0.000030518,-0.600048542,-0.080200195,0.033309937,0.315879822,0.000000000,18.928983688,0
506,1,1,-0.000030518,-0.600049853,-0.046897888,0.033302307,0.316284180,0.000000000,18.952787399,0
507,1,1,-0.000030518,-0.600051045,-0.013580322,0.033317566,0.316680908,0.000000000,18.977048874,0
508,1,1,-0.000030518,-0.600052893,0.019729614,0.033309937,0.317077637,0.000000000,19.000852585,0
509,1,1,-0.000030518,-0.600053906,0.053031921,0.033302307,0.317474365,0.000000000,19.024656296,0
510,1,1,-0.000028610,-0.600055218,0.086341858,0.033309937,0.317871094,0.000000000,19.048460007,0
511,1,1,-0.000028610,-0.600056648,0.119644165,0.033302307,0.318267822,0.000000000,19.072263718,0
512,1,1,-0.000028610,-0.600057900,0.152954102,0.033309937,0.318664551,0.000000000,19.096067429,0
513,1,1,-0.000028610,-0.600059152,0.186256409,0.033302307,0.319061279,0.000000000,19.119871140,0
514,1,1,-0.000026703,-0.600060463,0.219558716,0.033302307,0.319458008,0.000000000,19.143674850,0
515,1,1,-0.000026703,-0.600061893,0.252853394,0.033294678,0.319847107,0.000000000,19.167478561,0
516,1,1,-0.000026703,-0.600062966,0.286163330,0.033309937,0.320243835,0.000000000,19.190824509,0
517,1,1,-0.000026703,-0.600064158,0.319465637,0.033302307,0.320632935,0.000000000,19.214628220,0
518,1,1,-0.000026703,-0.600065470,0.352767944,0.033302307,0.321022034,0.000000000,19.237974167,0
519,1,1,-0.000024796,-0.600066781,0.386070251,0.033302307,0.321418762,0.000000000,19.261320114,0
520,1,1,-0.000024796,-0.600067973,0.419380188,0.033309937,0.321807861,0.000000000,19.285123825,0
521,1,1,-0.000024796,-0.600069284,0.452690125,0.033309937,0.322196960,0.000000000,19.308469772,0
522,1,1,-0.000024796,-0.600070536,0.485992432,0.033302307,0.322586060,0.000000000,19.331815720,0
523,1,1,-0.000024796,-0.600071907,0.519294739,0.033302307,0.322975159,0.000000000,19.355161667,0
524,1,1,-0.000022888,-0.600073218,0.552597046,0.033302307,0.323356628,0.000000000,19.378507614,0
525,1,1,-0.000022888,-0.600074530,0.585906982,0.033309937,0.323745728,0.000000000,19.401395798,0
526,1,1,-0.000022888,-0.600075603,0.619216919,0.033309937,0.324134827,0.000000000,19.424741745,0
527,1,1,-0.000022888,-0.600076854,0.652534485,0.033317566,0.324516296,0.000000000,19.448087692,0
528,1,1,-0.000022888,-0.600078225,0.685836792,0.033302307,0.324905396,0.000000000,19.470975876,0
529,1,1,-0.000020981,-0.600079417,0.719139099,0.033302307,0.325286865,0.000000000,19.494321823,0
530,1,1,-0.000020981,-0.600080609,0.752449036,0.033309937,0.325675964,0.000000000,19.517210007,0
531,1,1,-0.000020981,-0.600081921,0.785758972,0.033309937,0.326057434,0.000000000,19.540555954,0
532,1,1,-0.000020981,-0.600083232,0.819053650,0.033294678,0.326438904,0.000000000,19.563444138,0
533,1,1,-0.000020981,-0.600084484,0.852355957,0.033302307,0.326820374,0.000000000,19.586332321,0
534,1,1,-0.000020981,-0.600085616,0.885665894,0.033309937,0.327201843,0.000000000,19.609220505,0
535,1,1,-0.000019073,-0.600086987,0.918983459,0.033317566,0.327583313,0.000000000,19.632108688,0
536,1,1,-0.000019073,-0.600088120,0.952285767,0.033302307,0.327964783,0.000000000,19.654996872,0
537,1,1,-0.000019073,-0.600089431,0.985580444,0.033294678,0.328338623,0.000000000,19.677885056,0
538,1,1,-0.000019073,-0.600091338,1.018882751,0.033302307,0.328720093,0.000000000,19.700315475,0
539,1,1,-0.000019073,-0.600092649,1.052192688,0.033309937,0.329101563,0.000000000,19.723203659,0
540,1,1,-0.000019073,-0.600093603,1.085502625,0.033309937,0.329475403,0.000000000,19.746091843,0
541,1,1,-0.000017166,-0.600095034,1.118804932,0.033302307,0.329849243,0.000000000,19.768522263,0
542,1,1,-0.000017166,-0.600096107,1.152107239,0.033302307,0.330230713,0.000000000,19.790952682,0
543,1,1,-0.000017166,-0.600097537,1.185417175,0.033309937,0.330604553,0.000000000,19.813840866,0
544,1,1,-0.000015259,-0.600098729,1.218734741,0.033317566,0.330978394,0.000000000,19.836271286,0
545,1,1,-0.000015259,-0.600099802,1.252037048,0.033302307,0.331352234,0.000000000,19.858701706,0
546,1,1,-0.000015259,-0.600101233,1.285339355,0.033302307,0.331726074,0.000000000,19.881132126,0
547,1,1,-0.000013351,-0.600102305,1.318641663,0.033302307,0.332099915,0.000000000,19.903562546,0
548,1,1,-0.000013351,-0.600103617,1.351943970,0.033302307,0.332473755,0.000000000,19.925992966,0
549,1,1,-0.000013351,-0.600104868,1.385261536,0.033317566,0.332847595,0.000000000,19.948423386,0
550,1,1,-0.000013351,-0.600106120,1.418563843,0.033302307,0.333213806,0.000000000,19.970853806,0
551,1,1,-0.000013351,-0.600107193,1.451873779,0.033309937,0.333587646,0.000000000,19.992826462,0
552,1,1,-0.000013351,-0.600108385,1.485176086,0.033302307,0.333953857,0.000000000,20.015256882,0
553,1,1,-0.000013351,-0.600109458,1.518470764,0.033294678,0.334327698,0.000000000,20.037229538,0
554,1,1,-0.000013351,-0.600110888,1.551773071,0.033302307,0.334693909,0.000000000,20.059659958,0
555,1,1,-0.000011444,-0.600111961,1.585083008,0.033309937,0.335060120,0.000000000,20.081632614,0
556,1,1,-0.000011444,-0.600113273,1.618392944,0.033309937,0.335426331,0.000000000,20.103605270,0
557,1,1,-0.000011444,-0.600114405,1.651687622,0.033294678,0.335792542,0.000000000,20.125577927,0
558,1,1,-0.000009537,-0.600115538,1.684997559,0.033309937,0.336158752,0.000000000,20.147550583,0
559,1,1,-0.000009537,-0.600116849,1.718307495,0.033309937,0.336524963,0.000000000,20.169523239,0
560,1,1,-0.000009537,-0.600117981,1.751617432,0.033309937,0.336891174,0.000000000,20.191495895,0
561,1,1,-0.000009537,-0.600119233,1.784919739,0.033302307,0.337257385,0.000000000,20.213468552,0
562,1,1,-0.000009537,-0.600120366,1.818214417,0.033294678,0.337623596,0.000000000,20.235441208,0
563,1,1,-0.000009537,-0.600121498,1.851524353,0.033309937,0.337982178,0.000000000,20.257413864,0
564,1,1,-0.000007629,-0.600122571,1.884834290,0.033309937,0.338348389,0.000000000,20.278928757,0
565,1,1,-0.000007629,-0.600123882,1.918144226,0.033309937,0.338706970,0.000000000,20.300901413,0
566,1,1,-0.000007629,-0.600125074,1.951438904,0.033294678,0.339073181,0.000000000,20.322416306,0
567,1,1,-0.000007629,-0.600126266,1.984748840,0.033309937,0.339431763,0.000000000,20.344388962,0
568,1,1,-0.000005722,-0.600127697,1.951385498,0.033363342,0.339790344,0.000000000,20.365903854,0
569,1,1,-0.000007629,-0.600128770,1.918029785,0.033355713,0.340148926,0.000000000,20.387418747,0
570,1,1,-0.000007629,-0.600129962,1.884658813,0.033370972,0.340507507,0.000000000,20.408933640,0
571,1,1,-0.000007629,-0.600131094,1.851310730,0.033348083,0.340866089,0.000000000,20.430448532,0
572,1,1,-0.000009537,-0.600132167,1.817947388,0.033363342,0.341224670,0.000000000,20.451963425,0
573,1,1,-0.000009537,-0.600133419,1.784584045,0.033363342,0.341583252,0.000000000,20.473478317,0
574,1,1,-0.000009537,-0.600134552,1.751220703,0.033363342,0.341941833,0.000000000,20.494993210,0
575,1,1,-0.000011444,-0.600135803,1.717872620,0.033348083,0.342292786,0.000000000,20.516508102,0
576,1,1,-0.000009537,-0.600136995,1.684516907,0.033355713,0.342651367,0.000000000,20.537565231,0
577,1,1,-0.000009537,-0.600138187,1.651153564,0.033363342,0.343009949,0.000000000,20.559080124,0
578,1,1,-0.000011444,-0.600139141,1.617790222,0.033363342,0.343360901,0.000000000,20.580595016,0
579,1,1,-0.000011444,-0.600140512,1.584434509,0.033355713,0.343711853,0.000000000,20.601652145,0
580,1,1,-0.000011444,-0.600141525,1.551078796,0.033355713,0.344070435,0.000000000,20.622709274,0
581,1,1,-0.000013351,-0.600142717,1.517723083,0.033355713,0.344421387,0.000000000,20.644224167,0
582,1,1,-0.000013351,-0.600143909,1.484367371,0.033355713,0.344772339,0.000000000,20.665281296,0
583,1,1,-0.000011444,-0.600145102,1.451011658,0.033355713,0.345123291,0.000000000,20.686338425,0
584,1,1,-0.000013351,-0.600146174,1.417648315,0.033363342,0.345474243,0.000000000,20.707395554,0
585,1,1,-0.000013351,-0.600147247,1.384277344,0.033370972,0.345825195,0.000000000,20.728452682,0
586,1,1,-0.000015259,-0.600148618,1.350921631,0.033355713,0.346176147,0.000000000,20.749509811,0
587,1,1,-0.000015259,-0.600149691,1.317565918,0.033355713,0.346519470,0.000000000,20.770566940,0
588,1,1,-0.000015259,-0.600150824,1.284202576,0.033363342,0.346870422,0.000000000,20.791166306,0
589,1,1,-0.000017166,-0.600151896,1.250839233,0.033363342,0.347221375,0.000000000,20.812223434,0
590,1,1,-0.000015259,-0.600153089,1.217475891,0.033363342,0.347564697,0.000000000,20.833280563,0
591,1,1,-0.000015259,-0.600154221,1.184120178,0.033355713,0.347915649,0.000000000,20.853879929,0
592,1,1,-0.000017166,-0.600155354,1.150764465,0.033355713,0.348258972,0.000000000,20.874937057,0
593,1,1,-0.000017166,-0.600156426,1.117416382,0.033348083,0.348602295,0.000000000,20.895536423,0
594,1,1,-0.000017166,-0.600157499,1.084045410,0.033370972,0.348945618,0.000000000,20.916135788,0
595,1,1,-0.000019073,-0.600158691,1.050682068,0.033363342,0.349296570,0.000000000,20.936735153,0
596,1,1,-0.000017166,-0.600159883,1.017318726,0.033363342,0.349639893,0.000000000,20.957792282,0
597,1,1,-0.000019073,-0.600160956,0.983963013,0.033355713,0.349983215,0.000000000,20.978391647,0
598,1,1,-0.000019073,-0.600161910,0.950599670,0.033363342,0.350326538,0.000000000,20.998991013,0
599,1,1,-0.000019073,-0.600163102,0.917236328,0.033363342,0.350662231,0.000000000,21.019590378,0
600,1,1,-0.000020981,-0.600164294,0.883872986,0.033363342,0.351005554,0.000000000,21.039731979,0
601,1,1,-0.000020981,-0.600165486,0.850517273,0.033355713,0.351348877,0.000000000,21.060331345,0
602,1,1,-0.000020981,-0.600166500,0.817146301,0.033370972,0.351684570,0.000000000,21.080930710,0
603,1,1,-0.000020981,-0.600167513,0.783782959,0.033363342,0.352027893,0.000000000,21.101072311,0
604,1,1,-0.000020981,-0.600168705,0.750434875,0.033348083,0.352363586,0.000000000,21.121671677,0
605,1,1,-0.000022888,-0.600169778,0.717071533,0.033363342,0.352706909,0.000000000,21.141813278,0
606,1,1,-0.000022888,-0.600170732,0.683700562,0.033370972,0.353042603,0.000000000,21.162412643,0
607,1,1,-0.000022888,-0.600171804,0.650329590,0.033370972,0.353378296,0.000000000,21.182554245,0
608,1,1,-0.000022888,-0.600172997,0.616981506,0.033348083,0.353721619,0.000000000,21.202695847,0
609,1,1,-0.000022888,-0.600174069,0.583625793,0.033355713,0.354057312,0.000000000,21.223295212,0
610,1,1,-0.000024796,-0.600175202,0.550254822,0.033370972,0.354393005,0.000000000,21.243436813,0
611,1,1,-0.000024796,-0.600176334,0.516899109,0.033355713,0.354728699,0.000000000,21.263578415,0
612,1,1,-0.000024796,-0.600177467,0.483535767,0.033363342,0.355056763,0.000000000,21.283720016,0
613,1,1,-0.000024796,-0.600178480,0.450180054,0.033355713,0.355392456,0.000000000,21.303403854,0
614,1,1,-0.000024796,-0.600179553,0.416816711,0.033363342,0.355728149,0.000000000,21.323545456,0
615,1,1,-0.000026703,-0.600180626,0.383468628,0.033348083,0.356063843,0.000000000,21.343687057,0
616,1,1,-0.000024796,-0.600181758,0.350105286,0.033363342,0.356391907,0.000000000,21.363828659,0
617,1,1,-0.000026703,-0.600182772,0.316741943,0.033363342,0.356727600,0.000000000,21.383512497,0
618,1,1,-0.000026703,-0.600183845,0.283378601,0.033363342,0.357055664,0.000000000,21.403654099,0
619,1,1,-0.000028610,-0.600184917,0.250015259,0.033363342,0.357391357,0.000000000,21.423337936,0
620,1,1,-0.000028610,-0.600186110,0.216651917,0.033363342,0.357719421,0.000000000,21.443479538,0
621,1,1,-0.000026703,-0.600187182,0.183296204,0.033355713,0.358047485,0.000000000,21.463163376,0
622,1,1,-0.000028610,-0.600188255,0.149932861,0.033363342,0.358375549,0.000000000,21.482847214,0
623,1,1,-0.000028610,-0.600189269,0.116569519,0.033363342,0.358703613,0.000000000,21.502531052,0
624,1,1,-0.000030518,-0.600190401,0.083206177,0.033363342,0.359031677,0.000000000,21.522214890,0
625,1,1,-0.000028610,-0.600191474,0.049842834,0.033363342,0.359359741,0.000000000,21.541898727,0
626,1,1,-0.000030518,-0.600192547,0.016487122,0.033355713,0.359687805,0.000000000,21.561582565,0
627,1,1,-0.000030518,-0.600193501,-0.016876221,0.033363342,0.360015869,0.000000000,21.581266403,0
628,1,1,-0.000032425,-0.600194573,-0.050247192,0.033370972,0.360343933,0.000000000,21.600950241,0
629,1,1,-0.000032425,-0.600195527,-0.083610535,0.033363342,0.360664368,0.000000000,21.620634079,0
630,1,1,-0.000030518,-0.600196779,-0.116973877,0.033363342,0.360992432,0.000000000,21.639860153,0
631,1,1,-0.000032425,-0.600197732,-0.150329590,0.033355713,0.361312866,0.000000000,21.659543991,0
632,1,1,-0.000032425,-0.600198984,-0.183692932,0.033363342,0.361640930,0.000000000,21.678770065,0
633,1,1,-0.000034332,-0.600199938,-0.217048645,0.033355713,0.361961365,0.000000000,21.698453903,0
634,1,1,-0.000032425,-0.600200951,-0.250411987,0.033363342,0.362281799,0.000000000,21.717679977,0
635,1,1,-0.000034332,-0.600202143,-0.283775330,0.033363342,0.362609863,0.000000000,21.736906052,0
636,1,1,-0.000034332,-0.600203156,-0.317123413,0.033348083,0.362930298,0.000000000,21.756589890,0
637,1,1,-0.000036240,-0.600204110,-0.350494385,0.033370972,0.363250732,0.000000000,21.775815964,0
638,1,1,-0.000034332,-0.600205183,-0.383850098,0.033355713,0.363571167,0.000000000,21.795042038,0
639,1,1,-0.000036240,-0.600206196,-0.417205811,0.033355713,0.363891602,0.000000000,21.814268112,0
640,1,1,-0.000036240,-0.600207388,-0.450553894,0.033348083,0.364212036,0.000000000,21.833494186,0
641,1,1,-0.000036240,-0.600208282,-0.483924866,0.033370972,0.364524841,0.000000000,21.852720261,0
642,1,1,-0.000036240,-0.600209415,-0.517288208,0.033363342,0.364845276,0.000000000,21.871488571,0
643,1,1,-0.000036240,-0.600210488,-0.550636292,0.033348083,0.365165710,0.000000000,21.890714645,0
644,1,1,-0.000038147,-0.600211501,-0.583992004,0.033355713,0.365478516,0.000000000,21.909940720,0
645,1,1,-0.000036240,-0.600212514,-0.617362976,0.033370972,0.365798950,0.000000000,21.928709030,0
646,1,1,-0.000038147,-0.600213587,-0.650726318,0.033363342,0.366111755,0.000000000,21.947935104,0
647,1,1,-0.000038147,-0.600214601,-0.684074402,0.033348083,0.366432190,0.000000000,21.966703415,0
648,1,1,-0.000040054,-0.600215673,-0.717445374,0.033370972,0.366744995,0.000000000,21.985929489,0
649,1,1,-0.000038147,-0.600216508,-0.750816345,0.033370972,0.367057800,0.000000000,22.004697800,0
650,1,1,-0.000040054,-0.600217581,-0.784164429,0.033348083,0.367370605,0.000000000,22.023466110,0
651,1,1,-0.000040054,-0.600218594,-0.817520142,0.033355713,0.367691040,0.000000000,22.042234421,0
652,1,1,-0.000040054,-0.600219667,-0.850891113,0.033370972,0.368003845,0.000000000,22.061460495,0
653,1,1,-0.000040054,-0.600220740,-0.884246826,0.033355713,0.368316650,0.000000000,22.080228806,0
654,1,1,-0.000041962,-0.600221813,-0.917594910,0.033348083,0.368629456,0.000000000,22.098997116,0
655,1,1,-0.000041962,-0.600222647,-0.950950623,0.033355713,0.368934631,0.000000000,22.117765427,0
656,1,1,-0.000041962,-0.600223839,-0.984321594,0.033370972,0.369247437,0.000000000,22.136075974,0
657,1,1,-0.000041962,-0.600224853,-1.017669678,0.033348083,0.369560242,0.000000000,22.154844284,0
658,1,1,-0.000043869,-0.600225806,-1.051033020,0.033363342,0.369865417,0.000000000,22.173612595,0
659,1,1,-0.000041962,-0.600226820,-1.084388733,0.033355713,0.370178223,0.000000000,22.191923141,0
660,1,1,-0.000043869,-0.600227594,-1.117752075,0.033363342,0.370491028,0.000000000,22.210691452,0
661,1,1,-0.000043869,-0.600228727,-1.151115417,0.033363342,0.370796204,0.000000000,22.229459763,0
662,1,1,-0.000043869,-0.600229859,-1.184474945,0.033359528,0.371101379,0.000000000,22.247770309,0
663,1,1,-0.000043869,-0.600230813,-1.217830658,0.033355713,0.371414185,0.000000000,22.266080856,0
664,1,1,-0.000045776,-0.600231886,-1.251197815,0.033367157,0.371719360,0.000000000,22.284849167,0
665,1,1,-0.000043869,-0.600232840,-1.284557343,0.033359528,0.372028351,0.000000000,22.303159714,0
666,1,1,-0.000045776,-0.600233972,-1.317920685,0.033363342,0.372329712,0.000000000,22.321470261,0
667,1,1,-0.000047684,-0.600234866,-1.351276398,0.033355713,0.372634888,0.000000000,22.339780807,0
668,1,1,-0.000047684,-0.600235879,-1.384635925,0.033359528,0.372940063,0.000000000,22.358091354,0
669,1,1,-0.000047684,-0.600236833,-1.417995453,0.033359528,0.373245239,0.000000000,22.376401901,0
670,1,1,-0.000047684,-0.600238502,-1.451358795,0.033363342,0.373550415,0.000000000,22.394712448,0
671,1,1,-0.000047684,-0.600238740,-1.484714508,0.033355713,0.373851776,0.000000000,22.413022995,0
672,1,1,-0.000047684,-0.600239754,-1.518074036,0.033359528,0.374153137,0.000000000,22.431104660,0
673,1,1,-0.000049591,-0.600240588,-1.551433563,0.033359528,0.374458313,0.000000000,22.449186325,0
674,1,1,-0.000049591,-0.600241661,-1.584796906,0.033363342,0.374759674,0.000000000,22.467496872,0
675,1,1,-0.000049591,-0.600242674,-1.618156433,0.033359528,0.375061035,0.000000000,22.485578537,0
676,1,1,-0.000049591,-0.600243747,-1.651519775,0.033363342,0.375362396,0.000000000,22.503660202,0
677,1,1,-0.000051498,-0.600244582,-1.684879303,0.033359528,0.375659943,0.000000000,22.521741867,0
678,1,1,-0.000049591,-0.600245595,-1.718235016,0.033355713,0.375961304,0.000000000,22.539594650,0
679,1,1,-0.000051498,-0.600246608,-1.751598358,0.033363342,0.376258850,0.000000000,22.557676315,0
680,1,1,-0.000051498,-0.600247562,-1.784954071,0.033355713,0.376560211,0.000000000,22.575529099,0
681,1,1,-0.000051498,-0.600248694,-1.818317413,0.033363342,0.376857758,0.000000000,22.593610764,0
682,1,1,-0.000053406,-0.600249529,-1.851676941,0.033359528,0.377155304,0.000000000,22.611463547,0
683,1,1,-0.000051498,-0.600250483,-1.885036469,0.033359528,0.377452850,0.000000000,22.629316330,0
684,1,1,-0.000053406,-0.600251555,-1.918392181,0.033355713,0.377750397,0.000000000,22.647169113,0
685,1,1,-0.000053406,-0.600252330,-1.951755524,0.033363342,0.378047943,0.000000000,22.665021896,0
686,1,1,-0.000053406,-0.600253403,-1.985118866,0.033363342,0.378341675,0.000000000,22.682874680,0
687,1,1,-0.000053406,-0.600254536,-2.018478394,0.033359528,0.378639221,0.000000000,22.700498581,0
688,1,1,-0.000055313,-0.600255251,-2.051834106,0.033355713,0.378932953,0.000000000,22.718351364,0
689,1,1,-0.000055313,-0.600256324,-2.085193634,0.033359528,0.379226685,0.000000000,22.735975266,0
690,1,1,-0.000055313,-0.600257158,-2.118553162,0.033359528,0.379520416,0.000000000,22.753599167,0
691,1,1,-0.000055313,-0.600258112,-2.151912689,0.033359528,0.379814148,0.000000000,22.771223068,0
692,1,1,-0.000051498,-0.600259185,-2.185272217,0.033359528,0.380107880,0.000000000,22.788846970,0
693,1,1,-0.000051498,-0.600260139,-2.218631744,0.033359528,0.380397797,0.000000000,22.806470871,0
694,1,1,-0.000049591,-0.600261033,-2.251991272,0.033359528,0.380691528,0.000000000,22.823865891,0
695,1,1,-0.000047684,-0.600262046,-2.285350800,0.033359528,0.380981445,0.000000000,22.841489792,0
696,1,1,-0.000047684,-0.600262940,-2.318717957,0.033367157,0.381275177,0.000000000,22.858884811,0
697,1,1,-0.000041962,-0.600263953,-2.352073669,0.033355713,0.381565094,0.000000000,22.876508713,0
698,1,1,-0.000041962,-0.600264788,-2.385437012,0.033363342,0.381855011,0.000000000,22.893903732,0
699,1,1,-0.000038147,-0.600265741,-2.418796539,0.033359528,0.382144928,0.000000000,22.911298752,0
700,1,1,-0.000036240,-0.600266814,-2.452152252,0.033355713,0.382431030,0.000000000,22.928693771,0
701,1,1,-0.000032425,-0.600267649,-2.485515594,0.033363342,0.382720947,0.000000000,22.945859909,0
702,1,1,-0.000030518,-0.600268602,-2.518867493,0.033351898,0.383010864,0.000000000,22.963254929,0
703,1,1,-0.000028610,-0.600269675,-2.552230835,0.033363342,0.383296967,0.000000000,22.980649948,0
704,1,1,-0.000024796,-0.600270391,-2.585586548,0.033355713,0.383583069,0.000000000,22.997816086,0
705,1,1,-0.000022888,-0.600271463,-2.618949890,0.033363342,0.383869171,0.000000000,23.014982224,0
706,1,1,-0.000019073,-0.600272417,-2.652309418,0.033359528,0.384155273,0.000000000,23.032148361,0
707,1,1,-0.000017166,-0.600273371,-2.685672760,0.033363342,0.384441376,0.000000000,23.049314499,0
708,1,1,-0.000015259,-0.600274086,-2.719032288,0.033359528,0.384727478,0.000000000,23.066480637,0
709,1,1,-0.000017166,-0.600275338,-2.685726166,0.033306122,0.385013580,0.000000000,23.083646774,0
710,1,1,-0.000017166,-0.600276172,-2.652420044,0.033306122,0.385295868,0.000000000,23.100812912,0
711,1,1,-0.000019073,-0.600276887,-2.619110107,0.033309937,0.385578156,0.000000000,23.117750168,0
712,1,1,-0.000020981,-0.600277901,-2.585807800,0.033302307,0.385864258,0.000000000,23.134687424,0
713,1,1,-0.000022888,-0.600278735,-2.552497864,0.033309937,0.386146545,0.000000000,23.151853561,0
714,1,1,-0.000024796,-0.600279629,-2.519199371,0.033298492,0.386428833,0.000000000,23.168790817,0
715,1,1,-0.000024796,-0.600280702,-2.485889435,0.033309937,0.386711121,0.000000000,23.185728073,0
716,1,1,-0.000026703,-0.600281656,-2.452587128,0.033302307,0.386993408,0.000000000,23.202665329,0
717,1,1,-0.000028610,-0.600282550,-2.419277191,0.033309937,0.387271881,0.000000000,23.219602585,0
718,1,1,-0.000030518,-0.600283623,-2.385978699,0.033298492,0.387554169,0.000000000,23.236310959,0
719,1,1,-0.000032425,-0.600284398,-2.352676392,0.033302307,0.387832642,0.000000000,23.253248215,0
720,1,1,-0.000032425,-0.600285232,-2.319370270,0.033306122,0.388111115,0.000000000,23.269956589,0
721,1,1,-0.000034332,-0.600286186,-2.286060333,0.033309937,0.388393402,0.000000000,23.286664963,0
722,1,1,-0.000036240,-0.600287318,-2.252754211,0.033306122,0.388671875,0.000000000,23.303602219,0
723,1,1,-0.000038147,-0.600288033,-2.219448090,0.033306122,0.388950348,0.000000000,23.320310593,0
724,1,1,-0.000040054,-0.600288987,-2.186138153,0.033309937,0.389225006,0.000000000,23.337018967,0
725,1,1,-0.000040054,-0.600289822,-2.152839661,0.033298492,0.389503479,0.000000000,23.353498459,0
726,1,1,-0.000041962,-0.600290895,-2.119529724,0.033309937,0.389781952,0.000000000,23.370206833,0
727,1,1,-0.000041962,-0.600291729,-2.086231232,0.033298492,0.390056610,0.000000000,23.386915207,0
728,1,1,-0.000045776,-0.600292563,-2.052928925,0.033302307,0.390331268,0.000000000,23.403394699,0
729,1,1,-0.000047684,-0.600293398,-2.019622803,0.033306122,0.390605927,0.000000000,23.419874191,0
730,1,1,-0.000047684,-0.600294352,-1.986316681,0.033306122,0.390884399,0.000000000,23.436353683,0
731,1,1,-0.000049591,-0.600295186,-1.953010559,0.033306122,0.391155243,0.000000000,23.453062057,0
732,1,1,-0.000051498,-0.600296259,-1.919704437,0.033306122,0.391429901,0.000000000,23.469312668,0
733,1,1,-0.000053406,-0.600297034,-1.886398315,0.033306122,0.391704559,0.000000000,23.485792160,0
734,1,1,-0.000053406,-0.600297868,-1.853092194,0.033306122,0.391979218,0.000000000,23.502271652,0
735,1,1,-0.000055313,-0.600298822,-1.819789886,0.033302307,0.392250061,0.000000000,23.518751144,0
736,1,1,-0.000055313,-0.600299835,-1.786483765,0.033306122,0.392520905,0.000000000,23.535001755,0
737,1,1,-0.000057220,-0.600300670,-1.753181458,0.033302307,0.392795563,0.000000000,23.551252365,0
738,1,1,-0.000057220,-0.600301504,-1.719871521,0.033309937,0.393066406,0.000000000,23.567731857,0
739,1,1,-0.000055313,-0.600302339,-1.686569214,0.033302307,0.393337250,0.000000000,23.583982468,0
740,1,1,-0.000055313,-0.600303173,-1.653263092,0.033306122,0.393608093,0.000000000,23.600233078,0
741,1,1,-0.000055313,-0.600304127,-1.619960785,0.033302307,0.393875122,0.000000000,23.616483688,0
742,1,1,-0.000055313,-0.600305080,-1.586650848,0.033309937,0.394145966,0.000000000,23.632505417,0
743,1,1,-0.000053406,-0.600305915,-1.553344727,0.033306122,0.394416809,0.000000000,23.648756027,0
744,1,1,-0.000053406,-0.600306809,-1.520038605,0.033306122,0.394683838,0.000000000,23.665006638,0
745,1,1,-0.000055313,-0.600307584,-1.486728668,0.033309937,0.394950867,0.000000000,23.681028366,0
746,1,1,-0.000053406,-0.600308537,-1.453424454,0.033304214,0.395217896,0.000000000,23.697050095,0
747,1,1,-0.000053406,-0.600309253,-1.420116425,0.033308029,0.395484924,0.000000000,23.713071823,0
748,1,1,-0.000051498,-0.600310206,-1.386814117,0.033302307,0.395751953,0.000000000,23.729093552,0
749,1,1,-0.000053406,-0.600311100,-1.353507996,0.033306122,0.396018982,0.000000000,23.745115280,0
750,1,1,-0.000051498,-0.600311935,-1.320201874,0.033306122,0.396286011,0.000000000,23.761137009,0
751,1,1,-0.000051498,-0.600312948,-1.286893845,0.033308029,0.396551132,0.000000000,23.777158737,0
752,1,1,-0.000049591,-0.600313723,-1.253587723,0.033306122,0.396816254,0.000000000,23.793066025,0
753,1,1,-0.000051498,-0.600314558,-1.220283508,0.033304214,0.397081375,0.000000000,23.808973312,0
754,1,1,-0.000049591,-0.600315511,-1.186977386,0.033306122,0.397344589,0.000000000,23.824880600,0
755,1,1,-0.000049591,-0.600316167,-1.153671265,0.033306122,0.397607803,0.000000000,23.840673447,0
756,1,1,-0.000047684,-0.600317121,-1.120363235,0.033308029,0.397871017,0.000000000,23.856466293,0
757,1,1,-0.000049591,-0.600317895,-1.087057114,0.033306122,0.398134232,0.000000000,23.872259140,0
758,1,1,-0.000049591,-0.600318968,-1.053750992,0.033306122,0.398397446,0.000000000,23.888051987,0
759,1,1,-0.000047684,-0.600319743,-1.020444870,0.033306122,0.398658752,0.000000000,23.903844833,0
760,1,1,-0.000049591,-0.600320578,-0.987140656,0.033304214,0.398920059,0.000000000,23.919523239,0
761,1,1,-0.000047684,-0.600321412,-0.953834534,0.033306122,0.399181366,0.000000000,23.935201645,0
762,1,1,-0.000047684,-0.600322366,-0.920528412,0.033306122,0.399442673,0.000000000,23.950880051,0
763,1,1,-0.000045776,-0.600323200,-0.887222290,0.033306122,0.399702072,0.000000000,23.966558456,0
764,1,1,-0.000047684,-0.600324154,-0.853916168,0.033306122,0.399961472,0.000000000,23.982122421,0
765,1,1,-0.000045776,-0.600324750,-0.820610046,0.033306122,0.400220871,0.000000000,23.997686386,0
766,1,1,-0.000045776,-0.600325704,-0.787305832,0.033304214,0.400480270,0.000000000,24.013250351,0
767,1,1,-0.000045776,-0.600326478,-0.753999710,0.033306122,0.400737762,0.000000000,24.028814316,0
768,1,1,-0.000045776,-0.600327373,-0.720693588,0.033306122,0.400997162,0.000000000,24.044263840,0
769,1,1,-0.000043869,-0.600328207,-0.687389374,0.033304214,0.401254654,0.000000000,24.059827805,0
770,1,1,-0.000043869,-0.600329041,-0.654083252,0.033306122,0.401512146,0.000000000,24.075277328,0
771,1,1,-0.000043869,-0.600329936,-0.620779037,0.033304214,0.401767731,0.000000000,24.090726852,0
772,1,1,-0.000043869,-0.600330770,-0.587471008,0.033308029,0.402023315,0.000000000,24.106061935,0
773,1,1,-0.000041962,-0.600331604,-0.554166794,0.033304214,0.402280807,0.000000000,24.121397018,0
774,1,1,-0.000045776,-0.600332439,-0.520860672,0.033306122,0.402536392,0.000000000,24.136846542,0
775,1,1,-0.000045776,-0.600333214,-0.487556458,0.033304214,0.402790070,0.000000000,24.152181625,0
776,1,1,-0.000047684,-0.600334227,-0.454250336,0.033306122,0.403045654,0.000000000,24.167402267,0
777,1,1,-0.000047684,-0.600334942,-0.420944214,0.033306122,0.403299332,0.000000000,24.182737350,0
778,1,1,-0.000051498,-0.600335479,-0.387636185,0.033308029,0.403553009,0.000000000,24.197957993,0
779,1,1,-0.000051498,-0.600336432,-0.354331970,0.033304214,0.403806686,0.000000000,24.213178635,0
780,1,1,-0.000053406,-0.600337505,-0.321025848,0.033306122,0.404060364,0.000000000,24.228399277,0
781,1,1,-0.000055313,-0.600338221,-0.287721634,0.033304214,0.404312134,0.000000000,24.243619919,0
782,1,1,-0.000057220,-0.600338936,-0.254415512,0.033306122,0.404563904,0.000000000,24.258726120,0
783,1,1,-0.000057220,-0.600339890,-0.221107483,0.033308029,0.404815674,0.000000000,24.273832321,0
784,1,1,-0.000061035,-0.600340605,-0.187801361,0.033306122,0.405067444,0.000000000,24.288938522,0
785,1,1,-0.000061035,-0.600341499,-0.154497147,0.033304214,0.405317307,0.000000000,24.304044724,0
786,1,1,-0.000062943,-0.600342333,-0.121192932,0.033304214,0.405567169,0.000000000,24.319036484,0
787,1,1,-0.000064850,-0.600343108,-0.087888718,0.033304214,0.405818939,0.000000000,24.334028244,0
788,1,1,-0.000064850,-0.600343943,-0.054583549,0.033305168,0.406066895,0.000000000,24.349134445,0
789,1,1,-0.000066757,-0.600344777,-0.021278381,0.033305168,0.406316757,0.000000000,24.364011765,0
790,1,1,-0.000066757,-0.600345612,0.012028694,0.033307076,0.406565666,0.000000000,24.379003525,0
791,1,1,-0.000070572,-0.600346506,0.045333862,0.033305168,0.406813622,0.000000000,24.393938065,0
792,1,1,-0.000068665,-0.600347102,0.078639984,0.033306122,0.407061577,0.000000000,24.408815384,0
793,1,1,-0.000068665,-0.600347996,0.111945152,0.033305168,0.407309532,0.000000000,24.423692703,0
794,1,1,-0.000068665,-0.600348830,0.145250320,0.033305168,0.407556534,0.000000000,24.438570023,0
795,1,1,-0.000068665,-0.600349605,0.178556442,0.033306122,0.407802582,0.000000000,24.453390121,0
796,1,1,-0.000066757,-0.600350380,0.211860657,0.033304214,0.408048630,0.000000000,24.468153000,0
797,1,1,-0.000068665,-0.600351214,0.245167732,0.033307076,0.408294678,0.000000000,24.482915878,0
798,1,1,-0.000066757,-0.600351930,0.278474808,0.033307076,0.408540726,0.000000000,24.497678757,0
799,1,1,-0.000066757,-0.600352764,0.311779022,0.033304214,0.408785820,0.000000000,24.512441635,0
800,1,1,-0.000066757,-0.600353658,0.345084190,0.033305168,0.409029961,0.000000000,24.527147293,0
801,1,1,-0.000066757,-0.600354433,0.378390312,0.033306122,0.409274101,0.000000000,24.541795731,0
802,1,1,-0.000064850,-0.600355208,0.411694527,0.033304214,0.409518242,0.000000000,24.556444168,0
803,1,1,-0.000064850,-0.600356042,0.445001602,0.033307076,0.409761429,0.000000000,24.571092606,0
804,1,1,-0.000064850,-0.600356817,0.478308678,0.033307076,0.410004616,0.000000000,24.585683823,0
805,1,1,-0.000062943,-0.600357533,0.511613846,0.033305168,0.410246849,0.000000000,24.600275040,0
806,1,1,-0.000064850,-0.600358307,0.544919968,0.033306122,0.410489082,0.000000000,24.614809036,0
807,1,1,-0.000062943,-0.600359082,0.578224182,0.033304214,0.410731316,0.000000000,24.629343033,0
808,1,1,-0.000062943,-0.600359917,0.611528873,0.033304691,0.410971642,0.000000000,24.643877029,0
809,1,1,-0.000062943,-0.600360751,0.644835949,0.033307076,0.411213398,0.000000000,24.658325195,0
810,1,1,-0.000062943,-0.600361466,0.678141594,0.033305645,0.411453724,0.000000000,24.672801971,0
811,1,1,-0.000062943,-0.600362241,0.711447716,0.033306122,0.411694050,0.000000000,24.687221527,0
812,1,1,-0.000061035,-0.600363851,0.744753361,0.033305645,0.411933899,0.000000000,24.701641083,0
813,1,1,-0.000061035,-0.600364447,0.778059483,0.033306122,0.412173271,0.000000000,24.716032028,0
814,1,1,-0.000061035,-0.600365162,0.811365128,0.033305645,0.412412167,0.000000000,24.730394363,0
815,1,1,-0.000061035,-0.600365996,0.844670296,0.033305168,0.412650585,0.000000000,24.744728088,0
816,1,1,-0.000059128,-0.600366950,0.877976418,0.033306122,0.412889004,0.000000000,24.759033203,0
817,1,1,-0.000061035,-0.600367606,0.911281586,0.033305168,0.413126469,0.000000000,24.773338318,0
818,1,1,-0.000057220,-0.600368440,0.944587708,0.033306122,0.413364172,0.000000000,24.787586212,0
819,1,1,-0.000055313,-0.600369215,0.977893591,0.033305883,0.413600922,0.000000000,24.801834106,0
820,1,1,-0.000055313,-0.600369930,1.011198997,0.033305407,0.413837433,0.000000000,24.816053391,0
821,1,1,-0.000053406,-0.600370765,1.044504881,0.033305883,0.414073706,0.000000000,24.830244064,0
822,1,1,-0.000051498,-0.600371480,1.077810526,0.033305645,0.414309502,0.000000000,24.844421387,0
823,1,1,-0.000051498,-0.600372314,1.111116529,0.033306003,0.414544940,0.000000000,24.858568192,0
824,1,1,-0.000049591,-0.600373030,1.144422293,0.033305764,0.414779902,0.000000000,24.872695923,0
825,1,1,-0.000047684,-0.600373864,1.177728057,0.033305764,0.415014505,0.000000000,24.886793137,0
826,1,1,-0.000055313,-0.602882385,1.211060405,0.033426609,0.389538735,0.000000000,24.900873184,0
827,1,1,-0.000059128,-0.600230932,1.244421482,0.033466276,0.389777154,0.000000000,23.729139328,0
828,1,1,-0.000064850,-0.597912908,1.277857065,0.033515841,0.389757842,0.000000000,23.735437393,0
829,1,1,-0.000068665,-0.595485628,1.311356306,0.033587061,0.389753968,0.000000000,23.739274979,0
830,1,1,-0.000074387,-0.592917204,1.344912767,0.033654612,0.389765054,0.000000000,23.743764877,0
831,1,1,-0.000076294,-0.590181351,1.378519654,0.033718061,0.389789283,0.000000000,23.749208450,0
832,1,1,-0.000080109,-0.587259650,1.412169933,0.033776883,0.389825195,0.000000000,23.755556107,0
833,1,1,-0.000080109,-0.584134161,1.445857048,0.033831794,0.389869571,0.000000000,23.762872696,0
834,1,1,-0.000080109,-0.580796182,1.479574323,0.033882100,0.389921367,0.000000000,23.771036148,0
835,1,1,-0.000080109,-0.577244639,1.513314724,0.033926807,0.389976829,0.000000000,23.780036926,0
836,1,1,-0.000080109,-0.573477566,1.547072411,0.033967223,0.390035540,0.000000000,23.789737701,0
837,1,1,-0.000085831,-0.571575284,1.580864429,0.033845518,0.389743775,0.000000000,23.799394608,0
838,1,1,-0.000083923,-0.570698798,1.614676237,0.033823166,0.389140308,0.000000000,23.757417679,0
839,1,1,-0.000082016,-0.567036390,1.648464203,0.033985879,0.388771176,0.000000000,23.685295105,0
840,1,1,-0.000080109,-0.563273251,1.682246685,0.033991430,0.388435930,0.000000000,23.672859192,0
841,0,0,-0.000074387,-0.566630363,1.716083288,0.034002736,0.389199525,0.000000000,0.000000000,0
842,1,1,-0.000068665,-0.569930196,1.750314236,0.034389630,0.389939249,0.000000000,23.631223679,0
843,1,1,-0.000061035,-0.574754655,1.784558296,0.034582239,0.390633881,0.000000000,23.604900360,0
844,1,1,-0.000032425,-0.579490483,1.818804741,0.034572355,0.391083151,0.000000000,23.583211899,0
845,0,0,-0.000005722,-0.585188568,1.853053093,0.034719136,0.390777498,0.000000000,0.000000000,0
846,1,1,0.000022888,-0.590495169,1.887733459,0.035084024,0.391069263,0.000000000,23.434970856,0
847,1,1,0.000045776,-0.593987465,1.922412872,0.034854818,0.391280681,0.000000000,23.428022385,0
848,1,1,0.000066757,-0.597110033,1.957087517,0.034814965,0.391413599,0.000000000,23.422889709,0
849,1,1,0.000068665,-0.599690437,1.926658154,0.030538576,0.391472071,0.000000000,23.418922424,0
850,1,1,0.000066757,-0.601826429,1.896180153,0.030552758,0.391463190,0.000000000,23.415287018,0
851,1,1,0.000066757,-0.603530049,1.865650177,0.030577471,0.391396403,0.000000000,23.411466599,0
852,1,1,0.000066757,-0.604825854,1.835068703,0.030608915,0.391276926,0.000000000,23.407096863,0
853,1,1,0.000066757,-0.605740190,1.804437637,0.030644709,0.391117811,0.000000000,23.402080536,0
854,1,1,0.000068665,-0.606137395,1.773756981,0.030683229,0.391390353,0.000000000,23.396396637,0
855,1,1,0.000070572,-0.606452823,1.743009567,0.030749032,0.391614586,0.000000000,23.389305115,0
856,1,1,0.000070572,-0.606710196,1.712181091,0.030829551,0.391798496,0.000000000,23.382263184,0
857,1,1,0.000070572,-0.606862307,1.681264877,0.030916588,0.391449630,0.000000000,23.375373840,0
858,1,1,0.000068665,-0.607003927,1.650252342,0.031012859,0.391090095,0.000000000,23.341241837,0
859,1,1,0.000066757,-0.607166409,1.619134903,0.031117864,0.390725821,0.000000000,23.307760239,0
860,1,1,0.000061035,-0.607379436,1.587911606,0.031224024,0.390367061,0.000000000,23.274944305,0
861,1,1,0.000055313,-0.607670784,1.556573868,0.031339090,0.390018702,0.000000000,23.242923737,0
862,1,1,0.000047684,-0.608067513,1.525119781,0.031456590,0.389684826,0.000000000,23.211769104,0
863,1,1,0.000041962,-0.608592510,1.493543625,0.031580523,0.389370561,0.000000000,23.181488037,0
864,1,1,0.000034332,-0.609264970,1.461843491,0.031707264,0.389077693,0.000000000,23.152046204,0
865,1,1,0.000024796,-0.610103607,1.430010796,0.031843740,0.388807505,0.000000000,23.123378754,0
866,1,1,0.000011444,-0.611121178,1.398045540,0.031981453,0.388561755,0.000000000,23.095146179,0
867,1,1,0.000000000,-0.612329364,1.365942955,0.032125313,0.388339132,0.000000000,23.066123962,0
868,1,1,-0.000013351,-0.613341093,1.333701134,0.032257695,0.387948006,0.000000000,23.039768219,0
869,1,1,-0.000028610,-0.613260984,1.301333427,0.032367807,0.387576312,0.000000000,23.015201569,0
870,1,1,-0.000043869,-0.613144159,1.268833160,0.032500479,0.386742473,0.000000000,22.991796494,0
871,1,1,-0.000059128,-0.613004208,1.236207008,0.032626458,0.385927528,0.000000000,22.941856384,0
872,1,1,-0.000076294,-0.612852812,1.203453064,0.032754298,0.385134459,0.000000000,22.893190384,0
873,1,1,-0.000093460,-0.612683415,1.170579910,0.032873593,0.384363234,0.000000000,22.845687866,0
874,1,1,-0.000110626,-0.612489223,1.137594223,0.032986261,0.383611977,0.000000000,22.799467087,0
875,1,1,-0.000127792,-0.613263845,1.104488373,0.033114914,0.382880718,0.000000000,22.754526138,0
876,1,1,-0.000146866,-0.613055468,1.071283340,0.033205692,0.382171363,0.000000000,22.710762024,0
877,1,1,-0.000164032,-0.612813234,1.037969589,0.033314638,0.381482005,0.000000000,22.668170929,0
878,1,1,-0.000183105,-0.612553835,1.004560471,0.033410128,0.380814552,0.000000000,22.626869202,0
879,1,1,-0.000202179,-0.612122297,0.971055984,0.033507269,0.380165219,0.000000000,22.586860657,0
880,1,1,-0.000221252,-0.611614704,0.937463760,0.033596061,0.379541636,0.000000000,22.548032761,0
881,1,1,-0.000238419,-0.611300230,0.903787613,0.033677619,0.378934234,0.000000000,22.510499954,0
882,1,1,-0.000259399,-0.610973120,0.870025635,0.033763569,0.378348738,0.000000000,22.474149704,0
883,1,1,-0.000276566,-0.610630035,0.836189270,0.033838108,0.377785146,0.000000000,22.439100266,0
884,1,1,-0.000297546,-0.610270977,0.802278519,0.033912659,0.377241522,0.000000000,22.405233383,0
885,1,1,-0.000318527,-0.609895706,0.768295288,0.033985309,0.376719773,0.000000000,22.372669220,0
886,1,1,-0.000337601,-0.609503031,0.734247208,0.034050353,0.376217961,0.000000000,22.341402054,0
887,1,1,-0.000358582,-0.609094620,0.700132370,0.034117289,0.375736088,0.000000000,22.311321259,0
888,1,1,-0.000377655,-0.608671188,0.665960312,0.034174684,0.375275999,0.000000000,22.282424927,0
889,1,1,-0.000398636,-0.608232498,0.631732941,0.034230191,0.374835789,0.000000000,22.254831314,0
890,1,1,-0.000417709,-0.607777119,0.597454071,0.034281898,0.374417335,0.000000000,22.228534698,0
891,1,1,-0.000436783,-0.607307434,0.563125610,0.034331679,0.374020547,0.000000000,22.203424454,0
892,1,1,-0.000457764,-0.606822014,0.528755188,0.034373857,0.373641610,0.000000000,22.179607391,0
893,1,1,-0.000476837,-0.606321812,0.494338989,0.034419838,0.373284340,0.000000000,22.156972885,0
894,1,1,-0.000499725,-0.605806828,0.459886551,0.034456294,0.372946769,0.000000000,22.135635376,0
895,1,1,-0.000516891,-0.605277061,0.425405502,0.034485120,0.372630686,0.000000000,22.115472794,0
896,1,1,-0.000534058,-0.604732513,0.390893936,0.034515865,0.372334182,0.000000000,22.096601486,0
897,1,1,-0.000555038,-0.604173660,0.356353760,0.034544703,0.372059107,0.000000000,22.078901291,0
898,1,1,-0.000570297,-0.603600025,0.321788788,0.034569737,0.371803492,0.000000000,22.062490463,0
899,1,1,-0.000587463,-0.603012085,0.287204742,0.034589045,0.371567309,0.000000000,22.047245026,0
900,1,1,-0.000608444,-0.602410316,0.252603531,0.034606449,0.371354222,0.000000000,22.033281326,0
901,1,1,-0.000722885,-0.639468193,0.212181091,0.054838609,0.289153755,0.000000000,22.021148682,0
902,1,1,-0.000804901,-0.626417637,0.173967361,0.040380847,0.290833443,0.000000000,18.157819748,0
903,1,1,-0.000844955,-0.616755962,0.137783051,0.037452023,0.290779859,0.000000000,18.133342743,0
904,1,1,-0.000869751,-0.610829353,0.102766037,0.035515018,0.290234536,0.000000000,18.079328537,0
905,1,1,-0.000881195,-0.604845047,0.068616867,0.034669552,0.290106714,0.000000000,18.029319763,0
906,1,1,-0.000886917,-0.599514961,0.034681320,0.034351584,0.289501041,0.000000000,18.021728516,0
907,1,1,-0.000885010,-0.594360828,0.000808716,0.034262493,0.288711220,0.000000000,18.011049271,0
908,1,1,-0.000885010,-0.588954210,-0.032976151,0.034214742,0.287915081,0.000000000,17.993438721,0
909,1,1,-0.000888824,-0.583252072,-0.066646576,0.034149844,0.287128627,0.000000000,17.971460342,0
910,1,1,-0.000892639,-0.577211857,-0.100160599,0.034053985,0.286371559,0.000000000,17.946161270,0
911,1,1,-0.000900269,-0.570808411,-0.133487701,0.033936705,0.285653919,0.000000000,17.917337418,0
912,1,1,-0.000907898,-0.564013958,-0.166582108,0.033784676,0.284985542,0.000000000,17.885339737,0
913,1,1,-0.000915527,-0.556817889,-0.199407578,0.033604983,0.284377903,0.000000000,17.849731445,0
914,1,1,-0.000921249,-0.549208879,-0.231906891,0.033378173,0.283834636,0.000000000,17.810358047,0
915,1,1,-0.000930786,-0.541180372,-0.264034271,0.033115339,0.283359051,0.000000000,17.767387390,0
916,1,1,-0.000930786,-0.539807081,-0.295562744,0.031558368,0.283860981,0.000000000,17.713342667,0
917,1,1,-0.000919342,-0.541589260,-0.326641083,0.031129397,0.284694403,0.000000000,17.630487442,0
918,0,0,-0.000894547,-0.555173635,-0.357734680,0.033931512,0.273902237,0.000000000,0.000000000,0
919,0,0,-0.000862122,-0.571240664,-0.388526917,0.034732006,0.271425039,0.000000000,0.000000000,0
920,1,1,-0.000843048,-0.575016022,-0.418945313,0.030651795,0.271076202,0.000000000,16.059921265,0
921,1,1,-0.000823975,-0.577384710,-0.449478149,0.030624585,0.271579295,0.000000000,16.078802109,0
922,1,1,-0.000810623,-0.580190897,-0.480171204,0.030821072,0.272430062,0.000000000,16.092454910,0
923,0,0,-0.000770569,-0.598276854,-0.511051178,0.035786536,0.255118549,0.000000000,0.000000000,0
924,1,1,-0.000753403,-0.600666761,-0.541599274,0.030641444,0.255435377,0.000000000,15.172830582,0
925,1,1,-0.000734329,-0.600235939,-0.572261810,0.030665569,0.256109267,0.000000000,15.152166367,0
926,1,1,-0.000717163,-0.599794865,-0.603061676,0.030803028,0.256687075,0.000000000,15.156970024,0
927,1,1,-0.000699997,-0.599335670,-0.634017944,0.030959679,0.257181287,0.000000000,15.161835670,0
928,1,1,-0.000686646,-0.598855972,-0.665145874,0.031131629,0.257619113,0.000000000,15.167484283,0
929,1,1,-0.000675201,-0.598355055,-0.696449280,0.031307414,0.258012116,0.000000000,15.174177170,0
930,1,1,-0.000661850,-0.597836971,-0.727943420,0.031498402,0.258377969,0.000000000,15.182118416,0
931,1,1,-0.000652313,-0.597313881,-0.759620667,0.031681567,0.258482993,0.000000000,15.191407204,0
932,1,1,-0.000642776,-0.596874237,-0.791488647,0.031871013,0.258333176,0.000000000,15.188193321,0
933,1,1,-0.000633240,-0.596422434,-0.823539734,0.032054272,0.258207530,0.000000000,15.173000336,0
934,1,1,-0.000623703,-0.595972776,-0.855819702,0.032283101,0.258098036,0.000000000,15.159569740,0
935,1,1,-0.000614166,-0.595534205,-0.888431549,0.032614797,0.258021921,0.000000000,15.147840500,0
936,1,1,-0.000602722,-0.595120549,-0.921302795,0.032873850,0.257968515,0.000000000,15.137448311,0
937,1,1,-0.000593185,-0.594739676,-0.954341888,0.033041291,0.257956743,0.000000000,15.128126144,0
938,1,1,-0.000581741,-0.594402552,-0.987483978,0.033143807,0.257981896,0.000000000,15.119949341,0
939,1,1,-0.000572205,-0.594113588,-1.020717621,0.033234902,0.258038789,0.000000000,15.112569809,0
940,1,1,-0.000560760,-0.593882084,-1.054035187,0.033318371,0.258129597,0.000000000,15.105864525,0
941,1,1,-0.000547409,-0.593525171,-1.087436676,0.033403400,0.258215725,0.000000000,15.099345207,0
942,1,1,-0.000532150,-0.593056679,-1.120906830,0.033473436,0.258253545,0.000000000,15.098655701,0
943,1,1,-0.000522614,-0.592615604,-1.154453278,0.033549350,0.257822007,0.000000000,15.100013733,0
944,1,1,-0.000509262,-0.592133284,-1.188049316,0.033599503,0.257424504,0.000000000,15.075465202,0
945,1,1,-0.000499725,-0.591607571,-1.221698761,0.033653554,0.257057279,0.000000000,15.052737236,0
946,1,1,-0.000488281,-0.591042042,-1.255390167,0.033696152,0.256716400,0.000000000,15.032052040,0
947,1,1,-0.000478745,-0.590439320,-1.289127350,0.033742566,0.256409496,0.000000000,15.013027191,0
948,1,1,-0.000471115,-0.589797020,-1.322895050,0.033773810,0.256128907,0.000000000,14.996043205,0
949,1,1,-0.000457764,-0.589116096,-1.356678009,0.033789821,0.255885959,0.000000000,14.980839729,0
950,1,1,-0.000450134,-0.588400364,-1.390476227,0.033805795,0.255661547,0.000000000,14.967515945,0
951,1,1,-0.000432968,-0.587648392,-1.424274445,0.033806589,0.255478501,0.000000000,14.955965996,0
952,1,1,-0.000423431,-0.586862564,-1.458080292,0.033814978,0.255317599,0.000000000,14.946454048,0
953,1,1,-0.000413895,-0.586041451,-1.491867065,0.033796750,0.255190223,0.000000000,14.938771248,0
954,1,1,-0.000402451,-0.585186958,-1.525646210,0.033789951,0.255088687,0.000000000,14.932634354,0
955,1,1,-0.000391006,-0.584302902,-1.559398651,0.033764020,0.255020291,0.000000000,14.928542137,0
956,1,1,-0.000379562,-0.583387375,-1.593128204,0.033741977,0.254981279,0.000000000,14.926382065,0
957,1,1,-0.000366211,-0.582440376,-1.626808167,0.033693276,0.254967660,0.000000000,14.925781250,0
958,1,1,-0.000354767,-0.581462860,-1.660457611,0.033663642,0.254986912,0.000000000,14.926939964,0
959,1,1,-0.000349045,-0.580462456,-1.694049835,0.033607118,0.255035013,0.000000000,14.930076599,0
960,1,1,-0.000343323,-0.584148407,-1.728199005,0.034347519,0.254718184,0.000000000,14.934972763,0
961,1,1,-0.000333786,-0.588726044,-1.762592316,0.034696609,0.254182190,0.000000000,14.946227074,0
962,1,1,-0.000328064,-0.593105316,-1.796970367,0.034655858,0.253638148,0.000000000,14.957713127,0
963,1,1,-0.000328064,-0.597352982,-1.831886292,0.035173349,0.253101468,0.000000000,14.975464821,0
964,1,1,-0.000331879,-0.601566315,-1.867897034,0.036256388,0.252596557,0.000000000,14.999098778,0
965,1,1,-0.000358582,-0.605950356,-1.905059814,0.037420485,0.250589252,0.000000000,15.028304100,0
966,1,1,-0.000347137,-0.612845421,-1.943916321,0.039463528,0.247993067,0.000000000,14.998424530,0
967,1,1,-0.000339508,-0.613153458,-1.982769012,0.038853914,0.247823447,0.000000000,14.947669983,0
968,1,1,-0.000337601,-0.615738869,-2.022140503,0.039456286,0.247707933,0.000000000,14.985692024,0
969,1,1,-0.000331879,-0.616178513,-2.061462402,0.039324358,0.247643545,0.000000000,15.022772789,0
970,1,1,-0.000331879,-0.630545616,-2.103836060,0.044743050,0.235586375,0.000000000,15.058163643,0
971,1,1,-0.000333786,-0.628735542,-2.145374298,0.041577660,0.234781772,0.000000000,14.618806839,0
972,1,1,-0.000333786,-0.626661301,-2.185981750,0.040660392,0.233938813,0.000000000,14.576987267,0
973,1,1,-0.000333786,-0.623048782,-2.225391388,0.039574862,0.233122453,0.000000000,14.529724121,0
974,1,1,-0.000333786,-0.620940208,-2.263954163,0.038620379,0.232340738,0.000000000,14.480974197,0
975,1,1,-0.000324249,-0.619618416,-2.301853180,0.037922062,0.232196718,0.000000000,14.430849075,0
976,1,1,-0.000320435,-0.618322372,-2.339145660,0.037314996,0.231800616,0.000000000,14.415446281,0
977,1,1,-0.000314713,-0.619378567,-2.376190186,0.037059579,0.231415585,0.000000000,14.417840958,0
978,1,1,-0.000305176,-0.618178368,-2.412677765,0.036507312,0.231050700,0.000000000,14.415420532,0
979,1,1,-0.000299454,-0.616909027,-2.448612213,0.035956860,0.231729567,0.000000000,14.407320976,0
980,1,1,-0.000293732,-0.613184452,-2.483810425,0.035394724,0.232976303,0.000000000,14.422280312,0
981,1,1,-0.000278473,-0.611600876,-2.518569946,0.034795579,0.234246939,0.000000000,14.441329956,0
982,1,1,-0.000268936,-0.609924793,-2.552993774,0.034464609,0.235520706,0.000000000,14.467122078,0
983,1,1,-0.000253677,-0.610475540,-2.587299347,0.034309998,0.236796156,0.000000000,14.498785019,0
984,1,1,-0.000244141,-0.601882935,-2.554725647,0.033687964,0.235084951,0.000000000,14.529670715,0
985,1,1,-0.000253677,-0.603642225,-2.522083282,0.032689743,0.235563144,0.000000000,14.218120575,0
986,1,1,-0.000261307,-0.605330706,-2.489398956,0.032727912,0.236050054,0.000000000,14.255906105,0
987,1,1,-0.000280380,-0.606759071,-2.456668854,0.032761261,0.236536250,0.000000000,14.299024582,0
988,1,1,-0.000303268,-0.608707905,-2.423892975,0.032833774,0.237017110,0.000000000,14.341902733,0
989,1,1,-0.000328064,-0.608657598,-2.391067505,0.032825518,0.237499833,0.000000000,14.384581566,0
990,1,1,-0.000356674,-0.608562708,-2.358192444,0.032875210,0.237988323,0.000000000,14.426602364,0
991,1,1,-0.000392914,-0.610015869,-2.325328827,0.032895748,0.238483205,0.000000000,14.467767715,0
992,1,1,-0.000417709,-0.608359337,-2.292346954,0.033023454,0.238993511,0.000000000,14.507734299,0
993,1,1,-0.000442505,-0.608197808,-2.259304047,0.033043310,0.239513397,0.000000000,14.546268463,0
994,1,1,-0.000465393,-0.608046770,-2.226203918,0.033100478,0.240049094,0.000000000,14.583687782,0
995,1,1,-0.000490189,-0.606907010,-2.193054199,0.033169314,0.240607068,0.000000000,14.619726181,0
996,1,1,-0.000505447,-0.604488730,-2.159851074,0.033291079,0.241171345,0.000000000,14.654038429,0
997,1,1,-0.000516891,-0.602735996,-2.126586914,0.033310305,0.241700888,0.000000000,14.687818527,0
998,1,1,-0.000524521,-0.600641727,-2.093276978,0.033375710,0.242860809,0.000000000,14.717172623,0
999,1,1,-0.000520706,-0.598955154,-2.059917450,0.033402134,0.244019657,0.000000000,14.744379044,0
1000,1,1,-0.000518799,-0.597696364,-2.026523590,0.033417575,0.245141312,0.000000000,14.773806572,0
1001,1,1,-0.000518799,-0.596841216,-1.993106842,0.033427689,0.246214703,0.000000000,14.804757118,0
1002,1,1,-0.000518799,-0.596351624,-1.959667206,0.033443220,0.247231975,0.000000000,14.836574554,0
1003,1,1,-0.000514984,-0.596179187,-1.926227570,0.033440080,0.248177528,0.000000000,14.868740082,0
1004,1,1,-0.000514984,-0.596272707,-1.892787933,0.033439767,0.249058902,0.000000000,14.900671005,0
1005,1,1,-0.000513077,-0.596579194,-1.859340668,0.033448670,0.249868780,0.000000000,14.932614326,0
1006,1,1,-0.000511169,-0.597042441,-1.825901031,0.033442844,0.250600547,0.000000000,14.964026451,0
1007,1,1,-0.000505447,-0.597611785,-1.792472839,0.033433042,0.251282573,0.000000000,14.994903564,0
1008,1,1,-0.000499725,-0.598242402,-1.759059906,0.033418883,0.251898140,0.000000000,15.025751114,0
1009,1,1,-0.000495911,-0.598892570,-1.725658417,0.033407815,0.252465397,0.000000000,15.056178093,0
1010,1,1,-0.000495911,-0.599528551,-1.692264557,0.033399913,0.252987832,0.000000000,15.086483002,0
1011,1,1,-0.000490189,-0.600122571,-1.658885956,0.033383887,0.253469259,0.000000000,15.116720200,0
1012,1,1,-0.000482559,-0.600653350,-1.625522614,0.033367567,0.253925264,0.000000000,15.146930695,0
1013,1,1,-0.000474930,-0.601106644,-1.592170715,0.033354979,0.254356325,0.000000000,15.176912308,0
1014,1,1,-0.000467300,-0.601472259,-1.558826447,0.033346273,0.254766852,0.000000000,15.207145691,0
1015,1,1,-0.000463486,-0.601747990,-1.525493622,0.033333965,0.255172640,0.000000000,15.236946106,0
1016,1,1,-0.000455856,-0.601933420,-1.492183685,0.033310454,0.255570471,0.000000000,15.267004967,0
1017,1,1,-0.000448227,-0.602031291,-1.458869934,0.033313897,0.255968392,0.000000000,15.297093391,0
1018,1,1,-0.000440598,-0.602049589,-1.425563812,0.033306126,0.256366819,0.000000000,15.326972961,0
1019,1,1,-0.000434875,-0.601996183,-1.392261505,0.033302348,0.256773531,0.000000000,15.356873512,0
1020,1,1,-0.000427246,-0.601881385,-1.358959198,0.033302505,0.257184952,0.000000000,15.386789322,0
1021,1,1,-0.000423431,-0.601716459,-1.325672150,0.033287458,0.257601112,0.000000000,15.416718483,0
1022,1,1,-0.000417709,-0.601513386,-1.292388916,0.033283856,0.258037180,0.000000000,15.446431160,0
1023,1,1,-0.000410080,-0.601281881,-1.259098053,0.033291668,0.258470237,0.000000000,15.476381302,0
1024,1,1,-0.000402451,-0.601033926,-1.225811005,0.033287972,0.258915454,0.000000000,15.506114960,0
1025,1,1,-0.000400543,-0.600777984,-1.192523956,0.033288032,0.259376466,0.000000000,15.535629272,0
1026,1,1,-0.000392914,-0.600524306,-1.159236908,0.033288013,0.259837896,0.000000000,15.565381050,0
1027,1,1,-0.000383377,-0.600278020,-1.125949860,0.033287961,0.260311067,0.000000000,15.594910622,0
1028,1,1,-0.000381470,-0.600048542,-1.092662811,0.033287838,0.260788202,0.000000000,15.624673843,0
1029,1,1,-0.000377655,-0.599837780,-1.059368134,0.033295345,0.261273056,0.000000000,15.654211998,0
1030,1,1,-0.000370026,-0.599652290,-1.026077271,0.033291381,0.261757880,0.000000000,15.683523178,0
1031,1,1,-0.000366211,-0.599493623,-0.992790222,0.033287425,0.262250304,0.000000000,15.713061333,0
1032,1,1,-0.000362396,-0.599362373,-0.959491730,0.033298749,0.262746453,0.000000000,15.742369652,0
1033,1,1,-0.000360489,-0.599259734,-0.926193237,0.033298653,0.263238668,0.000000000,15.771673203,0
1034,1,1,-0.000356674,-0.599184871,-0.892890930,0.033302389,0.263738483,0.000000000,15.800974846,0
1035,1,1,-0.000352859,-0.599134684,-0.859588623,0.033302344,0.264234364,0.000000000,15.830270767,0
1036,1,1,-0.000349045,-0.599110842,-0.826286316,0.033302315,0.264730155,0.000000000,15.859335899,0
1037,1,1,-0.000343323,-0.599109232,-0.792980194,0.033306122,0.265225917,0.000000000,15.888396263,0
1038,1,1,-0.000339508,-0.599127293,-0.759674072,0.033306126,0.265721649,0.000000000,15.917454720,0
1039,1,1,-0.000335693,-0.599163949,-0.726360321,0.033313774,0.266217351,0.000000000,15.946511269,0
1040,1,1,-0.000329971,-0.599212646,-0.693054199,0.033306159,0.266705453,0.000000000,15.975566864,0
1041,1,1,-0.000329971,-0.599272251,-0.659740448,0.033313803,0.267201185,0.000000000,16.004394531,0
1042,1,1,-0.000324249,-0.599340022,-0.626426697,0.033313822,0.267689317,0.000000000,16.033222198,0
1043,1,1,-0.000322342,-0.599413097,-0.593132019,0.033294760,0.268173665,0.000000000,16.062280655,0
1044,1,1,-0.000320435,-0.599489033,-0.559814453,0.033317652,0.268661857,0.000000000,16.090883255,0
1045,1,1,-0.000316620,-0.599565387,-0.526512146,0.033302393,0.269150078,0.000000000,16.119714737,0
1046,1,1,-0.000314713,-0.599640608,-0.493202209,0.033310022,0.269623071,0.000000000,16.148548126,0
1047,1,1,-0.000310898,-0.599712372,-0.459884644,0.033317640,0.270103723,0.000000000,16.176925659,0
1048,1,1,-0.000305176,-0.599779844,-0.426574707,0.033310004,0.270584375,0.000000000,16.205762863,0
1049,1,1,-0.000301361,-0.599843085,-0.393280029,0.033294737,0.271057397,0.000000000,16.234144211,0
1050,1,1,-0.000301361,-0.599898636,-0.359962463,0.033317611,0.271530449,0.000000000,16.262525558,0
1051,1,1,-0.000297546,-0.599947333,-0.326667786,0.033294711,0.272003502,0.000000000,16.290906906,0
1052,1,1,-0.000293732,-0.599988878,-0.293350220,0.033317592,0.272476584,0.000000000,16.319292068,0
1053,1,1,-0.000291824,-0.600023329,-0.260070801,0.033279438,0.272941977,0.000000000,16.347673416,0
1054,1,1,-0.000284195,-0.600050628,-0.226745605,0.033325206,0.273422688,0.000000000,16.376056671,0
1055,1,1,-0.000282288,-0.600071192,-0.193450928,0.033294685,0.273895711,0.000000000,16.404439926,0
1056,1,1,-0.000278473,-0.600085378,-0.160140991,0.033309940,0.274353534,0.000000000,16.432825089,0
1057,1,1,-0.000274658,-0.600093782,-0.126831055,0.033309937,0.274818897,0.000000000,16.460748672,0
1058,1,1,-0.000268936,-0.600097239,-0.093513489,0.033317566,0.275291950,0.000000000,16.488672256,0
1059,1,1,-0.000265121,-0.600095928,-0.060218811,0.033294678,0.275757343,0.000000000,16.517055511,0
1060,1,1,-0.000263214,-0.600090861,-0.026916504,0.033302307,0.276215106,0.000000000,16.544979095,0
1061,1,1,-0.000259399,-0.600082636,0.006385803,0.033302307,0.276688129,0.000000000,16.572902679,0
1062,1,1,-0.000253677,-0.600071907,0.039695740,0.033309937,0.277145922,0.000000000,16.600828171,0
1063,1,1,-0.000251770,-0.600059450,0.072998047,0.033302307,0.277611315,0.000000000,16.628751755,0
1064,1,1,-0.000246048,-0.600045562,0.106307983,0.033309940,0.278076708,0.000000000,16.656675339,0
