tick,support,on_floor,local_x,local_y,local_z,slip_m,bus_write_m,package_write_m,platform_speed,dual_contact
1,1,1,0.000001907,-0.599576354,2.500000000,0.000000000,0.000000000,0.000000000,0.000000000,0
2,1,1,0.000000000,-0.599517286,2.500000000,0.000059099,0.001023691,0.001029918,0.000000000,0
3,1,1,0.000001907,-0.599673390,2.499984741,0.000156860,0.001964350,0.001938157,0.063649274,0
4,1,1,0.000000000,-0.599779487,2.499984741,0.000106113,0.002934451,0.002887243,0.117748022,0
5,1,1,-0.000001907,-0.599841595,2.500000000,0.000063983,0.003862551,0.003793859,0.172936618,0
6,1,1,0.000000000,-0.599866092,2.499984741,0.000028924,0.004792082,0.004701384,0.227138668,0
7,1,1,0.000000000,-0.599858880,2.499969482,0.000016877,0.005722301,0.005609771,0.281249374,0
8,1,1,0.000001907,-0.599826634,2.499938965,0.000044438,0.006652871,0.006549545,0.336245984,0
9,1,1,0.000000000,-0.599774718,2.499923706,0.000054145,0.007553102,0.007444705,0.390383035,0
10,1,1,0.000000000,-0.599708676,2.499893188,0.000072752,0.008453418,0.008356108,0.444599688,0
11,1,1,-0.000001907,-0.599632919,2.499908447,0.000077302,0.009338506,0.009237940,0.498921186,0
12,1,1,0.000001907,-0.599552453,2.499847412,0.000101068,0.010238852,0.010151104,0.552438796,0
13,1,1,0.000000000,-0.599470377,2.499832153,0.000083504,0.011139184,0.011064968,0.606976569,0
14,1,1,0.000000000,-0.599389553,2.499801636,0.000086393,0.012024237,0.011948879,0.661610782,0
15,1,1,0.000000000,-0.599312901,2.499786377,0.000078156,0.012909266,0.012863730,0.715411901,0
16,1,1,-0.000001907,-0.599241972,2.499771118,0.000072577,0.013794275,0.013748370,0.769278765,0
17,1,1,0.000000000,-0.599178016,2.499725342,0.000078673,0.014694529,0.014648475,0.824111879,0
18,1,1,0.000000000,-0.599122167,2.499725342,0.000055850,0.015564251,0.015548707,0.878066659,0
19,1,1,-0.000001907,-0.599074602,2.499679565,0.000066042,0.016464485,0.016449006,0.932047367,0
20,1,1,0.000001907,-0.599035501,2.499649048,0.000049747,0.017334197,0.017318817,0.986044824,0
21,1,1,0.000000000,-0.599004984,2.499618530,0.000043200,0.018234426,0.018234404,1.040052414,0
22,1,1,0.000000000,-0.598982275,2.499603271,0.000027360,0.019119399,0.019119460,1.094065428,0
23,1,1,0.000000000,-0.598966718,2.499557495,0.000048348,0.020004377,0.020019755,1.147164702,0
24,1,1,0.000000000,-0.598957777,2.499526978,0.000031800,0.020889357,0.020904772,1.201180339,0
25,1,1,0.000000000,-0.598954678,2.499481201,0.000045881,0.021789603,0.021789772,1.254279733,0
26,1,1,0.000000000,-0.598956823,2.499450684,0.000030593,0.022674596,0.022690019,1.308294058,0
27,1,1,0.000000000,-0.598962665,2.499435425,0.000016339,0.023544332,0.023559742,1.361392260,0
28,1,1,0.000001907,-0.598972082,2.499389648,0.000046774,0.024444591,0.024459975,1.414489985,0
29,1,1,0.000000000,-0.598984122,2.499374390,0.000019530,0.025314337,0.025329696,1.467587948,0
30,1,1,0.000000000,-0.598997772,2.499359131,0.000020473,0.026214601,0.026229935,1.520685911,0
31,1,1,0.000000000,-0.599012613,2.499313354,0.000048122,0.027084351,0.027099662,1.573784351,0
32,1,1,-0.000001907,-0.599027932,2.499282837,0.000034200,0.027984619,0.027999911,1.626883626,0
33,1,1,0.000001907,-0.599043369,2.499237061,0.000048460,0.028854372,0.028854389,1.679983377,0
34,1,1,0.000000000,-0.599058509,2.499237061,0.000015259,0.029739382,0.029754648,1.732168317,0
35,1,1,-0.000001907,-0.599073291,2.499206543,0.000033963,0.030624393,0.030639652,1.785269380,0
36,1,1,0.000000000,-0.599086642,2.499176025,0.000033365,0.031494144,0.031494141,1.837455273,0
37,1,1,0.000000000,-0.599099278,2.499145508,0.000033030,0.032379154,0.032379150,1.890557051,0
38,1,1,0.000001907,-0.599110425,2.499114990,0.000032545,0.033233646,0.033233643,1.942743421,0
39,1,1,0.000000000,-0.599120617,2.499084473,0.000032231,0.034118656,0.034133911,1.994929910,0
40,1,1,0.000000000,-0.599135220,2.499053955,0.000033832,0.034988407,0.034988407,2.047116518,0
41,1,1,0.000000000,-0.599142909,2.499038696,0.000017087,0.035858158,0.035858158,2.099302530,0
42,1,1,0.000001907,-0.599149346,2.499008179,0.000031247,0.036727909,0.036727909,2.151489019,0
43,1,1,0.000000000,-0.599154711,2.498992920,0.000016286,0.037582401,0.037582401,2.203674793,0
44,1,1,0.000000000,-0.599159062,2.498962402,0.000030826,0.038452152,0.038452156,2.254945040,0
45,1,1,0.000000000,-0.599162340,2.498947144,0.000015607,0.039321903,0.039306644,2.307130575,0
46,1,1,-0.000001907,-0.599165142,2.498901367,0.000045902,0.040176392,0.040176395,2.359316111,0
47,1,1,0.000000000,-0.599167109,2.498886108,0.000015503,0.041046143,0.041046146,2.410585880,0
48,1,1,-0.000001907,-0.599168777,2.498855591,0.000030623,0.041885376,0.041885380,2.461855173,0
49,1,1,0.000001907,-0.599169850,2.498840332,0.000015765,0.042739868,0.042739872,2.513124943,0
50,1,1,0.000001907,-0.599171042,2.498809814,0.000030541,0.043609619,0.043609619,2.564394236,0
51,1,1,0.000000000,-0.599171579,2.498779297,0.000030582,0.044448853,0.044448853,2.616579294,0
52,1,1,-0.000001907,-0.599172473,2.498748779,0.000030590,0.045303345,0.045303345,2.666933060,0
53,1,1,0.000000000,-0.599172950,2.498718262,0.000030581,0.046173096,0.046173096,2.718202353,0
54,1,1,0.000000000,-0.599173546,2.498703003,0.000015270,0.047012329,0.047012329,2.769471645,0
55,1,1,0.000000000,-0.599174619,2.498672485,0.000030536,0.047851563,0.047836304,2.820740938,0
56,1,1,0.000000000,-0.599175394,2.498657227,0.000015278,0.048706055,0.048706055,2.871094704,0
57,1,1,-0.000001907,-0.599176526,2.498626709,0.000030598,0.049545288,0.049545288,2.922363997,0
58,1,1,0.000000000,-0.599177957,2.498611450,0.000015444,0.050384521,0.050384521,2.972717762,0
59,1,1,0.000000000,-0.599179268,2.498596191,0.000015315,0.051223755,0.051223755,3.023071527,0
60,1,1,-0.000001907,-0.599179745,2.498565674,0.000030581,0.052078247,0.052078247,3.073425531,0
61,1,1,-0.000001907,-0.599182248,2.498550415,0.000015463,0.052917480,0.052917480,3.124694586,0
62,1,1,0.000000000,-0.599184811,2.498519897,0.000030684,0.053741455,0.053741455,3.175048590,0
63,1,1,0.000000000,-0.599187613,2.498504639,0.000015514,0.054580688,0.054580688,3.224487066,0
64,1,1,0.000001907,-0.599189997,2.498489380,0.000015561,0.055419922,0.055419922,3.274841070,0
65,1,1,-0.000001907,-0.599192619,2.498443604,0.000046010,0.056259155,0.056259155,3.325195074,0
66,1,1,-0.000001907,-0.599195004,2.498413086,0.000030611,0.057083130,0.057083130,3.375548840,0
67,1,1,0.000000000,-0.599197924,2.498397827,0.000015652,0.057922363,0.057922363,3.424987316,0
68,1,1,-0.000001907,-0.599202037,2.498367310,0.000030852,0.058746338,0.058746338,3.475341320,0
69,1,1,0.000001907,-0.599203467,2.498336792,0.000030788,0.059570313,0.059570313,3.524780035,0
70,1,1,0.000000000,-0.599207997,2.498306274,0.000030911,0.060394287,0.060394287,3.574218273,0
71,1,1,-0.000001907,-0.599209309,2.498291016,0.000015433,0.061218262,0.061218262,3.623656988,0
72,1,1,0.000000000,-0.599213958,2.498260498,0.000030929,0.062042236,0.062042236,3.673095226,0
73,1,1,0.000000000,-0.599216819,2.498229980,0.000030651,0.062866211,0.062866211,3.722533941,0
74,1,1,0.000001907,-0.599217832,2.498199463,0.000030594,0.063690186,0.063690186,3.771972418,0
75,1,1,0.000000000,-0.599222779,2.498168945,0.000030975,0.064514160,0.064514160,3.821410418,0
76,1,1,0.000001907,-0.599225640,2.498123169,0.000045905,0.065338135,0.065338135,3.870849371,0
77,1,1,0.000000000,-0.599228740,2.498092651,0.000030734,0.066146851,0.066146851,3.920287848,0
78,1,1,0.000000000,-0.599229217,2.498077393,0.000015266,0.066970825,0.066970825,3.968810797,0
79,1,1,0.000001907,-0.599234223,2.498031616,0.000046089,0.067779541,0.067779541,4.018249035,0
80,1,1,0.000000000,-0.599236846,2.498001099,0.000030689,0.068588257,0.068588257,4.066772461,0
81,1,1,0.000001907,-0.599239528,2.497970581,0.000030695,0.069396973,0.069396973,4.115295410,0
82,1,1,0.000000000,-0.599242449,2.497940063,0.000030716,0.070205688,0.070205688,4.163818359,0
83,1,1,0.000001907,-0.599245191,2.497909546,0.000030700,0.071014404,0.071014404,4.212341309,0
84,1,1,0.000001907,-0.599250674,2.497894287,0.000016214,0.071823120,0.071823120,4.260864258,0
85,1,1,0.000000000,-0.599253058,2.497863770,0.000030670,0.072631836,0.072631836,4.309387207,0
86,1,1,0.000001907,-0.599256039,2.497833252,0.000030722,0.073440552,0.073440552,4.357910156,0
87,1,1,0.000000000,-0.599258602,2.497817993,0.000015590,0.074249268,0.074249268,4.406433105,0
88,1,1,0.000001907,-0.599258542,2.497802734,0.000015378,0.075042725,0.075042725,4.454956055,0
89,1,1,0.000000000,-0.599263787,2.497787476,0.000016247,0.075851440,0.075851440,4.502563000,0
90,1,1,0.000001907,-0.599266171,2.497741699,0.000045878,0.076644897,0.076644897,4.551086426,0
91,1,1,0.000000000,-0.599268794,2.497711182,0.000030689,0.077438354,0.077438354,4.598693371,0
92,1,1,0.000001907,-0.599271297,2.497680664,0.000030679,0.078247070,0.078247070,4.646300793,0
93,1,1,0.000000000,-0.599273801,2.497650146,0.000030679,0.079040527,0.079040527,4.694823742,0
94,1,1,0.000001907,-0.599276543,2.497634888,0.000015620,0.079833984,0.079833984,4.742431164,0
95,1,1,0.000000000,-0.599278867,2.497604370,0.000030665,0.080627441,0.080627441,4.790038586,0
96,1,1,0.000001907,-0.599281490,2.497573853,0.000030689,0.081420898,0.081420898,4.837646008,0
97,1,1,0.000000000,-0.599284053,2.497543335,0.000030684,0.082199097,0.082199097,4.885253429,0
98,1,1,0.000001907,-0.599286556,2.497512817,0.000030679,0.082992554,0.082992554,4.931945324,0
99,1,1,0.000000000,-0.599289179,2.497482300,0.000030689,0.083786011,0.083786011,4.979552746,0
100,1,1,0.000001907,-0.599291801,2.497467041,0.000015600,0.084564209,0.084564209,5.027160168,0
101,1,1,0.000000000,-0.599294126,2.497436523,0.000030665,0.085357666,0.085357666,5.073852062,0
102,1,1,0.000001907,-0.599296570,2.497406006,0.000030675,0.086135864,0.086135864,5.121459484,0
103,1,1,0.000000000,-0.599299133,2.497390747,0.000015590,0.086914063,0.086914063,5.168151379,0
104,1,1,0.000001907,-0.599301815,2.497375488,0.000015610,0.087707520,0.087707520,5.214843273,0
105,1,1,0.000001907,-0.599304318,2.497344971,0.000030620,0.088485718,0.088485718,5.262450695,0
106,1,1,0.000000000,-0.599306822,2.497329712,0.000015580,0.089263916,0.089263916,5.309142590,0
107,1,1,0.000001907,-0.599309325,2.497299194,0.000030679,0.090042114,0.090042114,5.355834484,0
108,1,1,0.000000000,-0.599311888,2.497283936,0.000015590,0.090805054,0.090805054,5.402526379,0
109,1,1,0.000001907,-0.599314392,2.497253418,0.000030679,0.091583252,0.091583252,5.448302746,0
110,1,1,0.000000000,-0.599316895,2.497253418,0.000003147,0.092361450,0.092361450,5.494994640,0
111,1,1,0.000001907,-0.599319458,2.497222900,0.000030684,0.093124390,0.093124390,5.541686535,0
112,1,1,0.000001907,-0.599322081,2.497207642,0.000015483,0.093902588,0.093902588,5.587462902,0
113,1,1,0.000000000,-0.599324465,2.497161865,0.000045878,0.094665527,0.094665527,5.634154797,0
114,1,1,0.000000000,-0.599325299,2.497146606,0.000015282,0.095443726,0.095443726,5.679931164,0
115,1,1,0.000001907,-0.599329472,2.497116089,0.000030860,0.096206665,0.096206665,5.726622581,0
116,1,1,0.000000000,-0.599332094,2.497100830,0.000015600,0.096969604,0.096969604,5.772399426,0
117,1,1,0.000001907,-0.599334478,2.497070313,0.000030670,0.097732544,0.097732544,5.818175793,0
118,1,1,0.000001907,-0.599337041,2.497055054,0.000015473,0.098495483,0.098495483,5.863952160,0
119,1,1,0.000000000,-0.599339366,2.497024536,0.000030665,0.099258423,0.099258423,5.909728527,0
120,1,1,0.000001907,-0.599342108,2.496994019,0.000030700,0.100021362,0.100021362,5.955504894,0
121,1,1,0.000000000,-0.599344373,2.496963501,0.000030661,0.100784302,0.100784302,6.001281261,0
122,1,1,0.000000000,-0.599346995,2.496932983,0.000030630,0.101531982,0.101531982,6.047057629,0
123,1,1,0.000001907,-0.599349439,2.496902466,0.000030675,0.102294922,0.102294922,6.091918468,0
124,1,1,0.000000000,-0.599352002,2.496887207,0.000015590,0.103057861,0.103057861,6.137694836,0
125,1,1,0.000001907,-0.599354386,2.496871948,0.000015561,0.103805542,0.103805542,6.183471203,0
126,1,1,0.000001907,-0.599356771,2.496841431,0.000030611,0.104553223,0.104553223,6.228332043,0
127,1,1,0.000000000,-0.599359393,2.496810913,0.000030689,0.105316162,0.105316162,6.273192883,0
128,1,1,0.000001907,-0.599361777,2.496765137,0.000045878,0.106063843,0.106063843,6.318969250,0
129,1,1,0.000001907,-0.599364281,2.496749878,0.000015463,0.106811523,0.106811523,6.363830090,0
130,1,1,0.000000000,-0.599366665,2.496734619,0.000015561,0.107559204,0.107559204,6.408690929,0
131,1,1,0.000001907,-0.599369109,2.496704102,0.000030675,0.108306885,0.108306885,6.453551769,0
132,1,1,0.000001907,-0.599371672,2.496673584,0.000030625,0.109054565,0.109054565,6.498412609,0
133,1,1,0.000000000,-0.599373579,2.496643066,0.000030637,0.109786987,0.109786987,6.543273449,0
134,1,1,-0.000001907,-0.599376321,2.496612549,0.000030700,0.110534668,0.110534668,6.587218761,0
135,1,1,-0.000001907,-0.599378705,2.496582031,0.000030611,0.111282349,0.111282349,6.632079601,0
136,1,1,0.000000000,-0.599381149,2.496551514,0.000030675,0.112014771,0.112014771,6.676940441,0
137,1,1,0.000000000,-0.599383593,2.496520996,0.000030615,0.112762451,0.112762451,6.720885754,0
138,1,1,-0.000001907,-0.599386096,2.496490479,0.000030679,0.113494873,0.113494873,6.765746593,0
139,1,1,0.000000000,-0.599388421,2.496459961,0.000030665,0.114227295,0.114227295,6.809691906,0
140,1,1,0.000000000,-0.599390864,2.496414185,0.000045842,0.114974976,0.114974976,6.853637218,0
141,1,1,-0.000001907,-0.599393129,2.496383667,0.000030661,0.115707397,0.115707397,6.898498058,0
142,1,1,-0.000001907,-0.599395633,2.496353149,0.000030620,0.116439819,0.116439819,6.942443371,0
143,1,1,0.000000000,-0.599398017,2.496322632,0.000030670,0.117172241,0.117172241,6.986388683,0
144,1,1,0.000000000,-0.599400401,2.496307373,0.000015444,0.117904663,0.117904663,7.030333996,0
145,1,1,-0.000001907,-0.599402845,2.496276855,0.000030675,0.118621826,0.118621826,7.074279308,0
146,1,1,-0.000001907,-0.599405169,2.496246338,0.000030606,0.119354248,0.119354248,7.117309093,0
147,1,1,0.000000000,-0.599407673,2.496231079,0.000015580,0.120086670,0.120086670,7.161254406,0
148,1,1,0.000000000,-0.599409878,2.496200562,0.000030597,0.120803833,0.120803833,7.205199718,0
149,1,1,-0.000001907,-0.599412322,2.496170044,0.000030675,0.121536255,0.121536255,7.248229504,0
150,1,1,-0.000001907,-0.599414706,2.496139526,0.000030611,0.122253418,0.122253418,7.292174816,0
151,1,1,0.000000000,-0.599418044,2.496109009,0.000030759,0.122985840,0.122985840,7.335204601,0
152,1,1,0.000001907,-0.599419415,2.496093750,0.000015439,0.123703003,0.123703003,7.379149914,0
153,1,1,0.000001907,-0.599421680,2.496063232,0.000030602,0.124420166,0.124420166,7.422179699,0
154,1,1,0.000001907,-0.599424064,2.496032715,0.000030611,0.125137329,0.125137329,7.465209484,0
155,1,1,0.000000000,-0.599426448,2.496017456,0.000015561,0.125854492,0.125854492,7.508239269,0
156,1,1,0.000000000,-0.599428773,2.495971680,0.000045835,0.126571655,0.126571655,7.551269054,0
157,1,1,0.000001907,-0.599431217,2.495941162,0.000030675,0.127288818,0.127288818,7.594298840,0
158,1,1,0.000001907,-0.599433303,2.495910645,0.000030589,0.128005981,0.128005981,7.637328625,0
159,1,1,0.000000000,-0.599435687,2.495880127,0.000030670,0.128707886,0.128707886,7.680358410,0
160,1,1,0.000000000,-0.599437892,2.495864868,0.000015417,0.129425049,0.129425049,7.722472668,0
161,1,1,0.000000000,-0.599440277,2.495834351,0.000030611,0.130126953,0.130126953,7.765502453,0
162,1,1,0.000001907,-0.599442542,2.495788574,0.000045872,0.130844116,0.130844116,7.807616711,0
163,1,1,0.000001907,-0.599444866,2.495758057,0.000030606,0.131546021,0.131546021,7.850646496,0
164,1,1,0.000001907,-0.599447131,2.495727539,0.000030602,0.132263184,0.132263184,7.892760754,0
165,1,1,0.000000000,-0.599449515,2.495681763,0.000045878,0.132965088,0.132965088,7.935790539,0
166,1,1,0.000000000,-0.599451780,2.495651245,0.000030602,0.133666992,0.133666992,7.977904797,0
167,1,1,0.000000000,-0.599454165,2.495620728,0.000030611,0.134368896,0.134368896,8.020019531,0
168,1,1,0.000001907,-0.599456310,2.495590210,0.000030652,0.135070801,0.135070801,8.062133789,0
169,1,1,0.000001907,-0.599458575,2.495559692,0.000030602,0.135772705,0.135772705,8.104248047,0
170,1,1,0.000001907,-0.599460900,2.495529175,0.000030606,0.136474609,0.136474609,8.146362305,0
171,1,1,0.000000000,-0.599463224,2.495498657,0.000030665,0.137176514,0.137176514,8.188476563,0
172,1,1,0.000000000,-0.599465609,2.495483398,0.000015444,0.137863159,0.137863159,8.230590820,0
173,1,1,0.000000000,-0.599467814,2.495452881,0.000030597,0.138565063,0.138565063,8.271789551,0
174,1,1,0.000000000,-0.599469960,2.495422363,0.000030593,0.139266968,0.139266968,8.313903809,0
175,1,1,0.000001907,-0.599472344,2.495391846,0.000030670,0.139953613,0.139953613,8.356018066,0
176,1,1,0.000001907,-0.599474669,2.495376587,0.000015435,0.140640259,0.140640259,8.397216797,0
177,1,1,0.000001907,-0.599476814,2.495346069,0.000030593,0.141342163,0.141342163,8.438415527,0
178,1,1,0.000001907,-0.599479198,2.495330811,0.000015444,0.142028809,0.142028809,8.480529785,0
179,1,1,0.000000000,-0.599481463,2.495300293,0.000030661,0.142715454,0.142715454,8.521728516,0
180,1,1,0.000000000,-0.599483609,2.495285034,0.000015409,0.143402100,0.143402100,8.562927246,0
181,1,1,0.000000000,-0.599485874,2.495254517,0.000030602,0.144088745,0.144088745,8.604125977,0
182,1,1,0.000000000,-0.599488139,2.495223999,0.000030602,0.144775391,0.144775391,8.645324707,0
183,1,1,0.000001907,-0.599490345,2.495193481,0.000030657,0.145462036,0.145462036,8.686523438,0
184,1,1,0.000001907,-0.599492669,2.495162964,0.000030606,0.146148682,0.146148682,8.727722168,0
185,1,1,0.000001907,-0.599494815,2.495132446,0.000030593,0.146835327,0.146835327,8.768920898,0
186,1,1,0.000001907,-0.599497139,2.495101929,0.000030606,0.147506714,0.147506714,8.810119629,0
187,1,1,0.000001907,-0.599499345,2.495086670,0.000015417,0.148193359,0.148193359,8.850402832,0
188,1,1,0.000001907,-0.599501252,2.495056152,0.000030577,0.148864746,0.148864746,8.891601563,0
189,1,1,0.000001907,-0.599503815,2.495025635,0.000030625,0.149551392,0.149551392,8.931884766,0
190,1,1,0.000000000,-0.599505782,2.494995117,0.000030640,0.150222778,0.150222778,8.973083496,0
191,1,1,0.000000000,-0.599508286,2.494964600,0.000030620,0.150894165,0.150894165,9.013366699,0
192,1,1,0.000000000,-0.599510193,2.494949341,0.000015378,0.151580811,0.151580811,9.053649902,0
193,1,1,0.000000000,-0.599512577,2.494918823,0.000030611,0.152252197,0.152252197,9.094848633,0
194,1,1,0.000000000,-0.599514842,2.494903564,0.000015426,0.152923584,0.152923584,9.135131836,0
195,1,1,-0.000001907,-0.599519253,2.494873047,0.000030894,0.153594971,0.153594971,9.175414085,0
196,1,1,-0.000001907,-0.599519134,2.494827271,0.000045777,0.154266357,0.154266357,9.215697289,0
197,1,1,-0.000001907,-0.599521518,2.494796753,0.000030611,0.154922485,0.154922485,9.255980492,0
198,1,1,-0.000001907,-0.599523604,2.494766235,0.000030589,0.155593872,0.155593872,9.295348167,0
199,1,1,-0.000001907,-0.599525809,2.494766235,0.000002205,0.156265259,0.156265259,9.335631371,0
200,1,1,-0.000001907,-0.599528074,2.494735718,0.000030602,0.156921387,0.156921387,9.375914574,0
201,1,1,-0.000001907,-0.599530160,2.494689941,0.000045824,0.157592773,0.157592773,9.415282249,0
202,1,1,-0.000001907,-0.599532366,2.494674683,0.000015417,0.158248901,0.158248901,9.455565453,0
203,1,1,-0.000001907,-0.599534512,2.494644165,0.000030593,0.158920288,0.158920288,9.494933128,0
204,1,1,-0.000001907,-0.599536657,2.494613647,0.000030593,0.159576416,0.159576416,9.535216331,0
205,1,1,-0.000001907,-0.599538803,2.494583130,0.000030593,0.160232544,0.160232544,9.574584007,0
206,1,1,-0.000001907,-0.599541068,2.494567871,0.000015426,0.160903931,0.160903931,9.613951683,0
207,1,1,-0.000001907,-0.599543095,2.494552612,0.000015393,0.161560059,0.161560059,9.654234886,0
208,1,1,-0.000001907,-0.599545181,2.494522095,0.000030589,0.162216187,0.162216187,9.693602562,0
209,1,1,-0.000001907,-0.599547446,2.494491577,0.000030602,0.162872314,0.162872314,9.732970238,0
210,1,1,-0.000001907,-0.599549651,2.494461060,0.000030597,0.163528442,0.163528442,9.772337914,0
211,1,1,-0.000001907,-0.599551797,2.494445801,0.000015409,0.164169312,0.164169312,9.811705589,0
212,1,1,-0.000001907,-0.599553823,2.494430542,0.000015393,0.164825439,0.164825439,9.850157738,0
213,1,1,-0.000001907,-0.599555850,2.494400024,0.000030585,0.165481567,0.165481567,9.889525414,0
214,1,1,-0.000001907,-0.599557877,2.494369507,0.000030585,0.166122437,0.166122437,9.928893089,0
215,1,1,-0.000001907,-0.599560082,2.494338989,0.000030597,0.166778564,0.166778564,9.967345238,0
216,1,1,-0.000001907,-0.599562287,2.494323730,0.000015417,0.167419434,0.167419434,10.006712914,0
217,1,1,-0.000001907,-0.599564433,2.494308472,0.000015409,0.168075562,0.168075562,10.045165062,0
218,1,1,-0.000001907,-0.599566460,2.494277954,0.000030585,0.168716431,0.168716431,10.084532738,0
219,1,1,-0.000001907,-0.599568725,2.494262695,0.000015426,0.169357300,0.169357300,10.122984886,0
220,1,1,-0.000001907,-0.599570751,2.494232178,0.000030585,0.170013428,0.170013428,10.161437035,0
221,1,1,0.000000000,-0.599572778,2.494201660,0.000030644,0.170654297,0.170654297,10.200804710,0
222,1,1,0.000000000,-0.599574983,2.494171143,0.000030597,0.171295166,0.171295166,10.239256859,0
223,1,1,0.000000000,-0.599577069,2.494140625,0.000030589,0.171936035,0.171936035,10.277709007,0
224,1,1,0.000000000,-0.599579155,2.494110107,0.000030589,0.172576904,0.172576904,10.316161156,0
225,1,1,0.000000000,-0.599581122,2.494079590,0.000030581,0.173202515,0.173202515,10.354613304,0
226,1,1,0.000000000,-0.599583387,2.494064331,0.000015426,0.173843384,0.173843384,10.392149925,0
227,1,1,0.000000000,-0.599585414,2.494049072,0.000015393,0.174484253,0.174484253,10.430602074,0
228,1,1,-0.000001907,-0.599587321,2.494033813,0.000015495,0.175125122,0.175125122,10.469054222,0
229,1,1,-0.000001907,-0.599589467,2.494003296,0.000030593,0.175750732,0.175750732,10.507506371,0
230,1,1,-0.000001907,-0.599591732,2.493972778,0.000030602,0.176391602,0.176391602,10.545042992,0
231,1,1,-0.000001907,-0.599593580,2.493942261,0.000030573,0.177017212,0.177017212,10.583495140,0
232,1,1,-0.000001907,-0.599595666,2.493927002,0.000015401,0.177642822,0.177642822,10.621031761,0
233,1,1,0.000000000,-0.599597812,2.493911743,0.000015527,0.178283691,0.178283691,10.658568382,0
234,1,1,0.000000000,-0.599599838,2.493881226,0.000030585,0.178909302,0.178909302,10.697020531,0
235,1,1,0.000000000,-0.599601746,2.493850708,0.000030577,0.179534912,0.179534912,10.734557152,0
236,1,1,0.000000000,-0.599603891,2.493820190,0.000030593,0.180160522,0.180160522,10.772093773,0
237,1,1,-0.000001907,-0.599605978,2.493789673,0.000030648,0.180786133,0.180786133,10.809630394,0
238,1,1,-0.000001907,-0.599607944,2.493774414,0.000015385,0.181411743,0.181411743,10.847167015,0
239,1,1,-0.000001907,-0.599610150,2.493743896,0.000030597,0.182037354,0.182037354,10.884703636,0
240,1,1,-0.000001907,-0.599611998,2.493713379,0.000030573,0.182662964,0.182662964,10.922240257,0
241,1,1,0.000000000,-0.599614024,2.493682861,0.000030644,0.183273315,0.183273315,10.959776878,0
242,1,1,0.000000000,-0.599616051,2.493652344,0.000030585,0.183898926,0.183898926,10.996397972,0
243,1,1,0.000000000,-0.599618077,2.493621826,0.000030585,0.184524536,0.184524536,11.033934593,0
244,1,1,0.000000000,-0.599620104,2.493591309,0.000030585,0.185134888,0.185134888,11.071471214,0
245,1,1,-0.000001907,-0.599622130,2.493545532,0.000045861,0.185760498,0.185760498,11.108092308,0
246,1,1,-0.000001907,-0.599624157,2.493530273,0.000015393,0.186370850,0.186370850,11.145628929,0
247,1,1,-0.000001907,-0.599626064,2.493499756,0.000030577,0.186981201,0.186981201,11.182250023,0
248,1,1,0.000000000,-0.599628210,2.493484497,0.000015527,0.187606812,0.187606812,11.218871117,0
249,1,1,0.000000000,-0.599630117,2.493453979,0.000030577,0.188217163,0.188217163,11.256407738,0
250,1,1,0.000000000,-0.599632263,2.493423462,0.000030593,0.188827515,0.188827515,11.293028831,0
251,1,1,-0.000001907,-0.599634171,2.493392944,0.000030637,0.189437866,0.189437866,11.329649925,0
252,1,1,-0.000001907,-0.599636257,2.493362427,0.000030589,0.190048218,0.190048218,11.366271019,0
253,1,1,0.000000000,-0.599638224,2.493347168,0.000015503,0.190658569,0.190658569,11.402892113,0
254,1,1,0.000000000,-0.599640250,2.493316650,0.000030585,0.191268921,0.191268921,11.439513206,0
255,1,1,0.000000000,-0.599642277,2.493301392,0.000015393,0.191879272,0.191879272,11.476134300,0
256,1,1,-0.000001907,-0.599644065,2.493270874,0.000030629,0.192474365,0.192474365,11.512755394,0
257,1,1,-0.000001907,-0.599646211,2.493240356,0.000030593,0.193084717,0.193084717,11.548460960,0
258,1,1,0.000000000,-0.599648118,2.493209839,0.000030637,0.193695068,0.193695068,11.585082054,0
259,1,1,0.000000000,-0.599650145,2.493179321,0.000030585,0.194290161,0.194290161,11.621703148,0
260,1,1,0.000000000,-0.599651992,2.493148804,0.000030573,0.194900513,0.194900513,11.657408714,0
261,1,1,-0.000001907,-0.599653959,2.493118286,0.000030640,0.195495605,0.195495605,11.694029808,0
262,1,1,-0.000001907,-0.599655986,2.493087769,0.000030585,0.196090698,0.196090698,11.729735374,0
263,1,1,0.000000000,-0.599658012,2.493072510,0.000015510,0.196685791,0.196685791,11.765440941,0
264,1,1,0.000000000,-0.599659920,2.493026733,0.000045816,0.197296143,0.197296143,11.801146507,0
265,1,1,-0.000001907,-0.599661827,2.492996216,0.000030637,0.197891235,0.197891235,11.837767601,0
266,1,1,0.000001907,-0.599662900,2.492965698,0.000030774,0.198486328,0.198486328,11.873473167,0
267,1,1,0.000000000,-0.599665642,2.492935181,0.000030700,0.199081421,0.199081421,11.909178734,0
268,1,1,0.000000000,-0.599667609,2.492904663,0.000030581,0.199676514,0.199676514,11.944884300,0
269,1,1,0.000001907,-0.599669516,2.492874146,0.000030637,0.200271606,0.200271606,11.980589867,0
270,1,1,0.000001907,-0.599671364,2.492858887,0.000015370,0.200851440,0.200851440,12.016295433,0
271,1,1,0.000000000,-0.599673390,2.492828369,0.000030644,0.201446533,0.201446533,12.051085472,0
272,1,1,0.000000000,-0.599675179,2.492797852,0.000030570,0.202041626,0.202041626,12.086791039,0
273,1,1,0.000001907,-0.599677265,2.492767334,0.000030648,0.202636719,0.202636719,12.122496605,0
274,1,1,0.000001907,-0.599679232,2.492736816,0.000030581,0.203216553,0.203216553,12.158202171,0
275,1,1,0.000000000,-0.599681139,2.492706299,0.000030637,0.203811646,0.203811646,12.192992210,0
276,1,1,0.000000000,-0.599683166,2.492706299,0.000002027,0.204391479,0.204391479,12.228697777,0
277,1,1,0.000001907,-0.599684954,2.492660522,0.000045851,0.204971313,0.204971313,12.263487816,0
278,1,1,0.000000000,-0.599686861,2.492630005,0.000030637,0.205566406,0.205566406,12.298277855,0
279,1,1,0.000000000,-0.599688709,2.492599487,0.000030573,0.206146240,0.206146240,12.333983421,0
280,1,1,0.000001907,-0.599691987,2.492568970,0.000030752,0.206726074,0.206726074,12.368773460,0
281,1,1,0.000001907,-0.599694014,2.492538452,0.000030585,0.207305908,0.207305908,12.403563499,0
282,1,1,0.000000000,-0.599695802,2.492523193,0.000015481,0.207885742,0.207885742,12.438353539,0
283,1,1,0.000000000,-0.599697590,2.492492676,0.000030570,0.208465576,0.208465576,12.473143578,0
284,1,1,0.000001907,-0.599699497,2.492462158,0.000030637,0.209045410,0.209045410,12.507933617,0
285,1,1,0.000000000,-0.599701643,2.492431641,0.000030652,0.209625244,0.209625244,12.542723656,0
286,1,1,0.000000000,-0.599703431,2.492385864,0.000045811,0.210205078,0.210205078,12.577513695,0
287,1,1,0.000001907,-0.599705219,2.492355347,0.000030629,0.210769653,0.210769653,12.612303734,0
288,1,1,0.000001907,-0.599707127,2.492324829,0.000030577,0.211349487,0.211349487,12.646178246,0
289,1,1,0.000000000,-0.599709034,2.492309570,0.000015495,0.211929321,0.211929321,12.680968285,0
290,1,1,0.000001907,-0.599710882,2.492279053,0.000030633,0.212493896,0.212493896,12.715758324,0
291,1,1,0.000001907,-0.599712849,2.492248535,0.000030581,0.213073730,0.213073730,12.749632835,0
292,1,1,0.000000000,-0.599714518,2.492218018,0.000030623,0.213638306,0.213638306,12.784422874,0
293,1,1,0.000001907,-0.599716425,2.492187500,0.000030637,0.214202881,0.214202881,12.818297386,0
294,1,1,0.000001907,-0.599718332,2.492156982,0.000030577,0.214782715,0.214782715,12.852171898,0
295,1,1,0.000000000,-0.599720120,2.492141724,0.000015481,0.215347290,0.215347290,12.886961937,0
296,1,1,0.000001907,-0.599722028,2.492111206,0.000030637,0.215911865,0.215911865,12.920836449,0
297,1,1,0.000001907,-0.599723935,2.492080688,0.000030577,0.216476440,0.216476440,12.954710960,0
298,1,1,0.000000000,-0.599725723,2.492050171,0.000030629,0.217041016,0.217041016,12.988585472,0
299,1,1,0.000001907,-0.599727571,2.492034912,0.000015488,0.217605591,0.217605591,13.022459984,0
300,1,1,0.000000000,-0.599729300,2.492004395,0.000030626,0.218170166,0.218170166,13.056334496,0
301,1,1,0.000000000,-0.599731088,2.491973877,0.000030570,0.218734741,0.218734741,13.090209007,0
302,1,1,0.000001907,-0.599733055,2.491958618,0.000015503,0.219299316,0.219299316,13.124083519,0
303,1,1,0.000000000,-0.599734902,2.491928101,0.000030633,0.219848633,0.219848633,13.157958031,0
304,1,1,0.000000000,-0.599736750,2.491867065,0.000061063,0.220413208,0.220413208,13.190917015,0
305,1,1,0.000001907,-0.599738479,2.491836548,0.000030626,0.220977783,0.220977783,13.224791527,0
306,1,1,0.000000000,-0.599740386,2.491806030,0.000030637,0.221527100,0.221527100,13.258666039,0
307,1,1,0.000001907,-0.599742174,2.491775513,0.000030629,0.222091675,0.222091675,13.291625023,0
308,1,1,0.000001907,-0.599744081,2.491760254,0.000015378,0.222640991,0.222640991,13.325499535,0
309,1,1,0.000000000,-0.599745870,2.491729736,0.000030629,0.223205566,0.223205566,13.358458519,0
310,1,1,0.000001907,-0.599747717,2.491714478,0.000015488,0.223754883,0.223754883,13.392333031,0
311,1,1,0.000000000,-0.599749565,2.491699219,0.000015488,0.224304199,0.224304199,13.425292015,0
312,1,1,0.000001907,-0.599751234,2.491683960,0.000015468,0.224853516,0.224853516,13.458250999,0
313,1,1,0.000001907,-0.599753022,2.491653442,0.000030570,0.225402832,0.225402832,13.491209984,0
314,1,1,0.000000000,-0.599754810,2.491607666,0.000045851,0.225952148,0.225952148,13.524168968,0
315,1,1,0.000001907,-0.599756598,2.491592407,0.000015481,0.226501465,0.226501465,13.557127953,0
316,1,1,0.000000000,-0.599758267,2.491546631,0.000045846,0.227050781,0.227050781,13.590086937,0
317,1,1,0.000001907,-0.599760175,2.491516113,0.000030637,0.227600098,0.227600098,13.623045921,0
318,1,1,0.000000000,-0.599762082,2.491485596,0.000030637,0.228149414,0.228149414,13.656004906,0
319,1,1,0.000000000,-0.599763870,2.491455078,0.000030570,0.228698730,0.228698730,13.688963890,0
320,1,1,0.000001907,-0.599765658,2.491424561,0.000030629,0.229248047,0.229248047,13.721922874,0
321,1,1,0.000000000,-0.599767327,2.491394043,0.000030623,0.229782104,0.229782104,13.754881859,0
322,1,1,0.000001907,-0.599769115,2.491378784,0.000015481,0.230331421,0.230331421,13.786925316,0
323,1,1,0.000000000,-0.599770784,2.491333008,0.000045846,0.230865479,0.230865479,13.819884300,0
324,1,1,0.000001907,-0.599772692,2.491302490,0.000030637,0.231414795,0.231414795,13.851927757,0
325,1,1,0.000000000,-0.599774361,2.491271973,0.000030623,0.231948853,0.231948853,13.884886742,0
326,1,1,0.000000000,-0.599776149,2.491256714,0.000015363,0.232498169,0.232498169,13.916930199,0
327,1,1,0.000001907,-0.599777937,2.491241455,0.000015481,0.233032227,0.233032227,13.949889183,0
328,1,1,0.000000000,-0.599779606,2.491195679,0.000045846,0.233566284,0.233566284,13.981932640,0
329,1,1,0.000001907,-0.599781394,2.491180420,0.000015481,0.234100342,0.234100342,14.013976097,0
330,1,1,0.000000000,-0.599783123,2.491165161,0.000015474,0.234634399,0.234634399,14.046019554,0
331,1,1,0.000001907,-0.599784851,2.491134644,0.000030626,0.235168457,0.235168457,14.078063011,0
332,1,1,0.000000000,-0.599786639,2.491104126,0.000030629,0.235702515,0.235702515,14.110106468,0
333,1,1,0.000001907,-0.599788427,2.491088867,0.000015481,0.236236572,0.236236572,14.142149925,0
334,1,1,0.000000000,-0.599790215,2.491058350,0.000030629,0.236770630,0.236770630,14.174193382,0
335,1,1,0.000001907,-0.599791884,2.491027832,0.000030623,0.237304688,0.237304688,14.206236839,0
336,1,1,0.000000000,-0.599793732,2.490997314,0.000030633,0.237838745,0.237838745,14.238280296,0
337,1,1,0.000001907,-0.599795222,2.490966797,0.000030613,0.238357544,0.238357544,14.270323753,0
338,1,1,0.000000000,-0.599797070,2.490951538,0.000015488,0.238891602,0.238891602,14.301451683,0
339,1,1,0.000001907,-0.599798799,2.490936279,0.000015474,0.239425659,0.239425659,14.333495140,0
340,1,1,0.000000000,-0.599800467,2.490890503,0.000045846,0.239944458,0.239944458,14.365538597,0
341,1,1,0.000001907,-0.599802256,2.490859985,0.000030629,0.240478516,0.240478516,14.396666527,0
342,1,1,0.000000000,-0.599804044,2.490829468,0.000030629,0.240997314,0.240997314,14.428709984,0
343,1,1,0.000001907,-0.599805713,2.490798950,0.000030623,0.241516113,0.241516113,14.459837914,0
344,1,1,0.000000000,-0.599807382,2.490768433,0.000030623,0.242050171,0.242050171,14.490965843,0
345,1,1,0.000001907,-0.599809051,2.490753174,0.000015468,0.242568970,0.242568970,14.523009300,0
346,1,1,0.000000000,-0.599810719,2.490722656,0.000030623,0.243087769,0.243087769,14.554137230,0
347,1,1,0.000001907,-0.599812508,2.490676880,0.000045851,0.243606567,0.243606567,14.585265160,0
348,1,1,0.000000000,-0.599814236,2.490646362,0.000030626,0.244125366,0.244125366,14.616393089,0
349,1,1,0.000001907,-0.599815845,2.490615845,0.000030619,0.244644165,0.244644165,14.647521019,0
350,1,1,0.000000000,-0.599817634,2.490600586,0.000015481,0.245162964,0.245162964,14.678648949,0
351,1,1,0.000001907,-0.599819303,2.490554810,0.000045846,0.245681763,0.163391337,14.709776878,0
352,1,1,0.000000000,-0.599821091,2.490539551,0.000015481,0.246200562,0.163727030,14.740904808,0
353,1,1,0.000001907,-0.599822700,2.490509033,0.000030619,0.246719360,0.164062724,14.772032738,0
354,1,1,0.000000000,-0.599824369,2.490493774,0.000015468,0.247238159,0.164413676,14.803160667,0
355,1,1,-0.022409439,-0.599995136,2.547164917,0.060941204,0.247741699,0.164749369,14.834288597,1
356,1,1,-0.054965973,-0.600027204,2.613677979,0.074053466,0.248260498,0.165100321,14.864500999,1
357,1,1,-0.092052460,-0.599998713,2.671005249,0.068277553,0.248779297,0.165436015,14.895628929,1
358,1,1,-0.131767273,-0.599960804,2.716140747,0.060120553,0.249282837,0.165771708,14.926756859,1
359,1,1,-0.169435501,-0.599911988,2.745758057,0.047917455,0.249786377,0.166107401,14.956969261,1
360,1,1,-0.197294235,-0.599860132,2.758865356,0.030788196,0.250305176,0.166458353,14.987181664,1
361,1,1,-0.203954697,-0.599822283,2.759674072,0.006709486,0.250808716,0.166778788,15.018309593,1
362,1,1,-0.203954697,-0.599837601,2.759643555,0.000034146,0.251327515,0.167144999,15.048521996,0
363,1,1,-0.203954697,-0.599839509,2.759613037,0.000030577,0.251831055,0.167465433,15.079649925,0
364,1,1,-0.203954697,-0.599841118,2.759582520,0.000030560,0.252334595,0.167801127,15.109862328,0
365,1,1,-0.203954697,-0.599842727,2.759567261,0.000015343,0.252838135,0.168136820,15.140074730,0
366,1,1,-0.203954697,-0.599844337,2.759536743,0.000030560,0.253341675,0.168472514,15.170287132,0
367,1,1,-0.203952789,-0.599846125,2.759506226,0.000030629,0.253845215,0.168808222,15.200499535,0
368,1,1,-0.203954697,-0.599847555,2.759475708,0.000030611,0.254348755,0.169143900,15.230711937,0
369,1,1,-0.203954697,-0.599849343,2.759445190,0.000030570,0.254852295,0.169479594,15.260924339,0
370,1,1,-0.203954697,-0.599850953,2.759429932,0.000015343,0.255355835,0.169815287,15.291136742,0
371,1,1,-0.203954697,-0.599852562,2.759399414,0.000030560,0.255859375,0.170150980,15.321349144,0
372,1,1,-0.203956604,-0.599853992,2.759384155,0.000015444,0.256347656,0.170471415,15.351561546,0
373,1,1,-0.203958511,-0.599855721,2.759353638,0.000030626,0.256851196,0.170807123,15.380858421,0
374,1,1,-0.203960419,-0.599857390,2.759323120,0.000030623,0.257354736,0.171142817,15.411070824,0
375,1,1,-0.203962326,-0.599858761,2.759292603,0.000030608,0.257843018,0.171463251,15.441283226,0
376,1,1,-0.203964233,-0.599860668,2.759262085,0.000030637,0.258346558,0.171798944,15.470580101,0
377,1,1,-0.203966141,-0.599862218,2.759231567,0.000030616,0.258834839,0.172134638,15.500792503,0
378,1,1,-0.203968048,-0.599863827,2.759216309,0.000015462,0.259338379,0.172455058,15.530089378,0
379,1,1,-0.203969955,-0.599865437,2.759201050,0.000015462,0.259826660,0.172790766,15.560301781,0
380,1,1,-0.203971863,-0.599867105,2.759185791,0.000015468,0.260314941,0.173111200,15.589598656,0
381,1,1,-0.203973770,-0.599868655,2.759170532,0.000015455,0.260818481,0.173446894,15.618895531,0
382,1,1,-0.203973770,-0.599870324,2.759155273,0.000015350,0.261306763,0.173767328,15.649107933,0
383,1,1,-0.203977585,-0.599871874,2.759109497,0.000045961,0.261795044,0.174087763,15.678404808,0
384,1,1,-0.203979492,-0.599873483,2.759063721,0.000045844,0.262283325,0.174423456,15.707701683,0
385,1,1,-0.203981400,-0.599875033,2.759017944,0.000045842,0.262771606,0.174743891,15.736998558,0
386,1,1,-0.203983307,-0.599876761,2.758987427,0.000030626,0.263259888,0.175064325,15.766295433,0
387,1,1,-0.203985214,-0.599878311,2.758956909,0.000030616,0.263748169,0.175400019,15.795592308,0
388,1,1,-0.203987122,-0.599879861,2.758926392,0.000030616,0.264236450,0.175720453,15.824889183,0
389,1,1,-0.203989029,-0.599881411,2.758895874,0.000030616,0.264724731,0.176040888,15.854186058,0
390,1,1,-0.203990936,-0.599883080,2.758865356,0.000030623,0.265197754,0.176361322,15.883482933,0
391,1,1,-0.203992844,-0.599884629,2.758834839,0.000030616,0.265686035,0.176681757,15.911864281,0
392,1,1,-0.203994751,-0.599886298,2.758804321,0.000030623,0.266174316,0.177002192,15.941161156,0
393,1,1,-0.203994751,-0.599887729,2.758773804,0.000030551,0.266647339,0.177322641,15.970458031,0
394,1,1,-0.203998566,-0.599889398,2.758743286,0.000030800,0.267135620,0.177643061,15.998839378,0
395,1,1,-0.204000473,-0.599890828,2.758712769,0.000030611,0.267608643,0.177963495,16.028137207,0
396,1,1,-0.204000473,-0.599892497,2.758682251,0.000030563,0.268096924,0.178283930,16.056518555,0
397,1,1,-0.204004288,-0.599894166,2.758651733,0.000030800,0.268569946,0.178604364,16.085815430,0
398,1,1,-0.204006195,-0.599895716,2.758621216,0.000030616,0.269058228,0.178924799,16.114196777,0
399,1,1,-0.204006195,-0.599897265,2.758590698,0.000030557,0.269531250,0.179245234,16.143493652,0
400,1,1,-0.204010010,-0.599898696,2.758560181,0.000030788,0.270004272,0.179550424,16.171875000,0
401,1,1,-0.204011917,-0.599900126,2.758529663,0.000030611,0.270477295,0.179870859,16.200256348,0
402,1,1,-0.204013824,-0.599901736,2.758499146,0.000030619,0.270950317,0.180176035,16.228637695,0
403,1,1,-0.204015732,-0.599903345,2.758468628,0.000030619,0.271438599,0.180511713,16.257019043,0
404,1,1,-0.204017639,-0.599904895,2.758438110,0.000030616,0.271911621,0.180816889,16.286315918,0
405,1,1,-0.204019547,-0.599906445,2.758407593,0.000030616,0.272384644,0.181137338,16.314697266,0
406,1,1,-0.204021454,-0.599907935,2.758392334,0.000015450,0.272842407,0.181442514,16.343078613,0
407,1,1,-0.204023361,-0.599909663,2.758361816,0.000030626,0.273315430,0.181762949,16.370544434,0
408,1,1,-0.204025269,-0.599911034,2.758331299,0.000030608,0.273788452,0.182068110,16.398925781,0
409,1,1,-0.204025269,-0.599912584,2.758300781,0.000030557,0.274261475,0.182388544,16.427307129,0
410,1,1,-0.204029083,-0.599914193,2.758270264,0.000030797,0.274734497,0.182693735,16.455688477,0
411,1,1,-0.204030991,-0.599915564,2.758255005,0.000015439,0.275192261,0.182998896,16.484069824,0
412,1,1,-0.204032898,-0.599917054,2.758224487,0.000030613,0.275665283,0.183319345,16.511535645,0
413,1,1,-0.204034805,-0.599918842,2.758193970,0.000030629,0.276138306,0.183639780,16.539916992,0
414,1,1,-0.204036713,-0.599920154,2.758163452,0.000030605,0.276596069,0.183929697,16.568298340,0
415,1,1,-0.204038620,-0.599921823,2.758132935,0.000030623,0.277069092,0.184250131,16.595764160,0
416,1,1,-0.204038620,-0.599923372,2.758102417,0.000030557,0.277526855,0.184570566,16.624145508,0
417,1,1,-0.204042435,-0.599924684,2.758087158,0.000015783,0.277984619,0.184860483,16.651611328,0
418,1,1,-0.204044342,-0.599926353,2.758071899,0.000015468,0.278457642,0.185165659,16.679077148,0
419,1,1,-0.204046249,-0.599927783,2.758041382,0.000030611,0.278915405,0.185486093,16.707458496,0
420,1,1,-0.204046249,-0.599929333,2.758010864,0.000030557,0.279373169,0.185776010,16.734924316,0
421,1,1,-0.204050064,-0.599930763,2.757980347,0.000030788,0.279830933,0.186096445,16.762390137,0
422,1,1,-0.204051971,-0.599932313,2.757965088,0.000015455,0.280288696,0.186386362,16.789855957,0
423,1,1,-0.204053879,-0.599933743,2.757949829,0.000015444,0.280746460,0.186706796,16.817321777,0
424,1,1,-0.204055786,-0.599935293,2.757919312,0.000030616,0.281204224,0.186996713,16.844787598,0
425,1,1,-0.204057693,-0.599934995,2.757888794,0.000030579,0.281661987,0.187301889,16.872253418,0
426,1,1,-0.204059601,-0.599938035,2.757858276,0.000030728,0.282119751,0.187622324,16.899719238,0
427,1,1,-0.204059601,-0.599939585,2.757827759,0.000030557,0.282577515,0.187912256,16.927185059,0
428,1,1,-0.204063416,-0.599941015,2.757812500,0.000015793,0.283035278,0.188217416,16.954650879,0
429,1,1,-0.204065323,-0.599942446,2.757781982,0.000030611,0.283493042,0.188522607,16.982116699,0
430,1,1,-0.204067230,-0.599943876,2.757751465,0.000030611,0.283950806,0.188827768,17.009582520,0
431,1,1,-0.204067230,-0.599945545,2.757720947,0.000030563,0.284393311,0.189117685,17.037048340,0
432,1,1,-0.204071045,-0.599946976,2.757690430,0.000030788,0.284851074,0.189438120,17.063598633,0
433,1,1,-0.204072952,-0.599948347,2.757659912,0.000030608,0.285293579,0.189712778,17.091064453,0
434,1,1,-0.204074860,-0.599949956,2.757629395,0.000030619,0.285751343,0.190033212,17.117614746,0
435,1,1,-0.204076767,-0.599951386,2.757614136,0.000015444,0.286193848,0.190323129,17.145080566,0
436,1,1,-0.204076767,-0.599952817,2.757598877,0.000015326,0.286651611,0.190628320,17.171630859,0
437,1,1,-0.204080582,-0.599954188,2.757568359,0.000030786,0.287094116,0.190918237,17.199096680,0
438,1,1,-0.204082489,-0.599955678,2.757553101,0.000015450,0.287536621,0.191208154,17.225646973,0
439,1,1,-0.204084396,-0.599957108,2.757537842,0.000015444,0.287994385,0.191513330,17.252197266,0
440,1,1,-0.204086304,-0.599958599,2.757507324,0.000030613,0.288436890,0.191818506,17.279663086,0
441,1,1,-0.204088211,-0.599960089,2.757492065,0.000015450,0.288879395,0.192108408,17.306213379,0
442,1,1,-0.204090118,-0.599961519,2.757461548,0.000030611,0.289321899,0.192398340,17.332763672,0
443,1,1,-0.204092026,-0.599963009,2.757431030,0.000030613,0.289764404,0.192688257,17.359313965,0
444,1,1,-0.204093933,-0.599964380,2.757415771,0.000015439,0.290206909,0.192993417,17.385864258,0
445,1,1,-0.204095840,-0.599965930,2.757385254,0.000030616,0.290649414,0.193283349,17.412414551,0
446,1,1,-0.204097748,-0.599967241,2.757354736,0.000030605,0.291091919,0.193573251,17.438964844,0
447,1,1,-0.204099655,-0.599968672,2.757324219,0.000030611,0.291534424,0.193878427,17.465515137,0
448,1,1,-0.204101563,-0.599970102,2.757293701,0.000030611,0.291976929,0.194168359,17.492065430,0
449,1,1,-0.204103470,-0.599971533,2.757247925,0.000045838,0.292419434,0.194458276,17.518615723,0
450,1,1,-0.204105377,-0.599973083,2.757232666,0.000015455,0.292861938,0.194748193,17.545166016,0
451,1,1,-0.204105377,-0.599974394,2.757202148,0.000030546,0.293289185,0.195038110,17.571716309,0
452,1,1,-0.204109192,-0.599975884,2.757186890,0.000015799,0.293731689,0.195328027,17.597351074,0
453,1,1,-0.204111099,-0.599977374,2.757156372,0.000030613,0.294158936,0.195617944,17.623901367,0
454,1,1,-0.204113007,-0.599978745,2.757125854,0.000030608,0.294601440,0.195923120,17.649536133,0
455,1,1,-0.204114914,-0.599980235,2.757110596,0.000015450,0.295043945,0.196197778,17.676086426,0
456,1,1,-0.204116821,-0.599982142,2.757080078,0.000030637,0.295471191,0.196487695,17.702636719,0
457,1,1,-0.204116821,-0.599983692,2.757049561,0.000030557,0.295898438,0.196777612,17.728271484,0
458,1,1,-0.204120636,-0.599985003,2.757019043,0.000030783,0.296340942,0.197067529,17.753906250,0
459,1,1,-0.204122543,-0.599986494,2.757003784,0.000015450,0.296768188,0.197357446,17.780456543,0
460,1,1,-0.204124451,-0.599987864,2.756973267,0.000030608,0.297195435,0.197632104,17.806091309,0
461,1,1,-0.204126358,-0.599989295,2.756942749,0.000030611,0.297637939,0.197937280,17.831726074,0
462,1,1,-0.204128265,-0.599990845,2.756912231,0.000030616,0.298065186,0.198211938,17.858276367,0
463,1,1,-0.204130173,-0.599992216,2.756881714,0.000030608,0.298492432,0.198486596,17.883911133,0
464,1,1,-0.204130173,-0.599993467,2.756851196,0.000030543,0.298919678,0.198791772,17.909545898,0
465,1,1,-0.204133987,-0.599994779,2.756820679,0.000030783,0.299346924,0.199066430,17.935180664,0
466,1,1,-0.204135895,-0.599996328,2.756790161,0.000030616,0.299774170,0.199356347,17.960815430,0
467,1,1,-0.204137802,-0.599997640,2.756774902,0.000015433,0.300201416,0.199631006,17.986450195,0
468,1,1,-0.204139709,-0.599999011,2.756744385,0.000030608,0.300628662,0.199920923,18.012084961,0
469,1,1,-0.204141617,-0.600000381,2.756713867,0.000030608,0.301055908,0.200195581,18.037719727,0
470,1,1,-0.204143524,-0.600001812,2.756698608,0.000015444,0.301467896,0.200485498,18.063354492,0
471,1,1,-0.204143524,-0.600003123,2.756668091,0.000030546,0.301895142,0.200760156,18.088073730,0
472,1,1,-0.204147339,-0.600004673,2.756637573,0.000030794,0.302322388,0.201050088,18.113708496,0
473,1,1,-0.204149246,-0.600005865,2.756607056,0.000030600,0.302749634,0.201324731,18.139343262,0
474,1,1,-0.204151154,-0.600007176,2.756576538,0.000030605,0.303161621,0.201599404,18.164978027,0
475,1,1,-0.204153061,-0.600008786,2.756561279,0.000015462,0.303588867,0.201889321,18.189697266,0
476,1,1,-0.204154968,-0.600009918,2.756546021,0.000015419,0.304000854,0.202163979,18.215332031,0
477,1,1,-0.204156876,-0.600011349,2.756530762,0.000015444,0.304412842,0.202438638,18.240051270,0
478,1,1,-0.204158783,-0.600012779,2.756500244,0.000030611,0.304840088,0.202713296,18.265228271,0
479,1,1,-0.204160690,-0.600014091,2.756454468,0.000045835,0.305259705,0.203003198,18.290403366,0
480,1,1,-0.204160690,-0.600015521,2.756439209,0.000015326,0.305679321,0.203277856,18.315580368,0
481,1,1,-0.204162598,-0.600016952,2.756408691,0.000030611,0.306091309,0.203552514,18.340757370,0
482,1,1,-0.204166412,-0.600018263,2.756416321,0.000008630,0.306510925,0.203827173,18.365476608,0
483,1,1,-0.204168320,-0.600019753,2.756393433,0.000023016,0.306922913,0.204101831,18.390653610,0
484,1,1,-0.204170227,-0.600021005,2.756340027,0.000053454,0.307342529,0.204391763,18.415372849,0
485,1,1,-0.204172134,-0.600022316,2.756309509,0.000030605,0.307754517,0.204651162,18.440549850,0
486,1,1,-0.204174042,-0.600023627,2.756271362,0.000038217,0.308166504,0.204941079,18.465269089,0
487,1,1,-0.204175949,-0.600025058,2.756240845,0.000030611,0.308578491,0.205200478,18.489988327,0
488,1,1,-0.204177856,-0.600026250,2.756217957,0.000022998,0.308990479,0.205475137,18.514707565,0
489,1,1,-0.204179764,-0.600027621,2.756187439,0.000030608,0.309402466,0.205765054,18.539426804,0
490,1,1,-0.204181671,-0.600028992,2.756164551,0.000023008,0.309814453,0.206024453,18.564146042,0
491,1,1,-0.204183578,-0.600030303,2.756141663,0.000023005,0.310218811,0.206299111,18.588865280,0
492,1,1,-0.204183578,-0.600031734,2.756118774,0.000022933,0.310630798,0.206573769,18.613126755,0
493,1,1,-0.204185486,-0.600033045,2.756095886,0.000023005,0.311035156,0.206833169,18.637845993,0
494,1,1,-0.204189301,-0.600034237,2.756065369,0.000030778,0.311447144,0.207123086,18.662107468,0
495,1,1,-0.204191208,-0.600035727,2.756034851,0.000030613,0.311851501,0.207382485,18.686826706,0
496,1,1,-0.204193115,-0.600037098,2.756004333,0.000030608,0.312255859,0.207641885,18.711088181,0
497,1,1,-0.204195023,-0.600038230,2.755973816,0.000030598,0.312660217,0.207931817,18.735349655,0
498,1,1,-0.204196930,-0.600039721,2.755943298,0.000030613,0.313072205,0.208191201,18.759611130,0
499,1,1,-0.204198837,-0.600040913,2.755912781,0.000030600,0.313468933,0.208465859,18.784330368,0
500,1,1,-0.204200745,-0.600042284,2.755882263,0.000030608,0.313873291,0.208725259,18.808134079,0
501,1,1,-0.204202652,-0.600043654,2.755851746,0.000030608,0.314277649,0.208999917,18.832395554,0
502,1,1,-0.204204559,-0.600044847,2.755828857,0.000022998,0.314682007,0.209259316,18.856657028,0
503,1,1,-0.204206467,-0.600046277,2.755805969,0.000023012,0.315086365,0.209533975,18.880918503,0
504,1,1,-0.204208374,-0.600047469,2.755775452,0.000030600,0.315483093,0.209793374,18.905179977,0
505,1,1,-0.204210281,-0.600048840,2.755744934,0.000030608,0.315879822,0.210068032,18.928983688,0
506,1,1,-0.204212189,-0.600050211,2.755714417,0.000030608,0.316284180,0.210327432,18.952787399,0
507,1,1,-0.204214096,-0.600054145,2.755683899,0.000030829,0.316680908,0.210586861,18.977048874,0
508,1,1,-0.204216003,-0.600053072,2.755653381,0.000030596,0.317077637,0.210861489,19.000852585,0
509,1,1,-0.204217911,-0.600054264,2.755630493,0.000022998,0.317474365,0.211120903,19.024656296,0
510,1,1,-0.204219818,-0.600055635,2.755607605,0.000023008,0.317871094,0.211395547,19.048460007,0
511,1,1,-0.204221725,-0.600056946,2.755584717,0.000023005,0.318267822,0.211639687,19.072263718,0
512,1,1,-0.204223633,-0.600058317,2.755554199,0.000030608,0.318664551,0.211914346,19.096067429,0
513,1,1,-0.204225540,-0.600059628,2.755531311,0.000023005,0.319061279,0.212173745,19.119871140,0
514,1,1,-0.204227448,-0.600060821,2.755508423,0.000022998,0.319458008,0.212448418,19.143674850,0
515,1,1,-0.204229355,-0.600062191,2.755477905,0.000030608,0.319847107,0.212692559,19.167478561,0
516,1,1,-0.204231262,-0.600063324,2.755447388,0.000030598,0.320243835,0.212967217,19.190824509,0
517,1,1,-0.204233170,-0.600064635,2.755424500,0.000023005,0.320632935,0.213226601,19.214628220,0
518,1,1,-0.204235077,-0.600065887,2.755401611,0.000023002,0.321022034,0.213470742,19.237974167,0
519,1,1,-0.204236984,-0.600067139,2.755371094,0.000030603,0.321418762,0.213745400,19.261320114,0
520,1,1,-0.204238892,-0.600068569,2.755348206,0.000023012,0.321807861,0.214004800,19.285123825,0
521,1,1,-0.204240799,-0.600069642,2.755317688,0.000030596,0.322196960,0.214264214,19.308469772,0
522,1,1,-0.204242706,-0.600071073,2.755294800,0.000023012,0.322586060,0.214523613,19.331815720,0
523,1,1,-0.204244614,-0.600072384,2.755271912,0.000023005,0.322975159,0.214783013,19.355161667,0
524,1,1,-0.204246521,-0.600073636,2.755241394,0.000030603,0.323356628,0.215027153,19.378507614,0
525,1,1,-0.204248428,-0.600074887,2.755218506,0.000023002,0.323745728,0.215286553,19.401395798,0
526,1,1,-0.204250336,-0.600076199,2.755195618,0.000023005,0.324134827,0.215561211,19.424741745,0
527,1,1,-0.204252243,-0.600077271,2.755165100,0.000030596,0.324516296,0.215805352,19.448087692,0
528,1,1,-0.204254150,-0.600078702,2.755142212,0.000023012,0.324905396,0.216064751,19.470975876,0
529,1,1,-0.204256058,-0.600079954,2.755119324,0.000023002,0.325286865,0.216308892,19.494321823,0
530,1,1,-0.204257965,-0.600081205,2.755096436,0.000023002,0.325675964,0.216568291,19.517210007,0
531,1,1,-0.204259872,-0.600082457,2.755065918,0.000030603,0.326057434,0.216827676,19.540555954,0
532,1,1,-0.204261780,-0.600083709,2.755035400,0.000030603,0.326438904,0.217087090,19.563444138,0
533,1,1,-0.204263687,-0.600084782,2.755012512,0.000022993,0.326820374,0.217331231,19.586332321,0
534,1,1,-0.204265594,-0.600086212,2.754981995,0.000030611,0.327201843,0.217590630,19.609220505,0
535,1,1,-0.204267502,-0.600087404,2.754959106,0.000022998,0.327583313,0.217850029,19.632108688,0
536,1,1,-0.204269409,-0.600088716,2.754936218,0.000023005,0.327964783,0.218094170,19.654996872,0
537,1,1,-0.204271317,-0.600089908,2.754898071,0.000038213,0.328338623,0.218353570,19.677885056,0
538,1,1,-0.204273224,-0.600091219,2.754875183,0.000023005,0.328720093,0.218597710,19.700315475,0
539,1,1,-0.204275131,-0.600092351,2.754844666,0.000030598,0.329101563,0.218857110,19.723203659,0
540,1,1,-0.204277039,-0.600093484,2.754821777,0.000022995,0.329475403,0.219101250,19.746091843,0
541,1,1,-0.204278946,-0.600094795,2.754791260,0.000030605,0.329849243,0.219345391,19.768522263,0
542,1,1,-0.204280853,-0.600095868,2.754760742,0.000030596,0.330230713,0.219604790,19.790952682,0
543,1,1,-0.204282761,-0.600097299,2.754730225,0.000030611,0.330604553,0.219856560,19.813840866,0
544,1,1,-0.204282761,-0.600098431,2.754699707,0.000030539,0.330978394,0.220100701,19.836271286,0
545,1,1,-0.204284668,-0.600099683,2.754676819,0.000023002,0.331352234,0.220352471,19.858701706,0
546,1,1,-0.204286575,-0.600100994,2.754646301,0.000030605,0.331726074,0.220596611,19.881132126,0
547,1,1,-0.204290390,-0.600102186,2.754623413,0.000023234,0.332099915,0.220848396,19.903562546,0
548,1,1,-0.204292297,-0.600103498,2.754592896,0.000030605,0.332473755,0.221092537,19.925992966,0
549,1,1,-0.204294205,-0.600104570,2.754570007,0.000022993,0.332847595,0.221344292,19.948423386,0
550,1,1,-0.204296112,-0.600105643,2.754547119,0.000022993,0.333213806,0.221588433,19.970853806,0
551,1,1,-0.204298019,-0.600107014,2.754516602,0.000030608,0.333587646,0.221832573,19.992826462,0
552,1,1,-0.204299927,-0.600108147,2.754493713,0.000022995,0.333953857,0.222084343,20.015256882,0
553,1,1,-0.204301834,-0.600109339,2.754470825,0.000022998,0.334327698,0.222328484,20.037229538,0
554,1,1,-0.204303741,-0.600110531,2.754440308,0.000030600,0.334693909,0.222572625,20.059659958,0
555,1,1,-0.204305649,-0.600111783,2.754409790,0.000030603,0.335060120,0.222816765,20.081632614,0
556,1,1,-0.204307556,-0.600113034,2.754386902,0.000023002,0.335426331,0.223060906,20.103605270,0
557,1,1,-0.204309464,-0.600114107,2.754364014,0.000022993,0.335792542,0.223305047,20.125577927,0
558,1,1,-0.204309464,-0.600115359,2.754333496,0.000030543,0.336158752,0.223549187,20.147550583,0
559,1,1,-0.204313278,-0.600116551,2.754302979,0.000030778,0.336524963,0.223793343,20.169523239,0
560,1,1,-0.204315186,-0.600117803,2.754272461,0.000030603,0.336891174,0.224029854,20.191495895,0
561,1,1,-0.204317093,-0.600118935,2.754249573,0.000022995,0.337257385,0.224281624,20.213468552,0
562,1,1,-0.204319000,-0.600120187,2.754219055,0.000030603,0.337623596,0.224518120,20.235441208,0
563,1,1,-0.204320908,-0.600121260,2.754188538,0.000030596,0.337982178,0.224762261,20.257413864,0
564,1,1,-0.204322815,-0.600122452,2.754158020,0.000030600,0.338348389,0.224998787,20.278928757,0
565,1,1,-0.204324722,-0.600123763,2.754135132,0.000023005,0.338706970,0.225242928,20.300901413,0
566,1,1,-0.204326630,-0.600124836,2.754112244,0.000022993,0.339073181,0.225487068,20.322416306,0
567,1,1,-0.204328537,-0.600126147,2.754081726,0.000030605,0.339431763,0.225723565,20.344388962,0
568,1,1,-0.204328537,-0.600127518,2.754051208,0.000030548,0.339790344,0.225960091,20.365903854,0
569,1,1,-0.204332352,-0.600128531,2.754028320,0.000023226,0.340148926,0.226204231,20.387418747,0
570,1,1,-0.204334259,-0.600129724,2.754005432,0.000022998,0.340507507,0.226440728,20.408933640,0
571,1,1,-0.204336166,-0.600130796,2.753974915,0.000030596,0.340866089,0.226677254,20.430448532,0
572,1,1,-0.204338074,-0.600131869,2.753952026,0.000022993,0.341224670,0.226913765,20.451963425,0
573,1,1,-0.204339981,-0.600133300,2.753929138,0.000023012,0.341583252,0.227157906,20.473478317,0
574,1,1,-0.204341888,-0.600134254,2.753898621,0.000030592,0.341941833,0.227394417,20.494993210,0
575,1,1,-0.204343796,-0.600135446,2.753868103,0.000030600,0.342292786,0.227630928,20.516508102,0
576,1,1,-0.204343796,-0.600136638,2.753837585,0.000030541,0.342651367,0.227859810,20.537565231,0
577,1,1,-0.204347610,-0.600137711,2.753807068,0.000030774,0.343009949,0.228103951,20.559080124,0
578,1,1,-0.204349518,-0.600139022,2.753776550,0.000030605,0.343360901,0.228332832,20.580595016,0
579,1,1,-0.204351425,-0.600139976,2.753746033,0.000030592,0.343711853,0.228569344,20.601652145,0
580,1,1,-0.204353333,-0.600141287,2.753723145,0.000023005,0.344070435,0.228813484,20.622709274,0
581,1,1,-0.204355240,-0.600142360,2.753692627,0.000030596,0.344421387,0.229034737,20.644224167,0
582,1,1,-0.204357147,-0.600143611,2.753662109,0.000030603,0.344772339,0.229278877,20.665281296,0
583,1,1,-0.204357147,-0.600144625,2.753631592,0.000030534,0.345123291,0.229507759,20.686338425,0
584,1,1,-0.204360962,-0.600145817,2.753601074,0.000030778,0.345474243,0.229744270,20.707395554,0
585,1,1,-0.204362869,-0.600147009,2.753570557,0.000030600,0.345825195,0.229973152,20.728452682,0
586,1,1,-0.204364777,-0.600148082,2.753540039,0.000030596,0.346176147,0.230209664,20.749509811,0
587,1,1,-0.204366684,-0.600149274,2.753509521,0.000030600,0.346519470,0.230438545,20.770566940,0
588,1,1,-0.204368591,-0.600150466,2.753479004,0.000030600,0.346870422,0.230667427,20.791166306,0
589,1,1,-0.204370499,-0.600151539,2.753456116,0.000022993,0.347221375,0.230903938,20.812223434,0
590,1,1,-0.204370499,-0.600152612,2.753425598,0.000030536,0.347564697,0.231132820,20.833280563,0
591,1,1,-0.204374313,-0.600153685,2.753395081,0.000030774,0.347915649,0.231369331,20.853879929,0
592,1,1,-0.204376221,-0.600154996,2.753372192,0.000023005,0.348258972,0.231590584,20.874937057,0
593,1,1,-0.204378128,-0.600156069,2.753349304,0.000022993,0.348602295,0.231819466,20.895536423,0
594,1,1,-0.204380035,-0.600157201,2.753326416,0.000022995,0.348945618,0.232055977,20.916135788,0
595,1,1,-0.204381943,-0.600158215,2.753303528,0.000022990,0.349296570,0.232284859,20.936735153,0
596,1,1,-0.204381943,-0.600159407,2.753280640,0.000022919,0.349639893,0.232506111,20.957792282,0
597,1,1,-0.204385757,-0.600160539,2.753257751,0.000023232,0.349983215,0.232742637,20.978391647,0
598,1,1,-0.204387665,-0.600161612,2.753234863,0.000022993,0.350326538,0.232971504,20.998991013,0
599,1,1,-0.204389572,-0.600162745,2.753204346,0.000030598,0.350662231,0.233192757,21.019590378,0
600,1,1,-0.204391479,-0.600163877,2.753181458,0.000022995,0.351005554,0.233421639,21.039731979,0
601,1,1,-0.204393387,-0.600165069,2.753158569,0.000022998,0.351348877,0.233650520,21.060331345,0
602,1,1,-0.204395294,-0.600166082,2.753135681,0.000022990,0.351684570,0.233871773,21.080930710,0
603,1,1,-0.204397202,-0.600167155,2.753105164,0.000030596,0.352027893,0.234100655,21.101072311,0
604,1,1,-0.204399109,-0.600168169,2.753074646,0.000030594,0.352363586,0.234321907,21.121671677,0
605,1,1,-0.204401016,-0.600169539,2.753044128,0.000030608,0.352706909,0.234550789,21.141813278,0
606,1,1,-0.204402924,-0.600170493,2.753013611,0.000030592,0.353042603,0.234772041,21.162412643,0
607,1,1,-0.204404831,-0.600171685,2.752983093,0.000030600,0.353378296,0.235000923,21.182554245,0
608,1,1,-0.204406738,-0.600172698,2.752952576,0.000030594,0.353721619,0.235229805,21.202695847,0
609,1,1,-0.204408646,-0.600173891,2.752922058,0.000030600,0.354057312,0.235451058,21.223295212,0
610,1,1,-0.204410553,-0.600175023,2.752899170,0.000022995,0.354393005,0.235672325,21.243436813,0
611,1,1,-0.204412460,-0.600176096,2.752876282,0.000022993,0.354728699,0.235893577,21.263578415,0
612,1,1,-0.204414368,-0.600177169,2.752845764,0.000030596,0.355056763,0.236114830,21.283720016,0
613,1,1,-0.204416275,-0.600178242,2.752815247,0.000030596,0.355392456,0.236336082,21.303403854,0
614,1,1,-0.204418182,-0.600179374,2.752792358,0.000022995,0.355728149,0.236557335,21.323545456,0
615,1,1,-0.204420090,-0.600180447,2.752769470,0.000022993,0.356063843,0.236786216,21.343687057,0
616,1,1,-0.204420090,-0.600181341,2.752738953,0.000030531,0.356391907,0.237007469,21.363828659,0
617,1,1,-0.204423904,-0.600182533,2.752716064,0.000023234,0.356727600,0.237221092,21.383512497,0
618,1,1,-0.204425812,-0.600183725,2.752685547,0.000030600,0.357055664,0.237449974,21.403654099,0
619,1,1,-0.204427719,-0.600184798,2.752655029,0.000030596,0.357391357,0.237663597,21.423337936,0
620,1,1,-0.204429626,-0.600185871,2.752632141,0.000022993,0.357719421,0.237884834,21.443479538,0
621,1,1,-0.204429626,-0.600186825,2.752609253,0.000022908,0.358047485,0.238106087,21.463163376,0
622,1,1,-0.204433441,-0.600187898,2.752571106,0.000038352,0.358375549,0.238319710,21.482847214,0
623,1,1,-0.204435349,-0.600188971,2.752548218,0.000022993,0.358703613,0.238540977,21.502531052,0
624,1,1,-0.204437256,-0.600190103,2.752517700,0.000030598,0.359031677,0.238754600,21.522214890,0
625,1,1,-0.204437256,-0.600191176,2.752487183,0.000030536,0.359359741,0.238975853,21.541898727,0
626,1,1,-0.204441071,-0.600192189,2.752464294,0.000023226,0.359687805,0.239197105,21.561582565,0
627,1,1,-0.204442978,-0.600193501,2.752441406,0.000023005,0.360015869,0.239410728,21.581266403,0
628,1,1,-0.204444885,-0.600194335,2.752410889,0.000030589,0.360343933,0.239631981,21.600950241,0
629,1,1,-0.204446793,-0.600195408,2.752380371,0.000030596,0.360664368,0.239845604,21.620634079,0
630,1,1,-0.204448700,-0.600196481,2.752357483,0.000022993,0.360992432,0.240059227,21.639860153,0
631,1,1,-0.204450607,-0.600197673,2.752326965,0.000030600,0.361312866,0.240272850,21.659543991,0
632,1,1,-0.204452515,-0.600198627,2.752304077,0.000022987,0.361640930,0.240494102,21.678770065,0
633,1,1,-0.204454422,-0.600199699,2.752273560,0.000030596,0.361961365,0.240707725,21.698453903,0
634,1,1,-0.204456329,-0.600200772,2.752243042,0.000030596,0.362281799,0.240921348,21.717679977,0
635,1,1,-0.204458237,-0.600201964,2.752220154,0.000022998,0.362609863,0.241134971,21.736906052,0
636,1,1,-0.204460144,-0.600202918,2.752197266,0.000022987,0.362930298,0.241348594,21.756589890,0
637,1,1,-0.204462051,-0.600204110,2.752174377,0.000022998,0.363250732,0.241562217,21.775815964,0
638,1,1,-0.204463959,-0.600204945,2.752151489,0.000022983,0.363571167,0.241775841,21.795042038,0
639,1,1,-0.204465866,-0.600205958,2.752120972,0.000030594,0.363891602,0.241989464,21.814268112,0
640,1,1,-0.204467773,-0.600207150,2.752098083,0.000022998,0.364212036,0.242203087,21.833494186,0
641,1,1,-0.204467773,-0.600208044,2.752067566,0.000030531,0.364524841,0.242409080,21.852720261,0
642,1,1,-0.204471588,-0.600209177,2.752044678,0.000023232,0.364845276,0.242622703,21.871488571,0
643,1,1,-0.204473495,-0.600210130,2.752014160,0.000030592,0.365165710,0.242836326,21.890714645,0
644,1,1,-0.204475403,-0.600211263,2.751983643,0.000030598,0.365478516,0.243049949,21.909940720,0
645,1,1,-0.204477310,-0.600212336,2.751960754,0.000022993,0.365798950,0.243255943,21.928709030,0
646,1,1,-0.204479218,-0.600213408,2.751930237,0.000030596,0.366111755,0.243469566,21.947935104,0
647,1,1,-0.204481125,-0.600214422,2.751899719,0.000030594,0.366432190,0.243683189,21.966703415,0
648,1,1,-0.204483032,-0.600215435,2.751869202,0.000030594,0.366744995,0.243881553,21.985929489,0
649,1,1,-0.204484940,-0.600216389,2.751838684,0.000030592,0.367057800,0.244095191,22.004697800,0
650,1,1,-0.204486847,-0.600217402,2.751815796,0.000022990,0.367370605,0.244301185,22.023466110,0
651,1,1,-0.204488754,-0.600218534,2.751785278,0.000030598,0.367691040,0.244514808,22.042234421,0
652,1,1,-0.204488754,-0.600219369,2.751762390,0.000022903,0.368003845,0.244720787,22.061460495,0
653,1,1,-0.204492569,-0.600220501,2.751731873,0.000030776,0.368316650,0.244934410,22.080228806,0
654,1,1,-0.204494476,-0.600221455,2.751701355,0.000030592,0.368629456,0.245140404,22.098997116,0
655,1,1,-0.204496384,-0.600222528,2.751678467,0.000022993,0.368934631,0.245338768,22.117765427,0
656,1,1,-0.204498291,-0.600223541,2.751655579,0.000022990,0.369247437,0.245560035,22.136075974,0
657,1,1,-0.204500198,-0.600224435,2.751625061,0.000030590,0.369560242,0.245758384,22.154844284,0
658,1,1,-0.204502106,-0.600225449,2.751594543,0.000030594,0.369865417,0.245956749,22.173612595,0
659,1,1,-0.204504013,-0.600226641,2.751571655,0.000022998,0.370178223,0.246178001,22.191923141,0
660,1,1,-0.204505920,-0.600227475,2.751541138,0.000030589,0.370491028,0.246376365,22.210691452,0
661,1,1,-0.204507828,-0.600228667,2.751510620,0.000030600,0.370796204,0.246582359,22.229459763,0
662,1,1,-0.204507828,-0.600229621,2.751480103,0.000030532,0.371101379,0.246780738,22.247770309,0
663,1,1,-0.204511642,-0.600230753,2.751457214,0.000023232,0.371414185,0.246994361,22.266080856,0
664,1,1,-0.204513550,-0.600231528,2.751419067,0.000038202,0.371719360,0.247192726,22.284849167,0
665,1,1,-0.204513550,-0.600232601,2.751392365,0.000026724,0.372028351,0.247406349,22.303159714,0
666,1,1,-0.204517365,-0.600233614,2.751365662,0.000026993,0.372329712,0.247604713,22.321470261,0
667,1,1,-0.204519272,-0.600234628,2.751342773,0.000022990,0.372634888,0.247803077,22.339780807,0
668,1,1,-0.204521179,-0.600235522,2.751316071,0.000026786,0.372940063,0.248001441,22.358091354,0
669,1,1,-0.204523087,-0.600236595,2.751285553,0.000030596,0.373245239,0.248207435,22.376401901,0
670,1,1,-0.204524994,-0.600236416,2.751251221,0.000034386,0.373550415,0.248421028,22.394712448,0
671,1,1,-0.204524994,-0.600238383,2.751232147,0.000019175,0.373851776,0.248611793,22.413022995,0
672,1,1,-0.204528809,-0.600240111,2.751205444,0.000027029,0.374153137,0.248810142,22.431104660,0
673,1,1,-0.204530716,-0.600240946,2.751182556,0.000022983,0.374458313,0.249016151,22.449186325,0
674,1,1,-0.204532623,-0.600242138,2.751155853,0.000026797,0.374759674,0.249214515,22.467496872,0
675,1,1,-0.204534531,-0.600242972,2.751129150,0.000026784,0.375061035,0.249420494,22.485578537,0
676,1,1,-0.204536438,-0.600244045,2.751098633,0.000030596,0.375362396,0.249618873,22.503660202,0
677,1,1,-0.204538345,-0.600244999,2.751071930,0.000026788,0.375659943,0.249817237,22.521741867,0
678,1,1,-0.204540253,-0.600246012,2.751045227,0.000026790,0.375961304,0.250015587,22.539594650,0
679,1,1,-0.204542160,-0.600246966,2.751014709,0.000030592,0.376258850,0.250213951,22.557676315,0
680,1,1,-0.204542160,-0.600247860,2.750988007,0.000026718,0.376560211,0.250412345,22.575529099,0
681,1,1,-0.204545975,-0.600249052,2.750957489,0.000030778,0.376857758,0.250610679,22.593610764,0
682,1,1,-0.204547882,-0.600249887,2.750930786,0.000026784,0.377155304,0.250816673,22.611463547,0
683,1,1,-0.204547882,-0.600250959,2.750904083,0.000026724,0.377452850,0.251007408,22.629316330,0
684,1,1,-0.204551697,-0.600251794,2.750877380,0.000026987,0.377750397,0.251198173,22.647169113,0
685,1,1,-0.204553604,-0.600252748,2.750850677,0.000026788,0.378047943,0.251404136,22.665021896,0
686,1,1,-0.204553604,-0.600253820,2.750827789,0.000022913,0.378341675,0.251602530,22.682874680,0
687,1,1,-0.204557419,-0.600254714,2.750801086,0.000026989,0.378639221,0.251793236,22.700498581,0
688,1,1,-0.204559326,-0.600255787,2.750778198,0.000022993,0.378932953,0.251991600,22.718351364,0
689,1,1,-0.204561234,-0.600256681,2.750747681,0.000030590,0.379226685,0.252189994,22.735975266,0
690,1,1,-0.204563141,-0.600257635,2.750724792,0.000022987,0.379520416,0.252380699,22.753599167,0
691,1,1,-0.204565048,-0.600258470,2.750694275,0.000030589,0.379814148,0.252579093,22.771223068,0
692,1,1,-0.204566956,-0.600259662,2.750667572,0.000026797,0.380107880,0.252769798,22.788846970,0
693,1,1,-0.204568863,-0.600260437,2.750637054,0.000030587,0.380397797,0.252975792,22.806470871,0
694,1,1,-0.204570770,-0.600261450,2.750610352,0.000026790,0.380691528,0.253158897,22.823865891,0
695,1,1,-0.204572678,-0.600262403,2.750583649,0.000026788,0.380981445,0.253357261,22.841489792,0
696,1,1,-0.204574585,-0.600263298,2.750556946,0.000026786,0.381275177,0.253547996,22.858884811,0
697,1,1,-0.204574585,-0.600264311,2.750526428,0.000030534,0.381565094,0.253738761,22.876508713,0
698,1,1,-0.204578400,-0.600265324,2.750499725,0.000026993,0.381855011,0.253929496,22.893903732,0
699,1,1,-0.204580307,-0.600266218,2.750469208,0.000030590,0.382144928,0.254135489,22.911298752,0
700,1,1,-0.204582214,-0.600267172,2.750438690,0.000030592,0.382431030,0.254318595,22.928693771,0
701,1,1,-0.204584122,-0.600268066,2.750411987,0.000026786,0.382720947,0.254509330,22.945859909,0
702,1,1,-0.204586029,-0.600268900,2.750385284,0.000026784,0.383010864,0.254707694,22.963254929,0
703,1,1,-0.204587936,-0.600269973,2.750354767,0.000030596,0.383296967,0.254890800,22.980649948,0
704,1,1,-0.204589844,-0.600270808,2.750324249,0.000030589,0.383583069,0.255089164,22.997816086,0
705,1,1,-0.204589844,-0.600271821,2.750293732,0.000030534,0.383869171,0.255279899,23.014982224,0
706,1,1,-0.204593658,-0.600272834,2.750267029,0.000026993,0.384155273,0.255463004,23.032148361,0
707,1,1,-0.204595566,-0.600273669,2.750240326,0.000026784,0.384441376,0.255653739,23.049314499,0
708,1,1,-0.204597473,-0.600274563,2.750217438,0.000022985,0.384727478,0.255844474,23.066480637,0
709,1,1,-0.204599380,-0.600275695,2.750186920,0.000030598,0.385013580,0.256035209,23.083646774,0
710,1,1,-0.204599380,-0.600276470,2.750160217,0.000026714,0.385295868,0.256225944,23.100812912,0
711,1,1,-0.204603195,-0.600277305,2.750133514,0.000026987,0.385578156,0.256409019,23.117750168,0
712,1,1,-0.204605103,-0.600278378,2.750106812,0.000026792,0.385864258,0.256607413,23.134687424,0
713,1,1,-0.204607010,-0.600279331,2.750080109,0.000026788,0.386146545,0.256790519,23.151853561,0
714,1,1,-0.204608917,-0.600280166,2.750049591,0.000030589,0.386428833,0.256973624,23.168790817,0
715,1,1,-0.204608917,-0.600281179,2.750019073,0.000030534,0.386711121,0.257164329,23.185728073,0
716,1,1,-0.204612732,-0.600282073,2.749988556,0.000030768,0.386993408,0.257355094,23.202665329,0
717,1,1,-0.204614639,-0.600283027,2.749965668,0.000022987,0.387271881,0.257530570,23.219602585,0
718,1,1,-0.204616547,-0.600283921,2.749935150,0.000030590,0.387554169,0.257728934,23.236310959,0
719,1,1,-0.204618454,-0.600284934,2.749904633,0.000030594,0.387832642,0.257912010,23.253248215,0
720,1,1,-0.204618454,-0.600285709,2.749877930,0.000026714,0.388111115,0.258087516,23.269956589,0
721,1,1,-0.204622269,-0.600286722,2.749851227,0.000026993,0.388393402,0.258285880,23.286664963,0
722,1,1,-0.204624176,-0.600287437,2.749824524,0.000026780,0.388671875,0.258468986,23.303602219,0
723,1,1,-0.204626083,-0.600288391,2.749797821,0.000026788,0.388950348,0.258652091,23.320310593,0
724,1,1,-0.204627991,-0.600289345,2.749771118,0.000026788,0.389225006,0.258835167,23.337018967,0
725,1,1,-0.204629898,-0.600290239,2.749744415,0.000026786,0.389503479,0.259018302,23.353498459,0
726,1,1,-0.204631805,-0.600291252,2.749717712,0.000026790,0.389781952,0.259209037,23.370206833,0
727,1,1,-0.204631805,-0.600291967,2.749687195,0.000030526,0.390056610,0.259392142,23.386915207,0
728,1,1,-0.204635620,-0.600292921,2.749660492,0.000026991,0.390331268,0.259567618,23.403394699,0
729,1,1,-0.204637527,-0.600293696,2.749637604,0.000022981,0.390605927,0.259758353,23.419874191,0
730,1,1,-0.204639435,-0.600294590,2.749614716,0.000022985,0.390884399,0.259941459,23.436353683,0
731,1,1,-0.204641342,-0.600295484,2.749588013,0.000026786,0.391155243,0.260116935,23.453062057,0
732,1,1,-0.204643250,-0.600296497,2.749561310,0.000026790,0.391429901,0.260300040,23.469312668,0
733,1,1,-0.204645157,-0.600297391,2.749534607,0.000026786,0.391704559,0.260483146,23.485792160,0
734,1,1,-0.204645157,-0.600298166,2.749507904,0.000026714,0.391979218,0.260666251,23.502271652,0
735,1,1,-0.204648972,-0.600299120,2.749481201,0.000026991,0.392250061,0.260849357,23.518751144,0
736,1,1,-0.204650879,-0.600300014,2.749454498,0.000026786,0.392520905,0.261032462,23.535001755,0
737,1,1,-0.204652786,-0.600300908,2.749423981,0.000030590,0.392795563,0.261207938,23.551252365,0
738,1,1,-0.204654694,-0.600301802,2.749397278,0.000026786,0.393066406,0.261391044,23.567731857,0
739,1,1,-0.204656601,-0.600302637,2.749366760,0.000030589,0.393337250,0.261574149,23.583982468,0
740,1,1,-0.204658508,-0.600303531,2.749343872,0.000022985,0.393608093,0.261749625,23.600233078,0
741,1,1,-0.204660416,-0.600304425,2.749317169,0.000026786,0.393875122,0.261925101,23.616483688,0
742,1,1,-0.204662323,-0.600305319,2.749290466,0.000026786,0.394145966,0.262115836,23.632505417,0
743,1,1,-0.204662323,-0.600306153,2.749263763,0.000026716,0.394416809,0.262283683,23.648756027,0
744,1,1,-0.204666138,-0.600307107,2.749237061,0.000026991,0.394683838,0.262474418,23.665006638,0
745,1,1,-0.204668045,-0.600307882,2.749210358,0.000026782,0.394950867,0.262642264,23.681028366,0
746,1,1,-0.204669952,-0.600308776,2.749183655,0.000026786,0.395217896,0.262817740,23.697050095,0
747,1,1,-0.204671860,-0.600309730,2.749153137,0.000030592,0.395484924,0.263000846,23.713071823,0
748,1,1,-0.204673767,-0.600310445,2.749126434,0.000026780,0.395751953,0.263176322,23.729093552,0
749,1,1,-0.204675674,-0.600311339,2.749101639,0.000024885,0.396018982,0.263359427,23.745115280,0
750,1,1,-0.204677582,-0.600312233,2.749069214,0.000032493,0.396286011,0.263527274,23.761137009,0
751,1,1,-0.204679489,-0.600313187,2.749046326,0.000022987,0.396551132,0.263710380,23.777158737,0
752,1,1,-0.204681396,-0.600314140,2.749013901,0.000032495,0.396816254,0.263885856,23.793066025,0
753,1,1,-0.204683304,-0.600314915,2.748985291,0.000028684,0.397081375,0.264053702,23.808973312,0
754,1,1,-0.204685211,-0.600315750,2.748954773,0.000030589,0.397344589,0.264236808,23.824880600,0
755,1,1,-0.204687119,-0.600316525,2.748931885,0.000022981,0.397607803,0.264412314,23.840673447,0
756,1,1,-0.204687119,-0.600317538,2.748905182,0.000026722,0.397871017,0.264587760,23.856466293,0
757,1,1,-0.204690933,-0.600318432,2.748878479,0.000026989,0.398134232,0.264763236,23.872259140,0
758,1,1,-0.204692841,-0.600319326,2.748849869,0.000028688,0.398397446,0.264931083,23.888051987,0
759,1,1,-0.204694748,-0.600320101,2.748823166,0.000026782,0.398658752,0.265114188,23.903844833,0
760,1,1,-0.204696655,-0.600320816,2.748794556,0.000028683,0.398920059,0.265289664,23.919523239,0
761,1,1,-0.204698563,-0.600321710,2.748767853,0.000026786,0.399181366,0.265457511,23.935201645,0
762,1,1,-0.204700470,-0.600322723,2.748741150,0.000026790,0.399442673,0.265625358,23.950880051,0
763,1,1,-0.204702377,-0.600323319,2.748712540,0.000028680,0.399702072,0.265808463,23.966558456,0
764,1,1,-0.204704285,-0.600324392,2.748685837,0.000026792,0.399961472,0.265976310,23.982122421,0
765,1,1,-0.204706192,-0.600325167,2.748659134,0.000026782,0.400220871,0.266144156,23.997686386,0
766,1,1,-0.204708099,-0.600325942,2.748632431,0.000026782,0.400480270,0.266327262,24.013250351,0
767,1,1,-0.204710007,-0.600326777,2.748603821,0.000028686,0.400737762,0.266487479,24.028814316,0
768,1,1,-0.204711914,-0.600327790,2.748577118,0.000026790,0.400997162,0.266662955,24.044263840,0
769,1,1,-0.204713821,-0.600328445,2.748550415,0.000026779,0.401254654,0.266838431,24.059827805,0
770,1,1,-0.204715729,-0.600329459,2.748523712,0.000026790,0.401512146,0.267006278,24.075277328,0
771,1,1,-0.204717636,-0.600330114,2.748497009,0.000026779,0.401767731,0.267174125,24.090726852,0
772,1,1,-0.204719543,-0.600330949,2.748468399,0.000028686,0.402023315,0.267349601,24.106061935,0
773,1,1,-0.204721451,-0.600331903,2.748441696,0.000026788,0.402280807,0.267517447,24.121397018,0
774,1,1,-0.204723358,-0.600332737,2.748413086,0.000028686,0.402536392,0.267685294,24.136846542,0
775,1,1,-0.204725266,-0.600333631,2.748386383,0.000026786,0.402790070,0.267853141,24.152181625,0
776,1,1,-0.204727173,-0.600334227,2.748357773,0.000028680,0.403045654,0.268036246,24.167402267,0
777,1,1,-0.204729080,-0.600335181,2.748329163,0.000028690,0.403299332,0.268188834,24.182737350,0
778,1,1,-0.204730988,-0.600336134,2.748302460,0.000026788,0.403553009,0.268364310,24.197957993,0
779,1,1,-0.204732895,-0.600336969,2.748277664,0.000024883,0.403806686,0.268532157,24.213178635,0
780,1,1,-0.204734802,-0.600337744,2.748249054,0.000028684,0.404060364,0.268700004,24.228399277,0
781,1,1,-0.204736710,-0.600338578,2.748222351,0.000026784,0.404312134,0.268867850,24.243619919,0
782,1,1,-0.204738617,-0.600339413,2.748195648,0.000026784,0.404563904,0.269043326,24.258726120,0
783,1,1,-0.204740524,-0.600340128,2.748167038,0.000028683,0.404815674,0.269195914,24.273832321,0
784,1,1,-0.204742432,-0.600341022,2.748140335,0.000026786,0.405067444,0.269371390,24.288938522,0
785,1,1,-0.204744339,-0.600341737,2.748115540,0.000024879,0.405317307,0.269539267,24.304044724,0
786,1,1,-0.204746246,-0.600342631,2.748086929,0.000028688,0.405567169,0.269699484,24.319036484,0
787,1,1,-0.204748154,-0.600343406,2.748060226,0.000026782,0.405818939,0.269874960,24.334028244,0
788,1,1,-0.204748154,-0.600344300,2.748031616,0.000028624,0.406066895,0.270035148,24.349134445,0
789,1,1,-0.204751968,-0.600345075,2.748004913,0.000026985,0.406316757,0.270202994,24.364011765,0
790,1,1,-0.204751968,-0.600345969,2.747976303,0.000028624,0.406565666,0.270370871,24.379003525,0
791,1,1,-0.204755783,-0.600346804,2.747952461,0.000024160,0.406813622,0.270531058,24.393938065,0
792,1,1,-0.204757690,-0.600347519,2.747926712,0.000025830,0.407061577,0.270698935,24.408815384,0
793,1,1,-0.204759598,-0.600348353,2.747898102,0.000028686,0.407309532,0.270866752,24.423692703,0
794,1,1,-0.204761505,-0.600349188,2.747871399,0.000026784,0.407556534,0.271019340,24.438570023,0
795,1,1,-0.204763412,-0.600349963,2.747845650,0.000025831,0.407802582,0.271187186,24.453390121,0
796,1,1,-0.204765320,-0.600350678,2.747817039,0.000028683,0.408048630,0.271355033,24.468153000,0
797,1,1,-0.204767227,-0.600351572,2.747790337,0.000026786,0.408294678,0.271515250,24.482915878,0
798,1,1,-0.204769135,-0.600352228,2.747763634,0.000026779,0.408540726,0.271683097,24.497678757,0
799,1,1,-0.204771042,-0.600353241,2.747735977,0.000027741,0.408785820,0.271843314,24.512441635,0
800,1,1,-0.204772949,-0.600353956,2.747709274,0.000026780,0.409029961,0.272007376,24.527147293,0
801,1,1,-0.204774857,-0.600354791,2.747682571,0.000026784,0.409274101,0.272167593,24.541795731,0
802,1,1,-0.204776764,-0.600355506,2.747654915,0.000027731,0.409518242,0.272331595,24.556444168,0
803,1,1,-0.204776764,-0.600356460,2.747627258,0.000027673,0.409761429,0.272495627,24.571092606,0
804,1,1,-0.204780579,-0.600357056,2.747599602,0.000027925,0.410004616,0.272652030,24.585683823,0
805,1,1,-0.204782486,-0.600357890,2.747570992,0.000028686,0.410246849,0.272816062,24.600275040,0
806,1,1,-0.204784393,-0.600358665,2.747544289,0.000026782,0.410489082,0.272976309,24.614809036,0
807,1,1,-0.204786301,-0.600359559,2.747515678,0.000028688,0.410731316,0.273136497,24.629343033,0
808,1,1,-0.204788208,-0.600360274,2.747488499,0.000027256,0.410971642,0.273300558,24.643877029,0
809,1,1,-0.204790115,-0.600361109,2.747459888,0.000028686,0.411213398,0.273456931,24.658325195,0
810,1,1,-0.204792023,-0.600361764,2.747433662,0.000026303,0.411453724,0.273617148,24.672801971,0
811,1,1,-0.204793930,-0.600362659,2.747406006,0.000027737,0.411694050,0.273777366,24.687221527,0
812,1,1,-0.204793930,-0.600363493,2.747378826,0.000027193,0.411933899,0.273937613,24.701641083,0
813,1,1,-0.204797745,-0.600364208,2.747352600,0.000026512,0.412173271,0.274097800,24.716032028,0
814,1,1,-0.204799652,-0.600365043,2.747325420,0.000027259,0.412412167,0.274258018,24.730394363,0
815,1,1,-0.204801559,-0.600365818,2.747297764,0.000027733,0.412650585,0.274414420,24.744728088,0
816,1,1,-0.204803467,-0.600366592,2.747270584,0.000027258,0.412889004,0.274574667,24.759033203,0
817,1,1,-0.204805374,-0.600367427,2.747243404,0.000027259,0.413126469,0.274727255,24.773338318,0
818,1,1,-0.204807281,-0.600368083,2.747216702,0.000026779,0.413364172,0.274887472,24.787586212,0
819,1,1,-0.204809189,-0.600368857,2.747189283,0.000027495,0.413600922,0.275047690,24.801834106,0
820,1,1,-0.204811096,-0.600369692,2.747161627,0.000027735,0.413837433,0.275204092,24.816053391,0
821,1,1,-0.204813004,-0.600370407,2.747134447,0.000027256,0.414073706,0.275360495,24.830244064,0
822,1,1,-0.204814911,-0.600371242,2.747107267,0.000027259,0.414309502,0.275516897,24.844421387,0
823,1,1,-0.204816818,-0.600371957,2.747080326,0.000027018,0.414544940,0.275673300,24.858568192,0
824,1,1,-0.204818726,-0.600372672,2.747053146,0.000027256,0.414779902,0.275833517,24.872695923,0
825,1,1,-0.204820633,-0.600373507,2.747025490,0.000027735,0.415014505,0.275986105,24.886793137,0
826,1,1,-0.204822540,-0.587171733,2.746863127,0.013202772,0.389538735,0.616279960,24.900873184,0
827,1,1,-0.204816818,-0.585385799,2.746902943,0.001786387,0.389777154,0.602217615,23.744052887,0
828,1,1,-0.204820633,-0.583335817,2.747022629,0.002053477,0.389757842,0.607271671,23.753234863,0
829,1,1,-0.204816818,-0.581188321,2.747223854,0.002156906,0.389753968,0.612112522,23.760469437,0
830,1,1,-0.204818726,-0.578909934,2.747507095,0.002295927,0.389765054,0.616766393,23.768753052,0
831,1,1,-0.204818726,-0.576470971,2.747872114,0.002466126,0.389789283,0.621292174,23.778118134,0
832,1,1,-0.204818726,-0.573853850,2.748318434,0.002654905,0.389825195,0.625736952,23.788654327,0
833,1,1,-0.204816818,-0.571040392,2.748846054,0.002862505,0.389869571,0.630144238,23.800201416,0
834,1,1,-0.204818726,-0.568019629,2.749455214,0.003081573,0.389921367,0.634577274,23.812765121,0
835,1,1,-0.204816818,-0.564786792,2.750145435,0.003305699,0.389976829,0.639075518,23.826309204,0
836,1,1,-0.204820633,-0.561339796,2.750917912,0.003532494,0.390035540,0.643678486,23.840616226,0
837,1,1,-0.204818726,-0.560532331,2.751800299,0.001196081,0.389743775,0.609660745,23.854698181,0
838,1,1,-0.204816818,-0.561144292,2.752773285,0.001149436,0.389140308,0.561336279,23.810268402,0
839,1,1,-0.204816818,-0.557653785,2.753780842,0.003633017,0.388771176,0.569649816,23.730360031,0
840,1,1,-0.204816818,-0.554061770,2.754857779,0.003749981,0.388435930,0.578408539,23.721752167,0
841,1,1,-0.204818726,-0.559264541,2.756072283,0.005342644,0.389199525,0.488605320,23.712480545,0
842,1,1,-0.204818726,-0.564738274,2.757334471,0.005617372,0.389939249,0.409702063,23.665679932,0
843,1,1,-0.204820633,-0.570294559,2.758631468,0.005705656,0.390633881,0.345518202,23.626491547,0
844,1,1,-0.204820633,-0.577609837,2.759952784,0.007433651,0.391083151,0.291726530,23.595169067,0
845,0,0,-0.204820633,-0.585837960,2.761273384,0.008333427,0.390777498,0.259924799,0.000000000,0
846,1,1,-0.204818726,-0.591352761,2.763022423,0.005785513,0.391069263,0.264649600,23.433614731,0
847,1,1,-0.204816818,-0.595235407,2.764758587,0.004253142,0.391280681,0.272650361,23.426670074,0
848,1,1,-0.204820633,-0.598601341,2.766478062,0.003779698,0.391413599,0.280856580,23.422193527,0
849,1,1,-0.204820633,-0.601438582,2.768178463,0.003307763,0.391472071,0.287462562,23.419027328,0
850,1,1,-0.204820633,-0.603750467,2.769856453,0.002856652,0.391463190,0.291689068,23.416009903,0
851,1,1,-0.204818726,-0.605693877,2.771511078,0.002552377,0.391396403,0.293457836,23.412582397,0
852,0,0,-0.204816818,-0.606808186,2.773142338,0.001975524,0.391276926,0.292960495,0.000000000,0
853,1,1,-0.204818726,-0.608642578,2.775145531,0.002716207,0.391117811,0.290693194,23.404146194,0
854,1,1,-0.204820633,-0.609744668,2.777121544,0.002262572,0.391390353,0.311163247,23.398702621,0
855,0,0,-0.204816818,-0.609886646,2.779063225,0.001946868,0.391614586,0.332043856,0.000000000,0
856,1,1,-0.204820633,-0.611752629,2.781323433,0.002930947,0.391798496,0.352298290,23.386999130,0
857,1,1,-0.204820633,-0.611950040,2.783529282,0.002214665,0.391449630,0.367879063,23.381359100,0
858,1,1,-0.204822540,-0.613108873,2.785658836,0.002424438,0.391090095,0.382565886,23.348320007,0
859,1,1,-0.204826355,-0.613311648,2.787716866,0.002067998,0.390725821,0.396682888,23.315944672,0
860,0,0,-0.204832077,-0.613503098,2.789696693,0.001989071,0.390367061,0.410636842,0.000000000,0
861,1,1,-0.204841614,-0.615424991,2.791890144,0.002916331,0.390018702,0.424844056,23.253524780,0
862,1,1,-0.204851151,-0.615647793,2.793990135,0.002111799,0.389684826,0.439672112,23.223810196,0
863,0,0,-0.204860687,-0.616828918,2.795970917,0.002306218,0.389370561,0.455483168,0.000000000,0
864,1,1,-0.204872131,-0.618771791,2.798093796,0.002877760,0.389077693,0.472563118,23.167940140,0
865,1,1,-0.204887390,-0.619977713,2.800079346,0.002323120,0.388807505,0.491177887,23.142013550,0
866,0,0,-0.204902649,-0.620186388,2.801924706,0.001857184,0.388561755,0.511517644,0.000000000,0
867,0,0,-0.204923630,-0.623088360,2.803801537,0.003456063,0.388339132,0.533724606,0.000000000,0
868,1,1,-0.204944611,-0.623557687,2.805699348,0.001955095,0.387948006,0.535769105,23.075988770,0
869,1,1,-0.204971313,-0.623933554,2.807392120,0.001734205,0.387576312,0.537921965,23.051601410,0
870,1,1,-0.204998016,-0.624222040,2.808877945,0.001513807,0.386742473,0.537980855,23.028503418,0
871,1,1,-0.205028534,-0.624479175,2.810156822,0.001304828,0.385927528,0.538034856,22.978647232,0
872,1,1,-0.205060959,-0.625598192,2.811218262,0.001542694,0.385134459,0.538077950,22.930660248,0
873,1,1,-0.205095291,-0.625700831,2.812083244,0.000871727,0.384363234,0.538118839,22.884012222,0
874,1,1,-0.205129623,-0.625768423,2.812741280,0.000662388,0.383611977,0.538154364,22.838619232,0
875,1,1,-0.205165863,-0.625814438,2.813196182,0.000458658,0.382880718,0.538178802,22.794483185,0
876,1,1,-0.205205917,-0.625846624,2.813444138,0.000253224,0.382171363,0.538206697,22.751489639,0
877,1,1,-0.205247879,-0.625859499,2.813482285,0.000058153,0.381482005,0.538219869,22.709644318,0
878,1,1,-0.205289841,-0.626376152,2.813318253,0.000543689,0.380814552,0.538229406,22.669055939,0
879,1,1,-0.205331802,-0.626328230,2.812955856,0.000367952,0.380165219,0.538236141,22.629730225,0
880,1,1,-0.205377579,-0.625864267,2.812402725,0.000723402,0.379541636,0.538243294,22.591552734,0
881,1,1,-0.205423355,-0.624205589,2.811706543,0.001799438,0.378934234,0.538243473,22.554643631,0
882,1,1,-0.205472946,-0.626024961,2.810731888,0.002064589,0.378348738,0.538238883,22.518882751,0
883,1,1,-0.205524445,-0.625545979,2.809593201,0.001236400,0.377785146,0.538229108,22.484386444,0
884,1,1,-0.205575943,-0.625013113,2.808280945,0.001417255,0.377241522,0.538220704,22.451044083,0
885,1,1,-0.205631256,-0.625184298,2.806749344,0.001542130,0.376719773,0.538210809,22.418968201,0
886,1,1,-0.205684662,-0.625039101,2.805027008,0.001729270,0.376217961,0.538189471,22.388158798,0
887,1,1,-0.205745697,-0.624870777,2.803110123,0.001925229,0.375736088,0.538172781,22.358503342,0
888,1,1,-0.205802917,-0.624684811,2.801004410,0.002114683,0.375275999,0.538164079,22.329998016,0
889,1,1,-0.205863953,-0.624482155,2.798700333,0.002313777,0.374835789,0.538131297,22.302759171,0
890,1,1,-0.205926895,-0.624261856,2.796205521,0.002505310,0.374417335,0.538112581,22.276786804,0
891,1,1,-0.205991745,-0.624024391,2.793523788,0.002693006,0.374020547,0.538094759,22.251962662,0
892,1,1,-0.206058502,-0.623769760,2.790645599,0.002890202,0.373641610,0.538074434,22.228404999,0
893,1,1,-0.206125259,-0.623498917,2.787574768,0.003083475,0.373284340,0.538045347,22.205995560,0
894,1,1,-0.206197739,-0.623210907,2.784315109,0.003273160,0.372946769,0.538023293,22.184848785,0
895,1,1,-0.206268311,-0.622904778,2.780866623,0.003462767,0.372630686,0.538005471,22.164844513,0
896,1,1,-0.206342697,-0.622583389,2.777229309,0.003652242,0.372334182,0.537982464,22.146100998,0
897,1,1,-0.206417084,-0.622244835,2.773399353,0.003845610,0.372059107,0.537962735,22.128496170,0
898,1,1,-0.206491470,-0.621890545,2.769384384,0.004031257,0.371803492,0.537939548,22.112150192,0
899,1,1,-0.206567764,-0.621520042,2.765178680,0.004222681,0.371567309,0.537920594,22.096939087,0
900,1,1,-0.206647873,-0.621132851,2.760789871,0.004406584,0.371354222,0.537908375,22.082981110,0
901,1,1,-0.206653595,-0.581859589,2.758460999,0.039342251,0.289153755,1.428885460,22.081392288,0
902,1,1,-0.206659317,-0.578268528,2.757122040,0.003832566,0.290833443,1.212409377,17.996095657,0
903,1,1,-0.206659317,-0.572604179,2.755910873,0.005792389,0.290779859,1.133076072,18.082525253,0
904,1,1,-0.206659317,-0.566004276,2.754831314,0.006687613,0.290234536,1.115536094,18.104621887,0
905,1,1,-0.206665039,-0.558948040,2.753875732,0.007120649,0.290106714,1.137153745,18.122945786,0
906,1,1,-0.206666946,-0.551137686,2.753049850,0.007853898,0.289501041,1.192219734,18.186189651,0
907,1,1,-0.206665039,-0.542844296,2.752351761,0.008322719,0.288711220,1.260490537,18.247770309,0
908,1,1,-0.206666946,-0.534205914,2.751794815,0.008656317,0.287915081,1.330007672,18.314043045,0
909,1,1,-0.206670761,-0.525215626,2.751386642,0.008999550,0.287128627,1.399741650,18.389019012,0
910,1,1,-0.206670761,-0.515881300,2.751136780,0.009337669,0.286371559,1.468812704,18.472478867,0
911,1,1,-0.206672668,-0.506201386,2.751050949,0.009680294,0.285653919,1.536514521,18.564981461,0
912,1,1,-0.206670761,-0.496180534,2.751134872,0.010021204,0.284985542,1.602281332,18.665815353,0
913,1,1,-0.206668854,-0.485824227,2.751394272,0.010359555,0.284377903,1.665711403,18.774509430,0
914,1,1,-0.206666946,-0.475139141,2.751838684,0.010694324,0.283834636,1.726517439,18.890474319,0
915,1,1,-0.206663132,-0.464134693,2.752471924,0.011022653,0.283359051,1.784557939,19.013868332,0
916,1,1,-0.206647873,-0.472365856,2.753780365,0.008334524,0.283860981,1.548094034,19.121278763,0
917,1,1,-0.206609726,-0.489036083,2.756725311,0.016928397,0.284694403,1.227358341,18.808834076,0
918,0,0,-0.206596375,-0.497258425,2.758085251,0.008334057,0.273902237,0.741120636,0.000000000,0
919,0,0,-0.206573486,-0.508177757,2.759813309,0.011055250,0.271425039,0.474211991,0.000000000,0
920,0,0,-0.206556320,-0.521797657,2.761890411,0.013777385,0.271076202,0.400518149,0.000000000,0
921,0,0,-0.206525803,-0.538124084,2.764282227,0.016500726,0.271579295,0.430211008,0.000000000,0
922,0,0,-0.206493378,-0.557162762,2.766931534,0.019222151,0.272430062,0.500745356,0.000000000,0
923,0,0,-0.206453323,-0.578908205,2.769878387,0.021944243,0.255118549,0.304143012,0.000000000,0
924,0,0,-0.206409454,-0.603366852,2.773075104,0.024666704,0.255435377,0.366690069,0.000000000,0
925,1,1,-0.206365585,-0.619212389,2.776527405,0.016217317,0.256109267,0.426335365,15.199058533,0
926,1,1,-0.206321716,-0.621659040,2.779911041,0.004175766,0.256687075,0.476998806,15.216843605,0
927,1,1,-0.206275940,-0.624559164,2.783103943,0.004313633,0.257181287,0.519148409,15.232337952,0
928,0,0,-0.206235886,-0.624869585,2.786128998,0.003041204,0.257619113,0.553794384,0.000000000,0
929,1,1,-0.206188202,-0.626867414,2.789211273,0.003673420,0.258012116,0.582161188,15.264703751,0
930,1,1,-0.206144333,-0.628138900,2.792053223,0.003113724,0.258377969,0.605501950,15.279785156,0
931,0,0,-0.206106186,-0.628407240,2.794651031,0.002611910,0.258482993,0.623703897,0.000000000,0
932,1,1,-0.206060410,-0.628728271,2.797203064,0.002572553,0.258333176,0.636187375,15.299546242,0
933,1,1,-0.206018448,-0.629177928,2.799461365,0.002303014,0.258207530,0.647558033,15.285722733,0
934,1,1,-0.205976486,-0.629624724,2.801422119,0.002011454,0.258098036,0.658738971,15.272559166,0
935,1,1,-0.205940247,-0.630965948,2.803070068,0.002125072,0.258021921,0.670524955,15.261136055,0
936,1,1,-0.205898285,-0.631123662,2.804428101,0.001367803,0.257968515,0.683570504,15.253309250,0
937,1,1,-0.205865860,-0.632217646,2.805465698,0.001508132,0.257956743,0.698400557,15.247393608,0
938,0,0,-0.205831528,-0.632318974,2.806182861,0.000725099,0.257981896,0.715425253,0.000000000,0
939,1,1,-0.205797195,-0.634116769,2.806587219,0.001843028,0.258038789,0.734932125,15.242930412,0
940,0,0,-0.205766678,-0.635144949,2.806632996,0.001029651,0.258129597,0.757110536,0.000000000,0
941,1,1,-0.205739975,-0.635392904,2.806285858,0.000427433,0.258215725,0.769225478,15.255123138,0
942,1,1,-0.205713272,-0.635253906,2.805587769,0.000712294,0.258253545,0.772643507,15.253541946,0
943,1,1,-0.205698013,-0.636044025,2.804458618,0.001378224,0.257822007,0.772221804,15.255380630,0
944,1,1,-0.205684662,-0.634310722,2.803047180,0.002235324,0.257424504,0.771797001,15.230139732,0
945,1,1,-0.205677032,-0.633666039,2.801254272,0.001905307,0.257057279,0.771369874,15.206570625,0
946,1,1,-0.205673218,-0.635336876,2.798950195,0.002846135,0.256716400,0.770933032,15.184885979,0
947,1,1,-0.205677032,-0.634666920,2.796314240,0.002719764,0.256409496,0.770500600,15.164646149,0
948,1,1,-0.205684662,-0.633919716,2.793334961,0.003071559,0.256128907,0.770063937,15.146312714,0
949,1,1,-0.205692291,-0.633129597,2.790023804,0.003404131,0.255885959,0.769618630,15.129660606,0
950,1,1,-0.205711365,-0.632301807,2.786388397,0.003728509,0.255661547,0.769182444,15.114691734,0
951,1,1,-0.205730438,-0.632986069,2.782241821,0.004202698,0.255478501,0.768740892,15.101399422,0
952,1,1,-0.205755234,-0.631769180,2.777832031,0.004574678,0.255317599,0.768298268,15.090017319,0
953,1,1,-0.205787659,-0.631284237,2.773063660,0.004793077,0.255190223,0.767856240,15.080318451,0
954,1,1,-0.205818176,-0.630775452,2.767917633,0.005171207,0.255088687,0.767423093,15.072069168,0
955,1,1,-0.205856323,-0.630229950,2.762409210,0.005535499,0.255020291,0.766991496,15.065729141,0
956,1,1,-0.205900192,-0.629648209,2.756538391,0.005899734,0.254981279,0.766555071,15.061294556,0
957,1,1,-0.205947876,-0.629030228,2.750308990,0.006260160,0.254967660,0.766124189,15.058305740,0
958,1,1,-0.205999374,-0.628376961,2.743713379,0.006628084,0.254986912,0.765710890,15.056989670,0
959,1,1,-0.206056595,-0.627690315,2.736763000,0.006984448,0.255035013,0.765286326,15.057569504,0
960,1,1,-0.206113815,-0.625449181,2.729797363,0.007317517,0.254718184,0.682172954,15.059820175,0
961,1,1,-0.206167221,-0.622488022,2.723041534,0.007376486,0.254182190,0.578136623,15.072500229,0
962,1,1,-0.206220627,-0.619612694,2.716579437,0.007073123,0.253638148,0.474256724,15.077754974,0
963,1,1,-0.206266403,-0.616846085,2.710479736,0.006697953,0.253101468,0.374036849,15.080842972,0
964,1,1,-0.206304550,-0.614192963,2.704826355,0.006245097,0.252596557,0.282296985,15.083137512,0
965,1,1,-0.206344604,-0.611660004,2.699653625,0.005759741,0.250589252,0.183734715,15.086528778,0
966,1,1,-0.206352234,-0.607015610,2.695583344,0.006175569,0.247993067,0.184911832,15.013188362,0
967,1,1,-0.206361771,-0.602495193,2.692649841,0.005388848,0.247823447,0.228139386,14.917660713,0
968,1,1,-0.206367493,-0.598803520,2.690666199,0.004190862,0.247707933,0.280308247,14.936819077,0
969,1,1,-0.206371307,-0.595046997,2.688709259,0.004235693,0.247643545,0.334307313,14.959856987,0
970,1,1,-0.206373215,-0.586069107,2.686717987,0.009196068,0.235586375,0.662417114,14.988563538,0
971,1,1,-0.206375122,-0.581388474,2.684841156,0.005042899,0.234781772,0.697529256,14.436772346,0
972,1,1,-0.206380844,-0.576594353,2.683040619,0.005121090,0.233938813,0.732909083,14.432753563,0
973,1,1,-0.206382751,-0.571700096,2.681320190,0.005187834,0.233122453,0.768511295,14.429443359,0
974,1,1,-0.206384659,-0.566704750,2.679679871,0.005257769,0.232340738,0.804325938,14.431031227,0
975,1,1,-0.206386566,-0.561754227,2.678131104,0.005187134,0.232196718,0.839849651,14.437749863,0
976,1,1,-0.206390381,-0.556333542,2.676658630,0.005617118,0.231800616,0.914190352,14.484255791,0
977,1,1,-0.206398010,-0.550696373,2.675289154,0.005801138,0.231415585,0.988577127,14.544873238,0
978,1,1,-0.206398010,-0.544847965,2.674018860,0.005984774,0.231050700,1.062105775,14.612793922,0
979,1,1,-0.206403732,-0.543856621,2.672939301,0.001465689,0.231729567,1.052358389,14.685122490,0
980,1,1,-0.206405640,-0.547932625,2.672035217,0.004175066,0.232976303,0.961985767,14.725078583,0
981,1,1,-0.206407547,-0.552211761,2.671237946,0.004352775,0.234246939,0.873118997,14.708805084,0
982,1,1,-0.206409454,-0.556519985,2.670536041,0.004365027,0.235520706,0.788438499,14.696360588,0
983,1,1,-0.206411362,-0.560705185,2.669910431,0.004231700,0.236796156,0.710032821,14.690876961,0
984,1,1,-0.206436157,-0.584610701,2.668315887,0.023958649,0.235084951,0.285282522,14.692139626,0
985,1,1,-0.206441879,-0.586038113,2.667762756,0.001530847,0.235563144,0.293989837,14.242159843,0
986,1,1,-0.206443787,-0.586422682,2.667236328,0.000651938,0.236050054,0.310808361,14.274260521,0
987,1,1,-0.206449509,-0.586429596,2.666740417,0.000495992,0.236536250,0.329927534,14.313452721,0
988,1,1,-0.206451416,-0.586089373,2.666275024,0.000576495,0.237017110,0.350496203,14.353837967,0
989,1,1,-0.206453323,-0.585425138,2.665847778,0.000789778,0.237499833,0.371753782,14.395467758,0
990,1,1,-0.206459045,-0.584466696,2.665451050,0.001037323,0.237988323,0.393052131,14.438181877,0
991,1,1,-0.206464767,-0.583243847,2.665084839,0.001276520,0.238483205,0.413826466,14.482015610,0
992,1,1,-0.206464767,-0.581786394,2.664775848,0.001489847,0.238993511,0.433635116,14.526789665,0
993,1,1,-0.206466675,-0.580120564,2.664508820,0.001687098,0.239513397,0.452171952,14.572409630,0
994,1,1,-0.206466675,-0.578281403,2.664279938,0.001853348,0.240049094,0.469187528,14.619063377,0
995,1,1,-0.206464767,-0.576294541,2.664100647,0.001994935,0.240607068,0.484564304,14.666378021,0
996,1,1,-0.206468582,-0.574183941,2.663978577,0.002114131,0.241171345,0.498240888,14.714613914,0
997,1,1,-0.206464767,-0.572073519,2.663906097,0.002111669,0.241700888,0.509008408,14.763121605,0
998,1,1,-0.206478119,-0.576078773,2.663921356,0.004005305,0.242860809,0.423669189,14.805622101,0
999,1,1,-0.206487656,-0.580245137,2.663970947,0.004166671,0.244019657,0.343071133,14.808860779,0
1000,1,1,-0.206493378,-0.584290206,2.664047241,0.004045793,0.245141312,0.273762524,14.816784859,0
1001,1,1,-0.206502914,-0.588120043,2.664150238,0.003831233,0.246214703,0.219329312,14.830760002,0
1002,1,1,-0.206512451,-0.591669917,2.664264679,0.003551731,0.247231975,0.183293581,14.850149155,0
1003,1,1,-0.206516266,-0.594885528,2.664382935,0.003217787,0.248177528,0.166987106,14.874140739,0
1004,1,1,-0.206523895,-0.597735286,2.664501190,0.002852221,0.249058902,0.166875094,14.901503563,0
1005,1,1,-0.206525803,-0.600200057,2.664608002,0.002467085,0.249868780,0.175796404,14.931706429,0
1006,1,1,-0.206529617,-0.602274358,2.664722443,0.002077459,0.250600547,0.187406480,14.963402748,0
1007,1,1,-0.206529617,-0.603963435,2.664813995,0.001691556,0.251282573,0.198011845,14.995742798,0
1008,1,1,-0.206533432,-0.605282843,2.664901733,0.001322328,0.251898140,0.205886737,15.028419495,0
1009,1,1,-0.206531525,-0.606449962,2.664981842,0.001169866,0.252465397,0.210506216,15.060731888,0
1010,1,1,-0.206533432,-0.607450426,2.665042877,0.001002326,0.252987832,0.212038726,15.092637062,0
1011,1,1,-0.206533432,-0.607470810,2.665088654,0.000050110,0.253469259,0.210922003,15.123978615,0
1012,0,0,-0.206531525,-0.607473135,2.665122986,0.000034464,0.253925264,0.207770571,0.000000000,0
1013,1,1,-0.206527710,-0.607299328,2.665153503,0.000176507,0.254356325,0.203240886,15.185023308,0
1014,1,1,-0.206525803,-0.607048690,2.665161133,0.000250761,0.254766852,0.197956741,15.214579582,0
1015,1,1,-0.206521988,-0.607468367,2.665153503,0.000419763,0.255172640,0.192487851,15.243648529,0
1016,1,1,-0.206520081,-0.606495619,2.665142059,0.000972817,0.255570471,0.187300026,15.272773743,0
1017,1,1,-0.206516266,-0.605471730,2.665119171,0.001024151,0.255968392,0.182695150,15.301845551,0
1018,1,1,-0.206516266,-0.604813993,2.665092468,0.000658279,0.256366819,0.178912818,15.330786705,0
1019,1,1,-0.206512451,-0.604130089,2.665058136,0.000684776,0.256773531,0.176034585,15.359761238,0
1020,1,1,-0.206504822,-0.603441417,2.665019989,0.000689770,0.257184952,0.174004585,15.388844490,0
1021,1,1,-0.206501007,-0.602767348,2.664978027,0.000675385,0.257601112,0.172763258,15.418080330,0
1022,1,1,-0.206497192,-0.602121711,2.664928436,0.000647551,0.258037180,0.172140971,15.447248459,0
1023,1,1,-0.206495285,-0.601516366,2.664890289,0.000606549,0.258470237,0.172007665,15.476801872,0
1024,1,1,-0.206489563,-0.600961745,2.664848328,0.000556236,0.258915454,0.172180682,15.506264687,0
1025,1,1,-0.206491470,-0.600463450,2.664806366,0.000500062,0.259376466,0.172556922,15.535614967,0
1026,1,1,-0.206487656,-0.600024819,2.664760590,0.000441029,0.259837896,0.173027858,15.565281868,0
1027,1,1,-0.206485748,-0.599647701,2.664718628,0.000379451,0.260311067,0.173518479,15.594782829,0
1028,1,1,-0.206483841,-0.599333823,2.664676666,0.000316676,0.260788202,0.174006820,15.624553680,0
1029,1,1,-0.206485748,-0.599079907,2.664634705,0.000257367,0.261273056,0.174420774,15.654116631,0
1030,1,1,-0.206483841,-0.598882318,2.664596558,0.000201247,0.261757880,0.174799249,15.683460236,0
1031,1,1,-0.206483841,-0.598739564,2.664554596,0.000148793,0.262250304,0.175123900,15.713029861,0
1032,1,1,-0.206483841,-0.598645270,2.664524078,0.000099110,0.262746453,0.175401568,15.742362022,0
1033,1,1,-0.206481934,-0.598595321,2.664489746,0.000060640,0.263238668,0.175653264,15.771683693,0
1034,1,1,-0.206481934,-0.598585546,2.664459229,0.000032045,0.263738483,0.175896093,15.800992966,0
1035,1,1,-0.206478119,-0.598607302,2.664428711,0.000037672,0.264234364,0.176115260,15.830292702,0
1036,1,1,-0.206481934,-0.598656595,2.664402008,0.000056191,0.264730155,0.176361725,15.859354019,0
1037,1,1,-0.206478119,-0.598728657,2.664371490,0.000078351,0.265225917,0.176596090,15.888410568,0
1038,1,1,-0.206480026,-0.598817706,2.664344788,0.000092986,0.265721649,0.176860005,15.917461395,0
1039,1,1,-0.206478119,-0.598919570,2.664321899,0.000104422,0.266217351,0.177131832,15.946512222,0
1040,1,1,-0.206474304,-0.599029839,2.664291382,0.000114477,0.266705453,0.177410975,15.975563049,0
1041,1,1,-0.206476212,-0.599144399,2.664264679,0.000117647,0.267201185,0.177718669,16.004386902,0
1042,1,1,-0.206474304,-0.599259853,2.664245605,0.000117035,0.267689317,0.178014457,16.033212662,0
1043,1,1,-0.206476212,-0.599373937,2.664215088,0.000118110,0.268173665,0.178345263,16.062271118,0
1044,1,1,-0.206480026,-0.599483490,2.664196014,0.000111267,0.268661857,0.178655267,16.090875626,0
1045,1,1,-0.206480026,-0.599587023,2.664169312,0.000106921,0.269150078,0.178991839,16.119710922,0
1046,1,1,-0.206481934,-0.599684119,2.664146423,0.000099775,0.269623071,0.179307491,16.148548126,0
1047,1,1,-0.206483841,-0.599771380,2.664119720,0.000091275,0.270103723,0.179631412,16.176929474,0
1048,1,1,-0.206481934,-0.599849105,2.664104462,0.000079231,0.270584375,0.179939792,16.205772400,0
1049,1,1,-0.206481934,-0.599917412,2.664073944,0.000074814,0.271057397,0.180262730,16.234155655,0
1050,1,1,-0.206483841,-0.599975049,2.664054871,0.000060742,0.271530449,0.180577010,16.262538910,0
1051,1,1,-0.206485748,-0.600023329,2.664028168,0.000055205,0.272003502,0.180913210,16.290922165,0
1052,1,1,-0.206485748,-0.600061953,2.664001465,0.000046956,0.272476584,0.181202814,16.319309235,0
1053,1,1,-0.206485748,-0.600091696,2.663978577,0.000037530,0.272941977,0.181522205,16.347690582,0
1054,1,1,-0.206487656,-0.600113034,2.663955688,0.000031350,0.273422688,0.181841180,16.376073837,0
1055,1,1,-0.206489563,-0.600127161,2.663917542,0.000040723,0.273895711,0.182144657,16.404455185,0
1056,1,1,-0.206487656,-0.600134254,2.663894653,0.000024038,0.274353534,0.182448030,16.432838440,0
1057,1,1,-0.206483841,-0.600135446,2.663856506,0.000038356,0.274818897,0.182774395,16.460762024,0
1058,1,1,-0.206487656,-0.600131810,2.663833618,0.000023487,0.275291950,0.183055118,16.488683701,0
1059,1,1,-0.206489563,-0.600123882,2.663810730,0.000024297,0.275757343,0.183389485,16.517065048,0
1060,1,1,-0.206489563,-0.600112498,2.663787842,0.000025563,0.276215106,0.183685958,16.544986725,0
1061,1,1,-0.206487656,-0.600098610,2.663757324,0.000033583,0.276688129,0.184005514,16.572910309,0
1062,1,1,-0.206487656,-0.600082815,2.663726807,0.000034363,0.277145922,0.184302405,16.600831985,0
1063,1,1,-0.206493378,-0.600065887,2.663688660,0.000042125,0.277611315,0.184614748,16.628755569,0
1064,1,1,-0.206493378,-0.600048304,2.663673401,0.000023281,0.278076708,0.184919596,16.656677246,0
