tick,support,on_floor,local_x,local_y,local_z,slip_m,bus_write_m,package_write_m,platform_speed,dual_contact
1,1,1,0.000001907,-0.599576354,2.500000000,0.000000000,0.000000000,0.000000000,0.000000000,0
2,1,1,0.000000000,-0.600085258,2.500930786,0.001060825,0.001023691,0.001029918,0.000000000,0
3,1,1,0.000001907,-0.600241661,2.501846313,0.000928793,0.001964350,0.001938157,0.063650124,0
4,1,1,0.000000000,-0.600347877,2.502777100,0.000936829,0.002934451,0.002887243,0.117749549,0
5,1,1,-0.000001907,-0.600409865,2.503707886,0.000932850,0.003862551,0.003793859,0.172938690,0
6,1,1,0.000000000,-0.600433707,2.504623413,0.000915840,0.004792082,0.004701384,0.227141187,0
7,1,1,0.000000000,-0.600425541,2.505538940,0.000915564,0.005722301,0.005609771,0.281252176,0
8,1,1,0.000001907,-0.600391984,2.506469727,0.000931393,0.006652871,0.006549545,0.336248994,0
9,1,1,0.000001907,-0.600338340,2.507385254,0.000917098,0.007553102,0.007444705,0.390386105,0
10,1,1,0.000001907,-0.600270271,2.508285522,0.000902838,0.008453418,0.008356108,0.444602519,0
11,1,1,0.000000000,-0.600192547,2.509201050,0.000918823,0.009338506,0.009237940,0.498923719,0
12,1,1,0.000001907,-0.600109696,2.510101318,0.000904075,0.010238852,0.010151104,0.552440882,0
13,1,1,0.000001907,-0.600025296,2.511016846,0.000919409,0.011139184,0.011064968,0.606978178,0
14,1,1,0.000003815,-0.599942327,2.511932373,0.000919281,0.012024237,0.011948879,0.661612034,0
15,1,1,0.000003815,-0.599863529,2.512832642,0.000903710,0.012909266,0.012863730,0.715412796,0
16,1,1,0.000001907,-0.599790692,2.513748169,0.000918422,0.013794275,0.013748370,0.769279301,0
17,1,1,0.000001907,-0.599724889,2.514648438,0.000902670,0.014694529,0.014648475,0.824112236,0
18,1,1,0.000001907,-0.599667430,2.515563965,0.000917329,0.015564251,0.015548707,0.878066897,0
19,1,1,0.000001907,-0.599618673,2.516464233,0.000901588,0.016464485,0.016449006,0.932047486,0
20,1,1,0.000001907,-0.599578738,2.517349243,0.000885910,0.017334197,0.017318817,0.986044824,0
21,1,1,0.000000000,-0.599547446,2.518249512,0.000900814,0.018234426,0.018234404,1.040052533,0
22,1,1,-0.000001907,-0.599524379,2.519149780,0.000900566,0.019119399,0.019119460,1.094065428,0
23,1,1,-0.000001907,-0.599508822,2.520034790,0.000885146,0.020004377,0.020019755,1.147164702,0
24,1,1,-0.000001907,-0.599500060,2.520919800,0.000885053,0.020889357,0.020904772,1.201180339,0
25,1,1,-0.000001907,-0.599497437,2.521804810,0.000885014,0.021789603,0.021789772,1.254279733,0
26,1,1,0.000000000,-0.599500000,2.522705078,0.000900274,0.022674596,0.022690019,1.308294177,0
27,1,1,0.000000000,-0.599506617,2.523590088,0.000885035,0.023544332,0.023559742,1.361392260,0
28,1,1,0.000001907,-0.599516869,2.524475098,0.000885071,0.024444591,0.024459975,1.414489985,0
29,1,1,0.000001907,-0.599529743,2.525360107,0.000885103,0.025314337,0.025329696,1.467587829,0
30,1,1,0.000001907,-0.599544346,2.526260376,0.000900387,0.026214601,0.026229935,1.520686030,0
31,1,1,0.000000000,-0.599560082,2.527130127,0.000869895,0.027084351,0.027099662,1.573784471,0
32,1,1,0.000000000,-0.599576592,2.528015137,0.000885164,0.027984619,0.027999911,1.626883626,0
33,1,1,0.000001907,-0.599592865,2.528869629,0.000854649,0.028854372,0.028854389,1.679983377,0
34,1,1,0.000001907,-0.599608898,2.529769897,0.000900411,0.029739382,0.029754648,1.732168436,0
35,1,1,-0.000001907,-0.599624276,2.530639648,0.000869895,0.030624393,0.030639652,1.785269380,0
36,1,1,0.000000000,-0.599638700,2.531524658,0.000885129,0.031494144,0.031494141,1.837455392,0
37,1,1,0.000000000,-0.599651694,2.532394409,0.000869848,0.032379154,0.032379150,1.890557051,0
38,1,1,0.000000000,-0.599663377,2.533264160,0.000869829,0.033233646,0.033233643,1.942743421,0
39,1,1,0.000000000,-0.599673986,2.534118652,0.000854558,0.034118656,0.034133911,1.994929910,0
40,1,1,0.000000000,-0.599683046,2.535003662,0.000885056,0.034988407,0.034988407,2.047116280,0
41,1,1,0.000000000,-0.599690914,2.535873413,0.000869787,0.035858158,0.035858158,2.099302530,0
42,1,1,0.000000000,-0.599697411,2.536743164,0.000869775,0.036727909,0.036727909,2.151489019,0
43,1,1,0.000000000,-0.599702716,2.537597656,0.000854509,0.037582401,0.037582401,2.203674793,0
44,1,1,0.000000000,-0.599707127,2.538467407,0.000869762,0.038452152,0.038452156,2.254945040,0
45,1,1,-0.000001907,-0.599710464,2.539337158,0.000869759,0.039321903,0.039306644,2.307130575,0
46,1,1,0.000000000,-0.599713087,2.540176392,0.000839240,0.040176392,0.040176395,2.359316111,0
47,1,1,0.000000000,-0.599714994,2.541046143,0.000869753,0.041046143,0.041046146,2.410585880,0
48,1,1,-0.000001907,-0.599716485,2.541900635,0.000854496,0.041885376,0.041885380,2.461855173,0
49,1,1,0.000000000,-0.599717379,2.542755127,0.000854495,0.042739868,0.042739872,2.513124943,0
50,1,1,0.000001907,-0.599718213,2.543624878,0.000869753,0.043609619,0.043609619,2.564394236,0
51,1,1,0.000001907,-0.599718571,2.544464111,0.000839233,0.044448853,0.044448853,2.616579294,0
52,1,1,0.000000000,-0.599719167,2.545318604,0.000854495,0.045303345,0.045303345,2.666933060,0
53,1,1,0.000000000,-0.599719644,2.546188354,0.000869751,0.046173096,0.046173096,2.718202353,0
54,1,1,0.000001907,-0.599720001,2.547027588,0.000839236,0.047012329,0.047012329,2.769471645,0
55,1,1,0.000000000,-0.599720836,2.547866821,0.000839236,0.047851563,0.047836304,2.820740938,0
56,1,1,0.000000000,-0.599721551,2.548721313,0.000854492,0.048706055,0.048706055,2.871094704,0
57,1,1,-0.000001907,-0.599722624,2.549560547,0.000839236,0.049545288,0.049545288,2.922363997,0
58,1,1,0.000000000,-0.599723816,2.550399780,0.000839236,0.050384521,0.050384521,2.972717762,0
59,1,1,0.000000000,-0.599725187,2.551239014,0.000839235,0.051223755,0.051223755,3.023071527,0
60,1,1,0.000000000,-0.599725604,2.552093506,0.000854492,0.052078247,0.052078247,3.073425531,0
61,1,1,-0.000001907,-0.599728107,2.552932739,0.000839239,0.052917480,0.052917480,3.124694586,0
62,1,1,0.000000000,-0.599730790,2.553771973,0.000839240,0.053741455,0.053741455,3.175048590,0
63,1,1,0.000000000,-0.599733472,2.554611206,0.000839238,0.054580688,0.054580688,3.224487066,0
64,1,1,0.000000000,-0.599735856,2.555450439,0.000839237,0.055419922,0.055419922,3.274841070,0
65,1,1,0.000000000,-0.599738419,2.556289673,0.000839237,0.056259155,0.056259155,3.325195074,0
66,1,1,-0.000001907,-0.599740982,2.557113647,0.000823981,0.057083130,0.057083130,3.375548840,0
67,1,1,-0.000001907,-0.599743843,2.557952881,0.000839238,0.057922363,0.057922363,3.424987316,0
68,1,1,-0.000001907,-0.599748015,2.558761597,0.000808727,0.058746338,0.058746338,3.475341320,0
69,1,1,0.000000000,-0.599749327,2.559585571,0.000823978,0.059570313,0.059570313,3.524780035,0
70,1,1,0.000000000,-0.599754035,2.560409546,0.000823988,0.060394287,0.060394287,3.574218273,0
71,1,1,0.000000000,-0.599755168,2.561233521,0.000823975,0.061218262,0.061218262,3.623656988,0
72,1,1,0.000000000,-0.599760056,2.562057495,0.000823989,0.062042236,0.062042236,3.673095226,0
73,1,1,0.000000000,-0.599762917,2.562881470,0.000823980,0.062866211,0.062866211,3.722533941,0
74,1,1,0.000001907,-0.599763870,2.563705444,0.000823977,0.063690186,0.063690186,3.771972418,0
75,1,1,0.000001907,-0.599768937,2.564529419,0.000823990,0.064514160,0.064514160,3.821410418,0
76,1,1,0.000001907,-0.599771798,2.565353394,0.000823980,0.065338135,0.065338135,3.870849371,0
77,1,1,0.000001907,-0.599774778,2.566162109,0.000808721,0.066146851,0.066146851,3.920287848,0
78,1,1,0.000000000,-0.599775314,2.567001343,0.000839236,0.066970825,0.066970825,3.968810797,0
79,1,1,0.000000000,-0.599780500,2.567794800,0.000793474,0.067779541,0.067779541,4.018249035,0
80,1,1,0.000000000,-0.599783242,2.568603516,0.000808720,0.068588257,0.068588257,4.066772461,0
81,1,1,0.000000000,-0.599785924,2.569412231,0.000808720,0.069396973,0.069396973,4.115295410,0
82,1,1,0.000000000,-0.599788666,2.570220947,0.000808720,0.070205688,0.070205688,4.163818359,0
83,1,1,0.000000000,-0.599791408,2.571029663,0.000808720,0.071014404,0.071014404,4.212341309,0
84,1,1,0.000000000,-0.599794030,2.571838379,0.000808720,0.071823120,0.071823120,4.260864258,0
85,1,1,0.000000000,-0.599796653,2.572647095,0.000808720,0.072631836,0.072631836,4.309387207,0
86,1,1,0.000000000,-0.599799454,2.573455811,0.000808721,0.073440552,0.073440552,4.357910156,0
87,1,1,0.000000000,-0.599802017,2.574264526,0.000808720,0.074249268,0.074249268,4.406433105,0
88,1,1,0.000000000,-0.599802017,2.575057983,0.000793457,0.075042725,0.075042725,4.454956055,0
89,1,1,0.000000000,-0.599807262,2.575866699,0.000808733,0.075851440,0.075851440,4.502563000,0
90,1,1,0.000000000,-0.599809706,2.576660156,0.000793461,0.076644897,0.076644897,4.551086426,0
91,1,1,0.000000000,-0.599812388,2.577453613,0.000793462,0.077438354,0.077438354,4.598693371,0
92,1,1,0.000000000,-0.599814892,2.578262329,0.000808720,0.078247070,0.078247070,4.646300793,0
93,1,1,0.000000000,-0.599817455,2.579055786,0.000793461,0.079040527,0.079040527,4.694823742,0
94,1,1,0.000000000,-0.599819958,2.579849243,0.000793461,0.079833984,0.079833984,4.742431164,0
95,1,1,-0.000001907,-0.599822521,2.580642700,0.000793463,0.080627441,0.080627441,4.790038586,0
96,1,1,-0.000001907,-0.599825144,2.581436157,0.000793461,0.081420898,0.081420898,4.837646008,0
97,1,1,-0.000001907,-0.599827588,2.582214355,0.000778202,0.082199097,0.082199097,4.885253429,0
98,1,1,-0.000001907,-0.599830151,2.583007813,0.000793461,0.082992554,0.082992554,4.931945324,0
99,1,1,-0.000001907,-0.599832714,2.583801270,0.000793461,0.083786011,0.083786011,4.979552746,0
100,1,1,-0.000001907,-0.599835157,2.584579468,0.000778202,0.084564209,0.084564209,5.027160168,0
101,1,1,-0.000001907,-0.599837720,2.585372925,0.000793461,0.085357666,0.085357666,5.073852062,0
102,1,1,-0.000001907,-0.599840283,2.586151123,0.000778202,0.086135864,0.086135864,5.121459484,0
103,1,1,-0.000001907,-0.599842727,2.586929321,0.000778202,0.086914063,0.086914063,5.168151379,0
104,1,1,-0.000001907,-0.599845350,2.587722778,0.000793461,0.087707520,0.087707520,5.214843273,0
105,1,1,0.000000000,-0.599847913,2.588500977,0.000778205,0.088485718,0.088485718,5.262450695,0
106,1,1,-0.000001907,-0.599850476,2.589279175,0.000778205,0.089263916,0.089263916,5.309142590,0
107,1,1,-0.000001907,-0.599852979,2.590057373,0.000778202,0.090042114,0.090042114,5.355834484,0
108,1,1,-0.000001907,-0.599855483,2.590820313,0.000762944,0.090805054,0.090805054,5.402526379,0
109,1,1,-0.000001907,-0.599858046,2.591598511,0.000778202,0.091583252,0.091583252,5.448302746,0
110,1,1,-0.000001907,-0.599860549,2.592376709,0.000778202,0.092361450,0.092361450,5.494994640,0
111,1,1,-0.000001907,-0.599863052,2.593154907,0.000778202,0.093124390,0.093124390,5.541686535,0
112,1,1,0.000000000,-0.599865615,2.593933105,0.000778205,0.093902588,0.093902588,5.587462902,0
113,1,1,-0.000001907,-0.599868119,2.594680786,0.000747687,0.094665527,0.094665527,5.634154797,0
114,1,1,0.000000000,-0.599868774,2.595458984,0.000778201,0.095443726,0.095443726,5.679931164,0
115,1,1,0.000000000,-0.599873185,2.596221924,0.000762952,0.096206665,0.096206665,5.726622581,0
116,1,1,0.000000000,-0.599875808,2.596984863,0.000762944,0.096969604,0.096969604,5.772399426,0
117,1,1,0.000000000,-0.599878192,2.597747803,0.000762943,0.097732544,0.097732544,5.818175793,0
118,1,1,0.000001907,-0.599880815,2.598510742,0.000762946,0.098495483,0.098495483,5.863952160,0
119,1,1,0.000000000,-0.599883139,2.599273682,0.000762945,0.099258423,0.099258423,5.909728527,0
120,1,1,0.000000000,-0.599885821,2.600036621,0.000762944,0.100021362,0.100021362,5.955504894,0
121,1,1,0.000000000,-0.599888265,2.600799561,0.000762943,0.100784302,0.100784302,6.001281261,0
122,1,1,0.000000000,-0.599890769,2.601547241,0.000747685,0.101531982,0.101531982,6.047057629,0
123,1,1,0.000000000,-0.599893212,2.602310181,0.000762943,0.102294922,0.102294922,6.091918468,0
124,1,1,0.000000000,-0.599895775,2.603073120,0.000762944,0.103057861,0.103057861,6.137694836,0
125,1,1,0.000000000,-0.599898219,2.603820801,0.000747685,0.103805542,0.103805542,6.183471203,0
126,1,1,0.000001907,-0.599900603,2.604568481,0.000747687,0.104553223,0.104553223,6.228332043,0
127,1,1,0.000000000,-0.599903166,2.605331421,0.000762946,0.105316162,0.105316162,6.273192883,0
128,1,1,0.000000000,-0.599905670,2.606079102,0.000747685,0.106063843,0.106063843,6.318969250,0
129,1,1,0.000001907,-0.599908054,2.606826782,0.000747687,0.106811523,0.106811523,6.363830090,0
130,1,1,0.000000000,-0.599910498,2.607574463,0.000747687,0.107559204,0.107559204,6.408690929,0
131,1,1,0.000000000,-0.599912882,2.608322144,0.000747684,0.108306885,0.108306885,6.453551769,0
132,1,1,0.000001907,-0.599915445,2.609069824,0.000747688,0.109054565,0.109054565,6.498412609,0
133,1,1,-0.000001907,-0.599917412,2.609802246,0.000732434,0.109786987,0.109786987,6.543273449,0
134,1,1,-0.000001907,-0.599920273,2.610549927,0.000747686,0.110534668,0.110534668,6.587218761,0
135,1,1,-0.000001907,-0.599922657,2.611297607,0.000747684,0.111282349,0.111282349,6.632079601,0
136,1,1,-0.000001907,-0.599924982,2.612030029,0.000732426,0.112014771,0.112014771,6.676940441,0
137,1,1,0.000000000,-0.599927425,2.612777710,0.000747687,0.112762451,0.112762451,6.720885754,0
138,1,1,-0.000001907,-0.599929929,2.613525391,0.000747687,0.113494873,0.113494873,6.765746593,0
139,1,1,-0.000001907,-0.599932253,2.614257813,0.000732426,0.114227295,0.114227295,6.809691906,0
140,1,1,0.000000000,-0.599934697,2.614990234,0.000732428,0.114974976,0.114974976,6.853637218,0
141,1,1,-0.000001907,-0.599937081,2.615722656,0.000732428,0.115707397,0.115707397,6.898498058,0
142,1,1,-0.000001907,-0.599939525,2.616455078,0.000732426,0.116439819,0.116439819,6.942443371,0
143,1,1,-0.000001907,-0.599941969,2.617187500,0.000732426,0.117172241,0.117172241,6.986388683,0
144,1,1,0.000000000,-0.599944293,2.617919922,0.000732428,0.117904663,0.117904663,7.030333996,0
145,1,1,-0.000001907,-0.599946618,2.618637085,0.000717169,0.118621826,0.118621826,7.074279308,0
146,1,1,-0.000001907,-0.599949062,2.619369507,0.000732426,0.119354248,0.119354248,7.117309093,0
147,1,1,-0.000001907,-0.599951446,2.620101929,0.000732426,0.120086670,0.120086670,7.161254406,0
148,1,1,0.000000000,-0.599953830,2.620819092,0.000717170,0.120803833,0.120803833,7.205199718,0
149,1,1,-0.000001907,-0.599956214,2.621551514,0.000732428,0.121536255,0.121536255,7.248229504,0
150,1,1,-0.000001907,-0.599958539,2.622268677,0.000717167,0.122253418,0.122253418,7.292174816,0
151,1,1,-0.000001907,-0.599961936,2.623001099,0.000732430,0.122985840,0.122985840,7.335204601,0
152,1,1,-0.000001907,-0.599963307,2.623718262,0.000717164,0.123703003,0.123703003,7.379149914,0
153,1,1,0.000000000,-0.599965692,2.624435425,0.000717170,0.124420166,0.124420166,7.422179699,0
154,1,1,0.000000000,-0.599967957,2.625152588,0.000717167,0.125137329,0.125137329,7.465209484,0
155,1,1,-0.000001907,-0.599970341,2.625869751,0.000717170,0.125854492,0.125854492,7.508239269,0
156,1,1,-0.000001907,-0.599972725,2.626586914,0.000717167,0.126571655,0.126571655,7.551269054,0
157,1,1,-0.000001907,-0.599974990,2.627304077,0.000717167,0.127288818,0.127288818,7.594298840,0
158,1,1,0.000000000,-0.599977374,2.628021240,0.000717170,0.128005981,0.128005981,7.637328625,0
159,1,1,-0.000001907,-0.599979639,2.628723145,0.000701911,0.128707886,0.128707886,7.680358410,0
160,1,1,-0.000001907,-0.599982023,2.629440308,0.000717167,0.129425049,0.129425049,7.722472668,0
161,1,1,-0.000001907,-0.599984288,2.630157471,0.000717167,0.130126953,0.130126953,7.765502453,0
162,1,1,-0.000001907,-0.599986672,2.630859375,0.000701908,0.130844116,0.130844116,7.807616711,0
163,1,1,0.000000000,-0.599988937,2.631561279,0.000701911,0.131546021,0.131546021,7.850646496,0
164,1,1,0.000000000,-0.599991322,2.632278442,0.000717167,0.132263184,0.132263184,7.892760754,0
165,1,1,-0.000001907,-0.599993587,2.632980347,0.000701911,0.132965088,0.132965088,7.935790539,0
166,1,1,-0.000001907,-0.599995852,2.633682251,0.000701908,0.133666992,0.133666992,7.977904797,0
167,1,1,-0.000001907,-0.599998236,2.634384155,0.000701908,0.134368896,0.134368896,8.020019531,0
168,1,1,-0.000001907,-0.600000501,2.635086060,0.000701908,0.135070801,0.135070801,8.062133789,0
169,1,1,0.000000000,-0.600002766,2.635787964,0.000701911,0.135772705,0.135772705,8.104248047,0
170,1,1,0.000000000,-0.600005150,2.636489868,0.000701908,0.136474609,0.136474609,8.146362305,0
171,1,1,-0.000001907,-0.600007415,2.637191772,0.000701911,0.137176514,0.137176514,8.188476563,0
172,1,1,-0.000001907,-0.600009561,2.637878418,0.000686649,0.137863159,0.137863159,8.230590820,0
173,1,1,-0.000001907,-0.600011945,2.638580322,0.000701908,0.138565063,0.138565063,8.271789551,0
174,1,1,-0.000001907,-0.600014210,2.639282227,0.000701908,0.139266968,0.139266968,8.313903809,0
175,1,1,0.000000000,-0.600016475,2.639968872,0.000686652,0.139953613,0.139953613,8.356018066,0
176,1,1,0.000000000,-0.600018740,2.640655518,0.000686649,0.140640259,0.140640259,8.397216797,0
177,1,1,0.000000000,-0.600021005,2.641357422,0.000701908,0.141342163,0.141342163,8.438415527,0
178,1,1,0.000000000,-0.600023270,2.642044067,0.000686649,0.142028809,0.142028809,8.480529785,0
179,1,1,-0.000001907,-0.600025535,2.642730713,0.000686652,0.142715454,0.142715454,8.521728516,0
180,1,1,-0.000001907,-0.600027680,2.643417358,0.000686649,0.143402100,0.143402100,8.562927246,0
181,1,1,-0.000001907,-0.600030065,2.644119263,0.000701908,0.144088745,0.144088745,8.604125977,0
182,1,1,-0.000001907,-0.600032210,2.644790649,0.000671390,0.144775391,0.144775391,8.645324707,0
183,1,1,-0.000001907,-0.600034475,2.645477295,0.000686649,0.145462036,0.145462036,8.686523438,0
184,1,1,0.000000000,-0.600036740,2.646163940,0.000686652,0.146148682,0.146148682,8.727722168,0
185,1,1,0.000000000,-0.600039005,2.646850586,0.000686649,0.146835327,0.146835327,8.768920898,0
186,1,1,0.000000000,-0.600041270,2.647521973,0.000671391,0.147506714,0.147506714,8.810119629,0
187,1,1,0.000000000,-0.600043416,2.648208618,0.000686649,0.148193359,0.148193359,8.850402832,0
188,1,1,0.000000000,-0.600045681,2.648880005,0.000671391,0.148864746,0.148864746,8.891601563,0
189,1,1,0.000000000,-0.600047946,2.649566650,0.000686649,0.149551392,0.149551392,8.931884766,0
190,1,1,-0.000001907,-0.600050092,2.650238037,0.000671393,0.150222778,0.150222778,8.973083496,0
191,1,1,-0.000001907,-0.600052357,2.650909424,0.000671391,0.150894165,0.150894165,9.013366699,0
192,1,1,-0.000001907,-0.600054502,2.651596069,0.000686649,0.151580811,0.151580811,9.053649902,0
193,1,1,-0.000001907,-0.600056767,2.652267456,0.000671391,0.152252197,0.152252197,9.094848633,0
194,1,1,-0.000001907,-0.600058913,2.652938843,0.000671390,0.152923584,0.152923584,9.135131836,0
195,1,1,-0.000003815,-0.600063682,2.653610229,0.000671406,0.153594971,0.153594971,9.175414085,0
196,1,1,-0.000003815,-0.600063324,2.654281616,0.000671387,0.154266357,0.154266357,9.215698242,0
197,1,1,-0.000003815,-0.600065470,2.654937744,0.000656131,0.154922485,0.154922485,9.255980492,0
198,1,1,-0.000003815,-0.600067675,2.655609131,0.000671390,0.155593872,0.155593872,9.295348167,0
199,1,1,-0.000003815,-0.600069880,2.656280518,0.000671390,0.156265259,0.156265259,9.335631371,0
200,1,1,-0.000003815,-0.600072026,2.656951904,0.000671390,0.156921387,0.156921387,9.375914574,0
201,1,1,-0.000003815,-0.600074232,2.657608032,0.000656132,0.157592773,0.157592773,9.415282249,0
202,1,1,-0.000003815,-0.600076377,2.658264160,0.000656131,0.158248901,0.158248901,9.455565453,0
203,1,1,-0.000003815,-0.600078583,2.658935547,0.000671390,0.158920288,0.158920288,9.494933128,0
204,1,1,-0.000003815,-0.600080729,2.659591675,0.000656131,0.159576416,0.159576416,9.535216331,0
205,1,1,-0.000003815,-0.600082874,2.660247803,0.000656131,0.160232544,0.160232544,9.574584007,0
206,1,1,-0.000003815,-0.600085020,2.660919189,0.000671390,0.160903931,0.160903931,9.613951683,0
207,1,1,-0.000003815,-0.600087225,2.661575317,0.000656132,0.161560059,0.161560059,9.654234886,0
208,1,1,-0.000003815,-0.600089371,2.662231445,0.000656131,0.162216187,0.162216187,9.693602562,0
209,1,1,-0.000003815,-0.600091517,2.662887573,0.000656131,0.162872314,0.162872314,9.732970238,0
210,1,1,-0.000003815,-0.600093663,2.663543701,0.000656131,0.163528442,0.163528442,9.772337914,0
211,1,1,-0.000003815,-0.600095749,2.664184570,0.000640873,0.164169312,0.164169312,9.811705589,0
212,1,1,-0.000003815,-0.600097895,2.664840698,0.000656131,0.164825439,0.164825439,9.850157738,0
213,1,1,-0.000003815,-0.600100040,2.665496826,0.000656131,0.165481567,0.165481567,9.889525414,0
214,1,1,-0.000003815,-0.600102127,2.666137695,0.000640873,0.166122437,0.166122437,9.928893089,0
215,1,1,-0.000003815,-0.600104272,2.666793823,0.000656131,0.166778564,0.166778564,9.967345238,0
216,1,1,-0.000003815,-0.600106359,2.667434692,0.000640873,0.167419434,0.167419434,10.006712914,0
217,1,1,-0.000003815,-0.600108564,2.668106079,0.000671390,0.168075562,0.168075562,10.045165062,0
218,1,1,-0.000003815,-0.600110650,2.668731689,0.000625614,0.168716431,0.168716431,10.084532738,0
219,1,1,-0.000003815,-0.600112796,2.669372559,0.000640873,0.169357300,0.169357300,10.122984886,0
220,1,1,-0.000003815,-0.600114882,2.670028687,0.000656131,0.170013428,0.170013428,10.161437035,0
221,1,1,-0.000001907,-0.600117028,2.670669556,0.000640876,0.170654297,0.170654297,10.200804710,0
222,1,1,-0.000001907,-0.600119114,2.671310425,0.000640873,0.171295166,0.171295166,10.239256859,0
223,1,1,-0.000001907,-0.600121200,2.671951294,0.000640873,0.171936035,0.171936035,10.277709007,0
224,1,1,-0.000001907,-0.600123346,2.672592163,0.000640873,0.172576904,0.172576904,10.316161156,0
225,1,1,-0.000001907,-0.600125372,2.673217773,0.000625614,0.173202515,0.173202515,10.354613304,0
226,1,1,-0.000001907,-0.600127459,2.673858643,0.000640873,0.173843384,0.173843384,10.392149925,0
227,1,1,-0.000001907,-0.600129545,2.674499512,0.000640873,0.174484253,0.174484253,10.430602074,0
228,1,1,-0.000001907,-0.600131631,2.675140381,0.000640873,0.175125122,0.175125122,10.469054222,0
229,1,1,-0.000003815,-0.600133657,2.675765991,0.000625617,0.175750732,0.175750732,10.507506371,0
230,1,1,-0.000003815,-0.600135803,2.676406860,0.000640873,0.176391602,0.176391602,10.545042992,0
231,1,1,-0.000003815,-0.600137830,2.677032471,0.000625614,0.177017212,0.177017212,10.583495140,0
232,1,1,-0.000003815,-0.600139856,2.677658081,0.000625614,0.177642822,0.177642822,10.621031761,0
233,1,1,-0.000001907,-0.600142002,2.678314209,0.000656134,0.178283691,0.178283691,10.658568382,0
234,1,1,-0.000001907,-0.600144029,2.678924561,0.000610355,0.178909302,0.178909302,10.697020531,0
235,1,1,-0.000001907,-0.600146055,2.679550171,0.000625614,0.179534912,0.179534912,10.734557152,0
236,1,1,-0.000001907,-0.600148141,2.680175781,0.000625614,0.180160522,0.180160522,10.772093773,0
237,1,1,-0.000001907,-0.600150168,2.680801392,0.000625614,0.180786133,0.180786133,10.809630394,0
238,1,1,-0.000001907,-0.600152194,2.681427002,0.000625614,0.181411743,0.181411743,10.847167015,0
239,1,1,-0.000003815,-0.600154221,2.682052612,0.000625617,0.182037354,0.182037354,10.884703636,0
240,1,1,-0.000003815,-0.600156307,2.682678223,0.000625614,0.182662964,0.182662964,10.922240257,0
241,1,1,-0.000001907,-0.600158334,2.683288574,0.000610358,0.183273315,0.183273315,10.959776878,0
242,1,1,-0.000001907,-0.600160360,2.683914185,0.000625614,0.183898926,0.183898926,10.996397972,0
243,1,1,-0.000001907,-0.600162387,2.684539795,0.000625614,0.184524536,0.184524536,11.033934593,0
244,1,1,-0.000001907,-0.600164413,2.685150146,0.000610355,0.185134888,0.185134888,11.071471214,0
245,1,1,-0.000001907,-0.600166440,2.685775757,0.000625614,0.185760498,0.185760498,11.108092308,0
246,1,1,-0.000003815,-0.600168407,2.686386108,0.000610358,0.186370850,0.186370850,11.145628929,0
247,1,1,-0.000003815,-0.600170434,2.686996460,0.000610355,0.186981201,0.186981201,11.182250023,0
248,1,1,-0.000001907,-0.600172460,2.687622070,0.000625617,0.187606812,0.187606812,11.218871117,0
249,1,1,-0.000001907,-0.600174487,2.688232422,0.000610355,0.188217163,0.188217163,11.256407738,0
250,1,1,-0.000001907,-0.600176513,2.688842773,0.000610355,0.188827515,0.188827515,11.293028831,0
251,1,1,-0.000001907,-0.600178540,2.689453125,0.000610355,0.189437866,0.189437866,11.329649925,0
252,1,1,-0.000003815,-0.600180507,2.690063477,0.000610358,0.190048218,0.190048218,11.366271019,0
253,1,1,-0.000001907,-0.600182533,2.690673828,0.000610358,0.190658569,0.190658569,11.402892113,0
254,1,1,-0.000001907,-0.600184500,2.691284180,0.000610355,0.191268921,0.191268921,11.439513206,0
255,1,1,-0.000001907,-0.600186527,2.691894531,0.000610355,0.191879272,0.191879272,11.476134300,0
256,1,1,-0.000001907,-0.600188434,2.692489624,0.000595096,0.192474365,0.192474365,11.512755394,0
257,1,1,-0.000003815,-0.600190401,2.693099976,0.000610358,0.193084717,0.193084717,11.548460960,0
258,1,1,-0.000001907,-0.600192428,2.693710327,0.000610358,0.193695068,0.193695068,11.585082054,0
259,1,1,-0.000001907,-0.600194395,2.694305420,0.000595096,0.194290161,0.194290161,11.621703148,0
260,1,1,-0.000001907,-0.600196362,2.694915771,0.000610355,0.194900513,0.194900513,11.657408714,0
261,1,1,-0.000001907,-0.600198388,2.695510864,0.000595096,0.195495605,0.195495605,11.694029808,0
262,1,1,-0.000003815,-0.600200295,2.696105957,0.000595099,0.196090698,0.196090698,11.729735374,0
263,1,1,-0.000001907,-0.600202262,2.696716309,0.000610358,0.196685791,0.196685791,11.765440941,0
264,1,1,-0.000001907,-0.600204229,2.697311401,0.000595096,0.197296143,0.197296143,11.801146507,0
265,1,1,-0.000001907,-0.600206196,2.697906494,0.000595096,0.197891235,0.197891235,11.837767601,0
266,1,1,0.000000000,-0.600207210,2.698501587,0.000595097,0.198486328,0.198486328,11.873473167,0
267,1,1,0.000000000,-0.600210071,2.699096680,0.000595100,0.199081421,0.199081421,11.909178734,0
268,1,1,-0.000001907,-0.600211978,2.699691772,0.000595099,0.199676514,0.199676514,11.944884300,0
269,1,1,0.000000000,-0.600214005,2.700286865,0.000595099,0.200271606,0.200271606,11.980589867,0
270,1,1,0.000000000,-0.600215912,2.700866699,0.000579837,0.200851440,0.200851440,12.016295433,0
271,1,1,0.000000000,-0.600217819,2.701461792,0.000595096,0.201446533,0.201446533,12.051085472,0
272,1,1,-0.000001907,-0.600219727,2.702056885,0.000595099,0.202041626,0.202041626,12.086791039,0
273,1,1,0.000000000,-0.600221753,2.702651978,0.000595099,0.202636719,0.202636719,12.122496605,0
274,1,1,0.000000000,-0.600223660,2.703231812,0.000579837,0.203216553,0.203216553,12.158202171,0
275,1,1,0.000000000,-0.600225568,2.703826904,0.000595096,0.203811646,0.203811646,12.192992210,0
276,1,1,-0.000001907,-0.600227475,2.704406738,0.000579840,0.204391479,0.204391479,12.228697777,0
277,1,1,0.000000000,-0.600229383,2.704986572,0.000579840,0.204971313,0.204971313,12.263487816,0
278,1,1,0.000000000,-0.600231290,2.705581665,0.000595096,0.205566406,0.205566406,12.298277855,0
279,1,1,0.000000000,-0.600233197,2.706161499,0.000579837,0.206146240,0.206146240,12.333983421,0
280,1,1,0.000000000,-0.600235105,2.706741333,0.000579837,0.206726074,0.206726074,12.368773460,0
281,1,1,0.000000000,-0.600237012,2.707321167,0.000579837,0.207305908,0.207305908,12.403563499,0
282,1,1,0.000000000,-0.600238919,2.707901001,0.000579837,0.207885742,0.207885742,12.438353539,0
283,1,1,-0.000001907,-0.600240827,2.708480835,0.000579840,0.208465576,0.208465576,12.473143578,0
284,1,1,0.000000000,-0.600242734,2.709060669,0.000579840,0.209045410,0.209045410,12.507933617,0
285,1,1,0.000000000,-0.600244641,2.709640503,0.000579837,0.209625244,0.209625244,12.542723656,0
286,1,1,-0.000001907,-0.600246549,2.710220337,0.000579840,0.210205078,0.210205078,12.577513695,0
287,1,1,0.000000000,-0.600248337,2.710784912,0.000564581,0.210769653,0.210769653,12.612303734,0
288,1,1,0.000000000,-0.600250244,2.711364746,0.000579837,0.211349487,0.211349487,12.646178246,0
289,1,1,0.000000000,-0.600252151,2.711944580,0.000579837,0.211929321,0.211929321,12.680968285,0
290,1,1,0.000000000,-0.600254059,2.712524414,0.000579837,0.212493896,0.212493896,12.715758324,0
291,1,1,0.000000000,-0.600255966,2.713088989,0.000564578,0.213073730,0.213073730,12.749632835,0
292,1,1,0.000000000,-0.600257754,2.713653564,0.000564578,0.213638306,0.213638306,12.784422874,0
293,1,1,0.000000000,-0.600259542,2.714218140,0.000564578,0.214202881,0.214202881,12.818297386,0
294,1,1,0.000000000,-0.600261450,2.714797974,0.000579837,0.214782715,0.214782715,12.852171898,0
295,1,1,0.000000000,-0.600263357,2.715362549,0.000564578,0.215347290,0.215347290,12.886961937,0
296,1,1,0.000000000,-0.600265145,2.715927124,0.000564578,0.215911865,0.215911865,12.920836449,0
297,1,1,0.000000000,-0.600267053,2.716491699,0.000564578,0.216476440,0.216476440,12.954710960,0
298,1,1,0.000000000,-0.600268841,2.717056274,0.000564578,0.217041016,0.217041016,12.988585472,0
299,1,1,0.000000000,-0.600270748,2.717620850,0.000564578,0.217605591,0.217605591,13.022459984,0
300,1,1,0.000000000,-0.600272536,2.718185425,0.000564578,0.218170166,0.218170166,13.056334496,0
301,1,1,0.000000000,-0.600274444,2.718750000,0.000564578,0.218734741,0.218734741,13.090209007,0
302,1,1,0.000000000,-0.600276232,2.719314575,0.000564578,0.219299316,0.219299316,13.124083519,0
303,1,1,0.000000000,-0.600278139,2.719879150,0.000564578,0.219848633,0.219848633,13.157958031,0
304,1,1,-0.000001907,-0.600279927,2.720428467,0.000549323,0.220413208,0.220413208,13.190917015,0
305,1,1,0.000000000,-0.600281715,2.720993042,0.000564581,0.220977783,0.220977783,13.224791527,0
306,1,1,0.000000000,-0.600283504,2.721542358,0.000549319,0.221527100,0.221527100,13.258666039,0
307,1,1,0.000000000,-0.600285411,2.722106934,0.000564578,0.222091675,0.222091675,13.291625023,0
308,1,1,0.000000000,-0.600287199,2.722656250,0.000549319,0.222640991,0.222640991,13.325499535,0
309,1,1,0.000000000,-0.600288987,2.723220825,0.000564578,0.223205566,0.223205566,13.358458519,0
310,1,1,0.000000000,-0.600290895,2.723770142,0.000549320,0.223754883,0.223754883,13.392333031,0
311,1,1,0.000000000,-0.600292683,2.724319458,0.000549319,0.224304199,0.224304199,13.425292015,0
312,1,1,0.000000000,-0.600294471,2.724868774,0.000549319,0.224853516,0.224853516,13.458250999,0
313,1,1,0.000000000,-0.600296259,2.725418091,0.000549319,0.225402832,0.225402832,13.491209984,0
314,1,1,0.000000000,-0.600298047,2.725967407,0.000549319,0.225952148,0.225952148,13.524168968,0
315,1,1,0.000000000,-0.600299835,2.726516724,0.000549319,0.226501465,0.226501465,13.557127953,0
316,1,1,0.000000000,-0.600301623,2.727066040,0.000549319,0.227050781,0.227050781,13.590086937,0
317,1,1,0.000000000,-0.600303411,2.727615356,0.000549319,0.227600098,0.227600098,13.623045921,0
318,1,1,0.000000000,-0.600305200,2.728164673,0.000549319,0.228149414,0.228149414,13.656004906,0
319,1,1,0.000000000,-0.600306988,2.728713989,0.000549319,0.228698730,0.228698730,13.688963890,0
320,1,1,0.000000000,-0.600308895,2.729263306,0.000549320,0.229248047,0.229248047,13.721922874,0
321,1,1,0.000000000,-0.600310564,2.729797363,0.000534060,0.229782104,0.229782104,13.754881859,0
322,1,1,0.000000000,-0.600312352,2.730346680,0.000549319,0.230331421,0.230331421,13.786925316,0
323,1,1,0.000000000,-0.600314140,2.730880737,0.000534061,0.230865479,0.230865479,13.819884300,0
324,1,1,0.000000000,-0.600315928,2.731430054,0.000549319,0.231414795,0.231414795,13.851927757,0
325,1,1,0.000000000,-0.600317717,2.731964111,0.000534061,0.231948853,0.231948853,13.884886742,0
326,1,1,0.000000000,-0.600319505,2.732513428,0.000549319,0.232498169,0.232498169,13.916930199,0
327,1,1,0.000000000,-0.600321293,2.733047485,0.000534061,0.233032227,0.233032227,13.949889183,0
328,1,1,0.000000000,-0.600322962,2.733581543,0.000534060,0.233566284,0.233566284,13.981932640,0
329,1,1,0.000000000,-0.600324750,2.734115601,0.000534061,0.234100342,0.234100342,14.013976097,0
330,1,1,0.000000000,-0.600326538,2.734649658,0.000534061,0.234634399,0.234634399,14.046019554,0
331,1,1,0.000000000,-0.600328207,2.735183716,0.000534060,0.235168457,0.235168457,14.078063011,0
332,1,1,0.000000000,-0.600329995,2.735717773,0.000534061,0.235702515,0.235702515,14.110106468,0
333,1,1,0.000000000,-0.600331783,2.736251831,0.000534061,0.236236572,0.236236572,14.142149925,0
334,1,1,0.000000000,-0.600333452,2.736785889,0.000534060,0.236770630,0.236770630,14.174193382,0
335,1,1,0.000000000,-0.600335240,2.737319946,0.000534061,0.237304688,0.237304688,14.206236839,0
336,1,1,0.000000000,-0.600336909,2.737854004,0.000534060,0.237838745,0.237838745,14.238280296,0
337,1,1,0.000000000,-0.600338697,2.738372803,0.000518802,0.238357544,0.238357544,14.270323753,0
338,1,1,0.000000000,-0.600340366,2.738906860,0.000534060,0.238891602,0.238891602,14.301451683,0
339,1,1,0.000000000,-0.600342155,2.739440918,0.000534061,0.239425659,0.239425659,14.333495140,0
340,1,1,0.000000000,-0.600343823,2.739959717,0.000518802,0.239944458,0.239944458,14.365538597,0
341,1,1,0.000000000,-0.600345612,2.740493774,0.000534061,0.240478516,0.240478516,14.396666527,0
342,1,1,0.000000000,-0.600347281,2.741012573,0.000518802,0.240997314,0.240997314,14.428709984,0
343,1,1,-0.000001907,-0.600349069,2.741531372,0.000518805,0.241516113,0.241516113,14.459837914,0
344,1,1,-0.000001907,-0.600350738,2.742065430,0.000534060,0.242050171,0.242050171,14.490965843,0
345,1,1,-0.000001907,-0.600352407,2.742584229,0.000518802,0.242568970,0.242568970,14.523009300,0
346,1,1,-0.000001907,-0.600354195,2.743103027,0.000518802,0.243087769,0.243087769,14.554137230,0
347,1,1,-0.000001907,-0.600355864,2.743621826,0.000518802,0.243606567,0.243606567,14.585265160,0
348,1,1,-0.000001907,-0.600357533,2.744140625,0.000518802,0.244125366,0.244125366,14.616393089,0
349,1,1,-0.000001907,-0.600359201,2.744659424,0.000518802,0.244644165,0.244644165,14.647521019,0
350,1,1,-0.000001907,-0.600360990,2.745178223,0.000518802,0.245162964,0.245162964,14.678648949,0
351,1,1,-0.000001907,-0.600362659,2.745697021,0.000518802,0.245681763,0.163391337,14.709776878,0
352,1,1,-0.000001907,-0.600364327,2.746215820,0.000518802,0.246200562,0.163727030,14.740904808,0
353,1,1,-0.000001907,-0.600365996,2.746734619,0.000518802,0.246719360,0.164062724,14.772032738,0
354,1,1,-0.000001907,-0.600367785,2.747253418,0.000518802,0.247238159,0.164413676,14.803160667,0
355,1,1,-0.000001907,-0.600369334,2.747756958,0.000503542,0.247741699,0.164749369,14.834288597,0
356,1,1,-0.000001907,-0.600371122,2.748275757,0.000518802,0.248260498,0.165100321,14.864500999,0
357,1,1,-0.000001907,-0.600372791,2.748794556,0.000518802,0.248779297,0.165436015,14.895628929,0
358,1,1,-0.000001907,-0.600568533,2.808578491,0.059784256,0.249282837,0.165771708,14.926756859,1
359,1,1,-0.000001907,-0.600837946,2.890884399,0.082306348,0.249786377,0.166107401,14.956969261,1
360,1,1,-0.000001907,-0.601114392,2.975311279,0.084427334,0.250305176,0.166458353,14.987181664,1
361,1,1,-0.000003815,-0.600366831,3.059906006,0.084598027,0.250808716,0.166778788,15.018309593,1
362,1,1,-0.000003815,-0.600644350,3.144668579,0.084763028,0.251327515,0.167144999,15.048521996,1
363,1,1,-0.000005722,-0.600922465,3.229598999,0.084930874,0.251831055,0.167465433,15.079649925,1
364,1,1,-0.000005722,-0.601194561,3.312728882,0.083130330,0.252334595,0.167801127,15.109862328,1
365,1,1,-0.000007629,-0.600372970,3.398025513,0.085300587,0.252838135,0.168136820,15.140074730,1
366,1,1,-0.000007629,-0.600652635,3.483459473,0.085434414,0.253341675,0.168472514,15.170287132,1
367,1,1,-0.000007629,-0.600932956,3.569076538,0.085617527,0.253845215,0.168808222,15.200499535,1
368,1,1,-0.000009537,-0.601213813,3.654861450,0.085785374,0.254348755,0.169143900,15.230711937,1
369,1,1,-0.000009537,-0.600381613,3.740814209,0.085956782,0.254852295,0.169479594,15.260924339,1
370,1,1,-0.000013351,-0.600663543,3.826934814,0.086121067,0.255355835,0.169815287,15.291136742,1
371,1,1,-0.000013351,-0.600945950,3.913223267,0.086288914,0.255859375,0.170150980,15.321349144,1
372,1,1,-0.000015259,-0.601222515,3.997665405,0.084442593,0.256347656,0.170471415,15.351561546,1
373,1,1,-0.000015259,-0.600386202,4.084274292,0.086612925,0.256851196,0.170807123,15.380858421,1
374,1,1,-0.000015259,-0.600670397,4.171066284,0.086792454,0.257354736,0.171142817,15.411070824,1
375,1,1,-0.000017166,-0.600955009,4.258010864,0.086945049,0.257843018,0.171463251,15.441283226,1
376,0,1,-0.000017166,-0.615822971,4.345092773,0.088342033,0.258346558,0.171798944,15.470580101,0
377,0,1,-0.000019073,-0.660371602,4.431213379,0.096960500,0.258834839,0.172134638,15.500792503,0
378,0,0,-0.000019073,-0.668989301,4.518661499,0.087871715,0.259338379,0.172455058,10.328077316,0
379,0,0,-0.000019073,-0.680895448,4.778442383,0.260053575,0.259826660,0.172790766,0.000000000,0
380,0,0,-0.000020981,-0.695525467,5.038711548,0.260680020,0.260314941,0.173111200,0.000000000,0
381,0,0,-0.000020981,-0.712879300,5.299484253,0.261349499,0.260818481,0.173446894,0.000000000,0
382,0,0,-0.000020981,-0.732956946,5.560729980,0.262016118,0.261306763,0.173767328,0.000000000,0
383,0,0,-0.000022888,-0.755758405,5.822448730,0.262710124,0.261795044,0.174087763,0.000000000,0
384,0,0,-0.000022888,-0.781283677,6.084640503,0.263431340,0.262283325,0.174423456,0.000000000,0
385,0,0,-0.000024796,-0.809532762,6.347320557,0.264194667,0.262771606,0.174743891,0.000000000,0
386,0,0,-0.000024796,-0.840505540,6.610473633,0.264969528,0.263259888,0.175064325,0.000000000,0
387,0,0,-0.000024796,-0.874202251,6.874114990,0.265786052,0.263748169,0.175400019,0.000000000,0
388,0,0,-0.000026703,-0.910622716,7.138244629,0.266628802,0.264236450,0.175720453,0.000000000,0
389,0,0,-0.000026703,-0.949766994,7.402832031,0.267467320,0.264724731,0.176040888,0.000000000,0
390,0,0,-0.000026703,-0.991635084,7.667907715,0.268361777,0.265197754,0.176361322,0.000000000,0
391,0,1,-0.000028610,-1.003435373,7.933547974,0.265902221,0.265686035,0.176681757,0.000000000,0
392,0,1,-0.000028610,-1.004306912,8.199722290,0.266175747,0.266174316,0.177002192,0.000000000,0
393,0,1,-0.000028610,-1.005179882,8.466369629,0.266648769,0.266647339,0.177322641,0.000000000,0
394,0,1,-0.000030518,-1.006054521,8.733505249,0.267137051,0.267135620,0.177643061,0.000000000,0
395,0,1,-0.000030518,-1.006930590,9.001098633,0.267594814,0.267608643,0.177963495,0.000000000,0
396,0,1,-0.000030518,-1.007808447,9.269195557,0.268098354,0.268096924,0.178283930,0.000000000,0
397,0,1,-0.000032425,-1.008687735,9.537765503,0.268571377,0.268569946,0.178604364,0.000000000,0
398,0,1,-0.000032425,-1.009568572,9.806823730,0.269059658,0.269058228,0.178924799,0.000000000,0
399,0,1,-0.000032425,-1.010451078,10.076354980,0.269532710,0.269531250,0.179245234,0.000000000,0
400,0,1,-0.000034332,-1.011335015,10.346359253,0.270005733,0.270004272,0.179550424,0.000000000,0
401,0,1,-0.000034332,-1.012220621,10.616836548,0.270478725,0.270477295,0.179870859,0.000000000,0
402,0,1,-0.000034332,-1.013107657,10.887786865,0.270951778,0.270950317,0.180176035,0.000000000,0
403,0,1,-0.000036240,-1.013996363,11.159225464,0.271440059,0.271438599,0.180511713,0.000000000,0
404,0,1,-0.000036240,-1.014886618,11.431137085,0.271913052,0.271911621,0.180816889,0.000000000,0
405,0,1,-0.000036240,-1.015778422,11.703506470,0.272370845,0.272384644,0.181137338,0.000000000,0
406,0,1,-0.000038147,-1.016671658,11.976348877,0.272843868,0.272842407,0.181442514,0.000000000,0
407,0,1,-0.000038147,-1.017566562,12.249664307,0.273316890,0.273315430,0.181762949,0.000000000,0
408,0,1,-0.000038147,-1.018462896,12.523452759,0.273789942,0.273788452,0.182068110,0.000000000,0
409,0,1,-0.000038147,-1.019360900,12.797714233,0.274262935,0.274261475,0.182388544,0.000000000,0
410,0,1,-0.000040054,-1.020260334,13.072448730,0.274735987,0.274734497,0.182693735,0.000000000,0
411,0,1,-0.000040054,-1.021161318,13.347640991,0.275193721,0.275192261,0.182998896,0.000000000,0
412,0,1,-0.000040054,-1.022063851,13.623306274,0.275666744,0.275665283,0.183319345,0.000000000,0
413,0,1,-0.000041962,-1.022967935,13.899444580,0.276139796,0.276138306,0.183639780,0.000000000,0
414,0,1,-0.000041962,-1.023873568,14.176040649,0.276597559,0.276596069,0.183929697,0.000000000,0
415,0,1,-0.000041962,-1.024780631,14.453094482,0.277055323,0.277069092,0.184250131,0.000000000,0
416,0,1,-0.000041962,-1.025689363,14.730621338,0.277528346,0.277526855,0.184570566,0.000000000,0
417,0,1,-0.000043869,-1.026599407,15.008605957,0.277986109,0.277984619,0.184860483,0.000000000,0
418,0,1,-0.000043869,-1.027511120,15.287063599,0.278459132,0.278457642,0.185165659,0.000000000,0
419,0,1,-0.000043869,-1.028424263,15.565979004,0.278916895,0.278915405,0.185486093,0.000000000,0
420,0,1,-0.000043869,-1.029338956,15.845352173,0.279374659,0.279373169,0.185776010,0.000000000,0
421,0,1,-0.000045776,-1.030255079,16.125183105,0.279832423,0.279830933,0.186096445,0.000000000,0
422,0,1,-0.000045776,-1.031172752,16.405471802,0.280290186,0.280288696,0.186386362,0.000000000,0
423,0,1,-0.000045776,-1.032091975,16.686218262,0.280747950,0.280746460,0.186706796,0.000000000,0
424,0,1,-0.000047684,-1.033012629,16.967422485,0.281205744,0.281204224,0.186996713,0.000000000,0
425,0,1,-0.000047684,-1.033922434,17.249069214,0.281648189,0.281661987,0.187301889,0.000000000,0
426,0,1,-0.000047684,-1.034845829,17.531188965,0.282121271,0.282119751,0.187622324,0.000000000,0
427,0,1,-0.000047684,-1.035770655,17.813766479,0.282579035,0.282577515,0.187912256,0.000000000,0
428,0,1,-0.000049591,-1.036697149,18.096801758,0.283036798,0.283035278,0.188217416,0.000000000,0
429,0,1,-0.000049591,-1.037625074,18.380294800,0.283494562,0.283493042,0.188522607,0.000000000,0
430,0,1,-0.000049591,-1.038554668,18.664245605,0.283952326,0.283950806,0.188827768,0.000000000,0
431,0,1,-0.000049591,-1.039485455,18.948638916,0.284394830,0.284393311,0.189117685,0.000000000,0
432,0,1,-0.000051498,-1.040417910,19.233489990,0.284852594,0.284851074,0.189438120,0.000000000,0
433,0,1,-0.000051498,-1.041351795,19.518783569,0.285295099,0.285293579,0.189712778,0.000000000,0
434,0,1,-0.000051498,-1.042287111,19.804534912,0.285752863,0.285751343,0.190033212,0.000000000,0
435,0,1,-0.000051498,-1.043223858,20.090713501,0.286180109,0.286193848,0.190323129,0.000000000,0
436,0,1,-0.000051498,-1.044162273,20.377365112,0.286653131,0.286651611,0.190628320,0.000000000,0
437,0,1,-0.000053406,-1.045101881,20.664459229,0.287095636,0.287094116,0.190918237,0.000000000,0
438,0,1,-0.000053406,-1.046043158,20.951995850,0.287538171,0.287536621,0.191208154,0.000000000,0
439,0,1,-0.000053406,-1.046985865,21.239990234,0.287995934,0.287994385,0.191513330,0.000000000,0
440,0,1,-0.000053406,-1.047930002,21.528427124,0.288438439,0.288436890,0.191818506,0.000000000,0
441,0,1,-0.000055313,-1.048875570,21.817306519,0.288880944,0.288879395,0.192108408,0.000000000,0
442,0,1,-0.000055313,-1.049822569,22.106628418,0.289323449,0.289321899,0.192398340,0.000000000,0
443,0,1,-0.000055313,-1.050771117,22.396392822,0.289765954,0.289764404,0.192688257,0.000000000,0
444,0,1,-0.000055313,-1.051721096,22.686584473,0.290193200,0.290206909,0.192993417,0.000000000,0
445,0,1,-0.000055313,-1.052672386,22.977233887,0.290650964,0.290649414,0.193283349,0.000000000,0
446,0,1,-0.000057220,-1.053625345,23.268325806,0.291093469,0.291091919,0.193573251,0.000000000,0
447,0,1,-0.000057220,-1.054579496,23.559860229,0.291535974,0.291534424,0.193878427,0.000000000,0
448,0,1,-0.000057220,-1.055535316,23.851837158,0.291978508,0.291976929,0.194168359,0.000000000,0
449,0,1,-0.000057220,-1.056492329,24.144256592,0.292420983,0.292419434,0.194458276,0.000000000,0
450,0,1,-0.000057220,-1.057451010,24.437118530,0.292863518,0.292861938,0.194748193,0.000000000,0
451,0,1,-0.000057220,-1.058411121,24.730407715,0.293290764,0.293289185,0.195038110,0.000000000,0
452,0,1,-0.000059128,-1.059372544,25.024139404,0.293733269,0.293731689,0.195328027,0.000000000,0
453,0,1,-0.000059128,-1.060335398,25.318298340,0.294160515,0.294158936,0.195617944,0.000000000,0
454,0,1,-0.000059128,-1.061299801,25.612884521,0.294587761,0.294601440,0.195923120,0.000000000,0
455,0,1,-0.000059128,-1.062265515,25.907928467,0.295045525,0.295043945,0.196197778,0.000000000,0
456,0,1,-0.000059128,-1.063232660,26.203399658,0.295472771,0.295471191,0.196487695,0.000000000,0
457,0,1,-0.000059128,-1.064201236,26.499298096,0.295900017,0.295898438,0.196777612,0.000000000,0
458,0,1,-0.000061035,-1.065171242,26.795639038,0.296342522,0.296340942,0.197067529,0.000000000,0
459,0,1,-0.000061035,-1.066142559,27.092407227,0.296769798,0.296768188,0.197357446,0.000000000,0
460,0,1,-0.000061035,-1.067115545,27.389602661,0.297197044,0.297195435,0.197632104,0.000000000,0
461,0,1,-0.000061035,-1.068089724,27.687240601,0.297639519,0.297637939,0.197937280,0.000000000,0
462,0,1,-0.000061035,-1.069065332,27.985305786,0.298066795,0.298065186,0.198211938,0.000000000,0
463,0,1,-0.000061035,-1.070042372,28.283782959,0.298478782,0.298492432,0.198486596,0.000000000,0
464,0,1,-0.000061035,-1.071020842,28.582702637,0.298921287,0.298919678,0.198791772,0.000000000,0
465,0,1,-0.000062943,-1.072000742,28.882049561,0.299348533,0.299346924,0.199066430,0.000000000,0
466,0,1,-0.000062943,-1.072982073,29.181823730,0.299775779,0.299774170,0.199356347,0.000000000,0
467,0,1,-0.000062943,-1.073964596,29.482025146,0.300203025,0.300201416,0.199631006,0.000000000,0
468,0,1,-0.000062943,-1.074948668,29.782653809,0.300630271,0.300628662,0.199920923,0.000000000,0
469,0,1,-0.000062943,-1.075934172,30.083709717,0.301057518,0.301055908,0.200195581,0.000000000,0
470,0,1,-0.000062943,-1.076920986,30.385177612,0.301469505,0.301467896,0.200485498,0.000000000,0
471,0,1,-0.000062943,-1.077909112,30.687072754,0.301896751,0.301895142,0.200760156,0.000000000,0
472,0,1,-0.000064850,-1.078898668,30.989395142,0.302323997,0.302322388,0.201050088,0.000000000,0
473,0,1,-0.000064850,-1.079889774,31.292129517,0.302736014,0.302749634,0.201324731,0.000000000,0
474,0,1,-0.000064850,-1.080882072,31.595291138,0.303163230,0.303161621,0.201599404,0.000000000,0
475,0,1,-0.000064850,-1.081875801,31.898880005,0.303590506,0.303588867,0.201889321,0.000000000,0
476,0,1,-0.000064850,-1.082870841,32.202880859,0.304002494,0.304000854,0.202163979,0.000000000,0
477,0,1,-0.000064850,-1.083867311,32.507293701,0.304414481,0.304412842,0.202438638,0.000000000,0
478,0,1,-0.000064850,-1.084865093,32.812133789,0.304841727,0.304840088,0.202713296,0.000000000,0
479,0,1,-0.000064850,-1.085864305,33.117385864,0.305253714,0.305259705,0.203003198,0.000000000,0
480,0,1,-0.000064850,-1.086864948,33.423065186,0.305680960,0.305679321,0.203277856,0.000000000,0
481,0,1,-0.000064850,-1.087866783,33.729156494,0.306092948,0.306091309,0.203552514,0.000000000,0
482,0,1,-0.000066757,-1.088870049,34.035667419,0.306512564,0.306510925,0.203827173,0.000000000,0
483,0,1,-0.000066757,-1.089874744,34.342590332,0.306924552,0.306922913,0.204101831,0.000000000,0
484,0,1,-0.000066757,-1.090880871,34.649925232,0.307336539,0.307342529,0.204391763,0.000000000,0
485,0,1,-0.000066757,-1.091888189,34.957679749,0.307756156,0.307754517,0.204651162,0.000000000,0
486,0,1,-0.000066757,-1.092896938,35.265846252,0.308168143,0.308166504,0.204941079,0.000000000,0
487,0,1,-0.000066757,-1.093906879,35.574424744,0.308580130,0.308578491,0.205200478,0.000000000,0
488,0,1,-0.000066757,-1.094918370,35.883415222,0.308992118,0.308990479,0.205475137,0.000000000,0
489,0,1,-0.000066757,-1.095931053,36.192810059,0.309396505,0.309402466,0.205765054,0.000000000,0
490,0,1,-0.000066757,-1.096945286,36.502624512,0.309816122,0.309814453,0.206024453,0.000000000,0
491,0,1,-0.000066757,-1.097960711,36.812843323,0.310220450,0.310218811,0.206299111,0.000000000,0
492,0,1,-0.000066757,-1.098977566,37.123474121,0.310632467,0.310630798,0.206573769,0.000000000,0
493,0,1,-0.000066757,-1.099995613,37.434501648,0.311029196,0.311035156,0.206833169,0.000000000,0
494,0,1,-0.000068665,-1.101015091,37.745948792,0.311448812,0.311447144,0.207123086,0.000000000,0
495,0,1,-0.000068665,-1.102035761,38.057800293,0.311853170,0.311851501,0.207382485,0.000000000,0
496,0,1,-0.000068665,-1.103057861,38.370056152,0.312257528,0.312255859,0.207641885,0.000000000,0
497,0,1,-0.000068665,-1.104081392,38.682708740,0.312654257,0.312660217,0.207931817,0.000000000,0
498,0,1,-0.000068665,-1.105106115,38.995780945,0.313073874,0.313072205,0.208191201,0.000000000,0
499,0,1,-0.000068665,-1.106132269,39.309249878,0.313470602,0.313468933,0.208465859,0.000000000,0
500,0,1,-0.000068665,-1.107159615,39.623123169,0.313874990,0.313873291,0.208725259,0.000000000,0
501,0,1,-0.000068665,-1.108188391,39.937400818,0.314279318,0.314277649,0.208999917,0.000000000,0
502,0,1,-0.000068665,-1.109218359,40.252075195,0.314676076,0.314682007,0.209259316,0.000000000,0
503,0,1,-0.000068665,-1.110249758,40.567161560,0.315088063,0.315086365,0.209533975,0.000000000,0
504,0,1,-0.000068665,-1.111282587,40.882644653,0.315484792,0.315483093,0.209793374,0.000000000,0
505,0,1,-0.000068665,-1.112316370,41.198524475,0.315881521,0.315879822,0.210068032,0.000000000,0
506,0,1,-0.000068665,-1.113351822,41.514801025,0.316278249,0.316284180,0.210327432,0.000000000,0
507,0,1,-0.000068665,-1.114428043,41.831481934,0.316682726,0.316680908,0.210586861,0.000000000,0
508,0,1,-0.000068665,-1.115466356,42.148559570,0.317079335,0.317077637,0.210861489,0.000000000,0
509,0,1,-0.000068665,-1.116505742,42.466033936,0.317476064,0.317474365,0.211120903,0.000000000,0
510,0,1,-0.000068665,-1.117546558,42.783905029,0.317872792,0.317871094,0.211395547,0.000000000,0
511,0,1,-0.000068665,-1.118588686,43.102165222,0.318261892,0.318267822,0.211639687,0.000000000,0
512,0,1,-0.000068665,-1.119632006,43.420829773,0.318666250,0.318664551,0.211914346,0.000000000,0
513,0,1,-0.000068665,-1.120676756,43.739891052,0.319062978,0.319061279,0.212173745,0.000000000,0
514,0,1,-0.000068665,-1.121722698,44.059349060,0.319459736,0.319458008,0.212448418,0.000000000,0
515,0,1,-0.000068665,-1.122769952,44.379188538,0.319841176,0.319847107,0.212692559,0.000000000,0
516,0,1,-0.000068665,-1.123818398,44.699432373,0.320245564,0.320243835,0.212967217,0.000000000,0
517,0,1,-0.000068665,-1.124868393,45.020065308,0.320634663,0.320632935,0.213226601,0.000000000,0
518,0,1,-0.000068665,-1.125919342,45.341087341,0.321023762,0.321022034,0.213470742,0.000000000,0
519,0,1,-0.000068665,-1.126971841,45.662498474,0.321412861,0.321418762,0.213745400,0.000000000,0
520,0,1,-0.000068665,-1.128025532,45.984306335,0.321809590,0.321807861,0.214004800,0.000000000,0
521,0,1,-0.000068665,-1.129080534,46.306503296,0.322198689,0.322196960,0.214264214,0.000000000,0
522,0,1,-0.000068665,-1.130136728,46.629089355,0.322587788,0.322586060,0.214523613,0.000000000,0
523,0,1,-0.000068665,-1.131194115,46.952064514,0.322976887,0.322975159,0.214783013,0.000000000,0
524,0,1,-0.000068665,-1.132252932,47.275413513,0.323350728,0.323356628,0.215027153,0.000000000,0
525,0,1,-0.000068665,-1.133312941,47.599159241,0.323747456,0.323745728,0.215286553,0.000000000,0
526,0,1,-0.000068665,-1.134374142,47.923294067,0.324136555,0.324134827,0.215561211,0.000000000,0
527,0,1,-0.000068665,-1.135436773,48.247810364,0.324518055,0.324516296,0.215805352,0.000000000,0
528,0,1,-0.000068665,-1.136500597,48.572708130,0.324899524,0.324905396,0.216064751,0.000000000,0
529,0,1,-0.000068665,-1.137565613,48.897994995,0.325288594,0.325286865,0.216308892,0.000000000,0
530,0,1,-0.000068665,-1.138632059,49.223670959,0.325677723,0.325675964,0.216568291,0.000000000,0
531,0,1,-0.000068665,-1.139699578,49.549728394,0.326059192,0.326057434,0.216827676,0.000000000,0
532,0,1,-0.000068665,-1.140768409,49.876159668,0.326433033,0.326438904,0.217087090,0.000000000,0
533,0,1,-0.000068665,-1.141838551,50.202980042,0.326822132,0.326820374,0.217331231,0.000000000,0
534,0,1,-0.000068665,-1.142909765,50.530181885,0.327203602,0.327201843,0.217590630,0.000000000,0
535,0,1,-0.000068665,-1.143982410,50.857765198,0.327585071,0.327583313,0.217850029,0.000000000,0
536,0,1,-0.000068665,-1.145056248,51.185729980,0.327966541,0.327964783,0.218094170,0.000000000,0
537,0,1,-0.000068665,-1.146131277,51.514060974,0.328332752,0.328338623,0.218353570,0.000000000,0
538,0,1,-0.000068665,-1.147207737,51.842781067,0.328721851,0.328720093,0.218597710,0.000000000,0
539,0,1,-0.000068665,-1.148285151,52.171882629,0.329103321,0.329101563,0.218857110,0.000000000,0
540,0,1,-0.000068665,-1.149363995,52.501358032,0.329477161,0.329475403,0.219101250,0.000000000,0
541,0,1,-0.000068665,-1.150444031,52.831199646,0.329843402,0.329849243,0.219345391,0.000000000,0
542,0,1,-0.000068665,-1.151525259,53.161430359,0.330232471,0.330230713,0.219604790,0.000000000,0
543,0,1,-0.000068665,-1.152607679,53.492034912,0.330606312,0.330604553,0.219856560,0.000000000,0
544,0,1,-0.000066757,-1.153691530,53.823013306,0.330980182,0.330978394,0.220100701,0.000000000,0
545,0,1,-0.000066757,-1.154776335,54.154357910,0.331346363,0.331352234,0.220352471,0.000000000,0
546,0,1,-0.000066757,-1.155862570,54.486083984,0.331727833,0.331726074,0.220596611,0.000000000,0
547,0,1,-0.000066757,-1.156949878,54.818183899,0.332101703,0.332099915,0.220848396,0.000000000,0
548,0,1,-0.000066757,-1.158038497,55.150657654,0.332475543,0.332473755,0.221092537,0.000000000,0
549,0,1,-0.000066757,-1.159128308,55.483497620,0.332841754,0.332847595,0.221344292,0.000000000,0
550,0,1,-0.000066757,-1.160219431,55.816711426,0.333215594,0.333213806,0.221588433,0.000000000,0
551,0,1,-0.000066757,-1.161311626,56.150299072,0.333589435,0.333587646,0.221832573,0.000000000,0
552,0,1,-0.000066757,-1.162405014,56.484252930,0.333955646,0.333953857,0.222084343,0.000000000,0
553,0,1,-0.000066757,-1.163499713,56.818572998,0.334321856,0.334327698,0.222328484,0.000000000,0
554,0,1,-0.000066757,-1.164595604,57.153266907,0.334695697,0.334693909,0.222572625,0.000000000,0
555,0,1,-0.000066757,-1.165692568,57.488327026,0.335061908,0.335060120,0.222816765,0.000000000,0
556,0,1,-0.000066757,-1.166790962,57.823753357,0.335428119,0.335426331,0.223060906,0.000000000,0
557,0,1,-0.000066757,-1.167890310,58.159538269,0.335786700,0.335792542,0.223305047,0.000000000,0
558,0,1,-0.000064850,-1.168991089,58.495697021,0.336160570,0.336158752,0.223549187,0.000000000,0
559,0,1,-0.000064850,-1.170092821,58.832221985,0.336526752,0.336524963,0.223793343,0.000000000,0
560,0,1,-0.000064850,-1.171195984,59.169113159,0.336892962,0.336891174,0.224029854,0.000000000,0
561,0,1,-0.000064850,-1.172300220,59.506370544,0.337259203,0.337257385,0.224281624,0.000000000,0
562,0,1,-0.000064850,-1.173405647,59.843986511,0.337617785,0.337623596,0.224518120,0.000000000,0
563,0,1,-0.000064850,-1.174512386,60.181968689,0.337983996,0.337982178,0.224762261,0.000000000,0
564,0,1,-0.000064850,-1.175620079,60.520317078,0.338350207,0.338348389,0.224998787,0.000000000,0
565,0,1,-0.000064850,-1.176729202,60.859024048,0.338708788,0.338706970,0.225242928,0.000000000,0
566,0,1,-0.000064850,-1.177839398,61.198089600,0.339067370,0.339073181,0.225487068,0.000000000,0
567,0,1,-0.000064850,-1.178950787,61.537521362,0.339433581,0.339431763,0.225723565,0.000000000,0
568,0,1,-0.000062943,-1.180063486,61.877311707,0.339792162,0.339790344,0.225960091,0.000000000,0
569,0,1,-0.000062943,-1.181177139,62.217460632,0.340150744,0.340148926,0.226204231,0.000000000,0
570,0,1,-0.000062943,-1.182291985,62.557960510,0.340501696,0.340507507,0.226440728,0.000000000,0
571,0,1,-0.000062943,-1.183408022,62.898826599,0.340867907,0.340866089,0.226677254,0.000000000,0
572,0,1,-0.000062943,-1.184525251,63.240051270,0.341226518,0.341224670,0.226913765,0.000000000,0
573,0,1,-0.000062943,-1.185643792,63.581634521,0.341585070,0.341583252,0.227157906,0.000000000,0
574,0,1,-0.000062943,-1.186763287,63.923568726,0.341936052,0.341941833,0.227394417,0.000000000,0
575,0,1,-0.000062943,-1.187884092,64.265861511,0.342294633,0.342292786,0.227630928,0.000000000,0
576,0,1,-0.000061035,-1.189006090,64.608512878,0.342653215,0.342651367,0.227859810,0.000000000,0
577,0,1,-0.000061035,-1.190129161,64.951522827,0.343011796,0.343009949,0.228103951,0.000000000,0
578,0,1,-0.000061035,-1.191253424,65.294876099,0.343355119,0.343360901,0.228332832,0.000000000,0
579,0,1,-0.000061035,-1.192378759,65.638587952,0.343713701,0.343711853,0.228569344,0.000000000,0
580,0,1,-0.000061035,-1.193505287,65.982658386,0.344072282,0.344070435,0.228813484,0.000000000,0
581,0,1,-0.000061035,-1.194633007,66.327079773,0.344423234,0.344421387,0.229034737,0.000000000,0
582,0,1,-0.000061035,-1.195761919,66.671844482,0.344766557,0.344772339,0.229278877,0.000000000,0
583,0,1,-0.000059128,-1.196892023,67.016967773,0.345125139,0.345123291,0.229507759,0.000000000,0
584,0,1,-0.000059128,-1.198023081,67.362442017,0.345476091,0.345474243,0.229744270,0.000000000,0
585,0,1,-0.000059128,-1.199155450,67.708267212,0.345827043,0.345825195,0.229973152,0.000000000,0
586,0,1,-0.000059128,-1.200289011,68.054435730,0.346170366,0.346176147,0.230209664,0.000000000,0
587,0,1,-0.000059128,-1.201423526,68.400955200,0.346521318,0.346519470,0.230438545,0.000000000,0
588,0,1,-0.000059128,-1.202559233,68.747825623,0.346872270,0.346870422,0.230667427,0.000000000,0
589,0,1,-0.000059128,-1.203696132,69.095046997,0.347223222,0.347221375,0.230903938,0.000000000,0
590,0,1,-0.000057220,-1.204834223,69.442604065,0.347558916,0.347564697,0.231132820,0.000000000,0
591,0,1,-0.000057220,-1.205973387,69.790519714,0.347917527,0.347915649,0.231369331,0.000000000,0
592,0,1,-0.000057220,-1.207113504,70.138778687,0.348260850,0.348258972,0.231590584,0.000000000,0
593,0,1,-0.000057220,-1.208255053,70.487380981,0.348604172,0.348602295,0.231819466,0.000000000,0
594,0,1,-0.000057220,-1.209397554,70.836318970,0.348939866,0.348945618,0.232055977,0.000000000,0
595,0,1,-0.000057220,-1.210541248,71.185615540,0.349298447,0.349296570,0.232284859,0.000000000,0
596,0,1,-0.000055313,-1.211685896,71.535255432,0.349641770,0.349639893,0.232506111,0.000000000,0
597,0,1,-0.000055313,-1.212831974,71.885238647,0.349985093,0.349983215,0.232742637,0.000000000,0
598,0,1,-0.000055313,-1.213979006,72.235557556,0.350320786,0.350326538,0.232971504,0.000000000,0
599,0,1,-0.000055313,-1.215127110,72.586219788,0.350664109,0.350662231,0.233192757,0.000000000,0
600,0,1,-0.000055313,-1.216276407,72.937225342,0.351007432,0.351005554,0.233421639,0.000000000,0
601,0,1,-0.000055313,-1.217426777,73.288574219,0.351350754,0.351348877,0.233650520,0.000000000,0
602,0,1,-0.000053406,-1.218578339,73.640251160,0.351678818,0.351684570,0.233871773,0.000000000,0
603,0,1,-0.000053406,-1.219730854,73.992279053,0.352029771,0.352027893,0.234100655,0.000000000,0
604,0,1,-0.000053406,-1.220884562,74.344642639,0.352365464,0.352363586,0.234321907,0.000000000,0
605,0,1,-0.000053406,-1.222039461,74.697349548,0.352708817,0.352706909,0.234550789,0.000000000,0
606,0,1,-0.000053406,-1.223195434,75.050384521,0.353036851,0.353042603,0.234772041,0.000000000,0
607,0,1,-0.000051498,-1.224352479,75.403762817,0.353380203,0.353378296,0.235000923,0.000000000,0
608,0,1,-0.000051498,-1.225510597,75.757484436,0.353723526,0.353721619,0.235229805,0.000000000,0
609,0,1,-0.000051498,-1.226670027,76.111541748,0.354059219,0.354057312,0.235451058,0.000000000,0
610,0,1,-0.000051498,-1.227830291,76.465927124,0.354387283,0.354393005,0.235672325,0.000000000,0
611,0,1,-0.000051498,-1.228991747,76.820655823,0.354730606,0.354728699,0.235893577,0.000000000,0
612,0,1,-0.000049591,-1.230154276,77.175712585,0.355058670,0.355056763,0.236114830,0.000000000,0
613,0,1,-0.000049591,-1.231317997,77.531105042,0.355394363,0.355392456,0.236336082,0.000000000,0
614,0,1,-0.000049591,-1.232482672,77.886825562,0.355722427,0.355728149,0.236557335,0.000000000,0
615,0,1,-0.000049591,-1.233648539,78.242889404,0.356065750,0.356063843,0.236786216,0.000000000,0
616,0,1,-0.000047684,-1.234815359,78.599281311,0.356393814,0.356391907,0.237007469,0.000000000,0
617,0,1,-0.000047684,-1.235983372,78.956008911,0.356729507,0.356727600,0.237221092,0.000000000,0
618,0,1,-0.000047684,-1.237152576,79.313056946,0.357049942,0.357055664,0.237449974,0.000000000,0
619,0,1,-0.000047684,-1.238322735,79.670448303,0.357393265,0.357391357,0.237663597,0.000000000,0
620,0,1,-0.000047684,-1.239494085,80.028167725,0.357721329,0.357719421,0.237884834,0.000000000,0
621,0,1,-0.000045776,-1.240666389,80.386215210,0.358049393,0.358047485,0.238106087,0.000000000,0
622,0,1,-0.000045776,-1.241839647,80.744583130,0.358369827,0.358375549,0.238319710,0.000000000,0
623,0,1,-0.000045776,-1.243014216,81.103286743,0.358705550,0.358703613,0.238540977,0.000000000,0
624,0,1,-0.000045776,-1.244189739,81.462318420,0.359033614,0.359031677,0.238754600,0.000000000,0
625,0,1,-0.000043869,-1.245366335,81.821670532,0.359354049,0.359359741,0.238975853,0.000000000,0
626,0,1,-0.000043869,-1.246544123,82.181358337,0.359689742,0.359687805,0.239197105,0.000000000,0
627,0,1,-0.000043869,-1.247722864,82.541374207,0.360017806,0.360015869,0.239410728,0.000000000,0
628,0,1,-0.000043869,-1.248902798,82.901718140,0.360345870,0.360343933,0.239631981,0.000000000,0
629,0,1,-0.000043869,-1.250083685,83.262374878,0.360658675,0.360664368,0.239845604,0.000000000,0
630,0,1,-0.000041962,-1.251265645,83.623367310,0.360994369,0.360992432,0.240059227,0.000000000,0
631,0,1,-0.000041962,-1.252448678,83.984680176,0.361314803,0.361312866,0.240272850,0.000000000,0
632,0,1,-0.000041962,-1.253632784,84.346321106,0.361642867,0.361640930,0.240494102,0.000000000,0
633,0,1,-0.000041962,-1.254817963,84.708274841,0.361955673,0.361961365,0.240707725,0.000000000,0
634,0,1,-0.000040054,-1.256004095,85.070556641,0.362283736,0.362281799,0.240921348,0.000000000,0
635,0,1,-0.000040054,-1.257191420,85.433166504,0.362611800,0.362609863,0.241134971,0.000000000,0
636,0,1,-0.000040054,-1.258379698,85.796096802,0.362932235,0.362930298,0.241348594,0.000000000,0
637,0,1,-0.000040054,-1.259569168,86.159339905,0.363245040,0.363250732,0.241562217,0.000000000,0
638,0,1,-0.000038147,-1.260759592,86.522911072,0.363573134,0.363571167,0.241775841,0.000000000,0
639,0,1,-0.000038147,-1.261950970,86.886802673,0.363893539,0.363891602,0.241989464,0.000000000,0
640,0,1,-0.000038147,-1.263143539,87.251014709,0.364213973,0.364212036,0.242203087,0.000000000,0
641,0,1,-0.000036240,-1.264337063,87.615531921,0.364519179,0.364524841,0.242409080,0.000000000,0
642,0,1,-0.000036240,-1.265531778,87.980377197,0.364847243,0.364845276,0.242622703,0.000000000,0
643,0,1,-0.000036240,-1.266727328,88.345542908,0.365167677,0.365165710,0.242836326,0.000000000,0
644,0,1,-0.000036240,-1.267924070,88.711021423,0.365480483,0.365478516,0.243049949,0.000000000,0
645,0,1,-0.000034332,-1.269121647,89.076812744,0.365793288,0.365798950,0.243255943,0.000000000,0
646,0,1,-0.000034332,-1.270320415,89.442924500,0.366113722,0.366111755,0.243469566,0.000000000,0
647,0,1,-0.000034332,-1.271520257,89.809356689,0.366434157,0.366432190,0.243683189,0.000000000,0
648,0,1,-0.000034332,-1.272721052,90.176094055,0.366739333,0.366744995,0.243881553,0.000000000,0
649,0,1,-0.000032425,-1.273922920,90.543151855,0.367059767,0.367057800,0.244095191,0.000000000,0
650,0,1,-0.000032425,-1.275125742,90.910522461,0.367372572,0.367370605,0.244301185,0.000000000,0
651,0,1,-0.000032425,-1.276329756,91.278213501,0.367693007,0.367691040,0.244514808,0.000000000,0
652,0,1,-0.000030518,-1.277534604,91.646209717,0.367998183,0.368003845,0.244720787,0.000000000,0
653,0,1,-0.000030518,-1.278740644,92.014526367,0.368318647,0.368316650,0.244934410,0.000000000,0
654,0,1,-0.000030518,-1.279947519,92.383155823,0.368631452,0.368629456,0.245140404,0.000000000,0
655,0,1,-0.000030518,-1.281155586,92.752090454,0.368936628,0.368934631,0.245338768,0.000000000,0
656,0,1,-0.000028610,-1.282364607,93.121330261,0.369241804,0.369247437,0.245560035,0.000000000,0
657,0,1,-0.000028610,-1.283574581,93.490890503,0.369562209,0.369560242,0.245758384,0.000000000,0
658,0,1,-0.000028610,-1.284785509,93.860755920,0.369867384,0.369865417,0.245956749,0.000000000,0
659,0,1,-0.000026703,-1.285997629,94.230934143,0.370180219,0.370178223,0.246178001,0.000000000,0
660,0,1,-0.000026703,-1.287210703,94.601417542,0.370485395,0.370491028,0.246376365,0.000000000,0
661,0,1,-0.000026703,-1.288424730,94.972213745,0.370798200,0.370796204,0.246582359,0.000000000,0
662,0,1,-0.000024796,-1.289639831,95.343315125,0.371103376,0.371101379,0.246780738,0.000000000,0
663,0,1,-0.000024796,-1.290855885,95.714729309,0.371416181,0.371414185,0.246994361,0.000000000,0
664,0,1,-0.000024796,-1.292073011,96.086441040,0.371713728,0.371719360,0.247192726,0.000000000,0
665,0,1,-0.000022888,-1.293291092,96.458465576,0.372026533,0.372028351,0.247406349,0.000000000,0
666,0,1,-0.000022888,-1.294510245,96.830795288,0.372331709,0.372329712,0.247604713,0.000000000,0
667,0,1,-0.000022888,-1.295730352,97.203430176,0.372636884,0.372634888,0.247803077,0.000000000,0
668,0,1,-0.000022888,-1.296951413,97.576370239,0.372942060,0.372940063,0.248001441,0.000000000,0
669,0,1,-0.000020981,-1.298173547,97.949615479,0.373247236,0.373245239,0.248207435,0.000000000,0
670,0,1,-0.000020981,-1.299355745,98.323158264,0.373544663,0.373550415,0.248421028,0.000000000,0
671,0,1,-0.000019073,-1.300579786,98.697006226,0.373849958,0.373851776,0.248611793,0.000000000,0
672,0,1,-0.000019073,-1.301804662,99.071159363,0.374155134,0.374153137,0.248810142,0.000000000,0
673,0,1,-0.000019073,-1.303030491,99.445617676,0.374460340,0.374458313,0.249016151,0.000000000,0
674,0,1,-0.000019073,-1.304257393,99.820373535,0.374757856,0.374759674,0.249214515,0.000000000,0
675,0,1,-0.000017166,-1.305485368,100.195434570,0.375063032,0.375061035,0.249420494,0.000000000,0
676,0,1,-0.000017166,-1.306714296,100.570793152,0.375360608,0.375362396,0.249618873,0.000000000,0
677,0,1,-0.000017166,-1.307944059,100.946449280,0.375658125,0.375659943,0.249817237,0.000000000,0
678,0,1,-0.000015259,-1.309174895,101.322410583,0.375963330,0.375961304,0.250015587,0.000000000,0
679,0,1,-0.000015259,-1.310406685,101.698669434,0.376260877,0.376258850,0.250213951,0.000000000,0
680,0,1,-0.000013351,-1.311639547,102.075225830,0.376558423,0.376560211,0.250412345,0.000000000,0
681,0,1,-0.000013351,-1.312873363,102.452079773,0.376855969,0.376857758,0.250610679,0.000000000,0
682,0,1,-0.000013351,-1.314108014,102.829238892,0.377161145,0.377155304,0.250816673,0.000000000,0
683,0,1,-0.000011444,-1.315343738,103.206680298,0.377443433,0.377452850,0.251007408,0.000000000,0
684,0,1,-0.000011444,-1.316580415,103.584434509,0.377756238,0.377750397,0.251198173,0.000000000,0
685,0,1,-0.000011444,-1.317818165,103.962478638,0.378046155,0.378047943,0.251404136,0.000000000,0
686,0,1,-0.000009537,-1.319056749,104.340820313,0.378343701,0.378341675,0.251602530,0.000000000,0
687,0,1,-0.000009537,-1.320296288,104.719451904,0.378633618,0.378639221,0.251793236,0.000000000,0
688,0,1,-0.000009537,-1.321537018,105.098388672,0.378938794,0.378932953,0.251991600,0.000000000,0
689,0,1,-0.000007629,-1.322778463,105.477615356,0.379228711,0.379226685,0.252189994,0.000000000,0
690,0,1,-0.000007629,-1.324020863,105.857131958,0.379518658,0.379520416,0.252380699,0.000000000,0
691,0,1,-0.000007629,-1.325264454,106.236938477,0.379808545,0.379814148,0.252579093,0.000000000,0
692,0,1,-0.000005722,-1.326508760,106.617050171,0.380113751,0.380107880,0.252769798,0.000000000,0
693,0,1,-0.000005722,-1.327754140,106.997444153,0.380396038,0.380397797,0.252975792,0.000000000,0
694,0,1,-0.000005722,-1.329000473,107.378128052,0.380685925,0.380691528,0.253158897,0.000000000,0
695,0,1,-0.000003815,-1.330247760,107.759109497,0.380983472,0.380981445,0.253357261,0.000000000,0
696,0,1,-0.000003815,-1.331496000,108.140380859,0.381273419,0.381275177,0.253547996,0.000000000,0
697,0,1,-0.000001907,-1.332745075,108.521949768,0.381570965,0.381565094,0.253738761,0.000000000,0
698,0,1,-0.000001907,-1.333995342,108.903800964,0.381853253,0.381855011,0.253929496,0.000000000,0
699,0,1,-0.000001907,-1.335246325,109.285942078,0.382143170,0.382144928,0.254135489,0.000000000,0
700,0,1,0.000000000,-1.336498380,109.668373108,0.382433087,0.382431030,0.254318595,0.000000000,0
701,0,1,0.000000000,-1.337751389,110.051086426,0.382715374,0.382720947,0.254509330,0.000000000,0
702,0,1,0.000000000,-1.339005232,110.434097290,0.383012921,0.383010864,0.254707694,0.000000000,0
703,0,1,0.000001907,-1.340260029,110.817398071,0.383302838,0.383296967,0.254890800,0.000000000,0
704,0,1,0.000001907,-1.341515899,111.200973511,0.383577496,0.383583069,0.255089164,0.000000000,0
705,0,1,0.000003815,-1.342772603,111.584838867,0.383867413,0.383869171,0.255279899,0.000000000,0
706,0,1,0.000003815,-1.344030261,111.968994141,0.384157330,0.384155273,0.255463004,0.000000000,0
707,0,1,0.000003815,-1.345288873,112.353439331,0.384447247,0.384441376,0.255653739,0.000000000,0
708,0,1,0.000005722,-1.346548319,112.738159180,0.384721905,0.384727478,0.255844474,0.000000000,0
709,0,1,0.000005722,-1.347808838,113.123168945,0.385011822,0.385013580,0.256035209,0.000000000,0
710,0,1,0.000007629,-1.349070311,113.508468628,0.385301739,0.385295868,0.256225944,0.000000000,0
711,0,1,0.000007629,-1.350332499,113.894042969,0.385576397,0.385578156,0.256409019,0.000000000,0
712,0,1,0.000007629,-1.351595879,114.279907227,0.385866314,0.385864258,0.256607413,0.000000000,0
713,0,1,0.000009537,-1.352859974,114.666046143,0.386141002,0.386146545,0.256790519,0.000000000,0
714,0,1,0.000009537,-1.354125023,115.052474976,0.386430889,0.386428833,0.256973624,0.000000000,0
715,0,1,0.000011444,-1.355391145,115.439186096,0.386713207,0.386711121,0.257164329,0.000000000,0
716,0,1,0.000011444,-1.356658101,115.826171875,0.386987865,0.386993408,0.257355094,0.000000000,0
717,0,1,0.000011444,-1.357925892,116.213447571,0.387277782,0.387271881,0.257530570,0.000000000,0
718,0,1,0.000013351,-1.359194756,116.600997925,0.387552410,0.387554169,0.257728934,0.000000000,0
719,0,1,0.000013351,-1.360464454,116.988830566,0.387834698,0.387832642,0.257912010,0.000000000,0
720,0,1,0.000015259,-1.361735106,117.376937866,0.388109356,0.388111115,0.258087516,0.000000000,0
721,0,1,0.000015259,-1.363006592,117.765327454,0.388391644,0.388393402,0.258285880,0.000000000,0
722,0,1,0.000015259,-1.364279032,118.153999329,0.388673961,0.388671875,0.258468986,0.000000000,0
723,0,1,0.000017166,-1.365552425,118.542945862,0.388948619,0.388950348,0.258652091,0.000000000,0
724,0,1,0.000017166,-1.366826653,118.932174683,0.389230907,0.389225006,0.258835167,0.000000000,0
725,0,1,0.000019073,-1.368101835,119.321670532,0.389497936,0.389503479,0.259018302,0.000000000,0
726,0,1,0.000019073,-1.369377851,119.711456299,0.389787853,0.389781952,0.259209037,0.000000000,0
727,0,1,0.000020981,-1.370654821,120.101501465,0.390047252,0.390056610,0.259392142,0.000000000,0
728,0,1,0.000020981,-1.371932745,120.491836548,0.390337199,0.390331268,0.259567618,0.000000000,0
729,0,1,0.000020981,-1.373211384,120.882438660,0.390604198,0.390605927,0.259758353,0.000000000,0
730,0,1,0.000022888,-1.374491215,121.273315430,0.390878856,0.390884399,0.259941459,0.000000000,0
731,0,1,0.000022888,-1.375771761,121.664474487,0.391161144,0.391155243,0.260116935,0.000000000,0
732,0,1,0.000024796,-1.377053261,122.055900574,0.391428173,0.391429901,0.260300040,0.000000000,0
733,0,1,0.000024796,-1.378335595,122.447601318,0.391702831,0.391704559,0.260483146,0.000000000,0
734,0,1,0.000026703,-1.379618883,122.839584351,0.391985148,0.391979218,0.260666251,0.000000000,0
735,0,1,0.000026703,-1.380903006,123.231826782,0.392244548,0.392250061,0.260849357,0.000000000,0
736,0,1,0.000026703,-1.382188082,123.624343872,0.392519206,0.392520905,0.261032462,0.000000000,0
737,0,1,0.000028610,-1.383473992,124.017135620,0.392793864,0.392795563,0.261207938,0.000000000,0
738,0,1,0.000028610,-1.384760857,124.410202026,0.393068522,0.393066406,0.261391044,0.000000000,0
739,0,1,0.000030518,-1.386048555,124.803543091,0.393343180,0.393337250,0.261574149,0.000000000,0
740,0,1,0.000030518,-1.387337208,125.197143555,0.393602550,0.393608093,0.261749625,0.000000000,0
741,0,1,0.000032425,-1.388626575,125.591018677,0.393877238,0.393875122,0.261925101,0.000000000,0
742,0,1,0.000032425,-1.389917016,125.985160828,0.394144267,0.394145966,0.262115836,0.000000000,0
743,0,1,0.000034332,-1.391208172,126.379577637,0.394418925,0.394416809,0.262283683,0.000000000,0
744,0,1,0.000034332,-1.392500401,126.774261475,0.394685954,0.394683838,0.262474418,0.000000000,0
745,0,1,0.000034332,-1.393793344,127.169204712,0.394945353,0.394950867,0.262642264,0.000000000,0
746,0,1,0.000036240,-1.395087242,127.564422607,0.395220011,0.395217896,0.262817740,0.000000000,0
747,0,1,0.000036240,-1.396382093,127.959907532,0.395487040,0.395484924,0.263000846,0.000000000,0
748,0,1,0.000038147,-1.397677660,128.355651855,0.395746469,0.395751953,0.263176322,0.000000000,0
749,0,1,0.000038147,-1.398974180,128.751678467,0.396028727,0.396018982,0.263359427,0.000000000,0
750,0,1,0.000040054,-1.400271535,129.147949219,0.396272868,0.396286011,0.263527274,0.000000000,0
751,0,1,0.000040054,-1.401569843,129.544509888,0.396562785,0.396551132,0.263710380,0.000000000,0
752,0,1,0.000041962,-1.402868867,129.941314697,0.396806926,0.396816254,0.263885856,0.000000000,0
753,0,1,0.000041962,-1.404168844,130.338394165,0.397081584,0.397081375,0.264053702,0.000000000,0
754,0,1,0.000043869,-1.405469656,130.735748291,0.397356272,0.397344589,0.264236808,0.000000000,0
755,0,1,0.000043869,-1.406771421,131.133346558,0.397600412,0.397607803,0.264412314,0.000000000,0
756,0,1,0.000045776,-1.408074021,131.531219482,0.397875041,0.397871017,0.264587760,0.000000000,0
757,0,1,0.000045776,-1.409377337,131.929351807,0.398134440,0.398134232,0.264763236,0.000000000,0
758,0,1,0.000045776,-1.410681725,132.327743530,0.398393840,0.398397446,0.264931083,0.000000000,0
759,0,1,0.000047684,-1.411986828,132.726394653,0.398653239,0.398658752,0.265114188,0.000000000,0
760,0,1,0.000047684,-1.413292885,133.125320435,0.398927897,0.398920059,0.265289664,0.000000000,0
761,0,1,0.000049591,-1.414599657,133.524490356,0.399172068,0.399181366,0.265457511,0.000000000,0
762,0,1,0.000049591,-1.415907383,133.923934937,0.399446726,0.399442673,0.265625358,0.000000000,0
763,0,1,0.000051498,-1.417215943,134.323638916,0.399706125,0.399702072,0.265808463,0.000000000,0
764,0,1,0.000051498,-1.418525457,134.723602295,0.399965525,0.399961472,0.265976310,0.000000000,0
765,0,1,0.000053406,-1.419835567,135.123809814,0.400209665,0.400220871,0.266144156,0.000000000,0
766,0,1,0.000053406,-1.421146750,135.524291992,0.400484324,0.400480270,0.266327262,0.000000000,0
767,0,1,0.000055313,-1.422458649,135.925033569,0.400743723,0.400737762,0.266487479,0.000000000,0
768,0,1,0.000055313,-1.423771501,136.326019287,0.400987864,0.400997162,0.266662955,0.000000000,0
769,0,1,0.000057220,-1.425085068,136.727279663,0.401262522,0.401254654,0.266838431,0.000000000,0
770,0,1,0.000057220,-1.426399589,137.128784180,0.401506662,0.401512146,0.267006278,0.000000000,0
771,0,1,0.000059128,-1.427714944,137.530548096,0.401766062,0.401767731,0.267174125,0.000000000,0
772,0,1,0.000059128,-1.429031134,137.932571411,0.402025461,0.402023315,0.267349601,0.000000000,0
773,0,1,0.000061035,-1.430348158,138.334854126,0.402284861,0.402280807,0.267517447,0.000000000,0
774,0,1,0.000059128,-1.431665897,138.737380981,0.402529031,0.402536392,0.267685294,0.000000000,0
775,0,1,0.000059128,-1.432984591,139.140167236,0.402788430,0.402790070,0.267853141,0.000000000,0
776,0,1,0.000057220,-1.434303999,139.543212891,0.403047830,0.403045654,0.268036246,0.000000000,0
777,0,1,0.000057220,-1.435624361,139.946517944,0.403307229,0.403299332,0.268188834,0.000000000,0
778,0,1,0.000055313,-1.436945558,140.350067139,0.403551370,0.403553009,0.268364310,0.000000000,0
779,0,1,0.000055313,-1.438267589,140.753875732,0.403810740,0.403806686,0.268532157,0.000000000,0
780,0,1,0.000053406,-1.439590454,141.157928467,0.404054880,0.404060364,0.268700004,0.000000000,0
781,0,1,0.000053406,-1.440914035,141.562240601,0.404314309,0.404312134,0.268867850,0.000000000,0
782,0,1,0.000051498,-1.442238569,141.966796875,0.404558450,0.404563904,0.269043326,0.000000000,0
783,0,1,0.000051498,-1.443563819,142.371612549,0.404817849,0.404815674,0.269195914,0.000000000,0
784,0,1,0.000049591,-1.444890022,142.776672363,0.405061990,0.405067444,0.269371390,0.000000000,0
785,0,1,0.000049591,-1.446216822,143.181991577,0.405321389,0.405317307,0.269539267,0.000000000,0
786,0,1,0.000047684,-1.447544575,143.587554932,0.405565530,0.405567169,0.269699484,0.000000000,0
787,0,1,0.000047684,-1.448873281,143.993377686,0.405824929,0.405818939,0.269874960,0.000000000,0
788,0,1,0.000047684,-1.450202703,144.399444580,0.406069070,0.406066895,0.270035148,0.000000000,0
789,0,1,0.000045776,-1.451532841,144.805755615,0.406313211,0.406316757,0.270202994,0.000000000,0
790,0,1,0.000045776,-1.452863932,145.212310791,0.406557351,0.406565666,0.270370871,0.000000000,0
791,0,1,0.000043869,-1.454195738,145.619125366,0.406816751,0.406813622,0.270531058,0.000000000,0
792,0,1,0.000043869,-1.455528259,146.026184082,0.407060891,0.407061577,0.270698935,0.000000000,0
793,0,1,0.000041962,-1.456861734,146.433502197,0.407320291,0.407309532,0.270866752,0.000000000,0
794,0,1,0.000041962,-1.458196163,146.841049194,0.407549202,0.407556534,0.271019340,0.000000000,0
795,0,1,0.000040054,-1.459531069,147.248855591,0.407808602,0.407802582,0.271187186,0.000000000,0
796,0,1,0.000040054,-1.460866928,147.656890869,0.408037484,0.408048630,0.271355033,0.000000000,0
797,0,1,0.000038147,-1.462203741,148.065185547,0.408296883,0.408294678,0.271515250,0.000000000,0
798,0,1,0.000038147,-1.463541150,148.473724365,0.408541024,0.408540726,0.271683097,0.000000000,0
799,0,1,0.000036240,-1.464879513,148.882507324,0.408785164,0.408785820,0.271843314,0.000000000,0
800,0,1,0.000036240,-1.466218472,149.291534424,0.409029305,0.409029961,0.272007376,0.000000000,0
801,0,1,0.000034332,-1.467558384,149.700805664,0.409273446,0.409274101,0.272167593,0.000000000,0
802,0,1,0.000034332,-1.468899131,150.110321045,0.409517586,0.409518242,0.272331595,0.000000000,0
803,0,1,0.000034332,-1.470240593,150.520080566,0.409761727,0.409761429,0.272495627,0.000000000,0
804,0,1,0.000032425,-1.471582890,150.930084229,0.410005867,0.410004616,0.272652030,0.000000000,0
805,0,1,0.000032425,-1.472925901,151.340332031,0.410250008,0.410246849,0.272816062,0.000000000,0
806,0,1,0.000030518,-1.474269867,151.750823975,0.410494149,0.410489082,0.272976309,0.000000000,0
807,0,1,0.000030518,-1.475614548,152.161544800,0.410723001,0.410731316,0.273136497,0.000000000,0
808,0,1,0.000028610,-1.476959944,152.572509766,0.410967171,0.410971642,0.273300558,0.000000000,0
809,0,1,0.000028610,-1.478306293,152.983734131,0.411226571,0.411213398,0.273456931,0.000000000,0
810,0,1,0.000026703,-1.479653239,153.395172119,0.411440194,0.411453724,0.273617148,0.000000000,0
811,0,1,0.000026703,-1.481001139,153.806869507,0.411699593,0.411694050,0.273777366,0.000000000,0
812,0,1,0.000026703,-1.482349634,154.218795776,0.411928475,0.411933899,0.273937613,0.000000000,0
813,0,1,0.000024796,-1.483699083,154.630981445,0.412187874,0.412173271,0.274097800,0.000000000,0
814,0,1,0.000024796,-1.485049248,155.043380737,0.412401497,0.412412167,0.274258018,0.000000000,0
815,0,1,0.000022888,-1.486400127,155.456039429,0.412660897,0.412650585,0.274414420,0.000000000,0
816,0,1,0.000022888,-1.487751961,155.868911743,0.412874520,0.412889004,0.274574667,0.000000000,0
817,0,1,0.000020981,-1.489104390,156.282043457,0.413133919,0.413126469,0.274727255,0.000000000,0
818,0,1,0.000020981,-1.490457654,156.695404053,0.413362801,0.413364172,0.274887472,0.000000000,0
819,0,1,0.000019073,-1.491811752,157.109008789,0.413606942,0.413600922,0.275047690,0.000000000,0
820,0,1,0.000019073,-1.493166566,157.522842407,0.413835853,0.413837433,0.275204092,0.000000000,0
821,0,1,0.000019073,-1.494522214,157.936904907,0.414064705,0.414073706,0.275360495,0.000000000,0
822,0,1,0.000017166,-1.495878696,158.351211548,0.414308846,0.414309502,0.275516897,0.000000000,0
823,0,1,0.000017166,-1.497235775,158.765762329,0.414553016,0.414544940,0.275673300,0.000000000,0
824,0,1,0.000015259,-1.498593688,159.180541992,0.414781898,0.414779902,0.275833517,0.000000000,0
825,0,1,0.000015259,-1.499952316,159.595550537,0.415010780,0.415014505,0.275986105,0.000000000,0
826,0,1,0.019538879,0.120646060,159.991943359,1.668486595,0.389538735,0.616279960,0.000000000,0
827,0,1,0.034072876,1.691833496,160.372589111,1.616704226,0.389777154,0.602217615,0.000000000,0
828,0,1,0.045200348,3.275455475,160.737579346,1.625176907,0.389757842,0.607271671,0.000000000,0
829,0,1,0.053705215,4.870477676,161.086700439,1.632805467,0.389753968,0.612112522,0.000000000,0
830,0,1,0.060176849,6.475922585,161.419738770,1.639637113,0.389765054,0.616766393,0.000000000,0
831,0,1,0.065071106,8.090917587,161.736557007,1.645784497,0.389789283,0.621292174,0.000000000,0
832,0,1,0.068733215,9.714719772,162.037033081,1.651372910,0.389825195,0.625736952,0.000000000,0
833,0,1,0.071447372,11.346721649,162.321029663,1.656530023,0.389869571,0.630144238,0.000000000,0
834,0,1,0.073419571,12.986477852,162.588455200,1.661421299,0.389921367,0.634577274,0.000000000,0
835,0,1,0.074834824,14.633677483,162.839202881,1.666176081,0.389976829,0.639075518,0.000000000,0
836,0,1,0.075820923,16.288129807,163.073150635,1.670911431,0.390035540,0.643678486,0.000000000,0
837,0,1,0.093713760,17.831338882,163.302627563,1.560280204,0.389743775,0.609660745,0.000000000,0
838,0,1,0.091648102,19.217500687,163.536041260,1.405678034,0.389140308,0.561336279,0.000000000,0
839,0,1,0.090415955,20.624095917,163.755279541,1.423578978,0.388771176,0.569649816,0.000000000,0
840,0,1,0.089986801,22.052156448,163.959884644,1.442643523,0.388435930,0.578408539,0.000000000,0
841,0,1,0.088918686,23.188678741,164.194625854,1.160511732,0.389199525,0.488605320,0.000000000,0
842,0,1,0.087553024,24.051950455,164.462615967,0.903912961,0.389939249,0.409702063,0.000000000,0
843,0,1,0.086105347,24.665397644,164.764526367,0.683717370,0.390633881,0.345518202,0.000000000,0
844,0,1,0.065488815,25.012371063,165.105087280,0.486618251,0.391083151,0.291726530,0.000000000,0
845,0,1,0.050479889,24.970542908,165.503433228,0.400817126,0.390777498,0.259924799,0.000000000,0
846,0,1,0.038608551,24.816453934,165.918624878,0.443021953,0.391069263,0.264649600,0.000000000,0
847,0,1,0.029314041,24.575359344,166.346252441,0.490997285,0.391280681,0.272650361,0.000000000,0
848,0,1,0.022129059,24.270603180,166.782577515,0.532266378,0.391413599,0.280856580,0.000000000,0
849,0,1,0.016662598,23.923198700,167.224121094,0.561854541,0.391472071,0.287462562,0.000000000,0
850,0,1,0.012578964,23.551603317,167.667831421,0.578773379,0.391463190,0.291689068,0.000000000,0
851,0,1,0.009603500,23.171648026,168.111541748,0.584169269,0.391396403,0.293457836,0.000000000,0
852,0,1,0.007511139,22.796489716,168.553207397,0.579496920,0.391276926,0.292960495,0.000000000,0
853,0,1,0.006101608,22.436746597,168.991607666,0.567108333,0.391117811,0.290693194,0.000000000,0
854,0,1,0.004915237,21.959999084,169.444747925,0.657742858,0.391390353,0.311163247,0.000000000,0
855,0,1,0.003965378,21.381082535,169.909606934,0.742454827,0.391614586,0.332043856,0.000000000,0
856,0,1,0.003232956,20.712289810,170.383514404,0.819678307,0.391798496,0.352298290,0.000000000,0
857,0,1,0.002830505,19.977369308,170.862091064,0.877008498,0.391449630,0.367879063,0.000000000,0
858,0,1,0.002693176,19.182600021,171.343704224,0.929305911,0.391090095,0.382565886,0.000000000,0
859,0,1,0.002748489,18.332099915,171.827011108,0.978231013,0.390725821,0.396682888,0.000000000,0
860,0,1,0.002931595,17.428075790,172.310943604,1.025402546,0.390367061,0.410636842,0.000000000,0
861,0,1,0.003179550,16.471012115,172.794677734,1.072366357,0.390018702,0.424844056,0.000000000,0
862,0,1,0.003431320,15.459932327,173.277313232,1.120365739,0.389684826,0.439672112,0.000000000,0
863,0,1,0.003631592,14.392656326,173.758255005,1.170633554,0.389370561,0.455483168,0.000000000,0
864,0,1,0.003721237,13.266004562,174.236557007,1.223975897,0.389077693,0.472563118,0.000000000,0
865,0,1,0.003652573,12.076059341,174.711471558,1.281215668,0.388807505,0.491177887,0.000000000,0
866,0,1,0.003383636,10.818348885,175.182022095,1.342852712,0.388561755,0.511517644,0.000000000,0
867,0,1,0.002866745,9.488052368,175.647033691,1.409228444,0.388339132,0.533724606,0.000000000,0
868,0,1,0.002540588,8.150247574,176.101760864,1.412975073,0.387948006,0.535769105,0.000000000,0
869,0,1,0.002336502,6.804677963,176.546127319,1.417045951,0.387576312,0.537921965,0.000000000,0
870,0,1,0.002037048,5.457840443,176.979324341,1.414790154,0.386742473,0.537980855,0.000000000,0
871,0,1,0.001646042,4.109831333,177.401458740,1.412560105,0.385927528,0.538034856,0.000000000,0
872,0,1,0.001155853,2.760764599,177.812500000,1.410296559,0.385134459,0.538077950,0.000000000,0
873,0,1,0.000572205,1.410733223,178.212554932,1.408058643,0.384363234,0.538118839,0.000000000,0
874,0,1,-0.000102997,0.059841394,178.601654053,1.405812025,0.383611977,0.538154364,0.000000000,0
875,0,1,-0.000869751,-1.291813493,178.979827881,1.403562188,0.382880718,0.538178802,0.000000000,0
876,0,1,-0.001731873,-2.644131422,179.347183228,1.401325941,0.382171363,0.538206697,0.000000000,0
877,0,1,-0.002681732,-3.997016430,179.703750610,1.399085045,0.381482005,0.538219869,0.000000000,0
878,0,1,-0.003728867,-5.350371361,180.049499512,1.396822453,0.380814552,0.538229406,0.000000000,0
879,0,1,-0.004861832,-6.704103470,180.384536743,1.394575834,0.380165219,0.538236141,0.000000000,0
880,0,1,-0.006086349,-8.058116913,180.708938599,1.392332792,0.379541636,0.538243294,0.000000000,0
881,0,1,-0.007400513,-9.412322998,181.022750854,1.390091300,0.378934234,0.538243473,0.000000000,0
882,0,1,-0.008806229,-10.766626358,181.326034546,1.387847424,0.378348738,0.538238883,0.000000000,0
883,0,1,-0.010297775,-12.120939255,181.618774414,1.385590911,0.377785146,0.538229108,0.000000000,0
884,0,1,-0.011878967,-13.475172043,181.901123047,1.383354545,0.377241522,0.538220704,0.000000000,0
885,0,1,-0.013547897,-14.829236984,182.173095703,1.381109595,0.376719773,0.538210809,0.000000000,0
886,0,1,-0.015304565,-16.183044434,182.434646606,1.378842473,0.376217961,0.538189471,0.000000000,0
887,0,1,-0.017147064,-17.536508560,182.685989380,1.376605153,0.375736088,0.538172781,0.000000000,0
888,0,1,-0.019073486,-18.889556885,182.927124023,1.374368668,0.375275999,0.538164079,0.000000000,0
889,0,1,-0.021087646,-20.242088318,183.158081055,1.372110248,0.374835789,0.538131297,0.000000000,0
890,0,1,-0.023185730,-21.594032288,183.378952026,1.369868994,0.374417335,0.538112581,0.000000000,0
891,0,1,-0.025367737,-22.945304871,183.589782715,1.367622733,0.374020547,0.538094759,0.000000000,0
892,0,1,-0.027633667,-24.295831680,183.790603638,1.365377903,0.373641610,0.538074434,0.000000000,0
893,0,1,-0.029983521,-25.645521164,183.981521606,1.363127589,0.373284340,0.538045347,0.000000000,0
894,0,1,-0.032417297,-26.994302750,184.162521362,1.360874176,0.372946769,0.538023293,0.000000000,0
895,0,1,-0.034929276,-28.342105865,184.333755493,1.358639240,0.372630686,0.538005471,0.000000000,0
896,0,1,-0.037525177,-29.688838959,184.495285034,1.356388092,0.372334182,0.537982464,0.000000000,0
897,0,1,-0.040199280,-31.034446716,184.647094727,1.354146838,0.372059107,0.537962735,0.000000000,0
898,0,1,-0.042951584,-32.378845215,184.789245605,1.351895690,0.371803492,0.537939548,0.000000000,0
899,0,1,-0.045785904,-33.721954346,184.921798706,1.349637151,0.371567309,0.537920594,0.000000000,0
900,0,1,-0.048700333,-35.063720703,185.044937134,1.347408056,0.371354222,0.537908375,0.000000000,0
901,0,1,0.040094376,-30.971965790,186.066650391,4.218322277,0.289153755,1.428885460,0.000000000,0
902,0,1,0.114995956,-27.514278412,186.902923584,3.558168888,0.290833443,1.212409377,0.000000000,0
903,0,1,0.185146332,-24.295179367,187.641082764,3.303391933,0.290779859,1.133076072,0.000000000,0
904,0,1,0.265224457,-21.135204315,188.314392090,3.231903553,0.290234536,1.115536094,0.000000000,0
905,0,1,0.339309692,-17.919157028,188.937896729,3.276767731,0.290106714,1.137153745,0.000000000,0
906,0,1,0.410440445,-14.548988342,189.516311646,3.420184374,0.289501041,1.192219734,0.000000000,0
907,0,1,0.481353760,-10.986761093,190.043991089,3.601796389,0.288711220,1.260490537,0.000000000,0
908,0,1,0.552854538,-7.230087280,190.510589600,3.786215067,0.287915081,1.330007672,0.000000000,0
909,0,1,0.625490189,-3.279960871,190.905136108,3.970446110,0.287128627,1.399741650,0.000000000,0
910,0,1,0.699609756,0.859669924,191.216003418,4.151948452,0.286371559,1.468812704,0.000000000,0
911,0,1,0.775426865,5.182339191,191.431579590,4.328705311,0.285653919,1.536514521,0.000000000,0
912,0,1,0.853054047,9.679506302,191.540252686,4.499149799,0.284985542,1.602281332,0.000000000,0
913,0,1,0.932544708,14.340972900,191.530700684,4.662154198,0.284377903,1.665711403,0.000000000,0
914,0,1,1.013914108,19.155288696,191.392105103,4.816997528,0.283834636,1.726517439,0.000000000,0
915,0,1,1.097166061,24.110149384,191.114181519,4.963347435,0.283359051,1.784557939,0.000000000,0
916,0,1,1.155683517,28.372779846,190.813247681,4.273640633,0.283860981,1.548094034,0.000000000,0
917,0,1,1.195547104,31.710227966,190.574874878,3.346187592,0.284694403,1.227358341,0.000000000,0
918,0,1,1.191062927,29.623352051,191.186721802,2.174724817,0.273902237,0.741120636,0.000000000,0
919,0,1,1.187656403,28.336565018,191.655151367,1.369400859,0.271425039,0.474211991,0.000000000,0
920,0,1,1.184701920,27.281791687,192.081146240,1.137553096,0.271076202,0.400518149,0.000000000,0
921,0,1,1.178308487,26.137310028,192.513351440,1.223388910,0.271579295,0.430211008,0.000000000,0
922,0,1,1.172468185,24.779966354,192.966339111,1.430948615,0.272430062,0.500745356,0.000000000,0
923,0,1,1.180442810,24.068597794,193.310455322,0.790268779,0.255118549,0.304143012,0.000000000,0
924,0,1,1.187999725,23.150600433,193.676849365,0.988443673,0.255435377,0.366690069,0.000000000,0
925,0,1,1.193351746,22.043697357,194.060867310,1.171636820,0.256109267,0.426335365,0.000000000,0
926,0,1,1.197130203,20.779766083,194.455871582,1.324222445,0.256687075,0.476998806,0.000000000,0
927,0,1,1.199773788,19.386449814,194.855880737,1.449601531,0.257181287,0.519148409,0.000000000,0
928,0,1,1.201612473,17.887201309,195.255889893,1.551694751,0.257619113,0.553794384,0.000000000,0
929,0,1,1.202875137,16.301250458,195.651855469,1.634634733,0.258012116,0.582161188,0.000000000,0
930,0,1,1.203723907,14.643823624,196.040481567,1.702379107,0.258377969,0.605501950,0.000000000,0
931,0,1,1.194267273,12.930317879,196.418807983,1.754799724,0.258482993,0.623703897,0.000000000,0
932,0,1,1.185354233,11.177854538,196.784164429,1.790165424,0.258333176,0.636187375,0.000000000,0
933,0,1,1.176977158,9.389917374,197.135314941,1.822113156,0.258207530,0.647558033,0.000000000,0
934,0,1,1.169107437,7.567284107,197.471389771,1.853375316,0.258098036,0.658738971,0.000000000,0
935,0,1,1.161703110,5.708425999,197.791610718,1.886252880,0.258021921,0.670524955,0.000000000,0
936,0,1,1.154720306,3.809915543,198.095062256,1.922621489,0.257968515,0.683570504,0.000000000,0
937,0,1,1.148082733,1.866831660,198.380706787,1.963978529,0.257956743,0.698400557,0.000000000,0
938,0,1,1.141733170,-0.126885295,198.647369385,2.011481285,0.257981896,0.715425253,0.000000000,0
939,0,1,1.135589600,-2.178087950,198.893463135,2.065921783,0.258038789,0.734932125,0.000000000,0
940,0,1,1.129573822,-4.294090271,199.117233276,2.127810001,0.258129597,0.757110536,0.000000000,0
941,0,1,1.123628616,-6.445242882,199.317565918,2.160468817,0.258215725,0.769225478,0.000000000,0
942,0,1,1.117946625,-8.605944633,199.494522095,2.167943239,0.258253545,0.772643507,0.000000000,0
943,0,1,1.111963272,-10.764812469,199.647857666,2.164314747,0.257822007,0.772221804,0.000000000,0
944,0,1,1.105682373,-12.921586990,199.777770996,2.160692692,0.257424504,0.771797001,0.000000000,0
945,0,1,1.099102020,-15.076014519,199.884414673,2.157075405,0.257057279,0.771369874,0.000000000,0
946,0,1,1.092227936,-17.227834702,199.967773438,2.153445005,0.256716400,0.770933032,0.000000000,0
947,0,1,1.085063934,-19.376798630,200.028137207,2.149823666,0.256409496,0.770500600,0.000000000,0
948,0,1,1.077611923,-21.522655487,200.065582275,2.146196365,0.256128907,0.770063937,0.000000000,0
949,0,1,1.069875717,-23.665170670,200.080291748,2.142579794,0.255885959,0.769618630,0.000000000,0
950,0,1,1.061847687,-25.804100037,200.072387695,2.138958931,0.255661547,0.769182444,0.000000000,0
951,0,1,1.053544998,-27.939201355,200.041961670,2.135334253,0.255478501,0.768740892,0.000000000,0
952,0,1,1.044960022,-30.070240021,199.989212036,2.131708622,0.255317599,0.768298268,0.000000000,0
953,0,1,1.036094666,-32.196987152,199.914276123,2.128085375,0.255190223,0.767856240,0.000000000,0
954,0,1,1.026956558,-34.319225311,199.817352295,2.124469995,0.255088687,0.767423093,0.000000000,0
955,0,1,1.017549515,-36.436725616,199.698532104,2.120852232,0.255020291,0.766991496,0.000000000,0
956,0,1,1.007867813,-38.549266815,199.557968140,2.117234707,0.254981279,0.766555071,0.000000000,0
957,0,1,0.997920990,-40.656616211,199.395812988,2.113602161,0.254967660,0.766124189,0.000000000,0
958,0,1,0.987710953,-42.758598328,199.212371826,2.109996319,0.254986912,0.765710890,0.000000000,0
959,0,1,0.977235794,-44.854969025,199.007553101,2.106378555,0.255035013,0.765286326,0.000000000,0
960,0,1,0.971267700,-46.702087402,198.839065552,1.854796529,0.254718184,0.682172954,0.000000000,0
961,0,1,0.968612671,-48.237705231,198.729080200,1.539553881,0.254182190,0.578136623,0.000000000,0
962,0,1,0.969156265,-49.459342957,198.685363770,1.222419739,0.253638148,0.474256724,0.000000000,0
963,0,1,0.972724915,-50.370235443,198.713043213,0.911319971,0.253101468,0.374036849,0.000000000,0
964,0,1,0.979076385,-50.978115082,198.814270020,0.616283119,0.252596557,0.282296985,0.000000000,0
965,0,1,0.971494675,-51.158737183,199.022613525,0.275842041,0.250589252,0.183734715,0.000000000,0
966,0,1,0.995483398,-50.889320374,199.343734741,0.419856787,0.247993067,0.184911832,0.000000000,0
967,0,1,1.016874313,-50.414726257,199.715942383,0.603519380,0.247823447,0.228139386,0.000000000,0
968,0,1,1.036563873,-49.749092102,200.134033203,0.786292851,0.247707933,0.280308247,0.000000000,0
969,0,1,1.055223465,-48.906215668,200.592361450,0.959611177,0.247643545,0.334307313,0.000000000,0
970,0,1,1.089773178,-47.063808441,201.271438599,1.963874698,0.235586375,0.662417114,0.000000000,0
971,0,1,1.121608734,-45.122837067,201.952758789,2.057323694,0.234781772,0.697529256,0.000000000,0
972,0,1,1.152204514,-43.082550049,202.633316040,2.151015043,0.233938813,0.732909083,0.000000000,0
973,0,1,1.182374954,-40.942390442,203.310394287,2.244911671,0.233122453,0.768511295,0.000000000,0
974,0,1,1.212732315,-38.701797485,203.980926514,2.338972569,0.232340738,0.804325938,0.000000000,0
975,0,1,1.247087479,-36.361675262,204.642242432,2.432013750,0.232196718,0.839849651,0.000000000,0
976,0,1,1.282352448,-33.807537079,205.309753418,2.640158415,0.231800616,0.914190352,0.000000000,0
977,0,1,1.318813324,-31.039295197,205.975540161,2.847413540,0.231415585,0.988577127,0.000000000,0
978,0,1,1.356628418,-28.059535980,206.630630493,3.051153421,0.231050700,1.062105775,0.000000000,0
979,0,1,1.386041641,-25.106033325,207.238876343,3.015626907,0.231729567,1.052358389,0.000000000,0
980,0,1,1.407724380,-22.410089493,207.777969360,2.749400854,0.232976303,0.961985767,0.000000000,0
981,0,1,1.423425674,-19.969066620,208.258697510,2.487958908,0.234246939,0.873118997,0.000000000,0
982,0,1,1.434547424,-17.772426605,208.691177368,2.238836765,0.235520706,0.788438499,0.000000000,0
983,0,1,1.442224503,-15.803506851,209.084747314,2.007884741,0.236796156,0.710032821,0.000000000,0
984,0,1,1.462821960,-15.127299309,209.369201660,0.733890474,0.235084951,0.285282522,0.000000000,0
985,0,1,1.475622177,-14.418590546,209.654357910,0.764032781,0.235563144,0.293989837,0.000000000,0
986,0,1,1.485845566,-13.651442528,209.941482544,0.819183230,0.236050054,0.310808361,0.000000000,0
987,0,1,1.494440079,-12.819870949,210.230239868,0.880321443,0.236536250,0.329927534,0.000000000,0
988,0,1,1.502052307,-11.920751572,210.520019531,0.944693506,0.237017110,0.350496203,0.000000000,0
989,0,1,1.509077072,-10.953372955,210.809906006,1.009903431,0.237499833,0.371753782,0.000000000,0
990,0,1,1.515727997,-9.919004440,211.098907471,1.074003935,0.237988323,0.393052131,0.000000000,0
991,0,1,1.522106171,-8.820486069,211.385925293,1.135412931,0.238483205,0.413826466,0.000000000,0
992,0,1,1.528207779,-7.661851883,211.669860840,1.192933202,0.238993511,0.433635116,0.000000000,0
993,0,1,1.533985138,-6.447962284,211.949615479,1.245722294,0.239513397,0.452171952,0.000000000,0
994,0,1,1.539354324,-5.184222221,212.224075317,1.293211579,0.240049094,0.469187528,0.000000000,0
995,0,1,1.544233322,-3.876309872,212.492279053,1.335137367,0.240607068,0.484564304,0.000000000,0
996,0,1,1.548532486,-2.529950857,212.753402710,1.371454239,0.241171345,0.498240888,0.000000000,0
997,0,1,1.549160004,-1.154320121,213.006652832,1.398748040,0.241700888,0.509008408,0.000000000,0
998,0,1,1.547599792,-0.041080177,213.252502441,1.140064836,0.242860809,0.423669189,0.000000000,0
999,0,1,1.544399261,0.815626264,213.494781494,0.890311897,0.244019657,0.343071133,0.000000000,0
1000,0,1,1.540180206,1.436483741,213.736572266,0.666291654,0.245141312,0.273762524,0.000000000,0
1001,0,1,1.535419464,1.845747709,213.979675293,0.476044893,0.246214703,0.219329312,0.000000000,0
1002,0,1,1.530502319,2.069806099,214.224945068,0.332240283,0.247231975,0.183293581,0.000000000,0
1003,0,1,1.525701523,2.135950089,214.472473145,0.256258130,0.248177528,0.166987106,0.000000000,0
1004,0,1,1.521203995,2.071346283,214.722183228,0.257970929,0.249058902,0.166875094,0.000000000,0
1005,0,1,1.517137527,1.902202606,214.973693848,0.303123266,0.249868780,0.175796404,0.000000000,0
1006,0,1,1.513568878,1.653115749,215.226379395,0.354833752,0.250600547,0.187406480,0.000000000,0
1007,0,1,1.510526657,1.346605062,215.479797363,0.397716880,0.251282573,0.198011845,0.000000000,0
1008,0,1,1.508008957,1.002796054,215.733596802,0.427346617,0.251898140,0.205886737,0.000000000,0
1009,0,1,1.505989075,0.639227748,215.987365723,0.443378687,0.252465397,0.210506216,0.000000000,0
1010,0,1,1.504425049,0.270799458,216.241119385,0.447362006,0.252987832,0.212038726,0.000000000,0
1011,0,1,1.503273010,-0.090209067,216.494750977,0.441200018,0.253469259,0.210922003,0.000000000,0
1012,0,1,1.502481461,-0.434030920,216.748229980,0.427160054,0.253925264,0.207770571,0.000000000,0
1013,0,1,1.501991272,-0.753241539,217.001708984,0.407611668,0.254356325,0.203240886,0.000000000,0
1014,0,1,1.501749039,-1.042558432,217.255249023,0.384690613,0.254766852,0.197956741,0.000000000,0
1015,0,1,1.501703262,-1.298605442,217.509002686,0.360487163,0.255172640,0.192487851,0.000000000,0
1016,0,1,1.501815796,-1.519658566,217.763168335,0.336845160,0.255570471,0.187300026,0.000000000,0
1017,0,1,1.502038956,-1.705393314,218.017730713,0.315118134,0.255968392,0.182695150,0.000000000,0
1018,0,1,1.502336502,-1.856636405,218.272842407,0.296574682,0.256366819,0.178912818,0.000000000,0
1019,0,1,1.502685547,-1.975124121,218.528594971,0.281866699,0.256773531,0.176034585,0.000000000,0
1020,0,1,1.503057480,-2.063278913,218.784927368,0.271067709,0.257184952,0.174004585,0.000000000,0
1021,0,1,1.503427505,-2.124013186,219.041992188,0.264142215,0.257601112,0.172763258,0.000000000,0
1022,0,1,1.503782272,-2.160541058,219.299652100,0.260236502,0.258037180,0.172140971,0.000000000,0
1023,0,1,1.504110336,-2.176229954,219.558013916,0.258837938,0.258470237,0.172007665,0.000000000,0
1024,0,1,1.504407883,-2.174464464,219.816940308,0.258932590,0.258915454,0.172180682,0.000000000,0
1025,0,1,1.504659653,-2.158543587,220.076507568,0.260055184,0.259376466,0.172556922,0.000000000,0
1026,0,1,1.504871368,-2.131590366,220.336593628,0.261479020,0.259837896,0.173027858,0.000000000,0
1027,0,1,1.505039215,-2.096490145,220.597229004,0.262988299,0.260311067,0.173518479,0.000000000,0
1028,0,1,1.505167007,-2.055849075,220.858444214,0.264357895,0.260788202,0.174006820,0.000000000,0
1029,0,1,1.505249023,-2.011960506,221.120117188,0.265328020,0.261273056,0.174420774,0.000000000,0
1030,0,1,1.505298615,-1.966796398,221.382232666,0.265978038,0.261757880,0.174799249,0.000000000,0
1031,0,1,1.505311966,-1.922003269,221.644958496,0.266516954,0.262250304,0.175123900,0.000000000,0
1032,0,1,1.505296707,-1.878911257,221.908020020,0.266567618,0.262746453,0.175401568,0.000000000,0
1033,0,1,1.505258560,-1.838555336,222.171585083,0.266636729,0.263238668,0.175653264,0.000000000,0
1034,0,1,1.505201340,-1.801695704,222.435684204,0.266658902,0.263738483,0.175896093,0.000000000,0
1035,0,1,1.505126953,-1.768843174,222.700134277,0.266482890,0.264234364,0.176115260,0.000000000,0
1036,0,1,1.505043030,-1.740293264,222.965148926,0.266548067,0.264730155,0.176361725,0.000000000,0
1037,0,1,1.504953384,-1.716154814,223.230529785,0.266476393,0.265225917,0.176596090,0.000000000,0
1038,0,1,1.504859924,-1.696378946,223.496398926,0.266603619,0.265721649,0.176860005,0.000000000,0
1039,0,1,1.504768372,-1.680792809,223.762756348,0.266813070,0.266217351,0.177131832,0.000000000,0
1040,0,1,1.504678726,-1.669130087,224.029510498,0.267008990,0.266705453,0.177410975,0.000000000,0
1041,0,1,1.504598618,-1.661051035,224.296829224,0.267440796,0.267201185,0.177718669,0.000000000,0
1042,0,1,1.504524231,-1.656167865,224.564514160,0.267729491,0.267689317,0.178014457,0.000000000,0
1043,0,1,1.504457474,-1.654067993,224.832717896,0.268211961,0.268173665,0.178345263,0.000000000,0
1044,0,1,1.504402161,-1.654329419,225.101379395,0.268661648,0.268661857,0.178655267,0.000000000,0
1045,0,1,1.504356384,-1.656535268,225.370498657,0.269128293,0.269150078,0.178991839,0.000000000,0
1046,0,1,1.504322052,-1.660286069,225.640136719,0.269664139,0.269623071,0.179307491,0.000000000,0
1047,0,1,1.504297256,-1.665210128,225.910217285,0.270125449,0.270103723,0.179631412,0.000000000,0
1048,0,1,1.504280090,-1.670968533,226.180755615,0.270599604,0.270584375,0.179939792,0.000000000,0
1049,0,1,1.504276276,-1.677258015,226.451736450,0.271053821,0.271057397,0.180262730,0.000000000,0
1050,0,1,1.504278183,-1.683816552,226.723220825,0.271563590,0.271530449,0.180577010,0.000000000,0
1051,0,1,1.504291534,-1.690421462,226.995208740,0.272068083,0.272003502,0.180913210,0.000000000,0
1052,0,1,1.504306793,-1.696890235,227.267639160,0.272507191,0.272476584,0.181202814,0.000000000,0
1053,0,1,1.504331589,-1.703079700,227.540557861,0.272988886,0.272941977,0.181522205,0.000000000,0
1054,0,1,1.504356384,-1.708880186,227.813919067,0.273422748,0.273422688,0.181841180,0.000000000,0
1055,0,1,1.504381180,-1.714216232,228.087768555,0.273901492,0.273895711,0.182144657,0.000000000,0
1056,0,1,1.504411697,-1.719036937,228.362091064,0.274364859,0.274353534,0.182448030,0.000000000,0
1057,0,1,1.504447937,-1.723319292,228.636901855,0.274844170,0.274818897,0.182774395,0.000000000,0
1058,0,1,1.504476547,-1.727060318,228.912155151,0.275278717,0.275291950,0.183055118,0.000000000,0
1059,0,1,1.504505157,-1.730274081,229.187866211,0.275729775,0.275757343,0.183389485,0.000000000,0
1060,0,1,1.504537582,-1.732988834,229.464111328,0.276258469,0.276215106,0.183685958,0.000000000,0
1061,0,1,1.504564285,-1.735243559,229.740783691,0.276681542,0.276688129,0.184005514,0.000000000,0
1062,0,1,1.504589081,-1.737081289,230.017913818,0.277136207,0.277145922,0.184302405,0.000000000,0
1063,0,1,1.504608154,-1.738550425,230.295516968,0.277607054,0.277611315,0.184614748,0.000000000,0
1064,0,1,1.504629135,-1.739703655,230.573593140,0.278078556,0.278076708,0.184919596,0.000000000,0
