tick,support,on_floor,local_x,local_y,local_z,slip_m,bus_write_m,package_write_m,platform_speed,dual_contact
1,1,1,0.000001907,-0.599576354,2.500000000,0.000000000,0.000000000,0.000000000,0.000000000,0
2,1,1,0.000000000,-0.600085258,2.500930786,0.001060825,0.001023691,0.000000000,0.000000000,0
3,1,1,0.000001907,-0.600241661,2.501846313,0.000928793,0.001964350,0.000000000,0.063650124,0
4,1,1,0.000000000,-0.600347877,2.502777100,0.000936829,0.002934451,0.000000000,0.117749549,0
5,1,1,-0.000001907,-0.600409865,2.503707886,0.000932850,0.003862551,0.000000000,0.172938690,0
6,1,1,0.000000000,-0.600433707,2.504623413,0.000915840,0.004792082,0.000000000,0.227141187,0
7,1,1,0.000000000,-0.600425541,2.505538940,0.000915564,0.005722301,0.000000000,0.281252176,0
8,1,1,0.000001907,-0.600391984,2.506469727,0.000931393,0.006652871,0.000000000,0.336248994,0
9,1,1,0.000001907,-0.600338340,2.507385254,0.000917098,0.007553102,0.000000000,0.390386105,0
10,1,1,0.000001907,-0.600270271,2.508285522,0.000902838,0.008453418,0.000000000,0.444602519,0
11,1,1,0.000000000,-0.600192547,2.509201050,0.000918823,0.009338506,0.000000000,0.498923719,0
12,1,1,0.000001907,-0.600109696,2.510101318,0.000904075,0.010238852,0.000000000,0.552440882,0
13,1,1,0.000001907,-0.600025296,2.511016846,0.000919409,0.011139184,0.000000000,0.606978178,0
14,1,1,0.000003815,-0.599942327,2.511932373,0.000919281,0.012024237,0.000000000,0.661612034,0
15,1,1,0.000003815,-0.599863529,2.512832642,0.000903710,0.012909266,0.000000000,0.715412796,0
16,1,1,0.000001907,-0.599790692,2.513748169,0.000918422,0.013794275,0.000000000,0.769279301,0
17,1,1,0.000001907,-0.599724889,2.514648438,0.000902670,0.014694529,0.000000000,0.824112236,0
18,1,1,0.000001907,-0.599667430,2.515563965,0.000917329,0.015564251,0.000000000,0.878066897,0
19,1,1,0.000001907,-0.599618673,2.516464233,0.000901588,0.016464485,0.000000000,0.932047486,0
20,1,1,0.000001907,-0.599578738,2.517349243,0.000885910,0.017334197,0.000000000,0.986044824,0
21,1,1,0.000000000,-0.599547446,2.518249512,0.000900814,0.018234426,0.000000000,1.040052533,0
22,1,1,-0.000001907,-0.599524379,2.519149780,0.000900566,0.019119399,0.000000000,1.094065428,0
23,1,1,-0.000001907,-0.599508822,2.520034790,0.000885146,0.020004377,0.000000000,1.147164702,0
24,1,1,-0.000001907,-0.599500060,2.520919800,0.000885053,0.020889357,0.000000000,1.201180339,0
25,1,1,-0.000001907,-0.599497437,2.521804810,0.000885014,0.021789603,0.000000000,1.254279733,0
26,1,1,0.000000000,-0.599500000,2.522705078,0.000900274,0.022674596,0.000000000,1.308294177,0
27,1,1,0.000000000,-0.599506617,2.523590088,0.000885035,0.023544332,0.000000000,1.361392260,0
28,1,1,0.000001907,-0.599516869,2.524475098,0.000885071,0.024444591,0.000000000,1.414489985,0
29,1,1,0.000001907,-0.599529743,2.525360107,0.000885103,0.025314337,0.000000000,1.467587829,0
30,1,1,0.000001907,-0.599544346,2.526260376,0.000900387,0.026214601,0.000000000,1.520686030,0
31,1,1,0.000000000,-0.599560082,2.527130127,0.000869895,0.027084351,0.000000000,1.573784471,0
32,1,1,0.000000000,-0.599576592,2.528015137,0.000885164,0.027984619,0.000000000,1.626883626,0
33,1,1,0.000001907,-0.599592865,2.528869629,0.000854649,0.028854372,0.000000000,1.679983377,0
34,1,1,0.000001907,-0.599608898,2.529769897,0.000900411,0.029739382,0.000000000,1.732168436,0
35,1,1,-0.000001907,-0.599624276,2.530639648,0.000869895,0.030624393,0.000000000,1.785269380,0
36,1,1,0.000000000,-0.599638700,2.531524658,0.000885129,0.031494144,0.000000000,1.837455392,0
37,1,1,0.000000000,-0.599651694,2.532394409,0.000869848,0.032379154,0.000000000,1.890557051,0
38,1,1,0.000000000,-0.599663377,2.533264160,0.000869829,0.033233646,0.000000000,1.942743421,0
39,1,1,0.000000000,-0.599673986,2.534118652,0.000854558,0.034118656,0.000000000,1.994929910,0
40,1,1,0.000000000,-0.599683046,2.535003662,0.000885056,0.034988407,0.000000000,2.047116280,0
41,1,1,0.000000000,-0.599690914,2.535873413,0.000869787,0.035858158,0.000000000,2.099302530,0
42,1,1,0.000000000,-0.599697411,2.536743164,0.000869775,0.036727909,0.000000000,2.151489019,0
43,1,1,0.000000000,-0.599702716,2.537597656,0.000854509,0.037582401,0.000000000,2.203674793,0
44,1,1,0.000000000,-0.599707127,2.538467407,0.000869762,0.038452152,0.000000000,2.254945040,0
45,1,1,-0.000001907,-0.599710464,2.539337158,0.000869759,0.039321903,0.000000000,2.307130575,0
46,1,1,0.000000000,-0.599713087,2.540176392,0.000839240,0.040176392,0.000000000,2.359316111,0
47,1,1,0.000000000,-0.599714994,2.541046143,0.000869753,0.041046143,0.000000000,2.410585880,0
48,1,1,-0.000001907,-0.599716485,2.541900635,0.000854496,0.041885376,0.000000000,2.461855173,0
49,1,1,0.000000000,-0.599717379,2.542755127,0.000854495,0.042739868,0.000000000,2.513124943,0
50,1,1,0.000001907,-0.599718213,2.543624878,0.000869753,0.043609619,0.000000000,2.564394236,0
51,1,1,0.000001907,-0.599718571,2.544464111,0.000839233,0.044448853,0.000000000,2.616579294,0
52,1,1,0.000000000,-0.599719167,2.545318604,0.000854495,0.045303345,0.000000000,2.666933060,0
53,1,1,0.000000000,-0.599719644,2.546188354,0.000869751,0.046173096,0.000000000,2.718202353,0
54,1,1,0.000001907,-0.599720001,2.547027588,0.000839236,0.047012329,0.000000000,2.769471645,0
55,1,1,0.000000000,-0.599720836,2.547866821,0.000839236,0.047851563,0.000000000,2.820740938,0
56,1,1,0.000000000,-0.599721551,2.548721313,0.000854492,0.048706055,0.000000000,2.871094704,0
57,1,1,-0.000001907,-0.599722624,2.549560547,0.000839236,0.049545288,0.000000000,2.922363997,0
58,1,1,0.000000000,-0.599723816,2.550399780,0.000839236,0.050384521,0.000000000,2.972717762,0
59,1,1,0.000000000,-0.599725187,2.551239014,0.000839235,0.051223755,0.000000000,3.023071527,0
60,1,1,0.000000000,-0.599725604,2.552093506,0.000854492,0.052078247,0.000000000,3.073425531,0
61,1,1,-0.000001907,-0.599728107,2.552932739,0.000839239,0.052917480,0.000000000,3.124694586,0
62,1,1,0.000000000,-0.599730790,2.553771973,0.000839240,0.053741455,0.000000000,3.175048590,0
63,1,1,0.000000000,-0.599733472,2.554611206,0.000839238,0.054580688,0.000000000,3.224487066,0
64,1,1,0.000000000,-0.599735856,2.555450439,0.000839237,0.055419922,0.000000000,3.274841070,0
65,1,1,0.000000000,-0.599738419,2.556289673,0.000839237,0.056259155,0.000000000,3.325195074,0
66,1,1,-0.000001907,-0.599740982,2.557113647,0.000823981,0.057083130,0.000000000,3.375548840,0
67,1,1,-0.000001907,-0.599743843,2.557952881,0.000839238,0.057922363,0.000000000,3.424987316,0
68,1,1,-0.000001907,-0.599748015,2.558761597,0.000808727,0.058746338,0.000000000,3.475341320,0
69,1,1,0.000000000,-0.599749327,2.559585571,0.000823978,0.059570313,0.000000000,3.524780035,0
70,1,1,0.000000000,-0.599754035,2.560409546,0.000823988,0.060394287,0.000000000,3.574218273,0
71,1,1,0.000000000,-0.599755168,2.561233521,0.000823975,0.061218262,0.000000000,3.623656988,0
72,1,1,0.000000000,-0.599760056,2.562057495,0.000823989,0.062042236,0.000000000,3.673095226,0
73,1,1,0.000000000,-0.599762917,2.562881470,0.000823980,0.062866211,0.000000000,3.722533941,0
74,1,1,0.000001907,-0.599763870,2.563705444,0.000823977,0.063690186,0.000000000,3.771972418,0
75,1,1,0.000001907,-0.599768937,2.564529419,0.000823990,0.064514160,0.000000000,3.821410418,0
76,1,1,0.000001907,-0.599771798,2.565353394,0.000823980,0.065338135,0.000000000,3.870849371,0
77,1,1,0.000001907,-0.599774778,2.566162109,0.000808721,0.066146851,0.000000000,3.920287848,0
78,1,1,0.000000000,-0.599775314,2.567001343,0.000839236,0.066970825,0.000000000,3.968810797,0
79,1,1,0.000000000,-0.599780500,2.567794800,0.000793474,0.067779541,0.000000000,4.018249035,0
80,1,1,0.000000000,-0.599783242,2.568603516,0.000808720,0.068588257,0.000000000,4.066772461,0
81,1,1,0.000000000,-0.599785924,2.569412231,0.000808720,0.069396973,0.000000000,4.115295410,0
82,1,1,0.000000000,-0.599788666,2.570220947,0.000808720,0.070205688,0.000000000,4.163818359,0
83,1,1,0.000000000,-0.599791408,2.571029663,0.000808720,0.071014404,0.000000000,4.212341309,0
84,1,1,0.000000000,-0.599794030,2.571838379,0.000808720,0.071823120,0.000000000,4.260864258,0
85,1,1,0.000000000,-0.599796653,2.572647095,0.000808720,0.072631836,0.000000000,4.309387207,0
86,1,1,0.000000000,-0.599799454,2.573455811,0.000808721,0.073440552,0.000000000,4.357910156,0
87,1,1,0.000000000,-0.599802017,2.574264526,0.000808720,0.074249268,0.000000000,4.406433105,0
88,1,1,0.000000000,-0.599802017,2.575057983,0.000793457,0.075042725,0.000000000,4.454956055,0
89,1,1,0.000000000,-0.599807262,2.575866699,0.000808733,0.075851440,0.000000000,4.502563000,0
90,1,1,0.000000000,-0.599809706,2.576660156,0.000793461,0.076644897,0.000000000,4.551086426,0
91,1,1,0.000000000,-0.599812388,2.577453613,0.000793462,0.077438354,0.000000000,4.598693371,0
92,1,1,0.000000000,-0.599814892,2.578262329,0.000808720,0.078247070,0.000000000,4.646300793,0
93,1,1,0.000000000,-0.599817455,2.579055786,0.000793461,0.079040527,0.000000000,4.694823742,0
94,1,1,0.000000000,-0.599819958,2.579849243,0.000793461,0.079833984,0.000000000,4.742431164,0
95,1,1,-0.000001907,-0.599822521,2.580642700,0.000793463,0.080627441,0.000000000,4.790038586,0
96,1,1,-0.000001907,-0.599825144,2.581436157,0.000793461,0.081420898,0.000000000,4.837646008,0
97,1,1,-0.000001907,-0.599827588,2.582214355,0.000778202,0.082199097,0.000000000,4.885253429,0
98,1,1,-0.000001907,-0.599830151,2.583007813,0.000793461,0.082992554,0.000000000,4.931945324,0
99,1,1,-0.000001907,-0.599832714,2.583801270,0.000793461,0.083786011,0.000000000,4.979552746,0
100,1,1,-0.000001907,-0.599835157,2.584579468,0.000778202,0.084564209,0.000000000,5.027160168,0
101,1,1,-0.000001907,-0.599837720,2.585372925,0.000793461,0.085357666,0.000000000,5.073852062,0
102,1,1,-0.000001907,-0.599840283,2.586151123,0.000778202,0.086135864,0.000000000,5.121459484,0
103,1,1,-0.000001907,-0.599842727,2.586929321,0.000778202,0.086914063,0.000000000,5.168151379,0
104,1,1,-0.000001907,-0.599845350,2.587722778,0.000793461,0.087707520,0.000000000,5.214843273,0
105,1,1,0.000000000,-0.599847913,2.588500977,0.000778205,0.088485718,0.000000000,5.262450695,0
106,1,1,-0.000001907,-0.599850476,2.589279175,0.000778205,0.089263916,0.000000000,5.309142590,0
107,1,1,-0.000001907,-0.599852979,2.590057373,0.000778202,0.090042114,0.000000000,5.355834484,0
108,1,1,-0.000001907,-0.599855483,2.590820313,0.000762944,0.090805054,0.000000000,5.402526379,0
109,1,1,-0.000001907,-0.599858046,2.591598511,0.000778202,0.091583252,0.000000000,5.448302746,0
110,1,1,-0.000001907,-0.599860549,2.592376709,0.000778202,0.092361450,0.000000000,5.494994640,0
111,1,1,-0.000001907,-0.599863052,2.593154907,0.000778202,0.093124390,0.000000000,5.541686535,0
112,1,1,0.000000000,-0.599865615,2.593933105,0.000778205,0.093902588,0.000000000,5.587462902,0
113,1,1,-0.000001907,-0.599868119,2.594680786,0.000747687,0.094665527,0.000000000,5.634154797,0
114,1,1,0.000000000,-0.599868774,2.595458984,0.000778201,0.095443726,0.000000000,5.679931164,0
115,1,1,0.000000000,-0.599873185,2.596221924,0.000762952,0.096206665,0.000000000,5.726622581,0
116,1,1,0.000000000,-0.599875808,2.596984863,0.000762944,0.096969604,0.000000000,5.772399426,0
117,1,1,0.000000000,-0.599878192,2.597747803,0.000762943,0.097732544,0.000000000,5.818175793,0
118,1,1,0.000001907,-0.599880815,2.598510742,0.000762946,0.098495483,0.000000000,5.863952160,0
119,1,1,0.000000000,-0.599883139,2.599273682,0.000762945,0.099258423,0.000000000,5.909728527,0
120,1,1,0.000000000,-0.599885821,2.600036621,0.000762944,0.100021362,0.000000000,5.955504894,0
121,1,1,0.000000000,-0.599888265,2.600799561,0.000762943,0.100784302,0.000000000,6.001281261,0
122,1,1,0.000000000,-0.599890769,2.601547241,0.000747685,0.101531982,0.000000000,6.047057629,0
123,1,1,0.000000000,-0.599893212,2.602310181,0.000762943,0.102294922,0.000000000,6.091918468,0
124,1,1,0.000000000,-0.599895775,2.603073120,0.000762944,0.103057861,0.000000000,6.137694836,0
125,1,1,0.000000000,-0.599898219,2.603820801,0.000747685,0.103805542,0.000000000,6.183471203,0
126,1,1,0.000001907,-0.599900603,2.604568481,0.000747687,0.104553223,0.000000000,6.228332043,0
127,1,1,0.000000000,-0.599903166,2.605331421,0.000762946,0.105316162,0.000000000,6.273192883,0
128,1,1,0.000000000,-0.599905670,2.606079102,0.000747685,0.106063843,0.000000000,6.318969250,0
129,1,1,0.000001907,-0.599908054,2.606826782,0.000747687,0.106811523,0.000000000,6.363830090,0
130,1,1,0.000000000,-0.599910498,2.607574463,0.000747687,0.107559204,0.000000000,6.408690929,0
131,1,1,0.000000000,-0.599912882,2.608322144,0.000747684,0.108306885,0.000000000,6.453551769,0
132,1,1,0.000001907,-0.599915445,2.609069824,0.000747688,0.109054565,0.000000000,6.498412609,0
133,1,1,-0.000001907,-0.599917412,2.609802246,0.000732434,0.109786987,0.000000000,6.543273449,0
134,1,1,-0.000001907,-0.599920273,2.610549927,0.000747686,0.110534668,0.000000000,6.587218761,0
135,1,1,-0.000001907,-0.599922657,2.611297607,0.000747684,0.111282349,0.000000000,6.632079601,0
136,1,1,-0.000001907,-0.599924982,2.612030029,0.000732426,0.112014771,0.000000000,6.676940441,0
137,1,1,0.000000000,-0.599927425,2.612777710,0.000747687,0.112762451,0.000000000,6.720885754,0
138,1,1,-0.000001907,-0.599929929,2.613525391,0.000747687,0.113494873,0.000000000,6.765746593,0
139,1,1,-0.000001907,-0.599932253,2.614257813,0.000732426,0.114227295,0.000000000,6.809691906,0
140,1,1,0.000000000,-0.599934697,2.614990234,0.000732428,0.114974976,0.000000000,6.853637218,0
141,1,1,-0.000001907,-0.599937081,2.615722656,0.000732428,0.115707397,0.000000000,6.898498058,0
142,1,1,-0.000001907,-0.599939525,2.616455078,0.000732426,0.116439819,0.000000000,6.942443371,0
143,1,1,-0.000001907,-0.599941969,2.617187500,0.000732426,0.117172241,0.000000000,6.986388683,0
144,1,1,0.000000000,-0.599944293,2.617919922,0.000732428,0.117904663,0.000000000,7.030333996,0
145,1,1,-0.000001907,-0.599946618,2.618637085,0.000717169,0.118621826,0.000000000,7.074279308,0
146,1,1,-0.000001907,-0.599949062,2.619369507,0.000732426,0.119354248,0.000000000,7.117309093,0
147,1,1,-0.000001907,-0.599951446,2.620101929,0.000732426,0.120086670,0.000000000,7.161254406,0
148,1,1,0.000000000,-0.599953830,2.620819092,0.000717170,0.120803833,0.000000000,7.205199718,0
149,1,1,-0.000001907,-0.599956214,2.621551514,0.000732428,0.121536255,0.000000000,7.248229504,0
150,1,1,-0.000001907,-0.599958539,2.622268677,0.000717167,0.122253418,0.000000000,7.292174816,0
151,1,1,-0.000001907,-0.599961936,2.623001099,0.000732430,0.122985840,0.000000000,7.335204601,0
152,1,1,-0.000001907,-0.599963307,2.623718262,0.000717164,0.123703003,0.000000000,7.379149914,0
153,1,1,0.000000000,-0.599965692,2.624435425,0.000717170,0.124420166,0.000000000,7.422179699,0
154,1,1,0.000000000,-0.599967957,2.625152588,0.000717167,0.125137329,0.000000000,7.465209484,0
155,1,1,-0.000001907,-0.599970341,2.625869751,0.000717170,0.125854492,0.000000000,7.508239269,0
156,1,1,-0.000001907,-0.599972725,2.626586914,0.000717167,0.126571655,0.000000000,7.551269054,0
157,1,1,-0.000001907,-0.599974990,2.627304077,0.000717167,0.127288818,0.000000000,7.594298840,0
158,1,1,0.000000000,-0.599977374,2.628021240,0.000717170,0.128005981,0.000000000,7.637328625,0
159,1,1,-0.000001907,-0.599979639,2.628723145,0.000701911,0.128707886,0.000000000,7.680358410,0
160,1,1,-0.000001907,-0.599982023,2.629440308,0.000717167,0.129425049,0.000000000,7.722472668,0
161,1,1,-0.000001907,-0.599984288,2.630157471,0.000717167,0.130126953,0.000000000,7.765502453,0
162,1,1,-0.000001907,-0.599986672,2.630859375,0.000701908,0.130844116,0.000000000,7.807616711,0
163,1,1,0.000000000,-0.599988937,2.631561279,0.000701911,0.131546021,0.000000000,7.850646496,0
164,1,1,0.000000000,-0.599991322,2.632278442,0.000717167,0.132263184,0.000000000,7.892760754,0
165,1,1,-0.000001907,-0.599993587,2.632980347,0.000701911,0.132965088,0.000000000,7.935790539,0
166,1,1,-0.000001907,-0.599995852,2.633682251,0.000701908,0.133666992,0.000000000,7.977904797,0
167,1,1,-0.000001907,-0.599998236,2.634384155,0.000701908,0.134368896,0.000000000,8.020019531,0
168,1,1,-0.000001907,-0.600000501,2.635086060,0.000701908,0.135070801,0.000000000,8.062133789,0
169,1,1,0.000000000,-0.600002766,2.635787964,0.000701911,0.135772705,0.000000000,8.104248047,0
170,1,1,0.000000000,-0.600005150,2.636489868,0.000701908,0.136474609,0.000000000,8.146362305,0
171,1,1,-0.000001907,-0.600007415,2.637191772,0.000701911,0.137176514,0.000000000,8.188476563,0
172,1,1,-0.000001907,-0.600009561,2.637878418,0.000686649,0.137863159,0.000000000,8.230590820,0
173,1,1,-0.000001907,-0.600011945,2.638580322,0.000701908,0.138565063,0.000000000,8.271789551,0
174,1,1,-0.000001907,-0.600014210,2.639282227,0.000701908,0.139266968,0.000000000,8.313903809,0
175,1,1,0.000000000,-0.600016475,2.639968872,0.000686652,0.139953613,0.000000000,8.356018066,0
176,1,1,0.000000000,-0.600018740,2.640655518,0.000686649,0.140640259,0.000000000,8.397216797,0
177,1,1,0.000000000,-0.600021005,2.641357422,0.000701908,0.141342163,0.000000000,8.438415527,0
178,1,1,0.000000000,-0.600023270,2.642044067,0.000686649,0.142028809,0.000000000,8.480529785,0
179,1,1,-0.000001907,-0.600025535,2.642730713,0.000686652,0.142715454,0.000000000,8.521728516,0
180,1,1,-0.000001907,-0.600027680,2.643417358,0.000686649,0.143402100,0.000000000,8.562927246,0
181,1,1,-0.000001907,-0.600030065,2.644119263,0.000701908,0.144088745,0.000000000,8.604125977,0
182,1,1,-0.000001907,-0.600032210,2.644790649,0.000671390,0.144775391,0.000000000,8.645324707,0
183,1,1,-0.000001907,-0.600034475,2.645477295,0.000686649,0.145462036,0.000000000,8.686523438,0
184,1,1,0.000000000,-0.600036740,2.646163940,0.000686652,0.146148682,0.000000000,8.727722168,0
185,1,1,0.000000000,-0.600039005,2.646850586,0.000686649,0.146835327,0.000000000,8.768920898,0
186,1,1,0.000000000,-0.600041270,2.647521973,0.000671391,0.147506714,0.000000000,8.810119629,0
187,1,1,0.000000000,-0.600043416,2.648208618,0.000686649,0.148193359,0.000000000,8.850402832,0
188,1,1,0.000000000,-0.600045681,2.648880005,0.000671391,0.148864746,0.000000000,8.891601563,0
189,1,1,0.000000000,-0.600047946,2.649566650,0.000686649,0.149551392,0.000000000,8.931884766,0
190,1,1,-0.000001907,-0.600050092,2.650238037,0.000671393,0.150222778,0.000000000,8.973083496,0
191,1,1,-0.000001907,-0.600052357,2.650909424,0.000671391,0.150894165,0.000000000,9.013366699,0
192,1,1,-0.000001907,-0.600054502,2.651596069,0.000686649,0.151580811,0.000000000,9.053649902,0
193,1,1,-0.000001907,-0.600056767,2.652267456,0.000671391,0.152252197,0.000000000,9.094848633,0
194,1,1,-0.000001907,-0.600058913,2.652938843,0.000671390,0.152923584,0.000000000,9.135131836,0
195,1,1,-0.000003815,-0.600063682,2.653610229,0.000671406,0.153594971,0.000000000,9.175414085,0
196,1,1,-0.000003815,-0.600063324,2.654281616,0.000671387,0.154266357,0.000000000,9.215698242,0
197,1,1,-0.000003815,-0.600065470,2.654937744,0.000656131,0.154922485,0.000000000,9.255980492,0
198,1,1,-0.000003815,-0.600067675,2.655609131,0.000671390,0.155593872,0.000000000,9.295348167,0
199,1,1,-0.000003815,-0.600069880,2.656280518,0.000671390,0.156265259,0.000000000,9.335631371,0
200,1,1,-0.000003815,-0.600072026,2.656951904,0.000671390,0.156921387,0.000000000,9.375914574,0
201,1,1,-0.000003815,-0.600074232,2.657608032,0.000656132,0.157592773,0.000000000,9.415282249,0
202,1,1,-0.000003815,-0.600076377,2.658264160,0.000656131,0.158248901,0.000000000,9.455565453,0
203,1,1,-0.000003815,-0.600078583,2.658935547,0.000671390,0.158920288,0.000000000,9.494933128,0
204,1,1,-0.000003815,-0.600080729,2.659591675,0.000656131,0.159576416,0.000000000,9.535216331,0
205,1,1,-0.000003815,-0.600082874,2.660247803,0.000656131,0.160232544,0.000000000,9.574584007,0
206,1,1,-0.000003815,-0.600085020,2.660919189,0.000671390,0.160903931,0.000000000,9.613951683,0
207,1,1,-0.000003815,-0.600087225,2.661575317,0.000656132,0.161560059,0.000000000,9.654234886,0
208,1,1,-0.000003815,-0.600089371,2.662231445,0.000656131,0.162216187,0.000000000,9.693602562,0
209,1,1,-0.000003815,-0.600091517,2.662887573,0.000656131,0.162872314,0.000000000,9.732970238,0
210,1,1,-0.000003815,-0.600093663,2.663543701,0.000656131,0.163528442,0.000000000,9.772337914,0
211,1,1,-0.000003815,-0.600095749,2.664184570,0.000640873,0.164169312,0.000000000,9.811705589,0
212,1,1,-0.000003815,-0.600097895,2.664840698,0.000656131,0.164825439,0.000000000,9.850157738,0
213,1,1,-0.000003815,-0.600100040,2.665496826,0.000656131,0.165481567,0.000000000,9.889525414,0
214,1,1,-0.000003815,-0.600102127,2.666137695,0.000640873,0.166122437,0.000000000,9.928893089,0
215,1,1,-0.000003815,-0.600104272,2.666793823,0.000656131,0.166778564,0.000000000,9.967345238,0
216,1,1,-0.000003815,-0.600106359,2.667434692,0.000640873,0.167419434,0.000000000,10.006712914,0
217,1,1,-0.000003815,-0.600108564,2.668106079,0.000671390,0.168075562,0.000000000,10.045165062,0
218,1,1,-0.000003815,-0.600110650,2.668731689,0.000625614,0.168716431,0.000000000,10.084532738,0
219,1,1,-0.000003815,-0.600112796,2.669372559,0.000640873,0.169357300,0.000000000,10.122984886,0
220,1,1,-0.000003815,-0.600114882,2.670028687,0.000656131,0.170013428,0.000000000,10.161437035,0
221,1,1,-0.000001907,-0.600117028,2.670669556,0.000640876,0.170654297,0.000000000,10.200804710,0
222,1,1,-0.000001907,-0.600119114,2.671310425,0.000640873,0.171295166,0.000000000,10.239256859,0
223,1,1,-0.000001907,-0.600121200,2.671951294,0.000640873,0.171936035,0.000000000,10.277709007,0
224,1,1,-0.000001907,-0.600123346,2.672592163,0.000640873,0.172576904,0.000000000,10.316161156,0
225,1,1,-0.000001907,-0.600125372,2.673217773,0.000625614,0.173202515,0.000000000,10.354613304,0
226,1,1,-0.000001907,-0.600127459,2.673858643,0.000640873,0.173843384,0.000000000,10.392149925,0
227,1,1,-0.000001907,-0.600129545,2.674499512,0.000640873,0.174484253,0.000000000,10.430602074,0
228,1,1,-0.000001907,-0.600131631,2.675140381,0.000640873,0.175125122,0.000000000,10.469054222,0
229,1,1,-0.000003815,-0.600133657,2.675765991,0.000625617,0.175750732,0.000000000,10.507506371,0
230,1,1,-0.000003815,-0.600135803,2.676406860,0.000640873,0.176391602,0.000000000,10.545042992,0
231,1,1,-0.000003815,-0.600137830,2.677032471,0.000625614,0.177017212,0.000000000,10.583495140,0
232,1,1,-0.000003815,-0.600139856,2.677658081,0.000625614,0.177642822,0.000000000,10.621031761,0
233,1,1,-0.000001907,-0.600142002,2.678314209,0.000656134,0.178283691,0.000000000,10.658568382,0
234,1,1,-0.000001907,-0.600144029,2.678924561,0.000610355,0.178909302,0.000000000,10.697020531,0
235,1,1,-0.000001907,-0.600146055,2.679550171,0.000625614,0.179534912,0.000000000,10.734557152,0
236,1,1,-0.000001907,-0.600148141,2.680175781,0.000625614,0.180160522,0.000000000,10.772093773,0
237,1,1,-0.000001907,-0.600150168,2.680801392,0.000625614,0.180786133,0.000000000,10.809630394,0
238,1,1,-0.000001907,-0.600152194,2.681427002,0.000625614,0.181411743,0.000000000,10.847167015,0
239,1,1,-0.000003815,-0.600154221,2.682052612,0.000625617,0.182037354,0.000000000,10.884703636,0
240,1,1,-0.000003815,-0.600156307,2.682678223,0.000625614,0.182662964,0.000000000,10.922240257,0
241,1,1,-0.000001907,-0.600158334,2.683288574,0.000610358,0.183273315,0.000000000,10.959776878,0
242,1,1,-0.000001907,-0.600160360,2.683914185,0.000625614,0.183898926,0.000000000,10.996397972,0
243,1,1,-0.000001907,-0.600162387,2.684539795,0.000625614,0.184524536,0.000000000,11.033934593,0
244,1,1,-0.000001907,-0.600164413,2.685150146,0.000610355,0.185134888,0.000000000,11.071471214,0
245,1,1,-0.000001907,-0.600166440,2.685775757,0.000625614,0.185760498,0.000000000,11.108092308,0
246,1,1,-0.000003815,-0.600168407,2.686386108,0.000610358,0.186370850,0.000000000,11.145628929,0
247,1,1,-0.000003815,-0.600170434,2.686996460,0.000610355,0.186981201,0.000000000,11.182250023,0
248,1,1,-0.000001907,-0.600172460,2.687622070,0.000625617,0.187606812,0.000000000,11.218871117,0
249,1,1,-0.000001907,-0.600174487,2.688232422,0.000610355,0.188217163,0.000000000,11.256407738,0
250,1,1,-0.000001907,-0.600176513,2.688842773,0.000610355,0.188827515,0.000000000,11.293028831,0
251,1,1,-0.000001907,-0.600178540,2.689453125,0.000610355,0.189437866,0.000000000,11.329649925,0
252,1,1,-0.000003815,-0.600180507,2.690063477,0.000610358,0.190048218,0.000000000,11.366271019,0
253,1,1,-0.000001907,-0.600182533,2.690673828,0.000610358,0.190658569,0.000000000,11.402892113,0
254,1,1,-0.000001907,-0.600184500,2.691284180,0.000610355,0.191268921,0.000000000,11.439513206,0
255,1,1,-0.000001907,-0.600186527,2.691894531,0.000610355,0.191879272,0.000000000,11.476134300,0
256,1,1,-0.000001907,-0.600188434,2.692489624,0.000595096,0.192474365,0.000000000,11.512755394,0
257,1,1,-0.000003815,-0.600190401,2.693099976,0.000610358,0.193084717,0.000000000,11.548460960,0
258,1,1,-0.000001907,-0.600192428,2.693710327,0.000610358,0.193695068,0.000000000,11.585082054,0
259,1,1,-0.000001907,-0.600194395,2.694305420,0.000595096,0.194290161,0.000000000,11.621703148,0
260,1,1,-0.000001907,-0.600196362,2.694915771,0.000610355,0.194900513,0.000000000,11.657408714,0
261,1,1,-0.000001907,-0.600198388,2.695510864,0.000595096,0.195495605,0.000000000,11.694029808,0
262,1,1,-0.000003815,-0.600200295,2.696105957,0.000595099,0.196090698,0.000000000,11.729735374,0
263,1,1,-0.000001907,-0.600202262,2.696716309,0.000610358,0.196685791,0.000000000,11.765440941,0
264,1,1,-0.000001907,-0.600204229,2.697311401,0.000595096,0.197296143,0.000000000,11.801146507,0
265,1,1,-0.000001907,-0.600206196,2.697906494,0.000595096,0.197891235,0.000000000,11.837767601,0
266,1,1,0.000000000,-0.600207210,2.698501587,0.000595097,0.198486328,0.000000000,11.873473167,0
267,1,1,0.000000000,-0.600210071,2.699096680,0.000595100,0.199081421,0.000000000,11.909178734,0
268,1,1,-0.000001907,-0.600211978,2.699691772,0.000595099,0.199676514,0.000000000,11.944884300,0
269,1,1,0.000000000,-0.600214005,2.700286865,0.000595099,0.200271606,0.000000000,11.980589867,0
270,1,1,0.000000000,-0.600215912,2.700866699,0.000579837,0.200851440,0.000000000,12.016295433,0
271,1,1,0.000000000,-0.600217819,2.701461792,0.000595096,0.201446533,0.000000000,12.051085472,0
272,1,1,-0.000001907,-0.600219727,2.702056885,0.000595099,0.202041626,0.000000000,12.086791039,0
273,1,1,0.000000000,-0.600221753,2.702651978,0.000595099,0.202636719,0.000000000,12.122496605,0
274,1,1,0.000000000,-0.600223660,2.703231812,0.000579837,0.203216553,0.000000000,12.158202171,0
275,1,1,0.000000000,-0.600225568,2.703826904,0.000595096,0.203811646,0.000000000,12.192992210,0
276,1,1,-0.000001907,-0.600227475,2.704406738,0.000579840,0.204391479,0.000000000,12.228697777,0
277,1,1,0.000000000,-0.600229383,2.704986572,0.000579840,0.204971313,0.000000000,12.263487816,0
278,1,1,0.000000000,-0.600231290,2.705581665,0.000595096,0.205566406,0.000000000,12.298277855,0
279,1,1,0.000000000,-0.600233197,2.706161499,0.000579837,0.206146240,0.000000000,12.333983421,0
280,1,1,0.000000000,-0.600235105,2.706741333,0.000579837,0.206726074,0.000000000,12.368773460,0
281,1,1,0.000000000,-0.600237012,2.707321167,0.000579837,0.207305908,0.000000000,12.403563499,0
282,1,1,0.000000000,-0.600238919,2.707901001,0.000579837,0.207885742,0.000000000,12.438353539,0
283,1,1,-0.000001907,-0.600240827,2.708480835,0.000579840,0.208465576,0.000000000,12.473143578,0
284,1,1,0.000000000,-0.600242734,2.709060669,0.000579840,0.209045410,0.000000000,12.507933617,0
285,1,1,0.000000000,-0.600244641,2.709640503,0.000579837,0.209625244,0.000000000,12.542723656,0
286,1,1,-0.000001907,-0.600246549,2.710220337,0.000579840,0.210205078,0.000000000,12.577513695,0
287,1,1,0.000000000,-0.600248337,2.710784912,0.000564581,0.210769653,0.000000000,12.612303734,0
288,1,1,0.000000000,-0.600250244,2.711364746,0.000579837,0.211349487,0.000000000,12.646178246,0
289,1,1,0.000000000,-0.600252151,2.711944580,0.000579837,0.211929321,0.000000000,12.680968285,0
290,1,1,0.000000000,-0.600254059,2.712524414,0.000579837,0.212493896,0.000000000,12.715758324,0
291,1,1,0.000000000,-0.600255966,2.713088989,0.000564578,0.213073730,0.000000000,12.749632835,0
292,1,1,0.000000000,-0.600257754,2.713653564,0.000564578,0.213638306,0.000000000,12.784422874,0
293,1,1,0.000000000,-0.600259542,2.714218140,0.000564578,0.214202881,0.000000000,12.818297386,0
294,1,1,0.000000000,-0.600261450,2.714797974,0.000579837,0.214782715,0.000000000,12.852171898,0
295,1,1,0.000000000,-0.600263357,2.715362549,0.000564578,0.215347290,0.000000000,12.886961937,0
296,1,1,0.000000000,-0.600265145,2.715927124,0.000564578,0.215911865,0.000000000,12.920836449,0
297,1,1,0.000000000,-0.600267053,2.716491699,0.000564578,0.216476440,0.000000000,12.954710960,0
298,1,1,0.000000000,-0.600268841,2.717056274,0.000564578,0.217041016,0.000000000,12.988585472,0
299,1,1,0.000000000,-0.600270748,2.717620850,0.000564578,0.217605591,0.000000000,13.022459984,0
300,1,1,0.000000000,-0.600272536,2.718185425,0.000564578,0.218170166,0.000000000,13.056334496,0
301,1,1,0.000000000,-0.600274444,2.718750000,0.000564578,0.218734741,0.000000000,13.090209007,0
302,1,1,0.000000000,-0.600276232,2.719314575,0.000564578,0.219299316,0.000000000,13.124083519,0
303,1,1,0.000000000,-0.600278139,2.719879150,0.000564578,0.219848633,0.000000000,13.157958031,0
304,1,1,-0.000001907,-0.600279927,2.720428467,0.000549323,0.220413208,0.000000000,13.190917015,0
305,1,1,0.000000000,-0.600281715,2.720993042,0.000564581,0.220977783,0.000000000,13.224791527,0
306,1,1,0.000000000,-0.600283504,2.721542358,0.000549319,0.221527100,0.000000000,13.258666039,0
307,1,1,0.000000000,-0.600285411,2.722106934,0.000564578,0.222091675,0.000000000,13.291625023,0
308,1,1,0.000000000,-0.600287199,2.722656250,0.000549319,0.222640991,0.000000000,13.325499535,0
309,1,1,0.000000000,-0.600288987,2.723220825,0.000564578,0.223205566,0.000000000,13.358458519,0
310,1,1,0.000000000,-0.600290895,2.723770142,0.000549320,0.223754883,0.000000000,13.392333031,0
311,1,1,0.000000000,-0.600292683,2.724319458,0.000549319,0.224304199,0.000000000,13.425292015,0
312,1,1,0.000000000,-0.600294471,2.724868774,0.000549319,0.224853516,0.000000000,13.458250999,0
313,1,1,0.000000000,-0.600296259,2.725418091,0.000549319,0.225402832,0.000000000,13.491209984,0
314,1,1,0.000000000,-0.600298047,2.725967407,0.000549319,0.225952148,0.000000000,13.524168968,0
315,1,1,0.000000000,-0.600299835,2.726516724,0.000549319,0.226501465,0.000000000,13.557127953,0
316,1,1,0.000000000,-0.600301623,2.727066040,0.000549319,0.227050781,0.000000000,13.590086937,0
317,1,1,0.000000000,-0.600303411,2.727615356,0.000549319,0.227600098,0.000000000,13.623045921,0
318,1,1,0.000000000,-0.600305200,2.728164673,0.000549319,0.228149414,0.000000000,13.656004906,0
319,1,1,0.000000000,-0.600306988,2.728713989,0.000549319,0.228698730,0.000000000,13.688963890,0
320,1,1,0.000000000,-0.600308895,2.729263306,0.000549320,0.229248047,0.000000000,13.721922874,0
321,1,1,0.000000000,-0.600310564,2.729797363,0.000534060,0.229782104,0.000000000,13.754881859,0
322,1,1,0.000000000,-0.600312352,2.730346680,0.000549319,0.230331421,0.000000000,13.786925316,0
323,1,1,0.000000000,-0.600314140,2.730880737,0.000534061,0.230865479,0.000000000,13.819884300,0
324,1,1,0.000000000,-0.600315928,2.731430054,0.000549319,0.231414795,0.000000000,13.851927757,0
325,1,1,0.000000000,-0.600317717,2.731964111,0.000534061,0.231948853,0.000000000,13.884886742,0
326,1,1,0.000000000,-0.600319505,2.732513428,0.000549319,0.232498169,0.000000000,13.916930199,0
327,1,1,0.000000000,-0.600321293,2.733047485,0.000534061,0.233032227,0.000000000,13.949889183,0
328,1,1,0.000000000,-0.600322962,2.733581543,0.000534060,0.233566284,0.000000000,13.981932640,0
329,1,1,0.000000000,-0.600324750,2.734115601,0.000534061,0.234100342,0.000000000,14.013976097,0
330,1,1,0.000000000,-0.600326538,2.734649658,0.000534061,0.234634399,0.000000000,14.046019554,0
331,1,1,0.000000000,-0.600328207,2.735183716,0.000534060,0.235168457,0.000000000,14.078063011,0
332,1,1,0.000000000,-0.600329995,2.735717773,0.000534061,0.235702515,0.000000000,14.110106468,0
333,1,1,0.000000000,-0.600331783,2.736251831,0.000534061,0.236236572,0.000000000,14.142149925,0
334,1,1,0.000000000,-0.600333452,2.736785889,0.000534060,0.236770630,0.000000000,14.174193382,0
335,1,1,0.000000000,-0.600335240,2.737319946,0.000534061,0.237304688,0.000000000,14.206236839,0
336,1,1,0.000000000,-0.600336909,2.737854004,0.000534060,0.237838745,0.000000000,14.238280296,0
337,1,1,0.000000000,-0.600338697,2.738372803,0.000518802,0.238357544,0.000000000,14.270323753,0
338,1,1,0.000000000,-0.600340366,2.738906860,0.000534060,0.238891602,0.000000000,14.301451683,0
339,1,1,0.000000000,-0.600342155,2.739440918,0.000534061,0.239425659,0.000000000,14.333495140,0
340,1,1,0.000000000,-0.600343823,2.739959717,0.000518802,0.239944458,0.000000000,14.365538597,0
341,1,1,0.000000000,-0.600345612,2.740493774,0.000534061,0.240478516,0.000000000,14.396666527,0
342,1,1,0.000000000,-0.600347281,2.741012573,0.000518802,0.240997314,0.000000000,14.428709984,0
343,1,1,-0.000001907,-0.600349069,2.741531372,0.000518805,0.241516113,0.000000000,14.459837914,0
344,1,1,-0.000001907,-0.600350738,2.742065430,0.000534060,0.242050171,0.000000000,14.490965843,0
345,1,1,-0.000001907,-0.600352407,2.742584229,0.000518802,0.242568970,0.000000000,14.523009300,0
346,1,1,-0.000001907,-0.600354195,2.743103027,0.000518802,0.243087769,0.000000000,14.554137230,0
347,1,1,-0.000001907,-0.600355864,2.743621826,0.000518802,0.243606567,0.000000000,14.585265160,0
348,1,1,-0.000001907,-0.600357533,2.744140625,0.000518802,0.244125366,0.000000000,14.616393089,0
349,1,1,-0.000001907,-0.600359201,2.744659424,0.000518802,0.244644165,0.000000000,14.647521019,0
350,1,1,-0.000001907,-0.600360990,2.745178223,0.000518802,0.245162964,0.000000000,14.678648949,0
351,1,1,-0.000001907,-0.600362659,2.745697021,0.000518802,0.245681763,0.000000000,14.709776878,0
352,1,1,-0.000001907,-0.600364327,2.746215820,0.000518802,0.246200562,0.000000000,14.740904808,0
353,1,1,-0.000001907,-0.600365996,2.746734619,0.000518802,0.246719360,0.000000000,14.772032738,0
354,1,1,-0.000001907,-0.600367785,2.747253418,0.000518802,0.247238159,0.000000000,14.803160667,0
355,1,1,-0.000001907,-0.600369334,2.747756958,0.000503542,0.247741699,0.000000000,14.834288597,0
356,1,1,-0.000001907,-0.600371122,2.748275757,0.000518802,0.248260498,0.000000000,14.864500999,0
357,1,1,-0.000001907,-0.600372791,2.748794556,0.000518802,0.248779297,0.000000000,14.895628929,0
358,1,1,-0.000001907,-0.600374460,2.749298096,0.000503543,0.249282837,0.000000000,14.926756859,0
359,1,1,-0.000001907,-0.600376129,2.749801636,0.000503543,0.249786377,0.000000000,14.956969261,0
360,1,1,0.000000000,-0.600377798,2.750320435,0.000518805,0.250305176,0.000000000,14.987181664,0
361,1,1,-0.000001907,-0.600379348,2.750823975,0.000503546,0.250808716,0.000000000,15.018309593,0
362,1,1,-0.000001907,-0.600381136,2.751342773,0.000518802,0.251327515,0.000000000,15.048521996,0
363,1,1,-0.000001907,-0.600382805,2.751846313,0.000503543,0.251831055,0.000000000,15.079649925,0
364,1,1,-0.000001907,-0.600384355,2.752349854,0.000503542,0.252334595,0.000000000,15.109862328,0
365,1,1,-0.000001907,-0.600386143,2.752853394,0.000503543,0.252838135,0.000000000,15.140074730,0
366,1,1,-0.000001907,-0.600387692,2.753356934,0.000503542,0.253341675,0.000000000,15.170287132,0
367,1,1,0.000000000,-0.600389361,2.753860474,0.000503546,0.253845215,0.000000000,15.200499535,0
368,1,1,-0.000001907,-0.600391030,2.754364014,0.000503546,0.254348755,0.000000000,15.230711937,0
369,1,1,-0.000001907,-0.600392699,2.754867554,0.000503543,0.254852295,0.000000000,15.260924339,0
370,1,1,-0.000001907,-0.600394368,2.755371094,0.000503543,0.255355835,0.000000000,15.291136742,0
371,1,1,-0.000001907,-0.600395918,2.755874634,0.000503542,0.255859375,0.000000000,15.321349144,0
372,1,1,-0.000001907,-0.600397587,2.756362915,0.000488284,0.256347656,0.000000000,15.351561546,0
373,1,1,-0.000001907,-0.600399256,2.756866455,0.000503543,0.256851196,0.000000000,15.380858421,0
374,1,1,-0.000001907,-0.600400925,2.757369995,0.000503543,0.257354736,0.000000000,15.411070824,0
375,1,1,-0.000001907,-0.600402474,2.757858276,0.000488284,0.257843018,0.000000000,15.441283226,0
376,1,1,-0.000001907,-0.600404143,2.758361816,0.000503543,0.258346558,0.000000000,15.470580101,0
377,1,1,-0.000001907,-0.600405693,2.758850098,0.000488284,0.258834839,0.000000000,15.500792503,0
378,1,1,-0.000001907,-0.600407362,2.759353638,0.000503543,0.259338379,0.000000000,15.530089378,0
379,1,1,-0.000001907,-0.600408912,2.759841919,0.000488284,0.259826660,0.000000000,15.560301781,0
380,1,1,-0.000001907,-0.600410581,2.760330200,0.000488284,0.260314941,0.000000000,15.589598656,0
381,1,1,-0.000001907,-0.600412130,2.760833740,0.000503542,0.260818481,0.000000000,15.618895531,0
382,1,1,0.000000000,-0.600413799,2.761322021,0.000488288,0.261306763,0.000000000,15.649107933,0
383,1,1,-0.000001907,-0.600415468,2.761810303,0.000488288,0.261795044,0.000000000,15.678404808,0
384,1,1,-0.000001907,-0.600417018,2.762298584,0.000488284,0.262283325,0.000000000,15.707701683,0
385,1,1,-0.000001907,-0.600418687,2.762786865,0.000488284,0.262771606,0.000000000,15.736998558,0
386,1,1,-0.000001907,-0.600420237,2.763275146,0.000488284,0.263259888,0.000000000,15.766295433,0
387,1,1,-0.000001907,-0.600421786,2.763763428,0.000488284,0.263748169,0.000000000,15.795592308,0
388,1,1,-0.000001907,-0.600423455,2.764251709,0.000488284,0.264236450,0.000000000,15.824889183,0
389,1,1,-0.000001907,-0.600425005,2.764739990,0.000488284,0.264724731,0.000000000,15.854186058,0
390,1,1,0.000000000,-0.600426555,2.765213013,0.000473029,0.265197754,0.000000000,15.883482933,0
391,1,1,-0.000001907,-0.600428164,2.765701294,0.000488288,0.265686035,0.000000000,15.911864281,0
392,1,1,-0.000001907,-0.600429773,2.766189575,0.000488284,0.266174316,0.000000000,15.941161156,0
393,1,1,0.000000000,-0.600431323,2.766662598,0.000473029,0.266647339,0.000000000,15.970458031,0
394,1,1,-0.000001907,-0.600432873,2.767150879,0.000488287,0.267135620,0.000000000,15.998839378,0
395,1,1,-0.000001907,-0.600434422,2.767623901,0.000473025,0.267608643,0.000000000,16.028137207,0
396,1,1,0.000000000,-0.600435972,2.768112183,0.000488287,0.268096924,0.000000000,16.056518555,0
397,1,1,-0.000001907,-0.600437582,2.768585205,0.000473029,0.268569946,0.000000000,16.085815430,0
398,1,1,-0.000001907,-0.600439191,2.769073486,0.000488284,0.269058228,0.000000000,16.114196777,0
399,1,1,0.000000000,-0.600440741,2.769546509,0.000473029,0.269531250,0.000000000,16.143493652,0
400,1,1,-0.000001907,-0.600442290,2.770019531,0.000473029,0.270004272,0.000000000,16.171875000,0
401,1,1,-0.000001907,-0.600443840,2.770492554,0.000473025,0.270477295,0.000000000,16.200256348,0
402,1,1,0.000000000,-0.600445390,2.770965576,0.000473029,0.270950317,0.000000000,16.228637695,0
403,1,1,-0.000001907,-0.600446999,2.771453857,0.000488288,0.271438599,0.000000000,16.257019043,0
404,1,1,-0.000001907,-0.600448549,2.771926880,0.000473025,0.271911621,0.000000000,16.286315918,0
405,1,1,-0.000001907,-0.600450039,2.772399902,0.000473025,0.272384644,0.000000000,16.314697266,0
406,1,1,-0.000001907,-0.600451589,2.772857666,0.000457766,0.272842407,0.000000000,16.343078613,0
407,1,1,-0.000001907,-0.600453138,2.773330688,0.000473025,0.273315430,0.000000000,16.370544434,0
408,1,1,-0.000001907,-0.600454688,2.773803711,0.000473025,0.273788452,0.000000000,16.398925781,0
409,1,1,0.000000000,-0.600456238,2.774276733,0.000473029,0.274261475,0.000000000,16.427307129,0
410,1,1,-0.000001907,-0.600457788,2.774749756,0.000473029,0.274734497,0.000000000,16.455688477,0
411,1,1,-0.000001907,-0.600459278,2.775207520,0.000457766,0.275192261,0.000000000,16.484069824,0
412,1,1,0.000000000,-0.600460827,2.775680542,0.000473029,0.275665283,0.000000000,16.511535645,0
413,1,1,-0.000001907,-0.600462377,2.776153564,0.000473029,0.276138306,0.000000000,16.539916992,0
414,1,1,-0.000001907,-0.600463867,2.776611328,0.000457766,0.276596069,0.000000000,16.568298340,0
415,1,1,-0.000001907,-0.600465417,2.777084351,0.000473025,0.277069092,0.000000000,16.595764160,0
416,1,1,0.000000000,-0.600466907,2.777542114,0.000457770,0.277526855,0.000000000,16.624145508,0
417,1,1,-0.000001907,-0.600468457,2.777999878,0.000457770,0.277984619,0.000000000,16.651611328,0
418,1,1,-0.000001907,-0.600469947,2.778472900,0.000473025,0.278457642,0.000000000,16.679077148,0
419,1,1,0.000000000,-0.600471497,2.778930664,0.000457770,0.278915405,0.000000000,16.707458496,0
420,1,1,0.000000000,-0.600472927,2.779388428,0.000457766,0.279373169,0.000000000,16.734924316,0
421,1,1,-0.000001907,-0.600474477,2.779846191,0.000457770,0.279830933,0.000000000,16.762390137,0
422,1,1,-0.000001907,-0.600475967,2.780303955,0.000457766,0.280288696,0.000000000,16.789855957,0
423,1,1,0.000000000,-0.600477457,2.780761719,0.000457770,0.280746460,0.000000000,16.817321777,0
424,1,1,-0.000001907,-0.600478947,2.781219482,0.000457770,0.281204224,0.000000000,16.844787598,0
425,1,1,-0.000001907,-0.600478470,2.781677246,0.000457764,0.281661987,0.000000000,16.872253418,0
426,1,1,-0.000001907,-0.600481927,2.782135010,0.000457777,0.282119751,0.000000000,16.899719238,0
427,1,1,0.000000000,-0.600483418,2.782592773,0.000457770,0.282577515,0.000000000,16.927185059,0
428,1,1,-0.000001907,-0.600484967,2.783050537,0.000457770,0.283035278,0.000000000,16.954650879,0
429,1,1,-0.000001907,-0.600486398,2.783508301,0.000457766,0.283493042,0.000000000,16.982116699,0
430,1,1,-0.000001907,-0.600487947,2.783966064,0.000457766,0.283950806,0.000000000,17.009582520,0
431,1,1,0.000000000,-0.600489378,2.784408569,0.000442511,0.284393311,0.000000000,17.037048340,0
432,1,1,-0.000001907,-0.600490928,2.784866333,0.000457770,0.284851074,0.000000000,17.063598633,0
433,1,1,-0.000001907,-0.600492358,2.785308838,0.000442507,0.285293579,0.000000000,17.091064453,0
434,1,1,-0.000001907,-0.600493908,2.785766602,0.000457766,0.285751343,0.000000000,17.117614746,0
435,1,1,0.000000000,-0.600495219,2.786209106,0.000442511,0.286193848,0.000000000,17.145080566,0
436,1,1,0.000000000,-0.600496769,2.786666870,0.000457766,0.286651611,0.000000000,17.171630859,0
437,1,1,-0.000001907,-0.600498199,2.787109375,0.000442511,0.287094116,0.000000000,17.199096680,0
438,1,1,-0.000001907,-0.600499630,2.787551880,0.000442507,0.287536621,0.000000000,17.225646973,0
439,1,1,-0.000001907,-0.600501180,2.788009644,0.000457766,0.287994385,0.000000000,17.252197266,0
440,1,1,0.000000000,-0.600502610,2.788452148,0.000442511,0.288436890,0.000000000,17.279663086,0
441,1,1,-0.000001907,-0.600504041,2.788894653,0.000442511,0.288879395,0.000000000,17.306213379,0
442,1,1,-0.000001907,-0.600505531,2.789337158,0.000442507,0.289321899,0.000000000,17.332763672,0
443,1,1,-0.000001907,-0.600507021,2.789779663,0.000442507,0.289764404,0.000000000,17.359313965,0
444,1,1,-0.000001907,-0.600508451,2.790222168,0.000442507,0.290206909,0.000000000,17.385864258,0
445,1,1,0.000000000,-0.600509882,2.790664673,0.000442511,0.290649414,0.000000000,17.412414551,0
446,1,1,-0.000001907,-0.600511312,2.791107178,0.000442511,0.291091919,0.000000000,17.438964844,0
447,1,1,-0.000001907,-0.600512743,2.791549683,0.000442507,0.291534424,0.000000000,17.465515137,0
448,1,1,-0.000001907,-0.600514174,2.791992188,0.000442507,0.291976929,0.000000000,17.492065430,0
449,1,1,-0.000001907,-0.600515604,2.792434692,0.000442507,0.292419434,0.000000000,17.518615723,0
450,1,1,0.000000000,-0.600517154,2.792877197,0.000442512,0.292861938,0.000000000,17.545166016,0
451,1,1,0.000000000,-0.600518465,2.793304443,0.000427248,0.293289185,0.000000000,17.571716309,0
452,1,1,-0.000001907,-0.600519955,2.793746948,0.000442511,0.293731689,0.000000000,17.597351074,0
453,1,1,-0.000001907,-0.600521386,2.794174194,0.000427248,0.294158936,0.000000000,17.623901367,0
454,1,1,-0.000001907,-0.600522816,2.794616699,0.000442507,0.294601440,0.000000000,17.649536133,0
455,1,1,0.000000000,-0.600524247,2.795059204,0.000442511,0.295043945,0.000000000,17.676086426,0
456,1,1,0.000000000,-0.600525618,2.795486450,0.000427248,0.295471191,0.000000000,17.702636719,0
457,1,1,0.000000000,-0.600527048,2.795913696,0.000427248,0.295898438,0.000000000,17.728271484,0
458,1,1,-0.000001907,-0.600528479,2.796356201,0.000442511,0.296340942,0.000000000,17.753906250,0
459,1,1,-0.000001907,-0.600529850,2.796783447,0.000427248,0.296768188,0.000000000,17.780456543,0
460,1,1,-0.000001907,-0.600531340,2.797210693,0.000427249,0.297195435,0.000000000,17.806091309,0
461,1,1,-0.000001907,-0.600532770,2.797653198,0.000442507,0.297637939,0.000000000,17.831726074,0
462,1,1,0.000000000,-0.600534141,2.798080444,0.000427253,0.298065186,0.000000000,17.858276367,0
463,1,1,0.000000000,-0.600535512,2.798507690,0.000427248,0.298492432,0.000000000,17.883911133,0
464,1,1,0.000000000,-0.600536942,2.798934937,0.000427248,0.298919678,0.000000000,17.909545898,0
465,1,1,-0.000001907,-0.600538373,2.799362183,0.000427253,0.299346924,0.000000000,17.935180664,0
466,1,1,-0.000001907,-0.600539804,2.799789429,0.000427248,0.299774170,0.000000000,17.960815430,0
467,1,1,-0.000001907,-0.600541115,2.800216675,0.000427248,0.300201416,0.000000000,17.986450195,0
468,1,1,-0.000001907,-0.600542545,2.800643921,0.000427248,0.300628662,0.000000000,18.012084961,0
469,1,1,0.000000000,-0.600543916,2.801071167,0.000427253,0.301055908,0.000000000,18.037719727,0
470,1,1,0.000000000,-0.600545287,2.801483154,0.000411990,0.301467896,0.000000000,18.063354492,0
471,1,1,0.000000000,-0.600546718,2.801910400,0.000427248,0.301895142,0.000000000,18.088073730,0
472,1,1,-0.000001907,-0.600548089,2.802337646,0.000427253,0.302322388,0.000000000,18.113708496,0
473,1,1,-0.000001907,-0.600549459,2.802764893,0.000427248,0.302749634,0.000000000,18.139343262,0
474,1,1,-0.000001907,-0.600550771,2.803176880,0.000411989,0.303161621,0.000000000,18.164978027,0
475,1,1,-0.000001907,-0.600552201,2.803604126,0.000427248,0.303588867,0.000000000,18.189697266,0
476,1,1,-0.000001907,-0.600553513,2.804016113,0.000411989,0.304000854,0.000000000,18.215332031,0
477,1,1,0.000000000,-0.600554883,2.804428101,0.000411994,0.304412842,0.000000000,18.240051270,0
478,1,1,0.000000000,-0.600556254,2.804840088,0.000411990,0.304840088,0.000000000,18.265228271,0
479,1,1,0.000000000,-0.600557685,2.805252075,0.000411990,0.305259705,0.000000000,18.290403366,0
480,1,1,0.000000000,-0.600558996,2.805679321,0.000427248,0.305679321,0.000000000,18.315580368,0
481,1,1,0.000000000,-0.600560427,2.806091309,0.000411990,0.306091309,0.000000000,18.340757370,0
482,1,1,-0.000001907,-0.600561738,2.806526184,0.000434882,0.306510925,0.000000000,18.365476608,0
483,1,1,-0.000001907,-0.600563169,2.806945801,0.000419619,0.306922913,0.000000000,18.390653610,0
484,1,1,-0.000001907,-0.600564539,2.807365417,0.000419619,0.307342529,0.000000000,18.415372849,0
485,1,1,-0.000001907,-0.600565910,2.807777405,0.000411990,0.307754517,0.000000000,18.440549850,0
486,1,1,-0.000001907,-0.600567222,2.808189392,0.000411989,0.308166504,0.000000000,18.465269089,0
487,1,1,-0.000001907,-0.600568533,2.808601379,0.000411989,0.308578491,0.000000000,18.489988327,0
488,1,1,0.000000000,-0.600569904,2.809013367,0.000411994,0.308990479,0.000000000,18.514707565,0
489,1,1,0.000000000,-0.600571275,2.809425354,0.000411990,0.309402466,0.000000000,18.539426804,0
490,1,1,0.000000000,-0.600572586,2.809837341,0.000411989,0.309814453,0.000000000,18.564146042,0
491,1,1,0.000000000,-0.600573957,2.810241699,0.000404360,0.310218811,0.000000000,18.588865280,0
492,1,1,0.000000000,-0.600575328,2.810653687,0.000411990,0.310630798,0.000000000,18.613126755,0
493,1,1,0.000000000,-0.600576580,2.811058044,0.000404360,0.311035156,0.000000000,18.637845993,0
494,1,1,-0.000001907,-0.600577950,2.811470032,0.000411994,0.311447144,0.000000000,18.662107468,0
495,1,1,-0.000001907,-0.600579262,2.811874390,0.000404360,0.311851501,0.000000000,18.686826706,0
496,1,1,-0.000001907,-0.600580573,2.812278748,0.000404360,0.312255859,0.000000000,18.711088181,0
497,1,1,-0.000001907,-0.600581884,2.812675476,0.000396731,0.312660217,0.000000000,18.735349655,0
498,1,1,-0.000001907,-0.600583315,2.813095093,0.000419619,0.313072205,0.000000000,18.759611130,0
499,1,1,-0.000001907,-0.600584567,2.813491821,0.000396730,0.313468933,0.000000000,18.784330368,0
500,1,1,-0.000001907,-0.600585938,2.813896179,0.000404360,0.313873291,0.000000000,18.808134079,0
501,1,1,-0.000001907,-0.600587249,2.814300537,0.000404360,0.314277649,0.000000000,18.832395554,0
502,1,1,-0.000001907,-0.600588500,2.814704895,0.000404360,0.314682007,0.000000000,18.856657028,0
503,1,1,0.000000000,-0.600589871,2.815109253,0.000404365,0.315086365,0.000000000,18.880918503,0
504,1,1,0.000000000,-0.600591183,2.815505981,0.000396731,0.315483093,0.000000000,18.905179977,0
505,1,1,0.000000000,-0.600592434,2.815902710,0.000396730,0.315879822,0.000000000,18.928983688,0
506,1,1,0.000000000,-0.600593805,2.816307068,0.000404360,0.316284180,0.000000000,18.952787399,0
507,1,1,0.000000000,-0.600597739,2.816703796,0.000396748,0.316680908,0.000000000,18.977048874,0
508,1,1,0.000000000,-0.600596428,2.817100525,0.000396731,0.317077637,0.000000000,19.000852585,0
509,1,1,0.000000000,-0.600597620,2.817497253,0.000396730,0.317474365,0.000000000,19.024656296,0
510,1,1,0.000000000,-0.600598931,2.817893982,0.000396731,0.317871094,0.000000000,19.048460007,0
511,1,1,0.000000000,-0.600600243,2.818290710,0.000396731,0.318267822,0.000000000,19.072263718,0
512,1,1,0.000000000,-0.600601554,2.818687439,0.000396731,0.318664551,0.000000000,19.096067429,0
513,1,1,0.000000000,-0.600602865,2.819084167,0.000396731,0.319061279,0.000000000,19.119871140,0
514,1,1,0.000000000,-0.600604117,2.819480896,0.000396730,0.319458008,0.000000000,19.143674850,0
515,1,1,0.000000000,-0.600605428,2.819869995,0.000389101,0.319847107,0.000000000,19.167478561,0
516,1,1,0.000000000,-0.600606680,2.820266724,0.000396730,0.320243835,0.000000000,19.190824509,0
517,1,1,0.000000000,-0.600607991,2.820655823,0.000389101,0.320632935,0.000000000,19.214628220,0
518,1,1,0.000000000,-0.600609243,2.821044922,0.000389101,0.321022034,0.000000000,19.237974167,0
519,1,1,0.000000000,-0.600610614,2.821434021,0.000389102,0.321418762,0.000000000,19.261320114,0
520,1,1,0.000000000,-0.600611806,2.821830750,0.000396730,0.321807861,0.000000000,19.285123825,0
521,1,1,0.000000000,-0.600613117,2.822219849,0.000389101,0.322196960,0.000000000,19.308469772,0
522,1,1,0.000000000,-0.600614369,2.822608948,0.000389101,0.322586060,0.000000000,19.331815720,0
523,1,1,0.000000000,-0.600615621,2.822998047,0.000389101,0.322975159,0.000000000,19.355161667,0
524,1,1,0.000000000,-0.600616932,2.823379517,0.000381472,0.323356628,0.000000000,19.378507614,0
525,1,1,0.000000000,-0.600618243,2.823768616,0.000389101,0.323745728,0.000000000,19.401395798,0
526,1,1,0.000000000,-0.600619435,2.824157715,0.000389101,0.324134827,0.000000000,19.424741745,0
527,1,1,0.000000000,-0.600620687,2.824539185,0.000381472,0.324516296,0.000000000,19.448087692,0
528,1,1,0.000000000,-0.600621939,2.824928284,0.000389101,0.324905396,0.000000000,19.470975876,0
529,1,1,0.000000000,-0.600623250,2.825309753,0.000381472,0.325286865,0.000000000,19.494321823,0
530,1,1,0.000000000,-0.600624561,2.825698853,0.000389101,0.325675964,0.000000000,19.517210007,0
531,1,1,0.000000000,-0.600625753,2.826080322,0.000381472,0.326057434,0.000000000,19.540555954,0
532,1,1,0.000000000,-0.600627005,2.826461792,0.000381472,0.326438904,0.000000000,19.563444138,0
533,1,1,0.000000000,-0.600628257,2.826843262,0.000381472,0.326820374,0.000000000,19.586332321,0
534,1,1,0.000000000,-0.600629449,2.827224731,0.000381472,0.327201843,0.000000000,19.609220505,0
535,1,1,0.000000000,-0.600630760,2.827606201,0.000381472,0.327583313,0.000000000,19.632108688,0
536,1,1,-0.000001907,-0.600632071,2.827987671,0.000381477,0.327964783,0.000000000,19.654996872,0
537,1,1,-0.000001907,-0.600633264,2.828361511,0.000373842,0.328338623,0.000000000,19.677885056,0
538,1,1,-0.000001907,-0.600634515,2.828742981,0.000381472,0.328720093,0.000000000,19.700315475,0
539,1,1,-0.000001907,-0.600635767,2.829124451,0.000381472,0.329101563,0.000000000,19.723203659,0
540,1,1,-0.000001907,-0.600636899,2.829498291,0.000373842,0.329475403,0.000000000,19.746091843,0
541,1,1,-0.000001907,-0.600638151,2.829872131,0.000373842,0.329849243,0.000000000,19.768522263,0
542,1,1,-0.000001907,-0.600639343,2.830253601,0.000381472,0.330230713,0.000000000,19.790952682,0
543,1,1,-0.000001907,-0.600640655,2.830627441,0.000373843,0.330604553,0.000000000,19.813840866,0
544,1,1,0.000000000,-0.600641906,2.831001282,0.000373847,0.330978394,0.000000000,19.836271286,0
545,1,1,0.000000000,-0.600643158,2.831375122,0.000373842,0.331352234,0.000000000,19.858701706,0
546,1,1,0.000000000,-0.600644350,2.831748962,0.000373842,0.331726074,0.000000000,19.881132126,0
547,1,1,0.000000000,-0.600645542,2.832122803,0.000373842,0.332099915,0.000000000,19.903562546,0
548,1,1,0.000000000,-0.600646734,2.832496643,0.000373842,0.332473755,0.000000000,19.925992966,0
549,1,1,0.000000000,-0.600647986,2.832870483,0.000373842,0.332847595,0.000000000,19.948423386,0
550,1,1,0.000000000,-0.600649238,2.833236694,0.000366213,0.333213806,0.000000000,19.970853806,0
551,1,1,0.000000000,-0.600650430,2.833610535,0.000373842,0.333587646,0.000000000,19.992826462,0
552,1,1,0.000000000,-0.600651622,2.833976746,0.000366213,0.333953857,0.000000000,20.015256882,0
553,1,1,0.000000000,-0.600652814,2.834350586,0.000373842,0.334327698,0.000000000,20.037229538,0
554,1,1,-0.000001907,-0.600654006,2.834716797,0.000366218,0.334693909,0.000000000,20.059659958,0
555,1,1,-0.000001907,-0.600655198,2.835083008,0.000366213,0.335060120,0.000000000,20.081632614,0
556,1,1,-0.000001907,-0.600656390,2.835449219,0.000366213,0.335426331,0.000000000,20.103605270,0
557,1,1,-0.000001907,-0.600657642,2.835807800,0.000358584,0.335792542,0.000000000,20.125577927,0
558,1,1,0.000000000,-0.600658834,2.836181641,0.000373847,0.336158752,0.000000000,20.147550583,0
559,1,1,0.000000000,-0.600659966,2.836547852,0.000366213,0.336524963,0.000000000,20.169523239,0
560,1,1,0.000000000,-0.600661159,2.836914063,0.000366213,0.336891174,0.000000000,20.191495895,0
561,1,1,0.000000000,-0.600662410,2.837280273,0.000366213,0.337257385,0.000000000,20.213468552,0
562,1,1,0.000000000,-0.600663662,2.837646484,0.000366213,0.337623596,0.000000000,20.235441208,0
563,1,1,0.000000000,-0.600664794,2.838005066,0.000358583,0.337982178,0.000000000,20.257413864,0
564,1,1,0.000000000,-0.600665987,2.838371277,0.000366213,0.338348389,0.000000000,20.278928757,0
565,1,1,-0.000001907,-0.600667119,2.838729858,0.000358588,0.338706970,0.000000000,20.300901413,0
566,1,1,-0.000001907,-0.600668430,2.839096069,0.000366213,0.339073181,0.000000000,20.322416306,0
567,1,1,-0.000001907,-0.600669503,2.839454651,0.000358583,0.339431763,0.000000000,20.344388962,0
568,1,1,0.000000000,-0.600670815,2.839813232,0.000358589,0.339790344,0.000000000,20.365903854,0
569,1,1,0.000000000,-0.600671887,2.840171814,0.000358583,0.340148926,0.000000000,20.387418747,0
570,1,1,0.000000000,-0.600673079,2.840530396,0.000358584,0.340507507,0.000000000,20.408933640,0
571,1,1,0.000000000,-0.600674212,2.840888977,0.000358583,0.340866089,0.000000000,20.430448532,0
572,1,1,0.000000000,-0.600675344,2.841247559,0.000358583,0.341224670,0.000000000,20.451963425,0
573,1,1,0.000000000,-0.600676596,2.841606140,0.000358584,0.341583252,0.000000000,20.473478317,0
574,1,1,-0.000001907,-0.600677729,2.841964722,0.000358588,0.341941833,0.000000000,20.494993210,0
575,1,1,-0.000001907,-0.600678921,2.842315674,0.000350954,0.342292786,0.000000000,20.516508102,0
576,1,1,0.000000000,-0.600680053,2.842674255,0.000358588,0.342651367,0.000000000,20.537565231,0
577,1,1,0.000000000,-0.600681305,2.843032837,0.000358584,0.343009949,0.000000000,20.559080124,0
578,1,1,0.000000000,-0.600682378,2.843383789,0.000350954,0.343360901,0.000000000,20.580595016,0
579,1,1,0.000000000,-0.600683570,2.843734741,0.000350954,0.343711853,0.000000000,20.601652145,0
580,1,1,0.000000000,-0.600684702,2.844093323,0.000358583,0.344070435,0.000000000,20.622709274,0
581,1,1,-0.000001907,-0.600685835,2.844444275,0.000350959,0.344421387,0.000000000,20.644224167,0
582,1,1,-0.000001907,-0.600687027,2.844795227,0.000350954,0.344772339,0.000000000,20.665281296,0
583,1,1,0.000000000,-0.600688159,2.845146179,0.000350959,0.345123291,0.000000000,20.686338425,0
584,1,1,0.000000000,-0.600689292,2.845497131,0.000350954,0.345474243,0.000000000,20.707395554,0
585,1,1,0.000000000,-0.600690484,2.845848083,0.000350954,0.345825195,0.000000000,20.728452682,0
586,1,1,0.000000000,-0.600691676,2.846199036,0.000350954,0.346176147,0.000000000,20.749509811,0
587,1,1,0.000000000,-0.600692749,2.846542358,0.000343324,0.346519470,0.000000000,20.770566940,0
588,1,1,-0.000001907,-0.600693941,2.846893311,0.000350959,0.346870422,0.000000000,20.791166306,0
589,1,1,-0.000001907,-0.600695014,2.847244263,0.000350954,0.347221375,0.000000000,20.812223434,0
590,1,1,0.000000000,-0.600696206,2.847587585,0.000343330,0.347564697,0.000000000,20.833280563,0
591,1,1,0.000000000,-0.600697339,2.847938538,0.000350954,0.347915649,0.000000000,20.853879929,0
592,1,1,0.000000000,-0.600698411,2.848281860,0.000343324,0.348258972,0.000000000,20.874937057,0
593,1,1,0.000000000,-0.600699544,2.848625183,0.000343325,0.348602295,0.000000000,20.895536423,0
594,1,1,-0.000001907,-0.600700736,2.848968506,0.000343330,0.348945618,0.000000000,20.916135788,0
595,1,1,-0.000001907,-0.600701869,2.849319458,0.000350954,0.349296570,0.000000000,20.936735153,0
596,1,1,0.000000000,-0.600702941,2.849662781,0.000343330,0.349639893,0.000000000,20.957792282,0
597,1,1,0.000000000,-0.600704074,2.850006104,0.000343325,0.349983215,0.000000000,20.978391647,0
598,1,1,0.000000000,-0.600705206,2.850349426,0.000343325,0.350326538,0.000000000,20.998991013,0
599,1,1,0.000000000,-0.600706339,2.850685120,0.000335695,0.350662231,0.000000000,21.019590378,0
600,1,1,-0.000001907,-0.600707471,2.851028442,0.000343330,0.351005554,0.000000000,21.039731979,0
601,1,1,-0.000001907,-0.600708604,2.851371765,0.000343325,0.351348877,0.000000000,21.060331345,0
602,1,1,0.000000000,-0.600709677,2.851707458,0.000335700,0.351684570,0.000000000,21.080930710,0
603,1,1,0.000000000,-0.600710750,2.852050781,0.000343324,0.352027893,0.000000000,21.101072311,0
604,1,1,0.000000000,-0.600711823,2.852386475,0.000335695,0.352363586,0.000000000,21.121671677,0
605,1,1,-0.000001907,-0.600713015,2.852729797,0.000343330,0.352706909,0.000000000,21.141813278,0
606,1,1,-0.000001907,-0.600714087,2.853065491,0.000335695,0.353042603,0.000000000,21.162412643,0
607,1,1,0.000000000,-0.600715160,2.853401184,0.000335700,0.353378296,0.000000000,21.182554245,0
608,1,1,0.000000000,-0.600716352,2.853744507,0.000343325,0.353721619,0.000000000,21.202695847,0
609,1,1,0.000000000,-0.600717425,2.854080200,0.000335695,0.354057312,0.000000000,21.223295212,0
610,1,1,0.000000000,-0.600718498,2.854415894,0.000335695,0.354393005,0.000000000,21.243436813,0
611,1,1,-0.000001907,-0.600719690,2.854751587,0.000335701,0.354728699,0.000000000,21.263578415,0
612,1,1,0.000000000,-0.600720763,2.855079651,0.000328071,0.355056763,0.000000000,21.283720016,0
613,1,1,0.000000000,-0.600721776,2.855415344,0.000335695,0.355392456,0.000000000,21.303403854,0
614,1,1,0.000000000,-0.600722909,2.855751038,0.000335695,0.355728149,0.000000000,21.323545456,0
615,1,1,-0.000001907,-0.600723982,2.856086731,0.000335700,0.356063843,0.000000000,21.343687057,0
616,1,1,0.000000000,-0.600725055,2.856414795,0.000328071,0.356391907,0.000000000,21.363828659,0
617,1,1,0.000000000,-0.600726128,2.856750488,0.000335695,0.356727600,0.000000000,21.383512497,0
618,1,1,0.000000000,-0.600727201,2.857078552,0.000328066,0.357055664,0.000000000,21.403654099,0
619,1,1,0.000000000,-0.600728333,2.857414246,0.000335695,0.357391357,0.000000000,21.423337936,0
620,1,1,-0.000001907,-0.600729465,2.857742310,0.000328071,0.357719421,0.000000000,21.443479538,0
621,1,1,0.000000000,-0.600730479,2.858070374,0.000328071,0.358047485,0.000000000,21.463163376,0
622,1,1,0.000000000,-0.600731492,2.858398438,0.000328066,0.358375549,0.000000000,21.482847214,0
623,1,1,0.000000000,-0.600732625,2.858726501,0.000328066,0.358703613,0.000000000,21.502531052,0
624,1,1,-0.000001907,-0.600733757,2.859054565,0.000328071,0.359031677,0.000000000,21.522214890,0
625,1,1,0.000000000,-0.600734770,2.859375000,0.000320442,0.359359741,0.000000000,21.541898727,0
626,1,1,0.000000000,-0.600735903,2.859710693,0.000335695,0.359687805,0.000000000,21.561582565,0
627,1,1,0.000000000,-0.600736976,2.860038757,0.000328066,0.360015869,0.000000000,21.581266403,0
628,1,1,0.000000000,-0.600737989,2.860366821,0.000328066,0.360343933,0.000000000,21.600950241,0
629,1,1,-0.000001907,-0.600739002,2.860679626,0.000312813,0.360664368,0.000000000,21.620634079,0
630,1,1,0.000000000,-0.600740135,2.861015320,0.000335701,0.360992432,0.000000000,21.639860153,0
631,1,1,0.000000000,-0.600741208,2.861335754,0.000320436,0.361312866,0.000000000,21.659543991,0
632,1,1,0.000000000,-0.600742280,2.861663818,0.000328066,0.361640930,0.000000000,21.678770065,0
633,1,1,-0.000001907,-0.600743294,2.861984253,0.000320442,0.361961365,0.000000000,21.698453903,0
634,1,1,0.000000000,-0.600744367,2.862304688,0.000320442,0.362281799,0.000000000,21.717679977,0
635,1,1,0.000000000,-0.600745559,2.862632751,0.000328066,0.362609863,0.000000000,21.736906052,0
636,1,1,0.000000000,-0.600746512,2.862953186,0.000320436,0.362930298,0.000000000,21.756589890,0
637,1,1,-0.000001907,-0.600747585,2.863273621,0.000320442,0.363250732,0.000000000,21.775815964,0
638,1,1,0.000000000,-0.600748539,2.863594055,0.000320442,0.363571167,0.000000000,21.795042038,0
639,1,1,0.000000000,-0.600749612,2.863914490,0.000320436,0.363891602,0.000000000,21.814268112,0
640,1,1,0.000000000,-0.600750685,2.864234924,0.000320436,0.364212036,0.000000000,21.833494186,0
641,1,1,0.000000000,-0.600751758,2.864547729,0.000312807,0.364524841,0.000000000,21.852720261,0
642,1,1,0.000000000,-0.600752771,2.864868164,0.000320436,0.364845276,0.000000000,21.871488571,0
643,1,1,0.000000000,-0.600753784,2.865188599,0.000320436,0.365165710,0.000000000,21.890714645,0
644,1,1,-0.000001907,-0.600754857,2.865501404,0.000312813,0.365478516,0.000000000,21.909940720,0
645,1,1,0.000000000,-0.600755870,2.865821838,0.000320442,0.365798950,0.000000000,21.928709030,0
646,1,1,0.000000000,-0.600756943,2.866134644,0.000312807,0.366111755,0.000000000,21.947935104,0
647,1,1,0.000000000,-0.600757957,2.866455078,0.000320436,0.366432190,0.000000000,21.966703415,0
648,1,1,-0.000001907,-0.600758970,2.866760254,0.000305183,0.366744995,0.000000000,21.985929489,0
649,1,1,0.000000000,-0.600760043,2.867080688,0.000320442,0.367057800,0.000000000,22.004697800,0
650,1,1,0.000000000,-0.600760996,2.867393494,0.000312807,0.367370605,0.000000000,22.023466110,0
651,1,1,0.000000000,-0.600762129,2.867713928,0.000320437,0.367691040,0.000000000,22.042234421,0
652,1,1,0.000000000,-0.600763083,2.868026733,0.000312807,0.368003845,0.000000000,22.061460495,0
653,1,1,0.000000000,-0.600764155,2.868339539,0.000312807,0.368316650,0.000000000,22.080228806,0
654,1,1,0.000000000,-0.600765169,2.868652344,0.000312807,0.368629456,0.000000000,22.098997116,0
655,1,1,-0.000001907,-0.600766122,2.868957520,0.000305183,0.368934631,0.000000000,22.117765427,0
656,1,1,0.000000000,-0.600767195,2.869270325,0.000312813,0.369247437,0.000000000,22.136075974,0
657,1,1,0.000000000,-0.600768209,2.869583130,0.000312807,0.369560242,0.000000000,22.154844284,0
658,1,1,-0.000001907,-0.600769162,2.869888306,0.000305183,0.369865417,0.000000000,22.173612595,0
659,1,1,0.000000000,-0.600770235,2.870201111,0.000312813,0.370178223,0.000000000,22.191923141,0
660,1,1,0.000000000,-0.600771189,2.870513916,0.000312807,0.370491028,0.000000000,22.210691452,0
661,1,1,0.000000000,-0.600772262,2.870819092,0.000305178,0.370796204,0.000000000,22.229459763,0
662,1,1,0.000000000,-0.600773215,2.871124268,0.000305177,0.371101379,0.000000000,22.247770309,0
663,1,1,0.000000000,-0.600774288,2.871437073,0.000312807,0.371414185,0.000000000,22.266080856,0
664,1,1,0.000000000,-0.600775242,2.871742249,0.000305177,0.371719360,0.000000000,22.284849167,0
665,1,1,0.000000000,-0.600776315,2.872051239,0.000308992,0.372028351,0.000000000,22.303159714,0
666,1,1,0.000000000,-0.600777268,2.872352600,0.000301363,0.372329712,0.000000000,22.321470261,0
667,1,1,0.000000000,-0.600778282,2.872665405,0.000312807,0.372634888,0.000000000,22.339780807,0
668,1,1,-0.000001907,-0.600779235,2.872966766,0.000301369,0.372940063,0.000000000,22.358091354,0
669,1,1,0.000000000,-0.600780308,2.873271942,0.000305184,0.373245239,0.000000000,22.376401901,0
670,1,1,0.000000000,-0.600780129,2.873573303,0.000301361,0.373550415,0.000000000,22.394712448,0
671,1,1,0.000000000,-0.600782275,2.873882294,0.000308998,0.373851776,0.000000000,22.413022995,0
672,1,1,0.000000000,-0.600783288,2.874183655,0.000301363,0.374153137,0.000000000,22.431104660,0
673,1,1,0.000000000,-0.600784302,2.874492645,0.000308992,0.374458313,0.000000000,22.449186325,0
674,1,1,-0.000001907,-0.600785255,2.874794006,0.000301369,0.374759674,0.000000000,22.467496872,0
675,1,1,0.000000000,-0.600786269,2.875095367,0.000301369,0.375061035,0.000000000,22.485578537,0
676,1,1,0.000000000,-0.600787282,2.875396729,0.000301363,0.375362396,0.000000000,22.503660202,0
677,1,1,-0.000001907,-0.600788236,2.875690460,0.000293739,0.375659943,0.000000000,22.521741867,0
678,1,1,0.000000000,-0.600789189,2.875995636,0.000305183,0.375961304,0.000000000,22.539594650,0
679,1,1,0.000000000,-0.600790203,2.876289368,0.000293733,0.376258850,0.000000000,22.557676315,0
680,1,1,0.000000000,-0.600791156,2.876594543,0.000305177,0.376560211,0.000000000,22.575529099,0
681,1,1,0.000000000,-0.600792170,2.876892090,0.000297548,0.376857758,0.000000000,22.593610764,0
682,1,1,0.000000000,-0.600793123,2.877189636,0.000297548,0.377155304,0.000000000,22.611463547,0
683,1,1,0.000000000,-0.600794077,2.877487183,0.000297548,0.377452850,0.000000000,22.629316330,0
684,1,1,0.000000000,-0.600795031,2.877784729,0.000297548,0.377750397,0.000000000,22.647169113,0
685,1,1,0.000000000,-0.600796044,2.878082275,0.000297548,0.378047943,0.000000000,22.665021896,0
686,1,1,0.000000000,-0.600796998,2.878376007,0.000293733,0.378341675,0.000000000,22.682874680,0
687,1,1,0.000000000,-0.600798011,2.878673553,0.000297548,0.378639221,0.000000000,22.700498581,0
688,1,1,0.000000000,-0.600798965,2.878967285,0.000293733,0.378932953,0.000000000,22.718351364,0
689,1,1,0.000000000,-0.600799918,2.879261017,0.000293733,0.379226685,0.000000000,22.735975266,0
690,1,1,0.000000000,-0.600800872,2.879550934,0.000289919,0.379520416,0.000000000,22.753599167,0
691,1,1,0.000000000,-0.600801826,2.879848480,0.000297548,0.379814148,0.000000000,22.771223068,0
692,1,1,0.000000000,-0.600802779,2.880142212,0.000293733,0.380107880,0.000000000,22.788846970,0
693,1,1,0.000000000,-0.600803733,2.880432129,0.000289919,0.380397797,0.000000000,22.806470871,0
694,1,1,-0.000001907,-0.600804687,2.880725861,0.000293739,0.380691528,0.000000000,22.823865891,0
695,1,1,0.000000000,-0.600805640,2.881015778,0.000289925,0.380981445,0.000000000,22.841489792,0
696,1,1,0.000000000,-0.600806594,2.881309509,0.000293733,0.381275177,0.000000000,22.858884811,0
697,1,1,0.000000000,-0.600807548,2.881599426,0.000289919,0.381565094,0.000000000,22.876508713,0
698,1,1,0.000000000,-0.600808501,2.881889343,0.000289919,0.381855011,0.000000000,22.893903732,0
699,1,1,0.000000000,-0.600809455,2.882175446,0.000286104,0.382144928,0.000000000,22.911298752,0
700,1,1,0.000000000,-0.600810409,2.882465363,0.000289919,0.382431030,0.000000000,22.928693771,0
701,1,1,0.000000000,-0.600811362,2.882751465,0.000286104,0.382720947,0.000000000,22.945859909,0
702,1,1,-0.000001907,-0.600812256,2.883045197,0.000293739,0.383010864,0.000000000,22.963254929,0
703,1,1,0.000000000,-0.600813210,2.883331299,0.000286110,0.383296967,0.000000000,22.980649948,0
704,1,1,0.000000000,-0.600814164,2.883617401,0.000286104,0.383583069,0.000000000,22.997816086,0
705,1,1,0.000000000,-0.600815058,2.883903503,0.000286104,0.383869171,0.000000000,23.014982224,0
706,1,1,0.000000000,-0.600816011,2.884189606,0.000286104,0.384155273,0.000000000,23.032148361,0
707,1,1,0.000000000,-0.600816965,2.884475708,0.000286104,0.384441376,0.000000000,23.049314499,0
708,1,1,0.000000000,-0.600817919,2.884761810,0.000286104,0.384727478,0.000000000,23.066480637,0
709,1,1,0.000000000,-0.600818872,2.885047913,0.000286104,0.385013580,0.000000000,23.083646774,0
710,1,1,0.000000000,-0.600819767,2.885326385,0.000278474,0.385295868,0.000000000,23.100812912,0
711,1,1,0.000000000,-0.600820661,2.885612488,0.000286104,0.385578156,0.000000000,23.117750168,0
712,1,1,0.000000000,-0.600821614,2.885898590,0.000286104,0.385864258,0.000000000,23.134687424,0
713,1,1,0.000000000,-0.600822568,2.886180878,0.000282289,0.386146545,0.000000000,23.151853561,0
714,1,1,0.000000000,-0.600823462,2.886463165,0.000282289,0.386428833,0.000000000,23.168790817,0
715,1,1,0.000000000,-0.600824416,2.886745453,0.000282289,0.386711121,0.000000000,23.185728073,0
716,1,1,0.000000000,-0.600825310,2.887027740,0.000282289,0.386993408,0.000000000,23.202665329,0
717,1,1,0.000000000,-0.600826263,2.887306213,0.000278475,0.387271881,0.000000000,23.219602585,0
718,1,1,0.000000000,-0.600827217,2.887588501,0.000282289,0.387554169,0.000000000,23.236310959,0
719,1,1,0.000000000,-0.600828111,2.887863159,0.000274660,0.387832642,0.000000000,23.253248215,0
720,1,1,0.000000000,-0.600829005,2.888145447,0.000282289,0.388111115,0.000000000,23.269956589,0
721,1,1,0.000000000,-0.600829899,2.888427734,0.000282289,0.388393402,0.000000000,23.286664963,0
722,1,1,0.000000000,-0.600830793,2.888706207,0.000278474,0.388671875,0.000000000,23.303602219,0
723,1,1,0.000000000,-0.600831747,2.888984680,0.000278475,0.388950348,0.000000000,23.320310593,0
724,1,1,0.000000000,-0.600832641,2.889259338,0.000274660,0.389225006,0.000000000,23.337018967,0
725,1,1,0.000000000,-0.600833535,2.889537811,0.000278474,0.389503479,0.000000000,23.353498459,0
726,1,1,0.000000000,-0.600834489,2.889816284,0.000278475,0.389781952,0.000000000,23.370206833,0
727,1,1,0.000000000,-0.600835383,2.890090942,0.000274660,0.390056610,0.000000000,23.386915207,0
728,1,1,0.000000000,-0.600836277,2.890361786,0.000270845,0.390331268,0.000000000,23.403394699,0
729,1,1,0.000000000,-0.600837052,2.890640259,0.000278474,0.390605927,0.000000000,23.419874191,0
730,1,1,0.000000000,-0.600838065,2.890918732,0.000278475,0.390884399,0.000000000,23.436353683,0
731,1,1,0.000000000,-0.600838900,2.891189575,0.000270845,0.391155243,0.000000000,23.453062057,0
732,1,1,0.000000000,-0.600839853,2.891464233,0.000274660,0.391429901,0.000000000,23.469312668,0
733,1,1,0.000000000,-0.600840747,2.891738892,0.000274660,0.391704559,0.000000000,23.485792160,0
734,1,1,0.000000000,-0.600841641,2.892013550,0.000274660,0.391979218,0.000000000,23.502271652,0
735,1,1,0.000000000,-0.600842535,2.892280579,0.000267030,0.392250061,0.000000000,23.518751144,0
736,1,1,0.000000000,-0.600843430,2.892555237,0.000274660,0.392520905,0.000000000,23.535001755,0
737,1,1,0.000000000,-0.600844324,2.892829895,0.000274660,0.392795563,0.000000000,23.551252365,0
738,1,1,0.000000000,-0.600845218,2.893100739,0.000270845,0.393066406,0.000000000,23.567731857,0
739,1,1,0.000000000,-0.600846112,2.893371582,0.000270845,0.393337250,0.000000000,23.583982468,0
740,1,1,0.000000000,-0.600847006,2.893642426,0.000270845,0.393608093,0.000000000,23.600233078,0
741,1,1,0.000000000,-0.600847840,2.893909454,0.000267030,0.393875122,0.000000000,23.616483688,0
742,1,1,0.000000000,-0.600848734,2.894176483,0.000267030,0.394145966,0.000000000,23.632505417,0
743,1,1,0.000000000,-0.600849628,2.894451141,0.000274660,0.394416809,0.000000000,23.648756027,0
744,1,1,0.000000000,-0.600850523,2.894714355,0.000263216,0.394683838,0.000000000,23.665006638,0
745,1,1,0.000000000,-0.600851417,2.894985199,0.000270845,0.394950867,0.000000000,23.681028366,0
746,1,1,0.000000000,-0.600852251,2.895252228,0.000267030,0.395217896,0.000000000,23.697050095,0
747,1,1,0.000000000,-0.600853145,2.895519257,0.000267030,0.395484924,0.000000000,23.713071823,0
748,1,1,0.000000000,-0.600854039,2.895786285,0.000267030,0.395751953,0.000000000,23.729093552,0
749,1,1,0.000000000,-0.600854874,2.896051407,0.000265123,0.396018982,0.000000000,23.745115280,0
750,1,1,0.000000000,-0.600855768,2.896320343,0.000268938,0.396286011,0.000000000,23.761137009,0
751,1,1,0.000000000,-0.600856662,2.896583557,0.000263216,0.396551132,0.000000000,23.777158737,0
752,1,1,0.000000000,-0.600857496,2.896852493,0.000268937,0.396816254,0.000000000,23.793066025,0
753,1,1,0.000000000,-0.600858331,2.897117615,0.000265123,0.397081375,0.000000000,23.808973312,0
754,1,1,0.000000000,-0.600859284,2.897377014,0.000259401,0.397344589,0.000000000,23.824880600,0
755,1,1,0.000000000,-0.600860059,2.897640228,0.000263215,0.397607803,0.000000000,23.840673447,0
756,1,1,0.000000000,-0.600860953,2.897901535,0.000261308,0.397871017,0.000000000,23.856466293,0
757,1,1,0.000000000,-0.600861788,2.898164749,0.000263215,0.398134232,0.000000000,23.872259140,0
758,1,1,0.000000000,-0.600862682,2.898427963,0.000263216,0.398397446,0.000000000,23.888051987,0
759,1,1,0.000000000,-0.600863576,2.898689270,0.000261308,0.398658752,0.000000000,23.903844833,0
760,1,1,0.000000000,-0.600864351,2.898948669,0.000259401,0.398920059,0.000000000,23.919523239,0
761,1,1,0.000000000,-0.600865245,2.899209976,0.000261308,0.399181366,0.000000000,23.935201645,0
762,1,1,0.000000000,-0.600866079,2.899473190,0.000263215,0.399442673,0.000000000,23.950880051,0
763,1,1,0.000000000,-0.600866914,2.899732590,0.000259401,0.399702072,0.000000000,23.966558456,0
764,1,1,0.000000000,-0.600867808,2.899991989,0.000259401,0.399961472,0.000000000,23.982122421,0
765,1,1,0.000000000,-0.600868583,2.900251389,0.000259401,0.400220871,0.000000000,23.997686386,0
766,1,1,0.000000000,-0.600869477,2.900510788,0.000259401,0.400480270,0.000000000,24.013250351,0
767,1,1,0.000000000,-0.600870371,2.900766373,0.000255586,0.400737762,0.000000000,24.028814316,0
768,1,1,0.000000000,-0.600871205,2.901025772,0.000259401,0.400997162,0.000000000,24.044263840,0
769,1,1,0.000000000,-0.600872040,2.901285172,0.000259401,0.401254654,0.000000000,24.059827805,0
770,1,1,0.000000000,-0.600872874,2.901542664,0.000257493,0.401512146,0.000000000,24.075277328,0
771,1,1,0.000000000,-0.600873709,2.901798248,0.000255586,0.401767731,0.000000000,24.090726852,0
772,1,1,0.000000000,-0.600874543,2.902053833,0.000255586,0.402023315,0.000000000,24.106061935,0
773,1,1,0.000000000,-0.600875378,2.902309418,0.000255586,0.402280807,0.000000000,24.121397018,0
774,1,1,-0.000001907,-0.600876212,2.902565002,0.000255593,0.402536392,0.000000000,24.136846542,0
775,1,1,-0.000001907,-0.600877047,2.902818680,0.000253679,0.402790070,0.000000000,24.152181625,0
776,1,1,-0.000001907,-0.600877881,2.903076172,0.000257493,0.403045654,0.000000000,24.167402267,0
777,1,1,-0.000001907,-0.600878716,2.903329849,0.000253679,0.403299332,0.000000000,24.182737350,0
778,1,1,-0.000001907,-0.600879550,2.903583527,0.000253679,0.403553009,0.000000000,24.197957993,0
779,1,1,-0.000001907,-0.600880384,2.903837204,0.000253679,0.403806686,0.000000000,24.213178635,0
780,1,1,-0.000001907,-0.600881219,2.904088974,0.000251771,0.404060364,0.000000000,24.228399277,0
781,1,1,-0.000001907,-0.600881994,2.904340744,0.000251771,0.404312134,0.000000000,24.243619919,0
782,1,1,-0.000001907,-0.600882828,2.904594421,0.000253679,0.404563904,0.000000000,24.258726120,0
783,1,1,-0.000001907,-0.600883663,2.904846191,0.000251771,0.404815674,0.000000000,24.273832321,0
784,1,1,-0.000001907,-0.600884497,2.905097961,0.000251771,0.405067444,0.000000000,24.288938522,0
785,1,1,-0.000001907,-0.600885272,2.905347824,0.000249864,0.405317307,0.000000000,24.304044724,0
786,1,1,-0.000001907,-0.600886106,2.905595779,0.000247957,0.405567169,0.000000000,24.319036484,0
787,1,1,-0.000001907,-0.600886941,2.905847549,0.000251771,0.405818939,0.000000000,24.334028244,0
788,1,1,0.000000000,-0.600887775,2.906097412,0.000249871,0.406066895,0.000000000,24.349134445,0
789,1,1,-0.000001907,-0.600888610,2.906347275,0.000249871,0.406316757,0.000000000,24.364011765,0
790,1,1,0.000000000,-0.600889444,2.906595230,0.000247964,0.406565666,0.000000000,24.379003525,0
791,1,1,-0.000001907,-0.600890160,2.906844139,0.000248917,0.406813622,0.000000000,24.393938065,0
792,1,1,-0.000001907,-0.600890994,2.907091141,0.000247003,0.407061577,0.000000000,24.408815384,0
793,1,1,-0.000001907,-0.600891829,2.907337189,0.000246049,0.407309532,0.000000000,24.423692703,0
794,1,1,-0.000001907,-0.600892663,2.907585144,0.000247957,0.407556534,0.000000000,24.438570023,0
795,1,1,-0.000001907,-0.600893378,2.907831192,0.000246049,0.407802582,0.000000000,24.453390121,0
796,1,1,-0.000001907,-0.600894213,2.908076286,0.000245096,0.408048630,0.000000000,24.468153000,0
797,1,1,-0.000001907,-0.600895047,2.908322334,0.000246049,0.408294678,0.000000000,24.482915878,0
798,1,1,-0.000001907,-0.600895882,2.908569336,0.000247003,0.408540726,0.000000000,24.497678757,0
799,1,1,-0.000001907,-0.600896657,2.908813477,0.000244142,0.408785820,0.000000000,24.512441635,0
800,1,1,-0.000001907,-0.600897431,2.909057617,0.000244142,0.409029961,0.000000000,24.527147293,0
801,1,1,-0.000001907,-0.600898266,2.909302711,0.000245096,0.409274101,0.000000000,24.541795731,0
802,1,1,-0.000001907,-0.600899041,2.909545898,0.000243188,0.409518242,0.000000000,24.556444168,0
803,1,1,0.000000000,-0.600899875,2.909789085,0.000243196,0.409761429,0.000000000,24.571092606,0
804,1,1,-0.000001907,-0.600900650,2.910033226,0.000244149,0.410004616,0.000000000,24.585683823,0
805,1,1,-0.000001907,-0.600901425,2.910274506,0.000241281,0.410246849,0.000000000,24.600275040,0
806,1,1,-0.000001907,-0.600902259,2.910516739,0.000242235,0.410489082,0.000000000,24.614809036,0
807,1,1,-0.000001907,-0.600903034,2.910758972,0.000242235,0.410731316,0.000000000,24.629343033,0
808,1,1,-0.000001907,-0.600903749,2.910998821,0.000239850,0.410971642,0.000000000,24.643877029,0
809,1,1,-0.000001907,-0.600904584,2.911240101,0.000241281,0.411213398,0.000000000,24.658325195,0
810,1,1,-0.000001907,-0.600905418,2.911480904,0.000240804,0.411453724,0.000000000,24.672801971,0
811,1,1,-0.000001907,-0.600906193,2.911721230,0.000240327,0.411694050,0.000000000,24.687221527,0
812,1,1,0.000000000,-0.600906968,2.911962032,0.000240812,0.411933899,0.000000000,24.701641083,0
813,1,1,-0.000001907,-0.600907683,2.912200928,0.000238904,0.412173271,0.000000000,24.716032028,0
814,1,1,-0.000001907,-0.600908518,2.912439823,0.000238897,0.412412167,0.000000000,24.730394363,0
815,1,1,-0.000001907,-0.600909352,2.912679195,0.000239374,0.412650585,0.000000000,24.744728088,0
816,1,1,-0.000001907,-0.600910068,2.912917137,0.000237943,0.412889004,0.000000000,24.759033203,0
817,1,1,-0.000001907,-0.600910902,2.913154602,0.000237466,0.413126469,0.000000000,24.773338318,0
818,1,1,-0.000001907,-0.600911617,2.913392544,0.000237943,0.413364172,0.000000000,24.787586212,0
819,1,1,-0.000001907,-0.600912452,2.913629293,0.000236751,0.413600922,0.000000000,24.801834106,0
820,1,1,-0.000001907,-0.600913167,2.913865805,0.000236512,0.413837433,0.000000000,24.816053391,0
821,1,1,-0.000001907,-0.600914001,2.914102316,0.000236513,0.414073706,0.000000000,24.830244064,0
822,1,1,-0.000001907,-0.600914717,2.914338350,0.000236035,0.414309502,0.000000000,24.844421387,0
823,1,1,-0.000001907,-0.600915551,2.914574146,0.000235797,0.414544940,0.000000000,24.858568192,0
824,1,1,-0.000001907,-0.600916266,2.914808512,0.000234367,0.414779902,0.000000000,24.872695923,0
825,1,1,-0.000001907,-0.600917041,2.915043354,0.000234844,0.415014505,0.000000000,24.886793137,0
826,1,1,0.000358582,-0.586193144,2.895380974,0.024566894,0.389538735,0.000000000,24.900873184,0
827,1,1,0.000259399,-0.584498465,2.895469904,0.001699907,0.389777154,0.000000000,23.742589951,0
828,1,1,0.000181198,-0.582441568,2.895477772,0.002058398,0.389757842,0.000000000,23.752346039,0
829,1,1,0.000120163,-0.580292225,2.895469189,0.002150227,0.389753968,0.000000000,23.760118484,0
830,1,1,0.000068665,-0.578015029,2.895441055,0.002277951,0.389765054,0.000000000,23.768892288,0
831,1,1,0.000022888,-0.575581908,2.895391226,0.002434062,0.389789283,0.000000000,23.778753281,0
832,1,1,-0.000017166,-0.572971761,2.895316839,0.002611514,0.389825195,0.000000000,23.789707184,0
833,1,1,-0.000045776,-0.570168257,2.895212412,0.002805595,0.389869571,0.000000000,23.801742554,0
834,1,1,-0.000076294,-0.567160249,2.895075083,0.003011296,0.389921367,0.000000000,23.814767838,0
835,1,1,-0.000095367,-0.563942671,2.894898653,0.003222468,0.389976829,0.000000000,23.828741074,0
836,1,1,-0.000114441,-0.560514033,2.894680977,0.003435594,0.390035540,0.000000000,23.843534470,0
837,1,1,0.000082016,-0.559902251,2.893697262,0.001174976,0.389743775,0.000000000,23.859083176,0
838,1,1,-0.000205994,-0.560618222,2.892244816,0.001644738,0.389140308,0.000000000,23.813657761,0
839,1,1,-0.000200272,-0.557121277,2.891563654,0.003562673,0.388771176,0.000000000,23.733173370,0
840,1,1,-0.000194550,-0.553540945,2.890886545,0.003643801,0.388435930,0.000000000,23.724996567,0
841,1,1,-0.000225067,-0.559015512,2.890444756,0.005492449,0.389199525,0.000000000,23.719493866,0
842,1,1,-0.000246048,-0.564705551,2.890059233,0.005703122,0.389939249,0.000000000,23.670566559,0
843,1,1,-0.000259399,-0.570447922,2.889744043,0.005751031,0.390633881,0.000000000,23.629667282,0
844,1,1,-0.000495911,-0.577175796,2.889177799,0.006755802,0.391083151,0.000000000,23.597167969,0
845,1,1,-0.000429153,-0.588488340,2.887655735,0.011414674,0.390777498,0.000000000,23.550020218,0
846,1,1,-0.000371933,-0.592807114,2.887605190,0.004319448,0.391069263,0.000000000,23.434589386,0
847,1,1,-0.000324249,-0.596329749,2.887541294,0.003523537,0.391280681,0.000000000,23.427484512,0
848,1,1,-0.000282288,-0.599095285,2.887468338,0.002766817,0.391413599,0.000000000,23.422809601,0
849,1,1,-0.000242233,-0.602443457,2.887587070,0.003350516,0.391472071,0.000000000,23.419403076,0
850,1,1,-0.000209808,-0.603863001,2.887500763,0.001422535,0.391463190,0.000000000,23.416402817,0
851,1,1,-0.000179291,-0.606770158,2.887720108,0.002915580,0.391396403,0.000000000,23.413217545,0
852,1,1,-0.000148773,-0.607115746,2.887626171,0.000359425,0.391276926,0.000000000,23.409391403,0
853,1,1,-0.000129700,-0.608321667,2.887720108,0.001209725,0.391117811,0.000000000,23.404754639,0
854,1,1,-0.000120163,-0.609933972,2.887793064,0.001613984,0.391390353,0.000000000,23.399265289,0
855,1,1,-0.000112534,-0.611106396,2.887875557,0.001175347,0.391614586,0.000000000,23.393556595,0
856,1,1,-0.000104904,-0.611913443,2.887962341,0.000811735,0.391798496,0.000000000,23.387939453,0
857,1,1,-0.000095367,-0.612254620,2.887602806,0.000495740,0.391449630,0.000000000,23.382450104,0
858,1,1,-0.000082016,-0.613696337,2.887418747,0.001453480,0.391090095,0.000000000,23.349502563,0
859,1,1,-0.000074387,-0.613719702,2.887079239,0.000340397,0.390725821,0.000000000,23.317205429,0
860,1,1,-0.000064850,-0.614963770,2.886901855,0.001256687,0.390367061,0.000000000,23.285615921,0
861,1,1,-0.000061035,-0.615667105,2.886668205,0.000741139,0.390018702,0.000000000,23.254940033,0
862,1,1,-0.000051498,-0.616905928,2.886497498,0.001250566,0.389684826,0.000000000,23.225313187,0
863,1,1,-0.000047684,-0.617677689,2.886276245,0.000802859,0.389370561,0.000000000,23.196872711,0
864,1,1,-0.000045776,-0.619045973,2.886106491,0.001378775,0.389077693,0.000000000,23.169662476,0
865,1,1,-0.000041962,-0.620512545,2.885937691,0.001476260,0.388807505,0.000000000,23.143886566,0
866,1,1,-0.000038147,-0.622611165,2.885808945,0.002102569,0.388561755,0.000000000,23.119544983,0
867,1,1,-0.000040054,-0.624311805,2.885639191,0.001709092,0.388339132,0.000000000,23.096805573,0
868,1,1,-0.000032425,-0.624733806,2.885569572,0.000427773,0.387948006,0.000000000,23.075763702,0
869,1,1,-0.000026703,-0.625164270,2.885497093,0.000436561,0.387576312,0.000000000,23.052240372,0
870,1,1,-0.000026703,-0.625514746,2.884962082,0.000639586,0.386742473,0.000000000,23.029912949,0
871,1,1,-0.000024796,-0.625864983,2.884424210,0.000641854,0.385927528,0.000000000,22.980838776,0
872,1,1,-0.000026703,-0.626214743,2.883881569,0.000645596,0.385134459,0.000000000,22.933017731,0
873,1,1,-0.000024796,-0.626044750,2.883328438,0.000578667,0.384363234,0.000000000,22.886339188,0
874,1,1,-0.000024796,-0.626394272,2.882784843,0.000646266,0.383611977,0.000000000,22.840921402,0
875,1,1,-0.000022888,-0.626223803,2.882234573,0.000576073,0.382880718,0.000000000,22.796760559,0
876,1,1,-0.000024796,-0.626573324,2.881687164,0.000649481,0.382171363,0.000000000,22.753753662,0
877,1,1,-0.000022888,-0.626402378,2.881139755,0.000573483,0.381482005,0.000000000,22.711894989,0
878,1,1,-0.000022888,-0.626751423,2.880590439,0.000650831,0.380814552,0.000000000,22.671300888,0
879,1,1,-0.000020981,-0.626580954,2.880043030,0.000573341,0.380165219,0.000000000,22.631977081,0
880,1,1,-0.000022888,-0.626929998,2.879489899,0.000654056,0.379541636,0.000000000,22.593807220,0
881,1,1,-0.000020981,-0.626759052,2.878948212,0.000568024,0.378934234,0.000000000,22.556905746,0
882,1,1,-0.000020981,-0.626587629,2.878408432,0.000566346,0.378348738,0.000000000,22.521162033,0
883,1,1,-0.000019073,-0.626417398,2.877872467,0.000562353,0.377785146,0.000000000,22.486688614,0
884,1,1,-0.000019073,-0.626246214,2.877338409,0.000560822,0.377241522,0.000000000,22.453372955,0
885,1,1,-0.000019073,-0.626075268,2.876802444,0.000562566,0.376719773,0.000000000,22.421329498,0
886,1,1,-0.000019073,-0.625904560,2.876272202,0.000557045,0.376217961,0.000000000,22.390558243,0
887,1,1,-0.000017166,-0.625732899,2.875738144,0.000560971,0.375736088,0.000000000,22.360944748,0
888,1,1,-0.000017166,-0.625562668,2.875209808,0.000555083,0.375275999,0.000000000,22.332487106,0
889,1,1,-0.000015259,-0.625392437,2.874679565,0.000556902,0.374835789,0.000000000,22.305305481,0
890,1,1,-0.000013351,-0.625222206,2.874151230,0.000555086,0.374417335,0.000000000,22.279390335,0
891,1,1,-0.000011444,-0.625052452,2.873628616,0.000549495,0.374020547,0.000000000,22.254632950,0
892,1,1,-0.000011444,-0.624882698,2.873106003,0.000549492,0.373641610,0.000000000,22.231143951,0
893,1,1,-0.000007629,-0.624196053,2.872648239,0.000825254,0.373284340,0.000000000,22.208810806,0
894,1,1,-0.000009537,-0.624026775,2.872121811,0.000552978,0.372946769,0.000000000,22.187742233,0
895,1,1,-0.000005722,-0.623857498,2.871603012,0.000545730,0.372630686,0.000000000,22.167823792,0
896,1,1,-0.000003815,-0.623172760,2.871162415,0.000814246,0.372334182,0.000000000,22.149171829,0
897,1,1,-0.000003815,-0.623003960,2.870639801,0.000549198,0.372059107,0.000000000,22.131660461,0
898,1,1,-0.000001907,-0.622835636,2.870122910,0.000543611,0.371803492,0.000000000,22.115413666,0
899,1,1,0.000003815,-0.622153282,2.869691849,0.000807126,0.371567309,0.000000000,22.100309372,0
900,1,1,0.000003815,-0.621986389,2.869176865,0.000541352,0.371354222,0.000000000,22.086456299,0
901,1,1,0.000972748,-0.581496239,2.800731659,0.079530731,0.289153755,0.000000000,22.073858261,0
902,1,1,0.000894547,-0.578050137,2.802703857,0.003971310,0.290833443,0.000000000,17.987026215,0
903,1,1,0.000909805,-0.572385788,2.803262711,0.005691871,0.290779859,0.000000000,18.074275970,0
904,1,1,0.001131058,-0.565761566,2.803501129,0.006632203,0.290234536,0.000000000,18.096834183,0
905,1,1,0.001136780,-0.558662415,2.804300308,0.007143996,0.290106714,0.000000000,18.114973068,0
906,1,1,0.001173019,-0.550809860,2.804805756,0.007868888,0.289501041,0.000000000,18.178911209,0
907,1,1,0.001190186,-0.542439461,2.805171967,0.008378424,0.288711220,0.000000000,18.240652084,0
908,1,1,0.001211166,-0.533725500,2.805467606,0.008718999,0.287915081,0.000000000,18.308307648,0
909,1,1,0.001230240,-0.524669886,2.805681229,0.009058154,0.287128627,0.000000000,18.384487152,0
910,1,1,0.001251221,-0.515275121,2.805801392,0.009395557,0.286371559,0.000000000,18.469583511,0
911,1,1,0.001274109,-0.505547762,2.805805206,0.009727387,0.285653919,0.000000000,18.563600540,0
912,1,1,0.001295090,-0.495496988,2.805677414,0.010051608,0.284985542,0.000000000,18.666236877,0
913,1,1,0.001316071,-0.485130906,2.805381775,0.010370318,0.284377903,0.000000000,18.776981354,0
914,1,1,0.001333237,-0.474461079,2.804903030,0.010680576,0.283834636,0.000000000,18.895198822,0
915,1,1,0.001346588,-0.463500261,2.804204941,0.010983033,0.283359051,0.000000000,19.020048141,0
916,1,1,0.000719070,-0.472495079,2.804473877,0.009020691,0.283860981,0.000000000,19.150770187,0
917,1,1,0.000207901,-0.488633156,2.804862976,0.016150858,0.284694403,0.000000000,18.831768036,0
918,1,1,-0.000932693,-0.602744341,2.784494400,0.115920417,0.273902237,0.000000000,18.408367157,0
919,1,1,-0.001001358,-0.595320463,2.785320282,0.007469990,0.271425039,0.000000000,15.996706009,0
920,1,1,-0.001121521,-0.593736172,2.786067963,0.001755974,0.271076202,0.000000000,16.005218506,0
921,1,1,-0.001214981,-0.597243071,2.786592484,0.003547139,0.271579295,0.000000000,16.034267426,0
922,1,1,-0.001304626,-0.603925467,2.787206650,0.006711159,0.272430062,0.000000000,16.056531906,0
923,1,1,-0.001209259,-0.613453388,2.772445679,0.017569195,0.255118549,0.000000000,16.084203720,0
924,1,1,-0.001287460,-0.616093159,2.772140503,0.002658503,0.255435377,0.000000000,15.201085091,0
925,1,1,-0.001375198,-0.619725466,2.772542953,0.003655587,0.256109267,0.000000000,15.195335388,0
926,1,1,-0.001434326,-0.622570038,2.772975922,0.002877942,0.256687075,0.000000000,15.214279175,0
927,1,1,-0.001487732,-0.623959303,2.773326874,0.001433903,0.257181287,0.000000000,15.231881142,0
928,1,1,-0.001527786,-0.626069069,2.773845673,0.002172986,0.257619113,0.000000000,15.248420715,0
929,1,1,-0.001558304,-0.627193928,2.774337769,0.001228168,0.258012116,0.000000000,15.264004707,0
930,1,1,-0.001583099,-0.627952337,2.774833679,0.000906492,0.258377969,0.000000000,15.278924942,0
931,1,1,-0.001735687,-0.628888369,2.775165558,0.001004779,0.258482993,0.000000000,15.293557167,0
932,1,1,-0.001720428,-0.629039288,2.775234222,0.000166506,0.258333176,0.000000000,15.294051170,0
933,1,1,-0.001705170,-0.629625797,2.775360107,0.000600061,0.258207530,0.000000000,15.281166077,0
934,1,1,-0.001689911,-0.630194068,2.775485992,0.000582247,0.258098036,0.000000000,15.269661903,0
935,1,1,-0.001676559,-0.630800962,2.775608063,0.000619193,0.258021921,0.000000000,15.259894371,0
936,1,1,-0.001659393,-0.630970716,2.775714874,0.000201295,0.257968515,0.000000000,15.251900673,0
937,1,1,-0.001647949,-0.631780028,2.775840759,0.000819124,0.257956743,0.000000000,15.245826721,0
938,1,1,-0.001636505,-0.632736206,2.775959015,0.000963531,0.257981896,0.000000000,15.242202759,0
939,1,1,-0.001623154,-0.633857608,2.776065826,0.001126556,0.258038789,0.000000000,15.241052628,0
940,1,1,-0.001609802,-0.635156155,2.776168823,0.001302694,0.258129597,0.000000000,15.242573738,0
941,1,1,-0.001600266,-0.635739565,2.776355743,0.000612697,0.258215725,0.000000000,15.246722221,0
942,1,1,-0.001579285,-0.635724545,2.776561737,0.000207603,0.258253545,0.000000000,15.251425743,0
943,1,1,-0.001579285,-0.635540724,2.776309967,0.000311734,0.257822007,0.000000000,15.253299713,0
944,1,1,-0.001573563,-0.635357141,2.776062012,0.000308573,0.257424504,0.000000000,15.228176117,0
945,1,1,-0.001573563,-0.635173798,2.775817871,0.000305319,0.257057279,0.000000000,15.204754829,0
946,1,1,-0.001571655,-0.634990692,2.775566101,0.000311319,0.256716400,0.000000000,15.183262825,0
947,1,1,-0.001567841,-0.634806633,2.775318146,0.000308827,0.256409496,0.000000000,15.163249969,0
948,1,1,-0.001567841,-0.634105682,2.775119781,0.000728478,0.256128907,0.000000000,15.145177841,0
949,1,1,-0.001560211,-0.633923054,2.774883270,0.000298913,0.255885959,0.000000000,15.128812790,0
950,1,1,-0.001564026,-0.633740425,2.774639130,0.000304914,0.255661547,0.000000000,15.114160538,0
951,1,1,-0.001558304,-0.633042336,2.774463654,0.000719829,0.255478501,0.000000000,15.101223946,0
952,1,1,-0.001556396,-0.632344246,2.774288177,0.000719809,0.255317599,0.000000000,15.090228081,0
953,1,1,-0.001554489,-0.632163048,2.774051666,0.000297950,0.255190223,0.000000000,15.080939293,0
954,1,1,-0.001554489,-0.631466866,2.773887634,0.000715246,0.255088687,0.000000000,15.073136330,0
955,1,1,-0.001546860,-0.630773544,2.773738861,0.000709145,0.255020291,0.000000000,15.067273140,0
956,1,1,-0.001546860,-0.630082130,2.773593903,0.000706446,0.254981279,0.000000000,15.063343048,0
957,1,1,-0.001543045,-0.629390717,2.773456573,0.000704930,0.254967660,0.000000000,15.060887337,0
958,1,1,-0.001541138,-0.628699303,2.773323059,0.000704190,0.254986912,0.000000000,15.060129166,0
959,1,1,-0.001537323,-0.628012657,2.773197174,0.000698100,0.255035013,0.000000000,15.061292648,0
960,1,1,-0.001516342,-0.626404762,2.773372650,0.001617578,0.254718184,0.000000000,15.064148903,0
961,1,1,-0.001493454,-0.623765945,2.773624420,0.002650899,0.254182190,0.000000000,15.076589584,0
962,1,1,-0.001470566,-0.621873856,2.773639679,0.001892290,0.253638148,0.000000000,15.081267357,0
963,1,1,-0.001441956,-0.617967606,2.774101257,0.003933530,0.253101468,0.000000000,15.083621025,0
964,1,1,-0.001424789,-0.615359306,2.774227142,0.002611392,0.252596557,0.000000000,15.085083961,0
965,1,1,-0.002161026,-0.610632896,2.773456573,0.004845077,0.250589252,0.000000000,15.087613106,0
966,1,1,-0.001174927,-0.606934547,2.771823883,0.004161233,0.247993067,0.000000000,15.015808105,0
967,1,1,-0.001174927,-0.603506088,2.772323608,0.003464687,0.247823447,0.000000000,14.915760994,0
968,1,1,-0.001173019,-0.600147247,2.772830963,0.003396943,0.247707933,0.000000000,14.934953690,0
969,1,1,-0.001165390,-0.595320702,2.773719788,0.004907709,0.247643545,0.000000000,14.959007263,0
970,1,1,-0.000955582,-0.586759567,2.764266968,0.012755111,0.235586375,0.000000000,14.987959862,0
971,1,1,-0.000963211,-0.581296921,2.764457703,0.005465981,0.234781772,0.000000000,14.433787346,0
972,1,1,-0.000959396,-0.576404572,2.764446259,0.004892364,0.233938813,0.000000000,14.430035591,0
973,1,1,-0.000947952,-0.571452141,2.764419556,0.004952516,0.233122453,0.000000000,14.427327156,0
974,1,1,-0.000932693,-0.566398621,2.764400482,0.005053579,0.232340738,0.000000000,14.429739952,0
975,1,1,-0.000873566,-0.561382294,2.764987946,0.005050955,0.232196718,0.000000000,14.437546730,0
976,1,1,-0.000858307,-0.555839539,2.765640259,0.005581029,0.231800616,0.000000000,14.485064507,0
977,1,1,-0.000846863,-0.550082207,2.766315460,0.005796800,0.231415585,0.000000000,14.547551155,0
978,1,1,-0.000829697,-0.544111252,2.767013550,0.006011649,0.231050700,0.000000000,14.617695808,0
979,1,1,-0.001012802,-0.543097019,2.768310547,0.001656622,0.231729567,0.000000000,14.695488930,0
980,1,1,-0.001174927,-0.547259808,2.769725800,0.004399776,0.232976303,0.000000000,14.740238190,0
981,1,1,-0.001304626,-0.551624298,2.771072388,0.004569343,0.234246939,0.000000000,14.722043991,0
982,1,1,-0.001413345,-0.556019783,2.772338867,0.004575596,0.235520706,0.000000000,14.707882881,0
983,1,1,-0.001495361,-0.560295582,2.773544312,0.004443228,0.236796156,0.000000000,14.700279236,0
984,1,1,-0.001228333,-0.585335970,2.769035339,0.025444511,0.235084951,0.000000000,14.700635910,0
985,1,1,-0.001411438,-0.587066889,2.769664764,0.001850887,0.235563144,0.000000000,14.240319252,0
986,1,1,-0.001499176,-0.586688995,2.770450592,0.000876371,0.236050054,0.000000000,14.273043633,0
987,1,1,-0.001583099,-0.587445021,2.771156311,0.001037621,0.236536250,0.000000000,14.312509537,0
988,1,1,-0.001636505,-0.586249113,2.771949768,0.001436183,0.237017110,0.000000000,14.353156090,0
989,1,1,-0.001693726,-0.586482286,2.772655487,0.000745442,0.237499833,0.000000000,14.395026207,0
990,1,1,-0.001731873,-0.584518671,2.773448944,0.002118210,0.237988323,0.000000000,14.437958717,0
991,1,1,-0.001766205,-0.583226681,2.774192810,0.001491226,0.238483205,0.000000000,14.482029915,0
992,1,1,-0.001791000,-0.581720352,2.774948120,0.001685270,0.238993511,0.000000000,14.527085304,0
993,1,1,-0.001811981,-0.580013990,2.775691986,0.001861571,0.239513397,0.000000000,14.572969437,0
994,1,1,-0.001832962,-0.578135490,2.776428223,0.002017733,0.240049094,0.000000000,14.619962692,0
995,1,1,-0.001848221,-0.576113343,2.777164459,0.002152059,0.240607068,0.000000000,14.667654991,0
996,1,1,-0.001859665,-0.573972702,2.777877808,0.002256400,0.241171345,0.000000000,14.716304779,0
997,1,1,-0.001909256,-0.571833014,2.778514862,0.002233061,0.241700888,0.000000000,14.765260696,0
998,1,1,-0.001945496,-0.575967073,2.779129028,0.004179588,0.242860809,0.000000000,14.810050964,0
999,1,1,-0.001968384,-0.580267549,2.779712677,0.004339960,0.244019657,0.000000000,14.812070847,0
1000,1,1,-0.001979828,-0.585424602,2.780292511,0.005189560,0.245141312,0.000000000,14.818898201,0
1001,1,1,-0.001985550,-0.588393867,2.780834198,0.003018276,0.246214703,0.000000000,14.832028389,0
1002,1,1,-0.001987457,-0.592518151,2.781391144,0.004161720,0.247231975,0.000000000,14.850889206,0
1003,1,1,-0.001985550,-0.596080899,2.781929016,0.003603122,0.248177528,0.000000000,14.874572754,0
1004,1,1,-0.001979828,-0.599078655,2.782463074,0.003044961,0.249058902,0.000000000,14.901795387,0
1005,1,1,-0.001970291,-0.601524651,2.782989502,0.002502022,0.249868780,0.000000000,14.931945801,0
1006,1,1,-0.001962662,-0.603444815,2.783504486,0.001988038,0.250600547,0.000000000,14.963587761,0
1007,1,1,-0.001953125,-0.604874551,2.784023285,0.001520983,0.251282573,0.000000000,14.995902061,0
1008,1,1,-0.001943588,-0.605857491,2.784538269,0.001109717,0.251898140,0.000000000,15.028711319,0
1009,1,1,-0.001935959,-0.606441379,2.785053253,0.000778583,0.252465397,0.000000000,15.061110497,0
1010,1,1,-0.001928329,-0.607978821,2.785572052,0.001622633,0.252987832,0.000000000,15.093050957,0
1011,1,1,-0.001920700,-0.607917190,2.786087036,0.000518715,0.253469259,0.000000000,15.124408722,0
1012,1,1,-0.001913071,-0.607609093,2.786594391,0.000593625,0.253925264,0.000000000,15.155163765,0
1013,1,1,-0.001907349,-0.608405590,2.787109375,0.000948498,0.254356325,0.000000000,15.185149193,0
1014,1,1,-0.001901627,-0.607747912,2.787612915,0.000828327,0.254766852,0.000000000,15.214930534,0
1015,1,1,-0.001899719,-0.606980681,2.788120270,0.000919813,0.255172640,0.000000000,15.243947029,0
1016,1,1,-0.001897812,-0.606141448,2.788627625,0.000980676,0.255570471,0.000000000,15.273017883,0
1017,1,1,-0.001895905,-0.605263710,2.789131165,0.001011919,0.255968392,0.000000000,15.302027702,0
1018,1,1,-0.001897812,-0.605678737,2.789623260,0.000643747,0.256366819,0.000000000,15.330841064,0
1019,1,1,-0.001892090,-0.604806125,2.790130615,0.001009402,0.256773531,0.000000000,15.359757423,0
1020,1,1,-0.001890182,-0.603968382,2.790637970,0.000979401,0.257184952,0.000000000,15.388819695,0
1021,1,1,-0.001892090,-0.603181124,2.791133881,0.000930433,0.257601112,0.000000000,15.418048859,0
1022,1,1,-0.001890182,-0.602455854,2.791633606,0.000880764,0.258037180,0.000000000,15.447219849,0
1023,1,1,-0.001890182,-0.601801276,2.792129517,0.000821219,0.258470237,0.000000000,15.476777077,0
1024,1,1,-0.001890182,-0.601221979,2.792625427,0.000762570,0.258915454,0.000000000,15.506245613,0
1025,1,1,-0.001892090,-0.600721002,2.793125153,0.000707607,0.259376466,0.000000000,15.535598755,0
1026,1,1,-0.001890182,-0.600297868,2.793617249,0.000649002,0.259837896,0.000000000,15.565269470,0
1027,1,1,-0.001892090,-0.599950671,2.794113159,0.000605373,0.260311067,0.000000000,15.594771385,0
1028,1,1,-0.001892090,-0.599676132,2.794605255,0.000563498,0.260788202,0.000000000,15.624544144,0
1029,1,1,-0.001892090,-0.599469066,2.795097351,0.000533887,0.261273056,0.000000000,15.654109001,0
1030,1,1,-0.001890182,-0.599324465,2.795589447,0.000512905,0.261757880,0.000000000,15.683452606,0
1031,1,1,-0.001895905,-0.599235654,2.796077728,0.000496325,0.262250304,0.000000000,15.713023186,0
1032,1,1,-0.001893997,-0.599195778,2.796569824,0.000493713,0.262746453,0.000000000,15.742356300,0
1033,1,1,-0.001893997,-0.599198341,2.797058105,0.000488288,0.263238668,0.000000000,15.771679878,0
1034,1,1,-0.001893997,-0.599236846,2.797546387,0.000489797,0.263738483,0.000000000,15.800991058,0
1035,1,1,-0.001893997,-0.599304318,2.798034668,0.000492921,0.264234364,0.000000000,15.830290794,0
1036,1,1,-0.001897812,-0.599394798,2.798515320,0.000489109,0.264730155,0.000000000,15.859354973,0
1037,1,1,-0.001895905,-0.599502563,2.798999786,0.000496311,0.265225917,0.000000000,15.888410568,0
1038,1,1,-0.001897812,-0.599622369,2.799484253,0.000499064,0.265721649,0.000000000,15.917464256,0
1039,1,1,-0.001897812,-0.599749625,2.799968719,0.000500901,0.266217351,0.000000000,15.946515083,0
1040,1,1,-0.001895905,-0.599880099,2.800441742,0.000490691,0.266705453,0.000000000,15.975565910,0
1041,1,1,-0.001897812,-0.600010157,2.800926208,0.000501624,0.267201185,0.000000000,16.004390717,0
1042,1,1,-0.001897812,-0.600137055,2.801414490,0.000504502,0.267689317,0.000000000,16.033216476,0
1043,1,1,-0.001897812,-0.600258350,2.801879883,0.000480940,0.268173665,0.000000000,16.062274933,0
1044,1,1,-0.001899719,-0.600371897,2.802360535,0.000493885,0.268661857,0.000000000,16.090879440,0
1045,1,1,-0.001899719,-0.600476325,2.802845001,0.000495593,0.269150078,0.000000000,16.119714737,0
1046,1,1,-0.001901627,-0.600570738,2.803318024,0.000482357,0.269623071,0.000000000,16.148551941,0
1047,1,1,-0.001901627,-0.600654483,2.803794861,0.000484135,0.270103723,0.000000000,16.176931381,0
1048,1,1,-0.001901627,-0.600727379,2.804279327,0.000489920,0.270584375,0.000000000,16.205772400,0
1049,1,1,-0.001901627,-0.600789368,2.804744720,0.000469503,0.271057397,0.000000000,16.234155655,0
1050,1,1,-0.001901627,-0.600840628,2.805225372,0.000483377,0.271530449,0.000000000,16.262538910,0
1051,1,1,-0.001899719,-0.600881696,2.805694580,0.000471005,0.272003502,0.000000000,16.290922165,0
1052,1,1,-0.001901627,-0.600913227,2.806171417,0.000477882,0.272476584,0.000000000,16.319307327,0
1053,1,1,-0.001901627,-0.600936055,2.806625366,0.000454523,0.272941977,0.000000000,16.347688675,0
1054,1,1,-0.001903534,-0.600950897,2.807106018,0.000480885,0.273422688,0.000000000,16.376073837,0
1055,1,1,-0.001903534,-0.600958824,2.807579041,0.000473089,0.273895711,0.000000000,16.404453278,0
1056,1,1,-0.001903534,-0.600960433,2.808059692,0.000480655,0.274353534,0.000000000,16.432836533,0
1057,1,1,-0.001897812,-0.600956678,2.808509827,0.000450186,0.274818897,0.000000000,16.460758209,0
1058,1,1,-0.001901627,-0.600948989,2.808990479,0.000480728,0.275291950,0.000000000,16.488681793,0
1059,1,1,-0.001901627,-0.600937545,2.809448242,0.000457907,0.275757343,0.000000000,16.517063141,0
1060,1,1,-0.001901627,-0.600923359,2.809921265,0.000473235,0.276215106,0.000000000,16.544986725,0
1061,1,1,-0.001899719,-0.600907326,2.810379028,0.000458048,0.276688129,0.000000000,16.572908401,0
1062,1,1,-0.001897812,-0.600889981,2.810859680,0.000480968,0.277145922,0.000000000,16.600830078,0
1063,1,1,-0.001901627,-0.600871921,2.811309814,0.000450513,0.277611315,0.000000000,16.628753662,0
1064,1,1,-0.001899719,-0.600853860,2.811775208,0.000465747,0.278076708,0.000000000,16.656677246,0
