tick,support,on_floor,local_x,local_y,local_z,slip_m,bus_write_m,package_write_m,platform_speed,dual_contact
1,1,1,-0.010812759,-0.599576235,2.500000000,0.000000000,0.000000000,0.000000000,0.000000000,0
2,1,1,-0.010814667,-0.600085199,2.500930786,0.001060854,0.001023691,0.001074604,0.000000000,0
3,1,1,-0.010974884,-0.600241542,2.501846313,0.000942498,0.001964350,0.001991602,0.063649334,1
4,1,1,-0.010999680,-0.600347757,2.502777100,0.000937155,0.002934451,0.002941320,0.117748417,1
5,1,1,-0.011003494,-0.600409746,2.503707886,0.000932856,0.003862551,0.003845078,0.172937483,1
6,1,1,-0.011003494,-0.600433588,2.504623413,0.000915838,0.004792082,0.004747035,0.227140069,1
7,1,1,-0.011003494,-0.600425482,2.505538940,0.000915563,0.005722301,0.005648498,0.281251192,1
8,1,1,-0.011005402,-0.600391865,2.506469727,0.000931395,0.006652871,0.006580915,0.336248249,1
9,1,1,-0.011005402,-0.600338221,2.507385254,0.000917098,0.007553102,0.007469269,0.390385568,1
10,1,1,-0.011009216,-0.600270152,2.508285522,0.000902846,0.008453418,0.008374578,0.444602191,1
11,1,1,-0.011011124,-0.600192487,2.509201050,0.000918818,0.009338506,0.009251311,0.498923570,0
12,1,1,-0.011009216,-0.600109637,2.510101318,0.000904075,0.010238852,0.010160331,0.552441001,0
13,1,1,-0.011009216,-0.600025177,2.511016846,0.000919415,0.011139184,0.011071020,0.606978357,0
14,1,1,-0.011007309,-0.599942267,2.511932373,0.000919276,0.012024237,0.011967872,0.661612272,0
15,1,1,-0.011007309,-0.599863410,2.512832642,0.000903716,0.012909266,0.012850601,0.715413094,0
16,1,1,-0.011009216,-0.599790573,2.513748169,0.000918422,0.013794275,0.013749448,0.769279718,0
17,1,1,-0.011009216,-0.599724829,2.514648438,0.000902666,0.014694529,0.014664179,0.824112535,0
18,1,1,-0.011009216,-0.599667370,2.515563965,0.000917329,0.015564251,0.015533557,0.878067255,0
19,1,1,-0.011009216,-0.599618614,2.516464233,0.000901588,0.016464485,0.016448976,0.932047784,0
20,1,1,-0.011009216,-0.599578738,2.517349243,0.000885908,0.017334197,0.017334022,0.986045182,0
21,1,1,-0.011011124,-0.599547386,2.518249512,0.000900816,0.018234426,0.018219130,1.040052772,0
22,1,1,-0.011013031,-0.599524319,2.519149780,0.000900566,0.019119399,0.019134764,1.094065547,0
23,1,1,-0.011013031,-0.599508762,2.520034790,0.000885146,0.020004377,0.020004602,1.147164941,0
24,1,1,-0.011013031,-0.599500000,2.520919800,0.000885053,0.020889357,0.020904923,1.201180577,0
25,1,1,-0.011013031,-0.599497318,2.521804810,0.000885014,0.021789603,0.021805208,1.254279971,0
26,1,1,-0.011011124,-0.599499941,2.522705078,0.000900274,0.022674596,0.022690203,1.308294296,0
27,1,1,-0.011011124,-0.599506557,2.523590088,0.000885035,0.023544332,0.023559919,1.361392498,0
28,1,1,-0.011009216,-0.599516809,2.524475098,0.000885071,0.024444591,0.024460137,1.414490104,0
29,1,1,-0.011009216,-0.599529624,2.525360107,0.000885103,0.025314337,0.025329832,1.467587948,0
30,1,1,-0.011009216,-0.599544287,2.526260376,0.000900388,0.026214601,0.026214786,1.520686030,0
31,1,1,-0.011011124,-0.599559963,2.527130127,0.000869894,0.027084351,0.027099745,1.573784471,0
32,1,1,-0.011011124,-0.599576414,2.528015137,0.000885163,0.027984619,0.027999971,1.626883626,0
33,1,1,-0.011009216,-0.599592745,2.528869629,0.000854650,0.028854372,0.028869689,1.679983377,0
34,1,1,-0.011009216,-0.599608779,2.529769897,0.000900411,0.029739382,0.029739415,1.732168436,0
35,1,1,-0.011013031,-0.599624157,2.530639648,0.000869895,0.030624393,0.030639667,1.785269380,0
36,1,1,-0.011011124,-0.599638581,2.531524658,0.000885129,0.031494144,0.031494148,1.837455273,0
37,1,1,-0.011011124,-0.599651575,2.532394409,0.000869848,0.032379154,0.032379150,1.890556931,0
38,1,1,-0.011011124,-0.599663258,2.533264160,0.000869829,0.033233646,0.033248901,1.942743301,0
39,1,1,-0.011011124,-0.599673927,2.534118652,0.000854559,0.034118656,0.034118652,1.994929790,0
40,1,1,-0.011011124,-0.599682868,2.535003662,0.000885055,0.034988407,0.034988403,2.047116280,0
41,1,1,-0.011011124,-0.599690795,2.535873413,0.000869787,0.035858158,0.035858158,2.099302530,0
42,1,1,-0.011011124,-0.599697292,2.536743164,0.000869775,0.036727909,0.036727909,2.151489019,0
43,1,1,-0.011011124,-0.599702597,2.537597656,0.000854509,0.037582401,0.037582405,2.203674793,0
44,1,1,-0.011011124,-0.599707007,2.538467407,0.000869762,0.038452152,0.038452156,2.254945040,0
45,1,1,-0.011013031,-0.599710345,2.539337158,0.000869759,0.039321903,0.039321907,2.307130575,0
46,1,1,-0.011011124,-0.599712968,2.540176392,0.000839240,0.040176392,0.040176399,2.359316111,0
47,1,1,-0.011011124,-0.599714875,2.541046143,0.000869753,0.041046143,0.041030891,2.410585880,0
48,1,1,-0.011013031,-0.599716425,2.541900635,0.000854496,0.041885376,0.041885380,2.461855173,0
49,1,1,-0.011011124,-0.599717319,2.542755127,0.000854495,0.042739868,0.042739872,2.513124943,0
50,1,1,-0.011009216,-0.599718094,2.543624878,0.000869753,0.043609619,0.043609623,2.564394236,0
51,1,1,-0.011009216,-0.599718511,2.544464111,0.000839234,0.044448853,0.044448856,2.616579294,0
52,1,1,-0.011011124,-0.599719048,2.545318604,0.000854494,0.045303345,0.045303348,2.666933060,0
53,1,1,-0.011011124,-0.599719644,2.546188354,0.000869751,0.046173096,0.046173096,2.718202353,0
54,1,1,-0.011009216,-0.599720001,2.547027588,0.000839236,0.047012329,0.047012329,2.769471645,0
55,1,1,-0.011011124,-0.599720836,2.547866821,0.000839236,0.047851563,0.047851563,2.820740938,0
56,1,1,-0.011013031,-0.599721491,2.548721313,0.000854495,0.048706055,0.048706055,2.871094704,0
57,1,1,-0.011013031,-0.599722564,2.549560547,0.000839234,0.049545288,0.049545288,2.922363997,0
58,1,1,-0.011011124,-0.599723697,2.550399780,0.000839236,0.050384521,0.050384521,2.972717762,0
59,1,1,-0.011011124,-0.599725127,2.551239014,0.000839235,0.051223755,0.051223755,3.023071527,0
60,1,1,-0.011011124,-0.599725544,2.552093506,0.000854492,0.052078247,0.052078247,3.073425531,0
61,1,1,-0.011013031,-0.599728048,2.552932739,0.000839239,0.052917480,0.052917480,3.124694586,0
62,1,1,-0.011011124,-0.599730730,2.553771973,0.000839240,0.053741455,0.053741455,3.175048590,0
63,1,1,-0.011011124,-0.599733472,2.554611206,0.000839238,0.054580688,0.054580688,3.224487066,0
64,1,1,-0.011011124,-0.599735856,2.555450439,0.000839237,0.055419922,0.055419922,3.274841070,0
65,1,1,-0.011011124,-0.599738359,2.556289673,0.000839237,0.056259155,0.056259155,3.325195074,0
66,1,1,-0.011013031,-0.599740982,2.557113647,0.000823981,0.057083130,0.057083130,3.375548840,0
67,1,1,-0.011013031,-0.599743724,2.557952881,0.000839238,0.057922363,0.057922363,3.424987316,0
68,1,1,-0.011013031,-0.599747956,2.558761597,0.000808727,0.058746338,0.058746338,3.475341320,0
69,1,1,-0.011011124,-0.599749327,2.559585571,0.000823978,0.059570313,0.059570313,3.524780035,0
70,1,1,-0.011011124,-0.599753976,2.560409546,0.000823988,0.060394287,0.060394287,3.574218273,0
71,1,1,-0.011011124,-0.599755108,2.561233521,0.000823975,0.061218262,0.061218262,3.623656988,0
72,1,1,-0.011011124,-0.599759996,2.562057495,0.000823989,0.062042236,0.062042236,3.673095226,0
73,1,1,-0.011011124,-0.599762857,2.562881470,0.000823980,0.062866211,0.062866211,3.722533941,0
74,1,1,-0.011009216,-0.599763811,2.563705444,0.000823977,0.063690186,0.063690186,3.771972418,0
75,1,1,-0.011009216,-0.599768877,2.564529419,0.000823990,0.064514160,0.064514160,3.821410418,0
76,1,1,-0.011009216,-0.599771738,2.565353394,0.000823980,0.065338135,0.065338135,3.870849371,0
77,1,1,-0.011009216,-0.599774718,2.566162109,0.000808721,0.066146851,0.066146851,3.920287848,0
78,1,1,-0.011011124,-0.599775195,2.567001343,0.000839236,0.066970825,0.066970825,3.968810797,0
79,1,1,-0.011011124,-0.599780440,2.567794800,0.000793474,0.067779541,0.067779541,4.018249035,0
80,1,1,-0.011011124,-0.599783182,2.568603516,0.000808720,0.068588257,0.068588257,4.066772461,0
81,1,1,-0.011011124,-0.599785805,2.569412231,0.000808720,0.069396973,0.069396973,4.115295410,0
82,1,1,-0.011011124,-0.599788547,2.570220947,0.000808720,0.070205688,0.070205688,4.163818359,0
83,1,1,-0.011011124,-0.599791288,2.571029663,0.000808720,0.071014404,0.071014404,4.212341309,0
84,1,1,-0.011011124,-0.599793911,2.571838379,0.000808720,0.071823120,0.071823120,4.260864258,0
85,1,1,-0.011011124,-0.599796534,2.572647095,0.000808720,0.072631836,0.072631836,4.309387207,0
86,1,1,-0.011011124,-0.599799395,2.573455811,0.000808721,0.073440552,0.073440552,4.357910156,0
87,1,1,-0.011011124,-0.599801898,2.574264526,0.000808720,0.074249268,0.074249268,4.406433105,0
88,1,1,-0.011011124,-0.599801898,2.575057983,0.000793457,0.075042725,0.075042725,4.454956055,0
89,1,1,-0.011011124,-0.599807143,2.575866699,0.000808733,0.075851440,0.075851440,4.502563000,0
90,1,1,-0.011011124,-0.599809647,2.576660156,0.000793461,0.076644897,0.076644897,4.551086426,0
91,1,1,-0.011011124,-0.599812269,2.577453613,0.000793461,0.077438354,0.077438354,4.598693371,0
92,1,1,-0.011011124,-0.599814773,2.578262329,0.000808720,0.078247070,0.078247070,4.646300793,0
93,1,1,-0.011011124,-0.599817395,2.579055786,0.000793461,0.079040527,0.079040527,4.694823742,0
94,1,1,-0.011011124,-0.599819899,2.579849243,0.000793461,0.079833984,0.079833984,4.742431164,0
95,1,1,-0.011013031,-0.599822402,2.580642700,0.000793463,0.080627441,0.080627441,4.790038586,0
96,1,1,-0.011013031,-0.599825025,2.581436157,0.000793461,0.081420898,0.081420898,4.837646008,0
97,1,1,-0.011013031,-0.599827528,2.582214355,0.000778202,0.082199097,0.082199097,4.885253429,0
98,1,1,-0.011013031,-0.599830031,2.583007813,0.000793461,0.082992554,0.082992554,4.931945324,0
99,1,1,-0.011013031,-0.599832654,2.583801270,0.000793461,0.083786011,0.083786011,4.979552746,0
100,1,1,-0.011013031,-0.599835038,2.584579468,0.000778202,0.084564209,0.084564209,5.027160168,0
101,1,1,-0.011013031,-0.599837661,2.585372925,0.000793461,0.085357666,0.085357666,5.073852062,0
102,1,1,-0.011013031,-0.599840164,2.586151123,0.000778202,0.086135864,0.086135864,5.121459484,0
103,1,1,-0.011013031,-0.599842668,2.586929321,0.000778202,0.086914063,0.086914063,5.168151379,0
104,1,1,-0.011013031,-0.599845290,2.587722778,0.000793461,0.087707520,0.087707520,5.214843273,0
105,1,1,-0.011011124,-0.599847794,2.588500977,0.000778205,0.088485718,0.088485718,5.262450695,0
106,1,1,-0.011013031,-0.599850416,2.589279175,0.000778205,0.089263916,0.089263916,5.309142590,0
107,1,1,-0.011013031,-0.599852920,2.590057373,0.000778202,0.090042114,0.090042114,5.355834484,0
108,1,1,-0.011013031,-0.599855423,2.590820313,0.000762944,0.090805054,0.090805054,5.402526379,0
109,1,1,-0.011013031,-0.599857926,2.591598511,0.000778202,0.091583252,0.091583252,5.448302746,0
110,1,1,-0.011013031,-0.599860430,2.592376709,0.000778202,0.092361450,0.092361450,5.494994640,0
111,1,1,-0.011013031,-0.599862933,2.593154907,0.000778202,0.093124390,0.093124390,5.541686535,0
112,1,1,-0.011011124,-0.599865556,2.593933105,0.000778205,0.093902588,0.093902588,5.587462902,0
113,1,1,-0.011013031,-0.599868059,2.594680786,0.000747687,0.094665527,0.094665527,5.634154797,0
114,1,1,-0.011011124,-0.599868655,2.595458984,0.000778201,0.095443726,0.095443726,5.679931164,0
115,1,1,-0.011011124,-0.599873066,2.596221924,0.000762952,0.096206665,0.096206665,5.726622581,0
116,1,1,-0.011011124,-0.599875689,2.596984863,0.000762944,0.096969604,0.096969604,5.772399426,0
117,1,1,-0.011011124,-0.599878073,2.597747803,0.000762943,0.097732544,0.097732544,5.818175793,0
118,1,1,-0.011009216,-0.599880695,2.598510742,0.000762946,0.098495483,0.098495483,5.863952160,0
119,1,1,-0.011011124,-0.599883020,2.599273682,0.000762945,0.099258423,0.099258423,5.909728527,0
120,1,1,-0.011011124,-0.599885702,2.600036621,0.000762944,0.100021362,0.100021362,5.955504894,0
121,1,1,-0.011011124,-0.599888146,2.600799561,0.000762943,0.100784302,0.100784302,6.001281261,0
122,1,1,-0.011011124,-0.599890649,2.601547241,0.000747685,0.101531982,0.101531982,6.047057629,0
123,1,1,-0.011011124,-0.599893093,2.602310181,0.000762943,0.102294922,0.102294922,6.091918468,0
124,1,1,-0.011011124,-0.599895656,2.603073120,0.000762944,0.103057861,0.103057861,6.137694836,0
125,1,1,-0.011011124,-0.599898100,2.603820801,0.000747685,0.103805542,0.103805542,6.183471203,0
126,1,1,-0.011009216,-0.599900484,2.604568481,0.000747687,0.104553223,0.104553223,6.228332043,0
127,1,1,-0.011011124,-0.599903047,2.605331421,0.000762946,0.105316162,0.105316162,6.273192883,0
128,1,1,-0.011011124,-0.599905550,2.606079102,0.000747685,0.106063843,0.106063843,6.318969250,0
129,1,1,-0.011009216,-0.599907935,2.606826782,0.000747687,0.106811523,0.106811523,6.363830090,0
130,1,1,-0.011011124,-0.599910378,2.607574463,0.000747687,0.107559204,0.107559204,6.408690929,0
131,1,1,-0.011011124,-0.599912763,2.608322144,0.000747684,0.108306885,0.108306885,6.453551769,0
132,1,1,-0.011009216,-0.599915326,2.609069824,0.000747688,0.109054565,0.109054565,6.498412609,0
133,1,1,-0.011013031,-0.599917293,2.609802246,0.000732434,0.109786987,0.109786987,6.543273449,0
134,1,1,-0.011013031,-0.599920154,2.610549927,0.000747686,0.110534668,0.110534668,6.587218761,0
135,1,1,-0.011013031,-0.599922538,2.611297607,0.000747684,0.111282349,0.111282349,6.632079601,0
136,1,1,-0.011013031,-0.599924862,2.612030029,0.000732426,0.112014771,0.112014771,6.676940441,0
137,1,1,-0.011011124,-0.599927306,2.612777710,0.000747687,0.112762451,0.112762451,6.720885754,0
138,1,1,-0.011013031,-0.599929810,2.613525391,0.000747687,0.113494873,0.113494873,6.765746593,0
139,1,1,-0.011013031,-0.599932134,2.614257813,0.000732426,0.114227295,0.114227295,6.809691906,0
140,1,1,-0.011011124,-0.599934578,2.614990234,0.000732428,0.114974976,0.114974976,6.853637218,0
141,1,1,-0.011013031,-0.599936962,2.615722656,0.000732428,0.115707397,0.115707397,6.898498058,0
142,1,1,-0.011013031,-0.599939406,2.616455078,0.000732426,0.116439819,0.116439819,6.942443371,0
143,1,1,-0.011013031,-0.599941850,2.617187500,0.000732426,0.117172241,0.117172241,6.986388683,0
144,1,1,-0.011011124,-0.599944174,2.617919922,0.000732428,0.117904663,0.117904663,7.030333996,0
145,1,1,-0.011013031,-0.599946499,2.618637085,0.000717169,0.118621826,0.118621826,7.074279308,0
146,1,1,-0.011013031,-0.599948943,2.619369507,0.000732426,0.119354248,0.119354248,7.117309093,0
147,1,1,-0.011013031,-0.599951327,2.620101929,0.000732426,0.120086670,0.120086670,7.161254406,0
148,1,1,-0.011011124,-0.599953711,2.620819092,0.000717170,0.120803833,0.120803833,7.205199718,0
149,1,1,-0.011013031,-0.599956095,2.621551514,0.000732428,0.121536255,0.121536255,7.248229504,0
150,1,1,-0.011013031,-0.599958420,2.622268677,0.000717167,0.122253418,0.122253418,7.292174816,0
151,1,1,-0.011013031,-0.599961758,2.623001099,0.000732430,0.122985840,0.122985840,7.335204601,0
152,1,1,-0.011013031,-0.599963188,2.623718262,0.000717165,0.123703003,0.123703003,7.379149914,0
153,1,1,-0.011011124,-0.599965572,2.624435425,0.000717170,0.124420166,0.124420166,7.422179699,0
154,1,1,-0.011011124,-0.599967837,2.625152588,0.000717167,0.125137329,0.125137329,7.465209484,0
155,1,1,-0.011013031,-0.599970222,2.625869751,0.000717170,0.125854492,0.125854492,7.508239269,0
156,1,1,-0.011013031,-0.599972606,2.626586914,0.000717167,0.126571655,0.126571655,7.551269054,0
157,1,1,-0.011013031,-0.599974871,2.627304077,0.000717167,0.127288818,0.127288818,7.594298840,0
158,1,1,-0.011011124,-0.599977255,2.628021240,0.000717170,0.128005981,0.128005981,7.637328625,0
159,1,1,-0.011013031,-0.599979520,2.628723145,0.000701911,0.128707886,0.128707886,7.680358410,0
160,1,1,-0.011013031,-0.599981904,2.629440308,0.000717167,0.129425049,0.129425049,7.722472668,0
161,1,1,-0.011013031,-0.599984169,2.630157471,0.000717167,0.130126953,0.130126953,7.765502453,0
162,1,1,-0.011013031,-0.599986553,2.630859375,0.000701908,0.130844116,0.130844116,7.807616711,0
163,1,1,-0.011011124,-0.599988818,2.631561279,0.000701911,0.131546021,0.131546021,7.850646496,0
164,1,1,-0.011011124,-0.599991202,2.632278442,0.000717167,0.132263184,0.132263184,7.892760754,0
165,1,1,-0.011013031,-0.599993467,2.632980347,0.000701911,0.132965088,0.132965088,7.935790539,0
166,1,1,-0.011013031,-0.599995732,2.633682251,0.000701908,0.133666992,0.133666992,7.977904797,0
167,1,1,-0.011013031,-0.599998116,2.634384155,0.000701908,0.134368896,0.134368896,8.020019531,0
168,1,1,-0.011013031,-0.600000381,2.635086060,0.000701908,0.135070801,0.135070801,8.062133789,0
169,1,1,-0.011011124,-0.600002646,2.635787964,0.000701911,0.135772705,0.135772705,8.104248047,0
170,1,1,-0.011011124,-0.600005031,2.636489868,0.000701908,0.136474609,0.136474609,8.146362305,0
171,1,1,-0.011013031,-0.600007296,2.637191772,0.000701911,0.137176514,0.137176514,8.188476563,0
172,1,1,-0.011013031,-0.600009441,2.637878418,0.000686649,0.137863159,0.137863159,8.230590820,0
173,1,1,-0.011013031,-0.600011826,2.638580322,0.000701908,0.138565063,0.138565063,8.271789551,0
174,1,1,-0.011013031,-0.600014091,2.639282227,0.000701908,0.139266968,0.139266968,8.313903809,0
175,1,1,-0.011011124,-0.600016356,2.639968872,0.000686652,0.139953613,0.139953613,8.356018066,0
176,1,1,-0.011011124,-0.600018620,2.640655518,0.000686649,0.140640259,0.140640259,8.397216797,0
177,1,1,-0.011011124,-0.600020885,2.641357422,0.000701908,0.141342163,0.141342163,8.438415527,0
178,1,1,-0.011011124,-0.600023150,2.642044067,0.000686649,0.142028809,0.142028809,8.480529785,0
179,1,1,-0.011013031,-0.600025415,2.642730713,0.000686652,0.142715454,0.142715454,8.521728516,0
180,1,1,-0.011013031,-0.600027561,2.643417358,0.000686649,0.143402100,0.143402100,8.562927246,0
181,1,1,-0.011013031,-0.600029945,2.644119263,0.000701908,0.144088745,0.144088745,8.604125977,0
182,1,1,-0.011013031,-0.600032091,2.644790649,0.000671390,0.144775391,0.144775391,8.645324707,0
183,1,1,-0.011013031,-0.600034356,2.645477295,0.000686649,0.145462036,0.145462036,8.686523438,0
184,1,1,-0.011011124,-0.600036621,2.646163940,0.000686652,0.146148682,0.146148682,8.727722168,0
185,1,1,-0.011011124,-0.600038886,2.646850586,0.000686649,0.146835327,0.146835327,8.768920898,0
186,1,1,-0.011011124,-0.600041151,2.647521973,0.000671391,0.147506714,0.147506714,8.810119629,0
187,1,1,-0.011011124,-0.600043297,2.648208618,0.000686649,0.148193359,0.148193359,8.850402832,0
188,1,1,-0.011011124,-0.600045562,2.648880005,0.000671391,0.148864746,0.148864746,8.891601563,0
189,1,1,-0.011011124,-0.600047827,2.649566650,0.000686649,0.149551392,0.149551392,8.931884766,0
190,1,1,-0.011013031,-0.600049973,2.650238037,0.000671393,0.150222778,0.150222778,8.973083496,0
191,1,1,-0.011013031,-0.600052238,2.650909424,0.000671391,0.150894165,0.150894165,9.013366699,0
192,1,1,-0.011013031,-0.600054383,2.651596069,0.000686649,0.151580811,0.151580811,9.053649902,0
193,1,1,-0.011013031,-0.600056648,2.652267456,0.000671391,0.152252197,0.152252197,9.094848633,0
194,1,1,-0.011013031,-0.600058794,2.652938843,0.000671390,0.152923584,0.152923584,9.135131836,0
195,1,1,-0.011014938,-0.600063622,2.653610229,0.000671407,0.153594971,0.153594971,9.175414085,0
196,1,1,-0.011014938,-0.600063205,2.654281616,0.000671387,0.154266357,0.154266357,9.215698242,0
197,1,1,-0.011014938,-0.600065351,2.654937744,0.000656131,0.154922485,0.154922485,9.255980492,0
198,1,1,-0.011014938,-0.600067616,2.655609131,0.000671391,0.155593872,0.155593872,9.295348167,0
199,1,1,-0.011014938,-0.600069761,2.656280518,0.000671390,0.156265259,0.156265259,9.335631371,0
200,1,1,-0.011014938,-0.600071907,2.656951904,0.000671390,0.156921387,0.156921387,9.375914574,0
201,1,1,-0.011014938,-0.600074172,2.657608032,0.000656132,0.157592773,0.157592773,9.415282249,0
202,1,1,-0.011014938,-0.600076318,2.658264160,0.000656131,0.158248901,0.158248901,9.455565453,0
203,1,1,-0.011014938,-0.600078464,2.658935547,0.000671390,0.158920288,0.158920288,9.494933128,0
204,1,1,-0.011014938,-0.600080609,2.659591675,0.000656131,0.159576416,0.159576416,9.535216331,0
205,1,1,-0.011014938,-0.600082755,2.660247803,0.000656131,0.160232544,0.160232544,9.574584007,0
206,1,1,-0.011014938,-0.600084901,2.660919189,0.000671390,0.160903931,0.160903931,9.613951683,0
207,1,1,-0.011014938,-0.600087166,2.661575317,0.000656132,0.161560059,0.161560059,9.654234886,0
208,1,1,-0.011014938,-0.600089312,2.662231445,0.000656131,0.162216187,0.162216187,9.693602562,0
209,1,1,-0.011014938,-0.600091457,2.662887573,0.000656131,0.162872314,0.162872314,9.732970238,0
210,1,1,-0.011014938,-0.600093603,2.663543701,0.000656131,0.163528442,0.163528442,9.772337914,0
211,1,1,-0.011014938,-0.600095630,2.664184570,0.000640872,0.164169312,0.164169312,9.811705589,0
212,1,1,-0.011014938,-0.600097775,2.664840698,0.000656131,0.164825439,0.164825439,9.850157738,0
213,1,1,-0.011014938,-0.600099921,2.665496826,0.000656131,0.165481567,0.165481567,9.889525414,0
214,1,1,-0.011014938,-0.600102067,2.666137695,0.000640873,0.166122437,0.166122437,9.928893089,0
215,1,1,-0.011014938,-0.600104213,2.666793823,0.000656131,0.166778564,0.166778564,9.967345238,0
216,1,1,-0.011014938,-0.600106239,2.667434692,0.000640872,0.167419434,0.167419434,10.006712914,0
217,1,1,-0.011014938,-0.600108504,2.668106079,0.000671391,0.168075562,0.168075562,10.045165062,0
218,1,1,-0.011014938,-0.600110531,2.668731689,0.000625614,0.168716431,0.168716431,10.084532738,0
219,1,1,-0.011014938,-0.600112677,2.669372559,0.000640873,0.169357300,0.169357300,10.122984886,0
220,1,1,-0.011014938,-0.600114822,2.670028687,0.000656131,0.170013428,0.170013428,10.161437035,0
221,1,1,-0.011013031,-0.600116968,2.670669556,0.000640876,0.170654297,0.170654297,10.200804710,0
222,1,1,-0.011013031,-0.600118995,2.671310425,0.000640872,0.171295166,0.171295166,10.239256859,0
223,1,1,-0.011013031,-0.600121140,2.671951294,0.000640873,0.171936035,0.171936035,10.277709007,0
224,1,1,-0.011013031,-0.600123286,2.672592163,0.000640873,0.172576904,0.172576904,10.316161156,0
225,1,1,-0.011013031,-0.600125313,2.673217773,0.000625614,0.173202515,0.173202515,10.354613304,0
226,1,1,-0.011013031,-0.600127339,2.673858643,0.000640872,0.173843384,0.173843384,10.392149925,0
227,1,1,-0.011013031,-0.600129485,2.674499512,0.000640873,0.174484253,0.174484253,10.430602074,0
228,1,1,-0.011013031,-0.600131512,2.675140381,0.000640872,0.175125122,0.175125122,10.469054222,0
229,1,1,-0.011014938,-0.600133538,2.675765991,0.000625617,0.175750732,0.175750732,10.507506371,0
230,1,1,-0.011014938,-0.600135684,2.676406860,0.000640873,0.176391602,0.176391602,10.545042992,0
231,1,1,-0.011014938,-0.600137711,2.677032471,0.000625614,0.177017212,0.177017212,10.583495140,0
232,1,1,-0.011014938,-0.600139737,2.677658081,0.000625614,0.177642822,0.177642822,10.621031761,0
233,1,1,-0.011013031,-0.600141883,2.678314209,0.000656134,0.178283691,0.178283691,10.658568382,0
234,1,1,-0.011013031,-0.600143909,2.678924561,0.000610355,0.178909302,0.178909302,10.697020531,0
235,1,1,-0.011013031,-0.600145936,2.679550171,0.000625614,0.179534912,0.179534912,10.734557152,0
236,1,1,-0.011013031,-0.600148082,2.680175781,0.000625614,0.180160522,0.180160522,10.772093773,0
237,1,1,-0.011013031,-0.600150108,2.680801392,0.000625614,0.180786133,0.180786133,10.809630394,0
238,1,1,-0.011013031,-0.600152135,2.681427002,0.000625614,0.181411743,0.181411743,10.847167015,0
239,1,1,-0.011014938,-0.600154161,2.682052612,0.000625617,0.182037354,0.182037354,10.884703636,0
240,1,1,-0.011014938,-0.600156188,2.682678223,0.000625614,0.182662964,0.182662964,10.922240257,0
241,1,1,-0.011013031,-0.600158215,2.683288574,0.000610358,0.183273315,0.183273315,10.959776878,0
242,1,1,-0.011013031,-0.600160241,2.683914185,0.000625614,0.183898926,0.183898926,10.996397972,0
243,1,1,-0.011013031,-0.600162268,2.684539795,0.000625614,0.184524536,0.184524536,11.033934593,0
244,1,1,-0.011013031,-0.600164294,2.685150146,0.000610355,0.185134888,0.185134888,11.071471214,0
245,1,1,-0.011013031,-0.600166321,2.685775757,0.000625614,0.185760498,0.185760498,11.108092308,0
246,1,1,-0.011014938,-0.600168347,2.686386108,0.000610358,0.186370850,0.186370850,11.145628929,0
247,1,1,-0.011014938,-0.600170374,2.686996460,0.000610355,0.186981201,0.186981201,11.182250023,0
248,1,1,-0.011013031,-0.600172400,2.687622070,0.000625617,0.187606812,0.187606812,11.218871117,0
249,1,1,-0.011013031,-0.600174427,2.688232422,0.000610355,0.188217163,0.188217163,11.256407738,0
250,1,1,-0.011013031,-0.600176454,2.688842773,0.000610355,0.188827515,0.188827515,11.293028831,0
251,1,1,-0.011013031,-0.600178480,2.689453125,0.000610355,0.189437866,0.189437866,11.329649925,0
252,1,1,-0.011014938,-0.600180387,2.690063477,0.000610357,0.190048218,0.190048218,11.366271019,0
253,1,1,-0.011013031,-0.600182414,2.690673828,0.000610358,0.190658569,0.190658569,11.402892113,0
254,1,1,-0.011013031,-0.600184441,2.691284180,0.000610355,0.191268921,0.191268921,11.439513206,0
255,1,1,-0.011013031,-0.600186467,2.691894531,0.000610355,0.191879272,0.191879272,11.476134300,0
256,1,1,-0.011013031,-0.600188375,2.692489624,0.000595096,0.192474365,0.192474365,11.512755394,0
257,1,1,-0.011014938,-0.600190282,2.693099976,0.000610357,0.193084717,0.193084717,11.548460960,0
258,1,1,-0.011013031,-0.600192308,2.693710327,0.000610358,0.193695068,0.193695068,11.585082054,0
259,1,1,-0.011013031,-0.600194335,2.694305420,0.000595096,0.194290161,0.194290161,11.621703148,0
260,1,1,-0.011013031,-0.600196242,2.694915771,0.000610355,0.194900513,0.194900513,11.657408714,0
261,1,1,-0.011013031,-0.600198269,2.695510864,0.000595096,0.195495605,0.195495605,11.694029808,0
262,1,1,-0.011014938,-0.600200176,2.696105957,0.000595099,0.196090698,0.196090698,11.729735374,0
263,1,1,-0.011013031,-0.600202203,2.696716309,0.000610358,0.196685791,0.196685791,11.765440941,0
264,1,1,-0.011013031,-0.600204110,2.697311401,0.000595096,0.197296143,0.197296143,11.801146507,0
265,1,1,-0.011013031,-0.600206137,2.697906494,0.000595096,0.197891235,0.197891235,11.837767601,0
266,1,1,-0.011011124,-0.600207090,2.698501587,0.000595097,0.198486328,0.198486328,11.873473167,0
267,1,1,-0.011011124,-0.600210011,2.699096680,0.000595100,0.199081421,0.199081421,11.909178734,0
268,1,1,-0.011013031,-0.600211918,2.699691772,0.000595099,0.199676514,0.199676514,11.944884300,0
269,1,1,-0.011011124,-0.600213885,2.700286865,0.000595099,0.200271606,0.200271606,11.980589867,0
270,1,1,-0.011011124,-0.600215793,2.700866699,0.000579837,0.200851440,0.200851440,12.016295433,0
271,1,1,-0.011011124,-0.600217760,2.701461792,0.000595096,0.201446533,0.201446533,12.051085472,0
272,1,1,-0.011013031,-0.600219667,2.702056885,0.000595099,0.202041626,0.202041626,12.086791039,0
273,1,1,-0.011011124,-0.600221634,2.702651978,0.000595099,0.202636719,0.202636719,12.122496605,0
274,1,1,-0.011011124,-0.600223541,2.703231812,0.000579837,0.203216553,0.203216553,12.158202171,0
275,1,1,-0.011011124,-0.600225508,2.703826904,0.000595096,0.203811646,0.203811646,12.192992210,0
276,1,1,-0.011013031,-0.600227416,2.704406738,0.000579840,0.204391479,0.204391479,12.228697777,0
277,1,1,-0.011011124,-0.600229323,2.704986572,0.000579840,0.204971313,0.204971313,12.263487816,0
278,1,1,-0.011011124,-0.600231230,2.705581665,0.000595096,0.205566406,0.205566406,12.298277855,0
279,1,1,-0.011011124,-0.600233078,2.706161499,0.000579837,0.206146240,0.206146240,12.333983421,0
280,1,1,-0.011011124,-0.600235045,2.706741333,0.000579837,0.206726074,0.206726074,12.368773460,0
281,1,1,-0.011011124,-0.600236952,2.707321167,0.000579837,0.207305908,0.207305908,12.403563499,0
282,1,1,-0.011011124,-0.600238860,2.707901001,0.000579837,0.207885742,0.207885742,12.438353539,0
283,1,1,-0.011013031,-0.600240767,2.708480835,0.000579840,0.208465576,0.208465576,12.473143578,0
284,1,1,-0.011011124,-0.600242615,2.709060669,0.000579840,0.209045410,0.209045410,12.507933617,0
285,1,1,-0.011011124,-0.600244522,2.709640503,0.000579837,0.209625244,0.209625244,12.542723656,0
286,1,1,-0.011013031,-0.600246429,2.710220337,0.000579840,0.210205078,0.210205078,12.577513695,0
287,1,1,-0.011011124,-0.600248218,2.710784912,0.000564581,0.210769653,0.210769653,12.612303734,0
288,1,1,-0.011011124,-0.600250185,2.711364746,0.000579837,0.211349487,0.211349487,12.646178246,0
289,1,1,-0.011011124,-0.600252092,2.711944580,0.000579837,0.211929321,0.211929321,12.680968285,0
290,1,1,-0.011011124,-0.600253940,2.712524414,0.000579837,0.212493896,0.212493896,12.715758324,0
291,1,1,-0.011011124,-0.600255847,2.713088989,0.000564578,0.213073730,0.213073730,12.749632835,0
292,1,1,-0.011011124,-0.600257635,2.713653564,0.000564578,0.213638306,0.213638306,12.784422874,0
293,1,1,-0.011011124,-0.600259483,2.714218140,0.000564578,0.214202881,0.214202881,12.818297386,0
294,1,1,-0.011011124,-0.600261390,2.714797974,0.000579837,0.214782715,0.214782715,12.852171898,0
295,1,1,-0.011011124,-0.600263238,2.715362549,0.000564578,0.215347290,0.215347290,12.886961937,0
296,1,1,-0.011011124,-0.600265086,2.715927124,0.000564578,0.215911865,0.215911865,12.920836449,0
297,1,1,-0.011011124,-0.600266993,2.716491699,0.000564578,0.216476440,0.216476440,12.954710960,0
298,1,1,-0.011011124,-0.600268781,2.717056274,0.000564578,0.217041016,0.217041016,12.988585472,0
299,1,1,-0.011011124,-0.600270629,2.717620850,0.000564578,0.217605591,0.217605591,13.022459984,0
300,1,1,-0.011011124,-0.600272477,2.718185425,0.000564578,0.218170166,0.218170166,13.056334496,0
301,1,1,-0.011011124,-0.600274324,2.718750000,0.000564578,0.218734741,0.218734741,13.090209007,0
302,1,1,-0.011011124,-0.600276172,2.719314575,0.000564578,0.219299316,0.219299316,13.124083519,0
303,1,1,-0.011011124,-0.600278020,2.719879150,0.000564578,0.219848633,0.219848633,13.157958031,0
304,1,1,-0.011013031,-0.600279868,2.720428467,0.000549323,0.220413208,0.220413208,13.190917015,0
305,1,1,-0.011011124,-0.600281656,2.720993042,0.000564581,0.220977783,0.220977783,13.224791527,0
306,1,1,-0.011011124,-0.600283444,2.721542358,0.000549319,0.221527100,0.221527100,13.258666039,0
307,1,1,-0.011011124,-0.600285292,2.722106934,0.000564578,0.222091675,0.222091675,13.291625023,0
308,1,1,-0.011011124,-0.600287139,2.722656250,0.000549319,0.222640991,0.222640991,13.325499535,0
309,1,1,-0.011011124,-0.600288928,2.723220825,0.000564578,0.223205566,0.223205566,13.358458519,0
310,1,1,-0.011011124,-0.600290775,2.723770142,0.000549319,0.223754883,0.223754883,13.392333031,0
311,1,1,-0.011011124,-0.600292563,2.724319458,0.000549319,0.224304199,0.224304199,13.425292015,0
312,1,1,-0.011011124,-0.600294411,2.724868774,0.000549319,0.224853516,0.224853516,13.458250999,0
313,1,1,-0.011011124,-0.600296199,2.725418091,0.000549319,0.225402832,0.225402832,13.491209984,0
314,1,1,-0.011011124,-0.600297987,2.725967407,0.000549319,0.225952148,0.225952148,13.524168968,0
315,1,1,-0.011011124,-0.600299776,2.726516724,0.000549319,0.226501465,0.226501465,13.557127953,0
316,1,1,-0.011011124,-0.600301564,2.727066040,0.000549319,0.227050781,0.227050781,13.590086937,0
317,1,1,-0.011011124,-0.600303352,2.727615356,0.000549319,0.227600098,0.227600098,13.623045921,0
318,1,1,-0.011011124,-0.600305140,2.728164673,0.000549319,0.228149414,0.228149414,13.656004906,0
319,1,1,-0.011011124,-0.600306928,2.728713989,0.000549319,0.228698730,0.228698730,13.688963890,0
320,1,1,-0.011011124,-0.600308776,2.729263306,0.000549319,0.229248047,0.229248047,13.721922874,0
321,1,1,-0.011011124,-0.600310504,2.729797363,0.000534060,0.229782104,0.229782104,13.754881859,0
322,1,1,-0.011011124,-0.600312293,2.730346680,0.000549319,0.230331421,0.230331421,13.786925316,0
323,1,1,-0.011011124,-0.600314021,2.730880737,0.000534060,0.230865479,0.230865479,13.819884300,0
324,1,1,-0.011011124,-0.600315869,2.731430054,0.000549319,0.231414795,0.231414795,13.851927757,0
325,1,1,-0.011011124,-0.600317597,2.731964111,0.000534060,0.231948853,0.231948853,13.884886742,0
326,1,1,-0.011011124,-0.600319386,2.732513428,0.000549319,0.232498169,0.232498169,13.916930199,0
327,1,1,-0.011011124,-0.600321174,2.733047485,0.000534061,0.233032227,0.233032227,13.949889183,0
328,1,1,-0.011011124,-0.600322902,2.733581543,0.000534060,0.233566284,0.233566284,13.981932640,0
329,1,1,-0.011011124,-0.600324631,2.734115601,0.000534060,0.234100342,0.234100342,14.013976097,0
330,1,1,-0.011011124,-0.600326419,2.734649658,0.000534061,0.234634399,0.234634399,14.046019554,0
331,1,1,-0.011011124,-0.600328147,2.735183716,0.000534060,0.235168457,0.235168457,14.078063011,0
332,1,1,-0.011011124,-0.600329936,2.735717773,0.000534061,0.235702515,0.235702515,14.110106468,0
333,1,1,-0.011011124,-0.600331664,2.736251831,0.000534060,0.236236572,0.236236572,14.142149925,0
334,1,1,-0.011011124,-0.600333393,2.736785889,0.000534060,0.236770630,0.236770630,14.174193382,0
335,1,1,-0.011011124,-0.600335121,2.737319946,0.000534060,0.237304688,0.237304688,14.206236839,0
336,1,1,-0.011011124,-0.600336850,2.737854004,0.000534060,0.237838745,0.237838745,14.238280296,0
337,1,1,-0.011011124,-0.600338578,2.738372803,0.000518802,0.238357544,0.238357544,14.270323753,0
338,1,1,-0.011011124,-0.600340307,2.738906860,0.000534060,0.238891602,0.238891602,14.301451683,0
339,1,1,-0.011011124,-0.600342095,2.739440918,0.000534061,0.239425659,0.239425659,14.333495140,0
340,1,1,-0.011011124,-0.600343764,2.739959717,0.000518802,0.239944458,0.239944458,14.365538597,0
341,1,1,-0.011011124,-0.600345552,2.740493774,0.000534061,0.240478516,0.240478516,14.396666527,0
342,1,1,-0.011011124,-0.600347221,2.741012573,0.000518802,0.240997314,0.240997314,14.428709984,0
343,1,1,-0.011013031,-0.600348949,2.741531372,0.000518805,0.241516113,0.241516113,14.459837914,0
344,1,1,-0.011013031,-0.600350678,2.742065430,0.000534060,0.242050171,0.242050171,14.490965843,0
345,1,1,-0.011013031,-0.600352347,2.742584229,0.000518802,0.242568970,0.242568970,14.523009300,0
346,1,1,-0.011013031,-0.600354075,2.743103027,0.000518802,0.243087769,0.243087769,14.554137230,0
347,1,1,-0.011013031,-0.600355804,2.743621826,0.000518802,0.243606567,0.243606567,14.585265160,0
348,1,1,-0.011013031,-0.600357473,2.744140625,0.000518802,0.244125366,0.244125366,14.616393089,0
349,1,1,-0.011013031,-0.600359142,2.744659424,0.000518802,0.244644165,0.244644165,14.647521019,0
350,1,1,-0.011013031,-0.600360870,2.745178223,0.000518802,0.245162964,0.245162964,14.678648949,0
351,1,1,-0.011013031,-0.600362539,2.745697021,0.000518802,0.245681763,0.163376078,14.709776878,0
352,1,1,-0.011013031,-0.600364208,2.746215820,0.000518802,0.246200562,0.163727030,14.740904808,0
353,1,1,-0.011013031,-0.600365937,2.746734619,0.000518802,0.246719360,0.164062724,14.772032738,0
354,1,1,-0.011013031,-0.600367665,2.747253418,0.000518802,0.247238159,0.164413676,14.803160667,0
355,1,1,-0.011013031,-0.600369275,2.747756958,0.000503543,0.247741699,0.164749369,14.834288597,0
356,1,1,-0.011013031,-0.600371003,2.748275757,0.000518802,0.248260498,0.165100321,14.864500999,0
357,1,1,-0.011013031,-0.600372732,2.748794556,0.000518802,0.248779297,0.165436015,14.895628929,0
358,1,1,-0.011013031,-0.600374341,2.749298096,0.000503543,0.249282837,0.165771708,14.926756859,0
359,1,1,-0.011013031,-0.600376010,2.749801636,0.000503543,0.249786377,0.166107401,14.956969261,0
360,1,1,-0.011011124,-0.600377679,2.750320435,0.000518805,0.250305176,0.166458353,14.987181664,0
361,1,1,-0.011013031,-0.600379288,2.750823975,0.000503546,0.250808716,0.166794047,15.018309593,0
362,1,1,-0.011013031,-0.600381017,2.751342773,0.000518802,0.251327515,0.167129740,15.048521996,0
363,1,1,-0.011013031,-0.600382686,2.751846313,0.000503543,0.251831055,0.167465433,15.079649925,0
364,1,1,-0.011013031,-0.600384295,2.752349854,0.000503543,0.252334595,0.167801127,15.109862328,0
365,1,1,-0.011013031,-0.600386024,2.752853394,0.000503543,0.252838135,0.168136820,15.140074730,0
366,1,1,-0.011013031,-0.600387633,2.753356934,0.000503543,0.253341675,0.168487772,15.170287132,0
367,1,1,-0.011011124,-0.600389302,2.753860474,0.000503546,0.253845215,0.168808222,15.200499535,0
368,1,1,-0.011013031,-0.600390971,2.754364014,0.000503546,0.254348755,0.169128656,15.230711937,0
369,1,1,-0.011013031,-0.600392640,2.754867554,0.000503543,0.254852295,0.169479594,15.260924339,0
370,1,1,-0.011013031,-0.600394249,2.755371094,0.000503543,0.255355835,0.169815287,15.291136742,0
371,1,1,-0.011013031,-0.600395858,2.755874634,0.000503543,0.255859375,0.170150980,15.321349144,0
372,1,1,-0.011013031,-0.600397468,2.756362915,0.000488284,0.256347656,0.170471415,15.351561546,0
373,1,1,-0.011013031,-0.600399137,2.756866455,0.000503543,0.256851196,0.170807123,15.380858421,0
374,1,1,-0.011013031,-0.600400805,2.757369995,0.000503543,0.257354736,0.171142817,15.411070824,0
375,1,1,-0.011013031,-0.600402415,2.757858276,0.000488284,0.257843018,0.171463251,15.441283226,0
376,1,1,-0.011013031,-0.600404024,2.758361816,0.000503543,0.258346558,0.171798944,15.470580101,0
377,1,1,-0.011013031,-0.600405633,2.758850098,0.000488284,0.258834839,0.172134638,15.500792503,0
378,1,1,-0.011013031,-0.600407243,2.759353638,0.000503543,0.259338379,0.172455058,15.530089378,0
379,1,1,-0.011013031,-0.600408852,2.759841919,0.000488284,0.259826660,0.172790766,15.560301781,0
380,1,1,-0.011013031,-0.600410461,2.760330200,0.000488284,0.260314941,0.173111200,15.589598656,0
381,1,1,-0.011013031,-0.600412071,2.760833740,0.000503543,0.260818481,0.173446894,15.618895531,0
382,1,1,-0.011011124,-0.600413740,2.761322021,0.000488288,0.261306763,0.173767328,15.649107933,0
383,1,1,-0.011013031,-0.600415349,2.761810303,0.000488288,0.261795044,0.174087763,15.678404808,0
384,1,1,-0.011013031,-0.600416958,2.762298584,0.000488284,0.262283325,0.174423456,15.707701683,0
385,1,1,-0.011013031,-0.600418568,2.762786865,0.000488284,0.262771606,0.174743891,15.736998558,0
386,1,1,-0.011013031,-0.600420117,2.763275146,0.000488284,0.263259888,0.175079584,15.766295433,0
387,1,1,-0.011013031,-0.600421727,2.763763428,0.000488284,0.263748169,0.175384760,15.795592308,0
388,1,1,-0.011013031,-0.600423336,2.764251709,0.000488284,0.264236450,0.175720453,15.824889183,0
389,1,1,-0.011013031,-0.600424945,2.764739990,0.000488284,0.264724731,0.176040888,15.854186058,0
390,1,1,-0.011011124,-0.600426495,2.765213013,0.000473029,0.265197754,0.176361322,15.883482933,0
391,1,1,-0.011013031,-0.600428104,2.765701294,0.000488288,0.265686035,0.176681757,15.911864281,0
392,1,1,-0.011013031,-0.600429654,2.766189575,0.000488284,0.266174316,0.177002192,15.941161156,0
393,1,1,-0.011011124,-0.600431204,2.766662598,0.000473029,0.266647339,0.177322641,15.970458031,0
394,1,1,-0.011013031,-0.600432754,2.767150879,0.000488287,0.267135620,0.177643061,15.998839378,0
395,1,1,-0.011013031,-0.600434363,2.767623901,0.000473025,0.267608643,0.177963495,16.028137207,0
396,1,1,-0.011011124,-0.600435913,2.768112183,0.000488287,0.268096924,0.178283930,16.056518555,0
397,1,1,-0.011013031,-0.600437522,2.768585205,0.000473029,0.268569946,0.178604364,16.085815430,0
398,1,1,-0.011013031,-0.600439072,2.769073486,0.000488284,0.269058228,0.178924799,16.114196777,0
399,1,1,-0.011011124,-0.600440621,2.769546509,0.000473029,0.269531250,0.179245234,16.143493652,0
400,1,1,-0.011013031,-0.600442171,2.770019531,0.000473029,0.270004272,0.179550424,16.171875000,0
401,1,1,-0.011013031,-0.600443721,2.770492554,0.000473025,0.270477295,0.179870859,16.200256348,0
402,1,1,-0.011011124,-0.600445271,2.770965576,0.000473029,0.270950317,0.180176035,16.228637695,0
403,1,1,-0.011013031,-0.600446939,2.771453857,0.000488288,0.271438599,0.180511713,16.257019043,0
404,1,1,-0.011013031,-0.600448489,2.771926880,0.000473025,0.271911621,0.180816889,16.286315918,0
405,1,1,-0.011013031,-0.600449979,2.772399902,0.000473025,0.272384644,0.181137338,16.314697266,0
406,1,1,-0.011013031,-0.600451469,2.772857666,0.000457766,0.272842407,0.181442514,16.343078613,0
407,1,1,-0.011013031,-0.600453019,2.773330688,0.000473025,0.273315430,0.181762949,16.370544434,0
408,1,1,-0.011013031,-0.600454569,2.773803711,0.000473025,0.273788452,0.182068110,16.398925781,0
409,1,1,-0.011011124,-0.600456119,2.774276733,0.000473029,0.274261475,0.182388544,16.427307129,0
410,1,1,-0.011013031,-0.600457668,2.774749756,0.000473029,0.274734497,0.182693735,16.455688477,0
411,1,1,-0.011013031,-0.600459218,2.775207520,0.000457766,0.275192261,0.182998896,16.484069824,0
412,1,1,-0.011011124,-0.600460768,2.775680542,0.000473029,0.275665283,0.183319345,16.511535645,0
413,1,1,-0.011013031,-0.600462317,2.776153564,0.000473029,0.276138306,0.183639780,16.539916992,0
414,1,1,-0.011013031,-0.600463748,2.776611328,0.000457766,0.276596069,0.183944955,16.568298340,0
415,1,1,-0.011013031,-0.600465298,2.777084351,0.000473025,0.277069092,0.184250131,16.595764160,0
416,1,1,-0.011011124,-0.600466847,2.777542114,0.000457770,0.277526855,0.184555307,16.624145508,0
417,1,1,-0.011013031,-0.600468397,2.777999878,0.000457770,0.277984619,0.184860483,16.651611328,0
418,1,1,-0.011013031,-0.600469887,2.778472900,0.000473025,0.278457642,0.185180917,16.679077148,0
419,1,1,-0.011011124,-0.600471377,2.778930664,0.000457770,0.278915405,0.185470834,16.707458496,0
420,1,1,-0.011011124,-0.600472867,2.779388428,0.000457766,0.279373169,0.185791269,16.734924316,0
421,1,1,-0.011013031,-0.600474358,2.779846191,0.000457770,0.279830933,0.186081186,16.762390137,0
422,1,1,-0.011013031,-0.600475907,2.780303955,0.000457766,0.280288696,0.186401621,16.789855957,0
423,1,1,-0.011011124,-0.600477338,2.780761719,0.000457770,0.280746460,0.186691537,16.817321777,0
424,1,1,-0.011013031,-0.600478888,2.781219482,0.000457770,0.281204224,0.186996713,16.844787598,0
425,1,1,-0.011013031,-0.600478411,2.781677246,0.000457764,0.281661987,0.187317133,16.872253418,0
426,1,1,-0.011013031,-0.600481868,2.782135010,0.000457777,0.282119751,0.187607065,16.899719238,0
427,1,1,-0.011011124,-0.600483298,2.782592773,0.000457770,0.282577515,0.187912256,16.927185059,0
428,1,1,-0.011013031,-0.600484848,2.783050537,0.000457770,0.283035278,0.188217416,16.954650879,0
429,1,1,-0.011013031,-0.600486279,2.783508301,0.000457766,0.283493042,0.188522607,16.982116699,0
430,1,1,-0.011013031,-0.600487828,2.783966064,0.000457766,0.283950806,0.188827768,17.009582520,0
431,1,1,-0.011011124,-0.600489259,2.784408569,0.000442511,0.284393311,0.189132944,17.037048340,0
432,1,1,-0.011013031,-0.600490808,2.784866333,0.000457770,0.284851074,0.189422861,17.063598633,0
433,1,1,-0.011013031,-0.600492239,2.785308838,0.000442507,0.285293579,0.189728037,17.091064453,0
434,1,1,-0.011013031,-0.600493789,2.785766602,0.000457766,0.285751343,0.190017954,17.117614746,0
435,1,1,-0.011011124,-0.600495160,2.786209106,0.000442511,0.286193848,0.190323129,17.145080566,0
436,1,1,-0.011011124,-0.600496650,2.786666870,0.000457766,0.286651611,0.190628320,17.171630859,0
437,1,1,-0.011013031,-0.600498080,2.787109375,0.000442511,0.287094116,0.190918237,17.199096680,0
438,1,1,-0.011013031,-0.600499570,2.787551880,0.000442507,0.287536621,0.191208154,17.225646973,0
439,1,1,-0.011013031,-0.600501060,2.788009644,0.000457766,0.287994385,0.191513330,17.252197266,0
440,1,1,-0.011011124,-0.600502551,2.788452148,0.000442511,0.288436890,0.191818506,17.279663086,0
441,1,1,-0.011013031,-0.600503981,2.788894653,0.000442511,0.288879395,0.192108408,17.306213379,0
442,1,1,-0.011013031,-0.600505471,2.789337158,0.000442507,0.289321899,0.192398340,17.332763672,0
443,1,1,-0.011013031,-0.600506902,2.789779663,0.000442507,0.289764404,0.192688257,17.359313965,0
444,1,1,-0.011013031,-0.600508332,2.790222168,0.000442507,0.290206909,0.192993417,17.385864258,0
445,1,1,-0.011011124,-0.600509763,2.790664673,0.000442511,0.290649414,0.193283349,17.412414551,0
446,1,1,-0.011013031,-0.600511253,2.791107178,0.000442511,0.291091919,0.193573251,17.438964844,0
447,1,1,-0.011013031,-0.600512683,2.791549683,0.000442507,0.291534424,0.193878427,17.465515137,0
448,1,1,-0.011013031,-0.600514114,2.791992188,0.000442507,0.291976929,0.194168359,17.492065430,0
449,1,1,-0.011013031,-0.600515485,2.792434692,0.000442507,0.292419434,0.194458276,17.518615723,0
450,1,1,-0.011011124,-0.600517035,2.792877197,0.000442512,0.292861938,0.194748193,17.545166016,0
451,1,1,-0.011011124,-0.600518405,2.793304443,0.000427248,0.293289185,0.195038110,17.571716309,0
452,1,1,-0.011013031,-0.600519896,2.793746948,0.000442511,0.293731689,0.195343286,17.597351074,0
453,1,1,-0.011013031,-0.600521326,2.794174194,0.000427248,0.294158936,0.195602685,17.623901367,0
454,1,1,-0.011013031,-0.600522757,2.794616699,0.000442507,0.294601440,0.195907861,17.649536133,0
455,1,1,-0.011011124,-0.600524187,2.795059204,0.000442511,0.295043945,0.196213037,17.676086426,0
456,1,1,-0.011011124,-0.600525558,2.795486450,0.000427248,0.295471191,0.196487695,17.702636719,0
457,1,1,-0.011011124,-0.600526929,2.795913696,0.000427248,0.295898438,0.196777612,17.728271484,0
458,1,1,-0.011013031,-0.600528359,2.796356201,0.000442511,0.296340942,0.197067529,17.753906250,0
459,1,1,-0.011013031,-0.600529790,2.796783447,0.000427248,0.296768188,0.197357446,17.780456543,0
460,1,1,-0.011013031,-0.600531220,2.797210693,0.000427248,0.297195435,0.197632104,17.806091309,0
461,1,1,-0.011013031,-0.600532651,2.797653198,0.000442507,0.297637939,0.197937280,17.831726074,0
462,1,1,-0.011011124,-0.600534081,2.798080444,0.000427253,0.298065186,0.198211938,17.858276367,0
463,1,1,-0.011011124,-0.600535452,2.798507690,0.000427248,0.298492432,0.198501855,17.883911133,0
464,1,1,-0.011011124,-0.600536823,2.798934937,0.000427248,0.298919678,0.198776528,17.909545898,0
465,1,1,-0.011013031,-0.600538254,2.799362183,0.000427253,0.299346924,0.199066430,17.935180664,0
466,1,1,-0.011013031,-0.600539684,2.799789429,0.000427248,0.299774170,0.199356347,17.960815430,0
467,1,1,-0.011013031,-0.600541055,2.800216675,0.000427248,0.300201416,0.199631006,17.986450195,0
468,1,1,-0.011013031,-0.600542426,2.800643921,0.000427248,0.300628662,0.199920923,18.012084961,0
469,1,1,-0.011011124,-0.600543857,2.801071167,0.000427253,0.301055908,0.200195581,18.037719727,0
470,1,1,-0.011011124,-0.600545168,2.801483154,0.000411989,0.301467896,0.200485498,18.063354492,0
471,1,1,-0.011011124,-0.600546598,2.801910400,0.000427248,0.301895142,0.200760156,18.088073730,0
472,1,1,-0.011013031,-0.600548029,2.802337646,0.000427253,0.302322388,0.201050073,18.113708496,0
473,1,1,-0.011013031,-0.600549400,2.802764893,0.000427248,0.302749634,0.201324731,18.139343262,0
474,1,1,-0.011013031,-0.600550711,2.803176880,0.000411989,0.303161621,0.201599404,18.164978027,0
475,1,1,-0.011013031,-0.600552082,2.803604126,0.000427248,0.303588867,0.201889321,18.189697266,0
476,1,1,-0.011013031,-0.600553453,2.804016113,0.000411990,0.304000854,0.202163979,18.215332031,0
477,1,1,-0.011011124,-0.600554824,2.804428101,0.000411994,0.304412842,0.202438638,18.240051270,0
478,1,1,-0.011011124,-0.600556195,2.804840088,0.000411990,0.304840088,0.202713296,18.265228271,0
479,1,1,-0.011011124,-0.600557566,2.805252075,0.000411990,0.305259705,0.203003198,18.290403366,0
480,1,1,-0.011011124,-0.600558937,2.805679321,0.000427248,0.305679321,0.203277856,18.315580368,0
481,1,1,-0.011011124,-0.600560308,2.806091309,0.000411990,0.306091309,0.203552514,18.340757370,0
482,1,1,-0.011013031,-0.600561619,2.806526184,0.000434882,0.306510925,0.203827173,18.365476608,0
483,1,1,-0.011013031,-0.600563049,2.806945801,0.000419619,0.306922913,0.204101831,18.390653610,0
484,1,1,-0.011013031,-0.600564480,2.807365417,0.000419619,0.307342529,0.204391763,18.415372849,0
485,1,1,-0.011013031,-0.600565791,2.807777405,0.000411989,0.307754517,0.204651162,18.440549850,0
486,1,1,-0.011013031,-0.600567102,2.808189392,0.000411989,0.308166504,0.204941079,18.465269089,0
487,1,1,-0.011013031,-0.600568473,2.808601379,0.000411990,0.308578491,0.205200478,18.489988327,0
488,1,1,-0.011011124,-0.600569844,2.809013367,0.000411994,0.308990479,0.205475137,18.514707565,0
489,1,1,-0.011011124,-0.600571156,2.809425354,0.000411989,0.309402466,0.205765054,18.539426804,0
490,1,1,-0.011011124,-0.600572467,2.809837341,0.000411989,0.309814453,0.206024453,18.564146042,0
491,1,1,-0.011011124,-0.600573897,2.810241699,0.000404360,0.310218811,0.206299111,18.588865280,0
492,1,1,-0.011011124,-0.600575209,2.810653687,0.000411989,0.310630798,0.206573769,18.613126755,0
493,1,1,-0.011011124,-0.600576520,2.811058044,0.000404360,0.311035156,0.206833169,18.637845993,0
494,1,1,-0.011013031,-0.600577831,2.811470032,0.000411994,0.311447144,0.207123086,18.662107468,0
495,1,1,-0.011013031,-0.600579143,2.811874390,0.000404360,0.311851501,0.207382485,18.686826706,0
496,1,1,-0.011013031,-0.600580454,2.812278748,0.000404360,0.312255859,0.207657143,18.711088181,0
497,1,1,-0.011013031,-0.600581765,2.812675476,0.000396731,0.312660217,0.207916543,18.735349655,0
498,1,1,-0.011013031,-0.600583196,2.813095093,0.000419619,0.313072205,0.208191201,18.759611130,0
499,1,1,-0.011013031,-0.600584507,2.813491821,0.000396731,0.313468933,0.208465859,18.784330368,0
500,1,1,-0.011013031,-0.600585818,2.813896179,0.000404360,0.313873291,0.208725259,18.808134079,0
501,1,1,-0.011013031,-0.600587189,2.814300537,0.000404360,0.314277649,0.208999917,18.832395554,0
502,1,1,-0.011013031,-0.600588441,2.814704895,0.000404360,0.314682007,0.209259316,18.856657028,0
503,1,1,-0.011011124,-0.600589752,2.815109253,0.000404365,0.315086365,0.209533975,18.880918503,0
504,1,1,-0.011011124,-0.600591123,2.815505981,0.000396731,0.315483093,0.209793374,18.905179977,0
505,1,1,-0.011011124,-0.600592375,2.815902710,0.000396730,0.315879822,0.210068032,18.928983688,0
506,1,1,-0.011011124,-0.600593686,2.816307068,0.000404360,0.316284180,0.210327432,18.952787399,0
507,1,1,-0.011011124,-0.600597680,2.816703796,0.000396749,0.316680908,0.210586861,18.977048874,0
508,1,1,-0.011011124,-0.600596309,2.817100525,0.000396731,0.317077637,0.210861489,19.000852585,0
509,1,1,-0.011011124,-0.600597560,2.817497253,0.000396730,0.317474365,0.211120903,19.024656296,0
510,1,1,-0.011011124,-0.600598812,2.817893982,0.000396730,0.317871094,0.211395547,19.048460007,0
511,1,1,-0.011011124,-0.600600123,2.818290710,0.000396731,0.318267822,0.211639687,19.072263718,0
512,1,1,-0.011011124,-0.600601435,2.818687439,0.000396731,0.318664551,0.211914346,19.096067429,0
513,1,1,-0.011011124,-0.600602746,2.819084167,0.000396731,0.319061279,0.212173745,19.119871140,0
514,1,1,-0.011011124,-0.600604057,2.819480896,0.000396731,0.319458008,0.212448418,19.143674850,0
515,1,1,-0.011011124,-0.600605369,2.819869995,0.000389101,0.319847107,0.212707803,19.167478561,0
516,1,1,-0.011011124,-0.600606561,2.820266724,0.000396730,0.320243835,0.212951943,19.190824509,0
517,1,1,-0.011011124,-0.600607872,2.820655823,0.000389101,0.320632935,0.213226601,19.214628220,0
518,1,1,-0.011011124,-0.600609183,2.821044922,0.000389101,0.321022034,0.213486001,19.237974167,0
519,1,1,-0.011011124,-0.600610495,2.821434021,0.000389101,0.321418762,0.213745400,19.261320114,0
520,1,1,-0.011011124,-0.600611687,2.821830750,0.000396730,0.321807861,0.214004800,19.285123825,0
521,1,1,-0.011011124,-0.600612998,2.822219849,0.000389101,0.322196960,0.214264214,19.308469772,0
522,1,1,-0.011011124,-0.600614309,2.822608948,0.000389101,0.322586060,0.214508355,19.331815720,0
523,1,1,-0.011011124,-0.600615561,2.822998047,0.000389101,0.322975159,0.214783013,19.355161667,0
524,1,1,-0.011011124,-0.600616813,2.823379517,0.000381472,0.323356628,0.215027153,19.378507614,0
525,1,1,-0.011011124,-0.600618124,2.823768616,0.000389101,0.323745728,0.215301812,19.401395798,0
526,1,1,-0.011011124,-0.600619316,2.824157715,0.000389101,0.324134827,0.215545952,19.424741745,0
527,1,1,-0.011011124,-0.600620627,2.824539185,0.000381472,0.324516296,0.215805352,19.448087692,0
528,1,1,-0.011011124,-0.600621879,2.824928284,0.000389101,0.324905396,0.216064751,19.470975876,0
529,1,1,-0.011011124,-0.600623190,2.825309753,0.000381472,0.325286865,0.216308892,19.494321823,0
530,1,1,-0.011011124,-0.600624442,2.825698853,0.000389101,0.325675964,0.216583535,19.517210007,0
531,1,1,-0.011011124,-0.600625634,2.826080322,0.000381472,0.326057434,0.216827676,19.540555954,0
532,1,1,-0.011011124,-0.600626945,2.826461792,0.000381472,0.326438904,0.217087090,19.563444138,0
533,1,1,-0.011011124,-0.600628138,2.826843262,0.000381472,0.326820374,0.217331231,19.586332321,0
534,1,1,-0.011011124,-0.600629389,2.827224731,0.000381472,0.327201843,0.217590630,19.609220505,0
535,1,1,-0.011011124,-0.600630701,2.827606201,0.000381472,0.327583313,0.217850029,19.632108688,0
536,1,1,-0.011013031,-0.600631952,2.827987671,0.000381477,0.327964783,0.218094170,19.654996872,0
537,1,1,-0.011013031,-0.600633144,2.828361511,0.000373842,0.328338623,0.218338311,19.677885056,0
538,1,1,-0.011013031,-0.600634456,2.828742981,0.000381472,0.328720093,0.218597710,19.700315475,0
539,1,1,-0.011013031,-0.600635648,2.829124451,0.000381472,0.329101563,0.218857110,19.723203659,0
540,1,1,-0.011013031,-0.600636840,2.829498291,0.000373842,0.329475403,0.219101250,19.746091843,0
541,1,1,-0.011013031,-0.600638032,2.829872131,0.000373842,0.329849243,0.219345391,19.768522263,0
542,1,1,-0.011013031,-0.600639284,2.830253601,0.000381472,0.330230713,0.219604790,19.790952682,0
543,1,1,-0.011013031,-0.600640535,2.830627441,0.000373842,0.330604553,0.219864190,19.813840866,0
544,1,1,-0.011011124,-0.600641847,2.831001282,0.000373847,0.330978394,0.220100701,19.836271286,0
545,1,1,-0.011011124,-0.600643039,2.831375122,0.000373842,0.331352234,0.220344841,19.858701706,0
546,1,1,-0.011011124,-0.600644231,2.831748962,0.000373842,0.331726074,0.220604256,19.881132126,0
547,1,1,-0.011011124,-0.600645423,2.832122803,0.000373842,0.332099915,0.220848396,19.903562546,0
548,1,1,-0.011011124,-0.600646675,2.832496643,0.000373842,0.332473755,0.221092537,19.925992966,0
549,1,1,-0.011011124,-0.600647926,2.832870483,0.000373842,0.332847595,0.221344292,19.948423386,0
550,1,1,-0.011011124,-0.600649118,2.833236694,0.000366213,0.333213806,0.221596062,19.970853806,0
551,1,1,-0.011011124,-0.600650311,2.833610535,0.000373842,0.333587646,0.221832573,19.992826462,0
552,1,1,-0.011011124,-0.600651503,2.833976746,0.000366213,0.333953857,0.222076714,20.015256882,0
553,1,1,-0.011011124,-0.600652754,2.834350586,0.000373842,0.334327698,0.222336113,20.037229538,0
554,1,1,-0.011013031,-0.600653887,2.834716797,0.000366218,0.334693909,0.222572625,20.059659958,0
555,1,1,-0.011013031,-0.600655138,2.835083008,0.000366213,0.335060120,0.222816765,20.081632614,0
556,1,1,-0.011013031,-0.600656331,2.835449219,0.000366213,0.335426331,0.223053277,20.103605270,0
557,1,1,-0.011013031,-0.600657582,2.835807800,0.000358584,0.335792542,0.223305047,20.125577927,0
558,1,1,-0.011011124,-0.600658774,2.836181641,0.000373847,0.336158752,0.223549187,20.147550583,0
559,1,1,-0.011011124,-0.600659907,2.836547852,0.000366213,0.336524963,0.223785713,20.169523239,0
560,1,1,-0.011011124,-0.600661099,2.836914063,0.000366213,0.336891174,0.224037483,20.191495895,0
561,1,1,-0.011011124,-0.600662351,2.837280273,0.000366213,0.337257385,0.224281624,20.213468552,0
562,1,1,-0.011011124,-0.600663543,2.837646484,0.000366213,0.337623596,0.224518120,20.235441208,0
563,1,1,-0.011011124,-0.600664735,2.838005066,0.000358584,0.337982178,0.224762261,20.257413864,0
564,1,1,-0.011011124,-0.600665927,2.838371277,0.000366213,0.338348389,0.225006402,20.278928757,0
565,1,1,-0.011013031,-0.600667059,2.838729858,0.000358588,0.338706970,0.225235283,20.300901413,0
566,1,1,-0.011013031,-0.600668311,2.839096069,0.000366213,0.339073181,0.225487068,20.322416306,0
567,1,1,-0.011013031,-0.600669384,2.839454651,0.000358583,0.339431763,0.225723565,20.344388962,0
568,1,1,-0.011011124,-0.600670695,2.839813232,0.000358589,0.339790344,0.225960091,20.365903854,0
569,1,1,-0.011011124,-0.600671768,2.840171814,0.000358583,0.340148926,0.226204231,20.387418747,0
570,1,1,-0.011011124,-0.600672960,2.840530396,0.000358584,0.340507507,0.226440728,20.408933640,0
571,1,1,-0.011011124,-0.600674152,2.840888977,0.000358584,0.340866089,0.226677254,20.430448532,0
572,1,1,-0.011011124,-0.600675285,2.841247559,0.000358583,0.341224670,0.226913765,20.451963425,0
573,1,1,-0.011011124,-0.600676537,2.841606140,0.000358584,0.341583252,0.227157906,20.473478317,0
574,1,1,-0.011013031,-0.600677609,2.841964722,0.000358588,0.341941833,0.227386788,20.494993210,0
575,1,1,-0.011013031,-0.600678802,2.842315674,0.000350954,0.342292786,0.227630928,20.516508102,0
576,1,1,-0.011011124,-0.600679994,2.842674255,0.000358589,0.342651367,0.227859810,20.537565231,0
577,1,1,-0.011011124,-0.600681186,2.843032837,0.000358584,0.343009949,0.228103951,20.559080124,0
578,1,1,-0.011011124,-0.600682259,2.843383789,0.000350954,0.343360901,0.228332832,20.580595016,0
579,1,1,-0.011011124,-0.600683451,2.843734741,0.000350954,0.343711853,0.228576973,20.601652145,0
580,1,1,-0.011011124,-0.600684643,2.844093323,0.000358584,0.344070435,0.228805855,20.622709274,0
581,1,1,-0.011013031,-0.600685775,2.844444275,0.000350959,0.344421387,0.229034737,20.644224167,0
582,1,1,-0.011013031,-0.600686967,2.844795227,0.000350954,0.344772339,0.229278877,20.665281296,0
583,1,1,-0.011011124,-0.600688100,2.845146179,0.000350959,0.345123291,0.229507759,20.686338425,0
584,1,1,-0.011011124,-0.600689232,2.845497131,0.000350954,0.345474243,0.229744270,20.707395554,0
585,1,1,-0.011011124,-0.600690365,2.845848083,0.000350954,0.345825195,0.229973152,20.728452682,0
586,1,1,-0.011011124,-0.600691557,2.846199036,0.000350954,0.346176147,0.230209664,20.749509811,0
587,1,1,-0.011011124,-0.600692630,2.846542358,0.000343324,0.346519470,0.230438545,20.770566940,0
588,1,1,-0.011013031,-0.600693822,2.846893311,0.000350959,0.346870422,0.230667427,20.791166306,0
589,1,1,-0.011013031,-0.600694954,2.847244263,0.000350954,0.347221375,0.230903938,20.812223434,0
590,1,1,-0.011011124,-0.600696087,2.847587585,0.000343330,0.347564697,0.231132820,20.833280563,0
591,1,1,-0.011011124,-0.600697279,2.847938538,0.000350954,0.347915649,0.231369331,20.853879929,0
592,1,1,-0.011011124,-0.600698352,2.848281860,0.000343324,0.348258972,0.231590584,20.874937057,0
593,1,1,-0.011011124,-0.600699425,2.848625183,0.000343324,0.348602295,0.231819466,20.895536423,0
594,1,1,-0.011013031,-0.600700617,2.848968506,0.000343330,0.348945618,0.232055977,20.916135788,0
595,1,1,-0.011013031,-0.600701809,2.849319458,0.000350954,0.349296570,0.232284859,20.936735153,0
596,1,1,-0.011011124,-0.600702882,2.849662781,0.000343330,0.349639893,0.232513741,20.957792282,0
597,1,1,-0.011011124,-0.600704014,2.850006104,0.000343325,0.349983215,0.232742637,20.978391647,0
598,1,1,-0.011011124,-0.600705147,2.850349426,0.000343325,0.350326538,0.232963890,20.998991013,0
599,1,1,-0.011011124,-0.600706220,2.850685120,0.000335695,0.350662231,0.233192757,21.019590378,0
600,1,1,-0.011013031,-0.600707412,2.851028442,0.000343330,0.351005554,0.233421639,21.039731979,0
601,1,1,-0.011013031,-0.600708485,2.851371765,0.000343324,0.351348877,0.233650520,21.060331345,0
602,1,1,-0.011011124,-0.600709558,2.851707458,0.000335700,0.351684570,0.233871773,21.080930710,0
603,1,1,-0.011011124,-0.600710690,2.852050781,0.000343325,0.352027893,0.234100655,21.101072311,0
604,1,1,-0.011011124,-0.600711763,2.852386475,0.000335695,0.352363586,0.234321907,21.121671677,0
605,1,1,-0.011013031,-0.600712955,2.852729797,0.000343330,0.352706909,0.234550789,21.141813278,0
606,1,1,-0.011013031,-0.600713968,2.853065491,0.000335695,0.353042603,0.234772041,21.162412643,0
607,1,1,-0.011011124,-0.600715101,2.853401184,0.000335701,0.353378296,0.235000923,21.182554245,0
608,1,1,-0.011011124,-0.600716233,2.853744507,0.000343325,0.353721619,0.235229805,21.202695847,0
609,1,1,-0.011011124,-0.600717366,2.854080200,0.000335695,0.354057312,0.235443428,21.223295212,0
610,1,1,-0.011011124,-0.600718439,2.854415894,0.000335695,0.354393005,0.235672325,21.243436813,0
611,1,1,-0.011013031,-0.600719571,2.854751587,0.000335701,0.354728699,0.235901207,21.263578415,0
612,1,1,-0.011011124,-0.600720644,2.855079651,0.000328071,0.355056763,0.236107200,21.283720016,0
613,1,1,-0.011011124,-0.600721717,2.855415344,0.000335695,0.355392456,0.236336082,21.303403854,0
614,1,1,-0.011011124,-0.600722849,2.855751038,0.000335695,0.355728149,0.236564964,21.323545456,0
615,1,1,-0.011013031,-0.600723922,2.856086731,0.000335700,0.356063843,0.236778572,21.343687057,0
616,1,1,-0.011011124,-0.600724936,2.856414795,0.000328071,0.356391907,0.237007469,21.363828659,0
617,1,1,-0.011011124,-0.600726068,2.856750488,0.000335695,0.356727600,0.237221092,21.383512497,0
618,1,1,-0.011011124,-0.600727081,2.857078552,0.000328066,0.357055664,0.237442344,21.403654099,0
619,1,1,-0.011011124,-0.600728273,2.857414246,0.000335695,0.357391357,0.237671226,21.423337936,0
620,1,1,-0.011013031,-0.600729346,2.857742310,0.000328071,0.357719421,0.237884834,21.443479538,0
621,1,1,-0.011011124,-0.600730419,2.858070374,0.000328071,0.358047485,0.238098472,21.463163376,0
622,1,1,-0.011011124,-0.600731432,2.858398438,0.000328066,0.358375549,0.238327354,21.482847214,0
623,1,1,-0.011011124,-0.600732565,2.858726501,0.000328066,0.358703613,0.238540977,21.502531052,0
624,1,1,-0.011013031,-0.600733638,2.859054565,0.000328071,0.359031677,0.238754600,21.522214890,0
625,1,1,-0.011011124,-0.600734711,2.859375000,0.000320442,0.359359741,0.238983482,21.541898727,0
626,1,1,-0.011011124,-0.600735784,2.859710693,0.000335695,0.359687805,0.239189476,21.561582565,0
627,1,1,-0.011011124,-0.600736856,2.860038757,0.000328066,0.360015869,0.239410728,21.581266403,0
628,1,1,-0.011011124,-0.600737929,2.860366821,0.000328066,0.360343933,0.239631981,21.600950241,0
629,1,1,-0.011013031,-0.600738943,2.860679626,0.000312813,0.360664368,0.239845604,21.620634079,0
630,1,1,-0.011011124,-0.600740075,2.861015320,0.000335701,0.360992432,0.240059227,21.639860153,0
631,1,1,-0.011011124,-0.600741148,2.861335754,0.000320436,0.361312866,0.240280479,21.659543991,0
632,1,1,-0.011011124,-0.600742221,2.861663818,0.000328066,0.361640930,0.240494102,21.678770065,0
633,1,1,-0.011013031,-0.600743175,2.861984253,0.000320442,0.361961365,0.240707725,21.698453903,0
634,1,1,-0.011011124,-0.600744307,2.862304688,0.000320442,0.362281799,0.240921348,21.717679977,0
635,1,1,-0.011011124,-0.600745440,2.862632751,0.000328066,0.362609863,0.241134971,21.736906052,0
636,1,1,-0.011011124,-0.600746393,2.862953186,0.000320436,0.362930298,0.241348594,21.756589890,0
637,1,1,-0.011013031,-0.600747466,2.863273621,0.000320442,0.363250732,0.241562217,21.775815964,0
638,1,1,-0.011011124,-0.600748420,2.863594055,0.000320442,0.363571167,0.241775841,21.795042038,0
639,1,1,-0.011011124,-0.600749493,2.863914490,0.000320436,0.363891602,0.241989464,21.814268112,0
640,1,1,-0.011011124,-0.600750566,2.864234924,0.000320436,0.364212036,0.242203087,21.833494186,0
641,1,1,-0.011011124,-0.600751638,2.864547729,0.000312807,0.364524841,0.242416710,21.852720261,0
642,1,1,-0.011011124,-0.600752711,2.864868164,0.000320436,0.364845276,0.242622703,21.871488571,0
643,1,1,-0.011011124,-0.600753725,2.865188599,0.000320436,0.365165710,0.242836326,21.890714645,0
644,1,1,-0.011013031,-0.600754738,2.865501404,0.000312813,0.365478516,0.243042320,21.909940720,0
645,1,1,-0.011011124,-0.600755811,2.865821838,0.000320442,0.365798950,0.243255943,21.928709030,0
646,1,1,-0.011011124,-0.600756824,2.866134644,0.000312807,0.366111755,0.243469566,21.947935104,0
647,1,1,-0.011011124,-0.600757837,2.866455078,0.000320436,0.366432190,0.243675560,21.966703415,0
648,1,1,-0.011013031,-0.600758910,2.866760254,0.000305184,0.366744995,0.243889183,21.985929489,0
649,1,1,-0.011011124,-0.600759923,2.867080688,0.000320442,0.367057800,0.244095191,22.004697800,0
650,1,1,-0.011011124,-0.600760937,2.867393494,0.000312807,0.367370605,0.244293541,22.023466110,0
651,1,1,-0.011011124,-0.600762010,2.867713928,0.000320436,0.367691040,0.244522423,22.042234421,0
652,1,1,-0.011011124,-0.600763023,2.868026733,0.000312807,0.368003845,0.244720787,22.061460495,0
653,1,1,-0.011011124,-0.600764036,2.868339539,0.000312807,0.368316650,0.244934410,22.080228806,0
654,1,1,-0.011011124,-0.600765109,2.868652344,0.000312807,0.368629456,0.245140404,22.098997116,0
655,1,1,-0.011013031,-0.600766063,2.868957520,0.000305183,0.368934631,0.245338768,22.117765427,0
656,1,1,-0.011011124,-0.600767076,2.869270325,0.000312813,0.369247437,0.245560035,22.136075974,0
657,1,1,-0.011011124,-0.600768089,2.869583130,0.000312807,0.369560242,0.245758384,22.154844284,0
658,1,1,-0.011013031,-0.600769043,2.869888306,0.000305183,0.369865417,0.245956749,22.173612595,0
659,1,1,-0.011011124,-0.600770175,2.870201111,0.000312813,0.370178223,0.246170387,22.191923141,0
660,1,1,-0.011011124,-0.600771070,2.870513916,0.000312806,0.370491028,0.246384010,22.210691452,0
661,1,1,-0.011011124,-0.600772142,2.870819092,0.000305178,0.370796204,0.246582359,22.229459763,0
662,1,1,-0.011011124,-0.600773156,2.871124268,0.000305177,0.371101379,0.246780738,22.247770309,0
663,1,1,-0.011011124,-0.600774169,2.871437073,0.000312807,0.371414185,0.246994361,22.266080856,0
664,1,1,-0.011011124,-0.600775182,2.871742249,0.000305177,0.371719360,0.247192726,22.284849167,0
665,1,1,-0.011011124,-0.600776196,2.872051239,0.000308992,0.372028351,0.247406349,22.303159714,0
666,1,1,-0.011011124,-0.600777209,2.872352600,0.000301363,0.372329712,0.247597083,22.321470261,0
667,1,1,-0.011011124,-0.600778222,2.872665405,0.000312807,0.372634888,0.247803077,22.339780807,0
668,1,1,-0.011013031,-0.600779176,2.872966766,0.000301369,0.372940063,0.248009056,22.358091354,0
669,1,1,-0.011011124,-0.600780189,2.873271942,0.000305183,0.373245239,0.248207435,22.376401901,0
670,1,1,-0.011011124,-0.600780010,2.873573303,0.000301361,0.373550415,0.248413399,22.394712448,0
671,1,1,-0.011011124,-0.600782156,2.873882294,0.000308998,0.373851776,0.248619422,22.413022995,0
672,1,1,-0.011011124,-0.600783229,2.874183655,0.000301363,0.374153137,0.248810142,22.431104660,0
673,1,1,-0.011011124,-0.600784183,2.874492645,0.000308992,0.374458313,0.249016151,22.449186325,0
674,1,1,-0.011013031,-0.600785196,2.874794006,0.000301369,0.374759674,0.249214515,22.467496872,0
675,1,1,-0.011011124,-0.600786209,2.875095367,0.000301369,0.375061035,0.249420494,22.485578537,0
676,1,1,-0.011011124,-0.600787163,2.875396729,0.000301363,0.375362396,0.249618873,22.503660202,0
677,1,1,-0.011013031,-0.600788116,2.875690460,0.000293739,0.375659943,0.249817237,22.521741867,0
678,1,1,-0.011011124,-0.600789130,2.875995636,0.000305183,0.375961304,0.250015587,22.539594650,0
679,1,1,-0.011011124,-0.600790143,2.876289368,0.000293733,0.376258850,0.250213951,22.557676315,0
680,1,1,-0.011011124,-0.600791097,2.876594543,0.000305177,0.376560211,0.250412345,22.575529099,0
681,1,1,-0.011011124,-0.600792050,2.876892090,0.000297548,0.376857758,0.250610679,22.593610764,0
682,1,1,-0.011011124,-0.600793004,2.877189636,0.000297548,0.377155304,0.250809073,22.611463547,0
683,1,1,-0.011011124,-0.600794017,2.877487183,0.000297548,0.377452850,0.251007408,22.629316330,0
684,1,1,-0.011011124,-0.600794971,2.877784729,0.000297548,0.377750397,0.251205772,22.647169113,0
685,1,1,-0.011011124,-0.600795984,2.878082275,0.000297548,0.378047943,0.251404136,22.665021896,0
686,1,1,-0.011011124,-0.600796878,2.878376007,0.000293733,0.378341675,0.251602530,22.682874680,0
687,1,1,-0.011011124,-0.600797892,2.878673553,0.000297548,0.378639221,0.251793236,22.700498581,0
688,1,1,-0.011011124,-0.600798845,2.878967285,0.000293733,0.378932953,0.251991600,22.718351364,0
689,1,1,-0.011011124,-0.600799799,2.879261017,0.000293733,0.379226685,0.252182335,22.735975266,0
690,1,1,-0.011011124,-0.600800753,2.879550934,0.000289919,0.379520416,0.252380699,22.753599167,0
691,1,1,-0.011011124,-0.600801706,2.879848480,0.000297548,0.379814148,0.252579093,22.771223068,0
692,1,1,-0.011011124,-0.600802720,2.880142212,0.000293733,0.380107880,0.252777427,22.788846970,0
693,1,1,-0.011011124,-0.600803614,2.880432129,0.000289918,0.380397797,0.252960533,22.806470871,0
694,1,1,-0.011013031,-0.600804567,2.880725861,0.000293739,0.380691528,0.253166556,22.823865891,0
695,1,1,-0.011011124,-0.600805581,2.881015778,0.000289925,0.380981445,0.253349662,22.841489792,0
696,1,1,-0.011011124,-0.600806475,2.881309509,0.000293733,0.381275177,0.253555655,22.858884811,0
697,1,1,-0.011011124,-0.600807428,2.881599426,0.000289919,0.381565094,0.253738731,22.876508713,0
698,1,1,-0.011011124,-0.600808382,2.881889343,0.000289919,0.381855011,0.253937125,22.893903732,0
699,1,1,-0.011011124,-0.600809395,2.882175446,0.000286104,0.382144928,0.254127860,22.911298752,0
700,1,1,-0.011011124,-0.600810289,2.882465363,0.000289918,0.382431030,0.254318595,22.928693771,0
701,1,1,-0.011011124,-0.600811243,2.882751465,0.000286104,0.382720947,0.254509330,22.945859909,0
702,1,1,-0.011013031,-0.600812197,2.883045197,0.000293739,0.383010864,0.254700065,22.963254929,0
703,1,1,-0.011011124,-0.600813150,2.883331299,0.000286110,0.383296967,0.254898429,22.980649948,0
704,1,1,-0.011011124,-0.600814104,2.883617401,0.000286104,0.383583069,0.255081534,22.997816086,0
705,1,1,-0.011011124,-0.600814998,2.883903503,0.000286104,0.383869171,0.255279899,23.014982224,0
706,1,1,-0.011011124,-0.600815952,2.884189606,0.000286104,0.384155273,0.255463004,23.032148361,0
707,1,1,-0.011011124,-0.600816905,2.884475708,0.000286104,0.384441376,0.255653739,23.049314499,0
708,1,1,-0.011011124,-0.600817800,2.884761810,0.000286104,0.384727478,0.255852103,23.066480637,0
709,1,1,-0.011011124,-0.600818753,2.885047913,0.000286104,0.385013580,0.256027579,23.083646774,0
710,1,1,-0.011011124,-0.600819707,2.885326385,0.000278475,0.385295868,0.256225944,23.100812912,0
711,1,1,-0.011011124,-0.600820601,2.885612488,0.000286104,0.385578156,0.256409019,23.117750168,0
712,1,1,-0.011011124,-0.600821495,2.885898590,0.000286104,0.385864258,0.256607413,23.134687424,0
713,1,1,-0.011011124,-0.600822508,2.886180878,0.000282289,0.386146545,0.256790519,23.151853561,0
714,1,1,-0.011011124,-0.600823343,2.886463165,0.000282289,0.386428833,0.256973624,23.168790817,0
715,1,1,-0.011011124,-0.600824356,2.886745453,0.000282289,0.386711121,0.257164329,23.185728073,0
716,1,1,-0.011011124,-0.600825250,2.887027740,0.000282289,0.386993408,0.257347465,23.202665329,0
717,1,1,-0.011011124,-0.600826144,2.887306213,0.000278474,0.387271881,0.257538199,23.219602585,0
718,1,1,-0.011011124,-0.600827098,2.887588501,0.000282289,0.387554169,0.257721305,23.236310959,0
719,1,1,-0.011011124,-0.600827992,2.887863159,0.000274660,0.387832642,0.257919669,23.253248215,0
720,1,1,-0.011011124,-0.600828886,2.888145447,0.000282289,0.388111115,0.258087516,23.269956589,0
721,1,1,-0.011011124,-0.600829840,2.888427734,0.000282289,0.388393402,0.258285880,23.286664963,0
722,1,1,-0.011011124,-0.600830734,2.888706207,0.000278474,0.388671875,0.258468986,23.303602219,0
723,1,1,-0.011011124,-0.600831628,2.888984680,0.000278474,0.388950348,0.258652091,23.320310593,0
724,1,1,-0.011011124,-0.600832582,2.889259338,0.000274660,0.389225006,0.258835167,23.337018967,0
725,1,1,-0.011011124,-0.600833416,2.889537811,0.000278474,0.389503479,0.259025931,23.353498459,0
726,1,1,-0.011011124,-0.600834370,2.889816284,0.000278475,0.389781952,0.259209037,23.370206833,0
727,1,1,-0.011011124,-0.600835264,2.890090942,0.000274660,0.390056610,0.259384513,23.386915207,0
728,1,1,-0.011011124,-0.600836158,2.890361786,0.000270845,0.390331268,0.259575248,23.403394699,0
729,1,1,-0.011011124,-0.600836992,2.890640259,0.000278474,0.390605927,0.259758353,23.419874191,0
730,1,1,-0.011011124,-0.600837946,2.890918732,0.000278475,0.390884399,0.259933829,23.436353683,0
731,1,1,-0.011011124,-0.600838840,2.891189575,0.000270845,0.391155243,0.260116935,23.453062057,0
732,1,1,-0.011011124,-0.600839734,2.891464233,0.000274660,0.391429901,0.260300040,23.469312668,0
733,1,1,-0.011011124,-0.600840688,2.891738892,0.000274660,0.391704559,0.260483146,23.485792160,0
734,1,1,-0.011011124,-0.600841522,2.892013550,0.000274659,0.391979218,0.260666251,23.502271652,0
735,1,1,-0.011011124,-0.600842476,2.892280579,0.000267031,0.392250061,0.260849357,23.518751144,0
736,1,1,-0.011011124,-0.600843370,2.892555237,0.000274660,0.392520905,0.261032462,23.535001755,0
737,1,1,-0.011011124,-0.600844204,2.892829895,0.000274659,0.392795563,0.261215568,23.551252365,0
738,1,1,-0.011011124,-0.600845158,2.893100739,0.000270845,0.393066406,0.261383414,23.567731857,0
739,1,1,-0.011011124,-0.600845993,2.893371582,0.000270845,0.393337250,0.261574149,23.583982468,0
740,1,1,-0.011011124,-0.600846887,2.893642426,0.000270845,0.393608093,0.261749625,23.600233078,0
741,1,1,-0.011011124,-0.600847721,2.893909454,0.000267030,0.393875122,0.261925101,23.616483688,0
742,1,1,-0.011011124,-0.600848675,2.894176483,0.000267031,0.394145966,0.262115836,23.632505417,0
743,1,1,-0.011011124,-0.600849509,2.894451141,0.000274659,0.394416809,0.262283683,23.648756027,0
744,1,1,-0.011011124,-0.600850463,2.894714355,0.000263216,0.394683838,0.262466788,23.665006638,0
745,1,1,-0.011011124,-0.600851297,2.894985199,0.000270845,0.394950867,0.262649894,23.681028366,0
746,1,1,-0.011011124,-0.600852132,2.895252228,0.000267030,0.395217896,0.262817740,23.697050095,0
747,1,1,-0.011011124,-0.600853086,2.895519257,0.000267031,0.395484924,0.263000846,23.713071823,0
748,1,1,-0.011011124,-0.600853920,2.895786285,0.000267030,0.395751953,0.263176322,23.729093552,0
749,1,1,-0.011011124,-0.600854754,2.896051407,0.000265123,0.396018982,0.263351798,23.745115280,0
750,1,1,-0.011011124,-0.600855708,2.896320343,0.000268938,0.396286011,0.263527274,23.761137009,0
751,1,1,-0.011011124,-0.600856543,2.896583557,0.000263215,0.396551132,0.263710380,23.777158737,0
752,1,1,-0.011011124,-0.600857377,2.896852493,0.000268937,0.396816254,0.263885856,23.793066025,0
753,1,1,-0.011011124,-0.600858271,2.897117615,0.000265123,0.397081375,0.264061332,23.808973312,0
754,1,1,-0.011011124,-0.600859165,2.897377014,0.000259401,0.397344589,0.264236808,23.824880600,0
755,1,1,-0.011011124,-0.600860000,2.897640228,0.000263215,0.397607803,0.264404655,23.840673447,0
756,1,1,-0.011011124,-0.600860834,2.897901535,0.000261308,0.397871017,0.264587760,23.856466293,0
757,1,1,-0.011011124,-0.600861669,2.898164749,0.000263215,0.398134232,0.264763236,23.872259140,0
758,1,1,-0.011011124,-0.600862563,2.898427963,0.000263216,0.398397446,0.264938712,23.888051987,0
759,1,1,-0.011011124,-0.600863457,2.898689270,0.000261308,0.398658752,0.265106559,23.903844833,0
760,1,1,-0.011011124,-0.600864232,2.898948669,0.000259401,0.398920059,0.265282035,23.919523239,0
761,1,1,-0.011011124,-0.600865126,2.899209976,0.000261308,0.399181366,0.265457511,23.935201645,0
762,1,1,-0.011011124,-0.600866020,2.899473190,0.000263216,0.399442673,0.265632987,23.950880051,0
763,1,1,-0.011011124,-0.600866795,2.899732590,0.000259401,0.399702072,0.265800834,23.966558456,0
764,1,1,-0.011011124,-0.600867748,2.899991989,0.000259401,0.399961472,0.265983939,23.982122421,0
765,1,1,-0.011011124,-0.600868523,2.900251389,0.000259401,0.400220871,0.266151786,23.997686386,0
766,1,1,-0.011011124,-0.600869417,2.900510788,0.000259401,0.400480270,0.266319633,24.013250351,0
767,1,1,-0.011011124,-0.600870252,2.900766373,0.000255586,0.400737762,0.266487479,24.028814316,0
768,1,1,-0.011011124,-0.600871086,2.901025772,0.000259401,0.400997162,0.266662955,24.044263840,0
769,1,1,-0.011011124,-0.600871921,2.901285172,0.000259401,0.401254654,0.266838431,24.059827805,0
770,1,1,-0.011011124,-0.600872755,2.901542664,0.000257493,0.401512146,0.267006278,24.075277328,0
771,1,1,-0.011011124,-0.600873590,2.901798248,0.000255586,0.401767731,0.267181754,24.090726852,0
772,1,1,-0.011011124,-0.600874424,2.902053833,0.000255586,0.402023315,0.267341971,24.106061935,0
773,1,1,-0.011011124,-0.600875318,2.902309418,0.000255586,0.402280807,0.267517447,24.121397018,0
774,1,1,-0.011013031,-0.600876093,2.902565002,0.000255593,0.402536392,0.267692924,24.136846542,0
775,1,1,-0.011013031,-0.600876927,2.902818680,0.000253679,0.402790070,0.267853141,24.152181625,0
776,1,1,-0.011013031,-0.600877762,2.903076172,0.000257493,0.403045654,0.268020988,24.167402267,0
777,1,1,-0.011013031,-0.600878596,2.903329849,0.000253679,0.403299332,0.268196464,24.182737350,0
778,1,1,-0.011013031,-0.600879431,2.903583527,0.000253679,0.403553009,0.268364310,24.197957993,0
779,1,1,-0.011013031,-0.600880265,2.903837204,0.000253679,0.403806686,0.268532157,24.213178635,0
780,1,1,-0.011013031,-0.600881100,2.904088974,0.000251771,0.404060364,0.268700004,24.228399277,0
781,1,1,-0.011013031,-0.600881934,2.904340744,0.000251771,0.404312134,0.268875480,24.243619919,0
782,1,1,-0.011013031,-0.600882769,2.904594421,0.000253679,0.404563904,0.269035697,24.258726120,0
783,1,1,-0.011013031,-0.600883603,2.904846191,0.000251771,0.404815674,0.269203544,24.273832321,0
784,1,1,-0.011013031,-0.600884438,2.905097961,0.000251771,0.405067444,0.269371390,24.288938522,0
785,1,1,-0.011013031,-0.600885212,2.905347824,0.000249864,0.405317307,0.269539267,24.304044724,0
786,1,1,-0.011013031,-0.600886047,2.905595779,0.000247957,0.405567169,0.269707084,24.319036484,0
787,1,1,-0.011013031,-0.600886881,2.905847549,0.000251771,0.405818939,0.269867301,24.334028244,0
788,1,1,-0.011011124,-0.600887716,2.906097412,0.000249871,0.406066895,0.270035148,24.349134445,0
789,1,1,-0.011013031,-0.600888491,2.906347275,0.000249871,0.406316757,0.270202994,24.364011765,0
790,1,1,-0.011011124,-0.600889325,2.906595230,0.000247964,0.406565666,0.270370871,24.379003525,0
791,1,1,-0.011013031,-0.600890100,2.906844139,0.000248917,0.406813622,0.270531058,24.393938065,0
792,1,1,-0.011013031,-0.600890875,2.907091141,0.000247003,0.407061577,0.270698935,24.408815384,0
793,1,1,-0.011013031,-0.600891709,2.907337189,0.000246049,0.407309532,0.270859152,24.423692703,0
794,1,1,-0.011013031,-0.600892544,2.907585144,0.000247957,0.407556534,0.271026969,24.438570023,0
795,1,1,-0.011013031,-0.600893319,2.907831192,0.000246049,0.407802582,0.271187186,24.453390121,0
796,1,1,-0.011013031,-0.600894094,2.908077240,0.000246049,0.408048630,0.271362662,24.468153000,0
797,1,1,-0.011013031,-0.600894988,2.908323288,0.000246050,0.408294678,0.271515250,24.482915878,0
798,1,1,-0.011013031,-0.600895762,2.908570290,0.000247003,0.408540726,0.271675467,24.497678757,0
799,1,1,-0.011013031,-0.600896597,2.908814430,0.000244142,0.408785820,0.271843314,24.512441635,0
800,1,1,-0.011013031,-0.600897312,2.909058571,0.000244142,0.409029961,0.272003531,24.527147293,0
801,1,1,-0.011013031,-0.600898147,2.909303665,0.000245096,0.409274101,0.272171378,24.541795731,0
802,1,1,-0.011013031,-0.600898981,2.909546852,0.000243188,0.409518242,0.272331595,24.556444168,0
803,1,1,-0.011011124,-0.600899816,2.909790039,0.000243196,0.409761429,0.272491813,24.571092606,0
804,1,1,-0.011013031,-0.600900531,2.910034180,0.000244149,0.410004616,0.272652030,24.585683823,0
805,1,1,-0.011013031,-0.600901365,2.910275459,0.000241281,0.410246849,0.272816062,24.600275040,0
806,1,1,-0.011013031,-0.600902140,2.910517693,0.000242235,0.410489082,0.272980094,24.614809036,0
807,1,1,-0.011013031,-0.600902975,2.910759926,0.000242235,0.410731316,0.273136497,24.629343033,0
808,1,1,-0.011013031,-0.600903690,2.910999775,0.000239850,0.410971642,0.273296714,24.643877029,0
809,1,1,-0.011013031,-0.600904524,2.911241055,0.000241281,0.411213398,0.273456931,24.658325195,0
810,1,1,-0.011013031,-0.600905299,2.911481857,0.000240804,0.411453724,0.273617148,24.672801971,0
811,1,1,-0.011013031,-0.600906134,2.911722183,0.000240327,0.411694050,0.273777366,24.687221527,0
812,1,1,-0.011011124,-0.600906909,2.911962986,0.000240812,0.411933899,0.273941398,24.701641083,0
813,1,1,-0.011013031,-0.600907624,2.912201881,0.000238904,0.412173271,0.274097800,24.716032028,0
814,1,1,-0.011013031,-0.600908399,2.912440777,0.000238897,0.412412167,0.274254203,24.730394363,0
815,1,1,-0.011013031,-0.600909233,2.912679195,0.000238420,0.412650585,0.274414420,24.744728088,0
816,1,1,-0.011013031,-0.600910008,2.912917137,0.000237943,0.412889004,0.274570853,24.759033203,0
817,1,1,-0.011013031,-0.600910783,2.913154602,0.000237466,0.413126469,0.274734885,24.773338318,0
818,1,1,-0.011013031,-0.600911498,2.913392544,0.000237943,0.413364172,0.274887472,24.787586212,0
819,1,1,-0.011013031,-0.600912333,2.913629293,0.000236751,0.413600922,0.275043875,24.801834106,0
820,1,1,-0.011013031,-0.600913107,2.913865805,0.000236512,0.413837433,0.275204092,24.816053391,0
821,1,1,-0.011013031,-0.600913882,2.914102316,0.000236512,0.414073706,0.275360495,24.830244064,0
822,1,1,-0.011013031,-0.600914657,2.914338350,0.000236036,0.414309502,0.275520712,24.844421387,0
823,1,1,-0.011013031,-0.600915432,2.914574146,0.000235797,0.414544940,0.275673300,24.858568192,0
824,1,1,-0.011013031,-0.600916207,2.914808512,0.000234367,0.414779902,0.275829703,24.872695923,0
825,1,1,-0.011013031,-0.600916982,2.915043354,0.000234844,0.415014505,0.275986105,24.886793137,0
826,1,1,-0.010652542,-0.586193204,2.895382404,0.024565678,0.389538735,0.625554502,24.900873184,0
827,1,1,-0.010751724,-0.584498644,2.895471096,0.001699776,0.389777154,0.611130595,23.742668152,0
828,1,1,-0.010829926,-0.582441807,2.895478725,0.002058337,0.389757842,0.616240442,23.752405167,0
829,1,1,-0.010890961,-0.580292463,2.895469666,0.002150229,0.389753968,0.621130049,23.760162354,0
830,1,1,-0.010942459,-0.578015327,2.895441532,0.002277892,0.389765054,0.625831008,23.768924713,0
831,1,1,-0.010988235,-0.575582385,2.895391703,0.002433883,0.389789283,0.630390763,23.778776169,0
832,1,1,-0.011028290,-0.572972178,2.895317078,0.002611580,0.389825195,0.634868979,23.789726257,0
833,1,1,-0.011056900,-0.570168674,2.895212650,0.002805595,0.389869571,0.639305711,23.801755905,0
834,1,1,-0.011087418,-0.567160606,2.895075083,0.003011366,0.389921367,0.643762350,23.814779282,0
835,1,1,-0.011106491,-0.563942909,2.894898653,0.003222587,0.389976829,0.648282766,23.828748703,0
836,1,1,-0.011125565,-0.560514331,2.894680977,0.003435534,0.390035540,0.652909338,23.843542099,0
837,1,1,-0.010929108,-0.559899032,2.893698215,0.001176013,0.389743775,0.618090153,23.859085083,0
838,1,1,-0.011217117,-0.560618222,2.892244816,0.001646983,0.389140308,0.568785191,23.813724518,0
839,1,1,-0.011211395,-0.557121158,2.891563416,0.003562836,0.388771176,0.577207327,23.733165741,0
840,1,1,-0.011205673,-0.553540945,2.890886307,0.003643684,0.388435930,0.586093605,23.724992752,0
841,1,1,-0.011236191,-0.559014976,2.890444517,0.005491914,0.389199525,0.494375020,23.719491959,0
842,1,1,-0.011257172,-0.564704955,2.890058994,0.005703063,0.389939249,0.413677186,23.670560837,0
843,1,1,-0.011270523,-0.570447087,2.889743567,0.005750805,0.390633881,0.347908586,23.629659653,0
844,1,1,-0.011507034,-0.577177525,2.889176369,0.006758434,0.391083151,0.292667836,23.597158432,0
845,1,1,-0.011440277,-0.588489115,2.887655258,0.011413602,0.390777498,0.259948671,23.549949646,0
846,1,1,-0.011383057,-0.592807651,2.887604237,0.004319216,0.391069263,0.264840931,23.434537888,0
847,1,1,-0.011335373,-0.596330106,2.887540340,0.003523358,0.391280681,0.273103803,23.427442551,0
848,1,1,-0.011293411,-0.599095464,2.887467384,0.002766638,0.391413599,0.281564772,23.422777176,0
849,1,1,-0.011253357,-0.602443457,2.887586117,0.003350337,0.391472071,0.288358033,23.419376373,0
850,1,1,-0.011220932,-0.603862822,2.887499809,0.001422357,0.391463190,0.292703062,23.416381836,0
851,1,1,-0.011190414,-0.606770098,2.887719154,0.002915699,0.391396403,0.294511348,23.413202286,0
852,1,1,-0.011159897,-0.607115567,2.887625217,0.000359310,0.391276926,0.293990642,23.409378052,0
853,1,1,-0.011140823,-0.608321428,2.887718678,0.001209628,0.391117811,0.291645288,23.404745102,0
854,1,1,-0.011131287,-0.609933496,2.887791634,0.001613745,0.391390353,0.312712044,23.399255753,0
855,1,1,-0.011123657,-0.611105800,2.887873650,0.001175194,0.391614586,0.334170192,23.393548965,0
856,1,1,-0.011116028,-0.611912847,2.887960434,0.000811735,0.391798496,0.354957908,23.387929916,0
857,1,1,-0.011106491,-0.612253785,2.887601852,0.000494885,0.391449630,0.370939612,23.382442474,0
858,1,1,-0.011093140,-0.613695502,2.887416840,0.001453601,0.391090095,0.385987401,23.349493027,0
859,1,1,-0.011085510,-0.613718867,2.887077332,0.000340397,0.390725821,0.400451124,23.317197800,0
860,1,1,-0.011075974,-0.614962816,2.886899948,0.001256569,0.390367061,0.414730459,23.285608292,0
861,1,1,-0.011072159,-0.615666151,2.886667252,0.000740839,0.390018702,0.429259479,23.254934311,0
862,1,1,-0.011062622,-0.616904974,2.886495590,0.001250696,0.389684826,0.444420248,23.225305557,0
863,1,1,-0.011058807,-0.617676616,2.886275291,0.000802482,0.389370561,0.460566849,23.196866989,0
864,1,1,-0.011056900,-0.619045019,2.886105537,0.001378894,0.389077693,0.478001893,23.169658661,0
865,1,1,-0.011053085,-0.620511532,2.885935783,0.001476310,0.388807505,0.496996135,23.143878937,0
866,1,1,-0.011049271,-0.622609973,2.885807991,0.002102332,0.388561755,0.517737508,23.119539261,0
867,1,1,-0.011051178,-0.624310970,2.885638237,0.001709448,0.388339132,0.540371954,23.096797943,0
868,1,1,-0.011043549,-0.624732852,2.885568619,0.000427655,0.387948006,0.542447329,23.075756073,0
869,1,1,-0.011037827,-0.625163317,2.885496140,0.000436561,0.387576312,0.544629931,23.052232742,0
870,1,1,-0.011035919,-0.625513911,2.884961128,0.000639654,0.386742473,0.544681787,23.029907227,0
871,1,1,-0.011035919,-0.625864029,2.884422302,0.000642585,0.385927528,0.544729948,22.980833054,0
872,1,1,-0.011037827,-0.626214027,2.883879662,0.000645726,0.385134459,0.544765472,22.933010101,0
873,1,1,-0.011035919,-0.626044035,2.883327484,0.000577755,0.384363234,0.544797242,22.886333466,0
874,1,1,-0.011035919,-0.626393318,2.882783890,0.000646137,0.383611977,0.544825494,22.840915680,0
875,1,1,-0.011034012,-0.626223087,2.882233620,0.000576003,0.382880718,0.544842362,22.796756744,0
876,1,1,-0.011035919,-0.626572847,2.881685257,0.000650413,0.382171363,0.544861078,22.753749847,0
877,1,1,-0.011034012,-0.626401901,2.881137848,0.000573483,0.381482005,0.544872344,22.711889267,0
878,1,1,-0.011034012,-0.626751184,2.880588531,0.000650959,0.380814552,0.544869125,22.671297073,0
879,1,1,-0.011032104,-0.626580477,2.880043030,0.000571592,0.380165219,0.544870317,22.631971359,0
880,1,1,-0.011034012,-0.626929522,2.879489899,0.000654056,0.379541636,0.544868112,22.593801498,0
881,1,1,-0.011032104,-0.626758575,2.878948212,0.000568024,0.378934234,0.544857562,22.556900024,0
882,1,1,-0.011034012,-0.626587152,2.878408432,0.000566349,0.378348738,0.544851482,22.521156311,0
883,1,1,-0.011030197,-0.626416922,2.877872467,0.000562362,0.377785146,0.544827819,22.486680984,0
884,1,1,-0.011030197,-0.626245975,2.877338409,0.000560750,0.377241522,0.544809759,22.453365326,0
885,1,1,-0.011030197,-0.626074791,2.876802444,0.000562639,0.376719773,0.544792235,22.421323776,0
886,1,1,-0.011030197,-0.625904560,2.876272202,0.000556899,0.376217961,0.544760704,22.390550613,0
887,1,1,-0.011028290,-0.625732422,2.875738144,0.000561117,0.375736088,0.544739664,22.360939026,0
888,1,1,-0.011028290,-0.625562668,2.875209808,0.000554937,0.375275999,0.544714391,22.332481384,0
889,1,1,-0.011026382,-0.625391960,2.874679565,0.000557048,0.374835789,0.544682682,22.305297852,0
890,1,1,-0.011024475,-0.625221252,2.874153137,0.000553418,0.374417335,0.544653118,22.279384613,0
891,1,1,-0.011022568,-0.625052452,2.873630524,0.000549201,0.374020547,0.544623077,22.254627228,0
892,1,1,-0.011022568,-0.624882698,2.873107910,0.000549492,0.373641610,0.544594288,22.231138229,0
893,1,1,-0.011018753,-0.624196053,2.872648239,0.000826314,0.373284340,0.544557989,22.208803177,0
894,1,1,-0.011020660,-0.624026775,2.872123718,0.000551163,0.372946769,0.544518888,22.187736511,0
895,1,1,-0.011016846,-0.623857021,2.871604919,0.000545878,0.372630686,0.544496357,22.167818069,0
896,1,1,-0.011014938,-0.623172760,2.871162415,0.000814879,0.372334182,0.544464827,22.149166107,0
897,1,1,-0.011014938,-0.623003960,2.870641708,0.000547383,0.372059107,0.544433296,22.131656647,0
898,1,1,-0.011013031,-0.622835159,2.870122910,0.000545573,0.371803492,0.544402421,22.115407944,0
899,1,1,-0.011007309,-0.622153282,2.869691849,0.000806723,0.371567309,0.544367075,22.100303650,0
900,1,1,-0.011007309,-0.621986389,2.869176865,0.000541352,0.371354222,0.544356167,22.086450577,0
901,1,1,-0.010038376,-0.581503391,2.800735474,0.079523809,0.289153755,1.451079249,22.073852539,0
902,1,1,-0.010116577,-0.578055859,2.802705765,0.003971605,0.290833443,1.230954766,17.987245560,0
903,1,1,-0.010101318,-0.572390556,2.803262711,0.005692633,0.290779859,1.150184035,18.074462891,0
904,1,1,-0.009880066,-0.565766335,2.803503036,0.006632271,0.290234536,1.132205129,18.097015381,0
905,1,1,-0.009876251,-0.558665276,2.804300308,0.007145677,0.290106714,1.154016972,18.115190506,0
906,1,1,-0.009838104,-0.550811291,2.804805756,0.007870325,0.289501041,1.209792256,18.179119110,0
907,1,1,-0.009820938,-0.542441845,2.805173874,0.008377555,0.288711220,1.279006720,18.240867615,0
908,1,1,-0.009799957,-0.533727884,2.805467606,0.008718935,0.287915081,1.349477768,18.308517456,0
909,1,1,-0.009780884,-0.524672031,2.805683136,0.009058438,0.287128627,1.420160413,18.384691238,0
910,1,1,-0.009759903,-0.515277505,2.805803299,0.009395318,0.286371559,1.490159273,18.469781876,0
911,1,1,-0.009737015,-0.505550742,2.805807114,0.009726791,0.285653919,1.558760285,18.563796997,0
912,1,1,-0.009714127,-0.495500088,2.805677414,0.010051518,0.284985542,1.625391603,18.666429520,0
913,1,1,-0.009695053,-0.485134006,2.805381775,0.010370315,0.284377903,1.689635277,18.777173996,0
914,1,1,-0.009677887,-0.474464655,2.804903030,0.010680100,0.283834636,1.751215339,18.895387650,0
915,1,1,-0.009666443,-0.463503361,2.804204941,0.010983507,0.283359051,1.809976816,19.020236969,0
916,1,1,-0.010292053,-0.472498178,2.804473877,0.009020558,0.283860981,1.569906473,19.150959015,0
917,1,1,-0.010803223,-0.488635540,2.804859161,0.016150052,0.284694403,1.244333863,18.831897736,0
918,1,1,-0.011943817,-0.602741480,2.784486771,0.115915924,0.273902237,0.751865625,18.408460617,0
919,1,1,-0.012012482,-0.595318794,2.785310745,0.007468595,0.271425039,0.480545878,15.996657372,0
920,1,1,-0.012132645,-0.593734980,2.786058426,0.001755544,0.271076202,0.405535430,16.005193710,0
921,1,1,-0.012228012,-0.597243309,2.786582947,0.003548604,0.271579295,0.435680121,16.034246445,0
922,1,1,-0.012315750,-0.603925467,2.787197113,0.006710896,0.272430062,0.507359147,16.056512833,0
923,1,1,-0.012220383,-0.613452673,2.772436142,0.017568808,0.255118549,0.307178825,16.084186554,0
924,1,1,-0.012300491,-0.616092205,2.772132874,0.002658104,0.255435377,0.370869339,15.201108932,0
925,1,1,-0.012384415,-0.619724512,2.772535324,0.003655498,0.256109267,0.431542426,15.195353508,0
926,1,1,-0.012445450,-0.622569323,2.772964478,0.002877646,0.256687075,0.483047038,15.214290619,0
927,1,1,-0.012500763,-0.623958349,2.773319244,0.001434683,0.257181287,0.525880754,15.231886864,0
928,1,1,-0.012538910,-0.626068115,2.773834229,0.002172044,0.257619113,0.561072826,15.248420715,0
929,1,1,-0.012569427,-0.627192616,2.774330139,0.001229375,0.258012116,0.589883387,15.264001846,0
930,1,1,-0.012594223,-0.627951264,2.774826050,0.000906691,0.258377969,0.613585651,15.278921127,0
931,1,1,-0.012746811,-0.628887773,2.775154114,0.001003970,0.258482993,0.632064462,15.293551445,0
932,1,1,-0.012729645,-0.629038572,2.775226593,0.000168192,0.258333176,0.644738495,15.294014931,0
933,1,1,-0.012716293,-0.629624963,2.775348663,0.000599110,0.258207530,0.656280816,15.281129837,0
934,1,1,-0.012701035,-0.630193114,2.775474548,0.000582131,0.258098036,0.667630076,15.269628525,0
935,1,1,-0.012687683,-0.630800009,2.775596619,0.000619193,0.258021921,0.679587960,15.259860039,0
936,1,1,-0.012672424,-0.630969763,2.775707245,0.000203193,0.257968515,0.692826211,15.251868248,0
937,1,1,-0.012660980,-0.631779075,2.775829315,0.000818546,0.257956743,0.707875788,15.245796204,0
938,1,1,-0.012647629,-0.632735133,2.775947571,0.000963437,0.257981896,0.725146830,15.242173195,0
939,1,1,-0.012634277,-0.633856535,2.776054382,0.001126556,0.258038789,0.744935751,15.241024017,0
940,1,1,-0.012620926,-0.635154963,2.776157379,0.001302575,0.258129597,0.767432928,15.242546082,0
941,1,1,-0.012611389,-0.635737896,2.776344299,0.000612243,0.258215725,0.779727697,15.246693611,0
942,1,1,-0.012590408,-0.635722876,2.776550293,0.000207603,0.258253545,0.783182442,15.251394272,0
943,1,1,-0.012592316,-0.635538816,2.776298523,0.000311881,0.257822007,0.782743275,15.253269196,0
944,1,1,-0.012584686,-0.635355473,2.776046753,0.000311547,0.257424504,0.782302797,15.228146553,0
945,1,1,-0.012584686,-0.635171890,2.775802612,0.000305462,0.257057279,0.781859875,15.204724312,0
946,1,1,-0.012582779,-0.634988785,2.775550842,0.000311319,0.256716400,0.781403959,15.183232307,0
947,1,1,-0.012578964,-0.634805202,2.775310516,0.000302446,0.256409496,0.780952394,15.163220406,0
948,1,1,-0.012578964,-0.634103775,2.775108337,0.000729984,0.256128907,0.780498505,15.145149231,0
949,1,1,-0.012571335,-0.633921146,2.774871826,0.000298913,0.255885959,0.780043244,15.128783226,0
950,1,1,-0.012577057,-0.633739471,2.774627686,0.000304373,0.255661547,0.779581249,15.114130974,0
951,1,1,-0.012569427,-0.633040428,2.774452209,0.000720771,0.255478501,0.779124141,15.101194382,0
952,1,1,-0.012567520,-0.632342815,2.774276733,0.000719346,0.255317599,0.778664827,15.090199471,0
953,1,1,-0.012565613,-0.632161140,2.774036407,0.000301274,0.255190223,0.778207183,15.080910683,0
954,1,1,-0.012565613,-0.631465912,2.773880005,0.000712604,0.255088687,0.777753353,15.073108673,0
955,1,1,-0.012557983,-0.630771637,2.773727417,0.000710886,0.255020291,0.777299345,15.067244530,0
956,1,1,-0.012557983,-0.630080223,2.773582458,0.000706446,0.254981279,0.776856005,15.063314438,0
957,1,1,-0.012554169,-0.629388809,2.773441315,0.000705684,0.254967660,0.776402295,15.060858727,0
958,1,1,-0.012552261,-0.628698349,2.773315430,0.000701845,0.254986912,0.775972724,15.060099602,0
959,1,1,-0.012548447,-0.628010750,2.773185730,0.000699735,0.255035013,0.775527418,15.061264038,0
960,1,1,-0.012527466,-0.626404762,2.773365021,0.001616101,0.254718184,0.691124320,15.064120293,0
961,1,1,-0.012504578,-0.623766899,2.773620605,0.002650315,0.254182190,0.585463822,15.076572418,0
962,1,1,-0.012481689,-0.621873856,2.773628235,0.001893197,0.253638148,0.479927808,15.081259727,0
963,1,1,-0.012454987,-0.617968559,2.774089813,0.003932570,0.253101468,0.378053308,15.083620071,0
964,1,1,-0.012435913,-0.615360260,2.774219513,0.002611592,0.252596557,0.284679800,15.085089684,0
965,1,1,-0.013174057,-0.610644341,2.773445129,0.004835744,0.250589252,0.184058875,15.087623596,0
966,1,1,-0.012186050,-0.606935501,2.771812439,0.004171010,0.247993067,0.185559049,15.015684128,0
967,1,1,-0.012186050,-0.603506088,2.772308350,0.003465083,0.247823447,0.229846179,14.915838242,0
968,1,1,-0.012186050,-0.600147247,2.772823334,0.003398091,0.247707933,0.283062041,14.935021400,0
969,1,1,-0.012178421,-0.595320702,2.773708344,0.004907020,0.247643545,0.338028610,14.959069252,0
970,1,1,-0.011966705,-0.586758614,2.764255524,0.012755781,0.235586375,0.671389937,14.988016129,0
971,1,1,-0.011974335,-0.581297874,2.764453888,0.005464346,0.234781772,0.706954837,14.433895111,0
972,1,1,-0.011968613,-0.576403618,2.764431000,0.004894313,0.233938813,0.742783308,14.430132866,0
973,1,1,-0.011957169,-0.571453094,2.764411926,0.004950573,0.233122453,0.778833330,14.427419662,0
974,1,1,-0.011943817,-0.566399574,2.764389038,0.005053590,0.232340738,0.815093994,14.429830551,0
975,1,1,-0.011884689,-0.561382294,2.764976501,0.005051902,0.232196718,0.851057708,14.437637329,0
976,1,1,-0.011871338,-0.555840492,2.765632629,0.005580524,0.231800616,0.926403403,14.485166550,0
977,1,1,-0.011857986,-0.550084114,2.766307831,0.005795857,0.231415585,1.001789927,14.547649384,0
978,1,1,-0.011842728,-0.544112206,2.767005920,0.006012591,0.231050700,1.076295376,14.617791176,0
979,1,1,-0.012025833,-0.543098450,2.768306732,0.001659319,0.231729567,1.066365242,14.695580482,0
980,1,1,-0.012187958,-0.547261715,2.769718170,0.004399002,0.232976303,0.974702537,14.740303993,0
981,1,1,-0.012315750,-0.551625252,2.771060944,0.004567256,0.234246939,0.884563446,14.722089767,0
982,1,1,-0.012426376,-0.556020260,2.772327423,0.004575184,0.235520706,0.798669159,14.707914352,0
983,1,1,-0.012506485,-0.560296059,2.773532867,0.004443193,0.236796156,0.719135463,14.700301170,0
984,1,1,-0.012239456,-0.585328102,2.769031525,0.025434949,0.235084951,0.287840039,14.700651169,0
985,1,1,-0.012422562,-0.587060690,2.769657135,0.001851155,0.235563144,0.296734244,14.240444183,0
986,1,1,-0.012510300,-0.586683750,2.770442963,0.000875960,0.236050054,0.313865572,14.273128510,0
987,1,1,-0.012592316,-0.587440491,2.771144867,0.001035400,0.236536250,0.333317339,14.312577248,0
988,1,1,-0.012649536,-0.586245775,2.771938324,0.001435337,0.237017110,0.354242146,14.353211403,0
989,1,1,-0.012704849,-0.586480379,2.772644043,0.000745746,0.237499833,0.375852168,14.395071030,0
990,1,1,-0.012742996,-0.584517241,2.773441315,0.002119200,0.237988323,0.397490054,14.437994957,0
991,1,1,-0.012777328,-0.583225727,2.774185181,0.001490813,0.238483205,0.418588340,14.482059479,0
992,1,1,-0.012802124,-0.581720114,2.774936676,0.001682924,0.238993511,0.438697308,14.527109146,0
993,1,1,-0.012825012,-0.580014348,2.775680542,0.001861047,0.239513397,0.457504988,14.572989464,0
994,1,1,-0.012844086,-0.578136683,2.776420593,0.002018333,0.240049094,0.474761933,14.619976997,0
995,1,1,-0.012859344,-0.576115131,2.777153015,0.002150196,0.240607068,0.490345657,14.667662621,0
996,1,1,-0.012872696,-0.573974788,2.777866364,0.002256128,0.241171345,0.504206479,14.716308594,0
997,1,1,-0.012920380,-0.571835577,2.778507233,0.002233654,0.241700888,0.515108705,14.765261650,0
998,1,1,-0.012958527,-0.575970113,2.779121399,0.004180077,0.242860809,0.428485841,14.810033798,0
999,1,1,-0.012981415,-0.580270648,2.779705048,0.004340020,0.244019657,0.346605301,14.812047005,0
1000,1,1,-0.012990952,-0.585427523,2.780284882,0.005189379,0.245141312,0.276100248,14.818875313,0
1001,1,1,-0.012998581,-0.588396549,2.780826569,0.003018046,0.246214703,0.220620200,14.832006454,0
1002,1,1,-0.013000488,-0.592520654,2.781379700,0.004161033,0.247231975,0.183770478,14.850868225,0
1003,1,1,-0.012994766,-0.596083164,2.781917572,0.003602890,0.248177528,0.167047724,14.874554634,0
1004,1,1,-0.012990952,-0.599080801,2.782451630,0.003044841,0.249058902,0.166898862,14.901779175,0
1005,1,1,-0.012981415,-0.601526618,2.782978058,0.002501847,0.249868780,0.176049680,14.931932449,0
1006,1,1,-0.012971878,-0.603446603,2.783493042,0.001987874,0.250600547,0.187925339,14.963578224,0
1007,1,1,-0.012964249,-0.604876220,2.784011841,0.001520860,0.251282573,0.198762864,14.995895386,0
1008,1,1,-0.012954712,-0.605859041,2.784526825,0.001109611,0.251898140,0.206798792,15.028705597,0
1009,1,1,-0.012945175,-0.606442690,2.785041809,0.000778425,0.252465397,0.211510554,15.061105728,0
1010,1,1,-0.012939453,-0.607980013,2.785560608,0.001622513,0.252987832,0.213062018,15.093048096,0
1011,1,1,-0.012933731,-0.607918262,2.786075592,0.000518705,0.253469259,0.211908683,15.124405861,0
1012,1,1,-0.012926102,-0.607609987,2.786582947,0.000593718,0.253925264,0.208683819,15.155162811,0
1013,1,1,-0.012918472,-0.608406365,2.787097931,0.000948411,0.254356325,0.204038605,15.185148239,0
1014,1,1,-0.012912750,-0.607748628,2.787601471,0.000828374,0.254766852,0.198640749,15.214929581,0
1015,1,1,-0.012910843,-0.606981158,2.788108826,0.000920012,0.255172640,0.193032965,15.243947029,0
1016,1,1,-0.012908936,-0.606141865,2.788616180,0.000980727,0.255570471,0.187724054,15.273018837,0
1017,1,1,-0.012905121,-0.605264068,2.789119720,0.001011976,0.255968392,0.183003768,15.302029610,0
1018,1,1,-0.012908936,-0.605678976,2.789611816,0.000643678,0.256366819,0.179116756,15.330842018,0
1019,1,1,-0.012905121,-0.604806304,2.790119171,0.001009445,0.256773531,0.176161602,15.359758377,0
1020,1,1,-0.012903214,-0.603968501,2.790626526,0.000979452,0.257184952,0.174083084,15.388819695,0
1021,1,1,-0.012905121,-0.603181124,2.791122437,0.000930534,0.257601112,0.172789559,15.418049812,0
1022,1,1,-0.012901306,-0.602455795,2.791622162,0.000880819,0.258037180,0.172153234,15.447220802,0
1023,1,1,-0.012903214,-0.601801097,2.792118073,0.000821316,0.258470237,0.172002286,15.476778030,0
1024,1,1,-0.012901306,-0.601221800,2.792613983,0.000762572,0.258915454,0.172188312,15.506246567,0
1025,1,1,-0.012903214,-0.600720763,2.793113708,0.000707649,0.259376466,0.172559232,15.535599709,0
1026,1,1,-0.012901306,-0.600297570,2.793605804,0.000649041,0.259837896,0.173034489,15.565269470,0
1027,1,1,-0.012903214,-0.599950254,2.794101715,0.000605442,0.260311067,0.173537299,15.594772339,0
1028,1,1,-0.012903214,-0.599675655,2.794593811,0.000563527,0.260788202,0.174021780,15.624544144,0
1029,1,1,-0.012905121,-0.599468648,2.795085907,0.000533867,0.261273056,0.174438134,15.654109955,0
1030,1,1,-0.012903214,-0.599323988,2.795578003,0.000512922,0.261757880,0.174817577,15.683452606,0
1031,1,1,-0.012907028,-0.599235237,2.796066284,0.000496296,0.262250304,0.175141871,15.713023186,0
1032,1,1,-0.012905121,-0.599195361,2.796558380,0.000493713,0.262746453,0.175410584,15.742356300,0
1033,1,1,-0.012905121,-0.599197924,2.797046661,0.000488288,0.263238668,0.175667763,15.771679878,0
1034,1,1,-0.012905121,-0.599236488,2.797534943,0.000489802,0.263738483,0.175915778,15.800991058,0
1035,1,1,-0.012905121,-0.599303901,2.798023224,0.000492913,0.264234364,0.176117241,15.830291748,0
1036,1,1,-0.012908936,-0.599394441,2.798503876,0.000489120,0.264730155,0.176376581,15.859354019,0
1037,1,1,-0.012907028,-0.599502265,2.798988342,0.000496324,0.265225917,0.176608875,15.888411522,0
1038,1,1,-0.012908936,-0.599622071,2.799472809,0.000499064,0.265721649,0.176863462,15.917463303,0
1039,1,1,-0.012908936,-0.599749446,2.799957275,0.000500931,0.266217351,0.177134007,15.946515083,0
1040,1,1,-0.012907028,-0.599879861,2.800430298,0.000490675,0.266705453,0.177412197,15.975565910,0
1041,1,1,-0.012908936,-0.600010097,2.800914764,0.000501670,0.267201185,0.177726880,16.004390717,0
1042,1,1,-0.012908936,-0.600136995,2.801403046,0.000504502,0.267689317,0.178014681,16.033216476,0
1043,1,1,-0.012908936,-0.600258291,2.801868439,0.000480940,0.268173665,0.178337678,16.062274933,0
1044,1,1,-0.012910843,-0.600371897,2.802349091,0.000493899,0.268661857,0.178662911,16.090879440,0
1045,1,1,-0.012912750,-0.600476325,2.802833557,0.000495597,0.269150078,0.178984240,16.119714737,0
1046,1,1,-0.012912750,-0.600570798,2.803306580,0.000482364,0.269623071,0.179315224,16.148551941,0
1047,1,1,-0.012914658,-0.600654542,2.803783417,0.000484139,0.270103723,0.179623947,16.176931381,0
1048,1,1,-0.012912750,-0.600727439,2.804267883,0.000489924,0.270584375,0.179947674,16.205772400,0
1049,1,1,-0.012910843,-0.600789487,2.804733276,0.000469515,0.271057397,0.180255383,16.234155655,0
1050,1,1,-0.012912750,-0.600840807,2.805213928,0.000483388,0.271530449,0.180577323,16.262538910,0
1051,1,1,-0.012912750,-0.600881875,2.805683136,0.000471002,0.272003502,0.180905893,16.290922165,0
1052,1,1,-0.012912750,-0.600913465,2.806163788,0.000481689,0.272476584,0.181210712,16.319307327,0
1053,1,1,-0.012910843,-0.600936294,2.806617737,0.000454527,0.272941977,0.181530103,16.347688675,0
1054,1,1,-0.012912750,-0.600951135,2.807098389,0.000480885,0.273422688,0.181833774,16.376073837,0
1055,1,1,-0.012916565,-0.600959063,2.807571411,0.000473104,0.273895711,0.182144836,16.404453278,0
1056,1,1,-0.012914658,-0.600960672,2.808052063,0.000480658,0.274353534,0.182455793,16.432836533,0
1057,1,1,-0.012910843,-0.600956917,2.808502197,0.000450166,0.274818897,0.182782114,16.460758209,0
1058,1,1,-0.012912750,-0.600949228,2.808982849,0.000480717,0.275291950,0.183062822,16.488681793,0
1059,1,1,-0.012912750,-0.600937724,2.809440613,0.000457908,0.275757343,0.183381900,16.517063141,0
1060,1,1,-0.012912750,-0.600923538,2.809913635,0.000473235,0.276215106,0.183693588,16.544986725,0
1061,1,1,-0.012912750,-0.600907445,2.810371399,0.000458046,0.276688129,0.183997899,16.572908401,0
1062,1,1,-0.012910843,-0.600890160,2.810852051,0.000480966,0.277145922,0.184310049,16.600830078,0
1063,1,1,-0.012912750,-0.600872040,2.811302185,0.000450503,0.277611315,0.184607118,16.628753662,0
1064,1,1,-0.012910843,-0.600853980,2.811767578,0.000465747,0.278076708,0.184927195,16.656677246,0
