tick,support,on_floor,local_x,local_y,local_z,slip_m,bus_write_m,package_write_m,platform_speed,dual_contact
1,1,1,0.000000000,-0.599008143,2.466674805,0.033330038,0.000000000,0.000000000,0.000000000,0
2,1,1,0.000000000,-0.599510193,2.434265137,0.032413557,0.001023691,0.001029918,0.000000000,0
3,1,1,0.000000000,-0.599655271,2.401840210,0.032425251,0.001964350,0.001938157,0.063430943,0
4,1,1,0.000000000,-0.599747896,2.369430542,0.032409802,0.002934451,0.002887243,0.117353760,0
5,1,1,-0.000001907,-0.599795640,2.337020874,0.032409705,0.003862551,0.003793859,0.172400787,0
6,1,1,-0.000001907,-0.599806070,2.304595947,0.032424927,0.004792082,0.004701384,0.226506978,0
7,1,1,-0.000001907,-0.599786699,2.272171021,0.032424930,0.005722301,0.005609771,0.280575693,0
8,1,1,0.000000000,-0.599744678,2.239730835,0.032440212,0.006652871,0.006549545,0.335581541,0
9,1,1,0.000000000,-0.599685669,2.207290649,0.032440238,0.007553102,0.007444705,0.389764875,0
10,1,1,0.000000000,-0.599615812,2.174835205,0.032455519,0.008453418,0.008356108,0.444054544,0
11,1,1,-0.000001907,-0.599539638,2.142395020,0.032440275,0.009338506,0.009237940,0.498463243,0
12,1,1,0.000000000,-0.599461317,2.109939575,0.032455541,0.010238852,0.010151104,0.552071214,0
13,1,1,0.000000000,-0.599384189,2.077514648,0.032425020,0.011139184,0.011064968,0.606695354,0
14,1,1,0.000000000,-0.599310517,2.045028687,0.032486048,0.012024237,0.011948879,0.661406040,0
15,1,1,0.000000000,-0.599243045,2.012588501,0.032440256,0.012909266,0.012863730,0.715270460,0
16,1,1,-0.009513855,-0.599165797,2.004226685,0.012666467,0.013794275,0.013748370,0.773567319,1
17,1,1,-0.019611359,-0.599111557,1.995254517,0.013507862,0.014694529,0.014648475,0.826287389,1
18,1,1,-0.030288696,-0.599064350,1.985549927,0.014428681,0.015564251,0.015548707,0.879961550,1
19,1,1,-0.042318344,-0.599030852,1.976486206,0.015062024,0.016464485,0.016449006,0.933674216,1
20,1,1,-0.056533813,-0.598994434,1.969161987,0.015991407,0.017334197,0.017318817,0.987425327,1
21,1,1,-0.071510315,-0.598973513,1.960266113,0.017419318,0.018234426,0.018234404,1.039382577,1
22,1,1,-0.087093353,-0.598951757,1.949661255,0.018849259,0.019119399,0.019119460,1.094122410,1
23,1,1,-0.103113174,-0.598935485,1.937103271,0.020355292,0.020004377,0.020019755,1.147166371,1
24,1,1,-0.119358063,-0.598924041,1.922454834,0.021874031,0.020889357,0.020904772,1.201181173,1
25,1,1,-0.133651733,-0.598916411,1.903640747,0.023627928,0.021789603,0.021789772,1.253960967,1
26,1,1,-0.149410248,-0.598913312,1.884231567,0.025000941,0.022674596,0.022690019,1.308293700,1
27,1,1,-0.164329529,-0.598912597,1.862289429,0.026533797,0.023544332,0.023559742,1.361391664,1
28,1,1,-0.176181793,-0.598917723,1.836761475,0.028145207,0.024444591,0.024459975,1.414489508,1
29,1,1,-0.186355591,-0.598923445,1.809112549,0.029461319,0.025314337,0.025329696,1.467587709,1
30,1,1,-0.195802689,-0.598926604,1.780136108,0.030477561,0.026214601,0.026229935,1.520686150,1
31,1,1,-0.200284958,-0.598938406,1.748733521,0.031720866,0.027084351,0.027099662,1.573369861,1
32,1,1,-0.201711655,-0.598950267,1.716506958,0.032258131,0.027984619,0.027999911,1.625585794,1
33,1,1,-0.200128555,-0.599063873,1.684005737,0.032539953,0.028854372,0.028854389,1.679639578,1
34,1,1,-0.200878143,-0.598972797,1.651626587,0.032387953,0.029739382,0.029754648,1.732170343,1
35,1,1,-0.200992584,-0.598985016,1.619201660,0.032425132,0.030624393,0.030639652,1.785271287,1
36,1,1,-0.200994492,-0.598996758,1.586791992,0.032409668,0.031494144,0.031494141,1.837457180,1
37,1,1,-0.200994492,-0.599007070,1.554367065,0.032424927,0.032379154,0.032379150,1.890558600,1
38,1,1,-0.200996399,-0.599016011,1.521942139,0.032424927,0.033233646,0.033233643,1.942744613,1
39,1,1,-0.200996399,-0.599024057,1.489501953,0.032440186,0.034118656,0.034133911,1.994930625,1
40,1,1,-0.200996399,-0.599030375,1.457092285,0.032409668,0.034988407,0.034988407,2.047116995,1
41,1,1,-0.200996399,-0.599036336,1.424667358,0.032424927,0.035858158,0.035858158,2.099302530,1
42,1,1,-0.201000214,-0.599040926,1.392242432,0.032424927,0.036727909,0.036727909,2.151488543,1
43,1,1,-0.201000214,-0.599044740,1.359802246,0.032440186,0.037582401,0.037582401,2.203674078,1
44,1,1,-0.201002121,-0.599047601,1.327362061,0.032440186,0.038452152,0.038452156,2.254944086,1
45,1,1,-0.199270248,-0.599151611,1.294921875,0.032486547,0.039321903,0.039306644,2.307129145,0
46,1,1,-0.198499680,-0.599153638,1.262405396,0.032525610,0.040176392,0.040176395,2.359314442,0
47,1,1,-0.196760178,-0.599155307,1.229965210,0.032486789,0.041046143,0.041046146,2.410584211,0
48,1,1,-0.195024490,-0.599156737,1.197509766,0.032501824,0.041885376,0.041885380,2.461853743,0
49,1,1,-0.193281174,-0.599157929,1.165054321,0.032502230,0.042739868,0.042739872,2.513123512,0
50,1,1,-0.191545486,-0.599159181,1.132583618,0.032517061,0.043609619,0.043609619,2.564392805,0
51,1,1,-0.189809799,-0.599160075,1.100112915,0.032517061,0.044448853,0.044448853,2.616578102,0
52,1,1,-0.188077927,-0.599161148,1.067657471,0.032501619,0.045303345,0.045303345,2.666931868,0
53,1,1,-0.186342239,-0.599162400,1.035232544,0.032471348,0.046173096,0.046173096,2.718201160,0
54,1,1,-0.184608459,-0.599163532,1.002761841,0.032516956,0.047012329,0.047012329,2.769470692,0
55,1,1,-0.182876587,-0.599165201,0.970291138,0.032516856,0.047851563,0.047836304,2.820740223,0
56,1,1,-0.181148529,-0.599166572,0.937835693,0.032501414,0.048706055,0.048706055,2.871093988,0
57,1,1,-0.179422379,-0.599168539,0.905364990,0.032516554,0.049545288,0.049545288,2.922363520,0
58,1,1,-0.177692413,-0.599170327,0.872894287,0.032516755,0.050384521,0.050384521,2.972717524,0
59,1,1,-0.175964355,-0.599172354,0.840423584,0.032516655,0.051223755,0.051223755,3.023071289,0
60,1,1,-0.174236298,-0.599174023,0.807968140,0.032501414,0.052078247,0.052078247,3.073425293,0
61,1,1,-0.172512054,-0.599176526,0.775497437,0.032516450,0.052917480,0.052917480,3.124694586,0
62,1,1,-0.170783997,-0.599179089,0.743011475,0.032531891,0.053741455,0.053741455,3.175048590,0
63,1,1,-0.169057846,-0.599182069,0.710540771,0.032516554,0.054580688,0.054580688,3.224487066,0
64,1,1,-0.167335510,-0.599184632,0.678070068,0.032516349,0.055419922,0.055419922,3.274841309,0
65,1,1,-0.165611267,-0.599187493,0.645599365,0.032516450,0.056259155,0.056259155,3.325195074,0
66,1,1,-0.163890839,-0.599190295,0.613113403,0.032531485,0.057083130,0.057083130,3.375549078,0
67,1,1,-0.162168503,-0.599193215,0.580642700,0.032516349,0.057922363,0.057922363,3.424987555,0
68,1,1,-0.160448074,-0.599196315,0.548141479,0.032546725,0.058746338,0.058746338,3.475341558,0
69,1,1,-0.158725739,-0.599199057,0.515655518,0.032531589,0.059570313,0.059570313,3.524780035,0
70,1,1,-0.157007217,-0.599202275,0.483169556,0.032531384,0.060394287,0.060394287,3.574218512,0
71,1,1,-0.155290604,-0.599205077,0.450683594,0.032531284,0.061218262,0.061218262,3.623656988,0
72,1,1,-0.153573990,-0.599208236,0.418197632,0.032531284,0.062042236,0.062042236,3.673095465,0
73,1,1,-0.151859283,-0.599211216,0.385711670,0.032531183,0.062866211,0.062866211,3.722533941,0
74,1,1,-0.150142670,-0.599213898,0.353240967,0.032516047,0.063690186,0.063690186,3.771972418,0
75,1,1,-0.148427963,-0.599217057,0.320755005,0.032531183,0.064514160,0.064514160,3.821410894,0
76,1,1,-0.146715164,-0.599219978,0.288269043,0.032531083,0.065338135,0.065338135,3.870849371,0
77,1,1,-0.145004272,-0.599222839,0.255767822,0.032546222,0.066146851,0.066146851,3.920287848,0
78,1,1,-0.143295288,-0.599225760,0.223281860,0.032530881,0.066970825,0.066970825,3.968810797,0
79,1,1,-0.141584396,-0.599228561,0.190765381,0.032561459,0.067779541,0.067779541,4.018249512,0
80,1,1,-0.139873505,-0.599231243,0.158264160,0.032546222,0.068588257,0.068588257,4.066772461,0
81,1,1,-0.138164520,-0.599234104,0.125778198,0.032530881,0.069396973,0.069396973,4.115295410,0
82,1,1,-0.136455536,-0.599236846,0.093276978,0.032546122,0.070205688,0.070205688,4.163818359,0
83,1,1,-0.134748459,-0.599239469,0.060760498,0.032561257,0.071014404,0.071014404,4.212341309,0
84,1,1,-0.133043289,-0.599242210,0.028244019,0.032561157,0.071823120,0.071823120,4.260864258,0
85,1,1,-0.131338120,-0.599244773,-0.004272461,0.032561157,0.072631836,0.072631836,4.309387207,0
86,1,1,-0.129632950,-0.599247575,-0.036788940,0.032561157,0.073440552,0.073440552,4.357910156,0
87,1,1,-0.127933502,-0.599250078,-0.069305420,0.032560859,0.074249268,0.074249268,4.406433105,0
88,1,1,-0.126230240,-0.599252760,-0.101852417,0.032591533,0.075042725,0.075042725,4.454956055,0
89,1,1,-0.124532700,-0.599255323,-0.134368896,0.032560758,0.075851440,0.075851440,4.502563477,0
90,1,1,-0.122833252,-0.599257827,-0.166900635,0.032576099,0.076644897,0.076644897,4.551086426,0
91,1,1,-0.121137619,-0.599260390,-0.199432373,0.032575898,0.077438354,0.077438354,4.598693371,0
92,1,1,-0.119440079,-0.599262834,-0.231948853,0.032560758,0.078247070,0.078247070,4.646300793,0
93,1,1,-0.117748260,-0.599265575,-0.264480591,0.032575700,0.079040527,0.079040527,4.694823742,0
94,1,1,-0.116054535,-0.599267960,-0.297012329,0.032575801,0.079833984,0.079833984,4.742431164,0
95,1,1,-0.114364624,-0.599270582,-0.329544067,0.032575600,0.080627441,0.080627441,4.790038586,0
96,1,1,-0.112672806,-0.599273205,-0.362075806,0.032575700,0.081420898,0.081420898,4.837646008,0
97,1,1,-0.110984802,-0.599275649,-0.394622803,0.032590739,0.082199097,0.082199097,4.885253429,0
98,1,1,-0.109292984,-0.599278092,-0.427154541,0.032575700,0.082992554,0.082992554,4.931945324,0
99,1,1,-0.107606888,-0.599280715,-0.459686279,0.032575406,0.083786011,0.083786011,4.979552746,0
100,1,1,-0.105918884,-0.599283218,-0.492233276,0.032590739,0.084564209,0.084564209,5.027160168,0
101,1,1,-0.104234695,-0.599285841,-0.524765015,0.032575306,0.085357666,0.085357666,5.073852062,0
102,1,1,-0.102546692,-0.599288344,-0.557312012,0.032590739,0.086135864,0.086135864,5.121459484,0
103,1,1,-0.100866318,-0.599290967,-0.589859009,0.032590345,0.086914063,0.086914063,5.168151379,0
104,1,1,-0.099184036,-0.599293470,-0.622390747,0.032575205,0.087707520,0.087707520,5.214843273,0
105,1,1,-0.097503662,-0.599295914,-0.654937744,0.032590345,0.088485718,0.088485718,5.262450695,0
106,1,1,-0.095825195,-0.599298537,-0.687469482,0.032575011,0.089263916,0.089263916,5.309142590,0
107,1,1,-0.094146729,-0.599300981,-0.720016479,0.032590248,0.090042114,0.090042114,5.355834484,0
108,1,1,-0.092472076,-0.599303484,-0.752578735,0.032605290,0.090805054,0.090805054,5.402526379,0
109,1,1,-0.090795517,-0.599306226,-0.785125732,0.032590151,0.091583252,0.091583252,5.448302746,0
110,1,1,-0.089120865,-0.599308610,-0.817672729,0.032590050,0.092361450,0.092361450,5.494994640,0
111,1,1,-0.087448120,-0.599311113,-0.850234985,0.032605194,0.093124390,0.093124390,5.541686535,0
112,1,1,-0.085775375,-0.599313736,-0.882781982,0.032589953,0.093902588,0.093902588,5.587462902,0
113,1,1,-0.084106445,-0.599316120,-0.915359497,0.032620236,0.094665527,0.094665527,5.634154797,0
114,1,1,-0.082435608,-0.599319339,-0.947906494,0.032589857,0.095443726,0.095443726,5.679931164,0
115,1,1,-0.080768585,-0.599321127,-0.980468750,0.032604899,0.096206665,0.096206665,5.726623058,0
116,1,1,-0.079105377,-0.599323690,-1.013031006,0.032604706,0.096969604,0.096969604,5.772399426,0
117,1,1,-0.077440262,-0.599326134,-1.045593262,0.032604802,0.097732544,0.097732544,5.818175793,0
118,1,1,-0.075778961,-0.599328697,-1.078155518,0.032604609,0.098495483,0.098495483,5.863952160,0
119,1,1,-0.074121475,-0.599331081,-1.110717773,0.032604415,0.099258423,0.099258423,5.909728527,0
120,1,1,-0.072463989,-0.599333763,-1.143280029,0.032604415,0.100021362,0.100021362,5.955504894,0
121,1,1,-0.070810318,-0.599336326,-1.175842285,0.032604218,0.100784302,0.100784302,6.001281261,0
122,1,1,-0.069154739,-0.599338651,-1.208419800,0.032619555,0.101531982,0.101531982,6.047057629,0
123,1,1,-0.067499161,-0.599341154,-1.240982056,0.032604318,0.102294922,0.102294922,6.091918468,0
124,1,1,-0.065849304,-0.599343657,-1.273544312,0.032604028,0.103057861,0.103057861,6.137694836,0
125,1,1,-0.064201355,-0.599346042,-1.306121826,0.032619171,0.103805542,0.103805542,6.183471203,0
126,1,1,-0.062555313,-0.599348545,-1.338699341,0.032619074,0.104553223,0.104553223,6.228332043,0
127,1,1,-0.060911179,-0.599351108,-1.371246338,0.032588497,0.105316162,0.105316162,6.273192883,0
128,1,1,-0.059267044,-0.599353552,-1.403839111,0.032634217,0.106063843,0.106063843,6.318969250,0
129,1,1,-0.057624817,-0.599355936,-1.436416626,0.032618880,0.106811523,0.106811523,6.363830090,0
130,1,1,-0.055984497,-0.599358320,-1.468994141,0.032618787,0.107559204,0.107559204,6.408690929,0
131,1,1,-0.054346085,-0.599360764,-1.501571655,0.032618690,0.108306885,0.108306885,6.453551769,0
132,1,1,-0.052709579,-0.599363387,-1.534149170,0.032618593,0.109054565,0.109054565,6.498412609,0
133,1,1,-0.051078796,-0.599365830,-1.566741943,0.032633547,0.109786987,0.109786987,6.543273449,0
134,1,1,-0.049448013,-0.599368215,-1.599319458,0.032618307,0.110534668,0.110534668,6.587218761,0
135,1,1,-0.047821045,-0.599370480,-1.631896973,0.032618117,0.111282349,0.111282349,6.632079601,0
136,1,1,-0.046195984,-0.599372864,-1.664505005,0.032648500,0.112014771,0.112014771,6.676940441,0
137,1,1,-0.044572830,-0.599375188,-1.697097778,0.032633167,0.112762451,0.112762451,6.720885754,0
138,1,1,-0.042953491,-0.599377751,-1.729705811,0.032648217,0.113494873,0.113494873,6.765746593,0
139,1,1,-0.041334152,-0.599380255,-1.762313843,0.032648217,0.114227295,0.114227295,6.809691906,0
140,1,1,-0.039718628,-0.599382579,-1.794921875,0.032648027,0.114974976,0.114974976,6.853637218,0
141,1,1,-0.038108826,-0.599384844,-1.827529907,0.032647744,0.115707397,0.115707397,6.898498058,0
142,1,1,-0.036499023,-0.599387407,-1.860137939,0.032647744,0.116439819,0.116439819,6.942443371,0
143,1,1,-0.034893036,-0.599389672,-1.892745972,0.032647558,0.117172241,0.117172241,6.986388683,0
144,1,1,-0.033288956,-0.599392295,-1.925354004,0.032647464,0.117904663,0.117904663,7.030333996,0
145,1,1,-0.031686783,-0.599394560,-1.957977295,0.032662611,0.118621826,0.118621826,7.074279308,0
146,1,1,-0.030090332,-0.599397063,-1.990570068,0.032631848,0.119354248,0.119354248,7.117309093,0
147,1,1,-0.028499603,-0.599399269,-2.023178101,0.032646809,0.120086670,0.120086670,7.161254406,0
148,1,1,-0.026910782,-0.599401593,-2.055801392,0.032661956,0.120803833,0.120803833,7.205199718,0
149,1,1,-0.025327682,-0.599404216,-2.088409424,0.032646440,0.121536255,0.121536255,7.248229504,0
150,1,1,-0.023746490,-0.599406362,-2.121032715,0.032661587,0.122253418,0.122253418,7.292174816,0
151,1,1,-0.022172928,-0.599408031,-2.153640747,0.032645978,0.122985840,0.122985840,7.335204601,0
152,1,1,-0.020601273,-0.599411368,-2.186264038,0.032661129,0.123703003,0.123703003,7.379149914,0
153,1,1,-0.019033432,-0.599413514,-2.218887329,0.032660943,0.124420166,0.124420166,7.422179699,0
154,1,1,-0.017471313,-0.599416018,-2.251510620,0.032660671,0.125137329,0.125137329,7.465209484,0
155,1,1,-0.015918732,-0.599418163,-2.284133911,0.032660216,0.125854492,0.125854492,7.508239269,0
156,1,1,-0.014368057,-0.599420786,-2.316757202,0.032660123,0.126571655,0.126571655,7.551269054,0
157,1,1,-0.012826920,-0.599422872,-2.349380493,0.032659672,0.127288818,0.127288818,7.594298840,0
158,1,1,-0.011291504,-0.599425435,-2.382003784,0.032659404,0.128005981,0.128005981,7.637328625,0
159,1,1,-0.009769440,-0.599427640,-2.414642334,0.032674022,0.128707886,0.128707886,7.680358410,0
160,1,1,-0.008253098,-0.599429965,-2.447265625,0.032658514,0.129425049,0.129425049,7.722472668,0
161,1,1,-0.006750107,-0.599432290,-2.479904175,0.032673139,0.130126953,0.130126953,7.765502453,0
162,1,1,-0.006702423,-0.599434733,-2.445907593,0.033996616,0.130844116,0.130844116,7.807616711,0
163,1,1,-0.006656647,-0.599436998,-2.411911011,0.033996612,0.131546021,0.131546021,7.850646496,0
164,1,1,-0.006608963,-0.599439442,-2.377899170,0.034011874,0.132263184,0.132263184,7.892760754,0
165,1,1,-0.006565094,-0.599441826,-2.343902588,0.033996612,0.132965088,0.132965088,7.935790539,0
166,1,1,-0.006519318,-0.599444032,-2.309890747,0.034011871,0.133666992,0.133666992,7.977904797,0
167,1,1,-0.006471634,-0.599446416,-2.275894165,0.033996616,0.134368896,0.134368896,8.020019531,0
168,1,1,-0.006425858,-0.599448621,-2.241897583,0.033996612,0.135070801,0.135070801,8.062133789,0
169,1,1,-0.006378174,-0.599450946,-2.207901001,0.033996616,0.135772705,0.135772705,8.104248047,0
170,1,1,-0.006332397,-0.599453211,-2.173904419,0.033996612,0.136474609,0.136474609,8.146362305,0
171,1,1,-0.006288528,-0.599455476,-2.139907837,0.033996612,0.137176514,0.137176514,8.188476563,0
172,1,1,-0.006240845,-0.599457800,-2.105926514,0.033981357,0.137863159,0.137863159,8.230590820,0
173,1,1,-0.006195068,-0.599460006,-2.071929932,0.033996612,0.138565063,0.138565063,8.271789551,0
174,1,1,-0.006149292,-0.599462330,-2.037933350,0.033996612,0.139266968,0.139266968,8.313903809,0
175,1,1,-0.006101608,-0.599464715,-2.003952026,0.033981357,0.139953613,0.139953613,8.356018066,0
176,1,1,-0.006055832,-0.599466920,-1.969970703,0.033981353,0.140640259,0.140640259,8.397216797,0
177,1,1,-0.006010056,-0.599469066,-1.935974121,0.033996612,0.141342163,0.141342163,8.438415527,0
178,1,1,-0.005962372,-0.599471331,-1.901992798,0.033981357,0.142028809,0.142028809,8.480529785,0
179,1,1,-0.005918503,-0.599473715,-1.868011475,0.033981353,0.142715454,0.142715454,8.521728516,0
180,1,1,-0.005872726,-0.599475861,-1.834030151,0.033981353,0.143402100,0.143402100,8.562927246,0
181,1,1,-0.005825043,-0.599478126,-1.800048828,0.033981357,0.144088745,0.144088745,8.604125977,0
182,1,1,-0.005779266,-0.599480391,-1.766082764,0.033966094,0.144775391,0.144775391,8.645324707,0
183,1,1,-0.005733490,-0.599482656,-1.732101440,0.033981353,0.145462036,0.145462036,8.686523438,0
184,1,1,-0.005685806,-0.599484921,-1.698120117,0.033981357,0.146148682,0.146148682,8.727722168,0
185,1,1,-0.005640030,-0.599487066,-1.664138794,0.033981353,0.146835327,0.146835327,8.768920898,0
186,1,1,-0.005594254,-0.599489331,-1.630172729,0.033966094,0.147506714,0.147506714,8.810119629,0
187,1,1,-0.005548477,-0.599491656,-1.596191406,0.033981353,0.148193359,0.148193359,8.850402832,0
188,1,1,-0.005500793,-0.599493861,-1.562225342,0.033966098,0.148864746,0.148864746,8.891601563,0
189,1,1,-0.005455017,-0.599496007,-1.528244019,0.033981353,0.149551392,0.149551392,8.931884766,0
190,1,1,-0.005411148,-0.599498272,-1.494277954,0.033966094,0.150222778,0.150222778,8.973083496,0
191,1,1,-0.005363464,-0.599500477,-1.460296631,0.033981357,0.150894165,0.150894165,9.013366699,0
192,1,1,-0.005317688,-0.599502563,-1.426315308,0.033981353,0.151580811,0.151580811,9.053649902,0
193,1,1,-0.005271912,-0.599504828,-1.392349243,0.033966094,0.152252197,0.152252197,9.094848633,0
194,1,1,-0.005226135,-0.599507093,-1.358383179,0.033966094,0.152923584,0.152923584,9.135131836,0
195,1,1,-0.005180359,-0.599508047,-1.324417114,0.033966094,0.153594971,0.153594971,9.175414085,0
196,1,1,-0.005134583,-0.599511623,-1.290435791,0.033981353,0.154266357,0.154266357,9.215697289,0
197,1,1,-0.005088806,-0.599513650,-1.256484985,0.033950835,0.154922485,0.154922485,9.255980492,0
198,1,1,-0.005043030,-0.599516094,-1.222518921,0.033966094,0.155593872,0.155593872,9.295348167,0
199,1,1,-0.004997253,-0.599518180,-1.188552856,0.033966094,0.156265259,0.156265259,9.335631371,0
200,1,1,-0.004949570,-0.599520326,-1.154602051,0.033950839,0.156921387,0.156921387,9.375914574,0
201,1,1,-0.004903793,-0.599522591,-1.120651245,0.033950835,0.157592773,0.157592773,9.415282249,0
202,1,1,-0.004858017,-0.599524617,-1.086700439,0.033950835,0.158248901,0.158248901,9.455565453,0
203,1,1,-0.004812241,-0.599526882,-1.052734375,0.033966094,0.158920288,0.158920288,9.494933128,0
204,1,1,-0.004762650,-0.599529147,-1.018783569,0.033950843,0.159576416,0.159576416,9.535216331,0
205,1,1,-0.004714966,-0.599531114,-0.984832764,0.033950839,0.160232544,0.160232544,9.574584007,0
206,1,1,-0.004667282,-0.599533379,-0.950866699,0.033966098,0.160903931,0.160903931,9.613951683,0
207,1,1,-0.004619598,-0.599535644,-0.916915894,0.033950839,0.161560059,0.161560059,9.654234886,0
208,1,1,-0.004571915,-0.599537611,-0.882965088,0.033950839,0.162216187,0.162216187,9.693602562,0
209,1,1,-0.004522324,-0.599539816,-0.849014282,0.033950843,0.162872314,0.162872314,9.732970238,0
210,1,1,-0.004474640,-0.599541903,-0.815063477,0.033950839,0.163528442,0.163528442,9.772337914,0
211,1,1,-0.004426956,-0.599544168,-0.781127930,0.033935580,0.164169312,0.164169312,9.811705589,0
212,1,1,-0.004379272,-0.599546313,-0.747177124,0.033950839,0.164825439,0.164825439,9.850157738,0
213,1,1,-0.004331589,-0.599548340,-0.713226318,0.033950839,0.165481567,0.165481567,9.889525414,0
214,1,1,-0.004281998,-0.599550605,-0.679275513,0.033950843,0.166122437,0.166122437,9.928893089,0
215,1,1,-0.004234314,-0.599552572,-0.645324707,0.033950839,0.166778564,0.166778564,9.967345238,0
216,1,1,-0.004186630,-0.599554658,-0.611389160,0.033935580,0.167419434,0.167419434,10.006712914,0
217,1,1,-0.004138947,-0.599556863,-0.577438354,0.033950839,0.168075562,0.168075562,10.045165062,0
218,1,1,-0.004091263,-0.599558771,-0.543518066,0.033920322,0.168716431,0.168716431,10.084532738,0
219,1,1,-0.004043579,-0.599561095,-0.509582520,0.033935580,0.169357300,0.169357300,10.122984886,0
220,1,1,-0.003993988,-0.599563241,-0.475631714,0.033950843,0.170013428,0.170013428,10.161437035,0
221,1,1,-0.003944397,-0.599565387,-0.441696167,0.033935584,0.170654297,0.170654297,10.200804710,0
222,1,1,-0.003896713,-0.599567294,-0.407760620,0.033935580,0.171295166,0.171295166,10.239256859,0
223,1,1,-0.003849030,-0.599569499,-0.373825073,0.033935580,0.171936035,0.171936035,10.277709007,0
224,1,1,-0.003801346,-0.599571705,-0.339889526,0.033935580,0.172576904,0.172576904,10.316161156,0
225,1,1,-0.003753662,-0.599573553,-0.305969238,0.033920322,0.173202515,0.173202515,10.354613304,0
226,1,1,-0.003705978,-0.599575818,-0.272033691,0.033935580,0.173843384,0.173843384,10.392149925,0
227,1,1,-0.003656387,-0.599577963,-0.238098145,0.033935584,0.174484253,0.174484253,10.430602074,0
228,1,1,-0.003608704,-0.599580050,-0.204162598,0.033935580,0.175125122,0.175125122,10.469054222,0
229,1,1,-0.003561020,-0.599582016,-0.170242310,0.033920322,0.175750732,0.175750732,10.507506371,0
230,1,1,-0.003513336,-0.599584103,-0.136306763,0.033935580,0.176391602,0.176391602,10.545042992,0
231,1,1,-0.003465652,-0.599586248,-0.102386475,0.033920322,0.177017212,0.177017212,10.583495140,0
232,1,1,-0.003417969,-0.599588096,-0.068466187,0.033920322,0.177642822,0.177642822,10.621031761,0
233,1,1,-0.003368378,-0.599590242,-0.034530640,0.033935584,0.178283691,0.178283691,10.658568382,0
234,1,1,-0.003320694,-0.599592328,-0.000610352,0.033920322,0.178909302,0.178909302,10.697020531,0
235,1,1,-0.003273010,-0.599594355,0.033309937,0.033920322,0.179534912,0.179534912,10.734557152,0
236,1,1,-0.003223419,-0.599596381,0.067230225,0.033920325,0.180160522,0.180160522,10.772093773,0
237,1,1,-0.003175735,-0.599598467,0.101150513,0.033920322,0.180786133,0.180786133,10.809630394,0
238,1,1,-0.003128052,-0.599600613,0.135070801,0.033920322,0.181411743,0.181411743,10.847167015,0
239,1,1,-0.003080368,-0.599602640,0.169006348,0.033935580,0.182037354,0.182037354,10.884703636,0
240,1,1,-0.003032684,-0.599604607,0.202926636,0.033920322,0.182662964,0.182662964,10.922240257,0
241,1,1,-0.002983093,-0.599606633,0.236831665,0.033905067,0.183273315,0.183273315,10.959776878,0
242,1,1,-0.002935410,-0.599608660,0.270751953,0.033920322,0.183898926,0.183898926,10.996397972,0
243,1,1,-0.002887726,-0.599610806,0.304672241,0.033920322,0.184524536,0.184524536,11.033934593,0
244,1,1,-0.002840042,-0.599612713,0.338577271,0.033905063,0.185134888,0.185134888,11.071471214,0
245,1,1,-0.002792358,-0.599614859,0.372497559,0.033920322,0.185760498,0.185760498,11.108092308,0
246,1,1,-0.002744675,-0.599616587,0.406402588,0.033905063,0.186370850,0.186370850,11.145628929,0
247,1,1,-0.002696991,-0.599618733,0.440307617,0.033905063,0.186981201,0.186981201,11.182250023,0
248,1,1,-0.002647400,-0.599620819,0.474227905,0.033920325,0.187606812,0.187606812,11.218871117,0
249,1,1,-0.002599716,-0.599622726,0.508117676,0.033889804,0.188217163,0.188217163,11.256407738,0
250,1,1,-0.002552032,-0.599624753,0.542022705,0.033905063,0.188827515,0.188827515,11.293028831,0
251,1,1,-0.002504349,-0.599626780,0.575927734,0.033905063,0.189437866,0.189437866,11.329649925,0
252,1,1,-0.002456665,-0.599628806,0.609848022,0.033920322,0.190048218,0.190048218,11.366271019,0
253,1,1,-0.002407074,-0.599630773,0.643753052,0.033905067,0.190658569,0.190658569,11.402892113,0
254,1,1,-0.002357483,-0.599632800,0.677658081,0.033905067,0.191268921,0.191268921,11.439513206,0
255,1,1,-0.002309799,-0.599634945,0.711563110,0.033905063,0.191879272,0.191879272,11.476134300,0
256,1,1,-0.002262115,-0.599636793,0.745452881,0.033889804,0.192474365,0.192474365,11.512755394,0
257,1,1,-0.002214432,-0.599638700,0.779357910,0.033905063,0.193084717,0.193084717,11.548460960,0
258,1,1,-0.002164841,-0.599640727,0.813262939,0.033905067,0.193695068,0.193695068,11.585082054,0
259,1,1,-0.002117157,-0.599642634,0.847152710,0.033889804,0.194290161,0.194290161,11.621703148,0
260,1,1,-0.002069473,-0.599644661,0.881057739,0.033905063,0.194900513,0.194900513,11.657408714,0
261,1,1,-0.002021790,-0.599646628,0.914947510,0.033889804,0.195495605,0.195495605,11.694029808,0
262,1,1,-0.001974106,-0.599648654,0.948837280,0.033889804,0.196090698,0.196090698,11.729735374,0
263,1,1,-0.001924515,-0.599650621,0.982727051,0.033889808,0.196685791,0.196685791,11.765440941,0
264,1,1,-0.001876831,-0.599652469,1.016616821,0.033889804,0.197296143,0.197296143,11.801146507,0
265,1,1,-0.001829147,-0.599654496,1.050506592,0.033889804,0.197891235,0.197891235,11.837767601,0
266,1,1,-0.011594772,-0.599655986,1.062377930,0.015371925,0.198486328,0.198486328,11.873473167,0
267,1,1,-0.024721146,-0.599658310,1.069686890,0.015024066,0.199081421,0.199081421,11.909178734,0
268,1,1,-0.038974762,-0.599660218,1.077590942,0.016298454,0.199676514,0.199676514,11.944884300,0
269,1,1,-0.053960800,-0.599662304,1.086914063,0.017649416,0.200271606,0.200271606,11.980589867,0
270,1,1,-0.069530487,-0.599664211,1.097915649,0.019064367,0.200851440,0.200851440,12.016295433,0
271,1,1,-0.085498810,-0.599666119,1.110839844,0.020543177,0.201446533,0.201446533,12.051085472,0
272,1,1,-0.101665497,-0.599667907,1.125869751,0.022073964,0.202041626,0.202041626,12.086791039,0
273,1,1,-0.117719650,-0.599669933,1.143218994,0.023637515,0.202636719,0.202636719,12.122496605,0
274,1,1,-0.133352280,-0.599671960,1.162979126,0.025196070,0.203216553,0.203216553,12.158202171,0
275,1,1,-0.148109436,-0.599673748,1.185302734,0.026760366,0.203811646,0.203811646,12.192992210,0
276,1,1,-0.161584854,-0.599675775,1.210128784,0.028247472,0.204391479,0.204391479,12.228697777,0
277,1,1,-0.173252106,-0.599677682,1.237396240,0.029658707,0.204971313,0.204971313,12.263487816,0
278,1,1,-0.182653427,-0.599679470,1.266906738,0.030971831,0.205566406,0.205566406,12.298277855,0
279,1,1,-0.189317703,-0.599681318,1.298278809,0.032072097,0.206146240,0.206146240,12.333983421,0
280,1,1,-0.192859650,-0.599683344,1.331039429,0.032951534,0.206726074,0.206726074,12.368773460,0
281,1,1,-0.193393707,-0.599685133,1.364273071,0.033237934,0.207305908,0.207305908,12.403563499,0
282,1,1,-0.193216324,-0.599687159,1.397476196,0.033203598,0.207885742,0.207885742,12.438353539,0
283,1,1,-0.192955017,-0.599689126,1.430603027,0.033127863,0.208465576,0.208465576,12.473143578,0
284,1,1,-0.195045471,-0.599682808,1.463195801,0.032659743,0.209045410,0.209045410,12.507933617,1
285,1,1,-0.200658798,-0.599621892,1.493774414,0.031089624,0.209625244,0.209625244,12.542723656,1
286,1,1,-0.203065872,-0.599800289,1.525863647,0.032179881,0.210205078,0.210205078,12.577513695,1
287,1,1,-0.202133179,-0.599790454,1.558639526,0.032789148,0.210769653,0.210769653,12.612303734,1
288,1,1,-0.202133179,-0.599812388,1.591339111,0.032699592,0.211349487,0.211349487,12.646178246,1
289,1,1,-0.202133179,-0.599814415,1.623931885,0.032592773,0.211929321,0.211929321,12.680968285,1
290,1,1,-0.202131271,-0.599815786,1.656387329,0.032455444,0.212493896,0.212493896,12.715758324,1
291,1,1,-0.202131271,-0.599817157,1.688690186,0.032302856,0.213073730,0.213073730,12.749632835,1
292,1,1,-0.202133179,-0.599818349,1.720825195,0.032135010,0.213638306,0.213638306,12.784422874,1
293,1,1,-0.202131271,-0.599819660,1.752777100,0.031951904,0.214202881,0.214202881,12.818297386,1
294,1,1,-0.202131271,-0.599820733,1.784515381,0.031738281,0.214782715,0.214782715,12.852171898,1
295,1,1,-0.202131271,-0.599821806,1.815979004,0.031463623,0.215347290,0.215347290,12.886961937,1
296,1,1,-0.202129364,-0.599822581,1.847137451,0.031158447,0.215911865,0.215911865,12.920836449,1
297,1,1,-0.202129364,-0.599823415,1.877944946,0.030807495,0.216476440,0.216476440,12.954710960,1
298,1,1,-0.202129364,-0.599823833,1.908325195,0.030380249,0.217041016,0.217041016,12.988585472,1
299,1,1,-0.200912476,-0.599825978,1.938812256,0.030511336,0.217605591,0.217605591,13.022459984,1
300,1,1,-0.195135117,-0.599809945,1.969757080,0.031479523,0.218170166,0.218170166,13.056334496,1
301,1,1,-0.187868118,-0.599831820,2.001037598,0.032113556,0.218734741,0.218734741,13.090209007,1
302,1,1,-0.175149918,-0.599783778,2.031494141,0.033005390,0.219299316,0.219299316,13.124083519,1
303,1,1,-0.160156250,-0.599807739,2.061309814,0.033373419,0.219848633,0.219848633,13.157958031,1
304,1,1,-0.140449524,-0.599728346,2.088729858,0.033767145,0.220413208,0.220413208,13.190917015,1
305,1,1,-0.121154785,-0.599729538,2.116455078,0.033778317,0.220977783,0.220977783,13.224791527,0
306,1,1,-0.137317657,-0.599672377,2.098648071,0.024048517,0.221527100,0.221527100,13.258666039,1
307,1,1,-0.152948380,-0.599660277,2.078262329,0.025688482,0.222091675,0.222091675,13.291625023,1
308,1,1,-0.167507172,-0.599666059,2.055068970,0.027384127,0.222640991,0.222640991,13.325499535,1
309,1,1,-0.180570602,-0.599659622,2.029403687,0.028798612,0.223205566,0.223205566,13.358458519,1
310,1,1,-0.189254761,-0.599652410,2.000274658,0.030395970,0.223754883,0.223754883,13.392333031,1
311,1,1,-0.197788239,-0.599649191,1.970275879,0.031188892,0.224304199,0.224304199,13.425292015,1
312,1,1,-0.201332092,-0.599646449,1.938186646,0.032284327,0.224853516,0.224853516,13.458250999,1
313,1,1,-0.200876236,-0.599736512,1.905410767,0.032779172,0.225402832,0.225402832,13.491209984,1
314,1,1,-0.200983047,-0.599645138,1.872650146,0.032760922,0.225952148,0.225952148,13.524168968,1
315,1,1,-0.200994492,-0.599644661,1.839889526,0.032760620,0.226501465,0.226501465,13.557127953,1
316,1,1,-0.200998306,-0.599646330,1.807113647,0.032775879,0.227050781,0.227050781,13.590086937,1
317,1,1,-0.200998306,-0.599648118,1.774353027,0.032760620,0.227600098,0.227600098,13.623045921,1
318,1,1,-0.200998306,-0.599650145,1.741592407,0.032760620,0.228149414,0.228149414,13.656004906,1
319,1,1,-0.201000214,-0.599651694,1.708847046,0.032745361,0.228698730,0.228698730,13.688963890,1
320,1,1,-0.200998306,-0.599653482,1.676101685,0.032745361,0.229248047,0.229248047,13.721922874,1
321,1,1,-0.201000214,-0.599655271,1.643341064,0.032760620,0.229782104,0.229782104,13.754881859,1
322,1,1,-0.201000214,-0.599657059,1.610595703,0.032745361,0.230331421,0.230331421,13.786925316,1
323,1,1,-0.201000214,-0.599658966,1.577850342,0.032745361,0.230865479,0.230865479,13.819884300,1
324,1,1,-0.201000214,-0.599660873,1.545104980,0.032745361,0.231414795,0.231414795,13.851927757,1
325,1,1,-0.200342178,-0.599662423,1.512329102,0.032782484,0.231948853,0.231948853,13.884886742,1
326,1,1,-0.199340820,-0.599767566,1.479537964,0.032806590,0.232498169,0.232498169,13.916930199,0
327,1,1,-0.199207306,-0.599769115,1.446731567,0.032806668,0.233032227,0.233032227,13.949889183,0
328,1,1,-0.199180603,-0.599771023,1.413909912,0.032821666,0.233566284,0.233566284,13.981932640,0
329,1,1,-0.199159622,-0.599772811,1.381088257,0.032821663,0.234100342,0.234100342,14.013976097,0
330,1,1,-0.199150085,-0.599774480,1.348281860,0.032806396,0.234634399,0.234634399,14.046019554,0
331,1,1,-0.199134827,-0.599776149,1.315475464,0.032806400,0.235168457,0.235168457,14.078063011,0
332,1,1,-0.199117661,-0.599777997,1.282684326,0.032791141,0.235702515,0.235702515,14.110106468,0
333,1,1,-0.197689056,-0.599779844,1.249893188,0.032822244,0.236236572,0.236236572,14.142149925,0
334,1,1,-0.196039200,-0.599781513,1.217102051,0.032832615,0.236770630,0.236770630,14.174193382,0
335,1,1,-0.194385529,-0.599783301,1.184310913,0.032832809,0.237304688,0.237304688,14.206236839,0
336,1,1,-0.192735672,-0.599784970,1.151519775,0.032832615,0.237838745,0.237838745,14.238280296,0
337,1,1,-0.191083908,-0.599786758,1.118713379,0.032847952,0.238357544,0.238357544,14.270323753,0
338,1,1,-0.189432144,-0.599788666,1.085922241,0.032832712,0.238891602,0.238891602,14.301451683,0
339,1,1,-0.187780380,-0.599790275,1.053131104,0.032832712,0.239425659,0.239425659,14.333495140,0
340,1,1,-0.186134338,-0.599791884,1.020309448,0.032862905,0.239944458,0.239944458,14.365538597,0
341,1,1,-0.184484482,-0.599793673,0.987518311,0.032832615,0.240478516,0.240478516,14.396666527,0
342,1,1,-0.182838440,-0.599795282,0.954711914,0.032847665,0.240997314,0.240997314,14.428709984,0
343,1,1,-0.181192398,-0.599797130,0.921905518,0.032847665,0.241516113,0.241516113,14.459837914,0
344,1,1,-0.179546356,-0.599798858,0.889129639,0.032817185,0.242050171,0.242050171,14.490965843,0
345,1,1,-0.177898407,-0.599800587,0.856323242,0.032847762,0.242568970,0.242568970,14.523009300,0
346,1,1,-0.176254272,-0.599802136,0.823516846,0.032847568,0.243087769,0.243087769,14.554137230,0
347,1,1,-0.174608231,-0.599803805,0.790710449,0.032847665,0.243606567,0.243606567,14.585265160,0
348,1,1,-0.172962189,-0.599805474,0.757904053,0.032847665,0.244125366,0.244125366,14.616393089,0
349,1,1,-0.171316147,-0.599807382,0.725097656,0.032847665,0.244644165,0.244644165,14.647521019,0
350,1,1,-0.169673920,-0.599808931,0.692291260,0.032847475,0.245162964,0.245162964,14.678648949,0
351,1,1,-0.168029785,-0.599810541,0.659469604,0.032862809,0.245681763,0.163391337,14.709776878,0
352,1,1,-0.166385651,-0.599812388,0.626663208,0.032847568,0.246200562,0.163727030,14.740904808,0
353,1,1,-0.164741516,-0.599814177,0.593856812,0.032847568,0.246719360,0.164062724,14.772032738,0
354,1,1,-0.163101196,-0.599815845,0.561065674,0.032832138,0.247238159,0.164413676,14.803160667,0
355,1,1,-0.161458969,-0.599817395,0.528244019,0.032862712,0.247741699,0.164749369,14.834288597,0
356,1,1,-0.159816742,-0.599819243,0.495437622,0.032847475,0.248260498,0.165100321,14.864500999,0
357,1,1,-0.158174515,-0.599820852,0.462631226,0.032847475,0.248779297,0.165436015,14.895628929,0
358,1,1,-0.156534195,-0.599822462,0.429809570,0.032862619,0.249282837,0.165771708,14.926756859,0
359,1,1,-0.154893875,-0.599824071,0.396987915,0.032862619,0.249786377,0.166107401,14.956969261,0
360,1,1,-0.153251648,-0.599826038,0.364181519,0.032847475,0.250305176,0.166458353,14.987181664,0
361,1,1,-0.151613235,-0.599827409,0.331359863,0.032862525,0.250808716,0.166778788,15.018309593,0
362,1,1,-0.149972916,-0.599829197,0.298538208,0.032862619,0.251327515,0.167144999,15.048521996,0
363,1,1,-0.148336411,-0.599830806,0.265731812,0.032847188,0.251831055,0.167465433,15.079649925,0
364,1,1,-0.146696091,-0.599832416,0.232910156,0.032862619,0.252334595,0.167801127,15.109862328,0
365,1,1,-0.145059586,-0.599834204,0.200088501,0.032862429,0.252838135,0.168136820,15.140074730,0
366,1,1,-0.143421173,-0.599835753,0.167266846,0.032862525,0.253341675,0.168472514,15.170287132,0
367,1,1,-0.141784668,-0.599837363,0.134445190,0.032862429,0.253845215,0.168808222,15.200499535,0
368,1,1,-0.140148163,-0.599839091,0.101623535,0.032862429,0.254348755,0.169143900,15.230711937,0
369,1,1,-0.138511658,-0.599840760,0.068786621,0.032877669,0.254852295,0.169479594,15.260924339,0
370,1,1,-0.136877060,-0.599842429,0.035964966,0.032862335,0.255355835,0.169815287,15.291136742,0
371,1,1,-0.135242462,-0.599843979,0.003143311,0.032862335,0.255859375,0.170150980,15.321349144,0
372,1,1,-0.133609772,-0.599845529,-0.029693604,0.032877479,0.256347656,0.170471415,15.351561546,0
373,1,1,-0.131973267,-0.599847317,-0.062515259,0.032862429,0.256851196,0.170807123,15.380858421,0
374,1,1,-0.130340576,-0.599848986,-0.095336914,0.032862239,0.257354736,0.171142817,15.411070824,0
375,1,1,-0.128711700,-0.599850535,-0.128173828,0.032877289,0.257843018,0.171463251,15.441283226,0
376,1,1,-0.127080917,-0.599852145,-0.160995483,0.032862145,0.258346558,0.171798944,15.470580101,0
377,1,1,-0.125452042,-0.599853814,-0.193832397,0.032877289,0.258834839,0.172134638,15.500792503,0
378,1,1,-0.123823166,-0.599855483,-0.226654053,0.032862049,0.259338379,0.172455058,15.530089378,0
379,1,1,-0.122192383,-0.599856973,-0.259490967,0.032877386,0.259826660,0.172790766,15.560301781,0
380,1,1,-0.120567322,-0.599858582,-0.292327881,0.032877102,0.260314941,0.173111200,15.589598656,0
381,1,1,-0.118940353,-0.599860191,-0.325149536,0.032861955,0.260818481,0.173446894,15.618895531,0
382,1,1,-0.117315292,-0.599861979,-0.357986450,0.032877102,0.261306763,0.173767328,15.649107933,0
383,1,1,-0.115692139,-0.599863529,-0.390823364,0.032877006,0.261795044,0.174087763,15.678404808,0
384,1,1,-0.114065170,-0.599864960,-0.423690796,0.032907676,0.262283325,0.174423456,15.707701683,0
385,1,1,-0.112442017,-0.599866509,-0.456542969,0.032892246,0.262771606,0.174743891,15.736998558,0
386,1,1,-0.110818863,-0.599868298,-0.489395142,0.032892246,0.263259888,0.175064325,15.766295433,0
387,1,1,-0.109195709,-0.599869728,-0.522247314,0.032892246,0.263748169,0.175400019,15.795592308,0
388,1,1,-0.107574463,-0.599871516,-0.555099487,0.032892153,0.264236450,0.175720453,15.824889183,0
389,1,1,-0.105953217,-0.599873006,-0.587951660,0.032892153,0.264724731,0.176040888,15.854186058,0
390,1,1,-0.104331970,-0.599874616,-0.620819092,0.032907393,0.265197754,0.176361322,15.883482933,0
391,1,1,-0.102710724,-0.599876165,-0.653671265,0.032892153,0.265686035,0.176681757,15.911864281,0
392,1,1,-0.101091385,-0.599877656,-0.686508179,0.032876819,0.266174316,0.177002192,15.941161156,0
393,1,1,-0.099472046,-0.599879384,-0.719375610,0.032907300,0.266647339,0.177322641,15.970458031,0
394,1,1,-0.097854614,-0.599880934,-0.752227783,0.032891966,0.267135620,0.177643061,15.998839378,0
395,1,1,-0.096237183,-0.599882543,-0.785110474,0.032922447,0.267608643,0.177963495,16.028137207,0
396,1,1,-0.094619751,-0.599883914,-0.817962646,0.032891966,0.268096924,0.178283930,16.056518555,0
397,1,1,-0.093004227,-0.599885702,-0.850830078,0.032907110,0.268569946,0.178604364,16.085815430,0
398,1,1,-0.091386795,-0.599887252,-0.883682251,0.032891966,0.269058228,0.178924799,16.114196777,0
399,1,1,-0.089773178,-0.599888802,-0.916549683,0.032907017,0.269531250,0.179245234,16.143493652,0
400,1,1,-0.088161469,-0.599890351,-0.949417114,0.032906923,0.270004272,0.179550424,16.171875000,0
401,1,1,-0.086549759,-0.599891722,-0.982269287,0.032891683,0.270477295,0.179870859,16.200256348,0
402,1,1,-0.084938049,-0.599893451,-1.015136719,0.032906923,0.270950317,0.180176035,16.228637695,0
403,1,1,-0.083328247,-0.599895000,-1.047988892,0.032891590,0.271438599,0.180511713,16.257019043,0
404,1,1,-0.081718445,-0.599896610,-1.080856323,0.032906830,0.271911621,0.180816889,16.286315918,0
405,1,1,-0.080108643,-0.599898100,-1.113739014,0.032922074,0.272384644,0.181137338,16.314697266,0
406,1,1,-0.078500748,-0.599899709,-1.146621704,0.032921977,0.272842407,0.181442514,16.343078613,0
407,1,1,-0.076890945,-0.599901080,-1.179489136,0.032906830,0.273315430,0.181762949,16.370544434,0
408,1,1,-0.075283051,-0.599902749,-1.212356567,0.032906737,0.273788452,0.182068110,16.398925781,0
409,1,1,-0.073677063,-0.599904180,-1.245223999,0.032906644,0.274261475,0.182388544,16.427307129,0
410,1,1,-0.072072983,-0.599905849,-1.278091431,0.032906551,0.274734497,0.182693735,16.455688477,0
411,1,1,-0.070468903,-0.599907279,-1.310974121,0.032921795,0.275192261,0.182998896,16.484069824,0
412,1,1,-0.068864822,-0.599909008,-1.343841553,0.032906551,0.275665283,0.183319345,16.511535645,0
413,1,1,-0.067262650,-0.599910319,-1.376708984,0.032906458,0.276138306,0.183639780,16.539916992,0
414,1,1,-0.065660477,-0.599911809,-1.409591675,0.032921698,0.276596069,0.183929697,16.568298340,0
415,1,1,-0.064058304,-0.599913418,-1.442474365,0.032921698,0.277069092,0.184250131,16.595764160,0
416,1,1,-0.062458038,-0.599914908,-1.475357056,0.032921609,0.277526855,0.184570566,16.624145508,0
417,1,1,-0.060859680,-0.599916458,-1.508239746,0.032921515,0.277984619,0.184860483,16.651611328,0
418,1,1,-0.059263229,-0.599918008,-1.541107178,0.032906182,0.278457642,0.185165659,16.679077148,0
419,1,1,-0.057666779,-0.599919438,-1.573974609,0.032906182,0.278915405,0.185486093,16.707458496,0
420,1,1,-0.056070328,-0.599920928,-1.606857300,0.032921422,0.279373169,0.185776010,16.734924316,0
421,1,1,-0.054479599,-0.599922538,-1.639739990,0.032921143,0.279830933,0.186096445,16.762390137,0
422,1,1,-0.052888870,-0.599923849,-1.672622681,0.032921143,0.280288696,0.186386362,16.789855957,0
423,1,1,-0.051300049,-0.599925518,-1.705505371,0.032921053,0.280746460,0.186706796,16.817321777,0
424,1,1,-0.049713135,-0.599926949,-1.738388062,0.032920960,0.281204224,0.186996713,16.844787598,0
425,1,1,-0.048126221,-0.599929929,-1.771286011,0.032936200,0.281661987,0.187301889,16.872253418,0
426,1,1,-0.046539307,-0.599929571,-1.804168701,0.032920960,0.282119751,0.187622324,16.899719238,0
427,1,1,-0.044954300,-0.599931359,-1.837051392,0.032920867,0.282577515,0.187912256,16.927185059,0
428,1,1,-0.043373108,-0.599932790,-1.869918823,0.032905445,0.283035278,0.188217416,16.954650879,0
429,1,1,-0.041790009,-0.599934340,-1.902801514,0.032920778,0.283493042,0.188522607,16.982116699,0
430,1,1,-0.040208817,-0.599935770,-1.935684204,0.032920685,0.283950806,0.188827768,17.009582520,0
431,1,1,-0.038631439,-0.599937141,-1.968582153,0.032935742,0.284393311,0.189117685,17.037048340,0
432,1,1,-0.037055969,-0.599938869,-2.001464844,0.032920409,0.284851074,0.189438120,17.063598633,0
433,1,1,-0.035480499,-0.599940181,-2.034362793,0.032935653,0.285293579,0.189712778,17.091064453,0
434,1,1,-0.033906937,-0.599941790,-2.067245483,0.032920320,0.285751343,0.190033212,17.117614746,0
435,1,1,-0.032335281,-0.599943042,-2.100158691,0.032950711,0.286193848,0.190323129,17.145080566,0
436,1,1,-0.030765533,-0.599944711,-2.133041382,0.032920137,0.286651611,0.190628320,17.171630859,0
437,1,1,-0.029199600,-0.599946022,-2.165924072,0.032919955,0.287094116,0.190918237,17.199096680,0
438,1,1,-0.027633667,-0.599947333,-2.198822021,0.032935198,0.287536621,0.191208154,17.225646973,0
439,1,1,-0.026069641,-0.599948883,-2.231704712,0.032919865,0.287994385,0.191513330,17.252197266,0
440,1,1,-0.024509430,-0.599950552,-2.264602661,0.032934926,0.288436890,0.191818506,17.279663086,0
441,1,1,-0.022954941,-0.599951863,-2.297500610,0.032934655,0.288879395,0.192108408,17.306213379,0
442,1,1,-0.021400452,-0.599953294,-2.330398560,0.032934655,0.289321899,0.192398340,17.332763672,0
443,1,1,-0.019847870,-0.599954784,-2.363296509,0.032934565,0.289764404,0.192688257,17.359313965,0
444,1,1,-0.018299103,-0.599956393,-2.396209717,0.032949626,0.290206909,0.192993417,17.385864258,0
445,1,1,-0.016752243,-0.599957824,-2.429107666,0.032934297,0.290649414,0.193283349,17.412414551,0
446,1,1,-0.015213013,-0.599959254,-2.461990356,0.032918695,0.291091919,0.193573251,17.438964844,0
447,1,1,-0.013673782,-0.599960566,-2.494888306,0.032933939,0.291534424,0.193878427,17.465515137,0
448,1,1,-0.012138367,-0.599961996,-2.527786255,0.032933760,0.291976929,0.194168359,17.492065430,0
449,1,1,-0.010608673,-0.599963486,-2.560684204,0.032933492,0.292419434,0.194458276,17.518615723,0
450,1,1,-0.009086609,-0.599964976,-2.593597412,0.032948382,0.292861938,0.194748193,17.545166016,0
451,1,1,-0.007570267,-0.599966228,-2.626510620,0.032948118,0.293289185,0.195038110,17.571716309,0
452,1,1,-0.007516861,-0.599967957,-2.592773438,0.033737227,0.293731689,0.195328027,17.597351074,0
453,1,1,-0.007463455,-0.599969387,-2.559036255,0.033737227,0.294158936,0.195617944,17.623901367,0
454,1,1,-0.007410049,-0.599970937,-2.525314331,0.033721969,0.294601440,0.195923120,17.649536133,0
455,1,1,-0.007354736,-0.599972248,-2.491561890,0.033752486,0.295043945,0.196197778,17.676086426,0
456,1,1,-0.007301331,-0.599973738,-2.457839966,0.033721969,0.295471191,0.196487695,17.702636719,0
457,1,1,-0.007247925,-0.599975109,-2.424118042,0.033721969,0.295898438,0.196777612,17.728271484,0
458,1,1,-0.007194519,-0.599976420,-2.390380859,0.033737227,0.296340942,0.197067529,17.753906250,0
459,1,1,-0.007141113,-0.599977851,-2.356658936,0.033721969,0.296768188,0.197357446,17.780456543,0
460,1,1,-0.007087708,-0.599979401,-2.322937012,0.033721969,0.297195435,0.197632104,17.806091309,0
461,1,1,-0.007032394,-0.599980831,-2.289199829,0.033737227,0.297637939,0.197937280,17.831726074,0
462,1,1,-0.006978989,-0.599982083,-2.255477905,0.033721969,0.298065186,0.198211938,17.858276367,0
463,1,1,-0.006923676,-0.599983633,-2.221771240,0.033706710,0.298492432,0.198486596,17.883911133,0
464,1,1,-0.006870270,-0.599985003,-2.188049316,0.033721969,0.298919678,0.198791772,17.909545898,0
465,1,1,-0.006818771,-0.599986374,-2.154312134,0.033737224,0.299346924,0.199066430,17.935180664,0
466,1,1,-0.006763458,-0.599987745,-2.120590210,0.033721969,0.299774170,0.199356347,17.960815430,0
467,1,1,-0.006710052,-0.599989176,-2.086868286,0.033721969,0.300201416,0.199631006,17.986450195,0
468,1,1,-0.006656647,-0.599990368,-2.053146362,0.033721969,0.300628662,0.199920923,18.012084961,0
469,1,1,-0.006601334,-0.599991977,-2.019424438,0.033721969,0.301055908,0.200195581,18.037719727,0
470,1,1,-0.006547928,-0.599993229,-1.985717773,0.033706710,0.301467896,0.200485498,18.063354492,0
471,1,1,-0.006494522,-0.599994659,-1.951980591,0.033737227,0.301895142,0.200760156,18.088073730,0
472,1,1,-0.006441116,-0.599996209,-1.918243408,0.033737227,0.302322388,0.201050088,18.113708496,0
473,1,1,-0.006387711,-0.599997580,-1.884513855,0.033729594,0.302749634,0.201324731,18.139343262,0
474,1,1,-0.006334305,-0.599998832,-1.850791931,0.033721969,0.303161621,0.201599404,18.164978027,0
475,1,1,-0.006278992,-0.600000262,-1.817054749,0.033737227,0.303588867,0.201889321,18.189697266,0
476,1,1,-0.006225586,-0.600001574,-1.783332825,0.033721969,0.304000854,0.202163979,18.215332031,0
477,1,1,-0.006172180,-0.600003004,-1.749610901,0.033721969,0.304412842,0.202438638,18.240051270,0
478,1,1,-0.006116867,-0.600004315,-1.715873718,0.033737227,0.304840088,0.202713296,18.265228271,0
479,1,1,-0.006063461,-0.600005746,-1.682151794,0.033721969,0.305259705,0.203003198,18.290403366,0
480,1,1,-0.006010056,-0.600007057,-1.648422241,0.033729594,0.305679321,0.203277856,18.315580368,0
481,1,1,-0.005956650,-0.600008368,-1.614700317,0.033721969,0.306091309,0.203552514,18.340757370,0
482,1,1,-0.005903244,-0.600009680,-1.580970764,0.033729594,0.306510925,0.203827173,18.365476608,0
483,1,1,-0.005849838,-0.600011110,-1.547248840,0.033721969,0.306922913,0.204101831,18.390653610,0
484,1,1,-0.005796432,-0.600012481,-1.513519287,0.033729594,0.307342529,0.204391763,18.415372849,0
485,1,1,-0.005741119,-0.600013852,-1.479797363,0.033721969,0.307754517,0.204651162,18.440549850,0
486,1,1,-0.005687714,-0.600015283,-1.446067810,0.033729594,0.308166504,0.204941079,18.465269089,0
487,1,1,-0.005634308,-0.600016475,-1.412345886,0.033721969,0.308578491,0.205200478,18.489988327,0
488,1,1,-0.005578995,-0.600017905,-1.378623962,0.033721969,0.308990479,0.205475137,18.514707565,0
489,1,1,-0.005525589,-0.600019336,-1.344902039,0.033721969,0.309402466,0.205765054,18.539426804,0
490,1,1,-0.005472183,-0.600020528,-1.311180115,0.033721969,0.309814453,0.206024453,18.564146042,0
491,1,1,-0.005418777,-0.600021899,-1.277465820,0.033714335,0.310218811,0.206299111,18.588865280,0
492,1,1,-0.005363464,-0.600023389,-1.243743896,0.033721969,0.310630798,0.206573769,18.613126755,0
493,1,1,-0.005310059,-0.600024641,-1.210037231,0.033706710,0.311035156,0.206833169,18.637845993,0
494,1,1,-0.005258560,-0.600025892,-1.176307678,0.033729590,0.311447144,0.207123086,18.662107468,0
495,1,1,-0.005205154,-0.600027263,-1.142593384,0.033714335,0.311851501,0.207382485,18.686826706,0
496,1,1,-0.005149841,-0.600028396,-1.108879089,0.033714339,0.312255859,0.207641885,18.711088181,0
497,1,1,-0.005096436,-0.600029886,-1.075172424,0.033706710,0.312660217,0.207931817,18.735349655,0
498,1,1,-0.005043030,-0.600031257,-1.041450500,0.033721969,0.313072205,0.208191201,18.759611130,0
499,1,1,-0.004987717,-0.600032449,-1.007736206,0.033714339,0.313468933,0.208465859,18.784330368,0
500,1,1,-0.004934311,-0.600033879,-0.974021912,0.033714335,0.313873291,0.208725259,18.808134079,0
501,1,1,-0.004880905,-0.600035310,-0.940307617,0.033714335,0.314277649,0.208999917,18.832395554,0
502,1,1,-0.004827499,-0.600036502,-0.906600952,0.033706710,0.314682007,0.209259316,18.856657028,0
503,1,1,-0.004772186,-0.600037754,-0.872886658,0.033714339,0.315086365,0.209533975,18.880918503,0
504,1,1,-0.004718781,-0.600039363,-0.839172363,0.033714335,0.315483093,0.209793374,18.905179977,0
505,1,1,-0.004665375,-0.600040317,-0.805465698,0.033706710,0.315879822,0.210068032,18.928983688,0
506,1,1,-0.004611969,-0.600041747,-0.771759033,0.033706710,0.316284180,0.210327432,18.952787399,0
507,1,1,-0.004558563,-0.600042343,-0.738044739,0.033714335,0.316680908,0.210586861,18.977048874,0
508,1,1,-0.004503250,-0.600044727,-0.704330444,0.033714339,0.317077637,0.210861489,19.000852585,0
509,1,1,-0.004449844,-0.600045919,-0.670623779,0.033706710,0.317474365,0.211120903,19.024656296,0
510,1,1,-0.004396439,-0.600047231,-0.636917114,0.033706710,0.317871094,0.211395547,19.048460007,0
511,1,1,-0.004343033,-0.600048661,-0.603218079,0.033699077,0.318267822,0.211639687,19.072263718,0
512,1,1,-0.004287720,-0.600049853,-0.569511414,0.033706710,0.318664551,0.211914346,19.096067429,0
513,1,1,-0.004234314,-0.600051284,-0.535797119,0.033714335,0.319061279,0.212173745,19.119871140,0
514,1,1,-0.004180908,-0.600052357,-0.502090454,0.033706710,0.319458008,0.212448418,19.143674850,0
515,1,1,-0.004127502,-0.600053668,-0.468399048,0.033691451,0.319847107,0.212692559,19.167478561,0
516,1,1,-0.004072189,-0.600054979,-0.434692383,0.033706710,0.320243835,0.212967217,19.190824509,0
517,1,1,-0.004018784,-0.600056291,-0.400993347,0.033699077,0.320632935,0.213226601,19.214628220,0
518,1,1,-0.003965378,-0.600057483,-0.367286682,0.033706710,0.321022034,0.213470742,19.237974167,0
519,1,1,-0.003911972,-0.600058913,-0.333587646,0.033699077,0.321418762,0.213745400,19.261320114,0
520,1,1,-0.003858566,-0.600060105,-0.299888611,0.033699077,0.321807861,0.214004800,19.285123825,0
521,1,1,-0.003803253,-0.600061417,-0.266189575,0.033699080,0.322196960,0.214264214,19.308469772,0
522,1,1,-0.003749847,-0.600062668,-0.232490540,0.033699077,0.322586060,0.214523613,19.331815720,0
523,1,1,-0.003696442,-0.600063980,-0.198783875,0.033706710,0.322975159,0.214783013,19.355161667,0
524,1,1,-0.003643036,-0.600065231,-0.165100098,0.033683818,0.323356628,0.215027153,19.378507614,0
525,1,1,-0.003589630,-0.600066543,-0.131401062,0.033699077,0.323745728,0.215286553,19.401395798,0
526,1,1,-0.003534317,-0.600067735,-0.097702026,0.033699080,0.324134827,0.215561211,19.424741745,0
527,1,1,-0.003482819,-0.600069046,-0.064002991,0.033699073,0.324516296,0.215805352,19.448087692,0
528,1,1,-0.003429413,-0.600070238,-0.030303955,0.033699077,0.324905396,0.216064751,19.470975876,0
529,1,1,-0.003376007,-0.600071609,0.003387451,0.033691451,0.325286865,0.216308892,19.494321823,0
530,1,1,-0.003322601,-0.600072920,0.037086487,0.033699077,0.325675964,0.216568291,19.517210007,0
531,1,1,-0.003269196,-0.600074053,0.070777893,0.033691451,0.326057434,0.216827676,19.540555954,0
532,1,1,-0.003217697,-0.600075364,0.104461670,0.033683814,0.326438904,0.217087090,19.563444138,0
533,1,1,-0.003164291,-0.600076556,0.138160706,0.033699077,0.326820374,0.217331231,19.586332321,0
534,1,1,-0.003110886,-0.600077808,0.171852112,0.033691451,0.327201843,0.217590630,19.609220505,0
535,1,1,-0.003057480,-0.600079060,0.205543518,0.033691451,0.327583313,0.217850029,19.632108688,0
536,1,1,-0.003005981,-0.600080371,0.239234924,0.033691447,0.327964783,0.218094170,19.654996872,0
537,1,1,-0.002950668,-0.600081563,0.272918701,0.033683822,0.328338623,0.218353570,19.677885056,0
538,1,1,-0.002899170,-0.600082755,0.306610107,0.033691447,0.328720093,0.218597710,19.700315475,0
539,1,1,-0.002845764,-0.600084066,0.340301514,0.033691451,0.329101563,0.218857110,19.723203659,0
540,1,1,-0.002794266,-0.600085139,0.373985291,0.033683814,0.329475403,0.219101250,19.746091843,0
541,1,1,-0.002740860,-0.600086451,0.407661438,0.033676192,0.329849243,0.219345391,19.768522263,0
542,1,1,-0.002687454,-0.600087583,0.441360474,0.033699077,0.330230713,0.219604790,19.790952682,0
543,1,1,-0.002632141,-0.600088835,0.475044250,0.033683822,0.330604553,0.219856560,19.813840866,0
544,1,1,-0.002580643,-0.600090146,0.508728027,0.033683814,0.330978394,0.220100701,19.836271286,0
545,1,1,-0.002529144,-0.600091219,0.542404175,0.033676188,0.331352234,0.220352471,19.858701706,0
546,1,1,-0.002475739,-0.600092530,0.576087952,0.033683818,0.331726074,0.220596611,19.881132126,0
547,1,1,-0.002422333,-0.600093842,0.609779358,0.033691451,0.332099915,0.220848396,19.903562546,0
548,1,1,-0.002368927,-0.600095034,0.643463135,0.033683818,0.332473755,0.221092537,19.925992966,0
549,1,1,-0.002317429,-0.600096226,0.677146912,0.033683814,0.332847595,0.221344292,19.948423386,0
550,1,1,-0.002262115,-0.600097537,0.710823059,0.033676192,0.333213806,0.221588433,19.970853806,0
551,1,1,-0.002210617,-0.600098670,0.744514465,0.033691447,0.333587646,0.221832573,19.992826462,0
552,1,1,-0.002157211,-0.600099802,0.778190613,0.033676192,0.333953857,0.222084343,20.015256882,0
553,1,1,-0.002105713,-0.600101113,0.811866760,0.033676188,0.334327698,0.222328484,20.037229538,0
554,1,1,-0.002052307,-0.600102186,0.845542908,0.033676192,0.334693909,0.222572625,20.059659958,0
555,1,1,-0.001998901,-0.600103378,0.879219055,0.033676192,0.335060120,0.222816765,20.081632614,0
556,1,1,-0.001945496,-0.600104690,0.912902832,0.033683818,0.335426331,0.223060906,20.103605270,0
557,1,1,-0.001893997,-0.600105882,0.946571350,0.033668555,0.335792542,0.223305047,20.125577927,0
558,1,1,-0.001838684,-0.600107074,0.980247498,0.033676192,0.336158752,0.223549187,20.147550583,0
559,1,1,-0.001787186,-0.600108385,1.013923645,0.033676188,0.336524963,0.223793343,20.169523239,0
560,1,1,-0.001733780,-0.600109458,1.047599792,0.033676192,0.336891174,0.224029854,20.191495895,0
561,1,1,-0.001682281,-0.600110769,1.081283569,0.033683814,0.337257385,0.224281624,20.213468552,0
562,1,1,-0.001628876,-0.600111842,1.114952087,0.033668559,0.337623596,0.224518120,20.235441208,0
563,1,1,-0.001575470,-0.600113034,1.148620605,0.033668559,0.337982178,0.224762261,20.257413864,0
564,1,1,-0.001522064,-0.600114286,1.182296753,0.033676192,0.338348389,0.224998787,20.278928757,0
565,1,1,-0.001470566,-0.600115299,1.215972900,0.033676188,0.338706970,0.225242928,20.300901413,0
566,1,1,-0.001417160,-0.600116670,1.249641418,0.033668559,0.339073181,0.225487068,20.322416306,0
567,1,1,-0.001361847,-0.600117683,1.283309937,0.033668563,0.339431763,0.225723565,20.344388962,0
568,1,1,-0.001310349,-0.600118995,1.316978455,0.033668555,0.339790344,0.225960091,20.365903854,0
569,1,1,-0.001258850,-0.600120068,1.350646973,0.033668555,0.340148926,0.226204231,20.387418747,0
570,1,1,-0.001205444,-0.600121439,1.384323120,0.033676192,0.340507507,0.226440728,20.408933640,0
571,1,1,-0.001152039,-0.600122452,1.417991638,0.033668559,0.340866089,0.226677254,20.430448532,0
572,1,1,-0.001098633,-0.600123703,1.451660156,0.033668559,0.341224670,0.226913765,20.451963425,0
573,1,1,-0.001047134,-0.600124955,1.485328674,0.033668555,0.341583252,0.227157906,20.473478317,0
574,1,1,-0.000993729,-0.600126028,1.518997192,0.033668559,0.341941833,0.227394417,20.494993210,0
575,1,1,-0.000940323,-0.600127101,1.552658081,0.033660933,0.342292786,0.227630928,20.516508102,0
576,1,1,-0.000888824,-0.600128353,1.586326599,0.033668555,0.342651367,0.227859810,20.537565231,0
577,1,1,-0.000835419,-0.600129664,1.619995117,0.033668559,0.343009949,0.228103951,20.559080124,0
578,1,1,-0.000782013,-0.600130737,1.653648376,0.033653300,0.343360901,0.228332832,20.580595016,0
579,1,1,-0.000726700,-0.600131869,1.687316895,0.033668563,0.343711853,0.228569344,20.601652145,0
580,1,1,-0.000677109,-0.600133061,1.720985413,0.033668555,0.344070435,0.228813484,20.622709274,0
581,1,1,-0.000623703,-0.600134134,1.754646301,0.033660933,0.344421387,0.229034737,20.644224167,0
582,1,1,-0.000570297,-0.600135446,1.788299561,0.033653300,0.344772339,0.229278877,20.665281296,0
583,1,1,-0.000518799,-0.600136399,1.821968079,0.033668555,0.345123291,0.229507759,20.686338425,0
584,1,1,-0.000465393,-0.600137472,1.855628967,0.033660933,0.345474243,0.229744270,20.707395554,0
585,1,1,-0.000411987,-0.600138783,1.889289856,0.033660933,0.345825195,0.229973152,20.728452682,0
586,1,1,-0.000358582,-0.600139976,1.922943115,0.033653300,0.346176147,0.230209664,20.749509811,0
587,1,1,-0.000305176,-0.600141108,1.956596375,0.033653300,0.346519470,0.230438545,20.770566940,0
588,1,1,-0.000255585,-0.600142241,1.990264893,0.033668555,0.346870422,0.230667427,20.791166306,0
589,1,1,-0.000253677,-0.600143194,1.957252502,0.033012390,0.347221375,0.230903938,20.812223434,0
590,1,1,-0.000251770,-0.600144267,1.924224854,0.033027649,0.347564697,0.231132820,20.833280563,0
591,1,1,-0.000249863,-0.600145400,1.891220093,0.033004761,0.347915649,0.231369331,20.853879929,0
592,1,1,-0.000247955,-0.600146413,1.858200073,0.033020020,0.348258972,0.231590584,20.874937057,0
593,1,1,-0.000247955,-0.600147724,1.825180054,0.033020020,0.348602295,0.231819466,20.895536423,0
594,1,1,-0.000246048,-0.600148678,1.792152405,0.033027649,0.348945618,0.232055977,20.916135788,0
595,1,1,-0.000244141,-0.600149930,1.759147644,0.033004761,0.349296570,0.232284859,20.936735153,0
596,1,1,-0.000242233,-0.600151062,1.726127625,0.033020020,0.349639893,0.232506111,20.957792282,0
597,1,1,-0.000240326,-0.600152135,1.693107605,0.033020020,0.349983215,0.232742637,20.978391647,0
598,1,1,-0.000240326,-0.600153327,1.660079956,0.033027649,0.350326538,0.232971504,20.998991013,0
599,1,1,-0.000238419,-0.600154519,1.627059937,0.033020020,0.350662231,0.233192757,21.019590378,0
600,1,1,-0.000236511,-0.600155354,1.594039917,0.033020020,0.351005554,0.233421639,21.039731979,0
601,1,1,-0.000236511,-0.600156665,1.561019897,0.033020020,0.351348877,0.233650520,21.060331345,0
602,1,1,-0.000232697,-0.600157797,1.527992249,0.033027649,0.351684570,0.233871773,21.080930710,0
603,1,1,-0.000232697,-0.600158930,1.494972229,0.033020020,0.352027893,0.234100655,21.101072311,0
604,1,1,-0.000230789,-0.600160003,1.461944580,0.033027649,0.352363586,0.234321907,21.121671677,0
605,1,1,-0.000228882,-0.600161076,1.428924561,0.033020020,0.352706909,0.234550789,21.141813278,0
606,1,1,-0.000228882,-0.600162268,1.395896912,0.033027649,0.353042603,0.234772041,21.162412643,0
607,1,1,-0.000225067,-0.600163221,1.362861633,0.033035278,0.353378296,0.235000923,21.182554245,0
608,1,1,-0.000225067,-0.600164413,1.329841614,0.033020020,0.353721619,0.235229805,21.202695847,0
609,1,1,-0.000223160,-0.600165725,1.296813965,0.033027649,0.354057312,0.235451058,21.223295212,0
610,1,1,-0.000221252,-0.600166678,1.263786316,0.033027649,0.354393005,0.235672325,21.243436813,0
611,1,1,-0.000221252,-0.600167632,1.230758667,0.033027649,0.354728699,0.235893577,21.263578415,0
612,1,1,-0.000217438,-0.600168824,1.197723389,0.033035278,0.355056763,0.236114830,21.283720016,0
613,1,1,-0.000217438,-0.600169897,1.164703369,0.033020020,0.355392456,0.236336082,21.303403854,0
614,1,1,-0.000215530,-0.600170970,1.131668091,0.033035278,0.355728149,0.236557335,21.323545456,0
615,1,1,-0.000213623,-0.600171924,1.098640442,0.033027649,0.356063843,0.236786216,21.343687057,0
616,1,1,-0.000211716,-0.600173116,1.065605164,0.033035278,0.356391907,0.237007469,21.363828659,0
617,1,1,-0.000209808,-0.600174308,1.032585144,0.033020020,0.356727600,0.237221092,21.383512497,0
618,1,1,-0.000209808,-0.600175261,0.999542236,0.033042908,0.357055664,0.237449974,21.403654099,0
619,1,1,-0.000207901,-0.600176334,0.966514587,0.033027649,0.357391357,0.237663597,21.423337936,0
620,1,1,-0.000207901,-0.600177526,0.933486938,0.033027649,0.357719421,0.237884834,21.443479538,0
621,1,1,-0.000204086,-0.600178421,0.900451660,0.033035278,0.358047485,0.238106087,21.463163376,0
622,1,1,-0.000202179,-0.600179672,0.867408752,0.033042908,0.358375549,0.238319710,21.482847214,0
623,1,1,-0.000202179,-0.600180745,0.834373474,0.033035278,0.358703613,0.238540977,21.502531052,0
624,1,1,-0.000200272,-0.600181699,0.801345825,0.033027649,0.359031677,0.238754600,21.522214890,0
625,1,1,-0.000198364,-0.600182891,0.768302917,0.033042908,0.359359741,0.238975853,21.541898727,0
626,1,1,-0.000196457,-0.600183964,0.735267639,0.033035278,0.359687805,0.239197105,21.561582565,0
627,1,1,-0.000196457,-0.600185037,0.702239990,0.033027649,0.360015869,0.239410728,21.581266403,0
628,1,1,-0.000194550,-0.600185990,0.669197083,0.033042908,0.360343933,0.239631981,21.600950241,0
629,1,1,-0.000194550,-0.600187063,0.636146545,0.033050537,0.360664368,0.239845604,21.620634079,0
630,1,1,-0.000190735,-0.600188255,0.603111267,0.033035278,0.360992432,0.240059227,21.639860153,0
631,1,1,-0.000188828,-0.600189209,0.570075989,0.033035278,0.361312866,0.240272850,21.659543991,0
632,1,1,-0.000188828,-0.600190222,0.537040710,0.033035278,0.361640930,0.240494102,21.678770065,0
633,1,1,-0.000186920,-0.600191474,0.503990173,0.033050537,0.361961365,0.240707725,21.698453903,0
634,1,1,-0.000185013,-0.600192428,0.470954895,0.033035278,0.362281799,0.240921348,21.717679977,0
635,1,1,-0.000183105,-0.600193620,0.437919617,0.033035278,0.362609863,0.241134971,21.736906052,0
636,1,1,-0.000183105,-0.600194514,0.404876709,0.033042908,0.362930298,0.241348594,21.756589890,0
637,1,1,-0.000181198,-0.600195765,0.371826172,0.033050537,0.363250732,0.241562217,21.775815964,0
638,1,1,-0.000179291,-0.600196600,0.338790894,0.033035278,0.363571167,0.241775841,21.795042038,0
639,1,1,-0.000177383,-0.600197673,0.305747986,0.033042908,0.363891602,0.241989464,21.814268112,0
640,1,1,-0.000177383,-0.600198686,0.272705078,0.033042908,0.364212036,0.242203087,21.833494186,0
641,1,1,-0.000173569,-0.600199759,0.239654541,0.033050537,0.364524841,0.242409080,21.852720261,0
642,1,1,-0.000173569,-0.600200891,0.206611633,0.033042908,0.364845276,0.242622703,21.871488571,0
643,1,1,-0.000171661,-0.600201845,0.173568726,0.033042908,0.365165710,0.242836326,21.890714645,0
644,1,1,-0.000169754,-0.600202858,0.140518188,0.033050537,0.365478516,0.243049949,21.909940720,0
645,1,1,-0.000167847,-0.600203931,0.107475281,0.033042908,0.365798950,0.243255943,21.928709030,0
646,1,1,-0.000165939,-0.600205004,0.074424744,0.033050537,0.366111755,0.243469566,21.947935104,0
647,1,1,-0.000165939,-0.600206077,0.041381836,0.033042908,0.366432190,0.243683189,21.966703415,0
648,1,1,-0.000164032,-0.600207090,0.008331299,0.033050537,0.366744995,0.243881553,21.985929489,0
649,1,1,-0.000162125,-0.600208104,-0.024726868,0.033058167,0.367057800,0.244095191,22.004697800,0
650,1,1,-0.000160217,-0.600209117,-0.057777405,0.033050537,0.367370605,0.244301185,22.023466110,0
651,1,1,-0.000160217,-0.600210071,-0.090820313,0.033042908,0.367691040,0.244514808,22.042234421,0
652,1,1,-0.000156403,-0.600211203,-0.123870850,0.033050537,0.368003845,0.244720787,22.061460495,0
653,1,1,-0.000156403,-0.600212336,-0.156921387,0.033050537,0.368316650,0.244934410,22.080228806,0
654,1,1,-0.000154495,-0.600213170,-0.189971924,0.033050537,0.368629456,0.245140404,22.098997116,0
655,1,1,-0.000154495,-0.600214303,-0.223022461,0.033050537,0.368934631,0.245338768,22.117765427,0
656,1,1,-0.000150681,-0.600215316,-0.256080627,0.033058167,0.369247437,0.245560035,22.136075974,0
657,1,1,-0.000150681,-0.600216269,-0.289131165,0.033050537,0.369560242,0.245758384,22.154844284,0
658,1,1,-0.000148773,-0.600217342,-0.322189331,0.033058167,0.369865417,0.245956749,22.173612595,0
659,1,1,-0.000146866,-0.600218296,-0.355232239,0.033042908,0.370178223,0.246178001,22.191923141,0
660,1,1,-0.000144958,-0.600219250,-0.388290405,0.033058167,0.370491028,0.246376365,22.210691452,0
661,1,1,-0.000144958,-0.600220203,-0.421348572,0.033058167,0.370796204,0.246582359,22.229459763,0
662,1,1,-0.000141144,-0.600221395,-0.454399109,0.033050537,0.371101379,0.246780738,22.247770309,0
663,1,1,-0.000141144,-0.600222349,-0.487449646,0.033050537,0.371414185,0.246994361,22.266080856,0
664,1,1,-0.000139236,-0.600223303,-0.520511627,0.033061981,0.371719360,0.247192726,22.284849167,0
665,1,1,-0.000137329,-0.600224435,-0.553562164,0.033050537,0.372028351,0.247406349,22.303159714,0
666,1,1,-0.000135422,-0.600225270,-0.586620331,0.033058167,0.372329712,0.247604713,22.321470261,0
667,1,1,-0.000135422,-0.600226283,-0.619670868,0.033050537,0.372634888,0.247803077,22.339780807,0
668,1,1,-0.000133514,-0.600227296,-0.652725220,0.033054352,0.372940063,0.248001441,22.358091354,0
669,1,1,-0.000131607,-0.600228310,-0.685779572,0.033054352,0.373245239,0.248207435,22.376401901,0
670,1,1,-0.000131607,-0.600229681,-0.718833923,0.033054352,0.373550415,0.248421028,22.394712448,0
671,1,1,-0.000127792,-0.600230157,-0.751892090,0.033058167,0.373851776,0.248611793,22.413022995,0
672,1,1,-0.000127792,-0.600231111,-0.784950256,0.033058167,0.374153137,0.248810142,22.431104660,0
673,1,1,-0.000125885,-0.600232184,-0.818000793,0.033050537,0.374458313,0.249016151,22.449186325,0
674,1,1,-0.000125885,-0.600233078,-0.851062775,0.033061981,0.374759674,0.249214515,22.467496872,0
675,1,1,-0.000122070,-0.600234151,-0.884117126,0.033054352,0.375061035,0.249420494,22.485578537,0
676,1,1,-0.000122070,-0.600235105,-0.917182922,0.033065796,0.375362396,0.249618873,22.503660202,0
677,1,1,-0.000120163,-0.600236118,-0.950244904,0.033061981,0.375659943,0.249817237,22.521741867,0
678,1,1,-0.000118256,-0.600236952,-0.983303070,0.033058167,0.375961304,0.250015587,22.539594650,0
679,1,1,-0.000116348,-0.600238085,-1.016365051,0.033061981,0.376258850,0.250213951,22.557676315,0
680,1,1,-0.000114441,-0.600238979,-1.049419403,0.033054352,0.376560211,0.250412345,22.575529099,0
681,1,1,-0.000114441,-0.600239992,-1.082485199,0.033065796,0.376857758,0.250610679,22.593610764,0
682,1,1,-0.000112534,-0.600240946,-1.115543365,0.033058167,0.377155304,0.250816673,22.611463547,0
683,1,1,-0.000110626,-0.600241959,-1.148609161,0.033065796,0.377452850,0.251007408,22.629316330,0
684,1,1,-0.000108719,-0.600242853,-1.181667328,0.033058167,0.377750397,0.251198173,22.647169113,0
685,1,1,-0.000108719,-0.600243807,-1.214729309,0.033061981,0.378047943,0.251404136,22.665021896,0
686,1,1,-0.000104904,-0.600244880,-1.247798920,0.033069611,0.378341675,0.251602530,22.682874680,0
687,1,1,-0.000104904,-0.600245953,-1.280860901,0.033061981,0.378639221,0.251793236,22.700498581,0
688,1,1,-0.000102997,-0.600246787,-1.313926697,0.033065796,0.378932953,0.251991600,22.718351364,0
689,1,1,-0.000101089,-0.600247741,-1.346992493,0.033065796,0.379226685,0.252189994,22.735975266,0
690,1,1,-0.000101089,-0.600248814,-1.380058289,0.033065796,0.379520416,0.252380699,22.753599167,0
691,1,1,-0.000099182,-0.600249648,-1.413124084,0.033065796,0.379814148,0.252579093,22.771223068,0
692,1,1,-0.000097275,-0.600250661,-1.446189880,0.033065796,0.380107880,0.252769798,22.788846970,0
693,1,1,-0.000095367,-0.600251675,-1.479259491,0.033069611,0.380397797,0.252975792,22.806470871,0
694,1,1,-0.000095367,-0.600252509,-1.512325287,0.033065796,0.380691528,0.253158897,22.823865891,0
695,1,1,-0.000091553,-0.600253463,-1.545391083,0.033065796,0.380981445,0.253357261,22.841489792,0
696,1,1,-0.000091553,-0.600254416,-1.578460693,0.033069611,0.381275177,0.253547996,22.858884811,0
697,1,1,-0.000089645,-0.600255489,-1.611530304,0.033069611,0.381565094,0.253738761,22.876508713,0
698,1,1,-0.000087738,-0.600256443,-1.644603729,0.033073425,0.381855011,0.253929496,22.893903732,0
699,1,1,-0.000087738,-0.600257456,-1.677673340,0.033069611,0.382144928,0.254135489,22.911298752,0
700,1,1,-0.000083923,-0.600258231,-1.710742950,0.033069611,0.382431030,0.254318595,22.928693771,0
701,1,1,-0.000083923,-0.600259066,-1.743816376,0.033073425,0.382720947,0.254509330,22.945859909,0
702,1,1,-0.000082016,-0.600260258,-1.776882172,0.033065796,0.383010864,0.254707694,22.963254929,0
703,1,1,-0.000080109,-0.600260973,-1.809959412,0.033077240,0.383296967,0.254890800,22.980649948,0
704,1,1,-0.000080109,-0.600262105,-1.843029022,0.033069611,0.383583069,0.255089164,22.997816086,0
705,1,1,-0.000076294,-0.600263119,-1.876102448,0.033073425,0.383869171,0.255279899,23.014982224,0
706,1,1,-0.000076294,-0.600263834,-1.909175873,0.033073425,0.384155273,0.255463004,23.032148361,0
707,1,1,-0.000074387,-0.600264966,-1.942249298,0.033073425,0.384441376,0.255653739,23.049314499,0
708,1,1,-0.000072479,-0.600265741,-1.975326538,0.033077240,0.384727478,0.255844474,23.066480637,0
709,1,1,-0.000072479,-0.600266814,-2.008399963,0.033073425,0.385013580,0.256035209,23.083646774,0
710,1,1,-0.000068665,-0.600267708,-2.041477203,0.033077240,0.385295868,0.256225944,23.100812912,0
711,1,1,-0.000068665,-0.600268483,-2.074554443,0.033077240,0.385578156,0.256409019,23.117750168,0
712,1,1,-0.000066757,-0.600269496,-2.107627869,0.033073425,0.385864258,0.256607413,23.134687424,0
713,1,1,-0.000064850,-0.600270391,-2.140705109,0.033077240,0.386146545,0.256790519,23.151853561,0
714,1,1,-0.000064850,-0.600271344,-2.173782349,0.033077240,0.386428833,0.256973624,23.168790817,0
715,1,1,-0.000061035,-0.600272417,-2.206855774,0.033073425,0.386711121,0.257164329,23.185728073,0
716,1,1,-0.000061035,-0.600273192,-2.239936829,0.033081055,0.386993408,0.257355094,23.202665329,0
717,1,1,-0.000057220,-0.600274146,-2.273014069,0.033077240,0.387271881,0.257530570,23.219602585,0
718,1,1,-0.000055313,-0.600275159,-2.306098938,0.033084869,0.387554169,0.257728934,23.236310959,0
719,1,1,-0.000053406,-0.600276113,-2.339179993,0.033081055,0.387832642,0.257912010,23.253248215,0
720,1,1,-0.000047684,-0.600276828,-2.372257233,0.033077240,0.388111115,0.258087516,23.269956589,0
721,1,1,-0.000045776,-0.600277781,-2.405338287,0.033081055,0.388393402,0.258285880,23.286664963,0
722,1,1,-0.000043869,-0.600278735,-2.438415527,0.033077240,0.388671875,0.258468986,23.303602219,0
723,1,1,-0.000038147,-0.600279689,-2.471500397,0.033084869,0.388950348,0.258652091,23.320310593,0
724,1,1,-0.000036240,-0.600280464,-2.504581451,0.033081055,0.389225006,0.258835167,23.337018967,0
725,1,1,-0.000032425,-0.600281477,-2.537662506,0.033081055,0.389503479,0.259018302,23.353498459,0
726,1,1,-0.000030518,-0.600282431,-2.570743561,0.033081055,0.389781952,0.259209037,23.370206833,0
727,1,1,-0.000028610,-0.600283265,-2.603828430,0.033084869,0.390056610,0.259392142,23.386915207,0
728,1,1,-0.000024796,-0.600284100,-2.636917114,0.033088684,0.390331268,0.259567618,23.403394699,0
729,1,1,-0.000022888,-0.600284934,-2.670001984,0.033084869,0.390605927,0.259758353,23.419874191,0
730,1,1,-0.000019073,-0.600285888,-2.703083038,0.033081055,0.390884399,0.259941459,23.436353683,0
731,1,1,-0.000015259,-0.600286901,-2.736171722,0.033088684,0.391155243,0.260116935,23.453062057,0
732,1,1,-0.000013351,-0.600287855,-2.702590942,0.033580780,0.391429901,0.260300040,23.469312668,0
733,1,1,-0.000015259,-0.600288868,-2.669010162,0.033580780,0.391704559,0.260483146,23.485792160,0
734,1,1,-0.000013351,-0.600289822,-2.635425568,0.033584595,0.391979218,0.260666251,23.502271652,0
735,1,1,-0.000013351,-0.600290537,-2.601852417,0.033573151,0.392250061,0.260849357,23.518751144,0
736,1,1,-0.000013351,-0.600291550,-2.568271637,0.033580780,0.392520905,0.261032462,23.535001755,0
737,1,1,-0.000013351,-0.600292444,-2.534694672,0.033576965,0.392795563,0.261207938,23.551252365,0
738,1,1,-0.000013351,-0.600293338,-2.501113892,0.033580780,0.393066406,0.261391044,23.567731857,0
739,1,1,-0.000011444,-0.600294173,-2.467540741,0.033573151,0.393337250,0.261574149,23.583982468,0
740,1,1,-0.000011444,-0.600295007,-2.433959961,0.033580780,0.393608093,0.261749625,23.600233078,0
741,1,1,-0.000011444,-0.600295961,-2.400390625,0.033569336,0.393875122,0.261925101,23.616483688,0
742,1,1,-0.000011444,-0.600296855,-2.366813660,0.033576965,0.394145966,0.262115836,23.632505417,0
743,1,1,-0.000009537,-0.600297689,-2.333234787,0.033578873,0.394416809,0.262283683,23.648756027,0
744,1,1,-0.000009537,-0.600298643,-2.299665451,0.033569336,0.394683838,0.262474418,23.665006638,0
745,1,1,-0.000011444,-0.600299478,-2.266092300,0.033573151,0.394950867,0.262642264,23.681028366,0
746,1,1,-0.000009537,-0.600300312,-2.232522964,0.033569336,0.395217896,0.262817740,23.697050095,0
747,1,1,-0.000009537,-0.600301266,-2.198947906,0.033575058,0.395484924,0.263000846,23.713071823,0
748,1,1,-0.000007629,-0.600302160,-2.165378571,0.033569336,0.395751953,0.263176322,23.729093552,0
749,1,1,-0.000009537,-0.600303113,-2.131807327,0.033571243,0.396018982,0.263359427,23.745115280,0
750,1,1,-0.000007629,-0.600303888,-2.098236084,0.033571243,0.396286011,0.263527274,23.761137009,0
751,1,1,-0.000007629,-0.600304663,-2.064666748,0.033569336,0.396551132,0.263710380,23.777158737,0
752,1,1,-0.000005722,-0.600305736,-2.031097412,0.033569336,0.396816254,0.263885856,23.793066025,0
753,1,1,-0.000007629,-0.600306392,-1.997528076,0.033569336,0.397081375,0.264053702,23.808973312,0
754,1,1,-0.000005722,-0.600307405,-1.963960648,0.033567429,0.397344589,0.264236808,23.824880600,0
755,1,1,-0.000005722,-0.600308180,-1.930393219,0.033567429,0.397607803,0.264412314,23.840673447,0
756,1,1,-0.000003815,-0.600309014,-1.896825790,0.033567429,0.397871017,0.264587760,23.856466293,0
757,1,1,-0.000005722,-0.600309789,-1.863258362,0.033567429,0.398134232,0.264763236,23.872259140,0
758,1,1,-0.000005722,-0.600310862,-1.829687119,0.033571243,0.398397446,0.264931083,23.888051987,0
759,1,1,-0.000003815,-0.600311577,-1.796121597,0.033565521,0.398658752,0.265114188,23.903844833,0
760,1,1,-0.000003815,-0.600312352,-1.762557983,0.033563614,0.398920059,0.265289664,23.919523239,0
761,1,1,-0.000003815,-0.600313306,-1.728992462,0.033565521,0.399181366,0.265457511,23.935201645,0
762,1,1,-0.000003815,-0.600314200,-1.695426941,0.033565521,0.399442673,0.265625358,23.950880051,0
763,1,1,-0.000001907,-0.600314975,-1.661861420,0.033565521,0.399702072,0.265808463,23.966558456,0
764,1,1,-0.000001907,-0.600315988,-1.628297806,0.033563614,0.399961472,0.265976310,23.982122421,0
765,1,1,-0.000001907,-0.600316763,-1.594734192,0.033563614,0.400220871,0.266144156,23.997686386,0
766,1,1,-0.000001907,-0.600317597,-1.561170578,0.033563614,0.400480270,0.266327262,24.013250351,0
767,1,1,0.000000000,-0.600318491,-1.527610779,0.033559799,0.400737762,0.266487479,24.028814316,0
768,1,1,-0.000001907,-0.600319386,-1.494047165,0.033563614,0.400997162,0.266662955,24.044263840,0
769,1,1,0.000000000,-0.600320220,-1.460483551,0.033563614,0.401254654,0.266838431,24.059827805,0
770,1,1,0.000000000,-0.600320935,-1.426921844,0.033561707,0.401512146,0.267006278,24.075277328,0
771,1,1,0.000001907,-0.600321710,-1.393362045,0.033559799,0.401767731,0.267174125,24.090726852,0
772,1,1,0.000000000,-0.600322723,-1.359802246,0.033559799,0.402023315,0.267349601,24.106061935,0
773,1,1,0.000001907,-0.600323617,-1.326242447,0.033559799,0.402280807,0.267517447,24.121397018,0
774,1,1,0.000000000,-0.600324392,-1.292680740,0.033561707,0.402536392,0.267685294,24.136846542,0
775,1,1,0.000000000,-0.600325048,-1.259122849,0.033557892,0.402790070,0.267853141,24.152181625,0
776,1,1,0.000000000,-0.600326061,-1.225561142,0.033561707,0.403045654,0.268036246,24.167402267,0
777,1,1,0.000001907,-0.600326777,-1.192003250,0.033557892,0.403299332,0.268188834,24.182737350,0
778,1,1,0.000000000,-0.600327611,-1.158445358,0.033557892,0.403553009,0.268364310,24.197957993,0
779,1,1,0.000001907,-0.600328565,-1.124887466,0.033557892,0.403806686,0.268532157,24.213178635,0
780,1,1,0.000001907,-0.600329220,-1.091329575,0.033557892,0.404060364,0.268700004,24.228399277,0
781,1,1,0.000003815,-0.600330114,-1.057773590,0.033555984,0.404312134,0.268867850,24.243619919,0
782,1,1,0.000001907,-0.600331068,-1.024217606,0.033555984,0.404563904,0.269043326,24.258726120,0
783,1,1,0.000003815,-0.600331783,-0.990661621,0.033555984,0.404815674,0.269195914,24.273832321,0
784,1,1,0.000003815,-0.600332618,-0.957105637,0.033555984,0.405067444,0.269371390,24.288938522,0
785,1,1,0.000003815,-0.600333452,-0.923549652,0.033555984,0.405317307,0.269539267,24.304044724,0
786,1,1,0.000003815,-0.600334287,-0.889995575,0.033554077,0.405567169,0.269699484,24.319036484,0
787,1,1,0.000005722,-0.600335121,-0.856436729,0.033558846,0.405818939,0.269874960,24.334028244,0
788,1,1,0.000005722,-0.600335896,-0.822882652,0.033554077,0.406066895,0.270035148,24.349134445,0
789,1,1,0.000005722,-0.600336671,-0.789325714,0.033556938,0.406316757,0.270202994,24.364011765,0
790,1,1,0.000007629,-0.600337386,-0.755771637,0.033554077,0.406565666,0.270370871,24.379003525,0
791,1,1,0.000005722,-0.600338221,-0.722217560,0.033554077,0.406813622,0.270531058,24.393938065,0
792,1,1,0.000007629,-0.600339055,-0.688662529,0.033555031,0.407061577,0.270698935,24.408815384,0
793,1,1,0.000007629,-0.600339890,-0.655109406,0.033553123,0.407309532,0.270866752,24.423692703,0
794,1,1,0.000007629,-0.600340724,-0.621554375,0.033555031,0.407556534,0.271019340,24.438570023,0
795,1,1,0.000007629,-0.600341618,-0.588002205,0.033552170,0.407802582,0.271187186,24.453390121,0
796,1,1,0.000009537,-0.600342333,-0.554450989,0.033551216,0.408048630,0.271355033,24.468153000,0
797,1,1,0.000007629,-0.600343227,-0.520897865,0.033553123,0.408294678,0.271515250,24.482915878,0
798,1,1,0.000009537,-0.600343943,-0.487345695,0.033552170,0.408540726,0.271683097,24.497678757,0
799,1,1,0.000009537,-0.600344718,-0.453795433,0.033550262,0.408785820,0.271843314,24.512441635,0
800,1,1,0.000009537,-0.600345552,-0.420244217,0.033551216,0.409029961,0.272007376,24.527147293,0
801,1,1,0.000009537,-0.600346386,-0.386693001,0.033551216,0.409274101,0.272167593,24.541795731,0
802,1,1,0.000011444,-0.600347161,-0.353142738,0.033550262,0.409518242,0.272331595,24.556444168,0
803,1,1,0.000011444,-0.600347936,-0.319593430,0.033549309,0.409761429,0.272495627,24.571092606,0
804,1,1,0.000011444,-0.600348830,-0.286044121,0.033549309,0.410004616,0.272652030,24.585683823,0
805,1,1,0.000013351,-0.600349545,-0.252495766,0.033548355,0.410246849,0.272816062,24.600275040,0
806,1,1,0.000011444,-0.600350380,-0.218947411,0.033548355,0.410489082,0.272976309,24.614809036,0
807,1,1,0.000013351,-0.600351095,-0.185399055,0.033548355,0.410731316,0.273136497,24.629343033,0
808,1,1,0.000013351,-0.600351930,-0.151852608,0.033546448,0.410971642,0.273300558,24.643877029,0
809,1,1,0.000013351,-0.600352764,-0.118306160,0.033546448,0.411213398,0.273456931,24.658325195,0
810,1,1,0.000013351,-0.600353539,-0.084759712,0.033546448,0.411453724,0.273617148,24.672801971,0
811,1,1,0.000015259,-0.600354373,-0.051213264,0.033546448,0.411694050,0.273777366,24.687221527,0
812,1,1,0.000015259,-0.600355148,-0.017667770,0.033545494,0.411933899,0.273937613,24.701641083,0
813,1,1,0.000015259,-0.600355804,0.015876770,0.033544540,0.412173271,0.274097800,24.716032028,0
814,1,1,0.000017166,-0.600356579,0.049422264,0.033545494,0.412412167,0.274258018,24.730394363,0
815,1,1,0.000015259,-0.600357473,0.082966328,0.033544064,0.412650585,0.274414420,24.744728088,0
816,1,1,0.000017166,-0.600358129,0.116510391,0.033544064,0.412889004,0.274574667,24.759033203,0
817,1,1,0.000017166,-0.600358903,0.150053501,0.033543110,0.413126469,0.274727255,24.773338318,0
818,1,1,0.000017166,-0.600359678,0.183596849,0.033543348,0.413364172,0.274887472,24.787586212,0
819,1,1,0.000017166,-0.600360572,0.217139959,0.033543110,0.413600922,0.275047690,24.801834106,0
820,1,1,0.000019073,-0.600361347,0.250682116,0.033542156,0.413837433,0.275204092,24.816053391,0
821,1,1,0.000019073,-0.600362122,0.284224272,0.033542156,0.414073706,0.275360495,24.830244064,0
822,1,1,0.000019073,-0.600362837,0.317765474,0.033541203,0.414309502,0.275516897,24.844421387,0
823,1,1,0.000019073,-0.600363731,0.351306796,0.033541322,0.414544940,0.275673300,24.858568192,0
824,1,1,0.000019073,-0.600364387,0.384847641,0.033540845,0.414779902,0.275833517,24.872695923,0
825,1,1,0.000020981,-0.600365162,0.418387890,0.033540249,0.415014505,0.275986105,24.886793137,0
826,1,1,0.000074387,-0.610843003,0.432153195,0.017299470,0.389538735,0.616279960,24.900873184,0
827,1,1,0.000047684,-0.607918620,0.465516597,0.033491332,0.389777154,0.602217615,23.739589691,0
828,1,1,0.000019073,-0.605633736,0.498928845,0.033490293,0.389757842,0.607271671,23.741170883,0
829,1,1,-0.000003815,-0.603235126,0.532429576,0.033586498,0.389753968,0.612112522,23.741485596,0
830,1,1,-0.000030518,-0.600690424,0.566012025,0.033678733,0.389765054,0.616766393,23.742708206,0
831,1,1,-0.000051498,-0.597982824,0.599667966,0.033764683,0.389789283,0.621292174,23.744821548,0
832,1,1,-0.000076294,-0.595074296,0.633388638,0.033845883,0.389825195,0.625736952,23.747804642,0
833,1,1,-0.000093460,-0.591960549,0.667163491,0.033918086,0.389869571,0.630144238,23.751577377,0
834,1,1,-0.000110626,-0.588632226,0.700983763,0.033983655,0.389921367,0.634577274,23.756042480,0
835,1,1,-0.000122070,-0.585088015,0.734837055,0.034038316,0.389976829,0.639075518,23.761138916,0
836,1,1,-0.000135422,-0.581327319,0.768715143,0.034086183,0.390035540,0.643678486,23.766769409,0
837,1,1,-0.000085831,-0.578875542,0.801877975,0.033253379,0.389743775,0.609660745,23.772884369,0
838,1,1,-0.000179291,-0.577248096,0.834602356,0.032764956,0.389140308,0.561336279,23.731132507,0
839,1,1,-0.000181198,-0.573661506,0.868120432,0.033709422,0.388771176,0.569649816,23.659904480,0
840,1,1,-0.000181198,-0.569983900,0.901673794,0.033754300,0.388435930,0.578408539,23.643827438,0
841,1,1,-0.000192642,-0.571665823,0.935474873,0.033842899,0.389199525,0.488605320,23.630294800,0
842,1,1,-0.000198364,-0.573949873,0.969284058,0.033886250,0.389939249,0.409702063,23.608846664,0
843,1,1,-0.000200272,-0.576681912,1.003092766,0.033918913,0.390633881,0.345518202,23.590126038,0
844,1,1,-0.000278473,-0.580334783,1.036573887,0.033679891,0.391083151,0.291726530,23.574348450,0
845,1,1,-0.000236511,-0.586450160,1.068864346,0.032864470,0.390777498,0.259924799,23.540517807,0
846,1,1,-0.000196457,-0.589733720,1.102636337,0.033931267,0.391069263,0.264649600,23.435306549,0
847,1,1,-0.000156403,-0.592828631,1.136398792,0.033904031,0.391280681,0.272650361,23.428701401,0
848,1,1,-0.000122070,-0.595663726,1.170156479,0.033876546,0.391413599,0.280856580,23.423274994,0
849,1,1,-0.000087738,-0.598189592,1.203908443,0.033846363,0.391472071,0.287462562,23.418521881,0
850,1,1,-0.000059128,-0.600375056,1.237657070,0.033819329,0.391463190,0.291689068,23.414052963,0
851,1,1,-0.000036240,-0.602199316,1.271406174,0.033798378,0.391396403,0.293457836,23.409589767,0
852,1,1,-0.000007629,-0.603661060,1.305153847,0.033779327,0.391276926,0.292960495,23.404844284,0
853,1,1,0.000007629,-0.604765892,1.338904381,0.033768617,0.391117811,0.290693194,23.399707794,0
854,1,1,0.000020981,-0.605020642,1.372645378,0.033741962,0.391390353,0.311163247,23.394115448,0
855,1,1,0.000032425,-0.605313897,1.406402588,0.033758484,0.391614586,0.332043856,23.386461258,0
856,1,1,0.000041962,-0.605648160,1.440171242,0.033770312,0.391798496,0.352298290,23.379100800,0
857,1,1,0.000049591,-0.605971694,1.473497391,0.033327721,0.391449630,0.367879063,23.372053146,0
858,1,1,0.000061035,-0.606340170,1.506841660,0.033346307,0.391090095,0.382565886,23.338016510,0
859,1,1,0.000066757,-0.606776834,1.540196419,0.033357620,0.390725821,0.396682888,23.304746628,0
860,1,1,0.000072479,-0.607303500,1.573567390,0.033375129,0.390367061,0.410636842,23.272222519,0
861,1,1,0.000076294,-0.607949495,1.606950760,0.033389620,0.390018702,0.424844056,23.240600586,0
862,1,1,0.000080109,-0.608737707,1.640344620,0.033403162,0.389684826,0.439672112,23.209936142,0
863,1,1,0.000080109,-0.609696865,1.673744202,0.033413354,0.389370561,0.455483168,23.180315018,0
864,1,1,0.000076294,-0.610847235,1.707151413,0.033427011,0.389077693,0.472563118,23.151708603,0
865,1,1,0.000074387,-0.612214088,1.740557671,0.033434208,0.388807505,0.491177887,23.124277115,0
866,1,1,0.000070572,-0.613813996,1.773962975,0.033443596,0.388561755,0.511517644,23.097946167,0
867,1,1,0.000064850,-0.615661025,1.807359695,0.033447757,0.388339132,0.533724606,23.072847366,0
868,1,1,0.000064850,-0.616261005,1.840809822,0.033455506,0.387948006,0.535769105,23.049055099,0
869,1,1,0.000062943,-0.616854668,1.874250412,0.033445857,0.387576312,0.537921965,23.025850296,0
870,1,1,0.000053406,-0.617393494,1.907215118,0.032969110,0.386742473,0.537980855,23.003849030,0
871,1,1,0.000049591,-0.617902994,1.940163612,0.032952432,0.385927528,0.538034856,22.955307007,0
872,1,1,0.000045776,-0.617876649,1.906509399,0.033654224,0.385134459,0.538077950,22.907094955,0
873,1,1,0.000043869,-0.617823005,1.872800827,0.033708617,0.384363234,0.538118839,22.859498978,0
874,1,1,0.000041962,-0.617739201,1.839036942,0.033763990,0.383611977,0.538154364,22.813173294,0
875,1,1,0.000040054,-0.617628336,1.805221558,0.033815566,0.382880718,0.538178802,22.768104553,0
876,1,1,0.000036240,-0.617491007,1.771362305,0.033859532,0.382171363,0.538206697,22.724218369,0
877,1,1,0.000036240,-0.617326498,1.737457275,0.033905428,0.381482005,0.538219869,22.681499481,0
878,1,1,0.000030518,-0.617135286,1.703516006,0.033941805,0.380814552,0.538229406,22.640062332,0
879,1,1,0.000028610,-0.616918802,1.669538498,0.033978198,0.380165219,0.538236141,22.599889755,0
880,1,1,0.000024796,-0.616677284,1.635528564,0.034010790,0.379541636,0.538243294,22.560909271,0
881,1,1,0.000024796,-0.616415739,1.601491928,0.034037642,0.378934234,0.538243473,22.523180008,0
882,1,1,0.000020981,-0.616123915,1.567428589,0.034064591,0.378348738,0.538238883,22.486665726,0
883,1,1,0.000019073,-0.615808725,1.533349991,0.034080055,0.377785146,0.538229108,22.451429367,0
884,1,1,0.000017166,-0.615473509,1.499256134,0.034095503,0.377241522,0.538220704,22.417364120,0
885,1,1,0.000013351,-0.615110397,1.465145111,0.034112956,0.376719773,0.538210809,22.384601593,0
886,1,1,0.000009537,-0.614726067,1.431026459,0.034120817,0.376217961,0.538189471,22.353147507,0
887,1,1,0.000005722,-0.614320278,1.396900177,0.034128696,0.375736088,0.538172781,22.322841644,0
888,1,1,0.000001907,-0.613893509,1.362775803,0.034127042,0.375275999,0.538164079,22.293722153,0
889,1,1,-0.000001907,-0.613443375,1.328649521,0.034129251,0.374835789,0.538131297,22.265924454,0
890,1,1,-0.000007629,-0.612974167,1.294530869,0.034121878,0.374417335,0.538112581,22.239398956,0
891,1,1,-0.000009537,-0.612484932,1.260419846,0.034114532,0.374020547,0.538094759,22.214044571,0
892,1,1,-0.000011444,-0.611975670,1.226322174,0.034101475,0.373641610,0.538074434,22.189983368,0
893,1,1,-0.000011444,-0.611444473,1.192237854,0.034088459,0.373284340,0.538045347,22.167116165,0
894,1,1,-0.000019073,-0.611742973,1.158163071,0.034076091,0.372946769,0.538023293,22.145547867,0
895,1,1,-0.000017166,-0.610326767,1.124128342,0.034064181,0.372630686,0.538005471,22.125228882,0
896,1,1,-0.000019073,-0.610144615,1.090108871,0.034019958,0.372334182,0.537982464,22.106067657,0
897,1,1,-0.000022888,-0.609677315,1.056119919,0.033992164,0.372059107,0.537962735,22.088140488,0
898,1,1,-0.000022888,-0.609017372,1.022165298,0.033961032,0.371803492,0.537939548,22.071498871,0
899,1,1,-0.000022888,-0.608064651,0.988241196,0.033937477,0.371567309,0.537920594,22.056020737,0
900,1,1,-0.000024796,-0.607844353,0.954359055,0.033882856,0.371354222,0.537908375,22.041820526,0
901,1,1,0.000246048,-0.625026703,0.852766037,0.103036150,0.289153755,1.428885460,22.028890610,0
902,1,1,0.000211716,-0.614412785,0.819332123,0.035078242,0.290833443,1.212409377,18.050767899,0
903,1,1,0.000200272,-0.606619835,0.784917831,0.035285600,0.290779859,1.133076072,18.072319031,0
904,1,1,0.000265121,-0.599757671,0.750396729,0.035196591,0.290234536,1.115536094,18.043174744,0
905,1,1,0.000278473,-0.593679428,0.716573715,0.034364831,0.290106714,1.137153745,18.010944366,0
906,1,1,0.000286102,-0.587972164,0.682580948,0.034468554,0.289501041,1.192219734,18.021818161,0
907,1,1,0.000280380,-0.582222939,0.648561478,0.034501854,0.288711220,1.260490537,18.020410538,0
908,1,1,0.000267029,-0.576213598,0.614603043,0.034486052,0.287915081,1.330007672,18.013969421,0
909,1,1,0.000244141,-0.569900036,0.580749512,0.034437235,0.287128627,1.399741650,18.006450653,0
910,1,1,0.000217438,-0.563272834,0.547031403,0.034363225,0.286371559,1.468812704,17.997596741,0
911,1,1,0.000186920,-0.556305289,0.513488770,0.034258660,0.285653919,1.536514521,17.987758636,0
912,1,1,0.000152588,-0.548967481,0.480163574,0.034123499,0.284985542,1.602281332,17.976432800,0
913,1,1,0.000114441,-0.541246057,0.447092056,0.033960965,0.284377903,1.665711403,17.963937759,0
914,1,1,0.000070572,-0.533148289,0.414327621,0.033750318,0.283834636,1.726517439,17.949510574,0
915,1,1,0.000024796,-0.524666309,0.381910324,0.033508614,0.283359051,1.784557939,17.932722092,0
916,1,1,-0.000307083,-0.525599003,0.350828171,0.031097915,0.283860981,1.548094034,17.914302826,0
917,1,1,-0.000577927,-0.530475616,0.320453644,0.030764697,0.284694403,1.227358341,17.805130005,0
918,1,1,-0.000947952,-0.574157476,0.269615173,0.067028292,0.273902237,0.741120636,17.680425644,0
919,1,1,-0.001092911,-0.577045441,0.238475800,0.031273343,0.271425039,0.474211991,16.040700912,0
920,1,1,-0.001222610,-0.578513145,0.207569122,0.030941779,0.271076202,0.400518149,16.042922974,0
921,1,1,-0.001323700,-0.581153631,0.176513672,0.031167665,0.271579295,0.430211008,16.066354752,0
922,1,1,-0.001399994,-0.584628820,0.145343781,0.031363115,0.272430062,0.500745356,16.080787659,0
923,1,1,-0.001464844,-0.602785826,0.098537445,0.050204720,0.255118549,0.304143012,16.093341827,0
924,1,1,-0.001512527,-0.603522778,0.066581726,0.031964250,0.255435377,0.366690069,15.174732208,0
925,1,1,-0.001554489,-0.603673220,0.034988403,0.031593710,0.256109267,0.426335365,15.154752731,0
926,1,1,-0.001579285,-0.603709459,0.003318787,0.031669647,0.256687075,0.476998806,15.159936905,0
927,1,1,-0.001598358,-0.603639841,-0.028446198,0.031765066,0.257181287,0.519148409,15.164997101,0
928,1,1,-0.001607895,-0.603474140,-0.060306549,0.031860784,0.257619113,0.553794384,15.170659065,0
929,1,1,-0.001609802,-0.603226900,-0.092262268,0.031956676,0.258012116,0.582161188,15.177236557,0
930,1,1,-0.001609802,-0.602915287,-0.124313354,0.032052599,0.258377969,0.605501950,15.184926987,0
931,1,1,-0.001598358,-0.602549314,-0.156688690,0.032377407,0.258482993,0.623703897,15.193886757,0
932,1,1,-0.001569748,-0.602210879,-0.189395905,0.032708976,0.258333176,0.636187375,15.190287590,0
933,1,1,-0.001543045,-0.601852417,-0.222179413,0.032785479,0.258207530,0.647558033,15.174695969,0
934,1,1,-0.001516342,-0.601493478,-0.255058289,0.032880846,0.258098036,0.658738971,15.160827637,0
935,1,1,-0.001489639,-0.601153851,-0.288028717,0.032972187,0.258021921,0.670524955,15.148611069,0
936,1,1,-0.001462936,-0.600849390,-0.321079254,0.033051949,0.257968515,0.683570504,15.137680054,0
937,1,1,-0.001440048,-0.600602984,-0.354213715,0.033135384,0.257956743,0.698400557,15.127786636,0
938,1,1,-0.001411438,-0.600406885,-0.387428284,0.033215158,0.257981896,0.715425253,15.119114876,0
939,1,1,-0.001380920,-0.600281954,-0.420730591,0.033302553,0.258038789,0.734932125,15.111318588,0
940,1,1,-0.001356125,-0.600235224,-0.454105377,0.033374827,0.258129597,0.757110536,15.104250908,0
941,1,1,-0.001331329,-0.599976540,-0.487468719,0.033364352,0.258215725,0.769225478,15.097501755,0
942,1,1,-0.001304626,-0.599530697,-0.520874023,0.033408292,0.258253545,0.772643507,15.096402168,0
943,1,1,-0.001283646,-0.599080324,-0.554782867,0.033911839,0.257822007,0.772221804,15.097182274,0
944,1,1,-0.001262665,-0.598581314,-0.588714600,0.033935409,0.257424504,0.771797001,15.072097778,0
945,1,1,-0.001245499,-0.598044395,-0.622676849,0.033966497,0.257057279,0.771369874,15.048828125,0
946,1,1,-0.001226425,-0.597465038,-0.656661987,0.033990081,0.256716400,0.770933032,15.027606964,0
947,1,1,-0.001207352,-0.596848011,-0.690650940,0.033994559,0.256409496,0.770500600,15.007972717,0
948,1,1,-0.001192093,-0.596191406,-0.724647522,0.034002926,0.256128907,0.770063937,14.990381241,0
949,1,1,-0.001169205,-0.595499992,-0.758617401,0.033976924,0.255885959,0.769618630,14.974600792,0
950,1,1,-0.001155853,-0.594770432,-0.792591095,0.033981528,0.255661547,0.769182444,14.960635185,0
951,1,1,-0.001131058,-0.594007015,-0.826538086,0.033955585,0.255478501,0.768740892,14.948465347,0
952,1,1,-0.001111984,-0.593208313,-0.860454559,0.033925883,0.255317599,0.768298268,14.938323021,0
953,1,1,-0.001091003,-0.592959881,-0.894348145,0.033894502,0.255190223,0.767856240,14.929955482,0
954,1,1,-0.001073837,-0.592357635,-0.928192139,0.033849355,0.255088687,0.767423093,14.923145294,0
955,1,1,-0.001049042,-0.591375351,-0.961978912,0.033801060,0.255020291,0.766991496,14.918334961,0
956,1,1,-0.001031876,-0.590109825,-0.995712280,0.033757102,0.254981279,0.766555071,14.915510178,0
957,1,1,-0.001012802,-0.589427948,-1.029384613,0.033679239,0.254967660,0.766124189,14.914216995,0
958,1,1,-0.000989914,-0.588410378,-1.062980652,0.033611454,0.254986912,0.765710890,14.914664268,0
959,1,1,-0.000967026,-0.587062836,-1.096496582,0.033543017,0.255035013,0.765286326,14.917071342,0
960,1,1,-0.000949860,-0.589291573,-1.129684448,0.033262622,0.254718184,0.682172954,14.921200752,0
961,1,1,-0.000936508,-0.593816757,-1.163223267,0.033842720,0.254182190,0.578136623,14.939256668,0
962,1,1,-0.000915527,-0.596727371,-1.196350098,0.033254460,0.253638148,0.474256724,14.957144737,0
963,1,1,-0.000896454,-0.601019859,-1.229812622,0.033736721,0.253101468,0.374036849,14.978943825,0
964,1,1,-0.000871658,-0.603626251,-1.262840271,0.033130340,0.252596557,0.282296985,15.004386902,0
965,1,1,-0.000511169,-0.607917786,-1.297058105,0.034487784,0.250589252,0.183734715,15.033408165,0
966,1,1,-0.001045227,-0.612562180,-1.331798553,0.035053592,0.247993067,0.184911832,15.000452995,0
967,1,1,-0.000953674,-0.613761902,-1.364730835,0.032954253,0.247823447,0.228139386,14.942873001,0
968,1,1,-0.000879288,-0.612840652,-1.397693634,0.032975756,0.247707933,0.280308247,14.977176666,0
969,1,1,-0.000822067,-0.613851547,-1.430664063,0.032985970,0.247643545,0.334307313,15.010753632,0
970,1,1,-0.000915527,-0.624625206,-1.473590851,0.044258215,0.235586375,0.662417114,15.043224335,0
971,1,1,-0.000843048,-0.622076988,-1.507701874,0.034206148,0.234781772,0.697529256,14.566022873,0
972,1,1,-0.000789642,-0.619768143,-1.541954041,0.034329936,0.233938813,0.732909083,14.525626183,0
973,1,1,-0.000751495,-0.617406845,-1.576274872,0.034401987,0.233122453,0.768511295,14.480476379,0
974,1,1,-0.000724792,-0.613935471,-1.610679626,0.034579448,0.232340738,0.804325938,14.434447289,0
975,1,1,-0.000734329,-0.611196518,-1.644527435,0.033958446,0.232196718,0.839849651,14.387525558,0
976,1,1,-0.000707626,-0.610449791,-1.678325653,0.033806477,0.231800616,0.914190352,14.375951767,0
977,1,1,-0.000694275,-0.609522820,-1.712192535,0.033879567,0.231415585,0.988577127,14.376570702,0
978,1,1,-0.000684738,-0.608363628,-1.746116638,0.033943903,0.231050700,1.062105775,14.373238564,0
979,1,1,-0.000675201,-0.607029438,-1.779575348,0.033485301,0.231729567,1.052358389,14.365199089,0
980,1,1,-0.000667572,-0.605835915,-1.812923431,0.033369433,0.232976303,0.961985767,14.385287285,0
981,1,1,-0.000661850,-0.604865551,-1.846179962,0.033270683,0.234246939,0.873118997,14.412183762,0
982,1,1,-0.000665665,-0.604124546,-1.879352570,0.033180885,0.235520706,0.788438499,14.444342613,0
983,1,1,-0.000661850,-0.603589773,-1.912437439,0.033089191,0.236796156,0.710032821,14.480949402,0
984,1,1,-0.000923157,-0.599941254,-1.951232910,0.038967531,0.235084951,0.285282522,14.521260262,0
985,1,1,-0.000823975,-0.601827860,-1.984375000,0.033195894,0.235563144,0.293989837,14.217310905,0
986,1,1,-0.000783920,-0.603605986,-2.017433167,0.033105977,0.236050054,0.310808361,14.254489899,0
987,1,1,-0.000755310,-0.605152130,-2.050487518,0.033090506,0.236536250,0.329927534,14.296708107,0
988,1,1,-0.000728607,-0.606426954,-2.083522797,0.033059876,0.237017110,0.350496203,14.339251518,0
989,1,1,-0.000707626,-0.607404947,-2.116535187,0.033026878,0.237499833,0.371753782,14.381884575,0
990,1,1,-0.000690460,-0.608070135,-2.149528503,0.033000026,0.237988323,0.393052131,14.424139023,0
991,1,1,-0.000665665,-0.608406782,-2.182514191,0.032987416,0.238483205,0.413826466,14.465763092,0
992,1,1,-0.000640869,-0.608436823,-2.215465546,0.032951377,0.238993511,0.433635116,14.506426811,0
993,1,1,-0.000616074,-0.608159423,-2.248401642,0.032937273,0.239513397,0.452171952,14.545789719,0
994,1,1,-0.000587463,-0.607589960,-2.281295776,0.032899078,0.240049094,0.469187528,14.584073067,0
995,1,1,-0.000556946,-0.606748462,-2.314163208,0.032878216,0.240607068,0.484564304,14.620901108,0
996,1,1,-0.000520706,-0.605657518,-2.347003937,0.032858863,0.241171345,0.498240888,14.656657219,0
997,1,1,-0.000457764,-0.604351282,-2.379863739,0.032885816,0.241700888,0.509008408,14.690873146,0
998,1,1,-0.000425339,-0.602287173,-2.412742615,0.032943621,0.242860809,0.423669189,14.719956398,0
999,1,1,-0.000387192,-0.600480020,-2.445541382,0.032848537,0.244019657,0.343071133,14.745684624,0
1000,1,1,-0.000347137,-0.598986030,-2.478282928,0.032775640,0.245141312,0.273762524,14.774000168,0
1001,1,1,-0.000314713,-0.597808957,-2.511001587,0.032739840,0.246214703,0.219329312,14.804361343,0
1002,1,1,-0.000276566,-0.596940756,-2.543682098,0.032692064,0.247231975,0.183293581,14.836006165,0
1003,1,1,-0.000236511,-0.596360922,-2.576358795,0.032681864,0.248177528,0.166987106,14.868294716,0
1004,1,1,-0.000240326,-0.596061826,-2.542373657,0.033986453,0.249058902,0.166875094,14.900517464,0
1005,1,1,-0.000244141,-0.596055865,-2.508403778,0.033969879,0.249868780,0.175796404,14.932781219,0
1006,1,1,-0.000244141,-0.596282899,-2.474445343,0.033959195,0.250600547,0.187406480,14.964421272,0
1007,1,1,-0.000246048,-0.596684217,-2.440498352,0.033949360,0.251282573,0.198011845,14.995398521,0
1008,1,1,-0.000244141,-0.597207308,-2.406578064,0.033924319,0.251898140,0.205886737,15.026223183,0
1009,1,1,-0.000244141,-0.597802460,-2.372661591,0.033921696,0.252465397,0.210506216,15.056527138,0
1010,1,1,-0.000246048,-0.598427832,-2.338768005,0.033899352,0.252987832,0.212038726,15.086644173,0
1011,1,1,-0.000246048,-0.599047422,-2.304889679,0.033883993,0.253469259,0.210922003,15.116673470,0
1012,1,1,-0.000244141,-0.599632442,-2.271018982,0.033875749,0.253925264,0.207770571,15.146692276,0
1013,1,1,-0.000242233,-0.600161672,-2.237163544,0.033859573,0.254356325,0.203240886,15.176521301,0
1014,1,1,-0.000240326,-0.600618720,-2.203327179,0.033839449,0.254766852,0.197956741,15.206650734,0
1015,1,1,-0.000240326,-0.600994408,-2.169490814,0.033838447,0.255172640,0.192487851,15.236401558,0
1016,1,1,-0.000238419,-0.601284385,-2.135669708,0.033822346,0.255570471,0.187300026,15.266456604,0
1017,1,1,-0.000232697,-0.601487517,-2.101856232,0.033814088,0.255968392,0.182695150,15.296580315,0
1018,1,1,-0.000230789,-0.601607561,-2.068050385,0.033806060,0.256366819,0.178912818,15.326522827,0
1019,1,1,-0.000226974,-0.601650357,-2.034244537,0.033805873,0.256773531,0.176034585,15.356503487,0
1020,1,1,-0.000223160,-0.601624727,-2.000438690,0.033805858,0.257184952,0.174004585,15.386502266,0
1021,1,1,-0.000217438,-0.601540029,-1.966655731,0.033783067,0.257601112,0.172763258,15.416512489,0
1022,1,1,-0.000213623,-0.601406455,-1.932861328,0.033794668,0.258037180,0.172140971,15.446297646,0
1023,1,1,-0.000207901,-0.601235271,-1.899082184,0.033779580,0.258470237,0.172007665,15.476308823,0
1024,1,1,-0.000202179,-0.601036549,-1.865299225,0.033783544,0.258915454,0.172180682,15.506088257,0
1025,1,1,-0.000200272,-0.600821197,-1.831508636,0.033791274,0.259376466,0.172556922,15.535635948,0
1026,1,1,-0.000198364,-0.600598097,-1.797725677,0.033783697,0.259837896,0.173027858,15.565407753,0
1027,1,1,-0.000192642,-0.600375175,-1.763935089,0.033791322,0.260311067,0.173518479,15.594948769,0
1028,1,1,-0.000186920,-0.600160241,-1.730152130,0.033783644,0.260788202,0.174006820,15.624715805,0
1029,1,1,-0.000183105,-0.599958718,-1.696372986,0.033779744,0.261273056,0.174420774,15.654251099,0
1030,1,1,-0.000177383,-0.599776030,-1.662586212,0.033787269,0.261757880,0.174799249,15.683556557,0
1031,1,1,-0.000177383,-0.599615097,-1.628803253,0.033783343,0.262250304,0.175123900,15.713088989,0
1032,1,1,-0.000175476,-0.599478364,-1.595012665,0.033790864,0.262746453,0.175401568,15.742389679,0
1033,1,1,-0.000173569,-0.599366903,-1.561222076,0.033790771,0.263238668,0.175653264,15.771687508,0
1034,1,1,-0.000173569,-0.599281609,-1.527435303,0.033786882,0.263738483,0.175896093,15.800984383,0
1035,1,1,-0.000167847,-0.599221170,-1.493640900,0.033794459,0.264234364,0.176115260,15.830278397,0
1036,1,1,-0.000169754,-0.599184573,-1.459850311,0.033790607,0.264730155,0.176361725,15.859339714,0
1037,1,1,-0.000162125,-0.599170566,-1.426059723,0.033790592,0.265225917,0.176596090,15.888399124,0
1038,1,1,-0.000162125,-0.599176288,-1.392265320,0.033794403,0.265721649,0.176860005,15.917456627,0
1039,1,1,-0.000160217,-0.599199712,-1.358470917,0.033794411,0.266217351,0.177131832,15.946514130,0
1040,1,1,-0.000154495,-0.599237561,-1.324691772,0.033779167,0.266705453,0.177410975,15.975569725,0
1041,1,1,-0.000150681,-0.599287510,-1.290897369,0.033794440,0.267201185,0.177718669,16.004396439,0
1042,1,1,-0.000148773,-0.599346519,-1.257102966,0.033794455,0.267689317,0.178014457,16.033224106,0
1043,1,1,-0.000144958,-0.599412143,-1.223342896,0.033760134,0.268173665,0.178345263,16.062280655,0
1044,1,1,-0.000143051,-0.599481940,-1.189552307,0.033790659,0.268661857,0.178655267,16.090883255,0
1045,1,1,-0.000141144,-0.599553168,-1.155754089,0.033798292,0.269150078,0.178991839,16.119714737,0
1046,1,1,-0.000139236,-0.599624336,-1.121971130,0.033783033,0.269623071,0.179307491,16.148546219,0
1047,1,1,-0.000139236,-0.599693120,-1.088188171,0.033783030,0.270103723,0.179631412,16.176923752,0
1048,1,1,-0.000137329,-0.599758565,-1.054389954,0.033798281,0.270584375,0.179939792,16.205762863,0
1049,1,1,-0.000135422,-0.599819541,-1.020614624,0.033775385,0.271057397,0.180262730,16.234140396,0
1050,1,1,-0.000135422,-0.599874556,-0.986816406,0.033798262,0.271530449,0.180577010,16.262521744,0
1051,1,1,-0.000133514,-0.599923372,-0.953041077,0.033775363,0.272003502,0.180913210,16.290904999,0
1052,1,1,-0.000135422,-0.599965394,-0.919250488,0.033790614,0.272476584,0.181202814,16.319286346,0
1053,1,1,-0.000133514,-0.600000620,-0.885482788,0.033767719,0.272941977,0.181522205,16.347669601,0
1054,1,1,-0.000133514,-0.600029290,-0.851684570,0.033798229,0.273422688,0.181841180,16.376052856,0
1055,1,1,-0.000135422,-0.600051403,-0.817909241,0.033775337,0.273895711,0.182144657,16.404438019,0
1056,1,1,-0.000129700,-0.600067019,-0.784118652,0.033790592,0.274353534,0.182448030,16.432821274,0
1057,1,1,-0.000127792,-0.600077033,-0.750358582,0.033760071,0.274818897,0.182774395,16.460744858,0
1058,1,1,-0.000125885,-0.600081921,-0.716560364,0.033798218,0.275291950,0.183055118,16.488672256,0
1059,1,1,-0.000123978,-0.600082278,-0.682792664,0.033767700,0.275757343,0.183389485,16.517053604,0
1060,1,1,-0.000122070,-0.600078404,-0.649017334,0.033775330,0.276215106,0.183685958,16.544977188,0
1061,1,1,-0.000118256,-0.600071371,-0.615242004,0.033775330,0.276688129,0.184005514,16.572902679,0
1062,1,1,-0.000116348,-0.600061893,-0.581459045,0.033782959,0.277145922,0.184302405,16.600828171,0
1063,1,1,-0.000118256,-0.600050032,-0.547691345,0.033767700,0.277611315,0.184614748,16.628751755,0
1064,1,1,-0.000116348,-0.600036979,-0.513916016,0.033775330,0.278076708,0.184919596,16.656675339,0
