tick,local_x,local_y,local_z,drift_m,slip_m,on_bus_support,below_depth_m
1,0.0000,-0.5990,0.5638,0.0000,0.0000,1,0.0000
2,0.0000,-0.5990,0.6305,0.0667,0.0667,1,0.0000
3,-0.0000,-0.5607,0.7037,0.1450,0.0826,1,0.0000
4,-0.0000,-0.5990,0.7638,0.2000,0.0713,1,0.0000
5,0.0000,-0.5692,0.8407,0.2784,0.0824,1,0.0000
6,-0.0000,-0.5990,0.8971,0.3333,0.0638,1,0.0000
7,-0.0000,-0.5781,0.9776,0.4143,0.0832,1,0.0000
8,-0.0000,-0.5990,1.0304,0.4665,0.0568,1,0.0000
9,-0.0000,-0.5865,1.1145,0.5508,0.0851,1,0.0000
10,-0.0000,-0.5990,1.1637,0.5998,0.0507,1,0.0000
11,-0.0000,-0.5938,1.2514,0.6876,0.0879,1,0.0000
12,-0.0000,-0.5990,1.2970,0.7331,0.0458,1,0.0000
13,-0.0000,-0.5997,1.3883,0.8245,0.0914,1,0.0000
14,-0.0000,-0.5990,1.4302,0.8664,0.0419,1,0.0000
15,-0.0000,-0.6040,1.5252,0.9614,0.0951,1,0.0040
16,-0.0000,-0.5990,1.5635,0.9997,0.0386,1,0.0000
17,-0.0000,-0.6069,1.6621,1.0983,0.0989,1,0.0069
18,-0.0000,-0.5990,1.6968,1.1330,0.0356,1,0.0000
19,-0.0000,-0.6083,1.7990,1.2352,0.1026,1,0.0083
20,-0.0000,-0.5990,1.8301,1.2662,0.0325,1,0.0000
21,-0.0000,-0.6087,1.9358,1.3720,0.1062,1,0.0087
22,-0.0000,-0.5990,1.9633,1.3995,0.0292,1,0.0000
23,-0.0000,-0.6082,2.0727,1.5088,0.1097,1,0.0082
24,-0.0000,-0.5990,2.0966,1.5328,0.0256,1,0.0000
25,-0.0000,-0.6070,2.2095,1.6457,0.1132,1,0.0070
26,-0.0000,-0.5990,2.2299,1.6660,0.0219,1,0.0000
27,-0.0000,-0.6055,2.3463,1.7825,0.1166,1,0.0055
28,-0.0000,-0.5990,2.3632,1.7993,0.0181,1,0.0000
29,-0.0000,-0.6039,2.4831,1.9193,0.1201,1,0.0039
30,-0.0000,-0.5990,2.4964,1.9326,0.0142,1,0.0000
31,-0.0000,-0.6023,2.6199,2.0561,0.1235,1,0.0023
32,-0.0000,-0.5990,2.4964,1.9326,0.1236,1,0.0000
33,-0.0000,-0.6009,2.4901,1.9262,0.0066,1,0.0009
34,-0.0000,-0.5990,2.3630,1.7992,0.1271,1,0.0000
35,-0.0000,-0.5997,2.3602,1.7964,0.0029,1,0.0000
36,-0.0000,-0.5990,2.2296,1.6658,0.1306,1,0.0000
37,-0.0000,-0.5987,2.2303,1.6665,0.0007,1,0.0000
38,-0.0000,-0.5990,2.0962,1.5324,0.1341,1,0.0000
39,-0.0000,-0.5980,2.1004,1.5366,0.0043,1,0.0000
40,-0.0000,-0.5990,1.9629,1.3990,0.1375,1,0.0000
41,-0.0000,-0.5976,1.9705,1.4066,0.0078,1,0.0000
42,-0.0000,-0.5990,1.8295,1.2656,0.1410,1,0.0000
43,-0.0000,-0.5975,1.8405,1.2767,0.0112,1,0.0000
44,-0.0000,-0.5990,1.6961,1.1322,0.1445,1,0.0000
45,-0.0000,-0.5975,1.7106,1.1468,0.0146,1,0.0000
46,-0.0000,-0.5990,1.5627,0.9989,0.1479,1,0.0000
47,-0.0000,-0.5977,1.5807,1.0168,0.0180,1,0.0000
48,-0.0000,-0.5990,1.4293,0.8655,0.1513,1,0.0000
49,-0.0000,-0.5979,1.4507,0.8868,0.0214,1,0.0000
50,-0.0000,-0.5990,1.2959,0.7321,0.1548,1,0.0000
51,-0.0000,-0.5982,1.3207,0.7569,0.0248,1,0.0000
52,-0.0000,-0.5990,1.1625,0.5987,0.1582,1,0.0000
53,-0.0000,-0.5986,1.1907,0.6269,0.0282,1,0.0000
54,-0.0000,-0.5990,1.0292,0.4653,0.1616,1,0.0000
55,-0.0000,-0.5989,1.0607,0.4969,0.0315,1,0.0000
56,-0.0000,-0.5990,0.8958,0.3319,0.1649,1,0.0000
57,-0.0000,-0.5991,0.9307,0.3669,0.0349,1,0.0000
58,-0.0000,-0.5990,0.7624,0.1985,0.1683,1,0.0000
59,-0.0000,-0.5994,0.8007,0.2368,0.0383,1,0.0000
60,-0.0000,-0.5990,0.6290,0.0652,0.1717,1,0.0000
61,-0.0000,-0.5995,0.6706,0.1068,0.0416,1,0.0000
62,-0.0000,-0.5990,0.4956,0.0682,0.1750,1,0.0000
63,-0.0000,-0.5996,0.5406,0.0233,0.0450,1,0.0000
64,-0.0000,-0.5990,0.3622,0.2016,0.1784,1,0.0000
65,-0.0000,-0.5997,0.4105,0.1533,0.0483,1,0.0000
66,-0.0000,-0.5990,0.2288,0.3350,0.1817,1,0.0000
67,-0.0000,-0.5997,0.2805,0.2834,0.0516,1,0.0000
68,-0.0000,-0.5990,0.0955,0.4684,0.1850,1,0.0000
69,-0.0000,-0.5997,0.1504,0.4135,0.0549,1,0.0000
70,-0.0000,-0.5990,-0.0379,0.6018,0.1883,1,0.0000
71,-0.0000,-0.5997,0.0203,0.5435,0.0582,1,0.0000
72,-0.0000,-0.5990,-0.1713,0.7352,0.1916,1,0.0000
73,-0.0000,-0.5997,-0.1098,0.6736,0.0615,1,0.0000
74,-0.0000,-0.5990,-0.3047,0.8685,0.1949,1,0.0000
75,-0.0000,-0.5996,-0.2399,0.8038,0.0648,1,0.0000
76,-0.0000,-0.5990,-0.4381,1.0019,0.1982,1,0.0000
77,-0.0000,-0.5996,-0.3700,0.9339,0.0681,1,0.0000
78,-0.0000,-0.5990,-0.5715,1.1353,0.2014,1,0.0000
79,-0.0000,-0.5995,-0.5002,1.0640,0.0713,1,0.0000
80,-0.0000,-0.5990,-0.7049,1.2687,0.2047,1,0.0000
81,-0.0000,-0.5995,-0.6303,1.1942,0.0745,1,0.0000
82,-0.0000,-0.5990,-0.8382,1.4021,0.2079,1,0.0000
83,-0.0000,-0.5995,-0.7605,1.3243,0.0778,1,0.0000
84,-0.0000,-0.5990,-0.9716,1.5355,0.2112,1,0.0000
85,-0.0000,-0.5995,-0.8906,1.4545,0.0810,1,0.0000
86,-0.0000,-0.5990,-1.1050,1.6689,0.2144,1,0.0000
87,-0.0000,-0.5994,-1.0208,1.5847,0.0842,1,0.0000
88,-0.0000,-0.5990,-1.2384,1.8022,0.2176,1,0.0000
89,-0.0000,-0.5995,-1.1510,1.7148,0.0874,1,0.0000
90,-0.0000,-0.5990,-1.3718,1.9356,0.2208,1,0.0000
91,-0.0000,-0.5995,-1.2812,1.8450,0.0906,1,0.0000
92,-0.0000,-0.5990,-1.5052,2.0690,0.2240,1,0.0000
93,-0.0000,-0.5995,-1.4114,1.9752,0.0938,1,0.0000
94,-0.0000,-0.5990,-1.6386,2.2024,0.2271,1,0.0000
95,-0.0000,-0.5995,-1.5416,2.1055,0.0969,1,0.0000
96,-0.0000,-0.5990,-1.7719,2.3358,0.2303,1,0.0000
97,-0.0000,-0.5995,-1.6719,2.2357,0.1001,1,0.0000
98,-0.0000,-0.5990,-1.9053,2.4692,0.2335,1,0.0000
99,-0.0000,-0.5995,-1.8021,2.3659,0.1032,1,0.0000
100,-0.0000,-0.5990,-2.0387,2.6026,0.2366,1,0.0000
101,-0.0000,-0.5996,-1.9323,2.4962,0.1064,1,0.0000
102,-0.0000,-0.5990,-2.1721,2.7359,0.2398,1,0.0000
103,-0.0000,-0.5996,-2.0626,2.6264,0.1095,1,0.0000
104,-0.0000,-0.5990,-2.3055,2.8693,0.2429,1,0.0000
105,-0.0000,-0.5996,-2.1929,2.7567,0.1126,1,0.0000
106,-0.0000,-0.5990,-2.4389,3.0027,0.2460,1,0.0000
107,-0.0000,-0.5996,-2.3232,2.8870,0.1157,1,0.0000
108,-0.0000,-0.5990,-2.5723,3.1361,0.2491,1,0.0000
109,-0.0000,-0.5996,-2.3201,2.8840,0.2521,1,0.0000
110,-0.0000,-0.5990,-2.4390,3.0028,0.1189,1,0.0000
111,-0.0000,-0.5996,-2.1838,2.7476,0.2552,1,0.0000
112,-0.0000,-0.5990,-2.3057,2.8695,0.1219,1,0.0000
113,-0.0000,-0.5997,-2.0474,2.6113,0.2583,1,0.0000
114,-0.0000,-0.5990,-2.1724,2.7363,0.1250,1,0.0000
115,-0.0000,-0.5997,-1.9111,2.4749,0.2613,1,0.0000
116,-0.0000,-0.5990,-2.0392,2.6030,0.1281,1,0.0000
117,-0.0000,-0.5997,-1.7748,2.3386,0.2644,1,0.0000
118,-0.0000,-0.5990,-1.9059,2.4697,0.1311,1,0.0000
119,-0.0000,-0.5997,-1.6384,2.2023,0.2674,1,0.0000
120,-0.0000,-0.5990,-1.7726,2.3364,0.1342,1,0.0000
121,-0.0000,-0.5997,-1.5021,2.0660,0.2705,1,0.0000
122,-0.0000,-0.5990,-1.6393,2.2032,0.1372,1,0.0000
123,-0.0000,-0.5997,-1.3658,1.9297,0.2735,1,0.0000
124,-0.0000,-0.5990,-1.5061,2.0699,0.1402,1,0.0000
125,-0.0000,-0.5997,-1.2295,1.7934,0.2765,1,0.0000
126,-0.0000,-0.5990,-1.3728,1.9366,0.1432,1,0.0000
127,-0.0000,-0.5997,-1.0933,1.6571,0.2795,1,0.0000
128,-0.0000,-0.5990,-1.2395,1.8033,0.1462,1,0.0000
129,-0.0000,-0.5997,-0.9570,1.5208,0.2825,1,0.0000
130,-0.0000,-0.5990,-1.1062,1.6701,0.1492,1,0.0000
131,-0.0000,-0.5997,-0.8208,1.3846,0.2855,1,0.0000
132,-0.0000,-0.5990,-0.9730,1.5368,0.1522,1,0.0000
133,-0.0000,-0.5997,-0.6845,1.2483,0.2885,1,0.0000
134,-0.0000,-0.5990,-0.8397,1.4035,0.1552,1,0.0000
135,-0.0000,-0.5997,-0.5483,1.1121,0.2914,1,0.0000
136,-0.0000,-0.5990,-0.7064,1.2702,0.1581,1,0.0000
137,-0.0000,-0.5998,-0.4120,0.9759,0.2944,1,0.0000
138,-0.0000,-0.5990,-0.5731,1.1370,0.1611,1,0.0000
139,-0.0000,-0.5998,-0.2758,0.8397,0.2973,1,0.0000
140,-0.0000,-0.5990,-0.4399,1.0037,0.1640,1,0.0000
141,-0.0000,-0.5998,-0.1396,0.7035,0.3002,1,0.0000
142,-0.0000,-0.5990,-0.3066,0.8704,0.1670,1,0.0000
143,-0.0000,-0.5998,-0.0034,0.5673,0.3032,1,0.0000
144,-0.0000,-0.5990,-0.1733,0.7371,0.1699,1,0.0000
145,-0.0000,-0.5998,0.1328,0.4311,0.3061,1,0.0000
146,-0.0000,-0.5990,-0.0400,0.6039,0.1728,1,0.0000
147,-0.0000,-0.5998,0.2689,0.2949,0.3090,1,0.0000
148,-0.0000,-0.5990,0.0932,0.4706,0.1757,1,0.0000
149,-0.0000,-0.5998,0.4051,0.1587,0.3119,1,0.0000
150,-0.0000,-0.5990,0.2265,0.3373,0.1786,1,0.0000
151,-0.0000,-0.5998,0.5413,0.0226,0.3148,1,0.0000
152,-0.0000,-0.5990,0.3598,0.2040,0.1815,1,0.0000
153,-0.0000,-0.5998,0.6774,0.1136,0.3176,1,0.0000
154,-0.0000,-0.5990,0.4931,0.0708,0.1844,1,0.0000
155,-0.0000,-0.5998,0.8136,0.2497,0.3205,1,0.0000
156,-0.0000,-0.5990,0.6263,0.0625,0.1872,1,0.0000
157,-0.0000,-0.5999,0.9497,0.3859,0.3234,1,0.0000
158,-0.0000,-0.5990,0.7596,0.1958,0.1901,1,0.0000
159,-0.0000,-0.5999,1.0858,0.5220,0.3262,1,0.0000
160,-0.0000,-0.5990,0.8929,0.3291,0.1929,1,0.0000
161,-0.0000,-0.5999,1.2219,0.6581,0.3290,1,0.0000
162,-0.0000,-0.5990,1.0262,0.4623,0.1958,1,0.0000
163,-0.0000,-0.5999,1.3580,0.7942,0.3319,1,0.0000
164,-0.0000,-0.5990,1.1594,0.5956,0.1986,1,0.0000
165,-0.0000,-0.5999,1.4941,0.9303,0.3347,1,0.0000
166,-0.0000,-0.5990,1.2927,0.7289,0.2014,1,0.0000
167,-0.0000,-0.5999,1.6302,1.0664,0.3375,1,0.0000
168,-0.0000,-0.5990,1.4260,0.8622,0.2042,1,0.0000
169,-0.0000,-0.5999,1.7663,1.2024,0.3403,1,0.0000
170,-0.0000,-0.5990,1.5593,0.9954,0.2070,1,0.0000
171,-0.0000,-0.5999,1.9023,1.3385,0.3431,1,0.0000
172,-0.0000,-0.5990,1.6925,1.1287,0.2098,1,0.0000
173,-0.0000,-0.5999,2.0384,1.4746,0.3459,1,0.0000
174,-0.0000,-0.5990,1.8258,1.2620,0.2126,1,0.0000
175,-0.0000,-0.5999,2.1744,1.6106,0.3486,1,0.0000
176,-0.0000,-0.5990,1.9591,1.3953,0.2153,1,0.0000
177,-0.0000,-0.5999,2.3105,1.7466,0.3514,1,0.0000
178,-0.0000,-0.5990,2.0924,1.5285,0.2181,1,0.0000
179,-0.0000,-0.6000,2.4465,1.8827,0.3541,1,0.0000
180,-0.0000,-0.5990,2.2256,1.6618,0.2209,1,0.0000
181,-0.0000,-0.6000,2.5825,2.0187,0.3569,1,0.0000
182,-0.0000,-0.5990,2.2256,1.6617,0.3569,1,0.0000
183,-0.0000,-0.6000,2.4519,1.8880,0.2263,1,0.0000
184,-0.0000,-0.5990,2.0922,1.5284,0.3597,1,0.0000
185,-0.0000,-0.6000,2.3212,1.7574,0.2290,1,0.0000
186,-0.0000,-0.5990,1.9588,1.3950,0.3624,1,0.0000
187,-0.0000,-0.6000,2.1905,1.6267,0.2317,1,0.0000
188,-0.0000,-0.5990,1.8254,1.2616,0.3651,1,0.0000
189,-0.0000,-0.6000,2.0599,1.4960,0.2344,1,0.0000
190,-0.0000,-0.5990,1.6920,1.1282,0.3678,1,0.0000
191,-0.0000,-0.6000,1.9292,1.3653,0.2371,1,0.0000
192,-0.0000,-0.5990,1.5587,0.9948,0.3705,1,0.0000
193,-0.0000,-0.6000,1.7985,1.2346,0.2398,1,0.0000
194,-0.0000,-0.5990,1.4253,0.8614,0.3732,1,0.0000
195,-0.0000,-0.6000,1.6678,1.1039,0.2425,1,0.0000
196,-0.0000,-0.5990,1.2919,0.7280,0.3759,1,0.0000
197,-0.0000,-0.6000,1.5371,0.9732,0.2452,1,0.0000
198,-0.0000,-0.5990,1.1585,0.5947,0.3786,1,0.0000
199,-0.0000,-0.6000,1.4063,0.8425,0.2478,1,0.0000
200,-0.0000,-0.5990,1.0251,0.4613,0.3812,1,0.0000
201,-0.0000,-0.6001,1.2756,0.7118,0.2505,1,0.0001
202,-0.0000,-0.5990,0.8917,0.3279,0.3839,1,0.0000
203,0.0000,-0.6013,1.1372,0.5734,0.2455,1,0.0013
204,-0.0000,-0.5990,0.7584,0.1945,0.3788,1,0.0000
205,0.0000,-0.6043,0.9976,0.4338,0.2393,1,0.0043
206,-0.0000,-0.5990,0.6250,0.0612,0.3726,1,0.0000
207,0.0000,-0.6059,0.8662,0.3024,0.2412,1,0.0059
208,-0.0001,-0.5990,0.4919,0.0720,0.3744,1,0.0000
209,-0.0000,-0.6072,0.7349,0.1712,0.2432,1,0.0072
210,-0.0001,-0.5989,0.3588,0.2050,0.3761,1,0.0000
211,-0.0000,-0.6080,0.6038,0.0410,0.2451,1,0.0080
212,-0.0001,-0.5989,0.2260,0.3378,0.3779,1,0.0000
213,-0.0000,-0.6082,0.4729,0.0914,0.2471,1,0.0082
214,-0.0001,-0.5988,0.0934,0.4705,0.3797,1,0.0000
215,-0.0001,-0.6078,0.3423,0.2217,0.2491,1,0.0078
216,-0.0001,-0.5987,-0.0391,0.6029,0.3815,1,0.0000
217,-0.0001,-0.6070,0.2119,0.3520,0.2511,1,0.0070
218,-0.0001,-0.5985,-0.1712,0.7351,0.3832,1,0.0000
219,-0.0001,-0.6056,0.0817,0.4822,0.2531,1,0.0056
220,-0.0001,-0.5984,-0.3031,0.8670,0.3849,1,0.0000
221,-0.0001,-0.6038,-0.0482,0.6120,0.2550,1,0.0038
222,-0.0001,-0.5982,-0.4347,0.9986,0.3866,1,0.0000
223,-0.0001,-0.6018,-0.1778,0.7417,0.2569,1,0.0018
224,-0.0001,-0.5980,-0.5660,1.1299,0.3882,1,0.0000
225,-0.0001,-0.5995,-0.3072,0.8710,0.2589,1,0.0000
226,-0.0001,-0.5978,-0.6970,1.2608,0.3898,1,0.0000
227,-0.0001,-0.5971,-0.4362,1.0001,0.2608,1,0.0000
228,-0.0001,-0.5976,-0.8276,1.3915,0.3914,1,0.0000
229,-0.0001,-0.5946,-0.5650,1.1288,0.2626,1,0.0000
230,-0.0001,-0.5974,-0.9578,1.5217,0.3929,1,0.0000
231,-0.0001,-0.5921,-0.6934,1.2572,0.2645,1,0.0000
232,-0.0001,-0.5971,-1.0877,1.6515,0.3943,1,0.0000
233,-0.0001,-0.5895,-0.8214,1.3853,0.2664,1,0.0000
234,-0.0001,-0.5968,-1.2171,1.7809,0.3958,1,0.0000
235,-0.0001,-0.5871,-0.9490,1.5129,0.2683,1,0.0000
236,-0.0001,-0.5964,-1.3461,1.9099,0.3972,1,0.0000
237,-0.0001,-0.5846,-1.0762,1.6401,0.2701,1,0.0000
238,-0.0001,-0.5961,-1.4746,2.0384,0.3985,1,0.0000
239,-0.0001,-0.5841,-1.2034,1.7673,0.2714,1,0.0000
240,-0.0001,-0.5958,-1.6027,2.1666,0.3995,1,0.0000
241,-0.0000,-0.5852,-1.3303,1.8942,0.2726,1,0.0000
242,-0.0001,-0.5957,-1.7307,2.2945,0.4005,1,0.0000
243,-0.0000,-0.5871,-1.4571,2.0210,0.2737,1,0.0000
244,-0.0001,-0.5957,-1.8586,2.4224,0.4016,1,0.0000
245,-0.0000,-0.5894,-1.5839,2.1477,0.2748,1,0.0000
246,-0.0001,-0.5957,-1.9865,2.5504,0.4027,1,0.0000
247,-0.0000,-0.5920,-1.7107,2.2745,0.2758,1,0.0000
248,-0.0001,-0.5958,-2.1145,2.6784,0.4038,1,0.0000
249,-0.0000,-0.5945,-1.8377,2.4015,0.2768,1,0.0000
250,-0.0001,-0.5959,-2.2426,2.8065,0.4050,1,0.0000
251,-0.0001,-0.5967,-1.9648,2.5287,0.2778,1,0.0000
252,-0.0001,-0.5960,-2.3709,2.9347,0.4061,1,0.0000
253,-0.0001,-0.5986,-2.0921,2.6560,0.2788,1,0.0000
254,-0.0001,-0.5961,-2.4993,3.0631,0.4072,1,0.0000
255,-0.0001,-0.5999,-2.2195,2.7834,0.2798,1,0.0000
256,-0.0001,-0.5962,-2.6278,3.1916,0.4082,1,0.0000
257,-0.0001,-0.6017,-2.2160,2.7798,0.4118,1,0.0017
258,-0.0001,-0.5958,-2.4944,3.0582,0.2785,1,0.0000
259,-0.0001,-0.6018,-2.0816,2.6454,0.4128,1,0.0018
260,-0.0001,-0.5972,-2.3608,2.9247,0.2793,1,0.0000
261,-0.0001,-0.6016,-1.9472,2.5110,0.4137,1,0.0016
262,-0.0001,-0.5958,-2.2277,2.7915,0.2805,1,0.0000
263,-0.0001,-0.6012,-1.8128,2.3766,0.4149,1,0.0012
264,-0.0001,-0.5961,-2.0943,2.6581,0.2815,1,0.0000
265,-0.0001,-0.6007,-1.6784,2.2422,0.4159,1,0.0007
266,-0.0001,-0.5964,-1.9609,2.5247,0.2826,1,0.0000
267,-0.0001,-0.5985,-1.5442,2.1080,0.4167,1,0.0000
268,-0.0001,-0.5968,-1.8275,2.3914,0.2834,1,0.0000
269,-0.0001,-0.5955,-1.4098,1.9736,0.4178,1,0.0000
270,-0.0001,-0.5969,-1.6941,2.2580,0.2844,1,0.0000
271,-0.0000,-0.5858,-1.2753,1.8392,0.4190,1,0.0000
272,-0.0001,-0.5963,-1.5608,2.1246,0.2856,1,0.0000
273,-0.0000,-0.5772,-1.1408,1.7047,0.4204,1,0.0000
274,-0.0000,-0.5965,-1.4272,1.9911,0.2871,1,0.0000
275,-0.0000,-0.5714,-1.0059,1.5700,0.4221,1,0.0000
276,-0.0000,-0.5979,-1.2935,1.8574,0.2888,1,0.0000
277,-0.0000,-0.5700,-0.8707,1.4348,0.4238,1,0.0000
278,-0.0000,-0.5975,-1.1601,1.7239,0.2907,1,0.0000
279,-0.0000,-0.5692,-0.7354,1.2996,0.4256,1,0.0000
280,-0.0000,-0.5981,-1.0264,1.5903,0.2924,1,0.0000
281,-0.0000,-0.5723,-0.5998,1.1640,0.4274,1,0.0000
282,-0.0000,-0.5988,-0.8927,1.4565,0.2940,1,0.0000
283,-0.0000,-0.5775,-0.4641,1.0282,0.4291,1,0.0000
284,-0.0000,-0.5988,-0.7589,1.3228,0.2956,1,0.0000
285,-0.0001,-0.5839,-0.3284,0.8924,0.4308,1,0.0000
286,-0.0000,-0.5984,-0.6252,1.1890,0.2971,1,0.0000
287,-0.0001,-0.5910,-0.1928,0.7567,0.4324,1,0.0000
288,-0.0000,-0.5995,-0.4914,1.0553,0.2987,1,0.0000
289,-0.0001,-0.5983,-0.0573,0.6211,0.4342,1,0.0000
290,-0.0001,-0.5997,-0.3576,0.9214,0.3003,1,0.0000
291,-0.0001,-0.6055,0.0782,0.4857,0.4359,1,0.0055
292,-0.0001,-0.5989,-0.2238,0.7876,0.3021,1,0.0000
293,-0.0001,-0.6125,0.2136,0.3505,0.4376,1,0.0125
294,-0.0001,-0.5990,-0.0900,0.6539,0.3039,1,0.0000
295,-0.0001,-0.6191,0.3488,0.2159,0.4393,1,0.0191
296,-0.0001,-0.5990,0.0437,0.5202,0.3058,1,0.0000
297,-0.0001,-0.6254,0.4839,0.0841,0.4411,1,0.0254
298,-0.0001,-0.5990,0.1773,0.3865,0.3078,1,0.0000
299,-0.0001,-0.6305,0.6191,0.0636,0.4429,1,0.0305
300,-0.0001,-0.5990,0.3108,0.2531,0.3099,1,0.0000
301,-0.0001,-0.6293,0.7548,0.1934,0.4451,1,0.0293
302,-0.0001,-0.5990,0.4441,0.1198,0.3123,1,0.0000
303,-0.0001,-0.6228,0.8905,0.3276,0.4471,1,0.0228
304,-0.0001,-0.5989,0.5771,0.0133,0.3143,1,0.0000
305,-0.0001,-0.6153,1.0261,0.4626,0.4493,1,0.0153
306,-0.0001,-0.5989,0.7100,0.1462,0.3165,1,0.0000
307,-0.0001,-0.6080,1.1612,0.5974,0.4513,1,0.0080
308,-0.0001,-0.5988,0.8427,0.2789,0.3186,1,0.0000
309,-0.0001,-0.6009,1.2948,0.7310,0.4521,1,0.0009
310,-0.0001,-0.5987,0.9752,0.4113,0.3197,1,0.0000
311,-0.0001,-0.5939,1.4283,0.8645,0.4531,1,0.0000
312,-0.0001,-0.5986,1.1073,0.5435,0.3210,1,0.0000
313,-0.0001,-0.5905,1.5630,0.9992,0.4557,1,0.0000
314,-0.0001,-0.5985,1.2392,0.6754,0.3238,1,0.0000
315,-0.0001,-0.5917,1.6979,1.1341,0.4588,1,0.0000
316,-0.0001,-0.5983,1.3708,0.8070,0.3272,1,0.0000
317,-0.0001,-0.5958,1.8326,1.2688,0.4618,1,0.0000
318,-0.0001,-0.5981,1.5020,0.9382,0.3306,1,0.0000
319,-0.0001,-0.6022,1.9670,1.4031,0.4650,1,0.0022
320,-0.0001,-0.5978,1.6329,1.0691,0.3341,1,0.0000
321,-0.0001,-0.6101,2.1009,1.5371,0.4681,1,0.0101
322,-0.0001,-0.5975,1.7635,1.1996,0.3376,1,0.0000
323,-0.0001,-0.6189,2.2343,1.6705,0.4713,1,0.0189
324,-0.0001,-0.5971,1.8936,1.3298,0.3413,1,0.0000
325,-0.0001,-0.6281,2.3671,1.8035,0.4745,1,0.0281
326,-0.0001,-0.5967,2.0234,1.4595,0.3451,1,0.0000
327,-0.0001,-0.6373,2.4993,1.9359,0.4777,1,0.0373
328,-0.0001,-0.5963,2.1526,1.5888,0.3491,1,0.0000
329,-0.0001,-0.6462,2.6310,2.0677,0.4809,1,0.0462
330,-0.0001,-0.5966,2.1500,1.5862,0.4835,1,0.0000
331,-0.0001,-0.6414,2.5010,1.9376,0.3538,1,0.0414
332,-0.0001,-0.5960,2.0165,1.4527,0.4866,1,0.0000
333,-0.0000,-0.6330,2.3711,1.8076,0.3565,1,0.0330
334,-0.0001,-0.5961,1.8829,1.3191,0.4895,1,0.0000
335,-0.0000,-0.6236,2.2414,1.6778,0.3595,1,0.0236
336,-0.0001,-0.5957,1.7495,1.1857,0.4927,1,0.0000
337,-0.0000,-0.6146,2.1118,1.5480,0.3627,1,0.0146
338,-0.0001,-0.5949,1.6163,1.0524,0.4959,1,0.0000
339,-0.0001,-0.6042,1.9824,1.4186,0.3663,1,0.0042
340,-0.0001,-0.5951,1.4830,0.9191,0.4996,1,0.0000
341,-0.0001,-0.5966,1.8530,1.2892,0.3701,1,0.0000
342,-0.0001,-0.5948,1.3499,0.7860,0.5032,1,0.0000
343,-0.0001,-0.5911,1.7237,1.1599,0.3739,1,0.0000
344,-0.0002,-0.5951,1.2167,0.6529,0.5070,1,0.0000
345,-0.0001,-0.5885,1.5943,1.0305,0.3776,1,0.0000
346,-0.0002,-0.5960,1.0834,0.5196,0.5109,1,0.0000
347,-0.0001,-0.5871,1.4649,0.9011,0.3816,1,0.0000
348,-0.0002,-0.5960,0.9503,0.3865,0.5147,1,0.0000
349,-0.0001,-0.5872,1.3354,0.7717,0.3852,1,0.0000
350,-0.0002,-0.5961,0.8171,0.2533,0.5184,1,0.0000
351,-0.0001,-0.5882,1.2059,0.6422,0.3889,1,0.0000
352,-0.0001,-0.5961,0.6839,0.1201,0.5221,1,0.0000
353,0.0000,-0.5909,1.0708,0.5071,0.3870,1,0.0000
354,-0.0002,-0.5969,0.5504,0.0136,0.5204,1,0.0000
355,-0.0001,-0.5980,0.9236,0.3598,0.3732,1,0.0000
356,-0.0002,-0.5966,0.4171,0.1467,0.5065,1,0.0000
357,-0.0002,-0.6010,0.7931,0.2292,0.3759,1,0.0010
358,-0.0002,-0.5978,0.2837,0.2802,0.5094,1,0.0000
359,-0.0002,-0.6049,0.6624,0.0988,0.3788,1,0.0049
360,-0.0002,-0.5980,0.1500,0.4138,0.5124,1,0.0000
361,-0.0002,-0.6052,0.5316,0.0328,0.3817,1,0.0052
362,-0.0002,-0.5978,0.0162,0.5476,0.5154,1,0.0000
363,-0.0002,-0.6050,0.4008,0.1632,0.3846,1,0.0050
364,-0.0002,-0.5980,-0.1176,0.6815,0.5184,1,0.0000
365,-0.0002,-0.6041,0.2698,0.2940,0.3875,1,0.0041
366,-0.0002,-0.5983,-0.2515,0.8153,0.5214,1,0.0000
367,-0.0002,-0.6022,0.1389,0.4250,0.3904,1,0.0022
368,-0.0002,-0.5985,-0.3854,0.9492,0.5243,1,0.0000
369,-0.0002,-0.5993,0.0079,0.5560,0.3932,1,0.0000
370,-0.0002,-0.5987,-0.5192,1.0830,0.5270,1,0.0000
371,-0.0002,-0.5956,-0.1232,0.6870,0.3960,1,0.0000
372,-0.0002,-0.5988,-0.6529,1.2167,0.5297,1,0.0000
373,-0.0002,-0.5913,-0.2542,0.8181,0.3988,1,0.0000
374,-0.0002,-0.5989,-0.7865,1.3503,0.5323,1,0.0000
375,-0.0002,-0.5865,-0.3851,0.9491,0.4015,1,0.0000
376,-0.0002,-0.5990,-0.9199,1.4837,0.5349,1,0.0000
377,-0.0002,-0.5813,-0.5160,1.0800,0.4042,1,0.0000
378,-0.0002,-0.5990,-1.0530,1.6168,0.5373,1,0.0000
379,-0.0002,-0.5800,-0.6470,1.2110,0.4064,1,0.0000
380,-0.0002,-0.5990,-1.1860,1.7499,0.5393,1,0.0000
381,-0.0001,-0.5822,-0.7779,1.3419,0.4085,1,0.0000
382,-0.0002,-0.5990,-1.3191,1.8829,0.5414,1,0.0000
383,-0.0001,-0.5854,-0.9087,1.4726,0.4106,1,0.0000
384,-0.0002,-0.5990,-1.4521,2.0159,0.5436,1,0.0000
385,-0.0001,-0.5891,-1.0395,1.6034,0.4127,1,0.0000
386,-0.0002,-0.5990,-1.5852,2.1490,0.5458,1,0.0000
387,-0.0001,-0.5929,-1.1704,1.7343,0.4148,1,0.0000
388,-0.0001,-0.5990,-1.7183,2.2821,0.5479,1,0.0000
389,-0.0001,-0.5965,-1.3014,1.8653,0.4169,1,0.0000
390,-0.0001,-0.5990,-1.8515,2.4153,0.5500,1,0.0000
391,-0.0001,-0.5996,-1.4325,1.9964,0.4189,1,0.0000
392,-0.0001,-0.5990,-1.9847,2.5485,0.5521,1,0.0000
393,-0.0120,-0.6024,-1.5648,2.1287,0.4201,1,0.0024
394,-0.0018,-0.5990,-2.1180,2.6818,0.5533,1,0.0000
395,-0.0247,-0.6044,-1.6972,2.2612,0.4215,1,0.0044
396,-0.0048,-0.5990,-2.2514,2.8152,0.5546,1,0.0000
397,-0.0348,-0.6056,-1.8294,2.3935,0.4231,1,0.0056
398,-0.0088,-0.5990,-2.3849,2.9488,0.5561,1,0.0000
399,-0.0435,-0.6061,-1.9616,2.5258,0.4248,1,0.0061
400,-0.0133,-0.5990,-2.5185,3.0824,0.5578,1,0.0000
401,-0.0498,-0.6061,-1.9605,2.5248,0.5593,1,0.0061
402,-0.0180,-0.5989,-2.3855,2.9494,0.4263,1,0.0000
403,-0.0542,-0.6055,-1.8260,2.3904,0.5607,1,0.0055
404,-0.0229,-0.5989,-2.2525,2.8164,0.4277,1,0.0000
405,-0.0582,-0.6046,-1.6915,2.2561,0.5621,1,0.0046
406,-0.0279,-0.5989,-2.1195,2.6835,0.4291,1,0.0000
407,-0.0620,-0.6034,-1.5570,2.1217,0.5635,1,0.0034
408,-0.0330,-0.5988,-1.9865,2.5505,0.4305,1,0.0000
409,-0.0657,-0.6023,-1.4225,1.9874,0.5649,1,0.0023
410,-0.0381,-0.5988,-1.8535,2.4176,0.4319,1,0.0000
411,-0.0694,-0.6012,-1.2880,1.8531,0.5663,1,0.0012
412,-0.0432,-0.5988,-1.7204,2.2847,0.4332,1,0.0000
413,-0.0731,-0.6004,-1.1535,1.7189,0.5677,1,0.0004
414,-0.0484,-0.5988,-1.5874,2.1518,0.4346,1,0.0000
415,-0.0769,-0.5998,-1.0190,1.5847,0.5691,1,0.0000
416,-0.0536,-0.5988,-1.4543,2.0189,0.4360,1,0.0000
417,-0.0808,-0.5995,-0.8845,1.4506,0.5705,1,0.0000
418,-0.0588,-0.5988,-1.3213,1.8860,0.4373,1,0.0000
419,-0.0848,-0.5993,-0.7500,1.3165,0.5719,1,0.0000
420,-0.0642,-0.5988,-1.1882,1.7532,0.4387,1,0.0000
421,-0.0889,-0.5994,-0.6155,1.1827,0.5732,1,0.0000
422,-0.0696,-0.5988,-1.0551,1.6204,0.4400,1,0.0000
423,-0.0931,-0.5995,-0.4810,1.0490,0.5745,1,0.0000
424,-0.0751,-0.5989,-0.9220,1.4877,0.4413,1,0.0000
425,-0.0975,-0.5998,-0.3466,0.9156,0.5759,1,0.0000
426,-0.0807,-0.5989,-0.7889,1.3551,0.4426,1,0.0000
427,-0.1020,-0.6001,-0.2121,0.7827,0.5771,1,0.0001
428,-0.0865,-0.5989,-0.6558,1.2227,0.4439,1,0.0000
429,-0.1122,-0.6006,-0.0791,0.6527,0.5773,1,0.0006
430,-0.0937,-0.5989,-0.5228,1.0907,0.4441,1,0.0000
431,-0.1222,-0.6010,0.0538,0.5245,0.5773,1,0.0010
432,-0.1022,-0.5988,-0.3899,0.9592,0.4442,1,0.0000
433,-0.1307,-0.6012,0.1870,0.3989,0.5776,1,0.0012
434,-0.1116,-0.5988,-0.2571,0.8285,0.4445,1,0.0000
435,-0.1385,-0.6013,0.3203,0.2802,0.5780,1,0.0013
436,-0.1213,-0.5987,-0.1243,0.6987,0.4449,1,0.0000
437,-0.1459,-0.6013,0.4537,0.1829,0.5785,1,0.0013
438,-0.1313,-0.5987,0.0085,0.5706,0.4454,1,0.0000
439,-0.1533,-0.6012,0.5871,0.1551,0.5790,1,0.0012
440,-0.1415,-0.5986,0.1414,0.4455,0.4459,1,0.0000
441,-0.1607,-0.6009,0.7206,0.2245,0.5796,1,0.0009
442,-0.1518,-0.5985,0.2742,0.3270,0.4465,1,0.0000
443,-0.1681,-0.6007,0.8541,0.3354,0.5801,1,0.0007
444,-0.1621,-0.5985,0.4071,0.2255,0.4470,1,0.0000
445,-0.1755,-0.6003,0.9876,0.4587,0.5807,1,0.0003
446,-0.1724,-0.5985,0.5400,0.1741,0.4476,1,0.0000
447,-0.1831,-0.6000,1.1212,0.5866,0.5813,1,0.0000
448,-0.1829,-0.5984,0.6730,0.2130,0.4482,1,0.0000
449,-0.1907,-0.5996,1.2547,0.7167,0.5818,1,0.0000
450,-0.1933,-0.5984,0.8060,0.3098,0.4488,1,0.0000
451,-0.1983,-0.5993,1.3883,0.8480,0.5824,1,0.0000
452,-0.2039,-0.5984,0.9390,0.4269,0.4494,1,0.0000
453,-0.2061,-0.5990,1.5218,0.9799,0.5829,1,0.0000
454,-0.2118,-0.5984,1.0720,0.5505,0.4499,1,0.0000
455,-0.2111,-0.5987,1.6553,1.1117,0.5833,1,0.0000
456,-0.2135,-0.5990,1.2051,0.6758,0.4502,1,0.0000
457,-0.2099,-0.5985,1.7886,1.2426,0.5836,1,0.0000
458,-0.2244,-0.5984,1.3381,0.8062,0.4507,1,0.0000
459,-0.2179,-0.5983,1.9221,1.3756,0.5840,1,0.0000
460,-0.2356,-0.5984,1.4713,0.9375,0.4511,1,0.0000
461,-0.2259,-0.5981,2.0550,1.5081,0.5838,1,0.0000
462,-0.2473,-0.5984,1.6044,1.0695,0.4511,1,0.0000
463,-0.2340,-0.5978,2.1865,1.6395,0.5823,1,0.0000
464,-0.2605,-0.5984,1.7375,1.2022,0.4499,1,0.0000
465,-0.2428,-0.5975,2.3186,1.7715,0.5814,1,0.0000
466,-0.2745,-0.5983,1.8706,1.3353,0.4492,1,0.0000
467,-0.2522,-0.5971,2.4511,1.9040,0.5809,1,0.0000
468,-0.2889,-0.5982,2.0037,1.4686,0.4488,1,0.0000
469,-0.2621,-0.5966,2.5837,2.0368,0.5806,1,0.0000
470,-0.3036,-0.5982,2.0036,1.4714,0.5816,1,0.0000
471,-0.2803,-0.5967,2.4500,1.9068,0.4470,1,0.0000
472,-0.3185,-0.5981,1.8701,1.3445,0.5811,1,0.0000
473,-0.2988,-0.5968,2.3163,1.7777,0.4466,1,0.0000
474,-0.3333,-0.5980,1.7365,1.2191,0.5808,1,0.0000
475,-0.3175,-0.5969,2.1825,1.6495,0.4463,1,0.0000
476,-0.3482,-0.5980,1.6029,1.0959,0.5804,1,0.0000
477,-0.3362,-0.5970,2.0488,1.5225,0.4460,1,0.0000
478,-0.3630,-0.5979,1.4692,0.9755,0.5802,1,0.0000
479,-0.3273,-0.5946,1.9680,1.4418,0.5000,1,0.0000
480,-0.3214,-0.5954,1.4451,0.9381,0.5229,1,0.0000
481,-0.2816,-0.5941,1.9333,1.3982,0.4898,1,0.0000
482,-0.2686,-0.5949,1.4020,0.8801,0.5315,1,0.0000
483,-0.2284,-0.5940,1.8739,1.3298,0.4736,1,0.0000
484,-0.2132,-0.5951,1.3267,0.7921,0.5473,1,0.0000
485,-0.1831,-0.5949,1.7778,1.2276,0.4520,1,0.0000
486,-0.1781,-0.5961,1.2126,0.6728,0.5651,1,0.0000
487,-0.1776,-0.5975,1.6504,1.1010,0.4378,1,0.0000
488,-0.1840,-0.5986,1.0788,0.5468,0.5717,1,0.0000
489,-0.1866,-0.5979,1.5161,0.9703,0.4373,1,0.0000
490,-0.1859,-0.5986,0.9449,0.4240,0.5712,1,0.0000
491,-0.1922,-0.5983,1.3815,0.8400,0.4367,1,0.0000
492,-0.1873,-0.5986,0.8109,0.3100,0.5706,1,0.0000
493,-0.1977,-0.5987,1.2469,0.7111,0.4361,1,0.0000
494,-0.1886,-0.5987,0.6769,0.2199,0.5701,1,0.0000
495,-0.2030,-0.5992,1.1122,0.5848,0.4356,1,0.0000
496,-0.1897,-0.5987,0.5428,0.1909,0.5696,1,0.0000
497,-0.2083,-0.5996,0.9775,0.4631,0.4351,1,0.0000
498,-0.1907,-0.5987,0.4086,0.2459,0.5691,1,0.0000
499,-0.2133,-0.5999,0.8427,0.3510,0.4346,1,0.0000
500,-0.1915,-0.5987,0.2744,0.3470,0.5687,1,0.0000
501,-0.2181,-0.6003,0.7078,0.2613,0.4342,1,0.0003
502,-0.1921,-0.5987,0.1401,0.4652,0.5682,1,0.0000
503,-0.2197,-0.6004,0.5741,0.2200,0.4348,1,0.0004
504,-0.1942,-0.5987,0.0059,0.5907,0.5687,1,0.0000
505,-0.2229,-0.6004,0.4408,0.2546,0.4358,1,0.0004
506,-0.1982,-0.5988,-0.1281,0.7198,0.5695,1,0.0000
507,-0.2286,-0.6005,0.3074,0.3435,0.4366,1,0.0005
508,-0.2023,-0.5983,-0.2622,0.8505,0.5702,1,0.0000
509,-0.2355,-0.6006,0.1740,0.4554,0.4375,1,0.0006
510,-0.2078,-0.5984,-0.3962,0.9823,0.5709,1,0.0000
511,-0.2431,-0.6007,0.0407,0.5769,0.4383,1,0.0007
512,-0.2132,-0.5984,-0.5302,1.1147,0.5717,1,0.0000
513,-0.2506,-0.6009,-0.0927,0.7028,0.4391,1,0.0009
514,-0.2181,-0.5985,-0.6643,1.2473,0.5725,1,0.0000
515,-0.2578,-0.6010,-0.2261,0.8309,0.4400,1,0.0010
516,-0.2224,-0.5986,-0.7983,1.3802,0.5733,1,0.0000
517,-0.2643,-0.6012,-0.3595,0.9604,0.4408,1,0.0012
518,-0.2259,-0.5986,-0.9323,1.5131,0.5741,1,0.0000
519,-0.2701,-0.6013,-0.4929,1.0908,0.4416,1,0.0013
520,-0.2296,-0.5992,-1.0664,1.6463,0.5749,1,0.0000
521,-0.2752,-0.6014,-0.6264,1.2216,0.4424,1,0.0014
522,-0.2317,-0.5992,-1.2005,1.7794,0.5758,1,0.0000
523,-0.2804,-0.6016,-0.7598,1.3530,0.4434,1,0.0016
524,-0.2418,-0.5987,-1.3345,1.9137,0.5761,1,0.0000
525,-0.2929,-0.6017,-0.8931,1.4860,0.4444,1,0.0017
526,-0.2519,-0.5987,-1.4686,2.0480,0.5770,1,0.0000
527,-0.3052,-0.6019,-1.0264,1.6192,0.4455,1,0.0019
528,-0.2620,-0.5987,-1.6028,2.1824,0.5780,1,0.0000
529,-0.3176,-0.6021,-1.1597,1.7525,0.4466,1,0.0021
530,-0.2719,-0.5987,-1.7369,2.3168,0.5790,1,0.0000
531,-0.3299,-0.6022,-1.2930,1.8859,0.4477,1,0.0022
532,-0.2819,-0.5987,-1.8711,2.4512,0.5801,1,0.0000
533,-0.3423,-0.6024,-1.4264,2.0194,0.4488,1,0.0024
534,-0.2918,-0.5986,-2.0052,2.5856,0.5811,1,0.0000
535,-0.3547,-0.6026,-1.5597,2.1530,0.4499,1,0.0026
536,-0.3017,-0.5986,-2.1395,2.7201,0.5821,1,0.0000
537,-0.3671,-0.6028,-1.6931,2.2866,0.4511,1,0.0028
538,-0.3116,-0.5986,-2.2737,2.8546,0.5832,1,0.0000
539,-0.3797,-0.6030,-1.8266,2.4204,0.4523,1,0.0030
540,-0.3215,-0.5986,-2.4079,2.9891,0.5843,1,0.0000
541,-0.3924,-0.6032,-1.9601,2.5542,0.4535,1,0.0032
542,-0.3314,-0.5986,-2.5422,3.1237,0.5854,1,0.0000
543,-0.4027,-0.6033,-1.9603,2.5560,0.5863,1,0.0033
544,-0.3414,-0.5986,-2.4099,2.9932,0.4538,1,0.0000
545,-0.4105,-0.6032,-1.8272,2.4260,0.5868,1,0.0032
546,-0.3515,-0.5986,-2.2775,2.8630,0.4542,1,0.0000
547,-0.4186,-0.6032,-1.6941,2.2964,0.5872,1,0.0032
548,-0.3616,-0.5986,-2.1451,2.7329,0.4545,1,0.0000
549,-0.4269,-0.6031,-1.5611,2.1674,0.5876,1,0.0031
550,-0.3720,-0.5986,-2.0127,2.6032,0.4549,1,0.0000
551,-0.4354,-0.6031,-1.4281,2.0389,0.5880,1,0.0031
552,-0.3824,-0.5985,-1.8803,2.4738,0.4553,1,0.0000
553,-0.4441,-0.6030,-1.2951,1.9113,0.5884,1,0.0030
554,-0.3931,-0.5985,-1.7479,2.3449,0.4557,1,0.0000
555,-0.4361,-0.6010,-1.1626,1.7807,0.5868,1,0.0010
556,-0.4011,-0.5986,-1.6150,2.2155,0.4537,1,0.0000
557,-0.4286,-0.5992,-1.0295,1.6499,0.5862,1,0.0000
558,-0.4069,-0.5987,-1.4819,2.0858,0.4530,1,0.0000
559,-0.4016,-0.5971,-0.9424,1.5588,0.5396,1,0.0000
560,-0.3561,-0.5976,-1.4413,2.0365,0.5010,1,0.0000
561,-0.3376,-0.5971,-0.8925,1.4950,0.5491,1,0.0000
562,-0.3050,-0.5982,-1.3635,1.9513,0.4721,1,0.0000
563,-0.2866,-0.5978,-0.7940,1.3877,0.5698,1,0.0000
564,-0.2733,-0.5989,-1.2501,1.8344,0.4564,1,0.0000
565,-0.2703,-0.5987,-0.6630,1.2562,0.5872,1,0.0000
566,-0.2632,-0.5990,-1.1194,1.7037,0.4564,1,0.0000
567,-0.2717,-0.5991,-0.5280,1.1252,0.5914,1,0.0000
568,-0.2656,-0.5990,-0.9861,1.5725,0.4581,1,0.0000
569,-0.2732,-0.5994,-0.3931,0.9951,0.5931,1,0.0000
570,-0.2679,-0.5990,-0.8528,1.4418,0.4598,1,0.0000
571,-0.2748,-0.5998,-0.2581,0.8666,0.5948,1,0.0000
572,-0.2701,-0.5990,-0.7196,1.3115,0.4615,1,0.0000
573,-0.2764,-0.6001,-0.1231,0.7404,0.5965,1,0.0001
574,-0.2723,-0.5990,-0.5863,1.1819,0.4632,1,0.0000
575,-0.2779,-0.6004,0.0119,0.6179,0.5982,1,0.0004
576,-0.2744,-0.5990,-0.4530,1.0532,0.4650,1,0.0000
577,-0.2794,-0.6006,0.1469,0.5019,0.6000,1,0.0006
578,-0.2764,-0.5990,-0.3198,0.9258,0.4667,1,0.0000
579,-0.2810,-0.6008,0.2819,0.3980,0.6017,1,0.0008
580,-0.2784,-0.5990,-0.1865,0.8003,0.4684,1,0.0000
581,-0.2824,-0.6010,0.4169,0.3184,0.6034,1,0.0010
582,-0.2804,-0.5990,-0.0532,0.6778,0.4702,1,0.0000
583,-0.2839,-0.6011,0.5519,0.2841,0.6052,1,0.0011
584,-0.2824,-0.5990,0.0800,0.5602,0.4719,1,0.0000
585,-0.2853,-0.6011,0.6869,0.3107,0.6069,1,0.0011
586,-0.2843,-0.5990,0.2133,0.4513,0.4736,1,0.0000
587,-0.2867,-0.6011,0.8219,0.3858,0.6086,1,0.0011
588,-0.2862,-0.5990,0.3466,0.3593,0.4754,1,0.0000
589,-0.2881,-0.6011,0.9570,0.4874,0.6104,1,0.0011
590,-0.2881,-0.5990,0.4798,0.3001,0.4771,1,0.0000
591,-0.2895,-0.6010,1.0920,0.6023,0.6121,1,0.0010
592,-0.2862,-0.5990,0.6131,0.2905,0.4789,1,0.0000
593,-0.2872,-0.6010,1.2269,0.7226,0.6138,1,0.0010
594,-0.2845,-0.5990,0.7464,0.3380,0.4806,1,0.0000
595,-0.2849,-0.6009,1.3619,0.8474,0.6155,1,0.0009
596,-0.2831,-0.5990,0.8797,0.4242,0.4823,1,0.0000
597,-0.2831,-0.6008,1.4969,0.9751,0.6172,1,0.0008
598,-0.2822,-0.5990,1.0129,0.5304,0.4840,1,0.0000
599,-0.2818,-0.6008,1.6319,1.1046,0.6190,1,0.0008
600,-0.2818,-0.5990,1.1462,0.6469,0.4857,1,0.0000
601,-0.2809,-0.6007,1.7669,1.2354,0.6207,1,0.0007
602,-0.2835,-0.5990,1.2795,0.7698,0.4874,1,0.0000
603,-0.2822,-0.6007,1.9018,1.3674,0.6224,1,0.0007
604,-0.2853,-0.5990,1.4128,0.8956,0.4891,1,0.0000
605,-0.2835,-0.6006,2.0368,1.5000,0.6241,1,0.0006
606,-0.2870,-0.5990,1.5460,1.0233,0.4908,1,0.0000
607,-0.2849,-0.6006,2.1718,1.6330,0.6258,1,0.0006
608,-0.2888,-0.5990,1.6793,1.1522,0.4925,1,0.0000
609,-0.2862,-0.6006,2.3068,1.7663,0.6275,1,0.0006
610,-0.2905,-0.5990,1.8126,1.2821,0.4942,1,0.0000
611,-0.2875,-0.6006,2.4418,1.8998,0.6292,1,0.0006
612,-0.2923,-0.5990,1.9459,1.4126,0.4959,1,0.0000
613,-0.2888,-0.6006,2.5767,2.0335,0.6309,1,0.0006
614,-0.2941,-0.5990,1.9458,1.4129,0.6309,1,0.0000
615,-0.2910,-0.6006,2.4450,1.9036,0.4992,1,0.0006
616,-0.2959,-0.5990,1.8124,1.2832,0.6326,1,0.0000
617,-0.2933,-0.6007,2.3133,1.7739,0.5009,1,0.0007
618,-0.2978,-0.5990,1.6791,1.1543,0.6343,1,0.0000
619,-0.2955,-0.6007,2.1816,1.6445,0.5026,1,0.0007
620,-0.2997,-0.5990,1.5457,1.0265,0.6360,1,0.0000
621,-0.2978,-0.6008,2.0499,1.5156,0.5042,1,0.0008
622,-0.3016,-0.5990,1.4123,0.9005,0.6376,1,0.0000
623,-0.3002,-0.6008,1.9182,1.3872,0.5059,1,0.0008
624,-0.3036,-0.5990,1.2789,0.7768,0.6393,1,0.0000
625,-0.2827,-0.6005,1.7929,1.2612,0.5145,1,0.0005
626,-0.2857,-0.5990,1.1521,0.6540,0.6409,1,0.0000
627,-0.2857,-0.6011,1.6612,1.1340,0.5091,1,0.0011
628,-0.2839,-0.5990,1.0187,0.5362,0.6425,1,0.0000
629,-0.2850,-0.6013,1.5293,1.0067,0.5106,1,0.0013
630,-0.2805,-0.5990,0.8853,0.4266,0.6441,1,0.0000
631,-0.2826,-0.6014,1.3973,0.8801,0.5121,1,0.0014
632,-0.2775,-0.5995,0.7519,0.3352,0.6455,1,0.0000
633,-0.2795,-0.6014,1.2653,0.7551,0.5134,1,0.0014
634,-0.2734,-0.5995,0.6185,0.2788,0.6469,1,0.0000
635,-0.2761,-0.6014,1.1332,0.6328,0.5147,1,0.0014
636,-0.2693,-0.5995,0.4851,0.2806,0.6482,1,0.0000
637,-0.2730,-0.6013,1.0011,0.5155,0.5160,1,0.0013
638,-0.2657,-0.5995,0.3516,0.3400,0.6495,1,0.0000
639,-0.2704,-0.6012,0.8689,0.4077,0.5173,1,0.0012
640,-0.2626,-0.5994,0.2182,0.4341,0.6508,1,0.0000
641,-0.2684,-0.6010,0.7368,0.3193,0.5186,1,0.0010
642,-0.2593,-0.5989,0.0848,0.5447,0.6521,1,0.0000
643,-0.2670,-0.6009,0.6046,0.2701,0.5199,1,0.0009
644,-0.2576,-0.5989,-0.0487,0.6645,0.6534,1,0.0000
645,-0.2664,-0.6009,0.4724,0.2816,0.5212,1,0.0009
646,-0.2566,-0.5989,-0.1821,0.7889,0.6546,1,0.0000
647,-0.2664,-0.6008,0.3402,0.3478,0.5225,1,0.0008
648,-0.2561,-0.5989,-0.3156,0.9160,0.6559,1,0.0000
649,-0.2671,-0.6008,0.2081,0.4449,0.5238,1,0.0008
650,-0.2561,-0.5989,-0.4491,1.0448,0.6572,1,0.0000
651,-0.2682,-0.6008,0.0759,0.5568,0.5251,1,0.0008
652,-0.2564,-0.5989,-0.5825,1.1747,0.6585,1,0.0000
653,-0.2697,-0.6008,-0.0563,0.6763,0.5263,1,0.0008
654,-0.2569,-0.5989,-0.7160,1.3054,0.6598,1,0.0000
655,-0.2716,-0.6008,-0.1886,0.7999,0.5276,1,0.0008
656,-0.2576,-0.5989,-0.8495,1.4366,0.6611,1,0.0000
657,-0.2736,-0.6009,-0.3208,0.9260,0.5289,1,0.0009
658,-0.2582,-0.5989,-0.9830,1.5682,0.6623,1,0.0000
659,-0.2757,-0.6010,-0.4531,1.0536,0.5302,1,0.0010
660,-0.2588,-0.5989,-1.1165,1.7001,0.6636,1,0.0000
661,-0.2778,-0.6010,-0.5853,1.1823,0.5315,1,0.0010
662,-0.2592,-0.5989,-1.2500,1.8323,0.6649,1,0.0000
663,-0.2800,-0.6011,-0.7177,1.3118,0.5327,1,0.0011
664,-0.2648,-0.5989,-1.3835,1.9653,0.6660,1,0.0000
665,-0.2875,-0.6013,-0.8500,1.4428,0.5340,1,0.0013
666,-0.2706,-0.5989,-1.5171,2.0984,0.6673,1,0.0000
667,-0.3019,-0.6021,-0.9833,1.5763,0.5347,1,0.0021
668,-0.2779,-0.5989,-1.6507,2.2319,0.6679,1,0.0000
669,-0.3343,-0.6046,-1.1190,1.7158,0.5347,1,0.0046
670,-0.2897,-0.5988,-1.7849,2.3665,0.6674,1,0.0000
671,-0.3627,-0.6062,-1.2545,1.8542,0.5354,1,0.0062
672,-0.3043,-0.5987,-1.9195,2.5019,0.6675,1,0.0000
673,-0.3886,-0.6073,-1.3900,1.9922,0.5362,1,0.0073
674,-0.3205,-0.5985,-2.0544,2.6378,0.6679,1,0.0000
675,-0.4128,-0.6081,-1.5256,2.1299,0.5369,1,0.0081
676,-0.3377,-0.5982,-2.1896,2.7741,0.6683,1,0.0000
677,-0.4361,-0.6087,-1.6614,2.2676,0.5374,1,0.0087
678,-0.3553,-0.5980,-2.3249,2.9105,0.6685,1,0.0000
679,-0.4589,-0.6092,-1.7973,2.4053,0.5378,1,0.0092
680,-0.3733,-0.5977,-2.4604,3.0471,0.6687,1,0.0000
681,-0.4814,-0.6097,-1.9333,2.5431,0.5382,1,0.0097
682,-0.3913,-0.5975,-2.5959,3.1839,0.6688,1,0.0000
683,-0.4996,-0.6097,-1.9362,2.5495,0.6686,1,0.0097
684,-0.4094,-0.5973,-2.4648,3.0562,0.5364,1,0.0000
685,-0.5134,-0.6092,-1.8059,2.4247,0.6672,1,0.0092
686,-0.4275,-0.5972,-2.3336,2.9288,0.5348,1,0.0000
687,-0.5272,-0.6084,-1.6755,2.3006,0.6656,1,0.0084
688,-0.4455,-0.5971,-2.2023,2.8018,0.5332,1,0.0000
689,-0.5410,-0.6076,-1.5452,2.1773,0.6641,1,0.0076
690,-0.4635,-0.5971,-2.0710,2.6753,0.5316,1,0.0000
691,-0.5548,-0.6068,-1.4148,2.0549,0.6626,1,0.0068
692,-0.4815,-0.5971,-1.9396,2.5493,0.5300,1,0.0000
693,-0.5685,-0.6059,-1.2843,1.9337,0.6610,1,0.0059
694,-0.4995,-0.5972,-1.8081,2.4239,0.5284,1,0.0000
695,-0.5823,-0.6051,-1.1539,1.8137,0.6595,1,0.0051
696,-0.5174,-0.5972,-1.6765,2.2993,0.5267,1,0.0000
697,-0.5961,-0.6043,-1.0234,1.6954,0.6579,1,0.0043
698,-0.5352,-0.5973,-1.5449,2.1756,0.5251,1,0.0000
699,-0.6105,-0.6038,-0.9141,1.5990,0.6353,1,0.0038
700,-0.5532,-0.5998,-1.5014,2.1380,0.5901,1,0.0000
701,-0.6288,-0.6063,-0.9164,1.6083,0.5898,1,0.0063
702,-0.5718,-0.5980,-1.5030,2.1445,0.5894,1,0.0000
703,-0.6471,-0.6046,-0.9187,1.6177,0.5892,1,0.0046
704,-0.5897,-0.6010,-1.5047,2.1509,0.5888,1,0.0010
705,-0.6646,-0.6074,-0.9210,1.6268,0.5885,1,0.0074
706,-0.6080,-0.5985,-1.5063,2.1576,0.5881,1,0.0000
707,-0.6822,-0.6051,-0.9232,1.6360,0.5878,1,0.0051
708,-0.6256,-0.6019,-1.5079,2.1641,0.5874,1,0.0019
709,-0.6993,-0.6045,-0.9253,1.6452,0.5872,1,0.0045
710,-0.6432,-0.6013,-1.5094,2.1708,0.5868,1,0.0013
711,-0.7158,-0.6078,-0.9274,1.6541,0.5866,1,0.0078
712,-0.6604,-0.5983,-1.5037,2.1704,0.5790,1,0.0000
713,-0.7320,-0.6043,-0.9221,1.6565,0.5860,1,0.0043
714,-0.6773,-0.6007,-1.5051,2.1770,0.5856,1,0.0007
715,-0.7483,-0.6067,-0.9240,1.6654,0.5855,1,0.0067
716,-0.6944,-0.5987,-1.5066,2.1838,0.5851,1,0.0000
717,-0.7648,-0.6050,-0.9259,1.6746,0.5850,1,0.0050
718,-0.7109,-0.6017,-1.5080,2.1904,0.5847,1,0.0017
719,-0.7810,-0.6044,-0.9277,1.6836,0.5846,1,0.0044
720,-0.7275,-0.6011,-1.5094,2.1972,0.5842,1,0.0011
721,-0.7968,-0.6075,-0.9294,1.6926,0.5842,1,0.0075
722,-0.7295,-0.5980,-1.5035,2.1923,0.5781,1,0.0000
723,-0.7983,-0.6039,-0.9242,1.6887,0.5834,1,0.0039
724,-0.7320,-0.5987,-1.5049,2.1944,0.5844,1,0.0000
725,-0.8005,-0.6046,-0.9263,1.6915,0.5827,1,0.0046
726,-0.7328,-0.5989,-1.5062,2.1959,0.5839,1,0.0000
727,-0.8011,-0.6051,-0.9283,1.6936,0.5820,1,0.0051
728,-0.7332,-0.5991,-1.5076,2.1973,0.5833,1,0.0000
729,-0.8014,-0.6055,-0.9303,1.6955,0.5813,1,0.0055
730,-0.7334,-0.5991,-1.5089,2.1987,0.5826,1,0.0000
731,-0.8016,-0.6055,-0.9323,1.6974,0.5806,1,0.0055
732,-0.7316,-0.5980,-1.5029,2.1924,0.5749,1,0.0000
733,-0.7997,-0.6040,-0.9271,1.6919,0.5799,1,0.0040
734,-0.7333,-0.5986,-1.5043,2.1943,0.5810,1,0.0000
735,-0.8016,-0.6047,-0.9290,1.6945,0.5793,1,0.0047
736,-0.7333,-0.5987,-1.5056,2.1955,0.5807,1,0.0000
737,-0.8020,-0.6050,-0.9310,1.6964,0.5788,1,0.0050
738,-0.7331,-0.5989,-1.5069,2.1967,0.5801,1,0.0000
739,-0.8023,-0.6055,-0.9330,1.6983,0.5782,1,0.0055
740,-0.7327,-0.5991,-1.5083,2.1979,0.5796,1,0.0000
741,-0.8025,-0.6060,-0.9350,1.7002,0.5776,1,0.0060
742,-0.7321,-0.5991,-1.5097,2.1990,0.5790,1,0.0000
743,-0.8027,-0.6062,-0.9371,1.7021,0.5770,1,0.0062
744,-0.7293,-0.5980,-1.5038,2.1925,0.5715,1,0.0000
745,-0.8007,-0.6048,-0.9321,1.6967,0.5762,1,0.0048
746,-0.7302,-0.5986,-1.5053,2.1942,0.5776,1,0.0000
747,-0.8028,-0.6058,-0.9343,1.6997,0.5757,1,0.0058
748,-0.7292,-0.5988,-1.5068,2.1953,0.5773,1,0.0000
749,-0.8033,-0.6065,-0.9366,1.7020,0.5750,1,0.0065
750,-0.7277,-0.5990,-1.5083,2.1962,0.5767,1,0.0000
751,-0.8033,-0.6072,-0.9392,1.7042,0.5742,1,0.0072
752,-0.7260,-0.5990,-1.5099,2.1972,0.5761,1,0.0000
753,-0.7713,-0.6010,-0.9475,1.6968,0.5643,1,0.0010
754,-0.7329,-0.5984,-1.5033,2.1932,0.5571,1,0.0000
755,-0.7521,-0.5940,-0.9460,1.6868,0.5576,1,0.0000
756,-0.7388,-0.6001,-1.5034,2.1953,0.5576,1,0.0001
757,-0.7438,-0.5922,-0.9486,1.6855,0.5548,1,0.0000
758,-0.7417,-0.6013,-1.5034,2.1963,0.5548,1,0.0013
759,-0.7392,-0.5917,-0.9495,1.6842,0.5540,1,0.0000
760,-0.7428,-0.6020,-1.5034,2.1966,0.5540,1,0.0020
761,-0.7366,-0.5890,-0.9493,1.6829,0.5543,1,0.0000
762,-0.7429,-0.5994,-1.5034,2.1967,0.5542,1,0.0000
763,-0.7350,-0.5902,-0.9485,1.6815,0.5550,1,0.0000
764,-0.7422,-0.5997,-1.5034,2.1964,0.5550,1,0.0000
765,-0.7338,-0.5920,-0.9473,1.6799,0.5562,1,0.0000
766,-0.7412,-0.5997,-1.5034,2.1961,0.5562,1,0.0000
767,-0.7327,-0.5937,-0.9459,1.6781,0.5577,1,0.0000
768,-0.7399,-0.5994,-1.5034,2.1957,0.5576,1,0.0000
769,-0.7317,-0.5952,-0.9443,1.6763,0.5592,1,0.0000
770,-0.7385,-0.5990,-1.5034,2.1952,0.5592,1,0.0000
771,-0.7307,-0.5968,-0.9426,1.6743,0.5609,1,0.0000
772,-0.7371,-0.5994,-1.5048,2.1961,0.5622,1,0.0000
773,-0.7297,-0.5991,-0.9423,1.6736,0.5626,1,0.0000
774,-0.7356,-0.5992,-1.5048,2.1956,0.5626,1,0.0000
775,-0.7286,-0.6005,-0.9406,1.6716,0.5643,1,0.0005
776,-0.7341,-0.5991,-1.5049,2.1951,0.5643,1,0.0000
777,-0.7275,-0.6017,-0.9388,1.6695,0.5661,1,0.0017
778,-0.7327,-0.5994,-1.5059,2.1956,0.5671,1,0.0000
779,-0.7264,-0.6030,-0.9382,1.6684,0.5678,1,0.0030
780,-0.7314,-0.5994,-1.5059,2.1952,0.5678,1,0.0000
781,-0.7253,-0.6037,-0.9364,1.6664,0.5696,1,0.0037
782,-0.7300,-0.5995,-1.5060,2.1948,0.5696,1,0.0000
783,-0.7242,-0.6042,-0.9347,1.6644,0.5713,1,0.0042
784,-0.7287,-0.5996,-1.5060,2.1943,0.5713,1,0.0000
785,-0.7232,-0.6044,-0.9329,1.6623,0.5731,1,0.0044
786,-0.7274,-0.5997,-1.5060,2.1939,0.5731,1,0.0000
787,-0.7221,-0.6044,-0.9312,1.6603,0.5748,1,0.0044
788,-0.7262,-0.5998,-1.5060,2.1935,0.5748,1,0.0000
789,-0.7211,-0.6042,-0.9295,1.6583,0.5766,1,0.0042
790,-0.7250,-0.5999,-1.5060,2.1931,0.5765,1,0.0000
791,-0.7200,-0.6039,-0.9277,1.6563,0.5783,1,0.0039
792,-0.7238,-0.6000,-1.5060,2.1927,0.5783,1,0.0000
793,-0.7190,-0.6035,-0.9260,1.6543,0.5800,1,0.0035
794,-0.7226,-0.6000,-1.5060,2.1924,0.5800,1,0.0000
795,-0.7181,-0.6031,-0.9243,1.6523,0.5817,1,0.0031
796,-0.7215,-0.6000,-1.5060,2.1920,0.5817,1,0.0000
797,-0.7171,-0.6027,-0.9226,1.6503,0.5835,1,0.0027
798,-0.7204,-0.6000,-1.5060,2.1916,0.5835,1,0.0000
799,-0.7162,-0.6023,-0.9208,1.6484,0.5852,1,0.0023
800,-0.7193,-0.6000,-1.5060,2.1913,0.5852,1,0.0000
801,-0.7153,-0.6020,-0.9191,1.6464,0.5869,1,0.0020
802,-0.7183,-0.6000,-1.5060,2.1910,0.5869,1,0.0000
803,-0.7144,-0.6017,-0.9174,1.6445,0.5886,1,0.0017
804,-0.7173,-0.6000,-1.5060,2.1906,0.5886,1,0.0000
805,-0.7126,-0.6200,-0.9283,1.6537,0.5781,1,0.0200
806,-0.7154,-0.5998,-1.5061,2.1901,0.5782,1,0.0000
807,-0.7123,-0.6409,-0.9429,1.6672,0.5647,1,0.0409
808,-0.7137,-0.5994,-1.4992,2.1830,0.5578,1,0.0000
809,-0.7124,-0.6387,-0.9371,1.6620,0.5634,1,0.0387
810,-0.7131,-0.5999,-1.4998,2.1834,0.5640,1,0.0000
811,-0.7115,-0.6337,-0.9366,1.6609,0.5643,1,0.0337
812,-0.7123,-0.5991,-1.4912,2.1750,0.5558,1,0.0000
813,-0.7104,-0.6259,-0.9269,1.6516,0.5650,1,0.0259
814,-0.7117,-0.5997,-1.4919,2.1755,0.5656,1,0.0000
815,-0.7096,-0.6205,-0.9264,1.6508,0.5659,1,0.0205
816,-0.7111,-0.6000,-1.4926,2.1760,0.5666,1,0.0000
817,-0.7089,-0.6144,-0.9261,1.6501,0.5667,1,0.0144
818,-0.7104,-0.5987,-1.4737,2.1579,0.5478,1,0.0000
819,-0.7081,-0.6036,-0.9065,1.6320,0.5672,1,0.0036
820,-0.7099,-0.5982,-1.4745,2.1585,0.5680,1,0.0000
821,-0.7075,-0.5957,-0.9066,1.6318,0.5680,1,0.0000
822,-0.7094,-0.5983,-1.4753,2.1590,0.5687,1,0.0000
823,-0.7070,-0.5882,-0.9067,1.6317,0.5687,1,0.0000
824,-0.7089,-0.5969,-1.4763,2.1598,0.5696,1,0.0000
825,-0.7067,-0.5777,-0.9085,1.6333,0.5681,1,0.0000
826,-0.7085,-0.5966,-1.4571,2.1415,0.5489,1,0.0000
827,-0.7062,-0.5757,-0.8893,1.6159,0.5681,1,0.0000
828,-0.7081,-0.5960,-1.4577,2.1420,0.5687,1,0.0000
829,-0.7058,-0.5772,-0.8897,1.6160,0.5684,1,0.0000
830,-0.7075,-0.5959,-1.4580,2.1420,0.5686,1,0.0000
831,-0.7054,-0.5814,-0.8895,1.6156,0.5687,1,0.0000
832,-0.7069,-0.5971,-1.4578,2.1417,0.5685,1,0.0000
833,-0.7050,-0.5861,-0.8892,1.6151,0.5687,1,0.0000
834,-0.7063,-0.5951,-1.4580,2.1416,0.5688,1,0.0000
835,-0.7045,-0.5913,-0.8887,1.6144,0.5693,1,0.0000
836,-0.7057,-0.5966,-1.4575,2.1410,0.5687,1,0.0000
837,-0.7040,-0.5977,-0.8879,1.6135,0.5695,1,0.0000
838,-0.7052,-0.5963,-1.4572,2.1405,0.5692,1,0.0000
839,-0.7036,-0.6014,-0.8874,1.6128,0.5698,1,0.0014
840,-0.7047,-0.5962,-1.4580,2.1411,0.5706,1,0.0000
841,-0.7031,-0.6042,-0.8880,1.6131,0.5701,1,0.0042
842,-0.7042,-0.5966,-1.4589,2.1418,0.5710,1,0.0000
843,-0.7026,-0.6063,-0.8887,1.6136,0.5703,1,0.0063
844,-0.7037,-0.5967,-1.4598,2.1425,0.5711,1,0.0000
845,-0.7021,-0.6011,-0.8892,1.6138,0.5706,1,0.0011
846,-0.7032,-0.5969,-1.4608,2.1433,0.5716,1,0.0000
847,-0.7016,-0.5934,-0.8900,1.6143,0.5709,1,0.0000
848,-0.7027,-0.5971,-1.4604,2.1427,0.5704,1,0.0000
849,-0.7015,-0.5875,-0.8904,1.6146,0.5700,1,0.0000
850,-0.7023,-0.5925,-1.4604,2.1427,0.5700,0,0.0000
851,-0.7013,-0.5825,-0.8963,1.6199,0.5642,1,0.0000
852,-0.7019,-0.5968,-1.4645,2.1464,0.5684,1,0.0000
853,-0.7012,-0.5786,-0.8969,1.6205,0.5679,1,0.0000
854,-0.7016,-0.5910,-1.4646,2.1464,0.5678,0,0.0000
855,-0.7011,-0.5756,-0.9044,1.6273,0.5604,1,0.0000
856,-0.7014,-0.5906,-1.4710,2.1524,0.5668,0,0.0000
857,-0.7011,-0.5738,-0.9092,1.6315,0.5621,1,0.0000
858,-0.7011,-0.5897,-1.4748,2.1559,0.5659,0,0.0000
859,-0.7010,-0.5738,-0.9144,1.6362,0.5607,1,0.0000
860,-0.7009,-0.5893,-1.4792,2.1599,0.5650,0,0.0000
861,-0.7009,-0.5738,-0.9201,1.6414,0.5592,1,0.0000
862,-0.7007,-0.5877,-1.4841,2.1645,0.5641,0,0.0000
863,-0.7008,-0.5751,-0.9264,1.6470,0.5578,1,0.0000
864,-0.7005,-0.5975,-1.4894,2.1694,0.5634,1,0.0000
865,-0.7008,-0.5762,-0.9267,1.6472,0.5631,1,0.0000
866,-0.7005,-0.5876,-1.4895,2.1696,0.5629,0,0.0000
867,-0.7008,-0.5760,-0.9443,1.6632,0.5453,0,0.0000
868,-0.3420,-0.5887,-0.8780,1.4819,0.3650,0,0.0000
869,-0.2960,-0.5995,-0.2525,0.8684,0.6273,0,0.0000
870,-0.2892,-0.5987,-0.1869,0.8045,0.0660,1,0.0000
871,-0.2899,-0.6070,0.4370,0.3165,0.6240,1,0.0070
872,-0.2891,-0.5988,-0.0547,0.6828,0.4918,1,0.0000
873,-0.2899,-0.6101,0.5676,0.2901,0.6224,1,0.0101
874,-0.2890,-0.5979,0.0768,0.5663,0.4910,1,0.0000
875,-0.2898,-0.6130,0.6977,0.3196,0.6211,1,0.0130
876,-0.2889,-0.5973,0.2075,0.4587,0.4904,1,0.0000
877,-0.2898,-0.6157,0.8271,0.3919,0.6199,1,0.0157
878,-0.2888,-0.5965,0.3373,0.3670,0.4902,1,0.0000
879,-0.2898,-0.6182,0.9558,0.4878,0.6189,1,0.0182
880,-0.2887,-0.5957,0.4661,0.3048,0.4902,1,0.0000
881,-0.2898,-0.6206,1.0836,0.5955,0.6180,1,0.0206
882,-0.2886,-0.5947,0.5938,0.2902,0.4905,1,0.0000
883,-0.2898,-0.6227,1.2106,0.7091,0.6174,1,0.0227
884,-0.2885,-0.5936,0.7203,0.3283,0.4911,1,0.0000
885,-0.2898,-0.6247,1.3364,0.8255,0.6169,1,0.0247
886,-0.2884,-0.5924,0.8455,0.4032,0.4920,1,0.0000
887,-0.2897,-0.6266,1.4611,0.9433,0.6166,1,0.0266
888,-0.2884,-0.5910,0.9693,0.4976,0.4931,1,0.0000
889,-0.2926,-0.6291,1.5119,0.9926,0.5440,1,0.0291
890,-0.2882,-0.5911,1.0918,0.6016,0.4218,1,0.0000
891,-0.2924,-0.6187,1.5555,1.0340,0.4645,1,0.0187
892,-0.2888,-0.5926,1.2142,0.7117,0.3422,1,0.0000
893,-0.2908,-0.5965,1.6766,1.1501,0.4624,1,0.0000
894,-0.2896,-0.5941,1.3389,0.8274,0.3378,1,0.0000
895,-0.2903,-0.5737,1.7986,1.2686,0.4602,1,0.0000
896,-0.2906,-0.5954,1.4657,0.9475,0.3336,1,0.0000
897,-0.2899,-0.5499,1.9220,1.3897,0.4586,1,0.0000
898,-0.2915,-0.5966,1.5946,1.0712,0.3307,1,0.0000
899,-0.2896,-0.5251,2.0470,1.5130,0.4580,1,0.0000
900,-0.2924,-0.5976,1.7258,1.1982,0.3293,1,0.0000
901,-0.2891,-0.4994,2.1749,1.6399,0.4598,1,0.0000
902,-0.2932,-0.5983,1.8590,1.3280,0.3311,1,0.0000
903,-0.2892,-0.4722,2.3062,1.7708,0.4647,1,0.0000
904,-0.2936,-0.5988,1.9944,1.4604,0.3366,1,0.0000
905,-0.2902,-0.4514,2.4403,1.9045,0.4696,1,0.0000
906,-0.2939,-0.5990,2.1315,1.5949,0.3423,1,0.0000
907,-0.2894,-0.5413,2.5466,2.0046,0.4192,1,0.0000
908,-0.2949,-0.5990,2.1322,1.5959,0.4184,1,0.0000
909,-0.2997,-0.5693,2.3945,1.8553,0.2640,1,0.0000
910,-0.2942,-0.5988,1.9996,1.4656,0.3961,1,0.0000
911,-0.2983,-0.5654,2.2618,1.7243,0.2644,1,0.0000
912,-0.2935,-0.5987,1.8673,1.3361,0.3959,1,0.0000
913,-0.2972,-0.5615,2.1290,1.5936,0.2644,1,0.0000
914,-0.2928,-0.5985,1.7355,1.2077,0.3953,1,0.0000
915,-0.2948,-0.5596,1.9957,1.4624,0.2631,1,0.0000
916,-0.2923,-0.5983,1.6041,1.0806,0.3935,1,0.0000
917,-0.2936,-0.5572,1.8627,1.3323,0.2618,1,0.0000
918,-0.2919,-0.5980,1.4732,0.9551,0.3916,1,0.0000
919,-0.2928,-0.5547,1.7302,1.2034,0.2606,1,0.0000
920,-0.2916,-0.5976,1.3429,0.8319,0.3897,1,0.0000
921,-0.2923,-0.5523,1.5975,1.0752,0.2585,1,0.0000
922,-0.2914,-0.5972,1.2132,0.7118,0.3868,1,0.0000
923,-0.2917,-0.5515,1.4665,0.9499,0.2574,1,0.0000
924,-0.2911,-0.5967,1.0841,0.5962,0.3851,1,0.0000
925,-0.2915,-0.5597,1.3385,0.8286,0.2570,1,0.0000
926,-0.2908,-0.5963,0.9555,0.4878,0.3847,1,0.0000
927,-0.2911,-0.5701,1.2110,0.7102,0.2569,1,0.0000
928,-0.2904,-0.5960,0.8271,0.3920,0.3848,1,0.0000
929,-0.2906,-0.5799,1.0839,0.5960,0.2573,1,0.0000
930,-0.2901,-0.5958,0.6989,0.3200,0.3853,1,0.0000
931,-0.2901,-0.5883,0.9569,0.4887,0.2581,1,0.0000
932,-0.2897,-0.5958,0.5709,0.2898,0.3861,1,0.0000
933,-0.2895,-0.5950,0.8301,0.3933,0.2592,1,0.0000
934,-0.2894,-0.5958,0.4429,0.3137,0.3872,1,0.0000
935,-0.2890,-0.5999,0.7032,0.3208,0.2603,1,0.0000
936,-0.2888,-0.5958,0.3148,0.3813,0.3884,1,0.0000
937,-0.2882,-0.6032,0.5761,0.2885,0.2614,1,0.0032
938,-0.2863,-0.5959,0.1867,0.4736,0.3895,1,0.0000
939,-0.2855,-0.6050,0.4490,0.3078,0.2625,1,0.0050
940,-0.2845,-0.5960,0.0584,0.5800,0.3907,1,0.0000
941,-0.2836,-0.6056,0.3218,0.3729,0.2635,1,0.0056
942,-0.2834,-0.5961,-0.0699,0.6942,0.3918,1,0.0000
943,-0.2823,-0.6053,0.1944,0.4650,0.2645,1,0.0053
944,-0.2828,-0.5961,-0.1984,0.8130,0.3929,1,0.0000
945,-0.2817,-0.6045,0.0669,0.5712,0.2654,1,0.0045
946,-0.2826,-0.5962,-0.3269,0.9345,0.3939,1,0.0000
947,-0.2813,-0.6032,-0.0606,0.6849,0.2664,1,0.0032
948,-0.2823,-0.5962,-0.4555,1.0577,0.3950,1,0.0000
949,-0.2809,-0.6018,-0.1882,0.8028,0.2674,1,0.0018
950,-0.2820,-0.5963,-0.5842,1.1822,0.3961,1,0.0000
951,-0.2806,-0.5999,-0.3158,0.9233,0.2685,1,0.0000
952,-0.2817,-0.5963,-0.7129,1.3074,0.3971,1,0.0000
953,-0.2802,-0.5931,-0.4433,1.0454,0.2696,1,0.0000
954,-0.2814,-0.5964,-0.8417,1.4334,0.3983,1,0.0000
955,-0.2799,-0.5852,-0.5710,1.1689,0.2709,1,0.0000
956,-0.2812,-0.5966,-0.9706,1.5600,0.3998,1,0.0000
957,-0.2795,-0.5775,-0.6989,1.2935,0.2724,1,0.0000
958,-0.2809,-0.5969,-1.1000,1.6874,0.4016,1,0.0000
959,-0.2792,-0.5712,-0.8270,1.4189,0.2742,1,0.0000
960,-0.2807,-0.5972,-1.2298,1.8155,0.4036,1,0.0000
961,-0.2788,-0.5676,-0.9554,1.5449,0.2760,1,0.0000
962,-0.2804,-0.5975,-1.3602,1.9444,0.4059,1,0.0000
963,-0.2785,-0.5664,-1.0841,1.6716,0.2778,1,0.0000
964,-0.2802,-0.5978,-1.4910,2.0739,0.4081,1,0.0000
965,-0.2782,-0.5674,-1.2132,1.7990,0.2795,1,0.0000
966,-0.2800,-0.5981,-1.6223,2.2040,0.4102,1,0.0000
967,-0.2780,-0.5700,-1.3427,1.9269,0.2810,1,0.0000
968,-0.2798,-0.5984,-1.7539,2.3346,0.4122,1,0.0000
969,-0.2776,-0.5726,-1.4726,2.0555,0.2825,1,0.0000
970,-0.2795,-0.5986,-1.8859,2.4656,0.4141,1,0.0000
971,-0.2773,-0.5662,-1.6030,2.1848,0.2847,1,0.0000
972,-0.2793,-0.5988,-2.0184,2.5973,0.4166,1,0.0000
973,-0.2770,-0.5592,-1.7338,2.3146,0.2873,1,0.0000
974,-0.2791,-0.5989,-2.1514,2.7295,0.4194,1,0.0000
975,-0.2767,-0.5548,-1.8648,2.4448,0.2899,1,0.0000
976,-0.2789,-0.5990,-2.2848,2.8622,0.4223,1,0.0000
977,-0.2765,-0.5533,-1.9960,2.5752,0.2924,1,0.0000
978,-0.2787,-0.5997,-2.4186,2.9954,0.4251,1,0.0000
979,-0.2762,-0.5541,-2.1275,2.7059,0.2946,1,0.0000
980,-0.2785,-0.5996,-2.5527,3.1289,0.4276,1,0.0000
981,-0.2759,-0.5599,-2.1262,2.7044,0.4283,1,0.0000
982,-0.2783,-0.5986,-2.4206,2.9973,0.2969,1,0.0000
983,-0.2759,-0.5697,-1.9920,2.5708,0.4296,1,0.0000
984,-0.2780,-0.5982,-2.2889,2.8662,0.2983,1,0.0000
985,-0.2758,-0.5798,-1.8575,2.4371,0.4318,1,0.0000
986,-0.2778,-0.5978,-2.1578,2.7358,0.3008,1,0.0000
987,-0.2757,-0.5885,-1.7234,2.3038,0.4345,1,0.0000
988,-0.2777,-0.5974,-2.0272,2.6059,0.3040,1,0.0000
989,-0.2756,-0.5954,-1.5897,2.1712,0.4375,1,0.0000
990,-0.2775,-0.5969,-1.8973,2.4767,0.3075,1,0.0000
991,-0.2756,-0.6003,-1.4567,2.0393,0.4406,1,0.0003
992,-0.2773,-0.5966,-1.7679,2.3481,0.3112,1,0.0000
993,-0.2756,-0.6036,-1.3246,1.9084,0.4433,1,0.0036
994,-0.2772,-0.5963,-1.6389,2.2201,0.3144,1,0.0000
995,-0.2754,-0.6058,-1.1924,1.7777,0.4466,1,0.0058
996,-0.2770,-0.5960,-1.5103,2.0926,0.3181,1,0.0000
997,-0.2752,-0.6079,-1.0607,1.6477,0.4497,1,0.0079
998,-0.2768,-0.5958,-1.3820,1.9655,0.3215,1,0.0000
999,-0.2751,-0.6102,-0.9295,1.5185,0.4528,1,0.0102
1000,-0.2766,-0.5955,-1.2541,1.8389,0.3250,1,0.0000
1001,-0.2750,-0.6104,-0.7979,1.3893,0.4564,1,0.0104
1002,-0.2764,-0.5953,-1.1265,1.7128,0.3289,1,0.0000
1003,-0.2749,-0.6086,-0.6665,1.2607,0.4602,1,0.0086
1004,-0.2762,-0.5952,-0.9991,1.5872,0.3329,1,0.0000
1005,-0.2747,-0.6051,-0.5352,1.1329,0.4640,1,0.0051
1006,-0.2760,-0.5952,-0.8718,1.4619,0.3367,1,0.0000
1007,-0.2746,-0.6007,-0.4039,1.0060,0.4679,1,0.0007
1008,-0.2758,-0.5953,-0.7444,1.3370,0.3405,1,0.0000
1009,-0.2744,-0.5964,-0.2726,0.8803,0.4718,1,0.0000
1010,-0.2756,-0.5954,-0.6169,1.2125,0.3443,1,0.0000
1011,-0.2743,-0.5930,-0.1412,0.7565,0.4757,1,0.0000
1012,-0.2754,-0.5956,-0.4892,1.0885,0.3480,1,0.0000
1013,-0.2741,-0.5905,-0.0096,0.6356,0.4796,1,0.0000
1014,-0.2752,-0.5957,-0.3613,0.9652,0.3518,1,0.0000
1015,-0.2740,-0.5892,0.1222,0.5198,0.4835,1,0.0000
1016,-0.2750,-0.5958,-0.2333,0.8432,0.3555,1,0.0000
1017,-0.2738,-0.5890,0.2541,0.4136,0.4874,1,0.0000
1018,-0.2747,-0.5959,-0.1051,0.7231,0.3592,1,0.0000
1019,-0.2877,-0.5906,0.3694,0.3473,0.4747,1,0.0000
1020,-0.2780,-0.5961,0.0232,0.6080,0.3464,1,0.0000
1021,-0.3011,-0.5919,0.4808,0.3125,0.4582,1,0.0000
1022,-0.2840,-0.5963,0.1514,0.5008,0.3299,1,0.0000
1023,-0.3110,-0.5927,0.5934,0.3125,0.4429,1,0.0000
1024,-0.2784,-0.5973,0.2817,0.3964,0.3135,1,0.0000
1025,-0.3041,-0.5931,0.7087,0.3368,0.4278,1,0.0000
1026,-0.2659,-0.5974,0.4119,0.3063,0.2992,1,0.0000
1027,-0.2870,-0.5978,0.8122,0.3795,0.4008,1,0.0000
1028,-0.2607,-0.5977,0.5422,0.2616,0.2712,1,0.0000
1029,-0.2812,-0.5987,0.9281,0.4602,0.3864,1,0.0000
1030,-0.2564,-0.5979,0.6728,0.2786,0.2565,1,0.0000
1031,-0.2748,-0.6034,1.0422,0.5517,0.3699,1,0.0034
1032,-0.2553,-0.5981,0.8036,0.3502,0.2395,1,0.0000
1033,-0.2722,-0.6052,1.1576,0.6532,0.3545,1,0.0052
1034,-0.2564,-0.5975,0.9332,0.4496,0.2251,1,0.0000
1035,-0.2721,-0.6034,1.2734,0.7600,0.3406,1,0.0034
1036,-0.2595,-0.5977,1.0631,0.5627,0.2107,1,0.0000
1037,-0.2732,-0.6011,1.3897,0.8699,0.3269,1,0.0011
1038,-0.2651,-0.5978,1.1933,0.6830,0.1966,1,0.0000
1039,-0.2768,-0.5984,1.5066,0.9826,0.3135,1,0.0000
1040,-0.2702,-0.5980,1.3239,0.8066,0.1829,1,0.0000
1041,-0.2800,-0.5956,1.6239,1.0965,0.3003,1,0.0000
1042,-0.2749,-0.5982,1.4547,0.9323,0.1694,1,0.0000
1043,-0.2827,-0.5929,1.7417,1.2114,0.2872,1,0.0000
1044,-0.2792,-0.5983,1.5858,1.0594,0.1561,1,0.0000
1045,-0.2851,-0.5905,1.8599,1.3271,0.2743,1,0.0000
1046,-0.2831,-0.5985,1.7171,1.1875,0.1430,1,0.0000
1047,-0.2872,-0.5885,1.9784,1.4435,0.2615,1,0.0000
1048,-0.2866,-0.5986,1.8487,1.3164,0.1301,1,0.0000
1049,-0.2891,-0.5870,2.0973,1.5605,0.2489,1,0.0000
1050,-0.2898,-0.5986,1.9805,1.4460,0.1174,1,0.0000
1051,-0.2906,-0.5860,2.2165,1.6780,0.2364,1,0.0000
1052,-0.2926,-0.5987,2.1124,1.5760,0.1049,1,0.0000
1053,-0.2920,-0.5854,2.3359,1.7960,0.2239,1,0.0000
1054,-0.2951,-0.5987,2.2445,1.7064,0.0924,1,0.0000
1055,-0.2932,-0.5853,2.4556,1.9144,0.2115,1,0.0000
1056,-0.2973,-0.5987,2.3767,1.8371,0.0801,1,0.0000
1057,-0.2943,-0.5856,2.5756,2.0332,0.1993,1,0.0000
1058,-0.2993,-0.5987,2.3759,1.8366,0.2001,1,0.0000
1059,-0.2987,-0.5868,2.4294,1.8894,0.0548,1,0.0000
1060,-0.3009,-0.5987,2.2420,1.7049,0.1878,1,0.0000
1061,-0.3025,-0.5880,2.2834,1.7460,0.0428,1,0.0000
1062,-0.3024,-0.5987,2.1081,1.5736,0.1756,1,0.0000
1063,-0.3058,-0.5893,2.1375,1.6031,0.0310,1,0.0000
1064,-0.3036,-0.5987,1.9742,1.4427,0.1635,1,0.0000
1065,-0.3085,-0.5905,1.9917,1.4608,0.0199,1,0.0000
1066,-0.3046,-0.5987,1.8404,1.3124,0.1516,1,0.0000
1067,-0.3107,-0.5918,1.8461,1.3194,0.0108,1,0.0000
1068,-0.3054,-0.5987,1.7066,1.1828,0.1398,1,0.0000
1069,-0.3123,-0.5929,1.7006,1.1789,0.0108,1,0.0000
1070,-0.3060,-0.5987,1.5728,1.0543,0.1281,1,0.0000
1071,-0.3135,-0.5941,1.5552,1.0398,0.0196,1,0.0000
1072,-0.3065,-0.5986,1.4390,0.9273,0.1165,1,0.0000
1073,-0.3141,-0.5951,1.4100,0.9026,0.0302,1,0.0000
1074,-0.3069,-0.5986,1.3053,0.8025,0.1050,1,0.0000
1075,-0.3143,-0.5961,1.2648,0.7683,0.0412,1,0.0000
1076,-0.3072,-0.5986,1.1716,0.6810,0.0936,1,0.0000
1077,-0.3141,-0.5971,1.1198,0.6386,0.0522,1,0.0000
1078,-0.3075,-0.5986,1.0379,0.5650,0.0822,1,0.0000
1079,-0.3135,-0.5981,0.9791,0.5203,0.0591,1,0.0000
1080,-0.3077,-0.5986,0.9042,0.4588,0.0751,1,0.0000
1081,-0.3127,-0.5991,0.8488,0.4230,0.0557,1,0.0000
1082,-0.3079,-0.5986,0.7705,0.3708,0.0784,1,0.0000
1083,-0.3122,-0.5994,0.7181,0.3482,0.0526,1,0.0000
1084,-0.3081,-0.5986,0.6368,0.3166,0.0813,1,0.0000
1085,-0.3120,-0.5993,0.5871,0.3128,0.0499,1,0.0000
1086,-0.3083,-0.5986,0.5031,0.3142,0.0840,1,0.0000
1087,-0.3121,-0.5991,0.4522,0.3314,0.0511,1,0.0000
1088,-0.3085,-0.5986,0.3694,0.3646,0.0829,1,0.0000
1089,-0.3120,-0.5991,0.3101,0.4022,0.0594,1,0.0000
1090,-0.3086,-0.5986,0.2357,0.4505,0.0745,1,0.0000
1091,-0.3117,-0.5990,0.1792,0.4951,0.0566,1,0.0000
1092,-0.3088,-0.5986,0.1020,0.5556,0.0772,1,0.0000
1093,-0.3117,-0.5989,0.0480,0.6027,0.0540,1,0.0000
1094,-0.3090,-0.5986,-0.0317,0.6709,0.0798,1,0.0000
1095,-0.3120,-0.5988,-0.0832,0.7183,0.0515,1,0.0000
1096,-0.3091,-0.5987,-0.1655,0.7921,0.0823,1,0.0000
1097,-0.3125,-0.5987,-0.2145,0.8387,0.0492,1,0.0000
1098,-0.3093,-0.5987,-0.2992,0.9168,0.0847,1,0.0000
1099,-0.3130,-0.5992,-0.3569,0.9725,0.0578,1,0.0000
1100,-0.3095,-0.5987,-0.4329,1.0437,0.0761,1,0.0000
1101,-0.3127,-0.5992,-0.4916,1.1008,0.0588,1,0.0000
1102,-0.3092,-0.5987,-0.5666,1.1720,0.0751,1,0.0000
1103,-0.3122,-0.5988,-0.6226,1.2269,0.0561,1,0.0000
1104,-0.3090,-0.5987,-0.7003,1.3014,0.0777,1,0.0000
1105,-0.3120,-0.5985,-0.7538,1.3541,0.0536,1,0.0000
1106,-0.3088,-0.5987,-0.8340,1.4316,0.0803,1,0.0000
1107,-0.3123,-0.5983,-0.8851,1.4822,0.0512,1,0.0000
1108,-0.3087,-0.5987,-0.9677,1.5624,0.0827,1,0.0000
1109,-0.3128,-0.5981,-1.0164,1.6109,0.0489,1,0.0000
1110,-0.3087,-0.5987,-1.1014,1.6936,0.0851,1,0.0000
1111,-0.3133,-0.5993,-1.1588,1.7509,0.0576,1,0.0000
1112,-0.3086,-0.5988,-1.2351,1.8252,0.0764,1,0.0000
1113,-0.3128,-0.5991,-1.2935,1.8835,0.0585,1,0.0000
1114,-0.3088,-0.5988,-1.3688,1.9571,0.0754,1,0.0000
1115,-0.3127,-0.5984,-1.4245,2.0128,0.0559,1,0.0000
1116,-0.3089,-0.5988,-1.5025,2.0893,0.0780,1,0.0000
1117,-0.3131,-0.5980,-1.5557,2.1425,0.0534,1,0.0000
1118,-0.3090,-0.5988,-1.6362,2.2216,0.0806,1,0.0000
1119,-0.3137,-0.5977,-1.6870,2.2726,0.0510,1,0.0000
1120,-0.3092,-0.5987,-1.7698,2.3541,0.0830,1,0.0000
1121,-0.3146,-0.5977,-1.8183,2.4028,0.0487,1,0.0000
1122,-0.3093,-0.5987,-1.9035,2.4867,0.0854,1,0.0000
1123,-0.3154,-0.5997,-1.9606,2.5441,0.0575,1,0.0000
1124,-0.3095,-0.5987,-2.0372,2.6194,0.0768,1,0.0000
1125,-0.3149,-0.5994,-2.0953,2.6777,0.0584,1,0.0000
1126,-0.3096,-0.5987,-2.1709,2.7522,0.0758,1,0.0000
1127,-0.3148,-0.5985,-2.2263,2.8079,0.0557,1,0.0000
1128,-0.3097,-0.5987,-2.3045,2.8850,0.0784,1,0.0000
1129,-0.3152,-0.5980,-2.3575,2.9383,0.0532,1,0.0000
1130,-0.3099,-0.5987,-2.4382,3.0180,0.0809,1,0.0000
1131,-0.3159,-0.5977,-2.4887,3.0688,0.0509,1,0.0000
1132,-0.3100,-0.5987,-2.5718,3.1510,0.0833,1,0.0000
1133,-0.3167,-0.5977,-2.4867,3.0670,0.0854,1,0.0000
1134,-0.3102,-0.5987,-2.4390,3.0188,0.0482,1,0.0000
1135,-0.3171,-0.6001,-2.3626,2.9436,0.0767,1,0.0001
1136,-0.3103,-0.5987,-2.3061,2.8867,0.0569,1,0.0000
1137,-0.3161,-0.5996,-2.2307,2.8124,0.0757,1,0.0000
1138,-0.3104,-0.5987,-2.1733,2.7546,0.0577,1,0.0000
1139,-0.3155,-0.5986,-2.0952,2.6777,0.0782,1,0.0000
1140,-0.3106,-0.5987,-2.0404,2.6227,0.0550,1,0.0000
1141,-0.3155,-0.5981,-1.9598,2.5433,0.0807,1,0.0000
1142,-0.3107,-0.5987,-1.9075,2.4908,0.0525,1,0.0000
1143,-0.3158,-0.5979,-1.8245,2.4091,0.0832,1,0.0000
1144,-0.3109,-0.5987,-1.7746,2.3590,0.0501,1,0.0000
1145,-0.3163,-0.5985,-1.6929,2.2788,0.0819,1,0.0000
1146,-0.3110,-0.5987,-1.6417,2.2274,0.0515,1,0.0000
1147,-0.3160,-0.5997,-1.5685,2.1556,0.0734,1,0.0000
1148,-0.3112,-0.5988,-1.5088,2.0959,0.0599,1,0.0000
1149,-0.3152,-0.5987,-1.4328,2.0214,0.0761,1,0.0000
1150,-0.3113,-0.5988,-1.3759,1.9645,0.0571,1,0.0000
1151,-0.3150,-0.5982,-1.2973,1.8876,0.0786,1,0.0000
1152,-0.3115,-0.5988,-1.2429,1.8334,0.0545,1,0.0000
1153,-0.3125,-0.5979,-1.1621,1.7540,0.0809,1,0.0000
1154,-0.3090,-0.5988,-1.1102,1.7023,0.0520,1,0.0000
1155,-0.3128,-0.5978,-1.0267,1.6210,0.0835,1,0.0000
1156,-0.3092,-0.5988,-0.9772,1.5718,0.0496,1,0.0000
1157,-0.3132,-0.5978,-0.8914,1.4886,0.0859,1,0.0000
1158,-0.3094,-0.5988,-0.8443,1.4417,0.0473,1,0.0000
1159,-0.3137,-0.5979,-0.7562,1.3568,0.0882,1,0.0000
1160,-0.3095,-0.5988,-0.7114,1.3122,0.0450,1,0.0000
1161,-0.3142,-0.5979,-0.6210,1.2258,0.0905,1,0.0000
1162,-0.3097,-0.5988,-0.5783,1.1834,0.0429,1,0.0000
1163,-0.3146,-0.5978,-0.4855,1.0955,0.0930,1,0.0000
1164,-0.3096,-0.5988,-0.4451,1.0553,0.0407,1,0.0000
1165,-0.3148,-0.5978,-0.3500,0.9665,0.0952,1,0.0000
1166,-0.3095,-0.5988,-0.3118,0.9287,0.0386,1,0.0000
1167,-0.3149,-0.5976,-0.2145,0.8396,0.0975,1,0.0000
1168,-0.3094,-0.5988,-0.1786,0.8043,0.0364,1,0.0000
1169,-0.3150,-0.5974,-0.0790,0.7159,0.0997,1,0.0000
1170,-0.3093,-0.5988,-0.0453,0.6832,0.0342,1,0.0000
1171,-0.3150,-0.5972,0.0564,0.5972,0.1019,1,0.0000
1172,-0.3092,-0.5988,0.0879,0.5675,0.0321,1,0.0000
1173,-0.3151,-0.5973,0.1918,0.4876,0.1040,1,0.0000
1174,-0.3091,-0.5988,0.2212,0.4615,0.0301,1,0.0000
1175,-0.3151,-0.5976,0.3270,0.3942,0.1060,1,0.0000
1176,-0.3089,-0.5988,0.3544,0.3732,0.0281,1,0.0000
1177,-0.3150,-0.5979,0.4623,0.3309,0.1080,1,0.0000
1178,-0.3086,-0.5988,0.4877,0.3179,0.0262,1,0.0000
1179,-0.3147,-0.5982,0.5975,0.3165,0.1100,1,0.0000
1180,-0.3083,-0.5988,0.6209,0.3136,0.0242,1,0.0000
1181,-0.3143,-0.5984,0.7328,0.3568,0.1120,1,0.0000
1182,-0.3081,-0.5998,0.7542,0.3621,0.0223,1,0.0000
1183,-0.3137,-0.5985,0.8680,0.4370,0.1140,1,0.0000
1184,-0.3077,-0.5998,0.8874,0.4465,0.0204,1,0.0000
1185,-0.3131,-0.5995,1.0033,0.5396,0.1160,1,0.0000
1186,-0.3073,-0.5998,1.0207,0.5506,0.0184,1,0.0000
1187,-0.3124,-0.5995,1.1385,0.6541,0.1179,1,0.0000
1188,-0.3069,-0.5998,1.1539,0.6651,0.0164,1,0.0000
1189,-0.3116,-0.5994,1.2737,0.7753,0.1199,1,0.0000
1190,-0.3071,-0.5989,1.2871,0.7857,0.0141,1,0.0000
1191,-0.3116,-0.5983,1.4088,0.9005,0.1217,1,0.0000
1192,-0.3074,-0.5989,1.4201,0.9098,0.0122,1,0.0000
1193,-0.3115,-0.5981,1.5438,1.0282,0.1237,1,0.0000
1194,-0.3078,-0.5989,1.5532,1.0361,0.0102,1,0.0000
1195,-0.3113,-0.5979,1.6788,1.1576,0.1256,1,0.0000
1196,-0.3081,-0.5989,1.6863,1.1640,0.0082,1,0.0000
1197,-0.3111,-0.5977,1.8138,1.2881,0.1276,1,0.0000
1198,-0.3085,-0.5989,1.8194,1.2929,0.0062,1,0.0000
1199,-0.3109,-0.5975,1.9489,1.4195,0.1295,1,0.0000
1200,-0.3089,-0.5990,1.9525,1.4226,0.0044,1,0.0000
1201,-0.3106,-0.5973,2.0839,1.5515,0.1314,1,0.0000
1202,-0.3093,-0.5990,2.0856,1.5529,0.0027,1,0.0000
1203,-0.3104,-0.5971,2.2189,1.6839,0.1334,1,0.0000
1204,-0.3098,-0.5990,2.2187,1.6836,0.0020,1,0.0000
1205,-0.3043,-0.5968,2.3528,1.8147,0.1343,1,0.0000
1206,-0.2990,-0.5996,2.3503,1.8113,0.0065,1,0.0000
1207,-0.2985,-0.5967,2.4875,1.9467,0.1372,1,0.0000
1208,-0.2995,-0.5990,2.4835,1.9429,0.0047,1,0.0000
1209,-0.2981,-0.5965,2.6225,2.0802,0.1391,1,0.0000
1210,-0.2999,-0.5990,2.4833,1.9428,0.1393,1,0.0000
1211,-0.2994,-0.5965,2.4910,1.9502,0.0081,1,0.0000
1212,-0.3004,-0.5990,2.3498,1.8111,0.1412,1,0.0000
1213,-0.3008,-0.5965,2.3594,1.8206,0.0099,1,0.0000
1214,-0.3010,-0.5990,2.2163,1.6797,0.1431,1,0.0000
1215,-0.3022,-0.5965,2.2278,1.6912,0.0118,1,0.0000
1216,-0.3015,-0.5990,2.0828,1.5486,0.1450,1,0.0000
1217,-0.3037,-0.5965,2.0962,1.5622,0.0138,1,0.0000
1218,-0.3021,-0.5990,1.9494,1.4181,0.1469,1,0.0000
1219,-0.3053,-0.5965,1.9646,1.4337,0.0158,1,0.0000
1220,-0.3027,-0.5990,1.8159,1.2881,0.1488,1,0.0000
1221,-0.3069,-0.5965,1.8330,1.3058,0.0178,1,0.0000
1222,-0.3032,-0.5990,1.6824,1.1590,0.1507,1,0.0000
1223,-0.3086,-0.5966,1.7014,1.1787,0.0199,1,0.0000
1224,-0.3039,-0.5990,1.5490,1.0309,0.1526,1,0.0000
1225,-0.3104,-0.5966,1.5698,1.0528,0.0220,1,0.0000
1226,-0.3045,-0.5990,1.4155,0.9045,0.1545,1,0.0000
1227,-0.3123,-0.5967,1.4382,0.9284,0.0241,1,0.0000
1228,-0.3052,-0.5990,1.2820,0.7803,0.1563,1,0.0000
1229,-0.2953,-0.5973,1.3122,0.8045,0.0318,1,0.0000
1230,-0.2867,-0.5990,1.1546,0.6567,0.1578,1,0.0000
1231,-0.2974,-0.5984,1.1803,0.6845,0.0278,1,0.0000
1232,-0.2853,-0.5990,1.0211,0.5390,0.1597,1,0.0000
1233,-0.2972,-0.5990,1.0485,0.5685,0.0298,1,0.0000
1234,-0.2843,-0.5990,0.8877,0.4309,0.1613,1,0.0000
1235,-0.2976,-0.5995,0.9166,0.4616,0.0319,1,0.0000
1236,-0.2839,-0.5990,0.7542,0.3418,0.1630,1,0.0000
1237,-0.2986,-0.5998,0.7848,0.3714,0.0340,1,0.0000
1238,-0.2839,-0.5990,0.6207,0.2896,0.1647,1,0.0000
1239,-0.3000,-0.5999,0.6529,0.3130,0.0360,1,0.0000
1240,-0.2844,-0.5990,0.4872,0.2945,0.1665,1,0.0000
1241,-0.3019,-0.6000,0.5211,0.3049,0.0381,1,0.0000
1242,-0.2851,-0.5990,0.3537,0.3542,0.1682,1,0.0000
1243,-0.3041,-0.5999,0.3892,0.3506,0.0403,1,0.0000
1244,-0.2860,-0.5990,0.2201,0.4471,0.1700,1,0.0000
1245,-0.3064,-0.5998,0.2573,0.4334,0.0424,1,0.0000
1246,-0.2868,-0.5990,0.0866,0.5568,0.1719,1,0.0000
1247,-0.3088,-0.5998,0.1255,0.5362,0.0446,1,0.0000
1248,-0.2878,-0.5990,-0.0470,0.6752,0.1737,1,0.0000
1249,-0.3112,-0.5997,-0.0064,0.6496,0.0468,1,0.0000
1250,-0.2887,-0.5990,-0.1805,0.7984,0.1755,1,0.0000
1251,-0.3137,-0.5996,-0.1383,0.7690,0.0490,1,0.0000
1252,-0.2895,-0.5990,-0.3141,0.9245,0.1774,1,0.0000
1253,-0.3161,-0.5995,-0.2702,0.8920,0.0513,1,0.0000
1254,-0.2901,-0.5990,-0.4477,1.0523,0.1794,1,0.0000
1255,-0.3183,-0.5994,-0.4022,1.0171,0.0536,1,0.0000
1256,-0.2905,-0.5990,-0.5813,1.1814,0.1813,1,0.0000
1257,-0.3203,-0.5994,-0.5341,1.1437,0.0558,1,0.0000
1258,-0.2906,-0.5990,-0.7149,1.3114,0.1833,1,0.0000
1259,-0.3221,-0.5994,-0.6660,1.2713,0.0582,1,0.0000
1260,-0.2906,-0.5990,-0.8486,1.4420,0.1852,1,0.0000
1261,-0.3238,-0.5994,-0.7980,1.3998,0.0605,1,0.0000
1262,-0.2905,-0.5990,-0.9822,1.5731,0.1872,1,0.0000
1263,-0.3254,-0.5994,-0.9299,1.5288,0.0629,1,0.0000
1264,-0.2902,-0.5990,-1.1159,1.7046,0.1892,1,0.0000
1265,-0.3268,-0.5994,-1.0619,1.6583,0.0652,1,0.0000
1266,-0.2901,-0.5990,-1.2496,1.8365,0.1912,1,0.0000
1267,-0.3286,-0.5994,-1.1939,1.7882,0.0677,1,0.0000
1268,-0.2913,-0.5990,-1.3833,1.9688,0.1930,1,0.0000
1269,-0.3317,-0.5995,-1.3259,1.9186,0.0701,1,0.0000
1270,-0.2926,-0.5990,-1.5170,2.1013,0.1950,1,0.0000
1271,-0.3348,-0.5995,-1.4579,2.0493,0.0726,1,0.0000
1272,-0.2939,-0.5990,-1.6507,2.2339,0.1971,1,0.0000
1273,-0.3380,-0.5996,-1.5899,2.1801,0.0751,1,0.0000
1274,-0.2952,-0.5990,-1.7844,2.3667,0.1992,1,0.0000
1275,-0.3412,-0.5996,-1.7219,2.3111,0.0776,1,0.0000
1276,-0.2965,-0.5990,-1.9182,2.4997,0.2013,1,0.0000
1277,-0.3446,-0.5997,-1.8540,2.4422,0.0802,1,0.0000
1278,-0.2979,-0.5990,-2.0519,2.6327,0.2034,1,0.0000
1279,-0.3480,-0.5997,-1.9860,2.5735,0.0828,1,0.0000
1280,-0.2994,-0.5990,-2.1857,2.7658,0.2055,1,0.0000
1281,-0.3514,-0.5998,-2.1181,2.7048,0.0854,1,0.0000
1282,-0.3008,-0.5990,-2.3195,2.8990,0.2077,1,0.0000
1283,-0.3550,-0.5998,-2.2501,2.8363,0.0880,1,0.0000
1284,-0.3023,-0.5990,-2.4534,3.0323,0.2099,1,0.0000
1285,-0.3586,-0.5998,-2.3822,2.9678,0.0907,1,0.0000
1286,-0.3039,-0.5990,-2.5872,3.1657,0.2121,1,0.0000
1287,-0.3606,-0.5999,-2.3810,2.9668,0.2139,1,0.0000
1288,-0.3054,-0.5990,-2.4544,3.0336,0.0918,1,0.0000
1289,-0.3610,-0.5998,-2.2464,2.8333,0.2153,1,0.0000
1290,-0.3071,-0.5990,-2.3216,2.9017,0.0925,1,0.0000
1291,-0.3612,-0.5998,-2.1118,2.6999,0.2167,1,0.0000
1292,-0.3087,-0.5990,-2.1887,2.7698,0.0932,1,0.0000
1293,-0.3615,-0.5998,-1.9772,2.5666,0.2181,1,0.0000
1294,-0.3103,-0.5990,-2.0559,2.6381,0.0939,1,0.0000
1295,-0.3616,-0.5997,-1.8425,2.4334,0.2195,1,0.0000
1296,-0.3120,-0.5990,-1.9231,2.5064,0.0946,1,0.0000
1297,-0.3618,-0.5997,-1.7078,2.3003,0.2209,1,0.0000
1298,-0.3137,-0.5990,-1.7902,2.3749,0.0954,1,0.0000
1299,-0.3620,-0.5997,-1.5731,2.1674,0.2224,1,0.0000
1300,-0.3155,-0.5990,-1.6574,2.2435,0.0962,1,0.0000
1301,-0.3621,-0.5997,-1.4384,2.0347,0.2239,1,0.0000
1302,-0.3172,-0.5990,-1.5245,2.1123,0.0971,1,0.0000
1303,-0.3623,-0.5997,-1.3037,1.9023,0.2254,1,0.0000
1304,-0.3190,-0.5990,-1.3917,1.9813,0.0981,1,0.0000
1305,-0.3625,-0.5997,-1.1689,1.7703,0.2269,1,0.0000
1306,-0.2937,-0.5988,-1.2722,1.8594,0.1241,1,0.0000
1307,-0.3253,-0.5996,-1.0502,1.6465,0.2242,1,0.0000
1308,-0.2852,-0.5990,-1.1415,1.7290,0.0997,1,0.0000
1309,-0.3255,-0.5997,-0.9155,1.5147,0.2296,1,0.0000
1310,-0.2856,-0.5990,-1.0086,1.5982,0.1014,1,0.0000
1311,-0.3243,-0.5997,-0.7807,1.3831,0.2312,1,0.0000
1312,-0.2856,-0.5990,-0.8757,1.4676,0.1026,1,0.0000
1313,-0.3227,-0.5997,-0.6459,1.2520,0.2328,1,0.0000
1314,-0.2855,-0.5990,-0.7428,1.3375,0.1038,1,0.0000
1315,-0.3210,-0.5997,-0.5111,1.1218,0.2344,1,0.0000
1316,-0.2854,-0.5990,-0.6099,1.2079,0.1050,1,0.0000
1317,-0.3192,-0.5997,-0.3763,0.9928,0.2360,1,0.0000
1318,-0.2853,-0.5990,-0.4769,1.0792,0.1062,1,0.0000
1319,-0.3174,-0.5997,-0.2414,0.8656,0.2377,1,0.0000
1320,-0.2851,-0.5990,-0.3440,0.9516,0.1075,1,0.0000
1321,-0.3155,-0.5997,-0.1066,0.7410,0.2394,1,0.0000
1322,-0.2849,-0.5990,-0.2110,0.8256,0.1089,1,0.0000
1323,-0.3136,-0.5997,0.0283,0.6206,0.2411,1,0.0000
1324,-0.2847,-0.5990,-0.0781,0.7022,0.1102,1,0.0000
1325,-0.3118,-0.5997,0.1632,0.5077,0.2428,1,0.0000
1326,-0.2845,-0.5990,0.0549,0.5831,0.1117,1,0.0000
1327,-0.3099,-0.5996,0.2981,0.4082,0.2445,1,0.0000
1328,-0.2842,-0.5990,0.1879,0.4713,0.1131,1,0.0000
1329,-0.3079,-0.5996,0.4330,0.3346,0.2462,1,0.0000
1330,-0.2840,-0.5990,0.3209,0.3738,0.1146,1,0.0000
1331,-0.3060,-0.5996,0.5679,0.3061,0.2480,1,0.0000
1332,-0.2838,-0.5990,0.4539,0.3044,0.1161,1,0.0000
1333,-0.3041,-0.5996,0.7028,0.3344,0.2498,1,0.0000
1334,-0.2836,-0.5990,0.5869,0.2845,0.1177,1,0.0000
1335,-0.3022,-0.5996,0.8378,0.4079,0.2515,1,0.0000
1336,-0.2834,-0.5990,0.7199,0.3235,0.1193,1,0.0000
1337,-0.3004,-0.5996,0.9727,0.5073,0.2534,1,0.0000
1338,-0.2832,-0.5990,0.8530,0.4047,0.1210,1,0.0000
1339,-0.2985,-0.5996,1.1077,0.6204,0.2552,1,0.0000
1340,-0.2830,-0.5990,0.9860,0.5082,0.1227,1,0.0000
1341,-0.2966,-0.5996,1.2427,0.7408,0.2570,1,0.0000
1342,-0.2828,-0.5990,1.1191,0.6231,0.1244,1,0.0000
1343,-0.2947,-0.5996,1.3777,0.8656,0.2589,1,0.0000
1344,-0.2833,-0.5990,1.2522,0.7444,0.1260,1,0.0000
1345,-0.2936,-0.5995,1.5128,0.9933,0.2607,1,0.0000
1346,-0.2856,-0.5990,1.3853,0.8697,0.1277,1,0.0000
1347,-0.2942,-0.5995,1.6478,1.1232,0.2627,1,0.0000
1348,-0.2879,-0.5990,1.5184,0.9970,0.1296,1,0.0000
1349,-0.2948,-0.5995,1.7829,1.2542,0.2646,1,0.0000
1350,-0.2903,-0.5990,1.6515,1.1257,0.1315,1,0.0000
1351,-0.2954,-0.5995,1.9180,1.3860,0.2665,1,0.0000
1352,-0.2926,-0.5990,1.7846,1.2554,0.1334,1,0.0000
1353,-0.2961,-0.5995,2.0530,1.5184,0.2685,1,0.0000
1354,-0.2950,-0.5990,1.9177,1.3857,0.1353,1,0.0000
1355,-0.2968,-0.5995,2.1881,1.6512,0.2704,1,0.0000
1356,-0.2974,-0.5990,2.0509,1.5165,0.1373,1,0.0000
1357,-0.2975,-0.5995,2.3232,1.7844,0.2724,1,0.0000
1358,-0.2998,-0.5990,2.1840,1.6477,0.1392,1,0.0000
1359,-0.2939,-0.5994,2.4571,1.9160,0.2732,1,0.0000
1360,-0.2822,-0.5989,2.3126,1.7714,0.1450,1,0.0000
1361,-0.2790,-0.5994,2.5887,2.0440,0.2761,1,0.0000
1362,-0.2847,-0.5990,2.3124,1.7716,0.2763,1,0.0000
1363,-0.2830,-0.5994,2.4571,1.9143,0.1447,1,0.0000
1364,-0.2872,-0.5990,2.1789,1.6404,0.2783,1,0.0000
1365,-0.2870,-0.5995,2.3256,1.7850,0.1467,1,0.0000
1366,-0.2897,-0.5990,2.0454,1.5096,0.2802,1,0.0000
1367,-0.2911,-0.5995,2.1941,1.6560,0.1487,1,0.0000
1368,-0.2923,-0.5990,1.9119,1.3794,0.2822,1,0.0000
1369,-0.2952,-0.5995,2.0625,1.5275,0.1507,1,0.0000
1370,-0.2949,-0.5990,1.7783,1.2498,0.2842,1,0.0000
1371,-0.2994,-0.5995,1.9309,1.3995,0.1527,1,0.0000
1372,-0.2975,-0.5990,1.6448,1.1211,0.2862,1,0.0000
1373,-0.3036,-0.5996,1.7994,1.2723,0.1547,1,0.0000
1374,-0.3002,-0.5990,1.5112,0.9938,0.2882,1,0.0000
1375,-0.3078,-0.5996,1.6678,1.1460,0.1567,1,0.0000
1376,-0.3028,-0.5990,1.3776,0.8683,0.2902,1,0.0000
1377,-0.3121,-0.5996,1.5361,1.0212,0.1588,1,0.0000
1378,-0.2815,-0.5985,1.2544,0.7457,0.2834,1,0.0000
1379,-0.2899,-0.5996,1.4147,0.8989,0.1606,1,0.0000
1380,-0.2787,-0.5988,1.1211,0.6231,0.2938,1,0.0000
1381,-0.2910,-0.5997,1.2831,0.7759,0.1625,1,0.0000
1382,-0.2786,-0.5990,0.9875,0.5071,0.2959,1,0.0000
1383,-0.2926,-0.5997,1.1514,0.6564,0.1645,1,0.0000
1384,-0.2783,-0.5990,0.8539,0.4020,0.2979,1,0.0000
1385,-0.2939,-0.5997,1.0197,0.5424,0.1666,1,0.0000
1386,-0.2780,-0.5990,0.7203,0.3190,0.2999,1,0.0000
1387,-0.2953,-0.5998,0.8879,0.4384,0.1686,1,0.0000
1388,-0.2776,-0.5990,0.5866,0.2786,0.3018,1,0.0000
1389,-0.2967,-0.5998,0.7562,0.3536,0.1706,1,0.0000
1390,-0.2773,-0.5990,0.4530,0.2986,0.3038,1,0.0000
1391,-0.2981,-0.5999,0.6244,0.3042,0.1727,1,0.0000
1392,-0.2769,-0.5990,0.3193,0.3694,0.3058,1,0.0000
1393,-0.2990,-0.5998,0.4927,0.3074,0.1748,1,0.0000
1394,-0.2768,-0.5990,0.1856,0.4687,0.3078,1,0.0000
1395,-0.2990,-0.5997,0.3613,0.3611,0.1771,1,0.0000
1396,-0.2776,-0.5990,0.0520,0.5823,0.3100,1,0.0000
1397,-0.3002,-0.5996,0.2299,0.4490,0.1793,1,0.0000
1398,-0.2790,-0.5990,-0.0816,0.7032,0.3123,1,0.0000
1399,-0.3021,-0.5996,0.0985,0.5548,0.1816,1,0.0000
1400,-0.2806,-0.5990,-0.2152,0.8281,0.3145,1,0.0000
1401,-0.3044,-0.5996,-0.0329,0.6699,0.1839,1,0.0000
1402,-0.2821,-0.5990,-0.3488,0.9553,0.3167,1,0.0000
1403,-0.3068,-0.5996,-0.1643,0.7902,0.1862,1,0.0000
1404,-0.2834,-0.5990,-0.4824,1.0840,0.3190,1,0.0000
1405,-0.3091,-0.5997,-0.2957,0.9135,0.1885,1,0.0000
1406,-0.2844,-0.5990,-0.6161,1.2137,0.3213,1,0.0000
1407,-0.3111,-0.5998,-0.4272,1.0387,0.1907,1,0.0000
1408,-0.2851,-0.5990,-0.7497,1.3441,0.3235,1,0.0000
1409,-0.3128,-0.5999,-0.5586,1.1652,0.1930,1,0.0000
1410,-0.2855,-0.5990,-0.8833,1.4750,0.3258,1,0.0000
1411,-0.3142,-0.5999,-0.6901,1.2927,0.1953,1,0.0000
1412,-0.2855,-0.5990,-1.0169,1.6063,0.3280,1,0.0000
1413,-0.3153,-0.6000,-0.8216,1.4208,0.1976,1,0.0000
1414,-0.2853,-0.5990,-1.1505,1.7379,0.3303,1,0.0000
1415,-0.3162,-0.6001,-0.9530,1.5495,0.1998,1,0.0001
1416,-0.2877,-0.5990,-1.2841,1.8702,0.3323,1,0.0000
1417,-0.3197,-0.6001,-1.0845,1.6791,0.2022,1,0.0001
1418,-0.2903,-0.5990,-1.4177,2.0027,0.3345,1,0.0000
1419,-0.3233,-0.6002,-1.2160,1.8089,0.2045,1,0.0002
1420,-0.2928,-0.5990,-1.5514,2.1354,0.3368,1,0.0000
1421,-0.3270,-0.6002,-1.3474,1.9390,0.2068,1,0.0002
1422,-0.2954,-0.5990,-1.6850,2.2682,0.3390,1,0.0000
1423,-0.3306,-0.6002,-1.4789,2.0693,0.2091,1,0.0002
1424,-0.2980,-0.5990,-1.8186,2.4010,0.3413,1,0.0000
1425,-0.3343,-0.6003,-1.6104,2.1998,0.2114,1,0.0003
1426,-0.3006,-0.5990,-1.9523,2.5340,0.3435,1,0.0000
1427,-0.3380,-0.6003,-1.7419,2.3304,0.2137,1,0.0003
1428,-0.3032,-0.5990,-2.0859,2.6670,0.3458,1,0.0000
1429,-0.3417,-0.6003,-1.8734,2.4610,0.2160,1,0.0003
1430,-0.3058,-0.5990,-2.2196,2.8001,0.3481,1,0.0000
1431,-0.3454,-0.6003,-2.0049,2.5918,0.2183,1,0.0003
1432,-0.3084,-0.5990,-2.3532,2.9333,0.3503,1,0.0000
1433,-0.3492,-0.6003,-2.1364,2.7227,0.2206,1,0.0003
1434,-0.3111,-0.5990,-2.4869,3.0665,0.3526,1,0.0000
1435,-0.3529,-0.6003,-2.2679,2.8536,0.2229,1,0.0003
1436,-0.3137,-0.5990,-2.6205,3.1998,0.3548,1,0.0000
1437,-0.3555,-0.6003,-2.2661,2.8522,0.3569,1,0.0003
1438,-0.3164,-0.5990,-2.4875,3.0677,0.2249,1,0.0000
1439,-0.3568,-0.6003,-2.1310,2.7183,0.3588,1,0.0003
1440,-0.3190,-0.5990,-2.3545,2.9357,0.2267,1,0.0000
1441,-0.3582,-0.6003,-1.9958,2.5846,0.3608,1,0.0003
1442,-0.3217,-0.5990,-2.2215,2.8038,0.2286,1,0.0000
1443,-0.3596,-0.6003,-1.8607,2.4511,0.3628,1,0.0003
1444,-0.3245,-0.5990,-2.0885,2.6721,0.2304,1,0.0000
1445,-0.3610,-0.6003,-1.7256,2.3177,0.3647,1,0.0003
1446,-0.3272,-0.5990,-1.9554,2.5404,0.2323,1,0.0000
1447,-0.3625,-0.6003,-1.5905,2.1846,0.3667,1,0.0003
1448,-0.3300,-0.5990,-1.8224,2.4089,0.2342,1,0.0000
1449,-0.3641,-0.6003,-1.4553,2.0517,0.3686,1,0.0003
1450,-0.3328,-0.5990,-1.6893,2.2776,0.2361,1,0.0000
1451,-0.3657,-0.6003,-1.3202,1.9192,0.3706,1,0.0003
1452,-0.3357,-0.5990,-1.5563,2.1465,0.2380,1,0.0000
1453,-0.3673,-0.6003,-1.1851,1.7871,0.3726,1,0.0003
1454,-0.3385,-0.5990,-1.4232,2.0157,0.2399,1,0.0000
1455,-0.3628,-0.6003,-1.0544,1.6584,0.3696,1,0.0003
1456,-0.3026,-0.5990,-1.3164,1.9044,0.2688,1,0.0000
1457,-0.3119,-0.6001,-0.9497,1.5453,0.3668,1,0.0001
1458,-0.2715,-0.5989,-1.1943,1.7790,0.2479,1,0.0000
1459,-0.3001,-0.6003,-0.8176,1.4137,0.3777,1,0.0003
1460,-0.2745,-0.5990,-1.0612,1.6481,0.2449,1,0.0000
1461,-0.2991,-0.6000,-0.6826,1.2819,0.3794,1,0.0000
1462,-0.2772,-0.5990,-0.9281,1.5175,0.2464,1,0.0000
1463,-0.2919,-0.5993,-0.5477,1.1492,0.3807,1,0.0000
1464,-0.2789,-0.5990,-0.7949,1.3870,0.2475,1,0.0000
1465,-0.2878,-0.5989,-0.4124,1.0177,0.3826,1,0.0000
1466,-0.2799,-0.5990,-0.6616,1.2570,0.2494,1,0.0000
1467,-0.2855,-0.5988,-0.2768,0.8878,0.3849,1,0.0000
1468,-0.2806,-0.5990,-0.5283,1.1277,0.2516,1,0.0000
1469,-0.2842,-0.5989,-0.1411,0.7601,0.3873,1,0.0000
1470,-0.2811,-0.5990,-0.3951,0.9993,0.2540,1,0.0000
1471,-0.2836,-0.5991,-0.0053,0.6359,0.3897,1,0.0000
1472,-0.2815,-0.5990,-0.2618,0.8723,0.2565,1,0.0000
1473,-0.2832,-0.5993,0.1305,0.5177,0.3923,1,0.0000
1474,-0.2818,-0.5990,-0.1285,0.7475,0.2590,1,0.0000
1475,-0.2831,-0.5996,0.2663,0.4107,0.3948,1,0.0000
1476,-0.2820,-0.5990,0.0048,0.6262,0.2615,1,0.0000
1477,-0.2830,-0.5998,0.4022,0.3259,0.3974,1,0.0000
1478,-0.2822,-0.5990,0.1381,0.5108,0.2641,1,0.0000
1479,-0.2830,-0.6000,0.5380,0.2842,0.3999,1,0.0000
1480,-0.2824,-0.5990,0.2713,0.4066,0.2667,1,0.0000
1481,-0.2831,-0.6002,0.6738,0.3037,0.4025,1,0.0002
1482,-0.2826,-0.5990,0.4046,0.3244,0.2692,1,0.0000
1483,-0.2832,-0.6003,0.8097,0.3750,0.4051,1,0.0003
1484,-0.2828,-0.5990,0.5379,0.2840,0.2718,1,0.0000
1485,-0.2833,-0.6005,0.9455,0.4753,0.4076,1,0.0005
1486,-0.2830,-0.5990,0.6712,0.3027,0.2743,1,0.0000
1487,-0.2834,-0.6005,1.0813,0.5900,0.4101,1,0.0005
1488,-0.2832,-0.5990,0.8044,0.3716,0.2769,1,0.0000
1489,-0.2835,-0.6006,1.2171,0.7121,0.4127,1,0.0006
1490,-0.2833,-0.5990,0.9377,0.4691,0.2794,1,0.0000
1491,-0.2836,-0.6006,1.3529,0.8385,0.4152,1,0.0006
1492,-0.2835,-0.5990,1.0710,0.5810,0.2819,1,0.0000
1493,-0.2836,-0.6005,1.4887,0.9674,0.4177,1,0.0005
1494,-0.2836,-0.5990,1.2043,0.7004,0.2844,1,0.0000
1495,-0.2837,-0.6005,1.6245,1.0979,0.4202,1,0.0005
1496,-0.2837,-0.5990,1.3375,0.8241,0.2869,1,0.0000
1497,-0.2838,-0.6004,1.7603,1.2296,0.4227,1,0.0004
1498,-0.2839,-0.5990,1.4708,0.9504,0.2895,1,0.0000
1499,-0.2839,-0.6004,1.8960,1.3621,0.4252,1,0.0004
1500,-0.2840,-0.5990,1.6041,1.0783,0.2919,1,0.0000
1501,-0.2840,-0.6003,2.0318,1.4952,0.4277,1,0.0003
1502,-0.2841,-0.5990,1.7374,1.2074,0.2944,1,0.0000
1503,-0.2840,-0.6003,2.1676,1.6287,0.4302,1,0.0003
1504,-0.2842,-0.5990,1.8707,1.3374,0.2969,1,0.0000
1505,-0.2841,-0.6002,2.3033,1.7625,0.4327,1,0.0002
1506,-0.2844,-0.5990,2.0039,1.4679,0.2994,1,0.0000
1507,-0.2842,-0.6002,2.4391,1.8966,0.4351,1,0.0002
1508,-0.2845,-0.5990,2.1372,1.5989,0.3018,1,0.0000
1509,-0.2843,-0.6001,2.5748,2.0309,0.4376,1,0.0001
1510,-0.2846,-0.5990,2.1372,1.5989,0.4376,1,0.0000
1511,-0.2844,-0.6001,2.4439,1.9014,0.3067,1,0.0001
1512,-0.2847,-0.5990,2.0038,1.4678,0.4401,1,0.0000
1513,-0.2846,-0.6001,2.3129,1.7721,0.3091,1,0.0001
1514,-0.2849,-0.5990,1.8704,1.3372,0.4425,1,0.0000
1515,-0.2848,-0.6001,2.1819,1.6430,0.3116,1,0.0001
1516,-0.2850,-0.5990,1.7370,1.2073,0.4449,1,0.0000
1517,-0.2850,-0.6001,2.0510,1.5142,0.3140,1,0.0001
1518,-0.2851,-0.5990,1.6036,1.0782,0.4474,1,0.0000
1519,-0.2851,-0.6002,1.9200,1.3858,0.3164,1,0.0002
1520,-0.2853,-0.5990,1.4702,0.9502,0.4498,1,0.0000
1521,-0.2853,-0.6002,1.7890,1.2580,0.3188,1,0.0002
1522,-0.2854,-0.5990,1.3368,0.8240,0.4522,1,0.0000
1523,-0.2855,-0.6002,1.6580,1.1308,0.3212,1,0.0002
1524,-0.2855,-0.5990,1.2035,0.7005,0.4546,1,0.0000
1525,-0.2857,-0.6002,1.5271,1.0047,0.3236,1,0.0002
1526,-0.2857,-0.5990,1.0701,0.5813,0.4570,1,0.0000
1527,-0.2859,-0.6003,1.3960,0.8799,0.3260,1,0.0003
1528,-0.2858,-0.5990,0.9367,0.4698,0.4594,1,0.0000
1529,-0.2861,-0.6003,1.2650,0.7573,0.3284,1,0.0003
1530,-0.2860,-0.5990,0.8033,0.3730,0.4617,1,0.0000
1531,-0.2852,-0.6000,1.1334,0.6370,0.3301,1,0.0000
1532,-0.2856,-0.5990,0.6699,0.3047,0.4635,1,0.0000
1533,-0.2836,-0.5998,1.0018,0.5218,0.3319,1,0.0000
1534,-0.2848,-0.5990,0.5365,0.2862,0.4653,1,0.0000
1535,-0.2819,-0.5998,0.8704,0.4164,0.3339,1,0.0000
1536,-0.2838,-0.5990,0.4031,0.3261,0.4672,1,0.0000
1537,-0.2801,-0.5998,0.7390,0.3304,0.3359,1,0.0000
1538,-0.2826,-0.5990,0.2697,0.4078,0.4693,1,0.0000
1539,-0.2783,-0.5998,0.6077,0.2817,0.3380,1,0.0000
1540,-0.2812,-0.5990,0.1363,0.5117,0.4714,1,0.0000
1541,-0.2764,-0.5999,0.4764,0.2899,0.3401,1,0.0000
1542,-0.2799,-0.5990,0.0029,0.6269,0.4735,1,0.0000
1543,-0.2746,-0.6000,0.3452,0.3510,0.3423,1,0.0000
1544,-0.2785,-0.5990,-0.1305,0.7481,0.4757,1,0.0000
1545,-0.2728,-0.6001,0.2139,0.4437,0.3445,1,0.0001
1546,-0.2771,-0.5990,-0.2639,0.8729,0.4778,1,0.0000
1547,-0.2711,-0.6002,0.0827,0.5522,0.3466,1,0.0002
1548,-0.2758,-0.5990,-0.3973,0.9999,0.4800,1,0.0000
1549,-0.2693,-0.6003,-0.0485,0.6690,0.3488,1,0.0003
1550,-0.2744,-0.5990,-0.5307,1.1284,0.4822,1,0.0000
1551,-0.2675,-0.6004,-0.1798,0.7903,0.3510,1,0.0004
1552,-0.2730,-0.5990,-0.6641,1.2579,0.4843,1,0.0000
1553,-0.2658,-0.6005,-0.3110,0.9144,0.3531,1,0.0005
1554,-0.2716,-0.5990,-0.7975,1.3882,0.4865,1,0.0000
1555,-0.2641,-0.6005,-0.4423,1.0402,0.3553,1,0.0005
1556,-0.2702,-0.5990,-0.9309,1.5190,0.4886,1,0.0000
1557,-0.2623,-0.6005,-0.5736,1.1673,0.3574,1,0.0005
1558,-0.2689,-0.5990,-1.0643,1.6502,0.4908,1,0.0000
1559,-0.2606,-0.6006,-0.7048,1.2952,0.3596,1,0.0006
1560,-0.2675,-0.5990,-1.1977,1.7817,0.4929,1,0.0000
1561,-0.2589,-0.6006,-0.8361,1.4237,0.3617,1,0.0006
1562,-0.2661,-0.5990,-1.3311,1.9135,0.4951,1,0.0000
1563,-0.2571,-0.6005,-0.9674,1.5527,0.3638,1,0.0005
1564,-0.2647,-0.5990,-1.4645,2.0456,0.4972,1,0.0000
1565,-0.2554,-0.6005,-1.0987,1.6820,0.3660,1,0.0005
1566,-0.2634,-0.5990,-1.5979,2.1777,0.4993,1,0.0000
1567,-0.2536,-0.6005,-1.2300,1.8117,0.3681,1,0.0005
1568,-0.2620,-0.5990,-1.7313,2.3101,0.5014,1,0.0000
1569,-0.2519,-0.6005,-1.3613,1.9415,0.3702,1,0.0005
1570,-0.2606,-0.5990,-1.8647,2.4425,0.5035,1,0.0000
1571,-0.2501,-0.6005,-1.4926,2.0716,0.3723,1,0.0005
1572,-0.2592,-0.5990,-1.9981,2.5751,0.5056,1,0.0000
1573,-0.2483,-0.6005,-1.6239,2.2018,0.3744,1,0.0005
1574,-0.2578,-0.5990,-2.1315,2.7077,0.5077,1,0.0000
1575,-0.2465,-0.6004,-1.7553,2.3322,0.3765,1,0.0004
1576,-0.2564,-0.5990,-2.2650,2.8404,0.5098,1,0.0000
1577,-0.2446,-0.6004,-1.8866,2.4626,0.3785,1,0.0004
1578,-0.2550,-0.5990,-2.3984,2.9732,0.5119,1,0.0000
1579,-0.2428,-0.6004,-2.0180,2.5932,0.3806,1,0.0004
1580,-0.2536,-0.5990,-2.5318,3.1060,0.5139,1,0.0000
1581,-0.2413,-0.6004,-2.0160,2.5911,0.5159,1,0.0004
1582,-0.2521,-0.5990,-2.3985,2.9731,0.3827,1,0.0000
1583,-0.2402,-0.6004,-1.8807,2.4563,0.5180,1,0.0004
1584,-0.2507,-0.5990,-2.2653,2.8402,0.3847,1,0.0000
1585,-0.2390,-0.6004,-1.7454,2.3216,0.5200,1,0.0004
1586,-0.2492,-0.5990,-2.1320,2.7073,0.3867,1,0.0000
1587,-0.2378,-0.6004,-1.6102,2.1870,0.5220,1,0.0004
1588,-0.2477,-0.5990,-1.9988,2.5745,0.3887,1,0.0000
1589,-0.2366,-0.6004,-1.4749,2.0525,0.5240,1,0.0004
1590,-0.2461,-0.5990,-1.8655,2.4418,0.3907,1,0.0000
1591,-0.2489,-0.6013,-1.3396,1.9197,0.5259,1,0.0013
1592,-0.2464,-0.5990,-1.7322,2.3093,0.3926,1,0.0000
1593,-0.2602,-0.6019,-1.2044,1.7873,0.5280,1,0.0019
1594,-0.2483,-0.5990,-1.5990,2.1770,0.3948,1,0.0000
1595,-0.2676,-0.6021,-1.0693,1.6550,0.5300,1,0.0021
1596,-0.2512,-0.5990,-1.4658,2.0451,0.3968,1,0.0000
1597,-0.2729,-0.6021,-0.9344,1.5229,0.5319,1,0.0021
1598,-0.2547,-0.5990,-1.3326,1.9135,0.3987,1,0.0000
1599,-0.2769,-0.6020,-0.7995,1.3911,0.5336,1,0.0020
1600,-0.2586,-0.5990,-1.1995,1.7822,0.4004,1,0.0000
1601,-0.2804,-0.6018,-0.6646,1.2600,0.5353,1,0.0018
1602,-0.2626,-0.5989,-1.0663,1.6512,0.4021,1,0.0000
1603,-0.2835,-0.6015,-0.5298,1.1297,0.5370,1,0.0015
1604,-0.2621,-0.5989,-0.9332,1.5198,0.4040,1,0.0000
1605,-0.2819,-0.6013,-0.3950,0.9994,0.5386,1,0.0013
1606,-0.2589,-0.5994,-0.8000,1.3882,0.4057,1,0.0000
1607,-0.2764,-0.6010,-0.2602,0.8692,0.5401,1,0.0010
1608,-0.2551,-0.5989,-0.6669,1.2569,0.4072,1,0.0000
1609,-0.2723,-0.6008,-0.1255,0.7412,0.5416,1,0.0008
1610,-0.2536,-0.5989,-0.5337,1.1265,0.4086,1,0.0000
1611,-0.2695,-0.6005,0.0092,0.6166,0.5432,1,0.0005
1612,-0.2534,-0.5988,-0.4006,0.9971,0.4101,1,0.0000
1613,-0.2680,-0.6004,0.1440,0.4981,0.5447,1,0.0004
1614,-0.2541,-0.5989,-0.2674,0.8692,0.4116,1,0.0000
1615,-0.2675,-0.6002,0.2787,0.3909,0.5463,1,0.0002
1616,-0.2555,-0.5989,-0.1342,0.7434,0.4132,1,0.0000
1617,-0.2676,-0.6001,0.4135,0.3069,0.5479,1,0.0001
1618,-0.2573,-0.5989,-0.0011,0.6207,0.4147,1,0.0000
1619,-0.2682,-0.6001,0.5482,0.2686,0.5494,1,0.0001
1620,-0.2592,-0.5989,0.1321,0.5036,0.4162,1,0.0000
1621,-0.2690,-0.6001,0.6830,0.2942,0.5510,1,0.0001
1622,-0.2612,-0.5989,0.2653,0.3967,0.4178,1,0.0000
1623,-0.2697,-0.6001,0.8177,0.3704,0.5525,1,0.0001
1624,-0.2629,-0.5989,0.3985,0.3106,0.4193,1,0.0000
1625,-0.2703,-0.6001,0.9524,0.4733,0.5540,1,0.0001
1626,-0.2643,-0.5989,0.5317,0.2663,0.4208,1,0.0000
1627,-0.2721,-0.6004,1.0860,0.5888,0.5544,1,0.0004
1628,-0.2633,-0.5989,0.6648,0.2820,0.4213,1,0.0000
1629,-0.2746,-0.6009,1.2168,0.7084,0.5521,1,0.0009
1630,-0.2578,-0.5994,0.7978,0.3481,0.4194,1,0.0000
1631,-0.2665,-0.6010,1.3481,0.8283,0.5503,1,0.0010
1632,-0.2473,-0.5994,0.9306,0.4424,0.4179,1,0.0000
1633,-0.2527,-0.6008,1.4796,0.9500,0.5490,1,0.0008
1634,-0.2350,-0.5993,1.0634,0.5521,0.4165,1,0.0000
1635,-0.2365,-0.6004,1.6114,1.0739,0.5480,1,0.0004
1636,-0.2225,-0.5991,1.1963,0.6704,0.4154,1,0.0000
1637,-0.2214,-0.5998,1.7436,1.2003,0.5473,1,0.0000
1638,-0.2222,-0.5989,1.3325,0.8001,0.4111,1,0.0000
1639,-0.2187,-0.5991,1.8794,1.3336,0.5469,1,0.0000
1640,-0.2350,-0.5982,1.4654,0.9317,0.4143,1,0.0000
1641,-0.2275,-0.5984,2.0124,1.4663,0.5471,1,0.0000
1642,-0.2478,-0.5981,1.5983,1.0638,0.4146,1,0.0000
1643,-0.2364,-0.5976,2.1455,1.5993,0.5473,1,0.0000
1644,-0.2605,-0.5980,1.7313,1.1962,0.4149,1,0.0000
1645,-0.2453,-0.5967,2.2788,1.7324,0.5476,1,0.0000
1646,-0.2732,-0.5980,1.8644,1.3289,0.4153,1,0.0000
1647,-0.2543,-0.5959,2.4121,1.8656,0.5480,1,0.0000
1648,-0.2858,-0.5980,1.9975,1.4619,0.4157,1,0.0000
1649,-0.2633,-0.5952,2.5454,1.9990,0.5484,1,0.0000
1650,-0.2982,-0.5980,1.9973,1.4642,0.5492,1,0.0000
1651,-0.2794,-0.5954,2.4123,1.8694,0.4154,1,0.0000
1652,-0.3107,-0.5980,1.8638,1.3366,0.5494,1,0.0000
1653,-0.2953,-0.5956,2.2791,1.7405,0.4156,1,0.0000
1654,-0.3230,-0.5981,1.7302,1.2103,0.5496,1,0.0000
1655,-0.3112,-0.5960,2.1459,1.6123,0.4158,1,0.0000
1656,-0.3353,-0.5982,1.5966,1.0858,0.5498,1,0.0000
1657,-0.3270,-0.5965,2.0126,1.4852,0.4161,1,0.0000
1658,-0.3476,-0.5982,1.4629,0.9640,0.5500,1,0.0000
1659,-0.3148,-0.5951,1.9203,1.3925,0.4586,1,0.0000
1660,-0.3009,-0.5961,1.4137,0.9016,0.5068,1,0.0000
1661,-0.2633,-0.5952,1.8620,1.3246,0.4499,1,0.0000
1662,-0.2457,-0.5983,1.3412,0.8153,0.5211,1,0.0000
1663,-0.2159,-0.5964,1.7693,1.2247,0.4292,1,0.0000
1664,-0.2081,-0.5970,1.2306,0.6985,0.5388,1,0.0000
1665,-0.2094,-0.5987,1.6432,1.0995,0.4126,1,0.0000
1666,-0.2127,-0.5990,1.0968,0.5739,0.5464,1,0.0000
1667,-0.2167,-0.5991,1.5095,0.9702,0.4127,1,0.0000
1668,-0.2145,-0.5990,0.9630,0.4532,0.5465,1,0.0000
1669,-0.2219,-0.5995,1.3756,0.8416,0.4127,1,0.0000
1670,-0.2154,-0.5990,0.8291,0.3417,0.5465,1,0.0000
1671,-0.2263,-0.5998,1.2416,0.7146,0.4126,1,0.0000
1672,-0.2156,-0.5990,0.6952,0.2524,0.5465,1,0.0000
1673,-0.2301,-0.6001,1.1075,0.5904,0.4126,1,0.0001
1674,-0.2150,-0.5990,0.5612,0.2150,0.5465,1,0.0000
1675,-0.2333,-0.6003,0.9732,0.4712,0.4124,1,0.0003
1676,-0.2138,-0.5990,0.4271,0.2537,0.5464,1,0.0000
1677,-0.2360,-0.6005,0.8388,0.3623,0.4122,1,0.0005
1678,-0.2121,-0.5990,0.2930,0.3440,0.5463,1,0.0000
1679,-0.2338,-0.6003,0.7058,0.2735,0.4133,1,0.0003
1680,-0.2127,-0.5990,0.1590,0.4573,0.5472,1,0.0000
1681,-0.2341,-0.6001,0.5732,0.2343,0.4147,1,0.0001
1682,-0.2153,-0.5985,0.0252,0.5801,0.5484,1,0.0000
1683,-0.2381,-0.5999,0.4406,0.2681,0.4161,1,0.0000
1684,-0.2209,-0.5985,-0.1086,0.7078,0.5495,1,0.0000
1685,-0.2444,-0.5999,0.3081,0.3537,0.4174,1,0.0000
1686,-0.2271,-0.5986,-0.2423,0.8376,0.5507,1,0.0000
1687,-0.2517,-0.5999,0.1756,0.4627,0.4186,1,0.0000
1688,-0.2335,-0.5987,-0.3761,0.9685,0.5519,1,0.0000
1689,-0.2593,-0.6000,0.0431,0.5817,0.4199,1,0.0000
1690,-0.2395,-0.5987,-0.5098,1.1000,0.5532,1,0.0000
1691,-0.2666,-0.6001,-0.0894,0.7056,0.4212,1,0.0001
1692,-0.2449,-0.5988,-0.6435,1.2319,0.5545,1,0.0000
1693,-0.2733,-0.6002,-0.2219,0.8320,0.4225,1,0.0002
1694,-0.2495,-0.5988,-0.7772,1.3641,0.5558,1,0.0000
1695,-0.2792,-0.6003,-0.3544,0.9598,0.4239,1,0.0003
1696,-0.2532,-0.5988,-0.9109,1.4963,0.5571,1,0.0000
1697,-0.2842,-0.6005,-0.4869,1.0885,0.4252,1,0.0005
1698,-0.2559,-0.5989,-1.0446,1.6287,0.5585,1,0.0000
1699,-0.2882,-0.6006,-0.6194,1.2178,0.4265,1,0.0006
1700,-0.2577,-0.5989,-1.1784,1.7612,0.5598,1,0.0000
1701,-0.2912,-0.6007,-0.7518,1.3475,0.4278,1,0.0007
1702,-0.2645,-0.5989,-1.3121,1.8945,0.5609,1,0.0000
1703,-0.2992,-0.6009,-0.8842,1.4786,0.4293,1,0.0009
1704,-0.2712,-0.5989,-1.4458,2.0278,0.5623,1,0.0000
1705,-0.3070,-0.6010,-1.0166,1.6100,0.4307,1,0.0010
1706,-0.2777,-0.5989,-1.5795,2.1613,0.5637,1,0.0000
1707,-0.3147,-0.6011,-1.1490,1.7415,0.4321,1,0.0011
1708,-0.2842,-0.5989,-1.7132,2.2947,0.5651,1,0.0000
1709,-0.3222,-0.6012,-1.2813,1.8731,0.4335,1,0.0012
1710,-0.2906,-0.5989,-1.8469,2.4282,0.5665,1,0.0000
1711,-0.3296,-0.6013,-1.4137,2.0048,0.4350,1,0.0013
1712,-0.2969,-0.5989,-1.9806,2.5617,0.5679,1,0.0000
1713,-0.3369,-0.6013,-1.5461,2.1366,0.4364,1,0.0013
1714,-0.3031,-0.5989,-2.1144,2.6953,0.5693,1,0.0000
1715,-0.3451,-0.6128,-1.6859,2.2761,0.4307,1,0.0128
1716,-0.3096,-0.5989,-2.2481,2.8289,0.5635,1,0.0000
1717,-0.3540,-0.6276,-1.8328,2.4228,0.4187,1,0.0276
1718,-0.3164,-0.5990,-2.3819,2.9627,0.5512,1,0.0000
1719,-0.3599,-0.6281,-1.9673,2.5568,0.4179,1,0.0281
1720,-0.3226,-0.5989,-2.5155,3.0962,0.5502,1,0.0000
1721,-0.3641,-0.6308,-1.9673,2.5574,0.5507,1,0.0308
1722,-0.3285,-0.5989,-2.3824,2.9645,0.4178,1,0.0000
1723,-0.3672,-0.6313,-1.8337,2.4257,0.5509,1,0.0313
1724,-0.3342,-0.5988,-2.2491,2.8327,0.4180,1,0.0000
1725,-0.3707,-0.6302,-1.7000,2.2941,0.5513,1,0.0302
1726,-0.3397,-0.5986,-2.1158,2.7011,0.4182,1,0.0000
1727,-0.3742,-0.6276,-1.5660,2.1627,0.5516,1,0.0276
1728,-0.3451,-0.5984,-1.9824,2.5695,0.4184,1,0.0000
1729,-0.3779,-0.6233,-1.4320,2.0314,0.5520,1,0.0233
1730,-0.3504,-0.5981,-1.8490,2.4381,0.4187,1,0.0000
1731,-0.3815,-0.6175,-1.2979,1.9005,0.5523,1,0.0175
1732,-0.3555,-0.5978,-1.7155,2.3069,0.4189,1,0.0000
1733,-0.3851,-0.6105,-1.1639,1.7702,0.5525,1,0.0105
1734,-0.3606,-0.5982,-1.5820,2.1760,0.4190,1,0.0000
1735,-0.3887,-0.6031,-1.0300,1.6405,0.5528,1,0.0031
1736,-0.3656,-0.5979,-1.4486,2.0454,0.4193,1,0.0000
1737,-0.3927,-0.5937,-0.8983,1.5139,0.5510,1,0.0000
1738,-0.3522,-0.5966,-1.3311,1.9274,0.4347,1,0.0000
1739,-0.3470,-0.5802,-0.8059,1.4131,0.5255,1,0.0000
1740,-0.3001,-0.5879,-1.2350,1.8237,0.4317,1,0.0000
1741,-0.3141,-0.5818,-0.6888,1.2915,0.5464,1,0.0000
1742,-0.2780,-0.5865,-1.1083,1.6952,0.4211,1,0.0000
1743,-0.2869,-0.5726,-0.5643,1.1643,0.5443,1,0.0000
1744,-0.2493,-0.5852,-0.9829,1.5668,0.4205,1,0.0000
1745,-0.2702,-0.5838,-0.4346,1.0345,0.5487,1,0.0000
1746,-0.2506,-0.5954,-0.8483,1.4343,0.4144,1,0.0000
1747,-0.2704,-0.5887,-0.3013,0.9065,0.5474,1,0.0000
1748,-0.2475,-0.5962,-0.7150,1.3026,0.4144,1,0.0000
1749,-0.2660,-0.5941,-0.1679,0.7786,0.5474,1,0.0000
1750,-0.2439,-0.5964,-0.5816,1.1712,0.4143,1,0.0000
1751,-0.2612,-0.5986,-0.0345,0.6529,0.5474,1,0.0000
1752,-0.2405,-0.5966,-0.4482,1.0402,0.4142,1,0.0000
1753,-0.2566,-0.6018,0.0988,0.5311,0.5473,1,0.0018
1754,-0.2372,-0.5963,-0.3148,0.9101,0.4141,1,0.0000
1755,-0.2522,-0.6041,0.2322,0.4167,0.5473,1,0.0041
1756,-0.2341,-0.5965,-0.1813,0.7811,0.4140,1,0.0000
1757,-0.2481,-0.6057,0.3657,0.3176,0.5472,1,0.0057
1758,-0.2313,-0.5961,-0.0480,0.6541,0.4141,1,0.0000
1759,-0.2442,-0.6062,0.4990,0.2527,0.5473,1,0.0062
1760,-0.2286,-0.5965,0.0854,0.5302,0.4140,1,0.0000
1761,-0.2404,-0.6056,0.6324,0.2501,0.5472,1,0.0056
1762,-0.2261,-0.5967,0.2188,0.4125,0.4139,1,0.0000
1763,-0.2310,-0.6025,0.7648,0.3062,0.5460,1,0.0025
1764,-0.2289,-0.5959,0.3521,0.3118,0.4127,1,0.0000
1765,-0.2293,-0.5982,0.8974,0.4048,0.5452,1,0.0000
1766,-0.2298,-0.5967,0.4858,0.2427,0.4116,1,0.0000
1767,-0.2294,-0.5947,1.0300,0.5196,0.5442,1,0.0000
1768,-0.2300,-0.5967,0.6194,0.2366,0.4106,1,0.0000
1769,-0.2292,-0.5936,1.1630,0.6416,0.5436,1,0.0000
1770,-0.2296,-0.5977,0.7532,0.2976,0.4098,1,0.0000
1771,-0.2292,-0.5953,1.2960,0.7672,0.5428,1,0.0000
1772,-0.2291,-0.5976,0.8870,0.3961,0.4090,1,0.0000
1773,-0.2291,-0.5964,1.4289,0.8949,0.5419,1,0.0000
1774,-0.2286,-0.5979,1.0210,0.5111,0.4080,1,0.0000
1775,-0.2289,-0.6002,1.5621,1.0242,0.5411,1,0.0002
1776,-0.2282,-0.5979,1.1550,0.6337,0.4071,1,0.0000
1777,-0.2287,-0.6060,1.6954,1.1545,0.5405,1,0.0060
1778,-0.2279,-0.5984,1.2890,0.7602,0.4065,1,0.0000
1779,-0.2285,-0.6136,1.8289,1.2856,0.5400,1,0.0136
1780,-0.2275,-0.5989,1.4231,0.8889,0.4060,1,0.0000
1781,-0.2283,-0.6230,1.9634,1.4183,0.5408,1,0.0230
1782,-0.2266,-0.5990,1.5572,1.0189,0.4070,1,0.0000
1783,-0.2280,-0.6336,2.0983,1.5517,0.5423,1,0.0336
1784,-0.2252,-0.5998,1.6911,1.1496,0.4086,1,0.0000
1785,-0.2273,-0.6432,2.2332,1.6854,0.5438,1,0.0432
1786,-0.2236,-0.5992,1.8250,1.2808,0.4106,1,0.0000
1787,-0.2262,-0.6451,2.3684,1.8193,0.5454,1,0.0451
1788,-0.2218,-0.5990,1.9585,1.4122,0.4125,1,0.0000
1789,-0.2250,-0.6409,2.5038,1.9534,0.5469,1,0.0409
1790,-0.2199,-0.5996,1.9585,1.4119,0.5469,1,0.0000
1791,-0.2230,-0.6339,2.3719,1.8221,0.4148,1,0.0339
1792,-0.2179,-0.5997,1.8250,1.2799,0.5480,1,0.0000
1793,-0.2221,-0.6268,2.2390,1.6901,0.4149,1,0.0268
1794,-0.2159,-0.5987,1.6914,1.1481,0.5483,1,0.0000
1795,-0.2214,-0.6198,2.1060,1.5581,0.4151,1,0.0198
1796,-0.2138,-0.5992,1.5577,1.0165,0.5487,1,0.0000
1797,-0.2205,-0.6128,1.9730,1.4263,0.4156,1,0.0128
1798,-0.2115,-0.5983,1.4238,0.8856,0.5494,1,0.0000
1799,-0.2174,-0.6072,1.8403,1.2949,0.4166,1,0.0072
1800,-0.2096,-0.5986,1.2898,0.7556,0.5506,1,0.0000
1801,-0.2143,-0.6044,1.7075,1.1636,0.4178,1,0.0044
1802,-0.2079,-0.5975,1.1558,0.6274,0.5518,1,0.0000
1803,-0.2117,-0.6035,1.5754,1.0334,0.4196,1,0.0035
1804,-0.2063,-0.5976,1.0217,0.5022,0.5537,1,0.0000
1805,-0.2094,-0.6048,1.4433,0.9041,0.4217,1,0.0048
1806,-0.2047,-0.5973,0.8877,0.3831,0.5557,1,0.0000
1807,-0.2069,-0.6084,1.3115,0.7758,0.4240,1,0.0084
1808,-0.2030,-0.5974,0.7539,0.2781,0.5578,1,0.0000
1809,-0.2039,-0.6155,1.1801,0.6494,0.4267,1,0.0155
1810,-0.2014,-0.5969,0.6200,0.2091,0.5604,1,0.0000
1811,-0.2012,-0.6217,1.0487,0.5255,0.4294,1,0.0217
1812,-0.1998,-0.5959,0.4863,0.2144,0.5630,1,0.0000
1813,-0.1985,-0.6210,0.9181,0.4066,0.4325,1,0.0210
1814,-0.1983,-0.5953,0.3526,0.2898,0.5660,1,0.0000
1815,-0.1960,-0.6176,0.7877,0.2981,0.4356,1,0.0176
1816,-0.1968,-0.5953,0.2189,0.3971,0.5691,1,0.0000
1817,-0.1938,-0.6130,0.6575,0.2157,0.4389,1,0.0130
1818,-0.1953,-0.5952,0.0855,0.5167,0.5723,1,0.0000
1819,-0.1917,-0.6076,0.5275,0.1953,0.4422,1,0.0076
1820,-0.1938,-0.5951,-0.0479,0.6417,0.5755,1,0.0000
1821,-0.1896,-0.6028,0.3977,0.2522,0.4456,1,0.0028
1822,-0.1922,-0.5962,-0.1812,0.7695,0.5790,1,0.0000
1823,-0.1877,-0.5991,0.2678,0.3505,0.4491,1,0.0000
1824,-0.1906,-0.5955,-0.3143,0.8986,0.5822,1,0.0000
1825,-0.1857,-0.5969,0.1380,0.4646,0.4523,1,0.0000
1826,-0.1890,-0.5955,-0.4478,1.0291,0.5858,1,0.0000
1827,-0.1839,-0.5952,0.0079,0.5856,0.4556,1,0.0000
1828,-0.1875,-0.5958,-0.5813,1.1604,0.5891,1,0.0000
1829,-0.1820,-0.5934,-0.1222,0.7098,0.4591,1,0.0000
1830,-0.1859,-0.5962,-0.7145,1.2918,0.5923,1,0.0000
1831,-0.1806,-0.6032,-0.2623,0.8457,0.4523,1,0.0032
1832,-0.1836,-0.5970,-0.8480,1.4237,0.5857,1,0.0000
1833,-0.1785,-0.6139,-0.4044,0.9847,0.4440,1,0.0139
1834,-0.1810,-0.5967,-0.9814,1.5558,0.5772,1,0.0000
1835,-0.1771,-0.6208,-0.5396,1.1178,0.4424,1,0.0208
1836,-0.1796,-0.5972,-1.1150,1.6885,0.5759,1,0.0000
1837,-0.1748,-0.6218,-0.6708,1.2471,0.4450,1,0.0218
1838,-0.1782,-0.5985,-1.2489,1.8214,0.5786,1,0.0000
1839,-0.1727,-0.6211,-0.8020,1.3769,0.4475,1,0.0211
1840,-0.1768,-0.5979,-1.3828,1.9547,0.5813,1,0.0000
1841,-0.1707,-0.6188,-0.9334,1.5070,0.4500,1,0.0188
1842,-0.1754,-0.5982,-1.5168,2.0880,0.5838,1,0.0000
1843,-0.1688,-0.6165,-1.0647,1.6374,0.4525,1,0.0165
1844,-0.1741,-0.5985,-1.6507,2.2214,0.5863,1,0.0000
1845,-0.1670,-0.6134,-1.1962,1.7680,0.4549,1,0.0134
1846,-0.1727,-0.5987,-1.7846,2.3548,0.5887,1,0.0000
1847,-0.1652,-0.6093,-1.3276,1.8986,0.4573,1,0.0093
1848,-0.1714,-0.5988,-1.9184,2.4882,0.5910,1,0.0000
1849,-0.1634,-0.6046,-1.4590,2.0294,0.4595,1,0.0046
1850,-0.1701,-0.5990,-2.0520,2.6214,0.5931,1,0.0000
1851,-0.1617,-0.5992,-1.5904,2.1603,0.4618,1,0.0000
1852,-0.1688,-0.5990,-2.1854,2.7544,0.5951,1,0.0000
1853,-0.1601,-0.5936,-1.7218,2.2912,0.4638,1,0.0000
1854,-0.1675,-0.5990,-2.3185,2.8872,0.5968,1,0.0000
1855,-0.1584,-0.5887,-1.8532,2.4223,0.4655,1,0.0000
1856,-0.1662,-0.5990,-2.4515,3.0200,0.5984,1,0.0000
1857,-0.1567,-0.5859,-1.9844,2.5531,0.4674,1,0.0000
1858,-0.1648,-0.5990,-2.5845,3.1527,0.6004,1,0.0000
1859,-0.1554,-0.5854,-1.9821,2.5507,0.6026,1,0.0000
1860,-0.1634,-0.5989,-2.4510,3.0193,0.4691,1,0.0000
1861,-0.1543,-0.5878,-1.8466,2.4154,0.6045,1,0.0000
1862,-0.1620,-0.5990,-2.3175,2.8858,0.4710,1,0.0000
1863,-0.1532,-0.5919,-1.7113,2.2803,0.6063,1,0.0000
1864,-0.1606,-0.5990,-2.1840,2.7525,0.4728,1,0.0000
1865,-0.1520,-0.5966,-1.5760,2.1452,0.6080,1,0.0000
1866,-0.1591,-0.5990,-2.0505,2.6192,0.4745,1,0.0000
1867,-0.1633,-0.6015,-1.4410,2.0114,0.6096,1,0.0015
1868,-0.1596,-0.5990,-1.9170,2.4860,0.4761,1,0.0000
1869,-0.1739,-0.6053,-1.3060,1.8779,0.6112,1,0.0053
1870,-0.1619,-0.5990,-1.7837,2.3531,0.4779,1,0.0000
1871,-0.1810,-0.6076,-1.1712,1.7445,0.6129,1,0.0076
1872,-0.1653,-0.5990,-1.6504,2.2204,0.4796,1,0.0000
1873,-0.1862,-0.6086,-1.0365,1.6111,0.6144,1,0.0086
1874,-0.1693,-0.5990,-1.5172,2.0879,0.4812,1,0.0000
1875,-0.1904,-0.6085,-0.9018,1.4780,0.6159,1,0.0085
1876,-0.1736,-0.5990,-1.3841,1.9556,0.4827,1,0.0000
1877,-0.1943,-0.6076,-0.7672,1.3451,0.6173,1,0.0076
1878,-0.1782,-0.5989,-1.2510,1.8235,0.4841,1,0.0000
1879,-0.1979,-0.6062,-0.6326,1.2127,0.6187,1,0.0062
1880,-0.1828,-0.5989,-1.1178,1.6916,0.4855,1,0.0000
1881,-0.2014,-0.6045,-0.4980,1.0808,0.6201,1,0.0045
1882,-0.1875,-0.5989,-0.9847,1.5599,0.4869,1,0.0000
1883,-0.2050,-0.6028,-0.3635,0.9497,0.6215,1,0.0028
1884,-0.1923,-0.5988,-0.8516,1.4284,0.4883,1,0.0000
1885,-0.2086,-0.6013,-0.2289,0.8198,0.6229,1,0.0013
1886,-0.1972,-0.5988,-0.7184,1.2974,0.4896,1,0.0000
1887,-0.2123,-0.6001,-0.0944,0.6916,0.6242,1,0.0001
1888,-0.2021,-0.5988,-0.5853,1.1668,0.4910,1,0.0000
1889,-0.2160,-0.5992,0.0401,0.5665,0.6256,1,0.0000
1890,-0.2071,-0.5988,-0.4521,1.0369,0.4924,1,0.0000
1891,-0.2199,-0.5986,0.1747,0.4470,0.6269,1,0.0000
1892,-0.2122,-0.5988,-0.3190,0.9079,0.4937,1,0.0000
1893,-0.2239,-0.5984,0.3092,0.3390,0.6283,1,0.0000
1894,-0.2173,-0.5988,-0.1858,0.7805,0.4950,1,0.0000
1895,-0.2280,-0.5984,0.4437,0.2577,0.6296,1,0.0000
1896,-0.2227,-0.5988,-0.0526,0.6554,0.4963,1,0.0000
1897,-0.2322,-0.5987,0.5782,0.2326,0.6309,1,0.0000
1898,-0.2281,-0.5989,0.0806,0.5344,0.4976,1,0.0000
1899,-0.2406,-0.5994,0.7117,0.2824,0.6312,1,0.0000
1900,-0.2355,-0.5988,0.2137,0.4220,0.4980,1,0.0000
1901,-0.2491,-0.6001,0.8450,0.3757,0.6314,1,0.0001
1902,-0.2446,-0.5988,0.3468,0.3270,0.4983,1,0.0000
1903,-0.2570,-0.6005,0.9784,0.4878,0.6318,1,0.0005
1904,-0.2428,-0.5993,0.4798,0.2570,0.4988,1,0.0000
1905,-0.2513,-0.6008,1.1116,0.6027,0.6319,1,0.0008
1906,-0.2366,-0.5993,0.6128,0.2416,0.4990,1,0.0000
1907,-0.2417,-0.6008,1.2448,0.7226,0.6320,1,0.0008
1908,-0.2299,-0.5992,0.7458,0.2932,0.4991,1,0.0000
1909,-0.2319,-0.6006,1.3779,0.8465,0.6321,1,0.0006
1910,-0.2236,-0.5991,0.8789,0.3863,0.4991,1,0.0000
1911,-0.2225,-0.6003,1.5111,0.9730,0.6322,1,0.0003
1912,-0.2179,-0.5991,1.0120,0.4983,0.4991,1,0.0000
1913,-0.2139,-0.6000,1.6442,1.1014,0.6323,1,0.0000
1914,-0.2131,-0.5990,1.1451,0.6191,0.4991,1,0.0000
1915,-0.2061,-0.5995,1.7774,1.2309,0.6324,1,0.0000
1916,-0.2112,-0.5989,1.2796,0.7463,0.4978,1,0.0000
1917,-0.2031,-0.5990,1.9121,1.3634,0.6325,1,0.0000
1918,-0.2230,-0.5983,1.4128,0.8777,0.4997,1,0.0000
1919,-0.2118,-0.5985,2.0456,1.4968,0.6329,1,0.0000
1920,-0.2349,-0.5983,1.5460,1.0099,0.5001,1,0.0000
1921,-0.2206,-0.5980,2.1790,1.6302,0.6332,1,0.0000
1922,-0.2471,-0.5983,1.6792,1.1424,0.5005,1,0.0000
1923,-0.2295,-0.5976,2.3125,1.7636,0.6335,1,0.0000
1924,-0.2594,-0.5983,1.8125,1.2753,0.5009,1,0.0000
1925,-0.2385,-0.5971,2.4459,1.8971,0.6338,1,0.0000
1926,-0.2720,-0.5982,1.9458,1.4084,0.5012,1,0.0000
1927,-0.2476,-0.5967,2.5793,2.0306,0.6340,1,0.0000
1928,-0.2849,-0.5982,1.9458,1.4110,0.6346,1,0.0000
1929,-0.2622,-0.5968,2.4446,1.8990,0.4994,1,0.0000
1930,-0.2992,-0.5982,1.8123,1.2839,0.6334,1,0.0000
1931,-0.2789,-0.5969,2.3100,1.7683,0.4980,1,0.0000
1932,-0.3146,-0.5981,1.6789,1.1586,0.6321,1,0.0000
1933,-0.2973,-0.5970,2.1756,1.6390,0.4970,1,0.0000
1934,-0.3308,-0.5980,1.5453,1.0357,0.6312,1,0.0000
1935,-0.3168,-0.5972,2.0413,1.5111,0.4962,1,0.0000
1936,-0.3248,-0.5960,1.4520,0.9456,0.5894,1,0.0000
1937,-0.2809,-0.5943,1.9914,1.4550,0.5412,1,0.0000
1938,-0.2754,-0.5949,1.4112,0.8910,0.5802,1,0.0000
1939,-0.2304,-0.5937,1.9363,1.3917,0.5270,1,0.0000
1940,-0.2178,-0.5978,1.3464,0.8123,0.5901,1,0.0000
1941,-0.1797,-0.5939,1.8516,1.3002,0.5066,1,0.0000
1942,-0.1719,-0.5986,1.2436,0.7012,0.6080,1,0.0000
1943,-0.1626,-0.5964,1.7305,1.1779,0.4869,1,0.0000
1944,-0.1693,-0.5983,1.1102,0.5720,0.6203,1,0.0000
1945,-0.1654,-0.5970,1.5956,1.0450,0.4854,1,0.0000
1946,-0.1679,-0.5983,0.9764,0.4454,0.6192,1,0.0000
1947,-0.1681,-0.5973,1.4607,0.9125,0.4843,1,0.0000
1948,-0.1671,-0.5983,0.8425,0.3249,0.6182,1,0.0000
1949,-0.1715,-0.5977,1.3257,0.7810,0.4832,1,0.0000
1950,-0.1670,-0.5983,0.7086,0.2210,0.6172,1,0.0000
1951,-0.1757,-0.5981,1.1907,0.6511,0.4822,1,0.0000
1952,-0.1675,-0.5983,0.5746,0.1679,0.6162,1,0.0000
1953,-0.1806,-0.5986,1.0557,0.5239,0.4812,1,0.0000
1954,-0.1685,-0.5983,0.4405,0.2088,0.6152,1,0.0000
1955,-0.1858,-0.5990,0.9205,0.4022,0.4803,1,0.0000
1956,-0.1698,-0.5983,0.3064,0.3084,0.6143,1,0.0000
1957,-0.1914,-0.5995,0.7853,0.2928,0.4794,1,0.0000
1958,-0.1713,-0.5984,0.1722,0.4274,0.6134,1,0.0000
1959,-0.1972,-0.5999,0.6501,0.2152,0.4785,1,0.0000
1960,-0.1729,-0.5984,0.0380,0.5536,0.6126,1,0.0000
1961,-0.2030,-0.6004,0.5147,0.2089,0.4777,1,0.0004
1962,-0.1744,-0.5984,-0.0963,0.6828,0.6117,1,0.0000
1963,-0.2088,-0.6008,0.3793,0.2787,0.4769,1,0.0008
1964,-0.1759,-0.5985,-0.2307,0.8138,0.6109,1,0.0000
1965,-0.2145,-0.6012,0.2438,0.3853,0.4761,1,0.0012
1966,-0.1772,-0.5985,-0.3652,0.9458,0.6101,1,0.0000
1967,-0.2192,-0.6016,0.1085,0.5053,0.4756,1,0.0016
1968,-0.1787,-0.5985,-0.4996,1.0784,0.6095,1,0.0000
1969,-0.2215,-0.6016,-0.0258,0.6298,0.4758,1,0.0016
1970,-0.1815,-0.5985,-0.6340,1.2115,0.6096,1,0.0000
1971,-0.2261,-0.6017,-0.1600,0.7584,0.4761,1,0.0017
1972,-0.1852,-0.5986,-0.7684,1.3450,0.6097,1,0.0000
1973,-0.2320,-0.6019,-0.2943,0.8889,0.4764,1,0.0019
1974,-0.1893,-0.5987,-0.9027,1.4787,0.6099,1,0.0000
1975,-0.2386,-0.6020,-0.4285,1.0206,0.4768,1,0.0020
1976,-0.1936,-0.5987,-1.0370,1.6125,0.6102,1,0.0000
1977,-0.2454,-0.6022,-0.5627,1.1530,0.4771,1,0.0022
1978,-0.1978,-0.5988,-1.1714,1.7464,0.6105,1,0.0000
1979,-0.2521,-0.6023,-0.6969,1.2858,0.4775,1,0.0023
1980,-0.2082,-0.5983,-1.3061,1.8815,0.6107,1,0.0000
1981,-0.2661,-0.6024,-0.8314,1.4204,0.4783,1,0.0024
1982,-0.2212,-0.5983,-1.4404,2.0165,0.6107,1,0.0000
1983,-0.2817,-0.6026,-0.9654,1.5549,0.4789,1,0.0026
1984,-0.2341,-0.5983,-1.5748,2.1514,0.6113,1,0.0000
1985,-0.2971,-0.6027,-1.0994,1.6895,0.4796,1,0.0027
1986,-0.2467,-0.5984,-1.7092,2.2864,0.6119,1,0.0000
1987,-0.3125,-0.6029,-1.2334,1.8242,0.4804,1,0.0029
1988,-0.2593,-0.5984,-1.8436,2.4214,0.6126,1,0.0000
1989,-0.3277,-0.6030,-1.3674,1.9588,0.4811,1,0.0030
1990,-0.2718,-0.5984,-1.9780,2.5564,0.6132,1,0.0000
1991,-0.3428,-0.6032,-1.5014,2.0935,0.4819,1,0.0032
1992,-0.2842,-0.5984,-2.1125,2.6914,0.6139,1,0.0000
1993,-0.3579,-0.6034,-1.6354,2.2282,0.4828,1,0.0034
1994,-0.2965,-0.5984,-2.2470,2.8264,0.6146,1,0.0000
1995,-0.3731,-0.6036,-1.7695,2.3630,0.4836,1,0.0036
1996,-0.3088,-0.5984,-2.3815,2.9615,0.6154,1,0.0000
1997,-0.3882,-0.6039,-1.9036,2.4978,0.4845,1,0.0039
1998,-0.3210,-0.5984,-2.5160,3.0966,0.6161,1,0.0000
1999,-0.4004,-0.6040,-1.9044,2.5005,0.6167,1,0.0040
2000,-0.3332,-0.5984,-2.3839,2.9665,0.4842,1,0.0000
2001,-0.4096,-0.6038,-1.7720,2.3715,0.6167,1,0.0038
2002,-0.3454,-0.5984,-2.2517,2.8367,0.4841,1,0.0000
2003,-0.4190,-0.6037,-1.6395,2.2428,0.6167,1,0.0037
2004,-0.3577,-0.5984,-2.1195,2.7071,0.4840,1,0.0000
2005,-0.4285,-0.6036,-1.5070,2.1147,0.6167,1,0.0036
2006,-0.3700,-0.5984,-1.9873,2.5778,0.4839,1,0.0000
2007,-0.4382,-0.6035,-1.3745,1.9872,0.6166,1,0.0035
2008,-0.3823,-0.5984,-1.8551,2.4489,0.4839,1,0.0000
2009,-0.4481,-0.6034,-1.2420,1.8606,0.6166,1,0.0034
2010,-0.3948,-0.5984,-1.7228,2.3205,0.4838,1,0.0000
2011,-0.4582,-0.6033,-1.1095,1.7349,0.6166,1,0.0033
2012,-0.4074,-0.5983,-1.5906,2.1926,0.4838,1,0.0000
2013,-0.4686,-0.6033,-0.9770,1.6105,0.6166,1,0.0033
2014,-0.4121,-0.5983,-1.4810,2.0859,0.5071,1,0.0000
2015,-0.4508,-0.6018,-0.9259,1.5565,0.5564,1,0.0018
2016,-0.3775,-0.5966,-1.4664,2.0651,0.5455,1,0.0000
2017,-0.4118,-0.6015,-0.9070,1.5274,0.5606,1,0.0015
2018,-0.3319,-0.5961,-1.4396,2.0307,0.5386,1,0.0000
2019,-0.3424,-0.5992,-0.8719,1.4760,0.5679,1,0.0000
2020,-0.2764,-0.5962,-1.3847,1.9680,0.5171,1,0.0000
2021,-0.2699,-0.5979,-0.8001,1.3904,0.5846,1,0.0000
2022,-0.2325,-0.5974,-1.2857,1.8641,0.4870,1,0.0000
2023,-0.2301,-0.5983,-0.6807,1.2656,0.6050,1,0.0000
2024,-0.2189,-0.5986,-1.1580,1.7357,0.4775,1,0.0000
2025,-0.2295,-0.5988,-0.5461,1.1334,0.6120,1,0.0000
2026,-0.2226,-0.5988,-1.0247,1.6041,0.4787,1,0.0000
2027,-0.2303,-0.5987,-0.4114,1.0020,0.6134,1,0.0000
2028,-0.2256,-0.5989,-0.8914,1.4727,0.4801,1,0.0000
2029,-0.2317,-0.5989,-0.2765,0.8717,0.6150,1,0.0000
2030,-0.2282,-0.5990,-0.7582,1.3415,0.4816,1,0.0000
2031,-0.2333,-0.5991,-0.1416,0.7430,0.6166,1,0.0000
2032,-0.2306,-0.5990,-0.6249,1.2109,0.4832,1,0.0000
2033,-0.2351,-0.5995,-0.0067,0.6171,0.6182,1,0.0000
2034,-0.2327,-0.5990,-0.4916,1.0808,0.4849,1,0.0000
2035,-0.2368,-0.5998,0.1283,0.4958,0.6198,1,0.0000
2036,-0.2348,-0.5990,-0.3583,0.9516,0.4865,1,0.0000
2037,-0.2384,-0.6002,0.2632,0.3837,0.6215,1,0.0002
2038,-0.2368,-0.5990,-0.2250,0.8236,0.4882,1,0.0000
2039,-0.2401,-0.6005,0.3982,0.2917,0.6232,1,0.0005
2040,-0.2388,-0.5990,-0.0917,0.6977,0.4899,1,0.0000
2041,-0.2416,-0.6007,0.5331,0.2436,0.6249,1,0.0007
2042,-0.2407,-0.5990,0.0415,0.5751,0.4916,1,0.0000
2043,-0.2431,-0.6009,0.6681,0.2645,0.6265,1,0.0009
2044,-0.2426,-0.5990,0.1748,0.4585,0.4933,1,0.0000
2045,-0.2446,-0.6010,0.8030,0.3421,0.6282,1,0.0010
2046,-0.2445,-0.5990,0.3081,0.3538,0.4949,1,0.0000
2047,-0.2461,-0.6011,0.9380,0.4478,0.6299,1,0.0011
2048,-0.2463,-0.5990,0.4414,0.2751,0.4966,1,0.0000
2049,-0.2475,-0.6012,1.0729,0.5661,0.6316,1,0.0012
2050,-0.2481,-0.5990,0.5746,0.2484,0.4983,1,0.0000
2051,-0.2489,-0.6012,1.2079,0.6904,0.6332,1,0.0012
2052,-0.2499,-0.5990,0.7079,0.2885,0.5000,1,0.0000
2053,-0.2502,-0.6012,1.3428,0.8182,0.6349,1,0.0012
2054,-0.2517,-0.5990,0.8412,0.3745,0.5016,1,0.0000
2055,-0.2516,-0.6011,1.4778,0.9479,0.6366,1,0.0011
2056,-0.2534,-0.5990,0.9745,0.4825,0.5033,1,0.0000
2057,-0.2529,-0.6011,1.6127,1.0789,0.6383,1,0.0011
2058,-0.2551,-0.5990,1.1077,0.6007,0.5050,1,0.0000
2059,-0.2542,-0.6010,1.7476,1.2108,0.6399,1,0.0010
2060,-0.2568,-0.5990,1.2410,0.7242,0.5066,1,0.0000
2061,-0.2555,-0.6009,1.8826,1.3433,0.6416,1,0.0009
2062,-0.2585,-0.5990,1.3743,0.8507,0.5083,1,0.0000
2063,-0.2568,-0.6008,2.0175,1.4762,0.6432,1,0.0008
2064,-0.2601,-0.5990,1.5076,0.9789,0.5100,1,0.0000
2065,-0.2581,-0.6008,2.1524,1.6094,0.6449,1,0.0008
2066,-0.2618,-0.5990,1.6408,1.1084,0.5116,1,0.0000
2067,-0.2593,-0.6007,2.2873,1.7429,0.6465,1,0.0007
2068,-0.2635,-0.5990,1.7741,1.2386,0.5133,1,0.0000
2069,-0.2606,-0.6007,2.4223,1.8766,0.6482,1,0.0007
2070,-0.2651,-0.5990,1.9074,1.3695,0.5149,1,0.0000
2071,-0.2619,-0.6007,2.5572,2.0105,0.6498,1,0.0007
2072,-0.2668,-0.5990,1.9073,1.3697,0.6499,1,0.0000
2073,-0.2639,-0.6007,2.4254,1.8802,0.5181,1,0.0007
2074,-0.2685,-0.5990,1.7740,1.2396,0.6515,1,0.0000
2075,-0.2660,-0.6007,2.2937,1.7502,0.5197,1,0.0007
2076,-0.2703,-0.5990,1.6406,1.1101,0.6531,1,0.0000
2077,-0.2681,-0.6007,2.1619,1.6204,0.5214,1,0.0007
2078,-0.2720,-0.5990,1.5072,0.9818,0.6548,1,0.0000
2079,-0.2703,-0.6007,2.0301,1.4910,0.5230,1,0.0007
2080,-0.2738,-0.5990,1.3738,0.8550,0.6564,1,0.0000
2081,-0.2725,-0.6008,1.8984,1.3621,0.5246,1,0.0008
2082,-0.2757,-0.5990,1.2404,0.7306,0.6580,1,0.0000
2083,-0.2747,-0.6008,1.7666,1.2337,0.5262,1,0.0008
2084,-0.2776,-0.5990,1.1070,0.6100,0.6596,1,0.0000
2085,-0.2770,-0.6009,1.6348,1.1062,0.5278,1,0.0009
2086,-0.2795,-0.5990,0.9736,0.4961,0.6612,1,0.0000
2087,-0.2802,-0.6011,1.5030,0.9801,0.5294,1,0.0011
2088,-0.2825,-0.5990,0.8402,0.3952,0.6628,1,0.0000
2089,-0.2843,-0.6013,1.3712,0.8559,0.5309,1,0.0013
2090,-0.2817,-0.5990,0.7068,0.3160,0.6643,1,0.0000
2091,-0.2846,-0.6014,1.2392,0.7329,0.5324,1,0.0014
2092,-0.2791,-0.5995,0.5734,0.2793,0.6658,1,0.0000
2093,-0.2819,-0.6015,1.1071,0.6121,0.5337,1,0.0015
2094,-0.2753,-0.5995,0.4400,0.3019,0.6671,1,0.0000
2095,-0.2789,-0.6014,0.9750,0.4968,0.5350,1,0.0014
2096,-0.2716,-0.5995,0.3066,0.3741,0.6684,1,0.0000
2097,-0.2760,-0.6014,0.8429,0.3925,0.5363,1,0.0014
2098,-0.2681,-0.5995,0.1732,0.4738,0.6697,1,0.0000
2099,-0.2734,-0.6013,0.7107,0.3104,0.5375,1,0.0013
2100,-0.2651,-0.5994,0.0398,0.5873,0.6710,1,0.0000
2101,-0.2714,-0.6012,0.5785,0.2718,0.5388,1,0.0012
2102,-0.2618,-0.5989,-0.0937,0.7077,0.6723,1,0.0000
2103,-0.2700,-0.6011,0.4463,0.2944,0.5401,1,0.0011
2104,-0.2600,-0.5989,-0.2271,0.8326,0.6735,1,0.0000
2105,-0.2692,-0.6010,0.3141,0.3672,0.5413,1,0.0010
2106,-0.2588,-0.5989,-0.3605,0.9599,0.6748,1,0.0000
2107,-0.2690,-0.6010,0.1819,0.4671,0.5426,1,0.0010
2108,-0.2581,-0.5989,-0.4940,1.0889,0.6760,1,0.0000
2109,-0.2694,-0.6009,0.0497,0.5804,0.5438,1,0.0009
2110,-0.2578,-0.5989,-0.6275,1.2189,0.6773,1,0.0000
2111,-0.2702,-0.6009,-0.0825,0.7006,0.5451,1,0.0009
2112,-0.2579,-0.5989,-0.7609,1.3496,0.6785,1,0.0000
2113,-0.2715,-0.6009,-0.2148,0.8246,0.5463,1,0.0009
2114,-0.2581,-0.5989,-0.8944,1.4809,0.6798,1,0.0000
2115,-0.2730,-0.6010,-0.3470,0.9509,0.5476,1,0.0010
2116,-0.2585,-0.5989,-1.0279,1.6126,0.6810,1,0.0000
2117,-0.2748,-0.6010,-0.4793,1.0787,0.5488,1,0.0010
2118,-0.2589,-0.5989,-1.1613,1.7445,0.6823,1,0.0000
2119,-0.2767,-0.6011,-0.6116,1.2075,0.5501,1,0.0011
2120,-0.2638,-0.5989,-1.2949,1.8774,0.6835,1,0.0000
2121,-0.2832,-0.6012,-0.7439,1.3381,0.5514,1,0.0012
2122,-0.2692,-0.5989,-1.4284,2.0104,0.6847,1,0.0000
2123,-0.2905,-0.6013,-0.8762,1.4690,0.5526,1,0.0013
2124,-0.2748,-0.5989,-1.5619,2.1435,0.6859,1,0.0000
2125,-0.3049,-0.6021,-1.0094,1.6025,0.5533,1,0.0021
2126,-0.2821,-0.5989,-1.6955,2.2769,0.6865,1,0.0000
2127,-0.3377,-0.6046,-1.1450,1.7419,0.5534,1,0.0046
2128,-0.2940,-0.5988,-1.8297,2.4115,0.6861,1,0.0000
2129,-0.3665,-0.6063,-1.2804,1.8803,0.5541,1,0.0063
2130,-0.3089,-0.5987,-1.9643,2.5469,0.6863,1,0.0000
2131,-0.3930,-0.6075,-1.4159,2.0184,0.5549,1,0.0075
2132,-0.3255,-0.5985,-2.0992,2.6828,0.6867,1,0.0000
2133,-0.4180,-0.6083,-1.5515,2.1563,0.5555,1,0.0083
2134,-0.3432,-0.5982,-2.2343,2.8191,0.6870,1,0.0000
2135,-0.4421,-0.6090,-1.6873,2.2941,0.5560,1,0.0090
2136,-0.3615,-0.5980,-2.3697,2.9557,0.6872,1,0.0000
2137,-0.4656,-0.6096,-1.8232,2.4320,0.5564,1,0.0096
2138,-0.3802,-0.5977,-2.5051,3.0924,0.6873,1,0.0000
2139,-0.4846,-0.6097,-1.8260,2.4385,0.6872,1,0.0097
2140,-0.3989,-0.5974,-2.3739,2.9647,0.5547,1,0.0000
2141,-0.4992,-0.6093,-1.6957,2.3140,0.6857,1,0.0093
2142,-0.4177,-0.5972,-2.2426,2.8374,0.5531,1,0.0000
2143,-0.5137,-0.6088,-1.5653,2.1903,0.6842,1,0.0088
2144,-0.4365,-0.5971,-2.1113,2.7105,0.5515,1,0.0000
2145,-0.5281,-0.6080,-1.4350,2.0674,0.6826,1,0.0080
2146,-0.4553,-0.5970,-1.9799,2.5842,0.5499,1,0.0000
2147,-0.5425,-0.6071,-1.3046,1.9456,0.6810,1,0.0071
2148,-0.4740,-0.5969,-1.8485,2.4584,0.5483,1,0.0000
2149,-0.5570,-0.6061,-1.1742,1.8251,0.6794,1,0.0061
2150,-0.4926,-0.5970,-1.7169,2.3333,0.5466,1,0.0000
2151,-0.5714,-0.6051,-1.0437,1.7061,0.6778,1,0.0051
2152,-0.5113,-0.5970,-1.5853,2.2091,0.5450,1,0.0000
2153,-0.5858,-0.6042,-0.9132,1.5890,0.6762,1,0.0042
2154,-0.5300,-0.5971,-1.5067,2.1373,0.5962,1,0.0000
2155,-0.6043,-0.6046,-0.9024,1.5859,0.6089,1,0.0046
2156,-0.5487,-0.6012,-1.5084,2.1436,0.6085,1,0.0012
2157,-0.6236,-0.6047,-0.9048,1.5956,0.6081,1,0.0047
2158,-0.5683,-0.5977,-1.5031,2.1436,0.6009,1,0.0000
2159,-0.6427,-0.6044,-0.9004,1.5991,0.6073,1,0.0044
2160,-0.5871,-0.6009,-1.5047,2.1503,0.6069,1,0.0009
2161,-0.6613,-0.6076,-0.9028,1.6089,0.6065,1,0.0076
2162,-0.6063,-0.5983,-1.5064,2.1572,0.6061,1,0.0000
2163,-0.6802,-0.6051,-0.9051,1.6188,0.6058,1,0.0051
2164,-0.6248,-0.6020,-1.5079,2.1640,0.6053,1,0.0020
2165,-0.6984,-0.6045,-0.9074,1.6287,0.6050,1,0.0045
2166,-0.6438,-0.5980,-1.5026,2.1644,0.5977,1,0.0000
2167,-0.7162,-0.6042,-0.9027,1.6321,0.6042,1,0.0042
2168,-0.6619,-0.6006,-1.5041,2.1713,0.6038,1,0.0006
2169,-0.7337,-0.6069,-0.9049,1.6418,0.6035,1,0.0069
2170,-0.6803,-0.5986,-1.5056,2.1784,0.6031,1,0.0000
2171,-0.7514,-0.6050,-0.9070,1.6517,0.6028,1,0.0050
2172,-0.6979,-0.6017,-1.5071,2.1854,0.6025,1,0.0017
2173,-0.7688,-0.6045,-0.9091,1.6615,0.6022,1,0.0045
2174,-0.7157,-0.6012,-1.5086,2.1925,0.6018,1,0.0012
2175,-0.7857,-0.6078,-0.9111,1.6712,0.6016,1,0.0078
2176,-0.7213,-0.5979,-1.5027,2.1888,0.5952,1,0.0000
2177,-0.7908,-0.6040,-0.9061,1.6691,0.6007,1,0.0040
2178,-0.7244,-0.5985,-1.5041,2.1912,0.6017,1,0.0000
2179,-0.7935,-0.6048,-0.9084,1.6725,0.5998,1,0.0048
2180,-0.7256,-0.5986,-1.5055,2.1929,0.6010,1,0.0000
2181,-0.7945,-0.6049,-0.9107,1.6749,0.5988,1,0.0049
2182,-0.7262,-0.5988,-1.5069,2.1944,0.6001,1,0.0000
2183,-0.7950,-0.6053,-0.9129,1.6772,0.5979,1,0.0053
2184,-0.7267,-0.5990,-1.5083,2.1958,0.5993,1,0.0000
2185,-0.7954,-0.6057,-0.9152,1.6794,0.5971,1,0.0057
2186,-0.7269,-0.5990,-1.5096,2.1972,0.5984,1,0.0000
2187,-0.7957,-0.6058,-0.9174,1.6815,0.5962,1,0.0058
2188,-0.7249,-0.5979,-1.5037,2.1910,0.5906,1,0.0000
2189,-0.7937,-0.6043,-0.9124,1.6761,0.5953,1,0.0043
2190,-0.7267,-0.5986,-1.5051,2.1928,0.5965,1,0.0000
2191,-0.7957,-0.6051,-0.9146,1.6790,0.5946,1,0.0051
2192,-0.7267,-0.5988,-1.5065,2.1941,0.5959,1,0.0000
2193,-0.7961,-0.6056,-0.9168,1.6811,0.5938,1,0.0056
2194,-0.7263,-0.5990,-1.5079,2.1953,0.5952,1,0.0000
2195,-0.7963,-0.6061,-0.9191,1.6832,0.5930,1,0.0061
2196,-0.7258,-0.5990,-1.5093,2.1965,0.5944,1,0.0000
2197,-0.7965,-0.6063,-0.9214,1.6853,0.5922,1,0.0063
2198,-0.7230,-0.5979,-1.5034,2.1900,0.5867,1,0.0000
2199,-0.7944,-0.6048,-0.9165,1.6800,0.5913,1,0.0048
2200,-0.7240,-0.5985,-1.5049,2.1918,0.5926,1,0.0000
2201,-0.7966,-0.6059,-0.9189,1.6832,0.5905,1,0.0059
2202,-0.7232,-0.5987,-1.5064,2.1929,0.5921,1,0.0000
2203,-0.7970,-0.6065,-0.9214,1.6856,0.5897,1,0.0065
2204,-0.7219,-0.5989,-1.5079,2.1940,0.5914,1,0.0000
2205,-0.7970,-0.6071,-0.9241,1.6880,0.5887,1,0.0071
2206,-0.7204,-0.5989,-1.5096,2.1950,0.5905,1,0.0000
2207,-0.7963,-0.6073,-0.9269,1.6901,0.5876,1,0.0073
2208,-0.7165,-0.5978,-1.5039,2.1884,0.5826,1,0.0000
2209,-0.7615,-0.5994,-0.9281,1.6751,0.5775,1,0.0000
2210,-0.7281,-0.6003,-1.5045,2.1928,0.5774,1,0.0003
2211,-0.7470,-0.5960,-0.9339,1.6737,0.5710,1,0.0000
2212,-0.7343,-0.6023,-1.5046,2.1950,0.5709,1,0.0023
2213,-0.7392,-0.5904,-0.9366,1.6727,0.5682,1,0.0000
2214,-0.7377,-0.5998,-1.5047,2.1961,0.5682,1,0.0000
2215,-0.7349,-0.5901,-0.9375,1.6716,0.5672,1,0.0000
2216,-0.7389,-0.6008,-1.5046,2.1965,0.5673,1,0.0008
2217,-0.7325,-0.5907,-0.9374,1.6704,0.5674,1,0.0000
2218,-0.7390,-0.6014,-1.5046,2.1965,0.5674,1,0.0014
2219,-0.7310,-0.5920,-0.9366,1.6691,0.5682,1,0.0000
2220,-0.7384,-0.6018,-1.5046,2.1963,0.5682,1,0.0018
2221,-0.7300,-0.5939,-0.9354,1.6676,0.5693,1,0.0000
2222,-0.7374,-0.6020,-1.5047,2.1960,0.5693,1,0.0020
2223,-0.7290,-0.5930,-0.9340,1.6659,0.5707,1,0.0000
2224,-0.7361,-0.5992,-1.5047,2.1956,0.5707,1,0.0000
2225,-0.7281,-0.5951,-0.9325,1.6641,0.5722,1,0.0000
2226,-0.7347,-0.5992,-1.5047,2.1951,0.5722,1,0.0000
2227,-0.7272,-0.5969,-0.9309,1.6622,0.5738,1,0.0000
2228,-0.7333,-0.5989,-1.5047,2.1947,0.5738,1,0.0000
2229,-0.7261,-0.5985,-0.9293,1.6603,0.5755,1,0.0000
2230,-0.7319,-0.5997,-1.5047,2.1942,0.5755,1,0.0000
2231,-0.7251,-0.6009,-0.9276,1.6583,0.5772,1,0.0009
2232,-0.7305,-0.5994,-1.5058,2.1948,0.5783,1,0.0000
2233,-0.7241,-0.6019,-0.9269,1.6573,0.5789,1,0.0019
2234,-0.7291,-0.5994,-1.5058,2.1943,0.5789,1,0.0000
2235,-0.7230,-0.6029,-0.9252,1.6553,0.5806,1,0.0029
2236,-0.7277,-0.5994,-1.5058,2.1939,0.5806,1,0.0000
2237,-0.7219,-0.6036,-0.9235,1.6533,0.5823,1,0.0036
2238,-0.7264,-0.5995,-1.5058,2.1934,0.5823,1,0.0000
2239,-0.7208,-0.6041,-0.9218,1.6513,0.5840,1,0.0041
2240,-0.7250,-0.5996,-1.5059,2.1930,0.5840,1,0.0000
2241,-0.7198,-0.6044,-0.9201,1.6493,0.5858,1,0.0044
2242,-0.7238,-0.5997,-1.5059,2.1926,0.5858,1,0.0000
2243,-0.7187,-0.6044,-0.9184,1.6473,0.5875,1,0.0044
2244,-0.7225,-0.5998,-1.5059,2.1922,0.5875,1,0.0000
2245,-0.7177,-0.6042,-0.9168,1.6454,0.5892,1,0.0042
2246,-0.7213,-0.5999,-1.5059,2.1918,0.5892,1,0.0000
2247,-0.7167,-0.6040,-0.9151,1.6434,0.5908,1,0.0040
2248,-0.7202,-0.6000,-1.5059,2.1914,0.5908,1,0.0000
2249,-0.7157,-0.6036,-0.9134,1.6415,0.5925,1,0.0036
2250,-0.7190,-0.6000,-1.5059,2.1911,0.5925,1,0.0000
2251,-0.7147,-0.6032,-0.9117,1.6395,0.5942,1,0.0032
2252,-0.7179,-0.6000,-1.5059,2.1907,0.5942,1,0.0000
2253,-0.7138,-0.6028,-0.9100,1.6376,0.5959,1,0.0028
2254,-0.7168,-0.6000,-1.5059,2.1904,0.5959,1,0.0000
2255,-0.7128,-0.6024,-0.9083,1.6357,0.5976,1,0.0024
2256,-0.7158,-0.6000,-1.5059,2.1900,0.5976,1,0.0000
2257,-0.7119,-0.6020,-0.9067,1.6338,0.5993,1,0.0020
2258,-0.7148,-0.6000,-1.5059,2.1897,0.5993,1,0.0000
2259,-0.7110,-0.6017,-0.9050,1.6319,0.6009,1,0.0017
2260,-0.7138,-0.6000,-1.5059,2.1894,0.6009,1,0.0000
2261,-0.7101,-0.6432,-0.9313,1.6558,0.5762,1,0.0432
2262,-0.7121,-0.6000,-1.5064,2.1893,0.5767,1,0.0000
2263,-0.7106,-0.6425,-0.9334,1.6579,0.5746,1,0.0425
2264,-0.7113,-0.5997,-1.4995,2.1825,0.5678,1,0.0000
2265,-0.7095,-0.6361,-0.9254,1.6500,0.5753,1,0.0361
2266,-0.7104,-0.5990,-1.4910,2.1742,0.5668,1,0.0000
2267,-0.7084,-0.6285,-0.9158,1.6408,0.5760,1,0.0285
2268,-0.7098,-0.5996,-1.4917,2.1747,0.5767,1,0.0000
2269,-0.7076,-0.6228,-0.9154,1.6400,0.5768,1,0.0228
2270,-0.7092,-0.5999,-1.4925,2.1752,0.5775,1,0.0000
2271,-0.7069,-0.6167,-0.9152,1.6394,0.5776,1,0.0167
2272,-0.7085,-0.5987,-1.4747,2.1581,0.5598,1,0.0000
2273,-0.7061,-0.6059,-0.8967,1.6223,0.5780,1,0.0059
2274,-0.7079,-0.5982,-1.4755,2.1587,0.5789,1,0.0000
2275,-0.7055,-0.5977,-0.8968,1.6221,0.5788,1,0.0000
2276,-0.7074,-0.5984,-1.4763,2.1593,0.5796,1,0.0000
2277,-0.7049,-0.5900,-0.8970,1.6221,0.5794,1,0.0000
2278,-0.7069,-0.5970,-1.4773,2.1601,0.5804,1,0.0000
2279,-0.7046,-0.5787,-0.8990,1.6238,0.5787,1,0.0000
2280,-0.7064,-0.5958,-1.4583,2.1419,0.5596,1,0.0000
2281,-0.7040,-0.5750,-0.8800,1.6065,0.5786,1,0.0000
2282,-0.7059,-0.5961,-1.4588,2.1423,0.5792,1,0.0000
2283,-0.7036,-0.5771,-0.8803,1.6066,0.5788,1,0.0000
2284,-0.7053,-0.5960,-1.4591,2.1424,0.5791,1,0.0000
2285,-0.7031,-0.5808,-0.8803,1.6063,0.5791,1,0.0000
2286,-0.7047,-0.5958,-1.4592,2.1423,0.5791,1,0.0000
2287,-0.7027,-0.5860,-0.8799,1.6057,0.5794,1,0.0000
2288,-0.7041,-0.5960,-1.4590,2.1419,0.5792,1,0.0000
2289,-0.7022,-0.5915,-0.8794,1.6050,0.5796,1,0.0000
2290,-0.7034,-0.5951,-1.4589,2.1415,0.5795,1,0.0000
2291,-0.7017,-0.5957,-0.8790,1.6044,0.5799,1,0.0000
2292,-0.7029,-0.5962,-1.4584,2.1409,0.5793,1,0.0000
2293,-0.7012,-0.6009,-0.8783,1.6035,0.5801,1,0.0009
2294,-0.7023,-0.5959,-1.4581,2.1404,0.5798,1,0.0000
2295,-0.7007,-0.6035,-0.8778,1.6029,0.5803,1,0.0035
2296,-0.7018,-0.5966,-1.4588,2.1410,0.5811,1,0.0000
2297,-0.7002,-0.6061,-0.8784,1.6032,0.5805,1,0.0061
2298,-0.7013,-0.5967,-1.4597,2.1416,0.5814,1,0.0000
2299,-0.6996,-0.6007,-0.8790,1.6035,0.5807,1,0.0007
2300,-0.7007,-0.5969,-1.4608,2.1425,0.5818,1,0.0000
2301,-0.6991,-0.5933,-0.8799,1.6041,0.5810,1,0.0000
2302,-0.7002,-0.5968,-1.4604,2.1419,0.5805,1,0.0000
2303,-0.6989,-0.5875,-0.8803,1.6044,0.5801,1,0.0000
2304,-0.6998,-0.5923,-1.4604,2.1418,0.5801,0,0.0000
2305,-0.6988,-0.5824,-0.8864,1.6099,0.5741,1,0.0000
2306,-0.6994,-0.5964,-1.4647,2.1457,0.5785,1,0.0000
2307,-0.6987,-0.5785,-0.8871,1.6105,0.5779,1,0.0000
2308,-0.6991,-0.5903,-1.4648,2.1457,0.5778,0,0.0000
2309,-0.6986,-0.5763,-0.8947,1.6174,0.5702,1,0.0000
2310,-0.6988,-0.5904,-1.4713,2.1518,0.5768,0,0.0000
2311,-0.6985,-0.5751,-0.8995,1.6217,0.5720,1,0.0000
2312,-0.6985,-0.5960,-1.4747,2.1549,0.5756,1,0.0000
2313,-0.6985,-0.5737,-0.9001,1.6222,0.5751,1,0.0000
2314,-0.6983,-0.5874,-1.4748,2.1550,0.5749,0,0.0000
2315,-0.6984,-0.5751,-0.9106,1.6316,0.5644,1,0.0000
2316,-0.6981,-0.5876,-1.4844,2.1639,0.5739,0,0.0000
2317,-0.6983,-0.5763,-0.9170,1.6373,0.5675,0,0.0000
2318,-0.3400,-0.5858,-0.8501,1.4543,0.3646,0,0.0000
2319,-0.2938,-0.5938,-0.2110,0.8287,0.6408,0,0.0000
2320,-0.2868,-0.5990,-0.1444,0.7641,0.0671,1,0.0000
2321,-0.2874,-0.6076,0.4925,0.2963,0.6370,1,0.0076
2322,-0.2866,-0.5987,-0.0112,0.6425,0.5038,1,0.0000
2323,-0.2874,-0.6111,0.6237,0.2938,0.6351,1,0.0111
2324,-0.2864,-0.5985,0.1216,0.5269,0.5023,1,0.0000
2325,-0.2874,-0.6144,0.7547,0.3454,0.6334,1,0.0144
2326,-0.2862,-0.5988,0.2538,0.4219,0.5011,1,0.0000
2327,-0.2874,-0.6175,0.8853,0.4316,0.6318,1,0.0175
2328,-0.2860,-0.5979,0.3854,0.3371,0.5003,1,0.0000
2329,-0.2874,-0.6204,1.0154,0.5357,0.6304,1,0.0204
2330,-0.2858,-0.5973,0.5162,0.2897,0.4997,1,0.0000
2331,-0.2874,-0.6231,1.1449,0.6487,0.6292,1,0.0231
2332,-0.2856,-0.5966,0.6461,0.2972,0.4995,1,0.0000
2333,-0.2873,-0.6255,1.2737,0.7662,0.6282,1,0.0255
2334,-0.2854,-0.5957,0.7751,0.3551,0.4995,1,0.0000
2335,-0.2873,-0.6279,1.4016,0.8861,0.6273,1,0.0279
2336,-0.2852,-0.5948,0.9030,0.4431,0.4998,1,0.0000
2337,-0.2873,-0.6300,1.5286,1.0071,0.6267,1,0.0300
2338,-0.2850,-0.5937,1.0296,0.5461,0.5003,1,0.0000
2339,-0.2873,-0.6320,1.6546,1.1284,0.6262,1,0.0320
2340,-0.2848,-0.5925,1.1550,0.6562,0.5012,1,0.0000
2341,-0.2873,-0.6338,1.7794,1.2496,0.6258,1,0.0338
2342,-0.2846,-0.5912,1.2790,0.7698,0.5023,1,0.0000
2343,-0.2866,-0.6286,1.8282,1.2968,0.5505,1,0.0286
2344,-0.2851,-0.5913,1.4017,0.8851,0.4282,1,0.0000
2345,-0.2860,-0.6106,1.8736,1.3407,0.4723,1,0.0106
2346,-0.2861,-0.5928,1.5245,1.0023,0.3496,1,0.0000
2347,-0.2857,-0.5881,1.9940,1.4585,0.4696,1,0.0000
2348,-0.2870,-0.5942,1.6494,1.1229,0.3447,1,0.0000
2349,-0.2853,-0.5645,2.1161,1.5786,0.4676,1,0.0000
2350,-0.2880,-0.5956,1.7765,1.2464,0.3410,1,0.0000
2351,-0.2849,-0.5399,2.2398,1.7011,0.4666,1,0.0000
2352,-0.2890,-0.5967,1.9059,1.3728,0.3388,1,0.0000
2353,-0.2844,-0.5141,2.3651,1.8256,0.4666,1,0.0000
2354,-0.2900,-0.5977,2.0374,1.5019,0.3382,1,0.0000
2355,-0.2846,-0.4876,2.4949,1.9551,0.4705,1,0.0000
2356,-0.2906,-0.5984,2.1711,1.6333,0.3423,1,0.0000
2357,-0.2849,-0.4586,2.6264,2.0869,0.4763,1,0.0000
2358,-0.2910,-0.5989,2.1737,1.6360,0.4739,1,0.0000
2359,-0.2858,-0.4398,2.4931,1.9568,0.3569,1,0.0000
2360,-0.2912,-0.5990,2.0449,1.5095,0.4757,1,0.0000
2361,-0.2830,-0.5221,2.3365,1.7968,0.3017,1,0.0000
2362,-0.2931,-0.5989,1.9130,1.3807,0.4305,1,0.0000
2363,-0.2965,-0.5673,2.1776,1.6411,0.2665,1,0.0000
2364,-0.2924,-0.5987,1.7807,1.2515,0.3982,1,0.0000
2365,-0.2957,-0.5645,2.0445,1.5103,0.2660,1,0.0000
2366,-0.2917,-0.5985,1.6488,1.1235,0.3972,1,0.0000
2367,-0.2948,-0.5604,1.9118,1.3803,0.2657,1,0.0000
2368,-0.2909,-0.5983,1.5174,0.9970,0.3962,1,0.0000
2369,-0.2939,-0.5562,1.7794,1.2513,0.2653,1,0.0000
2370,-0.2901,-0.5980,1.3866,0.8724,0.3950,1,0.0000
2371,-0.2914,-0.5548,1.6466,1.1222,0.2636,1,0.0000
2372,-0.2896,-0.5976,1.2563,0.7506,0.3927,1,0.0000
2373,-0.2903,-0.5522,1.5133,0.9940,0.2610,1,0.0000
2374,-0.2893,-0.5972,1.1266,0.6328,0.3893,1,0.0000
2375,-0.2898,-0.5516,1.3825,0.8697,0.2599,1,0.0000
2376,-0.2891,-0.5967,0.9976,0.5212,0.3875,1,0.0000
2377,-0.2895,-0.5599,1.2544,0.7498,0.2595,1,0.0000
2378,-0.2887,-0.5963,0.8689,0.4201,0.3872,1,0.0000
2379,-0.2891,-0.5703,1.1269,0.6336,0.2593,1,0.0000
2380,-0.2883,-0.5960,0.7406,0.3382,0.3872,1,0.0000
2381,-0.2885,-0.5800,0.9998,0.5232,0.2597,1,0.0000
2382,-0.2880,-0.5958,0.6124,0.2921,0.3877,1,0.0000
2383,-0.2879,-0.5884,0.8729,0.4226,0.2606,1,0.0000
2384,-0.2876,-0.5958,0.4844,0.2984,0.3886,1,0.0000
2385,-0.2874,-0.5951,0.7460,0.3403,0.2616,1,0.0000
2386,-0.2873,-0.5958,0.3564,0.3544,0.3897,1,0.0000
2387,-0.2868,-0.6000,0.6191,0.2921,0.2628,1,0.0000
2388,-0.2870,-0.5958,0.2283,0.4415,0.3908,1,0.0000
2389,-0.2863,-0.6033,0.4921,0.2951,0.2639,1,0.0033
2390,-0.2865,-0.5959,0.1002,0.5450,0.3920,1,0.0000
2391,-0.2856,-0.6051,0.3650,0.3480,0.2649,1,0.0051
2392,-0.2844,-0.5960,-0.0280,0.6567,0.3931,1,0.0000
2393,-0.2833,-0.6057,0.2377,0.4321,0.2659,1,0.0057
2394,-0.2830,-0.5961,-0.1564,0.7739,0.3942,1,0.0000
2395,-0.2818,-0.6055,0.1103,0.5340,0.2669,1,0.0055
2396,-0.2823,-0.5961,-0.2849,0.8944,0.3953,1,0.0000
2397,-0.2810,-0.6046,-0.0172,0.6454,0.2678,1,0.0046
2398,-0.2820,-0.5962,-0.4134,1.0171,0.3963,1,0.0000
2399,-0.2805,-0.6033,-0.1447,0.7621,0.2688,1,0.0033
2400,-0.2816,-0.5962,-0.5420,1.1412,0.3974,1,0.0000
2401,-0.2802,-0.6019,-0.2723,0.8819,0.2698,1,0.0019
2402,-0.2813,-0.5963,-0.6707,1.2662,0.3984,1,0.0000
2403,-0.2798,-0.5996,-0.4000,1.0036,0.2708,1,0.0000
2404,-0.2810,-0.5963,-0.7994,1.3919,0.3995,1,0.0000
2405,-0.2794,-0.5921,-0.5276,1.1266,0.2718,1,0.0000
2406,-0.2807,-0.5964,-0.9282,1.5182,0.4006,1,0.0000
2407,-0.2790,-0.5840,-0.6553,1.2508,0.2732,1,0.0000
2408,-0.2804,-0.5966,-1.0572,1.6451,0.4021,1,0.0000
2409,-0.2786,-0.5762,-0.7833,1.3758,0.2747,1,0.0000
2410,-0.2802,-0.5969,-1.1866,1.7728,0.4039,1,0.0000
2411,-0.2782,-0.5700,-0.9114,1.5015,0.2765,1,0.0000
2412,-0.2799,-0.5972,-1.3165,1.9011,0.4060,1,0.0000
2413,-0.2779,-0.5665,-1.0398,1.6279,0.2784,1,0.0000
2414,-0.2797,-0.5976,-1.4469,2.0301,0.4083,1,0.0000
2415,-0.2775,-0.5655,-1.1686,1.7549,0.2802,1,0.0000
2416,-0.2794,-0.5979,-1.5778,2.1598,0.4105,1,0.0000
2417,-0.2772,-0.5666,-1.2978,1.8824,0.2818,1,0.0000
2418,-0.2792,-0.5981,-1.7092,2.2901,0.4126,1,0.0000
2419,-0.2769,-0.5694,-1.4274,2.0106,0.2833,1,0.0000
2420,-0.2789,-0.5984,-1.8409,2.4208,0.4145,1,0.0000
2421,-0.2766,-0.5712,-1.5573,2.1393,0.2849,1,0.0000
2422,-0.2787,-0.5986,-1.9729,2.5520,0.4165,1,0.0000
2423,-0.2762,-0.5637,-1.6878,2.2688,0.2873,1,0.0000
2424,-0.2784,-0.5988,-2.1055,2.6838,0.4192,1,0.0000
2425,-0.2759,-0.5569,-1.8186,2.3987,0.2900,1,0.0000
2426,-0.2782,-0.5989,-2.2386,2.8162,0.4221,1,0.0000
2427,-0.2756,-0.5528,-1.9496,2.5290,0.2926,1,0.0000
2428,-0.2780,-0.5990,-2.3721,2.9491,0.4250,1,0.0000
2429,-0.2753,-0.5516,-2.0810,2.6595,0.2950,1,0.0000
2430,-0.2777,-0.5993,-2.5060,3.0823,0.4277,1,0.0000
2431,-0.2751,-0.5556,-2.0792,2.6577,0.4290,1,0.0000
2432,-0.2775,-0.5988,-2.3735,2.9505,0.2975,1,0.0000
2433,-0.2750,-0.5644,-1.9447,2.5238,0.4303,1,0.0000
2434,-0.2773,-0.5985,-2.2415,2.8190,0.2988,1,0.0000
2435,-0.2749,-0.5744,-1.8104,2.3903,0.4317,1,0.0000
2436,-0.2770,-0.5981,-2.1099,2.6880,0.3004,1,0.0000
2437,-0.2748,-0.5840,-1.6760,2.2567,0.4341,1,0.0000
2438,-0.2768,-0.5977,-1.9789,2.5577,0.3032,1,0.0000
2439,-0.2747,-0.5922,-1.5419,2.1236,0.4370,1,0.0000
2440,-0.2766,-0.5972,-1.8484,2.4281,0.3065,1,0.0000
2441,-0.2746,-0.5984,-1.4084,1.9913,0.4401,1,0.0000
2442,-0.2764,-0.5968,-1.7186,2.2991,0.3102,1,0.0000
2443,-0.2746,-0.6028,-1.2759,1.8601,0.4427,1,0.0028
2444,-0.2763,-0.5965,-1.5893,2.1708,0.3135,1,0.0000
2445,-0.2746,-0.6056,-1.1441,1.7299,0.4453,1,0.0056
2446,-0.2762,-0.5962,-1.4605,2.0431,0.3165,1,0.0000
2447,-0.2744,-0.6074,-1.0123,1.5998,0.4483,1,0.0074
2448,-0.2760,-0.5959,-1.3320,1.9158,0.3199,1,0.0000
2449,-0.2742,-0.6094,-0.8808,1.4704,0.4514,1,0.0094
2450,-0.2759,-0.5957,-1.2038,1.7890,0.3233,1,0.0000
2451,-0.2741,-0.6114,-0.7495,1.3417,0.4545,1,0.0114
2452,-0.2757,-0.5954,-1.0759,1.6628,0.3268,1,0.0000
2453,-0.2740,-0.6106,-0.6179,1.2132,0.4582,1,0.0106
2454,-0.2755,-0.5952,-0.9484,1.5371,0.3308,1,0.0000
2455,-0.2738,-0.6079,-0.4866,1.0855,0.4620,1,0.0079
2456,-0.2753,-0.5952,-0.8210,1.4120,0.3347,1,0.0000
2457,-0.2737,-0.6038,-0.3553,0.9590,0.4658,1,0.0038
2458,-0.2750,-0.5952,-0.6937,1.2873,0.3385,1,0.0000
2459,-0.2735,-0.5991,-0.2240,0.8340,0.4697,1,0.0000
2460,-0.2748,-0.5953,-0.5663,1.1631,0.3423,1,0.0000
2461,-0.2734,-0.5950,-0.0927,0.7112,0.4736,1,0.0000
2462,-0.2746,-0.5955,-0.4388,1.0395,0.3461,1,0.0000
2463,-0.2732,-0.5917,0.0388,0.5919,0.4776,1,0.0000
2464,-0.2744,-0.5956,-0.3110,0.9168,0.3498,1,0.0000
2465,-0.2731,-0.5897,0.1704,0.4790,0.4815,1,0.0000
2466,-0.2741,-0.5957,-0.1831,0.7956,0.3536,1,0.0000
2467,-0.2729,-0.5887,0.3022,0.3782,0.4853,1,0.0000
2468,-0.2739,-0.5959,-0.0549,0.6767,0.3573,1,0.0000
2469,-0.2775,-0.5892,0.4285,0.3089,0.4835,1,0.0000
2470,-0.2749,-0.5960,0.0733,0.5623,0.3553,1,0.0000
2471,-0.2926,-0.5906,0.5390,0.2937,0.4660,1,0.0000
2472,-0.2797,-0.5962,0.2015,0.4578,0.3378,1,0.0000
2473,-0.3033,-0.5914,0.6510,0.3157,0.4502,1,0.0000
2474,-0.2839,-0.5963,0.3297,0.3680,0.3219,1,0.0000
2475,-0.3090,-0.5921,0.7641,0.3683,0.4352,1,0.0000
2476,-0.2726,-0.5974,0.4600,0.2917,0.3063,1,0.0000
2477,-0.2934,-0.5934,0.8758,0.4283,0.4164,1,0.0000
2478,-0.2623,-0.5975,0.5903,0.2637,0.2872,1,0.0000
2479,-0.2800,-0.5963,0.9828,0.5039,0.3929,1,0.0000
2480,-0.2580,-0.5978,0.7208,0.3020,0.2630,1,0.0000
2481,-0.2746,-0.5973,1.0990,0.6015,0.3786,1,0.0000
2482,-0.2548,-0.5980,0.8515,0.3843,0.2483,1,0.0000
2483,-0.2695,-0.6043,1.2122,0.7022,0.3611,1,0.0043
2484,-0.2555,-0.5973,0.9810,0.4892,0.2318,1,0.0000
2485,-0.2696,-0.6031,1.3279,0.8102,0.3472,1,0.0031
2486,-0.2585,-0.5975,1.1107,0.6049,0.2175,1,0.0000
2487,-0.2706,-0.6013,1.4440,0.9209,0.3335,1,0.0013
2488,-0.2644,-0.5977,1.2408,0.7267,0.2034,1,0.0000
2489,-0.2745,-0.5990,1.5607,1.0340,0.3201,1,0.0000
2490,-0.2698,-0.5979,1.3711,0.8511,0.1897,1,0.0000
2491,-0.2780,-0.5965,1.6778,1.1481,0.3068,1,0.0000
2492,-0.2747,-0.5981,1.5017,0.9773,0.1761,1,0.0000
2493,-0.2811,-0.5939,1.7954,1.2632,0.2938,1,0.0000
2494,-0.2792,-0.5982,1.6326,1.1046,0.1628,1,0.0000
2495,-0.2838,-0.5916,1.9133,1.3790,0.2808,1,0.0000
2496,-0.2833,-0.5984,1.7638,1.2329,0.1497,1,0.0000
2497,-0.2861,-0.5895,2.0317,1.4955,0.2681,1,0.0000
2498,-0.2870,-0.5985,1.8952,1.3619,0.1368,1,0.0000
2499,-0.2882,-0.5878,2.1504,1.6126,0.2555,1,0.0000
2500,-0.2903,-0.5986,2.0268,1.4915,0.1241,1,0.0000
2501,-0.2899,-0.5866,2.2694,1.7301,0.2429,1,0.0000
2502,-0.2933,-0.5986,2.1586,1.6215,0.1115,1,0.0000
2503,-0.2915,-0.5858,2.3888,1.8481,0.2305,1,0.0000
2504,-0.2960,-0.5987,2.2906,1.7519,0.0991,1,0.0000
2505,-0.2929,-0.5855,2.5083,1.9665,0.2182,1,0.0000
2506,-0.2983,-0.5987,2.2896,1.7514,0.2192,1,0.0000
2507,-0.2980,-0.5864,2.3620,1.8227,0.0734,1,0.0000
2508,-0.3004,-0.5987,2.1556,1.6199,0.2068,1,0.0000
2509,-0.3024,-0.5873,2.2158,1.6795,0.0613,1,0.0000
2510,-0.3022,-0.5987,2.0217,1.4888,0.1945,1,0.0000
2511,-0.3063,-0.5883,2.0697,1.5368,0.0494,1,0.0000
2512,-0.3038,-0.5987,1.8877,1.3583,0.1823,1,0.0000
2513,-0.3096,-0.5894,1.9238,1.3948,0.0377,1,0.0000
2514,-0.3051,-0.5987,1.7538,1.2284,0.1703,1,0.0000
2515,-0.3123,-0.5905,1.7779,1.2537,0.0265,1,0.0000
2516,-0.3062,-0.5987,1.6199,1.0995,0.1584,1,0.0000
2517,-0.3145,-0.5916,1.6322,1.1138,0.0165,1,0.0000
2518,-0.3071,-0.5987,1.4860,0.9720,0.1466,1,0.0000
2519,-0.3162,-0.5927,1.4867,0.9755,0.0109,1,0.0000
2520,-0.3078,-0.5987,1.3522,0.8463,0.1349,1,0.0000
2521,-0.3173,-0.5938,1.3412,0.8397,0.0153,1,0.0000
2522,-0.3084,-0.5986,1.2184,0.7236,0.1233,1,0.0000
2523,-0.3180,-0.5948,1.1959,0.7076,0.0247,1,0.0000
2524,-0.3089,-0.5986,1.0846,0.6055,0.1117,1,0.0000
2525,-0.3182,-0.5958,1.0507,0.5816,0.0353,1,0.0000
2526,-0.3092,-0.5986,0.9509,0.4954,0.1003,1,0.0000
2527,-0.3179,-0.5967,0.9056,0.4668,0.0461,1,0.0000
2528,-0.3095,-0.5986,0.8171,0.3999,0.0889,1,0.0000
2529,-0.3172,-0.5975,0.7607,0.3733,0.0570,1,0.0000
2530,-0.3097,-0.5986,0.6834,0.3320,0.0777,1,0.0000
2531,-0.3161,-0.5984,0.6269,0.3223,0.0569,1,0.0000
2532,-0.3099,-0.5986,0.5497,0.3102,0.0774,1,0.0000
2533,-0.3153,-0.5988,0.4963,0.3225,0.0536,1,0.0000
2534,-0.3101,-0.5986,0.4160,0.3435,0.0805,1,0.0000
2535,-0.3149,-0.5988,0.3655,0.3722,0.0508,1,0.0000
2536,-0.3103,-0.5986,0.2823,0.4190,0.0833,1,0.0000
2537,-0.3149,-0.5988,0.2307,0.4584,0.0518,1,0.0000
2538,-0.3105,-0.5986,0.1486,0.5185,0.0822,1,0.0000
2539,-0.3146,-0.5989,0.0886,0.5699,0.0601,1,0.0000
2540,-0.3107,-0.5986,0.0148,0.6308,0.0739,1,0.0000
2541,-0.3142,-0.5989,-0.0423,0.6827,0.0572,1,0.0000
2542,-0.3109,-0.5986,-0.1189,0.7502,0.0767,1,0.0000
2543,-0.3141,-0.5988,-0.1734,0.8014,0.0546,1,0.0000
2544,-0.3110,-0.5986,-0.2526,0.8737,0.0793,1,0.0000
2545,-0.3144,-0.5987,-0.3046,0.9236,0.0521,1,0.0000
2546,-0.3110,-0.5986,-0.3864,0.9998,0.0818,1,0.0000
2547,-0.3146,-0.5987,-0.4359,1.0481,0.0497,1,0.0000
2548,-0.3105,-0.5986,-0.5201,1.1276,0.0843,1,0.0000
2549,-0.3145,-0.5990,-0.5710,1.1776,0.0511,1,0.0000
2550,-0.3099,-0.5987,-0.6539,1.2565,0.0830,1,0.0000
2551,-0.3140,-0.5997,-0.7133,1.3151,0.0595,1,0.0000
2552,-0.3095,-0.5987,-0.7876,1.3864,0.0745,1,0.0000
2553,-0.3131,-0.5992,-0.8443,1.4425,0.0568,1,0.0000
2554,-0.3092,-0.5987,-0.9213,1.5170,0.0772,1,0.0000
2555,-0.3127,-0.5988,-0.9754,1.5707,0.0542,1,0.0000
2556,-0.3089,-0.5987,-1.0551,1.6481,0.0797,1,0.0000
2557,-0.3128,-0.5985,-1.1067,1.6995,0.0517,1,0.0000
2558,-0.3088,-0.5987,-1.1888,1.7796,0.0822,1,0.0000
2559,-0.3133,-0.5983,-1.2380,1.8288,0.0494,1,0.0000
2560,-0.3089,-0.5987,-1.3225,1.9115,0.0846,1,0.0000
2561,-0.3139,-0.5996,-1.3804,1.9694,0.0581,1,0.0000
2562,-0.3091,-0.5987,-1.4562,2.0436,0.0760,1,0.0000
2563,-0.3135,-0.5992,-1.5150,2.1024,0.0590,1,0.0000
2564,-0.3092,-0.5987,-1.5899,2.1758,0.0750,1,0.0000
2565,-0.3134,-0.5985,-1.6461,2.2320,0.0563,1,0.0000
2566,-0.3093,-0.5987,-1.7236,2.3083,0.0777,1,0.0000
2567,-0.3137,-0.5979,-1.7772,2.3620,0.0538,1,0.0000
2568,-0.3094,-0.5987,-1.8573,2.4409,0.0802,1,0.0000
2569,-0.3143,-0.5977,-1.9085,2.4922,0.0514,1,0.0000
2570,-0.3096,-0.5987,-1.9910,2.5736,0.0827,1,0.0000
2571,-0.3152,-0.5976,-2.0398,2.6227,0.0491,1,0.0000
2572,-0.3097,-0.5987,-2.1247,2.7064,0.0851,1,0.0000
2573,-0.3161,-0.5998,-2.1822,2.7642,0.0578,1,0.0000
2574,-0.3099,-0.5987,-2.2584,2.8392,0.0765,1,0.0000
2575,-0.3155,-0.5995,-2.3169,2.8979,0.0587,1,0.0000
2576,-0.3100,-0.5987,-2.3921,2.9722,0.0755,1,0.0000
2577,-0.3153,-0.5985,-2.4479,3.0282,0.0560,1,0.0000
2578,-0.3101,-0.5987,-2.5258,3.1052,0.0781,1,0.0000
2579,-0.3155,-0.5980,-2.4458,3.0262,0.0802,1,0.0000
2580,-0.3102,-0.5987,-2.3930,2.9731,0.0531,1,0.0000
2581,-0.3158,-0.5977,-2.3106,2.8917,0.0826,1,0.0000
2582,-0.3104,-0.5987,-2.2602,2.8411,0.0507,1,0.0000
2583,-0.3164,-0.5978,-2.1754,2.7575,0.0850,1,0.0000
2584,-0.3105,-0.5987,-2.1274,2.7091,0.0484,1,0.0000
2585,-0.3167,-0.5999,-2.0513,2.6343,0.0764,1,0.0000
2586,-0.3106,-0.5987,-1.9947,2.5773,0.0570,1,0.0000
2587,-0.3158,-0.5995,-1.9195,2.5033,0.0753,1,0.0000
2588,-0.3107,-0.5987,-1.8618,2.4455,0.0579,1,0.0000
2589,-0.3153,-0.5986,-1.7840,2.3689,0.0779,1,0.0000
2590,-0.3109,-0.5987,-1.7290,2.3138,0.0552,1,0.0000
2591,-0.3153,-0.5981,-1.6487,2.2349,0.0805,1,0.0000
2592,-0.3110,-0.5987,-1.5962,2.1823,0.0527,1,0.0000
2593,-0.3155,-0.5979,-1.5134,2.1011,0.0829,1,0.0000
2594,-0.3111,-0.5987,-1.4634,2.0509,0.0502,1,0.0000
2595,-0.3159,-0.5979,-1.3782,1.9676,0.0853,1,0.0000
2596,-0.3113,-0.5987,-1.3305,1.9198,0.0479,1,0.0000
2597,-0.3164,-0.5979,-1.2430,1.8344,0.0877,1,0.0000
2598,-0.3101,-0.5987,-1.1978,1.7887,0.0457,1,0.0000
2599,-0.3145,-0.5980,-1.1078,1.7010,0.0901,1,0.0000
2600,-0.3091,-0.5987,-1.0648,1.6577,0.0434,1,0.0000
2601,-0.3150,-0.5980,-0.9727,1.5685,0.0923,1,0.0000
2602,-0.3092,-0.5987,-0.9319,1.5274,0.0412,1,0.0000
2603,-0.3155,-0.5980,-0.8376,1.4365,0.0946,1,0.0000
2604,-0.3094,-0.5987,-0.7991,1.3976,0.0390,1,0.0000
2605,-0.3160,-0.5980,-0.7023,1.3050,0.0970,1,0.0000
2606,-0.3093,-0.5988,-0.6659,1.2680,0.0370,1,0.0000
2607,-0.3162,-0.5979,-0.5669,1.1741,0.0993,1,0.0000
2608,-0.3092,-0.5988,-0.5327,1.1393,0.0349,1,0.0000
2609,-0.3163,-0.5977,-0.4314,1.0443,0.1015,1,0.0000
2610,-0.3091,-0.5988,-0.3995,1.0117,0.0328,1,0.0000
2611,-0.3164,-0.5975,-0.2960,0.9162,0.1038,1,0.0000
2612,-0.3090,-0.5988,-0.2662,0.8857,0.0306,1,0.0000
2613,-0.3164,-0.5972,-0.1605,0.7905,0.1060,1,0.0000
2614,-0.3090,-0.5988,-0.1330,0.7623,0.0285,1,0.0000
2615,-0.3165,-0.5970,-0.0251,0.6686,0.1082,1,0.0000
2616,-0.3090,-0.5988,0.0002,0.6428,0.0264,1,0.0000
2617,-0.3165,-0.5967,0.1103,0.5530,0.1104,1,0.0000
2618,-0.3090,-0.5988,0.1334,0.5298,0.0244,1,0.0000
2619,-0.3164,-0.5964,0.2458,0.4486,0.1126,1,0.0000
2620,-0.3090,-0.5988,0.2667,0.4287,0.0223,1,0.0000
2621,-0.3164,-0.5967,0.3811,0.3654,0.1146,1,0.0000
2622,-0.3090,-0.5988,0.3999,0.3498,0.0204,1,0.0000
2623,-0.3164,-0.5971,0.5163,0.3199,0.1166,1,0.0000
2624,-0.3088,-0.5988,0.5331,0.3104,0.0185,1,0.0000
2625,-0.3161,-0.5976,0.6515,0.3280,0.1186,1,0.0000
2626,-0.3086,-0.5988,0.6664,0.3252,0.0167,1,0.0000
2627,-0.3157,-0.5980,0.7867,0.3864,0.1206,1,0.0000
2628,-0.3084,-0.5998,0.7996,0.3882,0.0149,1,0.0000
2629,-0.3151,-0.5983,0.9219,0.4770,0.1225,1,0.0000
2630,-0.3080,-0.5998,0.9329,0.4807,0.0131,1,0.0000
2631,-0.3144,-0.5994,1.0572,0.5850,0.1245,1,0.0000
2632,-0.3076,-0.5998,1.0661,0.5890,0.0112,1,0.0000
2633,-0.3135,-0.5995,1.1924,0.7024,0.1264,1,0.0000
2634,-0.3071,-0.5998,1.1994,0.7058,0.0095,1,0.0000
2635,-0.3127,-0.5985,1.3275,0.8252,0.1282,1,0.0000
2636,-0.3075,-0.5989,1.3324,0.8278,0.0072,1,0.0000
2637,-0.3126,-0.5984,1.4625,0.9514,0.1302,1,0.0000
2638,-0.3080,-0.5989,1.4654,0.9527,0.0055,1,0.0000
2639,-0.3124,-0.5982,1.5975,1.0798,0.1321,1,0.0000
2640,-0.3084,-0.5989,1.5985,1.0796,0.0042,1,0.0000
2641,-0.3123,-0.5980,1.7325,1.2096,0.1340,1,0.0000
2642,-0.3089,-0.5989,1.7316,1.2079,0.0036,1,0.0000
2643,-0.3120,-0.5977,1.8675,1.3405,0.1360,1,0.0000
2644,-0.3093,-0.5990,1.8646,1.3371,0.0041,1,0.0000
2645,-0.3118,-0.5974,2.0025,1.4721,0.1379,1,0.0000
2646,-0.3098,-0.5990,1.9977,1.4670,0.0054,1,0.0000
2647,-0.3115,-0.5972,2.1375,1.6042,0.1398,1,0.0000
2648,-0.3104,-0.5990,2.1308,1.5974,0.0070,1,0.0000
2649,-0.3112,-0.5969,2.2725,1.7368,0.1417,1,0.0000
2650,-0.3072,-0.5990,2.2632,1.7269,0.0104,1,0.0000
2651,-0.2972,-0.5973,2.4052,1.8652,0.1424,1,0.0000
2652,-0.2978,-0.5990,2.3948,1.8550,0.0106,1,0.0000
2653,-0.2969,-0.5964,2.5402,1.9986,0.1455,1,0.0000
2654,-0.2983,-0.5990,2.3946,1.8549,0.1457,1,0.0000
2655,-0.2983,-0.5963,2.4086,1.8688,0.0143,1,0.0000
2656,-0.2989,-0.5990,2.2611,1.7234,0.1476,1,0.0000
2657,-0.2999,-0.5963,2.2771,1.7393,0.0162,1,0.0000
2658,-0.2995,-0.5990,2.1276,1.5922,0.1495,1,0.0000
2659,-0.3015,-0.5963,2.1455,1.6101,0.0182,1,0.0000
2660,-0.3002,-0.5990,1.9941,1.4614,0.1514,1,0.0000
2661,-0.3032,-0.5963,2.0139,1.4814,0.0202,1,0.0000
2662,-0.3008,-0.5990,1.8606,1.3312,0.1533,1,0.0000
2663,-0.3049,-0.5963,1.8823,1.3532,0.0222,1,0.0000
2664,-0.3015,-0.5990,1.7271,1.2017,0.1552,1,0.0000
2665,-0.3067,-0.5964,1.7507,1.2258,0.0242,1,0.0000
2666,-0.3022,-0.5990,1.5937,1.0732,0.1571,1,0.0000
2667,-0.3086,-0.5964,1.6191,1.0994,0.0263,1,0.0000
2668,-0.3029,-0.5990,1.4602,0.9461,0.1590,1,0.0000
2669,-0.3105,-0.5964,1.4875,0.9744,0.0284,1,0.0000
2670,-0.3036,-0.5990,1.3267,0.8211,0.1609,1,0.0000
2671,-0.3101,-0.5969,1.3564,0.8511,0.0304,1,0.0000
2672,-0.2824,-0.5988,1.1992,0.6952,0.1597,1,0.0000
2673,-0.2929,-0.5979,1.2295,0.7273,0.0321,1,0.0000
2674,-0.2831,-0.5990,1.0657,0.5762,0.1641,1,0.0000
2675,-0.2951,-0.5987,1.0977,0.6100,0.0342,1,0.0000
2676,-0.2838,-0.5990,0.9322,0.4650,0.1658,1,0.0000
2677,-0.2973,-0.5993,0.9658,0.5000,0.0362,1,0.0000
2678,-0.2832,-0.5990,0.7987,0.3679,0.1677,1,0.0000
2679,-0.2980,-0.5997,0.8340,0.4022,0.0382,1,0.0000
2680,-0.2831,-0.5990,0.6652,0.3007,0.1694,1,0.0000
2681,-0.2994,-0.5999,0.7021,0.3297,0.0403,1,0.0000
2682,-0.2834,-0.5990,0.5317,0.2852,0.1711,1,0.0000
2683,-0.3011,-0.6000,0.5702,0.3012,0.0424,1,0.0000
2684,-0.2840,-0.5990,0.3982,0.3288,0.1729,1,0.0000
2685,-0.3032,-0.6000,0.4384,0.3282,0.0445,1,0.0000
2686,-0.2849,-0.5990,0.2646,0.4131,0.1747,1,0.0000
2687,-0.3056,-0.6000,0.3065,0.3995,0.0467,1,0.0000
2688,-0.2859,-0.5990,0.1311,0.5186,0.1765,1,0.0000
2689,-0.3081,-0.5999,0.1746,0.4964,0.0489,1,0.0000
2690,-0.2869,-0.5990,-0.0025,0.6348,0.1784,1,0.0000
2691,-0.3107,-0.5998,0.0427,0.6067,0.0511,1,0.0000
2692,-0.2878,-0.5990,-0.1361,0.7568,0.1802,1,0.0000
2693,-0.3132,-0.5997,-0.0892,0.7243,0.0533,1,0.0000
2694,-0.2886,-0.5990,-0.2697,0.8821,0.1821,1,0.0000
2695,-0.3156,-0.5996,-0.2211,0.8460,0.0556,1,0.0000
2696,-0.2893,-0.5990,-0.4033,1.0094,0.1841,1,0.0000
2697,-0.3179,-0.5995,-0.3531,0.9704,0.0578,1,0.0000
2698,-0.2897,-0.5990,-0.5369,1.1382,0.1860,1,0.0000
2699,-0.3201,-0.5994,-0.4850,1.0966,0.0601,1,0.0000
2700,-0.2900,-0.5990,-0.6705,1.2680,0.1880,1,0.0000
2701,-0.3220,-0.5994,-0.6169,1.2239,0.0625,1,0.0000
2702,-0.2900,-0.5990,-0.8042,1.3984,0.1900,1,0.0000
2703,-0.3238,-0.5994,-0.7489,1.3521,0.0648,1,0.0000
2704,-0.2899,-0.5990,-0.9378,1.5294,0.1920,1,0.0000
2705,-0.3255,-0.5994,-0.8809,1.4809,0.0672,1,0.0000
2706,-0.2896,-0.5990,-1.0715,1.6608,0.1940,1,0.0000
2707,-0.3270,-0.5994,-1.0129,1.6103,0.0696,1,0.0000
2708,-0.2893,-0.5990,-1.2052,1.7925,0.1960,1,0.0000
2709,-0.3285,-0.5994,-1.1449,1.7400,0.0720,1,0.0000
2710,-0.2906,-0.5990,-1.3389,1.9248,0.1977,1,0.0000
2711,-0.3317,-0.5995,-1.2769,1.8703,0.0745,1,0.0000
2712,-0.2919,-0.5990,-1.4727,2.0573,0.1998,1,0.0000
2713,-0.3350,-0.5995,-1.4089,2.0009,0.0770,1,0.0000
2714,-0.2933,-0.5990,-1.6064,2.1900,0.2019,1,0.0000
2715,-0.3383,-0.5996,-1.5409,2.1317,0.0795,1,0.0000
2716,-0.2948,-0.5990,-1.7402,2.3228,0.2040,1,0.0000
2717,-0.3417,-0.5997,-1.6729,2.2627,0.0820,1,0.0000
2718,-0.2962,-0.5990,-1.8739,2.4557,0.2061,1,0.0000
2719,-0.3452,-0.5997,-1.8049,2.3938,0.0846,1,0.0000
2720,-0.2977,-0.5990,-2.0077,2.5887,0.2083,1,0.0000
2721,-0.3487,-0.5998,-1.9370,2.5250,0.0872,1,0.0000
2722,-0.2993,-0.5990,-2.1415,2.7219,0.2104,1,0.0000
2723,-0.3523,-0.5998,-2.0691,2.6564,0.0898,1,0.0000
2724,-0.3008,-0.5990,-2.2754,2.8551,0.2126,1,0.0000
2725,-0.3557,-0.5998,-2.2011,2.7877,0.0924,1,0.0000
2726,-0.3024,-0.5990,-2.4092,2.9884,0.2148,1,0.0000
2727,-0.3592,-0.5998,-2.3331,2.9192,0.0949,1,0.0000
2728,-0.3041,-0.5990,-2.5431,3.1217,0.2170,1,0.0000
2729,-0.3610,-0.5998,-2.3318,2.9181,0.2188,1,0.0000
2730,-0.3057,-0.5990,-2.4103,2.9898,0.0959,1,0.0000
2731,-0.3612,-0.5998,-2.1972,2.7846,0.2201,1,0.0000
2732,-0.3074,-0.5990,-2.2774,2.8579,0.0966,1,0.0000
2733,-0.3613,-0.5998,-2.0626,2.6511,0.2216,1,0.0000
2734,-0.3091,-0.5990,-2.1446,2.7260,0.0973,1,0.0000
2735,-0.3615,-0.5997,-1.9279,2.5178,0.2230,1,0.0000
2736,-0.3108,-0.5990,-2.0118,2.5943,0.0980,1,0.0000
2737,-0.3617,-0.5997,-1.7932,2.3846,0.2244,1,0.0000
2738,-0.3126,-0.5990,-1.8790,2.4627,0.0988,1,0.0000
2739,-0.3618,-0.5997,-1.6585,2.2516,0.2259,1,0.0000
2740,-0.3144,-0.5990,-1.7461,2.3313,0.0997,1,0.0000
2741,-0.3620,-0.5997,-1.5238,2.1188,0.2274,1,0.0000
2742,-0.3162,-0.5990,-1.6133,2.1999,0.1006,1,0.0000
2743,-0.3622,-0.5997,-1.3890,1.9862,0.2289,1,0.0000
2744,-0.3180,-0.5990,-1.4804,2.0688,0.1015,1,0.0000
2745,-0.3624,-0.5997,-1.2543,1.8539,0.2305,1,0.0000
2746,-0.3199,-0.5990,-1.3475,1.9380,0.1025,1,0.0000
2747,-0.3418,-0.5995,-1.1301,1.7281,0.2185,1,0.0000
2748,-0.2841,-0.5989,-1.2301,1.8163,0.1155,1,0.0000
2749,-0.3254,-0.5997,-1.0006,1.5980,0.2332,1,0.0000
2750,-0.2855,-0.5990,-1.0972,1.6854,0.1045,1,0.0000
2751,-0.3252,-0.5997,-0.8658,1.4662,0.2348,1,0.0000
2752,-0.2855,-0.5990,-0.9643,1.5546,0.1062,1,0.0000
2753,-0.3235,-0.5997,-0.7310,1.3347,0.2364,1,0.0000
2754,-0.2854,-0.5990,-0.8314,1.4242,0.1074,1,0.0000
2755,-0.3217,-0.5997,-0.5962,1.2039,0.2380,1,0.0000
2756,-0.2852,-0.5990,-0.6985,1.2942,0.1086,1,0.0000
2757,-0.3199,-0.5997,-0.4614,1.0740,0.2396,1,0.0000
2758,-0.2850,-0.5990,-0.5656,1.1648,0.1099,1,0.0000
2759,-0.3180,-0.5997,-0.3266,0.9455,0.2413,1,0.0000
2760,-0.2848,-0.5990,-0.4326,1.0364,0.1112,1,0.0000
2761,-0.3162,-0.5997,-0.1917,0.8190,0.2430,1,0.0000
2762,-0.2846,-0.5990,-0.2997,0.9092,0.1125,1,0.0000
2763,-0.3143,-0.5997,-0.0568,0.6957,0.2447,1,0.0000
2764,-0.2844,-0.5990,-0.1667,0.7840,0.1139,1,0.0000
2765,-0.3123,-0.5997,0.0780,0.5775,0.2464,1,0.0000
2766,-0.2841,-0.5990,-0.0338,0.6617,0.1153,1,0.0000
2767,-0.3104,-0.5997,0.2129,0.4685,0.2481,1,0.0000
2768,-0.2839,-0.5990,0.0992,0.5445,0.1168,1,0.0000
2769,-0.3085,-0.5997,0.3478,0.3766,0.2498,1,0.0000
2770,-0.2837,-0.5990,0.2322,0.4364,0.1183,1,0.0000
2771,-0.3066,-0.5997,0.4828,0.3171,0.2516,1,0.0000
2772,-0.2835,-0.5990,0.3652,0.3461,0.1198,1,0.0000
2773,-0.3047,-0.5996,0.6177,0.3094,0.2534,1,0.0000
2774,-0.2833,-0.5990,0.4982,0.2908,0.1214,1,0.0000
2775,-0.3028,-0.5996,0.7526,0.3569,0.2552,1,0.0000
2776,-0.2831,-0.5990,0.6312,0.2910,0.1230,1,0.0000
2777,-0.3009,-0.5996,0.8876,0.4420,0.2570,1,0.0000
2778,-0.2829,-0.5990,0.7643,0.3467,0.1246,1,0.0000
2779,-0.2991,-0.5996,1.0226,0.5476,0.2588,1,0.0000
2780,-0.2827,-0.5990,0.8973,0.4372,0.1263,1,0.0000
2781,-0.2972,-0.5996,1.1576,0.6640,0.2606,1,0.0000
2782,-0.2825,-0.5990,1.0304,0.5454,0.1280,1,0.0000
2783,-0.2954,-0.5996,1.2926,0.7863,0.2625,1,0.0000
2784,-0.2824,-0.5990,1.1634,0.6628,0.1298,1,0.0000
2785,-0.2935,-0.5996,1.4276,0.9122,0.2644,1,0.0000
2786,-0.2847,-0.5990,1.2965,0.7860,0.1314,1,0.0000
2787,-0.2941,-0.5995,1.5626,1.0412,0.2663,1,0.0000
2788,-0.2870,-0.5990,1.4296,0.9121,0.1332,1,0.0000
2789,-0.2948,-0.5995,1.6977,1.1715,0.2682,1,0.0000
2790,-0.2894,-0.5990,1.5627,1.0399,0.1351,1,0.0000
2791,-0.2955,-0.5995,1.8327,1.3029,0.2701,1,0.0000
2792,-0.2918,-0.5990,1.6958,1.1690,0.1370,1,0.0000
2793,-0.2962,-0.5995,1.9678,1.4349,0.2721,1,0.0000
2794,-0.2942,-0.5990,1.8289,1.2988,0.1389,1,0.0000
2795,-0.2969,-0.5995,2.1029,1.5675,0.2740,1,0.0000
2796,-0.2966,-0.5990,1.9620,1.4293,0.1409,1,0.0000
2797,-0.2977,-0.5995,2.2380,1.7004,0.2760,1,0.0000
2798,-0.2991,-0.5990,2.0952,1.5603,0.1428,1,0.0000
2799,-0.2984,-0.5995,2.3731,1.8337,0.2779,1,0.0000
2800,-0.3016,-0.5990,2.2283,1.6916,0.1448,1,0.0000
2801,-0.2811,-0.5993,2.5028,1.9592,0.2752,1,0.0000
2802,-0.2859,-0.5990,2.2229,1.6835,0.2799,1,0.0000
2803,-0.2851,-0.5995,2.3713,1.8298,0.1483,1,0.0000
2804,-0.2884,-0.5990,2.0894,1.5526,0.2819,1,0.0000
2805,-0.2892,-0.5995,2.2397,1.7007,0.1503,1,0.0000
2806,-0.2910,-0.5990,1.9559,1.4221,0.2839,1,0.0000
2807,-0.2933,-0.5995,2.1082,1.5719,0.1523,1,0.0000
2808,-0.2936,-0.5990,1.8223,1.2923,0.2858,1,0.0000
2809,-0.2975,-0.5995,1.9766,1.4438,0.1543,1,0.0000
2810,-0.2962,-0.5990,1.6888,1.1633,0.2878,1,0.0000
2811,-0.3017,-0.5996,1.8450,1.3162,0.1563,1,0.0000
2812,-0.2989,-0.5990,1.5552,1.0355,0.2898,1,0.0000
2813,-0.3060,-0.5996,1.7134,1.1896,0.1584,1,0.0000
2814,-0.3016,-0.5990,1.4217,0.9093,0.2918,1,0.0000
2815,-0.3102,-0.5996,1.5818,1.0642,0.1604,1,0.0000
2816,-0.3001,-0.5989,1.2898,0.7856,0.2922,1,0.0000
2817,-0.2886,-0.5992,1.4596,0.9411,0.1702,1,0.0000
2818,-0.2749,-0.5988,1.1650,0.6610,0.2949,1,0.0000
2819,-0.2866,-0.5997,1.3286,0.8167,0.1641,1,0.0000
2820,-0.2777,-0.5990,1.0314,0.5438,0.2974,1,0.0000
2821,-0.2910,-0.5997,1.1970,0.6968,0.1661,1,0.0000
2822,-0.2781,-0.5990,0.8978,0.4346,0.2995,1,0.0000
2823,-0.2931,-0.5997,1.0652,0.5808,0.1681,1,0.0000
2824,-0.2778,-0.5990,0.7642,0.3425,0.3015,1,0.0000
2825,-0.2945,-0.5998,0.9335,0.4726,0.1702,1,0.0000
2826,-0.2775,-0.5990,0.6305,0.2854,0.3035,1,0.0000
2827,-0.2959,-0.5998,0.8017,0.3796,0.1722,1,0.0000
2828,-0.2771,-0.5990,0.4969,0.2851,0.3054,1,0.0000
2829,-0.2973,-0.5999,0.6699,0.3156,0.1742,1,0.0000
2830,-0.2767,-0.5990,0.3632,0.3418,0.3074,1,0.0000
2831,-0.2974,-0.5997,0.5384,0.2985,0.1765,1,0.0000
2832,-0.2771,-0.5990,0.2296,0.4342,0.3095,1,0.0000
2833,-0.2982,-0.5996,0.4071,0.3369,0.1788,1,0.0000
2834,-0.2782,-0.5990,0.0959,0.5443,0.3118,1,0.0000
2835,-0.2999,-0.5996,0.2757,0.4159,0.1810,1,0.0000
2836,-0.2796,-0.5990,-0.0377,0.6633,0.3140,1,0.0000
2837,-0.3020,-0.5996,0.1442,0.5170,0.1833,1,0.0000
2838,-0.2810,-0.5990,-0.1713,0.7870,0.3162,1,0.0000
2839,-0.3043,-0.5996,0.0128,0.6295,0.1856,1,0.0000
2840,-0.2824,-0.5990,-0.3049,0.9135,0.3185,1,0.0000
2841,-0.3066,-0.5997,-0.1186,0.7482,0.1878,1,0.0000
2842,-0.2835,-0.5990,-0.4385,1.0416,0.3207,1,0.0000
2843,-0.3088,-0.5997,-0.2501,0.8705,0.1901,1,0.0000
2844,-0.2843,-0.5990,-0.5721,1.1710,0.3229,1,0.0000
2845,-0.3106,-0.5998,-0.3815,0.9951,0.1924,1,0.0000
2846,-0.2848,-0.5990,-0.7057,1.3011,0.3252,1,0.0000
2847,-0.3122,-0.5999,-0.5130,1.1212,0.1946,1,0.0000
2848,-0.2850,-0.5990,-0.8393,1.4318,0.3274,1,0.0000
2849,-0.3135,-0.6000,-0.6445,1.2483,0.1969,1,0.0000
2850,-0.2849,-0.5990,-0.9729,1.5629,0.3297,1,0.0000
2851,-0.3145,-0.6000,-0.7759,1.3762,0.1992,1,0.0000
2852,-0.2846,-0.5990,-1.1065,1.6944,0.3319,1,0.0000
2853,-0.3153,-0.6001,-0.9074,1.5047,0.2014,1,0.0001
2854,-0.2842,-0.5990,-1.2402,1.8262,0.3342,1,0.0000
2855,-0.3159,-0.6001,-1.0389,1.6336,0.2037,1,0.0001
2856,-0.2868,-0.5990,-1.3738,1.9587,0.3361,1,0.0000
2857,-0.3196,-0.6002,-1.1704,1.7634,0.2060,1,0.0002
2858,-0.2894,-0.5990,-1.5074,2.0914,0.3384,1,0.0000
2859,-0.3233,-0.6002,-1.3019,1.8935,0.2083,1,0.0002
2860,-0.2920,-0.5990,-1.6410,2.2241,0.3406,1,0.0000
2861,-0.3270,-0.6002,-1.4334,2.0238,0.2106,1,0.0002
2862,-0.2946,-0.5990,-1.7747,2.3570,0.3429,1,0.0000
2863,-0.3307,-0.6003,-1.5648,2.1542,0.2129,1,0.0003
2864,-0.2972,-0.5990,-1.9083,2.4900,0.3451,1,0.0000
2865,-0.3345,-0.6003,-1.6963,2.2848,0.2152,1,0.0003
2866,-0.2998,-0.5990,-2.0420,2.6230,0.3473,1,0.0000
2867,-0.3382,-0.6003,-1.8279,2.4155,0.2175,1,0.0003
2868,-0.3025,-0.5990,-2.1756,2.7561,0.3496,1,0.0000
2869,-0.3420,-0.6003,-1.9594,2.5463,0.2198,1,0.0003
2870,-0.3051,-0.5990,-2.3093,2.8893,0.3518,1,0.0000
2871,-0.3458,-0.6003,-2.0909,2.6771,0.2221,1,0.0003
2872,-0.3078,-0.5990,-2.4429,3.0225,0.3541,1,0.0000
2873,-0.3496,-0.6004,-2.2224,2.8081,0.2244,1,0.0004
2874,-0.3105,-0.5990,-2.5766,3.1557,0.3563,1,0.0000
2875,-0.3522,-0.6004,-2.2206,2.8066,0.3584,1,0.0004
2876,-0.3132,-0.5990,-2.4436,3.0237,0.2263,1,0.0000
2877,-0.3536,-0.6003,-2.0855,2.6728,0.3603,1,0.0003
2878,-0.3159,-0.5990,-2.3106,2.8917,0.2282,1,0.0000
2879,-0.3550,-0.6003,-1.9504,2.5392,0.3623,1,0.0003
2880,-0.3187,-0.5990,-2.1775,2.7598,0.2300,1,0.0000
2881,-0.3564,-0.6003,-1.8153,2.4057,0.3642,1,0.0003
2882,-0.3215,-0.5990,-2.0445,2.6281,0.2319,1,0.0000
2883,-0.3579,-0.6003,-1.6802,2.2724,0.3662,1,0.0003
2884,-0.3243,-0.5990,-1.9115,2.4965,0.2338,1,0.0000
2885,-0.3595,-0.6003,-1.5450,2.1393,0.3681,1,0.0003
2886,-0.3271,-0.5990,-1.7785,2.3650,0.2356,1,0.0000
2887,-0.3610,-0.6003,-1.4099,2.0065,0.3701,1,0.0003
2888,-0.3299,-0.5990,-1.6454,2.2337,0.2375,1,0.0000
2889,-0.3627,-0.6003,-1.2748,1.8741,0.3720,1,0.0003
2890,-0.3328,-0.5990,-1.5124,2.1027,0.2394,1,0.0000
2891,-0.3644,-0.6003,-1.1397,1.7421,0.3740,1,0.0003
2892,-0.3357,-0.5990,-1.3793,1.9719,0.2413,1,0.0000
2893,-0.3387,-0.6000,-1.0238,1.6233,0.3555,1,0.0000
2894,-0.2849,-0.5987,-1.2777,1.8635,0.2596,1,0.0000
2895,-0.3048,-0.6002,-0.9035,1.4987,0.3747,1,0.0002
2896,-0.2735,-0.5991,-1.1469,1.7325,0.2454,1,0.0000
2897,-0.3020,-0.6003,-0.7688,1.3665,0.3791,1,0.0003
2898,-0.2766,-0.5990,-1.0138,1.6017,0.2463,1,0.0000
2899,-0.2960,-0.5996,-0.6340,1.2338,0.3804,1,0.0000
2900,-0.2787,-0.5990,-0.8807,1.4712,0.2473,1,0.0000
2901,-0.2906,-0.5990,-0.4988,1.1017,0.3820,1,0.0000
2902,-0.2801,-0.5990,-0.7474,1.3408,0.2488,1,0.0000
2903,-0.2875,-0.5988,-0.3633,0.9707,0.3842,1,0.0000
2904,-0.2810,-0.5990,-0.6142,1.2110,0.2509,1,0.0000
2905,-0.2858,-0.5988,-0.2277,0.8416,0.3865,1,0.0000
2906,-0.2816,-0.5990,-0.4809,1.0820,0.2532,1,0.0000
2907,-0.2848,-0.5990,-0.0920,0.7150,0.3889,1,0.0000
2908,-0.2821,-0.5990,-0.3476,0.9541,0.2556,1,0.0000
2909,-0.2844,-0.5992,0.0438,0.5927,0.3914,1,0.0000
2910,-0.2824,-0.5990,-0.2143,0.8278,0.2581,1,0.0000
2911,-0.2842,-0.5994,0.1796,0.4779,0.3940,1,0.0000
2912,-0.2827,-0.5990,-0.0810,0.7041,0.2607,1,0.0000
2913,-0.2841,-0.5997,0.3155,0.3774,0.3965,1,0.0000
2914,-0.2830,-0.5990,0.0522,0.5847,0.2632,1,0.0000
2915,-0.2841,-0.5999,0.4513,0.3056,0.3990,1,0.0000
2916,-0.2833,-0.5990,0.1855,0.4726,0.2658,1,0.0000
2917,-0.2842,-0.6001,0.5871,0.2851,0.4016,1,0.0001
2918,-0.2835,-0.5990,0.3188,0.3747,0.2683,1,0.0000
2919,-0.2843,-0.6003,0.7229,0.3258,0.4041,1,0.0003
2920,-0.2837,-0.5990,0.4521,0.3049,0.2709,1,0.0000
2921,-0.2844,-0.6004,0.8588,0.4097,0.4067,1,0.0004
2922,-0.2839,-0.5990,0.5853,0.2847,0.2734,1,0.0000
2923,-0.2845,-0.6005,0.9946,0.5162,0.4092,1,0.0005
2924,-0.2841,-0.5990,0.7186,0.3236,0.2759,1,0.0000
2925,-0.2846,-0.6005,1.1304,0.6340,0.4118,1,0.0005
2926,-0.2843,-0.5990,0.8519,0.4048,0.2785,1,0.0000
2927,-0.2847,-0.6006,1.2662,0.7578,0.4143,1,0.0006
2928,-0.2845,-0.5990,0.9852,0.5084,0.2810,1,0.0000
2929,-0.2848,-0.6005,1.4020,0.8852,0.4168,1,0.0005
2930,-0.2847,-0.5990,1.1185,0.6234,0.2835,1,0.0000
2931,-0.2849,-0.6005,1.5377,1.0147,0.4193,1,0.0005
2932,-0.2849,-0.5990,1.2517,0.7445,0.2860,1,0.0000
2933,-0.2850,-0.6005,1.6735,1.1457,0.4218,1,0.0005
2934,-0.2851,-0.5990,1.3850,0.8692,0.2885,1,0.0000
2935,-0.2851,-0.6004,1.8093,1.2777,0.4243,1,0.0004
2936,-0.2853,-0.5990,1.5183,0.9962,0.2910,1,0.0000
2937,-0.2852,-0.6003,1.9450,1.4104,0.4268,1,0.0003
2938,-0.2854,-0.5990,1.6516,1.1245,0.2935,1,0.0000
2939,-0.2854,-0.6003,2.0808,1.5436,0.4292,1,0.0003
2940,-0.2856,-0.5990,1.7848,1.2539,0.2960,1,0.0000
2941,-0.2854,-0.6002,2.2165,1.6772,0.4317,1,0.0002
2942,-0.2857,-0.5990,1.9181,1.3841,0.2984,1,0.0000
2943,-0.2855,-0.6002,2.3523,1.8111,0.4342,1,0.0002
2944,-0.2859,-0.5990,2.0514,1.5148,0.3009,1,0.0000
2945,-0.2856,-0.6002,2.4880,1.9453,0.4366,1,0.0002
2946,-0.2861,-0.5990,2.1847,1.6459,0.3033,1,0.0000
2947,-0.2858,-0.6001,2.6237,2.0796,0.4391,1,0.0001
2948,-0.2863,-0.5990,2.1846,1.6459,0.4391,1,0.0000
2949,-0.2860,-0.6001,2.4928,1.9500,0.3082,1,0.0001
2950,-0.2864,-0.5990,2.0512,1.5147,0.4416,1,0.0000
2951,-0.2862,-0.6001,2.3618,1.8206,0.3106,1,0.0001
2952,-0.2866,-0.5990,1.9178,1.3840,0.4440,1,0.0000
2953,-0.2865,-0.6001,2.2309,1.6915,0.3130,1,0.0001
2954,-0.2868,-0.5990,1.7845,1.2539,0.4464,1,0.0000
2955,-0.2867,-0.6002,2.0999,1.5626,0.3154,1,0.0002
2956,-0.2870,-0.5990,1.6511,1.1245,0.4488,1,0.0000
2957,-0.2869,-0.6002,1.9689,1.4341,0.3178,1,0.0002
2958,-0.2871,-0.5990,1.5177,0.9961,0.4512,1,0.0000
2959,-0.2872,-0.6002,1.8379,1.3060,0.3202,1,0.0002
2960,-0.2873,-0.5990,1.3843,0.8693,0.4536,1,0.0000
2961,-0.2874,-0.6002,1.7069,1.1787,0.3226,1,0.0002
2962,-0.2875,-0.5990,1.2509,0.7448,0.4560,1,0.0000
2963,-0.2877,-0.6003,1.5759,1.0522,0.3250,1,0.0003
2964,-0.2877,-0.5990,1.1175,0.6240,0.4584,1,0.0000
2965,-0.2879,-0.6003,1.4449,0.9269,0.3274,1,0.0003
2966,-0.2879,-0.5990,0.9841,0.5095,0.4608,1,0.0000
2967,-0.2879,-0.6002,1.3137,0.8032,0.3295,1,0.0002
2968,-0.2879,-0.5990,0.8508,0.4065,0.4629,1,0.0000
2969,-0.2867,-0.5999,1.1819,0.6814,0.3312,1,0.0000
2970,-0.2874,-0.5990,0.7174,0.3258,0.4646,1,0.0000
2971,-0.2852,-0.5998,1.0504,0.5640,0.3331,1,0.0000
2972,-0.2864,-0.5990,0.5840,0.2871,0.4664,1,0.0000
2973,-0.2835,-0.5997,0.9190,0.4545,0.3351,1,0.0000
2974,-0.2853,-0.5990,0.4506,0.3070,0.4684,1,0.0000
2975,-0.2817,-0.5998,0.7877,0.3599,0.3371,1,0.0000
2976,-0.2841,-0.5990,0.3172,0.3762,0.4705,1,0.0000
2977,-0.2800,-0.5999,0.6564,0.2949,0.3393,1,0.0000
2978,-0.2828,-0.5990,0.1838,0.4737,0.4726,1,0.0000
2979,-0.2782,-0.6000,0.5252,0.2809,0.3414,1,0.0000
2980,-0.2814,-0.5990,0.0504,0.5855,0.4748,1,0.0000
2981,-0.2764,-0.6001,0.3939,0.3245,0.3436,1,0.0001
2982,-0.2801,-0.5990,-0.0830,0.7049,0.4770,1,0.0000
2983,-0.2747,-0.6002,0.2627,0.4076,0.3457,1,0.0002
2984,-0.2787,-0.5990,-0.2164,0.8285,0.4791,1,0.0000
2985,-0.2729,-0.6003,0.1314,0.5113,0.3479,1,0.0003
2986,-0.2773,-0.5990,-0.3498,0.9548,0.4813,1,0.0000
2987,-0.2712,-0.6004,0.0002,0.6255,0.3501,1,0.0004
2988,-0.2760,-0.5990,-0.4832,1.0828,0.4835,1,0.0000
2989,-0.2695,-0.6004,-0.1310,0.7453,0.3522,1,0.0004
2990,-0.2746,-0.5990,-0.6166,1.2120,0.4856,1,0.0000
2991,-0.2678,-0.6005,-0.2623,0.8684,0.3544,1,0.0005
2992,-0.2733,-0.5990,-0.7500,1.3420,0.4878,1,0.0000
2993,-0.2660,-0.6005,-0.3936,0.9937,0.3566,1,0.0005
2994,-0.2719,-0.5990,-0.8834,1.4726,0.4899,1,0.0000
2995,-0.2643,-0.6005,-0.5248,1.1203,0.3587,1,0.0005
2996,-0.2706,-0.5990,-1.0168,1.6037,0.4921,1,0.0000
2997,-0.2626,-0.6006,-0.6561,1.2479,0.3608,1,0.0006
2998,-0.2692,-0.5990,-1.1502,1.7351,0.4942,1,0.0000
2999,-0.2609,-0.6006,-0.7874,1.3762,0.3630,1,0.0006
3000,-0.2679,-0.5990,-1.2836,1.8668,0.4963,1,0.0000
3001,-0.2592,-0.6005,-0.9186,1.5050,0.3651,1,0.0005
3002,-0.2665,-0.5990,-1.4170,1.9987,0.4985,1,0.0000
3003,-0.2575,-0.6005,-1.0499,1.6342,0.3672,1,0.0005
3004,-0.2652,-0.5990,-1.5505,2.1309,0.5006,1,0.0000
3005,-0.2558,-0.6005,-1.1812,1.7637,0.3693,1,0.0005
3006,-0.2638,-0.5990,-1.6839,2.2631,0.5027,1,0.0000
3007,-0.2541,-0.6005,-1.3125,1.8935,0.3714,1,0.0005
3008,-0.2625,-0.5990,-1.8173,2.3955,0.5048,1,0.0000
3009,-0.2523,-0.6005,-1.4439,2.0235,0.3735,1,0.0005
3010,-0.2611,-0.5990,-1.9507,2.5280,0.5069,1,0.0000
3011,-0.2505,-0.6004,-1.5752,2.1537,0.3756,1,0.0004
3012,-0.2597,-0.5990,-2.0841,2.6606,0.5090,1,0.0000
3013,-0.2487,-0.6004,-1.7065,2.2839,0.3777,1,0.0004
3014,-0.2583,-0.5990,-2.2175,2.7933,0.5110,1,0.0000
3015,-0.2469,-0.6004,-1.8379,2.4144,0.3798,1,0.0004
3016,-0.2569,-0.5990,-2.3509,2.9260,0.5131,1,0.0000
3017,-0.2450,-0.6004,-1.9692,2.5449,0.3819,1,0.0004
3018,-0.2555,-0.5990,-2.4843,3.0588,0.5152,1,0.0000
3019,-0.2431,-0.6004,-2.1006,2.6755,0.3839,1,0.0004
3020,-0.2541,-0.5990,-2.6177,3.1917,0.5172,1,0.0000
3021,-0.2416,-0.6004,-2.0986,2.6734,0.5192,1,0.0004
3022,-0.2527,-0.5990,-2.4845,3.0587,0.3860,1,0.0000
3023,-0.2404,-0.6004,-1.9634,2.5386,0.5212,1,0.0004
3024,-0.2512,-0.5990,-2.3512,2.9258,0.3880,1,0.0000
3025,-0.2392,-0.6004,-1.8281,2.4039,0.5232,1,0.0004
3026,-0.2497,-0.5990,-2.2180,2.7930,0.3900,1,0.0000
3027,-0.2432,-0.6008,-1.6928,2.2698,0.5252,1,0.0008
3028,-0.2488,-0.5990,-2.0847,2.6602,0.3919,1,0.0000
3029,-0.2588,-0.6018,-1.5576,2.1371,0.5272,1,0.0018
3030,-0.2500,-0.5990,-1.9514,2.5277,0.3940,1,0.0000
3031,-0.2687,-0.6021,-1.4224,2.0043,0.5293,1,0.0021
3032,-0.2525,-0.5990,-1.8182,2.3954,0.3961,1,0.0000
3033,-0.2753,-0.6022,-1.2874,1.8716,0.5313,1,0.0022
3034,-0.2558,-0.5990,-1.6850,2.2634,0.3981,1,0.0000
3035,-0.2801,-0.6021,-1.1525,1.7390,0.5331,1,0.0021
3036,-0.2594,-0.5990,-1.5519,2.1316,0.4000,1,0.0000
3037,-0.2840,-0.6019,-1.0176,1.6067,0.5349,1,0.0019
3038,-0.2634,-0.5990,-1.4188,2.0000,0.4017,1,0.0000
3039,-0.2873,-0.6017,-0.8827,1.4748,0.5365,1,0.0017
3040,-0.2675,-0.5989,-1.2856,1.8687,0.4034,1,0.0000
3041,-0.2904,-0.6015,-0.7479,1.3435,0.5382,1,0.0015
3042,-0.2555,-0.5986,-1.1544,1.7371,0.4080,1,0.0000
3043,-0.2772,-0.6012,-0.6152,1.2112,0.5397,1,0.0012
3044,-0.2563,-0.5989,-1.0213,1.6057,0.4066,1,0.0000
3045,-0.2768,-0.6009,-0.4805,1.0804,0.5412,1,0.0009
3046,-0.2542,-0.5989,-0.8882,1.4741,0.4083,1,0.0000
3047,-0.2734,-0.6007,-0.3457,0.9498,0.5428,1,0.0007
3048,-0.2534,-0.5988,-0.7550,1.3430,0.4098,1,0.0000
3049,-0.2713,-0.6005,-0.2110,0.8210,0.5443,1,0.0005
3050,-0.2536,-0.5989,-0.6219,1.2125,0.4112,1,0.0000
3051,-0.2703,-0.6004,-0.0763,0.6948,0.5459,1,0.0004
3052,-0.2547,-0.5989,-0.4887,1.0829,0.4127,1,0.0000
3053,-0.2702,-0.6003,0.0585,0.5731,0.5474,1,0.0003
3054,-0.2563,-0.5989,-0.3556,0.9545,0.4143,1,0.0000
3055,-0.2706,-0.6002,0.1932,0.4589,0.5489,1,0.0002
3056,-0.2582,-0.5989,-0.2224,0.8275,0.4158,1,0.0000
3057,-0.2713,-0.6002,0.3279,0.3595,0.5505,1,0.0002
3058,-0.2602,-0.5989,-0.0892,0.7030,0.4173,1,0.0000
3059,-0.2721,-0.6002,0.4627,0.2903,0.5520,1,0.0002
3060,-0.2621,-0.5989,0.0440,0.5822,0.4188,1,0.0000
3061,-0.2728,-0.6002,0.5974,0.2749,0.5535,1,0.0002
3062,-0.2636,-0.5989,0.1771,0.4680,0.4204,1,0.0000
3063,-0.2732,-0.6002,0.7321,0.3209,0.5550,1,0.0002
3064,-0.2648,-0.5989,0.3103,0.3666,0.4219,1,0.0000
3065,-0.2796,-0.6010,0.8637,0.4099,0.5535,1,0.0010
3066,-0.2616,-0.5994,0.4433,0.2880,0.4207,1,0.0000
3067,-0.2775,-0.6014,0.9947,0.5125,0.5516,1,0.0014
3068,-0.2528,-0.5994,0.5762,0.2531,0.4193,1,0.0000
3069,-0.2669,-0.6014,1.1261,0.6224,0.5501,1,0.0014
3070,-0.2412,-0.5993,0.7089,0.2815,0.4180,1,0.0000
3071,-0.2521,-0.6011,1.2577,0.7382,0.5489,1,0.0011
3072,-0.2286,-0.5992,0.8416,0.3598,0.4167,1,0.0000
3073,-0.2359,-0.6006,1.3895,0.8587,0.5479,1,0.0006
3074,-0.2165,-0.5991,0.9743,0.4641,0.4156,1,0.0000
3075,-0.2199,-0.5999,1.5215,0.9826,0.5472,1,0.0000
3076,-0.2058,-0.5990,1.1071,0.5809,0.4147,1,0.0000
3077,-0.2054,-0.5991,1.6537,1.1091,0.5466,1,0.0000
3078,-0.1971,-0.5987,1.2399,0.7042,0.4139,1,0.0000
3079,-0.1956,-0.5984,1.7862,1.2379,0.5463,1,0.0000
3080,-0.2099,-0.5981,1.3728,0.8357,0.4136,1,0.0000
3081,-0.2045,-0.5976,1.9192,1.3707,0.5465,1,0.0000
3082,-0.2226,-0.5980,1.5057,0.9678,0.4139,1,0.0000
3083,-0.2134,-0.5969,2.0524,1.5038,0.5468,1,0.0000
3084,-0.2352,-0.5980,1.6387,1.1003,0.4143,1,0.0000
3085,-0.2223,-0.5963,2.1856,1.6370,0.5471,1,0.0000
3086,-0.2477,-0.5980,1.7717,1.2330,0.4147,1,0.0000
3087,-0.2313,-0.5957,2.3189,1.7703,0.5475,1,0.0000
3088,-0.2601,-0.5980,1.9048,1.3660,0.4151,1,0.0000
3089,-0.2402,-0.5953,2.4523,1.9037,0.5478,1,0.0000
3090,-0.2725,-0.5981,2.0380,1.4991,0.4156,1,0.0000
3091,-0.2491,-0.5951,2.5857,2.0372,0.5483,1,0.0000
3092,-0.2848,-0.5981,2.0378,1.5013,0.5491,1,0.0000
3093,-0.2650,-0.5956,2.4526,1.9073,0.4152,1,0.0000
3094,-0.2971,-0.5982,1.9043,1.3730,0.5492,1,0.0000
3095,-0.2808,-0.5961,2.3195,1.7779,0.4154,1,0.0000
3096,-0.3093,-0.5983,1.7708,1.2460,0.5494,1,0.0000
3097,-0.2966,-0.5967,2.1862,1.6493,0.4157,1,0.0000
3098,-0.3216,-0.5983,1.6372,1.1205,0.5496,1,0.0000
3099,-0.3123,-0.5973,2.0530,1.5215,0.4159,1,0.0000
3100,-0.3338,-0.5984,1.5036,0.9972,0.5498,1,0.0000
3101,-0.3281,-0.5979,1.9197,1.3949,0.4161,1,0.0000
3102,-0.3126,-0.5963,1.4161,0.9078,0.5038,1,0.0000
3103,-0.2750,-0.5962,1.8659,1.3308,0.4513,1,0.0000
3104,-0.2564,-0.5963,1.3472,0.8243,0.5190,1,0.0000
3105,-0.2257,-0.5970,1.7769,1.2339,0.4308,1,0.0000
3106,-0.2144,-0.5970,1.2401,0.7094,0.5370,1,0.0000
3107,-0.2157,-0.5991,1.6528,1.1101,0.4127,1,0.0000
3108,-0.2156,-0.5990,1.1063,0.5837,0.5465,1,0.0000
3109,-0.2191,-0.5994,1.5188,0.9798,0.4125,1,0.0000
3110,-0.2153,-0.5990,0.9724,0.4619,0.5464,1,0.0000
3111,-0.2225,-0.5996,1.3847,0.8505,0.4124,1,0.0000
3112,-0.2144,-0.5990,0.8385,0.3485,0.5462,1,0.0000
3113,-0.2253,-0.5998,1.2505,0.7227,0.4121,1,0.0000
3114,-0.2129,-0.5990,0.7046,0.2552,0.5461,1,0.0000
3115,-0.2266,-0.5999,1.1167,0.5975,0.4123,1,0.0000
3116,-0.2120,-0.5990,0.5706,0.2121,0.5463,1,0.0000
3117,-0.2255,-0.5997,0.9843,0.4771,0.4139,1,0.0000
3118,-0.2140,-0.5990,0.4368,0.2489,0.5476,1,0.0000
3119,-0.2287,-0.5996,0.8518,0.3677,0.4153,1,0.0000
3120,-0.2179,-0.5985,0.3031,0.3398,0.5489,1,0.0000
3121,-0.2345,-0.5996,0.7193,0.2814,0.4166,1,0.0000
3122,-0.2240,-0.5986,0.1694,0.4536,0.5501,1,0.0000
3123,-0.2418,-0.5997,0.5869,0.2429,0.4179,1,0.0000
3124,-0.2303,-0.5986,0.0357,0.5762,0.5513,1,0.0000
3125,-0.2497,-0.5997,0.4544,0.2726,0.4192,1,0.0000
3126,-0.2366,-0.5987,-0.0980,0.7029,0.5526,1,0.0000
3127,-0.2574,-0.5998,0.3220,0.3532,0.4205,1,0.0000
3128,-0.2424,-0.5988,-0.2317,0.8316,0.5538,1,0.0000
3129,-0.2647,-0.6000,0.1895,0.4585,0.4218,1,0.0000
3130,-0.2474,-0.5988,-0.3653,0.9615,0.5551,1,0.0000
3131,-0.2712,-0.6001,0.0571,0.5748,0.4231,1,0.0001
3132,-0.2515,-0.5988,-0.4990,1.0922,0.5564,1,0.0000
3133,-0.2767,-0.6003,-0.0754,0.6965,0.4244,1,0.0003
3134,-0.2547,-0.5989,-0.6327,1.2233,0.5577,1,0.0000
3135,-0.2813,-0.6004,-0.2078,0.8213,0.4257,1,0.0004
3136,-0.2570,-0.5989,-0.7664,1.3548,0.5591,1,0.0000
3137,-0.2849,-0.6006,-0.3402,0.9479,0.4270,1,0.0006
3138,-0.2584,-0.5989,-0.9000,1.4865,0.5604,1,0.0000
3139,-0.2877,-0.6007,-0.4727,1.0757,0.4284,1,0.0007
3140,-0.2592,-0.5989,-1.0337,1.6184,0.5618,1,0.0000
3141,-0.2897,-0.6008,-0.6051,1.2043,0.4297,1,0.0008
3142,-0.2593,-0.5989,-1.1674,1.7505,0.5631,1,0.0000
3143,-0.2910,-0.6009,-0.7375,1.3335,0.4310,1,0.0009
3144,-0.2650,-0.5989,-1.3012,1.8838,0.5643,1,0.0000
3145,-0.2979,-0.6010,-0.8700,1.4645,0.4325,1,0.0010
3146,-0.2714,-0.5989,-1.4349,2.0171,0.5655,1,0.0000
3147,-0.3054,-0.6011,-1.0024,1.5957,0.4339,1,0.0011
3148,-0.2777,-0.5989,-1.5686,2.1505,0.5669,1,0.0000
3149,-0.3128,-0.6012,-1.1347,1.7271,0.4353,1,0.0012
3150,-0.2840,-0.5989,-1.7023,2.2839,0.5683,1,0.0000
3151,-0.3201,-0.6012,-1.2670,1.8586,0.4368,1,0.0012
3152,-0.2901,-0.5989,-1.8360,2.4173,0.5698,1,0.0000
3153,-0.3291,-0.6246,-1.4178,2.0089,0.4208,1,0.0246
3154,-0.2970,-0.5989,-1.9698,2.5510,0.5536,1,0.0000
3155,-0.3361,-0.6237,-1.5555,2.1459,0.4169,1,0.0237
3156,-0.3035,-0.5990,-2.1035,2.6845,0.5495,1,0.0000
3157,-0.3422,-0.6271,-1.6888,2.2786,0.4174,1,0.0271
3158,-0.3096,-0.5989,-2.2369,2.8178,0.5498,1,0.0000
3159,-0.3485,-0.6305,-1.8218,2.4111,0.4181,1,0.0305
3160,-0.3153,-0.5988,-2.3701,2.9508,0.5503,1,0.0000
3161,-0.3550,-0.6331,-1.9543,2.5433,0.4190,1,0.0331
3162,-0.3209,-0.5987,-2.5030,3.0836,0.5508,1,0.0000
3163,-0.3600,-0.6328,-1.9535,2.5432,0.5520,1,0.0328
3164,-0.3263,-0.5985,-2.3697,2.9516,0.4190,1,0.0000
3165,-0.3635,-0.6293,-1.8195,2.4111,0.5523,1,0.0293
3166,-0.3317,-0.5983,-2.2363,2.8197,0.4192,1,0.0000
3167,-0.3671,-0.6243,-1.6855,2.2793,0.5526,1,0.0243
3168,-0.3369,-0.5980,-2.1029,2.6880,0.4193,1,0.0000
3169,-0.3707,-0.6179,-1.5515,2.1477,0.5528,1,0.0179
3170,-0.3421,-0.5976,-1.9695,2.5563,0.4194,1,0.0000
3171,-0.3742,-0.6104,-1.4176,2.0165,0.5530,1,0.0104
3172,-0.3471,-0.5975,-1.8361,2.4249,0.4196,1,0.0000
3173,-0.3780,-0.6018,-1.2845,1.8866,0.5525,1,0.0018
3174,-0.3522,-0.5973,-1.7027,2.2937,0.4190,1,0.0000
3175,-0.3820,-0.5936,-1.1534,1.7592,0.5502,1,0.0000
3176,-0.3574,-0.5962,-1.5695,2.1630,0.4169,1,0.0000
3177,-0.3854,-0.5857,-1.0210,1.6311,0.5492,1,0.0000
3178,-0.3625,-0.5967,-1.4361,2.0325,0.4158,1,0.0000
3179,-0.3887,-0.5836,-0.8879,1.5030,0.5490,1,0.0000
3180,-0.3471,-0.5957,-1.3200,1.9156,0.4343,1,0.0000
3181,-0.3416,-0.5771,-0.7943,1.4006,0.5261,1,0.0000
3182,-0.2960,-0.5867,-1.2215,1.8097,0.4297,1,0.0000
3183,-0.3095,-0.5854,-0.6751,1.2771,0.5465,1,0.0000
3184,-0.2703,-0.5856,-1.0958,1.6816,0.4225,1,0.0000
3185,-0.2766,-0.5802,-0.5526,1.1503,0.5433,1,0.0000
3186,-0.2392,-0.5945,-0.9689,1.5513,0.4183,1,0.0000
3187,-0.2602,-0.5952,-0.4216,1.0192,0.5478,1,0.0000
3188,-0.2413,-0.5960,-0.8354,1.4199,0.4143,1,0.0000
3189,-0.2612,-0.5995,-0.2881,0.8911,0.5476,1,0.0000
3190,-0.2386,-0.5962,-0.7020,1.2881,0.4145,1,0.0000
3191,-0.2574,-0.6028,-0.1547,0.7633,0.5476,1,0.0028
3192,-0.2356,-0.5957,-0.5686,1.1567,0.4146,1,0.0000
3193,-0.2533,-0.6042,-0.0214,0.6377,0.5476,1,0.0042
3194,-0.2326,-0.5967,-0.4351,1.0257,0.4143,1,0.0000
3195,-0.2493,-0.6056,0.1121,0.5160,0.5475,1,0.0056
3196,-0.2299,-0.5964,-0.3018,0.8956,0.4144,1,0.0000
3197,-0.2456,-0.6054,0.2454,0.4022,0.5474,1,0.0054
3198,-0.2273,-0.5965,-0.1684,0.7667,0.4143,1,0.0000
3199,-0.2393,-0.6040,0.3784,0.3028,0.5470,1,0.0040
3200,-0.2268,-0.5969,-0.0350,0.6403,0.4136,1,0.0000
3201,-0.2301,-0.5991,0.5106,0.2361,0.5456,1,0.0000
3202,-0.2285,-0.5966,0.0985,0.5185,0.4122,1,0.0000
3203,-0.2289,-0.5943,0.6432,0.2423,0.5448,1,0.0000
3204,-0.2291,-0.5968,0.2321,0.4032,0.4112,1,0.0000
3205,-0.2284,-0.5918,0.7761,0.3119,0.5441,1,0.0000
3206,-0.2289,-0.5966,0.3657,0.3028,0.4104,1,0.0000
3207,-0.2280,-0.5908,0.9092,0.4139,0.5435,1,0.0000
3208,-0.2284,-0.5976,0.4996,0.2373,0.4096,1,0.0000
3209,-0.2279,-0.5928,1.0421,0.5298,0.5425,1,0.0000
3210,-0.2280,-0.5978,0.6334,0.2384,0.4087,1,0.0000
3211,-0.2278,-0.5945,1.1751,0.6523,0.5417,1,0.0000
3212,-0.2276,-0.5984,0.7673,0.3053,0.4077,1,0.0000
3213,-0.2277,-0.5981,1.3083,0.7785,0.5410,1,0.0000
3214,-0.2272,-0.5981,0.9013,0.4068,0.4070,1,0.0000
3215,-0.2275,-0.6041,1.4417,0.9069,0.5404,1,0.0041
3216,-0.2268,-0.5986,1.0354,0.5233,0.4063,1,0.0000
3217,-0.2272,-0.6120,1.5754,1.0369,0.5402,1,0.0120
3218,-0.2263,-0.5993,1.1694,0.6465,0.4063,1,0.0000
3219,-0.2265,-0.6225,1.7103,1.1689,0.5414,1,0.0225
3220,-0.2251,-0.5999,1.3034,0.7730,0.4076,1,0.0000
3221,-0.2258,-0.6335,1.8451,1.3015,0.5428,1,0.0335
3222,-0.2236,-0.5991,1.4372,0.9016,0.4094,1,0.0000
3223,-0.2247,-0.6405,1.9801,1.4346,0.5445,1,0.0405
3224,-0.2218,-0.5990,1.5709,1.0312,0.4113,1,0.0000
3225,-0.2235,-0.6394,2.1153,1.5680,0.5459,1,0.0394
3226,-0.2200,-0.5989,1.7042,1.1614,0.4131,1,0.0000
3227,-0.2224,-0.6353,2.2505,1.7016,0.5474,1,0.0353
3228,-0.2181,-0.5988,1.8373,1.2920,0.4148,1,0.0000
3229,-0.2219,-0.6311,2.3843,1.8343,0.5480,1,0.0311
3230,-0.2161,-0.5986,1.9700,1.4226,0.4157,1,0.0000
3231,-0.2225,-0.6269,2.5174,1.9664,0.5482,1,0.0269
3232,-0.2140,-0.5981,1.9694,1.4218,0.5488,1,0.0000
3233,-0.2218,-0.6199,2.3844,1.8342,0.4157,1,0.0199
3234,-0.2118,-0.5987,1.8356,1.2893,0.5493,1,0.0000
3235,-0.2201,-0.6132,2.2516,1.7021,0.4164,1,0.0132
3236,-0.2096,-0.5978,1.7017,1.1570,0.5502,1,0.0000
3237,-0.2164,-0.6093,2.1190,1.5702,0.4175,1,0.0093
3238,-0.2078,-0.5980,1.5678,1.0252,0.5514,1,0.0000
3239,-0.2136,-0.6076,1.9869,1.4390,0.4193,1,0.0076
3240,-0.2061,-0.5981,1.4337,0.8939,0.5533,1,0.0000
3241,-0.2111,-0.6084,1.8548,1.3082,0.4213,1,0.0084
3242,-0.2044,-0.5968,1.2998,0.7638,0.5552,1,0.0000
3243,-0.2087,-0.6090,1.7230,1.1779,0.4234,1,0.0090
3244,-0.2026,-0.5965,1.1659,0.6352,0.5573,1,0.0000
3245,-0.2057,-0.6146,1.5916,1.0482,0.4261,1,0.0146
3246,-0.2010,-0.5968,1.0320,0.5095,0.5599,1,0.0000
3247,-0.2028,-0.6233,1.4600,0.9191,0.4288,1,0.0233
3248,-0.1994,-0.5965,0.8982,0.3893,0.5624,1,0.0000
3249,-0.1999,-0.6247,1.3290,0.7913,0.4318,1,0.0247
3250,-0.1979,-0.5953,0.7645,0.2819,0.5653,1,0.0000
3251,-0.1972,-0.6218,1.1984,0.6649,0.4347,1,0.0218
3252,-0.1964,-0.5951,0.6309,0.2075,0.5682,1,0.0000
3253,-0.1948,-0.6161,1.0683,0.5410,0.4379,1,0.0161
3254,-0.1949,-0.5957,0.4972,0.2060,0.5714,1,0.0000
3255,-0.1926,-0.6094,0.9383,0.4212,0.4413,1,0.0094
3256,-0.1933,-0.5951,0.3639,0.2781,0.5746,1,0.0000
3257,-0.1905,-0.6040,0.8083,0.3100,0.4445,1,0.0040
3258,-0.1918,-0.5957,0.2306,0.3845,0.5778,1,0.0000
3259,-0.1885,-0.5989,0.6785,0.2207,0.4480,1,0.0000
3260,-0.1902,-0.5962,0.0973,0.5038,0.5812,1,0.0000
3261,-0.1865,-0.5962,0.5487,0.1872,0.4514,1,0.0000
3262,-0.1886,-0.5965,-0.0361,0.6289,0.5848,1,0.0000
3263,-0.1846,-0.5944,0.4185,0.2350,0.4547,1,0.0000
3264,-0.1871,-0.5957,-0.1695,0.7568,0.5880,1,0.0000
3265,-0.1828,-0.5925,0.2885,0.3305,0.4580,1,0.0000
3266,-0.1855,-0.5960,-0.3026,0.8861,0.5912,1,0.0000
3267,-0.1809,-0.5924,0.1587,0.4438,0.4613,1,0.0000
3268,-0.1839,-0.5963,-0.4359,1.0165,0.5946,1,0.0000
3269,-0.1806,-0.6104,0.0076,0.5849,0.4437,1,0.0104
3270,-0.1811,-0.5961,-0.5693,1.1475,0.5771,1,0.0000
3271,-0.1781,-0.6147,-0.1269,0.7135,0.4428,1,0.0147
3272,-0.1793,-0.5975,-0.7030,1.2795,0.5764,1,0.0000
3273,-0.1758,-0.6173,-0.2594,0.8420,0.4441,1,0.0173
3274,-0.1778,-0.5979,-0.8368,1.4119,0.5777,1,0.0000
3275,-0.1735,-0.6165,-0.3906,0.9703,0.4466,1,0.0165
3276,-0.1764,-0.5978,-0.9706,1.5446,0.5803,1,0.0000
3277,-0.1715,-0.6152,-0.5219,1.0993,0.4491,1,0.0152
3278,-0.1750,-0.5981,-1.1046,1.6776,0.5830,1,0.0000
3279,-0.1695,-0.6133,-0.6532,1.2289,0.4516,1,0.0133
3280,-0.1737,-0.5984,-1.2385,1.8107,0.5855,1,0.0000
3281,-0.1677,-0.6105,-0.7846,1.3589,0.4541,1,0.0105
3282,-0.1723,-0.5986,-1.3724,1.9439,0.5880,1,0.0000
3283,-0.1658,-0.6068,-0.9160,1.4891,0.4566,1,0.0068
3284,-0.1709,-0.5988,-1.5062,2.0771,0.5903,1,0.0000
3285,-0.1641,-0.6022,-1.0474,1.6196,0.4589,1,0.0022
3286,-0.1696,-0.5989,-1.6399,2.2103,0.5926,1,0.0000
3287,-0.1624,-0.5970,-1.1787,1.7501,0.4612,1,0.0000
3288,-0.1683,-0.5990,-1.7734,2.3433,0.5946,1,0.0000
3289,-0.1607,-0.5912,-1.3100,1.8808,0.4635,1,0.0000
3290,-0.1671,-0.5990,-1.9065,2.4760,0.5966,1,0.0000
3291,-0.1590,-0.5869,-1.4415,2.0117,0.4653,1,0.0000
3292,-0.1658,-0.5990,-2.0396,2.6087,0.5982,1,0.0000
3293,-0.1574,-0.5848,-1.5727,2.1424,0.4671,1,0.0000
3294,-0.1644,-0.5990,-2.1726,2.7413,0.6000,1,0.0000
3295,-0.1557,-0.5848,-1.7038,2.2730,0.4691,1,0.0000
3296,-0.1630,-0.5989,-2.3056,2.8740,0.6020,1,0.0000
3297,-0.1540,-0.5865,-1.8349,2.4037,0.4710,1,0.0000
3298,-0.1616,-0.5990,-2.4386,3.0068,0.6039,1,0.0000
3299,-0.1521,-0.5893,-1.9660,2.5345,0.4728,1,0.0000
3300,-0.1602,-0.5990,-2.5717,3.1396,0.6058,1,0.0000
3301,-0.1506,-0.5933,-1.9640,2.5324,0.6078,1,0.0000
3302,-0.1587,-0.5990,-2.4382,3.0063,0.4743,1,0.0000
3303,-0.1543,-0.5981,-1.8289,2.3977,0.6094,1,0.0000
3304,-0.1580,-0.5990,-2.3048,2.8730,0.4759,1,0.0000
3305,-0.1690,-0.6027,-1.6939,2.2641,0.6110,1,0.0027
3306,-0.1595,-0.5990,-2.1714,2.7399,0.4776,1,0.0000
3307,-0.1784,-0.6059,-1.5590,2.1304,0.6127,1,0.0059
3308,-0.1624,-0.5990,-2.0381,2.6070,0.4794,1,0.0000
3309,-0.1849,-0.6077,-1.4243,1.9967,0.6143,1,0.0077
3310,-0.1661,-0.5990,-1.9049,2.4743,0.4811,1,0.0000
3311,-0.1898,-0.6083,-1.2896,1.8632,0.6158,1,0.0083
3312,-0.1703,-0.5990,-1.7717,2.3418,0.4826,1,0.0000
3313,-0.1940,-0.6079,-1.1550,1.7298,0.6173,1,0.0079
3314,-0.1748,-0.5990,-1.6386,2.2094,0.4841,1,0.0000
3315,-0.1979,-0.6069,-1.0204,1.5966,0.6187,1,0.0069
3316,-0.1795,-0.5989,-1.5055,2.0771,0.4855,1,0.0000
3317,-0.2015,-0.6054,-0.8858,1.4636,0.6201,1,0.0054
3318,-0.1842,-0.5989,-1.3724,1.9450,0.4869,1,0.0000
3319,-0.2051,-0.6038,-0.7513,1.3311,0.6215,1,0.0038
3320,-0.1890,-0.5989,-1.2393,1.8130,0.4883,1,0.0000
3321,-0.2088,-0.6022,-0.6168,1.1989,0.6228,1,0.0022
3322,-0.1938,-0.5988,-1.1062,1.6812,0.4896,1,0.0000
3323,-0.2125,-0.6009,-0.4822,1.0674,0.6242,1,0.0009
3324,-0.1987,-0.5988,-0.9730,1.5497,0.4910,1,0.0000
3325,-0.2163,-0.5998,-0.3477,0.9369,0.6256,1,0.0000
3326,-0.2037,-0.5988,-0.8399,1.4184,0.4923,1,0.0000
3327,-0.2201,-0.5991,-0.2132,0.8076,0.6269,1,0.0000
3328,-0.2088,-0.5988,-0.7067,1.2876,0.4937,1,0.0000
3329,-0.2241,-0.5987,-0.0787,0.6805,0.6282,1,0.0000
3330,-0.2140,-0.5988,-0.5736,1.1574,0.4950,1,0.0000
3331,-0.2283,-0.5986,0.0558,0.5570,0.6295,1,0.0000
3332,-0.2192,-0.5988,-0.4404,1.0279,0.4963,1,0.0000
3333,-0.2325,-0.5987,0.1903,0.4400,0.6308,1,0.0000
3334,-0.2247,-0.5988,-0.3072,0.8996,0.4976,1,0.0000
3335,-0.2422,-0.5995,0.3238,0.3410,0.6313,1,0.0000
3336,-0.2320,-0.5988,-0.1741,0.7736,0.4980,1,0.0000
3337,-0.2518,-0.6002,0.4571,0.2735,0.6315,1,0.0002
3338,-0.2410,-0.5988,-0.0412,0.6512,0.4984,1,0.0000
3339,-0.2604,-0.6007,0.5905,0.2618,0.6319,1,0.0007
3340,-0.2419,-0.5993,0.0918,0.5304,0.4990,1,0.0000
3341,-0.2582,-0.6009,0.7237,0.3036,0.6321,1,0.0009
3342,-0.2363,-0.5993,0.2248,0.4133,0.4994,1,0.0000
3343,-0.2491,-0.6010,0.8568,0.3846,0.6322,1,0.0010
3344,-0.2299,-0.5992,0.3577,0.3088,0.4995,1,0.0000
3345,-0.2398,-0.6009,0.9899,0.4889,0.6323,1,0.0009
3346,-0.2238,-0.5991,0.4907,0.2355,0.4995,1,0.0000
3347,-0.2308,-0.6007,1.1230,0.6049,0.6324,1,0.0007
3348,-0.2184,-0.5991,0.6237,0.2265,0.4995,1,0.0000
3349,-0.2225,-0.6004,1.2561,0.7272,0.6324,1,0.0004
3350,-0.2139,-0.5990,0.7567,0.2880,0.4995,1,0.0000
3351,-0.2151,-0.6001,1.3893,0.8530,0.6325,1,0.0001
3352,-0.2102,-0.5990,0.8898,0.3879,0.4995,1,0.0000
3353,-0.2085,-0.5996,1.5224,0.9810,0.6326,1,0.0000
3354,-0.2074,-0.5989,1.0229,0.5037,0.4995,1,0.0000
3355,-0.2029,-0.5992,1.6556,1.1104,0.6327,1,0.0000
3356,-0.2054,-0.5989,1.1560,0.6268,0.4996,1,0.0000
3357,-0.1980,-0.5987,1.7887,1.2408,0.6327,1,0.0000
3358,-0.2073,-0.5988,1.2905,0.7556,0.4983,1,0.0000
3359,-0.1985,-0.5983,1.9232,1.3738,0.6328,1,0.0000
3360,-0.2194,-0.5983,1.4236,0.8874,0.5000,1,0.0000
3361,-0.2075,-0.5979,2.0566,1.5071,0.6330,1,0.0000
3362,-0.2318,-0.5983,1.5568,1.0197,0.5003,1,0.0000
3363,-0.2166,-0.5976,2.1899,1.6404,0.6332,1,0.0000
3364,-0.2445,-0.5983,1.6901,1.1525,0.5006,1,0.0000
3365,-0.2252,-0.5971,2.3216,1.7722,0.6319,1,0.0000
3366,-0.2586,-0.5982,1.8233,1.2857,0.4995,1,0.0000
3367,-0.2345,-0.5965,2.4534,1.9040,0.6306,1,0.0000
3368,-0.2740,-0.5981,1.9565,1.4194,0.4984,1,0.0000
3369,-0.2448,-0.5960,2.5856,2.0365,0.6297,1,0.0000
3370,-0.2901,-0.5981,1.9565,1.4226,0.6307,1,0.0000
3371,-0.2639,-0.5961,2.4514,1.9060,0.4956,1,0.0000
3372,-0.3066,-0.5980,1.8231,1.2960,0.6298,1,0.0000
3373,-0.2837,-0.5962,2.3174,1.7764,0.4948,1,0.0000
3374,-0.3233,-0.5979,1.6896,1.1713,0.6290,1,0.0000
3375,-0.3041,-0.5963,2.1833,1.6478,0.4941,1,0.0000
3376,-0.3401,-0.5978,1.5561,1.0489,0.6283,1,0.0000
3377,-0.3247,-0.5964,2.0493,1.5205,0.4935,1,0.0000
3378,-0.3367,-0.5958,1.4659,0.9629,0.5834,1,0.0000
3379,-0.2940,-0.5935,2.0078,1.4736,0.5436,1,0.0000
3380,-0.2938,-0.5947,1.4351,0.9195,0.5728,1,0.0000
3381,-0.2484,-0.5929,1.9653,1.4233,0.5322,1,0.0000
3382,-0.2394,-0.5976,1.3860,0.8563,0.5794,1,0.0000
3383,-0.1958,-0.5928,1.8983,1.3488,0.5142,1,0.0000
3384,-0.1859,-0.5976,1.3030,0.7621,0.5955,1,0.0000
3385,-0.1588,-0.5943,1.7935,1.2399,0.4913,1,0.0000
3386,-0.1594,-0.5979,1.1816,0.6380,0.6119,1,0.0000
3387,-0.1553,-0.5966,1.6637,1.1108,0.4821,1,0.0000
3388,-0.1663,-0.5983,1.0478,0.5118,0.6160,1,0.0000
3389,-0.1653,-0.5970,1.5290,0.9792,0.4812,1,0.0000
3390,-0.1680,-0.5983,0.9140,0.3884,0.6151,1,0.0000
3391,-0.1705,-0.5975,1.3942,0.8477,0.4802,1,0.0000
3392,-0.1693,-0.5983,0.7801,0.2747,0.6141,1,0.0000
3393,-0.1762,-0.5980,1.2592,0.7173,0.4792,1,0.0000
3394,-0.1709,-0.5984,0.6461,0.1897,0.6131,1,0.0000
3395,-0.1820,-0.5985,1.1242,0.5892,0.4782,1,0.0000
3396,-0.1725,-0.5984,0.5121,0.1801,0.6122,1,0.0000
3397,-0.1879,-0.5990,0.9891,0.4649,0.4772,1,0.0000
3398,-0.1741,-0.5984,0.3780,0.2546,0.6112,1,0.0000
3399,-0.1938,-0.5995,0.8539,0.3489,0.4763,1,0.0000
3400,-0.1756,-0.5985,0.2439,0.3650,0.6103,1,0.0000
3401,-0.1995,-0.5999,0.7186,0.2526,0.4754,1,0.0000
3402,-0.1770,-0.5985,0.1096,0.4875,0.6094,1,0.0000
3403,-0.2052,-0.6003,0.5833,0.2061,0.4745,1,0.0003
3404,-0.1782,-0.5985,-0.0246,0.6149,0.6085,1,0.0000
3405,-0.2082,-0.6006,0.4490,0.2378,0.4746,1,0.0006
3406,-0.1804,-0.5985,-0.1589,0.7449,0.6085,1,0.0000
3407,-0.2123,-0.6007,0.3149,0.3271,0.4749,1,0.0007
3408,-0.1837,-0.5986,-0.2931,0.8764,0.6087,1,0.0000
3409,-0.2180,-0.6009,0.1809,0.4406,0.4752,1,0.0009
3410,-0.1879,-0.5986,-0.4272,1.0087,0.6089,1,0.0000
3411,-0.2247,-0.6011,0.0469,0.5637,0.4756,1,0.0011
3412,-0.1923,-0.5987,-0.5614,1.1415,0.6092,1,0.0000
3413,-0.2318,-0.6013,-0.0871,0.6910,0.4759,1,0.0013
3414,-0.1967,-0.5988,-0.6956,1.2747,0.6094,1,0.0000
3415,-0.2389,-0.6015,-0.2212,0.8205,0.4763,1,0.0015
3416,-0.2008,-0.5988,-0.8297,1.4080,0.6098,1,0.0000
3417,-0.2457,-0.6017,-0.3552,0.9513,0.4767,1,0.0017
3418,-0.2045,-0.5989,-0.9639,1.5414,0.6101,1,0.0000
3419,-0.2521,-0.6019,-0.4892,1.0828,0.4771,1,0.0019
3420,-0.2077,-0.5989,-1.0982,1.6749,0.6105,1,0.0000
3421,-0.2579,-0.6020,-0.6233,1.2148,0.4775,1,0.0020
3422,-0.2103,-0.5989,-1.2324,1.8085,0.6110,1,0.0000
3423,-0.2643,-0.6022,-0.7573,1.3473,0.4781,1,0.0022
3424,-0.2228,-0.5984,-1.3667,1.9433,0.6108,1,0.0000
3425,-0.2795,-0.6024,-0.8912,1.4816,0.4789,1,0.0024
3426,-0.2352,-0.5984,-1.5009,2.0781,0.6114,1,0.0000
3427,-0.2946,-0.6026,-1.0250,1.6160,0.4796,1,0.0026
3428,-0.2475,-0.5984,-1.6353,2.2130,0.6121,1,0.0000
3429,-0.3097,-0.6027,-1.1589,1.7504,0.4804,1,0.0027
3430,-0.2597,-0.5984,-1.7696,2.3478,0.6127,1,0.0000
3431,-0.3248,-0.6029,-1.2928,1.8848,0.4812,1,0.0029
3432,-0.2719,-0.5984,-1.9040,2.4827,0.6134,1,0.0000
3433,-0.3398,-0.6032,-1.4268,2.0194,0.4820,1,0.0032
3434,-0.2840,-0.5984,-2.0384,2.6177,0.6142,1,0.0000
3435,-0.3549,-0.6034,-1.5607,2.1540,0.4829,1,0.0034
3436,-0.2961,-0.5984,-2.1728,2.7526,0.6149,1,0.0000
3437,-0.3701,-0.6037,-1.6947,2.2887,0.4838,1,0.0037
3438,-0.3083,-0.5984,-2.3073,2.8876,0.6157,1,0.0000
3439,-0.3855,-0.6039,-1.8288,2.4235,0.4847,1,0.0039
3440,-0.3204,-0.5984,-2.4418,3.0226,0.6164,1,0.0000
3441,-0.4010,-0.6042,-1.9629,2.5584,0.4856,1,0.0042
3442,-0.3326,-0.5984,-2.5763,3.1577,0.6172,1,0.0000
3443,-0.4137,-0.6043,-1.9638,2.5613,0.6179,1,0.0043
3444,-0.3449,-0.5984,-2.4442,3.0278,0.4854,1,0.0000
3445,-0.4236,-0.6042,-1.8314,2.4324,0.6179,1,0.0042
3446,-0.3572,-0.5984,-2.3121,2.8980,0.4853,1,0.0000
3447,-0.4337,-0.6042,-1.6990,2.3041,0.6179,1,0.0042
3448,-0.3697,-0.5984,-2.1800,2.7686,0.4852,1,0.0000
3449,-0.4442,-0.6041,-1.5667,2.1763,0.6178,1,0.0041
3450,-0.3823,-0.5983,-2.0478,2.6395,0.4851,1,0.0000
3451,-0.4549,-0.6041,-1.4344,2.0494,0.6178,1,0.0041
3452,-0.3952,-0.5983,-1.9157,2.5108,0.4850,1,0.0000
3453,-0.4660,-0.6041,-1.3022,1.9233,0.6176,1,0.0041
3454,-0.4083,-0.5983,-1.7836,2.3827,0.4849,1,0.0000
3455,-0.4696,-0.6030,-1.1703,1.7966,0.6164,1,0.0030
3456,-0.4203,-0.5983,-1.6512,2.2546,0.4835,1,0.0000
3457,-0.4561,-0.5999,-1.0386,1.6661,0.6137,1,0.0000
3458,-0.4283,-0.5984,-1.5183,2.1257,0.4805,1,0.0000
3459,-0.4402,-0.5980,-0.9343,1.5615,0.5841,1,0.0000
3460,-0.4004,-0.5973,-1.4707,2.0735,0.5378,1,0.0000
3461,-0.3882,-0.5961,-0.9105,1.5246,0.5603,1,0.0000
3462,-0.3462,-0.5974,-1.4349,2.0285,0.5261,1,0.0000
3463,-0.3239,-0.5963,-0.8582,1.4584,0.5772,1,0.0000
3464,-0.2970,-0.5982,-1.3526,1.9393,0.4952,1,0.0000
3465,-0.2767,-0.5973,-0.7543,1.3469,0.5986,1,0.0000
3466,-0.2709,-0.5989,-1.2359,1.8200,0.4816,1,0.0000
3467,-0.2682,-0.5984,-0.6210,1.2148,0.6149,1,0.0000
3468,-0.2636,-0.5990,-1.1040,1.6885,0.4830,1,0.0000
3469,-0.2697,-0.5989,-0.4861,1.0840,0.6180,1,0.0000
3470,-0.2657,-0.5990,-0.9707,1.5574,0.4847,1,0.0000
3471,-0.2713,-0.5993,-0.3512,0.9544,0.6196,1,0.0000
3472,-0.2678,-0.5990,-0.8374,1.4266,0.4863,1,0.0000
3473,-0.2729,-0.5997,-0.2162,0.8264,0.6213,1,0.0000
3474,-0.2697,-0.5990,-0.7042,1.2964,0.4880,1,0.0000
3475,-0.2744,-0.6001,-0.0812,0.7010,0.6229,1,0.0001
3476,-0.2717,-0.5990,-0.5709,1.1668,0.4896,1,0.0000
3477,-0.2759,-0.6005,0.0537,0.5800,0.6246,1,0.0005
3478,-0.2735,-0.5990,-0.4376,1.0381,0.4913,1,0.0000
3479,-0.2774,-0.6007,0.1887,0.4666,0.6263,1,0.0007
3480,-0.2754,-0.5990,-0.3043,0.9108,0.4930,1,0.0000
3481,-0.2788,-0.6010,0.3236,0.3680,0.6280,1,0.0010
3482,-0.2772,-0.5990,-0.1711,0.7854,0.4947,1,0.0000
3483,-0.2802,-0.6011,0.4586,0.2993,0.6297,1,0.0011
3484,-0.2790,-0.5990,-0.0378,0.6632,0.4964,1,0.0000
3485,-0.2815,-0.6012,0.5935,0.2831,0.6313,1,0.0012
3486,-0.2807,-0.5990,0.0955,0.5460,0.4981,1,0.0000
3487,-0.2829,-0.6013,0.7285,0.3273,0.6330,1,0.0013
3488,-0.2824,-0.5990,0.2287,0.4382,0.4997,1,0.0000
3489,-0.2842,-0.6013,0.8634,0.4129,0.6347,1,0.0013
3490,-0.2841,-0.5990,0.3620,0.3485,0.5014,1,0.0000
3491,-0.2855,-0.6012,0.9984,0.5199,0.6364,1,0.0012
3492,-0.2858,-0.5990,0.4953,0.2939,0.5031,1,0.0000
3493,-0.2867,-0.6012,1.1333,0.6376,0.6380,1,0.0012
3494,-0.2870,-0.5990,0.6286,0.2942,0.5048,1,0.0000
3495,-0.2875,-0.6011,1.2682,0.7608,0.6397,1,0.0011
3496,-0.2849,-0.5990,0.7618,0.3470,0.5064,1,0.0000
3497,-0.2850,-0.6010,1.4032,0.8864,0.6413,1,0.0010
3498,-0.2834,-0.5990,0.8951,0.4359,0.5081,1,0.0000
3499,-0.2831,-0.6009,1.5381,1.0146,0.6430,1,0.0009
3500,-0.2823,-0.5990,1.0284,0.5436,0.5097,1,0.0000
3501,-0.2817,-0.6009,1.6730,1.1444,0.6446,1,0.0009
3502,-0.2818,-0.5990,1.1617,0.6609,0.5114,1,0.0000
3503,-0.2808,-0.6008,1.8079,1.2754,0.6463,1,0.0008
3504,-0.2834,-0.5990,1.2949,0.7841,0.5130,1,0.0000
3505,-0.2820,-0.6007,1.9429,1.4076,0.6479,1,0.0007
3506,-0.2850,-0.5990,1.4282,0.9101,0.5147,1,0.0000
3507,-0.2832,-0.6007,2.0778,1.5402,0.6496,1,0.0007
3508,-0.2866,-0.5990,1.5615,1.0380,0.5163,1,0.0000
3509,-0.2845,-0.6007,2.2127,1.6732,0.6512,1,0.0007
3510,-0.2883,-0.5990,1.6948,1.1671,0.5180,1,0.0000
3511,-0.2857,-0.6007,2.3476,1.8065,0.6529,1,0.0007
3512,-0.2899,-0.5990,1.8281,1.2970,0.5196,1,0.0000
3513,-0.2869,-0.6007,2.4825,1.9400,0.6545,1,0.0007
3514,-0.2916,-0.5990,1.9613,1.4276,0.5212,1,0.0000
3515,-0.2881,-0.6007,2.6174,2.0737,0.6561,1,0.0007
3516,-0.2933,-0.5990,1.9613,1.4279,0.6562,1,0.0000
3517,-0.2902,-0.6007,2.4857,1.9436,0.5244,1,0.0007
3518,-0.2951,-0.5990,1.8279,1.2980,0.6578,1,0.0000
3519,-0.2923,-0.6008,2.3539,1.8138,0.5260,1,0.0008
3520,-0.2969,-0.5990,1.6945,1.1690,0.6594,1,0.0000
3521,-0.2945,-0.6008,2.2221,1.6842,0.5276,1,0.0008
3522,-0.2988,-0.5990,1.5611,1.0411,0.6610,1,0.0000
3523,-0.2966,-0.6011,2.0904,1.5551,0.5293,1,0.0011
3524,-0.3016,-0.5990,1.4277,0.9150,0.6627,1,0.0000
3525,-0.2998,-0.6013,1.9586,1.4266,0.5308,1,0.0013
3526,-0.3053,-0.5990,1.2943,0.7917,0.6642,1,0.0000
3527,-0.2814,-0.6009,1.8353,1.3022,0.5415,1,0.0009
3528,-0.2731,-0.5986,1.1724,0.6670,0.6630,1,0.0000
3529,-0.2723,-0.6014,1.7058,1.1740,0.5334,1,0.0014
3530,-0.2747,-0.5990,1.0390,0.5489,0.6668,1,0.0000
3531,-0.2746,-0.6013,1.5738,1.0466,0.5348,1,0.0013
3532,-0.2720,-0.5995,0.9056,0.4368,0.6682,1,0.0000
3533,-0.2716,-0.6013,1.4417,0.9189,0.5360,1,0.0013
3534,-0.2685,-0.5995,0.7722,0.3398,0.6694,1,0.0000
3535,-0.2689,-0.6012,1.3095,0.7927,0.5373,1,0.0012
3536,-0.2654,-0.5994,0.6388,0.2758,0.6707,1,0.0000
3537,-0.2668,-0.6011,1.1774,0.6690,0.5385,1,0.0011
3538,-0.2620,-0.5989,0.5054,0.2684,0.6720,1,0.0000
3539,-0.2653,-0.6010,1.0452,0.5496,0.5398,1,0.0010
3540,-0.2601,-0.5989,0.3720,0.3232,0.6732,1,0.0000
3541,-0.2644,-0.6009,0.9130,0.4380,0.5410,1,0.0009
3542,-0.2589,-0.5989,0.2386,0.4157,0.6745,1,0.0000
3543,-0.2641,-0.6008,0.7808,0.3418,0.5423,1,0.0008
3544,-0.2582,-0.5989,0.1051,0.5264,0.6757,1,0.0000
3545,-0.2645,-0.6008,0.6486,0.2777,0.5436,1,0.0008
3546,-0.2579,-0.5989,-0.0283,0.6459,0.6770,1,0.0000
3547,-0.2653,-0.6008,0.5164,0.2695,0.5448,1,0.0008
3548,-0.2579,-0.5989,-0.1618,0.7701,0.6782,1,0.0000
3549,-0.2665,-0.6008,0.3842,0.3214,0.5460,1,0.0008
3550,-0.2582,-0.5989,-0.2952,0.8970,0.6795,1,0.0000
3551,-0.2680,-0.6008,0.2520,0.4112,0.5473,1,0.0008
3552,-0.2586,-0.5989,-0.4286,1.0256,0.6807,1,0.0000
3553,-0.2697,-0.6008,0.1198,0.5196,0.5485,1,0.0008
3554,-0.2590,-0.5989,-0.5621,1.1554,0.6819,1,0.0000
3555,-0.2715,-0.6009,-0.0125,0.6371,0.5497,1,0.0009
3556,-0.2594,-0.5989,-0.6956,1.2858,0.6832,1,0.0000
3557,-0.2733,-0.6010,-0.1448,0.7595,0.5510,1,0.0010
3558,-0.2595,-0.5989,-0.8290,1.4169,0.6844,1,0.0000
3559,-0.2751,-0.6011,-0.2771,0.8848,0.5522,1,0.0011
3560,-0.2594,-0.5989,-0.9625,1.5483,0.6856,1,0.0000
3561,-0.2821,-0.6017,-0.4104,1.0143,0.5526,1,0.0017
3562,-0.2580,-0.5994,-1.0961,1.6799,0.6861,1,0.0000
3563,-0.3004,-0.6037,-0.5463,1.1500,0.5515,1,0.0037
3564,-0.2494,-0.5993,-1.2301,1.8112,0.6857,1,0.0000
3565,-0.3069,-0.6048,-0.6821,1.2832,0.5510,1,0.0048
3566,-0.2567,-0.5992,-1.3675,1.9483,0.6872,1,0.0000
3567,-0.3240,-0.6057,-0.8208,1.4220,0.5509,1,0.0057
3568,-0.2732,-0.5985,-1.5022,2.0840,0.6833,1,0.0000
3569,-0.3479,-0.6064,-0.9563,1.5594,0.5510,1,0.0064
3570,-0.2908,-0.5982,-1.6371,2.2200,0.6832,1,0.0000
3571,-0.3713,-0.6070,-1.0919,1.6968,0.5512,1,0.0070
3572,-0.3090,-0.5980,-1.7721,2.3563,0.6831,1,0.0000
3573,-0.3944,-0.6074,-1.2276,1.8343,0.5513,1,0.0074
3574,-0.3275,-0.5977,-1.9073,2.4927,0.6830,1,0.0000
3575,-0.4174,-0.6079,-1.3634,1.9719,0.5513,1,0.0079
3576,-0.3462,-0.5975,-2.0425,2.6292,0.6829,1,0.0000
3577,-0.4403,-0.6083,-1.4993,2.1097,0.5513,1,0.0083
3578,-0.3650,-0.5972,-2.1778,2.7659,0.6827,1,0.0000
3579,-0.4632,-0.6088,-1.6354,2.2475,0.5513,1,0.0088
3580,-0.3838,-0.5971,-2.3132,2.9025,0.6825,1,0.0000
3581,-0.4861,-0.6092,-1.7716,2.3856,0.5513,1,0.0092
3582,-0.4025,-0.5970,-2.4487,3.0393,0.6823,1,0.0000
3583,-0.5090,-0.6095,-1.9080,2.5237,0.5512,1,0.0095
3584,-0.4212,-0.5969,-2.5842,3.1761,0.6820,1,0.0000
3585,-0.5277,-0.6092,-1.9111,2.5306,0.6816,1,0.0092
3586,-0.4399,-0.5970,-2.4530,3.0488,0.5491,1,0.0000
3587,-0.5421,-0.6083,-1.7810,2.4067,0.6798,1,0.0083
3588,-0.4585,-0.5970,-2.3218,2.9218,0.5473,1,0.0000
3589,-0.5565,-0.6074,-1.6509,2.2836,0.6781,1,0.0074
3590,-0.4771,-0.5971,-2.1905,2.7953,0.5455,1,0.0000
3591,-0.5709,-0.6066,-1.5207,2.1613,0.6764,1,0.0066
3592,-0.4956,-0.5972,-2.0591,2.6693,0.5437,1,0.0000
3593,-0.5853,-0.6058,-1.3902,2.0398,0.6749,1,0.0058
3594,-0.5141,-0.5973,-1.9276,2.5439,0.5422,1,0.0000
3595,-0.5997,-0.6051,-1.2596,1.9195,0.6735,1,0.0051
3596,-0.5326,-0.5974,-1.7960,2.4192,0.5407,1,0.0000
3597,-0.6138,-0.6045,-1.1289,1.8006,0.6721,1,0.0045
3598,-0.5510,-0.5975,-1.6644,2.2954,0.5392,1,0.0000
3599,-0.6275,-0.6039,-0.9981,1.6832,0.6708,1,0.0039
3600,-0.5692,-0.5975,-1.5327,2.1724,0.5378,1,0.0000
