tick,local_x,local_y,local_z,drift_m,slip_m,on_bus_support,below_depth_m
1,0.0000,-0.6000,0.5000,0.0000,0.0000,1,0.0000
2,0.0000,-0.6000,0.5000,0.0000,0.0000,1,0.0000
3,-0.0000,-0.5615,0.5065,0.0390,0.0390,1,0.0000
4,-0.0000,-0.5996,0.5065,0.0065,0.0380,1,0.0000
5,0.0000,-0.5696,0.5167,0.0347,0.0317,1,0.0000
6,0.0000,-0.5982,0.5166,0.0167,0.0286,1,0.0000
7,-0.0000,-0.5784,0.5305,0.0374,0.0242,1,0.0000
8,-0.0000,-0.6000,0.5304,0.0304,0.0216,1,0.0000
9,-0.0000,-0.5872,0.5479,0.0496,0.0217,1,0.0000
10,-0.0000,-0.5994,0.5479,0.0479,0.0122,1,0.0000
11,-0.0000,-0.5939,0.5690,0.0693,0.0218,1,0.0000
12,-0.0000,-0.5996,0.5690,0.0690,0.0057,1,0.0000
13,-0.0000,-0.6001,0.5938,0.0938,0.0247,1,0.0001
14,-0.0000,-0.6001,0.5938,0.0938,0.0000,1,0.0001
15,-0.0000,-0.6049,0.6221,0.1222,0.0288,1,0.0049
16,-0.0000,-0.5996,0.6221,0.1221,0.0053,1,0.0000
17,-0.0000,-0.6074,0.6541,0.1542,0.0329,1,0.0074
18,-0.0000,-0.5997,0.6541,0.1541,0.0077,1,0.0000
19,0.0000,-0.6090,0.6896,0.1898,0.0367,1,0.0090
20,0.0000,-0.5997,0.6896,0.1896,0.0093,1,0.0000
21,0.0000,-0.6094,0.7287,0.2289,0.0403,1,0.0094
22,0.0000,-0.5997,0.7288,0.2288,0.0097,1,0.0000
23,0.0000,-0.6089,0.7715,0.2716,0.0437,1,0.0089
24,0.0000,-0.5997,0.7715,0.2715,0.0092,1,0.0000
25,0.0000,-0.6078,0.8177,0.3178,0.0469,1,0.0078
26,0.0000,-0.5997,0.8178,0.3178,0.0081,1,0.0000
27,0.0000,-0.6063,0.8676,0.3676,0.0502,1,0.0063
28,0.0000,-0.5996,0.8676,0.3676,0.0067,1,0.0000
29,0.0000,-0.6046,0.9209,0.4209,0.0536,1,0.0046
30,0.0000,-0.5996,0.9209,0.4209,0.0050,1,0.0000
31,0.0000,-0.6030,0.9778,0.4778,0.0570,1,0.0030
32,0.0000,-0.5996,0.9778,0.4778,0.0034,1,0.0000
33,0.0000,-0.6015,1.0382,0.5382,0.0604,1,0.0015
34,0.0000,-0.5996,1.0382,0.5382,0.0019,1,0.0000
35,0.0000,-0.6002,1.1021,0.6021,0.0639,1,0.0002
36,0.0000,-0.6002,1.1021,0.6021,0.0000,1,0.0002
37,0.0000,-0.6000,1.1695,0.6695,0.0674,1,0.0000
38,0.0000,-0.6000,1.1695,0.6695,0.0000,1,0.0000
39,0.0000,-0.5990,1.2403,0.7403,0.0709,1,0.0000
40,0.0000,-0.5990,1.2403,0.7403,0.0000,1,0.0000
41,0.0000,-0.5976,1.3146,0.8146,0.0743,1,0.0000
42,0.0000,-0.5997,1.3146,0.8146,0.0021,1,0.0000
43,0.0000,-0.5982,1.3924,0.8924,0.0778,1,0.0000
44,0.0000,-0.5995,1.3924,0.8924,0.0013,1,0.0000
45,0.0000,-0.5980,1.4736,0.9736,0.0812,1,0.0000
46,0.0000,-0.5993,1.4736,0.9736,0.0013,1,0.0000
47,0.0000,-0.5979,1.5582,1.0582,0.0847,1,0.0000
48,0.0000,-0.5992,1.5582,1.0582,0.0013,1,0.0000
49,0.0000,-0.5982,1.6463,1.1463,0.0881,1,0.0000
50,0.0000,-0.5995,1.6463,1.1463,0.0013,1,0.0000
51,0.0000,-0.5987,1.7378,1.2378,0.0915,1,0.0000
52,0.0000,-0.6000,1.7378,1.2378,0.0013,1,0.0000
53,0.0000,-0.5995,1.8326,1.3326,0.0949,1,0.0000
54,0.0000,-0.5995,1.8326,1.3326,0.0000,1,0.0000
55,-0.0000,-0.5994,1.9309,1.4309,0.0982,1,0.0000
56,-0.0000,-0.5994,1.9309,1.4309,0.0000,1,0.0000
57,0.0000,-0.5995,2.0325,1.5325,0.1016,1,0.0000
58,0.0000,-0.5995,2.0325,1.5325,0.0000,1,0.0000
59,0.0000,-0.5999,2.1375,1.6375,0.1050,1,0.0000
60,0.0000,-0.5999,2.1375,1.6375,0.0000,1,0.0000
61,0.0000,-0.6004,2.2458,1.7458,0.1083,1,0.0004
62,0.0000,-0.6004,2.2458,1.7458,0.0000,1,0.0004
63,0.0000,-0.6010,2.3575,1.8575,0.1117,1,0.0010
64,0.0000,-0.5996,2.3575,1.8575,0.0015,1,0.0000
65,0.0000,-0.6003,2.4725,1.9725,0.1150,1,0.0003
66,0.0000,-0.6003,2.4725,1.9725,0.0000,1,0.0003
67,0.0000,-0.6010,2.5908,2.0908,0.1183,1,0.0010
68,0.0000,-0.5996,2.5908,2.0908,0.0014,1,0.0000
69,0.0000,-0.6003,2.7124,2.2124,0.1216,1,0.0003
70,0.0000,-0.6003,2.7124,2.2124,0.0000,1,0.0003
71,0.0000,-0.6010,2.8373,2.3373,0.1249,1,0.0010
72,0.0000,-0.5996,2.8373,2.3373,0.0014,1,0.0000
73,0.0000,-0.6002,2.9655,2.4655,0.1282,1,0.0002
74,0.0000,-0.6002,2.9655,2.4655,0.0000,1,0.0002
75,0.0000,-0.6008,3.0970,2.5970,0.1315,1,0.0008
76,0.0000,-0.5995,3.0970,2.5970,0.0013,1,0.0000
77,0.0000,-0.6001,3.2318,2.7318,0.1347,1,0.0001
78,0.0000,-0.6001,3.2318,2.7318,0.0000,1,0.0001
79,0.0000,-0.6006,3.3698,2.8698,0.1380,1,0.0006
80,0.0000,-0.5995,3.3698,2.8698,0.0011,1,0.0000
81,0.0000,-0.6000,3.5110,3.0110,0.1412,1,0.0000
82,0.0000,-0.6000,3.5110,3.0110,0.0000,1,0.0000
83,0.0000,-0.6005,3.6555,3.1555,0.1445,1,0.0005
84,0.0000,-0.6005,3.6555,3.1555,0.0000,1,0.0005
85,0.0000,-0.6009,3.8031,3.3031,0.1477,1,0.0009
86,0.0000,-0.5996,3.8031,3.3031,0.0014,1,0.0000
87,0.0000,-0.6000,3.9540,3.4540,0.1509,1,0.0000
88,0.0000,-0.6000,3.9540,3.4540,0.0000,1,0.0000
89,0.0000,-0.6004,4.1081,3.6081,0.1541,1,0.0004
90,0.0000,-0.6220,4.1081,3.6081,0.0216,0,0.0220
91,0.0000,-0.6225,4.2653,3.7654,0.1573,1,0.0225
92,0.0000,-0.6308,4.2653,3.7654,0.0083,0,0.0308
93,0.0000,-0.6424,4.4257,3.9260,0.1608,0,0.0424
94,0.0000,-0.6561,4.4257,3.9261,0.0138,0,0.0561
95,0.0000,-0.6731,4.5892,4.0899,0.1644,0,0.0731
96,0.0000,-0.6923,4.5892,4.0902,0.0192,0,0.0923
97,0.0000,-0.7148,4.7559,4.2574,0.1682,0,0.1148
98,0.0000,-0.7395,4.7558,4.2581,0.0247,0,0.1395
99,0.0000,-0.7674,4.9256,4.4288,0.1721,0,0.1674
100,0.0000,-0.7975,4.9255,4.4299,0.0301,0,0.1975
101,0.0000,-0.8309,5.0985,4.6043,0.1761,0,0.2309
102,0.0000,-0.8664,5.0984,4.6061,0.0356,0,0.2664
103,0.0000,-0.9053,5.2744,4.7842,0.1803,0,0.3053
104,0.0000,-0.9463,5.2743,4.7868,0.0410,0,0.3463
105,0.0000,-0.9906,5.4534,4.9688,0.1845,0,0.3906
106,0.0000,-0.9935,5.4534,4.9690,0.0029,0,0.3935
107,0.0000,-0.9954,5.6358,5.1510,0.1824,0,0.3954
108,0.0000,-0.9954,5.6358,5.1510,0.0000,0,0.3954
109,0.0000,-0.9960,5.8213,5.3360,0.1855,0,0.3960
110,0.0000,-0.9960,5.8213,5.3360,0.0000,0,0.3960
111,0.0000,-0.9966,6.0099,5.5241,0.1886,0,0.3966
112,0.0000,-0.9966,6.0099,5.5241,0.0000,0,0.3966
113,0.0000,-0.9973,6.2015,5.7154,0.1916,0,0.3973
114,0.0000,-0.9973,6.2015,5.7154,0.0000,0,0.3973
115,0.0000,-0.9979,6.3962,5.9096,0.1947,0,0.3979
116,0.0000,-0.9979,6.3962,5.9096,0.0000,0,0.3979
117,0.0000,-0.9986,6.5940,6.1070,0.1978,0,0.3986
118,0.0000,-0.9986,6.5940,6.1070,0.0000,0,0.3986
119,0.0000,-0.9992,6.7948,6.3074,0.2008,0,0.3992
120,0.0000,-0.9992,6.7948,6.3074,0.0000,0,0.3992
121,0.0000,-0.9999,6.9986,6.5109,0.2038,0,0.3999
122,0.0000,-0.9999,6.9986,6.5109,0.0000,0,0.3999
123,0.0000,-1.0006,7.2055,6.7174,0.2069,0,0.4006
124,0.0000,-1.0006,7.2055,6.7174,0.0000,0,0.4006
125,0.0000,-1.0013,7.4154,6.9270,0.2099,0,0.4013
126,0.0000,-1.0013,7.4154,6.9270,0.0000,0,0.4013
127,0.0000,-1.0020,7.6282,7.1395,0.2129,0,0.4020
128,0.0000,-1.0020,7.6282,7.1395,0.0000,0,0.4020
129,0.0000,-1.0027,7.8441,7.3551,0.2159,0,0.4027
130,0.0000,-1.0027,7.8441,7.3551,0.0000,0,0.4027
131,0.0000,-1.0034,8.0629,7.5737,0.2188,0,0.4034
132,0.0000,-1.0034,8.0629,7.5737,0.0000,0,0.4034
133,0.0000,-1.0041,8.2847,7.7952,0.2218,0,0.4041
134,0.0000,-1.0041,8.2847,7.7952,0.0000,0,0.4041
135,0.0000,-1.0049,8.5095,8.0197,0.2248,0,0.4049
136,0.0000,-1.0049,8.5095,8.0197,0.0000,0,0.4049
137,0.0000,-1.0056,8.7372,8.2472,0.2277,0,0.4056
138,0.0000,-1.0056,8.7372,8.2472,0.0000,0,0.4056
139,0.0000,-1.0064,8.9679,8.4776,0.2307,0,0.4064
140,0.0000,-1.0064,8.9679,8.4776,0.0000,0,0.4064
141,0.0000,-1.0071,9.2015,8.7110,0.2336,0,0.4071
142,0.0000,-1.0071,9.2015,8.7110,0.0000,0,0.4071
143,0.0000,-1.0079,9.4380,8.9473,0.2365,0,0.4079
144,0.0000,-1.0079,9.4380,8.9473,0.0000,0,0.4079
145,0.0000,-1.0087,9.6775,9.1866,0.2394,0,0.4087
146,0.0000,-1.0087,9.6775,9.1866,0.0000,0,0.4087
147,0.0000,-1.0095,9.9198,9.4287,0.2423,0,0.4095
148,0.0000,-1.0095,9.9198,9.4287,0.0000,0,0.4095
149,0.0000,-1.0103,10.1650,9.6737,0.2452,0,0.4103
150,0.0000,-1.0103,10.1650,9.6737,0.0000,0,0.4103
151,0.0000,-1.0111,10.4132,9.9217,0.2481,0,0.4111
152,0.0000,-1.0111,10.4132,9.9217,0.0000,0,0.4111
153,0.0000,-1.0119,10.6641,10.1725,0.2510,0,0.4119
154,0.0000,-1.0119,10.6641,10.1725,0.0000,0,0.4119
155,0.0000,-1.0127,10.9180,10.4262,0.2539,0,0.4127
156,0.0000,-1.0127,10.9180,10.4262,0.0000,0,0.4127
157,0.0000,-1.0136,11.1747,10.6827,0.2567,0,0.4136
158,0.0000,-1.0136,11.1747,10.6827,0.0000,0,0.4136
159,0.0000,-1.0144,11.4343,10.9421,0.2596,0,0.4144
160,0.0000,-1.0144,11.4343,10.9421,0.0000,0,0.4144
161,0.0000,-1.0153,11.6967,11.2044,0.2624,0,0.4153
162,0.0000,-1.0153,11.6967,11.2044,0.0000,0,0.4153
163,0.0000,-1.0162,11.9619,11.4694,0.2652,0,0.4162
164,0.0000,-1.0162,11.9619,11.4694,0.0000,0,0.4162
165,0.0000,-1.0170,12.2299,11.7373,0.2680,0,0.4170
166,0.0000,-1.0170,12.2299,11.7373,0.0000,0,0.4170
167,0.0000,-1.0179,12.5008,12.0080,0.2708,0,0.4179
168,0.0000,-1.0179,12.5008,12.0080,0.0000,0,0.4179
169,0.0000,-1.0188,12.7744,12.2815,0.2736,0,0.4188
170,0.0000,-1.0188,12.7744,12.2815,0.0000,0,0.4188
171,0.0000,-1.0197,13.0508,12.5579,0.2764,0,0.4197
172,0.0000,-1.0197,13.0508,12.5579,0.0000,0,0.4197
173,0.0000,-1.0206,13.3301,12.8369,0.2792,0,0.4206
174,0.0000,-1.0206,13.3301,12.8369,0.0000,0,0.4206
175,0.0000,-1.0216,13.6120,13.1188,0.2820,0,0.4216
176,0.0000,-1.0216,13.6120,13.1188,0.0000,0,0.4216
177,0.0000,-1.0225,13.8968,13.4034,0.2847,0,0.4225
178,0.0000,-1.0225,13.8968,13.4034,0.0000,0,0.4225
179,0.0000,-1.0234,14.1843,13.6908,0.2875,0,0.4234
180,0.0000,-1.0234,14.1843,13.6908,0.0000,0,0.4234
181,0.0000,-1.0244,14.4745,13.9810,0.2902,0,0.4244
182,0.0000,-1.0244,14.4745,13.9810,0.0000,0,0.4244
183,0.0000,-1.0253,14.7675,14.2738,0.2930,0,0.4253
184,0.0000,-1.0253,14.7675,14.2738,0.0000,0,0.4253
185,0.0000,-1.0263,15.0632,14.5694,0.2957,0,0.4263
186,0.0000,-1.0263,15.0632,14.5694,0.0000,0,0.4263
187,0.0000,-1.0273,15.3616,14.8677,0.2984,0,0.4273
188,0.0000,-1.0273,15.3616,14.8677,0.0000,0,0.4273
189,0.0000,-1.0283,15.6627,15.1688,0.3011,0,0.4283
190,0.0000,-1.0283,15.6627,15.1688,0.0000,0,0.4283
191,0.0000,-1.0293,15.9665,15.4725,0.3038,0,0.4293
192,0.0000,-1.0293,15.9665,15.4725,0.0000,0,0.4293
193,0.0000,-1.0303,16.2730,15.7789,0.3065,0,0.4303
194,0.0000,-1.0303,16.2730,15.7789,0.0000,0,0.4303
195,0.0000,-1.0313,16.5822,16.0880,0.3092,0,0.4313
196,0.0000,-1.0313,16.5822,16.0880,0.0000,0,0.4313
197,0.0000,-1.0323,16.8941,16.3998,0.3119,0,0.4323
198,0.0000,-1.0323,16.8941,16.3998,0.0000,0,0.4323
199,0.0000,-1.0333,17.2086,16.7142,0.3145,0,0.4333
200,0.0000,-1.0333,17.2086,16.7142,0.0000,0,0.4333
201,0.0000,-1.0344,17.5258,17.0313,0.3172,0,0.4344
202,0.0000,-1.0344,17.5258,17.0313,0.0000,0,0.4344
203,0.0008,-0.9707,17.8395,17.3435,0.3201,0,0.3707
204,0.0008,-0.9707,17.8395,17.3435,0.0000,0,0.3707
205,0.0020,-0.8441,18.1478,17.6495,0.3333,0,0.2441
206,0.0020,-0.8441,18.1478,17.6495,0.0000,0,0.2441
207,0.0026,-0.7145,18.4569,17.9573,0.3352,0,0.1145
208,0.0026,-0.7145,18.4569,17.9573,0.0000,0,0.1145
209,0.0030,-0.5815,18.7668,18.2668,0.3372,0,0.0000
210,0.0030,-0.5815,18.7668,18.2668,0.0000,0,0.0000
211,0.0032,-0.4447,19.0775,18.5781,0.3395,0,0.0000
212,0.0032,-0.4447,19.0775,18.5781,0.0000,0,0.0000
213,0.0033,-0.3035,19.3889,18.8912,0.3420,0,0.0000
214,0.0033,-0.3035,19.3889,18.8912,0.0000,0,0.0000
215,0.0033,-0.1574,19.7011,19.2062,0.3447,0,0.0000
216,0.0033,-0.1574,19.7011,19.2062,0.0000,0,0.0000
217,0.0033,-0.0059,20.0140,19.5230,0.3476,0,0.0000
218,0.0033,-0.0059,20.0140,19.5230,0.0000,0,0.0000
219,0.0033,0.1515,20.3274,19.8417,0.3508,0,0.0000
220,0.0033,0.1515,20.3274,19.8417,0.0000,0,0.0000
221,0.0032,0.3152,20.6414,20.1622,0.3541,0,0.0000
222,0.0032,0.3152,20.6414,20.1622,0.0000,0,0.0000
223,0.0032,0.4855,20.9558,20.4846,0.3576,0,0.0000
224,0.0032,0.4855,20.9558,20.4846,0.0000,0,0.0000
225,0.0031,0.6627,21.2705,20.8089,0.3611,0,0.0000
226,0.0031,0.6627,21.2705,20.8089,0.0000,0,0.0000
227,0.0030,0.8469,21.5854,21.1350,0.3648,0,0.0000
228,0.0030,0.8469,21.5854,21.1350,0.0000,0,0.0000
229,0.0029,1.0381,21.9004,21.4630,0.3685,0,0.0000
230,0.0029,1.0381,21.9004,21.4630,0.0000,0,0.0000
231,0.0029,1.2365,22.2153,21.7929,0.3722,0,0.0000
232,0.0029,1.2365,22.2153,21.7929,0.0000,0,0.0000
233,0.0028,1.4420,22.5301,22.1246,0.3759,0,0.0000
234,0.0028,1.4420,22.5301,22.1246,0.0000,0,0.0000
235,0.0027,1.6545,22.8446,22.4581,0.3796,0,0.0000
236,0.0027,1.6545,22.8446,22.4581,0.0000,0,0.0000
237,0.0026,1.8741,23.1587,22.7934,0.3833,0,0.0000
238,0.0026,1.8741,23.1587,22.7934,0.0000,0,0.0000
239,0.0024,2.0449,23.4777,23.1295,0.3618,0,0.0000
240,0.0024,2.0449,23.4777,23.1295,0.0000,0,0.0000
241,0.0021,2.1355,23.8056,23.4656,0.3402,0,0.0000
242,0.0021,2.1355,23.8056,23.4656,0.0000,0,0.0000
243,0.0017,2.1615,24.1413,23.8021,0.3367,0,0.0000
244,0.0017,2.1615,24.1413,23.8021,0.0000,0,0.0000
245,0.0014,2.1403,24.4829,24.1390,0.3422,0,0.0000
246,0.0014,2.1403,24.4829,24.1390,0.0000,0,0.0000
247,0.0011,2.0889,24.8283,24.4765,0.3492,0,0.0000
248,0.0011,2.0889,24.8283,24.4765,0.0000,0,0.0000
249,0.0009,2.0222,25.1759,24.8148,0.3539,0,0.0000
250,0.0009,2.0222,25.1759,24.8148,0.0000,0,0.0000
251,0.0007,1.9520,25.5243,25.1541,0.3554,0,0.0000
252,0.0007,1.9520,25.5243,25.1541,0.0000,0,0.0000
253,0.0005,1.8866,25.8729,25.4944,0.3547,0,0.0000
254,0.0005,1.8866,25.8729,25.4944,0.0000,0,0.0000
255,0.0003,1.8312,26.2213,25.8359,0.3528,0,0.0000
256,0.0003,1.8312,26.2213,25.8359,0.0000,0,0.0000
257,0.0002,1.7885,26.5694,26.1786,0.3508,0,0.0000
258,0.0002,1.7885,26.5694,26.1786,0.0000,0,0.0000
259,0.0000,1.7587,26.9175,26.5225,0.3493,0,0.0000
260,0.0000,1.7587,26.9175,26.5225,0.0000,0,0.0000
261,-0.0002,1.7407,27.2655,26.8677,0.3485,0,0.0000
262,-0.0002,1.7407,27.2655,26.8677,0.0000,0,0.0000
263,-0.0003,1.7326,27.6139,27.2141,0.3485,0,0.0000
264,-0.0003,1.7326,27.6139,27.2141,0.0000,0,0.0000
265,-0.0005,1.7320,27.9628,27.5616,0.3489,0,0.0000
266,-0.0005,1.7320,27.9628,27.5616,0.0000,0,0.0000
267,-0.0006,1.7363,28.3124,27.9103,0.3496,0,0.0000
268,-0.0006,1.7363,28.3124,27.9103,0.0000,0,0.0000
269,-0.0008,1.7243,28.6645,28.2603,0.3524,0,0.0000
270,-0.0008,1.7243,28.6645,28.2603,0.0000,0,0.0000
271,-0.0011,1.6373,29.0241,28.6117,0.3699,0,0.0000
272,-0.0011,1.6373,29.0241,28.6117,0.0000,0,0.0000
273,-0.0015,1.4752,29.3902,28.9646,0.4004,0,0.0000
274,-0.0015,1.4752,29.3902,28.9646,0.0000,0,0.0000
275,-0.0020,1.2386,29.7613,29.3190,0.4402,0,0.0000
276,-0.0020,1.2386,29.7613,29.3190,0.0000,0,0.0000
277,-0.0024,0.9412,30.1350,29.6751,0.4776,0,0.0000
278,-0.0024,0.9412,30.1350,29.6751,0.0000,0,0.0000
279,-0.0027,0.6047,30.5087,30.0329,0.5029,0,0.0000
280,-0.0027,0.6047,30.5087,30.0329,0.0000,0,0.0000
281,-0.0030,0.2471,30.8807,30.3925,0.5160,0,0.0000
282,-0.0030,0.2471,30.8807,30.3925,0.0000,0,0.0000
283,-0.0031,-0.1177,31.2503,30.7541,0.5193,0,0.0000
284,-0.0031,-0.1177,31.2503,30.7541,0.0000,0,0.0000
285,-0.0031,-0.4805,31.6173,31.1176,0.5160,0,0.0000
286,-0.0031,-0.4805,31.6173,31.1176,0.0000,0,0.0000
287,-0.0030,-0.8359,31.9821,31.4829,0.5093,0,0.2359
288,-0.0030,-0.8359,31.9821,31.4829,0.0000,0,0.2359
289,-0.0028,-1.1824,32.3449,31.8502,0.5017,0,0.5824
290,-0.0028,-1.1824,32.3449,31.8502,0.0000,0,0.5824
291,-0.0025,-1.5206,32.7062,32.2194,0.4949,0,0.9206
292,-0.0025,-1.5206,32.7062,32.2194,0.0000,0,0.9206
293,-0.0022,-1.8531,33.0663,32.5904,0.4901,0,1.2531
294,-0.0022,-1.8531,33.0663,32.5904,0.0000,0,1.2531
295,-0.0019,-2.1831,33.4252,32.9632,0.4875,0,1.5831
296,-0.0019,-2.1831,33.4252,32.9632,0.0000,0,1.5831
297,-0.0016,-2.5141,33.7828,33.3378,0.4874,0,1.9141
298,-0.0016,-2.5141,33.7828,33.3378,0.0000,0,1.9141
299,-0.0013,-2.8389,34.1400,33.7144,0.4827,0,2.2389
300,-0.0013,-2.8389,34.1400,33.7144,0.0000,0,2.2389
301,-0.0006,-3.0848,34.5024,34.0931,0.4380,0,2.4848
302,-0.0006,-3.0848,34.5024,34.0931,0.0000,0,2.4848
303,-0.0000,-3.3132,34.8668,34.4738,0.4301,0,2.7132
304,-0.0000,-3.3132,34.8668,34.4738,0.0000,0,2.7132
305,0.0003,-3.5533,35.2309,34.8563,0.4361,0,2.9533
306,0.0003,-3.5533,35.2309,34.8563,0.0000,0,2.9533
307,0.0006,-3.8034,35.5942,35.2401,0.4411,0,3.2034
308,0.0006,-3.8034,35.5942,35.2401,0.0000,0,3.2034
309,0.0007,-4.0576,35.9558,35.6240,0.4420,0,3.4576
310,0.0007,-4.0576,35.9558,35.6240,0.0000,0,3.4576
311,0.0008,-4.3160,36.3157,36.0079,0.4430,0,3.7160
312,0.0008,-4.3160,36.3157,36.0079,0.0000,0,3.7160
313,0.0004,-4.6066,36.6724,36.3936,0.4601,0,4.0066
314,0.0004,-4.6066,36.6724,36.3936,0.0000,0,4.0066
315,-0.0003,-4.9388,37.0251,36.7819,0.4845,0,4.3388
316,-0.0003,-4.9388,37.0251,36.7819,0.0000,0,4.3388
317,-0.0011,-5.3049,37.3743,37.1732,0.5059,0,4.7049
318,-0.0011,-5.3049,37.3743,37.1732,0.0000,0,4.7049
319,-0.0020,-5.6971,37.7205,37.5678,0.5231,0,5.0971
320,-0.0020,-5.6971,37.7205,37.5678,0.0000,0,5.0971
321,-0.0029,-6.1084,38.0643,37.9660,0.5361,0,5.5084
322,-0.0029,-6.1084,38.0643,37.9660,0.0000,0,5.5084
323,-0.0036,-6.5335,38.4062,38.3678,0.5455,0,5.9335
324,-0.0036,-6.5335,38.4062,38.3678,0.0000,0,5.9335
325,-0.0041,-6.9685,38.7467,38.7733,0.5524,0,6.3685
326,-0.0041,-6.9685,38.7467,38.7733,0.0000,0,6.3685
327,-0.0045,-7.4113,39.0858,39.1824,0.5577,0,6.8113
328,-0.0045,-7.4113,39.0858,39.1824,0.0000,0,6.8113
329,-0.0048,-7.8609,39.4237,39.5951,0.5624,0,7.2609
330,-0.0048,-7.8609,39.4237,39.5951,0.0000,0,7.2609
331,-0.0041,-8.2272,39.7774,40.0111,0.5092,0,7.6272
332,-0.0041,-8.2272,39.7774,40.0111,0.0000,0,7.6272
333,-0.0026,-8.4732,40.1559,40.4299,0.4514,0,7.8732
334,-0.0026,-8.4732,40.1559,40.4299,0.0000,0,7.8732
335,-0.0005,-8.6083,40.5589,40.8515,0.4250,0,8.0083
336,-0.0005,-8.6083,40.5589,40.8515,0.0000,0,8.0083
337,0.0018,-8.6410,40.9849,41.2757,0.4273,0,8.0410
338,0.0018,-8.6410,40.9849,41.2757,0.0000,0,8.0410
339,0.0042,-8.5798,41.4321,41.7027,0.4514,0,7.9798
340,0.0042,-8.5798,41.4321,41.7027,0.0000,0,7.9798
341,0.0062,-8.4522,41.8943,42.1325,0.4795,0,7.8522
342,0.0062,-8.4522,41.8943,42.1325,0.0000,0,7.8522
343,0.0075,-8.2934,42.3645,42.5656,0.4963,0,7.6934
344,0.0075,-8.2934,42.3645,42.5656,0.0000,0,7.6934
345,0.0081,-8.1306,42.8376,43.0021,0.5003,0,7.5306
346,0.0081,-8.1306,42.8376,43.0021,0.0000,0,7.5306
347,0.0080,-7.9827,43.3106,43.4425,0.4955,0,7.3827
348,0.0080,-7.9827,43.3106,43.4425,0.0000,0,7.3827
349,0.0073,-7.8609,43.7819,43.8867,0.4868,0,7.2609
350,0.0073,-7.8609,43.7819,43.8867,0.0000,0,7.2609
351,0.0063,-7.7700,44.2513,44.3349,0.4781,0,7.1700
352,0.0063,-7.7700,44.2513,44.3349,0.0000,0,7.1700
353,0.0100,-7.5869,44.7337,44.7821,0.5160,0,6.9869
354,0.0100,-7.5869,44.7337,44.7821,0.0000,0,6.9869
355,0.0113,-7.0450,45.2560,45.2176,0.7526,0,6.4450
356,0.0113,-7.0450,45.2560,45.2176,0.0000,0,6.4450
357,0.0118,-6.5189,45.7715,45.6568,0.7366,0,5.9189
358,0.0118,-6.5189,45.7715,45.6568,0.0000,0,5.9189
359,0.0118,-6.0033,46.2818,46.0996,0.7254,0,5.4033
360,0.0118,-6.0033,46.2818,46.0996,0.0000,0,5.4033
361,0.0116,-5.4919,46.7880,46.5458,0.7195,0,4.8919
362,0.0116,-5.4919,46.7880,46.5458,0.0000,0,4.8919
363,0.0113,-4.9784,47.2909,46.9953,0.7187,0,4.3784
364,0.0113,-4.9784,47.2909,46.9953,0.0000,0,4.3784
365,0.0109,-4.4570,47.7910,47.4480,0.7225,0,3.8570
366,0.0109,-4.4570,47.7910,47.4480,0.0000,0,3.8570
367,0.0106,-3.9229,48.2884,47.9038,0.7298,0,3.3229
368,0.0106,-3.9229,48.2884,47.9038,0.0000,0,3.3229
369,0.0102,-3.3725,48.7830,48.3625,0.7400,0,2.7725
370,0.0102,-3.3725,48.7830,48.3625,0.0000,0,2.7725
371,0.0098,-2.8033,49.2745,48.8242,0.7521,0,2.2033
372,0.0098,-2.8033,49.2745,48.8242,0.0000,0,2.2033
373,0.0094,-2.2138,49.7624,49.2888,0.7652,0,1.6138
374,0.0094,-2.2138,49.7624,49.2888,0.0000,0,1.6138
375,0.0090,-1.6034,50.2461,49.7562,0.7787,0,1.0034
376,0.0090,-1.6034,50.2461,49.7562,0.0000,0,1.0034
377,0.0086,-0.9724,50.7250,50.2264,0.7922,0,0.3724
378,0.0086,-0.9724,50.7250,50.2264,0.0000,0,0.3724
379,0.0075,-0.4747,51.1989,50.6990,0.6872,0,0.0000
380,0.0075,-0.4747,51.1989,50.6990,0.0000,0,0.0000
381,0.0057,-0.2117,51.6724,51.1739,0.5417,0,0.0000
382,0.0057,-0.2117,51.6724,51.1739,0.0000,0,0.0000
383,0.0036,-0.1362,52.1488,51.6509,0.4824,0,0.0000
384,0.0036,-0.1362,52.1488,51.6509,0.0000,0,0.0000
385,0.0017,-0.1957,52.6285,52.1301,0.4834,0,0.0000
386,0.0017,-0.1957,52.6285,52.1301,0.0000,0,0.0000
387,0.0001,-0.3399,53.1107,52.6113,0.5033,0,0.0000
388,0.0001,-0.3399,53.1107,52.6113,0.0000,0,0.0000
389,-0.0011,-0.5259,53.5947,53.0947,0.5185,0,0.0000
390,-0.0011,-0.5259,53.5947,53.0947,0.0000,0,0.0000
391,-0.0019,-0.7199,54.0801,53.5803,0.5228,0,0.1199
392,-0.0019,-0.7199,54.0801,53.5803,0.0000,0,0.1199
393,0.1740,-0.8906,54.5657,54.0668,0.5440,0,0.2906
394,0.1740,-0.8906,54.5657,54.0668,0.0000,0,0.2906
395,0.5102,-1.0259,55.0501,54.5542,0.6049,0,0.4259
396,0.5102,-1.0259,55.0501,54.5542,0.0000,0,0.4259
397,0.9460,-1.1220,55.5320,55.0426,0.6568,0,0.5220
398,0.9460,-1.1220,55.5320,55.0426,0.0000,0,0.5220
399,1.4436,-1.1795,56.0103,55.5321,0.6926,0,0.5795
400,1.4436,-1.1795,56.0103,55.5321,0.0000,0,0.5795
401,1.9796,-1.2024,56.4844,56.0227,0.7160,0,0.6024
402,1.9796,-1.2024,56.4844,56.0227,0.0000,0,0.6024
403,2.5396,-1.1970,56.9542,56.5144,0.7309,0,0.5970
404,2.5396,-1.1970,56.9542,56.5144,0.0000,0,0.5970
405,3.1152,-1.1705,57.4192,57.0073,0.7404,0,0.5705
406,3.1152,-1.1705,57.4192,57.0073,0.0000,0,0.5705
407,3.7015,-1.1301,57.8795,57.5012,0.7465,0,0.5301
408,3.7015,-1.1301,57.8795,57.5012,0.0000,0,0.5301
409,4.2961,-1.0824,58.3348,57.9961,0.7504,0,0.4824
410,4.2961,-1.0824,58.3348,57.9961,0.0000,0,0.4824
411,4.8980,-1.0330,58.7850,58.4921,0.7533,0,0.4330
412,4.8980,-1.0330,58.7850,58.4921,0.0000,0,0.4330
413,5.5073,-0.9859,59.2300,58.9889,0.7559,0,0.3859
414,5.5073,-0.9859,59.2300,58.9889,0.0000,0,0.3859
415,6.1245,-0.9438,59.6695,59.4866,0.7588,0,0.3438
416,6.1245,-0.9438,59.6695,59.4866,0.0000,0,0.3438
417,6.7506,-0.9081,60.1033,59.9851,0.7626,0,0.3081
418,6.7506,-0.9081,60.1033,59.9851,0.0000,0,0.3081
419,7.3871,-0.8789,60.5309,60.4843,0.7674,0,0.2789
420,7.3871,-0.8789,60.5309,60.4843,0.0000,0,0.2789
421,8.0358,-0.8554,60.9519,60.9842,0.7736,0,0.2554
422,8.0358,-0.8554,60.9519,60.9842,0.0000,0,0.2554
423,8.6985,-0.8364,61.3657,61.4846,0.7816,0,0.2364
424,8.6985,-0.8364,61.3657,61.4846,0.0000,0,0.2364
425,9.3778,-0.8200,61.7715,61.9854,0.7915,0,0.2200
426,9.3778,-0.8200,61.7715,61.9854,0.0000,0,0.2200
427,10.0754,-0.8043,62.1686,62.4866,0.8028,0,0.2043
428,10.0754,-0.8043,62.1686,62.4866,0.0000,0,0.2043
429,10.9550,-0.7547,62.5255,62.9857,0.9505,0,0.1547
430,10.9550,-0.7547,62.5255,62.9857,0.0000,0,0.1547
431,11.9952,-0.6734,62.8388,63.4824,1.0894,0,0.0734
432,11.9952,-0.6734,62.8388,63.4824,0.0000,0,0.0734
433,13.1343,-0.5713,63.1143,63.9770,1.1763,0,0.0000
434,13.1343,-0.5713,63.1143,63.9770,0.0000,0,0.0000
435,14.3336,-0.4560,63.3558,64.4696,1.2289,0,0.0000
436,14.3336,-0.4560,63.3558,64.4696,0.0000,0,0.0000
437,15.5696,-0.3331,63.5660,64.9601,1.2598,0,0.0000
438,15.5696,-0.3331,63.5660,64.9601,0.0000,0,0.0000
439,16.8282,-0.2071,63.7468,65.4485,1.2777,0,0.0000
440,16.8282,-0.2071,63.7468,65.4485,0.0000,0,0.0000
441,18.1012,-0.0815,63.8992,65.9347,1.2882,0,0.0000
442,18.1012,-0.0815,63.8992,65.9347,0.0000,0,0.0000
443,19.3843,0.0408,64.0237,66.4185,1.2949,0,0.0000
444,19.3843,0.0408,64.0237,66.4185,0.0000,0,0.0000
445,20.6756,0.1574,64.1201,66.8997,1.3002,0,0.0000
446,20.6756,0.1574,64.1201,66.8997,0.0000,0,0.0000
447,21.9750,0.2670,64.1881,67.3782,1.3058,0,0.0000
448,21.9750,0.2670,64.1881,67.3782,0.0000,0,0.0000
449,23.2831,0.3689,64.2267,67.8538,1.3127,0,0.0000
450,23.2831,0.3689,64.2267,67.8538,0.0000,0,0.0000
451,24.6016,0.4636,64.2345,68.3261,1.3219,0,0.0000
452,24.6016,0.4636,64.2345,68.3261,0.0000,0,0.0000
453,25.9323,0.5523,64.2098,68.7950,1.3339,0,0.0000
454,25.9323,0.5523,64.2098,68.7950,0.0000,0,0.0000
455,27.2777,0.6371,64.1504,69.2602,1.3494,0,0.0000
456,27.2777,0.6371,64.1504,69.2602,0.0000,0,0.0000
457,28.6406,0.7210,64.0535,69.7215,1.3689,0,0.0000
458,28.6406,0.7210,64.0535,69.7215,0.0000,0,0.0000
459,30.0243,0.8074,63.9158,70.1783,1.3933,0,0.0000
460,30.0243,0.8074,63.9158,70.1783,0.0000,0,0.0000
461,31.4757,0.9218,63.7099,70.6295,1.4703,0,0.0000
462,31.4757,0.9218,63.7099,70.6295,0.0000,0,0.0000
463,33.0928,1.1161,63.3736,71.0716,1.6631,0,0.0000
464,33.0928,1.1161,63.3736,71.0716,0.0000,0,0.0000
465,34.8017,1.3577,62.9341,71.5053,1.7809,0,0.0000
466,34.8017,1.3577,62.9341,71.5053,0.0000,0,0.0000
467,36.5570,1.6239,62.4087,71.9308,1.8515,0,0.0000
468,36.5570,1.6239,62.4087,71.9308,0.0000,0,0.0000
469,38.3312,1.8986,61.8086,72.3483,1.8930,0,0.0000
470,38.3312,1.8986,61.8086,72.3483,0.0000,0,0.0000
471,40.1058,2.1689,61.1424,72.7575,1.9147,0,0.0000
472,40.1058,2.1689,61.1424,72.7575,0.0000,0,0.0000
473,41.8679,2.4244,60.4173,73.1584,1.9225,0,0.0000
474,41.8679,2.4244,60.4173,73.1584,0.0000,0,0.0000
475,43.6097,2.6579,59.6380,73.5508,1.9225,0,0.0000
476,43.6097,2.6579,59.6380,73.5508,0.0000,0,0.0000
477,45.3272,2.8651,58.8076,73.9347,1.9189,0,0.0000
478,45.3272,2.8651,58.8076,73.9347,0.0000,0,0.0000
479,47.0180,3.0442,57.9281,74.3098,1.9143,0,0.0000
480,47.0180,3.0442,57.9281,74.3098,0.0000,0,0.0000
481,48.6809,3.1958,57.0002,74.6760,1.9103,0,0.0000
482,48.6809,3.1958,57.0002,74.6760,0.0000,0,0.0000
483,50.3154,3.3223,56.0240,75.0330,1.9080,0,0.0000
484,50.3154,3.3223,56.0240,75.0330,0.0000,0,0.0000
485,51.9215,3.4277,54.9993,75.3806,1.9080,0,0.0000
486,51.9215,3.4277,54.9993,75.3806,0.0000,0,0.0000
487,53.4990,3.5172,53.9247,75.7186,1.9108,0,0.0000
488,53.4990,3.5172,53.9247,75.7186,0.0000,0,0.0000
489,55.0482,3.5965,52.7990,76.0467,1.9167,0,0.0000
490,55.0482,3.5965,52.7990,76.0467,0.0000,0,0.0000
491,56.5687,3.6716,51.6204,76.3646,1.9253,0,0.0000
492,56.5687,3.6716,51.6204,76.3646,0.0000,0,0.0000
493,58.0571,3.7447,50.3913,76.6723,1.9316,0,0.0000
494,58.0571,3.7447,50.3913,76.6723,0.0000,0,0.0000
495,59.5096,3.8172,49.1150,76.9697,1.9349,0,0.0000
496,59.5096,3.8172,49.1150,76.9697,0.0000,0,0.0000
497,60.9236,3.8903,47.7940,77.2565,1.9364,0,0.0000
498,60.9236,3.8903,47.7940,77.2565,0.0000,0,0.0000
499,62.2968,3.9652,46.4302,77.5326,1.9368,0,0.0000
500,62.2968,3.9652,46.4302,77.5326,0.0000,0,0.0000
501,63.6276,4.0425,45.0255,77.7981,1.9366,0,0.0000
502,63.6276,4.0425,45.0255,77.7981,0.0000,0,0.0000
503,64.8337,4.0151,43.7214,78.0564,1.7765,0,0.0000
504,64.8337,4.0151,43.7214,78.0564,0.0000,0,0.0000
505,65.9256,3.8903,42.5218,78.3082,1.6269,0,0.0000
506,65.9256,3.8903,42.5218,78.3082,0.0000,0,0.0000
507,66.9328,3.7084,41.3909,78.5533,1.5254,0,0.0000
508,66.9328,3.7084,41.3909,78.5533,0.0000,0,0.0000
509,67.8737,3.4995,40.3053,78.7915,1.4517,0,0.0000
510,67.8737,3.4995,40.3053,78.7915,0.0000,0,0.0000
511,68.7601,3.2864,39.2501,79.0229,1.3945,0,0.0000
512,68.7601,3.2864,39.2501,79.0229,0.0000,0,0.0000
513,69.5997,3.0859,38.2155,79.2475,1.3474,0,0.0000
514,69.5997,3.0859,38.2155,79.2475,0.0000,0,0.0000
515,70.3980,2.9099,37.1951,79.4653,1.3074,0,0.0000
516,70.3980,2.9099,37.1951,79.4653,0.0000,0,0.0000
517,71.1590,2.7661,36.1848,79.6764,1.2730,0,0.0000
518,71.1590,2.7661,36.1848,79.6764,0.0000,0,0.0000
519,71.8857,2.6583,35.1815,79.8810,1.2435,0,0.0000
520,71.8857,2.6583,35.1815,79.8810,0.0000,0,0.0000
521,72.5805,2.5876,34.1831,80.0790,1.2185,0,0.0000
522,72.5805,2.5876,34.1831,80.0790,0.0000,0,0.0000
523,73.2457,2.5524,33.1879,80.2706,1.1975,0,0.0000
524,73.2457,2.5524,33.1879,80.2706,0.0000,0,0.0000
525,73.8828,2.5493,32.1944,80.4557,1.1803,0,0.0000
526,73.8828,2.5493,32.1944,80.4557,0.0000,0,0.0000
527,74.4935,2.5737,31.2012,80.6345,1.1662,0,0.0000
528,74.4935,2.5737,31.2012,80.6345,0.0000,0,0.0000
529,75.0791,2.6203,30.2069,80.8068,1.1549,0,0.0000
530,75.0791,2.6203,30.2069,80.8068,0.0000,0,0.0000
531,75.6409,2.6837,29.2100,80.9728,1.1460,0,0.0000
532,75.6409,2.6837,29.2100,80.9728,0.0000,0,0.0000
533,76.1801,2.7584,28.2090,81.1324,1.1394,0,0.0000
534,76.1801,2.7584,28.2090,81.1324,0.0000,0,0.0000
535,76.6976,2.8400,27.2020,81.2856,1.1351,0,0.0000
536,76.6976,2.8400,27.2020,81.2856,0.0000,0,0.0000
537,77.1944,2.9246,26.1870,81.4323,1.1332,0,0.0000
538,77.1944,2.9246,26.1870,81.4323,0.0000,0,0.0000
539,77.6713,3.0093,25.1619,81.5724,1.1338,0,0.0000
540,77.6713,3.0093,25.1619,81.5724,0.0000,0,0.0000
541,78.1290,3.0924,24.1241,81.7060,1.1373,0,0.0000
542,78.1290,3.0924,24.1241,81.7060,0.0000,0,0.0000
543,78.5680,3.1731,23.0707,81.8328,1.1440,0,0.0000
544,78.5680,3.1731,23.0707,81.8328,0.0000,0,0.0000
545,78.9887,3.2518,21.9986,81.9527,1.1544,0,0.0000
546,78.9887,3.2518,21.9986,81.9527,0.0000,0,0.0000
547,79.3913,3.3298,20.9041,82.0656,1.1688,0,0.0000
548,79.3913,3.3298,20.9041,82.0656,0.0000,0,0.0000
549,79.7760,3.4089,19.7829,82.1712,1.1880,0,0.0000
550,79.7760,3.4089,19.7829,82.1712,0.0000,0,0.0000
551,80.1424,3.4919,18.6301,82.2693,1.2124,0,0.0000
552,80.1424,3.4919,18.6301,82.2693,0.0000,0,0.0000
553,80.4898,3.5802,17.4427,82.3598,1.2403,0,0.0000
554,80.4898,3.5802,17.4427,82.3598,0.0000,0,0.0000
555,80.7553,3.3634,16.6543,82.4505,0.8597,0,0.0000
556,80.7553,3.3634,16.6543,82.4505,0.0000,0,0.0000
557,80.9547,2.8838,16.2337,82.5430,0.6684,0,0.0000
558,80.9547,2.8838,16.2337,82.5430,0.0000,0,0.0000
559,81.1110,2.2674,16.0424,82.6364,0.6641,0,0.0000
560,81.1110,2.2674,16.0424,82.6364,0.0000,0,0.0000
561,81.2368,1.6029,15.9947,82.7307,0.6779,0,0.0000
562,81.2368,1.6029,15.9947,82.7307,0.0000,0,0.0000
563,81.3403,0.9533,16.0377,82.8256,0.6592,0,0.0000
564,81.3403,0.9533,16.0377,82.8256,0.0000,0,0.0000
565,81.4275,0.3619,16.1389,82.9213,0.6063,0,0.0000
566,81.4275,0.3619,16.1389,82.9213,0.0000,0,0.0000
567,81.5036,-0.1431,16.2781,83.0180,0.5293,0,0.0000
568,81.5036,-0.1431,16.2781,83.0180,0.0000,0,0.0000
569,81.5725,-0.5461,16.4430,83.1159,0.4408,0,0.0000
570,81.5725,-0.5461,16.4430,83.1159,0.0000,0,0.0000
571,81.6371,-0.8417,16.6261,83.2150,0.3537,0,0.2417
572,81.6371,-0.8417,16.6261,83.2150,0.0000,0,0.2417
573,81.6996,-1.0326,16.8229,83.3154,0.2812,0,0.4326
574,81.6996,-1.0326,16.8229,83.3154,0.0000,0,0.4326
575,81.7613,-1.1278,17.0306,83.4173,0.2367,0,0.5278
576,81.7613,-1.1278,17.0306,83.4173,0.0000,0,0.5278
577,81.8227,-1.1407,17.2475,83.5208,0.2258,0,0.5407
578,81.8227,-1.1407,17.2475,83.5208,0.0000,0,0.5407
579,81.8840,-1.0874,17.4725,83.6259,0.2392,0,0.4874
580,81.8840,-1.0874,17.4725,83.6259,0.0000,0,0.4874
581,81.9451,-0.9850,17.7048,83.7327,0.2612,0,0.3850
582,81.9451,-0.9850,17.7048,83.7327,0.0000,0,0.3850
583,82.0060,-0.8505,17.9440,83.8412,0.2811,0,0.2505
584,82.0060,-0.8505,17.9440,83.8412,0.0000,0,0.2505
585,82.0666,-0.6996,18.1897,83.9515,0.2946,0,0.0996
586,82.0666,-0.6996,18.1897,83.9515,0.0000,0,0.0996
587,82.1268,-0.5461,18.4414,84.0637,0.3010,0,0.0000
588,82.1268,-0.5461,18.4414,84.0637,0.0000,0,0.0000
589,82.1867,-0.4011,18.6990,84.1778,0.3015,0,0.0000
590,82.1867,-0.4011,18.6990,84.1778,0.0000,0,0.0000
591,82.2465,-0.2732,18.9620,84.2938,0.2985,0,0.0000
592,82.2465,-0.2732,18.9620,84.2938,0.0000,0,0.0000
593,82.3064,-0.1679,19.2300,84.4117,0.2941,0,0.0000
594,82.3064,-0.1679,19.2300,84.4117,0.0000,0,0.0000
595,82.3665,-0.0882,19.5027,84.5317,0.2904,0,0.0000
596,82.3665,-0.0882,19.5027,84.5317,0.0000,0,0.0000
597,82.4270,-0.0347,19.7797,84.6537,0.2885,0,0.0000
598,82.4270,-0.0347,19.7797,84.6537,0.0000,0,0.0000
599,82.4881,-0.0064,20.0605,84.7777,0.2888,0,0.0000
600,82.4881,-0.0064,20.0605,84.7777,0.0000,0,0.0000
601,82.5499,-0.0002,20.3447,84.9038,0.2909,0,0.0000
602,82.5499,-0.0002,20.3447,84.9038,0.0000,0,0.0000
603,82.6124,-0.0125,20.6317,85.0319,0.2940,0,0.0000
604,82.6124,-0.0125,20.6317,85.0319,0.0000,0,0.0000
605,82.6757,-0.0389,20.9211,85.1622,0.2974,0,0.0000
606,82.6757,-0.0389,20.9211,85.1622,0.0000,0,0.0000
607,82.7399,-0.0748,21.2124,85.2946,0.3004,0,0.0000
608,82.7399,-0.0748,21.2124,85.2946,0.0000,0,0.0000
609,82.8052,-0.1156,21.5048,85.4291,0.3024,0,0.0000
610,82.8052,-0.1156,21.5048,85.4291,0.0000,0,0.0000
611,82.8716,-0.1572,21.7980,85.5658,0.3034,0,0.0000
612,82.8716,-0.1572,21.7980,85.5658,0.0000,0,0.0000
613,82.9393,-0.1962,22.0910,85.7045,0.3033,0,0.0000
614,82.9393,-0.1962,22.0910,85.7045,0.0000,0,0.0000
615,83.0085,-0.2296,22.3833,85.8453,0.3022,0,0.0000
616,83.0085,-0.2296,22.3833,85.8453,0.0000,0,0.0000
617,83.0793,-0.2552,22.6739,85.9882,0.3002,0,0.0000
618,83.0793,-0.2552,22.6739,85.9882,0.0000,0,0.0000
619,83.1522,-0.2715,22.9619,86.1332,0.2976,0,0.0000
620,83.1522,-0.2715,22.9619,86.1332,0.0000,0,0.0000
621,83.2273,-0.2777,23.2463,86.2803,0.2942,0,0.0000
622,83.2273,-0.2777,23.2463,86.2803,0.0000,0,0.0000
623,83.3050,-0.2733,23.5256,86.4292,0.2900,0,0.0000
624,83.3050,-0.2733,23.5256,86.4292,0.0000,0,0.0000
625,83.3856,-0.2586,23.7990,86.5802,0.2854,0,0.0000
626,83.3856,-0.2586,23.7990,86.5802,0.0000,0,0.0000
627,83.5052,-0.1358,23.9276,86.7305,0.2142,0,0.0000
628,83.5052,-0.1358,23.9276,86.7305,0.0000,0,0.0000
629,83.6580,0.0741,23.9303,86.8798,0.2597,0,0.0000
630,83.6580,0.0741,23.9303,86.8798,0.0000,0,0.0000
631,83.8298,0.3253,23.8591,87.0284,0.3125,0,0.0000
632,83.8298,0.3253,23.8591,87.0284,0.0000,0,0.0000
633,84.0116,0.5862,23.7454,87.1762,0.3377,0,0.0000
634,84.0116,0.5862,23.7454,87.1762,0.0000,0,0.0000
635,84.1982,0.8354,23.6082,87.3234,0.3402,0,0.0000
636,84.1982,0.8354,23.6082,87.3234,0.0000,0,0.0000
637,84.3868,1.0583,23.4588,87.4700,0.3281,0,0.0000
638,84.3868,1.0583,23.4588,87.4700,0.0000,0,0.0000
639,84.5760,1.2462,23.3036,87.6157,0.3085,0,0.0000
640,84.5760,1.2462,23.3036,87.6157,0.0000,0,0.0000
641,84.7650,1.3946,23.1462,87.7607,0.2873,0,0.0000
642,84.7650,1.3946,23.1462,87.7607,0.0000,0,0.0000
643,84.9537,1.5027,22.9879,87.9048,0.2689,0,0.0000
644,84.9537,1.5027,22.9879,87.9048,0.0000,0,0.0000
645,85.1419,1.5725,22.8293,88.0481,0.2559,0,0.0000
646,85.1419,1.5725,22.8293,88.0481,0.0000,0,0.0000
647,85.3298,1.6085,22.6698,88.1905,0.2491,0,0.0000
648,85.3298,1.6085,22.6698,88.1905,0.0000,0,0.0000
649,85.5175,1.6165,22.5086,88.3319,0.2475,0,0.0000
650,85.5175,1.6165,22.5086,88.3319,0.0000,0,0.0000
651,85.7050,1.6035,22.3441,88.4724,0.2497,0,0.0000
652,85.7050,1.6035,22.3441,88.4724,0.0000,0,0.0000
653,85.8925,1.5768,22.1748,88.6118,0.2541,0,0.0000
654,85.8925,1.5768,22.1748,88.6118,0.0000,0,0.0000
655,86.0802,1.5437,21.9984,88.7501,0.2597,0,0.0000
656,86.0802,1.5437,21.9984,88.7501,0.0000,0,0.0000
657,86.2685,1.5110,21.8127,88.8872,0.2664,0,0.0000
658,86.2685,1.5110,21.8127,88.8872,0.0000,0,0.0000
659,86.4575,1.4852,21.6149,89.0230,0.2749,0,0.0000
660,86.4575,1.4852,21.6149,89.0230,0.0000,0,0.0000
661,86.6479,1.4716,21.4016,89.1573,0.2862,0,0.0000
662,86.6479,1.4716,21.4016,89.1573,0.0000,0,0.0000
663,86.8401,1.4750,21.1689,89.2901,0.3018,0,0.0000
664,86.8401,1.4750,21.1689,89.2901,0.0000,0,0.0000
665,87.0348,1.4993,20.9122,89.4211,0.3231,0,0.0000
666,87.0348,1.4993,20.9122,89.4211,0.0000,0,0.0000
667,87.2705,1.6911,20.4295,89.5465,0.5704,0,0.0000
668,87.2705,1.6911,20.4295,89.5465,0.0000,0,0.0000
669,87.6193,2.3616,19.2725,89.6567,1.3820,0,0.0000
670,87.6193,2.3616,19.2725,89.6567,0.0000,0,0.0000
671,88.0056,3.3011,17.6859,89.7528,1.8839,0,0.0000
672,88.0056,3.3011,17.6859,89.7528,0.0000,0,0.0000
673,88.3787,4.3589,15.8298,89.8354,2.1687,0,0.0000
674,88.3787,4.3589,15.8298,89.8354,0.0000,0,0.0000
675,88.7097,5.4253,13.8080,89.9045,2.3096,0,0.0000
676,88.7097,5.4253,13.8080,89.9045,0.0000,0,0.0000
677,88.9855,6.4234,11.6836,89.9601,2.3634,0,0.0000
678,88.9855,6.4234,11.6836,89.9601,0.0000,0,0.0000
679,89.2020,7.3011,9.4949,90.0018,2.3680,0,0.0000
680,89.2020,7.3011,9.4949,90.0018,0.0000,0,0.0000
681,89.3597,8.0256,7.2654,90.0296,2.3495,0,0.0000
682,89.3597,8.0256,7.2654,90.0296,0.0000,0,0.0000
683,89.4605,8.5799,5.0099,90.0433,2.3248,0,0.0000
684,89.4605,8.5799,5.0099,90.0433,0.0000,0,0.0000
685,89.5057,8.9602,2.7378,90.0427,2.3041,0,0.0000
686,89.5057,8.9602,2.7378,90.0427,0.0000,0,0.0000
687,89.4955,9.1744,0.4559,90.0277,2.2920,0,0.0000
688,89.4955,9.1744,0.4559,90.0277,0.0000,0,0.0000
689,89.4285,9.2389,-1.8309,89.9983,2.2887,0,0.0000
690,89.4285,9.2389,-1.8309,89.9983,0.0000,0,0.0000
691,89.3024,9.1760,-4.1182,89.9545,2.2916,0,0.0000
692,89.3024,9.1760,-4.1182,89.9545,0.0000,0,0.0000
693,89.1141,9.0118,-6.4022,89.8963,2.2976,0,0.0000
694,89.1141,9.0118,-6.4022,89.8963,0.0000,0,0.0000
695,88.8605,8.7734,-8.6795,89.8238,2.3037,0,0.0000
696,88.8605,8.7734,-8.6795,89.8238,0.0000,0,0.0000
697,88.5387,8.4874,-10.9467,89.7369,2.3077,0,0.0000
698,88.5387,8.4874,-10.9467,89.7369,0.0000,0,0.0000
699,88.1467,8.1780,-13.2005,89.6359,2.3085,0,0.0000
700,88.1467,8.1780,-13.2005,89.6359,0.0000,0,0.0000
701,87.6829,7.8655,-15.4376,89.5207,2.3059,0,0.0000
702,87.6829,7.8655,-15.4376,89.5207,0.0000,0,0.0000
703,87.1493,7.5600,-17.6463,89.3917,2.2927,0,0.0000
704,87.1493,7.5600,-17.6463,89.3917,0.0000,0,0.0000
705,86.5499,7.2663,-19.8136,89.2491,2.2678,0,0.0000
706,86.5499,7.2663,-19.8136,89.2491,0.0000,0,0.0000
707,85.8884,6.9892,-21.9323,89.0934,2.2368,0,0.0000
708,85.8884,6.9892,-21.9323,89.0934,0.0000,0,0.0000
709,85.1684,6.7323,-23.9984,88.9246,2.2030,0,0.0000
710,85.1684,6.7323,-23.9984,88.9246,0.0000,0,0.0000
711,84.3931,6.4976,-26.0103,88.7433,2.1688,0,0.0000
712,84.3931,6.4976,-26.0103,88.7433,0.0000,0,0.0000
713,83.5655,6.2857,-27.9678,88.5495,2.1359,0,0.0000
714,83.5655,6.2857,-27.9678,88.5495,0.0000,0,0.0000
715,82.6882,6.0958,-29.8719,88.3437,2.1050,0,0.0000
716,82.6882,6.0958,-29.8719,88.3437,0.0000,0,0.0000
717,81.7634,5.9260,-31.7237,88.1261,2.0769,0,0.0000
718,81.7634,5.9260,-31.7237,88.1261,0.0000,0,0.0000
719,80.7931,5.7738,-33.5251,87.8968,2.0517,0,0.0000
720,80.7931,5.7738,-33.5251,87.8968,0.0000,0,0.0000
721,79.7788,5.6364,-35.2778,87.6562,2.0297,0,0.0000
722,79.7788,5.6364,-35.2778,87.6562,0.0000,0,0.0000
723,78.7219,5.5109,-36.9840,87.4044,2.0109,0,0.0000
724,78.7219,5.5109,-36.9840,87.4044,0.0000,0,0.0000
725,77.6232,5.3946,-38.6457,87.1417,1.9955,0,0.0000
726,77.6232,5.3946,-38.6457,87.1417,0.0000,0,0.0000
727,76.4830,5.2852,-40.2651,86.8682,1.9835,0,0.0000
728,76.4830,5.2852,-40.2651,86.8682,0.0000,0,0.0000
729,75.3017,5.1808,-41.8444,86.5841,1.9750,0,0.0000
730,75.3017,5.1808,-41.8444,86.5841,0.0000,0,0.0000
731,74.0788,5.0798,-43.3857,86.2895,1.9702,0,0.0000
732,74.0788,5.0798,-43.3857,86.2895,0.0000,0,0.0000
733,72.8137,4.9814,-44.8915,85.9847,1.9691,0,0.0000
734,72.8137,4.9814,-44.8915,85.9847,0.0000,0,0.0000
735,71.5052,4.8850,-46.3639,85.6697,1.9721,0,0.0000
736,71.5052,4.8850,-46.3639,85.6697,0.0000,0,0.0000
737,70.1518,4.7905,-47.8051,85.3447,1.9794,0,0.0000
738,70.1518,4.7905,-47.8051,85.3447,0.0000,0,0.0000
739,68.7514,4.6979,-49.2176,85.0097,1.9912,0,0.0000
740,68.7514,4.6979,-49.2176,85.0097,0.0000,0,0.0000
741,67.3012,4.6076,-50.6036,84.6649,2.0080,0,0.0000
742,67.3012,4.6076,-50.6036,84.6649,0.0000,0,0.0000
743,65.7982,4.5199,-51.9654,84.3104,2.0301,0,0.0000
744,65.7982,4.5199,-51.9654,84.3104,0.0000,0,0.0000
745,64.2385,4.4353,-53.3055,83.9462,2.0581,0,0.0000
746,64.2385,4.4353,-53.3055,83.9462,0.0000,0,0.0000
747,62.6173,4.3540,-54.6262,83.5725,2.0926,0,0.0000
748,62.6173,4.3540,-54.6262,83.5725,0.0000,0,0.0000
749,60.9292,4.2762,-55.9297,83.1893,2.1342,0,0.0000
750,60.9292,4.2762,-55.9297,83.1893,0.0000,0,0.0000
751,59.1714,4.1997,-57.2148,82.7967,2.1788,0,0.0000
752,59.1714,4.1997,-57.2148,82.7967,0.0000,0,0.0000
753,58.0269,3.7025,-57.8510,82.4043,1.4007,0,0.0000
754,58.0269,3.7025,-57.8510,82.4043,0.0000,0,0.0000
755,57.4426,2.8870,-57.9331,82.0137,1.0066,0,0.0000
756,57.4426,2.8870,-57.9331,82.0137,0.0000,0,0.0000
757,57.1870,1.9412,-57.6862,81.6238,1.0104,0,0.0000
758,57.1870,1.9412,-57.6862,81.6238,0.0000,0,0.0000
759,57.1170,0.9810,-57.2425,81.2345,1.0600,0,0.0000
760,57.1170,0.9810,-57.2425,81.2345,0.0000,0,0.0000
761,57.1477,0.0795,-56.6814,80.8457,1.0623,0,0.0000
762,57.1477,0.0795,-56.6814,80.8457,0.0000,0,0.0000
763,57.2314,-0.7178,-56.0510,80.4578,1.0199,0,0.1178
764,57.2314,-0.7178,-56.0510,80.4578,0.0000,0,0.1178
765,57.3419,-1.3843,-55.3805,80.0709,0.9518,0,0.7843
766,57.3419,-1.3843,-55.3805,80.0709,0.0000,0,0.7843
767,57.4662,-1.9067,-54.6875,79.6852,0.8767,0,1.3067
768,57.4662,-1.9067,-54.6875,79.6852,0.0000,0,1.3067
769,57.5976,-2.2826,-53.9824,79.3010,0.8098,0,1.6826
770,57.5976,-2.2826,-53.9824,79.3010,0.0000,0,1.6826
771,57.7330,-2.5181,-53.2713,78.9185,0.7612,0,1.9181
772,57.7330,-2.5181,-53.2713,78.9185,0.0000,0,1.9181
773,57.8702,-2.6255,-52.5576,78.5377,0.7346,0,2.0255
774,57.8702,-2.6255,-52.5576,78.5377,0.0000,0,2.0255
775,58.0076,-2.6223,-51.8434,78.1589,0.7273,0,2.0223
776,58.0076,-2.6223,-51.8434,78.1589,0.0000,0,2.0223
777,58.1436,-2.5291,-51.1298,77.7820,0.7324,0,1.9291
778,58.1436,-2.5291,-51.1298,77.7820,0.0000,0,1.9291
779,58.2767,-2.3681,-50.4174,77.4072,0.7423,0,1.7681
780,58.2767,-2.3681,-50.4174,77.4072,0.0000,0,1.7681
781,58.4054,-2.1617,-49.7067,77.0347,0.7512,0,1.5617
782,58.4054,-2.1617,-49.7067,77.0347,0.0000,0,1.5617
783,58.5288,-1.9309,-48.9978,76.6644,0.7557,0,1.3309
784,58.5288,-1.9309,-48.9978,76.6644,0.0000,0,1.3309
785,58.6464,-1.6947,-48.2908,76.2964,0.7546,0,1.0947
786,58.6464,-1.6947,-48.2908,76.2964,0.0000,0,1.0947
787,58.7580,-1.4689,-47.5857,75.9308,0.7487,0,0.8689
788,58.7580,-1.4689,-47.5857,75.9308,0.0000,0,0.8689
789,58.8637,-1.2658,-46.8826,75.5677,0.7395,0,0.6658
790,58.8637,-1.2658,-46.8826,75.5677,0.0000,0,0.6658
791,58.9638,-1.0941,-46.1812,75.2071,0.7289,0,0.4941
792,58.9638,-1.0941,-46.1812,75.2071,0.0000,0,0.4941
793,59.0587,-0.9588,-45.4818,74.8491,0.7187,0,0.3588
794,59.0587,-0.9588,-45.4818,74.8491,0.0000,0,0.3588
795,59.1489,-0.8616,-44.7841,74.4937,0.7102,0,0.2616
796,59.1489,-0.8616,-44.7841,74.4937,0.0000,0,0.2616
797,59.2347,-0.8016,-44.0882,74.1410,0.7038,0,0.2016
798,59.2347,-0.8016,-44.0882,74.1410,0.0000,0,0.2016
799,59.3163,-0.7755,-43.3939,73.7912,0.6995,0,0.1755
800,59.3163,-0.7755,-43.3939,73.7912,0.0000,0,0.1755
801,59.3940,-0.7783,-42.7014,73.4441,0.6969,0,0.1783
802,59.3940,-0.7783,-42.7014,73.4441,0.0000,0,0.1783
803,59.4678,-0.8043,-42.0104,73.0999,0.6954,0,0.2043
804,59.4678,-0.8043,-42.0104,73.0999,0.0000,0,0.2043
805,59.6160,-0.7163,-41.2190,72.7637,0.8099,0,0.1163
806,59.6160,-0.7163,-41.2190,72.7637,0.0000,0,0.1163
807,59.7500,-0.6980,-40.4563,72.4395,0.7747,0,0.0980
808,59.7500,-0.6980,-40.4563,72.4395,0.0000,0,0.0980
809,59.8192,-1.0202,-39.7868,72.1217,0.7462,0,0.4202
810,59.8192,-1.0202,-39.7868,72.1217,0.0000,0,0.4202
811,59.8790,-1.4576,-39.1249,71.8078,0.7956,0,0.8576
812,59.8790,-1.4576,-39.1249,71.8078,0.0000,0,0.8576
813,59.9317,-1.9917,-38.4635,71.4975,0.8518,0,1.3917
814,59.9317,-1.9917,-38.4635,71.4975,0.0000,0,1.3917
815,59.9782,-2.6013,-37.7981,71.1908,0.9036,0,2.0013
816,59.9782,-2.6013,-37.7981,71.1908,0.0000,0,2.0013
817,60.0186,-3.2635,-37.1260,70.8875,0.9444,0,2.6635
818,60.0186,-3.2635,-37.1260,70.8875,0.0000,0,2.6635
819,60.0531,-3.9556,-36.4457,70.5877,0.9710,0,3.3556
820,60.0531,-3.9556,-36.4457,70.5877,0.0000,0,3.3556
821,60.0821,-4.6559,-35.7567,70.2912,0.9828,0,4.0559
822,60.0821,-4.6559,-35.7567,70.2912,0.0000,0,4.0559
823,60.1059,-5.3465,-35.0597,69.9982,0.9815,0,4.7465
824,60.1059,-5.3465,-35.0597,69.9982,0.0000,0,4.7465
825,60.1181,-5.9944,-34.3728,69.7094,0.9444,0,5.3944
826,60.1181,-5.9944,-34.3728,69.7094,0.0000,0,5.3944
827,60.1399,-6.4006,-33.6961,69.4249,0.7896,0,5.8006
828,60.1399,-6.4006,-33.6961,69.4249,0.0000,0,5.8006
829,60.1664,-6.6053,-33.0410,69.1452,0.6869,0,6.0053
830,60.1664,-6.6053,-33.0410,69.1452,0.0000,0,6.0053
831,60.1967,-6.6551,-32.4059,68.8702,0.6378,0,6.0551
832,60.1967,-6.6551,-32.4059,68.8702,0.0000,0,6.0551
833,60.2294,-6.5960,-31.7860,68.5997,0.6235,0,5.9960
834,60.2294,-6.5960,-31.7860,68.5997,0.0000,0,5.9960
835,60.2635,-6.4692,-31.1759,68.3338,0.6241,0,5.8692
836,60.2635,-6.4692,-31.1759,68.3338,0.0000,0,5.8692
837,60.2981,-6.3077,-30.5706,68.0722,0.6274,0,5.7077
838,60.2981,-6.3077,-30.5706,68.0722,0.0000,0,5.7077
839,60.3323,-6.1365,-29.9665,67.8148,0.6288,0,5.5365
840,60.3323,-6.1365,-29.9665,67.8148,0.0000,0,5.5365
841,60.3657,-5.9727,-29.3613,67.5617,0.6279,0,5.3727
842,60.3657,-5.9727,-29.3613,67.5617,0.0000,0,5.3727
843,60.3978,-5.8266,-28.7538,67.3127,0.6257,0,5.2266
844,60.3978,-5.8266,-28.7538,67.3127,0.0000,0,5.2266
845,60.4268,-5.6776,-28.1509,67.0675,0.6218,0,5.0776
846,60.4268,-5.6776,-28.1509,67.0675,0.0000,0,5.0776
847,60.4540,-5.4759,-27.5582,66.8261,0.6266,0,4.8759
848,60.4540,-5.4759,-27.5582,66.8261,0.0000,0,4.8759
849,60.4772,-5.2313,-26.9798,66.5889,0.6284,0,4.6313
850,60.4772,-5.2313,-26.9798,66.5889,0.0000,0,4.6313
851,60.4961,-4.9478,-26.4156,66.3561,0.6317,0,4.3478
852,60.4961,-4.9478,-26.4156,66.3561,0.0000,0,4.3478
853,60.5111,-4.6266,-25.8635,66.1275,0.6389,0,4.0266
854,60.5111,-4.6266,-25.8635,66.1275,0.0000,0,4.0266
855,60.5230,-4.2679,-25.3217,65.9033,0.6499,0,3.6679
856,60.5230,-4.2679,-25.3217,65.9033,0.0000,0,3.6679
857,60.5320,-3.8720,-24.7879,65.6834,0.6647,0,3.2720
858,60.5320,-3.8720,-24.7879,65.6834,0.0000,0,3.2720
859,60.5387,-3.4392,-24.2596,65.4678,0.6830,0,2.8392
860,60.5387,-3.4392,-24.2596,65.4678,0.0000,0,2.8392
861,60.5434,-2.9705,-23.7341,65.2565,0.7042,0,2.3705
862,60.5434,-2.9705,-23.7341,65.2565,0.0000,0,2.3705
863,60.5454,-2.4925,-23.2086,65.0494,0.7104,0,1.8925
864,60.5454,-2.4925,-23.2086,65.0494,0.0000,0,1.8925
865,60.5454,-2.0399,-22.6783,64.8464,0.6971,0,1.4399
866,60.5454,-2.0399,-22.6783,64.8464,0.0000,0,1.4399
867,60.5452,-1.6004,-22.1408,64.6477,0.6943,0,1.0004
868,60.5452,-1.6004,-22.1408,64.6477,0.0000,0,1.0004
869,60.5450,-1.1747,-21.5958,64.4535,0.6916,0,0.5747
870,60.5450,-1.1747,-21.5958,64.4535,0.0000,0,0.5747
871,60.5450,-0.7626,-21.0435,64.2638,0.6891,0,0.1626
872,60.5450,-0.7626,-21.0435,64.2638,0.0000,0,0.1626
873,60.5450,-0.3642,-20.4840,64.0787,0.6869,0,0.0000
874,60.5450,-0.3642,-20.4840,64.0787,0.0000,0,0.0000
875,60.5450,0.0205,-19.9173,63.8980,0.6849,0,0.0000
876,60.5450,0.0205,-19.9173,63.8980,0.0000,0,0.0000
877,60.5452,0.3914,-19.3438,63.7219,0.6831,0,0.0000
878,60.5452,0.3914,-19.3438,63.7219,0.0000,0,0.0000
879,60.5454,0.7485,-18.7633,63.5503,0.6815,0,0.0000
880,60.5454,0.7485,-18.7633,63.5503,0.0000,0,0.0000
881,60.5457,1.0918,-18.1762,63.3833,0.6801,0,0.0000
882,60.5457,1.0918,-18.1762,63.3833,0.0000,0,0.0000
883,60.5461,1.4212,-17.5824,63.2209,0.6790,0,0.0000
884,60.5461,1.4212,-17.5824,63.2209,0.0000,0,0.0000
885,60.5465,1.7368,-16.9822,63.0632,0.6781,0,0.0000
886,60.5465,1.7368,-16.9822,63.0632,0.0000,0,0.0000
887,60.5469,2.0383,-16.3757,62.9101,0.6774,0,0.0000
888,60.5469,2.0383,-16.3757,62.9101,0.0000,0,0.0000
889,60.5445,2.1342,-15.8671,62.7774,0.5175,0,0.0000
890,60.5445,2.1342,-15.8671,62.7774,0.0000,0,0.0000
891,60.5135,1.8428,-15.6006,62.6664,0.3961,0,0.0000
892,60.5135,1.8428,-15.6006,62.6664,0.0000,0,0.0000
893,60.4726,1.4787,-15.3874,62.5593,0.4240,0,0.0000
894,60.4726,1.4787,-15.3874,62.5593,0.0000,0,0.0000
895,60.4303,1.1038,-15.1841,62.4558,0.4285,0,0.0000
896,60.4303,1.1038,-15.1841,62.4558,0.0000,0,0.0000
897,60.3879,0.7284,-14.9842,62.3556,0.4274,0,0.0000
898,60.3879,0.7284,-14.9842,62.3556,0.0000,0,0.0000
899,60.3452,0.3525,-14.7875,62.2588,0.4264,0,0.0000
900,60.3452,0.3525,-14.7875,62.2588,0.0000,0,0.0000
901,60.3120,-0.0418,-14.5572,62.1657,0.4579,0,0.0000
902,60.3120,-0.0418,-14.5572,62.1657,0.0000,0,0.0000
903,60.2966,-0.4919,-14.2566,62.0761,0.5414,0,0.0000
904,60.2966,-0.4919,-14.2566,62.0761,0.0000,0,0.0000
905,60.2953,-1.0408,-13.8839,61.9888,0.6635,0,0.4408
906,60.2953,-1.0408,-13.8839,61.9888,0.0000,0,0.4408
907,60.2650,-2.2401,-13.5828,61.9103,1.2369,0,1.6401
908,60.2650,-2.2401,-13.5828,61.9103,0.0000,0,1.6401
909,60.2920,-2.6274,-13.0806,61.8359,0.6347,0,2.0274
910,60.2920,-2.6274,-13.0806,61.8359,0.0000,0,2.0274
911,60.3206,-2.8285,-12.5859,61.7640,0.5348,0,2.2285
912,60.3206,-2.8285,-12.5859,61.7640,0.0000,0,2.2285
913,60.3534,-2.8539,-12.0939,61.6945,0.4938,0,2.2539
914,60.3534,-2.8539,-12.0939,61.6945,0.0000,0,2.2539
915,60.3729,-2.9550,-11.6482,61.6281,0.4574,0,2.3550
916,60.3729,-2.9550,-11.6482,61.6281,0.0000,0,2.3550
917,60.3876,-3.0732,-11.2206,61.5642,0.4439,0,2.4732
918,60.3876,-3.0732,-11.2206,61.5642,0.0000,0,2.4732
919,60.4005,-3.1835,-10.8008,61.5029,0.4342,0,2.5835
920,60.4005,-3.1835,-10.8008,61.5029,0.0000,0,2.5835
921,60.4119,-3.2857,-10.3876,61.4439,0.4257,0,2.6857
922,60.4119,-3.2857,-10.3876,61.4439,0.0000,0,2.6857
923,60.4244,-3.3066,-9.9858,61.3872,0.4026,0,2.7066
924,60.4244,-3.3066,-9.9858,61.3872,0.0000,0,2.7066
925,60.4412,-3.2140,-9.5852,61.3326,0.4115,0,2.6140
926,60.4412,-3.2140,-9.5852,61.3326,0.0000,0,2.6140
927,60.4587,-3.0699,-9.1905,61.2802,0.4206,0,2.4699
928,60.4587,-3.0699,-9.1905,61.2802,0.0000,0,2.4699
929,60.4756,-2.8972,-8.8025,61.2300,0.4250,0,2.2972
930,60.4756,-2.8972,-8.8025,61.2300,0.0000,0,2.2972
931,60.4911,-2.7162,-8.4206,61.1820,0.4229,0,2.1162
932,60.4911,-2.7162,-8.4206,61.1820,0.0000,0,2.1162
933,60.5051,-2.5436,-8.0432,61.1361,0.4153,0,1.9436
934,60.5051,-2.5436,-8.0432,61.1361,0.0000,0,1.9436
935,60.5172,-2.3911,-7.6686,61.0923,0.4046,0,1.7911
936,60.5172,-2.3911,-7.6686,61.0923,0.0000,0,1.7911
937,60.5278,-2.2664,-7.2954,61.0505,0.3936,0,1.6664
938,60.5278,-2.2664,-7.2954,61.0505,0.0000,0,1.6664
939,60.5369,-2.1729,-6.9227,61.0106,0.3844,0,1.5729
940,60.5369,-2.1729,-6.9227,61.0106,0.0000,0,1.5729
941,60.5448,-2.1109,-6.5498,60.9726,0.3781,0,1.5109
942,60.5448,-2.1109,-6.5498,60.9726,0.0000,0,1.5109
943,60.5516,-2.0782,-6.1763,60.9365,0.3750,0,1.4782
944,60.5516,-2.0782,-6.1763,60.9365,0.0000,0,1.4782
945,60.5575,-2.0712,-5.8020,60.9023,0.3744,0,1.4712
946,60.5575,-2.0712,-5.8020,60.9023,0.0000,0,1.4712
947,60.5625,-2.0850,-5.4269,60.8699,0.3754,0,1.4850
948,60.5625,-2.0850,-5.4269,60.8699,0.0000,0,1.4850
949,60.5667,-2.1144,-5.0510,60.8394,0.3771,0,1.5144
950,60.5667,-2.1144,-5.0510,60.8394,0.0000,0,1.5144
951,60.5699,-2.1701,-4.6749,60.8108,0.3802,0,1.5701
952,60.5699,-2.1701,-4.6749,60.8108,0.0000,0,1.5701
953,60.5718,-2.2451,-4.3009,60.7840,0.3815,0,1.6451
954,60.5718,-2.2451,-4.3009,60.7840,0.0000,0,1.6451
955,60.5733,-2.3057,-3.9304,60.7591,0.3754,0,1.7057
956,60.5733,-2.3057,-3.9304,60.7591,0.0000,0,1.7057
957,60.5746,-2.3516,-3.5634,60.7360,0.3698,0,1.7516
958,60.5746,-2.3516,-3.5634,60.7360,0.0000,0,1.7516
959,60.5756,-2.3854,-3.1992,60.7147,0.3657,0,1.7854
960,60.5756,-2.3854,-3.1992,60.7147,0.0000,0,1.7854
961,60.5766,-2.4079,-2.8363,60.6953,0.3636,0,1.8079
962,60.5766,-2.4079,-2.8363,60.6953,0.0000,0,1.8079
963,60.5777,-2.4201,-2.4734,60.6779,0.3632,0,1.8201
964,60.5777,-2.4201,-2.4734,60.6779,0.0000,0,1.8201
965,60.5790,-2.4231,-2.1093,60.6625,0.3641,0,1.8231
966,60.5790,-2.4231,-2.1093,60.6625,0.0000,0,1.8231
967,60.5804,-2.4186,-1.7434,60.6492,0.3660,0,1.8186
968,60.5804,-2.4186,-1.7434,60.6492,0.0000,0,1.8186
969,60.5813,-2.4341,-1.3754,60.6380,0.3683,0,1.8341
970,60.5813,-2.4341,-1.3754,60.6380,0.0000,0,1.8341
971,60.5813,-2.4658,-1.0100,60.6289,0.3668,0,1.8658
972,60.5813,-2.4658,-1.0100,60.6289,0.0000,0,1.8658
973,60.5814,-2.4905,-0.6477,60.6218,0.3631,0,1.8905
974,60.5814,-2.4905,-0.6477,60.6218,0.0000,0,1.8905
975,60.5815,-2.5111,-0.2872,60.6168,0.3612,0,1.9111
976,60.5815,-2.5111,-0.2872,60.6168,0.0000,0,1.9111
977,60.5818,-2.5301,0.0730,60.6140,0.3607,0,1.9301
978,60.5818,-2.5301,0.0730,60.6140,0.0000,0,1.9301
979,60.5821,-2.5500,0.4339,60.6135,0.3614,0,1.9500
980,60.5821,-2.5500,0.4339,60.6135,0.0000,0,1.9500
981,60.5826,-2.5690,0.7974,60.6153,0.3640,0,1.9690
982,60.5826,-2.5690,0.7974,60.6153,0.0000,0,1.9690
983,60.5828,-2.6043,1.1611,60.6195,0.3654,0,2.0043
984,60.5828,-2.6043,1.1611,60.6195,0.0000,0,2.0043
985,60.5824,-2.6618,1.5280,60.6262,0.3714,0,2.0618
986,60.5824,-2.6618,1.5280,60.6262,0.0000,0,2.0618
987,60.5816,-2.7299,1.9013,60.6352,0.3794,0,2.1299
988,60.5816,-2.7299,1.9013,60.6352,0.0000,0,2.1299
989,60.5804,-2.8042,2.2816,60.6466,0.3875,0,2.2042
990,60.5804,-2.8042,2.2816,60.6466,0.0000,0,2.2042
991,60.5790,-2.8787,2.6669,60.6606,0.3924,0,2.2787
992,60.5790,-2.8787,2.6669,60.6606,0.0000,0,2.2787
993,60.5781,-2.9371,3.0542,60.6770,0.3917,0,2.3371
994,60.5781,-2.9371,3.0542,60.6770,0.0000,0,2.3371
995,60.5772,-2.9869,3.4513,60.6960,0.4003,0,2.3869
996,60.5772,-2.9869,3.4513,60.6960,0.0000,0,2.3869
997,60.5761,-3.0337,3.8551,60.7178,0.4065,0,2.4337
998,60.5761,-3.0337,3.8551,60.7178,0.0000,0,2.4337
999,60.5746,-3.0894,4.2622,60.7423,0.4109,0,2.4894
1000,60.5746,-3.0894,4.2622,60.7423,0.0000,0,2.4894
1001,60.5724,-3.1501,4.6764,60.7697,0.4186,0,2.5501
1002,60.5724,-3.1501,4.6764,60.7697,0.0000,0,2.5501
1003,60.5698,-3.1984,5.1005,60.7999,0.4269,0,2.5984
1004,60.5698,-3.1984,5.1005,60.7999,0.0000,0,2.5984
1005,60.5670,-3.2310,5.5346,60.8328,0.4353,0,2.6310
1006,60.5670,-3.2310,5.5346,60.8328,0.0000,0,2.6310
1007,60.5640,-3.2464,5.9776,60.8688,0.4433,0,2.6464
1008,60.5640,-3.2464,5.9776,60.8688,0.0000,0,2.6464
1009,60.5608,-3.2485,6.4277,60.9078,0.4501,0,2.6485
1010,60.5608,-3.2485,6.4277,60.9078,0.0000,0,2.6485
1011,60.5573,-3.2417,6.8829,60.9501,0.4554,0,2.6417
1012,60.5573,-3.2417,6.8829,60.9501,0.0000,0,2.6417
1013,60.5537,-3.2302,7.3422,60.9957,0.4594,0,2.6302
1014,60.5537,-3.2302,7.3422,60.9957,0.0000,0,2.6302
1015,60.5498,-3.2172,7.8046,61.0449,0.4626,0,2.6172
1016,60.5498,-3.2172,7.8046,61.0449,0.0000,0,2.6172
1017,60.5456,-3.2052,8.2698,61.0977,0.4654,0,2.6052
1018,60.5456,-3.2052,8.2698,61.0977,0.0000,0,2.6052
1019,60.6119,-2.8079,8.1996,61.1389,0.4089,0,2.2079
1020,60.6119,-2.8079,8.1996,61.1389,0.0000,0,2.2079
1021,60.7271,-2.1114,7.6589,61.1663,0.8892,0,1.5114
1022,60.7271,-2.1114,7.6589,61.1663,0.0000,0,1.5114
1023,60.8491,-1.3030,6.8378,61.1823,1.1587,0,0.7030
1024,60.8491,-1.3030,6.8378,61.1823,0.0000,0,0.7030
1025,60.9537,-0.5143,5.8525,61.1883,1.2663,0,0.0000
1026,60.9537,-0.5143,5.8525,61.1883,0.0000,0,0.0000
1027,61.0415,-0.1008,4.6842,61.1868,1.2425,0,0.0000
1028,61.0415,-0.1008,4.6842,61.1868,0.0000,0,0.0000
1029,61.0963,0.2931,3.5076,61.1768,1.2420,0,0.0000
1030,61.0963,0.2931,3.5076,61.1768,0.0000,0,0.0000
1031,61.1224,0.4866,2.3168,61.1590,1.2067,0,0.0000
1032,61.1224,0.4866,2.3168,61.1590,0.0000,0,0.0000
1033,61.1205,0.5379,1.1445,61.1345,1.1734,0,0.0000
1034,61.1205,0.5379,1.1445,61.1345,0.0000,0,0.0000
1035,61.0919,0.5255,0.0068,61.1043,1.1381,0,0.0000
1036,61.0919,0.5255,0.0068,61.1043,0.0000,0,0.0000
1037,61.0394,0.4467,-1.0961,61.0692,1.1070,0,0.0000
1038,61.0394,0.4467,-1.0961,61.0692,0.0000,0,0.0000
1039,60.9652,0.3044,-2.1632,61.0301,1.0791,0,0.0000
1040,60.9652,0.3044,-2.1632,61.0301,0.0000,0,0.0000
1041,60.8716,0.1058,-3.1931,60.9877,1.0531,0,0.0000
1042,60.8716,0.1058,-3.1931,60.9877,0.0000,0,0.0000
1043,60.7606,-0.1388,-4.1845,60.9427,1.0272,0,0.0000
1044,60.7606,-0.1388,-4.1845,60.9427,0.0000,0,0.0000
1045,60.6341,-0.4175,-5.1363,60.8958,0.9998,0,0.0000
1046,60.6341,-0.4175,-5.1363,60.8958,0.0000,0,0.0000
1047,60.4942,-0.7179,-6.0475,60.8476,0.9696,0,0.1179
1048,60.4942,-0.7179,-6.0475,60.8476,0.0000,0,0.1179
1049,60.3431,-1.0281,-6.9174,60.7988,0.9358,0,0.4281
1050,60.3431,-1.0281,-6.9174,60.7988,0.0000,0,0.4281
1051,60.1832,-1.3373,-7.7454,60.7499,0.8982,0,0.7373
1052,60.1832,-1.3373,-7.7454,60.7499,0.0000,0,0.7373
1053,60.0169,-1.6363,-8.5311,60.7014,0.8570,0,1.0363
1054,60.0169,-1.6363,-8.5311,60.7014,0.0000,0,1.0363
1055,59.8466,-1.9178,-9.2742,60.6538,0.8127,0,1.3178
1056,59.8466,-1.9178,-9.2742,60.6538,0.0000,0,1.3178
1057,59.6749,-2.1767,-9.9744,60.6077,0.7660,0,1.5767
1058,59.6749,-2.1767,-9.9744,60.6077,0.0000,0,1.5767
1059,59.5041,-2.4096,-10.6312,60.5634,0.7175,0,1.8096
1060,59.5041,-2.4096,-10.6312,60.5634,0.0000,0,1.8096
1061,59.3366,-2.6149,-11.2445,60.5213,0.6680,0,2.0149
1062,59.3366,-2.6149,-11.2445,60.5213,0.0000,0,2.0149
1063,59.1745,-2.7924,-11.8137,60.4818,0.6179,0,2.1924
1064,59.1745,-2.7924,-11.8137,60.4818,0.0000,0,2.1924
1065,59.0197,-2.9432,-12.3385,60.4454,0.5676,0,2.3432
1066,59.0197,-2.9432,-12.3385,60.4454,0.0000,0,2.3432
1067,58.8741,-3.0689,-12.8185,60.4122,0.5171,0,2.4689
1068,58.8741,-3.0689,-12.8185,60.4122,0.0000,0,2.4689
1069,58.7393,-3.1720,-13.2531,60.3827,0.4666,0,2.5720
1070,58.7393,-3.1720,-13.2531,60.3827,0.0000,0,2.5720
1071,58.6169,-3.2547,-13.6419,60.3571,0.4160,0,2.6547
1072,58.6169,-3.2547,-13.6419,60.3571,0.0000,0,2.6547
1073,58.5080,-3.3198,-13.9844,60.3356,0.3652,0,2.7198
1074,58.5080,-3.3198,-13.9844,60.3356,0.0000,0,2.7198
1075,58.4139,-3.3705,-14.2800,60.3184,0.3143,0,2.7705
1076,58.4139,-3.3705,-14.2800,60.3184,0.0000,0,2.7705
1077,58.3356,-3.4098,-14.5280,60.3057,0.2630,0,2.8098
1078,58.3356,-3.4098,-14.5280,60.3057,0.0000,0,2.8098
1079,58.2756,-3.4346,-14.7188,60.2967,0.2015,0,2.8346
1080,58.2756,-3.4346,-14.7188,60.2967,0.0000,0,2.8346
1081,58.2285,-3.4290,-14.8665,60.2883,0.1551,0,2.8290
1082,58.2285,-3.4290,-14.8665,60.2883,0.0000,0,2.8290
1083,58.1891,-3.3875,-14.9911,60.2803,0.1371,0,2.7875
1084,58.1891,-3.3875,-14.9911,60.2803,0.0000,0,2.7875
1085,58.1541,-3.3116,-15.1045,60.2723,0.1409,0,2.7116
1086,58.1541,-3.3116,-15.1045,60.2723,0.0000,0,2.7116
1087,58.1207,-3.2115,-15.2167,60.2648,0.1541,0,2.6115
1088,58.1207,-3.2115,-15.2167,60.2648,0.0000,0,2.6115
1089,58.0911,-3.1103,-15.3238,60.2600,0.1502,0,2.5103
1090,58.0911,-3.1103,-15.3238,60.2600,0.0000,0,2.5103
1091,58.0664,-3.0040,-15.4121,60.2551,0.1404,0,2.4040
1092,58.0664,-3.0040,-15.4121,60.2551,0.0000,0,2.4040
1093,58.0432,-2.8945,-15.4924,60.2498,0.1377,0,2.2945
1094,58.0432,-2.8945,-15.4924,60.2498,0.0000,0,2.2945
1095,58.0196,-2.7852,-15.5712,60.2439,0.1368,0,2.1852
1096,58.0196,-2.7852,-15.5712,60.2439,0.0000,0,2.1852
1097,57.9940,-2.6800,-15.6525,60.2373,0.1354,0,2.0800
1098,57.9940,-2.6800,-15.6525,60.2373,0.0000,0,2.0800
1099,57.9666,-2.5983,-15.7449,60.2330,0.1263,0,1.9983
1100,57.9666,-2.5983,-15.7449,60.2330,0.0000,0,1.9983
1101,57.9425,-2.5411,-15.8241,60.2293,0.1007,0,1.9411
1102,57.9425,-2.5411,-15.8241,60.2293,0.0000,0,1.9411
1103,57.9197,-2.4998,-15.8940,60.2252,0.0843,0,1.8998
1104,57.9197,-2.4998,-15.8940,60.2252,0.0000,0,1.8998
1105,57.8963,-2.4704,-15.9622,60.2203,0.0779,0,1.8704
1106,57.8963,-2.4704,-15.9622,60.2203,0.0000,0,1.8704
1107,57.8710,-2.4500,-16.0332,60.2148,0.0781,0,1.8500
1108,57.8710,-2.4500,-16.0332,60.2148,0.0000,0,1.8500
1109,57.8428,-2.4365,-16.1098,60.2084,0.0826,0,1.8365
1110,57.8428,-2.4365,-16.1098,60.2084,0.0000,0,1.8365
1111,57.8123,-2.4446,-16.1997,60.2042,0.0953,0,1.8446
1112,57.8123,-2.4446,-16.1997,60.2042,0.0000,0,1.8446
1113,57.7851,-2.4699,-16.2779,60.2006,0.0866,0,1.8699
1114,57.7851,-2.4699,-16.2779,60.2006,0.0000,0,1.8699
1115,57.7594,-2.5008,-16.3478,60.1964,0.0806,0,1.9008
1116,57.7594,-2.5008,-16.3478,60.1964,0.0000,0,1.9008
1117,57.7332,-2.5308,-16.4167,60.1916,0.0795,0,1.9308
1118,57.7332,-2.5308,-16.4167,60.1916,0.0000,0,1.9308
1119,57.7053,-2.5562,-16.4887,60.1859,0.0813,0,1.9562
1120,57.7053,-2.5562,-16.4887,60.1859,0.0000,0,1.9562
1121,57.6749,-2.5749,-16.5665,60.1794,0.0856,0,1.9749
1122,57.6749,-2.5749,-16.5665,60.1794,0.0000,0,1.9749
1123,57.6424,-2.6025,-16.6577,60.1751,0.1006,0,2.0025
1124,57.6424,-2.6025,-16.6577,60.1751,0.0000,0,2.0025
1125,57.6136,-2.6356,-16.7372,60.1714,0.0908,0,2.0356
1126,57.6136,-2.6356,-16.7372,60.1714,0.0000,0,2.0356
1127,57.5867,-2.6641,-16.8085,60.1670,0.0814,0,2.0641
1128,57.5867,-2.6641,-16.8085,60.1670,0.0000,0,2.0641
1129,57.5595,-2.6840,-16.8787,60.1620,0.0779,0,2.0840
1130,57.5595,-2.6840,-16.8787,60.1620,0.0000,0,2.0840
1131,57.5308,-2.6936,-16.9522,60.1561,0.0794,0,2.0936
1132,57.5308,-2.6936,-16.9522,60.1561,0.0000,0,2.0936
1133,57.4997,-2.6929,-17.0312,60.1493,0.0850,0,2.0929
1134,57.4997,-2.6929,-17.0312,60.1493,0.0000,0,2.0929
1135,57.4666,-2.7001,-17.1235,60.1449,0.0983,0,2.1001
1136,57.4666,-2.7001,-17.1235,60.1449,0.0000,0,2.1001
1137,57.4372,-2.7127,-17.2042,60.1410,0.0867,0,2.1127
1138,57.4372,-2.7127,-17.2042,60.1410,0.0000,0,2.1127
1139,57.4098,-2.7220,-17.2766,60.1365,0.0781,0,2.1220
1140,57.4098,-2.7220,-17.2766,60.1365,0.0000,0,2.1220
1141,57.3820,-2.7249,-17.3480,60.1312,0.0767,0,2.1249
1142,57.3820,-2.7249,-17.3480,60.1312,0.0000,0,2.1249
1143,57.3525,-2.7206,-17.4225,60.1251,0.0802,0,2.1206
1144,57.3525,-2.7206,-17.4225,60.1251,0.0000,0,2.1206
1145,57.3203,-2.7147,-17.5060,60.1191,0.0897,0,2.1147
1146,57.3203,-2.7147,-17.5060,60.1191,0.0000,0,2.1147
1147,57.2895,-2.7241,-17.5919,60.1158,0.0918,0,2.1241
1148,57.2895,-2.7241,-17.5919,60.1158,0.0000,0,2.1241
1149,57.2621,-2.7346,-17.6643,60.1119,0.0780,0,2.1346
1150,57.2621,-2.7346,-17.6643,60.1119,0.0000,0,2.1346
1151,57.2355,-2.7415,-17.7322,60.1074,0.0733,0,2.1415
1152,57.2355,-2.7415,-17.7322,60.1074,0.0000,0,2.1415
1153,57.2077,-2.7425,-17.8014,60.1020,0.0745,0,2.1425
1154,57.2077,-2.7425,-17.8014,60.1020,0.0000,0,2.1425
1155,57.1777,-2.7371,-17.8750,60.0957,0.0797,0,2.1371
1156,57.1777,-2.7371,-17.8750,60.0957,0.0000,0,2.1371
1157,57.1446,-2.7262,-17.9551,60.0884,0.0873,0,2.1262
1158,57.1446,-2.7262,-17.9551,60.0884,0.0000,0,2.1262
1159,57.1081,-2.7109,-18.0428,60.0802,0.0962,0,2.1109
1160,57.1081,-2.7109,-18.0428,60.0802,0.0000,0,2.1109
1161,57.0676,-2.6931,-18.1388,60.0708,0.1057,0,2.0931
1162,57.0676,-2.6931,-18.1388,60.0708,0.0000,0,2.0931
1163,57.0229,-2.6747,-18.2435,60.0603,0.1153,0,2.0747
1164,57.0229,-2.6747,-18.2435,60.0603,0.0000,0,2.0747
1165,56.9739,-2.6572,-18.3572,60.0487,0.1250,0,2.0572
1166,56.9739,-2.6572,-18.3572,60.0487,0.0000,0,2.0572
1167,56.9202,-2.6423,-18.4800,60.0360,0.1348,0,2.0423
1168,56.9202,-2.6423,-18.4800,60.0360,0.0000,0,2.0423
1169,56.8618,-2.6310,-18.6119,60.0221,0.1447,0,2.0310
1170,56.8618,-2.6310,-18.6119,60.0221,0.0000,0,2.0310
1171,56.7985,-2.6242,-18.7531,60.0071,0.1549,0,2.0242
1172,56.7985,-2.6242,-18.7531,60.0071,0.0000,0,2.0242
1173,56.7318,-2.6091,-18.8999,59.9908,0.1619,0,2.0091
1174,56.7318,-2.6091,-18.8999,59.9908,0.0000,0,2.0091
1175,56.6619,-2.5790,-19.0527,59.9733,0.1707,0,1.9790
1176,56.6619,-2.5790,-19.0527,59.9733,0.0000,0,1.9790
1177,56.5882,-2.5355,-19.2125,59.9546,0.1813,0,1.9355
1178,56.5882,-2.5355,-19.2125,59.9546,0.0000,0,1.9355
1179,56.5103,-2.4808,-19.3800,59.9347,0.1926,0,1.8808
1180,56.5103,-2.4808,-19.3800,59.9347,0.0000,0,1.8808
1181,56.4281,-2.4169,-19.5554,59.9137,0.2040,0,1.8169
1182,56.4281,-2.4169,-19.5554,59.9137,0.0000,0,1.8169
1183,56.3412,-2.3459,-19.7388,59.8915,0.2150,0,1.7459
1184,56.3412,-2.3459,-19.7388,59.8915,0.0000,0,1.7459
1185,56.2495,-2.2697,-19.9302,59.8681,0.2254,0,1.6697
1186,56.2495,-2.2697,-19.9302,59.8681,0.0000,0,1.6697
1187,56.1529,-2.1901,-20.1294,59.8435,0.2353,0,1.5901
1188,56.1529,-2.1901,-20.1294,59.8435,0.0000,0,1.5901
1189,56.0512,-2.1084,-20.3364,59.8178,0.2447,0,1.5084
1190,56.0512,-2.1084,-20.3364,59.8178,0.0000,0,1.5084
1191,55.9443,-2.0258,-20.5510,59.7908,0.2536,0,1.4258
1192,55.9443,-2.0258,-20.5510,59.7908,0.0000,0,1.4258
1193,55.8321,-1.9431,-20.7732,59.7627,0.2622,0,1.3431
1194,55.8321,-1.9431,-20.7732,59.7627,0.0000,0,1.3431
1195,55.7145,-1.8608,-21.0027,59.7333,0.2707,0,1.2608
1196,55.7145,-1.8608,-21.0027,59.7333,0.0000,0,1.2608
1197,55.5915,-1.7793,-21.2394,59.7027,0.2790,0,1.1793
1198,55.5915,-1.7793,-21.2394,59.7027,0.0000,0,1.1793
1199,55.4629,-1.6987,-21.4833,59.6708,0.2872,0,1.0987
1200,55.4629,-1.6987,-21.4833,59.6708,0.0000,0,1.0987
1201,55.3286,-1.6189,-21.7341,59.6376,0.2955,0,1.0189
1202,55.3286,-1.6189,-21.7341,59.6376,0.0000,0,1.0189
1203,55.1885,-1.5398,-21.9918,59.6032,0.3038,0,0.9398
1204,55.1885,-1.5398,-21.9918,59.6032,0.0000,0,0.9398
1205,55.0427,-1.4611,-22.2561,59.5674,0.3120,0,0.8611
1206,55.0427,-1.4611,-22.2561,59.5674,0.0000,0,0.8611
1207,54.8908,-1.3825,-22.5270,59.5303,0.3203,0,0.7825
1208,54.8908,-1.3825,-22.5270,59.5303,0.0000,0,0.7825
1209,54.7330,-1.3038,-22.8044,59.4919,0.3287,0,0.7038
1210,54.7330,-1.3038,-22.8044,59.4919,0.0000,0,0.7038
1211,54.5690,-1.2246,-23.0880,59.4522,0.3370,0,0.6246
1212,54.5690,-1.2246,-23.0880,59.4522,0.0000,0,0.6246
1213,54.3988,-1.1449,-23.3777,59.4110,0.3453,0,0.5449
1214,54.3988,-1.1449,-23.3777,59.4110,0.0000,0,0.5449
1215,54.2222,-1.0644,-23.6734,59.3685,0.3537,0,0.4644
1216,54.2222,-1.0644,-23.6734,59.3685,0.0000,0,0.4644
1217,54.0392,-0.9831,-23.9748,59.3246,0.3619,0,0.3831
1218,54.0392,-0.9831,-23.9748,59.3246,0.0000,0,0.3831
1219,53.8497,-0.9008,-24.2819,59.2792,0.3701,0,0.3008
1220,53.8497,-0.9008,-24.2819,59.2792,0.0000,0,0.3008
1221,53.6534,-0.8177,-24.5945,59.2323,0.3783,0,0.2177
1222,53.6534,-0.8177,-24.5945,59.2323,0.0000,0,0.2177
1223,53.4504,-0.7338,-24.9123,59.1840,0.3864,0,0.1338
1224,53.4504,-0.7338,-24.9123,59.1840,0.0000,0,0.1338
1225,53.2405,-0.6493,-25.2353,59.1342,0.3944,0,0.0493
1226,53.2405,-0.6493,-25.2353,59.1342,0.0000,0,0.0493
1227,53.0239,-0.5645,-25.5624,59.0829,0.4013,0,0.0000
1228,53.0239,-0.5645,-25.5624,59.0829,0.0000,0,0.0000
1229,52.8017,-0.4915,-25.8912,59.0299,0.4036,0,0.0000
1230,52.8017,-0.4915,-25.8912,59.0299,0.0000,0,0.0000
1231,52.5733,-0.4365,-26.2227,58.9753,0.4063,0,0.0000
1232,52.5733,-0.4365,-26.2227,58.9753,0.0000,0,0.0000
1233,52.3387,-0.4011,-26.5572,58.9192,0.4101,0,0.0000
1234,52.3387,-0.4011,-26.5572,58.9192,0.0000,0,0.0000
1235,52.0975,-0.3845,-26.8949,58.8615,0.4153,0,0.0000
1236,52.0975,-0.3845,-26.8949,58.8615,0.0000,0,0.0000
1237,51.8497,-0.3849,-27.2358,58.8023,0.4215,0,0.0000
1238,51.8497,-0.3849,-27.2358,58.8023,0.0000,0,0.0000
1239,51.5950,-0.3994,-27.5799,58.7416,0.4283,0,0.0000
1240,51.5950,-0.3994,-27.5799,58.7416,0.0000,0,0.0000
1241,51.3334,-0.4244,-27.9272,58.6792,0.4355,0,0.0000
1242,51.3334,-0.4244,-27.9272,58.6792,0.0000,0,0.0000
1243,51.0646,-0.4562,-28.2774,58.6153,0.4426,0,0.0000
1244,51.0646,-0.4562,-28.2774,58.6153,0.0000,0,0.0000
1245,50.7886,-0.4912,-28.6305,58.5498,0.4496,0,0.0000
1246,50.7886,-0.4912,-28.6305,58.5498,0.0000,0,0.0000
1247,50.5052,-0.5262,-28.9864,58.4827,0.4563,0,0.0000
1248,50.5052,-0.5262,-28.9864,58.4827,0.0000,0,0.0000
1249,50.2143,-0.5585,-29.3448,58.4139,0.4628,0,0.0000
1250,50.2143,-0.5585,-29.3448,58.4139,0.0000,0,0.0000
1251,49.9158,-0.5861,-29.7056,58.3435,0.4691,0,0.0000
1252,49.9158,-0.5861,-29.7056,58.3435,0.0000,0,0.0000
1253,49.6095,-0.6076,-30.0687,58.2714,0.4754,0,0.0076
1254,49.6095,-0.6076,-30.0687,58.2714,0.0000,0,0.0076
1255,49.2956,-0.6224,-30.4338,58.1975,0.4818,0,0.0224
1256,49.2956,-0.6224,-30.4338,58.1975,0.0000,0,0.0224
1257,48.9737,-0.6303,-30.8008,58.1220,0.4882,0,0.0303
1258,48.9737,-0.6303,-30.8008,58.1220,0.0000,0,0.0303
1259,48.6439,-0.6319,-31.1694,58.0446,0.4947,0,0.0319
1260,48.6439,-0.6319,-31.1694,58.0446,0.0000,0,0.0319
1261,48.3059,-0.6277,-31.5395,57.9655,0.5012,0,0.0277
1262,48.3059,-0.6277,-31.5395,57.9655,0.0000,0,0.0277
1263,47.9599,-0.6189,-31.9109,57.8845,0.5077,0,0.0189
1264,47.9599,-0.6189,-31.9109,57.8845,0.0000,0,0.0189
1265,47.6055,-0.6067,-32.2834,57.8017,0.5143,0,0.0067
1266,47.6055,-0.6067,-32.2834,57.8017,0.0000,0,0.0067
1267,47.2428,-0.5921,-32.6569,57.7171,0.5208,0,0.0000
1268,47.2428,-0.5921,-32.6569,57.7171,0.0000,0,0.0000
1269,46.8716,-0.5763,-33.0310,57.6305,0.5272,0,0.0000
1270,46.8716,-0.5763,-33.0310,57.6305,0.0000,0,0.0000
1271,46.4919,-0.5602,-33.4056,57.5420,0.5337,0,0.0000
1272,46.4919,-0.5602,-33.4056,57.5420,0.0000,0,0.0000
1273,46.1035,-0.5447,-33.7805,57.4516,0.5400,0,0.0000
1274,46.1035,-0.5447,-33.7805,57.4516,0.0000,0,0.0000
1275,45.7064,-0.5304,-34.1555,57.3593,0.5464,0,0.0000
1276,45.7064,-0.5304,-34.1555,57.3593,0.0000,0,0.0000
1277,45.3005,-0.5178,-34.5304,57.2649,0.5527,0,0.0000
1278,45.3005,-0.5178,-34.5304,57.2649,0.0000,0,0.0000
1279,44.8856,-0.5069,-34.9049,57.1685,0.5590,0,0.0000
1280,44.8856,-0.5069,-34.9049,57.1685,0.0000,0,0.0000
1281,44.4618,-0.4980,-35.2789,57.0700,0.5653,0,0.0000
1282,44.4618,-0.4980,-35.2789,57.0700,0.0000,0,0.0000
1283,44.0289,-0.4910,-35.6521,56.9696,0.5716,0,0.0000
1284,44.0289,-0.4910,-35.6521,56.9696,0.0000,0,0.0000
1285,43.5869,-0.4856,-36.0243,56.8670,0.5779,0,0.0000
1286,43.5869,-0.4856,-36.0243,56.8670,0.0000,0,0.0000
1287,43.1362,-0.4821,-36.3945,56.7622,0.5832,0,0.0000
1288,43.1362,-0.4821,-36.3945,56.7622,0.0000,0,0.0000
1289,42.6782,-0.4810,-36.7612,56.6554,0.5867,0,0.0000
1290,42.6782,-0.4810,-36.7612,56.6554,0.0000,0,0.0000
1291,42.2136,-0.4824,-37.1231,56.5464,0.5889,0,0.0000
1292,42.2136,-0.4824,-37.1231,56.5464,0.0000,0,0.0000
1293,41.7430,-0.4861,-37.4796,56.4353,0.5903,0,0.0000
1294,41.7430,-0.4861,-37.4796,56.4353,0.0000,0,0.0000
1295,41.2670,-0.4917,-37.8301,56.3220,0.5912,0,0.0000
1296,41.2670,-0.4917,-37.8301,56.3220,0.0000,0,0.0000
1297,40.7857,-0.4985,-38.1743,56.2066,0.5917,0,0.0000
1298,40.7857,-0.4985,-38.1743,56.2066,0.0000,0,0.0000
1299,40.2995,-0.5060,-38.5117,56.0890,0.5919,0,0.0000
1300,40.2995,-0.5060,-38.5117,56.0890,0.0000,0,0.0000
1301,39.8086,-0.5137,-38.8423,55.9692,0.5919,0,0.0000
1302,39.8086,-0.5137,-38.8423,55.9692,0.0000,0,0.0000
1303,39.3131,-0.5210,-39.1658,55.8471,0.5918,0,0.0000
1304,39.3131,-0.5210,-39.1658,55.8471,0.0000,0,0.0000
1305,38.8132,-0.5276,-39.4820,55.7228,0.5915,0,0.0000
1306,38.8132,-0.5276,-39.4820,55.7228,0.0000,0,0.0000
1307,38.3091,-0.5332,-39.7909,55.5963,0.5912,0,0.0000
1308,38.3091,-0.5332,-39.7909,55.5963,0.0000,0,0.0000
1309,37.8009,-0.5376,-40.0922,55.4675,0.5908,0,0.0000
1310,37.8009,-0.5376,-40.0922,55.4675,0.0000,0,0.0000
1311,37.2888,-0.5409,-40.3859,55.3364,0.5903,0,0.0000
1312,37.2888,-0.5409,-40.3859,55.3364,0.0000,0,0.0000
1313,36.7729,-0.5430,-40.6718,55.2030,0.5898,0,0.0000
1314,36.7729,-0.5430,-40.6718,55.2030,0.0000,0,0.0000
1315,36.2534,-0.5442,-40.9499,55.0673,0.5893,0,0.0000
1316,36.2534,-0.5442,-40.9499,55.0673,0.0000,0,0.0000
1317,35.7303,-0.5445,-41.2201,54.9292,0.5887,0,0.0000
1318,35.7303,-0.5445,-41.2201,54.9292,0.0000,0,0.0000
1319,35.2038,-0.5442,-41.4822,54.7888,0.5881,0,0.0000
1320,35.2038,-0.5442,-41.4822,54.7888,0.0000,0,0.0000
1321,34.6741,-0.5435,-41.7362,54.6461,0.5875,0,0.0000
1322,34.6741,-0.5435,-41.7362,54.6461,0.0000,0,0.0000
1323,34.1413,-0.5426,-41.9820,54.5009,0.5868,0,0.0000
1324,34.1413,-0.5426,-41.9820,54.5009,0.0000,0,0.0000
1325,33.6054,-0.5417,-42.2196,54.3534,0.5862,0,0.0000
1326,33.6054,-0.5417,-42.2196,54.3534,0.0000,0,0.0000
1327,33.0667,-0.5410,-42.4489,54.2035,0.5855,0,0.0000
1328,33.0667,-0.5410,-42.4489,54.2035,0.0000,0,0.0000
1329,32.5252,-0.5406,-42.6698,54.0511,0.5848,0,0.0000
1330,32.5252,-0.5406,-42.6698,54.0511,0.0000,0,0.0000
1331,31.9811,-0.5405,-42.8823,53.8963,0.5842,0,0.0000
1332,31.9811,-0.5405,-42.8823,53.8963,0.0000,0,0.0000
1333,31.4344,-0.5408,-43.0863,53.7391,0.5835,0,0.0000
1334,31.4344,-0.5408,-43.0863,53.7391,0.0000,0,0.0000
1335,30.8853,-0.5416,-43.2818,53.5794,0.5829,0,0.0000
1336,30.8853,-0.5416,-43.2818,53.5794,0.0000,0,0.0000
1337,30.3339,-0.5428,-43.4688,53.4173,0.5823,0,0.0000
1338,30.3339,-0.5428,-43.4688,53.4173,0.0000,0,0.0000
1339,29.7802,-0.5445,-43.6473,53.2527,0.5817,0,0.0000
1340,29.7802,-0.5445,-43.6473,53.2527,0.0000,0,0.0000
1341,29.2244,-0.5465,-43.8172,53.0856,0.5812,0,0.0000
1342,29.2244,-0.5465,-43.8172,53.0856,0.0000,0,0.0000
1343,28.6666,-0.5489,-43.9784,52.9160,0.5807,0,0.0000
1344,28.6666,-0.5489,-43.9784,52.9160,0.0000,0,0.0000
1345,28.1067,-0.5515,-44.1311,52.7440,0.5803,0,0.0000
1346,28.1067,-0.5515,-44.1311,52.7440,0.0000,0,0.0000
1347,27.5450,-0.5544,-44.2752,52.5694,0.5799,0,0.0000
1348,27.5450,-0.5544,-44.2752,52.5694,0.0000,0,0.0000
1349,26.9814,-0.5574,-44.4106,52.3924,0.5796,0,0.0000
1350,26.9814,-0.5574,-44.4106,52.3924,0.0000,0,0.0000
1351,26.4160,-0.5606,-44.5374,52.2128,0.5794,0,0.0000
1352,26.4160,-0.5606,-44.5374,52.2128,0.0000,0,0.0000
1353,25.8489,-0.5640,-44.6556,52.0307,0.5793,0,0.0000
1354,25.8489,-0.5640,-44.6556,52.0307,0.0000,0,0.0000
1355,25.2801,-0.5674,-44.7652,51.8461,0.5793,0,0.0000
1356,25.2801,-0.5674,-44.7652,51.8461,0.0000,0,0.0000
1357,24.7096,-0.5709,-44.8662,51.6590,0.5794,0,0.0000
1358,24.7096,-0.5709,-44.8662,51.6590,0.0000,0,0.0000
1359,24.1374,-0.5744,-44.9585,51.4694,0.5796,0,0.0000
1360,24.1374,-0.5744,-44.9585,51.4694,0.0000,0,0.0000
1361,23.5637,-0.5781,-45.0424,51.2772,0.5799,0,0.0000
1362,23.5637,-0.5781,-45.0424,51.2772,0.0000,0,0.0000
1363,22.9882,-0.5818,-45.1176,51.0825,0.5803,0,0.0000
1364,22.9882,-0.5818,-45.1176,51.0825,0.0000,0,0.0000
1365,22.4111,-0.5855,-45.1843,50.8853,0.5810,0,0.0000
1366,22.4111,-0.5855,-45.1843,50.8853,0.0000,0,0.0000
1367,21.8323,-0.5894,-45.2426,50.6856,0.5817,0,0.0000
1368,21.8323,-0.5894,-45.2426,50.6856,0.0000,0,0.0000
1369,21.2518,-0.5934,-45.2923,50.4834,0.5827,0,0.0000
1370,21.2518,-0.5934,-45.2923,50.4834,0.0000,0,0.0000
1371,20.6695,-0.5975,-45.3335,50.2787,0.5838,0,0.0000
1372,20.6695,-0.5975,-45.3335,50.2787,0.0000,0,0.0000
1373,20.0854,-0.6017,-45.3664,50.0714,0.5851,0,0.0017
1374,20.0854,-0.6017,-45.3664,50.0714,0.0000,0,0.0017
1375,19.4993,-0.6060,-45.3908,49.8617,0.5866,0,0.0060
1376,19.4993,-0.6060,-45.3908,49.8617,0.0000,0,0.0060
1377,18.9111,-0.6106,-45.4069,49.6495,0.5884,0,0.0106
1378,18.9111,-0.6106,-45.4069,49.6495,0.0000,0,0.0106
1379,18.3207,-0.6152,-45.4146,49.4348,0.5904,0,0.0152
1380,18.3207,-0.6152,-45.4146,49.4348,0.0000,0,0.0152
1381,17.7280,-0.6201,-45.4139,49.2176,0.5927,0,0.0201
1382,17.7280,-0.6201,-45.4139,49.2176,0.0000,0,0.0201
1383,17.1328,-0.6251,-45.4050,48.9980,0.5953,0,0.0251
1384,17.1328,-0.6251,-45.4050,48.9980,0.0000,0,0.0251
1385,16.5348,-0.6304,-45.3878,48.7759,0.5982,0,0.0304
1386,16.5348,-0.6304,-45.3878,48.7759,0.0000,0,0.0304
1387,15.9339,-0.6358,-45.3623,48.5515,0.6015,0,0.0358
1388,15.9339,-0.6358,-45.3623,48.5515,0.0000,0,0.0358
1389,15.3298,-0.6415,-45.3286,48.3246,0.6051,0,0.0415
1390,15.3298,-0.6415,-45.3286,48.3246,0.0000,0,0.0415
1391,14.7221,-0.6474,-45.2867,48.0953,0.6091,0,0.0474
1392,14.7221,-0.6474,-45.2867,48.0953,0.0000,0,0.0474
1393,14.1256,-0.6555,-45.2318,47.8637,0.5991,0,0.0555
1394,14.1256,-0.6555,-45.2318,47.8637,0.0000,0,0.0555
1395,13.5734,-0.6699,-45.1543,47.6294,0.5578,0,0.0699
1396,13.5734,-0.6699,-45.1543,47.6294,0.0000,0,0.0699
1397,13.0498,-0.6872,-45.0604,47.3925,0.5323,0,0.0872
1398,13.0498,-0.6872,-45.0604,47.3925,0.0000,0,0.0872
1399,12.5451,-0.7054,-44.9536,47.1531,0.5162,0,0.1054
1400,12.5451,-0.7054,-44.9536,47.1531,0.0000,0,0.1054
1401,12.0534,-0.7226,-44.8362,46.9113,0.5058,0,0.1226
1402,12.0534,-0.7226,-44.8362,46.9113,0.0000,0,0.1226
1403,11.5712,-0.7379,-44.7094,46.6669,0.4988,0,0.1379
1404,11.5712,-0.7379,-44.7094,46.6669,0.0000,0,0.1379
1405,11.0962,-0.7507,-44.5741,46.4201,0.4940,0,0.1507
1406,11.0962,-0.7507,-44.5741,46.4201,0.0000,0,0.1507
1407,10.6272,-0.7606,-44.4309,46.1708,0.4905,0,0.1606
1408,10.6272,-0.7606,-44.4309,46.1708,0.0000,0,0.1606
1409,10.1634,-0.7679,-44.2799,45.9191,0.4879,0,0.1679
1410,10.1634,-0.7679,-44.2799,45.9191,0.0000,0,0.1679
1411,9.7041,-0.7729,-44.1216,45.6649,0.4858,0,0.1729
1412,9.7041,-0.7729,-44.1216,45.6649,0.0000,0,0.1729
1413,9.2492,-0.7760,-43.9561,45.4084,0.4841,0,0.1760
1414,9.2492,-0.7760,-43.9561,45.4084,0.0000,0,0.1760
1415,8.7983,-0.7777,-43.7834,45.1494,0.4828,0,0.1777
1416,8.7983,-0.7777,-43.7834,45.1494,0.0000,0,0.1777
1417,8.3515,-0.7787,-43.6039,44.8880,0.4816,0,0.1787
1418,8.3515,-0.7787,-43.6039,44.8880,0.0000,0,0.1787
1419,7.9084,-0.7793,-43.4174,44.6241,0.4807,0,0.1793
1420,7.9084,-0.7793,-43.4174,44.6241,0.0000,0,0.1793
1421,7.4691,-0.7801,-43.2243,44.3580,0.4799,0,0.1801
1422,7.4691,-0.7801,-43.2243,44.3580,0.0000,0,0.1801
1423,7.0334,-0.7814,-43.0245,44.0894,0.4793,0,0.1814
1424,7.0334,-0.7814,-43.0245,44.0894,0.0000,0,0.1814
1425,6.6012,-0.7834,-42.8181,43.8186,0.4789,0,0.1834
1426,6.6012,-0.7834,-42.8181,43.8186,0.0000,0,0.1834
1427,6.1724,-0.7861,-42.6053,43.5453,0.4787,0,0.1861
1428,6.1724,-0.7861,-42.6053,43.5453,0.0000,0,0.1861
1429,5.7470,-0.7897,-42.3861,43.2698,0.4786,0,0.1897
1430,5.7470,-0.7897,-42.3861,43.2698,0.0000,0,0.1897
1431,5.3247,-0.7941,-42.1605,42.9920,0.4787,0,0.1941
1432,5.3247,-0.7941,-42.1605,42.9920,0.0000,0,0.1941
1433,4.9054,-0.7992,-41.9288,42.7119,0.4791,0,0.1992
1434,4.9054,-0.7992,-41.9288,42.7119,0.0000,0,0.1992
1435,4.4891,-0.8049,-41.6909,42.4295,0.4795,0,0.2049
1436,4.4891,-0.8049,-41.6909,42.4295,0.0000,0,0.2049
1437,4.0755,-0.8110,-41.4469,42.1450,0.4802,0,0.2110
1438,4.0755,-0.8110,-41.4469,42.1450,0.0000,0,0.2110
1439,3.6644,-0.8174,-41.1969,41.8582,0.4812,0,0.2174
1440,3.6644,-0.8174,-41.1969,41.8582,0.0000,0,0.2174
1441,3.2558,-0.8239,-40.9409,41.5692,0.4823,0,0.2239
1442,3.2558,-0.8239,-40.9409,41.5692,0.0000,0,0.2239
1443,2.8493,-0.8306,-40.6790,41.2781,0.4836,0,0.2306
1444,2.8493,-0.8306,-40.6790,41.2781,0.0000,0,0.2306
1445,2.4448,-0.8373,-40.4111,40.9848,0.4852,0,0.2373
1446,2.4448,-0.8373,-40.4111,40.9848,0.0000,0,0.2373
1447,2.0420,-0.8440,-40.1375,40.6895,0.4870,0,0.2440
1448,2.0420,-0.8440,-40.1375,40.6895,0.0000,0,0.2440
1449,1.6408,-0.8507,-39.8579,40.3921,0.4891,0,0.2507
1450,1.6408,-0.8507,-39.8579,40.3921,0.0000,0,0.2507
1451,1.2406,-0.8574,-39.5726,40.0926,0.4915,0,0.2574
1452,1.2406,-0.8574,-39.5726,40.0926,0.0000,0,0.2574
1453,0.8414,-0.8641,-39.2814,39.7912,0.4942,0,0.2641
1454,0.8414,-0.8641,-39.2814,39.7912,0.0000,0,0.2641
1455,0.4427,-0.8709,-38.9844,39.4878,0.4972,0,0.2709
1456,0.4427,-0.8709,-38.9844,39.4878,0.0000,0,0.2709
1457,0.0442,-0.8779,-38.6816,39.1826,0.5006,0,0.2779
1458,0.0442,-0.8779,-38.6816,39.1826,0.0000,0,0.2779
1459,-0.3546,-0.8850,-38.3728,38.8755,0.5044,0,0.2850
1460,-0.3546,-0.8850,-38.3728,38.8755,0.0000,0,0.2850
1461,-0.7105,-0.8906,-38.0587,38.5663,0.4747,0,0.2906
1462,-0.7105,-0.8906,-38.0587,38.5663,0.0000,0,0.2906
1463,-0.9309,-0.8898,-37.7420,38.2544,0.3859,0,0.2898
1464,-0.9309,-0.8898,-37.7420,38.2544,0.0000,0,0.2898
1465,-1.0701,-0.8846,-37.4236,37.9398,0.3475,0,0.2846
1466,-1.0701,-0.8846,-37.4236,37.9398,0.0000,0,0.2846
1467,-1.1605,-0.8772,-37.1035,37.6225,0.3327,0,0.2772
1468,-1.1605,-0.8772,-37.1035,37.6225,0.0000,0,0.2772
1469,-1.2216,-0.8693,-36.7816,37.3025,0.3278,0,0.2693
1470,-1.2216,-0.8693,-36.7816,37.3025,0.0000,0,0.2693
1471,-1.2649,-0.8621,-36.4574,36.9800,0.3271,0,0.2621
1472,-1.2649,-0.8621,-36.4574,36.9800,0.0000,0,0.2621
1473,-1.2974,-0.8563,-36.1310,36.6549,0.3281,0,0.2563
1474,-1.2974,-0.8563,-36.1310,36.6549,0.0000,0,0.2563
1475,-1.3234,-0.8524,-35.8021,36.3271,0.3299,0,0.2524
1476,-1.3234,-0.8524,-35.8021,36.3271,0.0000,0,0.2524
1477,-1.3453,-0.8503,-35.4708,35.9968,0.3321,0,0.2503
1478,-1.3453,-0.8503,-35.4708,35.9968,0.0000,0,0.2503
1479,-1.3645,-0.8499,-35.1369,35.6639,0.3344,0,0.2499
1480,-1.3645,-0.8499,-35.1369,35.6639,0.0000,0,0.2499
1481,-1.3820,-0.8510,-34.8006,35.3285,0.3368,0,0.2510
1482,-1.3820,-0.8510,-34.8006,35.3285,0.0000,0,0.2510
1483,-1.3983,-0.8532,-34.4617,34.9905,0.3393,0,0.2532
1484,-1.3983,-0.8532,-34.4617,34.9905,0.0000,0,0.2532
1485,-1.4138,-0.8561,-34.1202,34.6500,0.3418,0,0.2561
1486,-1.4138,-0.8561,-34.1202,34.6500,0.0000,0,0.2561
1487,-1.4285,-0.8595,-33.7762,34.3069,0.3443,0,0.2595
1488,-1.4285,-0.8595,-33.7762,34.3069,0.0000,0,0.2595
1489,-1.4426,-0.8630,-33.4297,33.9614,0.3468,0,0.2630
1490,-1.4426,-0.8630,-33.4297,33.9614,0.0000,0,0.2630
1491,-1.4563,-0.8665,-33.0807,33.6133,0.3493,0,0.2665
1492,-1.4563,-0.8665,-33.0807,33.6133,0.0000,0,0.2665
1493,-1.4696,-0.8698,-32.7291,33.2627,0.3518,0,0.2698
1494,-1.4696,-0.8698,-32.7291,33.2627,0.0000,0,0.2698
1495,-1.4825,-0.8727,-32.3751,32.9096,0.3543,0,0.2727
1496,-1.4825,-0.8727,-32.3751,32.9096,0.0000,0,0.2727
1497,-1.4952,-0.8753,-32.0185,32.5540,0.3568,0,0.2753
1498,-1.4952,-0.8753,-32.0185,32.5540,0.0000,0,0.2753
1499,-1.5075,-0.8775,-31.6595,32.1960,0.3593,0,0.2775
1500,-1.5075,-0.8775,-31.6595,32.1960,0.0000,0,0.2775
1501,-1.5197,-0.8794,-31.2979,31.8355,0.3617,0,0.2794
1502,-1.5197,-0.8794,-31.2979,31.8355,0.0000,0,0.2794
1503,-1.5316,-0.8808,-30.9339,31.4725,0.3642,0,0.2808
1504,-1.5316,-0.8808,-30.9339,31.4725,0.0000,0,0.2808
1505,-1.5434,-0.8820,-30.5675,31.1070,0.3667,0,0.2820
1506,-1.5434,-0.8820,-30.5675,31.1070,0.0000,0,0.2820
1507,-1.5551,-0.8830,-30.1985,30.7392,0.3691,0,0.2830
1508,-1.5551,-0.8830,-30.1985,30.7392,0.0000,0,0.2830
1509,-1.5666,-0.8838,-29.8271,30.3689,0.3716,0,0.2838
1510,-1.5666,-0.8838,-29.8271,30.3689,0.0000,0,0.2838
1511,-1.5780,-0.8845,-29.4533,29.9961,0.3740,0,0.2845
1512,-1.5780,-0.8845,-29.4533,29.9961,0.0000,0,0.2845
1513,-1.5893,-0.8852,-29.0770,29.6210,0.3765,0,0.2852
1514,-1.5893,-0.8852,-29.0770,29.6210,0.0000,0,0.2852
1515,-1.6005,-0.8859,-28.6982,29.2435,0.3789,0,0.2859
1516,-1.6005,-0.8859,-28.6982,29.2435,0.0000,0,0.2859
1517,-1.6117,-0.8866,-28.3171,28.8635,0.3813,0,0.2866
1518,-1.6117,-0.8866,-28.3171,28.8635,0.0000,0,0.2866
1519,-1.6227,-0.8873,-27.9335,28.4812,0.3838,0,0.2873
1520,-1.6227,-0.8873,-27.9335,28.4812,0.0000,0,0.2873
1521,-1.6337,-0.8882,-27.5475,28.0965,0.3862,0,0.2882
1522,-1.6337,-0.8882,-27.5475,28.0965,0.0000,0,0.2882
1523,-1.6447,-0.8892,-27.1591,27.7094,0.3886,0,0.2892
1524,-1.6447,-0.8892,-27.1591,27.7094,0.0000,0,0.2892
1525,-1.6556,-0.8902,-26.7682,27.3200,0.3910,0,0.2902
1526,-1.6556,-0.8902,-26.7682,27.3200,0.0000,0,0.2902
1527,-1.6664,-0.8914,-26.3750,26.9282,0.3934,0,0.2914
1528,-1.6664,-0.8914,-26.3750,26.9282,0.0000,0,0.2914
1529,-1.6773,-0.8927,-25.9794,26.5341,0.3957,0,0.2927
1530,-1.6773,-0.8927,-25.9794,26.5341,0.0000,0,0.2927
1531,-1.6528,-0.8929,-25.5838,26.1378,0.3964,0,0.2929
1532,-1.6528,-0.8929,-25.5838,26.1378,0.0000,0,0.2929
1533,-1.5984,-0.8923,-25.1880,25.7393,0.3996,0,0.2923
1534,-1.5984,-0.8923,-25.1880,25.7393,0.0000,0,0.2923
1535,-1.5272,-0.8916,-24.7908,25.3386,0.4034,0,0.2916
1536,-1.5272,-0.8916,-24.7908,25.3386,0.0000,0,0.2916
1537,-1.4471,-0.8911,-24.3919,24.9357,0.4069,0,0.2911
1538,-1.4471,-0.8911,-24.3919,24.9357,0.0000,0,0.2911
1539,-1.3628,-0.8911,-23.9909,24.5305,0.4098,0,0.2911
1540,-1.3628,-0.8911,-23.9909,24.5305,0.0000,0,0.2911
1541,-1.2770,-0.8916,-23.5876,24.1232,0.4123,0,0.2916
1542,-1.2770,-0.8916,-23.5876,24.1232,0.0000,0,0.2916
1543,-1.1913,-0.8927,-23.1819,23.7137,0.4146,0,0.2927
1544,-1.1913,-0.8927,-23.1819,23.7137,0.0000,0,0.2927
1545,-1.1067,-0.8943,-22.7738,23.3020,0.4168,0,0.2943
1546,-1.1067,-0.8943,-22.7738,23.3020,0.0000,0,0.2943
1547,-1.0237,-0.8963,-22.3632,22.8881,0.4189,0,0.2963
1548,-1.0237,-0.8963,-22.3632,22.8881,0.0000,0,0.2963
1549,-0.9424,-0.8986,-21.9502,22.4720,0.4209,0,0.2986
1550,-0.9424,-0.8986,-21.9502,22.4720,0.0000,0,0.2986
1551,-0.8631,-0.9010,-21.5347,22.0537,0.4230,0,0.3010
1552,-0.8631,-0.9010,-21.5347,22.0537,0.0000,0,0.3010
1553,-0.7858,-0.9035,-21.1169,21.6333,0.4250,0,0.3035
1554,-0.7858,-0.9035,-21.1169,21.6333,0.0000,0,0.3035
1555,-0.7105,-0.9060,-20.6965,21.2107,0.4270,0,0.3060
1556,-0.7105,-0.9060,-20.6965,21.2107,0.0000,0,0.3060
1557,-0.6372,-0.9084,-20.2738,20.7859,0.4290,0,0.3084
1558,-0.6372,-0.9084,-20.2738,20.7859,0.0000,0,0.3084
1559,-0.5658,-0.9107,-19.8488,20.3590,0.4310,0,0.3107
1560,-0.5658,-0.9107,-19.8488,20.3590,0.0000,0,0.3107
1561,-0.4963,-0.9129,-19.4214,19.9300,0.4331,0,0.3129
1562,-0.4963,-0.9129,-19.4214,19.9300,0.0000,0,0.3129
1563,-0.4286,-0.9149,-18.9916,19.4988,0.4351,0,0.3149
1564,-0.4286,-0.9149,-18.9916,19.4988,0.0000,0,0.3149
1565,-0.3626,-0.9169,-18.5595,19.0656,0.4371,0,0.3169
1566,-0.3626,-0.9169,-18.5595,19.0656,0.0000,0,0.3169
1567,-0.2983,-0.9187,-18.1251,18.6302,0.4391,0,0.3187
1568,-0.2983,-0.9187,-18.1251,18.6302,0.0000,0,0.3187
1569,-0.2357,-0.9204,-17.6884,18.1927,0.4412,0,0.3204
1570,-0.2357,-0.9204,-17.6884,18.1927,0.0000,0,0.3204
1571,-0.1745,-0.9221,-17.2494,17.7532,0.4432,0,0.3221
1572,-0.1745,-0.9221,-17.2494,17.7532,0.0000,0,0.3221
1573,-0.1149,-0.9238,-16.8081,17.3115,0.4453,0,0.3238
1574,-0.1149,-0.9238,-16.8081,17.3115,0.0000,0,0.3238
1575,-0.0566,-0.9255,-16.3646,16.8678,0.4473,0,0.3255
1576,-0.0566,-0.9255,-16.3646,16.8678,0.0000,0,0.3255
1577,0.0004,-0.9272,-15.9188,16.4221,0.4494,0,0.3272
1578,0.0004,-0.9272,-15.9188,16.4221,0.0000,0,0.3272
1579,0.0562,-0.9289,-15.4708,15.9743,0.4515,0,0.3289
1580,0.0562,-0.9289,-15.4708,15.9743,0.0000,0,0.3289
1581,0.1109,-0.9307,-15.0206,15.5245,0.4535,0,0.3307
1582,0.1109,-0.9307,-15.0206,15.5245,0.0000,0,0.3307
1583,0.1646,-0.9325,-14.5681,15.0727,0.4556,0,0.3325
1584,0.1646,-0.9325,-14.5681,15.0727,0.0000,0,0.3325
1585,0.2173,-0.9344,-14.1135,14.6189,0.4577,0,0.3344
1586,0.2173,-0.9344,-14.1135,14.6189,0.0000,0,0.3344
1587,0.2693,-0.9363,-13.6566,14.1632,0.4598,0,0.3363
1588,0.2693,-0.9363,-13.6566,14.1632,0.0000,0,0.3363
1589,0.3205,-0.9382,-13.1976,13.7055,0.4619,0,0.3382
1590,0.3205,-0.9382,-13.1976,13.7055,0.0000,0,0.3382
1591,0.3122,-0.9409,-12.7386,13.2467,0.4591,0,0.3409
1592,0.3122,-0.9409,-12.7386,13.2467,0.0000,0,0.3409
1593,0.2544,-0.9434,-12.2796,12.7867,0.4627,0,0.3434
1594,0.2544,-0.9434,-12.2796,12.7867,0.0000,0,0.3434
1595,0.1698,-0.9457,-11.8194,12.3255,0.4678,0,0.3457
1596,0.1698,-0.9457,-11.8194,12.3255,0.0000,0,0.3457
1597,0.0717,-0.9479,-11.3575,11.8628,0.4722,0,0.3479
1598,0.0717,-0.9479,-11.3575,11.8628,0.0000,0,0.3479
1599,-0.0321,-0.9503,-10.8933,11.3987,0.4757,0,0.3503
1600,-0.0321,-0.9503,-10.8933,11.3987,0.0000,0,0.3503
1601,-0.1373,-0.9532,-10.4266,10.9332,0.4784,0,0.3532
1602,-0.1373,-0.9532,-10.4266,10.9332,0.0000,0,0.3532
1603,-0.2413,-0.9565,-9.9574,10.4663,0.4806,0,0.3565
1604,-0.2413,-0.9565,-9.9574,10.4663,0.0000,0,0.3565
1605,-0.3427,-0.9603,-9.4856,9.9980,0.4826,0,0.3603
1606,-0.3427,-0.9603,-9.4856,9.9980,0.0000,0,0.3603
1607,-0.4407,-0.9644,-9.0113,9.5284,0.4844,0,0.3644
1608,-0.4407,-0.9644,-9.0113,9.5284,0.0000,0,0.3644
1609,-0.5351,-0.9686,-8.5344,9.0577,0.4862,0,0.3686
1610,-0.5351,-0.9686,-8.5344,9.0577,0.0000,0,0.3686
1611,-0.6256,-0.9727,-8.0550,8.5859,0.4879,0,0.3727
1612,-0.6256,-0.9727,-8.0550,8.5859,0.0000,0,0.3727
1613,-0.7122,-0.9764,-7.5732,8.1132,0.4895,0,0.3764
1614,-0.7122,-0.9764,-7.5732,8.1132,0.0000,0,0.3764
1615,-0.7948,-0.9798,-7.0889,7.6399,0.4912,0,0.3798
1616,-0.7948,-0.9798,-7.0889,7.6399,0.0000,0,0.3798
1617,-0.8734,-0.9828,-6.6023,7.1661,0.4929,0,0.3828
1618,-0.8734,-0.9828,-6.6023,7.1661,0.0000,0,0.3828
1619,-0.9482,-0.9854,-6.1134,6.6921,0.4946,0,0.3854
1620,-0.9482,-0.9854,-6.1134,6.6921,0.0000,0,0.3854
1621,-1.0190,-0.9877,-5.6221,6.2184,0.4963,0,0.3877
1622,-1.0190,-0.9877,-5.6221,6.2184,0.0000,0,0.3877
1623,-1.0859,-0.9899,-5.1286,5.7456,0.4981,0,0.3899
1624,-1.0859,-0.9899,-5.1286,5.7456,0.0000,0,0.3899
1625,-1.1490,-0.9920,-4.6327,5.2743,0.4999,0,0.3920
1626,-1.1490,-0.9920,-4.6327,5.2743,0.0000,0,0.3920
1627,-1.2197,-0.9967,-4.1337,4.8080,0.5040,0,0.3967
1628,-1.2198,-0.9960,-4.2805,4.9495,0.1468,0,0.3960
1629,-1.3226,-1.0088,-3.7947,4.5123,0.4967,0,0.4088
1630,-1.5415,-1.0165,-3.7926,4.5799,0.2191,0,0.4165
1631,-1.6539,-1.0356,-3.2781,4.1472,0.5269,0,0.4356
1632,-1.6539,-1.0356,-3.2781,4.1472,0.0000,0,0.4356
1633,-1.7644,-1.0570,-2.7587,3.7338,0.5315,0,0.4570
1634,-1.7644,-1.0570,-2.7587,3.7338,0.0000,0,0.4570
1635,-1.8666,-1.0788,-2.2351,3.3458,0.5339,0,0.4788
1636,-1.8666,-1.0788,-2.2351,3.3458,0.0000,0,0.4788
1637,-1.9572,-1.0994,-1.7082,2.9927,0.5350,0,0.4994
1638,-1.9572,-1.0994,-1.7082,2.9927,0.0000,0,0.4994
1639,-2.0344,-1.1176,-1.1787,2.6879,0.5355,0,0.5176
1640,-2.0344,-1.1176,-1.1787,2.6879,0.0000,0,0.5176
1641,-2.0977,-1.1324,-0.6472,2.4494,0.5355,0,0.5324
1642,-2.0977,-1.1324,-0.6472,2.4494,0.0000,0,0.5324
1643,-2.1468,-1.1431,-0.1143,2.2980,0.5353,0,0.5431
1644,-2.1468,-1.1431,-0.1143,2.2980,0.0000,0,0.5431
1645,-2.1818,-1.1495,0.4195,2.2514,0.5350,0,0.5495
1646,-2.1818,-1.1495,0.4195,2.2514,0.0000,0,0.5495
1647,-2.2028,-1.1517,0.9537,2.3157,0.5346,0,0.5517
1648,-2.2028,-1.1517,0.9537,2.3157,0.0000,0,0.5517
1649,-2.2100,-1.1499,1.4880,2.4824,0.5343,0,0.5499
1650,-2.2100,-1.1499,1.4880,2.4824,0.0000,0,0.5499
1651,-2.2033,-1.1448,2.0218,2.7326,0.5339,0,0.5448
1652,-2.2033,-1.1448,2.0218,2.7326,0.0000,0,0.5448
1653,-2.1828,-1.1372,2.5550,3.0457,0.5336,0,0.5372
1654,-2.1828,-1.1372,2.5550,3.0457,0.0000,0,0.5372
1655,-2.1486,-1.1278,3.0871,3.4041,0.5333,0,0.5278
1656,-2.1486,-1.1278,3.0871,3.4041,0.0000,0,0.5278
1657,-2.1006,-1.1174,3.6179,3.7949,0.5330,0,0.5174
1658,-2.1006,-1.1174,3.6179,3.7949,0.0000,0,0.5174
1659,-2.0388,-1.1066,4.1469,4.2087,0.5328,0,0.5066
1660,-2.0388,-1.1066,4.1469,4.2087,0.0000,0,0.5066
1661,-1.9633,-1.0961,4.6740,4.6393,0.5326,0,0.4961
1662,-1.9633,-1.0961,4.6740,4.6393,0.0000,0,0.4961
1663,-1.8738,-1.0862,5.1988,5.0819,0.5325,0,0.4862
1664,-1.8738,-1.0862,5.1988,5.0819,0.0000,0,0.4862
1665,-1.7704,-1.0769,5.7210,5.5336,0.5324,0,0.4769
1666,-1.7704,-1.0769,5.7210,5.5336,0.0000,0,0.4769
1667,-1.6528,-1.0684,6.2402,5.9918,0.5325,0,0.4684
1668,-1.6528,-1.0684,6.2402,5.9918,0.0000,0,0.4684
1669,-1.5209,-1.0603,6.7562,6.4549,0.5326,0,0.4603
1670,-1.5209,-1.0603,6.7562,6.4549,0.0000,0,0.4603
1671,-1.3744,-1.0524,7.2685,6.9215,0.5329,0,0.4524
1672,-1.3744,-1.0524,7.2685,6.9215,0.0000,0,0.4524
1673,-1.2129,-1.0443,7.7768,7.3905,0.5333,0,0.4443
1674,-1.2129,-1.0443,7.7768,7.3905,0.0000,0,0.4443
1675,-1.0359,-1.0356,8.2804,7.8611,0.5339,0,0.4356
1676,-1.0359,-1.0356,8.2804,7.8611,0.0000,0,0.4356
1677,-0.8431,-1.0257,8.7789,8.3326,0.5346,0,0.4257
1678,-0.8431,-1.0257,8.7789,8.3326,0.0000,0,0.4257
1679,-0.6597,-1.0151,9.2718,8.8063,0.5260,0,0.4151
1680,-0.6597,-1.0151,9.2718,8.8063,0.0000,0,0.4151
1681,-0.4879,-1.0051,9.7606,9.2823,0.5182,0,0.4051
1682,-0.4879,-1.0051,9.7606,9.2823,0.0000,0,0.4051
1683,-0.3224,-0.9963,10.2466,9.7599,0.5134,0,0.3963
1684,-0.3224,-0.9963,10.2466,9.7599,0.0000,0,0.3963
1685,-0.1598,-0.9889,10.7304,10.2391,0.5105,0,0.3889
1686,-0.1598,-0.9889,10.7304,10.2391,0.0000,0,0.3889
1687,0.0024,-0.9831,11.2125,10.7194,0.5087,0,0.3831
1688,0.0024,-0.9831,11.2125,10.7194,0.0000,0,0.3831
1689,0.1657,-0.9788,11.6932,11.2008,0.5076,0,0.3788
1690,0.1657,-0.9788,11.6932,11.2008,0.0000,0,0.3788
1691,0.3311,-0.9756,12.1725,11.6832,0.5070,0,0.3756
1692,0.3311,-0.9756,12.1725,11.6832,0.0000,0,0.3756
1693,0.4992,-0.9735,12.6505,12.1665,0.5068,0,0.3735
1694,0.4992,-0.9735,12.6505,12.1665,0.0000,0,0.3735
1695,0.6703,-0.9720,13.1275,12.6507,0.5067,0,0.3720
1696,0.6703,-0.9720,13.1275,12.6507,0.0000,0,0.3720
1697,0.8447,-0.9707,13.6033,13.1357,0.5068,0,0.3707
1698,0.8447,-0.9707,13.6033,13.1357,0.0000,0,0.3707
1699,1.0223,-0.9695,14.0781,13.6216,0.5070,0,0.3695
1700,1.0223,-0.9695,14.0781,13.6216,0.0000,0,0.3695
1701,1.2032,-0.9680,14.5520,14.1082,0.5072,0,0.3680
1702,1.2032,-0.9680,14.5520,14.1082,0.0000,0,0.3680
1703,1.3873,-0.9660,15.0249,14.5956,0.5075,0,0.3660
1704,1.3873,-0.9660,15.0249,14.5956,0.0000,0,0.3660
1705,1.5744,-0.9634,15.4970,15.0838,0.5078,0,0.3634
1706,1.5744,-0.9634,15.4970,15.0838,0.0000,0,0.3634
1707,1.7646,-0.9600,15.9682,15.5727,0.5082,0,0.3600
1708,1.7646,-0.9600,15.9682,15.5727,0.0000,0,0.3600
1709,1.9577,-0.9560,16.4387,16.0624,0.5086,0,0.3560
1710,1.9577,-0.9560,16.4387,16.0624,0.0000,0,0.3560
1711,2.1537,-0.9513,16.9084,16.5529,0.5090,0,0.3513
1712,2.1537,-0.9513,16.9084,16.5529,0.0000,0,0.3513
1713,2.3524,-0.9460,17.3774,17.0441,0.5094,0,0.3460
1714,2.3524,-0.9460,17.3774,17.0441,0.0000,0,0.3460
1715,2.5738,-0.8842,17.8361,17.5284,0.5131,0,0.2842
1716,2.5738,-0.8842,17.8361,17.5284,0.0000,0,0.2842
1717,2.8234,-0.7509,18.2754,17.9989,0.5226,0,0.1509
1718,2.8234,-0.7509,18.2754,17.9989,0.0000,0,0.1509
1719,3.0590,-0.6111,18.7129,18.4680,0.5162,0,0.0111
1720,3.0590,-0.6111,18.7129,18.4680,0.0000,0,0.0111
1721,3.2828,-0.4469,19.1494,18.9368,0.5173,0,0.0000
1722,3.2828,-0.4469,19.1494,18.9368,0.0000,0,0.0000
1723,3.4998,-0.2569,19.5839,19.4052,0.5215,0,0.0000
1724,3.4998,-0.2569,19.5839,19.4052,0.0000,0,0.0000
1725,3.7128,-0.0416,20.0154,19.8733,0.5272,0,0.0000
1726,3.7128,-0.0416,20.0154,19.8733,0.0000,0,0.0000
1727,3.9234,0.1975,20.4434,20.3413,0.5336,0,0.0000
1728,3.9234,0.1975,20.4434,20.3413,0.0000,0,0.0000
1729,4.1323,0.4581,20.8674,20.8093,0.5398,0,0.0000
1730,4.1323,0.4581,20.8674,20.8093,0.0000,0,0.0000
1731,4.3403,0.7378,21.2869,21.2773,0.5454,0,0.0000
1732,4.3403,0.7378,21.2869,21.2773,0.0000,0,0.0000
1733,4.5478,1.0340,21.7017,21.7455,0.5503,0,0.0000
1734,4.5478,1.0340,21.7017,21.7455,0.0000,0,0.0000
1735,4.7556,1.3444,22.1114,22.2138,0.5544,0,0.0000
1736,4.7556,1.3444,22.1114,22.2138,0.0000,0,0.0000
1737,4.9785,1.6072,22.5162,22.6797,0.5316,0,0.0000
1738,4.9785,1.6072,22.5162,22.6797,0.0000,0,0.0000
1739,5.2090,1.8583,22.9156,23.1439,0.5251,0,0.0000
1740,5.2090,1.8583,22.9156,23.1439,0.0000,0,0.0000
1741,5.4359,2.0936,23.3141,23.6069,0.5153,0,0.0000
1742,5.4359,2.0936,23.3141,23.6069,0.0000,0,0.0000
1743,5.6623,2.2429,23.7194,24.0683,0.4877,0,0.0000
1744,5.6623,2.2429,23.7194,24.0683,0.0000,0,0.0000
1745,5.8897,2.3178,24.1312,24.5283,0.4763,0,0.0000
1746,5.8897,2.3178,24.1312,24.5283,0.0000,0,0.0000
1747,6.1193,2.3345,24.5476,24.9869,0.4758,0,0.0000
1748,6.1193,2.3345,24.5476,24.9869,0.0000,0,0.0000
1749,6.3521,2.3102,24.9662,25.4443,0.4796,0,0.0000
1750,6.3521,2.3102,24.9662,25.4443,0.0000,0,0.0000
1751,6.5889,2.2611,25.3848,25.9008,0.4834,0,0.0000
1752,6.5889,2.2611,25.3848,25.9008,0.0000,0,0.0000
1753,6.8305,2.2012,25.8015,26.3565,0.4854,0,0.0000
1754,6.8305,2.2012,25.8015,26.3565,0.0000,0,0.0000
1755,7.0777,2.1412,26.2148,26.8116,0.4853,0,0.0000
1756,7.0777,2.1412,26.2148,26.8116,0.0000,0,0.0000
1757,7.3312,2.0883,26.6239,27.2659,0.4842,0,0.0000
1758,7.3312,2.0883,26.6239,27.2659,0.0000,0,0.0000
1759,7.5919,2.0470,27.0281,27.7197,0.4828,0,0.0000
1760,7.5919,2.0470,27.0281,27.7197,0.0000,0,0.0000
1761,7.8606,2.0190,27.4270,28.1729,0.4818,0,0.0000
1762,7.8606,2.0190,27.4270,28.1729,0.0000,0,0.0000
1763,8.0268,1.9452,27.8612,28.6276,0.4707,0,0.0000
1764,8.0268,1.9452,27.8612,28.6276,0.0000,0,0.0000
1765,8.1025,1.7990,28.3296,29.0842,0.4965,0,0.0000
1766,8.1025,1.7990,28.3296,29.0842,0.0000,0,0.0000
1767,8.1342,1.5890,28.8153,29.5417,0.5301,0,0.0000
1768,8.1342,1.5890,28.8153,29.5417,0.0000,0,0.0000
1769,8.1311,1.3160,29.3135,30.0000,0.5681,0,0.0000
1770,8.1311,1.3160,29.3135,30.0000,0.0000,0,0.0000
1771,8.1189,0.9856,29.8136,30.4585,0.5995,0,0.0000
1772,8.1189,0.9856,29.8136,30.4585,0.0000,0,0.0000
1773,8.1050,0.5973,30.3115,30.9168,0.6316,0,0.0000
1774,8.1050,0.5973,30.3115,30.9168,0.0000,0,0.0000
1775,8.0892,0.1474,30.8051,31.3750,0.6680,0,0.0000
1776,8.0892,0.1474,30.8051,31.3750,0.0000,0,0.0000
1777,8.0719,-0.3683,31.2918,31.8330,0.7093,0,0.0000
1778,8.0719,-0.3683,31.2918,31.8330,0.0000,0,0.0000
1779,8.0531,-0.9541,31.7686,32.2910,0.7556,0,0.3541
1780,8.0531,-0.9541,31.7686,32.2910,0.0000,0,0.3541
1781,7.9944,-1.5737,32.2450,32.7506,0.7837,0,0.9737
1782,7.9944,-1.5737,32.2450,32.7506,0.0000,0,0.9737
1783,7.9003,-2.1671,32.7212,33.2126,0.7667,0,1.5671
1784,7.9003,-2.1671,32.7212,33.2126,0.0000,0,1.5671
1785,7.7858,-2.7204,33.1958,33.6769,0.7379,0,2.1204
1786,7.7858,-2.7204,33.1958,33.6769,0.0000,0,2.1204
1787,7.6596,-3.1881,33.6726,34.1437,0.6797,0,2.5881
1788,7.6596,-3.1881,33.6726,34.1437,0.0000,0,2.5881
1789,7.5197,-3.5981,34.1529,34.6129,0.6468,0,2.9981
1790,7.5197,-3.5981,34.1529,34.6129,0.0000,0,2.9981
1791,7.3676,-4.0146,34.6308,35.0835,0.6519,0,3.4146
1792,7.3676,-4.0146,34.6308,35.0835,0.0000,0,3.4146
1793,7.1955,-4.4413,35.1062,35.5545,0.6616,0,3.8413
1794,7.1955,-4.4413,35.1062,35.5545,0.0000,0,3.8413
1795,7.0012,-4.8743,35.5791,36.0254,0.6700,0,4.2743
1796,7.0012,-4.8743,35.5791,36.0254,0.0000,0,4.2743
1797,6.7882,-5.3003,36.0503,36.4965,0.6700,0,4.7003
1798,6.7882,-5.3003,36.0503,36.4965,0.0000,0,4.7003
1799,6.5909,-5.7124,36.5148,36.9682,0.6516,0,5.1124
1800,6.5909,-5.7124,36.5148,36.9682,0.0000,0,5.1124
1801,6.4226,-6.1154,36.9710,37.4406,0.6315,0,5.5154
1802,6.4226,-6.1154,36.9710,37.4406,0.0000,0,5.5154
1803,6.2695,-6.5024,37.4241,37.9148,0.6153,0,5.9024
1804,6.2695,-6.5024,37.4241,37.9148,0.0000,0,5.9024
1805,6.1307,-6.8638,37.8773,38.3912,0.5961,0,6.2638
1806,6.1307,-6.8638,37.8773,38.3912,0.0000,0,6.2638
1807,6.0092,-7.2059,38.3305,38.8702,0.5806,0,6.6059
1808,6.0092,-7.2059,38.3305,38.8702,0.0000,0,6.6059
1809,5.8999,-7.5866,38.7757,39.3529,0.5959,0,6.9866
1810,5.8999,-7.5866,38.7757,39.3529,0.0000,0,6.9866
1811,5.7948,-7.9977,39.2151,39.8392,0.6108,0,7.3977
1812,5.7948,-7.9977,39.2151,39.8392,0.0000,0,7.3977
1813,5.6895,-8.3257,39.6709,40.3288,0.5714,0,7.7257
1814,5.6895,-8.3257,39.6709,40.3288,0.0000,0,7.7257
1815,5.5859,-8.5334,40.1514,40.8213,0.5337,0,7.9334
1816,5.5859,-8.5334,40.1514,40.8213,0.0000,0,7.9334
1817,5.4812,-8.6245,40.6574,41.3165,0.5247,0,8.0245
1818,5.4812,-8.6245,40.6574,41.3165,0.0000,0,8.0245
1819,5.3737,-8.6063,41.1875,41.8145,0.5412,0,8.0063
1820,5.3737,-8.6063,41.1875,41.8145,0.0000,0,8.0063
1821,5.2624,-8.5082,41.7355,42.3154,0.5677,0,7.9082
1822,5.2624,-8.5082,41.7355,42.3154,0.0000,0,7.9082
1823,5.1468,-8.3663,42.2937,42.8196,0.5875,0,7.7663
1824,5.1468,-8.3663,42.2937,42.8196,0.0000,0,7.7663
1825,5.0270,-8.2099,42.8565,43.3273,0.5962,0,7.6099
1826,5.0270,-8.2099,42.8565,43.3273,0.0000,0,7.6099
1827,4.9036,-8.0609,43.4198,43.8386,0.5956,0,7.4609
1828,4.9036,-8.0609,43.4198,43.8386,0.0000,0,7.4609
1829,4.7774,-7.9332,43.9816,44.3537,0.5898,0,7.3332
1830,4.7774,-7.9332,43.9816,44.3537,0.0000,0,7.3332
1831,4.6166,-7.5864,44.5751,44.8636,0.7059,0,6.9864
1832,4.6166,-7.5864,44.5751,44.8636,0.0000,0,6.9864
1833,4.4536,-7.0219,45.1884,45.3666,0.8492,0,6.4219
1834,4.4536,-7.0219,45.1884,45.3666,0.0000,0,6.4219
1835,4.3513,-6.3636,45.7970,45.8691,0.9024,0,5.7636
1836,4.3513,-6.3636,45.7970,45.8691,0.0000,0,5.7636
1837,4.2406,-5.7338,46.3946,46.3751,0.8752,0,5.1338
1838,4.2406,-5.7338,46.3946,46.3751,0.0000,0,5.1338
1839,4.1223,-5.1243,46.9834,46.8846,0.8557,0,4.5243
1840,4.1223,-5.1243,46.9834,46.8846,0.0000,0,4.5243
1841,3.9980,-4.5255,47.5650,47.3973,0.8440,0,3.9255
1842,3.9980,-4.5255,47.5650,47.3973,0.0000,0,3.9255
1843,3.8698,-3.9275,48.1406,47.9132,0.8398,0,3.3275
1844,3.8698,-3.9275,48.1406,47.9132,0.0000,0,3.3275
1845,3.7398,-3.3214,48.7106,48.4319,0.8421,0,2.7214
1846,3.7398,-3.3214,48.7106,48.4319,0.0000,0,2.7214
1847,3.6097,-2.6997,49.2751,48.9535,0.8497,0,2.0997
1848,3.6097,-2.6997,49.2751,48.9535,0.0000,0,2.0997
1849,3.4807,-2.0569,49.8337,49.4778,0.8614,0,1.4569
1850,3.4807,-2.0569,49.8337,49.4778,0.0000,0,1.4569
1851,3.3534,-1.3892,50.3860,50.0048,0.8759,0,0.7892
1852,3.3534,-1.3892,50.3860,50.0048,0.0000,0,0.7892
1853,3.2271,-0.7195,50.9310,50.5343,0.8726,0,0.1195
1854,3.2271,-0.7195,50.9310,50.5343,0.0000,0,0.1195
1855,3.0965,-0.2767,51.4708,51.0658,0.7103,0,0.0000
1856,3.0965,-0.2767,51.4708,51.0658,0.0000,0,0.0000
1857,2.9614,-0.0741,52.0116,51.5993,0.5931,0,0.0000
1858,2.9614,-0.0741,52.0116,51.5993,0.0000,0,0.0000
1859,2.8227,-0.0562,52.5555,52.1348,0.5615,0,0.0000
1860,2.8227,-0.0562,52.5555,52.1348,0.0000,0,0.0000
1861,2.6810,-0.1652,53.1020,52.6721,0.5751,0,0.0000
1862,2.6810,-0.1652,53.1020,52.6721,0.0000,0,0.0000
1863,2.5363,-0.3481,53.6503,53.2113,0.5958,0,0.0000
1864,2.5363,-0.3481,53.6503,53.2113,0.0000,0,0.0000
1865,2.3883,-0.5610,54.1994,53.7524,0.6072,0,0.0000
1866,2.3883,-0.5610,54.1994,53.7524,0.0000,0,0.0000
1867,2.4311,-0.7595,54.7398,54.2945,0.5773,0,0.1595
1868,2.4311,-0.7595,54.7398,54.2945,0.0000,0,0.1595
1869,2.6485,-0.9251,55.2723,54.8373,0.5986,0,0.3251
1870,2.6485,-0.9251,55.2723,54.8373,0.0000,0,0.3251
1871,2.9754,-1.0506,55.7992,55.3811,0.6326,0,0.4506
1872,2.9754,-1.0506,55.7992,55.3811,0.0000,0,0.4506
1873,3.3709,-1.1337,56.3216,55.9258,0.6604,0,0.5337
1874,3.3709,-1.1337,56.3216,55.9258,0.0000,0,0.5337
1875,3.8095,-1.1766,56.8401,56.4716,0.6805,0,0.5766
1876,3.8095,-1.1766,56.8401,56.4716,0.0000,0,0.5766
1877,4.2756,-1.1851,57.3549,57.0185,0.6946,0,0.5851
1878,4.2756,-1.1851,57.3549,57.0185,0.0000,0,0.5851
1879,4.7600,-1.1665,57.8663,57.5663,0.7046,0,0.5665
1880,4.7600,-1.1665,57.8663,57.5663,0.0000,0,0.5665
1881,5.2575,-1.1292,58.3743,58.1150,0.7120,0,0.5292
1882,5.2575,-1.1292,58.3743,58.1150,0.0000,0,0.5292
1883,5.7655,-1.0810,58.8787,58.6647,0.7176,0,0.4810
1884,5.7655,-1.0810,58.8787,58.6647,0.0000,0,0.4810
1885,6.2834,-1.0286,59.3794,59.2153,0.7222,0,0.4286
1886,6.2834,-1.0286,59.3794,59.2153,0.0000,0,0.4286
1887,6.8113,-0.9774,59.8760,59.7666,0.7266,0,0.3774
1888,6.8113,-0.9774,59.8760,59.7666,0.0000,0,0.3774
1889,7.3504,-0.9310,60.3683,60.3188,0.7315,0,0.3310
1890,7.3504,-0.9310,60.3683,60.3188,0.0000,0,0.3310
1891,7.9023,-0.8914,60.8558,60.8716,0.7374,0,0.2914
1892,7.9023,-0.8914,60.8558,60.8716,0.0000,0,0.2914
1893,8.4690,-0.8592,61.3378,61.4250,0.7447,0,0.2592
1894,8.4690,-0.8592,61.3378,61.4250,0.0000,0,0.2592
1895,9.0531,-0.8336,61.8137,61.9789,0.7539,0,0.2336
1896,9.0531,-0.8336,61.8137,61.9789,0.0000,0,0.2336
1897,9.6567,-0.8133,62.2828,62.5333,0.7646,0,0.2133
1898,9.6567,-0.8133,62.2828,62.5333,0.0000,0,0.2133
1899,10.4725,-0.7602,62.7099,63.0855,0.9224,0,0.1602
1900,10.4725,-0.7602,62.7099,63.0855,0.0000,0,0.1602
1901,11.4781,-0.6753,63.0913,63.6351,1.0789,0,0.0753
1902,11.4781,-0.6753,63.0913,63.6351,0.0000,0,0.0753
1903,12.6029,-0.5691,63.4329,64.1824,1.1803,0,0.0000
1904,12.6029,-0.5691,63.4329,64.1824,0.0000,0,0.0000
1905,13.8030,-0.4483,63.7385,64.7276,1.2443,0,0.0000
1906,13.8030,-0.4483,63.7385,64.7276,0.0000,0,0.0000
1907,15.0515,-0.3176,64.0106,65.2704,1.2844,0,0.0000
1908,15.0515,-0.3176,64.0106,65.2704,0.0000,0,0.0000
1909,16.3321,-0.1808,64.2507,65.8108,1.3101,0,0.0000
1910,16.3321,-0.1808,64.2507,65.8108,0.0000,0,0.0000
1911,17.6360,-0.0410,64.4594,66.3487,1.3278,0,0.0000
1912,17.6360,-0.0410,64.4594,66.3487,0.0000,0,0.0000
1913,18.9584,0.0993,64.6367,66.8837,1.3416,0,0.0000
1914,18.9584,0.0993,64.6367,66.8837,0.0000,0,0.0000
1915,20.2977,0.2380,64.7819,67.4156,1.3543,0,0.0000
1916,20.2977,0.2380,64.7819,67.4156,0.0000,0,0.0000
1917,21.6542,0.3734,64.8938,67.9442,1.3678,0,0.0000
1918,21.6542,0.3734,64.8938,67.9442,0.0000,0,0.0000
1919,23.0294,0.5051,64.9706,68.4692,1.3836,0,0.0000
1920,23.0294,0.5051,64.9706,68.4692,0.0000,0,0.0000
1921,24.4259,0.6331,65.0098,68.9903,1.4029,0,0.0000
1922,24.4259,0.6331,65.0098,68.9903,0.0000,0,0.0000
1923,25.8469,0.7589,65.0083,69.5071,1.4266,0,0.0000
1924,25.8469,0.7589,65.0083,69.5071,0.0000,0,0.0000
1925,27.2966,0.8847,64.9622,70.0192,1.4558,0,0.0000
1926,27.2966,0.8847,64.9622,70.0192,0.0000,0,0.0000
1927,28.7768,1.0129,64.8681,70.5262,1.4887,0,0.0000
1928,28.7768,1.0129,64.8681,70.5262,0.0000,0,0.0000
1929,30.4159,1.2049,64.6570,71.0247,1.6638,0,0.0000
1930,30.4159,1.2049,64.6570,71.0247,0.0000,0,0.0000
1931,32.1837,1.4530,64.3299,71.5141,1.8148,0,0.0000
1932,32.1837,1.4530,64.3299,71.5141,0.0000,0,0.0000
1933,34.0208,1.7324,63.9064,71.9946,1.9059,0,0.0000
1934,34.0208,1.7324,63.9064,71.9946,0.0000,0,0.0000
1935,35.8912,2.0260,63.3991,72.4663,1.9600,0,0.0000
1936,35.8912,2.0260,63.3991,72.4663,0.0000,0,0.0000
1937,37.7726,2.3210,62.8165,72.9291,1.9916,0,0.0000
1938,37.7726,2.3210,62.8165,72.9291,0.0000,0,0.0000
1939,39.6515,2.6081,62.1642,73.3826,2.0095,0,0.0000
1940,39.6515,2.6081,62.1642,73.3826,0.0000,0,0.0000
1941,41.5192,2.8802,61.4462,73.8268,2.0193,0,0.0000
1942,41.5192,2.8802,61.4462,73.8268,0.0000,0,0.0000
1943,43.3699,3.1323,60.6652,74.2612,2.0245,0,0.0000
1944,43.3699,3.1323,60.6652,74.2612,0.0000,0,0.0000
1945,45.1996,3.3611,59.8234,74.6857,2.0270,0,0.0000
1946,45.1996,3.3611,59.8234,74.6857,0.0000,0,0.0000
1947,47.0050,3.5650,58.9225,75.1000,2.0280,0,0.0000
1948,47.0050,3.5650,58.9225,75.1000,0.0000,0,0.0000
1949,48.7836,3.7441,57.9640,75.5038,2.0283,0,0.0000
1950,48.7836,3.7441,57.9640,75.5038,0.0000,0,0.0000
1951,50.5329,3.8996,56.9494,75.8970,2.0282,0,0.0000
1952,50.5329,3.8996,56.9494,75.8970,0.0000,0,0.0000
1953,52.2506,4.0337,55.8800,76.2794,2.0278,0,0.0000
1954,52.2506,4.0337,55.8800,76.2794,0.0000,0,0.0000
1955,53.9345,4.1496,54.7571,76.6507,2.0272,0,0.0000
1956,53.9345,4.1496,54.7571,76.6507,0.0000,0,0.0000
1957,55.5823,4.2509,53.5822,77.0107,2.0264,0,0.0000
1958,55.5823,4.2509,53.5822,77.0107,0.0000,0,0.0000
1959,57.1922,4.3413,52.3565,77.3593,2.0254,0,0.0000
1960,57.1922,4.3413,52.3565,77.3593,0.0000,0,0.0000
1961,58.7621,4.4243,51.0815,77.6963,2.0242,0,0.0000
1962,58.7621,4.4243,51.0815,77.6963,0.0000,0,0.0000
1963,60.2904,4.5032,49.7586,78.0217,2.0228,0,0.0000
1964,60.2904,4.5032,49.7586,78.0217,0.0000,0,0.0000
1965,61.7751,4.5808,48.3892,78.3351,2.0214,0,0.0000
1966,61.7751,4.5808,48.3892,78.3351,0.0000,0,0.0000
1967,63.1947,4.6338,47.0067,78.6373,1.9822,0,0.0000
1968,63.1947,4.6338,47.0067,78.6373,0.0000,0,0.0000
1969,64.5032,4.6044,45.6921,78.9308,1.8551,0,0.0000
1970,64.5032,4.6044,45.6921,78.9308,0.0000,0,0.0000
1971,65.7249,4.5207,44.4213,79.2153,1.7648,0,0.0000
1972,65.7249,4.5207,44.4213,79.2153,0.0000,0,0.0000
1973,66.8749,4.4045,43.1785,79.4906,1.6972,0,0.0000
1974,66.8749,4.4045,43.1785,79.4906,0.0000,0,0.0000
1975,67.9633,4.2729,41.9537,79.7569,1.6439,0,0.0000
1976,67.9633,4.2729,41.9537,79.7569,0.0000,0,0.0000
1977,68.9968,4.1393,40.7399,80.0142,1.5997,0,0.0000
1978,68.9968,4.1393,40.7399,80.0142,0.0000,0,0.0000
1979,69.9802,4.0138,39.5329,80.2626,1.5620,0,0.0000
1980,69.9802,4.0138,39.5329,80.2626,0.0000,0,0.0000
1981,70.9171,3.9041,38.3296,80.5022,1.5290,0,0.0000
1982,70.9171,3.9041,38.3296,80.5022,0.0000,0,0.0000
1983,71.8105,3.8151,37.1277,80.7330,1.5002,0,0.0000
1984,71.8105,3.8151,37.1277,80.7330,0.0000,0,0.0000
1985,72.6627,3.7497,35.9256,80.9553,1.4750,0,0.0000
1986,72.6627,3.7497,35.9256,80.9553,0.0000,0,0.0000
1987,73.4758,3.7089,34.7218,81.1689,1.4533,0,0.0000
1988,73.4758,3.7089,34.7218,81.1689,0.0000,0,0.0000
1989,74.2518,3.6920,33.5149,81.3740,1.4349,0,0.0000
1990,74.2518,3.6920,33.5149,81.3740,0.0000,0,0.0000
1991,74.9922,3.6974,32.3036,81.5706,1.4197,0,0.0000
1992,74.9922,3.6974,32.3036,81.5706,0.0000,0,0.0000
1993,75.6987,3.7224,31.0863,81.7587,1.4077,0,0.0000
1994,75.6987,3.7224,31.0863,81.7587,0.0000,0,0.0000
1995,76.3725,3.7642,29.8613,81.9383,1.3987,0,0.0000
1996,76.3725,3.7642,29.8613,81.9383,0.0000,0,0.0000
1997,77.0150,3.8196,28.6269,82.1095,1.3927,0,0.0000
1998,77.0150,3.8196,28.6269,82.1095,0.0000,0,0.0000
1999,77.6272,3.8856,27.3810,82.2720,1.3898,0,0.0000
2000,77.6272,3.8856,27.3810,82.2720,0.0000,0,0.0000
2001,78.2100,3.9597,26.1211,82.4259,1.3901,0,0.0000
2002,78.2100,3.9597,26.1211,82.4259,0.0000,0,0.0000
2003,78.7642,4.0397,24.8446,82.5711,1.3939,0,0.0000
2004,78.7642,4.0397,24.8446,82.5711,0.0000,0,0.0000
2005,79.2905,4.1245,23.5485,82.7075,1.4014,0,0.0000
2006,79.2905,4.1245,23.5485,82.7075,0.0000,0,0.0000
2007,79.7890,4.2132,22.2293,82.8349,1.4131,0,0.0000
2008,79.7890,4.2132,22.2293,82.8349,0.0000,0,0.0000
2009,80.2601,4.3062,20.8831,82.9531,1.4293,0,0.0000
2010,80.2601,4.3062,20.8831,82.9531,0.0000,0,0.0000
2011,80.7035,4.4042,19.5053,83.0620,1.4507,0,0.0000
2012,80.7035,4.4042,19.5053,83.0620,0.0000,0,0.0000
2013,81.1188,4.5087,18.0907,83.1612,1.4780,0,0.0000
2014,81.1188,4.5087,18.0907,83.1612,0.0000,0,0.0000
2015,81.5052,4.6222,16.6334,83.2505,1.5119,0,0.0000
2016,81.5052,4.6222,16.6334,83.2505,0.0000,0,0.0000
2017,81.8610,4.7448,15.1299,83.3296,1.5500,0,0.0000
2018,81.8610,4.7448,15.1299,83.3296,0.0000,0,0.0000
2019,82.1293,4.4764,14.1382,83.4086,1.0618,0,0.0000
2020,82.1293,4.4764,14.1382,83.4086,0.0000,0,0.0000
2021,82.3311,3.8698,13.6182,83.4894,0.8241,0,0.0000
2022,82.3311,3.8698,13.6182,83.4894,0.0000,0,0.0000
2023,82.4885,3.0847,13.3912,83.5710,0.8322,0,0.0000
2024,82.4885,3.0847,13.3912,83.5710,0.0000,0,0.0000
2025,82.6124,2.2334,13.3468,83.6533,0.8615,0,0.0000
2026,82.6124,2.2334,13.3468,83.6533,0.0000,0,0.0000
2027,82.7100,1.3954,13.4165,83.7363,0.8465,0,0.0000
2028,82.7100,1.3954,13.4165,83.7363,0.0000,0,0.0000
2029,82.7877,0.6266,13.5582,83.8201,0.7856,0,0.0000
2030,82.7877,0.6266,13.5582,83.8201,0.0000,0,0.0000
2031,82.8510,-0.0363,13.7457,83.9051,0.6918,0,0.0000
2032,82.8510,-0.0363,13.7457,83.9051,0.0000,0,0.0000
2033,82.9052,-0.5721,13.9632,83.9913,0.5808,0,0.0000
2034,82.9052,-0.5721,13.9632,83.9913,0.0000,0,0.0000
2035,82.9543,-0.9724,14.2010,84.0790,0.4682,0,0.3724
2036,82.9543,-0.9724,14.2010,84.0790,0.0000,0,0.3724
2037,83.0012,-1.2393,14.4533,84.1683,0.3703,0,0.6393
2038,83.0012,-1.2393,14.4533,84.1683,0.0000,0,0.6393
2039,83.0477,-1.3829,14.7166,84.2594,0.3034,0,0.7829
2040,83.0477,-1.3829,14.7166,84.2594,0.0000,0,0.7829
2041,83.0947,-1.4191,14.9886,84.3524,0.2784,0,0.8191
2042,83.0947,-1.4191,14.9886,84.3524,0.0000,0,0.8191
2043,83.1424,-1.3675,15.2682,84.4473,0.2883,0,0.7675
2044,83.1424,-1.3675,15.2682,84.4473,0.0000,0,0.7675
2045,83.1905,-1.2495,15.5545,84.5442,0.3134,0,0.6495
2046,83.1905,-1.2495,15.5545,84.5442,0.0000,0,0.6495
2047,83.2389,-1.0866,15.8469,84.6432,0.3382,0,0.4866
2048,83.2389,-1.0866,15.8469,84.6432,0.0000,0,0.4866
2049,83.2872,-0.8988,16.1450,84.7444,0.3556,0,0.2988
2050,83.2872,-0.8988,16.1450,84.7444,0.0000,0,0.2988
2051,83.3354,-0.7040,16.4485,84.8478,0.3638,0,0.1040
2052,83.3354,-0.7040,16.4485,84.8478,0.0000,0,0.1040
2053,83.3834,-0.5170,16.7569,84.9534,0.3639,0,0.0000
2054,83.3834,-0.5170,16.7569,84.9534,0.0000,0,0.0000
2055,83.4314,-0.3490,17.0700,85.0613,0.3586,0,0.0000
2056,83.4314,-0.3490,17.0700,85.0613,0.0000,0,0.0000
2057,83.4796,-0.2078,17.3873,85.1715,0.3506,0,0.0000
2058,83.4796,-0.2078,17.3873,85.1715,0.0000,0,0.0000
2059,83.5283,-0.0981,17.7084,85.2840,0.3428,0,0.0000
2060,83.5283,-0.0981,17.7084,85.2840,0.0000,0,0.0000
2061,83.5777,-0.0211,18.0329,85.3989,0.3371,0,0.0000
2062,83.5777,-0.0211,18.0329,85.3989,0.0000,0,0.0000
2063,83.6279,0.0242,18.3603,85.5162,0.3343,0,0.0000
2064,83.6279,0.0242,18.3603,85.5162,0.0000,0,0.0000
2065,83.6792,0.0408,18.6900,85.6358,0.3340,0,0.0000
2066,83.6792,0.0408,18.6900,85.6358,0.0000,0,0.0000
2067,83.7315,0.0333,19.0214,85.7579,0.3356,0,0.0000
2068,83.7315,0.0333,19.0214,85.7579,0.0000,0,0.0000
2069,83.7851,0.0071,19.3540,85.8824,0.3379,0,0.0000
2070,83.7851,0.0071,19.3540,85.8824,0.0000,0,0.0000
2071,83.8399,-0.0322,19.6871,86.0093,0.3398,0,0.0000
2072,83.8399,-0.0322,19.6871,86.0093,0.0000,0,0.0000
2073,83.8961,-0.0788,20.0199,86.1386,0.3408,0,0.0000
2074,83.8961,-0.0788,20.0199,86.1386,0.0000,0,0.0000
2075,83.9539,-0.1275,20.3517,86.2703,0.3403,0,0.0000
2076,83.9539,-0.1275,20.3517,86.2703,0.0000,0,0.0000
2077,84.0134,-0.1736,20.6817,86.4045,0.3384,0,0.0000
2078,84.0134,-0.1736,20.6817,86.4045,0.0000,0,0.0000
2079,84.0748,-0.2132,21.0086,86.5409,0.3350,0,0.0000
2080,84.0748,-0.2132,21.0086,86.5409,0.0000,0,0.0000
2081,84.1385,-0.2433,21.3314,86.6797,0.3304,0,0.0000
2082,84.1385,-0.2433,21.3314,86.6797,0.0000,0,0.0000
2083,84.2049,-0.2616,21.6488,86.8208,0.3247,0,0.0000
2084,84.2049,-0.2616,21.6488,86.8208,0.0000,0,0.0000
2085,84.2741,-0.2673,21.9596,86.9641,0.3185,0,0.0000
2086,84.2741,-0.2673,21.9596,86.9641,0.0000,0,0.0000
2087,84.3764,-0.1692,22.1359,87.1073,0.2262,0,0.0000
2088,84.3764,-0.1692,22.1359,87.1073,0.0000,0,0.0000
2089,84.5073,0.0137,22.1955,87.2500,0.2327,0,0.0000
2090,84.5073,0.0137,22.1955,87.2500,0.0000,0,0.0000
2091,84.6548,0.2397,22.1863,87.3924,0.2700,0,0.0000
2092,84.6548,0.2397,22.1863,87.3924,0.0000,0,0.0000
2093,84.8114,0.4797,22.1373,87.5347,0.2907,0,0.0000
2094,84.8114,0.4797,22.1373,87.5347,0.0000,0,0.0000
2095,84.9728,0.7135,22.0661,87.6767,0.2929,0,0.0000
2096,84.9728,0.7135,22.0661,87.6767,0.0000,0,0.0000
2097,85.1364,0.9273,21.9830,87.8184,0.2818,0,0.0000
2098,85.1364,0.9273,21.9830,87.8184,0.0000,0,0.0000
2099,85.3012,1.1119,21.8938,87.9597,0.2631,0,0.0000
2100,85.3012,1.1119,21.8938,87.9597,0.0000,0,0.0000
2101,85.4664,1.2625,21.8016,88.1007,0.2418,0,0.0000
2102,85.4664,1.2625,21.8016,88.1007,0.0000,0,0.0000
2103,85.6320,1.3773,21.7077,88.2412,0.2223,0,0.0000
2104,85.6320,1.3773,21.7077,88.2412,0.0000,0,0.0000
2105,85.7980,1.4576,21.6122,88.3813,0.2076,0,0.0000
2106,85.7980,1.4576,21.6122,88.3813,0.0000,0,0.0000
2107,85.9644,1.5065,21.5145,88.5208,0.1991,0,0.0000
2108,85.9644,1.5065,21.5145,88.5208,0.0000,0,0.0000
2109,86.1315,1.5291,21.4136,88.6597,0.1965,0,0.0000
2110,86.1315,1.5291,21.4136,88.6597,0.0000,0,0.0000
2111,86.2994,1.5315,21.3077,88.7980,0.1985,0,0.0000
2112,86.2994,1.5315,21.3077,88.7980,0.0000,0,0.0000
2113,86.4683,1.5203,21.1949,88.9356,0.2034,0,0.0000
2114,86.4683,1.5203,21.1949,88.9356,0.0000,0,0.0000
2115,86.6384,1.5023,21.0730,89.0723,0.2101,0,0.0000
2116,86.6384,1.5023,21.0730,89.0723,0.0000,0,0.0000
2117,86.8102,1.4842,20.9390,89.2082,0.2185,0,0.0000
2118,86.8102,1.4842,20.9390,89.2082,0.0000,0,0.0000
2119,86.9839,1.4723,20.7899,89.3430,0.2293,0,0.0000
2120,86.9839,1.4723,20.7899,89.3430,0.0000,0,0.0000
2121,87.1602,1.4723,20.6216,89.4766,0.2437,0,0.0000
2122,87.1602,1.4723,20.6216,89.4766,0.0000,0,0.0000
2123,87.3395,1.4894,20.4296,89.6088,0.2633,0,0.0000
2124,87.3395,1.4894,20.4296,89.6088,0.0000,0,0.0000
2125,87.5604,1.6743,20.0072,89.7358,0.5112,0,0.0000
2126,87.5604,1.6743,20.0072,89.7358,0.0000,0,0.0000
2127,87.8950,2.3467,18.8961,89.8478,1.3411,0,0.0000
2128,87.8950,2.3467,18.8961,89.8478,0.0000,0,0.0000
2129,88.2683,3.2959,17.3458,89.9458,1.8558,0,0.0000
2130,88.2683,3.2959,17.3458,89.9458,0.0000,0,0.0000
2131,88.6301,4.3757,15.5127,90.0302,2.1580,0,0.0000
2132,88.6301,4.3757,15.5127,90.0302,0.0000,0,0.0000
2133,88.9508,5.4772,13.5000,90.1009,2.3166,0,0.0000
2134,88.9508,5.4772,13.5000,90.1009,0.0000,0,0.0000
2135,89.2157,6.5193,11.3764,90.1577,2.3803,0,0.0000
2136,89.2157,6.5193,11.3764,90.1577,0.0000,0,0.0000
2137,89.4202,7.4462,9.1836,90.2004,2.3895,0,0.0000
2138,89.4202,7.4462,9.1836,90.2004,0.0000,0,0.0000
2139,89.5645,8.2247,6.9470,90.2288,2.3726,0,0.0000
2140,89.5645,8.2247,6.9470,90.2288,0.0000,0,0.0000
2141,89.6504,8.8357,4.6827,90.2426,2.3469,0,0.0000
2142,89.6504,8.8357,4.6827,90.2426,0.0000,0,0.0000
2143,89.6802,9.2700,2.4008,90.2417,2.3231,0,0.0000
2144,89.6802,9.2700,2.4008,90.2417,0.0000,0,0.0000
2145,89.6547,9.5300,0.1082,90.2260,2.3074,0,0.0000
2146,89.6547,9.5300,0.1082,90.2260,0.0000,0,0.0000
2147,89.5731,9.6302,-2.1898,90.1955,2.3016,0,0.0000
2148,89.5731,9.6302,-2.1898,90.1955,0.0000,0,0.0000
2149,89.4330,9.5926,-4.4889,90.1501,2.3037,0,0.0000
2150,89.4330,9.5926,-4.4889,90.1501,0.0000,0,0.0000
2151,89.2314,9.4433,-6.7850,90.0898,2.3098,0,0.0000
2152,89.2314,9.4433,-6.7850,90.0898,0.0000,0,0.0000
2153,88.9648,9.2103,-9.0746,90.0147,2.3168,0,0.0000
2154,88.9648,9.2103,-9.0746,90.0147,0.0000,0,0.0000
2155,88.6302,8.9214,-11.3540,89.9249,2.3219,0,0.0000
2156,88.6302,8.9214,-11.3540,89.9249,0.0000,0,0.0000
2157,88.2250,8.6025,-13.6196,89.8204,2.3236,0,0.0000
2158,88.2250,8.6025,-13.6196,89.8204,0.0000,0,0.0000
2159,87.7474,8.2759,-15.8686,89.7012,2.3222,0,0.0000
2160,87.7474,8.2759,-15.8686,89.7012,0.0000,0,0.0000
2161,87.1984,7.9547,-18.0913,89.5677,2.3119,0,0.0000
2162,87.1984,7.9547,-18.0913,89.5677,0.0000,0,0.0000
2163,86.5817,7.6452,-20.2747,89.4202,2.2898,0,0.0000
2164,86.5817,7.6452,-20.2747,89.4202,0.0000,0,0.0000
2165,85.9009,7.3531,-22.4112,89.2589,2.2613,0,0.0000
2166,85.9009,7.3531,-22.4112,89.2589,0.0000,0,0.0000
2167,85.1594,7.0828,-24.4968,89.0841,2.2299,0,0.0000
2168,85.1594,7.0828,-24.4968,89.0841,0.0000,0,0.0000
2169,84.3601,6.8367,-26.5298,88.8963,2.1983,0,0.0000
2170,84.3601,6.8367,-26.5298,88.8963,0.0000,0,0.0000
2171,83.5060,6.6155,-28.5100,88.6955,2.1679,0,0.0000
2172,83.5060,6.6155,-28.5100,88.6955,0.0000,0,0.0000
2173,82.5993,6.4185,-30.4383,88.4821,2.1399,0,0.0000
2174,82.5993,6.4185,-30.4383,88.4821,0.0000,0,0.0000
2175,81.6423,6.2434,-32.3159,88.2564,2.1147,0,0.0000
2176,81.6423,6.2434,-32.3159,88.2564,0.0000,0,0.0000
2177,80.6367,6.0877,-34.1447,88.0185,2.0928,0,0.0000
2178,80.6367,6.0877,-34.1447,88.0185,0.0000,0,0.0000
2179,79.5839,5.9481,-35.9264,87.7688,2.0743,0,0.0000
2180,79.5839,5.9481,-35.9264,87.7688,0.0000,0,0.0000
2181,78.4849,5.8212,-37.6633,87.5074,2.0593,0,0.0000
2182,78.4849,5.8212,-37.6633,87.5074,0.0000,0,0.0000
2183,77.3403,5.7042,-39.3574,87.2346,2.0479,0,0.0000
2184,77.3403,5.7042,-39.3574,87.2346,0.0000,0,0.0000
2185,76.1502,5.5942,-41.0110,86.9504,2.0403,0,0.0000
2186,76.1502,5.5942,-41.0110,86.9504,0.0000,0,0.0000
2187,74.9145,5.4892,-42.6262,86.6552,2.0364,0,0.0000
2188,74.9145,5.4892,-42.6262,86.6552,0.0000,0,0.0000
2189,73.6324,5.3874,-44.2054,86.3491,2.0366,0,0.0000
2190,73.6324,5.3874,-44.2054,86.3491,0.0000,0,0.0000
2191,72.3029,5.2879,-45.7508,86.0321,2.0410,0,0.0000
2192,72.3029,5.2879,-45.7508,86.0321,0.0000,0,0.0000
2193,70.9243,5.1899,-47.2647,85.7045,2.0499,0,0.0000
2194,70.9243,5.1899,-47.2647,85.7045,0.0000,0,0.0000
2195,69.4945,5.0933,-48.7495,85.3663,2.0636,0,0.0000
2196,69.4945,5.0933,-48.7495,85.3663,0.0000,0,0.0000
2197,68.0105,4.9981,-50.2073,85.0176,2.0824,0,0.0000
2198,68.0105,4.9981,-50.2073,85.0176,0.0000,0,0.0000
2199,66.4692,4.9047,-51.6406,84.6587,2.1069,0,0.0000
2200,66.4692,4.9047,-51.6406,84.6587,0.0000,0,0.0000
2201,64.8663,4.8132,-53.0517,84.2895,2.1375,0,0.0000
2202,64.8663,4.8132,-53.0517,84.2895,0.0000,0,0.0000
2203,63.1970,4.7242,-54.4429,83.9102,2.1748,0,0.0000
2204,63.1970,4.7242,-54.4429,83.9102,0.0000,0,0.0000
2205,61.4607,4.6344,-55.8110,83.5209,2.2123,0,0.0000
2206,61.4607,4.6344,-55.8110,83.5209,0.0000,0,0.0000
2207,59.6676,4.5346,-57.1425,83.1219,2.2357,0,0.0000
2208,59.6676,4.5346,-57.1425,83.1219,0.0000,0,0.0000
2209,58.5008,4.0029,-57.8055,82.7228,1.4435,0,0.0000
2210,58.5008,4.0029,-57.8055,82.7228,0.0000,0,0.0000
2211,57.9029,3.1474,-57.9008,82.3252,1.0480,0,0.0000
2212,57.9029,3.1474,-57.9008,82.3252,0.0000,0,0.0000
2213,57.6385,2.1602,-57.6586,81.9282,1.0503,0,0.0000
2214,57.6385,2.1602,-57.6586,81.9282,0.0000,0,0.0000
2215,57.5618,1.1595,-57.2144,81.5316,1.0975,0,0.0000
2216,57.5618,1.1595,-57.2144,81.5316,0.0000,0,0.0000
2217,57.5868,0.2194,-56.6495,81.1356,1.0971,0,0.0000
2218,57.5868,0.2194,-56.6495,81.1356,0.0000,0,0.0000
2219,57.6648,-0.6140,-56.0134,80.7403,1.0513,0,0.0140
2220,57.6648,-0.6140,-56.0134,80.7403,0.0000,0,0.0140
2221,57.7696,-1.3131,-55.3360,80.3460,0.9791,0,0.7131
2222,57.7696,-1.3131,-55.3360,80.3460,0.0000,0,0.7131
2223,57.8878,-1.8646,-54.6353,79.9531,0.8994,0,1.2646
2224,57.8878,-1.8646,-54.6353,79.9531,0.0000,0,1.2646
2225,58.0132,-2.2654,-53.9222,79.5618,0.8276,0,1.6654
2226,58.0132,-2.2654,-53.9222,79.5618,0.0000,0,1.6654
2227,58.1425,-2.5212,-53.2027,79.1721,0.7745,0,1.9212
2228,58.1425,-2.5212,-53.2027,79.1721,0.0000,0,1.9212
2229,58.2740,-2.6445,-52.4805,78.7843,0.7443,0,2.0445
2230,58.2740,-2.6445,-52.4805,78.7843,0.0000,0,2.0445
2231,58.4060,-2.6527,-51.7577,78.3986,0.7348,0,2.0527
2232,58.4060,-2.6527,-51.7577,78.3986,0.0000,0,2.0527
2233,58.5370,-2.5666,-51.0354,78.0150,0.7391,0,1.9666
2234,58.5370,-2.5666,-51.0354,78.0150,0.0000,0,1.9666
2235,58.6653,-2.4089,-50.3142,77.6336,0.7493,0,1.8089
2236,58.6653,-2.4089,-50.3142,77.6336,0.0000,0,1.8089
2237,58.7897,-2.2024,-49.5946,77.2546,0.7589,0,1.6024
2238,58.7897,-2.2024,-49.5946,77.2546,0.0000,0,1.6024
2239,58.9091,-1.9689,-48.8767,76.8779,0.7643,0,1.3689
2240,58.9091,-1.9689,-48.8767,76.8779,0.0000,0,1.3689
2241,59.0228,-1.7279,-48.1606,76.5038,0.7640,0,1.1279
2242,59.0228,-1.7279,-48.1606,76.5038,0.0000,0,1.1279
2243,59.1307,-1.4959,-47.4464,76.1321,0.7586,0,0.8959
2244,59.1307,-1.4959,-47.4464,76.1321,0.0000,0,0.8959
2245,59.2327,-1.2861,-46.7341,75.7631,0.7496,0,0.6861
2246,59.2327,-1.2861,-46.7341,75.7631,0.0000,0,0.6861
2247,59.3294,-1.1074,-46.0235,75.3967,0.7390,0,0.5074
2248,59.3294,-1.1074,-46.0235,75.3967,0.0000,0,0.5074
2249,59.4209,-0.9655,-45.3147,75.0331,0.7286,0,0.3655
2250,59.4209,-0.9655,-45.3147,75.0331,0.0000,0,0.3655
2251,59.5078,-0.8626,-44.6077,74.6723,0.7198,0,0.2626
2252,59.5078,-0.8626,-44.6077,74.6723,0.0000,0,0.2626
2253,59.5904,-0.7978,-43.9024,74.3144,0.7131,0,0.1978
2254,59.5904,-0.7978,-43.9024,74.3144,0.0000,0,0.1978
2255,59.6690,-0.7680,-43.1987,73.9594,0.7087,0,0.1680
2256,59.6690,-0.7680,-43.1987,73.9594,0.0000,0,0.1680
2257,59.7437,-0.7683,-42.4966,73.6074,0.7061,0,0.1683
2258,59.7437,-0.7683,-42.4966,73.6074,0.0000,0,0.1683
2259,59.8148,-0.7929,-41.7961,73.2584,0.7045,0,0.1929
2260,59.8148,-0.7929,-41.7961,73.2584,0.0000,0,0.1929
2261,59.9608,-0.8347,-41.0067,72.9257,0.8039,0,0.2347
2262,59.9608,-0.8347,-41.0067,72.9257,0.0000,0,0.2347
2263,60.0324,-1.1772,-40.3230,72.5999,0.7680,0,0.5772
2264,60.0324,-1.1772,-40.3230,72.5999,0.0000,0,0.5772
2265,60.0950,-1.6127,-39.6455,72.2779,0.8078,0,1.0127
2266,60.0950,-1.6127,-39.6455,72.2779,0.0000,0,1.0127
2267,60.1510,-2.1281,-38.9681,71.9598,0.8531,0,1.5281
2268,60.1510,-2.1281,-38.9681,71.9598,0.0000,0,1.5281
2269,60.2013,-2.7078,-38.2866,71.6453,0.8961,0,2.1078
2270,60.2013,-2.7078,-38.2866,71.6453,0.0000,0,2.1078
2271,60.2462,-3.3343,-37.5987,71.3343,0.9315,0,2.7343
2272,60.2462,-3.3343,-37.5987,71.3343,0.0000,0,2.7343
2273,60.2856,-3.9897,-36.9031,71.0270,0.9565,0,3.3897
2274,60.2856,-3.9897,-36.9031,71.0270,0.0000,0,3.3897
2275,60.3199,-4.6564,-36.1991,70.7231,0.9702,0,4.0564
2276,60.3199,-4.6564,-36.1991,70.7231,0.0000,0,4.0564
2277,60.3479,-5.3221,-35.4891,70.4229,0.9737,0,4.7221
2278,60.3479,-5.3221,-35.4891,70.4229,0.0000,0,4.7221
2279,60.3631,-5.9722,-34.7880,70.1271,0.9562,0,5.3722
2280,60.3631,-5.9722,-34.7880,70.1271,0.0000,0,5.3722
2281,60.3888,-6.3834,-34.0943,69.8357,0.8068,0,5.7834
2282,60.3888,-6.3834,-34.0943,69.8357,0.0000,0,5.7834
2283,60.4189,-6.5905,-33.4227,69.5491,0.7035,0,5.9905
2284,60.4189,-6.5905,-33.4227,69.5491,0.0000,0,5.9905
2285,60.4521,-6.6412,-32.7720,69.2675,0.6535,0,6.0412
2286,60.4521,-6.6412,-32.7720,69.2675,0.0000,0,6.0412
2287,60.4872,-6.5827,-32.1375,68.9905,0.6382,0,5.9827
2288,60.4872,-6.5827,-32.1375,68.9905,0.0000,0,5.9827
2289,60.5230,-6.4568,-31.5135,68.7182,0.6376,0,5.8568
2290,60.5230,-6.4568,-31.5135,68.7182,0.0000,0,5.8568
2291,60.5588,-6.2975,-30.8950,68.4505,0.6397,0,5.6975
2292,60.5588,-6.2975,-30.8950,68.4505,0.0000,0,5.6975
2293,60.5939,-6.1298,-30.2782,68.1872,0.6402,0,5.5298
2294,60.5939,-6.1298,-30.2782,68.1872,0.0000,0,5.5298
2295,60.6279,-5.9708,-29.6606,67.9283,0.6387,0,5.3708
2296,60.6279,-5.9708,-29.6606,67.9283,0.0000,0,5.3708
2297,60.6605,-5.8307,-29.0408,67.6736,0.6362,0,5.2307
2298,60.6605,-5.8307,-29.0408,67.6736,0.0000,0,5.2307
2299,60.6906,-5.6724,-28.4270,67.4230,0.6346,0,5.0724
2300,60.6906,-5.6724,-28.4270,67.4230,0.0000,0,5.0724
2301,60.7189,-5.4632,-27.8234,67.1762,0.6395,0,4.8632
2302,60.7189,-5.4632,-27.8234,67.1762,0.0000,0,4.8632
2303,60.7427,-5.2126,-27.2341,66.9338,0.6407,0,4.6126
2304,60.7427,-5.2126,-27.2341,66.9338,0.0000,0,4.6126
2305,60.7620,-4.9245,-26.6593,66.6959,0.6433,0,4.3245
2306,60.7620,-4.9245,-26.6593,66.6959,0.0000,0,4.3245
2307,60.7772,-4.5997,-26.0970,66.4625,0.6496,0,3.9997
2308,60.7772,-4.5997,-26.0970,66.4625,0.0000,0,3.9997
2309,60.7890,-4.2384,-25.5449,66.2335,0.6599,0,3.6384
2310,60.7890,-4.2384,-25.5449,66.2335,0.0000,0,3.6384
2311,60.7978,-3.8404,-25.0011,66.0089,0.6740,0,3.2404
2312,60.7978,-3.8404,-25.0011,66.0089,0.0000,0,3.2404
2313,60.8043,-3.4057,-24.4628,65.7888,0.6919,0,2.8057
2314,60.8043,-3.4057,-24.4628,65.7888,0.0000,0,2.8057
2315,60.8087,-2.9352,-23.9272,65.5732,0.7129,0,2.3352
2316,60.8087,-2.9352,-23.9272,65.5732,0.0000,0,2.3352
2317,60.8111,-2.4491,-23.3906,65.3618,0.7240,0,1.8491
2318,60.8111,-2.4491,-23.3906,65.3618,0.0000,0,1.8491
2319,60.8130,-1.9827,-22.8453,65.1547,0.7176,0,1.3827
2320,60.8130,-1.9827,-22.8453,65.1547,0.0000,0,1.3827
2321,60.8156,-1.5300,-22.2896,64.9520,0.7168,0,0.9300
2322,60.8156,-1.5300,-22.2896,64.9520,0.0000,0,0.9300
2323,60.8181,-1.0913,-21.7263,64.7540,0.7140,0,0.4913
2324,60.8181,-1.0913,-21.7263,64.7540,0.0000,0,0.4913
2325,60.8203,-0.6666,-21.1557,64.5607,0.7114,0,0.0666
2326,60.8203,-0.6666,-21.1557,64.5607,0.0000,0,0.0666
2327,60.8224,-0.2558,-20.5777,64.3719,0.7090,0,0.0000
2328,60.8224,-0.2558,-20.5777,64.3719,0.0000,0,0.0000
2329,60.8242,0.1409,-19.9927,64.1879,0.7069,0,0.0000
2330,60.8242,0.1409,-19.9927,64.1879,0.0000,0,0.0000
2331,60.8259,0.5236,-19.4006,64.0085,0.7050,0,0.0000
2332,60.8259,0.5236,-19.4006,64.0085,0.0000,0,0.0000
2333,60.8274,0.8923,-18.8016,63.8337,0.7033,0,0.0000
2334,60.8274,0.8923,-18.8016,63.8337,0.0000,0,0.0000
2335,60.8286,1.2468,-18.1959,63.6637,0.7019,0,0.0000
2336,60.8286,1.2468,-18.1959,63.6637,0.0000,0,0.0000
2337,60.8297,1.5873,-17.5836,63.4985,0.7006,0,0.0000
2338,60.8297,1.5873,-17.5836,63.4985,0.0000,0,0.0000
2339,60.8306,1.9135,-16.9647,63.3379,0.6996,0,0.0000
2340,60.8306,1.9135,-16.9647,63.3379,0.0000,0,0.0000
2341,60.8312,2.2256,-16.3395,63.1822,0.6988,0,0.0000
2342,60.8312,2.2256,-16.3395,63.1822,0.0000,0,0.0000
2343,60.8098,2.1803,-15.9200,63.0490,0.4225,0,0.0000
2344,60.8098,2.1803,-15.9200,63.0490,0.0000,0,0.0000
2345,60.7677,1.7968,-15.7075,62.9376,0.4404,0,0.0000
2346,60.7677,1.7968,-15.7075,62.9376,0.0000,0,0.0000
2347,60.7252,1.4120,-15.4995,62.8298,0.4395,0,0.0000
2348,60.7252,1.4120,-15.4995,62.8298,0.0000,0,0.0000
2349,60.6825,1.0262,-15.2955,62.7257,0.4385,0,0.0000
2350,60.6825,1.0262,-15.2955,62.7257,0.0000,0,0.0000
2351,60.6395,0.6398,-15.0951,62.6250,0.4374,0,0.0000
2352,60.6395,0.6398,-15.0951,62.6250,0.0000,0,0.0000
2353,60.5961,0.2529,-14.8981,62.5277,0.4363,0,0.0000
2354,60.5961,0.2529,-14.8981,62.5277,0.0000,0,0.0000
2355,60.5692,-0.1534,-14.6390,62.4341,0.4826,0,0.0000
2356,60.5692,-0.1534,-14.6390,62.4341,0.0000,0,0.0000
2357,60.5568,-0.6098,-14.3199,62.3438,0.5570,0,0.0098
2358,60.5568,-0.6098,-14.3199,62.3438,0.0000,0,0.0098
2359,60.5547,-1.1296,-13.9463,62.2563,0.6402,0,0.5296
2360,60.5547,-1.1296,-13.9463,62.2563,0.0000,0,0.5296
2361,60.5718,-1.5433,-13.4846,62.1723,0.6201,0,0.9433
2362,60.5718,-1.5433,-13.4846,62.1723,0.0000,0,0.9433
2363,60.6012,-1.7709,-12.9863,62.0947,0.5486,0,1.1709
2364,60.6012,-1.7709,-12.9863,62.0947,0.0000,0,1.1709
2365,60.6191,-2.0937,-12.5260,62.0208,0.5625,0,1.4937
2366,60.6191,-2.0937,-12.5260,62.0208,0.0000,0,1.4937
2367,60.6307,-2.4461,-12.0808,61.9497,0.5679,0,1.8461
2368,60.6307,-2.4461,-12.0808,61.9497,0.0000,0,1.8461
2369,60.6510,-2.6106,-11.6115,61.8811,0.4978,0,2.0106
2370,60.6510,-2.6106,-11.6115,61.8811,0.0000,0,2.0106
2371,60.6688,-2.7527,-11.1532,61.8153,0.4801,0,2.1527
2372,60.6688,-2.7527,-11.1532,61.8153,0.0000,0,2.1527
2373,60.6850,-2.8797,-10.7004,61.7521,0.4706,0,2.2797
2374,60.6850,-2.8797,-10.7004,61.7521,0.0000,0,2.2797
2375,60.7029,-2.8818,-10.2589,61.6912,0.4419,0,2.2818
2376,60.7029,-2.8818,-10.2589,61.6912,0.0000,0,2.2818
2377,60.7204,-2.8345,-9.8272,61.6328,0.4346,0,2.2345
2378,60.7204,-2.8345,-9.8272,61.6328,0.0000,0,2.2345
2379,60.7368,-2.7536,-9.4053,61.5769,0.4299,0,2.1536
2380,60.7368,-2.7536,-9.4053,61.5769,0.0000,0,2.1536
2381,60.7521,-2.6545,-8.9920,61.5234,0.4253,0,2.0545
2382,60.7521,-2.6545,-8.9920,61.5234,0.0000,0,2.0545
2383,60.7659,-2.5509,-8.5854,61.4723,0.4198,0,1.9509
2384,60.7659,-2.5509,-8.5854,61.4723,0.0000,0,1.9509
2385,60.7782,-2.4536,-8.1836,61.4234,0.4136,0,1.8536
2386,60.7782,-2.4536,-8.1836,61.4234,0.0000,0,1.8536
2387,60.7893,-2.3699,-7.7849,61.3768,0.4076,0,1.7699
2388,60.7893,-2.3699,-7.7849,61.3768,0.0000,0,1.7699
2389,60.7992,-2.3041,-7.3878,61.3324,0.4026,0,1.7041
2390,60.7992,-2.3041,-7.3878,61.3324,0.0000,0,1.7041
2391,60.8079,-2.2577,-6.9913,61.2900,0.3992,0,1.6577
2392,60.8079,-2.2577,-6.9913,61.2900,0.0000,0,1.6577
2393,60.8157,-2.2304,-6.5949,61.2499,0.3975,0,1.6304
2394,60.8157,-2.2304,-6.5949,61.2499,0.0000,0,1.6304
2395,60.8226,-2.2200,-6.1980,61.2118,0.3971,0,1.6200
2396,60.8226,-2.2200,-6.1980,61.2118,0.0000,0,1.6200
2397,60.8288,-2.2237,-5.8005,61.1757,0.3976,0,1.6237
2398,60.8288,-2.2237,-5.8005,61.1757,0.0000,0,1.6237
2399,60.8342,-2.2382,-5.4023,61.1418,0.3985,0,1.6382
2400,60.8342,-2.2382,-5.4023,61.1418,0.0000,0,1.6382
2401,60.8384,-2.2832,-5.0038,61.1100,0.4010,0,1.6832
2402,60.8384,-2.2832,-5.0038,61.1100,0.0000,0,1.6832
2403,60.8413,-2.3414,-4.6082,61.0802,0.3999,0,1.7414
2404,60.8413,-2.3414,-4.6082,61.0802,0.0000,0,1.7414
2405,60.8439,-2.3844,-4.2162,61.0525,0.3944,0,1.7844
2406,60.8439,-2.3844,-4.2162,61.0525,0.0000,0,1.7844
2407,60.8461,-2.4124,-3.8279,61.0268,0.3893,0,1.8124
2408,60.8461,-2.4124,-3.8279,61.0268,0.0000,0,1.8124
2409,60.8481,-2.4282,-3.4427,61.0031,0.3856,0,1.8282
2410,60.8481,-2.4282,-3.4427,61.0031,0.0000,0,1.8282
2411,60.8500,-2.4344,-3.0589,60.9816,0.3838,0,1.8344
2412,60.8500,-2.4344,-3.0589,60.9816,0.0000,0,1.8344
2413,60.8519,-2.4327,-2.6751,60.9623,0.3838,0,1.8327
2414,60.8519,-2.4327,-2.6751,60.9623,0.0000,0,1.8327
2415,60.8539,-2.4250,-2.2903,60.9451,0.3850,0,1.8250
2416,60.8539,-2.4250,-2.2903,60.9451,0.0000,0,1.8250
2417,60.8558,-2.4131,-1.9035,60.9303,0.3869,0,1.8131
2418,60.8558,-2.4131,-1.9035,60.9303,0.0000,0,1.8131
2419,60.8562,-2.4483,-1.5167,60.9177,0.3885,0,1.8483
2420,60.8562,-2.4483,-1.5167,60.9177,0.0000,0,1.8483
2421,60.8567,-2.4714,-1.1339,60.9074,0.3835,0,1.8714
2422,60.8567,-2.4714,-1.1339,60.9074,0.0000,0,1.8714
2423,60.8570,-2.4913,-0.7537,60.8993,0.3807,0,1.8913
2424,60.8570,-2.4913,-0.7537,60.8993,0.0000,0,1.8913
2425,60.8574,-2.5102,-0.3747,60.8936,0.3795,0,1.9102
2426,60.8574,-2.5102,-0.3747,60.8936,0.0000,0,1.9102
2427,60.8577,-2.5306,0.0044,60.8904,0.3797,0,1.9306
2428,60.8577,-2.5306,0.0044,60.8904,0.0000,0,1.9306
2429,60.8581,-2.5544,0.3847,60.8896,0.3810,0,1.9544
2430,60.8581,-2.5544,0.3847,60.8896,0.0000,0,1.9544
2431,60.8585,-2.5842,0.7667,60.8914,0.3831,0,1.9842
2432,60.8585,-2.5842,0.7667,60.8914,0.0000,0,1.9842
2433,60.8575,-2.6630,1.1508,60.8959,0.3921,0,2.0630
2434,60.8575,-2.6630,1.1508,60.8959,0.0000,0,2.0630
2435,60.8559,-2.7535,1.5399,60.9029,0.3995,0,2.1535
2436,60.8559,-2.7535,1.5399,60.9029,0.0000,0,2.1535
2437,60.8541,-2.8501,1.9351,60.9126,0.4069,0,2.2501
2438,60.8541,-2.8501,1.9351,60.9126,0.0000,0,2.2501
2439,60.8523,-2.9431,2.3302,60.9249,0.4059,0,2.3431
2440,60.8523,-2.9431,2.3302,60.9249,0.0000,0,2.3431
2441,60.8510,-3.0234,2.7259,60.9399,0.4038,0,2.4234
2442,60.8510,-3.0234,2.7259,60.9399,0.0000,0,2.4234
2443,60.8511,-3.0628,3.1284,60.9576,0.4043,0,2.4628
2444,60.8511,-3.0628,3.1284,60.9576,0.0000,0,2.4628
2445,60.8514,-3.0862,3.5432,60.9781,0.4155,0,2.4862
2446,60.8514,-3.0862,3.5432,60.9781,0.0000,0,2.4862
2447,60.8508,-3.1226,3.9646,61.0016,0.4229,0,2.5226
2448,60.8508,-3.1226,3.9646,61.0016,0.0000,0,2.5226
2449,60.8494,-3.1660,4.3950,61.0279,0.4326,0,2.5660
2450,60.8494,-3.1660,4.3950,61.0279,0.0000,0,2.5660
2451,60.8475,-3.1985,4.8364,61.0572,0.4426,0,2.5985
2452,60.8475,-3.1985,4.8364,61.0572,0.0000,0,2.5985
2453,60.8446,-3.2162,5.2942,61.0892,0.4581,0,2.6162
2454,60.8446,-3.2162,5.2942,61.0892,0.0000,0,2.6162
2455,60.8412,-3.2222,5.7590,61.1244,0.4649,0,2.6222
2456,60.8412,-3.2222,5.7590,61.1244,0.0000,0,2.6222
2457,60.8376,-3.2186,6.2288,61.1628,0.4699,0,2.6186
2458,60.8376,-3.2186,6.2288,61.1628,0.0000,0,2.6186
2459,60.8336,-3.2098,6.7026,61.2046,0.4739,0,2.6098
2460,60.8336,-3.2098,6.7026,61.2046,0.0000,0,2.6098
2461,60.8293,-3.1991,7.1795,61.2501,0.4770,0,2.5991
2462,60.8293,-3.1991,7.1795,61.2501,0.0000,0,2.5991
2463,60.8246,-3.1894,7.6591,61.2992,0.4797,0,2.5894
2464,60.8246,-3.1894,7.6591,61.2992,0.0000,0,2.5894
2465,60.8448,-3.0382,7.9432,61.3469,0.3225,0,2.4382
2466,60.8448,-3.0382,7.9432,61.3469,0.0000,0,2.4382
2467,60.9380,-2.4575,7.6066,61.3791,0.6777,0,1.8575
2468,60.9380,-2.4575,7.6066,61.3791,0.0000,0,1.8575
2469,61.0551,-1.6757,6.8985,61.3988,1.0613,0,1.0757
2470,61.0551,-1.6757,6.8985,61.3988,0.0000,0,1.0757
2471,61.1633,-0.8497,5.9702,61.4079,1.2473,0,0.2497
2472,61.1633,-0.8497,5.9702,61.4079,0.0000,0,0.2497
2473,61.2519,-0.2384,4.8663,61.4083,1.2650,0,0.0000
2474,61.2519,-0.2384,4.8663,61.4083,0.0000,0,0.0000
2475,61.3147,0.1566,3.6607,61.4008,1.2702,0,0.0000
2476,61.3147,0.1566,3.6607,61.4008,0.0000,0,0.0000
2477,61.3450,0.4540,2.4493,61.3850,1.2478,0,0.0000
2478,61.3450,0.4540,2.4493,61.3850,0.0000,0,0.0000
2479,61.3469,0.5248,1.2359,61.3616,1.2154,0,0.0000
2480,61.3469,0.5248,1.2359,61.3616,0.0000,0,0.0000
2481,61.3196,0.5436,0.0586,61.3319,1.1777,0,0.0000
2482,61.3196,0.5436,0.0586,61.3319,0.0000,0,0.0000
2483,61.2664,0.5022,-1.0836,61.2968,1.1442,0,0.0000
2484,61.2664,0.5022,-1.0836,61.2968,0.0000,0,0.0000
2485,61.1899,0.3986,-2.1902,61.2571,1.1141,0,0.0000
2486,61.1899,0.3986,-2.1902,61.2571,0.0000,0,0.0000
2487,61.0923,0.2362,-3.2602,61.2137,1.0866,0,0.0000
2488,61.0923,0.2362,-3.2602,61.2137,0.0000,0,0.0000
2489,60.9760,0.0224,-4.2922,61.1672,1.0604,0,0.0000
2490,60.9760,0.0224,-4.2922,61.1672,0.0000,0,0.0000
2491,60.8429,-0.2329,-5.2851,61.1184,1.0338,0,0.0000
2492,60.8429,-0.2329,-5.2851,61.1184,0.0000,0,0.0000
2493,60.6950,-0.5184,-6.2377,61.0679,1.0054,0,0.0000
2494,60.6950,-0.5184,-6.2377,61.0679,0.0000,0,0.0000
2495,60.5347,-0.8223,-7.1492,61.0165,0.9741,0,0.2223
2496,60.5347,-0.8223,-7.1492,61.0165,0.0000,0,0.2223
2497,60.3641,-1.1334,-8.0190,60.9646,0.9393,0,0.5334
2498,60.3641,-1.1334,-8.0190,60.9646,0.0000,0,0.5334
2499,60.1856,-1.4416,-8.8464,60.9128,0.9009,0,0.8416
2500,60.1856,-1.4416,-8.8464,60.9128,0.0000,0,0.8416
2501,60.0017,-1.7384,-9.6313,60.8617,0.8590,0,1.1384
2502,60.0017,-1.7384,-9.6313,60.8617,0.0000,0,1.1384
2503,59.8150,-2.0172,-10.3732,60.8118,0.8143,0,1.4172
2504,59.8150,-2.0172,-10.3732,60.8118,0.0000,0,1.4172
2505,59.6279,-2.2731,-11.0719,60.7635,0.7672,0,1.6731
2506,59.6279,-2.2731,-11.0719,60.7635,0.0000,0,1.6731
2507,59.4429,-2.5033,-11.7271,60.7172,0.7186,0,1.9033
2508,59.4429,-2.5033,-11.7271,60.7172,0.0000,0,1.9033
2509,59.2622,-2.7063,-12.3384,60.6735,0.6690,0,2.1063
2510,59.2622,-2.7063,-12.3384,60.6735,0.0000,0,2.1063
2511,59.0880,-2.8821,-12.9055,60.6326,0.6187,0,2.2821
2512,59.0880,-2.8821,-12.9055,60.6326,0.0000,0,2.2821
2513,58.9223,-3.0317,-13.4280,60.5949,0.5682,0,2.4317
2514,58.9223,-3.0317,-13.4280,60.5949,0.0000,0,2.4317
2515,58.7669,-3.1568,-13.9055,60.5607,0.5175,0,2.5568
2516,58.7669,-3.1568,-13.9055,60.5607,0.0000,0,2.5568
2517,58.6234,-3.2597,-14.3376,60.5304,0.4668,0,2.6597
2518,58.6234,-3.2597,-14.3376,60.5304,0.0000,0,2.6597
2519,58.4933,-3.3427,-14.7237,60.5042,0.4159,0,2.7427
2520,58.4933,-3.3427,-14.7237,60.5042,0.0000,0,2.7427
2521,58.3780,-3.4081,-15.0636,60.4823,0.3647,0,2.8081
2522,58.3780,-3.4081,-15.0636,60.4823,0.0000,0,2.8081
2523,58.2787,-3.4581,-15.3565,60.4649,0.3134,0,2.8581
2524,58.2787,-3.4581,-15.3565,60.4649,0.0000,0,2.8581
2525,58.1964,-3.4952,-15.6021,60.4523,0.2616,0,2.8952
2526,58.1964,-3.4952,-15.6021,60.4523,0.0000,0,2.8952
2527,58.1342,-3.5154,-15.7881,60.4433,0.1972,0,2.9154
2528,58.1342,-3.5154,-15.7881,60.4433,0.0000,0,2.9154
2529,58.0855,-3.5032,-15.9325,60.4350,0.1529,0,2.9032
2530,58.0855,-3.5032,-15.9325,60.4350,0.0000,0,2.9032
2531,58.0449,-3.4543,-16.0548,60.4269,0.1379,0,2.8543
2532,58.0449,-3.4543,-16.0548,60.4269,0.0000,0,2.8543
2533,58.0084,-3.3708,-16.1664,60.4188,0.1440,0,2.7708
2534,58.0084,-3.3708,-16.1664,60.4188,0.0000,0,2.7708
2535,57.9736,-3.2641,-16.2772,60.4112,0.1577,0,2.6641
2536,57.9736,-3.2641,-16.2772,60.4112,0.0000,0,2.6641
2537,57.9428,-3.1580,-16.3829,60.4065,0.1530,0,2.5580
2538,57.9428,-3.1580,-16.3829,60.4065,0.0000,0,2.5580
2539,57.9169,-3.0475,-16.4702,60.4016,0.1432,0,2.4475
2540,57.9169,-3.0475,-16.4702,60.4016,0.0000,0,2.4475
2541,57.8926,-2.9346,-16.5496,60.3962,0.1401,0,2.3346
2542,57.8926,-2.9346,-16.5496,60.3962,0.0000,0,2.3346
2543,57.8678,-2.8229,-16.6276,60.3902,0.1385,0,2.2229
2544,57.8678,-2.8229,-16.6276,60.3902,0.0000,0,2.2229
2545,57.8408,-2.7165,-16.7081,60.3834,0.1362,0,2.1165
2546,57.8408,-2.7165,-16.7081,60.3834,0.0000,0,2.1165
2547,57.8119,-2.6356,-16.7998,60.3791,0.1257,0,2.0356
2548,57.8119,-2.6356,-16.7998,60.3791,0.0000,0,2.0356
2549,57.7864,-2.5796,-16.8783,60.3754,0.0998,0,1.9796
2550,57.7864,-2.5796,-16.8783,60.3754,0.0000,0,1.9796
2551,57.7624,-2.5397,-16.9478,60.3712,0.0836,0,1.9397
2552,57.7624,-2.5397,-16.9478,60.3712,0.0000,0,1.9397
2553,57.7377,-2.5119,-17.0155,60.3663,0.0773,0,1.9119
2554,57.7377,-2.5119,-17.0155,60.3663,0.0000,0,1.9119
2555,57.7109,-2.4930,-17.0861,60.3606,0.0778,0,1.8930
2556,57.7109,-2.4930,-17.0861,60.3606,0.0000,0,1.8930
2557,57.6811,-2.4813,-17.1622,60.3540,0.0826,0,1.8813
2558,57.6811,-2.4813,-17.1622,60.3540,0.0000,0,1.8813
2559,57.6488,-2.4920,-17.2517,60.3498,0.0958,0,1.8920
2560,57.6488,-2.4920,-17.2517,60.3498,0.0000,0,1.8920
2561,57.6201,-2.5196,-17.3297,60.3461,0.0876,0,1.9196
2562,57.6201,-2.5196,-17.3297,60.3461,0.0000,0,1.9196
2563,57.5929,-2.5520,-17.3994,60.3419,0.0816,0,1.9520
2564,57.5929,-2.5520,-17.3994,60.3419,0.0000,0,1.9520
2565,57.5652,-2.5831,-17.4682,60.3368,0.0804,0,1.9831
2566,57.5652,-2.5831,-17.4682,60.3368,0.0000,0,1.9831
2567,57.5356,-2.6091,-17.5401,60.3310,0.0820,0,2.0091
2568,57.5356,-2.6091,-17.5401,60.3310,0.0000,0,2.0091
2569,57.5033,-2.6282,-17.6179,60.3242,0.0863,0,2.0282
2570,57.5033,-2.6282,-17.6179,60.3242,0.0000,0,2.0282
2571,57.4689,-2.6569,-17.7090,60.3198,0.1016,0,2.0569
2572,57.4689,-2.6569,-17.7090,60.3198,0.0000,0,2.0569
2573,57.4384,-2.6907,-17.7886,60.3160,0.0917,0,2.0907
2574,57.4384,-2.6907,-17.7886,60.3160,0.0000,0,2.0907
2575,57.4099,-2.7194,-17.8601,60.3115,0.0821,0,2.1194
2576,57.4099,-2.7194,-17.8601,60.3115,0.0000,0,2.1194
2577,57.3811,-2.7390,-17.9306,60.3063,0.0786,0,2.1390
2578,57.3811,-2.7390,-17.9306,60.3063,0.0000,0,2.1390
2579,57.3506,-2.7481,-18.0043,60.3002,0.0803,0,2.1481
2580,57.3506,-2.7481,-18.0043,60.3002,0.0000,0,2.1481
2581,57.3175,-2.7470,-18.0836,60.2931,0.0860,0,2.1470
2582,57.3175,-2.7470,-18.0836,60.2931,0.0000,0,2.1470
2583,57.2812,-2.7371,-18.1702,60.2850,0.0944,0,2.1371
2584,57.2812,-2.7371,-18.1702,60.2850,0.0000,0,2.1371
2585,57.2413,-2.7206,-18.2648,60.2758,0.1040,0,2.1206
2586,57.2413,-2.7206,-18.2648,60.2758,0.0000,0,2.1206
2587,57.1973,-2.6998,-18.3680,60.2656,0.1141,0,2.0998
2588,57.1973,-2.6998,-18.3680,60.2656,0.0000,0,2.0998
2589,57.1491,-2.6773,-18.4800,60.2543,0.1241,0,2.0773
2590,57.1491,-2.6773,-18.4800,60.2543,0.0000,0,2.0773
2591,57.0963,-2.6554,-18.6012,60.2418,0.1339,0,2.0554
2592,57.0963,-2.6554,-18.6012,60.2418,0.0000,0,2.0554
2593,57.0389,-2.6360,-18.7314,60.2281,0.1437,0,2.0360
2594,57.0389,-2.6360,-18.7314,60.2281,0.0000,0,2.0360
2595,56.9766,-2.6207,-18.8709,60.2133,0.1535,0,2.0207
2596,56.9766,-2.6207,-18.8709,60.2133,0.0000,0,2.0207
2597,56.9092,-2.6106,-19.0196,60.1973,0.1635,0,2.0106
2598,56.9092,-2.6106,-19.0196,60.1973,0.0000,0,2.0106
2599,56.8373,-2.6042,-19.1762,60.1801,0.1725,0,2.0042
2600,56.8373,-2.6042,-19.1762,60.1801,0.0000,0,2.0042
2601,56.7621,-2.5853,-19.3379,60.1616,0.1793,0,1.9853
2602,56.7621,-2.5853,-19.3379,60.1616,0.0000,0,1.9853
2603,56.6833,-2.5515,-19.5061,60.1419,0.1888,0,1.9515
2604,56.6833,-2.5515,-19.5061,60.1419,0.0000,0,1.9515
2605,56.6005,-2.5046,-19.6816,60.1210,0.1997,0,1.9046
2606,56.6005,-2.5046,-19.6816,60.1210,0.0000,0,1.9046
2607,56.5132,-2.4463,-19.8649,60.0990,0.2112,0,1.8463
2608,56.5132,-2.4463,-19.8649,60.0990,0.0000,0,1.8463
2609,56.4214,-2.3789,-20.0561,60.0757,0.2226,0,1.7789
2610,56.4214,-2.3789,-20.0561,60.0757,0.0000,0,1.7789
2611,56.3247,-2.3043,-20.2552,60.0513,0.2336,0,1.7043
2612,56.3247,-2.3043,-20.2552,60.0513,0.0000,0,1.7043
2613,56.2230,-2.2244,-20.4621,60.0256,0.2440,0,1.6244
2614,56.2230,-2.2244,-20.4621,60.0256,0.0000,0,1.6244
2615,56.1161,-2.1410,-20.6767,59.9987,0.2538,0,1.5410
2616,56.1161,-2.1410,-20.6767,59.9987,0.0000,0,1.5410
2617,56.0040,-2.0555,-20.8988,59.9706,0.2631,0,1.4555
2618,56.0040,-2.0555,-20.8988,59.9706,0.0000,0,1.4555
2619,55.8865,-1.9690,-21.1284,59.9413,0.2720,0,1.3690
2620,55.8865,-1.9690,-21.1284,59.9413,0.0000,0,1.3690
2621,55.7635,-1.8824,-21.3653,59.9108,0.2806,0,1.2824
2622,55.7635,-1.8824,-21.3653,59.9108,0.0000,0,1.2824
2623,55.6348,-1.7963,-21.6093,59.8790,0.2890,0,1.1963
2624,55.6348,-1.7963,-21.6093,59.8790,0.0000,0,1.1963
2625,55.5005,-1.7110,-21.8604,59.8459,0.2973,0,1.1110
2626,55.5005,-1.7110,-21.8604,59.8459,0.0000,0,1.1110
2627,55.3604,-1.6266,-22.1184,59.8115,0.3054,0,1.0266
2628,55.3604,-1.6266,-22.1184,59.8115,0.0000,0,1.0266
2629,55.2143,-1.5433,-22.3831,59.7758,0.3136,0,0.9433
2630,55.2143,-1.5433,-22.3831,59.7758,0.0000,0,0.9433
2631,55.0623,-1.4607,-22.6544,59.7388,0.3218,0,0.8607
2632,55.0623,-1.4607,-22.6544,59.7388,0.0000,0,0.8607
2633,54.9042,-1.3788,-22.9322,59.7004,0.3300,0,0.7788
2634,54.9042,-1.3788,-22.9322,59.7004,0.0000,0,0.7788
2635,54.7399,-1.2973,-23.2163,59.6607,0.3382,0,0.6973
2636,54.7399,-1.2973,-23.2163,59.6607,0.0000,0,0.6973
2637,54.5693,-1.2158,-23.5065,59.6196,0.3464,0,0.6158
2638,54.5693,-1.2158,-23.5065,59.6196,0.0000,0,0.6158
2639,54.3923,-1.1342,-23.8027,59.5771,0.3546,0,0.5342
2640,54.3923,-1.1342,-23.8027,59.5771,0.0000,0,0.5342
2641,54.2088,-1.0523,-24.1049,59.5332,0.3628,0,0.4523
2642,54.2088,-1.0523,-24.1049,59.5332,0.0000,0,0.4523
2643,54.0188,-0.9699,-24.4127,59.4878,0.3710,0,0.3699
2644,54.0188,-0.9699,-24.4127,59.4878,0.0000,0,0.3699
2645,53.8220,-0.8870,-24.7259,59.4410,0.3792,0,0.2870
2646,53.8220,-0.8870,-24.7259,59.4410,0.0000,0,0.2870
2647,53.6184,-0.8034,-25.0446,59.3928,0.3873,0,0.2034
2648,53.6184,-0.8034,-25.0446,59.3928,0.0000,0,0.2034
2649,53.4079,-0.7191,-25.3684,59.3430,0.3953,0,0.1191
2650,53.4079,-0.7191,-25.3684,59.3430,0.0000,0,0.1191
2651,53.1903,-0.6344,-25.6973,59.2917,0.4033,0,0.0344
2652,53.1903,-0.6344,-25.6973,59.2917,0.0000,0,0.0344
2653,52.9660,-0.5501,-26.0300,59.2388,0.4100,0,0.0000
2654,52.9660,-0.5501,-26.0300,59.2388,0.0000,0,0.0000
2655,52.7358,-0.4784,-26.3644,59.1843,0.4122,0,0.0000
2656,52.7358,-0.4784,-26.3644,59.1843,0.0000,0,0.0000
2657,52.4995,-0.4249,-26.7012,59.1281,0.4149,0,0.0000
2658,52.4995,-0.4249,-26.7012,59.1281,0.0000,0,0.0000
2659,52.2568,-0.3909,-27.0410,59.0704,0.4189,0,0.0000
2660,52.2568,-0.3909,-27.0410,59.0704,0.0000,0,0.0000
2661,52.0074,-0.3758,-27.3837,59.0112,0.4242,0,0.0000
2662,52.0074,-0.3758,-27.3837,59.0112,0.0000,0,0.0000
2663,51.7511,-0.3775,-27.7296,58.9503,0.4304,0,0.0000
2664,51.7511,-0.3775,-27.7296,58.9503,0.0000,0,0.0000
2665,51.4880,-0.3931,-28.0784,58.8879,0.4373,0,0.0000
2666,51.4880,-0.3931,-28.0784,58.8879,0.0000,0,0.0000
2667,51.2177,-0.4190,-28.4303,58.8239,0.4445,0,0.0000
2668,51.2177,-0.4190,-28.4303,58.8239,0.0000,0,0.0000
2669,50.9401,-0.4514,-28.7850,58.7582,0.4516,0,0.0000
2670,50.9401,-0.4514,-28.7850,58.7582,0.0000,0,0.0000
2671,50.6551,-0.4868,-29.1425,58.6910,0.4585,0,0.0000
2672,50.6551,-0.4868,-29.1425,58.6910,0.0000,0,0.0000
2673,50.3626,-0.5220,-29.5025,58.6221,0.4652,0,0.0000
2674,50.3626,-0.5220,-29.5025,58.6221,0.0000,0,0.0000
2675,50.0625,-0.5542,-29.8649,58.5515,0.4717,0,0.0000
2676,50.0625,-0.5542,-29.8649,58.5515,0.0000,0,0.0000
2677,49.7545,-0.5816,-30.2296,58.4792,0.4781,0,0.0000
2678,49.7545,-0.5816,-30.2296,58.4792,0.0000,0,0.0000
2679,49.4388,-0.6028,-30.5963,58.4053,0.4844,0,0.0028
2680,49.4388,-0.6028,-30.5963,58.4053,0.0000,0,0.0028
2681,49.1151,-0.6172,-30.9649,58.3295,0.4907,0,0.0172
2682,49.1151,-0.6172,-30.9649,58.3295,0.0000,0,0.0172
2683,48.7835,-0.6247,-31.3351,58.2521,0.4972,0,0.0247
2684,48.7835,-0.6247,-31.3351,58.2521,0.0000,0,0.0247
2685,48.4437,-0.6258,-31.7069,58.1728,0.5037,0,0.0258
2686,48.4437,-0.6258,-31.7069,58.1728,0.0000,0,0.0258
2687,48.0956,-0.6213,-32.0799,58.0917,0.5102,0,0.0213
2688,48.0956,-0.6213,-32.0799,58.0917,0.0000,0,0.0213
2689,47.7393,-0.6122,-32.4540,58.0087,0.5168,0,0.0122
2690,47.7393,-0.6122,-32.4540,58.0087,0.0000,0,0.0122
2691,47.3746,-0.5997,-32.8291,57.9239,0.5233,0,0.0000
2692,47.3746,-0.5997,-32.8291,57.9239,0.0000,0,0.0000
2693,47.0014,-0.5849,-33.2048,57.8372,0.5298,0,0.0000
2694,47.0014,-0.5849,-33.2048,57.8372,0.0000,0,0.0000
2695,46.6195,-0.5690,-33.5810,57.7486,0.5363,0,0.0000
2696,46.6195,-0.5690,-33.5810,57.7486,0.0000,0,0.0000
2697,46.2290,-0.5530,-33.9575,57.6580,0.5427,0,0.0000
2698,46.2290,-0.5530,-33.9575,57.6580,0.0000,0,0.0000
2699,45.8297,-0.5376,-34.3341,57.5655,0.5491,0,0.0000
2700,45.8297,-0.5376,-34.3341,57.5655,0.0000,0,0.0000
2701,45.4216,-0.5235,-34.7106,57.4709,0.5554,0,0.0000
2702,45.4216,-0.5235,-34.7106,57.4709,0.0000,0,0.0000
2703,45.0045,-0.5110,-35.0867,57.3744,0.5618,0,0.0000
2704,45.0045,-0.5110,-35.0867,57.3744,0.0000,0,0.0000
2705,44.5783,-0.5005,-35.4622,57.2758,0.5681,0,0.0000
2706,44.5783,-0.5005,-35.4622,57.2758,0.0000,0,0.0000
2707,44.1431,-0.4918,-35.8369,57.1751,0.5744,0,0.0000
2708,44.1431,-0.4918,-35.8369,57.1751,0.0000,0,0.0000
2709,43.6986,-0.4850,-36.2106,57.0724,0.5807,0,0.0000
2710,43.6986,-0.4850,-36.2106,57.0724,0.0000,0,0.0000
2711,43.2456,-0.4804,-36.5823,56.9675,0.5860,0,0.0000
2712,43.2456,-0.4804,-36.5823,56.9675,0.0000,0,0.0000
2713,42.7851,-0.4784,-36.9504,56.8605,0.5895,0,0.0000
2714,42.7851,-0.4784,-36.9504,56.8605,0.0000,0,0.0000
2715,42.3181,-0.4792,-37.3137,56.7513,0.5917,0,0.0000
2716,42.3181,-0.4792,-37.3137,56.7513,0.0000,0,0.0000
2717,41.8451,-0.4826,-37.6716,56.6400,0.5931,0,0.0000
2718,41.8451,-0.4826,-37.6716,56.6400,0.0000,0,0.0000
2719,41.3665,-0.4880,-38.0234,56.5266,0.5940,0,0.0000
2720,41.3665,-0.4880,-38.0234,56.5266,0.0000,0,0.0000
2721,40.8828,-0.4950,-38.3688,56.4110,0.5944,0,0.0000
2722,40.8828,-0.4950,-38.3688,56.4110,0.0000,0,0.0000
2723,40.3941,-0.5027,-38.7075,56.2932,0.5947,0,0.0000
2724,40.3941,-0.5027,-38.7075,56.2932,0.0000,0,0.0000
2725,39.9006,-0.5107,-39.0393,56.1731,0.5947,0,0.0000
2726,39.9006,-0.5107,-39.0393,56.1731,0.0000,0,0.0000
2727,39.4026,-0.5185,-39.3639,56.0509,0.5945,0,0.0000
2728,39.4026,-0.5185,-39.3639,56.0509,0.0000,0,0.0000
2729,38.9002,-0.5255,-39.6813,55.9265,0.5943,0,0.0000
2730,38.9002,-0.5255,-39.6813,55.9265,0.0000,0,0.0000
2731,38.3935,-0.5315,-39.9913,55.7997,0.5940,0,0.0000
2732,38.3935,-0.5315,-39.9913,55.7997,0.0000,0,0.0000
2733,37.8828,-0.5363,-40.2936,55.6707,0.5936,0,0.0000
2734,37.8828,-0.5363,-40.2936,55.6707,0.0000,0,0.0000
2735,37.3681,-0.5399,-40.5883,55.5395,0.5931,0,0.0000
2736,37.3681,-0.5399,-40.5883,55.5395,0.0000,0,0.0000
2737,36.8496,-0.5423,-40.8753,55.4059,0.5926,0,0.0000
2738,36.8496,-0.5423,-40.8753,55.4059,0.0000,0,0.0000
2739,36.3275,-0.5436,-41.1543,55.2700,0.5920,0,0.0000
2740,36.3275,-0.5436,-41.1543,55.2700,0.0000,0,0.0000
2741,35.8018,-0.5441,-41.4253,55.1317,0.5914,0,0.0000
2742,35.8018,-0.5441,-41.4253,55.1317,0.0000,0,0.0000
2743,35.2727,-0.5439,-41.6884,54.9911,0.5908,0,0.0000
2744,35.2727,-0.5439,-41.6884,54.9911,0.0000,0,0.0000
2745,34.7404,-0.5432,-41.9432,54.8482,0.5902,0,0.0000
2746,34.7404,-0.5432,-41.9432,54.8482,0.0000,0,0.0000
2747,34.2049,-0.5423,-42.1898,54.7028,0.5895,0,0.0000
2748,34.2049,-0.5423,-42.1898,54.7028,0.0000,0,0.0000
2749,33.6664,-0.5413,-42.4282,54.5551,0.5889,0,0.0000
2750,33.6664,-0.5413,-42.4282,54.5551,0.0000,0,0.0000
2751,33.1250,-0.5406,-42.6582,54.4050,0.5882,0,0.0000
2752,33.1250,-0.5406,-42.6582,54.4050,0.0000,0,0.0000
2753,32.5809,-0.5400,-42.8798,54.2524,0.5875,0,0.0000
2754,32.5809,-0.5400,-42.8798,54.2524,0.0000,0,0.0000
2755,32.0341,-0.5399,-43.0929,54.0974,0.5869,0,0.0000
2756,32.0341,-0.5399,-43.0929,54.0974,0.0000,0,0.0000
2757,31.4848,-0.5401,-43.2976,53.9400,0.5862,0,0.0000
2758,31.4848,-0.5401,-43.2976,53.9400,0.0000,0,0.0000
2759,30.9330,-0.5409,-43.4937,53.7801,0.5856,0,0.0000
2760,30.9330,-0.5409,-43.4937,53.7801,0.0000,0,0.0000
2761,30.3789,-0.5421,-43.6813,53.6178,0.5850,0,0.0000
2762,30.3789,-0.5421,-43.6813,53.6178,0.0000,0,0.0000
2763,29.8226,-0.5437,-43.8603,53.4530,0.5844,0,0.0000
2764,29.8226,-0.5437,-43.8603,53.4530,0.0000,0,0.0000
2765,29.2641,-0.5457,-44.0306,53.2857,0.5839,0,0.0000
2766,29.2641,-0.5457,-44.0306,53.2857,0.0000,0,0.0000
2767,28.7036,-0.5481,-44.1923,53.1159,0.5834,0,0.0000
2768,28.7036,-0.5481,-44.1923,53.1159,0.0000,0,0.0000
2769,28.1411,-0.5508,-44.3454,52.9437,0.5830,0,0.0000
2770,28.1411,-0.5508,-44.3454,52.9437,0.0000,0,0.0000
2771,27.5767,-0.5537,-44.4898,52.7689,0.5826,0,0.0000
2772,27.5767,-0.5537,-44.4898,52.7689,0.0000,0,0.0000
2773,27.0104,-0.5568,-44.6256,52.5917,0.5823,0,0.0000
2774,27.0104,-0.5568,-44.6256,52.5917,0.0000,0,0.0000
2775,26.4423,-0.5600,-44.7527,52.4119,0.5821,0,0.0000
2776,26.4423,-0.5600,-44.7527,52.4119,0.0000,0,0.0000
2777,25.8725,-0.5634,-44.8712,52.2296,0.5820,0,0.0000
2778,25.8725,-0.5634,-44.8712,52.2296,0.0000,0,0.0000
2779,25.3010,-0.5669,-44.9810,52.0448,0.5820,0,0.0000
2780,25.3010,-0.5669,-44.9810,52.0448,0.0000,0,0.0000
2781,24.7278,-0.5704,-45.0822,51.8575,0.5821,0,0.0000
2782,24.7278,-0.5704,-45.0822,51.8575,0.0000,0,0.0000
2783,24.1530,-0.5740,-45.1747,51.6677,0.5823,0,0.0000
2784,24.1530,-0.5740,-45.1747,51.6677,0.0000,0,0.0000
2785,23.5765,-0.5777,-45.2587,51.4753,0.5826,0,0.0000
2786,23.5765,-0.5777,-45.2587,51.4753,0.0000,0,0.0000
2787,22.9983,-0.5814,-45.3340,51.2804,0.5830,0,0.0000
2788,22.9983,-0.5814,-45.3340,51.2804,0.0000,0,0.0000
2789,22.4186,-0.5853,-45.4008,51.0830,0.5836,0,0.0000
2790,22.4186,-0.5853,-45.4008,51.0830,0.0000,0,0.0000
2791,21.8371,-0.5892,-45.4590,50.8831,0.5844,0,0.0000
2792,21.8371,-0.5892,-45.4590,50.8831,0.0000,0,0.0000
2793,21.2538,-0.5932,-45.5088,50.6807,0.5854,0,0.0000
2794,21.2538,-0.5932,-45.5088,50.6807,0.0000,0,0.0000
2795,20.6688,-0.5973,-45.5500,50.4757,0.5865,0,0.0000
2796,20.6688,-0.5973,-45.5500,50.4757,0.0000,0,0.0000
2797,20.0819,-0.6016,-45.5828,50.2683,0.5878,0,0.0016
2798,20.0819,-0.6016,-45.5828,50.2683,0.0000,0,0.0016
2799,19.4930,-0.6060,-45.6071,50.0584,0.5894,0,0.0060
2800,19.4930,-0.6060,-45.6071,50.0584,0.0000,0,0.0060
2801,18.9021,-0.6105,-45.6230,49.8460,0.5912,0,0.0105
2802,18.9021,-0.6105,-45.6230,49.8460,0.0000,0,0.0105
2803,18.3090,-0.6153,-45.6305,49.6311,0.5932,0,0.0153
2804,18.3090,-0.6153,-45.6305,49.6311,0.0000,0,0.0153
2805,17.7135,-0.6202,-45.6297,49.4137,0.5955,0,0.0202
2806,17.7135,-0.6202,-45.6297,49.4137,0.0000,0,0.0202
2807,17.1155,-0.6252,-45.6205,49.1939,0.5981,0,0.0252
2808,17.1155,-0.6252,-45.6205,49.1939,0.0000,0,0.0252
2809,16.5147,-0.6305,-45.6030,48.9717,0.6010,0,0.0305
2810,16.5147,-0.6305,-45.6030,48.9717,0.0000,0,0.0305
2811,15.9110,-0.6360,-45.5772,48.7470,0.6043,0,0.0360
2812,15.9110,-0.6360,-45.5772,48.7470,0.0000,0,0.0360
2813,15.3040,-0.6418,-45.5432,48.5200,0.6079,0,0.0418
2814,15.3040,-0.6418,-45.5432,48.5200,0.0000,0,0.0418
2815,14.6936,-0.6477,-45.5008,48.2906,0.6120,0,0.0477
2816,14.6936,-0.6477,-45.5008,48.2906,0.0000,0,0.0477
2817,14.0940,-0.6559,-45.4456,48.0587,0.6022,0,0.0559
2818,14.0940,-0.6559,-45.4456,48.0587,0.0000,0,0.0559
2819,13.5384,-0.6701,-45.3679,47.8243,0.5612,0,0.0701
2820,13.5384,-0.6701,-45.3679,47.8243,0.0000,0,0.0701
2821,13.0112,-0.6873,-45.2739,47.5872,0.5358,0,0.0873
2822,13.0112,-0.6873,-45.2739,47.5872,0.0000,0,0.0873
2823,12.5028,-0.7053,-45.1670,47.3477,0.5198,0,0.1053
2824,12.5028,-0.7053,-45.1670,47.3477,0.0000,0,0.1053
2825,12.0073,-0.7224,-45.0495,47.1057,0.5095,0,0.1224
2826,12.0073,-0.7224,-45.0495,47.1057,0.0000,0,0.1224
2827,11.5213,-0.7376,-44.9226,46.8612,0.5025,0,0.1376
2828,11.5213,-0.7376,-44.9226,46.8612,0.0000,0,0.1376
2829,11.0425,-0.7503,-44.7871,46.6142,0.4977,0,0.1503
2830,11.0425,-0.7503,-44.7871,46.6142,0.0000,0,0.1503
2831,10.5698,-0.7603,-44.6436,46.3648,0.4942,0,0.1603
2832,10.5698,-0.7603,-44.6436,46.3648,0.0000,0,0.1603
2833,10.1021,-0.7677,-44.4924,46.1129,0.4915,0,0.1677
2834,10.1021,-0.7677,-44.4924,46.1129,0.0000,0,0.1677
2835,9.6391,-0.7727,-44.3338,45.8586,0.4894,0,0.1727
2836,9.6391,-0.7727,-44.3338,45.8586,0.0000,0,0.1727
2837,9.1805,-0.7759,-44.1679,45.6019,0.4877,0,0.1759
2838,9.1805,-0.7759,-44.1679,45.6019,0.0000,0,0.1759
2839,8.7260,-0.7778,-43.9949,45.3428,0.4863,0,0.1778
2840,8.7260,-0.7778,-43.9949,45.3428,0.0000,0,0.1778
2841,8.2754,-0.7789,-43.8148,45.0812,0.4852,0,0.1789
2842,8.2754,-0.7789,-43.8148,45.0812,0.0000,0,0.1789
2843,7.8287,-0.7797,-43.6279,44.8173,0.4842,0,0.1797
2844,7.8287,-0.7797,-43.6279,44.8173,0.0000,0,0.1797
2845,7.3858,-0.7807,-43.4342,44.5510,0.4834,0,0.1807
2846,7.3858,-0.7807,-43.4342,44.5510,0.0000,0,0.1807
2847,6.9465,-0.7822,-43.2338,44.2824,0.4828,0,0.1822
2848,6.9465,-0.7822,-43.2338,44.2824,0.0000,0,0.1822
2849,6.5108,-0.7843,-43.0268,44.0114,0.4824,0,0.1843
2850,6.5108,-0.7843,-43.0268,44.0114,0.0000,0,0.1843
2851,6.0785,-0.7872,-42.8133,43.7381,0.4821,0,0.1872
2852,6.0785,-0.7872,-42.8133,43.7381,0.0000,0,0.1872
2853,5.6496,-0.7909,-42.5933,43.4625,0.4821,0,0.1909
2854,5.6496,-0.7909,-42.5933,43.4625,0.0000,0,0.1909
2855,5.2239,-0.7954,-42.3670,43.1846,0.4822,0,0.1954
2856,5.2239,-0.7954,-42.3670,43.1846,0.0000,0,0.1954
2857,4.8012,-0.8006,-42.1345,42.9044,0.4824,0,0.2006
2858,4.8012,-0.8006,-42.1345,42.9044,0.0000,0,0.2006
2859,4.3815,-0.8063,-41.8957,42.6220,0.4829,0,0.2063
2860,4.3815,-0.8063,-41.8957,42.6220,0.0000,0,0.2063
2861,3.9645,-0.8125,-41.6508,42.3374,0.4836,0,0.2125
2862,3.9645,-0.8125,-41.6508,42.3374,0.0000,0,0.2125
2863,3.5501,-0.8189,-41.3999,42.0506,0.4845,0,0.2189
2864,3.5501,-0.8189,-41.3999,42.0506,0.0000,0,0.2189
2865,3.1381,-0.8256,-41.1429,41.7616,0.4856,0,0.2256
2866,3.1381,-0.8256,-41.1429,41.7616,0.0000,0,0.2256
2867,2.7283,-0.8323,-40.8799,41.4704,0.4869,0,0.2323
2868,2.7283,-0.8323,-40.8799,41.4704,0.0000,0,0.2323
2869,2.3205,-0.8391,-40.6110,41.1771,0.4885,0,0.2391
2870,2.3205,-0.8391,-40.6110,41.1771,0.0000,0,0.2391
2871,1.9145,-0.8459,-40.3362,40.8818,0.4903,0,0.2459
2872,1.9145,-0.8459,-40.3362,40.8818,0.0000,0,0.2459
2873,1.5099,-0.8526,-40.0555,40.5844,0.4924,0,0.2526
2874,1.5099,-0.8526,-40.0555,40.5844,0.0000,0,0.2526
2875,1.1066,-0.8594,-39.7690,40.2850,0.4948,0,0.2594
2876,1.1066,-0.8594,-39.7690,40.2850,0.0000,0,0.2594
2877,0.7041,-0.8662,-39.4765,39.9836,0.4975,0,0.2662
2878,0.7041,-0.8662,-39.4765,39.9836,0.0000,0,0.2662
2879,0.3022,-0.8731,-39.1782,39.6803,0.5006,0,0.2731
2880,0.3022,-0.8731,-39.1782,39.6803,0.0000,0,0.2731
2881,-0.0996,-0.8801,-38.8740,39.3751,0.5040,0,0.2801
2882,-0.0996,-0.8801,-38.8740,39.3751,0.0000,0,0.2801
2883,-0.5016,-0.8874,-38.5638,39.0681,0.5078,0,0.2874
2884,-0.5016,-0.8874,-38.5638,39.0681,0.0000,0,0.2874
2885,-0.8605,-0.8929,-38.2484,38.7590,0.4779,0,0.2929
2886,-0.8605,-0.8929,-38.2484,38.7590,0.0000,0,0.2929
2887,-1.0835,-0.8917,-37.9308,38.4472,0.3880,0,0.2917
2888,-1.0835,-0.8917,-37.9308,38.4472,0.0000,0,0.2917
2889,-1.2248,-0.8860,-37.6119,38.1327,0.3489,0,0.2860
2890,-1.2248,-0.8860,-37.6119,38.1327,0.0000,0,0.2860
2891,-1.3171,-0.8779,-37.2915,37.8154,0.3336,0,0.2779
2892,-1.3171,-0.8779,-37.2915,37.8154,0.0000,0,0.2779
2893,-1.3799,-0.8694,-36.9692,37.4956,0.3284,0,0.2694
2894,-1.3799,-0.8694,-36.9692,37.4956,0.0000,0,0.2694
2895,-1.4249,-0.8616,-36.6449,37.1731,0.3275,0,0.2616
2896,-1.4249,-0.8616,-36.6449,37.1731,0.0000,0,0.2616
2897,-1.4591,-0.8554,-36.3183,36.8481,0.3284,0,0.2554
2898,-1.4591,-0.8554,-36.3183,36.8481,0.0000,0,0.2554
2899,-1.4866,-0.8511,-35.9893,36.5204,0.3302,0,0.2511
2900,-1.4866,-0.8511,-35.9893,36.5204,0.0000,0,0.2511
2901,-1.5100,-0.8489,-35.6579,36.1902,0.3323,0,0.2489
2902,-1.5100,-0.8489,-35.6579,36.1902,0.0000,0,0.2489
2903,-1.5307,-0.8484,-35.3239,35.8574,0.3346,0,0.2484
2904,-1.5307,-0.8484,-35.3239,35.8574,0.0000,0,0.2484
2905,-1.5497,-0.8496,-34.9874,35.5221,0.3370,0,0.2496
2906,-1.5497,-0.8496,-34.9874,35.5221,0.0000,0,0.2496
2907,-1.5674,-0.8519,-34.6484,35.1842,0.3395,0,0.2519
2908,-1.5674,-0.8519,-34.6484,35.1842,0.0000,0,0.2519
2909,-1.5843,-0.8550,-34.3069,34.8438,0.3420,0,0.2550
2910,-1.5843,-0.8550,-34.3069,34.8438,0.0000,0,0.2550
2911,-1.6004,-0.8586,-33.9628,34.5009,0.3445,0,0.2586
2912,-1.6004,-0.8586,-33.9628,34.5009,0.0000,0,0.2586
2913,-1.6159,-0.8624,-33.6162,34.1554,0.3470,0,0.2624
2914,-1.6159,-0.8624,-33.6162,34.1554,0.0000,0,0.2624
2915,-1.6309,-0.8661,-33.2671,33.8075,0.3495,0,0.2661
2916,-1.6309,-0.8661,-33.2671,33.8075,0.0000,0,0.2661
2917,-1.6454,-0.8697,-32.9155,33.4570,0.3519,0,0.2697
2918,-1.6454,-0.8697,-32.9155,33.4570,0.0000,0,0.2697
2919,-1.6597,-0.8728,-32.5613,33.1041,0.3544,0,0.2728
2920,-1.6597,-0.8728,-32.5613,33.1041,0.0000,0,0.2728
2921,-1.6736,-0.8756,-32.2047,32.7486,0.3569,0,0.2756
2922,-1.6736,-0.8756,-32.2047,32.7486,0.0000,0,0.2756
2923,-1.6872,-0.8779,-31.8456,32.3907,0.3594,0,0.2779
2924,-1.6872,-0.8779,-31.8456,32.3907,0.0000,0,0.2779
2925,-1.7005,-0.8798,-31.4840,32.0304,0.3619,0,0.2798
2926,-1.7005,-0.8798,-31.4840,32.0304,0.0000,0,0.2798
2927,-1.7137,-0.8814,-31.1199,31.6676,0.3643,0,0.2814
2928,-1.7137,-0.8814,-31.1199,31.6676,0.0000,0,0.2814
2929,-1.7267,-0.8826,-30.7534,31.3023,0.3668,0,0.2826
2930,-1.7267,-0.8826,-30.7534,31.3023,0.0000,0,0.2826
2931,-1.7395,-0.8835,-30.3843,30.9346,0.3692,0,0.2835
2932,-1.7395,-0.8835,-30.3843,30.9346,0.0000,0,0.2835
2933,-1.7522,-0.8843,-30.0129,30.5645,0.3717,0,0.2843
2934,-1.7522,-0.8843,-30.0129,30.5645,0.0000,0,0.2843
2935,-1.7647,-0.8849,-29.6390,30.1919,0.3741,0,0.2849
2936,-1.7647,-0.8849,-29.6390,30.1919,0.0000,0,0.2849
2937,-1.7772,-0.8855,-29.2626,29.8170,0.3766,0,0.2855
2938,-1.7772,-0.8855,-29.2626,29.8170,0.0000,0,0.2855
2939,-1.7895,-0.8861,-28.8838,29.4396,0.3790,0,0.2861
2940,-1.7895,-0.8861,-28.8838,29.4396,0.0000,0,0.2861
2941,-1.8017,-0.8867,-28.5026,29.0599,0.3814,0,0.2867
2942,-1.8017,-0.8867,-28.5026,29.0599,0.0000,0,0.2867
2943,-1.8139,-0.8874,-28.1189,28.6778,0.3838,0,0.2874
2944,-1.8139,-0.8874,-28.1189,28.6778,0.0000,0,0.2874
2945,-1.8260,-0.8883,-27.7329,28.2933,0.3863,0,0.2883
2946,-1.8260,-0.8883,-27.7329,28.2933,0.0000,0,0.2883
2947,-1.8380,-0.8892,-27.3444,27.9065,0.3887,0,0.2892
2948,-1.8380,-0.8892,-27.3444,27.9065,0.0000,0,0.2892
2949,-1.8499,-0.8902,-26.9535,27.5173,0.3911,0,0.2902
2950,-1.8499,-0.8902,-26.9535,27.5173,0.0000,0,0.2902
2951,-1.8619,-0.8914,-26.5602,27.1258,0.3935,0,0.2914
2952,-1.8619,-0.8914,-26.5602,27.1258,0.0000,0,0.2914
2953,-1.8738,-0.8927,-26.1646,26.7319,0.3958,0,0.2927
2954,-1.8738,-0.8927,-26.1646,26.7319,0.0000,0,0.2927
2955,-1.8500,-0.8927,-25.7692,26.3359,0.3961,0,0.2927
2956,-1.8500,-0.8927,-25.7692,26.3359,0.0000,0,0.2927
2957,-1.7959,-0.8918,-25.3737,25.9376,0.3992,0,0.2918
2958,-1.7959,-0.8918,-25.3737,25.9376,0.0000,0,0.2918
2959,-1.7248,-0.8907,-24.9772,25.5371,0.4029,0,0.2907
2960,-1.7248,-0.8907,-24.9772,25.5371,0.0000,0,0.2907
2961,-1.6446,-0.8898,-24.5789,25.1344,0.4062,0,0.2898
2962,-1.6446,-0.8898,-24.5789,25.1344,0.0000,0,0.2898
2963,-1.5602,-0.8895,-24.1786,24.7295,0.4091,0,0.2895
2964,-1.5602,-0.8895,-24.1786,24.7295,0.0000,0,0.2895
2965,-1.4742,-0.8897,-23.7760,24.3224,0.4117,0,0.2897
2966,-1.4742,-0.8897,-23.7760,24.3224,0.0000,0,0.2897
2967,-1.3883,-0.8906,-23.3710,23.9131,0.4140,0,0.2906
2968,-1.3883,-0.8906,-23.3710,23.9131,0.0000,0,0.2906
2969,-1.3035,-0.8921,-22.9636,23.5016,0.4161,0,0.2921
2970,-1.3035,-0.8921,-22.9636,23.5016,0.0000,0,0.2921
2971,-1.2201,-0.8940,-22.5538,23.0879,0.4182,0,0.2940
2972,-1.2201,-0.8940,-22.5538,23.0879,0.0000,0,0.2940
2973,-1.1386,-0.8963,-22.1415,22.6720,0.4203,0,0.2963
2974,-1.1386,-0.8963,-22.1415,22.6720,0.0000,0,0.2963
2975,-1.0591,-0.8987,-21.7267,22.2539,0.4223,0,0.2987
2976,-1.0591,-0.8987,-21.7267,22.2539,0.0000,0,0.2987
2977,-0.9815,-0.9013,-21.3095,21.8337,0.4243,0,0.3013
2978,-0.9815,-0.9013,-21.3095,21.8337,0.0000,0,0.3013
2979,-0.9059,-0.9039,-20.8899,21.4112,0.4264,0,0.3039
2980,-0.9059,-0.9039,-20.8899,21.4112,0.0000,0,0.3039
2981,-0.8323,-0.9065,-20.4679,20.9867,0.4284,0,0.3065
2982,-0.8323,-0.9065,-20.4679,20.9867,0.0000,0,0.3065
2983,-0.7605,-0.9089,-20.0435,20.5599,0.4304,0,0.3089
2984,-0.7605,-0.9089,-20.0435,20.5599,0.0000,0,0.3089
2985,-0.6907,-0.9112,-19.6168,20.1310,0.4324,0,0.3112
2986,-0.6907,-0.9112,-19.6168,20.1310,0.0000,0,0.3112
2987,-0.6227,-0.9133,-19.1877,19.7000,0.4345,0,0.3133
2988,-0.6227,-0.9133,-19.1877,19.7000,0.0000,0,0.3133
2989,-0.5564,-0.9153,-18.7563,19.2669,0.4365,0,0.3153
2990,-0.5564,-0.9153,-18.7563,19.2669,0.0000,0,0.3153
2991,-0.4918,-0.9172,-18.3225,18.8316,0.4385,0,0.3172
2992,-0.4918,-0.9172,-18.3225,18.8316,0.0000,0,0.3172
2993,-0.4288,-0.9190,-17.8865,18.3943,0.4406,0,0.3190
2994,-0.4288,-0.9190,-17.8865,18.3943,0.0000,0,0.3190
2995,-0.3673,-0.9207,-17.4482,17.9548,0.4426,0,0.3207
2996,-0.3673,-0.9207,-17.4482,17.9548,0.0000,0,0.3207
2997,-0.3072,-0.9224,-17.0076,17.5132,0.4447,0,0.3224
2998,-0.3072,-0.9224,-17.0076,17.5132,0.0000,0,0.3224
2999,-0.2486,-0.9241,-16.5647,17.0696,0.4467,0,0.3241
3000,-0.2486,-0.9241,-16.5647,17.0696,0.0000,0,0.3241
3001,-0.1912,-0.9257,-16.1196,16.6239,0.4488,0,0.3257
3002,-0.1912,-0.9257,-16.1196,16.6239,0.0000,0,0.3257
3003,-0.1350,-0.9274,-15.6723,16.1762,0.4509,0,0.3274
3004,-0.1350,-0.9274,-15.6723,16.1762,0.0000,0,0.3274
3005,-0.0800,-0.9292,-15.2227,15.7264,0.4529,0,0.3292
3006,-0.0800,-0.9292,-15.2227,15.7264,0.0000,0,0.3292
3007,-0.0259,-0.9309,-14.7709,15.2746,0.4550,0,0.3309
3008,-0.0259,-0.9309,-14.7709,15.2746,0.0000,0,0.3309
3009,0.0273,-0.9327,-14.3170,14.8207,0.4571,0,0.3327
3010,0.0273,-0.9327,-14.3170,14.8207,0.0000,0,0.3327
3011,0.0797,-0.9346,-13.8608,14.3649,0.4592,0,0.3346
3012,0.0797,-0.9346,-13.8608,14.3649,0.0000,0,0.3346
3013,0.1314,-0.9365,-13.4024,13.9071,0.4613,0,0.3365
3014,0.1314,-0.9365,-13.4024,13.9071,0.0000,0,0.3365
3015,0.1228,-0.9396,-12.9434,13.4483,0.4591,0,0.3396
3016,0.1228,-0.9396,-12.9434,13.4483,0.0000,0,0.3396
3017,0.0641,-0.9431,-12.4836,12.9883,0.4635,0,0.3431
3018,0.0641,-0.9431,-12.4836,12.9883,0.0000,0,0.3431
3019,-0.0218,-0.9466,-12.0224,12.5272,0.4692,0,0.3466
3020,-0.0218,-0.9466,-12.0224,12.5272,0.0000,0,0.3466
3021,-0.1213,-0.9500,-11.5590,12.0647,0.4739,0,0.3500
3022,-0.1213,-0.9500,-11.5590,12.0647,0.0000,0,0.3500
3023,-0.2268,-0.9536,-11.0932,11.6008,0.4776,0,0.3536
3024,-0.2268,-0.9536,-11.0932,11.6008,0.0000,0,0.3536
3025,-0.3336,-0.9575,-10.6249,11.1356,0.4804,0,0.3575
3026,-0.3336,-0.9575,-10.6249,11.1356,0.0000,0,0.3575
3027,-0.4393,-0.9617,-10.1539,10.6691,0.4827,0,0.3617
3028,-0.4393,-0.9617,-10.1539,10.6691,0.0000,0,0.3617
3029,-0.5424,-0.9661,-9.6804,10.2014,0.4847,0,0.3661
3030,-0.5424,-0.9661,-9.6804,10.2014,0.0000,0,0.3661
3031,-0.6422,-0.9707,-9.2042,9.7325,0.4865,0,0.3707
3032,-0.6422,-0.9707,-9.2042,9.7325,0.0000,0,0.3707
3033,-0.7383,-0.9751,-8.7255,9.2626,0.4883,0,0.3751
3034,-0.7383,-0.9751,-8.7255,9.2626,0.0000,0,0.3751
3035,-0.8305,-0.9792,-8.2443,8.7918,0.4900,0,0.3792
3036,-0.8305,-0.9792,-8.2443,8.7918,0.0000,0,0.3792
3037,-0.9187,-0.9830,-7.7606,8.3203,0.4917,0,0.3830
3038,-0.9187,-0.9830,-7.7606,8.3203,0.0000,0,0.3830
3039,-1.0030,-0.9862,-7.2745,7.8484,0.4934,0,0.3862
3040,-1.0030,-0.9862,-7.2745,7.8484,0.0000,0,0.3862
3041,-1.0834,-0.9890,-6.7859,7.3763,0.4951,0,0.3890
3042,-1.0834,-0.9890,-6.7859,7.3763,0.0000,0,0.3890
3043,-1.1598,-0.9914,-6.2950,6.9044,0.4968,0,0.3914
3044,-1.1598,-0.9914,-6.2950,6.9044,0.0000,0,0.3914
3045,-1.2323,-0.9935,-5.8018,6.4332,0.4986,0,0.3935
3046,-1.2323,-0.9935,-5.8018,6.4332,0.0000,0,0.3935
3047,-1.3009,-0.9954,-5.3062,5.9632,0.5003,0,0.3954
3048,-1.3009,-0.9954,-5.3062,5.9632,0.0000,0,0.3954
3049,-1.3657,-0.9974,-4.8082,5.4955,0.5022,0,0.3974
3050,-1.3657,-0.9974,-4.8082,5.4955,0.0000,0,0.3974
3051,-1.4385,-1.0023,-4.3066,5.0334,0.5069,0,0.4023
3052,-1.4385,-1.0023,-4.3066,5.0334,0.0000,0,0.4023
3053,-1.5413,-1.0165,-3.7981,4.5851,0.5190,0,0.4165
3054,-1.5413,-1.0165,-3.7981,4.5851,0.0000,0,0.4165
3055,-1.6537,-1.0356,-3.2837,4.1523,0.5269,0,0.4356
3056,-1.6537,-1.0356,-3.2837,4.1523,0.0000,0,0.4356
3057,-1.7643,-1.0570,-2.7644,3.7387,0.5315,0,0.4570
3058,-1.7643,-1.0570,-2.7644,3.7387,0.0000,0,0.4570
3059,-1.8666,-1.0788,-2.2408,3.3505,0.5339,0,0.4788
3060,-1.8666,-1.0788,-2.2408,3.3505,0.0000,0,0.4788
3061,-1.9573,-1.0993,-1.7139,2.9970,0.5350,0,0.4993
3062,-1.9573,-1.0993,-1.7139,2.9970,0.0000,0,0.4993
3063,-2.0346,-1.1175,-1.1844,2.6916,0.5354,0,0.5175
3064,-2.0346,-1.1175,-1.1844,2.6916,0.0000,0,0.5175
3065,-2.0980,-1.1323,-0.6530,2.4524,0.5354,0,0.5323
3066,-2.0980,-1.1323,-0.6530,2.4524,0.0000,0,0.5323
3067,-2.1473,-1.1430,-0.1201,2.3000,0.5353,0,0.5430
3068,-2.1473,-1.1430,-0.1201,2.3000,0.0000,0,0.5430
3069,-2.1824,-1.1495,0.4137,2.2522,0.5350,0,0.5495
3070,-2.1824,-1.1495,0.4137,2.2522,0.0000,0,0.5495
3071,-2.2036,-1.1516,0.9479,2.3153,0.5346,0,0.5516
3072,-2.2036,-1.1516,0.9479,2.3153,0.0000,0,0.5516
3073,-2.2108,-1.1499,1.4821,2.4809,0.5343,0,0.5499
3074,-2.2108,-1.1499,1.4821,2.4809,0.0000,0,0.5499
3075,-2.2043,-1.1448,2.0160,2.7302,0.5339,0,0.5448
3076,-2.2043,-1.1448,2.0160,2.7302,0.0000,0,0.5448
3077,-2.1840,-1.1372,2.5491,3.0426,0.5336,0,0.5372
3078,-2.1840,-1.1372,2.5491,3.0426,0.0000,0,0.5372
3079,-2.1500,-1.1278,3.0813,3.4006,0.5333,0,0.5278
3080,-2.1500,-1.1278,3.0813,3.4006,0.0000,0,0.5278
3081,-2.1022,-1.1174,3.6120,3.7910,0.5330,0,0.5174
3082,-2.1022,-1.1174,3.6120,3.7910,0.0000,0,0.5174
3083,-2.0406,-1.1067,4.1411,4.2046,0.5328,0,0.5067
3084,-2.0406,-1.1067,4.1411,4.2046,0.0000,0,0.5067
3085,-1.9652,-1.0962,4.6682,4.6349,0.5326,0,0.4962
3086,-1.9652,-1.0962,4.6682,4.6349,0.0000,0,0.4962
3087,-1.8760,-1.0862,5.1931,5.0775,0.5325,0,0.4862
3088,-1.8760,-1.0862,5.1931,5.0775,0.0000,0,0.4862
3089,-1.7728,-1.0770,5.7153,5.5290,0.5324,0,0.4770
3090,-1.7728,-1.0770,5.7153,5.5290,0.0000,0,0.4770
3091,-1.6554,-1.0685,6.2346,5.9871,0.5325,0,0.4685
3092,-1.6554,-1.0685,6.2346,5.9871,0.0000,0,0.4685
3093,-1.5238,-1.0604,6.7507,6.4502,0.5326,0,0.4604
3094,-1.5238,-1.0604,6.7507,6.4502,0.0000,0,0.4604
3095,-1.3775,-1.0526,7.2631,6.9167,0.5329,0,0.4526
3096,-1.3775,-1.0526,7.2631,6.9167,0.0000,0,0.4526
3097,-1.2162,-1.0445,7.7714,7.3858,0.5333,0,0.4445
3098,-1.2162,-1.0445,7.7714,7.3858,0.0000,0,0.4445
3099,-1.0395,-1.0358,8.2751,7.8564,0.5339,0,0.4358
3100,-1.0395,-1.0358,8.2751,7.8564,0.0000,0,0.4358
3101,-0.8470,-1.0259,8.7738,8.3279,0.5346,0,0.4259
3102,-0.8470,-1.0259,8.7738,8.3279,0.0000,0,0.4259
3103,-0.6638,-1.0154,9.2667,8.8017,0.5260,0,0.4154
3104,-0.6638,-1.0154,9.2667,8.8017,0.0000,0,0.4154
3105,-0.4921,-1.0054,9.7557,9.2776,0.5183,0,0.4054
3106,-0.4921,-1.0054,9.7557,9.2776,0.0000,0,0.4054
3107,-0.3268,-0.9966,10.2418,9.7553,0.5135,0,0.3966
3108,-0.3268,-0.9966,10.2418,9.7553,0.0000,0,0.3966
3109,-0.1643,-0.9892,10.7257,10.2345,0.5106,0,0.3892
3110,-0.1643,-0.9892,10.7257,10.2345,0.0000,0,0.3892
3111,-0.0022,-0.9834,11.2080,10.7148,0.5088,0,0.3834
3112,-0.0022,-0.9834,11.2080,10.7148,0.0000,0,0.3834
3113,0.1611,-0.9790,11.6887,11.1963,0.5077,0,0.3790
3114,0.1611,-0.9790,11.6887,11.1963,0.0000,0,0.3790
3115,0.3264,-0.9758,12.1681,11.6787,0.5071,0,0.3758
3116,0.3264,-0.9758,12.1681,11.6787,0.0000,0,0.3758
3117,0.4945,-0.9736,12.6463,12.1621,0.5068,0,0.3736
3118,0.4945,-0.9736,12.6463,12.1621,0.0000,0,0.3736
3119,0.6656,-0.9721,13.1233,12.6463,0.5068,0,0.3721
3120,0.6656,-0.9721,13.1233,12.6463,0.0000,0,0.3721
3121,0.8399,-0.9709,13.5992,13.1314,0.5069,0,0.3709
3122,0.8399,-0.9709,13.5992,13.1314,0.0000,0,0.3709
3123,1.0175,-0.9696,14.0741,13.6172,0.5070,0,0.3696
3124,1.0175,-0.9696,14.0741,13.6172,0.0000,0,0.3696
3125,1.1983,-0.9681,14.5481,14.1039,0.5073,0,0.3681
3126,1.1983,-0.9681,14.5481,14.1039,0.0000,0,0.3681
3127,1.3824,-0.9661,15.0211,14.5914,0.5076,0,0.3661
3128,1.3824,-0.9661,15.0211,14.5914,0.0000,0,0.3661
3129,1.5695,-0.9635,15.4933,15.0796,0.5079,0,0.3635
3130,1.5695,-0.9635,15.4933,15.0796,0.0000,0,0.3635
3131,1.7596,-0.9601,15.9646,15.5686,0.5083,0,0.3601
3132,1.7596,-0.9601,15.9646,15.5686,0.0000,0,0.3601
3133,1.9527,-0.9561,16.4352,16.0583,0.5086,0,0.3561
3134,1.9527,-0.9561,16.4352,16.0583,0.0000,0,0.3561
3135,2.1487,-0.9514,16.9050,16.5488,0.5091,0,0.3514
3136,2.1487,-0.9514,16.9050,16.5488,0.0000,0,0.3514
3137,2.3474,-0.9462,17.3741,17.0401,0.5095,0,0.3462
3138,2.3474,-0.9462,17.3741,17.0401,0.0000,0,0.3462
3139,2.5685,-0.8852,17.8330,17.5246,0.5130,0,0.2852
3140,2.5685,-0.8852,17.8330,17.5246,0.0000,0,0.2852
3141,2.8181,-0.7518,18.2725,17.9952,0.5227,0,0.1518
3142,2.8181,-0.7518,18.2725,17.9952,0.0000,0,0.1518
3143,3.0537,-0.6123,18.7101,18.4644,0.5162,0,0.0123
3144,3.0537,-0.6123,18.7101,18.4644,0.0000,0,0.0123
3145,3.2776,-0.4483,19.1467,18.9332,0.5173,0,0.0000
3146,3.2776,-0.4483,19.1467,18.9332,0.0000,0,0.0000
3147,3.4946,-0.2584,19.5812,19.4016,0.5215,0,0.0000
3148,3.4946,-0.2584,19.5812,19.4016,0.0000,0,0.0000
3149,3.7077,-0.0433,20.0129,19.8698,0.5273,0,0.0000
3150,3.7077,-0.0433,20.0129,19.8698,0.0000,0,0.0000
3151,3.9183,0.1956,20.4410,20.3379,0.5336,0,0.0000
3152,3.9183,0.1956,20.4410,20.3379,0.0000,0,0.0000
3153,4.1272,0.4562,20.8651,20.8060,0.5398,0,0.0000
3154,4.1272,0.4562,20.8651,20.8060,0.0000,0,0.0000
3155,4.3352,0.7358,21.2848,21.2740,0.5455,0,0.0000
3156,4.3352,0.7358,21.2848,21.2740,0.0000,0,0.0000
3157,4.5428,1.0320,21.6996,21.7422,0.5504,0,0.0000
3158,4.5428,1.0320,21.6996,21.7422,0.0000,0,0.0000
3159,4.7506,1.3423,22.1095,22.2106,0.5545,0,0.0000
3160,4.7506,1.3423,22.1095,22.2106,0.0000,0,0.0000
3161,4.9734,1.6056,22.5143,22.6766,0.5318,0,0.0000
3162,4.9734,1.6056,22.5143,22.6766,0.0000,0,0.0000
3163,5.2039,1.8567,22.9139,23.1408,0.5252,0,0.0000
3164,5.2039,1.8567,22.9139,23.1408,0.0000,0,0.0000
3165,5.4309,2.0920,23.3124,23.6039,0.5154,0,0.0000
3166,5.4309,2.0920,23.3124,23.6039,0.0000,0,0.0000
3167,5.6574,2.2414,23.7178,24.0654,0.4878,0,0.0000
3168,5.6574,2.2414,23.7178,24.0654,0.0000,0,0.0000
3169,5.8849,2.3166,24.1296,24.5254,0.4764,0,0.0000
3170,5.8849,2.3166,24.1296,24.5254,0.0000,0,0.0000
3171,6.1146,2.3335,24.5460,24.9840,0.4758,0,0.0000
3172,6.1146,2.3335,24.5460,24.9840,0.0000,0,0.0000
3173,6.3474,2.3094,24.9646,25.4416,0.4797,0,0.0000
3174,6.3474,2.3094,24.9646,25.4416,0.0000,0,0.0000
3175,6.5842,2.2606,25.3833,25.8981,0.4834,0,0.0000
3176,6.5842,2.2606,25.3833,25.8981,0.0000,0,0.0000
3177,6.8258,2.2009,25.8000,26.3539,0.4854,0,0.0000
3178,6.8258,2.2009,25.8000,26.3539,0.0000,0,0.0000
3179,7.0729,2.1410,26.2134,26.8089,0.4854,0,0.0000
3180,7.0729,2.1410,26.2134,26.8089,0.0000,0,0.0000
3181,7.3264,2.0882,26.6226,27.2634,0.4842,0,0.0000
3182,7.3264,2.0882,26.6226,27.2634,0.0000,0,0.0000
3183,7.5871,2.0470,27.0268,27.7172,0.4828,0,0.0000
3184,7.5871,2.0470,27.0268,27.7172,0.0000,0,0.0000
3185,7.8558,2.0190,27.4258,28.1704,0.4818,0,0.0000
3186,7.8558,2.0190,27.4258,28.1704,0.0000,0,0.0000
3187,8.0220,1.9452,27.8600,28.6252,0.4708,0,0.0000
3188,8.0220,1.9452,27.8600,28.6252,0.0000,0,0.0000
3189,8.0978,1.7991,28.3284,29.0818,0.4965,0,0.0000
3190,8.0978,1.7991,28.3284,29.0818,0.0000,0,0.0000
3191,8.1296,1.5891,28.8141,29.5393,0.5301,0,0.0000
3192,8.1296,1.5891,28.8141,29.5393,0.0000,0,0.0000
3193,8.1265,1.3162,29.3123,29.9977,0.5681,0,0.0000
3194,8.1265,1.3162,29.3123,29.9977,0.0000,0,0.0000
3195,8.1144,0.9859,29.8125,30.4562,0.5995,0,0.0000
3196,8.1144,0.9859,29.8125,30.4562,0.0000,0,0.0000
3197,8.1005,0.5976,30.3103,30.9146,0.6315,0,0.0000
3198,8.1005,0.5976,30.3103,30.9146,0.0000,0,0.0000
3199,8.0849,0.1477,30.8039,31.3728,0.6680,0,0.0000
3200,8.0849,0.1477,30.8039,31.3728,0.0000,0,0.0000
3201,8.0676,-0.3679,31.2906,31.8309,0.7093,0,0.0000
3202,8.0676,-0.3679,31.2906,31.8309,0.0000,0,0.0000
3203,8.0489,-0.9537,31.7675,32.2888,0.7555,0,0.3537
3204,8.0489,-0.9537,31.7675,32.2888,0.0000,0,0.3537
3205,7.9902,-1.5726,32.2439,32.7485,0.7832,0,0.9726
3206,7.9902,-1.5726,32.2439,32.7485,0.0000,0,0.9726
3207,7.8963,-2.1654,32.7201,33.2105,0.7662,0,1.5654
3208,7.8963,-2.1654,32.7201,33.2105,0.0000,0,1.5654
3209,7.7820,-2.7184,33.1948,33.6748,0.7377,0,2.1184
3210,7.7820,-2.7184,33.1948,33.6748,0.0000,0,2.1184
3211,7.6560,-3.1861,33.6715,34.1417,0.6796,0,2.5861
3212,7.6560,-3.1861,33.6715,34.1417,0.0000,0,2.5861
3213,7.5163,-3.5957,34.1519,34.6109,0.6465,0,2.9957
3214,7.5163,-3.5957,34.1519,34.6109,0.0000,0,2.9957
3215,7.3644,-4.0116,34.6298,35.0816,0.6515,0,3.4116
3216,7.3644,-4.0116,34.6298,35.0816,0.0000,0,3.4116
3217,7.1925,-4.4377,35.1053,35.5526,0.6612,0,3.8377
3218,7.1925,-4.4377,35.1053,35.5526,0.0000,0,3.8377
3219,6.9986,-4.8703,35.5782,36.0236,0.6697,0,4.2703
3220,6.9986,-4.8703,35.5782,36.0236,0.0000,0,4.2703
3221,6.7857,-5.2964,36.0494,36.4947,0.6699,0,4.6964
3222,6.7857,-5.2964,36.0494,36.4947,0.0000,0,4.6964
3223,6.5886,-5.7086,36.5140,36.9664,0.6516,0,5.1086
3224,6.5886,-5.7086,36.5140,36.9664,0.0000,0,5.1086
3225,6.4203,-6.1118,36.9701,37.4389,0.6316,0,5.5118
3226,6.4203,-6.1118,36.9701,37.4389,0.0000,0,5.5118
3227,6.2673,-6.4995,37.4231,37.9131,0.6156,0,5.8995
3228,6.2673,-6.4995,37.4231,37.9131,0.0000,0,5.8995
3229,6.1286,-6.8617,37.8762,38.3895,0.5964,0,6.2617
3230,6.1286,-6.8617,37.8762,38.3895,0.0000,0,6.2617
3231,6.0073,-7.2043,38.3293,38.8685,0.5808,0,6.6043
3232,6.0073,-7.2043,38.3293,38.8685,0.0000,0,6.6043
3233,5.8981,-7.5852,38.7745,39.3512,0.5960,0,6.9852
3234,5.8981,-7.5852,38.7745,39.3512,0.0000,0,6.9852
3235,5.7933,-7.9966,39.2138,39.8376,0.6109,0,7.3966
3236,5.7933,-7.9966,39.2138,39.8376,0.0000,0,7.3966
3237,5.6881,-8.3254,39.6694,40.3272,0.5716,0,7.7254
3238,5.6881,-8.3254,39.6694,40.3272,0.0000,0,7.7254
3239,5.5847,-8.5337,40.1499,40.8197,0.5338,0,7.9337
3240,5.5847,-8.5337,40.1499,40.8197,0.0000,0,7.9337
3241,5.4802,-8.6253,40.6557,41.3149,0.5246,0,8.0253
3242,5.4802,-8.6253,40.6557,41.3149,0.0000,0,8.0253
3243,5.3730,-8.6075,41.1858,41.8130,0.5411,0,8.0075
3244,5.3730,-8.6075,41.1858,41.8130,0.0000,0,8.0075
3245,5.2619,-8.5094,41.7337,42.3139,0.5676,0,7.9094
3246,5.2619,-8.5094,41.7337,42.3139,0.0000,0,7.9094
3247,5.1464,-8.3675,42.2920,42.8181,0.5875,0,7.7675
3248,5.1464,-8.3675,42.2920,42.8181,0.0000,0,7.7675
3249,5.0269,-8.2110,42.8548,43.3258,0.5963,0,7.6110
3250,5.0269,-8.2110,42.8548,43.3258,0.0000,0,7.6110
3251,4.9037,-8.0617,43.4182,43.8372,0.5957,0,7.4617
3252,4.9037,-8.0617,43.4182,43.8372,0.0000,0,7.4617
3253,4.7776,-7.9337,43.9801,44.3523,0.5899,0,7.3337
3254,4.7776,-7.9337,43.9801,44.3523,0.0000,0,7.3337
3255,4.6170,-7.5867,44.5736,44.8622,0.7060,0,6.9867
3256,4.6170,-7.5867,44.5736,44.8622,0.0000,0,6.9867
3257,4.4541,-7.0223,45.1868,45.3652,0.8492,0,6.4223
3258,4.4541,-7.0223,45.1868,45.3652,0.0000,0,6.4223
3259,4.3515,-6.3653,45.7954,45.8677,0.9015,0,5.7653
3260,4.3515,-6.3653,45.7954,45.8677,0.0000,0,5.7653
3261,4.2407,-5.7362,46.3930,46.3739,0.8747,0,5.1362
3262,4.2407,-5.7362,46.3930,46.3739,0.0000,0,5.1362
3263,4.1224,-5.1272,46.9819,46.8834,0.8554,0,4.5272
3264,4.1224,-5.1272,46.9819,46.8834,0.0000,0,4.5272
3265,3.9981,-4.5284,47.5636,47.3962,0.8440,0,3.9284
3266,3.9981,-4.5284,47.5636,47.3962,0.0000,0,3.9284
3267,3.8701,-3.9302,48.1392,47.9121,0.8400,0,3.3302
3268,3.8701,-3.9302,48.1392,47.9121,0.0000,0,3.3302
3269,3.7402,-3.3238,48.7094,48.4309,0.8424,0,2.7238
3270,3.7402,-3.3238,48.7094,48.4309,0.0000,0,2.7238
3271,3.6102,-2.7018,49.2739,48.9525,0.8500,0,2.1018
3272,3.6102,-2.7018,49.2739,48.9525,0.0000,0,2.1018
3273,3.4814,-2.0587,49.8327,49.4769,0.8617,0,1.4587
3274,3.4814,-2.0587,49.8327,49.4769,0.0000,0,1.4587
3275,3.3542,-1.3906,50.3851,50.0040,0.8762,0,0.7906
3276,3.3542,-1.3906,50.3851,50.0040,0.0000,0,0.7906
3277,3.2281,-0.7204,50.9301,50.5335,0.8730,0,0.1204
3278,3.2281,-0.7204,50.9301,50.5335,0.0000,0,0.1204
3279,3.0977,-0.2770,51.4700,51.0651,0.7107,0,0.0000
3280,3.0977,-0.2770,51.4700,51.0651,0.0000,0,0.0000
3281,2.9628,-0.0739,52.0109,51.5987,0.5932,0,0.0000
3282,2.9628,-0.0739,52.0109,51.5987,0.0000,0,0.0000
3283,2.8244,-0.0558,52.5548,52.1342,0.5615,0,0.0000
3284,2.8244,-0.0558,52.5548,52.1342,0.0000,0,0.0000
3285,2.6830,-0.1646,53.1014,52.6716,0.5750,0,0.0000
3286,2.6830,-0.1646,53.1014,52.6716,0.0000,0,0.0000
3287,2.5385,-0.3475,53.6497,53.2109,0.5958,0,0.0000
3288,2.5385,-0.3475,53.6497,53.2109,0.0000,0,0.0000
3289,2.3907,-0.5605,54.1988,53.7520,0.6072,0,0.0000
3290,2.3907,-0.5605,54.1988,53.7520,0.0000,0,0.0000
3291,2.4337,-0.7590,54.7393,54.2941,0.5774,0,0.1590
3292,2.4337,-0.7590,54.7393,54.2941,0.0000,0,0.1590
3293,2.6513,-0.9248,55.2719,54.8370,0.5987,0,0.3248
3294,2.6513,-0.9248,55.2719,54.8370,0.0000,0,0.3248
3295,2.9783,-1.0504,55.7989,55.3808,0.6328,0,0.4504
3296,2.9783,-1.0504,55.7989,55.3808,0.0000,0,0.4504
3297,3.3739,-1.1335,56.3213,55.9257,0.6605,0,0.5335
3298,3.3739,-1.1335,56.3213,55.9257,0.0000,0,0.5335
3299,3.8126,-1.1766,56.8397,56.4715,0.6806,0,0.5766
3300,3.8126,-1.1766,56.8397,56.4715,0.0000,0,0.5766
3301,4.2789,-1.1850,57.3546,57.0184,0.6946,0,0.5850
3302,4.2789,-1.1850,57.3546,57.0184,0.0000,0,0.5850
3303,4.7633,-1.1665,57.8661,57.5663,0.7047,0,0.5665
3304,4.7633,-1.1665,57.8661,57.5663,0.0000,0,0.5665
3305,5.2609,-1.1292,58.3741,58.1151,0.7120,0,0.5292
3306,5.2609,-1.1292,58.3741,58.1151,0.0000,0,0.5292
3307,5.7690,-1.0809,58.8785,58.6648,0.7176,0,0.4809
3308,5.7690,-1.0809,58.8785,58.6648,0.0000,0,0.4809
3309,6.2870,-1.0285,59.3792,59.2155,0.7223,0,0.4285
3310,6.2870,-1.0285,59.3792,59.2155,0.0000,0,0.4285
3311,6.8150,-0.9773,59.8758,59.7669,0.7267,0,0.3773
3312,6.8150,-0.9773,59.8758,59.7669,0.0000,0,0.3773
3313,7.3542,-0.9308,60.3681,60.3190,0.7316,0,0.3308
3314,7.3542,-0.9308,60.3681,60.3190,0.0000,0,0.3308
3315,7.9062,-0.8912,60.8556,60.8719,0.7374,0,0.2912
3316,7.9062,-0.8912,60.8556,60.8719,0.0000,0,0.2912
3317,8.4730,-0.8589,61.3376,61.4254,0.7448,0,0.2589
3318,8.4730,-0.8589,61.3376,61.4254,0.0000,0,0.2589
3319,9.0572,-0.8333,61.8136,61.9794,0.7540,0,0.2333
3320,9.0572,-0.8333,61.8136,61.9794,0.0000,0,0.2333
3321,9.6609,-0.8130,62.2826,62.5338,0.7647,0,0.2130
3322,9.6609,-0.8130,62.2826,62.5338,0.0000,0,0.2130
3323,10.4768,-0.7599,62.7098,63.0860,0.9225,0,0.1599
3324,10.4768,-0.7599,62.7098,63.0860,0.0000,0,0.1599
3325,11.4825,-0.6750,63.0911,63.6357,1.0789,0,0.0750
3326,11.4825,-0.6750,63.0911,63.6357,0.0000,0,0.0750
3327,12.6074,-0.5688,63.4327,64.1831,1.1804,0,0.0000
3328,12.6074,-0.5688,63.4327,64.1831,0.0000,0,0.0000
3329,13.8075,-0.4479,63.7383,64.7283,1.2443,0,0.0000
3330,13.8075,-0.4479,63.7383,64.7283,0.0000,0,0.0000
3331,15.0559,-0.3173,64.0103,65.2711,1.2844,0,0.0000
3332,15.0559,-0.3173,64.0103,65.2711,0.0000,0,0.0000
3333,16.3367,-0.1805,64.2504,65.8116,1.3102,0,0.0000
3334,16.3367,-0.1805,64.2504,65.8116,0.0000,0,0.0000
3335,17.6406,-0.0406,64.4590,66.3495,1.3279,0,0.0000
3336,17.6406,-0.0406,64.4590,66.3495,0.0000,0,0.0000
3337,18.9630,0.0997,64.6362,66.8845,1.3416,0,0.0000
3338,18.9630,0.0997,64.6362,66.8845,0.0000,0,0.0000
3339,20.3024,0.2384,64.7814,67.4165,1.3543,0,0.0000
3340,20.3024,0.2384,64.7814,67.4165,0.0000,0,0.0000
3341,21.6589,0.3739,64.8933,67.9452,1.3679,0,0.0000
3342,21.6589,0.3739,64.8933,67.9452,0.0000,0,0.0000
3343,23.0342,0.5056,64.9700,68.4702,1.3837,0,0.0000
3344,23.0342,0.5056,64.9700,68.4702,0.0000,0,0.0000
3345,24.4308,0.6337,65.0091,68.9914,1.4030,0,0.0000
3346,24.4308,0.6337,65.0091,68.9914,0.0000,0,0.0000
3347,25.8519,0.7595,65.0075,69.5082,1.4267,0,0.0000
3348,25.8519,0.7595,65.0075,69.5082,0.0000,0,0.0000
3349,27.3017,0.8854,64.9613,70.0203,1.4559,0,0.0000
3350,27.3017,0.8854,64.9613,70.0203,0.0000,0,0.0000
3351,28.7819,1.0136,64.8670,70.5274,1.4888,0,0.0000
3352,28.7819,1.0136,64.8670,70.5274,0.0000,0,0.0000
3353,30.4212,1.2057,64.6558,71.0259,1.6640,0,0.0000
3354,30.4212,1.2057,64.6558,71.0259,0.0000,0,0.0000
3355,32.1890,1.4538,64.3286,71.5153,1.8149,0,0.0000
3356,32.1890,1.4538,64.3286,71.5153,0.0000,0,0.0000
3357,34.0262,1.7333,63.9049,71.9958,1.9060,0,0.0000
3358,34.0262,1.7333,63.9049,71.9958,0.0000,0,0.0000
3359,35.8966,2.0269,63.3974,72.4676,1.9601,0,0.0000
3360,35.8966,2.0269,63.3974,72.4676,0.0000,0,0.0000
3361,37.7781,2.3220,62.8147,72.9304,1.9917,0,0.0000
3362,37.7781,2.3220,62.8147,72.9304,0.0000,0,0.0000
3363,39.6570,2.6091,62.1622,73.3840,2.0096,0,0.0000
3364,39.6570,2.6091,62.1622,73.3840,0.0000,0,0.0000
3365,41.5246,2.8812,61.4440,73.8281,2.0194,0,0.0000
3366,41.5246,2.8812,61.4440,73.8281,0.0000,0,0.0000
3367,43.3753,3.1333,60.6629,74.2625,2.0245,0,0.0000
3368,43.3753,3.1333,60.6629,74.2625,0.0000,0,0.0000
3369,45.2049,3.3621,59.8209,74.6870,2.0270,0,0.0000
3370,45.2049,3.3621,59.8209,74.6870,0.0000,0,0.0000
3371,47.0104,3.5661,58.9198,75.1013,2.0281,0,0.0000
3372,47.0104,3.5661,58.9198,75.1013,0.0000,0,0.0000
3373,48.7890,3.7452,57.9612,75.5052,2.0284,0,0.0000
3374,48.7890,3.7452,57.9612,75.5052,0.0000,0,0.0000
3375,50.5382,3.9006,56.9464,75.8984,2.0283,0,0.0000
3376,50.5382,3.9006,56.9464,75.8984,0.0000,0,0.0000
3377,52.2559,4.0348,55.8769,76.2808,2.0279,0,0.0000
3378,52.2559,4.0348,55.8769,76.2808,0.0000,0,0.0000
3379,53.9397,4.1507,54.7538,76.6521,2.0273,0,0.0000
3380,53.9397,4.1507,54.7538,76.6521,0.0000,0,0.0000
3381,55.5875,4.2520,53.5787,77.0121,2.0265,0,0.0000
3382,55.5875,4.2520,53.5787,77.0121,0.0000,0,0.0000
3383,57.1974,4.3424,52.3529,77.3607,2.0254,0,0.0000
3384,57.1974,4.3424,52.3529,77.3607,0.0000,0,0.0000
3385,58.7672,4.4254,51.0777,77.6978,2.0242,0,0.0000
3386,58.7672,4.4254,51.0777,77.6978,0.0000,0,0.0000
3387,60.2954,4.5043,49.7546,78.0231,2.0229,0,0.0000
3388,60.2954,4.5043,49.7546,78.0231,0.0000,0,0.0000
3389,61.7801,4.5819,48.3850,78.3365,2.0214,0,0.0000
3390,61.7801,4.5819,48.3850,78.3365,0.0000,0,0.0000
3391,63.1995,4.6349,47.0024,78.6388,1.9823,0,0.0000
3392,63.1995,4.6349,47.0024,78.6388,0.0000,0,0.0000
3393,64.5080,4.6054,45.6876,78.9322,1.8551,0,0.0000
3394,64.5080,4.6054,45.6876,78.9322,0.0000,0,0.0000
3395,65.7295,4.5217,44.4167,79.2167,1.7648,0,0.0000
3396,65.7295,4.5217,44.4167,79.2167,0.0000,0,0.0000
3397,66.8795,4.4055,43.1739,79.4920,1.6972,0,0.0000
3398,66.8795,4.4055,43.1739,79.4920,0.0000,0,0.0000
3399,67.9678,4.2738,41.9489,79.7583,1.6439,0,0.0000
3400,67.9678,4.2738,41.9489,79.7583,0.0000,0,0.0000
3401,69.0011,4.1401,40.7351,80.0155,1.5997,0,0.0000
3402,69.0011,4.1401,40.7351,80.0155,0.0000,0,0.0000
3403,69.9845,4.0147,39.5280,80.2639,1.5620,0,0.0000
3404,69.9845,4.0147,39.5280,80.2639,0.0000,0,0.0000
3405,70.9213,3.9049,38.3245,80.5035,1.5290,0,0.0000
3406,70.9213,3.9049,38.3245,80.5035,0.0000,0,0.0000
3407,71.8145,3.8159,37.1226,80.7344,1.5002,0,0.0000
3408,71.8145,3.8159,37.1226,80.7344,0.0000,0,0.0000
3409,72.6666,3.7505,35.9203,80.9566,1.4750,0,0.0000
3410,72.6666,3.7505,35.9203,80.9566,0.0000,0,0.0000
3411,73.4796,3.7097,34.7165,81.1702,1.4533,0,0.0000
3412,73.4796,3.7097,34.7165,81.1702,0.0000,0,0.0000
3413,74.2555,3.6928,33.5095,81.3753,1.4349,0,0.0000
3414,74.2555,3.6928,33.5095,81.3753,0.0000,0,0.0000
3415,74.9958,3.6982,32.2980,81.5719,1.4198,0,0.0000
3416,74.9958,3.6982,32.2980,81.5719,0.0000,0,0.0000
3417,75.7022,3.7233,31.0806,81.7599,1.4077,0,0.0000
3418,75.7022,3.7233,31.0806,81.7599,0.0000,0,0.0000
3419,76.3760,3.7651,29.8555,81.9395,1.3988,0,0.0000
3420,76.3760,3.7651,29.8555,81.9395,0.0000,0,0.0000
3421,77.0183,3.8205,28.6210,82.1106,1.3928,0,0.0000
3422,77.0183,3.8205,28.6210,82.1106,0.0000,0,0.0000
3423,77.6304,3.8865,27.3748,82.2731,1.3899,0,0.0000
3424,77.6304,3.8865,27.3748,82.2731,0.0000,0,0.0000
3425,78.2132,3.9606,26.1148,82.4270,1.3903,0,0.0000
3426,78.2132,3.9606,26.1148,82.4270,0.0000,0,0.0000
3427,78.7673,4.0407,24.8381,82.5722,1.3940,0,0.0000
3428,78.7673,4.0407,24.8381,82.5722,0.0000,0,0.0000
3429,79.2934,4.1255,23.5418,82.7085,1.4016,0,0.0000
3430,79.2934,4.1255,23.5418,82.7085,0.0000,0,0.0000
3431,79.7919,4.2144,22.2224,82.8359,1.4132,0,0.0000
3432,79.7919,4.2144,22.2224,82.8359,0.0000,0,0.0000
3433,80.2629,4.3074,20.8759,82.9541,1.4295,0,0.0000
3434,80.2629,4.3074,20.8759,82.9541,0.0000,0,0.0000
3435,80.7061,4.4054,19.4978,83.0629,1.4510,0,0.0000
3436,80.7061,4.4054,19.4978,83.0629,0.0000,0,0.0000
3437,81.1213,4.5101,18.0829,83.1621,1.4783,0,0.0000
3438,81.1213,4.5101,18.0829,83.1621,0.0000,0,0.0000
3439,81.5076,4.6236,16.6253,83.2514,1.5122,0,0.0000
3440,81.5076,4.6236,16.6253,83.2514,0.0000,0,0.0000
3441,81.8632,4.7463,15.1213,83.3304,1.5503,0,0.0000
3442,81.8632,4.7463,15.1213,83.3304,0.0000,0,0.0000
3443,82.1314,4.4779,14.1295,83.4093,1.0619,0,0.0000
3444,82.1314,4.4779,14.1295,83.4093,0.0000,0,0.0000
3445,82.3331,3.8710,13.6095,83.4901,0.8242,0,0.0000
3446,82.3331,3.8710,13.6095,83.4901,0.0000,0,0.0000
3447,82.4905,3.0856,13.3828,83.5717,0.8325,0,0.0000
3448,82.4905,3.0856,13.3828,83.5717,0.0000,0,0.0000
3449,82.6143,2.2338,13.3386,83.6539,0.8618,0,0.0000
3450,82.6143,2.2338,13.3386,83.6539,0.0000,0,0.0000
3451,82.7118,1.3955,13.4087,83.7369,0.8469,0,0.0000
3452,82.7118,1.3955,13.4087,83.7369,0.0000,0,0.0000
3453,82.7894,0.6263,13.5507,83.8207,0.7860,0,0.0000
3454,82.7894,0.6263,13.5507,83.8207,0.0000,0,0.0000
3455,82.8527,-0.0369,13.7386,83.9055,0.6922,0,0.0000
3456,82.8527,-0.0369,13.7386,83.9055,0.0000,0,0.0000
3457,82.9068,-0.5730,13.9565,83.9917,0.5812,0,0.0000
3458,82.9068,-0.5730,13.9565,83.9917,0.0000,0,0.0000
3459,82.9558,-0.9736,14.1947,84.0794,0.4686,0,0.3736
3460,82.9558,-0.9736,14.1947,84.0794,0.0000,0,0.3736
3461,83.0026,-1.2406,14.4474,84.1687,0.3706,0,0.6406
3462,83.0026,-1.2406,14.4474,84.1687,0.0000,0,0.6406
3463,83.0490,-1.3843,14.7110,84.2598,0.3038,0,0.7843
3464,83.0490,-1.3843,14.7110,84.2598,0.0000,0,0.7843
3465,83.0959,-1.4205,14.9834,84.3527,0.2788,0,0.8205
3466,83.0959,-1.4205,14.9834,84.3527,0.0000,0,0.8205
3467,83.1435,-1.3689,15.2633,84.4476,0.2886,0,0.7689
3468,83.1435,-1.3689,15.2633,84.4476,0.0000,0,0.7689
3469,83.1916,-1.2509,15.5500,84.5445,0.3137,0,0.6509
3470,83.1916,-1.2509,15.5500,84.5445,0.0000,0,0.6509
3471,83.2399,-1.0879,15.8427,84.6435,0.3385,0,0.4879
3472,83.2399,-1.0879,15.8427,84.6435,0.0000,0,0.4879
3473,83.2882,-0.9000,16.1412,84.7446,0.3559,0,0.3000
3474,83.2882,-0.9000,16.1412,84.7446,0.0000,0,0.3000
3475,83.3363,-0.7051,16.4450,84.8480,0.3641,0,0.1051
3476,83.3363,-0.7051,16.4450,84.8480,0.0000,0,0.1051
3477,83.3842,-0.5180,16.7538,84.9536,0.3642,0,0.0000
3478,83.3842,-0.5180,16.7538,84.9536,0.0000,0,0.0000
3479,83.4321,-0.3499,17.0672,85.0615,0.3589,0,0.0000
3480,83.4321,-0.3499,17.0672,85.0615,0.0000,0,0.0000
3481,83.4803,-0.2087,17.3848,85.1716,0.3509,0,0.0000
3482,83.4803,-0.2087,17.3848,85.1716,0.0000,0,0.0000
3483,83.5289,-0.0988,17.7063,85.2842,0.3432,0,0.0000
3484,83.5289,-0.0988,17.7063,85.2842,0.0000,0,0.0000
3485,83.5783,-0.0218,18.0311,85.3991,0.3375,0,0.0000
3486,83.5783,-0.0218,18.0311,85.3991,0.0000,0,0.0000
3487,83.6284,0.0235,18.3588,85.5163,0.3346,0,0.0000
3488,83.6284,0.0235,18.3588,85.5163,0.0000,0,0.0000
3489,83.6796,0.0402,18.6888,85.6360,0.3343,0,0.0000
3490,83.6796,0.0402,18.6888,85.6360,0.0000,0,0.0000
3491,83.7319,0.0327,19.0205,85.7581,0.3359,0,0.0000
3492,83.7319,0.0327,19.0205,85.7581,0.0000,0,0.0000
3493,83.7854,0.0064,19.3534,85.8825,0.3382,0,0.0000
3494,83.7854,0.0064,19.3534,85.8825,0.0000,0,0.0000
3495,83.8402,-0.0329,19.6869,86.0095,0.3402,0,0.0000
3496,83.8402,-0.0329,19.6869,86.0095,0.0000,0,0.0000
3497,83.8963,-0.0795,20.0200,86.1388,0.3410,0,0.0000
3498,83.8963,-0.0795,20.0200,86.1388,0.0000,0,0.0000
3499,83.9540,-0.1282,20.3521,86.2706,0.3406,0,0.0000
3500,83.9540,-0.1282,20.3521,86.2706,0.0000,0,0.0000
3501,84.0135,-0.1743,20.6823,86.4047,0.3386,0,0.0000
3502,84.0135,-0.1743,20.6823,86.4047,0.0000,0,0.0000
3503,84.0749,-0.2139,21.0095,86.5412,0.3353,0,0.0000
3504,84.0749,-0.2139,21.0095,86.5412,0.0000,0,0.0000
3505,84.1385,-0.2440,21.3327,86.6800,0.3307,0,0.0000
3506,84.1385,-0.2440,21.3327,86.6800,0.0000,0,0.0000
3507,84.2048,-0.2624,21.6503,86.8211,0.3250,0,0.0000
3508,84.2048,-0.2624,21.6503,86.8211,0.0000,0,0.0000
3509,84.2740,-0.2680,21.9614,86.9644,0.3188,0,0.0000
3510,84.2740,-0.2680,21.9614,86.9644,0.0000,0,0.0000
3511,84.3762,-0.1700,22.1380,87.1076,0.2264,0,0.0000
3512,84.3762,-0.1700,22.1380,87.1076,0.0000,0,0.0000
3513,84.5071,0.0131,22.1978,87.2503,0.2328,0,0.0000
3514,84.5071,0.0131,22.1978,87.2503,0.0000,0,0.0000
3515,84.6546,0.2391,22.1887,87.3928,0.2701,0,0.0000
3516,84.6546,0.2391,22.1887,87.3928,0.0000,0,0.0000
3517,84.8112,0.4792,22.1398,87.5351,0.2908,0,0.0000
3518,84.8112,0.4792,22.1398,87.5351,0.0000,0,0.0000
3519,84.9726,0.7132,22.0686,87.6771,0.2930,0,0.0000
3520,84.9726,0.7132,22.0686,87.6771,0.0000,0,0.0000
3521,85.1362,0.9271,21.9855,87.8188,0.2818,0,0.0000
3522,85.1362,0.9271,21.9855,87.8188,0.0000,0,0.0000
3523,85.3010,1.1119,21.8964,87.9602,0.2631,0,0.0000
3524,85.3010,1.1119,21.8964,87.9602,0.0000,0,0.0000
3525,85.4663,1.2626,21.8042,88.1012,0.2419,0,0.0000
3526,85.4663,1.2626,21.8042,88.1012,0.0000,0,0.0000
3527,85.6319,1.3775,21.7103,88.2418,0.2224,0,0.0000
3528,85.6319,1.3775,21.7103,88.2418,0.0000,0,0.0000
3529,85.7979,1.4578,21.6149,88.3819,0.2077,0,0.0000
3530,85.7979,1.4578,21.6149,88.3819,0.0000,0,0.0000
3531,85.9644,1.5068,21.5172,88.5214,0.1991,0,0.0000
3532,85.9644,1.5068,21.5172,88.5214,0.0000,0,0.0000
3533,86.1315,1.5295,21.4162,88.6603,0.1966,0,0.0000
3534,86.1315,1.5295,21.4162,88.6603,0.0000,0,0.0000
3535,86.2994,1.5319,21.3103,88.7986,0.1986,0,0.0000
3536,86.2994,1.5319,21.3103,88.7986,0.0000,0,0.0000
3537,86.4683,1.5208,21.1975,88.9362,0.2034,0,0.0000
3538,86.4683,1.5208,21.1975,88.9362,0.0000,0,0.0000
3539,86.6385,1.5028,21.0755,89.0730,0.2102,0,0.0000
3540,86.6385,1.5028,21.0755,89.0730,0.0000,0,0.0000
3541,86.8103,1.4848,20.9415,89.2089,0.2186,0,0.0000
3542,86.8103,1.4848,20.9415,89.2089,0.0000,0,0.0000
3543,86.9841,1.4729,20.7922,89.3437,0.2294,0,0.0000
3544,86.9841,1.4729,20.7922,89.3437,0.0000,0,0.0000
3545,87.1604,1.4730,20.6238,89.4774,0.2438,0,0.0000
3546,87.1604,1.4730,20.6238,89.4774,0.0000,0,0.0000
3547,87.3398,1.4902,20.4315,89.6096,0.2635,0,0.0000
3548,87.3398,1.4902,20.4315,89.6096,0.0000,0,0.0000
3549,87.5608,1.6751,20.0089,89.7366,0.5115,0,0.0000
3550,87.5608,1.6751,20.0089,89.7366,0.0000,0,0.0000
3551,87.8955,2.3478,18.8974,89.8486,1.3416,0,0.0000
3552,87.8955,2.3478,18.8974,89.8486,0.0000,0,0.0000
3553,88.2689,3.2973,17.3465,89.9466,1.8565,0,0.0000
3554,88.2689,3.2973,17.3465,89.9466,0.0000,0,0.0000
3555,88.6308,4.3774,15.5127,90.0310,2.1588,0,0.0000
3556,88.6308,4.3774,15.5127,90.0310,0.0000,0,0.0000
3557,88.9515,5.4792,13.4996,90.1017,2.3172,0,0.0000
3558,88.9515,5.4792,13.4996,90.1017,0.0000,0,0.0000
3559,89.2164,6.5212,11.3756,90.1585,2.3806,0,0.0000
3560,89.2164,6.5212,11.3756,90.1585,0.0000,0,0.0000
3561,89.4209,7.4480,9.1826,90.2012,2.3896,0,0.0000
3562,89.4209,7.4480,9.1826,90.2012,0.0000,0,0.0000
3563,89.5652,8.2264,6.9459,90.2296,2.3726,0,0.0000
3564,89.5652,8.2264,6.9459,90.2296,0.0000,0,0.0000
3565,89.6511,8.8372,4.6815,90.2434,2.3469,0,0.0000
3566,89.6511,8.8372,4.6815,90.2434,0.0000,0,0.0000
3567,89.6809,9.2713,2.3995,90.2425,2.3231,0,0.0000
3568,89.6809,9.2713,2.3995,90.2425,0.0000,0,0.0000
3569,89.6553,9.5310,0.1069,90.2268,2.3074,0,0.0000
3570,89.6553,9.5310,0.1069,90.2268,0.0000,0,0.0000
3571,89.5737,9.6311,-2.1912,90.1963,2.3017,0,0.0000
3572,89.5737,9.6311,-2.1912,90.1963,0.0000,0,0.0000
3573,89.4336,9.5933,-4.4903,90.1509,2.3037,0,0.0000
3574,89.4336,9.5933,-4.4903,90.1509,0.0000,0,0.0000
3575,89.2319,9.4438,-6.7865,90.0906,2.3099,0,0.0000
3576,89.2319,9.4438,-6.7865,90.0906,0.0000,0,0.0000
3577,88.9653,9.2107,-9.0761,90.0155,2.3169,0,0.0000
3578,88.9653,9.2107,-9.0761,90.0155,0.0000,0,0.0000
3579,88.6307,8.9217,-11.3555,89.9256,2.3219,0,0.0000
3580,88.6307,8.9217,-11.3555,89.9256,0.0000,0,0.0000
3581,88.2254,8.6027,-13.6212,89.8211,2.3236,0,0.0000
3582,88.2254,8.6027,-13.6212,89.8211,0.0000,0,0.0000
3583,87.7478,8.2760,-15.8701,89.7020,2.3222,0,0.0000
3584,87.7478,8.2760,-15.8701,89.7020,0.0000,0,0.0000
3585,87.1987,7.9549,-18.0931,89.5684,2.3121,0,0.0000
3586,87.1987,7.9549,-18.0931,89.5684,0.0000,0,0.0000
3587,86.5819,7.6457,-20.2769,89.4209,2.2902,0,0.0000
3588,86.5819,7.6457,-20.2769,89.4209,0.0000,0,0.0000
3589,85.9009,7.3539,-22.4139,89.2596,2.2618,0,0.0000
3590,85.9009,7.3539,-22.4139,89.2596,0.0000,0,0.0000
3591,85.1590,7.0839,-24.5000,89.0848,2.2305,0,0.0000
3592,85.1590,7.0839,-24.5000,89.0848,0.0000,0,0.0000
3593,84.3594,6.8381,-26.5336,88.8969,2.1989,0,0.0000
3594,84.3594,6.8381,-26.5336,88.8969,0.0000,0,0.0000
3595,83.5049,6.6172,-28.5144,88.6961,2.1686,0,0.0000
3596,83.5049,6.6172,-28.5144,88.6961,0.0000,0,0.0000
3597,82.5979,6.4204,-30.4433,88.4826,2.1406,0,0.0000
3598,82.5979,6.4204,-30.4433,88.4826,0.0000,0,0.0000
3599,81.6404,6.2455,-32.3215,88.2569,2.1154,0,0.0000
3600,81.6404,6.2455,-32.3215,88.2569,0.0000,0,0.0000
