tick,local_x,local_y,local_z,drift_m,slip_m,on_bus_support,below_depth_m
1,0.0000,-0.5990,0.5638,0.0000,0.0000,1,0.0000
2,0.0000,-0.5990,0.6305,0.0667,0.0667,1,0.0000
3,-0.0000,-0.5798,0.7004,0.1379,0.0725,1,0.0000
4,-0.0000,-0.5798,0.7671,0.2041,0.0667,1,0.0000
5,-0.0000,-0.5841,0.8356,0.2721,0.0686,1,0.0000
6,-0.0000,-0.5841,0.9022,0.3387,0.0667,1,0.0000
7,-0.0000,-0.5886,0.9707,0.4070,0.0686,1,0.0000
8,-0.0000,-0.5886,1.0374,0.4736,0.0666,1,0.0000
9,-0.0000,-0.5928,1.1058,0.5420,0.0686,1,0.0000
10,-0.0000,-0.5928,1.1725,0.6087,0.0666,1,0.0000
11,-0.0000,-0.5964,1.2409,0.6771,0.0686,1,0.0000
12,-0.0000,-0.5964,1.3076,0.7437,0.0666,1,0.0000
13,-0.0000,-0.5993,1.3760,0.8122,0.0685,1,0.0000
14,-0.0000,-0.5994,1.4427,0.8788,0.0666,1,0.0000
15,-0.0000,-0.6015,1.5111,0.9473,0.0685,1,0.0015
16,-0.0000,-0.6015,1.5777,1.0139,0.0666,1,0.0015
17,-0.0000,-0.6029,1.6462,1.0824,0.0685,1,0.0029
18,-0.0000,-0.6029,1.7128,1.1490,0.0666,1,0.0029
19,-0.0000,-0.6037,1.7813,1.2174,0.0684,1,0.0037
20,-0.0000,-0.6037,1.8479,1.2841,0.0666,1,0.0037
21,-0.0000,-0.6038,1.9163,1.3525,0.0684,1,0.0038
22,0.0000,-0.6038,1.9830,1.4191,0.0666,1,0.0038
23,0.0000,-0.6036,2.0514,1.4875,0.0684,1,0.0036
24,0.0000,-0.6036,2.1180,1.5542,0.0666,1,0.0036
25,0.0000,-0.6030,2.1864,1.6226,0.0684,1,0.0030
26,0.0000,-0.6030,2.2531,1.6892,0.0666,1,0.0030
27,0.0000,-0.6023,2.3215,1.7576,0.0684,1,0.0023
28,0.0000,-0.6023,2.3881,1.8243,0.0666,1,0.0023
29,0.0000,-0.6015,2.4565,1.8927,0.0684,1,0.0015
30,0.0000,-0.6015,2.5232,1.9593,0.0666,1,0.0015
31,0.0000,-0.6007,2.4582,1.8944,0.0649,1,0.0007
32,0.0000,-0.6007,2.3915,1.8277,0.0667,1,0.0007
33,0.0000,-0.5999,2.3266,1.7628,0.0649,1,0.0000
34,0.0000,-0.5999,2.2599,1.6961,0.0667,1,0.0000
35,0.0000,-0.5993,2.1950,1.6311,0.0649,1,0.0000
36,0.0000,-0.5993,2.1283,1.5644,0.0667,1,0.0000
37,0.0000,-0.5989,2.0633,1.4995,0.0649,1,0.0000
38,0.0000,-0.5989,1.9966,1.4328,0.0667,1,0.0000
39,0.0000,-0.5985,1.9317,1.3679,0.0649,1,0.0000
40,0.0000,-0.5985,1.8650,1.3012,0.0667,1,0.0000
41,0.0000,-0.5983,1.8000,1.2362,0.0650,1,0.0000
42,-0.0000,-0.5983,1.7334,1.1695,0.0667,1,0.0000
43,-0.0000,-0.5982,1.6684,1.1045,0.0650,1,0.0000
44,0.0000,-0.5982,1.6017,1.0379,0.0667,1,0.0000
45,0.0000,-0.5983,1.5367,0.9729,0.0650,1,0.0000
46,-0.0000,-0.5983,1.4700,0.9062,0.0667,1,0.0000
47,-0.0000,-0.5983,1.4050,0.8412,0.0650,1,0.0000
48,0.0000,-0.5983,1.3384,0.7745,0.0667,1,0.0000
49,0.0000,-0.5985,1.2734,0.7095,0.0650,1,0.0000
50,0.0000,-0.5985,1.2067,0.6428,0.0667,1,0.0000
51,0.0000,-0.5986,1.1417,0.5779,0.0650,1,0.0000
52,0.0000,-0.5986,1.0750,0.5112,0.0667,1,0.0000
53,0.0000,-0.5988,1.0100,0.4462,0.0650,1,0.0000
54,0.0000,-0.5988,0.9433,0.3795,0.0667,1,0.0000
55,0.0000,-0.5989,0.8783,0.3145,0.0650,1,0.0000
56,-0.0000,-0.5989,0.8116,0.2478,0.0667,1,0.0000
57,-0.0000,-0.5991,0.7466,0.1828,0.0650,1,0.0000
58,0.0000,-0.5991,0.6799,0.1161,0.0667,1,0.0000
59,0.0000,-0.5992,0.6149,0.0511,0.0650,1,0.0000
60,0.0000,-0.5992,0.5482,0.0156,0.0667,1,0.0000
61,0.0000,-0.5993,0.4832,0.0806,0.0650,1,0.0000
62,0.0000,-0.5993,0.4165,0.1473,0.0667,1,0.0000
63,0.0000,-0.5993,0.3515,0.2124,0.0650,1,0.0000
64,-0.0000,-0.5993,0.2848,0.2791,0.0667,1,0.0000
65,0.0000,-0.5994,0.2198,0.3441,0.0650,1,0.0000
66,0.0000,-0.5994,0.1531,0.4108,0.0667,1,0.0000
67,0.0000,-0.5994,0.0880,0.4758,0.0650,1,0.0000
68,0.0000,-0.5994,0.0213,0.5425,0.0667,1,0.0000
69,0.0000,-0.5994,-0.0437,0.6075,0.0650,1,0.0000
70,0.0000,-0.5994,-0.1104,0.6742,0.0667,1,0.0000
71,0.0000,-0.5994,-0.1754,0.7393,0.0650,1,0.0000
72,0.0000,-0.5994,-0.2421,0.8060,0.0667,1,0.0000
73,0.0000,-0.5993,-0.3072,0.8710,0.0651,1,0.0000
74,0.0000,-0.5993,-0.3739,0.9377,0.0667,1,0.0000
75,0.0000,-0.5993,-0.4389,1.0028,0.0651,1,0.0000
76,0.0000,-0.5993,-0.5056,1.0695,0.0667,1,0.0000
77,0.0000,-0.5993,-0.5707,1.1345,0.0651,1,0.0000
78,0.0000,-0.5993,-0.6374,1.2012,0.0667,1,0.0000
79,0.0000,-0.5993,-0.7024,1.2663,0.0651,1,0.0000
80,0.0000,-0.5993,-0.7691,1.3330,0.0667,1,0.0000
81,0.0000,-0.5993,-0.8342,1.3980,0.0651,1,0.0000
82,0.0000,-0.5993,-0.9009,1.4647,0.0667,1,0.0000
83,0.0000,-0.5992,-0.9660,1.5298,0.0651,1,0.0000
84,0.0000,-0.5992,-1.0327,1.5965,0.0667,1,0.0000
85,0.0000,-0.5992,-1.0978,1.6616,0.0651,1,0.0000
86,0.0000,-0.5992,-1.1644,1.7283,0.0667,1,0.0000
87,0.0000,-0.5992,-1.2295,1.7934,0.0651,1,0.0000
88,0.0000,-0.5992,-1.2962,1.8601,0.0667,1,0.0000
89,0.0000,-0.5992,-1.3613,1.9252,0.0651,1,0.0000
90,0.0000,-0.5992,-1.4280,1.9919,0.0667,1,0.0000
91,0.0000,-0.5992,-1.4931,2.0570,0.0651,1,0.0000
92,0.0000,-0.5992,-1.5598,2.1236,0.0667,1,0.0000
93,0.0000,-0.5992,-1.6249,2.1887,0.0651,1,0.0000
94,0.0000,-0.5992,-1.6916,2.2554,0.0667,1,0.0000
95,0.0000,-0.5993,-1.7567,2.3206,0.0651,1,0.0000
96,0.0000,-0.5993,-1.8234,2.3872,0.0667,1,0.0000
97,0.0000,-0.5993,-1.8885,2.4524,0.0651,1,0.0000
98,0.0000,-0.5993,-1.9552,2.5191,0.0667,1,0.0000
99,0.0000,-0.5993,-2.0203,2.5842,0.0651,1,0.0000
100,0.0000,-0.5993,-2.0870,2.6509,0.0667,1,0.0000
101,0.0000,-0.5993,-2.1522,2.7160,0.0651,1,0.0000
102,0.0000,-0.5993,-2.2188,2.7827,0.0667,1,0.0000
103,0.0000,-0.5993,-2.2840,2.8478,0.0651,1,0.0000
104,0.0000,-0.5993,-2.3507,2.9145,0.0667,1,0.0000
105,0.0000,-0.5993,-2.4158,2.9796,0.0651,1,0.0000
106,0.0000,-0.5993,-2.4825,3.0463,0.0667,1,0.0000
107,0.0000,-0.5993,-2.5476,3.1115,0.0651,1,0.0000
108,0.0000,-0.5993,-2.4810,3.0448,0.0666,1,0.0000
109,0.0000,-0.5993,-2.4128,2.9767,0.0682,1,0.0000
110,0.0000,-0.5993,-2.3462,2.9100,0.0666,1,0.0000
111,0.0000,-0.5993,-2.2780,2.8418,0.0682,1,0.0000
112,0.0000,-0.5993,-2.2114,2.7752,0.0666,1,0.0000
113,0.0000,-0.5993,-2.1432,2.7070,0.0682,1,0.0000
114,0.0000,-0.5993,-2.0765,2.6404,0.0666,1,0.0000
115,0.0000,-0.5993,-2.0084,2.5722,0.0682,1,0.0000
116,0.0000,-0.5993,-1.9417,2.5056,0.0666,1,0.0000
117,0.0000,-0.5993,-1.8736,2.4374,0.0682,1,0.0000
118,0.0000,-0.5993,-1.8069,2.3708,0.0666,1,0.0000
119,0.0000,-0.5993,-1.7388,2.3026,0.0682,1,0.0000
120,0.0000,-0.5993,-1.6721,2.2360,0.0666,1,0.0000
121,0.0000,-0.5993,-1.6040,2.1678,0.0682,1,0.0000
122,0.0000,-0.5993,-1.5374,2.1012,0.0666,1,0.0000
123,0.0000,-0.5994,-1.4692,2.0330,0.0681,1,0.0000
124,0.0000,-0.5994,-1.4026,1.9664,0.0666,1,0.0000
125,0.0000,-0.5994,-1.3344,1.8983,0.0681,1,0.0000
126,0.0000,-0.5994,-1.2678,1.8316,0.0666,1,0.0000
127,0.0000,-0.5994,-1.1997,1.7635,0.0681,1,0.0000
128,0.0000,-0.5994,-1.1330,1.6969,0.0666,1,0.0000
129,0.0000,-0.5994,-1.0649,1.6287,0.0681,1,0.0000
130,0.0000,-0.5994,-0.9982,1.5621,0.0666,1,0.0000
131,0.0000,-0.5994,-0.9301,1.4940,0.0681,1,0.0000
132,0.0000,-0.5994,-0.8635,1.4273,0.0666,1,0.0000
133,0.0000,-0.5994,-0.7954,1.3592,0.0681,1,0.0000
134,0.0000,-0.5994,-0.7287,1.2926,0.0666,1,0.0000
135,0.0000,-0.5994,-0.6606,1.2244,0.0681,1,0.0000
136,0.0000,-0.5994,-0.5940,1.1578,0.0666,1,0.0000
137,0.0000,-0.5994,-0.5258,1.0897,0.0681,1,0.0000
138,0.0000,-0.5994,-0.4592,1.0231,0.0666,1,0.0000
139,0.0000,-0.5994,-0.3911,0.9549,0.0681,1,0.0000
140,0.0000,-0.5994,-0.3245,0.8883,0.0666,1,0.0000
141,0.0000,-0.5994,-0.2564,0.8202,0.0681,1,0.0000
142,0.0000,-0.5994,-0.1897,0.7536,0.0666,1,0.0000
143,0.0000,-0.5994,-0.1216,0.6855,0.0681,1,0.0000
144,0.0000,-0.5994,-0.0550,0.6188,0.0666,1,0.0000
145,0.0000,-0.5994,0.0131,0.5507,0.0681,1,0.0000
146,0.0000,-0.5994,0.0797,0.4841,0.0666,1,0.0000
147,0.0000,-0.5994,0.1478,0.4160,0.0681,1,0.0000
148,0.0000,-0.5994,0.2145,0.3494,0.0666,1,0.0000
149,0.0000,-0.5994,0.2826,0.2813,0.0681,1,0.0000
150,0.0000,-0.5994,0.3492,0.2146,0.0666,1,0.0000
151,0.0000,-0.5994,0.4173,0.1466,0.0681,1,0.0000
152,0.0000,-0.5994,0.4839,0.0799,0.0666,1,0.0000
153,0.0000,-0.5994,0.5520,0.0119,0.0681,1,0.0000
154,0.0000,-0.5994,0.6186,0.0548,0.0666,1,0.0000
155,0.0000,-0.5994,0.6867,0.1228,0.0681,1,0.0000
156,0.0000,-0.5994,0.7533,0.1895,0.0666,1,0.0000
157,0.0000,-0.5994,0.8214,0.2576,0.0681,1,0.0000
158,0.0000,-0.5994,0.8880,0.3242,0.0666,1,0.0000
159,0.0000,-0.5994,0.9561,0.3922,0.0681,1,0.0000
160,0.0000,-0.5994,1.0227,0.4589,0.0666,1,0.0000
161,0.0000,-0.5994,1.0908,0.5269,0.0681,1,0.0000
162,0.0000,-0.5994,1.1574,0.5936,0.0666,1,0.0000
163,0.0000,-0.5994,1.2255,0.6616,0.0681,1,0.0000
164,0.0000,-0.5994,1.2921,0.7283,0.0666,1,0.0000
165,0.0000,-0.5995,1.3602,0.7963,0.0680,1,0.0000
166,0.0000,-0.5995,1.4268,0.8629,0.0666,1,0.0000
167,0.0000,-0.5995,1.4948,0.9310,0.0680,1,0.0000
168,0.0000,-0.5995,1.5615,0.9976,0.0666,1,0.0000
169,0.0000,-0.5995,1.6295,1.0657,0.0680,1,0.0000
170,0.0000,-0.5995,1.6961,1.1323,0.0666,1,0.0000
171,0.0000,-0.5995,1.7642,1.2003,0.0680,1,0.0000
172,0.0000,-0.5995,1.8308,1.2670,0.0666,1,0.0000
173,0.0000,-0.5995,1.8988,1.3350,0.0680,1,0.0000
174,0.0000,-0.5995,1.9655,1.4016,0.0666,1,0.0000
175,0.0000,-0.5995,2.0335,1.4697,0.0680,1,0.0000
176,0.0000,-0.5995,2.1001,1.5363,0.0666,1,0.0000
177,0.0000,-0.5995,2.1682,1.6043,0.0680,1,0.0000
178,0.0000,-0.5995,2.2348,1.6710,0.0666,1,0.0000
179,0.0000,-0.5995,2.3028,1.7390,0.0680,1,0.0000
180,0.0000,-0.5995,2.3694,1.8056,0.0666,1,0.0000
181,0.0000,-0.5995,2.4375,1.8736,0.0680,1,0.0000
182,0.0000,-0.5995,2.5041,1.9403,0.0666,1,0.0000
183,0.0000,-0.5995,2.4388,1.8749,0.0653,1,0.0000
184,0.0000,-0.5995,2.3721,1.8082,0.0667,1,0.0000
185,0.0000,-0.5995,2.3067,1.7429,0.0653,1,0.0000
186,0.0000,-0.5995,2.2400,1.6762,0.0667,1,0.0000
187,0.0000,-0.5995,2.1747,1.6109,0.0653,1,0.0000
188,0.0000,-0.5995,2.1080,1.5442,0.0667,1,0.0000
189,0.0000,-0.5995,2.0427,1.4788,0.0653,1,0.0000
190,0.0000,-0.5995,1.9760,1.4121,0.0667,1,0.0000
191,0.0000,-0.5995,1.9106,1.3468,0.0653,1,0.0000
192,0.0000,-0.5995,1.8440,1.2801,0.0667,1,0.0000
193,0.0000,-0.5995,1.7786,1.2148,0.0653,1,0.0000
194,0.0000,-0.5995,1.7119,1.1481,0.0667,1,0.0000
195,0.0000,-0.5995,1.6466,1.0827,0.0653,1,0.0000
196,0.0000,-0.5995,1.5799,1.0160,0.0667,1,0.0000
197,0.0000,-0.5995,1.5145,0.9507,0.0654,1,0.0000
198,0.0000,-0.5995,1.4478,0.8840,0.0667,1,0.0000
199,0.0000,-0.5995,1.3825,0.8186,0.0654,1,0.0000
200,0.0000,-0.5995,1.3158,0.7519,0.0667,1,0.0000
201,0.0000,-0.5995,1.2504,0.6866,0.0654,1,0.0000
202,0.0000,-0.5995,1.1837,0.6199,0.0667,1,0.0000
203,0.0000,-0.6002,1.1145,0.5507,0.0692,1,0.0002
204,0.0000,-0.6000,1.0478,0.4840,0.0667,1,0.0000
205,0.0000,-0.6017,0.9780,0.4142,0.0698,1,0.0017
206,0.0000,-0.6014,0.9114,0.3476,0.0666,1,0.0014
207,0.0000,-0.6025,0.8457,0.2818,0.0657,1,0.0025
208,0.0000,-0.6022,0.7791,0.2153,0.0665,1,0.0022
209,-0.0000,-0.6032,0.7135,0.1497,0.0657,1,0.0032
210,-0.0000,-0.6028,0.6470,0.0832,0.0665,1,0.0028
211,-0.0000,-0.6035,0.5815,0.0182,0.0656,1,0.0035
212,-0.0000,-0.6031,0.5151,0.0489,0.0664,1,0.0031
213,-0.0000,-0.6036,0.4496,0.1143,0.0654,1,0.0036
214,-0.0000,-0.6032,0.3834,0.1805,0.0663,1,0.0032
215,-0.0000,-0.6034,0.3180,0.2458,0.0653,1,0.0034
216,-0.0000,-0.6030,0.2519,0.3120,0.0662,1,0.0030
217,-0.0000,-0.6029,0.1867,0.3772,0.0652,1,0.0029
218,-0.0000,-0.6025,0.1206,0.4433,0.0661,1,0.0025
219,-0.0000,-0.6022,0.0555,0.5083,0.0651,1,0.0022
220,-0.0000,-0.6017,-0.0104,0.5743,0.0659,1,0.0017
221,-0.0000,-0.6012,-0.0754,0.6392,0.0650,1,0.0012
222,-0.0000,-0.6008,-0.1412,0.7050,0.0658,1,0.0008
223,-0.0000,-0.6001,-0.2060,0.7698,0.0648,1,0.0001
224,-0.0000,-0.5996,-0.2716,0.8355,0.0657,1,0.0000
225,-0.0000,-0.5989,-0.3363,0.9001,0.0647,1,0.0000
226,-0.0000,-0.5984,-0.4018,0.9656,0.0655,1,0.0000
227,-0.0000,-0.5976,-0.4663,1.0301,0.0645,1,0.0000
228,-0.0000,-0.5971,-0.5316,1.0955,0.0653,1,0.0000
229,-0.0000,-0.5962,-0.5960,1.1598,0.0644,1,0.0000
230,-0.0000,-0.5957,-0.6611,1.2250,0.0652,1,0.0000
231,-0.0000,-0.5948,-0.7253,1.2892,0.0642,1,0.0000
232,-0.0000,-0.5943,-0.7903,1.3541,0.0650,1,0.0000
233,-0.0000,-0.5934,-0.8543,1.4181,0.0640,1,0.0000
234,-0.0000,-0.5929,-0.9190,1.4829,0.0648,1,0.0000
235,-0.0000,-0.5921,-0.9828,1.5467,0.0638,1,0.0000
236,-0.0001,-0.5915,-1.0474,1.6113,0.0646,1,0.0000
237,-0.0001,-0.5907,-1.1110,1.6749,0.0636,1,0.0000
238,-0.0001,-0.5901,-1.1753,1.7392,0.0644,1,0.0000
239,-0.0000,-0.5902,-1.2389,1.8028,0.0636,1,0.0000
240,-0.0000,-0.5897,-1.3031,1.8669,0.0641,1,0.0000
241,-0.0000,-0.5906,-1.3666,1.9304,0.0635,1,0.0000
242,-0.0000,-0.5903,-1.4306,1.9944,0.0640,1,0.0000
243,-0.0000,-0.5914,-1.4939,2.0578,0.0634,1,0.0000
244,-0.0000,-0.5913,-1.5579,2.1218,0.0640,1,0.0000
245,-0.0000,-0.5925,-1.6213,2.1851,0.0634,1,0.0000
246,-0.0000,-0.5926,-1.6852,2.2491,0.0640,1,0.0000
247,-0.0000,-0.5938,-1.7487,2.3125,0.0634,1,0.0000
248,-0.0000,-0.5940,-1.8127,2.3765,0.0640,1,0.0000
249,-0.0000,-0.5951,-1.8761,2.4400,0.0635,1,0.0000
250,-0.0000,-0.5953,-1.9402,2.5041,0.0641,1,0.0000
251,-0.0000,-0.5963,-2.0038,2.5676,0.0636,1,0.0000
252,-0.0000,-0.5965,-2.0679,2.6318,0.0641,1,0.0000
253,-0.0000,-0.5973,-2.1316,2.6954,0.0636,1,0.0000
254,-0.0000,-0.5974,-2.1958,2.7596,0.0642,1,0.0000
255,-0.0001,-0.5980,-2.2595,2.8233,0.0637,1,0.0000
256,-0.0001,-0.5981,-2.3237,2.8876,0.0643,1,0.0000
257,-0.0001,-0.5984,-2.3875,2.9513,0.0638,1,0.0000
258,-0.0001,-0.5985,-2.4518,3.0156,0.0643,1,0.0000
259,-0.0001,-0.5987,-2.5155,3.0794,0.0638,1,0.0000
260,-0.0001,-0.5996,-2.4488,3.0126,0.0668,1,0.0000
261,-0.0001,-0.5988,-2.3817,2.9455,0.0671,1,0.0000
262,-0.0001,-0.5997,-2.3149,2.8787,0.0668,1,0.0000
263,-0.0001,-0.5987,-2.2478,2.8116,0.0671,1,0.0000
264,-0.0001,-0.5981,-2.1812,2.7450,0.0666,1,0.0000
265,-0.0001,-0.5987,-2.1139,2.6777,0.0673,1,0.0000
266,-0.0000,-0.5980,-2.0473,2.6111,0.0666,1,0.0000
267,-0.0000,-0.5986,-1.9800,2.5438,0.0673,1,0.0000
268,-0.0000,-0.5979,-1.9134,2.4772,0.0666,1,0.0000
269,-0.0000,-0.5955,-1.8463,2.4101,0.0671,1,0.0000
270,-0.0000,-0.5965,-1.7795,2.3433,0.0668,1,0.0000
271,-0.0000,-0.5902,-1.7124,2.2762,0.0674,1,0.0000
272,-0.0000,-0.5913,-1.6456,2.2094,0.0668,1,0.0000
273,-0.0000,-0.5856,-1.5784,2.1423,0.0674,1,0.0000
274,-0.0000,-0.5871,-1.5116,2.0755,0.0668,1,0.0000
275,-0.0000,-0.5821,-1.4443,2.0083,0.0674,1,0.0000
276,-0.0000,-0.5842,-1.3775,1.9414,0.0669,1,0.0000
277,-0.0000,-0.5808,-1.3101,1.8740,0.0675,1,0.0000
278,-0.0000,-0.5820,-1.2433,1.8073,0.0668,1,0.0000
279,-0.0000,-0.5809,-1.1758,1.7397,0.0676,1,0.0000
280,-0.0000,-0.5829,-1.1090,1.6729,0.0668,1,0.0000
281,-0.0000,-0.5828,-1.0413,1.6052,0.0677,1,0.0000
282,-0.0000,-0.5847,-0.9745,1.5384,0.0669,1,0.0000
283,-0.0000,-0.5850,-0.9067,1.4706,0.0678,1,0.0000
284,-0.0000,-0.5867,-0.8398,1.4037,0.0669,1,0.0000
285,-0.0000,-0.5885,-0.7720,1.3359,0.0678,1,0.0000
286,-0.0000,-0.5901,-0.7051,1.2689,0.0669,1,0.0000
287,-0.0000,-0.5922,-0.6372,1.2011,0.0679,1,0.0000
288,-0.0000,-0.5937,-0.5703,1.1342,0.0669,1,0.0000
289,-0.0000,-0.5961,-0.5025,1.0664,0.0678,1,0.0000
290,-0.0001,-0.5975,-0.4356,0.9995,0.0669,1,0.0000
291,-0.0001,-0.5999,-0.3679,0.9317,0.0678,1,0.0000
292,-0.0001,-0.6012,-0.3010,0.8649,0.0669,1,0.0012
293,-0.0000,-0.6035,-0.2333,0.7972,0.0677,1,0.0035
294,-0.0001,-0.6048,-0.1665,0.7304,0.0668,1,0.0048
295,-0.0001,-0.6069,-0.0989,0.6628,0.0677,1,0.0069
296,-0.0001,-0.6082,-0.0321,0.5960,0.0668,1,0.0082
297,-0.0001,-0.6101,0.0354,0.5285,0.0676,1,0.0101
298,-0.0001,-0.6113,0.1021,0.4619,0.0667,1,0.0113
299,-0.0001,-0.6128,0.1697,0.3944,0.0676,1,0.0128
300,-0.0001,-0.6139,0.2363,0.3279,0.0666,1,0.0139
301,-0.0001,-0.6127,0.3041,0.2601,0.0679,1,0.0127
302,-0.0001,-0.6135,0.3707,0.1937,0.0665,1,0.0135
303,-0.0001,-0.6095,0.4385,0.1258,0.0679,1,0.0095
304,-0.0001,-0.6103,0.5050,0.0599,0.0665,1,0.0103
305,-0.0001,-0.6056,0.5728,0.0111,0.0680,1,0.0056
306,-0.0001,-0.6064,0.6392,0.0757,0.0664,1,0.0064
307,-0.0001,-0.6019,0.7067,0.1429,0.0677,1,0.0019
308,-0.0001,-0.6027,0.7730,0.2092,0.0663,1,0.0027
309,-0.0001,-0.5982,0.8398,0.2760,0.0669,1,0.0000
310,-0.0001,-0.5991,0.9060,0.3422,0.0662,1,0.0000
311,-0.0001,-0.5946,0.9727,0.4089,0.0669,1,0.0000
312,-0.0001,-0.5955,1.0389,0.4750,0.0661,1,0.0000
313,-0.0001,-0.5926,1.1062,0.5424,0.0674,1,0.0000
314,-0.0001,-0.5937,1.1722,0.6084,0.0660,1,0.0000
315,-0.0001,-0.5929,1.2397,0.6758,0.0675,1,0.0000
316,-0.0001,-0.5941,1.3055,0.7417,0.0659,1,0.0000
317,-0.0001,-0.5947,1.3729,0.8090,0.0673,1,0.0000
318,-0.0001,-0.5959,1.4386,0.8747,0.0657,1,0.0000
319,-0.0001,-0.5976,1.5057,0.9419,0.0672,1,0.0000
320,-0.0001,-0.5989,1.5712,1.0074,0.0655,1,0.0000
321,-0.0001,-0.6014,1.6381,1.0743,0.0670,1,0.0014
322,-0.0001,-0.6027,1.7034,1.1396,0.0653,1,0.0027
323,-0.0001,-0.6056,1.7701,1.2063,0.0667,1,0.0056
324,-0.0001,-0.6069,1.8351,1.2713,0.0650,1,0.0069
325,-0.0001,-0.6100,1.9015,1.3377,0.0665,1,0.0100
326,-0.0001,-0.6113,1.9663,1.4025,0.0648,1,0.0113
327,-0.0001,-0.6144,2.0324,1.4687,0.0662,1,0.0144
328,-0.0001,-0.6157,2.0969,1.5332,0.0645,1,0.0157
329,-0.0001,-0.6187,2.1627,1.5990,0.0659,1,0.0187
330,-0.0001,-0.6199,2.2270,1.6633,0.0642,1,0.0199
331,-0.0001,-0.6180,2.2929,1.7291,0.0659,1,0.0180
332,-0.0001,-0.6190,2.3568,1.7931,0.0640,1,0.0190
333,-0.0001,-0.6142,2.4226,1.8589,0.0660,1,0.0142
334,-0.0001,-0.6149,2.4864,1.9226,0.0637,1,0.0149
335,-0.0001,-0.6097,2.5520,1.9882,0.0658,1,0.0097
336,-0.0001,-0.6100,2.4853,1.9215,0.0667,1,0.0100
337,-0.0001,-0.6046,2.4206,1.8567,0.0650,1,0.0046
338,-0.0001,-0.6049,2.3538,1.7900,0.0667,1,0.0049
339,-0.0001,-0.5999,2.2891,1.7252,0.0650,1,0.0000
340,-0.0001,-0.5991,2.2225,1.6587,0.0666,1,0.0000
341,-0.0001,-0.5956,2.1577,1.5939,0.0649,1,0.0000
342,-0.0001,-0.5951,2.0911,1.5273,0.0666,1,0.0000
343,-0.0001,-0.5935,2.0263,1.4625,0.0649,1,0.0000
344,-0.0001,-0.5931,1.9597,1.3958,0.0666,1,0.0000
345,-0.0001,-0.5919,1.8949,1.3311,0.0648,1,0.0000
346,-0.0001,-0.5918,1.8282,1.2644,0.0667,1,0.0000
347,-0.0001,-0.5903,1.7637,1.1999,0.0646,1,0.0000
348,-0.0001,-0.5904,1.6970,1.1332,0.0667,1,0.0000
349,-0.0001,-0.5912,1.6322,1.0684,0.0648,1,0.0000
350,-0.0001,-0.5915,1.5655,1.0017,0.0667,1,0.0000
351,-0.0001,-0.5913,1.5008,0.9370,0.0646,1,0.0000
352,-0.0001,-0.5917,1.4341,0.8703,0.0667,1,0.0000
353,0.0000,-0.5935,1.3664,0.8026,0.0677,1,0.0000
354,-0.0000,-0.5926,1.2999,0.7361,0.0666,1,0.0000
355,-0.0001,-0.5951,1.2264,0.6625,0.0736,1,0.0000
356,-0.0001,-0.5951,1.1598,0.5959,0.0666,1,0.0000
357,-0.0001,-0.5986,1.0945,0.5307,0.0654,1,0.0000
358,-0.0001,-0.5967,1.0278,0.4640,0.0667,1,0.0000
359,-0.0001,-0.5985,0.9624,0.3986,0.0654,1,0.0000
360,-0.0001,-0.5980,0.8957,0.3318,0.0668,1,0.0000
361,-0.0001,-0.5999,0.8303,0.2664,0.0654,1,0.0000
362,-0.0001,-0.5996,0.7634,0.1996,0.0668,1,0.0000
363,-0.0001,-0.5997,0.6980,0.1342,0.0654,1,0.0000
364,-0.0001,-0.5990,0.6311,0.0673,0.0669,1,0.0000
365,-0.0001,-0.5994,0.5657,0.0019,0.0655,1,0.0000
366,-0.0001,-0.5987,0.4988,0.0651,0.0669,1,0.0000
367,-0.0001,-0.5986,0.4333,0.1306,0.0655,1,0.0000
368,-0.0001,-0.5978,0.3664,0.1975,0.0669,1,0.0000
369,-0.0001,-0.5972,0.3009,0.2630,0.0655,1,0.0000
370,-0.0001,-0.5964,0.2340,0.3299,0.0669,1,0.0000
371,-0.0001,-0.5955,0.1685,0.3954,0.0655,1,0.0000
372,-0.0001,-0.5946,0.1016,0.4623,0.0669,1,0.0000
373,-0.0001,-0.5933,0.0361,0.5278,0.0655,1,0.0000
374,-0.0001,-0.5925,-0.0308,0.5947,0.0669,1,0.0000
375,-0.0001,-0.5910,-0.0962,0.6601,0.0655,1,0.0000
376,-0.0001,-0.5900,-0.1630,0.7269,0.0668,1,0.0000
377,-0.0001,-0.5884,-0.2284,0.7923,0.0654,1,0.0000
378,-0.0001,-0.5875,-0.2952,0.8591,0.0667,1,0.0000
379,-0.0001,-0.5882,-0.3607,0.9246,0.0655,1,0.0000
380,-0.0001,-0.5874,-0.4273,0.9912,0.0666,1,0.0000
381,-0.0001,-0.5900,-0.4927,1.0566,0.0655,1,0.0000
382,-0.0001,-0.5895,-0.5593,1.1232,0.0666,1,0.0000
383,-0.0001,-0.5920,-0.6247,1.1886,0.0654,1,0.0000
384,-0.0001,-0.5919,-0.6912,1.2551,0.0665,1,0.0000
385,-0.0001,-0.5942,-0.7567,1.3205,0.0655,1,0.0000
386,-0.0001,-0.5943,-0.8232,1.3870,0.0665,1,0.0000
387,-0.0001,-0.5963,-0.8886,1.4525,0.0655,1,0.0000
388,-0.0001,-0.5966,-0.9552,1.5190,0.0666,1,0.0000
389,-0.0001,-0.5982,-1.0207,1.5845,0.0655,1,0.0000
390,-0.0001,-0.5985,-1.0873,1.6511,0.0666,1,0.0000
391,-0.0001,-0.5998,-1.1528,1.7167,0.0656,1,0.0000
392,-0.0001,-0.6001,-1.2195,1.7833,0.0666,1,0.0001
393,-0.0056,-0.6011,-1.2856,1.8494,0.0664,1,0.0011
394,-0.0057,-0.6014,-1.3522,1.9161,0.0666,1,0.0014
395,-0.0115,-0.6020,-1.4185,1.9823,0.0665,1,0.0020
396,-0.0117,-0.6022,-1.4851,2.0490,0.0667,1,0.0022
397,-0.0164,-0.6025,-1.5513,2.1152,0.0663,1,0.0025
398,-0.0166,-0.6027,-1.6180,2.1819,0.0667,1,0.0027
399,-0.0205,-0.6026,-1.6841,2.2480,0.0662,1,0.0026
400,-0.0208,-0.6027,-1.7508,2.3147,0.0667,1,0.0027
401,-0.0242,-0.6025,-1.8169,2.3808,0.0662,1,0.0025
402,-0.0245,-0.6025,-1.8836,2.4475,0.0667,1,0.0025
403,-0.0277,-0.6022,-1.9497,2.5137,0.0662,1,0.0022
404,-0.0280,-0.6022,-2.0164,2.5804,0.0667,1,0.0022
405,-0.0311,-0.6018,-2.0825,2.6465,0.0662,1,0.0018
406,-0.0314,-0.6017,-2.1492,2.7132,0.0667,1,0.0017
407,-0.0343,-0.6013,-2.2153,2.7793,0.0662,1,0.0013
408,-0.0346,-0.6013,-2.2820,2.8461,0.0667,1,0.0013
409,-0.0376,-0.6009,-2.3481,2.9122,0.0661,1,0.0009
410,-0.0378,-0.6008,-2.4148,2.9789,0.0667,1,0.0008
411,-0.0408,-0.6005,-2.4809,3.0450,0.0662,1,0.0005
412,-0.0411,-0.6004,-2.5476,3.1118,0.0667,1,0.0004
413,-0.0433,-0.6001,-2.4804,3.0446,0.0673,1,0.0001
414,-0.0429,-0.6000,-2.4138,2.9780,0.0666,1,0.0000
415,-0.0452,-0.5998,-2.3466,2.9108,0.0673,1,0.0000
416,-0.0448,-0.5997,-2.2800,2.8441,0.0666,1,0.0000
417,-0.0471,-0.5996,-2.2127,2.7770,0.0673,1,0.0000
418,-0.0467,-0.5995,-2.1461,2.7104,0.0666,1,0.0000
419,-0.0491,-0.5995,-2.0789,2.6432,0.0673,1,0.0000
420,-0.0487,-0.5994,-2.0123,2.5766,0.0666,1,0.0000
421,-0.0512,-0.5995,-1.9450,2.5094,0.0673,1,0.0000
422,-0.0508,-0.5994,-1.8784,2.4428,0.0666,1,0.0000
423,-0.0534,-0.5995,-1.8112,2.3757,0.0673,1,0.0000
424,-0.0529,-0.5995,-1.7446,2.3091,0.0666,1,0.0000
425,-0.0556,-0.5996,-1.6774,2.2419,0.0673,1,0.0000
426,-0.0552,-0.5996,-1.6108,2.1753,0.0666,1,0.0000
427,-0.0580,-0.5997,-1.5436,2.1082,0.0672,1,0.0000
428,-0.0576,-0.5997,-1.4770,2.0416,0.0666,1,0.0000
429,-0.0650,-0.6001,-1.4106,1.9755,0.0668,1,0.0001
430,-0.0644,-0.6000,-1.3440,1.9089,0.0666,1,0.0000
431,-0.0716,-0.6003,-1.2777,1.8429,0.0667,1,0.0003
432,-0.0710,-0.6002,-1.2110,1.7763,0.0666,1,0.0002
433,-0.0768,-0.6004,-1.1446,1.7102,0.0667,1,0.0004
434,-0.0761,-0.6003,-1.0780,1.6436,0.0666,1,0.0003
435,-0.0812,-0.6005,-1.0115,1.5774,0.0667,1,0.0005
436,-0.0805,-0.6003,-0.9449,1.5109,0.0666,1,0.0003
437,-0.0852,-0.6005,-0.8783,1.4447,0.0667,1,0.0005
438,-0.0845,-0.6003,-0.8117,1.3781,0.0666,1,0.0003
439,-0.0890,-0.6004,-0.7451,1.3120,0.0667,1,0.0004
440,-0.0883,-0.6003,-0.6785,1.2455,0.0666,1,0.0003
441,-0.0927,-0.6003,-0.6119,1.1794,0.0667,1,0.0003
442,-0.0920,-0.6002,-0.5453,1.1129,0.0666,1,0.0002
443,-0.0964,-0.6003,-0.4787,1.0470,0.0667,1,0.0003
444,-0.0956,-0.6001,-0.4121,0.9806,0.0666,1,0.0001
445,-0.1001,-0.6001,-0.3455,0.9148,0.0668,1,0.0001
446,-0.0993,-0.5999,-0.2788,0.8485,0.0666,1,0.0000
447,-0.1038,-0.6000,-0.2122,0.7830,0.0668,1,0.0000
448,-0.1030,-0.5998,-0.1456,0.7169,0.0666,1,0.0000
449,-0.1076,-0.5999,-0.0790,0.6518,0.0668,1,0.0000
450,-0.1068,-0.5997,-0.0123,0.5860,0.0667,1,0.0000
451,-0.1114,-0.5998,0.0542,0.5216,0.0667,1,0.0000
452,-0.1106,-0.5995,0.1209,0.4565,0.0667,1,0.0000
453,-0.1153,-0.5997,0.1875,0.3936,0.0667,1,0.0000
454,-0.1145,-0.5994,0.2541,0.3302,0.0667,1,0.0000
455,-0.1192,-0.5995,0.3207,0.2708,0.0667,1,0.0000
456,-0.1184,-0.5993,0.3873,0.2125,0.0667,1,0.0000
457,-0.1233,-0.5995,0.4538,0.1652,0.0667,1,0.0000
458,-0.1224,-0.5992,0.5205,0.1299,0.0667,1,0.0000
459,-0.1274,-0.5994,0.5870,0.1295,0.0667,1,0.0000
460,-0.1266,-0.5991,0.6537,0.1552,0.0667,1,0.0000
461,-0.1320,-0.5993,0.7198,0.2044,0.0664,1,0.0000
462,-0.1312,-0.5990,0.7865,0.2585,0.0667,1,0.0000
463,-0.1378,-0.5992,0.8519,0.3193,0.0657,1,0.0000
464,-0.1369,-0.5989,0.9186,0.3802,0.0667,1,0.0000
465,-0.1432,-0.5991,0.9842,0.4441,0.0659,1,0.0000
466,-0.1422,-0.5987,1.0509,0.5074,0.0668,1,0.0000
467,-0.1485,-0.5989,1.1166,0.5724,0.0660,1,0.0000
468,-0.1474,-0.5985,1.1834,0.6369,0.0668,1,0.0000
469,-0.1537,-0.5987,1.2492,0.7024,0.0661,1,0.0000
470,-0.1526,-0.5983,1.3160,0.7675,0.0668,1,0.0000
471,-0.1588,-0.5985,1.3819,0.8333,0.0662,1,0.0000
472,-0.1577,-0.5981,1.4487,0.8988,0.0668,1,0.0000
473,-0.1640,-0.5982,1.5147,0.9649,0.0662,1,0.0000
474,-0.1629,-0.5978,1.5815,1.0306,0.0669,1,0.0000
475,-0.1692,-0.5979,1.6475,1.0968,0.0663,1,0.0000
476,-0.1681,-0.5975,1.7143,1.1627,0.0669,1,0.0000
477,-0.1744,-0.5977,1.7803,1.2289,0.0663,1,0.0000
478,-0.1733,-0.5973,1.8472,1.2950,0.0669,1,0.0000
479,-0.1796,-0.5974,1.9132,1.3613,0.0663,1,0.0000
480,-0.1785,-0.5970,1.9801,1.4275,0.0669,1,0.0000
481,-0.1848,-0.5972,2.0462,1.4938,0.0664,1,0.0000
482,-0.1837,-0.5968,2.1130,1.5601,0.0669,1,0.0000
483,-0.1901,-0.5970,2.1791,1.6264,0.0664,1,0.0000
484,-0.1889,-0.5966,2.2460,1.6928,0.0669,1,0.0000
485,-0.1952,-0.5968,2.3121,1.7591,0.0664,1,0.0000
486,-0.1941,-0.5964,2.3790,1.8255,0.0669,1,0.0000
487,-0.2004,-0.5967,2.4451,1.8919,0.0664,1,0.0000
488,-0.1993,-0.5963,2.5120,1.9584,0.0669,1,0.0000
489,-0.2076,-0.5967,2.4448,1.8924,0.0678,1,0.0000
490,-0.2085,-0.5965,2.3784,1.8265,0.0664,1,0.0000
491,-0.2167,-0.5970,2.3111,1.7607,0.0678,1,0.0000
492,-0.2176,-0.5967,2.2447,1.6949,0.0664,1,0.0000
493,-0.2259,-0.5972,2.1774,1.6293,0.0678,1,0.0000
494,-0.2268,-0.5970,2.1110,1.5637,0.0664,1,0.0000
495,-0.2352,-0.5974,2.0437,1.4984,0.0678,1,0.0000
496,-0.2361,-0.5972,1.9772,1.4330,0.0664,1,0.0000
497,-0.2444,-0.5977,1.9099,1.3681,0.0678,1,0.0000
498,-0.2453,-0.5974,1.8435,1.3029,0.0665,1,0.0000
499,-0.2536,-0.5979,1.7761,1.2385,0.0679,1,0.0000
500,-0.2545,-0.5977,1.7097,1.1737,0.0665,1,0.0000
501,-0.2629,-0.5981,1.6423,1.1100,0.0679,1,0.0000
502,-0.2308,-0.5953,1.6026,1.0641,0.0511,1,0.0000
503,-0.2091,-0.5959,1.5529,1.0109,0.0542,1,0.0000
504,-0.1889,-0.5963,1.4935,0.9487,0.0627,1,0.0000
505,-0.1959,-0.5984,1.4270,0.8851,0.0669,1,0.0000
506,-0.1950,-0.5983,1.3604,0.8201,0.0666,1,0.0000
507,-0.2008,-0.5986,1.2938,0.7571,0.0668,1,0.0000
508,-0.2012,-0.5985,1.2272,0.6932,0.0666,1,0.0000
509,-0.2074,-0.5988,1.1606,0.6318,0.0669,1,0.0000
510,-0.2080,-0.5987,1.0940,0.5695,0.0666,1,0.0000
511,-0.2142,-0.5990,1.0274,0.5107,0.0669,1,0.0000
512,-0.2149,-0.5988,0.9608,0.4514,0.0666,1,0.0000
513,-0.2210,-0.5991,0.8942,0.3974,0.0669,1,0.0000
514,-0.2215,-0.5990,0.8275,0.3444,0.0666,1,0.0000
515,-0.2273,-0.5993,0.7609,0.3008,0.0669,1,0.0000
516,-0.2275,-0.5992,0.6943,0.2622,0.0666,1,0.0000
517,-0.2329,-0.5994,0.6277,0.2415,0.0668,1,0.0000
518,-0.2327,-0.5993,0.5610,0.2327,0.0666,1,0.0000
519,-0.2377,-0.5995,0.4944,0.2476,0.0668,1,0.0000
520,-0.2371,-0.5994,0.4277,0.2734,0.0667,1,0.0000
521,-0.2417,-0.5996,0.3611,0.3155,0.0668,1,0.0000
522,-0.2408,-0.5995,0.2944,0.3613,0.0667,1,0.0000
523,-0.2449,-0.5997,0.2278,0.4158,0.0668,1,0.0000
524,-0.2436,-0.5996,0.1611,0.4707,0.0667,1,0.0000
525,-0.2473,-0.5998,0.0945,0.5305,0.0667,1,0.0000
526,-0.2457,-0.5997,0.0278,0.5897,0.0667,1,0.0000
527,-0.2491,-0.5999,-0.0388,0.6521,0.0667,1,0.0000
528,-0.2473,-0.5998,-0.1055,0.7136,0.0667,1,0.0000
529,-0.2504,-0.5999,-0.1722,0.7774,0.0667,1,0.0000
530,-0.2483,-0.5999,-0.2389,0.8402,0.0667,1,0.0000
531,-0.2512,-0.6000,-0.3055,0.9049,0.0667,1,0.0000
532,-0.2490,-0.5999,-0.3722,0.9686,0.0668,1,0.0000
533,-0.2518,-0.6001,-0.4389,1.0338,0.0667,1,0.0001
534,-0.2495,-0.6000,-0.5056,1.0982,0.0668,1,0.0000
535,-0.2521,-0.6001,-0.5723,1.1638,0.0667,1,0.0001
536,-0.2498,-0.6001,-0.6390,1.2285,0.0668,1,0.0001
537,-0.2524,-0.6002,-0.7057,1.2944,0.0667,1,0.0002
538,-0.2500,-0.6001,-0.7724,1.3594,0.0668,1,0.0001
539,-0.2527,-0.6003,-0.8391,1.4255,0.0667,1,0.0003
540,-0.2503,-0.6002,-0.9058,1.4908,0.0668,1,0.0002
541,-0.2530,-0.6004,-0.9725,1.5571,0.0668,1,0.0004
542,-0.2536,-0.6003,-1.0393,1.6230,0.0667,1,0.0003
543,-0.2593,-0.6005,-1.1060,1.6898,0.0669,1,0.0005
544,-0.2599,-0.6004,-1.1727,1.7559,0.0667,1,0.0004
545,-0.2658,-0.6005,-1.2394,1.8227,0.0670,1,0.0005
546,-0.2663,-0.6004,-1.3061,1.8888,0.0667,1,0.0004
547,-0.2723,-0.6006,-1.3729,1.9558,0.0670,1,0.0006
548,-0.2729,-0.6005,-1.4396,2.0220,0.0668,1,0.0005
549,-0.2790,-0.6008,-1.5064,2.0889,0.0670,1,0.0008
550,-0.2796,-0.6007,-1.5731,2.1552,0.0668,1,0.0007
551,-0.2859,-0.6009,-1.6400,2.2223,0.0671,1,0.0009
552,-0.2866,-0.6008,-1.7067,2.2886,0.0668,1,0.0008
553,-0.2930,-0.6010,-1.7736,2.3557,0.0672,1,0.0010
554,-0.2937,-0.6009,-1.8403,2.4221,0.0668,1,0.0009
555,-0.2899,-0.6003,-1.9070,2.4878,0.0668,1,0.0003
556,-0.2903,-0.6003,-1.9738,2.5542,0.0667,1,0.0003
557,-0.2859,-0.5996,-2.0402,2.6196,0.0665,1,0.0000
558,-0.2862,-0.5996,-2.1069,2.6860,0.0667,1,0.0000
559,-0.2840,-0.5992,-2.1730,2.7516,0.0662,1,0.0000
560,-0.2842,-0.5992,-2.2397,2.8180,0.0667,1,0.0000
561,-0.2834,-0.5989,-2.3058,2.8836,0.0660,1,0.0000
562,-0.2835,-0.5989,-2.3725,2.9500,0.0667,1,0.0000
563,-0.2835,-0.5988,-2.4384,3.0156,0.0659,1,0.0000
564,-0.2837,-0.5988,-2.5051,3.0820,0.0667,1,0.0000
565,-0.2838,-0.5988,-2.4377,3.0149,0.0674,1,0.0000
566,-0.2836,-0.5988,-2.3710,2.9485,0.0666,1,0.0000
567,-0.2840,-0.5989,-2.3036,2.8814,0.0675,1,0.0000
568,-0.2838,-0.5989,-2.2369,2.8151,0.0666,1,0.0000
569,-0.2845,-0.5990,-2.1695,2.7481,0.0675,1,0.0000
570,-0.2843,-0.5990,-2.1028,2.6818,0.0666,1,0.0000
571,-0.2851,-0.5992,-2.0353,2.6147,0.0675,1,0.0000
572,-0.2850,-0.5992,-1.9687,2.5485,0.0666,1,0.0000
573,-0.2857,-0.5994,-1.9012,2.4815,0.0675,1,0.0000
574,-0.2856,-0.5994,-1.8345,2.4153,0.0666,1,0.0000
575,-0.2864,-0.5995,-1.7671,2.3484,0.0675,1,0.0000
576,-0.2863,-0.5996,-1.7004,2.2823,0.0666,1,0.0000
577,-0.2871,-0.5997,-1.6329,2.2154,0.0675,1,0.0000
578,-0.2870,-0.5997,-1.5663,2.1494,0.0666,1,0.0000
579,-0.2878,-0.5998,-1.4988,2.0826,0.0675,1,0.0000
580,-0.2877,-0.5999,-1.4321,2.0166,0.0666,1,0.0000
581,-0.2885,-0.5999,-1.3646,1.9499,0.0675,1,0.0000
582,-0.2883,-0.6000,-1.2980,1.8840,0.0666,1,0.0000
583,-0.2891,-0.6000,-1.2305,1.8175,0.0675,1,0.0000
584,-0.2890,-0.6000,-1.1639,1.7517,0.0666,1,0.0000
585,-0.2898,-0.6001,-1.0964,1.6853,0.0675,1,0.0001
586,-0.2897,-0.6001,-1.0297,1.6197,0.0666,1,0.0001
587,-0.2905,-0.6001,-0.9622,1.5535,0.0675,1,0.0001
588,-0.2903,-0.6001,-0.8956,1.4880,0.0666,1,0.0001
589,-0.2911,-0.6001,-0.8281,1.4221,0.0675,1,0.0001
590,-0.2910,-0.6001,-0.7615,1.3569,0.0666,1,0.0001
591,-0.2917,-0.6001,-0.6940,1.2912,0.0675,1,0.0001
592,-0.2905,-0.6000,-0.6273,1.2261,0.0667,1,0.0000
593,-0.2897,-0.6000,-0.5598,1.1604,0.0675,1,0.0000
594,-0.2882,-0.6000,-0.4932,1.0956,0.0667,1,0.0000
595,-0.2877,-0.6000,-0.4257,1.0305,0.0675,1,0.0000
596,-0.2864,-0.6000,-0.3591,0.9664,0.0666,1,0.0000
597,-0.2861,-0.6000,-0.2916,0.9020,0.0675,1,0.0000
598,-0.2851,-0.5999,-0.2250,0.8387,0.0666,1,0.0000
599,-0.2850,-0.5999,-0.1575,0.7756,0.0675,1,0.0000
600,-0.2841,-0.5999,-0.0908,0.7137,0.0666,1,0.0000
601,-0.2842,-0.5999,-0.0233,0.6524,0.0675,1,0.0000
602,-0.2836,-0.5999,0.0433,0.5928,0.0666,1,0.0000
603,-0.2839,-0.5999,0.1108,0.5347,0.0675,1,0.0000
604,-0.2834,-0.5999,0.1774,0.4792,0.0666,1,0.0000
605,-0.2839,-0.5998,0.2449,0.4270,0.0675,1,0.0000
606,-0.2835,-0.5998,0.3115,0.3795,0.0666,1,0.0000
607,-0.2841,-0.5998,0.3790,0.3389,0.0675,1,0.0000
608,-0.2838,-0.5998,0.4457,0.3075,0.0666,1,0.0000
609,-0.2845,-0.5998,0.5131,0.2890,0.0675,1,0.0000
610,-0.2843,-0.5998,0.5798,0.2847,0.0666,1,0.0000
611,-0.2849,-0.5998,0.6473,0.2969,0.0675,1,0.0000
612,-0.2847,-0.5998,0.7139,0.3219,0.0666,1,0.0000
613,-0.2854,-0.5998,0.7814,0.3589,0.0675,1,0.0000
614,-0.2852,-0.5998,0.8480,0.4026,0.0666,1,0.0000
615,-0.2859,-0.5998,0.9155,0.4532,0.0675,1,0.0000
616,-0.2856,-0.5998,0.9821,0.5065,0.0666,1,0.0000
617,-0.2862,-0.5999,1.0496,0.5638,0.0675,1,0.0000
618,-0.2858,-0.5999,1.1163,0.6220,0.0666,1,0.0000
619,-0.2864,-0.5999,1.1837,0.6829,0.0675,1,0.0000
620,-0.2860,-0.5999,1.2504,0.7437,0.0666,1,0.0000
621,-0.2865,-0.5999,1.3178,0.8066,0.0675,1,0.0000
622,-0.2859,-0.5999,1.3845,0.8690,0.0666,1,0.0000
623,-0.2863,-0.5999,1.4519,0.9331,0.0675,1,0.0000
624,-0.2857,-0.5999,1.5186,0.9966,0.0666,1,0.0000
625,-0.2866,-0.5999,1.5860,1.0616,0.0675,1,0.0000
626,-0.2865,-0.5999,1.6527,1.1259,0.0666,1,0.0000
627,-0.2876,-0.6000,1.7201,1.1915,0.0675,1,0.0000
628,-0.2874,-0.6000,1.7868,1.2563,0.0666,1,0.0000
629,-0.2887,-0.6001,1.8542,1.3222,0.0674,1,0.0001
630,-0.2884,-0.6001,1.9208,1.3873,0.0667,1,0.0001
631,-0.2899,-0.6002,1.9882,1.4535,0.0674,1,0.0002
632,-0.2896,-0.6001,2.0548,1.5189,0.0667,1,0.0001
633,-0.2913,-0.6001,2.1221,1.5853,0.0673,1,0.0001
634,-0.2910,-0.6001,2.1888,1.6508,0.0667,1,0.0001
635,-0.2929,-0.6001,2.2561,1.7174,0.0673,1,0.0001
636,-0.2925,-0.6000,2.3228,1.7831,0.0667,1,0.0000
637,-0.2945,-0.6000,2.3901,1.8498,0.0673,1,0.0000
638,-0.2941,-0.6000,2.4567,1.9156,0.0667,1,0.0000
639,-0.2850,-0.5998,2.5195,1.9764,0.0635,1,0.0000
640,-0.2852,-0.5999,2.4529,1.9105,0.0667,1,0.0000
641,-0.2879,-0.5998,2.3868,1.8456,0.0661,1,0.0000
642,-0.2882,-0.5998,2.3202,1.7798,0.0667,1,0.0000
643,-0.2909,-0.5997,2.2541,1.7151,0.0661,1,0.0000
644,-0.2911,-0.5997,2.1874,1.6495,0.0667,1,0.0000
645,-0.2939,-0.5997,2.1214,1.5850,0.0661,1,0.0000
646,-0.2941,-0.5996,2.0547,1.5196,0.0667,1,0.0000
647,-0.2969,-0.5996,1.9886,1.4554,0.0661,1,0.0000
648,-0.2971,-0.5996,1.9220,1.3902,0.0667,1,0.0000
649,-0.2999,-0.5996,1.8559,1.3264,0.0661,1,0.0000
650,-0.3001,-0.5996,1.7892,1.2616,0.0667,1,0.0000
651,-0.3029,-0.5996,1.7231,1.1982,0.0661,1,0.0000
652,-0.3032,-0.5995,1.6565,1.1339,0.0667,1,0.0000
653,-0.2793,-0.5986,1.6069,1.0798,0.0550,1,0.0000
654,-0.2565,-0.5987,1.5493,1.0183,0.0619,1,0.0000
655,-0.2567,-0.5995,1.4835,0.9548,0.0659,1,0.0000
656,-0.2557,-0.5994,1.4169,0.8905,0.0666,1,0.0000
657,-0.2581,-0.5996,1.3508,0.8282,0.0661,1,0.0000
658,-0.2573,-0.5996,1.2841,0.7648,0.0667,1,0.0000
659,-0.2593,-0.5997,1.2180,0.7037,0.0661,1,0.0000
660,-0.2585,-0.5996,1.1513,0.6418,0.0667,1,0.0000
661,-0.2605,-0.5997,1.0852,0.5828,0.0661,1,0.0000
662,-0.2596,-0.5997,1.0185,0.5235,0.0667,1,0.0000
663,-0.2615,-0.5998,0.9524,0.4683,0.0662,1,0.0000
664,-0.2604,-0.5997,0.8857,0.4140,0.0667,1,0.0000
665,-0.2623,-0.5998,0.8195,0.3663,0.0662,1,0.0000
666,-0.2610,-0.5998,0.7529,0.3223,0.0667,1,0.0000
667,-0.2642,-0.6000,0.6862,0.2911,0.0668,1,0.0000
668,-0.2614,-0.5999,0.6195,0.2672,0.0667,1,0.0000
669,-0.2675,-0.6005,0.5513,0.2678,0.0685,1,0.0005
670,-0.2611,-0.6010,0.4846,0.2729,0.0670,1,0.0010
671,-0.2627,-0.6014,0.4166,0.3012,0.0681,1,0.0014
672,-0.2531,-0.6012,0.3498,0.3314,0.0674,1,0.0012
673,-0.2519,-0.6014,0.2818,0.3782,0.0680,1,0.0014
674,-0.2409,-0.6012,0.2151,0.4239,0.0677,1,0.0012
675,-0.2384,-0.6013,0.1470,0.4802,0.0680,1,0.0013
676,-0.2270,-0.6011,0.0803,0.5342,0.0678,1,0.0011
677,-0.2243,-0.6012,0.0123,0.5954,0.0681,1,0.0012
678,-0.2132,-0.6009,-0.0545,0.6541,0.0677,1,0.0009
679,-0.2110,-0.6010,-0.1225,0.7181,0.0680,1,0.0010
680,-0.2007,-0.6007,-0.1893,0.7795,0.0676,1,0.0007
681,-0.1994,-0.6009,-0.2574,0.8451,0.0680,1,0.0009
682,-0.1902,-0.6006,-0.3242,0.9082,0.0674,1,0.0006
683,-0.1901,-0.6009,-0.3922,0.9747,0.0680,1,0.0009
684,-0.1822,-0.6005,-0.4590,1.0390,0.0673,1,0.0005
685,-0.1834,-0.6010,-0.5270,1.1062,0.0680,1,0.0010
686,-0.1769,-0.6006,-0.5939,1.1711,0.0671,1,0.0006
687,-0.1795,-0.6011,-0.6619,1.2388,0.0681,1,0.0011
688,-0.1733,-0.6001,-0.7287,1.3041,0.0672,1,0.0001
689,-0.1772,-0.6008,-0.7968,1.3721,0.0681,1,0.0008
690,-0.1732,-0.6003,-0.8636,1.4379,0.0670,1,0.0003
691,-0.1781,-0.6010,-0.9317,1.5061,0.0682,1,0.0010
692,-0.1788,-0.6006,-0.9985,1.5725,0.0668,1,0.0006
693,-0.1887,-0.6013,-1.0665,1.6412,0.0687,1,0.0013
694,-0.1896,-0.6009,-1.1333,1.7077,0.0668,1,0.0009
695,-0.1995,-0.6016,-1.2013,1.7764,0.0687,1,0.0016
696,-0.2004,-0.6012,-1.2682,1.8429,0.0668,1,0.0012
697,-0.2103,-0.6019,-1.3362,1.9116,0.0688,1,0.0019
698,-0.2112,-0.6015,-1.4030,1.9782,0.0669,1,0.0015
699,-0.2211,-0.6021,-1.4710,2.0468,0.0687,1,0.0021
700,-0.2220,-0.6017,-1.5379,2.1134,0.0669,1,0.0017
701,-0.2318,-0.6023,-1.6058,2.1820,0.0686,1,0.0023
702,-0.2328,-0.6020,-1.6727,2.2486,0.0669,1,0.0020
703,-0.2424,-0.6025,-1.7406,2.3171,0.0686,1,0.0025
704,-0.2433,-0.6021,-1.8074,2.3837,0.0669,1,0.0021
705,-0.2527,-0.6026,-1.8753,2.4522,0.0685,1,0.0026
706,-0.2536,-0.6023,-1.9422,2.5188,0.0669,1,0.0023
707,-0.2627,-0.6027,-2.0100,2.5872,0.0684,1,0.0027
708,-0.2637,-0.6024,-2.0769,2.6539,0.0669,1,0.0024
709,-0.2726,-0.6027,-2.1447,2.7222,0.0684,1,0.0027
710,-0.2735,-0.6025,-2.2116,2.7889,0.0669,1,0.0025
711,-0.2823,-0.6028,-2.2794,2.8572,0.0683,1,0.0028
712,-0.2832,-0.6025,-2.3463,2.9239,0.0669,1,0.0025
713,-0.2919,-0.6028,-2.4141,2.9922,0.0683,1,0.0028
714,-0.2928,-0.6026,-2.4810,3.0589,0.0669,1,0.0026
715,-0.3014,-0.6029,-2.5487,3.1271,0.0683,1,0.0029
716,-0.3003,-0.6025,-2.4823,3.0609,0.0664,1,0.0025
717,-0.3069,-0.6026,-2.4167,2.9963,0.0660,1,0.0026
718,-0.3058,-0.6023,-2.3503,2.9302,0.0664,1,0.0023
719,-0.3124,-0.6024,-2.2847,2.8656,0.0660,1,0.0024
720,-0.3113,-0.6020,-2.2182,2.7994,0.0664,1,0.0020
721,-0.3179,-0.6022,-2.1525,2.7349,0.0660,1,0.0022
722,-0.3168,-0.6018,-2.0861,2.6688,0.0664,1,0.0018
723,-0.3234,-0.6020,-2.0204,2.6044,0.0661,1,0.0020
724,-0.3224,-0.6017,-1.9539,2.5383,0.0665,1,0.0017
725,-0.3290,-0.6019,-1.8881,2.4740,0.0661,1,0.0019
726,-0.3280,-0.6015,-1.8217,2.4080,0.0665,1,0.0015
727,-0.3346,-0.6017,-1.7559,2.3437,0.0661,1,0.0017
728,-0.3336,-0.6013,-1.6894,2.2778,0.0665,1,0.0013
729,-0.3402,-0.6016,-1.6236,2.2137,0.0661,1,0.0016
730,-0.3392,-0.6012,-1.5571,2.1479,0.0665,1,0.0012
731,-0.3459,-0.6014,-1.4913,2.0840,0.0662,1,0.0014
732,-0.3448,-0.6010,-1.4248,2.0183,0.0665,1,0.0010
733,-0.3516,-0.6013,-1.3590,1.9547,0.0662,1,0.0013
734,-0.3505,-0.6009,-1.2924,1.8891,0.0665,1,0.0009
735,-0.3573,-0.6012,-1.2266,1.8257,0.0662,1,0.0012
736,-0.3563,-0.6008,-1.1601,1.7603,0.0665,1,0.0008
737,-0.3317,-0.5985,-1.1414,1.7372,0.0310,1,0.0000
738,-0.2972,-0.6007,-1.1136,1.7036,0.0443,1,0.0007
739,-0.2717,-0.5983,-1.0776,1.6638,0.0442,1,0.0000
740,-0.2404,-0.5982,-1.0314,1.6132,0.0558,1,0.0000
741,-0.2235,-0.5989,-0.9763,1.5563,0.0576,1,0.0000
742,-0.2099,-0.5995,-0.9124,1.4911,0.0654,1,0.0000
743,-0.2170,-0.6008,-0.8466,1.4271,0.0661,1,0.0008
744,-0.2131,-0.6004,-0.7801,1.3607,0.0667,1,0.0004
745,-0.2160,-0.6007,-0.7145,1.2964,0.0657,1,0.0007
746,-0.2106,-0.6003,-0.6479,1.2299,0.0667,1,0.0003
747,-0.2136,-0.6006,-0.5823,1.1659,0.0657,1,0.0006
748,-0.2080,-0.6002,-0.5158,1.0995,0.0668,1,0.0002
749,-0.2110,-0.6005,-0.4503,1.0358,0.0656,1,0.0005
750,-0.2052,-0.6000,-0.3837,0.9695,0.0668,1,0.0000
751,-0.2081,-0.6004,-0.3183,0.9063,0.0655,1,0.0004
752,-0.2021,-0.5999,-0.2517,0.8402,0.0668,1,0.0000
753,-0.1930,-0.5994,-0.1858,0.7741,0.0665,1,0.0000
754,-0.1922,-0.5990,-0.1192,0.7095,0.0666,1,0.0000
755,-0.1880,-0.5985,-0.0526,0.6445,0.0667,1,0.0000
756,-0.1875,-0.5984,0.0141,0.5809,0.0667,1,0.0000
757,-0.1858,-0.5982,0.0810,0.5173,0.0670,1,0.0000
758,-0.1855,-0.5982,0.1477,0.4556,0.0667,1,0.0000
759,-0.1849,-0.5982,0.2149,0.3949,0.0672,1,0.0000
760,-0.1847,-0.5984,0.2816,0.3373,0.0667,1,0.0000
761,-0.1845,-0.5985,0.3489,0.2833,0.0673,1,0.0000
762,-0.1845,-0.5987,0.4156,0.2367,0.0667,1,0.0000
763,-0.1844,-0.5988,0.4830,0.2014,0.0674,1,0.0000
764,-0.1845,-0.5990,0.5497,0.1850,0.0667,1,0.0000
765,-0.1844,-0.5991,0.6171,0.1919,0.0674,1,0.0000
766,-0.1845,-0.5993,0.6838,0.2200,0.0667,1,0.0000
767,-0.1843,-0.5993,0.7513,0.2628,0.0675,1,0.0000
768,-0.1844,-0.5995,0.8179,0.3139,0.0667,1,0.0000
769,-0.1841,-0.5995,0.8854,0.3706,0.0675,1,0.0000
770,-0.1843,-0.5996,0.9521,0.4297,0.0667,1,0.0000
771,-0.1839,-0.5996,1.0196,0.4914,0.0675,1,0.0000
772,-0.1841,-0.5997,1.0862,0.5538,0.0666,1,0.0000
773,-0.1837,-0.5997,1.1537,0.6178,0.0675,1,0.0000
774,-0.1838,-0.5997,1.2203,0.6817,0.0666,1,0.0000
775,-0.1834,-0.5997,1.2878,0.7468,0.0675,1,0.0000
776,-0.1835,-0.5998,1.3545,0.8116,0.0666,1,0.0000
777,-0.1830,-0.5998,1.4220,0.8774,0.0675,1,0.0000
778,-0.1832,-0.5998,1.4886,0.9427,0.0666,1,0.0000
779,-0.1827,-0.5998,1.5561,1.0089,0.0675,1,0.0000
780,-0.1828,-0.5998,1.6227,1.0745,0.0666,1,0.0000
781,-0.1823,-0.5999,1.6902,1.1410,0.0675,1,0.0000
782,-0.1824,-0.5999,1.7569,1.2069,0.0666,1,0.0000
783,-0.1819,-0.5999,1.8243,1.2736,0.0675,1,0.0000
784,-0.1820,-0.5999,1.8910,1.3396,0.0666,1,0.0000
785,-0.1815,-0.6000,1.9585,1.4064,0.0675,1,0.0000
786,-0.1816,-0.5999,2.0251,1.4725,0.0666,1,0.0000
787,-0.1811,-0.6000,2.0926,1.5394,0.0675,1,0.0000
788,-0.1812,-0.6000,2.1592,1.6057,0.0666,1,0.0000
789,-0.1806,-0.6000,2.2267,1.6727,0.0675,1,0.0000
790,-0.1807,-0.6000,2.2934,1.7389,0.0666,1,0.0000
791,-0.1802,-0.6001,2.3609,1.8060,0.0675,1,0.0001
792,-0.1803,-0.6000,2.4275,1.8724,0.0666,1,0.0000
793,-0.1797,-0.6001,2.4950,1.9395,0.0675,1,0.0001
794,-0.1798,-0.6001,2.5616,2.0059,0.0666,1,0.0001
795,-0.1791,-0.6001,2.4958,1.9402,0.0658,1,0.0001
796,-0.1791,-0.6001,2.4291,1.8738,0.0667,1,0.0001
797,-0.1784,-0.6001,2.3633,1.8082,0.0658,1,0.0001
798,-0.1784,-0.6001,2.2966,1.7419,0.0667,1,0.0001
799,-0.1778,-0.6001,2.2307,1.6763,0.0658,1,0.0001
800,-0.1777,-0.6001,2.1640,1.6100,0.0667,1,0.0001
801,-0.1771,-0.6000,2.0982,1.5445,0.0659,1,0.0000
802,-0.1770,-0.6000,2.0315,1.4783,0.0667,1,0.0000
803,-0.1764,-0.6000,1.9656,1.4129,0.0659,1,0.0000
804,-0.1764,-0.6000,1.8989,1.3467,0.0667,1,0.0000
805,-0.1780,-0.5994,1.8273,1.2759,0.0717,1,0.0000
806,-0.1779,-0.5988,1.7606,1.2099,0.0667,1,0.0000
807,-0.1774,-0.5991,1.6865,1.1366,0.0741,1,0.0000
808,-0.1772,-0.5976,1.6199,1.0708,0.0666,1,0.0000
809,-0.1750,-0.5984,1.5523,1.0039,0.0676,1,0.0000
810,-0.1749,-0.5967,1.4859,0.9385,0.0664,1,0.0000
811,-0.1739,-0.5973,1.4201,0.8737,0.0659,1,0.0000
812,-0.1738,-0.5957,1.3538,0.8089,0.0662,1,0.0000
813,-0.1730,-0.5958,1.2882,0.7447,0.0656,1,0.0000
814,-0.1730,-0.5942,1.2222,0.6807,0.0660,1,0.0000
815,-0.1723,-0.5938,1.1567,0.6175,0.0654,1,0.0000
816,-0.1722,-0.5922,1.0909,0.5546,0.0658,1,0.0000
817,-0.1717,-0.5914,1.0258,0.4929,0.0652,1,0.0000
818,-0.1716,-0.5897,0.9602,0.4320,0.0656,1,0.0000
819,-0.1711,-0.5884,0.8953,0.3732,0.0649,1,0.0000
820,-0.1711,-0.5867,0.8301,0.3167,0.0653,1,0.0000
821,-0.1706,-0.5851,0.7654,0.2645,0.0647,1,0.0000
822,-0.1705,-0.5833,0.7005,0.2191,0.0650,1,0.0000
823,-0.1702,-0.5814,0.6361,0.1857,0.0644,1,0.0000
824,-0.1701,-0.5796,0.5715,0.1714,0.0647,1,0.0000
825,-0.1698,-0.5788,0.5069,0.1802,0.0646,1,0.0000
826,-0.1697,-0.5772,0.4426,0.2097,0.0643,1,0.0000
827,-0.1695,-0.5806,0.3787,0.2517,0.0640,1,0.0000
828,-0.1695,-0.5795,0.3147,0.3020,0.0640,1,0.0000
829,-0.1692,-0.5842,0.2511,0.3559,0.0638,1,0.0000
830,-0.1692,-0.5837,0.1872,0.4132,0.0638,1,0.0000
831,-0.1690,-0.5879,0.1237,0.4716,0.0637,1,0.0000
832,-0.1689,-0.5879,0.0599,0.5316,0.0638,1,0.0000
833,-0.1687,-0.5914,-0.0036,0.5921,0.0637,1,0.0000
834,-0.1686,-0.5917,-0.0674,0.6534,0.0638,1,0.0000
835,-0.1684,-0.5945,-0.1311,0.7150,0.0637,1,0.0000
836,-0.1683,-0.5950,-0.1949,0.7772,0.0639,1,0.0000
837,-0.1680,-0.5971,-0.2587,0.8395,0.0638,1,0.0000
838,-0.1680,-0.5976,-0.3227,0.9023,0.0640,1,0.0000
839,-0.1677,-0.5990,-0.3866,0.9651,0.0639,1,0.0000
840,-0.1677,-0.5995,-0.4506,1.0282,0.0641,1,0.0000
841,-0.1674,-0.6002,-0.5146,1.0914,0.0640,1,0.0002
842,-0.1674,-0.6006,-0.5788,1.1548,0.0642,1,0.0006
843,-0.1671,-0.6009,-0.6429,1.2182,0.0641,1,0.0009
844,-0.1671,-0.6012,-0.7071,1.2819,0.0642,1,0.0012
845,-0.1668,-0.5984,-0.7712,1.3455,0.0642,1,0.0000
846,-0.1668,-0.5989,-0.8356,1.4093,0.0643,1,0.0000
847,-0.1665,-0.5944,-0.8998,1.4731,0.0644,1,0.0000
848,-0.1665,-0.5952,-0.9643,1.5371,0.0645,1,0.0000
849,-0.1663,-0.5910,-1.0293,1.6018,0.0652,1,0.0000
850,-0.1663,-0.5920,-1.0939,1.6661,0.0646,1,0.0000
851,-0.1662,-0.5880,-1.1593,1.7312,0.0655,1,0.0000
852,-0.1662,-0.5892,-1.2241,1.7957,0.0648,1,0.0000
853,-0.1662,-0.5853,-1.2897,1.8610,0.0657,1,0.0000
854,-0.1661,-0.5867,-1.3548,1.9259,0.0651,1,0.0000
855,-0.1661,-0.5829,-1.4206,1.9914,0.0659,1,0.0000
856,-0.1660,-0.5845,-1.4859,2.0565,0.0654,1,0.0000
857,-0.1660,-0.5808,-1.5519,2.1223,0.0661,1,0.0000
858,-0.1660,-0.5826,-1.6175,2.1877,0.0656,1,0.0000
859,-0.1660,-0.5791,-1.6838,2.2538,0.0663,1,0.0000
860,-0.1659,-0.5811,-1.7497,2.3196,0.0659,1,0.0000
861,-0.1659,-0.5776,-1.8162,2.3859,0.0666,1,0.0000
862,-0.1659,-0.5798,-1.8824,2.4520,0.0663,1,0.0000
863,-0.1659,-0.5763,-1.9491,2.5185,0.0668,1,0.0000
864,-0.1658,-0.5787,-2.0156,2.5849,0.0666,1,0.0000
865,-0.1658,-0.5753,-2.0824,2.6515,0.0668,1,0.0000
866,-0.1658,-0.5776,-2.1491,2.7181,0.0668,1,0.0000
867,-0.1658,-0.5744,-2.2166,2.7855,0.0676,1,0.0000
868,-0.1658,-0.5767,-2.2835,2.8522,0.0670,1,0.0000
869,-0.1658,-0.5734,-2.3512,2.9199,0.0678,1,0.0000
870,-0.1658,-0.5756,-2.4183,2.9868,0.0671,1,0.0000
871,-0.1658,-0.5723,-2.4859,3.0544,0.0678,1,0.0000
872,-0.1657,-0.5754,-2.5530,3.1214,0.0672,1,0.0000
873,-0.1657,-0.5724,-2.4879,3.0563,0.0652,1,0.0000
874,-0.1657,-0.5758,-2.4224,2.9910,0.0656,1,0.0000
875,-0.1657,-0.5737,-2.3576,2.9262,0.0649,1,0.0000
876,-0.1657,-0.5771,-2.2925,2.8612,0.0651,1,0.0000
877,-0.1657,-0.5749,-2.2279,2.7968,0.0646,1,0.0000
878,-0.1657,-0.5781,-2.1633,2.7323,0.0647,1,0.0000
879,-0.1657,-0.5759,-2.0992,2.6682,0.0642,1,0.0000
880,-0.1657,-0.5790,-2.0351,2.6043,0.0642,1,0.0000
881,-0.1657,-0.5767,-1.9713,2.5407,0.0638,1,0.0000
882,-0.1657,-0.5798,-1.9078,2.4772,0.0636,1,0.0000
883,-0.1657,-0.5774,-1.8445,2.4141,0.0633,1,0.0000
884,-0.1657,-0.5804,-1.7816,2.3514,0.0630,1,0.0000
885,-0.1657,-0.5780,-1.7189,2.2888,0.0628,1,0.0000
886,-0.1657,-0.5809,-1.6566,2.2267,0.0623,1,0.0000
887,-0.1657,-0.5784,-1.5944,2.1647,0.0622,1,0.0000
888,-0.1657,-0.5812,-1.5329,2.1034,0.0616,1,0.0000
889,-0.1665,-0.6107,-1.5080,2.0785,0.0386,1,0.0107
890,-0.1665,-0.6106,-1.4467,2.0175,0.0613,1,0.0106
891,-0.1689,-0.6401,-1.4251,1.9965,0.0366,1,0.0401
892,-0.1688,-0.6379,-1.3635,1.9351,0.0616,1,0.0379
893,-0.1695,-0.6317,-1.3031,1.8749,0.0607,1,0.0317
894,-0.1694,-0.6293,-1.2407,1.8127,0.0625,1,0.0293
895,-0.1696,-0.6233,-1.1799,1.7521,0.0611,1,0.0233
896,-0.1695,-0.6206,-1.1166,1.6891,0.0633,1,0.0206
897,-0.1696,-0.6143,-1.0551,1.6279,0.0618,1,0.0143
898,-0.1695,-0.6114,-0.9911,1.5642,0.0641,1,0.0114
899,-0.1696,-0.6047,-0.9289,1.5023,0.0626,1,0.0047
900,-0.1695,-0.6016,-0.8641,1.4380,0.0648,1,0.0016
901,-0.1687,-0.5953,-0.8004,1.3746,0.0640,1,0.0000
902,-0.1686,-0.5918,-0.7350,1.3097,0.0655,1,0.0000
903,-0.1673,-0.5871,-0.6695,1.2447,0.0656,1,0.0000
904,-0.1672,-0.5831,-0.6036,1.1795,0.0661,1,0.0000
905,-0.1665,-0.5792,-0.5370,1.1136,0.0667,1,0.0000
906,-0.1665,-0.5749,-0.4706,1.0481,0.0665,1,0.0000
907,-0.1673,-0.5912,-0.4196,0.9976,0.0536,1,0.0000
908,-0.1673,-0.5896,-0.3528,0.9319,0.0668,1,0.0000
909,-0.1672,-0.6002,-0.2956,0.8755,0.0582,1,0.0002
910,-0.1673,-0.5988,-0.2288,0.8101,0.0668,1,0.0000
911,-0.1670,-0.5976,-0.1620,0.7448,0.0668,1,0.0000
912,-0.1671,-0.5961,-0.0951,0.6799,0.0669,1,0.0000
913,-0.1669,-0.5946,-0.0285,0.6154,0.0666,1,0.0000
914,-0.1670,-0.5930,0.0384,0.5514,0.0669,1,0.0000
915,-0.1667,-0.5916,0.1045,0.4887,0.0661,1,0.0000
916,-0.1668,-0.5900,0.1714,0.4265,0.0669,1,0.0000
917,-0.1666,-0.5885,0.2375,0.3665,0.0661,1,0.0000
918,-0.1666,-0.5869,0.3044,0.3086,0.0669,1,0.0000
919,-0.1665,-0.5854,0.3705,0.2555,0.0661,1,0.0000
920,-0.1665,-0.5837,0.4374,0.2096,0.0669,1,0.0000
921,-0.1664,-0.5833,0.5031,0.1779,0.0657,1,0.0000
922,-0.1665,-0.5811,0.5699,0.1675,0.0669,1,0.0000
923,-0.1663,-0.5799,0.6361,0.1824,0.0662,1,0.0000
924,-0.1664,-0.5781,0.7028,0.2178,0.0668,1,0.0000
925,-0.1663,-0.5826,0.7701,0.2654,0.0674,1,0.0000
926,-0.1663,-0.5795,0.8367,0.3201,0.0667,1,0.0000
927,-0.1662,-0.5845,0.9039,0.3787,0.0673,1,0.0000
928,-0.1662,-0.5835,0.9704,0.4395,0.0666,1,0.0000
929,-0.1661,-0.5878,1.0375,0.5021,0.0673,1,0.0000
930,-0.1661,-0.5881,1.1043,0.5655,0.0667,1,0.0000
931,-0.1659,-0.5916,1.1714,0.6298,0.0672,1,0.0000
932,-0.1659,-0.5917,1.2380,0.6944,0.0667,1,0.0000
933,-0.1658,-0.5958,1.3053,0.7598,0.0674,1,0.0000
934,-0.1658,-0.5959,1.3720,0.8250,0.0667,1,0.0000
935,-0.1656,-0.5989,1.4392,0.8909,0.0673,1,0.0000
936,-0.1656,-0.5991,1.5060,0.9566,0.0667,1,0.0000
937,-0.1655,-0.6012,1.5732,1.0228,0.0673,1,0.0012
938,-0.1655,-0.6016,1.6399,1.0887,0.0667,1,0.0016
939,-0.1654,-0.6012,1.7070,1.1550,0.0670,1,0.0012
940,-0.1654,-0.6029,1.7739,1.2213,0.0669,1,0.0029
941,-0.1653,-0.6019,1.8409,1.2877,0.0671,1,0.0019
942,-0.1653,-0.6025,1.9077,1.3540,0.0667,1,0.0025
943,-0.1651,-0.6026,1.9749,1.4207,0.0673,1,0.0026
944,-0.1652,-0.6033,2.0417,1.4871,0.0668,1,0.0033
945,-0.1651,-0.6015,2.1088,1.5537,0.0671,1,0.0015
946,-0.1651,-0.6023,2.1756,1.6202,0.0668,1,0.0023
947,-0.1650,-0.6004,2.2427,1.6869,0.0671,1,0.0004
948,-0.1650,-0.6012,2.3095,1.7534,0.0668,1,0.0012
949,-0.1649,-0.5993,2.3766,1.8202,0.0671,1,0.0000
950,-0.1649,-0.6002,2.4433,1.8867,0.0668,1,0.0002
951,-0.1648,-0.5984,2.5105,1.9536,0.0672,1,0.0000
952,-0.1648,-0.5988,2.4461,1.8895,0.0643,1,0.0000
953,-0.1646,-0.5982,2.3823,1.8259,0.0638,1,0.0000
954,-0.1646,-0.5984,2.3180,1.7618,0.0644,1,0.0000
955,-0.1644,-0.5977,2.2541,1.6982,0.0639,1,0.0000
956,-0.1644,-0.5981,2.1896,1.6341,0.0645,1,0.0000
957,-0.1642,-0.5974,2.1257,1.5704,0.0640,1,0.0000
958,-0.1642,-0.5980,2.0611,1.5062,0.0646,1,0.0000
959,-0.1640,-0.5973,1.9970,1.4425,0.0641,1,0.0000
960,-0.1640,-0.5979,1.9322,1.3781,0.0648,1,0.0000
961,-0.1638,-0.5974,1.8680,1.3144,0.0642,1,0.0000
962,-0.1638,-0.5981,1.8030,1.2499,0.0650,1,0.0000
963,-0.1636,-0.5978,1.7387,1.1862,0.0643,1,0.0000
964,-0.1636,-0.5986,1.6734,1.1216,0.0653,1,0.0000
965,-0.1635,-0.5986,1.6089,1.0578,0.0645,1,0.0000
966,-0.1634,-0.5994,1.5434,0.9931,0.0655,1,0.0000
967,-0.1633,-0.5997,1.4788,0.9294,0.0647,1,0.0000
968,-0.1633,-0.6005,1.4131,0.8648,0.0657,1,0.0005
969,-0.1631,-0.6011,1.3482,0.8012,0.0649,1,0.0011
970,-0.1631,-0.6018,1.2823,0.7368,0.0659,1,0.0018
971,-0.1630,-0.6015,1.2171,0.6733,0.0652,1,0.0015
972,-0.1630,-0.6023,1.1510,0.6094,0.0661,1,0.0023
973,-0.1628,-0.6018,1.0857,0.5467,0.0653,1,0.0018
974,-0.1628,-0.6028,1.0194,0.4838,0.0663,1,0.0028
975,-0.1627,-0.6024,0.9540,0.4228,0.0654,1,0.0024
976,-0.1627,-0.6035,0.8876,0.3623,0.0665,1,0.0035
977,-0.1625,-0.6034,0.8221,0.3052,0.0654,1,0.0034
978,-0.1625,-0.6046,0.7555,0.2513,0.0667,1,0.0046
979,-0.1624,-0.6048,0.6900,0.2057,0.0655,1,0.0048
980,-0.1624,-0.6059,0.6232,0.1730,0.0668,1,0.0059
981,-0.1623,-0.6066,0.5576,0.1626,0.0656,1,0.0066
982,-0.1623,-0.6076,0.4907,0.1782,0.0669,1,0.0076
983,-0.1621,-0.6084,0.4251,0.2136,0.0656,1,0.0084
984,-0.1621,-0.6094,0.3582,0.2620,0.0669,1,0.0094
985,-0.1619,-0.6092,0.2931,0.3157,0.0651,1,0.0092
986,-0.1619,-0.6091,0.2262,0.3746,0.0669,1,0.0091
987,-0.1618,-0.6084,0.1612,0.4340,0.0650,1,0.0084
988,-0.1618,-0.6088,0.0944,0.4967,0.0668,1,0.0088
989,-0.1616,-0.6073,0.0295,0.5583,0.0649,1,0.0073
990,-0.1616,-0.6078,-0.0373,0.6226,0.0668,1,0.0078
991,-0.1615,-0.6057,-0.1022,0.6854,0.0649,1,0.0057
992,-0.1615,-0.6055,-0.1689,0.7503,0.0667,1,0.0055
993,-0.1613,-0.6046,-0.2342,0.8142,0.0653,1,0.0046
994,-0.1613,-0.6055,-0.3010,0.8798,0.0668,1,0.0055
995,-0.1612,-0.6034,-0.3658,0.9435,0.0648,1,0.0034
996,-0.1612,-0.6039,-0.4326,1.0094,0.0668,1,0.0039
997,-0.1611,-0.6036,-0.4976,1.0736,0.0651,1,0.0036
998,-0.1610,-0.6048,-0.5645,1.1398,0.0669,1,0.0048
999,-0.1609,-0.6045,-0.6295,1.2042,0.0651,1,0.0045
1000,-0.1609,-0.6042,-0.6962,1.2703,0.0667,1,0.0042
1001,-0.1608,-0.6035,-0.7611,1.3346,0.0649,1,0.0035
1002,-0.1608,-0.6041,-0.8279,1.4010,0.0668,1,0.0041
1003,-0.1606,-0.6017,-0.8924,1.4651,0.0646,1,0.0017
1004,-0.1606,-0.6021,-0.9592,1.5315,0.0668,1,0.0021
1005,-0.1605,-0.6008,-1.0239,1.5959,0.0648,1,0.0008
1006,-0.1605,-0.6001,-1.0905,1.6621,0.0666,1,0.0001
1007,-0.1603,-0.5991,-1.1553,1.7266,0.0648,1,0.0000
1008,-0.1603,-0.5986,-1.2219,1.7929,0.0666,1,0.0000
1009,-0.1602,-0.5981,-1.2867,1.8574,0.0648,1,0.0000
1010,-0.1601,-0.5977,-1.3533,1.9238,0.0666,1,0.0000
1011,-0.1600,-0.5966,-1.4180,1.9883,0.0647,1,0.0000
1012,-0.1600,-0.5965,-1.4847,2.0547,0.0667,1,0.0000
1013,-0.1598,-0.5959,-1.5494,2.1193,0.0648,1,0.0000
1014,-0.1598,-0.5960,-1.6161,2.1858,0.0667,1,0.0000
1015,-0.1597,-0.5959,-1.6809,2.2504,0.0648,1,0.0000
1016,-0.1596,-0.5946,-1.7474,2.3167,0.0665,1,0.0000
1017,-0.1595,-0.5948,-1.8122,2.3814,0.0648,1,0.0000
1018,-0.1595,-0.5952,-1.8789,2.4480,0.0667,1,0.0000
1019,-0.1763,-0.5966,-1.9524,2.5224,0.0754,1,0.0000
1020,-0.1766,-0.5972,-2.0191,2.5890,0.0668,1,0.0000
1021,-0.1936,-0.5986,-2.0947,2.6656,0.0775,1,0.0000
1022,-0.1941,-0.5995,-2.1615,2.7323,0.0668,1,0.0000
1023,-0.2065,-0.6000,-2.2365,2.8079,0.0760,1,0.0000
1024,-0.2072,-0.5996,-2.3032,2.8745,0.0667,1,0.0000
1025,-0.2166,-0.5995,-2.3778,2.9496,0.0752,1,0.0000
1026,-0.2174,-0.6008,-2.4448,3.0164,0.0669,1,0.0008
1027,-0.2255,-0.6152,-2.5253,3.0974,0.0822,1,0.0152
1028,-0.2247,-0.6134,-2.4609,3.0331,0.0644,1,0.0134
1029,-0.2283,-0.6140,-2.4041,2.9767,0.0569,1,0.0140
1030,-0.2275,-0.6131,-2.3394,2.9122,0.0647,1,0.0131
1031,-0.2309,-0.6123,-2.2835,2.8567,0.0561,1,0.0123
1032,-0.2301,-0.6117,-2.2186,2.7920,0.0649,1,0.0117
1033,-0.2324,-0.6118,-2.1619,2.7357,0.0567,1,0.0118
1034,-0.2316,-0.6113,-2.0969,2.6708,0.0650,1,0.0113
1035,-0.2333,-0.6116,-2.0393,2.6136,0.0576,1,0.0116
1036,-0.2325,-0.6110,-1.9741,2.5486,0.0652,1,0.0110
1037,-0.2339,-0.6108,-1.9162,2.4911,0.0579,1,0.0108
1038,-0.2332,-0.6102,-1.8509,2.4260,0.0653,1,0.0102
1039,-0.2343,-0.6094,-1.7928,2.3683,0.0581,1,0.0094
1040,-0.2336,-0.6089,-1.7274,2.3031,0.0654,1,0.0089
1041,-0.2345,-0.6078,-1.6690,2.2451,0.0584,1,0.0078
1042,-0.2338,-0.6073,-1.6035,2.1799,0.0656,1,0.0073
1043,-0.2345,-0.6059,-1.5448,2.1217,0.0586,1,0.0059
1044,-0.2338,-0.6055,-1.4792,2.0563,0.0657,1,0.0055
1045,-0.2343,-0.6041,-1.4203,1.9979,0.0589,1,0.0041
1046,-0.2337,-0.6036,-1.3545,1.9325,0.0658,1,0.0036
1047,-0.2339,-0.6023,-1.2955,1.8740,0.0591,1,0.0023
1048,-0.2333,-0.6019,-1.2296,1.8085,0.0659,1,0.0019
1049,-0.2334,-0.6007,-1.1703,1.7498,0.0592,1,0.0007
1050,-0.2328,-0.6003,-1.1044,1.6844,0.0660,1,0.0003
1051,-0.2327,-0.5993,-1.0450,1.6256,0.0594,1,0.0000
1052,-0.2322,-0.5990,-0.9789,1.5601,0.0661,1,0.0000
1053,-0.2320,-0.5982,-0.9193,1.5012,0.0596,1,0.0000
1054,-0.2315,-0.5979,-0.8532,1.4358,0.0661,1,0.0000
1055,-0.2311,-0.5973,-0.7935,1.3769,0.0597,1,0.0000
1056,-0.2307,-0.5970,-0.7273,1.3116,0.0662,1,0.0000
1057,-0.2302,-0.5966,-0.6675,1.2527,0.0598,1,0.0000
1058,-0.2298,-0.5965,-0.6013,1.1875,0.0662,1,0.0000
1059,-0.2292,-0.5962,-0.5413,1.1287,0.0600,1,0.0000
1060,-0.2288,-0.5961,-0.4750,1.0638,0.0663,1,0.0000
1061,-0.2281,-0.5960,-0.4149,1.0050,0.0601,1,0.0000
1062,-0.2278,-0.5959,-0.3486,0.9405,0.0663,1,0.0000
1063,-0.2270,-0.5960,-0.2884,0.8820,0.0602,1,0.0000
1064,-0.2267,-0.5959,-0.2221,0.8180,0.0663,1,0.0000
1065,-0.2259,-0.5961,-0.1618,0.7600,0.0603,1,0.0000
1066,-0.2256,-0.5960,-0.0954,0.6968,0.0664,1,0.0000
1067,-0.2247,-0.5963,-0.0350,0.6397,0.0604,1,0.0000
1068,-0.2245,-0.5962,0.0314,0.5779,0.0664,1,0.0000
1069,-0.2236,-0.5965,0.0919,0.5223,0.0605,1,0.0000
1070,-0.2234,-0.5965,0.1583,0.4630,0.0664,1,0.0000
1071,-0.2224,-0.5968,0.2188,0.4105,0.0606,1,0.0000
1072,-0.2222,-0.5968,0.2853,0.3564,0.0664,1,0.0000
1073,-0.2212,-0.5971,0.3459,0.3105,0.0607,1,0.0000
1074,-0.2211,-0.5971,0.4124,0.2680,0.0664,1,0.0000
1075,-0.2201,-0.5975,0.4731,0.2381,0.0607,1,0.0000
1076,-0.2200,-0.5975,0.5395,0.2213,0.0664,1,0.0000
1077,-0.2190,-0.5979,0.6003,0.2220,0.0608,1,0.0000
1078,-0.2189,-0.5979,0.6668,0.2419,0.0664,1,0.0000
1079,-0.2180,-0.5983,0.7297,0.2740,0.0630,1,0.0000
1080,-0.2180,-0.5983,0.7962,0.3186,0.0664,1,0.0000
1081,-0.2172,-0.5989,0.8643,0.3708,0.0681,1,0.0000
1082,-0.2172,-0.5989,0.9307,0.4264,0.0664,1,0.0000
1083,-0.2167,-0.5992,0.9986,0.4858,0.0679,1,0.0000
1084,-0.2167,-0.5993,1.0650,0.5461,0.0664,1,0.0000
1085,-0.2164,-0.5994,1.1328,0.6087,0.0678,1,0.0000
1086,-0.2164,-0.5995,1.1992,0.6712,0.0664,1,0.0000
1087,-0.2162,-0.5993,1.2650,0.7337,0.0658,1,0.0000
1088,-0.2162,-0.5994,1.3314,0.7974,0.0664,1,0.0000
1089,-0.2161,-0.5989,1.3935,0.8574,0.0622,1,0.0000
1090,-0.2161,-0.5989,1.4599,0.9217,0.0664,1,0.0000
1091,-0.2159,-0.5990,1.5277,0.9877,0.0678,1,0.0000
1092,-0.2159,-0.5990,1.5940,1.0526,0.0664,1,0.0000
1093,-0.2158,-0.5990,1.6617,1.1189,0.0677,1,0.0000
1094,-0.2158,-0.5990,1.7280,1.1840,0.0664,1,0.0000
1095,-0.2157,-0.5989,1.7956,1.2506,0.0676,1,0.0000
1096,-0.2158,-0.5989,1.8620,1.3160,0.0664,1,0.0000
1097,-0.2157,-0.5987,1.9295,1.3826,0.0675,1,0.0000
1098,-0.2157,-0.5987,1.9959,1.4482,0.0664,1,0.0000
1099,-0.2157,-0.5978,2.0579,1.5095,0.0620,1,0.0000
1100,-0.2157,-0.5977,2.1243,1.5753,0.0664,1,0.0000
1101,-0.2157,-0.5978,2.1902,1.6406,0.0659,1,0.0000
1102,-0.2157,-0.5978,2.2565,1.7064,0.0664,1,0.0000
1103,-0.2157,-0.5981,2.3242,1.7735,0.0677,1,0.0000
1104,-0.2157,-0.5981,2.3906,1.8395,0.0664,1,0.0000
1105,-0.2156,-0.5983,2.4582,1.9066,0.0676,1,0.0000
1106,-0.2156,-0.5983,2.5246,1.9726,0.0664,1,0.0000
1107,-0.2157,-0.5983,2.4590,1.9074,0.0656,1,0.0000
1108,-0.2158,-0.5983,2.3921,1.8410,0.0668,1,0.0000
1109,-0.2159,-0.5983,2.3265,1.7758,0.0657,1,0.0000
1110,-0.2160,-0.5983,2.2596,1.7095,0.0668,1,0.0000
1111,-0.2161,-0.5975,2.1884,1.6389,0.0712,1,0.0000
1112,-0.2162,-0.5976,2.1216,1.5727,0.0668,1,0.0000
1113,-0.2164,-0.5978,2.0543,1.5060,0.0673,1,0.0000
1114,-0.2165,-0.5978,1.9874,1.4400,0.0668,1,0.0000
1115,-0.2166,-0.5982,1.9219,1.3752,0.0655,1,0.0000
1116,-0.2167,-0.5982,1.8551,1.3093,0.0668,1,0.0000
1117,-0.2168,-0.5984,1.7895,1.2447,0.0656,1,0.0000
1118,-0.2169,-0.5984,1.7226,1.1789,0.0668,1,0.0000
1119,-0.2170,-0.5984,1.6570,1.1145,0.0656,1,0.0000
1120,-0.2171,-0.5984,1.5902,1.0491,0.0668,1,0.0000
1121,-0.2172,-0.5984,1.5245,0.9849,0.0657,1,0.0000
1122,-0.2174,-0.5984,1.4577,0.9199,0.0668,1,0.0000
1123,-0.2175,-0.5979,1.3865,0.8509,0.0712,1,0.0000
1124,-0.2176,-0.5980,1.3197,0.7865,0.0668,1,0.0000
1125,-0.2177,-0.5981,1.2523,0.7221,0.0673,1,0.0000
1126,-0.2178,-0.5981,1.1855,0.6587,0.0668,1,0.0000
1127,-0.2179,-0.5983,1.1200,0.5973,0.0655,1,0.0000
1128,-0.2180,-0.5983,1.0532,0.5357,0.0668,1,0.0000
1129,-0.2181,-0.5984,0.9876,0.4766,0.0656,1,0.0000
1130,-0.2182,-0.5984,0.9208,0.4184,0.0668,1,0.0000
1131,-0.2184,-0.5984,0.8552,0.3641,0.0656,1,0.0000
1132,-0.2185,-0.5984,0.7883,0.3133,0.0668,1,0.0000
1133,-0.2187,-0.5984,0.7227,0.2703,0.0657,1,0.0000
1134,-0.2188,-0.5984,0.6558,0.2374,0.0668,1,0.0000
1135,-0.2191,-0.5983,0.5847,0.2201,0.0712,1,0.0000
1136,-0.2192,-0.5983,0.5178,0.2240,0.0668,1,0.0000
1137,-0.2192,-0.5984,0.4505,0.2467,0.0673,1,0.0000
1138,-0.2193,-0.5984,0.3837,0.2838,0.0668,1,0.0000
1139,-0.2193,-0.5984,0.3182,0.3293,0.0655,1,0.0000
1140,-0.2194,-0.5984,0.2514,0.3818,0.0668,1,0.0000
1141,-0.2195,-0.5984,0.1858,0.4371,0.0656,1,0.0000
1142,-0.2197,-0.5984,0.1190,0.4961,0.0668,1,0.0000
1143,-0.2199,-0.5984,0.0534,0.5558,0.0656,1,0.0000
1144,-0.2200,-0.5984,-0.0134,0.6177,0.0668,1,0.0000
1145,-0.2203,-0.5984,-0.0809,0.6813,0.0675,1,0.0000
1146,-0.2204,-0.5984,-0.1477,0.7449,0.0668,1,0.0000
1147,-0.2204,-0.5987,-0.2188,0.8131,0.0711,1,0.0000
1148,-0.2206,-0.5987,-0.2856,0.8776,0.0668,1,0.0000
1149,-0.2205,-0.5986,-0.3510,0.9411,0.0654,1,0.0000
1150,-0.2206,-0.5986,-0.4178,1.0062,0.0668,1,0.0000
1151,-0.2206,-0.5985,-0.4834,1.0702,0.0655,1,0.0000
1152,-0.2207,-0.5985,-0.5502,1.1357,0.0668,1,0.0000
1153,-0.2209,-0.5984,-0.6157,1.2001,0.0656,1,0.0000
1154,-0.2210,-0.5984,-0.6826,1.2658,0.0668,1,0.0000
1155,-0.2213,-0.5983,-0.7482,1.3306,0.0656,1,0.0000
1156,-0.2215,-0.5983,-0.8150,1.3965,0.0668,1,0.0000
1157,-0.2218,-0.5983,-0.8806,1.4614,0.0656,1,0.0000
1158,-0.2219,-0.5983,-0.9474,1.5275,0.0668,1,0.0000
1159,-0.2224,-0.5983,-1.0131,1.5925,0.0657,1,0.0000
1160,-0.2225,-0.5983,-1.0799,1.6587,0.0668,1,0.0000
1161,-0.2230,-0.5983,-1.1456,1.7239,0.0657,1,0.0000
1162,-0.2231,-0.5984,-1.2124,1.7902,0.0668,1,0.0000
1163,-0.2237,-0.5984,-1.2781,1.8555,0.0657,1,0.0000
1164,-0.2238,-0.5984,-1.3449,1.9218,0.0668,1,0.0000
1165,-0.2244,-0.5985,-1.4106,1.9871,0.0657,1,0.0000
1166,-0.2245,-0.5985,-1.4774,2.0536,0.0668,1,0.0000
1167,-0.2251,-0.5985,-1.5431,2.1189,0.0657,1,0.0000
1168,-0.2253,-0.5985,-1.6099,2.1854,0.0668,1,0.0000
1169,-0.2259,-0.5986,-1.6756,2.2508,0.0657,1,0.0000
1170,-0.2261,-0.5986,-1.7424,2.3173,0.0668,1,0.0000
1171,-0.2267,-0.5986,-1.8081,2.3828,0.0657,1,0.0000
1172,-0.2269,-0.5986,-1.8749,2.4493,0.0668,1,0.0000
1173,-0.2276,-0.5987,-1.9407,2.5148,0.0658,1,0.0000
1174,-0.2277,-0.5987,-2.0075,2.5814,0.0668,1,0.0000
1175,-0.2284,-0.5988,-2.0733,2.6470,0.0658,1,0.0000
1176,-0.2286,-0.5988,-2.1401,2.7135,0.0668,1,0.0000
1177,-0.2293,-0.5989,-2.2059,2.7792,0.0658,1,0.0000
1178,-0.2295,-0.5989,-2.2726,2.8457,0.0668,1,0.0000
1179,-0.2302,-0.5989,-2.3384,2.9114,0.0658,1,0.0000
1180,-0.2304,-0.5989,-2.4052,2.9780,0.0668,1,0.0000
1181,-0.2311,-0.5990,-2.4710,3.0437,0.0658,1,0.0000
1182,-0.2313,-0.5990,-2.5378,3.1103,0.0668,1,0.0000
1183,-0.2318,-0.5990,-2.4703,3.0430,0.0675,1,0.0000
1184,-0.2317,-0.5990,-2.4038,2.9767,0.0665,1,0.0000
1185,-0.2321,-0.5991,-2.3363,2.9094,0.0675,1,0.0000
1186,-0.2321,-0.5991,-2.2698,2.8431,0.0665,1,0.0000
1187,-0.2325,-0.5991,-2.2023,2.7759,0.0675,1,0.0000
1188,-0.2324,-0.5991,-2.1357,2.7096,0.0665,1,0.0000
1189,-0.2328,-0.5991,-2.0683,2.6424,0.0675,1,0.0000
1190,-0.2327,-0.5991,-2.0017,2.5761,0.0665,1,0.0000
1191,-0.2331,-0.5991,-1.9342,2.5089,0.0675,1,0.0000
1192,-0.2330,-0.5991,-1.8677,2.4427,0.0665,1,0.0000
1193,-0.2334,-0.5991,-1.8002,2.3755,0.0675,1,0.0000
1194,-0.2333,-0.5991,-1.7336,2.3093,0.0666,1,0.0000
1195,-0.2337,-0.5990,-1.6662,2.2422,0.0675,1,0.0000
1196,-0.2336,-0.5990,-1.5996,2.1760,0.0666,1,0.0000
1197,-0.2339,-0.5990,-1.5321,2.1090,0.0675,1,0.0000
1198,-0.2338,-0.5990,-1.4656,2.0428,0.0666,1,0.0000
1199,-0.2341,-0.5989,-1.3981,1.9758,0.0675,1,0.0000
1200,-0.2340,-0.5989,-1.3315,1.9097,0.0666,1,0.0000
1201,-0.2343,-0.5989,-1.2640,1.8428,0.0675,1,0.0000
1202,-0.2342,-0.5989,-1.1975,1.7768,0.0666,1,0.0000
1203,-0.2345,-0.5988,-1.1300,1.7100,0.0675,1,0.0000
1204,-0.2344,-0.5988,-1.0634,1.6440,0.0666,1,0.0000
1205,-0.2347,-0.5988,-0.9959,1.5773,0.0675,1,0.0000
1206,-0.2345,-0.5988,-0.9293,1.5114,0.0666,1,0.0000
1207,-0.2348,-0.5987,-0.8618,1.4449,0.0675,1,0.0000
1208,-0.2346,-0.5987,-0.7952,1.3792,0.0666,1,0.0000
1209,-0.2349,-0.5987,-0.7277,1.3128,0.0675,1,0.0000
1210,-0.2347,-0.5987,-0.6611,1.2473,0.0666,1,0.0000
1211,-0.2350,-0.5986,-0.5936,1.1811,0.0675,1,0.0000
1212,-0.2348,-0.5986,-0.5271,1.1159,0.0666,1,0.0000
1213,-0.2351,-0.5986,-0.4596,1.0500,0.0675,1,0.0000
1214,-0.2349,-0.5985,-0.3930,0.9852,0.0666,1,0.0000
1215,-0.2351,-0.5985,-0.3255,0.9199,0.0675,1,0.0000
1216,-0.2349,-0.5985,-0.2588,0.8556,0.0666,1,0.0000
1217,-0.2352,-0.5985,-0.1913,0.7910,0.0675,1,0.0000
1218,-0.2350,-0.5984,-0.1247,0.7275,0.0666,1,0.0000
1219,-0.2352,-0.5984,-0.0572,0.6641,0.0675,1,0.0000
1220,-0.2350,-0.5984,0.0094,0.6022,0.0666,1,0.0000
1221,-0.2352,-0.5983,0.0769,0.5408,0.0675,1,0.0000
1222,-0.2350,-0.5983,0.1435,0.4815,0.0666,1,0.0000
1223,-0.2352,-0.5983,0.2110,0.4240,0.0675,1,0.0000
1224,-0.2350,-0.5982,0.2777,0.3703,0.0666,1,0.0000
1225,-0.2352,-0.5982,0.3452,0.3211,0.0675,1,0.0000
1226,-0.2349,-0.5982,0.4118,0.2798,0.0666,1,0.0000
1227,-0.2352,-0.5981,0.4793,0.2499,0.0675,1,0.0000
1228,-0.2349,-0.5981,0.5460,0.2356,0.0667,1,0.0000
1229,-0.2352,-0.5984,0.6133,0.2404,0.0674,1,0.0000
1230,-0.2350,-0.5984,0.6800,0.2621,0.0667,1,0.0000
1231,-0.2352,-0.5987,0.7474,0.2984,0.0674,1,0.0000
1232,-0.2349,-0.5987,0.8141,0.3432,0.0667,1,0.0000
1233,-0.2352,-0.5990,0.8815,0.3952,0.0674,1,0.0000
1234,-0.2349,-0.5990,0.9481,0.4504,0.0667,1,0.0000
1235,-0.2351,-0.5992,1.0155,0.5092,0.0674,1,0.0000
1236,-0.2348,-0.5992,1.0822,0.5691,0.0667,1,0.0000
1237,-0.2350,-0.5994,1.1496,0.6312,0.0674,1,0.0000
1238,-0.2347,-0.5994,1.2163,0.6934,0.0667,1,0.0000
1239,-0.2349,-0.5995,1.2837,0.7572,0.0674,1,0.0000
1240,-0.2346,-0.5995,1.3503,0.8207,0.0667,1,0.0000
1241,-0.2348,-0.5995,1.4177,0.8856,0.0674,1,0.0000
1242,-0.2345,-0.5995,1.4844,0.9500,0.0667,1,0.0000
1243,-0.2347,-0.5995,1.5518,1.0154,0.0674,1,0.0000
1244,-0.2344,-0.5995,1.6185,1.0804,0.0667,1,0.0000
1245,-0.2346,-0.5995,1.6859,1.1463,0.0674,1,0.0000
1246,-0.2343,-0.5995,1.7525,1.2115,0.0667,1,0.0000
1247,-0.2345,-0.5994,1.8199,1.2778,0.0674,1,0.0000
1248,-0.2341,-0.5994,1.8866,1.3433,0.0667,1,0.0000
1249,-0.2343,-0.5993,1.9540,1.4098,0.0674,1,0.0000
1250,-0.2340,-0.5993,2.0207,1.4755,0.0667,1,0.0000
1251,-0.2342,-0.5993,2.0880,1.5421,0.0674,1,0.0000
1252,-0.2339,-0.5992,2.1547,1.6080,0.0667,1,0.0000
1253,-0.2340,-0.5992,2.2221,1.6747,0.0674,1,0.0000
1254,-0.2337,-0.5992,2.2888,1.7407,0.0667,1,0.0000
1255,-0.2339,-0.5991,2.3562,1.8075,0.0674,1,0.0000
1256,-0.2336,-0.5991,2.4229,1.8736,0.0667,1,0.0000
1257,-0.2337,-0.5991,2.4903,1.9406,0.0674,1,0.0000
1258,-0.2334,-0.5991,2.5569,2.0067,0.0667,1,0.0000
1259,-0.2342,-0.5991,2.4910,1.9414,0.0659,1,0.0000
1260,-0.2346,-0.5991,2.4244,1.8753,0.0666,1,0.0000
1261,-0.2354,-0.5991,2.3584,1.8100,0.0659,1,0.0000
1262,-0.2358,-0.5991,2.2918,1.7440,0.0666,1,0.0000
1263,-0.2367,-0.5991,2.2258,1.6788,0.0660,1,0.0000
1264,-0.2370,-0.5991,2.1592,1.6129,0.0666,1,0.0000
1265,-0.2379,-0.5991,2.0932,1.5478,0.0660,1,0.0000
1266,-0.2382,-0.5991,2.0266,1.4820,0.0667,1,0.0000
1267,-0.2392,-0.5991,1.9607,1.4171,0.0659,1,0.0000
1268,-0.2395,-0.5991,1.8940,1.3516,0.0666,1,0.0000
1269,-0.2405,-0.5991,1.8281,1.2869,0.0660,1,0.0000
1270,-0.2408,-0.5991,1.7614,1.2215,0.0667,1,0.0000
1271,-0.2419,-0.5991,1.6955,1.1572,0.0660,1,0.0000
1272,-0.2422,-0.5991,1.6288,1.0922,0.0667,1,0.0000
1273,-0.2432,-0.5992,1.5628,1.0282,0.0660,1,0.0000
1274,-0.2436,-0.5992,1.4962,0.9636,0.0667,1,0.0000
1275,-0.2447,-0.5992,1.4302,0.9003,0.0660,1,0.0000
1276,-0.2450,-0.5992,1.3636,0.8364,0.0667,1,0.0000
1277,-0.2461,-0.5992,1.2976,0.7740,0.0660,1,0.0000
1278,-0.2465,-0.5992,1.2310,0.7112,0.0667,1,0.0000
1279,-0.2476,-0.5992,1.1650,0.6501,0.0660,1,0.0000
1280,-0.2479,-0.5992,1.0983,0.5892,0.0667,1,0.0000
1281,-0.2491,-0.5992,1.0324,0.5306,0.0660,1,0.0000
1282,-0.2495,-0.5992,0.9657,0.4730,0.0667,1,0.0000
1283,-0.2506,-0.5992,0.8997,0.4191,0.0660,1,0.0000
1284,-0.2510,-0.5992,0.8331,0.3681,0.0667,1,0.0000
1285,-0.2522,-0.5992,0.7671,0.3239,0.0660,1,0.0000
1286,-0.2526,-0.5992,0.7004,0.2872,0.0667,1,0.0000
1287,-0.2538,-0.5992,0.6345,0.2635,0.0660,1,0.0000
1288,-0.2542,-0.5992,0.5678,0.2542,0.0667,1,0.0000
1289,-0.2554,-0.5993,0.5019,0.2628,0.0660,1,0.0000
1290,-0.2558,-0.5993,0.4352,0.2863,0.0667,1,0.0000
1291,-0.2570,-0.5993,0.3692,0.3224,0.0660,1,0.0000
1292,-0.2574,-0.5993,0.3026,0.3668,0.0667,1,0.0000
1293,-0.2587,-0.5993,0.2366,0.4171,0.0660,1,0.0000
1294,-0.2590,-0.5993,0.1700,0.4714,0.0667,1,0.0000
1295,-0.2603,-0.5993,0.1040,0.5284,0.0659,1,0.0000
1296,-0.2607,-0.5993,0.0374,0.5875,0.0667,1,0.0000
1297,-0.2619,-0.5993,-0.0286,0.6477,0.0659,1,0.0000
1298,-0.2623,-0.5993,-0.0952,0.7094,0.0667,1,0.0000
1299,-0.2635,-0.5993,-0.1612,0.7714,0.0659,1,0.0000
1300,-0.2639,-0.5993,-0.2279,0.8345,0.0667,1,0.0000
1301,-0.2652,-0.5993,-0.2938,0.8977,0.0659,1,0.0000
1302,-0.2656,-0.5993,-0.3605,0.9617,0.0667,1,0.0000
1303,-0.2668,-0.5993,-0.4264,1.0256,0.0659,1,0.0000
1304,-0.2672,-0.5993,-0.4931,1.0902,0.0667,1,0.0000
1305,-0.2685,-0.5993,-0.5590,1.1545,0.0659,1,0.0000
1306,-0.2689,-0.5993,-0.6257,1.2195,0.0667,1,0.0000
1307,-0.2702,-0.5993,-0.6916,1.2842,0.0659,1,0.0000
1308,-0.2706,-0.5993,-0.7583,1.3495,0.0667,1,0.0000
1309,-0.2719,-0.5993,-0.8242,1.4144,0.0659,1,0.0000
1310,-0.2723,-0.5993,-0.8909,1.4800,0.0667,1,0.0000
1311,-0.2736,-0.5993,-0.9568,1.5451,0.0659,1,0.0000
1312,-0.2740,-0.5993,-1.0235,1.6108,0.0667,1,0.0000
1313,-0.2753,-0.5993,-1.0894,1.6760,0.0659,1,0.0000
1314,-0.2757,-0.5993,-1.1561,1.7419,0.0667,1,0.0000
1315,-0.2770,-0.5994,-1.2221,1.8073,0.0659,1,0.0000
1316,-0.2774,-0.5994,-1.2888,1.8733,0.0667,1,0.0000
1317,-0.2787,-0.5994,-1.3547,1.9387,0.0659,1,0.0000
1318,-0.2791,-0.5994,-1.4214,2.0048,0.0667,1,0.0000
1319,-0.2805,-0.5994,-1.4873,2.0702,0.0659,1,0.0000
1320,-0.2809,-0.5994,-1.5540,2.1364,0.0667,1,0.0000
1321,-0.2822,-0.5994,-1.6199,2.2019,0.0659,1,0.0000
1322,-0.2826,-0.5994,-1.6866,2.2681,0.0667,1,0.0000
1323,-0.2840,-0.5994,-1.7526,2.3337,0.0659,1,0.0000
1324,-0.2844,-0.5994,-1.8193,2.4000,0.0667,1,0.0000
1325,-0.2858,-0.5994,-1.8852,2.4656,0.0659,1,0.0000
1326,-0.2861,-0.5994,-1.9519,2.5320,0.0667,1,0.0000
1327,-0.2875,-0.5995,-2.0178,2.5976,0.0659,1,0.0000
1328,-0.2879,-0.5995,-2.0845,2.6640,0.0667,1,0.0000
1329,-0.2893,-0.5995,-2.1504,2.7297,0.0659,1,0.0000
1330,-0.2897,-0.5995,-2.2172,2.7960,0.0667,1,0.0000
1331,-0.2911,-0.5995,-2.2831,2.8618,0.0659,1,0.0000
1332,-0.2915,-0.5995,-2.3498,2.9282,0.0667,1,0.0000
1333,-0.2930,-0.5995,-2.4157,2.9939,0.0659,1,0.0000
1334,-0.2934,-0.5995,-2.4824,3.0604,0.0667,1,0.0000
1335,-0.2948,-0.5995,-2.5484,3.1261,0.0659,1,0.0000
1336,-0.2944,-0.5995,-2.4818,3.0598,0.0666,1,0.0000
1337,-0.2950,-0.5995,-2.4143,2.9928,0.0674,1,0.0000
1338,-0.2946,-0.5995,-2.3477,2.9264,0.0666,1,0.0000
1339,-0.2953,-0.5995,-2.2803,2.8594,0.0674,1,0.0000
1340,-0.2948,-0.5995,-2.2137,2.7932,0.0666,1,0.0000
1341,-0.2955,-0.5995,-2.1463,2.7262,0.0674,1,0.0000
1342,-0.2951,-0.5995,-2.0797,2.6599,0.0666,1,0.0000
1343,-0.2958,-0.5995,-2.0123,2.5930,0.0674,1,0.0000
1344,-0.2954,-0.5995,-1.9456,2.5268,0.0666,1,0.0000
1345,-0.2960,-0.5995,-1.8782,2.4599,0.0674,1,0.0000
1346,-0.2956,-0.5995,-1.8116,2.3938,0.0666,1,0.0000
1347,-0.2963,-0.5995,-1.7442,2.3269,0.0674,1,0.0000
1348,-0.2959,-0.5995,-1.6775,2.2608,0.0666,1,0.0000
1349,-0.2966,-0.5995,-1.6101,2.1941,0.0674,1,0.0000
1350,-0.2962,-0.5995,-1.5435,2.1280,0.0666,1,0.0000
1351,-0.2970,-0.5995,-1.4760,2.0614,0.0674,1,0.0000
1352,-0.2965,-0.5995,-1.4094,1.9954,0.0666,1,0.0000
1353,-0.2973,-0.5995,-1.3420,1.9289,0.0674,1,0.0000
1354,-0.2969,-0.5995,-1.2754,1.8630,0.0666,1,0.0000
1355,-0.2976,-0.5995,-1.2079,1.7966,0.0675,1,0.0000
1356,-0.2972,-0.5995,-1.1413,1.7308,0.0666,1,0.0000
1357,-0.2980,-0.5995,-1.0738,1.6646,0.0675,1,0.0000
1358,-0.2975,-0.5995,-1.0072,1.5990,0.0666,1,0.0000
1359,-0.2983,-0.5995,-0.9398,1.5329,0.0675,1,0.0000
1360,-0.2979,-0.5995,-0.8731,1.4675,0.0666,1,0.0000
1361,-0.2987,-0.5995,-0.8057,1.4017,0.0675,1,0.0000
1362,-0.2983,-0.5994,-0.7391,1.3366,0.0666,1,0.0000
1363,-0.2991,-0.5995,-0.6716,1.2711,0.0675,1,0.0000
1364,-0.2981,-0.5994,-0.6050,1.2062,0.0666,1,0.0000
1365,-0.2982,-0.5995,-0.5375,1.1410,0.0675,1,0.0000
1366,-0.2971,-0.5994,-0.4709,1.0765,0.0666,1,0.0000
1367,-0.2972,-0.5994,-0.4034,1.0119,0.0674,1,0.0000
1368,-0.2960,-0.5994,-0.3368,0.9481,0.0666,1,0.0000
1369,-0.2962,-0.5994,-0.2694,0.8843,0.0674,1,0.0000
1370,-0.2950,-0.5994,-0.2027,0.8214,0.0666,1,0.0000
1371,-0.2951,-0.5994,-0.1353,0.7589,0.0674,1,0.0000
1372,-0.2939,-0.5994,-0.0686,0.6974,0.0667,1,0.0000
1373,-0.2940,-0.5994,-0.0012,0.6370,0.0674,1,0.0000
1374,-0.2928,-0.5994,0.0655,0.5781,0.0667,1,0.0000
1375,-0.2930,-0.5994,0.1329,0.5211,0.0674,1,0.0000
1376,-0.2918,-0.5994,0.1995,0.4667,0.0667,1,0.0000
1377,-0.2919,-0.5994,0.2670,0.4163,0.0674,1,0.0000
1378,-0.2907,-0.5994,0.3336,0.3708,0.0667,1,0.0000
1379,-0.2908,-0.5994,0.4011,0.3333,0.0674,1,0.0000
1380,-0.2896,-0.5994,0.4677,0.3051,0.0667,1,0.0000
1381,-0.2897,-0.5994,0.5352,0.2911,0.0674,1,0.0000
1382,-0.2884,-0.5994,0.6018,0.2909,0.0667,1,0.0000
1383,-0.2886,-0.5994,0.6693,0.3072,0.0674,1,0.0000
1384,-0.2873,-0.5994,0.7359,0.3349,0.0667,1,0.0000
1385,-0.2875,-0.5994,0.8034,0.3742,0.0674,1,0.0000
1386,-0.2862,-0.5994,0.8700,0.4191,0.0667,1,0.0000
1387,-0.2863,-0.5994,0.9375,0.4707,0.0674,1,0.0000
1388,-0.2850,-0.5994,1.0041,0.5245,0.0667,1,0.0000
1389,-0.2851,-0.5994,1.0715,0.5823,0.0674,1,0.0000
1390,-0.2838,-0.5993,1.1382,0.6406,0.0667,1,0.0000
1391,-0.2839,-0.5994,1.2056,0.7018,0.0674,1,0.0000
1392,-0.2826,-0.5993,1.2723,0.7627,0.0667,1,0.0000
1393,-0.2826,-0.5993,1.3398,0.8258,0.0675,1,0.0000
1394,-0.2822,-0.5993,1.4064,0.8886,0.0667,1,0.0000
1395,-0.2829,-0.5993,1.4741,0.9532,0.0677,1,0.0000
1396,-0.2825,-0.5993,1.5408,1.0170,0.0667,1,0.0000
1397,-0.2833,-0.5992,1.6085,1.0824,0.0677,1,0.0000
1398,-0.2829,-0.5992,1.6751,1.1467,0.0667,1,0.0000
1399,-0.2837,-0.5992,1.7428,1.2126,0.0677,1,0.0000
1400,-0.2833,-0.5992,1.8095,1.2774,0.0667,1,0.0000
1401,-0.2842,-0.5992,1.8771,1.3437,0.0677,1,0.0000
1402,-0.2838,-0.5992,1.9438,1.4088,0.0667,1,0.0000
1403,-0.2847,-0.5992,2.0114,1.4753,0.0677,1,0.0000
1404,-0.2843,-0.5992,2.0781,1.5407,0.0667,1,0.0000
1405,-0.2851,-0.5992,2.1457,1.6074,0.0677,1,0.0000
1406,-0.2848,-0.5992,2.2124,1.6730,0.0667,1,0.0000
1407,-0.2857,-0.5993,2.2801,1.7398,0.0677,1,0.0000
1408,-0.2853,-0.5993,2.3467,1.8056,0.0667,1,0.0000
1409,-0.2862,-0.5993,2.4144,1.8726,0.0677,1,0.0000
1410,-0.2859,-0.5993,2.4811,1.9384,0.0667,1,0.0000
1411,-0.2868,-0.5993,2.5487,2.0055,0.0677,1,0.0000
1412,-0.2871,-0.5993,2.4821,1.9396,0.0667,1,0.0000
1413,-0.2886,-0.5993,2.4164,1.8749,0.0657,1,0.0000
1414,-0.2890,-0.5993,2.3497,1.8091,0.0667,1,0.0000
1415,-0.2905,-0.5994,2.2840,1.7446,0.0657,1,0.0000
1416,-0.2908,-0.5994,2.2174,1.6789,0.0667,1,0.0000
1417,-0.2924,-0.5994,2.1517,1.6145,0.0657,1,0.0000
1418,-0.2927,-0.5994,2.0850,1.5491,0.0667,1,0.0000
1419,-0.2942,-0.5994,2.0193,1.4849,0.0657,1,0.0000
1420,-0.2946,-0.5994,1.9527,1.4197,0.0667,1,0.0000
1421,-0.2961,-0.5994,1.8870,1.3559,0.0657,1,0.0000
1422,-0.2964,-0.5994,1.8203,1.2910,0.0667,1,0.0000
1423,-0.2980,-0.5994,1.7546,1.2275,0.0657,1,0.0000
1424,-0.2983,-0.5994,1.6880,1.1630,0.0667,1,0.0000
1425,-0.2999,-0.5994,1.6223,1.1001,0.0657,1,0.0000
1426,-0.3002,-0.5994,1.5556,1.0362,0.0667,1,0.0000
1427,-0.3018,-0.5994,1.4899,0.9740,0.0657,1,0.0000
1428,-0.3021,-0.5994,1.4233,0.9109,0.0667,1,0.0000
1429,-0.2829,-0.5990,1.3647,0.8494,0.0616,1,0.0000
1430,-0.2832,-0.5994,1.2980,0.7869,0.0667,1,0.0000
1431,-0.2845,-0.5994,1.2323,0.7265,0.0657,1,0.0000
1432,-0.2840,-0.5994,1.1657,0.6655,0.0667,1,0.0000
1433,-0.2847,-0.5994,1.1000,0.6070,0.0657,1,0.0000
1434,-0.2842,-0.5994,1.0333,0.5488,0.0667,1,0.0000
1435,-0.2850,-0.5994,0.9676,0.4942,0.0657,1,0.0000
1436,-0.2845,-0.5994,0.9009,0.4411,0.0667,1,0.0000
1437,-0.2853,-0.5994,0.8352,0.3937,0.0657,1,0.0000
1438,-0.2849,-0.5994,0.7685,0.3508,0.0667,1,0.0000
1439,-0.2857,-0.5995,0.7028,0.3177,0.0657,1,0.0000
1440,-0.2853,-0.5994,0.6361,0.2943,0.0667,1,0.0000
1441,-0.2862,-0.5995,0.5704,0.2863,0.0657,1,0.0000
1442,-0.2858,-0.5995,0.5037,0.2921,0.0667,1,0.0000
1443,-0.2868,-0.5995,0.4380,0.3132,0.0657,1,0.0000
1444,-0.2864,-0.5995,0.3713,0.3451,0.0667,1,0.0000
1445,-0.2873,-0.5995,0.3056,0.3864,0.0657,1,0.0000
1446,-0.2869,-0.5995,0.2389,0.4335,0.0667,1,0.0000
1447,-0.2879,-0.5995,0.1731,0.4853,0.0657,1,0.0000
1448,-0.2875,-0.5995,0.1065,0.5402,0.0667,1,0.0000
1449,-0.2885,-0.5995,0.0407,0.5974,0.0657,1,0.0000
1450,-0.2881,-0.5995,-0.0260,0.6564,0.0667,1,0.0000
1451,-0.2891,-0.5995,-0.0917,0.7165,0.0658,1,0.0000
1452,-0.2886,-0.5995,-0.1584,0.7778,0.0667,1,0.0000
1453,-0.2896,-0.5995,-0.2242,0.8395,0.0658,1,0.0000
1454,-0.2891,-0.5995,-0.2909,0.9023,0.0667,1,0.0000
1455,-0.2901,-0.5996,-0.3566,0.9651,0.0658,1,0.0000
1456,-0.2896,-0.5996,-0.4233,1.0288,0.0667,1,0.0000
1457,-0.2906,-0.5996,-0.4891,1.0923,0.0658,1,0.0000
1458,-0.2901,-0.5996,-0.5558,1.1566,0.0667,1,0.0000
1459,-0.2911,-0.5996,-0.6216,1.2206,0.0658,1,0.0000
1460,-0.2905,-0.5996,-0.6883,1.2853,0.0667,1,0.0000
1461,-0.2900,-0.5995,-0.7541,1.3494,0.0658,1,0.0000
1462,-0.2899,-0.5995,-0.8208,1.4146,0.0667,1,0.0000
1463,-0.2864,-0.5991,-0.8866,1.4784,0.0659,1,0.0000
1464,-0.2865,-0.5991,-0.9533,1.5440,0.0667,1,0.0000
1465,-0.2844,-0.5989,-1.0189,1.6081,0.0657,1,0.0000
1466,-0.2845,-0.5989,-1.0856,1.6738,0.0667,1,0.0000
1467,-0.2832,-0.5989,-1.1512,1.7382,0.0656,1,0.0000
1468,-0.2832,-0.5989,-1.2179,1.8041,0.0667,1,0.0000
1469,-0.2824,-0.5989,-1.2833,1.8687,0.0655,1,0.0000
1470,-0.2825,-0.5989,-1.3500,1.9346,0.0667,1,0.0000
1471,-0.2820,-0.5990,-1.4155,1.9993,0.0654,1,0.0000
1472,-0.2820,-0.5990,-1.4822,2.0654,0.0667,1,0.0000
1473,-0.2817,-0.5991,-1.5476,2.1302,0.0654,1,0.0000
1474,-0.2818,-0.5991,-1.6143,2.1963,0.0667,1,0.0000
1475,-0.2816,-0.5992,-1.6797,2.2612,0.0654,1,0.0000
1476,-0.2816,-0.5992,-1.7464,2.3274,0.0667,1,0.0000
1477,-0.2816,-0.5993,-1.8118,2.3923,0.0654,1,0.0000
1478,-0.2816,-0.5993,-1.8785,2.4585,0.0667,1,0.0000
1479,-0.2816,-0.5995,-1.9439,2.5235,0.0654,1,0.0000
1480,-0.2816,-0.5995,-2.0106,2.5898,0.0667,1,0.0000
1481,-0.2817,-0.5996,-2.0760,2.6549,0.0654,1,0.0000
1482,-0.2817,-0.5996,-2.1427,2.7212,0.0667,1,0.0000
1483,-0.2818,-0.5997,-2.2081,2.7863,0.0654,1,0.0000
1484,-0.2818,-0.5997,-2.2748,2.8526,0.0667,1,0.0000
1485,-0.2818,-0.5997,-2.3403,2.9177,0.0654,1,0.0000
1486,-0.2819,-0.5997,-2.4069,2.9841,0.0667,1,0.0000
1487,-0.2819,-0.5998,-2.4724,3.0493,0.0654,1,0.0000
1488,-0.2820,-0.5998,-2.5391,3.1157,0.0667,1,0.0000
1489,-0.2820,-0.5998,-2.4712,3.0481,0.0679,1,0.0000
1490,-0.2820,-0.5998,-2.4045,2.9817,0.0666,1,0.0000
1491,-0.2820,-0.5998,-2.3366,2.9141,0.0679,1,0.0000
1492,-0.2820,-0.5998,-2.2700,2.8478,0.0666,1,0.0000
1493,-0.2821,-0.5998,-2.2021,2.7803,0.0679,1,0.0000
1494,-0.2821,-0.5998,-2.1354,2.7140,0.0666,1,0.0000
1495,-0.2821,-0.5998,-2.0676,2.6465,0.0679,1,0.0000
1496,-0.2821,-0.5998,-2.0009,2.5802,0.0666,1,0.0000
1497,-0.2821,-0.5997,-1.9330,2.5128,0.0679,1,0.0000
1498,-0.2821,-0.5997,-1.8664,2.4465,0.0666,1,0.0000
1499,-0.2822,-0.5997,-1.7985,2.3791,0.0679,1,0.0000
1500,-0.2821,-0.5997,-1.7319,2.3130,0.0666,1,0.0000
1501,-0.2822,-0.5997,-1.6640,2.2456,0.0679,1,0.0000
1502,-0.2822,-0.5997,-1.5973,2.1795,0.0666,1,0.0000
1503,-0.2822,-0.5996,-1.5295,2.1122,0.0679,1,0.0000
1504,-0.2822,-0.5996,-1.4628,2.0462,0.0666,1,0.0000
1505,-0.2822,-0.5996,-1.3950,1.9790,0.0679,1,0.0000
1506,-0.2822,-0.5996,-1.3283,1.9131,0.0666,1,0.0000
1507,-0.2823,-0.5996,-1.2604,1.8460,0.0679,1,0.0000
1508,-0.2822,-0.5996,-1.1938,1.7802,0.0666,1,0.0000
1509,-0.2823,-0.5996,-1.1259,1.7132,0.0679,1,0.0000
1510,-0.2823,-0.5996,-1.0593,1.6475,0.0666,1,0.0000
1511,-0.2823,-0.5996,-0.9914,1.5807,0.0679,1,0.0000
1512,-0.2823,-0.5996,-0.9248,1.5152,0.0666,1,0.0000
1513,-0.2824,-0.5996,-0.8569,1.4486,0.0679,1,0.0000
1514,-0.2823,-0.5996,-0.7903,1.3833,0.0666,1,0.0000
1515,-0.2824,-0.5996,-0.7224,1.3169,0.0679,1,0.0000
1516,-0.2824,-0.5996,-0.6558,1.2519,0.0666,1,0.0000
1517,-0.2824,-0.5996,-0.5880,1.1859,0.0679,1,0.0000
1518,-0.2824,-0.5996,-0.5213,1.1213,0.0666,1,0.0000
1519,-0.2825,-0.5996,-0.4535,1.0558,0.0678,1,0.0000
1520,-0.2825,-0.5996,-0.3868,0.9917,0.0666,1,0.0000
1521,-0.2825,-0.5996,-0.3190,0.9269,0.0678,1,0.0000
1522,-0.2825,-0.5996,-0.2524,0.8637,0.0666,1,0.0000
1523,-0.2826,-0.5996,-0.1845,0.7999,0.0678,1,0.0000
1524,-0.2826,-0.5996,-0.1179,0.7380,0.0666,1,0.0000
1525,-0.2826,-0.5996,-0.0500,0.6758,0.0678,1,0.0000
1526,-0.2826,-0.5996,0.0166,0.6159,0.0666,1,0.0000
1527,-0.2827,-0.5996,0.0844,0.5565,0.0678,1,0.0000
1528,-0.2827,-0.5996,0.1511,0.5003,0.0666,1,0.0000
1529,-0.2827,-0.5997,0.2189,0.4460,0.0678,1,0.0000
1530,-0.2827,-0.5997,0.2855,0.3967,0.0666,1,0.0000
1531,-0.2817,-0.5995,0.3531,0.3518,0.0675,1,0.0000
1532,-0.2818,-0.5995,0.4197,0.3165,0.0666,1,0.0000
1533,-0.2808,-0.5994,0.4872,0.2910,0.0675,1,0.0000
1534,-0.2808,-0.5994,0.5539,0.2810,0.0666,1,0.0000
1535,-0.2801,-0.5994,0.6215,0.2860,0.0676,1,0.0000
1536,-0.2802,-0.5994,0.6881,0.3065,0.0666,1,0.0000
1537,-0.2796,-0.5994,0.7558,0.3391,0.0677,1,0.0000
1538,-0.2797,-0.5994,0.8224,0.3809,0.0666,1,0.0000
1539,-0.2791,-0.5994,0.8901,0.4293,0.0677,1,0.0000
1540,-0.2792,-0.5994,0.9567,0.4820,0.0666,1,0.0000
1541,-0.2787,-0.5994,1.0244,0.5383,0.0677,1,0.0000
1542,-0.2788,-0.5994,1.0911,0.5964,0.0666,1,0.0000
1543,-0.2782,-0.5995,1.1588,0.6568,0.0677,1,0.0000
1544,-0.2784,-0.5995,1.2254,0.7177,0.0666,1,0.0000
1545,-0.2778,-0.5995,1.2931,0.7804,0.0677,1,0.0000
1546,-0.2779,-0.5995,1.3598,0.8431,0.0666,1,0.0000
1547,-0.2774,-0.5996,1.4275,0.9071,0.0677,1,0.0000
1548,-0.2775,-0.5996,1.4941,0.9708,0.0666,1,0.0000
1549,-0.2770,-0.5996,1.5618,1.0357,0.0677,1,0.0000
1550,-0.2771,-0.5996,1.6285,1.1001,0.0666,1,0.0000
1551,-0.2765,-0.5997,1.6962,1.1656,0.0677,1,0.0000
1552,-0.2767,-0.5997,1.7628,1.2305,0.0666,1,0.0000
1553,-0.2761,-0.5997,1.8305,1.2964,0.0677,1,0.0000
1554,-0.2762,-0.5997,1.8972,1.3616,0.0666,1,0.0000
1555,-0.2757,-0.5997,1.9649,1.4279,0.0677,1,0.0000
1556,-0.2758,-0.5997,2.0315,1.4934,0.0666,1,0.0000
1557,-0.2752,-0.5997,2.0992,1.5599,0.0677,1,0.0000
1558,-0.2754,-0.5997,2.1659,1.6255,0.0666,1,0.0000
1559,-0.2748,-0.5997,2.2336,1.6922,0.0677,1,0.0000
1560,-0.2749,-0.5997,2.3002,1.7580,0.0666,1,0.0000
1561,-0.2744,-0.5997,2.3679,1.8248,0.0677,1,0.0000
1562,-0.2745,-0.5997,2.4346,1.8907,0.0666,1,0.0000
1563,-0.2739,-0.5997,2.5022,1.9577,0.0677,1,0.0000
1564,-0.2738,-0.5997,2.4356,1.8916,0.0667,1,0.0000
1565,-0.2730,-0.5997,2.3699,1.8266,0.0656,1,0.0000
1566,-0.2729,-0.5997,2.3032,1.7607,0.0667,1,0.0000
1567,-0.2721,-0.5997,2.2376,1.6957,0.0656,1,0.0000
1568,-0.2720,-0.5997,2.1709,1.6299,0.0667,1,0.0000
1569,-0.2713,-0.5997,2.1052,1.5651,0.0657,1,0.0000
1570,-0.2712,-0.5997,2.0386,1.4994,0.0667,1,0.0000
1571,-0.2704,-0.5997,1.9729,1.4348,0.0657,1,0.0000
1572,-0.2703,-0.5997,1.9062,1.3693,0.0667,1,0.0000
1573,-0.2695,-0.5997,1.8406,1.3048,0.0657,1,0.0000
1574,-0.2694,-0.5997,1.7739,1.2396,0.0667,1,0.0000
1575,-0.2686,-0.5997,1.7082,1.1755,0.0657,1,0.0000
1576,-0.2685,-0.5997,1.6415,1.1106,0.0667,1,0.0000
1577,-0.2677,-0.5997,1.5758,1.0468,0.0657,1,0.0000
1578,-0.2676,-0.5997,1.5092,0.9825,0.0667,1,0.0000
1579,-0.2668,-0.5997,1.4435,0.9192,0.0657,1,0.0000
1580,-0.2667,-0.5997,1.3768,0.8556,0.0667,1,0.0000
1581,-0.2659,-0.5997,1.3111,0.7932,0.0657,1,0.0000
1582,-0.2658,-0.5997,1.2444,0.7306,0.0667,1,0.0000
1583,-0.2649,-0.5997,1.1787,0.6695,0.0657,1,0.0000
1584,-0.2648,-0.5997,1.1121,0.6088,0.0667,1,0.0000
1585,-0.2640,-0.5997,1.0464,0.5500,0.0657,1,0.0000
1586,-0.2639,-0.5997,0.9797,0.4925,0.0667,1,0.0000
1587,-0.2630,-0.5997,0.9140,0.4379,0.0657,1,0.0000
1588,-0.2629,-0.5997,0.8473,0.3866,0.0667,1,0.0000
1589,-0.2620,-0.5997,0.7816,0.3407,0.0657,1,0.0000
1590,-0.2619,-0.5997,0.7149,0.3024,0.0667,1,0.0000
1591,-0.2637,-0.6000,0.6493,0.2772,0.0657,1,0.0000
1592,-0.2638,-0.6000,0.5826,0.2644,0.0667,1,0.0000
1593,-0.2664,-0.6003,0.5169,0.2706,0.0658,1,0.0003
1594,-0.2666,-0.6003,0.4502,0.2898,0.0667,1,0.0003
1595,-0.2692,-0.6004,0.3844,0.3235,0.0658,1,0.0004
1596,-0.2694,-0.6005,0.3177,0.3649,0.0667,1,0.0005
1597,-0.2719,-0.6005,0.2518,0.4138,0.0659,1,0.0005
1598,-0.2721,-0.6005,0.1852,0.4663,0.0667,1,0.0005
1599,-0.2745,-0.6004,0.1193,0.5225,0.0659,1,0.0004
1600,-0.2748,-0.6004,0.0526,0.5804,0.0667,1,0.0004
1601,-0.2772,-0.6003,-0.0133,0.6402,0.0659,1,0.0003
1602,-0.2775,-0.6003,-0.0800,0.7011,0.0667,1,0.0003
1603,-0.2766,-0.6002,-0.1459,0.7617,0.0659,1,0.0002
1604,-0.2730,-0.6002,-0.2126,0.8231,0.0668,1,0.0002
1605,-0.2715,-0.6001,-0.2786,0.8851,0.0660,1,0.0001
1606,-0.2686,-0.6000,-0.3453,0.9480,0.0668,1,0.0000
1607,-0.2679,-0.5999,-0.4112,1.0112,0.0660,1,0.0000
1608,-0.2657,-0.5999,-0.4779,1.0751,0.0667,1,0.0000
1609,-0.2656,-0.5999,-0.5439,1.1391,0.0660,1,0.0000
1610,-0.2642,-0.5998,-0.6106,1.2037,0.0667,1,0.0000
1611,-0.2648,-0.5998,-0.6765,1.2683,0.0660,1,0.0000
1612,-0.2639,-0.5998,-0.7432,1.3334,0.0667,1,0.0000
1613,-0.2652,-0.5998,-0.8092,1.3984,0.0660,1,0.0000
1614,-0.2647,-0.5997,-0.8759,1.4639,0.0667,1,0.0000
1615,-0.2665,-0.5997,-0.9418,1.5291,0.0660,1,0.0000
1616,-0.2664,-0.5997,-1.0086,1.5948,0.0667,1,0.0000
1617,-0.2690,-0.5998,-1.0745,1.6603,0.0660,1,0.0000
1618,-0.2692,-0.5997,-1.1412,1.7262,0.0667,1,0.0000
1619,-0.2719,-0.5998,-1.2072,1.7918,0.0660,1,0.0000
1620,-0.2721,-0.5998,-1.2739,1.8578,0.0667,1,0.0000
1621,-0.2748,-0.5998,-1.3399,1.9235,0.0660,1,0.0000
1622,-0.2751,-0.5998,-1.4066,1.9895,0.0667,1,0.0000
1623,-0.2779,-0.5999,-1.4726,2.0553,0.0661,1,0.0000
1624,-0.2782,-0.5998,-1.5393,2.1214,0.0667,1,0.0000
1625,-0.2811,-0.5999,-1.6053,2.1873,0.0661,1,0.0000
1626,-0.2814,-0.5999,-1.6720,2.2535,0.0667,1,0.0000
1627,-0.2880,-0.6003,-1.7386,2.3203,0.0669,1,0.0003
1628,-0.2884,-0.6003,-1.8053,2.3866,0.0667,1,0.0003
1629,-0.3044,-0.6016,-1.8732,2.4560,0.0698,1,0.0016
1630,-0.3050,-0.6015,-1.9400,2.5223,0.0668,1,0.0015
1631,-0.3177,-0.6022,-2.0077,2.5911,0.0689,1,0.0022
1632,-0.3184,-0.6022,-2.0745,2.6575,0.0668,1,0.0022
1633,-0.3290,-0.6026,-2.1421,2.7259,0.0685,1,0.0026
1634,-0.3298,-0.6025,-2.2090,2.7923,0.0668,1,0.0025
1635,-0.3389,-0.6027,-2.2765,2.8605,0.0682,1,0.0027
1636,-0.3398,-0.6026,-2.3434,2.9270,0.0668,1,0.0026
1637,-0.3480,-0.6028,-2.4109,2.9950,0.0680,1,0.0028
1638,-0.3489,-0.6027,-2.4777,3.0615,0.0669,1,0.0027
1639,-0.3565,-0.6029,-2.5453,3.1295,0.0680,1,0.0029
1640,-0.3555,-0.6026,-2.4788,3.0634,0.0664,1,0.0026
1641,-0.3609,-0.6027,-2.4130,2.9986,0.0661,1,0.0027
1642,-0.3600,-0.6024,-2.3465,2.9326,0.0665,1,0.0024
1643,-0.3651,-0.6025,-2.2807,2.8678,0.0661,1,0.0025
1644,-0.3641,-0.6022,-2.2142,2.8018,0.0665,1,0.0022
1645,-0.3692,-0.6023,-2.1483,2.7371,0.0661,1,0.0023
1646,-0.3682,-0.6020,-2.0818,2.6712,0.0665,1,0.0020
1647,-0.3732,-0.6021,-2.0159,2.6066,0.0662,1,0.0021
1648,-0.3722,-0.6017,-1.9494,2.5407,0.0665,1,0.0017
1649,-0.3771,-0.6018,-1.8834,2.4761,0.0662,1,0.0018
1650,-0.3761,-0.6015,-1.8169,2.4103,0.0665,1,0.0015
1651,-0.3811,-0.6016,-1.7509,2.3459,0.0662,1,0.0016
1652,-0.3801,-0.6012,-1.6844,2.2802,0.0665,1,0.0012
1653,-0.3851,-0.6014,-1.6184,2.2159,0.0663,1,0.0014
1654,-0.3842,-0.6010,-1.5519,2.1503,0.0665,1,0.0010
1655,-0.3892,-0.6011,-1.4858,2.0862,0.0663,1,0.0011
1656,-0.3882,-0.6008,-1.4193,2.0207,0.0665,1,0.0008
1657,-0.3933,-0.6009,-1.3532,1.9569,0.0663,1,0.0009
1658,-0.3923,-0.6006,-1.2866,1.8916,0.0665,1,0.0006
1659,-0.3975,-0.6008,-1.2205,1.8281,0.0663,1,0.0008
1660,-0.3683,-0.5985,-1.2041,1.8059,0.0335,1,0.0000
1661,-0.3423,-0.5986,-1.1818,1.7789,0.0342,1,0.0000
1662,-0.3086,-0.5983,-1.1513,1.7426,0.0455,1,0.0000
1663,-0.2818,-0.5983,-1.1113,1.6986,0.0482,1,0.0000
1664,-0.2531,-0.5988,-1.0602,1.6436,0.0586,1,0.0000
1665,-0.2458,-0.6000,-0.9980,1.5811,0.0626,1,0.0000
1666,-0.2382,-0.6001,-0.9324,1.5150,0.0661,1,0.0001
1667,-0.2435,-0.6007,-0.8663,1.4507,0.0663,1,0.0007
1668,-0.2420,-0.6004,-0.7997,1.3848,0.0666,1,0.0004
1669,-0.2452,-0.6006,-0.7336,1.3204,0.0662,1,0.0006
1670,-0.2416,-0.6004,-0.6670,1.2544,0.0667,1,0.0004
1671,-0.2445,-0.6005,-0.6010,1.1902,0.0661,1,0.0005
1672,-0.2405,-0.6003,-0.5344,1.1243,0.0667,1,0.0003
1673,-0.2430,-0.6005,-0.4684,1.0605,0.0661,1,0.0005
1674,-0.2387,-0.6002,-0.4018,0.9947,0.0667,1,0.0002
1675,-0.2409,-0.6004,-0.3358,0.9314,0.0660,1,0.0004
1676,-0.2362,-0.6001,-0.2693,0.8659,0.0667,1,0.0001
1677,-0.2382,-0.6003,-0.2033,0.8033,0.0660,1,0.0003
1678,-0.2331,-0.6001,-0.1367,0.7383,0.0668,1,0.0001
1679,-0.2313,-0.5999,-0.0700,0.6747,0.0668,1,0.0000
1680,-0.2283,-0.5997,-0.0034,0.6114,0.0667,1,0.0000
1681,-0.2282,-0.5995,0.0636,0.5498,0.0670,1,0.0000
1682,-0.2269,-0.5994,0.1303,0.4893,0.0667,1,0.0000
1683,-0.2291,-0.5993,0.1973,0.4323,0.0671,1,0.0000
1684,-0.2283,-0.5992,0.2639,0.3769,0.0667,1,0.0000
1685,-0.2313,-0.5992,0.3310,0.3282,0.0671,1,0.0000
1686,-0.2306,-0.5991,0.3976,0.2843,0.0667,1,0.0000
1687,-0.2337,-0.5992,0.4647,0.2539,0.0671,1,0.0000
1688,-0.2331,-0.5991,0.5314,0.2353,0.0667,1,0.0000
1689,-0.2362,-0.5992,0.5984,0.2387,0.0672,1,0.0000
1690,-0.2356,-0.5991,0.6651,0.2564,0.0667,1,0.0000
1691,-0.2387,-0.5992,0.7322,0.2921,0.0672,1,0.0000
1692,-0.2381,-0.5992,0.7989,0.3346,0.0667,1,0.0000
1693,-0.2412,-0.5993,0.8660,0.3866,0.0672,1,0.0000
1694,-0.2407,-0.5992,0.9327,0.4404,0.0667,1,0.0000
1695,-0.2437,-0.5994,0.9998,0.4994,0.0672,1,0.0000
1696,-0.2431,-0.5993,1.0665,0.5583,0.0667,1,0.0000
1697,-0.2462,-0.5994,1.1336,0.6207,0.0672,1,0.0000
1698,-0.2456,-0.5994,1.2003,0.6822,0.0667,1,0.0000
1699,-0.2486,-0.5995,1.2675,0.7462,0.0672,1,0.0000
1700,-0.2481,-0.5994,1.3341,0.8093,0.0667,1,0.0000
1701,-0.2510,-0.5995,1.4013,0.8743,0.0672,1,0.0000
1702,-0.2505,-0.5995,1.4680,0.9382,0.0667,1,0.0000
1703,-0.2534,-0.5995,1.5352,1.0038,0.0673,1,0.0000
1704,-0.2529,-0.5995,1.6019,1.0684,0.0667,1,0.0000
1705,-0.2558,-0.5996,1.6691,1.1344,0.0673,1,0.0000
1706,-0.2553,-0.5995,1.7357,1.1994,0.0667,1,0.0000
1707,-0.2581,-0.5996,1.8030,1.2657,0.0673,1,0.0000
1708,-0.2576,-0.5995,1.8696,1.3310,0.0667,1,0.0000
1709,-0.2604,-0.5995,1.9369,1.3975,0.0673,1,0.0000
1710,-0.2599,-0.5995,2.0036,1.4630,0.0667,1,0.0000
1711,-0.2627,-0.5995,2.0708,1.5297,0.0673,1,0.0000
1712,-0.2622,-0.5995,2.1375,1.5953,0.0667,1,0.0000
1713,-0.2650,-0.5995,2.2047,1.6621,0.0673,1,0.0000
1714,-0.2645,-0.5994,2.2714,1.7279,0.0667,1,0.0000
1715,-0.2654,-0.5971,2.3348,1.7908,0.0635,1,0.0000
1716,-0.2649,-0.5964,2.4015,1.8567,0.0667,1,0.0000
1717,-0.2654,-0.5929,2.4614,1.9161,0.0600,1,0.0000
1718,-0.2649,-0.5914,2.5282,1.9822,0.0668,1,0.0000
1719,-0.2701,-0.5927,2.4613,1.9165,0.0672,1,0.0000
1720,-0.2705,-0.5919,2.3948,1.8509,0.0665,1,0.0000
1721,-0.2753,-0.5932,2.3284,1.7859,0.0666,1,0.0000
1722,-0.2757,-0.5923,2.2621,1.7205,0.0664,1,0.0000
1723,-0.2799,-0.5934,2.1959,1.6559,0.0663,1,0.0000
1724,-0.2803,-0.5924,2.1296,1.5907,0.0662,1,0.0000
1725,-0.2840,-0.5931,2.0636,1.5264,0.0661,1,0.0000
1726,-0.2844,-0.5921,1.9976,1.4617,0.0661,1,0.0000
1727,-0.2879,-0.5923,1.9318,1.3979,0.0659,1,0.0000
1728,-0.2883,-0.5912,1.8659,1.3336,0.0659,1,0.0000
1729,-0.2915,-0.5910,1.8003,1.2704,0.0657,1,0.0000
1730,-0.2919,-0.5899,1.7346,1.2066,0.0657,1,0.0000
1731,-0.2950,-0.5892,1.6692,1.1441,0.0654,1,0.0000
1732,-0.2915,-0.5881,1.6047,1.0810,0.0646,1,0.0000
1733,-0.2760,-0.5869,1.5423,1.0167,0.0644,1,0.0000
1734,-0.2764,-0.5857,1.4770,0.9542,0.0652,1,0.0000
1735,-0.2756,-0.5842,1.4122,0.8921,0.0649,1,0.0000
1736,-0.2710,-0.5829,1.3472,0.8291,0.0652,1,0.0000
1737,-0.2687,-0.5836,1.2815,0.7665,0.0657,1,0.0000
1738,-0.2657,-0.5825,1.2168,0.7051,0.0648,1,0.0000
1739,-0.2652,-0.5816,1.1515,0.6450,0.0653,1,0.0000
1740,-0.2634,-0.5805,1.0870,0.5860,0.0645,1,0.0000
1741,-0.2641,-0.5814,1.0225,0.5295,0.0645,1,0.0000
1742,-0.2615,-0.5805,0.9582,0.4736,0.0643,1,0.0000
1743,-0.2614,-0.5852,0.8941,0.4214,0.0643,1,0.0000
1744,-0.2587,-0.5846,0.8300,0.3715,0.0641,1,0.0000
1745,-0.2584,-0.5888,0.7660,0.3282,0.0641,1,0.0000
1746,-0.2556,-0.5886,0.7020,0.2908,0.0640,1,0.0000
1747,-0.2552,-0.5921,0.6381,0.2659,0.0641,1,0.0000
1748,-0.2525,-0.5921,0.5741,0.2528,0.0640,1,0.0000
1749,-0.2522,-0.5948,0.5101,0.2579,0.0640,1,0.0000
1750,-0.2495,-0.5950,0.4461,0.2759,0.0640,1,0.0000
1751,-0.2493,-0.5970,0.3821,0.3085,0.0641,1,0.0000
1752,-0.2467,-0.5972,0.3180,0.3482,0.0641,1,0.0000
1753,-0.2466,-0.5985,0.2539,0.3961,0.0641,1,0.0000
1754,-0.2441,-0.5988,0.1898,0.4466,0.0642,1,0.0000
1755,-0.2441,-0.5995,0.1256,0.5017,0.0642,1,0.0000
1756,-0.2417,-0.5997,0.0614,0.5576,0.0642,1,0.0000
1757,-0.2419,-0.6000,-0.0029,0.6162,0.0643,1,0.0000
1758,-0.2396,-0.6002,-0.0672,0.6750,0.0643,1,0.0002
1759,-0.2399,-0.6001,-0.1315,0.7356,0.0644,1,0.0001
1760,-0.2377,-0.6002,-0.1959,0.7960,0.0644,1,0.0002
1761,-0.2381,-0.5999,-0.2603,0.8578,0.0644,1,0.0000
1762,-0.2360,-0.6000,-0.3247,0.9193,0.0644,1,0.0000
1763,-0.2309,-0.5980,-0.3896,0.9810,0.0651,1,0.0000
1764,-0.2310,-0.5981,-0.4540,1.0437,0.0644,1,0.0000
1765,-0.2280,-0.5943,-0.5188,1.1064,0.0650,1,0.0000
1766,-0.2280,-0.5947,-0.5833,1.1695,0.0645,1,0.0000
1767,-0.2268,-0.5908,-0.6482,1.2331,0.0650,1,0.0000
1768,-0.2267,-0.5914,-0.7127,1.2966,0.0646,1,0.0000
1769,-0.2255,-0.5875,-0.7777,1.3604,0.0651,1,0.0000
1770,-0.2254,-0.5884,-0.8424,1.4243,0.0647,1,0.0000
1771,-0.2251,-0.5847,-0.9077,1.4888,0.0654,1,0.0000
1772,-0.2250,-0.5858,-0.9727,1.5530,0.0649,1,0.0000
1773,-0.2250,-0.5823,-1.0382,1.6179,0.0656,1,0.0000
1774,-0.2249,-0.5835,-1.1034,1.6824,0.0652,1,0.0000
1775,-0.2249,-0.5801,-1.1692,1.7477,0.0659,1,0.0000
1776,-0.2248,-0.5815,-1.2347,1.8126,0.0655,1,0.0000
1777,-0.2248,-0.5781,-1.3007,1.8781,0.0661,1,0.0000
1778,-0.2248,-0.5797,-1.3664,1.9434,0.0658,1,0.0000
1779,-0.2247,-0.5764,-1.4327,2.0093,0.0663,1,0.0000
1780,-0.2247,-0.5782,-1.4988,2.0749,0.0661,1,0.0000
1781,-0.2224,-0.5778,-1.5648,2.1403,0.0660,1,0.0000
1782,-0.2224,-0.5796,-1.6311,2.2063,0.0664,1,0.0000
1783,-0.2200,-0.5831,-1.6971,2.2717,0.0661,1,0.0000
1784,-0.2199,-0.5847,-1.7637,2.3379,0.0666,1,0.0000
1785,-0.2181,-0.5889,-1.8297,2.4035,0.0662,1,0.0000
1786,-0.2181,-0.5903,-1.8965,2.4700,0.0667,1,0.0000
1787,-0.2167,-0.5946,-1.9624,2.5356,0.0661,1,0.0000
1788,-0.2166,-0.5957,-2.0292,2.6021,0.0668,1,0.0000
1789,-0.2153,-0.5962,-2.0950,2.6676,0.0658,1,0.0000
1790,-0.2152,-0.5971,-2.1619,2.7342,0.0669,1,0.0000
1791,-0.2141,-0.5927,-2.2280,2.8000,0.0662,1,0.0000
1792,-0.2141,-0.5936,-2.2949,2.8667,0.0669,1,0.0000
1793,-0.2129,-0.5885,-2.3614,2.9330,0.0668,1,0.0000
1794,-0.2129,-0.5893,-2.4284,2.9998,0.0670,1,0.0000
1795,-0.2117,-0.5844,-2.4950,3.0662,0.0668,1,0.0000
1796,-0.2117,-0.5853,-2.5620,3.1330,0.0670,1,0.0000
1797,-0.2109,-0.5818,-2.4957,3.0669,0.0664,1,0.0000
1798,-0.2112,-0.5833,-2.4299,3.0013,0.0658,1,0.0000
1799,-0.2112,-0.5806,-2.3637,2.9352,0.0663,1,0.0000
1800,-0.2115,-0.5821,-2.2981,2.8698,0.0656,1,0.0000
1801,-0.2116,-0.5803,-2.2320,2.8039,0.0661,1,0.0000
1802,-0.2119,-0.5818,-2.1666,2.7387,0.0654,1,0.0000
1803,-0.2112,-0.5812,-2.1005,2.6727,0.0662,1,0.0000
1804,-0.2114,-0.5827,-2.0353,2.6077,0.0652,1,0.0000
1805,-0.2106,-0.5835,-1.9692,2.5419,0.0660,1,0.0000
1806,-0.2109,-0.5850,-1.9043,2.4771,0.0650,1,0.0000
1807,-0.2101,-0.5866,-1.8384,2.4114,0.0659,1,0.0000
1808,-0.2104,-0.5880,-1.7736,2.3470,0.0647,1,0.0000
1809,-0.2095,-0.5903,-1.7078,2.2813,0.0659,1,0.0000
1810,-0.2098,-0.5918,-1.6433,2.2171,0.0645,1,0.0000
1811,-0.2090,-0.5946,-1.5777,2.1518,0.0656,1,0.0000
1812,-0.2092,-0.5961,-1.5136,2.0879,0.0642,1,0.0000
1813,-0.2085,-0.5983,-1.4478,2.0224,0.0658,1,0.0000
1814,-0.2086,-0.5994,-1.3839,1.9589,0.0640,1,0.0000
1815,-0.2079,-0.6007,-1.3183,1.8936,0.0656,1,0.0007
1816,-0.2080,-0.6014,-1.2545,1.8302,0.0638,1,0.0014
1817,-0.2073,-0.6017,-1.1891,1.7652,0.0654,1,0.0017
1818,-0.2075,-0.6020,-1.1254,1.7020,0.0637,1,0.0020
1819,-0.2068,-0.6015,-1.0601,1.6370,0.0654,1,0.0015
1820,-0.2069,-0.6014,-0.9964,1.5739,0.0636,1,0.0014
1821,-0.2063,-0.6003,-0.9311,1.5091,0.0654,1,0.0003
1822,-0.2064,-0.6000,-0.8674,1.4460,0.0637,1,0.0000
1823,-0.2058,-0.5987,-0.8020,1.3812,0.0654,1,0.0000
1824,-0.2059,-0.5983,-0.7382,1.3182,0.0638,1,0.0000
1825,-0.2053,-0.5972,-0.6727,1.2535,0.0655,1,0.0000
1826,-0.2054,-0.5967,-0.6089,1.1906,0.0639,1,0.0000
1827,-0.2048,-0.5958,-0.5433,1.1259,0.0656,1,0.0000
1828,-0.2049,-0.5953,-0.4793,1.0631,0.0640,1,0.0000
1829,-0.2043,-0.5949,-0.4137,0.9986,0.0657,1,0.0000
1830,-0.2044,-0.5945,-0.3496,0.9361,0.0640,1,0.0000
1831,-0.2040,-0.5994,-0.2890,0.8769,0.0608,1,0.0000
1832,-0.2042,-0.5984,-0.2249,0.8147,0.0642,1,0.0000
1833,-0.2038,-0.6037,-0.1650,0.7568,0.0601,1,0.0037
1834,-0.2039,-0.6022,-0.1006,0.6950,0.0644,1,0.0022
1835,-0.2032,-0.6052,-0.0370,0.6343,0.0637,1,0.0052
1836,-0.2033,-0.6032,0.0278,0.5733,0.0648,1,0.0032
1837,-0.2023,-0.6038,0.0939,0.5116,0.0662,1,0.0038
1838,-0.2024,-0.6019,0.1590,0.4526,0.0651,1,0.0019
1839,-0.2015,-0.6021,0.2255,0.3938,0.0665,1,0.0021
1840,-0.2016,-0.6002,0.2908,0.3394,0.0654,1,0.0002
1841,-0.2008,-0.6000,0.3576,0.2879,0.0668,1,0.0000
1842,-0.2009,-0.5981,0.4232,0.2452,0.0656,1,0.0000
1843,-0.2002,-0.5974,0.4902,0.2133,0.0670,1,0.0000
1844,-0.2002,-0.5955,0.5560,0.2004,0.0659,1,0.0000
1845,-0.1996,-0.5943,0.6233,0.2083,0.0672,1,0.0000
1846,-0.1996,-0.5924,0.6893,0.2359,0.0661,1,0.0000
1847,-0.1990,-0.5906,0.7567,0.2773,0.0674,1,0.0000
1848,-0.1991,-0.5886,0.8230,0.3270,0.0663,1,0.0000
1849,-0.1985,-0.5865,0.8905,0.3825,0.0676,1,0.0000
1850,-0.1986,-0.5844,0.9569,0.4407,0.0664,1,0.0000
1851,-0.1980,-0.5819,1.0246,0.5018,0.0678,1,0.0000
1852,-0.1981,-0.5798,1.0912,0.5637,0.0666,1,0.0000
1853,-0.1976,-0.5778,1.1589,0.6274,0.0678,1,0.0000
1854,-0.1977,-0.5757,1.2256,0.6911,0.0667,1,0.0000
1855,-0.1972,-0.5809,1.2933,0.7559,0.0679,1,0.0000
1856,-0.1973,-0.5795,1.3601,0.8206,0.0668,1,0.0000
1857,-0.1969,-0.5863,1.4279,0.8863,0.0681,1,0.0000
1858,-0.1970,-0.5857,1.4946,0.9515,0.0668,1,0.0000
1859,-0.1965,-0.5920,1.5624,1.0177,0.0681,1,0.0000
1860,-0.1966,-0.5920,1.6292,1.0834,0.0668,1,0.0000
1861,-0.1960,-0.5972,1.6969,1.1499,0.0679,1,0.0000
1862,-0.1961,-0.5976,1.7637,1.2158,0.0668,1,0.0000
1863,-0.1955,-0.6015,1.8314,1.2826,0.0678,1,0.0015
1864,-0.1956,-0.6021,1.8982,1.3486,0.0668,1,0.0021
1865,-0.1950,-0.6047,1.9658,1.4155,0.0677,1,0.0047
1866,-0.1951,-0.6053,2.0326,1.4816,0.0667,1,0.0053
1867,-0.1942,-0.6067,2.1002,1.5486,0.0676,1,0.0067
1868,-0.1942,-0.6074,2.1669,1.6148,0.0667,1,0.0074
1869,-0.1938,-0.6077,2.2344,1.6818,0.0675,1,0.0077
1870,-0.1937,-0.6082,2.3011,1.7481,0.0667,1,0.0082
1871,-0.1939,-0.6076,2.3685,1.8151,0.0674,1,0.0076
1872,-0.1937,-0.6080,2.4352,1.8814,0.0667,1,0.0080
1873,-0.1945,-0.6068,2.5026,1.9485,0.0674,1,0.0068
1874,-0.1947,-0.6070,2.4359,1.8822,0.0667,1,0.0070
1875,-0.1964,-0.6055,2.3700,1.8168,0.0660,1,0.0055
1876,-0.1967,-0.6056,2.3033,1.7505,0.0667,1,0.0056
1877,-0.1987,-0.6040,2.2373,1.6852,0.0661,1,0.0040
1878,-0.1990,-0.6040,2.1706,1.6191,0.0667,1,0.0040
1879,-0.2013,-0.6025,2.1046,1.5538,0.0661,1,0.0025
1880,-0.2015,-0.6025,2.0379,1.4878,0.0667,1,0.0025
1881,-0.2040,-0.6013,1.9719,1.4227,0.0661,1,0.0013
1882,-0.2042,-0.6012,1.9052,1.3568,0.0667,1,0.0012
1883,-0.2068,-0.6002,1.8391,1.2920,0.0661,1,0.0002
1884,-0.2070,-0.6001,1.7725,1.2262,0.0667,1,0.0001
1885,-0.2096,-0.5994,1.7064,1.1616,0.0661,1,0.0000
1886,-0.2098,-0.5993,1.6397,1.0962,0.0667,1,0.0000
1887,-0.2125,-0.5988,1.5737,1.0320,0.0661,1,0.0000
1888,-0.2127,-0.5987,1.5070,0.9669,0.0667,1,0.0000
1889,-0.2154,-0.5985,1.4410,0.9032,0.0661,1,0.0000
1890,-0.2157,-0.5984,1.3743,0.8386,0.0667,1,0.0000
1891,-0.2184,-0.5983,1.3082,0.7758,0.0661,1,0.0000
1892,-0.2187,-0.5983,1.2415,0.7121,0.0667,1,0.0000
1893,-0.2215,-0.5983,1.1755,0.6505,0.0661,1,0.0000
1894,-0.2218,-0.5983,1.1088,0.5884,0.0667,1,0.0000
1895,-0.2248,-0.5985,1.0427,0.5290,0.0661,1,0.0000
1896,-0.2250,-0.5984,0.9760,0.4696,0.0667,1,0.0000
1897,-0.2281,-0.5987,0.9099,0.4145,0.0662,1,0.0000
1898,-0.2283,-0.5986,0.8433,0.3609,0.0667,1,0.0000
1899,-0.2334,-0.5991,0.7766,0.3159,0.0668,1,0.0000
1900,-0.2338,-0.5990,0.7100,0.2757,0.0667,1,0.0000
1901,-0.2397,-0.5995,0.6432,0.2525,0.0670,1,0.0000
1902,-0.2402,-0.5994,0.5765,0.2405,0.0667,1,0.0000
1903,-0.2462,-0.5998,0.5098,0.2521,0.0670,1,0.0000
1904,-0.2468,-0.5997,0.4432,0.2747,0.0666,1,0.0000
1905,-0.2529,-0.6001,0.3764,0.3147,0.0670,1,0.0001
1906,-0.2478,-0.6000,0.3097,0.3549,0.0669,1,0.0000
1907,-0.2480,-0.6002,0.2429,0.4056,0.0668,1,0.0002
1908,-0.2425,-0.6001,0.1762,0.4572,0.0669,1,0.0001
1909,-0.2427,-0.6003,0.1094,0.5152,0.0668,1,0.0003
1910,-0.2373,-0.6002,0.0427,0.5727,0.0669,1,0.0002
1911,-0.2378,-0.6003,-0.0242,0.6343,0.0668,1,0.0003
1912,-0.2328,-0.6002,-0.0909,0.6949,0.0669,1,0.0002
1913,-0.2336,-0.6003,-0.1577,0.7585,0.0669,1,0.0003
1914,-0.2290,-0.6002,-0.2245,0.8209,0.0669,1,0.0002
1915,-0.2304,-0.6004,-0.2914,0.8857,0.0669,1,0.0004
1916,-0.2262,-0.6002,-0.3581,0.9493,0.0669,1,0.0002
1917,-0.2282,-0.6004,-0.4250,1.0148,0.0669,1,0.0004
1918,-0.2244,-0.6002,-0.4917,1.0792,0.0669,1,0.0002
1919,-0.2269,-0.6004,-0.5587,1.1452,0.0670,1,0.0004
1920,-0.2237,-0.6002,-0.6254,1.2101,0.0668,1,0.0002
1921,-0.2266,-0.6005,-0.6924,1.2765,0.0670,1,0.0005
1922,-0.2237,-0.6003,-0.7592,1.3418,0.0668,1,0.0003
1923,-0.2272,-0.6006,-0.8262,1.4085,0.0671,1,0.0006
1924,-0.2243,-0.6004,-0.8930,1.4740,0.0668,1,0.0004
1925,-0.2285,-0.6007,-0.9601,1.5410,0.0673,1,0.0007
1926,-0.2292,-0.6005,-1.0268,1.6071,0.0667,1,0.0005
1927,-0.2369,-0.6008,-1.0939,1.6746,0.0675,1,0.0008
1928,-0.2376,-0.6006,-1.1607,1.7408,0.0668,1,0.0006
1929,-0.2489,-0.6013,-1.2286,1.8096,0.0688,1,0.0013
1930,-0.2497,-0.6011,-1.2953,1.8759,0.0668,1,0.0011
1931,-0.2611,-0.6018,-1.3634,1.9448,0.0690,1,0.0018
1932,-0.2620,-0.6015,-1.4301,2.0111,0.0668,1,0.0015
1933,-0.2726,-0.6021,-1.4981,2.0799,0.0688,1,0.0021
1934,-0.2735,-0.6018,-1.5649,2.1463,0.0668,1,0.0018
1935,-0.2836,-0.6023,-1.6329,2.2149,0.0687,1,0.0023
1936,-0.2845,-0.6021,-1.6997,2.2814,0.0668,1,0.0021
1937,-0.2944,-0.6026,-1.7676,2.3500,0.0686,1,0.0026
1938,-0.2953,-0.6023,-1.8345,2.4165,0.0669,1,0.0023
1939,-0.3049,-0.6028,-1.9025,2.4851,0.0686,1,0.0028
1940,-0.3059,-0.6025,-1.9694,2.5516,0.0669,1,0.0025
1941,-0.3154,-0.6030,-2.0373,2.6202,0.0686,1,0.0030
1942,-0.3163,-0.6027,-2.1042,2.6868,0.0669,1,0.0027
1943,-0.3258,-0.6032,-2.1722,2.7554,0.0686,1,0.0032
1944,-0.3268,-0.6029,-2.2391,2.8220,0.0669,1,0.0029
1945,-0.3362,-0.6034,-2.3071,2.8906,0.0687,1,0.0034
1946,-0.3371,-0.6031,-2.3741,2.9572,0.0670,1,0.0031
1947,-0.3465,-0.6036,-2.4421,3.0258,0.0687,1,0.0036
1948,-0.3475,-0.6033,-2.5091,3.0925,0.0670,1,0.0033
1949,-0.3548,-0.6036,-2.4438,3.0284,0.0657,1,0.0036
1950,-0.3536,-0.6030,-2.3774,2.9624,0.0664,1,0.0030
1951,-0.3609,-0.6033,-2.3121,2.8985,0.0657,1,0.0033
1952,-0.3598,-0.6028,-2.2457,2.8325,0.0664,1,0.0028
1953,-0.3671,-0.6031,-2.1804,2.7687,0.0657,1,0.0031
1954,-0.3660,-0.6026,-2.1140,2.7027,0.0664,1,0.0026
1955,-0.3732,-0.6028,-2.0487,2.6390,0.0657,1,0.0028
1956,-0.3721,-0.6023,-1.9823,2.5731,0.0664,1,0.0023
1957,-0.3793,-0.6026,-1.9169,2.5096,0.0658,1,0.0026
1958,-0.3782,-0.6021,-1.8505,2.4438,0.0664,1,0.0021
1959,-0.3855,-0.6024,-1.7851,2.3804,0.0658,1,0.0024
1960,-0.3843,-0.6019,-1.7187,2.3147,0.0664,1,0.0019
1961,-0.3915,-0.6022,-1.6533,2.2515,0.0658,1,0.0022
1962,-0.3904,-0.6017,-1.5869,2.1858,0.0665,1,0.0017
1963,-0.3976,-0.6019,-1.5215,2.1229,0.0658,1,0.0019
1964,-0.3965,-0.6015,-1.4550,2.0574,0.0665,1,0.0015
1965,-0.4037,-0.6017,-1.3896,1.9947,0.0658,1,0.0017
1966,-0.4026,-0.6013,-1.3231,1.9294,0.0665,1,0.0013
1967,-0.4089,-0.6014,-1.2576,1.8668,0.0658,1,0.0014
1968,-0.4049,-0.6007,-1.1981,1.8079,0.0596,1,0.0007
1969,-0.3847,-0.6010,-1.1892,1.7947,0.0221,1,0.0010
1970,-0.3561,-0.6007,-1.1747,1.7747,0.0320,1,0.0007
1971,-0.3310,-0.5982,-1.1552,1.7506,0.0319,1,0.0000
1972,-0.2977,-0.5978,-1.1281,1.7179,0.0430,1,0.0000
1973,-0.2700,-0.5979,-1.0924,1.6781,0.0452,1,0.0000
1974,-0.2390,-0.5979,-1.0458,1.6273,0.0560,1,0.0000
1975,-0.2275,-0.6006,-0.9863,1.5667,0.0607,1,0.0006
1976,-0.2124,-0.5992,-0.9231,1.5020,0.0650,1,0.0000
1977,-0.2177,-0.6004,-0.8568,1.4373,0.0665,1,0.0004
1978,-0.2167,-0.6002,-0.7903,1.3713,0.0666,1,0.0002
1979,-0.2221,-0.6003,-0.7240,1.3068,0.0665,1,0.0003
1980,-0.2212,-0.6000,-0.6574,1.2411,0.0666,1,0.0000
1981,-0.2264,-0.6002,-0.5911,1.1769,0.0665,1,0.0002
1982,-0.2240,-0.5999,-0.5245,1.1111,0.0666,1,0.0000
1983,-0.2279,-0.6001,-0.4581,1.0471,0.0664,1,0.0001
1984,-0.2252,-0.5999,-0.3916,0.9816,0.0667,1,0.0000
1985,-0.2289,-0.6000,-0.3252,0.9180,0.0664,1,0.0000
1986,-0.2260,-0.5998,-0.2586,0.8529,0.0667,1,0.0000
1987,-0.2293,-0.5999,-0.1922,0.7901,0.0665,1,0.0000
1988,-0.2262,-0.5997,-0.1256,0.7256,0.0667,1,0.0000
1989,-0.2293,-0.5999,-0.0592,0.6639,0.0665,1,0.0000
1990,-0.2260,-0.5996,0.0074,0.6006,0.0667,1,0.0000
1991,-0.2288,-0.5998,0.0738,0.5408,0.0665,1,0.0000
1992,-0.2253,-0.5996,0.1404,0.4796,0.0667,1,0.0000
1993,-0.2279,-0.5997,0.2068,0.4235,0.0665,1,0.0000
1994,-0.2242,-0.5995,0.2735,0.3668,0.0667,1,0.0000
1995,-0.2266,-0.5996,0.3399,0.3186,0.0665,1,0.0000
1996,-0.2227,-0.5994,0.4065,0.2727,0.0668,1,0.0000
1997,-0.2250,-0.5995,0.4730,0.2427,0.0665,1,0.0000
1998,-0.2210,-0.5993,0.5396,0.2223,0.0668,1,0.0000
1999,-0.2232,-0.5994,0.6061,0.2271,0.0665,1,0.0000
2000,-0.2191,-0.5992,0.6727,0.2446,0.0668,1,0.0000
2001,-0.2212,-0.5993,0.7391,0.2822,0.0665,1,0.0000
2002,-0.2170,-0.5991,0.8058,0.3250,0.0668,1,0.0000
2003,-0.2190,-0.5992,0.8722,0.3783,0.0665,1,0.0000
2004,-0.2148,-0.5990,0.9389,0.4322,0.0668,1,0.0000
2005,-0.2167,-0.5991,1.0053,0.4918,0.0665,1,0.0000
2006,-0.2124,-0.5989,1.0720,0.5508,0.0668,1,0.0000
2007,-0.2144,-0.5990,1.1384,0.6133,0.0664,1,0.0000
2008,-0.2100,-0.5988,1.2051,0.6748,0.0668,1,0.0000
2009,-0.2119,-0.5989,1.2715,0.7387,0.0664,1,0.0000
2010,-0.2075,-0.5986,1.3382,0.8017,0.0668,1,0.0000
2011,-0.2094,-0.5988,1.4046,0.8664,0.0664,1,0.0000
2012,-0.2048,-0.5985,1.4713,0.9303,0.0669,1,0.0000
2013,-0.2084,-0.5986,1.5378,0.9961,0.0666,1,0.0000
2014,-0.2075,-0.5984,1.6046,1.0613,0.0668,1,0.0000
2015,-0.2131,-0.5985,1.6710,1.1274,0.0666,1,0.0000
2016,-0.2122,-0.5982,1.7377,1.1929,0.0668,1,0.0000
2017,-0.2178,-0.5983,1.8040,1.2592,0.0665,1,0.0000
2018,-0.2169,-0.5980,1.8708,1.3249,0.0668,1,0.0000
2019,-0.2223,-0.5980,1.9377,1.3917,0.0671,1,0.0000
2020,-0.2216,-0.5977,2.0044,1.4575,0.0667,1,0.0000
2021,-0.2263,-0.5978,2.0715,1.5246,0.0673,1,0.0000
2022,-0.2258,-0.5977,2.1382,1.5905,0.0667,1,0.0000
2023,-0.2297,-0.5980,2.2055,1.6576,0.0674,1,0.0000
2024,-0.2293,-0.5979,2.2721,1.7236,0.0667,1,0.0000
2025,-0.2325,-0.5983,2.3395,1.7908,0.0674,1,0.0000
2026,-0.2322,-0.5984,2.4061,1.8569,0.0667,1,0.0000
2027,-0.2348,-0.5987,2.4735,1.9241,0.0674,1,0.0000
2028,-0.2345,-0.5988,2.5402,1.9902,0.0667,1,0.0000
2029,-0.2370,-0.5991,2.4743,1.9251,0.0659,1,0.0000
2030,-0.2371,-0.5992,2.4076,1.8590,0.0667,1,0.0000
2031,-0.2391,-0.5994,2.3417,1.7939,0.0659,1,0.0000
2032,-0.2392,-0.5995,2.2751,1.7279,0.0667,1,0.0000
2033,-0.2409,-0.5996,2.2092,1.6629,0.0659,1,0.0000
2034,-0.2410,-0.5996,2.1425,1.5970,0.0667,1,0.0000
2035,-0.2425,-0.5997,2.0767,1.5321,0.0659,1,0.0000
2036,-0.2426,-0.5998,2.0100,1.4664,0.0667,1,0.0000
2037,-0.2440,-0.5998,1.9441,1.4017,0.0659,1,0.0000
2038,-0.2441,-0.5999,1.8774,1.3361,0.0667,1,0.0000
2039,-0.2453,-0.5999,1.8116,1.2716,0.0659,1,0.0000
2040,-0.2455,-0.5999,1.7449,1.2063,0.0667,1,0.0000
2041,-0.2467,-0.6000,1.6791,1.1422,0.0659,1,0.0000
2042,-0.2468,-0.6000,1.6124,1.0772,0.0667,1,0.0000
2043,-0.2479,-0.6000,1.5465,1.0135,0.0659,1,0.0000
2044,-0.2480,-0.6000,1.4798,0.9490,0.0667,1,0.0000
2045,-0.2491,-0.6001,1.4140,0.8859,0.0659,1,0.0001
2046,-0.2492,-0.6001,1.3473,0.8221,0.0667,1,0.0001
2047,-0.2503,-0.6001,1.2814,0.7600,0.0659,1,0.0001
2048,-0.2504,-0.6001,1.2147,0.6974,0.0667,1,0.0001
2049,-0.2514,-0.6001,1.1489,0.6368,0.0659,1,0.0001
2050,-0.2516,-0.6001,1.0822,0.5762,0.0667,1,0.0001
2051,-0.2526,-0.6001,1.0163,0.5182,0.0659,1,0.0001
2052,-0.2527,-0.6001,0.9496,0.4612,0.0667,1,0.0001
2053,-0.2537,-0.6001,0.8838,0.4083,0.0659,1,0.0001
2054,-0.2537,-0.6001,0.8171,0.3585,0.0667,1,0.0001
2055,-0.2547,-0.6001,0.7512,0.3162,0.0659,1,0.0001
2056,-0.2548,-0.6001,0.6845,0.2819,0.0667,1,0.0001
2057,-0.2558,-0.6001,0.6186,0.2616,0.0659,1,0.0001
2058,-0.2558,-0.6000,0.5519,0.2561,0.0667,1,0.0000
2059,-0.2568,-0.6000,0.4861,0.2683,0.0659,1,0.0000
2060,-0.2569,-0.6000,0.4194,0.2947,0.0667,1,0.0000
2061,-0.2578,-0.6000,0.3535,0.3327,0.0659,1,0.0000
2062,-0.2579,-0.6000,0.2868,0.3785,0.0667,1,0.0000
2063,-0.2588,-0.6000,0.2209,0.4296,0.0659,1,0.0000
2064,-0.2589,-0.6000,0.1543,0.4845,0.0667,1,0.0000
2065,-0.2598,-0.5999,0.0884,0.5418,0.0659,1,0.0000
2066,-0.2599,-0.5999,0.0217,0.6012,0.0667,1,0.0000
2067,-0.2608,-0.5999,-0.0442,0.6616,0.0659,1,0.0000
2068,-0.2609,-0.5999,-0.1109,0.7234,0.0667,1,0.0000
2069,-0.2618,-0.5999,-0.1768,0.7855,0.0659,1,0.0000
2070,-0.2619,-0.5999,-0.2434,0.8487,0.0667,1,0.0000
2071,-0.2629,-0.5999,-0.3093,0.9119,0.0659,1,0.0000
2072,-0.2629,-0.5999,-0.3760,0.9760,0.0667,1,0.0000
2073,-0.2639,-0.5999,-0.4419,1.0398,0.0659,1,0.0000
2074,-0.2640,-0.5999,-0.5086,1.1045,0.0667,1,0.0000
2075,-0.2650,-0.5999,-0.5745,1.1688,0.0659,1,0.0000
2076,-0.2651,-0.5999,-0.6412,1.2338,0.0667,1,0.0000
2077,-0.2661,-0.5999,-0.7071,1.2985,0.0659,1,0.0000
2078,-0.2661,-0.5999,-0.7738,1.3638,0.0667,1,0.0000
2079,-0.2672,-0.5999,-0.8397,1.4287,0.0659,1,0.0000
2080,-0.2673,-0.5999,-0.9063,1.4943,0.0667,1,0.0000
2081,-0.2684,-0.5999,-0.9722,1.5593,0.0659,1,0.0000
2082,-0.2685,-0.5999,-1.0389,1.6251,0.0667,1,0.0000
2083,-0.2696,-0.6000,-1.1048,1.6903,0.0659,1,0.0000
2084,-0.2697,-0.6000,-1.1715,1.7562,0.0667,1,0.0000
2085,-0.2709,-0.6000,-1.2374,1.8215,0.0659,1,0.0000
2086,-0.2710,-0.6000,-1.3041,1.8875,0.0667,1,0.0000
2087,-0.2747,-0.6002,-1.3700,1.9533,0.0660,1,0.0002
2088,-0.2749,-0.6002,-1.4367,2.0194,0.0667,1,0.0002
2089,-0.2788,-0.6003,-1.5027,2.0852,0.0661,1,0.0003
2090,-0.2790,-0.6003,-1.5694,2.1514,0.0667,1,0.0003
2091,-0.2823,-0.6004,-1.6354,2.2173,0.0661,1,0.0004
2092,-0.2825,-0.6004,-1.7021,2.2835,0.0667,1,0.0004
2093,-0.2855,-0.6004,-1.7681,2.3494,0.0661,1,0.0004
2094,-0.2858,-0.6004,-1.8348,2.4156,0.0667,1,0.0004
2095,-0.2886,-0.6004,-1.9009,2.4816,0.0661,1,0.0004
2096,-0.2888,-0.6004,-1.9676,2.5479,0.0667,1,0.0004
2097,-0.2915,-0.6004,-2.0337,2.6138,0.0661,1,0.0004
2098,-0.2917,-0.6004,-2.1004,2.6802,0.0667,1,0.0004
2099,-0.2944,-0.6004,-2.1665,2.7462,0.0662,1,0.0004
2100,-0.2946,-0.6004,-2.2332,2.8125,0.0667,1,0.0004
2101,-0.2973,-0.6003,-2.2993,2.8786,0.0662,1,0.0003
2102,-0.2975,-0.6003,-2.3660,2.9449,0.0667,1,0.0003
2103,-0.3001,-0.6003,-2.4321,3.0110,0.0662,1,0.0003
2104,-0.3004,-0.6003,-2.4989,3.0774,0.0667,1,0.0003
2105,-0.3030,-0.6003,-2.5650,3.1434,0.0662,1,0.0003
2106,-0.3027,-0.6003,-2.4984,3.0771,0.0666,1,0.0003
2107,-0.3049,-0.6003,-2.4311,3.0105,0.0672,1,0.0003
2108,-0.3046,-0.6002,-2.3645,2.9441,0.0666,1,0.0002
2109,-0.3068,-0.6002,-2.2973,2.8775,0.0672,1,0.0002
2110,-0.3064,-0.6002,-2.2307,2.8113,0.0666,1,0.0002
2111,-0.3087,-0.6002,-2.1635,2.7447,0.0672,1,0.0002
2112,-0.3084,-0.6001,-2.0969,2.6785,0.0666,1,0.0001
2113,-0.3107,-0.6001,-2.0296,2.6120,0.0672,1,0.0001
2114,-0.3104,-0.6001,-1.9630,2.5459,0.0666,1,0.0001
2115,-0.3128,-0.6001,-1.8958,2.4795,0.0672,1,0.0001
2116,-0.3124,-0.6001,-1.8292,2.4133,0.0666,1,0.0001
2117,-0.3149,-0.6001,-1.7620,2.3471,0.0672,1,0.0001
2118,-0.3146,-0.6001,-1.6954,2.2810,0.0666,1,0.0001
2119,-0.3171,-0.6001,-1.6282,2.2148,0.0672,1,0.0001
2120,-0.3168,-0.6001,-1.5616,2.1489,0.0666,1,0.0001
2121,-0.3195,-0.6001,-1.4944,2.0829,0.0672,1,0.0001
2122,-0.3191,-0.6001,-1.4277,2.0170,0.0666,1,0.0001
2123,-0.3219,-0.6002,-1.3606,1.9512,0.0672,1,0.0002
2124,-0.3216,-0.6001,-1.2939,1.8854,0.0666,1,0.0001
2125,-0.3281,-0.6006,-1.2272,1.8209,0.0670,1,0.0006
2126,-0.3277,-0.6005,-1.1606,1.7553,0.0666,1,0.0005
2127,-0.3427,-0.6018,-1.0951,1.6940,0.0672,1,0.0018
2128,-0.3168,-0.6007,-1.0480,1.6427,0.0537,1,0.0007
2129,-0.2988,-0.6008,-1.0015,1.5936,0.0498,1,0.0008
2130,-0.2708,-0.6007,-0.9471,1.5350,0.0612,1,0.0007
2131,-0.2612,-0.6012,-0.8866,1.4738,0.0612,1,0.0012
2132,-0.2520,-0.6015,-0.8204,1.4070,0.0668,1,0.0015
2133,-0.2510,-0.6023,-0.7552,1.3427,0.0653,1,0.0023
2134,-0.2375,-0.6019,-0.6888,1.2749,0.0678,1,0.0019
2135,-0.2332,-0.6020,-0.6236,1.2101,0.0653,1,0.0020
2136,-0.2196,-0.6015,-0.5571,1.1423,0.0678,1,0.0015
2137,-0.2152,-0.6015,-0.4919,1.0775,0.0654,1,0.0015
2138,-0.2023,-0.6010,-0.4255,1.0098,0.0677,1,0.0010
2139,-0.1988,-0.6011,-0.3602,0.9452,0.0653,1,0.0011
2140,-0.1869,-0.6005,-0.2937,0.8777,0.0675,1,0.0005
2141,-0.1844,-0.6007,-0.2285,0.8135,0.0653,1,0.0007
2142,-0.1738,-0.6001,-0.1620,0.7464,0.0673,1,0.0001
2143,-0.1726,-0.6003,-0.0967,0.6827,0.0653,1,0.0003
2144,-0.1634,-0.5996,-0.0302,0.6161,0.0672,1,0.0000
2145,-0.1635,-0.5998,0.0351,0.5534,0.0653,1,0.0000
2146,-0.1556,-0.5991,0.1017,0.4876,0.0670,1,0.0000
2147,-0.1562,-0.5988,0.1670,0.4264,0.0653,1,0.0000
2148,-0.1496,-0.5980,0.2336,0.3625,0.0669,1,0.0000
2149,-0.1523,-0.5984,0.2990,0.3056,0.0654,1,0.0000
2150,-0.1468,-0.5977,0.3656,0.2467,0.0669,1,0.0000
2151,-0.1506,-0.5982,0.4310,0.2008,0.0655,1,0.0000
2152,-0.1459,-0.5974,0.4976,0.1602,0.0668,1,0.0000
2153,-0.1505,-0.5979,0.5630,0.1505,0.0656,1,0.0000
2154,-0.1464,-0.5972,0.6297,0.1605,0.0668,1,0.0000
2155,-0.1515,-0.5978,0.6952,0.2005,0.0657,1,0.0000
2156,-0.1478,-0.5971,0.7619,0.2471,0.0668,1,0.0000
2157,-0.1533,-0.5977,0.8274,0.3050,0.0658,1,0.0000
2158,-0.1498,-0.5970,0.8942,0.3627,0.0668,1,0.0000
2159,-0.1555,-0.5976,0.9598,0.4254,0.0659,1,0.0000
2160,-0.1520,-0.5970,1.0265,0.4870,0.0668,1,0.0000
2161,-0.1577,-0.5976,1.0922,0.5514,0.0659,1,0.0000
2162,-0.1541,-0.5970,1.1590,0.6148,0.0669,1,0.0000
2163,-0.1597,-0.5976,1.2247,0.6799,0.0660,1,0.0000
2164,-0.1561,-0.5971,1.2915,0.7442,0.0669,1,0.0000
2165,-0.1615,-0.5976,1.3573,0.8097,0.0660,1,0.0000
2166,-0.1578,-0.5971,1.4241,0.8746,0.0669,1,0.0000
2167,-0.1631,-0.5976,1.4900,0.9404,0.0661,1,0.0000
2168,-0.1603,-0.5971,1.5569,1.0059,0.0670,1,0.0000
2169,-0.1681,-0.5976,1.6229,1.0723,0.0664,1,0.0000
2170,-0.1670,-0.5971,1.6897,1.1382,0.0669,1,0.0000
2171,-0.1747,-0.5976,1.7557,1.2046,0.0664,1,0.0000
2172,-0.1736,-0.5971,1.8226,1.2706,0.0669,1,0.0000
2173,-0.1813,-0.5975,1.8886,1.3371,0.0665,1,0.0000
2174,-0.1802,-0.5971,1.9555,1.4033,0.0669,1,0.0000
2175,-0.1878,-0.5974,2.0215,1.4697,0.0665,1,0.0000
2176,-0.1867,-0.5970,2.0884,1.5360,0.0669,1,0.0000
2177,-0.1942,-0.5973,2.1545,1.6025,0.0665,1,0.0000
2178,-0.1931,-0.5969,2.2214,1.6688,0.0669,1,0.0000
2179,-0.2006,-0.5972,2.2875,1.7353,0.0665,1,0.0000
2180,-0.1995,-0.5967,2.3544,1.8016,0.0669,1,0.0000
2181,-0.2069,-0.5970,2.4205,1.8682,0.0665,1,0.0000
2182,-0.2059,-0.5966,2.4874,1.9346,0.0669,1,0.0000
2183,-0.2115,-0.5967,2.5532,2.0006,0.0660,1,0.0000
2184,-0.2106,-0.5965,2.4864,1.9341,0.0668,1,0.0000
2185,-0.2198,-0.5969,2.4192,1.8684,0.0678,1,0.0000
2186,-0.2206,-0.5967,2.3528,1.8025,0.0664,1,0.0000
2187,-0.2298,-0.5970,2.2856,1.7370,0.0678,1,0.0000
2188,-0.2306,-0.5968,2.2192,1.6713,0.0664,1,0.0000
2189,-0.2397,-0.5972,2.1519,1.6061,0.0678,1,0.0000
2190,-0.2405,-0.5969,2.0855,1.5406,0.0664,1,0.0000
2191,-0.2496,-0.5973,2.0182,1.4757,0.0679,1,0.0000
2192,-0.2505,-0.5970,1.9518,1.4104,0.0665,1,0.0000
2193,-0.2595,-0.5974,1.8845,1.3459,0.0679,1,0.0000
2194,-0.2604,-0.5972,1.8180,1.2809,0.0665,1,0.0000
2195,-0.2695,-0.5976,1.7507,1.2171,0.0679,1,0.0000
2196,-0.2636,-0.5967,1.6909,1.1575,0.0601,1,0.0000
2197,-0.2373,-0.5947,1.6579,1.1195,0.0423,1,0.0000
2198,-0.2046,-0.5973,1.6152,1.0711,0.0538,1,0.0000
2199,-0.1866,-0.5954,1.5615,1.0150,0.0567,1,0.0000
2200,-0.1692,-0.5958,1.5001,0.9515,0.0638,1,0.0000
2201,-0.1746,-0.5975,1.4328,0.8863,0.0676,1,0.0000
2202,-0.1738,-0.5976,1.3663,0.8211,0.0665,1,0.0000
2203,-0.1786,-0.5980,1.2986,0.7562,0.0678,1,0.0000
2204,-0.1747,-0.5977,1.2320,0.6907,0.0667,1,0.0000
2205,-0.1794,-0.5982,1.1643,0.6267,0.0679,1,0.0000
2206,-0.1754,-0.5979,1.0977,0.5620,0.0667,1,0.0000
2207,-0.1801,-0.5984,1.0300,0.4997,0.0679,1,0.0000
2208,-0.1760,-0.5980,0.9634,0.4366,0.0667,1,0.0000
2209,-0.1748,-0.5980,0.8962,0.3755,0.0672,1,0.0000
2210,-0.1753,-0.5978,0.8296,0.3184,0.0666,1,0.0000
2211,-0.1764,-0.5978,0.7629,0.2660,0.0667,1,0.0000
2212,-0.1767,-0.5978,0.6962,0.2208,0.0667,1,0.0000
2213,-0.1774,-0.5979,0.6299,0.1893,0.0663,1,0.0000
2214,-0.1775,-0.5981,0.5632,0.1775,0.0667,1,0.0000
2215,-0.1778,-0.5982,0.4971,0.1900,0.0661,1,0.0000
2216,-0.1778,-0.5984,0.4304,0.2223,0.0667,1,0.0000
2217,-0.1779,-0.5985,0.3644,0.2672,0.0660,1,0.0000
2218,-0.1779,-0.5987,0.2978,0.3200,0.0667,1,0.0000
2219,-0.1778,-0.5987,0.2318,0.3766,0.0659,1,0.0000
2220,-0.1777,-0.5989,0.1652,0.4365,0.0667,1,0.0000
2221,-0.1774,-0.5989,0.0993,0.4973,0.0659,1,0.0000
2222,-0.1774,-0.5990,0.0326,0.5601,0.0667,1,0.0000
2223,-0.1770,-0.5990,-0.0333,0.6228,0.0659,1,0.0000
2224,-0.1769,-0.5991,-0.0999,0.6869,0.0667,1,0.0000
2225,-0.1765,-0.5991,-0.1658,0.7507,0.0659,1,0.0000
2226,-0.1764,-0.5992,-0.2325,0.8156,0.0667,1,0.0000
2227,-0.1759,-0.5993,-0.2983,0.8799,0.0659,1,0.0000
2228,-0.1759,-0.5993,-0.3650,0.9454,0.0667,1,0.0000
2229,-0.1753,-0.5994,-0.4309,1.0100,0.0659,1,0.0000
2230,-0.1753,-0.5995,-0.4976,1.0758,0.0667,1,0.0000
2231,-0.1748,-0.5996,-0.5634,1.1407,0.0659,1,0.0000
2232,-0.1747,-0.5996,-0.6301,1.2067,0.0667,1,0.0000
2233,-0.1741,-0.5997,-0.6960,1.2718,0.0659,1,0.0000
2234,-0.1741,-0.5997,-0.7627,1.3379,0.0667,1,0.0000
2235,-0.1735,-0.5999,-0.8285,1.4032,0.0659,1,0.0000
2236,-0.1735,-0.5999,-0.8952,1.4694,0.0667,1,0.0000
2237,-0.1729,-0.6000,-0.9611,1.5347,0.0659,1,0.0000
2238,-0.1729,-0.6000,-1.0278,1.6010,0.0667,1,0.0000
2239,-0.1723,-0.6001,-1.0937,1.6664,0.0659,1,0.0001
2240,-0.1723,-0.6001,-1.1604,1.7328,0.0667,1,0.0001
2241,-0.1717,-0.6002,-1.2262,1.7983,0.0659,1,0.0002
2242,-0.1717,-0.6002,-1.2929,1.8647,0.0667,1,0.0002
2243,-0.1711,-0.6002,-1.3588,1.9302,0.0659,1,0.0002
2244,-0.1711,-0.6002,-1.4255,1.9967,0.0667,1,0.0002
2245,-0.1705,-0.6002,-1.4913,2.0622,0.0659,1,0.0002
2246,-0.1705,-0.6002,-1.5580,2.1287,0.0667,1,0.0002
2247,-0.1699,-0.6002,-1.6239,2.1943,0.0659,1,0.0002
2248,-0.1699,-0.6002,-1.6906,2.2608,0.0667,1,0.0002
2249,-0.1693,-0.6002,-1.7565,2.3265,0.0659,1,0.0002
2250,-0.1693,-0.6002,-1.8232,2.3930,0.0667,1,0.0002
2251,-0.1687,-0.6001,-1.8890,2.4587,0.0659,1,0.0001
2252,-0.1687,-0.6001,-1.9557,2.5252,0.0667,1,0.0001
2253,-0.1682,-0.6001,-2.0216,2.5909,0.0659,1,0.0001
2254,-0.1681,-0.6001,-2.0883,2.6574,0.0667,1,0.0001
2255,-0.1676,-0.6000,-2.1541,2.7231,0.0659,1,0.0000
2256,-0.1676,-0.6000,-2.2208,2.7897,0.0667,1,0.0000
2257,-0.1671,-0.6000,-2.2867,2.8554,0.0659,1,0.0000
2258,-0.1670,-0.6000,-2.3534,2.9220,0.0667,1,0.0000
2259,-0.1666,-0.6000,-2.4193,2.9878,0.0659,1,0.0000
2260,-0.1665,-0.6000,-2.4860,3.0543,0.0667,1,0.0000
2261,-0.1646,-0.6295,-2.5654,3.1337,0.0848,1,0.0295
2262,-0.1647,-0.6271,-2.4988,3.0672,0.0667,1,0.0271
2263,-0.1663,-0.6301,-2.4335,3.0021,0.0654,1,0.0301
2264,-0.1664,-0.6273,-2.3668,2.9355,0.0668,1,0.0273
2265,-0.1660,-0.6262,-2.2997,2.8684,0.0672,1,0.0262
2266,-0.1660,-0.6235,-2.2329,2.8017,0.0668,1,0.0235
2267,-0.1656,-0.6222,-2.1656,2.7346,0.0673,1,0.0222
2268,-0.1656,-0.6195,-2.0988,2.6678,0.0669,1,0.0195
2269,-0.1652,-0.6179,-2.0315,2.6006,0.0673,1,0.0179
2270,-0.1652,-0.6152,-1.9646,2.5339,0.0669,1,0.0152
2271,-0.1648,-0.6132,-1.8973,2.4667,0.0674,1,0.0132
2272,-0.1648,-0.6105,-1.8304,2.4000,0.0669,1,0.0105
2273,-0.1644,-0.6082,-1.7631,2.3328,0.0673,1,0.0082
2274,-0.1644,-0.6055,-1.6963,2.2661,0.0669,1,0.0055
2275,-0.1641,-0.6036,-1.6291,2.1991,0.0673,1,0.0036
2276,-0.1641,-0.6004,-1.5623,2.1325,0.0668,1,0.0004
2277,-0.1638,-0.5980,-1.4953,2.0656,0.0671,1,0.0000
2278,-0.1638,-0.5947,-1.4286,1.9992,0.0667,1,0.0000
2279,-0.1637,-0.5912,-1.3623,1.9331,0.0665,1,0.0000
2280,-0.1638,-0.5901,-1.2957,1.8668,0.0666,1,0.0000
2281,-0.1635,-0.5883,-1.2288,1.8001,0.0669,1,0.0000
2282,-0.1635,-0.5861,-1.1622,1.7338,0.0667,1,0.0000
2283,-0.1633,-0.5867,-1.0955,1.6674,0.0667,1,0.0000
2284,-0.1633,-0.5863,-1.0289,1.6011,0.0666,1,0.0000
2285,-0.1631,-0.5885,-0.9620,1.5346,0.0669,1,0.0000
2286,-0.1632,-0.5880,-0.8954,1.4684,0.0666,1,0.0000
2287,-0.1630,-0.5902,-0.8286,1.4020,0.0668,1,0.0000
2288,-0.1630,-0.5910,-0.7618,1.3357,0.0668,1,0.0000
2289,-0.1628,-0.5941,-0.6949,1.2692,0.0670,1,0.0000
2290,-0.1628,-0.5940,-0.6282,1.2032,0.0666,1,0.0000
2291,-0.1626,-0.5967,-0.5613,1.1368,0.0670,1,0.0000
2292,-0.1626,-0.5968,-0.4946,1.0709,0.0667,1,0.0000
2293,-0.1624,-0.5991,-0.4277,1.0047,0.0670,1,0.0000
2294,-0.1624,-0.5995,-0.3610,0.9390,0.0667,1,0.0000
2295,-0.1622,-0.6014,-0.2940,0.8730,0.0670,1,0.0014
2296,-0.1622,-0.6020,-0.2272,0.8075,0.0667,1,0.0020
2297,-0.1620,-0.6024,-0.1604,0.7421,0.0669,1,0.0024
2298,-0.1620,-0.6016,-0.0938,0.6773,0.0666,1,0.0016
2299,-0.1618,-0.5995,-0.0269,0.6125,0.0669,1,0.0000
2300,-0.1618,-0.6006,0.0399,0.5484,0.0668,1,0.0006
2301,-0.1616,-0.5978,0.1068,0.4847,0.0670,1,0.0000
2302,-0.1616,-0.5992,0.1736,0.4223,0.0668,1,0.0000
2303,-0.1615,-0.5954,0.2398,0.3621,0.0663,1,0.0000
2304,-0.1615,-0.5973,0.3067,0.3037,0.0669,1,0.0000
2305,-0.1614,-0.5958,0.3729,0.2501,0.0662,1,0.0000
2306,-0.1614,-0.5968,0.4396,0.2037,0.0668,1,0.0000
2307,-0.1613,-0.5961,0.5059,0.1714,0.0663,1,0.0000
2308,-0.1613,-0.5978,0.5727,0.1615,0.0668,1,0.0000
2309,-0.1612,-0.5966,0.6389,0.1778,0.0662,1,0.0000
2310,-0.1612,-0.5992,0.7058,0.2148,0.0669,1,0.0000
2311,-0.1611,-0.5982,0.7721,0.2633,0.0663,1,0.0000
2312,-0.1611,-0.6017,0.8390,0.3189,0.0670,1,0.0017
2313,-0.1610,-0.6010,0.9054,0.3776,0.0664,1,0.0010
2314,-0.1610,-0.6046,0.9723,0.4391,0.0670,1,0.0046
2315,-0.1609,-0.6048,1.0388,0.5015,0.0665,1,0.0048
2316,-0.1609,-0.6083,1.1057,0.5653,0.0670,1,0.0083
2317,-0.1608,-0.6090,1.1723,0.6294,0.0665,1,0.0090
2318,-0.1607,-0.6128,1.2391,0.6943,0.0670,1,0.0128
2319,-0.1607,-0.6112,1.3058,0.7592,0.0667,1,0.0112
2320,-0.1607,-0.6150,1.3725,0.8246,0.0669,1,0.0150
2321,-0.1607,-0.6131,1.4384,0.8893,0.0659,1,0.0131
2322,-0.1606,-0.6168,1.5050,0.9549,0.0667,1,0.0168
2323,-0.1607,-0.6148,1.5707,1.0197,0.0657,1,0.0148
2324,-0.1606,-0.6184,1.6370,1.0853,0.0664,1,0.0184
2325,-0.1606,-0.6163,1.7026,1.1502,0.0656,1,0.0163
2326,-0.1606,-0.6198,1.7686,1.2156,0.0661,1,0.0198
2327,-0.1606,-0.6176,1.8340,1.2804,0.0654,1,0.0176
2328,-0.1606,-0.6211,1.8997,1.3457,0.0658,1,0.0211
2329,-0.1606,-0.6188,1.9648,1.4103,0.0651,1,0.0188
2330,-0.1606,-0.6222,2.0301,1.4752,0.0654,1,0.0222
2331,-0.1606,-0.6198,2.0949,1.5396,0.0648,1,0.0198
2332,-0.1605,-0.6231,2.1597,1.6041,0.0649,1,0.0231
2333,-0.1606,-0.6207,2.2241,1.6682,0.0645,1,0.0207
2334,-0.1605,-0.6239,2.2885,1.7323,0.0644,1,0.0239
2335,-0.1605,-0.6214,2.3525,1.7960,0.0640,1,0.0214
2336,-0.1605,-0.6245,2.4163,1.8596,0.0639,1,0.0245
2337,-0.1605,-0.6220,2.4798,1.9228,0.0636,1,0.0220
2338,-0.1605,-0.6250,2.5430,1.9858,0.0633,1,0.0250
2339,-0.1605,-0.6208,2.4762,1.9192,0.0669,1,0.0208
2340,-0.1605,-0.6216,2.4093,1.8526,0.0668,1,0.0216
2341,-0.1605,-0.6185,2.3424,1.7859,0.0670,1,0.0185
2342,-0.1605,-0.6203,2.2753,1.7191,0.0671,1,0.0203
2343,-0.1599,-0.6092,2.1710,1.6152,0.1048,1,0.0092
2344,-0.1600,-0.6087,2.1045,1.5489,0.0666,1,0.0087
2345,-0.1597,-0.5982,1.9989,1.4439,0.1061,1,0.0000
2346,-0.1598,-0.5994,1.9323,1.3777,0.0666,1,0.0000
2347,-0.1599,-0.5919,1.8635,1.3095,0.0691,1,0.0000
2348,-0.1599,-0.5913,1.7972,1.2437,0.0663,1,0.0000
2349,-0.1600,-0.5849,1.7284,1.1756,0.0691,1,0.0000
2350,-0.1601,-0.5836,1.6619,1.1098,0.0666,1,0.0000
2351,-0.1602,-0.5766,1.5932,1.0420,0.0690,1,0.0000
2352,-0.1603,-0.5764,1.5266,0.9762,0.0666,1,0.0000
2353,-0.1604,-0.5690,1.4578,0.9087,0.0691,1,0.0000
2354,-0.1604,-0.5678,1.3912,0.8433,0.0667,1,0.0000
2355,-0.1603,-0.5613,1.3239,0.7777,0.0676,1,0.0000
2356,-0.1604,-0.5598,1.2571,0.7126,0.0668,1,0.0000
2357,-0.1601,-0.5540,1.1900,0.6478,0.0674,1,0.0000
2358,-0.1602,-0.5522,1.1232,0.5837,0.0668,1,0.0000
2359,-0.1601,-0.5471,1.0563,0.5204,0.0671,1,0.0000
2360,-0.1601,-0.5450,0.9897,0.4582,0.0666,1,0.0000
2361,-0.1601,-0.5742,0.9096,0.3818,0.0853,1,0.0000
2362,-0.1602,-0.5733,0.8431,0.3230,0.0664,1,0.0000
2363,-0.1632,-0.5920,0.7636,0.2581,0.0818,1,0.0000
2364,-0.1632,-0.5914,0.6973,0.2110,0.0663,1,0.0000
2365,-0.1628,-0.5907,0.6307,0.1762,0.0666,1,0.0000
2366,-0.1628,-0.5900,0.5646,0.1630,0.0661,1,0.0000
2367,-0.1624,-0.5890,0.4982,0.1755,0.0664,1,0.0000
2368,-0.1624,-0.5882,0.4323,0.2092,0.0659,1,0.0000
2369,-0.1620,-0.5871,0.3661,0.2560,0.0663,1,0.0000
2370,-0.1620,-0.5863,0.3004,0.3095,0.0657,1,0.0000
2371,-0.1616,-0.5859,0.2339,0.3676,0.0665,1,0.0000
2372,-0.1615,-0.5850,0.1685,0.4273,0.0654,1,0.0000
2373,-0.1614,-0.5844,0.1018,0.4896,0.0667,1,0.0000
2374,-0.1614,-0.5836,0.0367,0.5515,0.0651,1,0.0000
2375,-0.1612,-0.5837,-0.0288,0.6144,0.0655,1,0.0000
2376,-0.1612,-0.5829,-0.0936,0.6771,0.0648,1,0.0000
2377,-0.1610,-0.5857,-0.1577,0.7394,0.0642,1,0.0000
2378,-0.1609,-0.5850,-0.2222,0.8025,0.0645,1,0.0000
2379,-0.1607,-0.5882,-0.2860,0.8650,0.0639,1,0.0000
2380,-0.1607,-0.5877,-0.3503,0.9282,0.0643,1,0.0000
2381,-0.1605,-0.5907,-0.4139,0.9909,0.0637,1,0.0000
2382,-0.1604,-0.5905,-0.4780,1.0542,0.0641,1,0.0000
2383,-0.1602,-0.5931,-0.5415,1.1169,0.0635,1,0.0000
2384,-0.1602,-0.5930,-0.6055,1.1803,0.0640,1,0.0000
2385,-0.1599,-0.5951,-0.6690,1.2431,0.0635,1,0.0000
2386,-0.1599,-0.5951,-0.7330,1.3066,0.0640,1,0.0000
2387,-0.1597,-0.5967,-0.7964,1.3696,0.0635,1,0.0000
2388,-0.1596,-0.5968,-0.8605,1.4332,0.0640,1,0.0000
2389,-0.1594,-0.5980,-0.9240,1.4963,0.0635,1,0.0000
2390,-0.1594,-0.5981,-0.9881,1.5601,0.0641,1,0.0000
2391,-0.1592,-0.5988,-1.0516,1.6233,0.0636,1,0.0000
2392,-0.1591,-0.5990,-1.1158,1.6871,0.0641,1,0.0000
2393,-0.1589,-0.5993,-1.1794,1.7505,0.0636,1,0.0000
2394,-0.1589,-0.5994,-1.2436,1.8144,0.0642,1,0.0000
2395,-0.1587,-0.5995,-1.3073,1.8778,0.0637,1,0.0000
2396,-0.1586,-0.5996,-1.3715,1.9419,0.0642,1,0.0000
2397,-0.1585,-0.5994,-1.4353,2.0054,0.0637,1,0.0000
2398,-0.1584,-0.5995,-1.4996,2.0695,0.0643,1,0.0000
2399,-0.1583,-0.5991,-1.5633,2.1330,0.0638,1,0.0000
2400,-0.1582,-0.5992,-1.6276,2.1972,0.0643,1,0.0000
2401,-0.1580,-0.5987,-1.6914,2.2608,0.0638,1,0.0000
2402,-0.1580,-0.5988,-1.7558,2.3250,0.0643,1,0.0000
2403,-0.1578,-0.5976,-1.8196,2.3886,0.0638,1,0.0000
2404,-0.1578,-0.5976,-1.8839,2.4529,0.0644,1,0.0000
2405,-0.1576,-0.5923,-1.9478,2.5165,0.0640,1,0.0000
2406,-0.1576,-0.5925,-2.0122,2.5808,0.0644,1,0.0000
2407,-0.1574,-0.5866,-2.0760,2.6446,0.0642,1,0.0000
2408,-0.1574,-0.5870,-2.1405,2.7090,0.0645,1,0.0000
2409,-0.1572,-0.5811,-2.2045,2.7729,0.0642,1,0.0000
2410,-0.1572,-0.5817,-2.2692,2.8374,0.0647,1,0.0000
2411,-0.1571,-0.5767,-2.3333,2.9015,0.0643,1,0.0000
2412,-0.1570,-0.5774,-2.3982,2.9662,0.0649,1,0.0000
2413,-0.1569,-0.5743,-2.4624,3.0304,0.0643,1,0.0000
2414,-0.1568,-0.5750,-2.5275,3.0954,0.0651,1,0.0000
2415,-0.1568,-0.5749,-2.4599,3.0279,0.0676,1,0.0000
2416,-0.1568,-0.5765,-2.3930,2.9611,0.0668,1,0.0000
2417,-0.1567,-0.5764,-2.3253,2.8935,0.0677,1,0.0000
2418,-0.1567,-0.5788,-2.2584,2.8267,0.0669,1,0.0000
2419,-0.1567,-0.5796,-2.1906,2.7590,0.0678,1,0.0000
2420,-0.1567,-0.5810,-2.1238,2.6922,0.0669,1,0.0000
2421,-0.1566,-0.5820,-2.0559,2.6245,0.0678,1,0.0000
2422,-0.1566,-0.5835,-1.9891,2.5577,0.0669,1,0.0000
2423,-0.1565,-0.5796,-1.9213,2.4902,0.0678,1,0.0000
2424,-0.1565,-0.5814,-1.8545,2.4235,0.0669,1,0.0000
2425,-0.1564,-0.5781,-1.7868,2.3559,0.0678,1,0.0000
2426,-0.1565,-0.5803,-1.7200,2.2893,0.0668,1,0.0000
2427,-0.1564,-0.5786,-1.6522,2.2216,0.0678,1,0.0000
2428,-0.1564,-0.5810,-1.5855,2.1551,0.0667,1,0.0000
2429,-0.1563,-0.5808,-1.5177,2.0875,0.0678,1,0.0000
2430,-0.1564,-0.5833,-1.4512,2.0212,0.0666,1,0.0000
2431,-0.1563,-0.5843,-1.3835,1.9537,0.0677,1,0.0000
2432,-0.1563,-0.5868,-1.3172,1.8876,0.0664,1,0.0000
2433,-0.1562,-0.5887,-1.2497,1.8203,0.0675,1,0.0000
2434,-0.1563,-0.5911,-1.1837,1.7545,0.0661,1,0.0000
2435,-0.1562,-0.5934,-1.1163,1.6874,0.0674,1,0.0000
2436,-0.1562,-0.5957,-1.0506,1.6220,0.0658,1,0.0000
2437,-0.1561,-0.5972,-0.9832,1.5549,0.0674,1,0.0000
2438,-0.1562,-0.5992,-0.9178,1.4898,0.0655,1,0.0000
2439,-0.1561,-0.6001,-0.8506,1.4230,0.0672,1,0.0001
2440,-0.1561,-0.6018,-0.7855,1.3583,0.0651,1,0.0018
2441,-0.1560,-0.6021,-0.7186,1.2919,0.0669,1,0.0021
2442,-0.1560,-0.6034,-0.6538,1.2276,0.0648,1,0.0034
2443,-0.1560,-0.6032,-0.5875,1.1619,0.0663,1,0.0032
2444,-0.1560,-0.6042,-0.5229,1.0979,0.0646,1,0.0042
2445,-0.1559,-0.6035,-0.4570,1.0327,0.0659,1,0.0035
2446,-0.1560,-0.6043,-0.3926,0.9691,0.0644,1,0.0043
2447,-0.1559,-0.6039,-0.3267,0.9041,0.0659,1,0.0039
2448,-0.1559,-0.6045,-0.2625,0.8409,0.0642,1,0.0045
2449,-0.1558,-0.6047,-0.1967,0.7764,0.0658,1,0.0047
2450,-0.1558,-0.6053,-0.1327,0.7138,0.0640,1,0.0053
2451,-0.1558,-0.6055,-0.0671,0.6499,0.0656,1,0.0055
2452,-0.1558,-0.6061,-0.0032,0.5881,0.0639,1,0.0061
2453,-0.1557,-0.6043,0.0626,0.5249,0.0658,1,0.0043
2454,-0.1557,-0.6047,0.1263,0.4644,0.0637,1,0.0047
2455,-0.1557,-0.6021,0.1920,0.4031,0.0657,1,0.0021
2456,-0.1557,-0.6022,0.2557,0.3453,0.0637,1,0.0022
2457,-0.1556,-0.5993,0.3213,0.2881,0.0657,1,0.0000
2458,-0.1556,-0.5992,0.3850,0.2371,0.0637,1,0.0000
2459,-0.1555,-0.5964,0.4506,0.1924,0.0657,1,0.0000
2460,-0.1556,-0.5961,0.5143,0.1633,0.0637,1,0.0000
2461,-0.1555,-0.5941,0.5800,0.1564,0.0657,1,0.0000
2462,-0.1555,-0.5938,0.6438,0.1749,0.0638,1,0.0000
2463,-0.1554,-0.5925,0.7095,0.2131,0.0658,1,0.0000
2464,-0.1554,-0.5921,0.7734,0.2610,0.0639,1,0.0000
2465,-0.1554,-0.5916,0.8392,0.3163,0.0658,1,0.0000
2466,-0.1554,-0.5913,0.9032,0.3733,0.0640,1,0.0000
2467,-0.1553,-0.5914,0.9691,0.4340,0.0659,1,0.0000
2468,-0.1553,-0.5911,1.0331,0.4944,0.0640,1,0.0000
2469,-0.1565,-0.5915,1.0961,0.5548,0.0630,1,0.0000
2470,-0.1565,-0.5912,1.1602,0.6166,0.0641,1,0.0000
2471,-0.1608,-0.5912,1.2147,0.6705,0.0547,1,0.0000
2472,-0.1604,-0.5908,1.2790,0.7330,0.0642,1,0.0000
2473,-0.1642,-0.5914,1.3346,0.7880,0.0557,1,0.0000
2474,-0.1636,-0.5910,1.3990,0.8510,0.0644,1,0.0000
2475,-0.1671,-0.5918,1.4552,0.9069,0.0564,1,0.0000
2476,-0.1664,-0.5915,1.5198,0.9703,0.0646,1,0.0000
2477,-0.1692,-0.5922,1.5746,1.0249,0.0549,1,0.0000
2478,-0.1684,-0.5918,1.6393,1.0886,0.0647,1,0.0000
2479,-0.1707,-0.5925,1.6919,1.1409,0.0526,1,0.0000
2480,-0.1699,-0.5916,1.7568,1.2050,0.0649,1,0.0000
2481,-0.1737,-0.5935,1.8141,1.2623,0.0575,1,0.0000
2482,-0.1729,-0.5927,1.8792,1.3267,0.0651,1,0.0000
2483,-0.1762,-0.5985,1.9351,1.3825,0.0563,1,0.0000
2484,-0.1754,-0.5980,2.0003,1.4471,0.0652,1,0.0000
2485,-0.1789,-0.5979,2.0582,1.5050,0.0580,1,0.0000
2486,-0.1781,-0.5973,2.1235,1.5698,0.0654,1,0.0000
2487,-0.1813,-0.5970,2.1816,1.6279,0.0582,1,0.0000
2488,-0.1805,-0.5964,2.2470,1.6929,0.0655,1,0.0000
2489,-0.1834,-0.5959,2.3054,1.7512,0.0584,1,0.0000
2490,-0.1827,-0.5954,2.3709,1.8163,0.0656,1,0.0000
2491,-0.1853,-0.5948,2.4295,1.8748,0.0586,1,0.0000
2492,-0.1846,-0.5943,2.4952,1.9402,0.0657,1,0.0000
2493,-0.1870,-0.5937,2.5540,1.9989,0.0588,1,0.0000
2494,-0.1877,-0.5937,2.4872,1.9325,0.0668,1,0.0000
2495,-0.1911,-0.5936,2.4135,1.8595,0.0738,1,0.0000
2496,-0.1917,-0.5935,2.3467,1.7931,0.0668,1,0.0000
2497,-0.1948,-0.5935,2.2731,1.7203,0.0737,1,0.0000
2498,-0.1955,-0.5934,2.2063,1.6540,0.0668,1,0.0000
2499,-0.1983,-0.5934,2.1327,1.5814,0.0736,1,0.0000
2500,-0.1989,-0.5933,2.0659,1.5152,0.0668,1,0.0000
2501,-0.2013,-0.5934,1.9924,1.4427,0.0735,1,0.0000
2502,-0.2019,-0.5934,1.9256,1.3766,0.0669,1,0.0000
2503,-0.2041,-0.5935,1.8522,1.3044,0.0734,1,0.0000
2504,-0.2047,-0.5935,1.7853,1.2385,0.0669,1,0.0000
2505,-0.2066,-0.5937,1.7120,1.1666,0.0733,1,0.0000
2506,-0.2071,-0.5936,1.6452,1.1010,0.0669,1,0.0000
2507,-0.2087,-0.5939,1.5719,1.0295,0.0732,1,0.0000
2508,-0.2093,-0.5939,1.5051,0.9642,0.0669,1,0.0000
2509,-0.2106,-0.5942,1.4319,0.8933,0.0732,1,0.0000
2510,-0.2111,-0.5942,1.3650,0.8286,0.0669,1,0.0000
2511,-0.2122,-0.5945,1.2920,0.7584,0.0731,1,0.0000
2512,-0.2127,-0.5945,1.2251,0.6946,0.0669,1,0.0000
2513,-0.2135,-0.5949,1.1521,0.6258,0.0730,1,0.0000
2514,-0.2139,-0.5949,1.0853,0.5636,0.0669,1,0.0000
2515,-0.2145,-0.5953,1.0124,0.4972,0.0729,1,0.0000
2516,-0.2149,-0.5953,0.9455,0.4380,0.0669,1,0.0000
2517,-0.2153,-0.5957,0.8727,0.3765,0.0728,1,0.0000
2518,-0.2157,-0.5957,0.8058,0.3242,0.0668,1,0.0000
2519,-0.2158,-0.5961,0.7331,0.2742,0.0728,1,0.0000
2520,-0.2162,-0.5961,0.6662,0.2392,0.0669,1,0.0000
2521,-0.2160,-0.5966,0.5935,0.2181,0.0727,1,0.0000
2522,-0.2164,-0.5966,0.5267,0.2196,0.0668,1,0.0000
2523,-0.2161,-0.5970,0.4541,0.2424,0.0726,1,0.0000
2524,-0.2164,-0.5970,0.3872,0.2793,0.0668,1,0.0000
2525,-0.2158,-0.5974,0.3147,0.3297,0.0726,1,0.0000
2526,-0.2161,-0.5974,0.2478,0.3829,0.0668,1,0.0000
2527,-0.2154,-0.5977,0.1753,0.4442,0.0725,1,0.0000
2528,-0.2156,-0.5977,0.1085,0.5038,0.0668,1,0.0000
2529,-0.2147,-0.5981,0.0361,0.5698,0.0724,1,0.0000
2530,-0.2149,-0.5981,-0.0308,0.6323,0.0668,1,0.0000
2531,-0.2139,-0.5981,-0.0976,0.6952,0.0669,1,0.0000
2532,-0.2141,-0.5981,-0.1644,0.7591,0.0668,1,0.0000
2533,-0.2134,-0.5980,-0.2297,0.8217,0.0652,1,0.0000
2534,-0.2136,-0.5980,-0.2965,0.8865,0.0669,1,0.0000
2535,-0.2132,-0.5980,-0.3620,0.9500,0.0654,1,0.0000
2536,-0.2134,-0.5979,-0.4288,1.0153,0.0668,1,0.0000
2537,-0.2132,-0.5981,-0.4962,1.0813,0.0674,1,0.0000
2538,-0.2134,-0.5981,-0.5631,1.1469,0.0669,1,0.0000
2539,-0.2131,-0.5985,-0.6341,1.2167,0.0710,1,0.0000
2540,-0.2133,-0.5985,-0.7010,1.2826,0.0669,1,0.0000
2541,-0.2129,-0.5984,-0.7664,1.3472,0.0655,1,0.0000
2542,-0.2130,-0.5984,-0.8333,1.4133,0.0669,1,0.0000
2543,-0.2129,-0.5984,-0.8988,1.4781,0.0655,1,0.0000
2544,-0.2130,-0.5984,-0.9657,1.5443,0.0669,1,0.0000
2545,-0.2131,-0.5984,-1.0313,1.6093,0.0656,1,0.0000
2546,-0.2132,-0.5984,-1.0981,1.6756,0.0669,1,0.0000
2547,-0.2134,-0.5985,-1.1638,1.7408,0.0657,1,0.0000
2548,-0.2135,-0.5985,-1.2307,1.8072,0.0669,1,0.0000
2549,-0.2138,-0.5988,-1.2982,1.8743,0.0676,1,0.0000
2550,-0.2140,-0.5989,-1.3651,1.9408,0.0669,1,0.0000
2551,-0.2139,-0.5995,-1.4362,2.0115,0.0711,1,0.0000
2552,-0.2141,-0.5995,-1.5031,2.0780,0.0669,1,0.0000
2553,-0.2138,-0.5991,-1.5686,2.1431,0.0655,1,0.0000
2554,-0.2139,-0.5992,-1.6355,2.2097,0.0669,1,0.0000
2555,-0.2139,-0.5988,-1.7010,2.2749,0.0656,1,0.0000
2556,-0.2140,-0.5989,-1.7679,2.3415,0.0669,1,0.0000
2557,-0.2142,-0.5986,-1.8335,2.4069,0.0656,1,0.0000
2558,-0.2143,-0.5987,-1.9004,2.4735,0.0669,1,0.0000
2559,-0.2146,-0.5985,-1.9660,2.5390,0.0657,1,0.0000
2560,-0.2147,-0.5985,-2.0329,2.6056,0.0669,1,0.0000
2561,-0.2150,-0.5995,-2.1041,2.6766,0.0712,1,0.0000
2562,-0.2152,-0.5995,-2.1710,2.7432,0.0669,1,0.0000
2563,-0.2148,-0.5992,-2.2383,2.8103,0.0673,1,0.0000
2564,-0.2149,-0.5993,-2.3051,2.8770,0.0669,1,0.0000
2565,-0.2147,-0.5987,-2.3706,2.9423,0.0655,1,0.0000
2566,-0.2149,-0.5987,-2.4375,3.0090,0.0668,1,0.0000
2567,-0.2150,-0.5984,-2.5031,3.0744,0.0656,1,0.0000
2568,-0.2150,-0.5983,-2.4367,3.0082,0.0664,1,0.0000
2569,-0.2152,-0.5982,-2.3691,2.9408,0.0676,1,0.0000
2570,-0.2152,-0.5982,-2.3027,2.8746,0.0664,1,0.0000
2571,-0.2155,-0.5982,-2.2352,2.8073,0.0676,1,0.0000
2572,-0.2155,-0.5982,-2.1688,2.7411,0.0664,1,0.0000
2573,-0.2157,-0.5992,-2.1068,2.6793,0.0620,1,0.0000
2574,-0.2157,-0.5992,-2.0404,2.6131,0.0664,1,0.0000
2575,-0.2153,-0.5990,-1.9745,2.5474,0.0659,1,0.0000
2576,-0.2153,-0.5990,-1.9081,2.4813,0.0664,1,0.0000
2577,-0.2151,-0.5986,-1.8404,2.4138,0.0677,1,0.0000
2578,-0.2151,-0.5986,-1.7740,2.3477,0.0664,1,0.0000
2579,-0.2151,-0.5984,-1.7063,2.2803,0.0677,1,0.0000
2580,-0.2151,-0.5984,-1.6399,2.2142,0.0664,1,0.0000
2581,-0.2153,-0.5983,-1.5723,2.1470,0.0676,1,0.0000
2582,-0.2153,-0.5983,-1.5059,2.0809,0.0664,1,0.0000
2583,-0.2155,-0.5983,-1.4383,2.0137,0.0676,1,0.0000
2584,-0.2155,-0.5983,-1.3719,1.9477,0.0664,1,0.0000
2585,-0.2157,-0.5990,-1.3099,1.8861,0.0621,1,0.0000
2586,-0.2157,-0.5990,-1.2435,1.8201,0.0664,1,0.0000
2587,-0.2154,-0.5989,-1.1775,1.7547,0.0659,1,0.0000
2588,-0.2154,-0.5988,-1.1111,1.6888,0.0664,1,0.0000
2589,-0.2152,-0.5986,-1.0434,1.6216,0.0677,1,0.0000
2590,-0.2152,-0.5986,-0.9770,1.5558,0.0664,1,0.0000
2591,-0.2153,-0.5984,-0.9093,1.4888,0.0677,1,0.0000
2592,-0.2153,-0.5984,-0.8429,1.4231,0.0664,1,0.0000
2593,-0.2154,-0.5983,-0.7752,1.3563,0.0676,1,0.0000
2594,-0.2154,-0.5983,-0.7088,1.2908,0.0664,1,0.0000
2595,-0.2156,-0.5983,-0.6412,1.2242,0.0676,1,0.0000
2596,-0.2156,-0.5983,-0.5748,1.1589,0.0664,1,0.0000
2597,-0.2159,-0.5983,-0.5072,1.0926,0.0676,1,0.0000
2598,-0.2158,-0.5983,-0.4408,1.0276,0.0664,1,0.0000
2599,-0.2161,-0.5983,-0.3732,0.9617,0.0676,1,0.0000
2600,-0.2161,-0.5983,-0.3068,0.8971,0.0664,1,0.0000
2601,-0.2164,-0.5983,-0.2393,0.8317,0.0675,1,0.0000
2602,-0.2163,-0.5983,-0.1729,0.7678,0.0664,1,0.0000
2603,-0.2166,-0.5982,-0.1053,0.7033,0.0675,1,0.0000
2604,-0.2166,-0.5982,-0.0389,0.6404,0.0664,1,0.0000
2605,-0.2168,-0.5982,0.0287,0.5774,0.0675,1,0.0000
2606,-0.2168,-0.5981,0.0951,0.5164,0.0664,1,0.0000
2607,-0.2170,-0.5981,0.1626,0.4561,0.0675,1,0.0000
2608,-0.2170,-0.5980,0.2291,0.3989,0.0664,1,0.0000
2609,-0.2172,-0.5980,0.2966,0.3444,0.0675,1,0.0000
2610,-0.2172,-0.5979,0.3631,0.2958,0.0664,1,0.0000
2611,-0.2174,-0.5978,0.4306,0.2550,0.0676,1,0.0000
2612,-0.2174,-0.5978,0.4971,0.2274,0.0665,1,0.0000
2613,-0.2176,-0.5977,0.5646,0.2176,0.0676,1,0.0000
2614,-0.2175,-0.5977,0.6311,0.2277,0.0665,1,0.0000
2615,-0.2177,-0.5976,0.6986,0.2561,0.0676,1,0.0000
2616,-0.2177,-0.5975,0.7651,0.2965,0.0665,1,0.0000
2617,-0.2179,-0.5974,0.8327,0.3460,0.0676,1,0.0000
2618,-0.2178,-0.5974,0.8992,0.3999,0.0665,1,0.0000
2619,-0.2180,-0.5973,0.9667,0.4581,0.0676,1,0.0000
2620,-0.2179,-0.5973,1.0332,0.5175,0.0665,1,0.0000
2621,-0.2181,-0.5975,1.1007,0.5795,0.0675,1,0.0000
2622,-0.2180,-0.5974,1.1673,0.6416,0.0665,1,0.0000
2623,-0.2183,-0.5978,1.2347,0.7055,0.0675,1,0.0000
2624,-0.2182,-0.5977,1.3013,0.7690,0.0665,1,0.0000
2625,-0.2184,-0.5980,1.3688,0.8340,0.0675,1,0.0000
2626,-0.2183,-0.5980,1.4353,0.8984,0.0665,1,0.0000
2627,-0.2184,-0.5982,1.5028,0.9640,0.0675,1,0.0000
2628,-0.2183,-0.5982,1.5693,1.0289,0.0665,1,0.0000
2629,-0.2185,-0.5984,1.6368,1.0950,0.0675,1,0.0000
2630,-0.2184,-0.5984,1.7033,1.1602,0.0665,1,0.0000
2631,-0.2185,-0.5985,1.7708,1.2266,0.0675,1,0.0000
2632,-0.2184,-0.5985,1.8374,1.2921,0.0665,1,0.0000
2633,-0.2184,-0.5985,1.9049,1.3587,0.0675,1,0.0000
2634,-0.2183,-0.5985,1.9714,1.4244,0.0666,1,0.0000
2635,-0.2184,-0.5985,2.0389,1.4911,0.0675,1,0.0000
2636,-0.2183,-0.5985,2.1054,1.5570,0.0665,1,0.0000
2637,-0.2183,-0.5984,2.1729,1.6238,0.0675,1,0.0000
2638,-0.2182,-0.5984,2.2395,1.6898,0.0666,1,0.0000
2639,-0.2182,-0.5983,2.3070,1.7567,0.0675,1,0.0000
2640,-0.2181,-0.5983,2.3735,1.8228,0.0666,1,0.0000
2641,-0.2181,-0.5982,2.4410,1.8898,0.0675,1,0.0000
2642,-0.2180,-0.5982,2.5076,1.9559,0.0666,1,0.0000
2643,-0.2184,-0.5981,2.4418,1.8906,0.0658,1,0.0000
2644,-0.2186,-0.5981,2.3750,1.8243,0.0667,1,0.0000
2645,-0.2191,-0.5980,2.3092,1.7591,0.0658,1,0.0000
2646,-0.2193,-0.5980,2.2425,1.6929,0.0667,1,0.0000
2647,-0.2198,-0.5980,2.1766,1.6277,0.0658,1,0.0000
2648,-0.2200,-0.5980,2.1099,1.5617,0.0667,1,0.0000
2649,-0.2205,-0.5979,2.0441,1.4966,0.0658,1,0.0000
2650,-0.2208,-0.5979,1.9774,1.4307,0.0667,1,0.0000
2651,-0.2213,-0.5979,1.9115,1.3658,0.0658,1,0.0000
2652,-0.2215,-0.5979,1.8448,1.3000,0.0667,1,0.0000
2653,-0.2221,-0.5978,1.7790,1.2353,0.0658,1,0.0000
2654,-0.2223,-0.5979,1.7123,1.1698,0.0667,1,0.0000
2655,-0.2229,-0.5978,1.6465,1.1053,0.0658,1,0.0000
2656,-0.2232,-0.5979,1.5797,1.0401,0.0667,1,0.0000
2657,-0.2238,-0.5978,1.5139,0.9761,0.0658,1,0.0000
2658,-0.2240,-0.5979,1.4472,0.9113,0.0667,1,0.0000
2659,-0.2246,-0.5978,1.3814,0.8478,0.0658,1,0.0000
2660,-0.2249,-0.5979,1.3147,0.7838,0.0667,1,0.0000
2661,-0.2255,-0.5979,1.2489,0.7212,0.0658,1,0.0000
2662,-0.2258,-0.5979,1.1821,0.6582,0.0667,1,0.0000
2663,-0.2265,-0.5979,1.1163,0.5971,0.0658,1,0.0000
2664,-0.2267,-0.5979,1.0496,0.5361,0.0667,1,0.0000
2665,-0.2274,-0.5979,0.9838,0.4776,0.0658,1,0.0000
2666,-0.2277,-0.5979,0.9171,0.4203,0.0667,1,0.0000
2667,-0.2284,-0.5979,0.8513,0.3671,0.0658,1,0.0000
2668,-0.2287,-0.5980,0.7846,0.3179,0.0667,1,0.0000
2669,-0.2294,-0.5980,0.7188,0.2768,0.0658,1,0.0000
2670,-0.2297,-0.5980,0.6521,0.2461,0.0667,1,0.0000
2671,-0.2306,-0.5982,0.5862,0.2317,0.0659,1,0.0000
2672,-0.2309,-0.5982,0.5195,0.2351,0.0667,1,0.0000
2673,-0.2317,-0.5986,0.4535,0.2567,0.0660,1,0.0000
2674,-0.2320,-0.5986,0.3869,0.2918,0.0667,1,0.0000
2675,-0.2329,-0.5989,0.3209,0.3365,0.0660,1,0.0000
2676,-0.2331,-0.5989,0.2542,0.3876,0.0667,1,0.0000
2677,-0.2340,-0.5991,0.1883,0.4425,0.0660,1,0.0000
2678,-0.2343,-0.5991,0.1216,0.5004,0.0667,1,0.0000
2679,-0.2352,-0.5993,0.0557,0.5599,0.0660,1,0.0000
2680,-0.2354,-0.5993,-0.0110,0.6212,0.0667,1,0.0000
2681,-0.2363,-0.5994,-0.0769,0.6830,0.0660,1,0.0000
2682,-0.2366,-0.5994,-0.1436,0.7460,0.0667,1,0.0000
2683,-0.2375,-0.5995,-0.2096,0.8091,0.0660,1,0.0000
2684,-0.2378,-0.5995,-0.2763,0.8731,0.0667,1,0.0000
2685,-0.2388,-0.5995,-0.3422,0.9370,0.0660,1,0.0000
2686,-0.2391,-0.5995,-0.4089,1.0017,0.0667,1,0.0000
2687,-0.2400,-0.5995,-0.4749,1.0661,0.0660,1,0.0000
2688,-0.2403,-0.5995,-0.5415,1.1312,0.0667,1,0.0000
2689,-0.2413,-0.5994,-0.6075,1.1959,0.0660,1,0.0000
2690,-0.2416,-0.5994,-0.6742,1.2614,0.0667,1,0.0000
2691,-0.2426,-0.5994,-0.7402,1.3264,0.0660,1,0.0000
2692,-0.2429,-0.5994,-0.8068,1.3920,0.0667,1,0.0000
2693,-0.2440,-0.5994,-0.8728,1.4572,0.0660,1,0.0000
2694,-0.2443,-0.5994,-0.9395,1.5231,0.0667,1,0.0000
2695,-0.2453,-0.5993,-1.0055,1.5884,0.0660,1,0.0000
2696,-0.2457,-0.5993,-1.0722,1.6544,0.0667,1,0.0000
2697,-0.2468,-0.5993,-1.1382,1.7198,0.0660,1,0.0000
2698,-0.2471,-0.5993,-1.2048,1.7859,0.0667,1,0.0000
2699,-0.2482,-0.5993,-1.2708,1.8514,0.0660,1,0.0000
2700,-0.2485,-0.5993,-1.3375,1.9175,0.0667,1,0.0000
2701,-0.2497,-0.5992,-1.4035,1.9831,0.0660,1,0.0000
2702,-0.2500,-0.5992,-1.4702,2.0494,0.0667,1,0.0000
2703,-0.2512,-0.5992,-1.5362,2.1150,0.0660,1,0.0000
2704,-0.2515,-0.5992,-1.6029,2.1813,0.0667,1,0.0000
2705,-0.2527,-0.5992,-1.6689,2.2470,0.0660,1,0.0000
2706,-0.2531,-0.5992,-1.7356,2.3133,0.0667,1,0.0000
2707,-0.2543,-0.5992,-1.8016,2.3791,0.0660,1,0.0000
2708,-0.2547,-0.5992,-1.8683,2.4454,0.0667,1,0.0000
2709,-0.2559,-0.5992,-1.9343,2.5112,0.0660,1,0.0000
2710,-0.2563,-0.5992,-2.0010,2.5776,0.0667,1,0.0000
2711,-0.2576,-0.5993,-2.0670,2.6434,0.0660,1,0.0000
2712,-0.2579,-0.5993,-2.1337,2.7099,0.0667,1,0.0000
2713,-0.2592,-0.5993,-2.1997,2.7757,0.0660,1,0.0000
2714,-0.2596,-0.5993,-2.2664,2.8422,0.0667,1,0.0000
2715,-0.2609,-0.5993,-2.3324,2.9080,0.0660,1,0.0000
2716,-0.2613,-0.5993,-2.3992,2.9745,0.0667,1,0.0000
2717,-0.2627,-0.5993,-2.4652,3.0404,0.0660,1,0.0000
2718,-0.2631,-0.5993,-2.5319,3.1069,0.0667,1,0.0000
2719,-0.2637,-0.5994,-2.4646,3.0399,0.0673,1,0.0000
2720,-0.2633,-0.5994,-2.3980,2.9735,0.0666,1,0.0000
2721,-0.2640,-0.5994,-2.3307,2.9065,0.0673,1,0.0000
2722,-0.2636,-0.5994,-2.2640,2.8401,0.0666,1,0.0000
2723,-0.2642,-0.5994,-2.1967,2.7732,0.0673,1,0.0000
2724,-0.2638,-0.5994,-2.1301,2.7068,0.0666,1,0.0000
2725,-0.2644,-0.5994,-2.0628,2.6399,0.0673,1,0.0000
2726,-0.2640,-0.5994,-1.9962,2.5736,0.0666,1,0.0000
2727,-0.2645,-0.5994,-1.9288,2.5067,0.0673,1,0.0000
2728,-0.2641,-0.5994,-1.8622,2.4404,0.0666,1,0.0000
2729,-0.2646,-0.5994,-1.7949,2.3735,0.0674,1,0.0000
2730,-0.2641,-0.5994,-1.7282,2.3073,0.0666,1,0.0000
2731,-0.2646,-0.5994,-1.6609,2.2404,0.0674,1,0.0000
2732,-0.2642,-0.5994,-1.5943,2.1742,0.0666,1,0.0000
2733,-0.2647,-0.5994,-1.5269,2.1074,0.0674,1,0.0000
2734,-0.2643,-0.5994,-1.4603,2.0413,0.0666,1,0.0000
2735,-0.2648,-0.5993,-1.3929,1.9746,0.0674,1,0.0000
2736,-0.2643,-0.5993,-1.3263,1.9085,0.0666,1,0.0000
2737,-0.2648,-0.5993,-1.2589,1.8418,0.0674,1,0.0000
2738,-0.2644,-0.5993,-1.1922,1.7759,0.0666,1,0.0000
2739,-0.2649,-0.5993,-1.1248,1.7093,0.0674,1,0.0000
2740,-0.2645,-0.5993,-1.0582,1.6435,0.0666,1,0.0000
2741,-0.2649,-0.5993,-0.9908,1.5771,0.0674,1,0.0000
2742,-0.2645,-0.5993,-0.9242,1.5114,0.0666,1,0.0000
2743,-0.2650,-0.5993,-0.8568,1.4451,0.0674,1,0.0000
2744,-0.2646,-0.5993,-0.7901,1.3796,0.0666,1,0.0000
2745,-0.2651,-0.5993,-0.7227,1.3136,0.0674,1,0.0000
2746,-0.2647,-0.5993,-0.6561,1.2483,0.0666,1,0.0000
2747,-0.2652,-0.5993,-0.5887,1.1826,0.0674,1,0.0000
2748,-0.2648,-0.5993,-0.5220,1.1177,0.0666,1,0.0000
2749,-0.2653,-0.5993,-0.4546,1.0524,0.0674,1,0.0000
2750,-0.2649,-0.5993,-0.3880,0.9880,0.0666,1,0.0000
2751,-0.2654,-0.5993,-0.3205,0.9233,0.0674,1,0.0000
2752,-0.2650,-0.5993,-0.2539,0.8596,0.0666,1,0.0000
2753,-0.2655,-0.5993,-0.1865,0.7959,0.0674,1,0.0000
2754,-0.2651,-0.5993,-0.1198,0.7333,0.0666,1,0.0000
2755,-0.2656,-0.5993,-0.0524,0.6710,0.0674,1,0.0000
2756,-0.2652,-0.5993,0.0143,0.6102,0.0666,1,0.0000
2757,-0.2658,-0.5993,0.0817,0.5505,0.0674,1,0.0000
2758,-0.2654,-0.5993,0.1484,0.4930,0.0667,1,0.0000
2759,-0.2659,-0.5993,0.2158,0.4380,0.0675,1,0.0000
2760,-0.2655,-0.5993,0.2825,0.3869,0.0667,1,0.0000
2761,-0.2661,-0.5993,0.3499,0.3414,0.0675,1,0.0000
2762,-0.2657,-0.5993,0.4166,0.3037,0.0667,1,0.0000
2763,-0.2663,-0.5993,0.4840,0.2780,0.0675,1,0.0000
2764,-0.2659,-0.5993,0.5507,0.2662,0.0667,1,0.0000
2765,-0.2664,-0.5993,0.6182,0.2719,0.0675,1,0.0000
2766,-0.2660,-0.5993,0.6848,0.2923,0.0667,1,0.0000
2767,-0.2666,-0.5993,0.7523,0.3265,0.0675,1,0.0000
2768,-0.2662,-0.5993,0.8190,0.3687,0.0667,1,0.0000
2769,-0.2668,-0.5993,0.8864,0.4186,0.0675,1,0.0000
2770,-0.2664,-0.5993,0.9531,0.4717,0.0667,1,0.0000
2771,-0.2670,-0.5993,1.0206,0.5291,0.0675,1,0.0000
2772,-0.2666,-0.5993,1.0872,0.5874,0.0667,1,0.0000
2773,-0.2673,-0.5993,1.1547,0.6485,0.0675,1,0.0000
2774,-0.2668,-0.5993,1.2214,0.7096,0.0667,1,0.0000
2775,-0.2675,-0.5993,1.2889,0.7728,0.0675,1,0.0000
2776,-0.2671,-0.5993,1.3555,0.8355,0.0667,1,0.0000
2777,-0.2677,-0.5993,1.4230,0.8999,0.0675,1,0.0000
2778,-0.2673,-0.5993,1.4897,0.9637,0.0667,1,0.0000
2779,-0.2680,-0.5993,1.5572,1.0289,0.0675,1,0.0000
2780,-0.2676,-0.5992,1.6239,1.0933,0.0667,1,0.0000
2781,-0.2682,-0.5993,1.6914,1.1590,0.0675,1,0.0000
2782,-0.2678,-0.5992,1.7581,1.2239,0.0667,1,0.0000
2783,-0.2685,-0.5992,1.8256,1.2900,0.0675,1,0.0000
2784,-0.2681,-0.5992,1.8922,1.3552,0.0667,1,0.0000
2785,-0.2688,-0.5992,1.9597,1.4215,0.0675,1,0.0000
2786,-0.2684,-0.5992,2.0264,1.4870,0.0667,1,0.0000
2787,-0.2691,-0.5992,2.0939,1.5536,0.0675,1,0.0000
2788,-0.2687,-0.5992,2.1606,1.6192,0.0667,1,0.0000
2789,-0.2694,-0.5992,2.2281,1.6860,0.0675,1,0.0000
2790,-0.2690,-0.5992,2.2948,1.7518,0.0667,1,0.0000
2791,-0.2698,-0.5992,2.3623,1.8186,0.0675,1,0.0000
2792,-0.2693,-0.5992,2.4290,1.8845,0.0667,1,0.0000
2793,-0.2701,-0.5992,2.4965,1.9515,0.0675,1,0.0000
2794,-0.2697,-0.5992,2.5632,2.0175,0.0667,1,0.0000
2795,-0.2712,-0.5992,2.4974,1.9525,0.0658,1,0.0000
2796,-0.2716,-0.5992,2.4308,1.8866,0.0666,1,0.0000
2797,-0.2732,-0.5992,2.3650,1.8217,0.0658,1,0.0000
2798,-0.2736,-0.5992,2.2983,1.7559,0.0666,1,0.0000
2799,-0.2752,-0.5992,2.2325,1.6912,0.0658,1,0.0000
2800,-0.2756,-0.5992,2.1659,1.6256,0.0666,1,0.0000
2801,-0.2772,-0.5992,2.1000,1.5610,0.0658,1,0.0000
2802,-0.2776,-0.5992,2.0334,1.4955,0.0666,1,0.0000
2803,-0.2792,-0.5993,1.9676,1.4312,0.0658,1,0.0000
2804,-0.2796,-0.5993,1.9009,1.3660,0.0667,1,0.0000
2805,-0.2813,-0.5993,1.8351,1.3020,0.0659,1,0.0000
2806,-0.2816,-0.5993,1.7684,1.2371,0.0666,1,0.0000
2807,-0.2833,-0.5993,1.7026,1.1735,0.0659,1,0.0000
2808,-0.2837,-0.5993,1.6359,1.1090,0.0667,1,0.0000
2809,-0.2854,-0.5993,1.5701,1.0459,0.0659,1,0.0000
2810,-0.2858,-0.5993,1.5034,0.9821,0.0667,1,0.0000
2811,-0.2875,-0.5993,1.4376,0.9198,0.0659,1,0.0000
2812,-0.2879,-0.5993,1.3709,0.8569,0.0667,1,0.0000
2813,-0.2853,-0.5993,1.3056,0.7948,0.0654,1,0.0000
2814,-0.2838,-0.5992,1.2390,0.7324,0.0666,1,0.0000
2815,-0.2855,-0.5993,1.1732,0.6729,0.0659,1,0.0000
2816,-0.2857,-0.5993,1.1065,0.6133,0.0667,1,0.0000
2817,-0.2867,-0.5994,1.0406,0.5563,0.0659,1,0.0000
2818,-0.2862,-0.5993,0.9740,0.5001,0.0667,1,0.0000
2819,-0.2872,-0.5994,0.9081,0.4483,0.0659,1,0.0000
2820,-0.2868,-0.5994,0.8414,0.3991,0.0667,1,0.0000
2821,-0.2877,-0.5994,0.7755,0.3572,0.0659,1,0.0000
2822,-0.2873,-0.5994,0.7089,0.3218,0.0667,1,0.0000
2823,-0.2883,-0.5994,0.6430,0.2989,0.0659,1,0.0000
2824,-0.2878,-0.5994,0.5763,0.2881,0.0667,1,0.0000
2825,-0.2888,-0.5994,0.5104,0.2937,0.0659,1,0.0000
2826,-0.2883,-0.5994,0.4437,0.3123,0.0667,1,0.0000
2827,-0.2893,-0.5994,0.3778,0.3440,0.0659,1,0.0000
2828,-0.2888,-0.5994,0.3111,0.3838,0.0667,1,0.0000
2829,-0.2899,-0.5995,0.2452,0.4308,0.0659,1,0.0000
2830,-0.2894,-0.5995,0.1785,0.4819,0.0667,1,0.0000
2831,-0.2896,-0.5994,0.1128,0.5361,0.0658,1,0.0000
2832,-0.2895,-0.5994,0.0461,0.5932,0.0667,1,0.0000
2833,-0.2901,-0.5993,-0.0196,0.6516,0.0657,1,0.0000
2834,-0.2903,-0.5993,-0.0863,0.7120,0.0667,1,0.0000
2835,-0.2914,-0.5993,-0.1520,0.7729,0.0657,1,0.0000
2836,-0.2917,-0.5993,-0.2187,0.8351,0.0667,1,0.0000
2837,-0.2930,-0.5993,-0.2844,0.8974,0.0657,1,0.0000
2838,-0.2933,-0.5993,-0.3511,0.9608,0.0667,1,0.0000
2839,-0.2946,-0.5993,-0.4168,1.0240,0.0657,1,0.0000
2840,-0.2949,-0.5993,-0.4835,1.0881,0.0667,1,0.0000
2841,-0.2963,-0.5994,-0.5493,1.1519,0.0657,1,0.0000
2842,-0.2967,-0.5993,-0.6159,1.2165,0.0667,1,0.0000
2843,-0.2981,-0.5994,-0.6817,1.2807,0.0657,1,0.0000
2844,-0.2984,-0.5994,-0.7484,1.3457,0.0667,1,0.0000
2845,-0.2996,-0.5994,-0.8141,1.4101,0.0657,1,0.0000
2846,-0.2996,-0.5994,-0.8808,1.4754,0.0667,1,0.0000
2847,-0.3007,-0.5995,-0.9465,1.5400,0.0657,1,0.0000
2848,-0.3005,-0.5995,-1.0132,1.6054,0.0667,1,0.0000
2849,-0.3014,-0.5995,-1.0790,1.6702,0.0657,1,0.0000
2850,-0.3017,-0.5995,-1.1457,1.7359,0.0667,1,0.0000
2851,-0.3032,-0.5995,-1.2114,1.8009,0.0658,1,0.0000
2852,-0.3035,-0.5995,-1.2781,1.8668,0.0667,1,0.0000
2853,-0.3050,-0.5996,-1.3438,1.9319,0.0658,1,0.0000
2854,-0.3053,-0.5996,-1.4105,1.9978,0.0667,1,0.0000
2855,-0.3068,-0.5996,-1.4763,2.0631,0.0658,1,0.0000
2856,-0.3071,-0.5996,-1.5430,2.1291,0.0667,1,0.0000
2857,-0.3087,-0.5996,-1.6087,2.1944,0.0658,1,0.0000
2858,-0.3090,-0.5996,-1.6754,2.2605,0.0667,1,0.0000
2859,-0.3105,-0.5996,-1.7412,2.3258,0.0658,1,0.0000
2860,-0.3108,-0.5996,-1.8079,2.3920,0.0667,1,0.0000
2861,-0.3123,-0.5996,-1.8736,2.4574,0.0658,1,0.0000
2862,-0.3126,-0.5996,-1.9403,2.5236,0.0667,1,0.0000
2863,-0.3141,-0.5996,-2.0061,2.5890,0.0658,1,0.0000
2864,-0.3144,-0.5996,-2.0728,2.6553,0.0667,1,0.0000
2865,-0.3160,-0.5997,-2.1385,2.7208,0.0658,1,0.0000
2866,-0.3163,-0.5997,-2.2052,2.7871,0.0667,1,0.0000
2867,-0.3178,-0.5997,-2.2710,2.8526,0.0658,1,0.0000
2868,-0.3181,-0.5997,-2.3377,2.9189,0.0667,1,0.0000
2869,-0.3197,-0.5997,-2.4034,2.9844,0.0658,1,0.0000
2870,-0.3200,-0.5997,-2.4701,3.0508,0.0667,1,0.0000
2871,-0.3216,-0.5997,-2.5359,3.1164,0.0658,1,0.0000
2872,-0.3212,-0.5997,-2.4693,3.0501,0.0666,1,0.0000
2873,-0.3222,-0.5997,-2.4017,2.9830,0.0676,1,0.0000
2874,-0.3218,-0.5997,-2.3351,2.9167,0.0666,1,0.0000
2875,-0.3228,-0.5997,-2.2675,2.8497,0.0676,1,0.0000
2876,-0.3225,-0.5997,-2.2009,2.7835,0.0666,1,0.0000
2877,-0.3235,-0.5997,-2.1333,2.7165,0.0676,1,0.0000
2878,-0.3231,-0.5996,-2.0667,2.6503,0.0666,1,0.0000
2879,-0.3241,-0.5997,-1.9991,2.5834,0.0676,1,0.0000
2880,-0.3238,-0.5996,-1.9325,2.5172,0.0666,1,0.0000
2881,-0.3248,-0.5996,-1.8649,2.4504,0.0676,1,0.0000
2882,-0.3245,-0.5996,-1.7983,2.3843,0.0666,1,0.0000
2883,-0.3256,-0.5996,-1.7307,2.3175,0.0676,1,0.0000
2884,-0.3252,-0.5996,-1.6641,2.2515,0.0666,1,0.0000
2885,-0.3263,-0.5996,-1.5965,2.1849,0.0676,1,0.0000
2886,-0.3260,-0.5996,-1.5299,2.1190,0.0666,1,0.0000
2887,-0.3271,-0.5996,-1.4623,2.0524,0.0676,1,0.0000
2888,-0.3268,-0.5996,-1.3957,1.9866,0.0666,1,0.0000
2889,-0.3279,-0.5996,-1.3281,1.9202,0.0676,1,0.0000
2890,-0.3275,-0.5996,-1.2615,1.8545,0.0666,1,0.0000
2891,-0.3287,-0.5996,-1.1939,1.7883,0.0676,1,0.0000
2892,-0.3073,-0.5994,-1.1379,1.7293,0.0600,1,0.0000
2893,-0.2924,-0.5995,-1.0754,1.6651,0.0643,1,0.0000
2894,-0.2921,-0.5996,-1.0087,1.5995,0.0666,1,0.0000
2895,-0.2926,-0.5996,-0.9412,1.5332,0.0675,1,0.0000
2896,-0.2914,-0.5996,-0.8746,1.4676,0.0666,1,0.0000
2897,-0.2917,-0.5996,-0.8070,1.4016,0.0675,1,0.0000
2898,-0.2905,-0.5996,-0.7404,1.3362,0.0666,1,0.0000
2899,-0.2868,-0.5993,-0.6729,1.2696,0.0676,1,0.0000
2900,-0.2865,-0.5993,-0.6063,1.2047,0.0666,1,0.0000
2901,-0.2840,-0.5990,-0.5387,1.1385,0.0677,1,0.0000
2902,-0.2839,-0.5990,-0.4721,1.0741,0.0666,1,0.0000
2903,-0.2824,-0.5989,-0.4043,1.0085,0.0678,1,0.0000
2904,-0.2823,-0.5989,-0.3377,0.9447,0.0666,1,0.0000
2905,-0.2815,-0.5989,-0.2698,0.8799,0.0678,1,0.0000
2906,-0.2815,-0.5989,-0.2032,0.8171,0.0666,1,0.0000
2907,-0.2811,-0.5990,-0.1353,0.7536,0.0679,1,0.0000
2908,-0.2810,-0.5990,-0.0687,0.6921,0.0666,1,0.0000
2909,-0.2808,-0.5991,-0.0008,0.6306,0.0679,1,0.0000
2910,-0.2808,-0.5991,0.0658,0.5717,0.0666,1,0.0000
2911,-0.2807,-0.5992,0.1337,0.5136,0.0679,1,0.0000
2912,-0.2807,-0.5992,0.2004,0.4592,0.0666,1,0.0000
2913,-0.2807,-0.5993,0.2683,0.4076,0.0679,1,0.0000
2914,-0.2807,-0.5994,0.3349,0.3622,0.0666,1,0.0000
2915,-0.2807,-0.5995,0.4029,0.3236,0.0679,1,0.0000
2916,-0.2807,-0.5995,0.4695,0.2961,0.0666,1,0.0000
2917,-0.2808,-0.5996,0.5374,0.2820,0.0679,1,0.0000
2918,-0.2808,-0.5996,0.6041,0.2836,0.0666,1,0.0000
2919,-0.2808,-0.5996,0.6720,0.3009,0.0679,1,0.0000
2920,-0.2808,-0.5996,0.7386,0.3308,0.0666,1,0.0000
2921,-0.2809,-0.5997,0.8065,0.3712,0.0679,1,0.0000
2922,-0.2809,-0.5997,0.8731,0.4178,0.0666,1,0.0000
2923,-0.2810,-0.5997,0.9411,0.4704,0.0679,1,0.0000
2924,-0.2809,-0.5997,1.0077,0.5253,0.0666,1,0.0000
2925,-0.2810,-0.5998,1.0756,0.5838,0.0679,1,0.0000
2926,-0.2810,-0.5998,1.1422,0.6431,0.0666,1,0.0000
2927,-0.2811,-0.5998,1.2101,0.7048,0.0679,1,0.0000
2928,-0.2811,-0.5998,1.2768,0.7663,0.0666,1,0.0000
2929,-0.2812,-0.5998,1.3447,0.8299,0.0679,1,0.0000
2930,-0.2811,-0.5998,1.4113,0.8929,0.0666,1,0.0000
2931,-0.2812,-0.5998,1.4792,0.9576,0.0679,1,0.0000
2932,-0.2812,-0.5998,1.5458,1.0215,0.0666,1,0.0000
2933,-0.2813,-0.5997,1.6137,1.0869,0.0679,1,0.0000
2934,-0.2813,-0.5997,1.6804,1.1514,0.0666,1,0.0000
2935,-0.2813,-0.5997,1.7482,1.2174,0.0679,1,0.0000
2936,-0.2813,-0.5997,1.8149,1.2823,0.0666,1,0.0000
2937,-0.2814,-0.5997,1.8828,1.3486,0.0679,1,0.0000
2938,-0.2813,-0.5997,1.9494,1.4138,0.0666,1,0.0000
2939,-0.2814,-0.5996,2.0173,1.4804,0.0679,1,0.0000
2940,-0.2814,-0.5996,2.0839,1.5459,0.0666,1,0.0000
2941,-0.2814,-0.5996,2.1518,1.6127,0.0679,1,0.0000
2942,-0.2814,-0.5996,2.2184,1.6783,0.0666,1,0.0000
2943,-0.2815,-0.5996,2.2863,1.7453,0.0679,1,0.0000
2944,-0.2815,-0.5996,2.3529,1.8111,0.0666,1,0.0000
2945,-0.2815,-0.5996,2.4208,1.8782,0.0679,1,0.0000
2946,-0.2815,-0.5996,2.4874,1.9441,0.0666,1,0.0000
2947,-0.2816,-0.5996,2.5553,2.0113,0.0679,1,0.0000
2948,-0.2816,-0.5996,2.4886,1.9453,0.0667,1,0.0000
2949,-0.2817,-0.5996,2.4231,1.8805,0.0655,1,0.0000
2950,-0.2817,-0.5996,2.3564,1.8146,0.0667,1,0.0000
2951,-0.2818,-0.5996,2.2910,1.7500,0.0655,1,0.0000
2952,-0.2818,-0.5996,2.2243,1.6842,0.0667,1,0.0000
2953,-0.2819,-0.5996,2.1588,1.6197,0.0655,1,0.0000
2954,-0.2819,-0.5996,2.0921,1.5540,0.0667,1,0.0000
2955,-0.2820,-0.5996,2.0266,1.4897,0.0655,1,0.0000
2956,-0.2821,-0.5996,1.9599,1.4243,0.0667,1,0.0000
2957,-0.2822,-0.5996,1.8944,1.3602,0.0655,1,0.0000
2958,-0.2822,-0.5996,1.8277,1.2950,0.0667,1,0.0000
2959,-0.2823,-0.5996,1.7622,1.2312,0.0655,1,0.0000
2960,-0.2823,-0.5996,1.6955,1.1664,0.0667,1,0.0000
2961,-0.2824,-0.5996,1.6300,1.1030,0.0655,1,0.0000
2962,-0.2824,-0.5996,1.5634,1.0386,0.0667,1,0.0000
2963,-0.2825,-0.5996,1.4979,0.9758,0.0655,1,0.0000
2964,-0.2825,-0.5996,1.4312,0.9122,0.0667,1,0.0000
2965,-0.2827,-0.5996,1.3657,0.8502,0.0655,1,0.0000
2966,-0.2827,-0.5996,1.2990,0.7876,0.0667,1,0.0000
2967,-0.2826,-0.5996,1.2333,0.7267,0.0656,1,0.0000
2968,-0.2826,-0.5996,1.1667,0.6658,0.0667,1,0.0000
2969,-0.2820,-0.5995,1.1008,0.6065,0.0659,1,0.0000
2970,-0.2819,-0.5995,1.0341,0.5483,0.0667,1,0.0000
2971,-0.2812,-0.5994,0.9683,0.4926,0.0658,1,0.0000
2972,-0.2811,-0.5994,0.9016,0.4395,0.0667,1,0.0000
2973,-0.2803,-0.5994,0.8359,0.3906,0.0657,1,0.0000
2974,-0.2802,-0.5994,0.7692,0.3474,0.0667,1,0.0000
2975,-0.2794,-0.5994,0.7036,0.3124,0.0657,1,0.0000
2976,-0.2793,-0.5994,0.6369,0.2887,0.0667,1,0.0000
2977,-0.2785,-0.5994,0.5713,0.2786,0.0656,1,0.0000
2978,-0.2784,-0.5994,0.5046,0.2847,0.0667,1,0.0000
2979,-0.2776,-0.5995,0.4389,0.3044,0.0656,1,0.0000
2980,-0.2775,-0.5995,0.3722,0.3373,0.0667,1,0.0000
2981,-0.2768,-0.5995,0.3066,0.3778,0.0656,1,0.0000
2982,-0.2767,-0.5995,0.2399,0.4260,0.0667,1,0.0000
2983,-0.2759,-0.5996,0.1743,0.4774,0.0656,1,0.0000
2984,-0.2758,-0.5996,0.1076,0.5331,0.0667,1,0.0000
2985,-0.2751,-0.5996,0.0420,0.5899,0.0656,1,0.0000
2986,-0.2750,-0.5996,-0.0247,0.6496,0.0667,1,0.0000
2987,-0.2742,-0.5997,-0.0903,0.7093,0.0656,1,0.0000
2988,-0.2741,-0.5997,-0.1570,0.7712,0.0667,1,0.0000
2989,-0.2734,-0.5997,-0.2226,0.8326,0.0656,1,0.0000
2990,-0.2733,-0.5997,-0.2893,0.8959,0.0667,1,0.0000
2991,-0.2725,-0.5997,-0.3550,0.9584,0.0656,1,0.0000
2992,-0.2724,-0.5997,-0.4217,1.0225,0.0667,1,0.0000
2993,-0.2717,-0.5998,-0.4873,1.0857,0.0656,1,0.0000
2994,-0.2716,-0.5998,-0.5540,1.1503,0.0667,1,0.0000
2995,-0.2709,-0.5998,-0.6196,1.2140,0.0656,1,0.0000
2996,-0.2708,-0.5998,-0.6863,1.2791,0.0667,1,0.0000
2997,-0.2700,-0.5998,-0.7519,1.3432,0.0656,1,0.0000
2998,-0.2699,-0.5998,-0.8186,1.4086,0.0667,1,0.0000
2999,-0.2692,-0.5998,-0.8843,1.4729,0.0656,1,0.0000
3000,-0.2691,-0.5998,-0.9510,1.5385,0.0667,1,0.0000
3001,-0.2683,-0.5998,-1.0166,1.6031,0.0656,1,0.0000
3002,-0.2682,-0.5998,-1.0833,1.6688,0.0667,1,0.0000
3003,-0.2675,-0.5998,-1.1489,1.7335,0.0657,1,0.0000
3004,-0.2674,-0.5998,-1.2156,1.7995,0.0667,1,0.0000
3005,-0.2666,-0.5998,-1.2813,1.8643,0.0657,1,0.0000
3006,-0.2665,-0.5998,-1.3480,1.9303,0.0667,1,0.0000
3007,-0.2658,-0.5997,-1.4136,1.9953,0.0657,1,0.0000
3008,-0.2657,-0.5997,-1.4803,2.0614,0.0667,1,0.0000
3009,-0.2649,-0.5997,-1.5460,2.1264,0.0657,1,0.0000
3010,-0.2648,-0.5997,-1.6127,2.1926,0.0667,1,0.0000
3011,-0.2640,-0.5997,-1.6783,2.2577,0.0657,1,0.0000
3012,-0.2639,-0.5997,-1.7450,2.3239,0.0667,1,0.0000
3013,-0.2631,-0.5997,-1.8107,2.3891,0.0657,1,0.0000
3014,-0.2630,-0.5997,-1.8774,2.4554,0.0667,1,0.0000
3015,-0.2622,-0.5997,-1.9431,2.5206,0.0657,1,0.0000
3016,-0.2621,-0.5997,-2.0098,2.5869,0.0667,1,0.0000
3017,-0.2613,-0.5997,-2.0754,2.6522,0.0657,1,0.0000
3018,-0.2612,-0.5997,-2.1421,2.7186,0.0667,1,0.0000
3019,-0.2603,-0.5997,-2.2078,2.7839,0.0657,1,0.0000
3020,-0.2602,-0.5997,-2.2745,2.8503,0.0667,1,0.0000
3021,-0.2594,-0.5997,-2.3402,2.9156,0.0657,1,0.0000
3022,-0.2593,-0.5997,-2.4069,2.9820,0.0667,1,0.0000
3023,-0.2584,-0.5997,-2.4726,3.0474,0.0657,1,0.0000
3024,-0.2583,-0.5997,-2.5393,3.1139,0.0667,1,0.0000
3025,-0.2575,-0.5997,-2.4717,3.0464,0.0676,1,0.0000
3026,-0.2576,-0.5997,-2.4050,2.9800,0.0666,1,0.0000
3027,-0.2600,-0.5999,-2.3374,2.9128,0.0677,1,0.0000
3028,-0.2601,-0.5999,-2.2707,2.8465,0.0666,1,0.0000
3029,-0.2693,-0.6005,-2.2031,2.7800,0.0683,1,0.0005
3030,-0.2692,-0.6004,-2.1364,2.7136,0.0666,1,0.0004
3031,-0.2751,-0.6007,-2.0688,2.6470,0.0678,1,0.0007
3032,-0.2749,-0.6006,-2.0022,2.5807,0.0666,1,0.0006
3033,-0.2790,-0.6007,-1.9347,2.5141,0.0676,1,0.0007
3034,-0.2787,-0.6007,-1.8681,2.4478,0.0666,1,0.0007
3035,-0.2817,-0.6006,-1.8006,2.3812,0.0675,1,0.0006
3036,-0.2814,-0.6006,-1.7340,2.3150,0.0666,1,0.0006
3037,-0.2838,-0.6005,-1.6665,2.2483,0.0675,1,0.0005
3038,-0.2835,-0.6005,-1.5999,2.1822,0.0666,1,0.0005
3039,-0.2855,-0.6004,-1.5325,2.1157,0.0674,1,0.0004
3040,-0.2852,-0.6004,-1.4659,2.0496,0.0666,1,0.0004
3041,-0.2871,-0.6002,-1.3985,1.9832,0.0674,1,0.0002
3042,-0.2868,-0.6002,-1.3318,1.9172,0.0666,1,0.0002
3043,-0.2886,-0.6001,-1.2644,1.8509,0.0674,1,0.0001
3044,-0.2882,-0.6001,-1.1978,1.7851,0.0666,1,0.0001
3045,-0.2900,-0.6000,-1.1304,1.7189,0.0674,1,0.0000
3046,-0.2896,-0.6000,-1.0638,1.6532,0.0666,1,0.0000
3047,-0.2675,-0.5993,-1.0059,1.5923,0.0620,1,0.0000
3048,-0.2633,-0.5998,-0.9396,1.5263,0.0664,1,0.0000
3049,-0.2651,-0.5998,-0.8722,1.4603,0.0674,1,0.0000
3050,-0.2642,-0.5998,-0.8056,1.3946,0.0666,1,0.0000
3051,-0.2651,-0.5997,-0.7382,1.3287,0.0674,1,0.0000
3052,-0.2642,-0.5997,-0.6716,1.2633,0.0666,1,0.0000
3053,-0.2655,-0.5997,-0.6042,1.1978,0.0674,1,0.0000
3054,-0.2649,-0.5996,-0.5376,1.1328,0.0666,1,0.0000
3055,-0.2666,-0.5997,-0.4702,1.0678,0.0674,1,0.0000
3056,-0.2661,-0.5996,-0.4036,1.0033,0.0666,1,0.0000
3057,-0.2679,-0.5996,-0.3362,0.9391,0.0674,1,0.0000
3058,-0.2674,-0.5996,-0.2696,0.8753,0.0666,1,0.0000
3059,-0.2694,-0.5996,-0.2022,0.8120,0.0674,1,0.0000
3060,-0.2688,-0.5996,-0.1356,0.7493,0.0666,1,0.0000
3061,-0.2707,-0.5997,-0.0682,0.6876,0.0674,1,0.0000
3062,-0.2700,-0.5996,-0.0016,0.6266,0.0666,1,0.0000
3063,-0.2717,-0.5997,0.0658,0.5674,0.0674,1,0.0000
3064,-0.2708,-0.5996,0.1324,0.5094,0.0666,1,0.0000
3065,-0.2774,-0.6002,0.1981,0.4590,0.0661,1,0.0002
3066,-0.2726,-0.6001,0.2647,0.4047,0.0668,1,0.0001
3067,-0.2757,-0.6005,0.3302,0.3614,0.0655,1,0.0005
3068,-0.2676,-0.6003,0.3968,0.3155,0.0671,1,0.0003
3069,-0.2665,-0.6005,0.4624,0.2852,0.0656,1,0.0005
3070,-0.2579,-0.6009,0.5291,0.2603,0.0672,1,0.0009
3071,-0.2549,-0.6009,0.5948,0.2568,0.0658,1,0.0009
3072,-0.2447,-0.6007,0.6614,0.2635,0.0674,1,0.0007
3073,-0.2408,-0.6006,0.7273,0.2910,0.0660,1,0.0006
3074,-0.2307,-0.6004,0.7939,0.3258,0.0674,1,0.0004
3075,-0.2269,-0.6003,0.8599,0.3730,0.0660,1,0.0003
3076,-0.2174,-0.6000,0.9265,0.4229,0.0673,1,0.0000
3077,-0.2143,-0.5999,0.9925,0.4793,0.0661,1,0.0000
3078,-0.2058,-0.5996,1.0592,0.5364,0.0672,1,0.0000
3079,-0.2038,-0.5995,1.1253,0.5973,0.0661,1,0.0000
3080,-0.1955,-0.5986,1.1920,0.6579,0.0672,1,0.0000
3081,-0.1946,-0.5985,1.2581,0.7211,0.0662,1,0.0000
3082,-0.1887,-0.5982,1.3248,0.7840,0.0670,1,0.0000
3083,-0.1890,-0.5982,1.3910,0.8485,0.0662,1,0.0000
3084,-0.1842,-0.5978,1.4578,0.9127,0.0669,1,0.0000
3085,-0.1893,-0.5979,1.5241,0.9788,0.0665,1,0.0000
3086,-0.1883,-0.5975,1.5909,1.0442,0.0668,1,0.0000
3087,-0.1936,-0.5977,1.6572,1.1104,0.0666,1,0.0000
3088,-0.1926,-0.5973,1.7240,1.1761,0.0668,1,0.0000
3089,-0.1978,-0.5975,1.7904,1.2424,0.0666,1,0.0000
3090,-0.1968,-0.5972,1.8572,1.3083,0.0668,1,0.0000
3091,-0.2021,-0.5974,1.9236,1.3747,0.0666,1,0.0000
3092,-0.2011,-0.5971,1.9904,1.4407,0.0668,1,0.0000
3093,-0.2063,-0.5974,2.0568,1.5072,0.0666,1,0.0000
3094,-0.2054,-0.5971,2.1237,1.5733,0.0668,1,0.0000
3095,-0.2106,-0.5974,2.1901,1.6398,0.0666,1,0.0000
3096,-0.2096,-0.5971,2.2569,1.7060,0.0668,1,0.0000
3097,-0.2149,-0.5975,2.3233,1.7726,0.0666,1,0.0000
3098,-0.2139,-0.5972,2.3902,1.8388,0.0669,1,0.0000
3099,-0.2191,-0.5976,2.4566,1.9054,0.0666,1,0.0000
3100,-0.2182,-0.5973,2.5235,1.9718,0.0669,1,0.0000
3101,-0.2251,-0.5978,2.4566,1.9061,0.0672,1,0.0000
3102,-0.2259,-0.5976,2.3902,1.8402,0.0665,1,0.0000
3103,-0.2329,-0.5980,2.3232,1.7747,0.0673,1,0.0000
3104,-0.2337,-0.5979,2.2568,1.7090,0.0665,1,0.0000
3105,-0.2406,-0.5983,2.1898,1.6437,0.0673,1,0.0000
3106,-0.2414,-0.5981,2.1233,1.5781,0.0665,1,0.0000
3107,-0.2484,-0.5985,2.0564,1.5131,0.0674,1,0.0000
3108,-0.2492,-0.5983,1.9899,1.4477,0.0665,1,0.0000
3109,-0.2563,-0.5986,1.9228,1.3830,0.0674,1,0.0000
3110,-0.2571,-0.5985,1.8564,1.3178,0.0665,1,0.0000
3111,-0.2642,-0.5987,1.7893,1.2536,0.0675,1,0.0000
3112,-0.2650,-0.5986,1.7228,1.1888,0.0665,1,0.0000
3113,-0.2722,-0.5988,1.6556,1.1252,0.0675,1,0.0000
3114,-0.2637,-0.5981,1.5957,1.0650,0.0605,1,0.0000
3115,-0.2368,-0.5988,1.5504,1.0146,0.0527,1,0.0000
3116,-0.2135,-0.5971,1.4938,0.9541,0.0612,1,0.0000
3117,-0.2074,-0.5980,1.4297,0.8904,0.0643,1,0.0000
3118,-0.2080,-0.5987,1.3631,0.8259,0.0666,1,0.0000
3119,-0.2133,-0.5988,1.2969,0.7635,0.0664,1,0.0000
3120,-0.2139,-0.5987,1.2303,0.7000,0.0666,1,0.0000
3121,-0.2188,-0.5989,1.1641,0.6389,0.0664,1,0.0000
3122,-0.2194,-0.5988,1.0974,0.5769,0.0666,1,0.0000
3123,-0.2240,-0.5990,1.0312,0.5183,0.0664,1,0.0000
3124,-0.2245,-0.5989,0.9646,0.4593,0.0666,1,0.0000
3125,-0.2290,-0.5991,0.8983,0.4053,0.0664,1,0.0000
3126,-0.2294,-0.5990,0.8317,0.3527,0.0667,1,0.0000
3127,-0.2337,-0.5992,0.7654,0.3086,0.0664,1,0.0000
3128,-0.2342,-0.5992,0.6988,0.2703,0.0667,1,0.0000
3129,-0.2383,-0.5993,0.6326,0.2480,0.0664,1,0.0000
3130,-0.2388,-0.5993,0.5659,0.2388,0.0667,1,0.0000
3131,-0.2428,-0.5994,0.4997,0.2511,0.0663,1,0.0000
3132,-0.2432,-0.5994,0.4330,0.2762,0.0667,1,0.0000
3133,-0.2472,-0.5995,0.3668,0.3161,0.0663,1,0.0000
3134,-0.2476,-0.5995,0.3001,0.3617,0.0667,1,0.0000
3135,-0.2514,-0.5996,0.2339,0.4148,0.0663,1,0.0000
3136,-0.2519,-0.5996,0.1673,0.4698,0.0667,1,0.0000
3137,-0.2556,-0.5997,0.1011,0.5287,0.0663,1,0.0000
3138,-0.2560,-0.5996,0.0344,0.5881,0.0667,1,0.0000
3139,-0.2597,-0.5997,-0.0318,0.6498,0.0663,1,0.0000
3140,-0.2601,-0.5997,-0.0985,0.7116,0.0667,1,0.0000
3141,-0.2636,-0.5998,-0.1647,0.7747,0.0663,1,0.0000
3142,-0.2641,-0.5998,-0.2314,0.8379,0.0667,1,0.0000
3143,-0.2676,-0.5998,-0.2975,0.9020,0.0663,1,0.0000
3144,-0.2680,-0.5998,-0.3642,0.9660,0.0667,1,0.0000
3145,-0.2714,-0.5999,-0.4304,1.0306,0.0663,1,0.0000
3146,-0.2712,-0.5999,-0.4971,1.0950,0.0667,1,0.0000
3147,-0.2727,-0.5999,-0.5632,1.1596,0.0662,1,0.0000
3148,-0.2712,-0.5999,-0.6300,1.2242,0.0667,1,0.0000
3149,-0.2726,-0.5999,-0.6961,1.2891,0.0662,1,0.0000
3150,-0.2710,-0.5999,-0.7628,1.3541,0.0667,1,0.0000
3151,-0.2724,-0.6000,-0.8290,1.4192,0.0662,1,0.0000
3152,-0.2709,-0.5999,-0.8957,1.4845,0.0667,1,0.0000
3153,-0.2724,-0.6098,-0.9712,1.5590,0.0762,1,0.0098
3154,-0.2728,-0.6091,-1.0379,1.6248,0.0667,1,0.0091
3155,-0.2760,-0.6095,-1.1067,1.6932,0.0688,1,0.0095
3156,-0.2764,-0.6087,-1.1733,1.7590,0.0666,1,0.0087
3157,-0.2793,-0.6110,-1.2399,1.8252,0.0667,1,0.0110
3158,-0.2797,-0.6101,-1.3064,1.8911,0.0665,1,0.0101
3159,-0.2827,-0.6125,-1.3728,1.9572,0.0665,1,0.0125
3160,-0.2831,-0.6115,-1.4392,2.0230,0.0664,1,0.0115
3161,-0.2860,-0.6135,-1.5054,2.0890,0.0663,1,0.0135
3162,-0.2864,-0.6125,-1.5717,2.1547,0.0663,1,0.0125
3163,-0.2893,-0.6138,-1.6377,2.2205,0.0661,1,0.0138
3164,-0.2897,-0.6128,-1.7038,2.2861,0.0661,1,0.0128
3165,-0.2926,-0.6135,-1.7696,2.3518,0.0659,1,0.0135
3166,-0.2930,-0.6124,-1.8355,2.4172,0.0659,1,0.0124
3167,-0.2959,-0.6125,-1.9011,2.4827,0.0656,1,0.0125
3168,-0.2962,-0.6113,-1.9668,2.5479,0.0657,1,0.0113
3169,-0.2990,-0.6108,-2.0321,2.6132,0.0654,1,0.0108
3170,-0.2994,-0.6096,-2.0976,2.6783,0.0655,1,0.0096
3171,-0.3021,-0.6085,-2.1627,2.7433,0.0652,1,0.0085
3172,-0.3025,-0.6073,-2.2279,2.8081,0.0652,1,0.0073
3173,-0.3054,-0.6053,-2.2931,2.8733,0.0653,1,0.0053
3174,-0.3057,-0.6041,-2.3581,2.9379,0.0650,1,0.0041
3175,-0.3089,-0.6011,-2.4239,3.0037,0.0660,1,0.0011
3176,-0.3092,-0.6001,-2.4886,3.0681,0.0647,1,0.0001
3177,-0.3118,-0.5989,-2.5536,3.1330,0.0650,1,0.0000
3178,-0.3115,-0.5980,-2.4870,3.0667,0.0665,1,0.0000
3179,-0.3133,-0.5959,-2.4204,3.0006,0.0667,1,0.0000
3180,-0.3130,-0.5945,-2.3539,2.9345,0.0665,1,0.0000
3181,-0.3149,-0.5930,-2.2875,2.8687,0.0665,1,0.0000
3182,-0.3146,-0.5930,-2.2208,2.8024,0.0667,1,0.0000
3183,-0.3166,-0.5920,-2.1544,2.7366,0.0665,1,0.0000
3184,-0.3163,-0.5919,-2.0878,2.6704,0.0666,1,0.0000
3185,-0.3183,-0.5928,-2.0212,2.6045,0.0667,1,0.0000
3186,-0.3180,-0.5928,-1.9545,2.5384,0.0666,1,0.0000
3187,-0.3201,-0.5939,-1.8879,2.4726,0.0667,1,0.0000
3188,-0.3197,-0.5952,-1.8211,2.4062,0.0668,1,0.0000
3189,-0.3219,-0.5964,-1.7544,2.3405,0.0667,1,0.0000
3190,-0.3215,-0.5967,-1.6877,2.2744,0.0667,1,0.0000
3191,-0.3237,-0.5978,-1.6211,2.2088,0.0667,1,0.0000
3192,-0.3234,-0.5984,-1.5544,2.1427,0.0667,1,0.0000
3193,-0.3257,-0.5978,-1.4879,2.0774,0.0665,1,0.0000
3194,-0.3253,-0.5985,-1.4212,2.0115,0.0667,1,0.0000
3195,-0.3277,-0.5994,-1.3545,1.9461,0.0667,1,0.0000
3196,-0.3273,-0.6002,-1.2877,1.8803,0.0668,1,0.0002
3197,-0.3297,-0.5994,-1.2212,1.8153,0.0666,1,0.0000
3198,-0.3293,-0.6004,-1.1545,1.7496,0.0668,1,0.0004
3199,-0.3292,-0.5987,-1.0882,1.6845,0.0663,1,0.0000
3200,-0.3206,-0.5989,-1.0255,1.6214,0.0632,1,0.0000
3201,-0.2907,-0.5869,-0.9710,1.5622,0.0633,1,0.0000
3202,-0.2686,-0.5874,-0.9125,1.5006,0.0625,1,0.0000
3203,-0.2453,-0.5823,-0.8539,1.4389,0.0632,1,0.0000
3204,-0.2400,-0.5925,-0.7867,1.3717,0.0682,1,0.0000
3205,-0.2387,-0.5896,-0.7202,1.3061,0.0665,1,0.0000
3206,-0.2387,-0.5900,-0.6536,1.2406,0.0667,1,0.0000
3207,-0.2380,-0.5879,-0.5870,1.1753,0.0666,1,0.0000
3208,-0.2380,-0.5888,-0.5203,1.1100,0.0667,1,0.0000
3209,-0.2380,-0.5861,-0.4541,1.0455,0.0663,1,0.0000
3210,-0.2381,-0.5877,-0.3873,0.9805,0.0668,1,0.0000
3211,-0.2381,-0.5860,-0.3210,0.9164,0.0664,1,0.0000
3212,-0.2381,-0.5885,-0.2541,0.8520,0.0669,1,0.0000
3213,-0.2381,-0.5878,-0.1877,0.7884,0.0664,1,0.0000
3214,-0.2381,-0.5893,-0.1208,0.7249,0.0669,1,0.0000
3215,-0.2380,-0.5889,-0.0543,0.6625,0.0665,1,0.0000
3216,-0.2380,-0.5912,0.0126,0.6005,0.0669,1,0.0000
3217,-0.2376,-0.5911,0.0793,0.5397,0.0667,1,0.0000
3218,-0.2376,-0.5941,0.1462,0.4805,0.0670,1,0.0000
3219,-0.2362,-0.5969,0.2135,0.4225,0.0674,1,0.0000
3220,-0.2363,-0.5998,0.2803,0.3691,0.0669,1,0.0000
3221,-0.2352,-0.6036,0.3476,0.3195,0.0674,1,0.0036
3222,-0.2353,-0.6062,0.4143,0.2789,0.0668,1,0.0062
3223,-0.2344,-0.6089,0.4817,0.2486,0.0675,1,0.0089
3224,-0.2346,-0.6111,0.5484,0.2354,0.0667,1,0.0111
3225,-0.2337,-0.6108,0.6159,0.2397,0.0675,1,0.0108
3226,-0.2338,-0.6125,0.6823,0.2625,0.0665,1,0.0125
3227,-0.2330,-0.6093,0.7498,0.2983,0.0676,1,0.0093
3228,-0.2332,-0.6109,0.8162,0.3438,0.0664,1,0.0109
3229,-0.2327,-0.6069,0.8831,0.3951,0.0670,1,0.0069
3230,-0.2329,-0.6085,0.9493,0.4505,0.0663,1,0.0085
3231,-0.2327,-0.6046,1.0158,0.5084,0.0666,1,0.0046
3232,-0.2330,-0.6062,1.0819,0.5681,0.0661,1,0.0062
3233,-0.2328,-0.6024,1.1482,0.6291,0.0665,1,0.0024
3234,-0.2331,-0.6040,1.2142,0.6909,0.0659,1,0.0040
3235,-0.2327,-0.6005,1.2805,0.7535,0.0664,1,0.0005
3236,-0.2330,-0.6020,1.3462,0.8164,0.0658,1,0.0020
3237,-0.2319,-0.5998,1.4125,0.8797,0.0663,1,0.0000
3238,-0.2321,-0.6013,1.4780,0.9432,0.0656,1,0.0013
3239,-0.2312,-0.6002,1.5443,1.0074,0.0663,1,0.0002
3240,-0.2314,-0.6017,1.6097,1.0711,0.0654,1,0.0017
3241,-0.2306,-0.6014,1.6759,1.1357,0.0662,1,0.0014
3242,-0.2309,-0.6029,1.7410,1.1996,0.0651,1,0.0029
3243,-0.2301,-0.6033,1.8069,1.2642,0.0660,1,0.0033
3244,-0.2304,-0.6047,1.8718,1.3281,0.0649,1,0.0047
3245,-0.2292,-0.6072,1.9378,1.3930,0.0660,1,0.0072
3246,-0.2295,-0.6086,2.0024,1.4568,0.0647,1,0.0086
3247,-0.2284,-0.6130,2.0681,1.5216,0.0658,1,0.0130
3248,-0.2287,-0.6145,2.1325,1.5853,0.0644,1,0.0145
3249,-0.2275,-0.6147,2.1982,1.6502,0.0657,1,0.0147
3250,-0.2277,-0.6161,2.2623,1.7138,0.0641,1,0.0161
3251,-0.2266,-0.6119,2.3281,1.7788,0.0659,1,0.0119
3252,-0.2268,-0.6127,2.3919,1.8421,0.0639,1,0.0127
3253,-0.2258,-0.6078,2.4575,1.9071,0.0657,1,0.0078
3254,-0.2260,-0.6083,2.5212,1.9704,0.0637,1,0.0083
3255,-0.2249,-0.6029,2.4562,1.9057,0.0652,1,0.0029
3256,-0.2248,-0.6033,2.3895,1.8394,0.0667,1,0.0033
3257,-0.2238,-0.5989,2.3244,1.7748,0.0652,1,0.0000
3258,-0.2237,-0.5983,2.2579,1.7087,0.0666,1,0.0000
3259,-0.2228,-0.5947,2.1930,1.6443,0.0650,1,0.0000
3260,-0.2227,-0.5954,2.1262,1.5782,0.0668,1,0.0000
3261,-0.2218,-0.5935,2.0613,1.5138,0.0650,1,0.0000
3262,-0.2217,-0.5933,1.9946,1.4479,0.0666,1,0.0000
3263,-0.2208,-0.5928,1.9297,1.3836,0.0650,1,0.0000
3264,-0.2207,-0.5912,1.8632,1.3180,0.0665,1,0.0000
3265,-0.2198,-0.5917,1.7982,1.2538,0.0650,1,0.0000
3266,-0.2197,-0.5919,1.7315,1.1882,0.0667,1,0.0000
3267,-0.2189,-0.5930,1.6665,1.1242,0.0651,1,0.0000
3268,-0.2187,-0.5918,1.6000,1.0590,0.0665,1,0.0000
3269,-0.2210,-0.5945,1.5242,0.9855,0.0758,1,0.0000
3270,-0.2208,-0.5941,1.4577,0.9207,0.0666,1,0.0000
3271,-0.2181,-0.5946,1.3906,0.8550,0.0672,1,0.0000
3272,-0.2179,-0.5951,1.3239,0.7907,0.0666,1,0.0000
3273,-0.2162,-0.5966,1.2577,0.7268,0.0662,1,0.0000
3274,-0.2161,-0.5960,1.1910,0.6633,0.0667,1,0.0000
3275,-0.2149,-0.5971,1.1255,0.6013,0.0655,1,0.0000
3276,-0.2148,-0.5965,1.0586,0.5394,0.0668,1,0.0000
3277,-0.2138,-0.5966,0.9931,0.4795,0.0656,1,0.0000
3278,-0.2137,-0.5955,0.9262,0.4207,0.0669,1,0.0000
3279,-0.2128,-0.5959,0.8606,0.3651,0.0656,1,0.0000
3280,-0.2127,-0.5949,0.7937,0.3132,0.0669,1,0.0000
3281,-0.2118,-0.5947,0.7280,0.2680,0.0656,1,0.0000
3282,-0.2117,-0.5936,0.6611,0.2331,0.0669,1,0.0000
3283,-0.2109,-0.5930,0.5955,0.2134,0.0656,1,0.0000
3284,-0.2108,-0.5918,0.5286,0.2139,0.0669,1,0.0000
3285,-0.2100,-0.5907,0.4630,0.2332,0.0656,1,0.0000
3286,-0.2100,-0.5895,0.3961,0.2689,0.0669,1,0.0000
3287,-0.2092,-0.5880,0.3305,0.3136,0.0656,1,0.0000
3288,-0.2091,-0.5868,0.2637,0.3660,0.0668,1,0.0000
3289,-0.2084,-0.5851,0.1981,0.4211,0.0656,1,0.0000
3290,-0.2083,-0.5838,0.1314,0.4802,0.0667,1,0.0000
3291,-0.2076,-0.5850,0.0657,0.5398,0.0657,1,0.0000
3292,-0.2076,-0.5839,-0.0009,0.6018,0.0666,1,0.0000
3293,-0.2069,-0.5878,-0.0665,0.6635,0.0657,1,0.0000
3294,-0.2068,-0.5872,-0.1330,0.7270,0.0665,1,0.0000
3295,-0.2061,-0.5908,-0.1985,0.7898,0.0656,1,0.0000
3296,-0.2060,-0.5906,-0.2650,0.8541,0.0665,1,0.0000
3297,-0.2053,-0.5937,-0.3306,0.9177,0.0656,1,0.0000
3298,-0.2052,-0.5938,-0.3971,0.9826,0.0665,1,0.0000
3299,-0.2044,-0.5964,-0.4627,1.0467,0.0656,1,0.0000
3300,-0.2043,-0.5967,-0.5292,1.1120,0.0665,1,0.0000
3301,-0.2035,-0.5987,-0.5949,1.1764,0.0657,1,0.0000
3302,-0.2034,-0.5991,-0.6614,1.2420,0.0666,1,0.0000
3303,-0.2043,-0.6007,-0.7271,1.3070,0.0657,1,0.0007
3304,-0.2042,-0.6011,-0.7937,1.3728,0.0666,1,0.0011
3305,-0.2097,-0.6023,-0.8595,1.4387,0.0660,1,0.0023
3306,-0.2098,-0.6027,-0.9261,1.5047,0.0666,1,0.0027
3307,-0.2140,-0.6033,-0.9920,1.5705,0.0660,1,0.0033
3308,-0.2142,-0.6036,-1.0586,1.6366,0.0667,1,0.0036
3309,-0.2178,-0.6038,-1.1246,1.7024,0.0660,1,0.0038
3310,-0.2180,-0.6040,-1.1912,1.7686,0.0667,1,0.0040
3311,-0.2211,-0.6038,-1.2572,1.8344,0.0661,1,0.0038
3312,-0.2214,-0.6039,-1.3239,1.9007,0.0667,1,0.0039
3313,-0.2243,-0.6035,-1.3899,1.9666,0.0661,1,0.0035
3314,-0.2245,-0.6036,-1.4566,2.0329,0.0667,1,0.0036
3315,-0.2274,-0.6029,-1.5227,2.0989,0.0661,1,0.0029
3316,-0.2276,-0.6030,-1.5894,2.1652,0.0667,1,0.0030
3317,-0.2304,-0.6023,-1.6555,2.2312,0.0661,1,0.0023
3318,-0.2306,-0.6023,-1.7222,2.2976,0.0667,1,0.0023
3319,-0.2334,-0.6016,-1.7882,2.3636,0.0661,1,0.0016
3320,-0.2336,-0.6016,-1.8550,2.4301,0.0667,1,0.0016
3321,-0.2364,-0.6010,-1.9210,2.4961,0.0661,1,0.0010
3322,-0.2366,-0.6009,-1.9878,2.5626,0.0667,1,0.0009
3323,-0.2395,-0.6005,-2.0539,2.6286,0.0661,1,0.0005
3324,-0.2397,-0.6004,-2.1206,2.6951,0.0667,1,0.0004
3325,-0.2426,-0.6000,-2.1867,2.7612,0.0662,1,0.0000
3326,-0.2429,-0.5999,-2.2534,2.8277,0.0667,1,0.0000
3327,-0.2459,-0.5997,-2.3195,2.8938,0.0662,1,0.0000
3328,-0.2461,-0.5996,-2.3862,2.9603,0.0667,1,0.0000
3329,-0.2492,-0.5995,-2.4523,3.0264,0.0662,1,0.0000
3330,-0.2495,-0.5995,-2.5190,3.0929,0.0667,1,0.0000
3331,-0.2521,-0.5994,-2.4518,3.0262,0.0673,1,0.0000
3332,-0.2517,-0.5993,-2.3852,2.9598,0.0666,1,0.0000
3333,-0.2545,-0.5994,-2.3180,2.8930,0.0673,1,0.0000
3334,-0.2541,-0.5993,-2.2514,2.8267,0.0666,1,0.0000
3335,-0.2635,-0.6000,-2.1847,2.7611,0.0674,1,0.0000
3336,-0.2630,-0.5999,-2.1181,2.6948,0.0666,1,0.0000
3337,-0.2720,-0.6005,-2.0515,2.6294,0.0672,1,0.0005
3338,-0.2714,-0.6004,-1.9849,2.5631,0.0666,1,0.0004
3339,-0.2785,-0.6008,-1.9183,2.4978,0.0669,1,0.0008
3340,-0.2778,-0.6007,-1.8518,2.4315,0.0666,1,0.0007
3341,-0.2839,-0.6010,-1.7852,2.3662,0.0668,1,0.0010
3342,-0.2832,-0.6009,-1.7187,2.3000,0.0666,1,0.0009
3343,-0.2887,-0.6011,-1.6521,2.2347,0.0667,1,0.0011
3344,-0.2880,-0.6010,-1.5856,2.1686,0.0666,1,0.0010
3345,-0.2932,-0.6012,-1.5190,2.1034,0.0667,1,0.0012
3346,-0.2924,-0.6010,-1.4525,2.0374,0.0666,1,0.0010
3347,-0.2976,-0.6012,-1.3860,1.9724,0.0667,1,0.0012
3348,-0.2968,-0.6010,-1.3194,1.9065,0.0666,1,0.0010
3349,-0.3020,-0.6011,-1.2529,1.8417,0.0667,1,0.0011
3350,-0.3012,-0.6009,-1.1863,1.7759,0.0666,1,0.0009
3351,-0.3064,-0.6010,-1.1198,1.7113,0.0667,1,0.0010
3352,-0.2802,-0.5991,-1.0738,1.6614,0.0530,1,0.0000
3353,-0.2557,-0.5990,-1.0264,1.6107,0.0533,1,0.0000
3354,-0.2319,-0.5992,-0.9693,1.5506,0.0618,1,0.0000
3355,-0.2262,-0.6001,-0.9049,1.4860,0.0647,1,0.0001
3356,-0.2254,-0.6004,-0.8383,1.4201,0.0666,1,0.0004
3357,-0.2285,-0.6006,-0.7719,1.3551,0.0665,1,0.0006
3358,-0.2242,-0.6003,-0.7053,1.2888,0.0667,1,0.0003
3359,-0.2262,-0.6004,-0.6390,1.2239,0.0664,1,0.0004
3360,-0.2220,-0.6001,-0.5724,1.1577,0.0667,1,0.0001
3361,-0.2243,-0.6003,-0.5061,1.0932,0.0663,1,0.0003
3362,-0.2202,-0.6000,-0.4395,1.0272,0.0667,1,0.0000
3363,-0.2227,-0.6002,-0.3732,0.9632,0.0663,1,0.0002
3364,-0.2185,-0.5999,-0.3066,0.8975,0.0667,1,0.0000
3365,-0.2237,-0.6003,-0.2412,0.8356,0.0656,1,0.0003
3366,-0.2179,-0.5999,-0.1746,0.7699,0.0668,1,0.0000
3367,-0.2214,-0.6003,-0.1094,0.7087,0.0654,1,0.0003
3368,-0.2143,-0.5998,-0.0428,0.6434,0.0670,1,0.0000
3369,-0.2160,-0.6001,0.0226,0.5828,0.0654,1,0.0001
3370,-0.2083,-0.5997,0.0892,0.5184,0.0670,1,0.0000
3371,-0.2092,-0.5999,0.1546,0.4596,0.0654,1,0.0000
3372,-0.2013,-0.5994,0.2212,0.3974,0.0670,1,0.0000
3373,-0.2019,-0.5996,0.2867,0.3429,0.0655,1,0.0000
3374,-0.1942,-0.5991,0.3533,0.2864,0.0671,1,0.0000
3375,-0.1949,-0.5993,0.4188,0.2429,0.0655,1,0.0000
3376,-0.1874,-0.5988,0.4854,0.2032,0.0670,1,0.0000
3377,-0.1884,-0.5991,0.5510,0.1889,0.0656,1,0.0000
3378,-0.1814,-0.5985,0.6176,0.1892,0.0670,1,0.0000
3379,-0.1828,-0.5988,0.6832,0.2183,0.0656,1,0.0000
3380,-0.1763,-0.5983,0.7498,0.2562,0.0670,1,0.0000
3381,-0.1781,-0.5985,0.8154,0.3083,0.0656,1,0.0000
3382,-0.1720,-0.5980,0.8821,0.3618,0.0670,1,0.0000
3383,-0.1744,-0.5983,0.9478,0.4217,0.0657,1,0.0000
3384,-0.1687,-0.5977,1.0145,0.4812,0.0669,1,0.0000
3385,-0.1715,-0.5980,1.0801,0.5440,0.0657,1,0.0000
3386,-0.1662,-0.5975,1.1469,0.6062,0.0669,1,0.0000
3387,-0.1694,-0.5978,1.2125,0.6704,0.0658,1,0.0000
3388,-0.1645,-0.5973,1.2793,0.7341,0.0669,1,0.0000
3389,-0.1680,-0.5976,1.3450,0.7990,0.0658,1,0.0000
3390,-0.1633,-0.5971,1.4118,0.8635,0.0669,1,0.0000
3391,-0.1670,-0.5975,1.4775,0.9288,0.0658,1,0.0000
3392,-0.1643,-0.5969,1.5444,0.9943,0.0670,1,0.0000
3393,-0.1715,-0.5973,1.6102,1.0604,0.0662,1,0.0000
3394,-0.1704,-0.5968,1.6771,1.1262,0.0669,1,0.0000
3395,-0.1776,-0.5972,1.7429,1.1924,0.0662,1,0.0000
3396,-0.1765,-0.5967,1.8098,1.2584,0.0669,1,0.0000
3397,-0.1837,-0.5971,1.8756,1.3245,0.0662,1,0.0000
3398,-0.1825,-0.5966,1.9425,1.3907,0.0669,1,0.0000
3399,-0.1898,-0.5970,2.0083,1.4569,0.0662,1,0.0000
3400,-0.1886,-0.5965,2.0752,1.5231,0.0669,1,0.0000
3401,-0.1958,-0.5968,2.1410,1.5893,0.0662,1,0.0000
3402,-0.1947,-0.5964,2.2079,1.6556,0.0669,1,0.0000
3403,-0.2019,-0.5967,2.2737,1.7218,0.0662,1,0.0000
3404,-0.2007,-0.5963,2.3407,1.7881,0.0669,1,0.0000
3405,-0.2082,-0.5967,2.4071,1.8550,0.0668,1,0.0000
3406,-0.2071,-0.5963,2.4740,1.9214,0.0669,1,0.0000
3407,-0.2121,-0.5965,2.5402,1.9877,0.0663,1,0.0000
3408,-0.2122,-0.5965,2.4736,1.9215,0.0666,1,0.0000
3409,-0.2208,-0.5971,2.4068,1.8562,0.0673,1,0.0000
3410,-0.2216,-0.5969,2.3404,1.7903,0.0665,1,0.0000
3411,-0.2299,-0.5974,2.2736,1.7251,0.0673,1,0.0000
3412,-0.2306,-0.5972,2.2071,1.6593,0.0665,1,0.0000
3413,-0.2386,-0.5977,2.1403,1.5944,0.0673,1,0.0000
3414,-0.2393,-0.5975,2.0738,1.5288,0.0665,1,0.0000
3415,-0.2471,-0.5979,2.0070,1.4641,0.0672,1,0.0000
3416,-0.2478,-0.5978,1.9405,1.3987,0.0665,1,0.0000
3417,-0.2553,-0.5982,1.8736,1.3345,0.0672,1,0.0000
3418,-0.2560,-0.5980,1.8071,1.2694,0.0665,1,0.0000
3419,-0.2634,-0.5984,1.7403,1.2056,0.0672,1,0.0000
3420,-0.2641,-0.5983,1.6738,1.1409,0.0665,1,0.0000
3421,-0.2459,-0.5969,1.6257,1.0899,0.0515,1,0.0000
3422,-0.2180,-0.5966,1.5747,1.0341,0.0581,1,0.0000
3423,-0.2120,-0.5979,1.5118,0.9714,0.0632,1,0.0000
3424,-0.2024,-0.5980,1.4468,0.9058,0.0658,1,0.0000
3425,-0.2094,-0.5989,1.3800,0.8426,0.0672,1,0.0000
3426,-0.2101,-0.5988,1.3134,0.7785,0.0666,1,0.0000
3427,-0.2157,-0.5990,1.2466,0.7160,0.0670,1,0.0000
3428,-0.2139,-0.5989,1.1800,0.6522,0.0666,1,0.0000
3429,-0.2182,-0.5991,1.1131,0.5910,0.0670,1,0.0000
3430,-0.2161,-0.5990,1.0465,0.5288,0.0667,1,0.0000
3431,-0.2201,-0.5992,0.9797,0.4705,0.0670,1,0.0000
3432,-0.2178,-0.5991,0.9130,0.4116,0.0667,1,0.0000
3433,-0.2217,-0.5993,0.8462,0.3590,0.0670,1,0.0000
3434,-0.2193,-0.5992,0.7795,0.3076,0.0667,1,0.0000
3435,-0.2230,-0.5994,0.7127,0.2681,0.0670,1,0.0000
3436,-0.2204,-0.5992,0.6460,0.2352,0.0667,1,0.0000
3437,-0.2240,-0.5995,0.5791,0.2245,0.0670,1,0.0000
3438,-0.2214,-0.5993,0.5125,0.2272,0.0667,1,0.0000
3439,-0.2249,-0.5995,0.4456,0.2541,0.0670,1,0.0000
3440,-0.2222,-0.5994,0.3789,0.2891,0.0667,1,0.0000
3441,-0.2256,-0.5996,0.3119,0.3382,0.0670,1,0.0000
3442,-0.2229,-0.5995,0.2453,0.3888,0.0667,1,0.0000
3443,-0.2264,-0.5997,0.1783,0.4471,0.0670,1,0.0000
3444,-0.2236,-0.5996,0.1116,0.5045,0.0668,1,0.0000
3445,-0.2271,-0.5998,0.0446,0.5667,0.0671,1,0.0000
3446,-0.2242,-0.5997,-0.0221,0.6274,0.0668,1,0.0000
3447,-0.2278,-0.5999,-0.0891,0.6916,0.0671,1,0.0000
3448,-0.2248,-0.5998,-0.1558,0.7540,0.0668,1,0.0000
3449,-0.2285,-0.6001,-0.2229,0.8193,0.0672,1,0.0001
3450,-0.2255,-0.5999,-0.2896,0.8828,0.0668,1,0.0000
3451,-0.2292,-0.6002,-0.3568,0.9487,0.0672,1,0.0002
3452,-0.2261,-0.6000,-0.4235,1.0129,0.0668,1,0.0000
3453,-0.2299,-0.6003,-0.4907,1.0793,0.0673,1,0.0003
3454,-0.2266,-0.6002,-0.5575,1.1440,0.0668,1,0.0002
3455,-0.2273,-0.6003,-0.6246,1.2099,0.0671,1,0.0003
3456,-0.2254,-0.6001,-0.6913,1.2752,0.0668,1,0.0001
3457,-0.2193,-0.5996,-0.7578,1.3397,0.0668,1,0.0000
3458,-0.2197,-0.5995,-0.8245,1.4056,0.0667,1,0.0000
3459,-0.2182,-0.5992,-0.8907,1.4709,0.0662,1,0.0000
3460,-0.2184,-0.5991,-0.9574,1.5369,0.0667,1,0.0000
3461,-0.2180,-0.5989,-1.0235,1.6023,0.0661,1,0.0000
3462,-0.2182,-0.5990,-1.0902,1.6684,0.0667,1,0.0000
3463,-0.2185,-0.5988,-1.1562,1.7339,0.0660,1,0.0000
3464,-0.2187,-0.5989,-1.2229,1.8000,0.0667,1,0.0000
3465,-0.2193,-0.5988,-1.2888,1.8656,0.0659,1,0.0000
3466,-0.2194,-0.5989,-1.3555,1.9318,0.0667,1,0.0000
3467,-0.2203,-0.5988,-1.4214,1.9974,0.0659,1,0.0000
3468,-0.2204,-0.5989,-1.4881,2.0637,0.0667,1,0.0000
3469,-0.2214,-0.5989,-1.5539,2.1293,0.0659,1,0.0000
3470,-0.2215,-0.5990,-1.6206,2.1957,0.0667,1,0.0000
3471,-0.2225,-0.5991,-1.6865,2.2613,0.0659,1,0.0000
3472,-0.2226,-0.5991,-1.7532,2.3277,0.0667,1,0.0000
3473,-0.2236,-0.5992,-1.8190,2.3933,0.0659,1,0.0000
3474,-0.2237,-0.5992,-1.8857,2.4597,0.0667,1,0.0000
3475,-0.2247,-0.5994,-1.9516,2.5254,0.0659,1,0.0000
3476,-0.2249,-0.5994,-2.0183,2.5919,0.0667,1,0.0000
3477,-0.2258,-0.5995,-2.0841,2.6576,0.0659,1,0.0000
3478,-0.2260,-0.5995,-2.1508,2.7240,0.0667,1,0.0000
3479,-0.2269,-0.5997,-2.2167,2.7897,0.0659,1,0.0000
3480,-0.2271,-0.5997,-2.2834,2.8562,0.0667,1,0.0000
3481,-0.2280,-0.5998,-2.3492,2.9220,0.0659,1,0.0000
3482,-0.2281,-0.5998,-2.4159,2.9885,0.0667,1,0.0000
3483,-0.2290,-0.5999,-2.4818,3.0542,0.0659,1,0.0000
3484,-0.2292,-0.5999,-2.5485,3.1207,0.0667,1,0.0000
3485,-0.2299,-0.6000,-2.4810,3.0535,0.0675,1,0.0000
3486,-0.2298,-0.6000,-2.4144,2.9870,0.0666,1,0.0000
3487,-0.2305,-0.6001,-2.3469,2.9198,0.0675,1,0.0001
3488,-0.2304,-0.6001,-2.2802,2.8534,0.0666,1,0.0001
3489,-0.2310,-0.6001,-2.2128,2.7862,0.0675,1,0.0001
3490,-0.2309,-0.6001,-2.1461,2.7198,0.0666,1,0.0001
3491,-0.2316,-0.6001,-2.0787,2.6526,0.0675,1,0.0001
3492,-0.2315,-0.6001,-2.0120,2.5863,0.0666,1,0.0001
3493,-0.2322,-0.6001,-1.9446,2.5191,0.0675,1,0.0001
3494,-0.2321,-0.6001,-1.8779,2.4528,0.0666,1,0.0001
3495,-0.2328,-0.6001,-1.8105,2.3857,0.0675,1,0.0001
3496,-0.2327,-0.6001,-1.7438,2.3194,0.0666,1,0.0001
3497,-0.2333,-0.6001,-1.6764,2.2523,0.0675,1,0.0001
3498,-0.2332,-0.6000,-1.6097,2.1861,0.0666,1,0.0000
3499,-0.2339,-0.6000,-1.5423,2.1191,0.0675,1,0.0000
3500,-0.2338,-0.6000,-1.4756,2.0528,0.0666,1,0.0000
3501,-0.2345,-0.6000,-1.4082,1.9859,0.0675,1,0.0000
3502,-0.2344,-0.6000,-1.3415,1.9197,0.0666,1,0.0000
3503,-0.2351,-0.6000,-1.2741,1.8529,0.0675,1,0.0000
3504,-0.2350,-0.6000,-1.2074,1.7868,0.0666,1,0.0000
3505,-0.2357,-0.5999,-1.1400,1.7200,0.0675,1,0.0000
3506,-0.2356,-0.5999,-1.0733,1.6540,0.0666,1,0.0000
3507,-0.2363,-0.5999,-1.0059,1.5874,0.0675,1,0.0000
3508,-0.2362,-0.5999,-0.9393,1.5215,0.0666,1,0.0000
3509,-0.2369,-0.5999,-0.8718,1.4551,0.0675,1,0.0000
3510,-0.2368,-0.5999,-0.8052,1.3893,0.0666,1,0.0000
3511,-0.2375,-0.5999,-0.7377,1.3230,0.0675,1,0.0000
3512,-0.2374,-0.5999,-0.6711,1.2575,0.0666,1,0.0000
3513,-0.2382,-0.5999,-0.6036,1.1915,0.0675,1,0.0000
3514,-0.2381,-0.5999,-0.5370,1.1263,0.0666,1,0.0000
3515,-0.2389,-0.5999,-0.4695,1.0606,0.0675,1,0.0000
3516,-0.2387,-0.5999,-0.4029,0.9958,0.0666,1,0.0000
3517,-0.2396,-0.5999,-0.3355,0.9307,0.0674,1,0.0000
3518,-0.2394,-0.5999,-0.2688,0.8664,0.0666,1,0.0000
3519,-0.2403,-0.5999,-0.2014,0.8021,0.0674,1,0.0000
3520,-0.2402,-0.5999,-0.1347,0.7387,0.0666,1,0.0000
3521,-0.2410,-0.5999,-0.0673,0.6756,0.0674,1,0.0000
3522,-0.2409,-0.5999,-0.0007,0.6138,0.0666,1,0.0000
3523,-0.2433,-0.6001,0.0667,0.5535,0.0675,1,0.0001
3524,-0.2431,-0.6001,0.1334,0.4944,0.0666,1,0.0001
3525,-0.2455,-0.6002,0.2007,0.4383,0.0674,1,0.0002
3526,-0.2453,-0.6002,0.2674,0.3848,0.0666,1,0.0002
3527,-0.2474,-0.6002,0.3347,0.3372,0.0673,1,0.0002
3528,-0.2471,-0.6002,0.4013,0.2958,0.0666,1,0.0002
3529,-0.2491,-0.6002,0.4686,0.2667,0.0673,1,0.0002
3530,-0.2489,-0.6002,0.5353,0.2505,0.0666,1,0.0002
3531,-0.2508,-0.6002,0.6025,0.2538,0.0673,1,0.0002
3532,-0.2505,-0.6002,0.6692,0.2718,0.0667,1,0.0002
3533,-0.2525,-0.6001,0.7365,0.3059,0.0673,1,0.0001
3534,-0.2522,-0.6001,0.8031,0.3476,0.0667,1,0.0001
3535,-0.2542,-0.6001,0.8704,0.3982,0.0673,1,0.0001
3536,-0.2539,-0.6000,0.9370,0.4514,0.0667,1,0.0000
3537,-0.2559,-0.6000,1.0043,0.5094,0.0673,1,0.0000
3538,-0.2556,-0.6000,1.0709,0.5679,0.0666,1,0.0000
3539,-0.2577,-0.5999,1.1382,0.6295,0.0673,1,0.0000
3540,-0.2574,-0.5999,1.2048,0.6907,0.0667,1,0.0000
3541,-0.2594,-0.5998,1.2721,0.7542,0.0673,1,0.0000
3542,-0.2587,-0.5998,1.3387,0.8169,0.0667,1,0.0000
3543,-0.2590,-0.5998,1.4060,0.8810,0.0672,1,0.0000
3544,-0.2571,-0.5997,1.4726,0.9444,0.0667,1,0.0000
3545,-0.2578,-0.5997,1.5398,1.0095,0.0672,1,0.0000
3546,-0.2575,-0.5997,1.6065,1.0740,0.0667,1,0.0000
3547,-0.2596,-0.5997,1.6737,1.1399,0.0673,1,0.0000
3548,-0.2593,-0.5996,1.7404,1.2048,0.0667,1,0.0000
3549,-0.2614,-0.5996,1.8076,1.2710,0.0673,1,0.0000
3550,-0.2611,-0.5996,1.8743,1.3362,0.0667,1,0.0000
3551,-0.2633,-0.5996,1.9415,1.4026,0.0673,1,0.0000
3552,-0.2630,-0.5996,2.0082,1.4681,0.0667,1,0.0000
3553,-0.2652,-0.5996,2.0754,1.5347,0.0673,1,0.0000
3554,-0.2648,-0.5995,2.1421,1.6003,0.0667,1,0.0000
3555,-0.2671,-0.5996,2.2093,1.6670,0.0673,1,0.0000
3556,-0.2667,-0.5995,2.2760,1.7328,0.0667,1,0.0000
3557,-0.2690,-0.5996,2.3432,1.7996,0.0673,1,0.0000
3558,-0.2686,-0.5995,2.4099,1.8655,0.0667,1,0.0000
3559,-0.2709,-0.5996,2.4771,1.9323,0.0672,1,0.0000
3560,-0.2706,-0.5995,2.5437,1.9983,0.0667,1,0.0000
3561,-0.2729,-0.5996,2.4771,1.9326,0.0667,1,0.0000
3562,-0.2732,-0.5995,2.4105,1.8667,0.0666,1,0.0000
3563,-0.2757,-0.5996,2.3425,1.7999,0.0680,1,0.0000
3564,-0.2763,-0.5995,2.2759,1.7342,0.0666,1,0.0000
3565,-0.2815,-0.5997,2.2081,1.6682,0.0680,1,0.0000
3566,-0.2823,-0.5996,2.1417,1.6029,0.0665,1,0.0000
3567,-0.2893,-0.5996,2.0740,1.5376,0.0680,1,0.0000
3568,-0.2901,-0.5995,2.0075,1.4726,0.0664,1,0.0000
3569,-0.2983,-0.5995,1.9399,1.4080,0.0681,1,0.0000
3570,-0.2993,-0.5993,1.8735,1.3434,0.0664,1,0.0000
3571,-0.3082,-0.5992,1.8059,1.2797,0.0682,1,0.0000
3572,-0.3092,-0.5989,1.7394,1.2156,0.0664,1,0.0000
3573,-0.2838,-0.5958,1.7190,1.1895,0.0327,1,0.0000
3574,-0.2475,-0.5948,1.6941,1.1570,0.0440,1,0.0000
3575,-0.2193,-0.5944,1.6602,1.1181,0.0440,1,0.0000
3576,-0.1843,-0.5939,1.6181,1.0702,0.0548,1,0.0000
3577,-0.1631,-0.5942,1.5651,1.0144,0.0571,1,0.0000
3578,-0.1427,-0.5945,1.5044,0.9513,0.0641,1,0.0000
3579,-0.1449,-0.5961,1.4372,0.8853,0.0673,1,0.0000
3580,-0.1404,-0.5964,1.3706,0.8189,0.0667,1,0.0000
3581,-0.1436,-0.5974,1.3028,0.7528,0.0679,1,0.0000
3582,-0.1379,-0.5969,1.2362,0.6864,0.0668,1,0.0000
3583,-0.1414,-0.5974,1.1684,0.6209,0.0679,1,0.0000
3584,-0.1360,-0.5963,1.1018,0.5549,0.0669,1,0.0000
3585,-0.1408,-0.5969,1.0339,0.4907,0.0680,1,0.0000
3586,-0.1373,-0.5964,0.9673,0.4262,0.0667,1,0.0000
3587,-0.1431,-0.5972,0.8994,0.3649,0.0681,1,0.0000
3588,-0.1406,-0.5967,0.8328,0.3035,0.0667,1,0.0000
3589,-0.1472,-0.5975,0.7650,0.2493,0.0682,1,0.0000
3590,-0.1452,-0.5970,0.6983,0.1979,0.0667,1,0.0000
3591,-0.1525,-0.5979,0.6305,0.1664,0.0682,1,0.0000
3592,-0.1508,-0.5975,0.5638,0.1508,0.0667,1,0.0000
3593,-0.1585,-0.5983,0.4961,0.1723,0.0682,1,0.0000
3594,-0.1570,-0.5979,0.4294,0.2067,0.0667,1,0.0000
3595,-0.1648,-0.5987,0.3617,0.2609,0.0682,1,0.0000
3596,-0.1634,-0.5983,0.2950,0.3146,0.0667,1,0.0000
3597,-0.1712,-0.5991,0.2273,0.3776,0.0682,1,0.0000
3598,-0.1698,-0.5988,0.1606,0.4375,0.0667,1,0.0000
3599,-0.1773,-0.5995,0.0929,0.5032,0.0681,1,0.0000
3600,-0.1758,-0.5991,0.0262,0.5657,0.0667,1,0.0000
