tick,local_x,local_y,local_z,drift_m,slip_m,on_bus_support,below_depth_m
1,0.0000,-0.5990,0.5667,0.0000,0.0000,1,0.0000
2,0.0000,-0.5990,0.6333,0.0667,0.0667,1,0.0000
3,-0.0000,-0.5607,0.7065,0.1450,0.0826,1,0.0000
4,-0.0000,-0.5987,0.7731,0.2065,0.0767,1,0.0000
5,0.0000,-0.5692,0.8500,0.2849,0.0823,1,0.0000
6,-0.0000,-0.5980,0.9166,0.3499,0.0726,1,0.0000
7,-0.0000,-0.5781,0.9971,0.4310,0.0829,1,0.0000
8,-0.0000,-0.5999,1.0637,0.4971,0.0701,1,0.0000
9,-0.0000,-0.5865,1.1479,0.5814,0.0852,1,0.0000
10,-0.0000,-0.5989,1.2145,0.6479,0.0678,1,0.0000
11,-0.0000,-0.5938,1.3023,0.7356,0.0879,1,0.0000
12,-0.0000,-0.5990,1.3689,0.8023,0.0668,1,0.0000
13,-0.0000,-0.5997,1.4603,0.8936,0.0914,1,0.0000
14,-0.0000,-0.5990,1.5270,0.9603,0.0666,1,0.0000
15,-0.0000,-0.6040,1.6219,1.0553,0.0951,1,0.0040
16,-0.0000,-0.5990,1.6886,1.1219,0.0668,1,0.0000
17,-0.0000,-0.6069,1.7871,1.2205,0.0989,1,0.0069
18,-0.0000,-0.5990,1.8538,1.2871,0.0671,1,0.0000
19,-0.0000,-0.6083,1.9559,1.3893,0.1026,1,0.0083
20,-0.0000,-0.5990,2.0226,1.4559,0.0673,1,0.0000
21,0.0000,-0.6087,2.1283,1.5617,0.1062,1,0.0087
22,0.0000,-0.5990,2.1950,1.6283,0.0673,1,0.0000
23,0.0000,-0.6081,2.3043,1.7376,0.1097,1,0.0081
24,0.0000,-0.5990,2.3709,1.8042,0.0673,1,0.0000
25,0.0000,-0.6070,2.4838,1.9171,0.1132,1,0.0070
26,0.0000,-0.5990,2.5504,1.9838,0.0671,1,0.0000
27,0.0000,-0.6055,2.5335,1.9669,0.0181,1,0.0055
28,0.0000,-0.5990,2.4668,1.9002,0.0670,1,0.0000
29,0.0000,-0.6039,2.4535,1.8868,0.0142,1,0.0039
30,0.0000,-0.5990,2.3868,1.8201,0.0669,1,0.0000
31,0.0000,-0.6023,2.3769,1.8103,0.0104,1,0.0023
32,0.0000,-0.5990,2.3102,1.7436,0.0668,1,0.0000
33,0.0000,-0.6009,2.3039,1.7373,0.0066,1,0.0009
34,0.0000,-0.5990,2.2373,1.6706,0.0667,1,0.0000
35,0.0000,-0.5997,2.2344,1.6678,0.0029,1,0.0000
36,0.0000,-0.5990,2.1677,1.6011,0.0667,1,0.0000
37,0.0000,-0.5987,2.1684,1.6018,0.0007,1,0.0000
38,0.0000,-0.5990,2.1017,1.5351,0.0667,1,0.0000
39,0.0000,-0.5980,2.1059,1.5392,0.0043,1,0.0000
40,0.0000,-0.5990,2.0392,1.4725,0.0667,1,0.0000
41,0.0000,-0.5976,2.0468,1.4802,0.0078,1,0.0000
42,0.0000,-0.5990,1.9801,1.4135,0.0667,1,0.0000
43,0.0000,-0.5975,1.9912,1.4246,0.0112,1,0.0000
44,0.0000,-0.5990,1.9245,1.3579,0.0667,1,0.0000
45,0.0000,-0.5975,1.9390,1.3724,0.0146,1,0.0000
46,0.0000,-0.5990,1.8724,1.3057,0.0667,1,0.0000
47,0.0000,-0.5977,1.8903,1.3236,0.0180,1,0.0000
48,0.0000,-0.5990,1.8236,1.2570,0.0667,1,0.0000
49,0.0000,-0.5979,1.8450,1.2783,0.0214,1,0.0000
50,0.0000,-0.5990,1.7783,1.2116,0.0667,1,0.0000
51,0.0000,-0.5982,1.8031,1.2364,0.0248,1,0.0000
52,0.0000,-0.5990,1.7364,1.1697,0.0667,1,0.0000
53,0.0000,-0.5986,1.7645,1.1979,0.0282,1,0.0000
54,0.0000,-0.5990,1.6979,1.1312,0.0667,1,0.0000
55,-0.0000,-0.5989,1.7294,1.1627,0.0315,1,0.0000
56,-0.0000,-0.5990,1.6627,1.0960,0.0667,1,0.0000
57,0.0000,-0.5991,1.6976,1.1310,0.0349,1,0.0000
58,0.0000,-0.5990,1.6309,1.0643,0.0667,1,0.0000
59,0.0000,-0.5994,1.6692,1.1026,0.0383,1,0.0000
60,0.0000,-0.5990,1.6025,1.0359,0.0667,1,0.0000
61,0.0000,-0.5995,1.6442,1.0775,0.0416,1,0.0000
62,0.0000,-0.5990,1.5775,1.0108,0.0667,1,0.0000
63,0.0000,-0.5996,1.6225,1.0558,0.0450,1,0.0000
64,0.0000,-0.5990,1.5558,0.9891,0.0667,1,0.0000
65,0.0000,-0.5997,1.6041,1.0374,0.0483,1,0.0000
66,0.0000,-0.5990,1.5374,0.9707,0.0667,1,0.0000
67,0.0000,-0.5997,1.5890,1.0223,0.0516,1,0.0000
68,0.0000,-0.5990,1.5223,0.9556,0.0667,1,0.0000
69,0.0000,-0.5997,1.5772,1.0106,0.0549,1,0.0000
70,0.0000,-0.5990,1.5105,0.9439,0.0667,1,0.0000
71,0.0000,-0.5997,1.5688,1.0021,0.0582,1,0.0000
72,0.0000,-0.5990,1.5021,0.9354,0.0667,1,0.0000
73,0.0000,-0.5997,1.5636,0.9969,0.0615,1,0.0000
74,0.0000,-0.5990,1.4969,0.9302,0.0667,1,0.0000
75,0.0000,-0.5996,1.5617,0.9950,0.0648,1,0.0000
76,0.0000,-0.5990,1.4950,0.9283,0.0667,1,0.0000
77,0.0000,-0.5996,1.5630,0.9964,0.0680,1,0.0000
78,0.0000,-0.5990,1.4963,0.9297,0.0667,1,0.0000
79,0.0000,-0.5995,1.5676,1.0010,0.0713,1,0.0000
80,0.0000,-0.5990,1.5009,0.9343,0.0667,1,0.0000
81,0.0000,-0.5995,1.5755,1.0088,0.0745,1,0.0000
82,0.0000,-0.5990,1.5088,0.9421,0.0667,1,0.0000
83,0.0000,-0.5995,1.5866,1.0199,0.0778,1,0.0000
84,0.0000,-0.5990,1.5199,0.9532,0.0667,1,0.0000
85,0.0000,-0.5995,1.6009,1.0342,0.0810,1,0.0000
86,0.0000,-0.5990,1.5342,0.9675,0.0667,1,0.0000
87,0.0000,-0.5994,1.6184,1.0517,0.0842,1,0.0000
88,0.0000,-0.5990,1.5517,0.9850,0.0667,1,0.0000
89,0.0000,-0.5995,1.6391,1.0724,0.0874,1,0.0000
90,0.0000,-0.5990,1.5724,1.0057,0.0667,1,0.0000
91,0.0000,-0.5995,1.6630,1.0963,0.0906,1,0.0000
92,0.0000,-0.5990,1.5963,1.0296,0.0667,1,0.0000
93,0.0000,-0.5995,1.6900,1.1234,0.0938,1,0.0000
94,0.0000,-0.5990,1.6233,1.0567,0.0667,1,0.0000
95,0.0000,-0.5995,1.7203,1.1536,0.0969,1,0.0000
96,0.0000,-0.5990,1.6536,1.0869,0.0667,1,0.0000
97,0.0000,-0.5995,1.7537,1.1870,0.1001,1,0.0000
98,0.0000,-0.5990,1.6870,1.1203,0.0667,1,0.0000
99,0.0000,-0.5995,1.7902,1.2235,0.1032,1,0.0000
100,0.0000,-0.5990,1.7235,1.1568,0.0667,1,0.0000
101,0.0000,-0.5996,1.8299,1.2632,0.1064,1,0.0000
102,0.0000,-0.5990,1.7632,1.1965,0.0667,1,0.0000
103,0.0000,-0.5996,1.8727,1.3060,0.1095,1,0.0000
104,0.0000,-0.5990,1.8060,1.2393,0.0667,1,0.0000
105,0.0000,-0.5996,1.9186,1.3519,0.1126,1,0.0000
106,0.0000,-0.5990,1.8519,1.2852,0.0667,1,0.0000
107,0.0000,-0.5996,1.9676,1.4009,0.1157,1,0.0000
108,0.0000,-0.5990,1.9009,1.3342,0.0667,1,0.0000
109,0.0000,-0.5996,2.0197,1.4530,0.1188,1,0.0000
110,0.0000,-0.5990,1.9530,1.3863,0.0667,1,0.0000
111,0.0000,-0.5996,2.0749,1.5082,0.1219,1,0.0000
112,0.0000,-0.5990,2.0082,1.4415,0.0667,1,0.0000
113,0.0000,-0.5997,2.1331,1.5665,0.1250,1,0.0000
114,0.0000,-0.5990,2.0664,1.4998,0.0667,1,0.0000
115,0.0000,-0.5997,2.1944,1.6278,0.1280,1,0.0000
116,0.0000,-0.5990,2.1278,1.5611,0.0667,1,0.0000
117,0.0000,-0.5997,2.2588,1.6922,0.1311,1,0.0000
118,0.0000,-0.5990,2.1921,1.6255,0.0667,1,0.0000
119,0.0000,-0.5997,2.3262,1.7596,0.1341,1,0.0000
120,0.0000,-0.5990,2.2595,1.6929,0.0667,1,0.0000
121,0.0000,-0.5997,2.3967,1.8300,0.1371,1,0.0000
122,0.0000,-0.5990,2.3300,1.7633,0.0667,1,0.0000
123,0.0000,-0.5997,2.4702,1.9035,0.1402,1,0.0000
124,0.0000,-0.5990,2.4035,1.8368,0.0667,1,0.0000
125,0.0000,-0.5997,2.5466,1.9800,0.1432,1,0.0000
126,0.0000,-0.5990,2.4799,1.9133,0.0667,1,0.0000
127,0.0000,-0.5997,2.6261,2.0595,0.1462,1,0.0000
128,0.0000,-0.5990,2.5594,1.9928,0.0667,1,0.0000
129,0.0000,-0.5997,2.7086,2.1419,0.1492,1,0.0000
130,0.0000,-0.5990,2.6419,2.0752,0.0667,1,0.0000
131,0.0000,-0.5997,2.7941,2.2274,0.1521,1,0.0000
132,0.0000,-0.5990,2.7274,2.1607,0.0667,1,0.0000
133,0.0000,-0.5997,2.8825,2.3158,0.1551,1,0.0000
134,0.0000,-0.5990,2.8158,2.2491,0.0667,1,0.0000
135,0.0000,-0.5997,2.9739,2.4072,0.1581,1,0.0000
136,0.0000,-0.5990,2.9072,2.3405,0.0667,1,0.0000
137,0.0000,-0.5998,3.0682,2.5015,0.1610,1,0.0000
138,0.0000,-0.5990,3.0015,2.4348,0.0667,1,0.0000
139,0.0000,-0.5998,3.1655,2.5988,0.1640,1,0.0000
140,0.0000,-0.5990,3.0988,2.5321,0.0667,1,0.0000
141,0.0000,-0.5998,3.2657,2.6990,0.1669,1,0.0000
142,0.0000,-0.5990,3.1990,2.6323,0.0667,1,0.0000
143,0.0000,-0.5998,3.3688,2.8022,0.1698,1,0.0000
144,0.0000,-0.5990,3.3021,2.7355,0.0667,1,0.0000
145,0.0000,-0.5998,3.4749,2.9082,0.1727,1,0.0000
146,0.0000,-0.5990,3.4082,2.8415,0.0667,1,0.0000
147,0.0000,-0.5998,3.5838,3.0172,0.1756,1,0.0000
148,0.0000,-0.5990,3.5172,2.9505,0.0667,1,0.0000
149,0.0000,-0.5998,3.6957,3.1290,0.1785,1,0.0000
150,0.0000,-0.5990,3.6290,3.0623,0.0667,1,0.0000
151,0.0000,-0.5998,3.8104,3.2438,0.1814,1,0.0000
152,0.0000,-0.5990,3.7437,3.1771,0.0667,1,0.0000
153,0.0000,-0.5998,3.9280,3.3614,0.1843,1,0.0000
154,0.0000,-0.5991,3.8613,3.2947,0.0667,1,0.0000
155,0.0000,-0.5998,4.0485,3.4818,0.1872,1,0.0000
156,0.0000,-0.5965,3.9830,3.4164,0.0655,1,0.0000
157,0.0000,-0.5999,4.1731,3.6064,0.1900,1,0.0000
158,0.0000,-0.6213,4.1063,3.5397,0.0701,0,0.0213
159,0.0000,-0.6008,4.3106,3.7440,0.2053,1,0.0008
160,0.0000,-0.6090,4.2439,3.6773,0.0672,0,0.0090
161,0.0000,-0.6207,4.4396,3.8730,0.1960,0,0.0207
162,0.0000,-0.6342,4.3729,3.8064,0.0681,0,0.0342
163,0.0000,-0.6514,4.5714,4.0051,0.1992,0,0.0514
164,0.0000,-0.6704,4.5047,3.9387,0.0694,0,0.0704
165,0.0000,-0.6930,4.7060,4.1404,0.2026,0,0.0930
166,0.0000,-0.7174,4.6392,4.0743,0.0711,0,0.1174
167,0.0000,-0.7455,4.8433,4.2792,0.2060,0,0.1455
168,0.0000,-0.7754,4.7766,4.2136,0.0732,0,0.1754
169,0.0000,-0.8089,4.9834,4.4218,0.2096,0,0.2089
170,0.0000,-0.8442,4.9167,4.3569,0.0756,0,0.2442
171,0.0000,-0.8832,5.1263,4.5685,0.2132,0,0.2832
172,0.0000,-0.9240,5.0595,4.5046,0.0783,0,0.3240
173,0.0000,-0.9684,5.2719,4.7197,0.2170,0,0.3684
174,0.0000,-0.9937,5.2052,4.6552,0.0714,0,0.3937
175,0.0000,-0.9944,5.4205,4.8699,0.2153,0,0.3944
176,0.0000,-0.9941,5.3538,4.8034,0.0667,0,0.3941
177,0.0000,-0.9949,5.5719,5.0208,0.2181,0,0.3949
178,0.0000,-0.9946,5.5052,4.9544,0.0667,0,0.3946
179,0.0000,-0.9954,5.7260,5.1746,0.2208,0,0.3954
180,0.0000,-0.9951,5.6594,5.1081,0.0667,0,0.3951
181,0.0000,-0.9959,5.8829,5.3311,0.2236,0,0.3959
182,0.0000,-0.9957,5.8163,5.2646,0.0667,0,0.3957
183,0.0000,-0.9964,6.0426,5.4903,0.2263,0,0.3964
184,0.0000,-0.9962,5.9759,5.4238,0.0667,0,0.3962
185,0.0000,-0.9969,6.2050,5.6523,0.2290,0,0.3969
186,0.0000,-0.9967,6.1383,5.5858,0.0667,0,0.3967
187,0.0000,-0.9975,6.3700,5.8170,0.2317,0,0.3975
188,0.0000,-0.9973,6.3034,5.7505,0.0667,0,0.3973
189,0.0000,-0.9980,6.5378,5.9845,0.2345,0,0.3980
190,0.0000,-0.9978,6.4712,5.9179,0.0667,0,0.3978
191,0.0000,-0.9986,6.7083,6.1546,0.2372,0,0.3986
192,0.0000,-0.9984,6.6416,6.0881,0.0667,0,0.3984
193,0.0000,-0.9991,6.8815,6.3275,0.2398,0,0.3991
194,0.0000,-0.9989,6.8148,6.2609,0.0667,0,0.3989
195,0.0000,-0.9997,7.0573,6.5030,0.2425,0,0.3997
196,0.0000,-0.9995,6.9907,6.4365,0.0667,0,0.3995
197,0.0000,-1.0003,7.2359,6.6812,0.2452,0,0.4003
198,0.0000,-1.0001,7.1692,6.6147,0.0667,0,0.4001
199,0.0000,-1.0009,7.4170,6.8622,0.2479,0,0.4009
200,0.0000,-1.0007,7.3504,6.7956,0.0667,0,0.4007
201,0.0000,-1.0015,7.6009,7.0457,0.2505,0,0.4015
202,0.0000,-1.0013,7.5342,6.9791,0.0667,0,0.4013
203,0.0004,-0.9771,7.7812,7.2245,0.2482,0,0.3771
204,0.0004,-0.9772,7.7146,7.1579,0.0667,0,0.3772
205,0.0009,-0.9290,7.9565,7.3972,0.2467,0,0.3290
206,0.0009,-0.9296,7.8899,7.3307,0.0667,0,0.3296
207,0.0012,-0.8807,8.1333,7.5718,0.2483,0,0.2807
208,0.0012,-0.8817,8.0666,7.5053,0.0667,0,0.2817
209,0.0014,-0.8317,8.3115,7.7483,0.2499,0,0.2317
210,0.0014,-0.8333,8.2449,7.6818,0.0666,0,0.2333
211,0.0015,-0.7817,8.4913,7.9267,0.2517,0,0.1817
212,0.0015,-0.7838,8.4246,7.8602,0.0666,0,0.1838
213,0.0015,-0.7300,8.6726,8.1069,0.2537,0,0.1300
214,0.0015,-0.7326,8.6060,8.0404,0.0666,0,0.1326
215,0.0016,-0.6761,8.8554,8.2891,0.2558,0,0.0761
216,0.0016,-0.6793,8.7889,8.2226,0.0666,0,0.0793
217,0.0016,-0.6196,9.0399,8.4732,0.2580,0,0.0196
218,0.0016,-0.6233,8.9734,8.4068,0.0666,0,0.0233
219,0.0016,-0.5598,9.2258,8.6592,0.2603,0,0.0000
220,0.0016,-0.5640,9.1594,8.5928,0.0665,0,0.0000
221,0.0016,-0.4964,9.4133,8.8472,0.2627,0,0.0000
222,0.0016,-0.5012,9.3470,8.7808,0.0665,0,0.0000
223,0.0015,-0.4291,9.6022,9.0371,0.2652,0,0.0000
224,0.0016,-0.4344,9.5359,8.9708,0.0665,0,0.0000
225,0.0015,-0.3576,9.7925,9.2289,0.2678,0,0.0000
226,0.0015,-0.3635,9.7263,9.1627,0.0664,0,0.0000
227,0.0015,-0.2819,9.9841,9.4227,0.2704,0,0.0000
228,0.0015,-0.2883,9.9180,9.3565,0.0664,0,0.0000
229,0.0015,-0.2017,10.1769,9.6185,0.2730,0,0.0000
230,0.0015,-0.2087,10.1110,9.5523,0.0663,0,0.0000
231,0.0014,-0.1172,10.3710,9.8162,0.2756,0,0.0000
232,0.0014,-0.1247,10.3052,9.7501,0.0662,0,0.0000
233,0.0014,-0.0282,10.5662,10.0158,0.2783,0,0.0000
234,0.0014,-0.0362,10.5005,9.9498,0.0662,0,0.0000
235,0.0014,0.0652,10.7625,10.2174,0.2809,0,0.0000
236,0.0014,0.0566,10.6969,10.1514,0.0661,0,0.0000
237,0.0013,0.1630,10.9597,10.4210,0.2835,0,0.0000
238,0.0013,0.1538,10.8943,10.3551,0.0660,0,0.0000
239,0.0012,0.2362,11.1593,10.6255,0.2775,0,0.0000
240,0.0012,0.2266,11.0941,10.5597,0.0660,0,0.0000
241,0.0010,0.2681,11.3626,10.8307,0.2717,0,0.0000
242,0.0010,0.2583,11.2974,10.7649,0.0659,0,0.0000
243,0.0008,0.2659,11.5692,11.0365,0.2719,0,0.0000
244,0.0008,0.2561,11.5040,10.9707,0.0659,0,0.0000
245,0.0006,0.2384,11.7784,11.2430,0.2750,0,0.0000
246,0.0006,0.2287,11.7132,11.1772,0.0659,0,0.0000
247,0.0004,0.1942,11.9894,11.4503,0.2784,0,0.0000
248,0.0004,0.1845,11.9242,11.3845,0.0660,0,0.0000
249,0.0003,0.1409,12.2017,11.6585,0.2809,0,0.0000
250,0.0003,0.1314,12.1364,11.5928,0.0660,0,0.0000
251,0.0002,0.0848,12.4148,11.8678,0.2823,0,0.0000
252,0.0001,0.0755,12.3494,11.8020,0.0660,0,0.0000
253,0.0001,0.0305,12.6285,12.0782,0.2826,0,0.0000
254,0.0001,0.0213,12.5631,12.0124,0.0660,0,0.0000
255,0.0000,-0.0189,12.8427,12.2898,0.2825,0,0.0000
256,0.0000,-0.0280,12.7773,12.2240,0.0660,0,0.0000
257,-0.0000,-0.0619,13.0576,12.5025,0.2823,0,0.0000
258,-0.0000,-0.0709,12.9922,12.4367,0.0661,0,0.0000
259,-0.0000,-0.0981,13.2732,12.7164,0.2823,0,0.0000
260,-0.0001,-0.1070,13.2077,12.6506,0.0661,0,0.0000
261,-0.0001,-0.1278,13.4895,12.9314,0.2826,0,0.0000
262,-0.0001,-0.1367,13.4241,12.8657,0.0661,0,0.0000
263,-0.0001,-0.1520,13.7067,13.1477,0.2831,0,0.0000
264,-0.0001,-0.1609,13.6413,13.0820,0.0661,0,0.0000
265,-0.0001,-0.1718,13.9249,13.3651,0.2838,0,0.0000
266,-0.0001,-0.1807,13.8594,13.2993,0.0661,0,0.0000
267,-0.0001,-0.1886,14.1440,13.5836,0.2847,0,0.0000
268,-0.0001,-0.1975,14.0786,13.5179,0.0661,0,0.0000
269,-0.0002,-0.2124,14.3644,13.8032,0.2863,0,0.0000
270,-0.0002,-0.2212,14.2990,13.7375,0.0661,0,0.0000
271,-0.0003,-0.2707,14.5868,14.0240,0.2921,0,0.0000
272,-0.0003,-0.2793,14.5213,13.9583,0.0661,0,0.0000
273,-0.0006,-0.3638,14.8107,14.2460,0.3015,0,0.0000
274,-0.0006,-0.3721,14.7451,14.1803,0.0661,0,0.0000
275,-0.0009,-0.4917,15.0354,14.4691,0.3140,0,0.0000
276,-0.0009,-0.4994,14.9696,14.4033,0.0662,0,0.0000
277,-0.0013,-0.6482,15.2600,14.6935,0.3263,0,0.0482
278,-0.0013,-0.6552,15.1941,14.6276,0.0663,0,0.0552
279,-0.0015,-0.8234,15.4842,14.9192,0.3353,0,0.2234
280,-0.0015,-0.8297,15.4181,14.8533,0.0664,0,0.2297
281,-0.0017,-1.0090,15.7077,15.1466,0.3406,0,0.4090
282,-0.0017,-1.0145,15.6415,15.0805,0.0664,0,0.4145
283,-0.0018,-1.1987,15.9306,15.3756,0.3428,0,0.5987
284,-0.0018,-1.2034,15.8642,15.3095,0.0665,0,0.6034
285,-0.0019,-1.3883,16.1531,15.6064,0.3430,0,0.7883
286,-0.0019,-1.3922,16.0867,15.5403,0.0666,0,0.7922
287,-0.0018,-1.5756,16.3756,15.8391,0.3422,0,0.9756
288,-0.0018,-1.5788,16.3091,15.7729,0.0666,0,0.9788
289,-0.0016,-1.7599,16.5984,16.0737,0.3413,0,1.1599
290,-0.0016,-1.7623,16.5318,16.0074,0.0666,0,1.1623
291,-0.0014,-1.9416,16.8214,16.3101,0.3407,0,1.3416
292,-0.0014,-1.9434,16.7548,16.2439,0.0666,0,1.3434
293,-0.0012,-2.1221,17.0449,16.5485,0.3407,0,1.5221
294,-0.0012,-2.1232,16.9782,16.4822,0.0667,0,1.5232
295,-0.0009,-2.3030,17.2687,16.7887,0.3416,0,1.7030
296,-0.0009,-2.3035,17.2020,16.7224,0.0667,0,1.7035
297,-0.0007,-2.4860,17.4926,17.0308,0.3431,0,1.8860
298,-0.0007,-2.4859,17.4259,16.9645,0.0667,0,1.8859
299,-0.0005,-2.6669,17.7172,17.2748,0.3430,0,2.0669
300,-0.0005,-2.6662,17.6506,17.2085,0.0667,0,2.0662
301,0.0000,-2.8057,17.9478,17.5207,0.3283,0,2.2057
302,0.0000,-2.8046,17.8812,17.4544,0.0667,0,2.2046
303,0.0004,-2.9314,18.1809,17.7680,0.3255,0,2.3314
304,0.0004,-2.9299,18.1143,17.7017,0.0667,0,2.3299
305,0.0007,-3.0584,18.4146,18.0166,0.3267,0,2.4584
306,0.0007,-3.0565,18.3480,17.9503,0.0666,0,2.4565
307,0.0009,-3.1861,18.6486,18.2661,0.3273,0,2.5861
308,0.0009,-3.1837,18.5820,18.1998,0.0666,0,2.5837
309,0.0010,-3.3113,18.8820,18.5151,0.3260,0,2.7113
310,0.0010,-3.3084,18.8155,18.4488,0.0666,0,2.7084
311,0.0011,-3.4341,19.1150,18.7637,0.3248,0,2.8341
312,0.0011,-3.4307,19.0485,18.6975,0.0666,0,2.8307
313,0.0009,-3.5705,19.3468,19.0138,0.3295,0,2.9705
314,0.0009,-3.5665,19.2804,18.9476,0.0665,0,2.9665
315,0.0004,-3.7274,19.5775,19.2665,0.3379,0,3.1274
316,0.0004,-3.7228,19.5112,19.2003,0.0665,0,3.1228
317,-0.0001,-3.9022,19.8076,19.5224,0.3465,0,3.3022
318,-0.0001,-3.8969,19.7414,19.4562,0.0665,0,3.2969
319,-0.0007,-4.0919,20.0377,19.7818,0.3547,0,3.4919
320,-0.0007,-4.0859,19.9716,19.7157,0.0664,0,3.4859
321,-0.0013,-4.2938,20.2683,20.0451,0.3623,0,3.6938
322,-0.0013,-4.2871,20.2023,19.9790,0.0663,0,3.6871
323,-0.0017,-4.5057,20.4997,20.3123,0.3691,0,3.9057
324,-0.0017,-4.4983,20.4339,20.2463,0.0662,0,3.8983
325,-0.0021,-4.7258,20.7323,20.5836,0.3753,0,4.1258
326,-0.0021,-4.7176,20.6667,20.5176,0.0662,0,4.1176
327,-0.0024,-4.9531,20.9661,20.8589,0.3809,0,4.3531
328,-0.0024,-4.9442,20.9006,20.7930,0.0661,0,4.3442
329,-0.0025,-5.1870,21.2010,21.1382,0.3862,0,4.5870
330,-0.0025,-5.1774,21.1357,21.0724,0.0660,0,4.5774
331,-0.0022,-5.3768,21.4479,21.4209,0.3704,0,4.7768
332,-0.0022,-5.3667,21.3829,21.3552,0.0659,0,4.7667
333,-0.0013,-5.5006,21.7124,21.7064,0.3558,0,4.9006
334,-0.0013,-5.4902,21.6474,21.6407,0.0658,0,4.8902
335,-0.0001,-5.5630,21.9938,21.9946,0.3540,0,4.9630
336,-0.0001,-5.5524,21.9289,21.9290,0.0658,0,4.9524
337,0.0013,-5.5677,22.2911,22.2854,0.3626,0,4.9677
338,0.0013,-5.5570,22.2262,22.2198,0.0658,0,4.9570
339,0.0027,-5.5187,22.6030,22.5788,0.3787,0,4.9187
340,0.0027,-5.5081,22.5381,22.5131,0.0658,0,4.9081
341,0.0039,-5.4309,22.9255,22.8750,0.3951,0,4.8309
342,0.0039,-5.4206,22.8605,22.8093,0.0658,0,4.8206
343,0.0046,-5.3241,23.2543,23.1744,0.4054,0,4.7241
344,0.0046,-5.3140,23.1892,23.1086,0.0659,0,4.7140
345,0.0050,-5.2136,23.5860,23.4773,0.4094,0,4.6136
346,0.0050,-5.2037,23.5209,23.4115,0.0659,0,4.6037
347,0.0049,-5.1104,23.9190,23.7841,0.4089,0,4.5104
348,0.0049,-5.1007,23.8537,23.7182,0.0659,0,4.5007
349,0.0045,-5.0212,24.2522,24.0948,0.4063,0,4.4212
350,0.0045,-5.0117,24.1869,24.0289,0.0660,0,4.4117
351,0.0039,-4.9491,24.5856,24.4097,0.4035,0,4.3491
352,0.0039,-4.9397,24.5202,24.3437,0.0660,0,4.3397
353,0.0058,-4.8278,24.9260,24.7237,0.4209,0,4.2278
354,0.0058,-4.8187,24.8606,24.6577,0.0660,0,4.2187
355,0.0066,-4.5127,25.2848,25.0261,0.5231,0,3.9127
356,0.0066,-4.5044,25.2192,24.9600,0.0661,0,3.9044
357,0.0069,-4.2075,25.6405,25.3322,0.5154,0,3.6075
358,0.0069,-4.1999,25.5747,25.2659,0.0662,0,3.5999
359,0.0069,-3.9089,25.9939,25.6417,0.5103,0,3.3089
360,0.0069,-3.9021,25.9279,25.5754,0.0663,0,3.3021
361,0.0069,-3.6041,26.3496,25.9575,0.5163,0,3.0041
362,0.0068,-3.5913,26.2862,25.8931,0.0646,0,2.9913
363,0.0067,-3.2916,26.7063,26.2779,0.5160,0,2.6916
364,0.0067,-3.2775,26.6432,26.2137,0.0646,0,2.6775
365,0.0065,-2.9721,27.0624,26.6018,0.5187,0,2.3721
366,0.0065,-2.9586,26.9991,26.5376,0.0647,0,2.3586
367,0.0063,-2.6443,27.4176,26.9288,0.5234,0,2.0443
368,0.0063,-2.6316,27.3541,26.8645,0.0647,0,2.0316
369,0.0061,-2.3059,27.7719,27.2587,0.5297,0,1.7059
370,0.0061,-2.2939,27.7082,27.1944,0.0648,0,1.6939
371,0.0058,-1.9550,28.1249,27.5916,0.5371,0,1.3550
372,0.0058,-1.9438,28.0611,27.5273,0.0648,0,1.3438
373,0.0056,-1.5906,28.4765,27.9274,0.5452,0,0.9906
374,0.0056,-1.5801,28.4125,27.8631,0.0648,0,0.9801
375,0.0054,-1.2122,28.8261,28.2661,0.5536,0,0.6122
376,0.0054,-1.2024,28.7620,28.2018,0.0649,0,0.6024
377,0.0052,-0.8195,29.1735,28.6077,0.5620,0,0.2195
378,0.0052,-0.8105,29.1092,28.5434,0.0649,0,0.2105
379,0.0046,-0.5039,29.5182,28.9517,0.5111,0,0.0000
380,0.0046,-0.4955,29.4539,28.8874,0.0649,0,0.0000
381,0.0035,-0.3264,29.8634,29.2980,0.4430,0,0.0000
382,0.0035,-0.3183,29.7991,29.2338,0.0649,0,0.0000
383,0.0024,-0.2602,30.2113,29.6466,0.4163,0,0.0000
384,0.0024,-0.2522,30.1469,29.5823,0.0649,0,0.0000
385,0.0013,-0.2751,30.5621,29.9972,0.4158,0,0.0000
386,0.0013,-0.2669,30.4978,29.9330,0.0649,0,0.0000
387,0.0004,-0.3416,30.9156,30.3500,0.4244,0,0.0000
388,0.0004,-0.3332,30.8513,30.2858,0.0649,0,0.0000
389,-0.0003,-0.4342,31.2711,30.7049,0.4318,0,0.0000
390,-0.0003,-0.4257,31.2068,30.6407,0.0649,0,0.0000
391,-0.0008,-0.5329,31.6285,31.0619,0.4351,0,0.0000
392,-0.0008,-0.5241,31.5642,30.9977,0.0649,0,0.0000
393,0.0992,-0.6188,31.9864,31.4199,0.4441,0,0.0188
394,0.0992,-0.6099,31.9222,31.3557,0.0649,0,0.0099
395,0.2909,-0.6842,32.3440,31.7788,0.4693,0,0.0842
396,0.2909,-0.6751,32.2798,31.7145,0.0649,0,0.0751
397,0.5402,-0.7265,32.7005,32.1387,0.4918,0,0.1265
398,0.5401,-0.7173,32.6363,32.0744,0.0649,0,0.1173
399,0.8257,-0.7458,33.0555,32.4997,0.5080,0,0.1458
400,0.8256,-0.7365,32.9913,32.4355,0.0649,0,0.1365
401,1.1341,-0.7442,33.4087,32.8619,0.5191,0,0.1442
402,1.1339,-0.7349,33.3445,32.7977,0.0649,0,0.1349
403,1.4574,-0.7251,33.7597,33.2253,0.5264,0,0.1251
404,1.4571,-0.7158,33.6955,33.1611,0.0649,0,0.1158
405,1.7906,-0.6929,34.1086,33.5899,0.5314,0,0.0929
406,1.7903,-0.6836,34.0444,33.5257,0.0649,0,0.0836
407,2.1311,-0.6518,34.4553,33.9556,0.5347,0,0.0518
408,2.1308,-0.6425,34.3911,33.8915,0.0649,0,0.0425
409,2.4774,-0.6059,34.7996,34.3225,0.5370,0,0.0059
410,2.4771,-0.5966,34.7354,34.2584,0.0649,0,0.0000
411,2.8292,-0.5585,35.1415,34.6905,0.5388,0,0.0000
412,2.8288,-0.5492,35.0773,34.6265,0.0649,0,0.0000
413,3.1863,-0.5121,35.4810,35.0595,0.5404,0,0.0000
414,3.1859,-0.5029,35.4167,34.9955,0.0649,0,0.0000
415,3.5491,-0.4685,35.8177,35.4295,0.5421,0,0.0000
416,3.5488,-0.4593,35.7535,35.3656,0.0649,0,0.0000
417,3.9183,-0.4286,36.1517,35.8005,0.5441,0,0.0000
418,3.9180,-0.4195,36.0875,35.7367,0.0649,0,0.0000
419,4.2945,-0.3926,36.4826,36.1723,0.5465,0,0.0000
420,4.2943,-0.3835,36.4183,36.1086,0.0649,0,0.0000
421,4.6790,-0.3602,36.8101,36.5450,0.5496,0,0.0000
422,4.6787,-0.3511,36.7459,36.4813,0.0649,0,0.0000
423,5.0727,-0.3306,37.1340,36.9184,0.5534,0,0.0000
424,5.0724,-0.3215,37.0697,36.8548,0.0649,0,0.0000
425,5.4771,-0.3026,37.4536,37.2925,0.5581,0,0.0000
426,5.4768,-0.2936,37.3893,37.2290,0.0649,0,0.0000
427,5.8932,-0.2753,37.7685,37.6671,0.5635,0,0.0000
428,5.8930,-0.2662,37.7043,37.6037,0.0649,0,0.0000
429,6.4178,-0.2280,38.0595,38.0400,0.6349,0,0.0000
430,6.4175,-0.2190,37.9953,37.9767,0.0649,0,0.0000
431,7.0385,-0.1621,38.3245,38.4108,0.7052,0,0.0000
432,7.0383,-0.1531,38.2603,38.3477,0.0649,0,0.0000
433,7.7194,-0.0838,38.5671,38.7799,0.7502,0,0.0000
434,7.7191,-0.0749,38.5027,38.7170,0.0649,0,0.0000
435,8.4378,0.0022,38.7894,39.1476,0.7776,0,0.0000
436,8.4375,0.0111,38.7251,39.0849,0.0649,0,0.0000
437,9.1799,0.0928,38.9931,39.5138,0.7935,0,0.0000
438,9.1795,0.1017,38.9288,39.4513,0.0649,0,0.0000
439,9.9373,0.1854,39.1792,39.8785,0.8025,0,0.0000
440,9.9369,0.1942,39.1149,39.8163,0.0650,0,0.0000
441,10.7053,0.2779,39.3484,40.2417,0.8075,0,0.0000
442,10.7049,0.2866,39.2840,40.1797,0.0650,0,0.0000
443,11.4814,0.3685,39.5007,40.6032,0.8104,0,0.0000
444,11.4810,0.3772,39.4363,40.5415,0.0650,0,0.0000
445,12.2646,0.4559,39.6362,40.9629,0.8125,0,0.0000
446,12.2641,0.4645,39.5718,40.9016,0.0650,0,0.0000
447,13.0546,0.5392,39.7545,41.3207,0.8148,0,0.0000
448,13.0542,0.5478,39.6900,41.2597,0.0650,0,0.0000
449,13.8520,0.6181,39.8549,41.6764,0.8177,0,0.0000
450,13.8515,0.6266,39.7904,41.6158,0.0650,0,0.0000
451,14.6576,0.6928,39.9367,42.0299,0.8219,0,0.0000
452,14.6571,0.7012,39.8722,41.9696,0.0651,0,0.0000
453,15.4725,0.7639,39.9987,42.3809,0.8275,0,0.0000
454,15.4721,0.7722,39.9341,42.3209,0.0651,0,0.0000
455,16.2983,0.8326,40.0394,42.7292,0.8351,0,0.0000
456,16.2978,0.8409,39.9749,42.6697,0.0651,0,0.0000
457,17.1365,0.9008,40.0573,43.0746,0.8449,0,0.0000
458,17.1361,0.9089,39.9927,43.0155,0.0651,0,0.0000
459,17.9893,0.9704,40.0501,43.4168,0.8573,0,0.0000
460,17.9889,0.9785,39.9855,43.3581,0.0651,0,0.0000
461,18.8849,1.0568,40.0011,43.7545,0.8996,0,0.0000
462,18.8845,1.0648,39.9364,43.6963,0.0652,0,0.0000
463,19.8833,1.1917,39.8719,44.0846,1.0089,0,0.0000
464,19.8829,1.1995,39.8071,44.0270,0.0652,0,0.0000
465,20.9398,1.3552,39.6789,44.4079,1.0760,0,0.0000
466,20.9394,1.3629,39.6141,44.3510,0.0652,0,0.0000
467,22.0271,1.5336,39.4327,44.7248,1.1159,0,0.0000
468,22.0267,1.5411,39.3679,44.6687,0.0653,0,0.0000
469,23.1286,1.7172,39.1400,45.0355,1.1389,0,0.0000
470,23.1282,1.7246,39.0751,44.9801,0.0653,0,0.0000
471,24.2330,1.8983,38.8058,45.3399,1.1504,0,0.0000
472,24.2326,1.9055,38.7409,45.2853,0.0654,0,0.0000
473,25.3325,2.0704,38.4346,45.6381,1.1536,0,0.0000
474,25.3321,2.0775,38.3695,45.5844,0.0654,0,0.0000
475,26.4224,2.2292,38.0290,45.9301,1.1523,0,0.0000
476,26.4220,2.2361,37.9639,45.8772,0.0654,0,0.0000
477,27.5001,2.3721,37.5910,46.2156,1.1488,0,0.0000
478,27.4997,2.3788,37.5258,46.1636,0.0655,0,0.0000
479,28.5640,2.4978,37.1216,46.4946,1.1448,0,0.0000
480,28.5636,2.5043,37.0564,46.4436,0.0655,0,0.0000
481,29.6134,2.6066,36.6212,46.7671,1.1410,0,0.0000
482,29.6130,2.6129,36.5559,46.7170,0.0656,0,0.0000
483,30.6479,2.6999,36.0899,47.0327,1.1383,0,0.0000
484,30.6476,2.7060,36.0246,46.9836,0.0656,0,0.0000
485,31.6673,2.7801,35.5274,47.2915,1.1369,0,0.0000
486,31.6669,2.7860,35.4620,47.2434,0.0657,0,0.0000
487,32.6713,2.8502,34.9329,47.5432,1.1370,0,0.0000
488,32.6710,2.8559,34.8675,47.4961,0.0657,0,0.0000
489,33.6601,2.9138,34.3055,47.7875,1.1390,0,0.0000
490,33.6598,2.9192,34.2400,47.7415,0.0657,0,0.0000
491,34.6333,2.9744,33.6440,48.0244,1.1427,0,0.0000
492,34.6331,2.9796,33.5784,47.9795,0.0658,0,0.0000
493,35.5887,3.0333,32.9500,48.2537,1.1450,0,0.0000
494,35.5885,3.0383,32.8843,48.2099,0.0658,0,0.0000
495,36.5238,3.0914,32.2252,48.4755,1.1455,0,0.0000
496,36.5236,3.0962,32.1595,48.4328,0.0659,0,0.0000
497,37.4369,3.1495,31.4712,48.6895,1.1448,0,0.0000
498,37.4368,3.1541,31.4055,48.6480,0.0659,0,0.0000
499,38.3266,3.2082,30.6892,48.8958,1.1436,0,0.0000
500,38.3265,3.2125,30.6234,48.8555,0.0660,0,0.0000
501,39.1919,3.2680,29.8803,49.0942,1.1420,0,0.0000
502,39.1917,3.2721,29.8144,49.0551,0.0660,0,0.0000
503,39.9803,3.2624,29.1325,49.2884,1.0425,0,0.0000
504,39.9802,3.2662,29.0666,49.2504,0.0661,0,0.0000
505,40.6982,3.1957,28.4486,49.4787,0.9499,0,0.0000
506,40.6981,3.1993,28.3826,49.4418,0.0661,0,0.0000
507,41.3638,3.0929,27.8063,49.6648,0.8869,0,0.0000
508,41.3637,3.0963,27.7403,49.6288,0.0662,0,0.0000
509,41.9885,2.9725,27.1915,49.8464,0.8407,0,0.0000
510,41.9884,2.9758,27.1254,49.8114,0.0662,0,0.0000
511,42.5794,2.8488,26.5947,50.0235,0.8043,0,0.0000
512,42.5794,2.8519,26.5286,49.9894,0.0662,0,0.0000
513,43.1414,2.7322,26.0101,50.1961,0.7740,0,0.0000
514,43.1415,2.7351,25.9439,50.1628,0.0663,0,0.0000
515,43.6779,2.6302,25.4336,50.3642,0.7477,0,0.0000
516,43.6779,2.6329,25.3673,50.3317,0.0663,0,0.0000
517,44.1912,2.5476,24.8626,50.5277,0.7248,0,0.0000
518,44.1912,2.5501,24.7964,50.4961,0.0663,0,0.0000
519,44.6832,2.4869,24.2954,50.6869,0.7049,0,0.0000
520,44.6833,2.4892,24.2291,50.6561,0.0663,0,0.0000
521,45.1555,2.4488,23.7306,50.8417,0.6879,0,0.0000
522,45.1556,2.4509,23.6643,50.8118,0.0664,0,0.0000
523,45.6096,2.4323,23.1672,50.9922,0.6734,0,0.0000
524,45.6097,2.4343,23.1008,50.9630,0.0664,0,0.0000
525,46.0464,2.4355,22.6041,51.1384,0.6614,0,0.0000
526,46.0465,2.4373,22.5377,51.1100,0.0664,0,0.0000
527,46.4672,2.4556,22.0407,51.2803,0.6514,0,0.0000
528,46.4673,2.4573,21.9742,51.2527,0.0665,0,0.0000
529,46.8729,2.4893,21.4759,51.4179,0.6433,0,0.0000
530,46.8730,2.4908,21.4094,51.3911,0.0665,0,0.0000
531,47.2643,2.5332,20.9088,51.5512,0.6368,0,0.0000
532,47.2644,2.5345,20.8423,51.5252,0.0665,0,0.0000
533,47.6424,2.5840,20.3384,51.6803,0.6318,0,0.0000
534,47.6425,2.5851,20.2719,51.6550,0.0665,0,0.0000
535,48.0078,2.6389,19.7637,51.8050,0.6282,0,0.0000
536,48.0079,2.6398,19.6971,51.7805,0.0666,0,0.0000
537,48.3612,2.6955,19.1832,51.9253,0.6261,0,0.0000
538,48.3614,2.6962,19.1166,51.9017,0.0666,0,0.0000
539,48.7034,2.7520,18.5957,52.0413,0.6257,0,0.0000
540,48.7036,2.7525,18.5290,52.0185,0.0666,0,0.0000
541,49.0349,2.8072,17.9994,52.1528,0.6271,0,0.0000
542,49.0351,2.8075,17.9328,52.1308,0.0666,0,0.0000
543,49.3559,2.8608,17.3926,52.2598,0.6305,0,0.0000
544,49.3561,2.8610,17.3259,52.2386,0.0667,0,0.0000
545,49.6669,2.9129,16.7732,52.3621,0.6362,0,0.0000
546,49.6671,2.9129,16.7065,52.3417,0.0667,0,0.0000
547,49.9680,2.9644,16.1388,52.4594,0.6446,0,0.0000
548,49.9683,2.9642,16.0721,52.4399,0.0667,0,0.0000
549,50.2595,3.0164,15.4866,52.5518,0.6559,0,0.0000
550,50.2597,3.0160,15.4199,52.5331,0.0667,0,0.0000
551,50.5412,3.0707,14.8137,52.6389,0.6707,0,0.0000
552,50.5416,3.0681,14.7467,52.6211,0.0670,0,0.0000
553,50.8140,3.1052,14.1176,52.7201,0.6865,0,0.0000
554,50.8160,3.0690,14.0509,52.7025,0.0760,0,0.0000
555,51.0289,2.9260,13.6738,52.8031,0.4561,0,0.0000
556,51.0295,2.9151,13.6071,52.7865,0.0676,0,0.0000
557,51.1934,2.5995,13.4630,52.8896,0.3837,0,0.0000
558,51.1942,2.5831,13.3963,52.8732,0.0687,0,0.0000
559,51.3257,2.1746,13.3978,52.9779,0.4292,0,0.0000
560,51.3266,2.1527,13.3311,52.9615,0.0702,0,0.0000
561,51.4347,1.7074,13.4242,53.0675,0.4676,0,0.0000
562,51.4355,1.6801,13.3575,53.0510,0.0721,0,0.0000
563,51.5259,1.2379,13.5086,53.1581,0.4760,0,0.0000
564,51.5267,1.2052,13.4419,53.1416,0.0743,0,0.0000
565,51.6038,0.7939,13.6305,53.2499,0.4590,0,0.0000
566,51.6044,0.7558,13.5637,53.2332,0.0769,0,0.0000
567,51.6718,0.3935,13.7770,53.3429,0.4258,0,0.0000
568,51.6722,0.3499,13.7102,53.3261,0.0797,0,0.0000
569,51.7328,0.0466,13.9404,53.4374,0.3855,0,0.0000
570,51.7330,-0.0024,13.8736,53.4204,0.0828,0,0.0000
571,51.7891,-0.2430,14.1158,53.5333,0.3460,0,0.0000
572,51.7892,-0.2974,14.0490,53.5162,0.0862,0,0.0000
573,51.8426,-0.4770,14.3004,53.6310,0.3135,0,0.0000
574,51.8425,-0.5369,14.2335,53.6138,0.0897,0,0.0000
575,51.8944,-0.6611,14.4924,53.7304,0.2917,0,0.0611
576,51.8943,-0.7264,14.4255,53.7132,0.0935,0,0.1264
577,51.9456,-0.8037,14.6907,53.8319,0.2810,0,0.2037
578,51.9455,-0.8745,14.6238,53.8147,0.0974,0,0.2745
579,51.9967,-0.9150,14.8947,53.9356,0.2786,0,0.3150
580,51.9966,-0.9912,14.8278,53.9183,0.1014,0,0.3912
581,52.0479,-0.9941,15.1040,54.0414,0.2809,0,0.3941
582,52.0479,-0.9940,15.0373,54.0235,0.0667,0,0.3940
583,52.0991,-0.9091,15.3186,54.1482,0.2983,0,0.3091
584,52.0991,-0.9088,15.2520,54.1301,0.0667,0,0.3088
585,52.1501,-0.8134,15.5380,54.2570,0.3059,0,0.2134
586,52.1501,-0.8132,15.4714,54.2386,0.0667,0,0.2132
587,52.2009,-0.7159,15.7619,54.3677,0.3106,0,0.1159
588,52.2009,-0.7157,15.6952,54.3491,0.0667,0,0.1157
589,52.2516,-0.6238,15.9900,54.4804,0.3129,0,0.0238
590,52.2516,-0.6236,15.9233,54.4615,0.0667,0,0.0236
591,52.3023,-0.5425,16.2222,54.5951,0.3138,0,0.0000
592,52.3023,-0.5423,16.1555,54.5760,0.0667,0,0.0000
593,52.3529,-0.4755,16.4582,54.7118,0.3140,0,0.0000
594,52.3529,-0.4753,16.3915,54.6925,0.0667,0,0.0000
595,52.4038,-0.4248,16.6977,54.8307,0.3145,0,0.0000
596,52.4038,-0.4246,16.6310,54.8111,0.0667,0,0.0000
597,52.4550,-0.3908,16.9405,54.9516,0.3155,0,0.0000
598,52.4550,-0.3906,16.8739,54.9318,0.0667,0,0.0000
599,52.5066,-0.3727,17.1864,55.0746,0.3172,0,0.0000
600,52.5066,-0.3725,17.1197,55.0545,0.0667,0,0.0000
601,52.5588,-0.3688,17.4349,55.1998,0.3195,0,0.0000
602,52.5588,-0.3686,17.3683,55.1795,0.0667,0,0.0000
603,52.6115,-0.3766,17.6859,55.3271,0.3221,0,0.0000
604,52.6115,-0.3764,17.6192,55.3065,0.0667,0,0.0000
605,52.6649,-0.3934,17.9390,55.4566,0.3246,0,0.0000
606,52.6649,-0.3932,17.8723,55.4357,0.0667,0,0.0000
607,52.7191,-0.4163,18.1938,55.5882,0.3268,0,0.0000
608,52.7191,-0.4161,18.1271,55.5671,0.0667,0,0.0000
609,52.7742,-0.4423,18.4499,55.7221,0.3285,0,0.0000
610,52.7742,-0.4421,18.3832,55.7007,0.0667,0,0.0000
611,52.8303,-0.4689,18.7071,55.8581,0.3297,0,0.0000
612,52.8302,-0.4687,18.6404,55.8365,0.0667,0,0.0000
613,52.8874,-0.4938,18.9647,55.9963,0.3303,0,0.0000
614,52.8874,-0.4936,18.8980,55.9744,0.0667,0,0.0000
615,52.9460,-0.5152,19.2224,56.1366,0.3303,0,0.0000
616,52.9460,-0.5150,19.1558,56.1145,0.0667,0,0.0000
617,53.0060,-0.5316,19.4796,56.2791,0.3298,0,0.0000
618,53.0060,-0.5314,19.4130,56.2568,0.0667,0,0.0000
619,53.0677,-0.5421,19.7358,56.4238,0.3288,0,0.0000
620,53.0677,-0.5419,19.6691,56.4011,0.0667,0,0.0000
621,53.1315,-0.5461,19.9901,56.5705,0.3273,0,0.0000
622,53.1315,-0.5459,19.9234,56.5477,0.0667,0,0.0000
623,53.1975,-0.5434,20.2417,56.7193,0.3251,0,0.0000
624,53.1975,-0.5432,20.1750,56.6962,0.0667,0,0.0000
625,53.2661,-0.5341,20.4901,56.8702,0.3226,0,0.0000
626,53.2661,-0.5339,20.4234,56.8469,0.0667,0,0.0000
627,53.3681,-0.4553,20.6462,57.0207,0.2573,0,0.0000
628,53.3680,-0.4551,20.5796,56.9972,0.0667,0,0.0000
629,53.4991,-0.3206,20.7222,57.1706,0.2359,0,0.0000
630,53.4991,-0.3204,20.6556,57.1471,0.0667,0,0.0000
631,53.6472,-0.1592,20.7511,57.3204,0.2388,0,0.0000
632,53.6472,-0.1590,20.6844,57.2970,0.0667,0,0.0000
633,53.8050,0.0086,20.7529,57.4702,0.2401,0,0.0000
634,53.8049,0.0088,20.6862,57.4468,0.0667,0,0.0000
635,53.9679,0.1690,20.7397,57.6201,0.2347,0,0.0000
636,53.9679,0.1692,20.6731,57.5968,0.0667,0,0.0000
637,54.1335,0.3129,20.7189,57.7701,0.2240,0,0.0000
638,54.1335,0.3131,20.6522,57.7468,0.0667,0,0.0000
639,54.3005,0.4344,20.6944,57.9201,0.2107,0,0.0000
640,54.3005,0.4346,20.6277,57.8969,0.0667,0,0.0000
641,54.4681,0.5308,20.6684,58.0701,0.1975,0,0.0000
642,54.4681,0.5310,20.6018,58.0470,0.0667,0,0.0000
643,54.6362,0.6015,20.6421,58.2201,0.1866,0,0.0000
644,54.6362,0.6017,20.5754,58.1971,0.0667,0,0.0000
645,54.8046,0.6477,20.6155,58.3700,0.1792,0,0.0000
646,54.8046,0.6479,20.5488,58.3471,0.0667,0,0.0000
647,54.9735,0.6723,20.5884,58.5198,0.1752,0,0.0000
648,54.9735,0.6725,20.5218,58.4971,0.0667,0,0.0000
649,55.1429,0.6789,20.5603,58.6696,0.1739,0,0.0000
650,55.1429,0.6791,20.4936,58.6469,0.0667,0,0.0000
651,55.3130,0.6720,20.5300,58.8191,0.1741,0,0.0000
652,55.3130,0.6722,20.4634,58.7965,0.0667,0,0.0000
653,55.4842,0.6563,20.4966,58.9684,0.1751,0,0.0000
654,55.4842,0.6565,20.4299,58.9459,0.0667,0,0.0000
655,55.6565,0.6364,20.4587,59.1174,0.1759,0,0.0000
656,55.6565,0.6366,20.3920,59.0950,0.0667,0,0.0000
657,55.8305,0.6168,20.4147,59.2661,0.1766,0,0.0000
658,55.8305,0.6170,20.3480,59.2438,0.0667,0,0.0000
659,56.0065,0.6016,20.3627,59.4143,0.1773,0,0.0000
660,56.0065,0.6018,20.2960,59.3921,0.0667,0,0.0000
661,56.1851,0.5943,20.3007,59.5619,0.1788,0,0.0000
662,56.1851,0.5945,20.2340,59.5399,0.0667,0,0.0000
663,56.3669,0.5981,20.2259,59.7089,0.1820,0,0.0000
664,56.3669,0.5982,20.1593,59.6869,0.0667,0,0.0000
665,56.5527,0.6155,20.1354,59.8550,0.1881,0,0.0000
666,56.5527,0.6157,20.0687,59.8332,0.0667,0,0.0000
667,56.7814,0.7432,19.8971,59.9966,0.3131,0,0.0000
668,56.7814,0.7434,19.8304,59.9751,0.0667,0,0.0000
669,57.1308,1.1872,19.2168,60.1245,0.8340,0,0.0000
670,57.1308,1.1873,19.1502,60.1038,0.0667,0,0.0000
671,57.5356,1.8102,18.2523,60.2406,1.1654,0,0.0000
672,57.5356,1.8103,18.1856,60.2211,0.0667,0,0.0000
673,57.9518,2.5141,17.1064,60.3462,1.3539,0,0.0000
674,57.9518,2.5142,17.0397,60.3280,0.0667,0,0.0000
675,58.3532,3.2271,15.8461,60.4416,1.4471,0,0.0000
676,58.3531,3.2272,15.7795,60.4248,0.0667,0,0.0000
677,58.7264,3.8994,14.5123,60.5269,1.4822,0,0.0000
678,58.7264,3.8995,14.4456,60.5116,0.0667,0,0.0000
679,59.0662,4.4963,13.1296,60.6020,1.4844,0,0.0000
680,59.0662,4.4964,13.0630,60.5882,0.0667,0,0.0000
681,59.3709,4.9958,11.7134,60.6668,1.4709,0,0.0000
682,59.3709,4.9960,11.6467,60.6545,0.0667,0,0.0000
683,59.6406,5.3860,10.2730,60.7210,1.4533,0,0.0000
684,59.6406,5.3862,10.2063,60.7104,0.0667,0,0.0000
685,59.8756,5.6636,8.8147,60.7646,1.4383,0,0.0000
686,59.8756,5.6637,8.7480,60.7556,0.0667,0,0.0000
687,60.0754,5.8324,7.3428,60.7975,1.4294,0,0.0000
688,60.0754,5.8325,7.2761,60.7901,0.0667,0,0.0000
689,60.2390,5.9024,5.8606,60.8196,1.4267,0,0.0000
690,60.2390,5.9025,5.7939,60.8139,0.0667,0,0.0000
691,60.3644,5.8874,4.3708,60.8310,1.4287,0,0.0000
692,60.3644,5.8875,4.3042,60.8268,0.0667,0,0.0000
693,60.4494,5.8039,2.8760,60.8314,1.4331,0,0.0000
694,60.4494,5.8039,2.8094,60.8289,0.0667,0,0.0000
695,60.4917,5.6695,1.3785,60.8211,1.4378,0,0.0000
696,60.4917,5.6695,1.3118,60.8202,0.0667,0,0.0000
697,60.4892,5.5014,-0.1197,60.7999,1.4413,0,0.0000
698,60.4892,5.5014,-0.1864,60.8007,0.0667,0,0.0000
699,60.4401,5.3155,-1.6161,60.7680,1.4426,0,0.0000
700,60.4401,5.3155,-1.6828,60.7704,0.0667,0,0.0000
701,60.3431,5.1256,-3.1085,60.7254,1.4416,0,0.0000
702,60.3431,5.1257,-3.0418,60.7214,0.0667,0,0.0000
703,60.2070,4.9396,-4.3223,60.6586,1.3011,0,0.0000
704,60.2070,4.9397,-4.2556,60.6532,0.0667,0,0.0000
705,60.0332,4.7604,-5.5154,60.5781,1.2842,0,0.0000
706,60.0332,4.7605,-5.4487,60.5714,0.0667,0,0.0000
707,59.8234,4.5915,-6.6826,60.4842,1.2630,0,0.0000
708,59.8234,4.5916,-6.6160,60.4762,0.0667,0,0.0000
709,59.5794,4.4353,-7.8214,60.3772,1.2398,0,0.0000
710,59.5794,4.4354,-7.7547,60.3680,0.0667,0,0.0000
711,59.3027,4.2937,-8.9305,60.2574,1.2162,0,0.0000
712,59.3027,4.2937,-8.8639,60.2469,0.0667,0,0.0000
713,58.9952,4.1671,-10.0099,60.1250,1.1933,0,0.0000
714,58.9952,4.1671,-9.9433,60.1133,0.0667,0,0.0000
715,58.6583,4.0553,-11.0601,59.9804,1.1719,0,0.0000
716,58.6583,4.0554,-10.9934,59.9675,0.0667,0,0.0000
717,58.2934,3.9574,-12.0819,59.8237,1.1522,0,0.0000
718,58.2934,3.9575,-12.0152,59.8096,0.0667,0,0.0000
719,57.9018,3.8719,-13.0766,59.6552,1.1345,0,0.0000
720,57.9018,3.8720,-13.0099,59.6400,0.0667,0,0.0000
721,57.4844,3.7971,-14.0455,59.4751,1.1190,0,0.0000
722,57.4843,3.7971,-13.9788,59.4588,0.0667,0,0.0000
723,57.0420,3.7310,-14.9900,59.2837,1.1057,0,0.0000
724,57.0420,3.7310,-14.9234,59.2662,0.0667,0,0.0000
725,56.5754,3.6720,-15.9118,59.0809,1.0947,0,0.0000
726,56.5754,3.6720,-15.8452,59.0624,0.0667,0,0.0000
727,56.0849,3.6186,-16.8125,58.8672,1.0859,0,0.0000
728,56.0849,3.6186,-16.7458,58.8475,0.0667,0,0.0000
729,55.5708,3.5694,-17.6938,58.6424,1.0795,0,0.0000
730,55.5708,3.5694,-17.6271,58.6217,0.0667,0,0.0000
731,55.0329,3.5236,-18.5574,58.4068,1.0755,0,0.0000
732,55.0329,3.5236,-18.4907,58.3850,0.0667,0,0.0000
733,54.4712,3.4805,-19.4052,58.1604,1.0741,0,0.0000
734,54.4712,3.4805,-19.3385,58.1375,0.0667,0,0.0000
735,53.8849,3.4398,-20.2391,57.9032,1.0753,0,0.0000
736,53.8849,3.4398,-20.1725,57.8793,0.0667,0,0.0000
737,53.2734,3.4016,-21.0611,57.6353,1.0794,0,0.0000
738,53.2734,3.4016,-20.9945,57.6103,0.0667,0,0.0000
739,52.6356,3.3661,-21.8733,57.3566,1.0865,0,0.0000
740,52.6356,3.3661,-21.8067,57.3306,0.0667,0,0.0000
741,51.9701,3.3336,-22.6779,57.0672,1.0969,0,0.0000
742,51.9701,3.3336,-22.6113,57.0401,0.0667,0,0.0000
743,51.2751,3.3047,-23.4773,56.7669,1.1108,0,0.0000
744,51.2751,3.3047,-23.4106,56.7387,0.0667,0,0.0000
745,50.5485,3.2800,-24.2738,56.4557,1.1285,0,0.0000
746,50.5485,3.2800,-24.2072,56.4264,0.0667,0,0.0000
747,49.7878,3.2601,-25.0702,56.1335,1.1506,0,0.0000
748,49.7878,3.2600,-25.0035,56.1031,0.0667,0,0.0000
749,48.9899,3.2455,-25.8691,55.8000,1.1774,0,0.0000
750,48.9899,3.2455,-25.8025,55.7685,0.0667,0,0.0000
751,48.1529,3.2349,-26.6707,55.4552,1.2060,0,0.0000
752,48.1529,3.2349,-26.6040,55.4225,0.0667,0,0.0000
753,47.6193,2.8734,-26.9570,55.1109,0.7349,0,0.0000
754,47.6193,2.8734,-26.8904,55.0776,0.0667,0,0.0000
755,47.3625,2.2334,-26.7937,54.7706,0.6964,0,0.0000
756,47.3625,2.2335,-26.7270,54.7373,0.0667,0,0.0000
757,47.2628,1.4674,-26.3604,54.4345,0.8551,0,0.0000
758,47.2628,1.4675,-26.2937,54.4015,0.0667,0,0.0000
759,47.2461,0.6739,-25.7645,54.1031,0.9540,0,0.0000
760,47.2461,0.6740,-25.6978,54.0707,0.0667,0,0.0000
761,47.2695,-0.0823,-25.0713,53.7771,0.9824,0,0.0000
762,47.2695,-0.0823,-25.0046,53.7454,0.0667,0,0.0000
763,47.3104,-0.7588,-24.3205,53.4572,0.9630,0,0.1588
764,47.3104,-0.7588,-24.2538,53.4262,0.0667,0,0.1588
765,47.3581,-1.3291,-23.5364,53.1439,0.9178,0,0.7291
766,47.3581,-1.3292,-23.4697,53.1137,0.0667,0,0.7292
767,47.4083,-1.7794,-22.7334,52.8378,0.8645,0,1.1794
768,47.4083,-1.7795,-22.6668,52.8085,0.0667,0,1.1795
769,47.4599,-2.1058,-21.9204,52.5393,0.8162,0,1.5058
770,47.4599,-2.1059,-21.8537,52.5108,0.0667,0,1.5059
771,47.5127,-2.3122,-21.1022,52.2488,0.7811,0,1.7122
772,47.5127,-2.3124,-21.0355,52.2211,0.0667,0,1.7124
773,47.5667,-2.4089,-20.2817,51.9665,0.7619,0,1.8089
774,47.5666,-2.4091,-20.2150,51.9398,0.0667,0,1.8091
775,47.6211,-2.4108,-19.4606,51.6928,0.7564,0,1.8108
776,47.6211,-2.4111,-19.3940,51.6670,0.0667,0,1.8111
777,47.6752,-2.3357,-18.6399,51.4279,0.7598,0,1.7357
778,47.6752,-2.3360,-18.5732,51.4030,0.0667,0,1.7360
779,47.7278,-2.2029,-17.8200,51.1721,0.7667,0,1.6029
780,47.7278,-2.2031,-17.7533,51.1481,0.0667,0,1.6031
781,47.7778,-2.0315,-17.0012,50.9255,0.7730,0,1.4315
782,47.7778,-2.0318,-16.9345,50.9025,0.0667,0,1.4318
783,47.8246,-1.8399,-16.1837,50.6883,0.7763,0,1.2399
784,47.8246,-1.8401,-16.1171,50.6664,0.0667,0,1.2401
785,47.8676,-1.6440,-15.3676,50.4609,0.7759,0,1.0440
786,47.8676,-1.6442,-15.3010,50.4399,0.0667,0,1.0442
787,47.9067,-1.4572,-14.5529,50.2433,0.7721,0,0.8572
788,47.9067,-1.4574,-14.4862,50.2232,0.0667,0,0.8574
789,47.9419,-1.2898,-13.7395,50.0357,0.7661,0,0.6898
790,47.9419,-1.2900,-13.6729,50.0166,0.0667,0,0.6900
791,47.9735,-1.1489,-12.9275,49.8382,0.7593,0,0.5489
792,47.9735,-1.1491,-12.8608,49.8202,0.0667,0,0.5491
793,48.0018,-1.0386,-12.1167,49.6512,0.7528,0,0.4386
794,48.0018,-1.0388,-12.0501,49.6342,0.0667,0,0.4388
795,48.0273,-0.9600,-11.3072,49.4746,0.7474,0,0.3600
796,48.0273,-0.9602,-11.2406,49.4587,0.0667,0,0.3602
797,48.0501,-0.9122,-10.4989,49.3088,0.7436,0,0.3122
798,48.0501,-0.9124,-10.4322,49.2939,0.0667,0,0.3124
799,48.0705,-0.8924,-9.6917,49.1537,0.7411,0,0.2924
800,48.0705,-0.8926,-9.6251,49.1399,0.0667,0,0.2926
801,48.0886,-0.8962,-8.8857,49.0097,0.7396,0,0.2962
802,48.0886,-0.8964,-8.8190,48.9969,0.0667,0,0.2964
803,48.1046,-0.9188,-8.0807,48.8767,0.7388,0,0.3188
804,48.1046,-0.9190,-8.0140,48.8650,0.0667,0,0.3190
805,48.1329,-0.6972,-7.1960,48.7549,0.8480,0,0.0972
806,48.1329,-0.6970,-7.1294,48.7443,0.0667,0,0.0970
807,48.1529,-0.3361,-6.3404,48.6464,0.8679,0,0.0000
808,48.1529,-0.3350,-6.2737,48.6370,0.0667,0,0.0000
809,48.1604,-0.2011,-5.5664,48.5510,0.7199,0,0.0000
810,48.1604,-0.1991,-5.4998,48.5426,0.0666,0,0.0000
811,48.1666,-0.1631,-4.8041,48.4670,0.6967,0,0.0000
812,48.1665,-0.1601,-4.7376,48.4597,0.0666,0,0.0000
813,48.1723,-0.2046,-4.0474,48.3943,0.6916,0,0.0000
814,48.1722,-0.2006,-3.9810,48.3880,0.0665,0,0.0000
815,48.1775,-0.3055,-3.2928,48.3328,0.6961,0,0.0000
816,48.1774,-0.3006,-3.2265,48.3274,0.0665,0,0.0000
817,48.1820,-0.4448,-2.5383,48.2822,0.7032,0,0.0000
818,48.1819,-0.4390,-2.4721,48.2779,0.0664,0,0.0000
819,48.1853,-0.6019,-1.7829,48.2426,0.7082,0,0.0019
820,48.1852,-0.5951,-1.7169,48.2393,0.0663,0,0.0000
821,48.1873,-0.7577,-1.0266,48.2139,0.7093,0,0.1577
822,48.1872,-0.7501,-0.9608,48.2117,0.0662,0,0.1501
823,48.1880,-0.8981,-0.2701,48.1962,0.7064,0,0.2981
824,48.1880,-0.8895,-0.2046,48.1950,0.0661,0,0.2895
825,48.1875,-1.0351,0.4769,48.1895,0.6969,0,0.4351
826,48.1874,-1.0257,0.5422,48.1893,0.0660,0,0.4257
827,48.1865,-1.0930,1.2280,48.1936,0.6891,0,0.4930
828,48.1865,-1.0830,1.2932,48.1944,0.0659,0,0.4830
829,48.1849,-1.1221,1.9798,48.2084,0.6877,0,0.5221
830,48.1848,-1.1119,2.0448,48.2102,0.0659,0,0.5119
831,48.1826,-1.1291,2.7304,48.2341,0.6858,0,0.5291
832,48.1826,-1.1393,2.6654,48.2313,0.0659,0,0.5393
833,48.1802,-1.1597,3.2189,48.2564,0.5539,0,0.5597
834,48.1802,-1.1698,3.1538,48.2530,0.0659,0,0.5698
835,48.1776,-1.1754,3.7049,48.2831,0.5512,0,0.5754
836,48.1776,-1.1853,3.6398,48.2791,0.0659,0,0.5853
837,48.1749,-1.1785,4.1886,48.3143,0.5488,0,0.5785
838,48.1749,-1.1881,4.1233,48.3096,0.0659,0,0.5881
839,48.1722,-1.1710,4.6702,48.3500,0.5471,0,0.5710
840,48.1722,-1.1804,4.6049,48.3446,0.0660,0,0.5804
841,48.1693,-1.1551,5.1502,48.3901,0.5459,0,0.5551
842,48.1693,-1.1643,5.0848,48.3840,0.0660,0,0.5643
843,48.1662,-1.1333,5.6291,48.4345,0.5452,0,0.5333
844,48.1663,-1.1423,5.5637,48.4278,0.0660,0,0.5423
845,48.1625,-1.1414,6.1082,48.4832,0.5445,0,0.5414
846,48.1625,-1.1502,6.0427,48.4759,0.0661,0,0.5502
847,48.1583,-1.1643,6.5853,48.5363,0.5428,0,0.5643
848,48.1584,-1.1727,6.5197,48.5283,0.0661,0,0.5727
849,48.1544,-1.1989,7.0548,48.5932,0.5357,0,0.5989
850,48.1544,-1.2068,6.9890,48.5846,0.0662,0,0.6068
851,48.1508,-1.2462,7.5152,48.6539,0.5277,0,0.6462
852,48.1509,-1.2535,7.4494,48.6447,0.0663,0,0.6535
853,48.1477,-1.3095,7.9672,48.7183,0.5208,0,0.7095
854,48.1477,-1.3161,7.9012,48.7085,0.0663,0,0.7161
855,48.1450,-1.3925,8.4109,48.7863,0.5154,0,0.7925
856,48.1450,-1.3983,8.3448,48.7758,0.0664,0,0.7983
857,48.1427,-1.4991,8.8465,48.8578,0.5117,0,0.8991
858,48.1427,-1.5039,8.7802,48.8467,0.0665,0,0.9039
859,48.1408,-1.6333,9.2736,48.9328,0.5101,0,1.0333
860,48.1409,-1.6370,9.2071,48.9211,0.0666,0,1.0370
861,48.1393,-1.7989,9.6918,49.0112,0.5109,0,1.1989
862,48.1393,-1.8014,9.6252,48.9989,0.0666,0,1.2014
863,48.1378,-2.0125,10.0997,49.0930,0.5194,0,1.4125
864,48.1378,-2.0137,10.0331,49.0802,0.0667,0,1.4137
865,48.1362,-2.2555,10.4988,49.1781,0.5248,0,1.6555
866,48.1362,-2.2552,10.4322,49.1647,0.0667,0,1.6552
867,48.1345,-2.5049,10.8908,49.2662,0.5222,0,1.9049
868,48.1345,-2.5033,10.8242,49.2522,0.0666,0,1.9033
869,48.1326,-2.7598,11.2760,49.3569,0.5196,0,2.1598
870,48.1326,-2.7568,11.2095,49.3424,0.0666,0,2.1568
871,48.1304,-3.0198,11.6547,49.4504,0.5171,0,2.4198
872,48.1304,-3.0154,11.5884,49.4353,0.0665,0,2.4154
873,48.1280,-3.2847,12.0272,49.5466,0.5149,0,2.6847
874,48.1280,-3.2789,11.9611,49.5309,0.0664,0,2.6789
875,48.1253,-3.5544,12.3938,49.6454,0.5129,0,2.9544
876,48.1253,-3.5472,12.3279,49.6292,0.0663,0,2.9472
877,48.1225,-3.8286,12.7546,49.7468,0.5111,0,3.2286
878,48.1224,-3.8201,12.6890,49.7302,0.0661,0,3.2201
879,48.1193,-4.1072,13.1100,49.8509,0.5096,0,3.5072
880,48.1193,-4.0974,13.0448,49.8338,0.0659,0,3.4974
881,48.1160,-4.3901,13.4603,49.9577,0.5082,0,3.7901
882,48.1160,-4.3790,13.3955,49.9401,0.0657,0,3.7790
883,48.1125,-4.6771,13.8056,50.0671,0.5070,0,4.0771
884,48.1125,-4.6647,13.7414,50.0491,0.0655,0,4.0647
885,48.1088,-4.9682,14.1464,50.1792,0.5061,0,4.3682
886,48.1087,-4.9545,14.0826,50.1608,0.0652,0,4.3545
887,48.1049,-5.2632,14.4828,50.2940,0.5054,0,4.6632
888,48.1048,-5.2483,14.4196,50.2752,0.0649,0,4.6483
889,48.1050,-5.1505,14.8630,50.3904,0.4541,0,4.5505
890,48.1050,-5.1356,14.7998,50.3711,0.0649,0,4.5356
891,48.1275,-4.7116,15.1824,50.4657,0.5716,0,4.1116
892,48.1274,-4.6982,15.1186,50.4460,0.0652,0,4.0982
893,48.1589,-4.2927,15.4484,50.5410,0.5236,0,3.6927
894,48.1588,-4.2808,15.3839,50.5211,0.0656,0,3.6808
895,48.1940,-3.8382,15.6934,50.6159,0.5412,0,3.2382
896,48.1939,-3.8280,15.6283,50.5958,0.0659,0,3.2280
897,48.2318,-3.3390,15.9195,50.6904,0.5704,0,2.7390
898,48.2317,-3.3306,15.8539,50.6701,0.0661,0,2.7306
899,48.2724,-2.7950,16.1232,50.7646,0.6009,0,2.1950
900,48.2723,-2.7886,16.0572,50.7441,0.0663,0,2.1886
901,48.3074,-2.2107,16.3311,50.8401,0.6405,0,1.6107
902,48.3073,-2.2063,16.2647,50.8194,0.0665,0,1.6063
903,48.3281,-1.5779,16.5697,50.9182,0.6988,0,0.9779
904,48.3281,-1.5758,16.5031,50.8972,0.0666,0,0.9758
905,48.3338,-0.9877,16.8309,50.9984,0.6733,0,0.3877
906,48.3338,-0.9880,16.7643,50.9772,0.0667,0,0.3880
907,48.3408,-1.5700,17.0063,51.0689,0.6303,0,0.9700
908,48.3408,-1.5712,16.9396,51.0475,0.0667,0,0.9712
909,48.2950,-1.5544,17.3351,51.1322,0.3985,0,0.9544
910,48.2950,-1.5564,17.2685,51.1104,0.0666,0,0.9564
911,48.2551,-1.3649,17.6530,51.1965,0.4314,0,0.7649
912,48.2550,-1.3677,17.5864,51.1743,0.0666,0,0.7677
913,48.2179,-1.0136,17.9630,51.2618,0.5182,0,0.4136
914,48.2179,-1.0174,17.8965,51.2393,0.0666,0,0.4174
915,48.1924,-0.7336,18.2308,51.3279,0.4392,0,0.1336
916,48.1924,-0.7382,18.1644,51.3050,0.0665,0,0.1382
917,48.1716,-0.4687,18.4795,51.3945,0.4152,0,0.0000
918,48.1716,-0.4742,18.4133,51.3714,0.0664,0,0.0000
919,48.1530,-0.1977,18.7169,51.4617,0.4110,0,0.0000
920,48.1529,-0.2040,18.6508,51.4383,0.0664,0,0.0000
921,48.1356,0.0792,18.9437,51.5288,0.4078,0,0.0000
922,48.1355,0.0719,18.8779,51.5051,0.0663,0,0.0000
923,48.1202,0.4164,19.1570,51.5964,0.4436,0,0.0000
924,48.1201,0.4083,19.0913,51.5725,0.0662,0,0.0000
925,48.1006,0.7685,19.3743,51.6650,0.4585,0,0.0000
926,48.1006,0.7596,19.3088,51.6409,0.0661,0,0.0000
927,48.0785,1.0669,19.5969,51.7346,0.4218,0,0.0000
928,48.0784,1.0576,19.5316,51.7102,0.0660,0,0.0000
929,48.0549,1.3030,19.8248,51.8051,0.3831,0,0.0000
930,48.0549,1.2935,19.7595,51.7805,0.0660,0,0.0000
931,48.0312,1.4764,20.0573,51.8766,0.3503,0,0.0000
932,48.0312,1.4667,19.9921,51.8518,0.0659,0,0.0000
933,48.0080,1.5922,20.2934,51.9492,0.3273,0,0.0000
934,48.0081,1.5825,20.2282,51.9241,0.0659,0,0.0000
935,47.9861,1.6585,20.5320,52.0228,0.3140,0,0.0000
936,47.9861,1.6489,20.4668,51.9975,0.0660,0,0.0000
937,47.9655,1.6850,20.7719,52.0976,0.3080,0,0.0000
938,47.9656,1.6755,20.7066,52.0720,0.0660,0,0.0000
939,47.9464,1.6809,21.0122,52.1735,0.3062,0,0.0000
940,47.9465,1.6716,20.9469,52.1477,0.0660,0,0.0000
941,47.9287,1.6548,21.2523,52.2507,0.3064,0,0.0000
942,47.9288,1.6456,21.1869,52.2245,0.0660,0,0.0000
943,47.9122,1.6136,21.4917,52.3291,0.3070,0,0.0000
944,47.9123,1.6045,21.4263,52.3027,0.0660,0,0.0000
945,47.8966,1.5631,21.7305,52.4087,0.3074,0,0.0000
946,47.8967,1.5541,21.6651,52.3820,0.0660,0,0.0000
947,47.8819,1.5075,21.9686,52.4896,0.3075,0,0.0000
948,47.8820,1.4986,21.9032,52.4627,0.0661,0,0.0000
949,47.8677,1.4501,22.2063,52.5718,0.3073,0,0.0000
950,47.8678,1.4412,22.1409,52.5446,0.0661,0,0.0000
951,47.8546,1.3748,22.4440,52.6552,0.3106,0,0.0000
952,47.8547,1.3660,22.3785,52.6278,0.0661,0,0.0000
953,47.8422,1.2356,22.6863,52.7401,0.3345,0,0.0000
954,47.8423,1.2268,22.6208,52.7124,0.0661,0,0.0000
955,47.8295,1.0451,22.9333,52.8264,0.3617,0,0.0000
956,47.8296,1.0367,22.8677,52.7985,0.0661,0,0.0000
957,47.8164,0.8052,23.1836,52.9141,0.3919,0,0.0000
958,47.8164,0.7973,23.1179,52.8859,0.0662,0,0.0000
959,47.8027,0.5249,23.4355,53.0033,0.4186,0,0.0000
960,47.8027,0.5176,23.3696,52.9747,0.0663,0,0.0000
961,47.7884,0.2228,23.6869,53.0938,0.4334,0,0.0000
962,47.7884,0.2161,23.6209,53.0650,0.0663,0,0.0000
963,47.7737,-0.0856,23.9367,53.1859,0.4370,0,0.0000
964,47.7737,-0.0915,23.8705,53.1569,0.0664,0,0.0000
965,47.7585,-0.3887,24.1844,53.2796,0.4325,0,0.0000
966,47.7585,-0.3939,24.1181,53.2502,0.0665,0,0.0000
967,47.7431,-0.6793,24.4300,53.3748,0.4230,0,0.0793
968,47.7432,-0.6837,24.3636,53.3452,0.0665,0,0.0837
969,47.7274,-0.9827,24.6741,53.4717,0.4313,0,0.3827
970,47.7274,-0.9864,24.6076,53.4418,0.0666,0,0.3864
971,47.7109,-1.3604,24.9150,53.5700,0.4844,0,0.7604
972,47.7109,-1.3631,24.8484,53.5398,0.0666,0,0.7631
973,47.6937,-1.7979,25.1497,53.6699,0.5292,0,1.1979
974,47.6937,-1.7996,25.0831,53.6394,0.0666,0,1.1996
975,47.6762,-2.2791,25.3764,53.7714,0.5623,0,1.6791
976,47.6762,-2.2796,25.3097,53.7407,0.0667,0,1.6796
977,47.6586,-2.7882,25.5939,53.8749,0.5829,0,2.1882
978,47.6586,-2.7874,25.5273,53.8439,0.0667,0,2.1874
979,47.6412,-3.3122,25.8023,53.9803,0.5927,0,2.7122
980,47.6412,-3.3101,25.7357,53.9491,0.0666,0,2.7101
981,47.6237,-3.8382,26.0028,54.0879,0.5921,0,3.2382
982,47.6237,-3.8347,25.9363,54.0565,0.0666,0,3.2347
983,47.6069,-4.3693,26.1944,54.1979,0.5938,0,3.7693
984,47.6069,-4.3645,26.1280,54.1662,0.0665,0,3.7645
985,47.5905,-4.8586,26.3853,54.3102,0.5573,0,4.2586
986,47.5905,-4.8526,26.3191,54.2784,0.0664,0,4.2526
987,47.5742,-5.2843,26.5826,54.4251,0.5060,0,4.6843
988,47.5742,-5.2774,26.5167,54.3930,0.0663,0,4.6774
989,47.5577,-5.6453,26.7900,54.5423,0.4586,0,5.0453
990,47.5578,-5.6375,26.7242,54.5100,0.0662,0,5.0375
991,47.5423,-5.9392,27.0078,54.6618,0.4143,0,5.3392
992,47.5423,-5.9308,26.9422,54.6294,0.0661,0,5.3308
993,47.5302,-6.1613,27.2344,54.7834,0.3724,0,5.5613
994,47.5302,-6.1524,27.1690,54.7507,0.0661,0,5.5524
995,47.5169,-6.3449,27.4732,54.9074,0.3602,0,5.7449
996,47.5169,-6.3356,27.4078,54.8745,0.0660,0,5.7356
997,47.5027,-6.5147,27.7189,55.0340,0.3592,0,5.9147
998,47.5027,-6.5050,27.6537,55.0009,0.0659,0,5.9050
999,47.4876,-6.6920,27.9670,55.1632,0.3652,0,6.0920
1000,47.4877,-6.6819,27.9019,55.1298,0.0659,0,6.0819
1001,47.4716,-6.8289,28.2284,55.2949,0.3584,0,6.2289
1002,47.4716,-6.8185,28.1634,55.2613,0.0658,0,6.2185
1003,47.4550,-6.8980,28.5081,55.4290,0.3541,0,6.2980
1004,47.4551,-6.8875,28.4431,55.3952,0.0658,0,6.2875
1005,47.4382,-6.8994,28.8058,55.5655,0.3633,0,6.2994
1006,47.4383,-6.8889,28.7408,55.5314,0.0658,0,6.2889
1007,47.4212,-6.8425,29.1189,55.7044,0.3813,0,6.2425
1008,47.4213,-6.8321,29.0538,55.6700,0.0658,0,6.2321
1009,47.4040,-6.7504,29.4421,55.8460,0.3972,0,6.1504
1010,47.4041,-6.7402,29.3770,55.8113,0.0659,0,6.1402
1011,47.3866,-6.6434,29.7711,55.9904,0.4062,0,6.0434
1012,47.3867,-6.6334,29.7060,55.9554,0.0659,0,6.0334
1013,47.3690,-6.5365,30.1030,56.1380,0.4091,0,5.9365
1014,47.3691,-6.5268,30.0378,56.1027,0.0659,0,5.9268
1015,47.3512,-6.4399,30.4360,56.2888,0.4080,0,5.8399
1016,47.3512,-6.4304,30.3708,56.2532,0.0660,0,5.8304
1017,47.3331,-6.3591,30.7694,56.4430,0.4054,0,5.7591
1018,47.3332,-6.3497,30.7041,56.4071,0.0660,0,5.7497
1019,47.5985,-5.9432,30.6849,56.5799,0.4859,0,5.3432
1020,47.5985,-5.9340,30.6195,56.5443,0.0660,0,5.3340
1021,48.0948,-5.2689,30.2253,56.6970,0.9187,0,4.6689
1022,48.0947,-5.2600,30.1599,56.6620,0.0661,0,4.6600
1023,48.7014,-4.5022,29.5312,56.7979,1.1566,0,3.9022
1024,48.7013,-4.4935,29.4656,56.7638,0.0661,0,3.8935
1025,49.3463,-3.7581,28.6889,56.8849,1.2491,0,3.1581
1026,49.3461,-3.7496,28.6234,56.8519,0.0661,0,3.1496
1027,50.0125,-3.1555,27.6997,56.9560,1.2847,0,2.5555
1028,50.0123,-3.1477,27.6339,56.9242,0.0662,0,2.5477
1029,50.6440,-2.5816,26.6819,57.0154,1.2751,0,1.9816
1030,50.6438,-2.5744,26.6160,56.9848,0.0663,0,1.9744
1031,51.2400,-2.2343,25.6263,57.0630,1.2044,0,1.6343
1032,51.2397,-2.2275,25.5603,57.0337,0.0663,0,1.6275
1033,51.7919,-2.0288,24.5665,57.1002,1.1541,0,1.4288
1034,51.7917,-2.0224,24.5005,57.0722,0.0664,0,1.4224
1035,52.2985,-1.8702,23.5208,57.1283,1.1134,0,1.2702
1036,52.2984,-1.8641,23.4547,57.1015,0.0664,0,1.2641
1037,52.7628,-1.7666,22.4903,57.1482,1.0749,0,1.1666
1038,52.7626,-1.7610,22.4241,57.1226,0.0664,0,1.1610
1039,53.1869,-1.7212,21.4766,57.1606,1.0389,0,1.1212
1040,53.1868,-1.7160,21.4104,57.1362,0.0665,0,1.1160
1041,53.5731,-1.7323,20.4820,57.1662,1.0057,0,1.1323
1042,53.5730,-1.7275,20.4157,57.1430,0.0665,0,1.1275
1043,53.9231,-1.7948,19.5087,57.1658,0.9746,0,1.1948
1044,53.9230,-1.7904,19.4423,57.1437,0.0665,0,1.1904
1045,54.2389,-1.9009,18.5589,57.1600,0.9447,0,1.3009
1046,54.2389,-1.8968,18.4924,57.1391,0.0665,0,1.2968
1047,54.5222,-2.0412,17.6346,57.1495,0.9149,0,1.4412
1048,54.5222,-2.0375,17.5682,57.1296,0.0666,0,1.4375
1049,54.7751,-2.2058,16.7379,57.1349,0.8841,0,1.6058
1050,54.7751,-2.2025,16.6714,57.1161,0.0666,0,1.6025
1051,54.9994,-2.3849,15.8703,57.1168,0.8517,0,1.7849
1052,54.9994,-2.3819,15.8038,57.0989,0.0666,0,1.7819
1053,55.1973,-2.5696,15.0335,57.0956,0.8172,0,1.9696
1054,55.1973,-2.5668,14.9669,57.0787,0.0666,0,1.9668
1055,55.3707,-2.7521,14.2289,57.0720,0.7805,0,2.1521
1056,55.3708,-2.7495,14.1623,57.0560,0.0666,0,2.1495
1057,55.5219,-2.9263,13.4578,57.0463,0.7419,0,2.3263
1058,55.5220,-2.9239,13.3912,57.0313,0.0666,0,2.3239
1059,55.6529,-3.0876,12.7215,57.0191,0.7017,0,2.4876
1060,55.6530,-3.0853,12.6549,57.0049,0.0666,0,2.4853
1061,55.7657,-3.2330,12.0213,56.9909,0.6603,0,2.6330
1062,55.7657,-3.2309,11.9547,56.9775,0.0666,0,2.6309
1063,55.8620,-3.3610,11.3585,56.9618,0.6179,0,2.7610
1064,55.8620,-3.3591,11.2918,56.9492,0.0666,0,2.7591
1065,55.9436,-3.4713,10.7340,56.9325,0.5748,0,2.8713
1066,55.9437,-3.4694,10.6674,56.9206,0.0666,0,2.8694
1067,56.0121,-3.5643,10.1491,56.9032,0.5313,0,2.9643
1068,56.0121,-3.5625,10.0825,56.8920,0.0666,0,2.9625
1069,56.0689,-3.6413,9.6049,56.8741,0.4874,0,3.0413
1070,56.0690,-3.6396,9.5383,56.8636,0.0666,0,3.0396
1071,56.1154,-3.7039,9.1024,56.8457,0.4431,0,3.1039
1072,56.1155,-3.7022,9.0358,56.8357,0.0666,0,3.1022
1073,56.1527,-3.7540,8.6425,56.8181,0.3984,0,3.1540
1074,56.1528,-3.7524,8.5759,56.8087,0.0666,0,3.1524
1075,56.1819,-3.7946,8.2264,56.7916,0.3533,0,3.1946
1076,56.1820,-3.7931,8.1597,56.7827,0.0666,0,3.1931
1077,56.2038,-3.8287,7.8549,56.7664,0.3077,0,3.2287
1078,56.2039,-3.8272,7.7883,56.7578,0.0666,0,3.2272
1079,56.2186,-3.8604,7.5377,56.7430,0.2531,0,3.2604
1080,56.2187,-3.8588,7.4711,56.7348,0.0666,0,3.2588
1081,56.2300,-3.8841,7.2615,56.7224,0.2114,0,3.2841
1082,56.2301,-3.8824,7.1949,56.7145,0.0666,0,3.2824
1083,56.2412,-3.8813,7.0072,56.7039,0.1880,0,3.2813
1084,56.2413,-3.8796,6.9406,56.6963,0.0666,0,3.2796
1085,56.2536,-3.8442,6.7638,56.6869,0.1808,0,3.2442
1086,56.2537,-3.8423,6.6972,56.6796,0.0666,0,3.2423
1087,56.2676,-3.7704,6.5216,56.6706,0.1902,0,3.1704
1088,56.2676,-3.7685,6.4550,56.6636,0.0666,0,3.1685
1089,56.2812,-3.6746,6.2848,56.6545,0.1949,0,3.0746
1090,56.2813,-3.6726,6.2181,56.6478,0.0666,0,3.0726
1091,56.2935,-3.5761,6.0660,56.6398,0.1806,0,2.9761
1092,56.2936,-3.5741,5.9994,56.6333,0.0666,0,2.9741
1093,56.3053,-3.4734,5.8550,56.6261,0.1764,0,2.8734
1094,56.3054,-3.4714,5.7884,56.6199,0.0666,0,2.8714
1095,56.3170,-3.3681,5.6456,56.6133,0.1766,0,2.7681
1096,56.3170,-3.3661,5.5790,56.6073,0.0666,0,2.7661
1097,56.3284,-3.2632,5.4339,56.6010,0.1783,0,2.6632
1098,56.3285,-3.2612,5.3673,56.5953,0.0666,0,2.6612
1099,56.3392,-3.1610,5.2118,56.5884,0.1853,0,2.5610
1100,56.3393,-3.1590,5.1452,56.5830,0.0666,0,2.5590
1101,56.3477,-3.0850,5.0023,56.5766,0.1611,0,2.4850
1102,56.3477,-3.0831,4.9357,56.5714,0.0666,0,2.4831
1103,56.3545,-3.0322,4.8016,56.5658,0.1436,0,2.4322
1104,56.3546,-3.0303,4.7350,56.5608,0.0666,0,2.4303
1105,56.3605,-2.9957,4.6024,56.5556,0.1371,0,2.3957
1106,56.3605,-2.9939,4.5358,56.5509,0.0666,0,2.3939
1107,56.3659,-2.9704,4.4005,56.5459,0.1374,0,2.3704
1108,56.3660,-2.9686,4.3339,56.5414,0.0666,0,2.3686
1109,56.3711,-2.9525,4.1932,56.5366,0.1417,0,2.3525
1110,56.3712,-2.9507,4.1266,56.5324,0.0666,0,2.3507
1111,56.3758,-2.9391,3.9730,56.5271,0.1541,0,2.3391
1112,56.3759,-2.9373,3.9064,56.5231,0.0666,0,2.3373
1113,56.3789,-2.9470,3.7641,56.5183,0.1427,0,2.3470
1114,56.3790,-2.9452,3.6974,56.5146,0.0666,0,2.3452
1115,56.3811,-2.9685,3.5630,56.5103,0.1365,0,2.3685
1116,56.3811,-2.9668,3.4963,56.5068,0.0666,0,2.3668
1117,56.3828,-2.9943,3.3628,56.5029,0.1363,0,2.3943
1118,56.3829,-2.9926,3.2962,56.4996,0.0666,0,2.3926
1119,56.3845,-3.0175,3.1595,56.4959,0.1389,0,2.4175
1120,56.3846,-3.0158,3.0929,56.4929,0.0666,0,2.4158
1121,56.3864,-3.0343,2.9506,56.4892,0.1435,0,2.4343
1122,56.3864,-3.0325,2.8840,56.4865,0.0666,0,2.4325
1123,56.3882,-3.0432,2.7288,56.4825,0.1556,0,2.4432
1124,56.3882,-3.0415,2.6622,56.4800,0.0666,0,2.4415
1125,56.3890,-3.0611,2.5182,56.4765,0.1453,0,2.4611
1126,56.3891,-3.0595,2.4515,56.4742,0.0666,0,2.4595
1127,56.3895,-3.0819,2.3154,56.4712,0.1380,0,2.4819
1128,56.3895,-3.0803,2.2488,56.4692,0.0666,0,2.4803
1129,56.3899,-3.0985,2.1137,56.4664,0.1364,0,2.4985
1130,56.3899,-3.0969,2.0470,56.4646,0.0666,0,2.4969
1131,56.3903,-3.1065,1.9087,56.4620,0.1386,0,2.5065
1132,56.3904,-3.1049,1.8421,56.4605,0.0667,0,2.5049
1133,56.3909,-3.1044,1.6983,56.4579,0.1438,0,2.5044
1134,56.3910,-3.1028,1.6316,56.4566,0.0666,0,2.5028
1135,56.3914,-3.0937,1.4750,56.4538,0.1569,0,2.4937
1136,56.3914,-3.0922,1.4084,56.4528,0.0666,0,2.4922
1137,56.3912,-3.0919,1.2630,56.4506,0.1454,0,2.4919
1138,56.3913,-3.0904,1.1964,56.4498,0.0666,0,2.4904
1139,56.3907,-3.0938,1.0589,56.4480,0.1375,0,2.4938
1140,56.3907,-3.0924,0.9922,56.4474,0.0666,0,2.4924
1141,56.3900,-3.0936,0.8557,56.4459,0.1365,0,2.4936
1142,56.3900,-3.0922,0.7891,56.4455,0.0666,0,2.4922
1143,56.3891,-3.0879,0.6494,56.4440,0.1397,0,2.4879
1144,56.3891,-3.0864,0.5828,56.4440,0.0666,0,2.4864
1145,56.3880,-3.0752,0.4344,56.4425,0.1488,0,2.4752
1146,56.3880,-3.0737,0.3678,56.4426,0.0666,0,2.4737
1147,56.3864,-3.0668,0.2170,56.4415,0.1509,0,2.4668
1148,56.3865,-3.0654,0.1504,56.4419,0.0667,0,2.4654
1149,56.3845,-3.0684,0.0128,56.4412,0.1376,0,2.4684
1150,56.3845,-3.0670,-0.0538,56.4419,0.0667,0,2.4670
1151,56.3823,-3.0717,-0.1872,56.4415,0.1335,0,2.4717
1152,56.3823,-3.0703,-0.2538,56.4424,0.0667,0,2.4703
1153,56.3799,-3.0718,-0.3884,56.4422,0.1346,0,2.4718
1154,56.3799,-3.0705,-0.4551,56.4433,0.0667,0,2.4705
1155,56.3771,-3.0662,-0.5941,56.4430,0.1391,0,2.4662
1156,56.3771,-3.0649,-0.6608,56.4444,0.0667,0,2.4649
1157,56.3738,-3.0541,-0.8061,56.4439,0.1458,0,2.4541
1158,56.3739,-3.0528,-0.8728,56.4456,0.0667,0,2.4528
1159,56.3698,-3.0361,-1.0257,56.4449,0.1539,0,2.4361
1160,56.3699,-3.0347,-1.0923,56.4469,0.0667,0,2.4347
1161,56.3649,-3.0133,-1.2534,56.4460,0.1626,0,2.4133
1162,56.3650,-3.0120,-1.3200,56.4481,0.0667,0,2.4120
1163,56.3589,-2.9877,-1.4897,56.4470,0.1715,0,2.3877
1164,56.3590,-2.9863,-1.5564,56.4494,0.0667,0,2.3863
1165,56.3515,-2.9610,-1.7349,56.4479,0.1805,0,2.3610
1166,56.3516,-2.9597,-1.8016,56.4507,0.0667,0,2.3597
1167,56.3426,-2.9350,-1.9892,56.4489,0.1895,0,2.3350
1168,56.3426,-2.9338,-2.0559,56.4519,0.0667,0,2.3338
1169,56.3319,-2.9113,-2.2527,56.4498,0.1984,0,2.3113
1170,56.3319,-2.9101,-2.3193,56.4531,0.0667,0,2.3101
1171,56.3192,-2.8911,-2.5254,56.4506,0.2073,0,2.2911
1172,56.3192,-2.8922,-2.4587,56.4470,0.0667,0,2.2922
1173,56.3057,-2.8679,-2.5373,56.4368,0.0833,0,2.2679
1174,56.3057,-2.8690,-2.4706,56.4332,0.0667,0,2.2690
1175,56.2917,-2.8316,-2.5553,56.4224,0.0936,0,2.2316
1176,56.2917,-2.8327,-2.4886,56.4188,0.0667,0,2.2327
1177,56.2771,-2.7837,-2.5805,56.4074,0.1051,0,2.1837
1178,56.2771,-2.7848,-2.5138,56.4037,0.0667,0,2.1848
1179,56.2618,-2.7258,-2.6136,56.3917,0.1169,0,2.1258
1180,56.2618,-2.7268,-2.5469,56.3880,0.0667,0,2.1268
1181,56.2456,-2.6595,-2.6548,56.3754,0.1282,0,2.0595
1182,56.2456,-2.6605,-2.5881,56.3717,0.0667,0,2.0605
1183,56.2284,-2.5863,-2.7042,56.3585,0.1388,0,1.9863
1184,56.2284,-2.5873,-2.6376,56.3547,0.0667,0,1.9873
1185,56.2101,-2.5079,-2.7619,56.3409,0.1486,0,1.9079
1186,56.2101,-2.5088,-2.6952,56.3370,0.0667,0,1.9088
1187,56.1906,-2.4255,-2.8277,56.3227,0.1577,0,1.8255
1188,56.1906,-2.4264,-2.7611,56.3187,0.0667,0,1.8264
1189,56.1698,-2.3404,-2.9017,56.3037,0.1661,0,1.7404
1190,56.1697,-2.3413,-2.8350,56.2996,0.0667,0,1.7413
1191,56.1475,-2.2536,-2.9837,56.2840,0.1740,0,1.6536
1192,56.1475,-2.2545,-2.9170,56.2798,0.0667,0,1.6545
1193,56.1237,-2.1658,-3.0736,56.2635,0.1815,0,1.5658
1194,56.1237,-2.1666,-3.0070,56.2592,0.0667,0,1.5666
1195,56.0984,-2.0775,-3.1715,56.2422,0.1888,0,1.4775
1196,56.0984,-2.0783,-3.1048,56.2379,0.0667,0,1.4783
1197,56.0714,-1.9891,-3.2771,56.2202,0.1959,0,1.3891
1198,56.0714,-1.9899,-3.2104,56.2157,0.0667,0,1.3899
1199,56.0426,-1.9007,-3.3904,56.1973,0.2029,0,1.3007
1200,56.0426,-1.9014,-3.3238,56.1926,0.0667,0,1.3014
1201,56.0121,-1.8123,-3.5114,56.1735,0.2100,0,1.2123
1202,56.0121,-1.8129,-3.4448,56.1687,0.0667,0,1.2129
1203,55.9797,-1.7236,-3.6399,56.1488,0.2171,0,1.1236
1204,55.9797,-1.7243,-3.5733,56.1438,0.0667,0,1.1243
1205,55.9453,-1.6346,-3.7760,56.1232,0.2243,0,1.0346
1206,55.9453,-1.6352,-3.7093,56.1181,0.0667,0,1.0352
1207,55.9090,-1.5450,-3.9194,56.0966,0.2315,0,0.9450
1208,55.9089,-1.5455,-3.8527,56.0913,0.0667,0,0.9455
1209,55.8704,-1.4544,-4.0702,56.0690,0.2389,0,0.8544
1210,55.8704,-1.4549,-4.0035,56.0636,0.0667,0,0.8549
1211,55.8297,-1.3626,-4.2282,56.0404,0.2463,0,0.7626
1212,55.8297,-1.3631,-4.1615,56.0348,0.0667,0,0.7631
1213,55.7867,-1.2694,-4.3933,56.0108,0.2537,0,0.6694
1214,55.7867,-1.2698,-4.3266,56.0049,0.0667,0,0.6698
1215,55.7413,-1.1746,-4.5655,55.9800,0.2611,0,0.5746
1216,55.7413,-1.1750,-4.4988,55.9740,0.0667,0,0.5750
1217,55.6934,-1.0780,-4.7447,55.9481,0.2686,0,0.4780
1218,55.6934,-1.0784,-4.6780,55.9419,0.0667,0,0.4784
1219,55.6429,-0.9797,-4.9307,55.9151,0.2760,0,0.3797
1220,55.6429,-0.9799,-4.8641,55.9086,0.0667,0,0.3799
1221,55.5897,-0.8795,-5.1236,55.8809,0.2833,0,0.2795
1222,55.5897,-0.8797,-5.0569,55.8741,0.0667,0,0.2797
1223,55.5337,-0.7775,-5.3231,55.8454,0.2906,0,0.1775
1224,55.5337,-0.7776,-5.2564,55.8384,0.0667,0,0.1776
1225,55.4747,-0.6738,-5.5293,55.8087,0.2978,0,0.0738
1226,55.4747,-0.6739,-5.4626,55.8014,0.0667,0,0.0739
1227,55.4127,-0.5693,-5.7409,55.7705,0.3038,0,0.0000
1228,55.4127,-0.5694,-5.6743,55.7630,0.0667,0,0.0000
1229,55.3478,-0.4817,-5.9559,55.7309,0.3020,0,0.0000
1230,55.3478,-0.4818,-5.8893,55.7231,0.0667,0,0.0000
1231,55.2799,-0.4183,-6.1751,55.6898,0.3006,0,0.0000
1232,55.2799,-0.4183,-6.1084,55.6818,0.0667,0,0.0000
1233,55.2091,-0.3790,-6.3989,55.6472,0.3015,0,0.0000
1234,55.2091,-0.3791,-6.3322,55.6389,0.0667,0,0.0000
1235,55.1353,-0.3624,-6.6276,55.6032,0.3049,0,0.0000
1236,55.1353,-0.3624,-6.5609,55.5946,0.0667,0,0.0000
1237,55.0584,-0.3651,-6.8614,55.5577,0.3101,0,0.0000
1238,55.0584,-0.3652,-6.7947,55.5488,0.0667,0,0.0000
1239,54.9783,-0.3833,-7.1002,55.5107,0.3163,0,0.0000
1240,54.9783,-0.3834,-7.0335,55.5016,0.0667,0,0.0000
1241,54.8949,-0.4126,-7.3441,55.4623,0.3229,0,0.0000
1242,54.8949,-0.4127,-7.2774,55.4528,0.0667,0,0.0000
1243,54.8081,-0.4488,-7.5931,55.4123,0.3294,0,0.0000
1244,54.8081,-0.4489,-7.5264,55.4026,0.0667,0,0.0000
1245,54.7176,-0.4877,-7.8471,55.3608,0.3354,0,0.0000
1246,54.7176,-0.4878,-7.7804,55.3507,0.0667,0,0.0000
1247,54.6235,-0.5259,-8.1060,55.3077,0.3411,0,0.0000
1248,54.6235,-0.5260,-8.0394,55.2973,0.0667,0,0.0000
1249,54.5255,-0.5605,-8.3699,55.2530,0.3464,0,0.0000
1250,54.5255,-0.5606,-8.3032,55.2423,0.0667,0,0.0000
1251,54.4237,-0.5896,-8.6385,55.1966,0.3516,0,0.0000
1252,54.4237,-0.5897,-8.5718,55.1856,0.0667,0,0.0000
1253,54.3178,-0.6117,-8.9118,55.1386,0.3568,0,0.0117
1254,54.3178,-0.6118,-8.8451,55.1272,0.0667,0,0.0118
1255,54.2079,-0.6263,-9.1897,55.0788,0.3620,0,0.0263
1256,54.2079,-0.6264,-9.1230,55.0671,0.0667,0,0.0264
1257,54.0937,-0.6332,-9.4721,55.0173,0.3673,0,0.0332
1258,54.0937,-0.6333,-9.4054,55.0052,0.0667,0,0.0333
1259,53.9752,-0.6331,-9.7589,54.9540,0.3728,0,0.0331
1260,53.9752,-0.6332,-9.6922,54.9415,0.0667,0,0.0332
1261,53.8523,-0.6267,-10.0500,54.8888,0.3784,0,0.0267
1262,53.8523,-0.6268,-9.9833,54.8759,0.0667,0,0.0268
1263,53.7248,-0.6152,-10.3453,54.8218,0.3839,0,0.0152
1264,53.7248,-0.6153,-10.2786,54.8085,0.0667,0,0.0153
1265,53.5926,-0.5997,-10.6448,54.7528,0.3895,0,0.0000
1266,53.5926,-0.5998,-10.5781,54.7392,0.0667,0,0.0000
1267,53.4557,-0.5816,-10.9482,54.6819,0.3950,0,0.0000
1268,53.4557,-0.5817,-10.8815,54.6679,0.0667,0,0.0000
1269,53.3139,-0.5619,-11.2555,54.6089,0.4005,0,0.0000
1270,53.3139,-0.5620,-11.1888,54.5945,0.0667,0,0.0000
1271,53.1671,-0.5418,-11.5666,54.5340,0.4058,0,0.0000
1272,53.1671,-0.5419,-11.4999,54.5192,0.0667,0,0.0000
1273,53.0151,-0.5222,-11.8814,54.4569,0.4111,0,0.0000
1274,53.0151,-0.5223,-11.8147,54.4417,0.0667,0,0.0000
1275,52.8578,-0.5036,-12.1997,54.3778,0.4163,0,0.0000
1276,52.8578,-0.5037,-12.1331,54.3622,0.0667,0,0.0000
1277,52.6953,-0.4866,-12.5215,54.2964,0.4215,0,0.0000
1278,52.6953,-0.4868,-12.4549,54.2804,0.0667,0,0.0000
1279,52.5272,-0.4715,-12.8467,54.2129,0.4266,0,0.0000
1280,52.5272,-0.4717,-12.7800,54.1965,0.0667,0,0.0000
1281,52.3536,-0.4584,-13.1750,54.1272,0.4317,0,0.0000
1282,52.3536,-0.4585,-13.1084,54.1103,0.0667,0,0.0000
1283,52.1742,-0.4472,-13.5065,54.0391,0.4368,0,0.0000
1284,52.1742,-0.4473,-13.4398,54.0218,0.0667,0,0.0000
1285,51.9890,-0.4377,-13.8409,53.9487,0.4419,0,0.0000
1286,51.9890,-0.4378,-13.7743,53.9309,0.0667,0,0.0000
1287,51.7982,-0.4303,-14.1774,53.8560,0.4461,0,0.0000
1288,51.7982,-0.4304,-14.1107,53.8378,0.0667,0,0.0000
1289,51.6021,-0.4257,-14.5140,53.7609,0.4485,0,0.0000
1290,51.6021,-0.4258,-14.4474,53.7422,0.0667,0,0.0000
1291,51.4011,-0.4242,-14.8496,53.6634,0.4497,0,0.0000
1292,51.4011,-0.4243,-14.7829,53.6443,0.0667,0,0.0000
1293,51.1954,-0.4255,-15.1832,53.5636,0.4500,0,0.0000
1294,51.1954,-0.4256,-15.1165,53.5440,0.0667,0,0.0000
1295,50.9852,-0.4292,-15.5143,53.4614,0.4499,0,0.0000
1296,50.9852,-0.4293,-15.4476,53.4414,0.0667,0,0.0000
1297,50.7707,-0.4345,-15.8425,53.3569,0.4494,0,0.0000
1298,50.7707,-0.4346,-15.7758,53.3364,0.0667,0,0.0000
1299,50.5519,-0.4407,-16.1674,53.2499,0.4486,0,0.0000
1300,50.5519,-0.4408,-16.1008,53.2290,0.0667,0,0.0000
1301,50.3290,-0.4471,-16.4889,53.1406,0.4476,0,0.0000
1302,50.3290,-0.4472,-16.4222,53.1192,0.0667,0,0.0000
1303,50.1019,-0.4531,-16.8066,53.0288,0.4465,0,0.0000
1304,50.1019,-0.4532,-16.7399,53.0070,0.0667,0,0.0000
1305,49.8709,-0.4582,-17.1205,52.9147,0.4452,0,0.0000
1306,49.8709,-0.4583,-17.0538,52.8924,0.0667,0,0.0000
1307,49.6359,-0.4621,-17.4303,52.7981,0.4438,0,0.0000
1308,49.6359,-0.4622,-17.3637,52.7754,0.0667,0,0.0000
1309,49.3971,-0.4644,-17.7360,52.6790,0.4424,0,0.0000
1310,49.3971,-0.4645,-17.6693,52.6559,0.0667,0,0.0000
1311,49.1545,-0.4651,-18.0374,52.5575,0.4408,0,0.0000
1312,49.1545,-0.4653,-17.9707,52.5339,0.0667,0,0.0000
1313,48.9081,-0.4644,-18.3344,52.4335,0.4392,0,0.0000
1314,48.9081,-0.4645,-18.2677,52.4095,0.0667,0,0.0000
1315,48.6582,-0.4622,-18.6269,52.3070,0.4376,0,0.0000
1316,48.6582,-0.4623,-18.5602,52.2826,0.0667,0,0.0000
1317,48.4046,-0.4588,-18.9147,52.1781,0.4359,0,0.0000
1318,48.4046,-0.4589,-18.8480,52.1532,0.0667,0,0.0000
1319,48.1476,-0.4544,-19.1979,52.0466,0.4341,0,0.0000
1320,48.1476,-0.4546,-19.1312,52.0213,0.0667,0,0.0000
1321,47.8871,-0.4494,-19.4762,51.9126,0.4323,0,0.0000
1322,47.8871,-0.4495,-19.4096,51.8869,0.0667,0,0.0000
1323,47.6233,-0.4439,-19.7497,51.7760,0.4305,0,0.0000
1324,47.6233,-0.4440,-19.6830,51.7499,0.0667,0,0.0000
1325,47.3562,-0.4382,-20.0182,51.6370,0.4286,0,0.0000
1326,47.3562,-0.4383,-19.9515,51.6104,0.0667,0,0.0000
1327,47.0859,-0.4325,-20.2817,51.4953,0.4267,0,0.0000
1328,47.0859,-0.4327,-20.2150,51.4683,0.0667,0,0.0000
1329,46.8125,-0.4270,-20.5401,51.3511,0.4248,0,0.0000
1330,46.8125,-0.4272,-20.4734,51.3237,0.0667,0,0.0000
1331,46.5360,-0.4219,-20.7934,51.2043,0.4229,0,0.0000
1332,46.5360,-0.4220,-20.7267,51.1765,0.0667,0,0.0000
1333,46.2565,-0.4171,-21.0414,51.0549,0.4210,0,0.0000
1334,46.2565,-0.4172,-20.9747,51.0267,0.0667,0,0.0000
1335,45.9740,-0.4128,-21.2842,50.9029,0.4190,0,0.0000
1336,45.9740,-0.4129,-21.2175,50.8743,0.0667,0,0.0000
1337,45.6887,-0.4089,-21.5217,50.7483,0.4171,0,0.0000
1338,45.6887,-0.4091,-21.4551,50.7193,0.0667,0,0.0000
1339,45.4006,-0.4055,-21.7540,50.5911,0.4152,0,0.0000
1340,45.4006,-0.4056,-21.6873,50.5617,0.0667,0,0.0000
1341,45.1097,-0.4025,-21.9808,50.4313,0.4133,0,0.0000
1342,45.1097,-0.4026,-21.9142,50.4015,0.0667,0,0.0000
1343,44.8161,-0.3998,-22.2023,50.2688,0.4114,0,0.0000
1344,44.8161,-0.3999,-22.1357,50.2386,0.0667,0,0.0000
1345,44.5198,-0.3973,-22.4185,50.1036,0.4096,0,0.0000
1346,44.5198,-0.3975,-22.3518,50.0731,0.0667,0,0.0000
1347,44.2210,-0.3951,-22.6293,49.9358,0.4078,0,0.0000
1348,44.2210,-0.3952,-22.5626,49.9049,0.0667,0,0.0000
1349,43.9195,-0.3930,-22.8347,49.7654,0.4061,0,0.0000
1350,43.9195,-0.3931,-22.7680,49.7341,0.0667,0,0.0000
1351,43.6156,-0.3909,-23.0348,49.5922,0.4044,0,0.0000
1352,43.6156,-0.3911,-22.9681,49.5605,0.0667,0,0.0000
1353,43.3091,-0.3889,-23.2295,49.4164,0.4028,0,0.0000
1354,43.3091,-0.3890,-23.1628,49.3843,0.0667,0,0.0000
1355,43.0002,-0.3868,-23.4189,49.2379,0.4013,0,0.0000
1356,43.0002,-0.3869,-23.3522,49.2054,0.0667,0,0.0000
1357,42.6888,-0.3846,-23.6030,49.0567,0.3998,0,0.0000
1358,42.6888,-0.3847,-23.5364,49.0238,0.0667,0,0.0000
1359,42.3750,-0.3823,-23.7819,48.8727,0.3985,0,0.0000
1360,42.3750,-0.3825,-23.7153,48.8395,0.0667,0,0.0000
1361,42.0588,-0.3800,-23.9556,48.6861,0.3972,0,0.0000
1362,42.0588,-0.3801,-23.8890,48.6525,0.0667,0,0.0000
1363,41.7401,-0.3774,-24.1242,48.4966,0.3961,0,0.0000
1364,41.7401,-0.3776,-24.0575,48.4627,0.0667,0,0.0000
1365,41.4190,-0.3748,-24.2877,48.3045,0.3951,0,0.0000
1366,41.4190,-0.3749,-24.2210,48.2702,0.0667,0,0.0000
1367,41.0955,-0.3720,-24.4462,48.1096,0.3942,0,0.0000
1368,41.0955,-0.3722,-24.3795,48.0750,0.0667,0,0.0000
1369,40.7695,-0.3691,-24.5998,47.9119,0.3935,0,0.0000
1370,40.7695,-0.3693,-24.5331,47.8769,0.0667,0,0.0000
1371,40.4409,-0.3661,-24.7486,47.7115,0.3929,0,0.0000
1372,40.4409,-0.3663,-24.6819,47.6761,0.0667,0,0.0000
1373,40.1098,-0.3630,-24.8927,47.5082,0.3925,0,0.0000
1374,40.1098,-0.3631,-24.8260,47.4725,0.0667,0,0.0000
1375,39.7761,-0.3597,-25.0322,47.3022,0.3923,0,0.0000
1376,39.7761,-0.3599,-24.9655,47.2661,0.0667,0,0.0000
1377,39.4397,-0.3564,-25.1672,47.0933,0.3923,0,0.0000
1378,39.4397,-0.3565,-25.1005,47.0569,0.0667,0,0.0000
1379,39.1004,-0.3529,-25.2979,46.8816,0.3925,0,0.0000
1380,39.1004,-0.3530,-25.2312,46.8448,0.0667,0,0.0000
1381,38.7583,-0.3493,-25.4245,46.6670,0.3929,0,0.0000
1382,38.7583,-0.3494,-25.3578,46.6299,0.0667,0,0.0000
1383,38.4132,-0.3455,-25.5470,46.4495,0.3936,0,0.0000
1384,38.4132,-0.3456,-25.4803,46.4121,0.0667,0,0.0000
1385,38.0649,-0.3416,-25.6657,46.2292,0.3946,0,0.0000
1386,38.0649,-0.3417,-25.5991,46.1914,0.0667,0,0.0000
1387,37.7132,-0.3375,-25.7808,46.0059,0.3959,0,0.0000
1388,37.7132,-0.3376,-25.7141,45.9678,0.0667,0,0.0000
1389,37.3581,-0.3331,-25.8925,45.7797,0.3975,0,0.0000
1390,37.3581,-0.3332,-25.8258,45.7412,0.0667,0,0.0000
1391,36.9992,-0.3285,-26.0010,45.5506,0.3994,0,0.0000
1392,36.9992,-0.3287,-25.9344,45.5117,0.0667,0,0.0000
1393,36.6452,-0.3313,-26.0948,45.3186,0.3886,0,0.0000
1394,36.6452,-0.3314,-26.0282,45.2795,0.0667,0,0.0000
1395,36.3165,-0.3574,-26.1480,45.0846,0.3509,0,0.0000
1396,36.3165,-0.3575,-26.0814,45.0451,0.0667,0,0.0000
1397,36.0038,-0.3957,-26.1739,44.8484,0.3283,0,0.0000
1398,36.0038,-0.3959,-26.1073,44.8086,0.0667,0,0.0000
1399,35.7017,-0.4383,-26.1806,44.6100,0.3138,0,0.0000
1400,35.7017,-0.4384,-26.1139,44.5700,0.0667,0,0.0000
1401,35.4066,-0.4794,-26.1730,44.3695,0.3037,0,0.0000
1402,35.4066,-0.4796,-26.1063,44.3293,0.0667,0,0.0000
1403,35.1166,-0.5153,-26.1540,44.1268,0.2961,0,0.0000
1404,35.1166,-0.5155,-26.0873,44.0865,0.0667,0,0.0000
1405,34.8305,-0.5438,-26.1255,43.8821,0.2901,0,0.0000
1406,34.8305,-0.5439,-26.0588,43.8415,0.0667,0,0.0000
1407,34.5473,-0.5638,-26.0887,43.6352,0.2854,0,0.0000
1408,34.5473,-0.5639,-26.0220,43.5945,0.0667,0,0.0000
1409,34.2668,-0.5752,-26.0443,43.3861,0.2816,0,0.0000
1410,34.2668,-0.5754,-25.9776,43.3453,0.0667,0,0.0000
1411,33.9887,-0.5789,-25.9927,43.1350,0.2786,0,0.0000
1412,33.9887,-0.5790,-25.9260,43.0940,0.0667,0,0.0000
1413,33.7127,-0.5759,-25.9343,42.8818,0.2761,0,0.0000
1414,33.7127,-0.5760,-25.8677,42.8406,0.0667,0,0.0000
1415,33.4388,-0.5677,-25.8694,42.6265,0.2740,0,0.0000
1416,33.4388,-0.5678,-25.8027,42.5852,0.0667,0,0.0000
1417,33.1670,-0.5558,-25.7981,42.3692,0.2722,0,0.0000
1418,33.1670,-0.5560,-25.7314,42.3278,0.0667,0,0.0000
1419,32.8971,-0.5419,-25.7206,42.1099,0.2705,0,0.0000
1420,32.8971,-0.5421,-25.6539,42.0683,0.0667,0,0.0000
1421,32.6292,-0.5272,-25.6370,41.8486,0.2689,0,0.0000
1422,32.6292,-0.5274,-25.5703,41.8068,0.0667,0,0.0000
1423,32.3632,-0.5129,-25.5475,41.5852,0.2674,0,0.0000
1424,32.3632,-0.5131,-25.4808,41.5434,0.0667,0,0.0000
1425,32.0990,-0.5000,-25.4522,41.3200,0.2660,0,0.0000
1426,32.0990,-0.5001,-25.3856,41.2780,0.0667,0,0.0000
1427,31.8367,-0.4890,-25.3513,41.0528,0.2648,0,0.0000
1428,31.8367,-0.4892,-25.2847,41.0107,0.0667,0,0.0000
1429,31.5762,-0.4803,-25.2450,40.7837,0.2637,0,0.0000
1430,31.5762,-0.4805,-25.1783,40.7415,0.0667,0,0.0000
1431,31.3174,-0.4741,-25.1333,40.5127,0.2628,0,0.0000
1432,31.3174,-0.4743,-25.0666,40.4704,0.0667,0,0.0000
1433,31.0602,-0.4703,-25.0164,40.2399,0.2620,0,0.0000
1434,31.0602,-0.4704,-24.9498,40.1975,0.0667,0,0.0000
1435,30.8046,-0.4686,-24.8946,39.9652,0.2615,0,0.0000
1436,30.8046,-0.4688,-24.8279,39.9228,0.0667,0,0.0000
1437,30.5505,-0.4687,-24.7679,39.6887,0.2611,0,0.0000
1438,30.5505,-0.4689,-24.7013,39.6462,0.0667,0,0.0000
1439,30.2978,-0.4702,-24.6367,39.4104,0.2608,0,0.0000
1440,30.2978,-0.4704,-24.5700,39.3678,0.0667,0,0.0000
1441,30.0464,-0.4727,-24.5009,39.1304,0.2607,0,0.0000
1442,30.0464,-0.4728,-24.4343,39.0877,0.0667,0,0.0000
1443,29.7962,-0.4756,-24.3610,38.8486,0.2608,0,0.0000
1444,29.7962,-0.4758,-24.2943,38.8059,0.0667,0,0.0000
1445,29.5470,-0.4787,-24.2170,38.5651,0.2609,0,0.0000
1446,29.5470,-0.4789,-24.1504,38.5223,0.0667,0,0.0000
1447,29.2987,-0.4816,-24.0693,38.2799,0.2613,0,0.0000
1448,29.2987,-0.4817,-24.0026,38.2371,0.0667,0,0.0000
1449,29.0511,-0.4839,-23.9179,37.9930,0.2617,0,0.0000
1450,29.0511,-0.4840,-23.8512,37.9501,0.0667,0,0.0000
1451,28.8040,-0.4854,-23.7632,37.7045,0.2623,0,0.0000
1452,28.8040,-0.4856,-23.6966,37.6615,0.0667,0,0.0000
1453,28.5573,-0.4860,-23.6055,37.4143,0.2630,0,0.0000
1454,28.5573,-0.4862,-23.5389,37.3712,0.0667,0,0.0000
1455,28.3107,-0.4857,-23.4451,37.1224,0.2638,0,0.0000
1456,28.3107,-0.4858,-23.3784,37.0793,0.0667,0,0.0000
1457,28.0640,-0.4842,-23.2821,36.8289,0.2648,0,0.0000
1458,28.0640,-0.4843,-23.2155,36.7858,0.0667,0,0.0000
1459,27.8169,-0.4816,-23.1171,36.5338,0.2660,0,0.0000
1460,27.8169,-0.4818,-23.0504,36.4906,0.0667,0,0.0000
1461,27.5965,-0.4987,-22.9199,36.2380,0.2568,0,0.0000
1462,27.5965,-0.4989,-22.8532,36.1948,0.0667,0,0.0000
1463,27.4607,-0.5770,-22.6260,35.9442,0.2760,0,0.0000
1464,27.4607,-0.5772,-22.5593,35.9013,0.0667,0,0.0000
1465,27.3755,-0.6847,-22.2734,35.6524,0.3171,0,0.0847
1466,27.3755,-0.6849,-22.2067,35.6097,0.0667,0,0.0849
1467,27.3203,-0.8000,-21.8846,35.3624,0.3465,0,0.2000
1468,27.3203,-0.8002,-21.8179,35.3201,0.0667,0,0.2002
1469,27.2829,-0.9087,-21.4731,35.0743,0.3634,0,0.3087
1470,27.2829,-0.9089,-21.4064,35.0324,0.0667,0,0.3089
1471,27.2562,-1.0015,-21.0469,34.7881,0.3722,0,0.4015
1472,27.2562,-1.0017,-20.9803,34.7467,0.0667,0,0.4017
1473,27.2361,-1.0735,-20.6109,34.5039,0.3768,0,0.4735
1474,27.2361,-1.0737,-20.5442,34.4630,0.0667,0,0.4737
1475,27.2202,-1.1226,-20.1679,34.2218,0.3798,0,0.5226
1476,27.2202,-1.1228,-20.1012,34.1815,0.0667,0,0.5228
1477,27.2071,-1.1493,-19.7197,33.9421,0.3827,0,0.5493
1478,27.2071,-1.1495,-19.6530,33.9023,0.0667,0,0.5495
1479,27.1959,-1.1556,-19.2673,33.6647,0.3860,0,0.5556
1480,27.1959,-1.1558,-19.2006,33.6255,0.0667,0,0.5558
1481,27.1862,-1.1446,-18.8113,33.3900,0.3896,0,0.5446
1482,27.1862,-1.1448,-18.7446,33.3513,0.0667,0,0.5448
1483,27.1775,-1.1202,-18.3520,33.1180,0.3935,0,0.5202
1484,27.1775,-1.1204,-18.2853,33.0800,0.0667,0,0.5204
1485,27.1695,-1.0864,-17.8897,32.8489,0.3972,0,0.4864
1486,27.1695,-1.0866,-17.8230,32.8115,0.0667,0,0.4866
1487,27.1620,-1.0472,-17.4245,32.5830,0.4006,0,0.4472
1488,27.1620,-1.0475,-17.3578,32.5463,0.0667,0,0.4475
1489,27.1548,-1.0063,-16.9564,32.3204,0.4036,0,0.4063
1490,27.1548,-1.0065,-16.8897,32.2843,0.0667,0,0.4065
1491,27.1480,-0.9667,-16.4855,32.0613,0.4062,0,0.3667
1492,27.1480,-0.9669,-16.4189,32.0259,0.0667,0,0.3669
1493,27.1414,-0.9308,-16.0119,31.8059,0.4086,0,0.3308
1494,27.1414,-0.9310,-15.9453,31.7712,0.0667,0,0.3310
1495,27.1350,-0.9003,-15.5356,31.5545,0.4108,0,0.3003
1496,27.1350,-0.9006,-15.4690,31.5205,0.0667,0,0.3006
1497,27.1289,-0.8764,-15.0566,31.3072,0.4131,0,0.2764
1498,27.1289,-0.8766,-14.9900,31.2740,0.0667,0,0.2766
1499,27.1229,-0.8595,-14.5750,31.0642,0.4154,0,0.2595
1500,27.1229,-0.8597,-14.5083,31.0318,0.0667,0,0.2597
1501,27.1170,-0.8494,-14.0907,30.8259,0.4178,0,0.2494
1502,27.1170,-0.8496,-14.0240,30.7942,0.0667,0,0.2496
1503,27.1114,-0.8456,-13.6038,30.5923,0.4203,0,0.2456
1504,27.1114,-0.8458,-13.5372,30.5615,0.0667,0,0.2458
1505,27.1059,-0.8473,-13.1144,30.3639,0.4228,0,0.2473
1506,27.1059,-0.8475,-13.0477,30.3339,0.0667,0,0.2475
1507,27.1006,-0.8534,-12.6225,30.1407,0.4253,0,0.2534
1508,27.1006,-0.8536,-12.5558,30.1116,0.0667,0,0.2536
1509,27.0955,-0.8628,-12.1281,29.9231,0.4279,0,0.2628
1510,27.0955,-0.8630,-12.0614,29.8949,0.0667,0,0.2630
1511,27.0905,-0.8744,-11.6312,29.7113,0.4304,0,0.2744
1512,27.0905,-0.8746,-11.5646,29.6839,0.0667,0,0.2746
1513,27.0857,-0.8870,-11.1320,29.5055,0.4328,0,0.2870
1514,27.0857,-0.8872,-11.0653,29.4791,0.0667,0,0.2872
1515,27.0810,-0.8998,-10.6303,29.3060,0.4352,0,0.2998
1516,27.0810,-0.9000,-10.5636,29.2806,0.0667,0,0.3000
1517,27.0765,-0.9119,-10.1263,29.1131,0.4376,0,0.3119
1518,27.0765,-0.9121,-10.0596,29.0887,0.0667,0,0.3121
1519,27.0721,-0.9228,-9.6199,28.9270,0.4399,0,0.3228
1520,27.0721,-0.9230,-9.5532,28.9036,0.0667,0,0.3230
1521,27.0679,-0.9321,-9.1112,28.7480,0.4421,0,0.3321
1522,27.0679,-0.9323,-9.0445,28.7256,0.0667,0,0.3323
1523,27.0639,-0.9395,-8.6002,28.5763,0.4444,0,0.3395
1524,27.0639,-0.9397,-8.5336,28.5550,0.0667,0,0.3397
1525,27.0601,-0.9450,-8.0870,28.4122,0.4466,0,0.3450
1526,27.0601,-0.9452,-8.0203,28.3920,0.0667,0,0.3452
1527,27.0564,-0.9487,-7.5715,28.2560,0.4489,0,0.3487
1528,27.0564,-0.9489,-7.5048,28.2369,0.0667,0,0.3489
1529,27.0530,-0.9507,-7.0537,28.1079,0.4511,0,0.3507
1530,27.0530,-0.9509,-6.9871,28.0900,0.0667,0,0.3509
1531,27.0603,-0.9760,-6.4991,27.9701,0.4887,0,0.3760
1532,27.0603,-0.9762,-6.4324,27.9533,0.0667,0,0.3762
1533,27.0757,-1.0199,-5.9119,27.8432,0.5226,0,0.4199
1534,27.0757,-1.0201,-5.8453,27.8277,0.0667,0,0.4201
1535,27.0945,-1.0712,-5.3047,27.7274,0.5433,0,0.4712
1536,27.0945,-1.0714,-5.2380,27.7133,0.0667,0,0.4714
1537,27.1140,-1.1225,-4.6850,27.6228,0.5558,0,0.5225
1538,27.1140,-1.1227,-4.6183,27.6103,0.0667,0,0.5227
1539,27.1328,-1.1690,-4.0573,27.5299,0.5632,0,0.5690
1540,27.1328,-1.1692,-3.9906,27.5188,0.0667,0,0.5692
1541,27.1502,-1.2076,-3.4244,27.4487,0.5678,0,0.6076
1542,27.1502,-1.2078,-3.3577,27.4391,0.0667,0,0.6078
1543,27.1657,-1.2369,-2.7880,27.3795,0.5707,0,0.6369
1544,27.1657,-1.2372,-2.7213,27.3714,0.0667,0,0.6372
1545,27.1793,-1.2566,-2.1491,27.3225,0.5728,0,0.6566
1546,27.1793,-1.2568,-2.0824,27.3160,0.0667,0,0.6568
1547,27.1908,-1.2672,-1.5082,27.2780,0.5744,0,0.6672
1548,27.1908,-1.2674,-1.4415,27.2730,0.0667,0,0.6674
1549,27.2002,-1.2696,-0.8656,27.2461,0.5760,0,0.6696
1550,27.2002,-1.2698,-0.7989,27.2427,0.0667,0,0.6698
1551,27.2075,-1.2653,-0.2215,27.2270,0.5775,0,0.6653
1552,27.2075,-1.2655,-0.1549,27.2252,0.0667,0,0.6655
1553,27.2126,-1.2560,0.4240,27.2209,0.5789,0,0.6560
1554,27.2126,-1.2562,0.4906,27.2207,0.0667,0,0.6562
1555,27.2157,-1.2433,1.0709,27.2279,0.5804,0,0.6433
1556,27.2156,-1.2435,1.1376,27.2293,0.0667,0,0.6435
1557,27.2165,-1.2289,1.7193,27.2482,0.5819,0,0.6289
1558,27.2165,-1.2291,1.7859,27.2511,0.0667,0,0.6291
1559,27.2152,-1.2142,2.3691,27.2818,0.5834,0,0.6142
1560,27.2152,-1.2144,2.4358,27.2862,0.0667,0,0.6144
1561,27.2117,-1.2003,3.0205,27.3288,0.5849,0,0.6003
1562,27.2117,-1.2001,2.9538,27.3228,0.0667,0,0.6001
1563,27.2070,-1.1873,3.4068,27.3611,0.4532,0,0.5873
1564,27.2070,-1.1871,3.3401,27.3543,0.0667,0,0.5871
1565,27.2009,-1.1768,3.7948,27.3979,0.4548,0,0.5768
1566,27.2009,-1.1766,3.7282,27.3901,0.0667,0,0.5766
1567,27.1935,-1.1691,4.1846,27.4391,0.4566,0,0.5691
1568,27.1935,-1.1688,4.1179,27.4304,0.0667,0,0.5688
1569,27.1848,-1.1643,4.5762,27.4847,0.4584,0,0.5643
1570,27.1848,-1.1641,4.5095,27.4751,0.0667,0,0.5641
1571,27.1748,-1.1623,4.9698,27.5350,0.4603,0,0.5623
1572,27.1748,-1.1621,4.9031,27.5244,0.0667,0,0.5621
1573,27.1634,-1.1631,5.3654,27.5898,0.4624,0,0.5631
1574,27.1634,-1.1629,5.2987,27.5783,0.0667,0,0.5629
1575,27.1507,-1.1661,5.7631,27.6493,0.4646,0,0.5661
1576,27.1507,-1.1659,5.6965,27.6369,0.0667,0,0.5659
1577,27.1366,-1.1711,6.1632,27.7136,0.4670,0,0.5711
1578,27.1366,-1.1709,6.0965,27.7002,0.0667,0,0.5709
1579,27.1211,-1.1776,6.5656,27.7827,0.4694,0,0.5776
1580,27.1211,-1.1774,6.4990,27.7684,0.0667,0,0.5774
1581,27.1041,-1.1853,6.9707,27.8566,0.4721,0,0.5853
1582,27.1041,-1.1851,6.9041,27.8413,0.0667,0,0.5851
1583,27.0856,-1.1937,7.3786,27.9354,0.4750,0,0.5937
1584,27.0856,-1.1935,7.3119,27.9192,0.0667,0,0.5935
1585,27.0655,-1.2026,7.7894,28.0192,0.4780,0,0.6026
1586,27.0655,-1.2023,7.7228,28.0021,0.0667,0,0.6023
1587,27.0437,-1.2117,8.2035,28.1080,0.4814,0,0.6117
1588,27.0437,-1.2115,8.1369,28.0899,0.0667,0,0.6115
1589,27.0201,-1.2209,8.6211,28.2019,0.4849,0,0.6209
1590,27.0201,-1.2207,8.5544,28.1829,0.0667,0,0.6207
1591,27.0247,-1.1515,8.9315,28.2951,0.3834,0,0.5515
1592,27.0247,-1.1513,8.8648,28.2754,0.0667,0,0.5513
1593,27.0563,-1.0177,9.1468,28.3873,0.3136,0,0.4177
1594,27.0563,-1.0175,9.0801,28.3672,0.0667,0,0.4175
1595,27.1045,-0.8541,9.3053,28.4795,0.2823,0,0.2541
1596,27.1045,-0.8539,9.2386,28.4592,0.0667,0,0.2539
1597,27.1629,-0.6845,9.4302,28.5726,0.2623,0,0.0845
1598,27.1629,-0.6843,9.3635,28.5519,0.0667,0,0.0843
1599,27.2273,-0.5248,9.5358,28.6666,0.2435,0,0.0000
1600,27.2273,-0.5246,9.4691,28.6458,0.0667,0,0.0000
1601,27.2955,-0.3852,9.6306,28.7619,0.2240,0,0.0000
1602,27.2955,-0.3850,9.5640,28.7409,0.0667,0,0.0000
1603,27.3664,-0.2715,9.7198,28.8584,0.2054,0,0.0000
1604,27.3664,-0.2714,9.6531,28.8373,0.0667,0,0.0000
1605,27.4393,-0.1865,9.8062,28.9561,0.1897,0,0.0000
1606,27.4393,-0.1863,9.7396,28.9349,0.0667,0,0.0000
1607,27.5141,-0.1298,9.8916,29.0551,0.1786,0,0.0000
1608,27.5141,-0.1296,9.8249,29.0338,0.0667,0,0.0000
1609,27.5906,-0.0995,9.9765,29.1554,0.1725,0,0.0000
1610,27.5906,-0.0993,9.9099,29.1340,0.0667,0,0.0000
1611,27.6687,-0.0920,10.0614,29.2569,0.1706,0,0.0000
1612,27.6687,-0.0918,9.9947,29.2353,0.0667,0,0.0000
1613,27.7483,-0.1029,10.1461,29.3595,0.1714,0,0.0000
1614,27.7483,-0.1027,10.0794,29.3378,0.0667,0,0.0000
1615,27.8295,-0.1273,10.2303,29.4633,0.1730,0,0.0000
1616,27.8295,-0.1271,10.1636,29.4415,0.0667,0,0.0000
1617,27.9121,-0.1603,10.3135,29.5682,0.1744,0,0.0000
1618,27.9121,-0.1601,10.2468,29.5463,0.0667,0,0.0000
1619,27.9963,-0.1972,10.3951,29.6741,0.1745,0,0.0000
1620,27.9963,-0.1970,10.3284,29.6521,0.0667,0,0.0000
1621,28.0823,-0.2338,10.4744,29.7811,0.1734,0,0.0000
1622,28.0823,-0.2336,10.4078,29.7590,0.0667,0,0.0000
1623,28.1701,-0.2663,10.5506,29.8889,0.1709,0,0.0000
1624,28.1701,-0.2662,10.4840,29.8667,0.0667,0,0.0000
1625,28.2601,-0.2920,10.6226,29.9975,0.1673,0,0.0000
1626,28.2601,-0.2918,10.5560,29.9753,0.0667,0,0.0000
1627,28.3695,-0.2663,10.6315,30.1038,0.1353,0,0.0000
1628,28.3695,-0.2661,10.5648,30.0816,0.0667,0,0.0000
1629,28.5330,-0.0989,10.4473,30.1995,0.2617,0,0.0000
1630,28.5330,-0.0988,10.3806,30.1777,0.0667,0,0.0000
1631,28.7235,0.1453,10.1431,30.2870,0.3903,0,0.0000
1632,28.7235,0.1454,10.0764,30.2660,0.0667,0,0.0000
1633,28.9232,0.4208,9.7647,30.3677,0.4613,0,0.0000
1634,28.9232,0.4209,9.6981,30.3475,0.0667,0,0.0000
1635,29.1214,0.6952,9.3417,30.4423,0.4915,0,0.0000
1636,29.1214,0.6953,9.2750,30.4231,0.0667,0,0.0000
1637,29.3126,0.9463,8.8924,30.5113,0.4959,0,0.0000
1638,29.3126,0.9464,8.8258,30.4931,0.0667,0,0.0000
1639,29.4944,1.1595,8.4286,30.5749,0.4860,0,0.0000
1640,29.4944,1.1596,8.3620,30.5578,0.0667,0,0.0000
1641,29.6658,1.3266,7.9575,30.6332,0.4700,0,0.0000
1642,29.6658,1.3267,7.8909,30.6172,0.0667,0,0.0000
1643,29.8268,1.4445,7.4834,30.6864,0.4536,0,0.0000
1644,29.8268,1.4446,7.4168,30.6714,0.0667,0,0.0000
1645,29.9773,1.5139,7.0090,30.7344,0.4402,0,0.0000
1646,29.9773,1.5140,6.9423,30.7205,0.0667,0,0.0000
1647,30.1172,1.5389,6.5355,30.7774,0.4309,0,0.0000
1648,30.1172,1.5390,6.4689,30.7645,0.0667,0,0.0000
1649,30.2464,1.5259,6.0639,30.8152,0.4253,0,0.0000
1650,30.2464,1.5260,5.9972,30.8034,0.0667,0,0.0000
1651,30.3643,1.4826,5.5942,30.8480,0.4221,0,0.0000
1652,30.3643,1.4826,5.5276,30.8372,0.0667,0,0.0000
1653,30.4705,1.4173,5.1266,30.8757,0.4199,0,0.0000
1654,30.4705,1.4173,5.0600,30.8659,0.0667,0,0.0000
1655,30.5646,1.3384,4.6607,30.8983,0.4177,0,0.0000
1656,30.5646,1.3385,4.5941,30.8896,0.0667,0,0.0000
1657,30.6461,1.2540,4.1962,30.9159,0.4149,0,0.0000
1658,30.6461,1.2540,4.1295,30.9081,0.0667,0,0.0000
1659,30.7149,1.1708,3.7324,30.9283,0.4116,0,0.0000
1660,30.7149,1.1708,3.6657,30.9216,0.0667,0,0.0000
1661,30.7708,1.0946,3.2686,30.9356,0.4082,0,0.0000
1662,30.7708,1.0946,3.2019,30.9299,0.0667,0,0.0000
1663,30.8137,1.0298,2.8041,30.9378,0.4054,0,0.0000
1664,30.8137,1.0298,2.7374,30.9330,0.0667,0,0.0000
1665,30.8436,0.9793,2.3378,30.9347,0.4038,0,0.0000
1666,30.8436,0.9793,2.2712,30.9309,0.0667,0,0.0000
1667,30.8603,0.9449,1.8688,30.9263,0.4042,0,0.0000
1668,30.8603,0.9449,1.8022,30.9235,0.0667,0,0.0000
1669,30.8637,0.9269,1.3959,30.9125,0.4067,0,0.0000
1670,30.8637,0.9269,1.3292,30.9108,0.0667,0,0.0000
1671,30.8537,0.9250,0.9177,30.8933,0.4116,0,0.0000
1672,30.8537,0.9250,0.8510,30.8926,0.0667,0,0.0000
1673,30.8299,0.9380,0.4328,30.8685,0.4191,0,0.0000
1674,30.8299,0.9380,0.3662,30.8688,0.0667,0,0.0000
1675,30.7919,0.9641,-0.0603,30.8379,0.4290,0,0.0000
1676,30.7919,0.9641,-0.1270,30.8394,0.0667,0,0.0000
1677,30.7392,1.0008,-0.5627,30.8015,0.4404,0,0.0000
1678,30.7392,1.0008,-0.6293,30.8041,0.0667,0,0.0000
1679,30.6855,0.9714,-0.9683,30.7640,0.3445,0,0.0000
1680,30.6855,0.9714,-1.0350,30.7674,0.0667,0,0.0000
1681,30.6346,0.8811,-1.2808,30.7259,0.2668,0,0.0000
1682,30.6346,0.8812,-1.3474,30.7300,0.0667,0,0.0000
1683,30.5849,0.7564,-1.5306,30.6867,0.2272,0,0.0000
1684,30.5849,0.7564,-1.5973,30.6913,0.0667,0,0.0000
1685,30.5352,0.6160,-1.7370,30.6461,0.2042,0,0.0000
1686,30.5352,0.6161,-1.8036,30.6512,0.0667,0,0.0000
1687,30.4846,0.4737,-1.9118,30.6040,0.1858,0,0.0000
1688,30.4846,0.4737,-1.9785,30.6095,0.0667,0,0.0000
1689,30.4328,0.3391,-2.0627,30.5605,0.1671,0,0.0000
1690,30.4328,0.3392,-2.1294,30.5664,0.0667,0,0.0000
1691,30.3795,0.2188,-2.1944,30.5157,0.1468,0,0.0000
1692,30.3795,0.2189,-2.2611,30.5218,0.0667,0,0.0000
1693,30.3251,0.1168,-2.3101,30.4696,0.1256,0,0.0000
1694,30.3251,0.1169,-2.3767,30.4760,0.0667,0,0.0000
1695,30.2697,0.0350,-2.4117,30.4225,0.1049,0,0.0000
1696,30.2697,0.0351,-2.4784,30.4291,0.0667,0,0.0000
1697,30.2136,-0.0264,-2.5008,30.3743,0.0862,0,0.0000
1698,30.2136,-0.0266,-2.4341,30.3676,0.0667,0,0.0000
1699,30.1609,-0.0691,-2.3116,30.3025,0.1400,0,0.0000
1700,30.1609,-0.0692,-2.2450,30.2963,0.0667,0,0.0000
1701,30.1116,-0.0946,-2.1117,30.2347,0.1444,0,0.0000
1702,30.1116,-0.0948,-2.0450,30.2289,0.0667,0,0.0000
1703,30.0659,-0.1059,-1.9015,30.1711,0.1510,0,0.0000
1704,30.0659,-0.1061,-1.8349,30.1657,0.0667,0,0.0000
1705,30.0238,-0.1061,-1.6818,30.1119,0.1587,0,0.0000
1706,30.0238,-0.1062,-1.6152,30.1070,0.0667,0,0.0000
1707,29.9853,-0.0982,-1.4530,30.0575,0.1669,0,0.0000
1708,29.9854,-0.0984,-1.3863,30.0531,0.0667,0,0.0000
1709,29.9505,-0.0854,-1.2155,30.0079,0.1748,0,0.0000
1710,29.9505,-0.0855,-1.1488,30.0040,0.0667,0,0.0000
1711,29.9193,-0.0702,-0.9697,29.9634,0.1824,0,0.0000
1712,29.9193,-0.0703,-0.9031,29.9601,0.0667,0,0.0000
1713,29.8918,-0.0549,-0.7161,29.9243,0.1896,0,0.0000
1714,29.8918,-0.0551,-0.6495,29.9215,0.0667,0,0.0000
1715,29.8704,-0.1777,-0.4989,29.8924,0.1954,0,0.0000
1716,29.8704,-0.1776,-0.4322,29.8901,0.0667,0,0.0000
1717,29.8542,-0.5086,-0.3306,29.8678,0.3466,0,0.0000
1718,29.8542,-0.5079,-0.2639,29.8659,0.0667,0,0.0000
1719,29.8381,-0.7786,-0.1236,29.8466,0.3054,0,0.1786
1720,29.8380,-0.7773,-0.0570,29.8451,0.0667,0,0.1773
1721,29.8237,-0.9488,0.1155,29.8291,0.2437,0,0.3488
1722,29.8237,-0.9468,0.1821,29.8282,0.0666,0,0.3468
1723,29.8124,-1.0277,0.3756,29.8161,0.2100,0,0.4277
1724,29.8124,-1.0250,0.4422,29.8157,0.0666,0,0.4250
1725,29.8048,-1.0276,0.6495,29.8080,0.2075,0,0.4276
1726,29.8048,-1.0241,0.7160,29.8082,0.0666,0,0.4241
1727,29.8007,-0.9632,0.9326,29.8051,0.2250,0,0.3632
1728,29.8007,-0.9589,0.9990,29.8060,0.0665,0,0.3589
1729,29.7996,-0.8495,1.2218,29.8079,0.2482,0,0.2495
1730,29.7996,-0.8445,1.2881,29.8093,0.0665,0,0.2445
1731,29.8011,-0.7016,1.5151,29.8164,0.2683,0,0.1016
1732,29.8010,-0.6957,1.5812,29.8184,0.0664,0,0.0957
1733,29.8047,-0.5330,1.8113,29.8308,0.2818,0,0.0000
1734,29.8046,-0.5263,1.8772,29.8335,0.0663,0,0.0000
1735,29.8104,-0.3555,2.1094,29.8513,0.2883,0,0.0000
1736,29.8102,-0.3480,2.1752,29.8546,0.0662,0,0.0000
1737,29.8198,-0.2502,2.3952,29.8779,0.2409,0,0.0000
1738,29.8196,-0.2420,2.4609,29.8819,0.0662,0,0.0000
1739,29.8329,-0.1883,2.6790,29.9104,0.2250,0,0.0000
1740,29.8331,-0.1971,2.6135,29.9060,0.0661,0,0.0000
1741,29.8462,-0.1318,2.7071,29.9265,0.1149,0,0.0000
1742,29.8465,-0.1412,2.6418,29.9221,0.0660,0,0.0000
1743,29.8595,-0.0850,2.7420,29.9431,0.1156,0,0.0000
1744,29.8598,-0.0947,2.6767,29.9385,0.0659,0,0.0000
1745,29.8729,-0.0499,2.7819,29.9599,0.1151,0,0.0000
1746,29.8732,-0.0598,2.7167,29.9554,0.0659,0,0.0000
1747,29.8865,-0.0268,2.8255,29.9772,0.1144,0,0.0000
1748,29.8869,-0.0366,2.7603,29.9725,0.0659,0,0.0000
1749,29.9004,-0.0148,2.8712,29.9948,0.1139,0,0.0000
1750,29.9008,-0.0245,2.8060,29.9900,0.0659,0,0.0000
1751,29.9147,-0.0123,2.9178,30.0127,0.1133,0,0.0000
1752,29.9151,-0.0218,2.8525,30.0078,0.0660,0,0.0000
1753,29.9293,-0.0173,2.9639,30.0308,0.1124,0,0.0000
1754,29.9298,-0.0267,2.8985,30.0259,0.0660,0,0.0000
1755,29.9445,-0.0279,3.0082,30.0493,0.1107,0,0.0000
1756,29.9449,-0.0370,2.9429,30.0443,0.0660,0,0.0000
1757,29.9601,-0.0420,3.0497,30.0680,0.1081,0,0.0000
1758,29.9606,-0.0510,2.9843,30.0629,0.0660,0,0.0000
1759,29.9762,-0.0579,3.0872,30.0869,0.1043,0,0.0000
1760,29.9767,-0.0668,3.0218,30.0818,0.0661,0,0.0000
1761,29.9929,-0.0746,3.1199,30.1059,0.0998,0,0.0000
1762,29.9934,-0.0834,3.0544,30.1008,0.0661,0,0.0000
1763,30.0062,-0.2264,3.2899,30.1318,0.2758,0,0.0000
1764,30.0066,-0.2351,3.2244,30.1263,0.0661,0,0.0000
1765,30.0141,-0.4573,3.5724,30.1646,0.4130,0,0.0000
1766,30.0145,-0.4658,3.5069,30.1584,0.0661,0,0.0000
1767,30.0169,-0.7060,3.9028,30.2019,0.4631,0,0.1060
1768,30.0172,-0.7142,3.8372,30.1950,0.0662,0,0.1142
1769,30.0143,-0.9661,4.2669,30.2437,0.4982,0,0.3661
1770,30.0145,-0.9737,4.2012,30.2361,0.0662,0,0.3737
1771,30.0087,-1.2207,4.6328,30.2893,0.4973,0,0.6207
1772,30.0089,-1.2277,4.5669,30.2808,0.0663,0,0.6277
1773,30.0016,-1.4633,4.9909,30.3383,0.4851,0,0.8633
1774,30.0017,-1.4695,4.9248,30.3291,0.0664,0,0.8695
1775,29.9935,-1.6925,5.3408,30.3908,0.4720,0,1.0925
1776,29.9936,-1.6979,5.2746,30.3807,0.0664,0,1.0979
1777,29.9853,-1.9082,5.6822,30.4467,0.4588,0,1.3082
1778,29.9853,-1.9126,5.6158,30.4358,0.0665,0,1.3126
1779,29.9773,-2.1114,6.0149,30.5059,0.4460,0,1.5114
1780,29.9773,-2.1146,5.9484,30.4943,0.0666,0,1.5146
1781,29.9628,-2.3292,6.3806,30.5707,0.4828,0,1.7292
1782,29.9628,-2.3311,6.3139,30.5582,0.0666,0,1.7311
1783,29.9427,-2.5366,6.7777,30.6414,0.5077,0,1.9366
1784,29.9427,-2.5373,6.7110,30.6280,0.0667,0,1.9373
1785,29.9187,-2.7314,7.1931,30.7178,0.5202,0,2.1314
1786,29.9187,-2.7311,7.1264,30.7035,0.0667,0,2.1311
1787,29.8897,-2.9396,7.6203,30.7998,0.5368,0,2.3396
1788,29.8897,-2.9384,7.5536,30.7845,0.0667,0,2.3384
1789,29.8523,-3.1962,8.0565,30.8869,0.5663,0,2.5962
1790,29.8523,-3.1943,7.9899,30.8707,0.0666,0,2.5943
1791,29.8075,-3.4839,8.4951,30.9785,0.5840,0,2.8839
1792,29.8075,-3.4814,8.4285,30.9614,0.0666,0,2.8814
1793,29.7538,-3.7822,8.9417,31.0735,0.5973,0,3.1822
1794,29.7539,-3.7789,8.8752,31.0554,0.0666,0,3.1789
1795,29.6905,-4.0863,9.3977,31.1717,0.6095,0,3.4863
1796,29.6906,-4.0823,9.3313,31.1526,0.0665,0,3.4823
1797,29.6189,-4.3814,9.8624,31.2729,0.6138,0,3.7814
1798,29.6191,-4.3767,9.7961,31.2529,0.0665,0,3.7767
1799,29.5507,-4.6469,10.3116,31.3783,0.5861,0,4.0469
1800,29.5510,-4.6415,10.2454,31.3573,0.0664,0,4.0415
1801,29.4944,-4.8487,10.7415,31.4882,0.5406,0,4.2487
1802,29.4947,-4.8426,10.6754,31.4664,0.0664,0,4.2426
1803,29.4483,-4.9762,11.1691,31.6034,0.5135,0,4.3762
1804,29.4487,-4.9694,11.1031,31.5807,0.0663,0,4.3694
1805,29.4128,-5.0219,11.6002,31.7240,0.5012,0,4.4219
1806,29.4132,-5.0145,11.5344,31.7005,0.0662,0,4.4145
1807,29.3878,-4.9946,12.0338,31.8505,0.5004,0,4.3946
1808,29.3881,-4.9865,11.9681,31.8262,0.0662,0,4.3865
1809,29.3669,-4.9650,12.4618,31.9840,0.4946,0,4.3650
1810,29.3673,-4.9562,12.3963,31.9588,0.0661,0,4.3562
1811,29.3450,-4.9652,12.8860,32.1241,0.4902,0,4.3652
1812,29.3453,-4.9557,12.8207,32.0981,0.0660,0,4.3557
1813,29.3192,-4.9792,13.3173,32.2705,0.4979,0,4.3792
1814,29.3195,-4.9691,13.2522,32.2437,0.0659,0,4.3691
1815,29.2923,-4.9664,13.7619,32.4226,0.5104,0,4.3664
1816,29.2925,-4.9560,13.6969,32.3951,0.0658,0,4.3560
1817,29.2632,-4.9255,14.2205,32.5803,0.5253,0,4.3255
1818,29.2635,-4.9150,14.1555,32.5520,0.0658,0,4.3150
1819,29.2315,-4.8563,14.6924,32.7435,0.5410,0,4.2563
1820,29.2317,-4.8459,14.6274,32.7144,0.0658,0,4.2459
1821,29.1968,-4.7681,15.1744,32.9123,0.5536,0,4.1681
1822,29.1970,-4.7578,15.1094,32.8824,0.0658,0,4.1578
1823,29.1590,-4.6735,15.6627,33.0868,0.5610,0,4.0735
1824,29.1591,-4.6633,15.5976,33.0561,0.0659,0,4.0633
1825,29.1182,-4.5826,16.1541,33.2672,0.5639,0,3.9826
1826,29.1183,-4.5727,16.0890,33.2357,0.0659,0,3.9727
1827,29.0747,-4.5030,16.6467,33.4536,0.5638,0,3.9030
1828,29.0748,-4.4933,16.5815,33.4213,0.0659,0,3.8933
1829,29.0289,-4.4388,17.1393,33.6463,0.5623,0,3.8388
1830,29.0290,-4.4293,17.0740,33.6132,0.0660,0,3.8293
1831,28.9725,-4.1460,17.6867,33.8391,0.6774,0,3.5460
1832,28.9726,-4.1370,17.6213,33.8052,0.0660,0,3.5370
1833,28.9150,-3.6159,18.2577,34.0317,0.8246,0,3.0159
1834,28.9150,-3.6076,18.1921,33.9969,0.0661,0,3.0076
1835,28.8761,-3.2015,18.7610,34.2291,0.7001,0,2.6015
1836,28.8760,-3.1941,18.6951,34.1936,0.0663,0,2.5941
1837,28.8323,-2.8626,19.2535,34.4329,0.6508,0,2.2626
1838,28.8322,-2.8561,19.1875,34.3966,0.0663,0,2.2561
1839,28.7845,-2.5859,19.7398,34.6425,0.6167,0,1.9859
1840,28.7845,-2.5802,19.6736,34.6056,0.0664,0,1.9802
1841,28.7337,-2.3555,20.2228,34.8579,0.5955,0,1.7555
1842,28.7337,-2.3507,20.1564,34.8203,0.0665,0,1.7507
1843,28.6806,-2.1551,20.7042,35.0787,0.5840,0,1.5551
1844,28.6806,-2.1512,20.6377,35.0405,0.0666,0,1.5512
1845,28.6260,-1.9690,21.1850,35.3049,0.5794,0,1.3690
1846,28.6260,-1.9659,21.1185,35.2660,0.0666,0,1.3659
1847,28.5704,-1.7828,21.6655,35.5363,0.5795,0,1.1828
1848,28.5704,-1.7805,21.5989,35.4968,0.0666,0,1.1805
1849,28.5145,-1.5844,22.1456,35.7728,0.5835,0,0.9844
1850,28.5145,-1.5830,22.0789,35.7326,0.0667,0,0.9830
1851,28.4585,-1.3643,22.6249,36.0144,0.5908,0,0.7643
1852,28.4585,-1.3638,22.5582,35.9736,0.0667,0,0.7638
1853,28.4026,-1.1126,23.1028,36.2609,0.6024,0,0.5126
1854,28.4026,-1.1129,23.0361,36.2195,0.0667,0,0.5129
1855,28.3445,-0.9358,23.5798,36.5121,0.5747,0,0.3358
1856,28.3445,-0.9367,23.5131,36.4701,0.0667,0,0.3367
1857,28.2839,-0.8584,24.0577,36.7679,0.5535,0,0.2584
1858,28.2839,-0.8596,23.9910,36.7253,0.0667,0,0.2596
1859,28.2212,-0.8577,24.5373,37.0283,0.5499,0,0.2577
1860,28.2212,-0.8589,24.4707,36.9852,0.0667,0,0.2589
1861,28.1567,-0.9094,25.0187,37.2934,0.5542,0,0.3094
1862,28.1566,-0.9104,24.9521,37.2497,0.0667,0,0.3104
1863,28.0902,-0.9908,25.5020,37.5631,0.5597,0,0.3908
1864,28.0902,-0.9916,25.4353,37.5188,0.0667,0,0.3916
1865,28.0218,-1.0832,25.9873,37.8373,0.5637,0,0.4832
1866,28.0218,-1.0837,25.9206,37.7926,0.0667,0,0.4837
1867,28.0424,-1.0967,26.3715,38.1118,0.4515,0,0.4967
1868,28.0424,-1.0970,26.3048,38.0667,0.0667,0,0.4970
1869,28.1448,-1.0353,26.6660,38.3861,0.3805,0,0.4353
1870,28.1448,-1.0353,26.5993,38.3408,0.0667,0,0.4353
1871,28.2980,-0.9257,26.9064,38.6609,0.3603,0,0.3257
1872,28.2980,-0.9256,26.8398,38.6155,0.0667,0,0.3256
1873,28.4822,-0.7880,27.1143,38.9365,0.3581,0,0.1880
1874,28.4822,-0.7878,27.0476,38.8911,0.0667,0,0.1878
1875,28.6854,-0.6381,27.3024,39.2130,0.3586,0,0.0381
1876,28.6854,-0.6378,27.2358,39.1676,0.0667,0,0.0378
1877,28.9004,-0.4888,27.4785,39.4904,0.3568,0,0.0000
1878,28.9004,-0.4885,27.4118,39.4450,0.0667,0,0.0000
1879,29.1230,-0.3502,27.6467,39.7686,0.3520,0,0.0000
1880,29.1230,-0.3499,27.5800,39.7232,0.0667,0,0.0000
1881,29.3513,-0.2297,27.8096,40.0476,0.3453,0,0.0000
1882,29.3513,-0.2294,27.7429,40.0023,0.0667,0,0.0000
1883,29.5843,-0.1320,27.9682,40.3274,0.3385,0,0.0000
1884,29.5843,-0.1317,27.9016,40.2821,0.0667,0,0.0000
1885,29.8219,-0.0593,28.1231,40.6078,0.3328,0,0.0000
1886,29.8219,-0.0590,28.0564,40.5626,0.0667,0,0.0000
1887,30.0641,-0.0111,28.2740,40.8888,0.3291,0,0.0000
1888,30.0641,-0.0109,28.2074,40.8436,0.0667,0,0.0000
1889,30.3113,0.0147,28.4205,41.1702,0.3274,0,0.0000
1890,30.3113,0.0149,28.3539,41.1252,0.0667,0,0.0000
1891,30.5641,0.0220,28.5618,41.4521,0.3274,0,0.0000
1892,30.5641,0.0222,28.4951,41.4071,0.0667,0,0.0000
1893,30.8232,0.0157,28.6967,41.7342,0.3283,0,0.0000
1894,30.8232,0.0158,28.6300,41.6893,0.0667,0,0.0000
1895,31.0896,0.0011,28.8237,42.0165,0.3297,0,0.0000
1896,31.0896,0.0012,28.7570,41.9717,0.0667,0,0.0000
1897,31.3639,-0.0167,28.9418,42.2987,0.3312,0,0.0000
1898,31.3639,-0.0165,28.8752,42.2540,0.0667,0,0.0000
1899,31.7301,0.0436,28.9485,42.5763,0.3783,0,0.0000
1900,31.7301,0.0438,28.8819,42.5319,0.0667,0,0.0000
1901,32.1762,0.1727,28.8531,42.8488,0.4652,0,0.0000
1902,32.1762,0.1728,28.7864,42.8048,0.0667,0,0.0000
1903,32.6690,0.3402,28.6901,43.1170,0.5293,0,0.0000
1904,32.6690,0.3403,28.6235,43.0735,0.0667,0,0.0000
1905,33.1879,0.5256,28.4810,43.3810,0.5692,0,0.0000
1906,33.1879,0.5258,28.4144,43.3382,0.0667,0,0.0000
1907,33.7206,0.7146,28.2387,43.6411,0.5918,0,0.0000
1908,33.7206,0.7147,28.1721,43.5989,0.0667,0,0.0000
1909,34.2598,0.8970,27.9709,43.8972,0.6037,0,0.0000
1910,34.2598,0.8971,27.9042,43.8556,0.0667,0,0.0000
1911,34.8015,1.0660,27.6817,44.1491,0.6095,0,0.0000
1912,34.8015,1.0662,27.6151,44.1082,0.0667,0,0.0000
1913,35.3438,1.2174,27.3732,44.3968,0.6128,0,0.0000
1914,35.3438,1.2176,27.3065,44.3565,0.0667,0,0.0000
1915,35.8858,1.3492,27.0456,44.6399,0.6158,0,0.0000
1916,35.8858,1.3494,26.9789,44.6004,0.0667,0,0.0000
1917,36.4275,1.4614,26.6983,44.8784,0.6202,0,0.0000
1918,36.4275,1.4615,26.6316,44.8396,0.0667,0,0.0000
1919,36.9690,1.5554,26.3297,45.1119,0.6271,0,0.0000
1920,36.9690,1.5556,26.2630,45.0739,0.0667,0,0.0000
1921,37.5110,1.6344,25.9376,45.3403,0.6370,0,0.0000
1922,37.5110,1.6346,25.8710,45.3031,0.0667,0,0.0000
1923,38.0538,1.7025,25.5191,45.5633,0.6505,0,0.0000
1924,38.0538,1.7026,25.4525,45.5268,0.0667,0,0.0000
1925,38.5983,1.7645,25.0706,45.7805,0.6679,0,0.0000
1926,38.5983,1.7646,25.0039,45.7449,0.0667,0,0.0000
1927,39.1441,1.8248,24.5896,45.9917,0.6879,0,0.0000
1928,39.1441,1.8249,24.5229,45.9569,0.0667,0,0.0000
1929,39.7326,1.9511,23.9888,46.1929,0.8047,0,0.0000
1930,39.7326,1.9512,23.9222,46.1591,0.0667,0,0.0000
1931,40.3491,2.1307,23.2813,46.3838,0.9072,0,0.0000
1932,40.3491,2.1308,23.2146,46.3512,0.0667,0,0.0000
1933,40.9709,2.3337,22.5008,46.5652,0.9681,0,0.0000
1934,40.9709,2.3337,22.4341,46.5338,0.0667,0,0.0000
1935,41.5842,2.5402,21.6682,46.7373,1.0028,0,0.0000
1936,41.5842,2.5402,21.6015,46.7072,0.0667,0,0.0000
1937,42.1812,2.7368,20.7965,46.9002,1.0213,0,0.0000
1938,42.1812,2.7368,20.7298,46.8715,0.0667,0,0.0000
1939,42.7572,2.9144,19.8939,47.0538,1.0305,0,0.0000
1940,42.7572,2.9144,19.8273,47.0265,0.0667,0,0.0000
1941,43.3093,3.0675,18.9660,47.1983,1.0344,0,0.0000
1942,43.3093,3.0676,18.8993,47.1723,0.0667,0,0.0000
1943,43.8358,3.1931,18.0163,47.3333,1.0357,0,0.0000
1944,43.8358,3.1932,17.9496,47.3088,0.0667,0,0.0000
1945,44.3353,3.2904,17.0473,47.4591,1.0359,0,0.0000
1946,44.3353,3.2904,16.9807,47.4359,0.0667,0,0.0000
1947,44.8069,3.3602,16.0612,47.5753,1.0357,0,0.0000
1948,44.8069,3.3602,15.9945,47.5537,0.0667,0,0.0000
1949,45.2496,3.4047,15.0594,47.6822,1.0355,0,0.0000
1950,45.2496,3.4047,14.9927,47.6620,0.0667,0,0.0000
1951,45.6624,3.4273,14.0434,47.7796,1.0354,0,0.0000
1952,45.6624,3.4273,13.9767,47.7608,0.0667,0,0.0000
1953,46.0445,3.4317,13.0145,47.8674,1.0353,0,0.0000
1954,46.0445,3.4317,12.9478,47.8501,0.0667,0,0.0000
1955,46.3951,3.4220,11.9739,47.9458,1.0352,0,0.0000
1956,46.3951,3.4219,11.9072,47.9300,0.0667,0,0.0000
1957,46.7134,3.4022,10.9228,48.0146,1.0349,0,0.0000
1958,46.7134,3.4021,10.8561,48.0003,0.0667,0,0.0000
1959,46.9989,3.3761,9.8622,48.0740,1.0344,0,0.0000
1960,46.9989,3.3760,9.7956,48.0611,0.0667,0,0.0000
1961,47.2510,3.3469,8.7934,48.1239,1.0338,0,0.0000
1962,47.2510,3.3468,8.7268,48.1125,0.0667,0,0.0000
1963,47.4693,3.3172,7.7175,48.1643,1.0330,0,0.0000
1964,47.4693,3.3172,7.6508,48.1545,0.0667,0,0.0000
1965,47.6534,3.2891,6.6354,48.1953,1.0323,0,0.0000
1966,47.6534,3.2891,6.5687,48.1870,0.0667,0,0.0000
1967,47.8028,3.2465,5.5726,48.2177,1.0082,0,0.0000
1968,47.8028,3.2464,5.5059,48.2109,0.0667,0,0.0000
1969,47.9191,3.1505,4.5880,48.2335,0.9302,0,0.0000
1970,47.9192,3.1505,4.5213,48.2280,0.0667,0,0.0000
1971,48.0069,3.0227,3.6598,48.2426,0.8754,0,0.0000
1972,48.0069,3.0226,3.5931,48.2383,0.0667,0,0.0000
1973,48.0686,2.8786,2.7737,48.2448,0.8343,0,0.0000
1974,48.0686,2.8786,2.7070,48.2417,0.0667,0,0.0000
1975,48.1061,2.7303,1.9204,48.2402,0.8013,0,0.0000
1976,48.1061,2.7303,1.8538,48.2383,0.0667,0,0.0000
1977,48.1206,2.5866,1.0938,48.2288,0.7736,0,0.0000
1978,48.1206,2.5865,1.0271,48.2282,0.0667,0,0.0000
1979,48.1134,2.4537,0.2895,48.2110,0.7495,0,0.0000
1980,48.1134,2.4537,0.2229,48.2114,0.0667,0,0.0000
1981,48.0855,2.3360,-0.4953,48.1867,0.7283,0,0.0000
1982,48.0855,2.3360,-0.5620,48.1882,0.0667,0,0.0000
1983,48.0377,2.2360,-1.2630,48.1560,0.7097,0,0.0000
1984,48.0377,2.2360,-1.3297,48.1586,0.0667,0,0.0000
1985,47.9709,2.1545,-2.0153,48.1191,0.6937,0,0.0000
1986,47.9709,2.1545,-2.0819,48.1228,0.0667,0,0.0000
1987,47.8858,2.0914,-2.7537,48.0761,0.6800,0,0.0000
1988,47.8858,2.0914,-2.6870,48.0716,0.0667,0,0.0000
1989,47.7895,2.0457,-3.2129,48.0116,0.5366,0,0.0000
1990,47.7895,2.0457,-3.1463,48.0064,0.0667,0,0.0000
1991,47.6823,2.0156,-3.6612,47.9408,0.5268,0,0.0000
1992,47.6823,2.0155,-3.5945,47.9349,0.0667,0,0.0000
1993,47.5647,1.9988,-4.0998,47.8636,0.5191,0,0.0000
1994,47.5647,1.9987,-4.0331,47.8572,0.0667,0,0.0000
1995,47.4370,1.9928,-4.5303,47.7804,0.5133,0,0.0000
1996,47.4370,1.9927,-4.4636,47.7733,0.0667,0,0.0000
1997,47.2993,1.9954,-4.9540,47.6910,0.5094,0,0.0000
1998,47.2993,1.9953,-4.8874,47.6833,0.0667,0,0.0000
1999,47.1517,2.0043,-5.3727,47.5955,0.5073,0,0.0000
2000,47.1517,2.0042,-5.3060,47.5872,0.0667,0,0.0000
2001,46.9941,2.0178,-5.7879,47.4940,0.5071,0,0.0000
2002,46.9941,2.0177,-5.7212,47.4851,0.0667,0,0.0000
2003,46.8265,2.0345,-6.2013,47.3863,0.5088,0,0.0000
2004,46.8265,2.0344,-6.1347,47.3768,0.0667,0,0.0000
2005,46.6484,2.0534,-6.6150,47.2725,0.5127,0,0.0000
2006,46.6484,2.0533,-6.5484,47.2624,0.0667,0,0.0000
2007,46.4594,2.0740,-7.0311,47.1524,0.5188,0,0.0000
2008,46.4594,2.0740,-6.9644,47.1417,0.0667,0,0.0000
2009,46.2588,2.0965,-7.4517,47.0259,0.5274,0,0.0000
2010,46.2588,2.0964,-7.3850,47.0146,0.0667,0,0.0000
2011,46.0458,2.1211,-7.8794,46.8929,0.5389,0,0.0000
2012,46.0458,2.1210,-7.8127,46.8810,0.0667,0,0.0000
2013,45.8191,2.1486,-8.3170,46.7532,0.5536,0,0.0000
2014,45.8191,2.1485,-8.2504,46.7406,0.0667,0,0.0000
2015,45.5774,2.1801,-8.7677,46.6064,0.5719,0,0.0000
2016,45.5774,2.1801,-8.7011,46.5931,0.0667,0,0.0000
2017,45.3195,2.2157,-9.2332,46.4523,0.5924,0,0.0000
2018,45.3195,2.2157,-9.1665,46.4383,0.0667,0,0.0000
2019,45.1359,2.0412,-9.4056,46.2997,0.3483,0,0.0000
2020,45.1359,2.0411,-9.3389,46.2854,0.0667,0,0.0000
2021,45.0230,1.6901,-9.3132,46.1511,0.3696,0,0.0000
2022,45.0230,1.6900,-9.2466,46.1369,0.0667,0,0.0000
2023,44.9508,1.2502,-9.0576,46.0068,0.4841,0,0.0000
2024,44.9508,1.2502,-8.9910,45.9929,0.0667,0,0.0000
2025,44.9000,0.7817,-8.7006,45.8671,0.5536,0,0.0000
2026,44.9000,0.7816,-8.6339,45.8537,0.0667,0,0.0000
2027,44.8594,0.3259,-8.2801,45.7327,0.5784,0,0.0000
2028,44.8594,0.3258,-8.2134,45.7199,0.0667,0,0.0000
2029,44.8234,-0.0888,-7.8193,45.6040,0.5731,0,0.0000
2030,44.8234,-0.0888,-7.7527,45.5918,0.0667,0,0.0000
2031,44.7900,-0.4439,-7.3326,45.4815,0.5511,0,0.0000
2032,44.7900,-0.4441,-7.2659,45.4700,0.0667,0,0.0000
2033,44.7585,-0.7295,-6.8286,45.3655,0.5232,0,0.1295
2034,44.7585,-0.7297,-6.7619,45.3547,0.0667,0,0.1297
2035,44.7293,-0.9419,-6.3126,45.2565,0.4978,0,0.3419
2036,44.7293,-0.9420,-6.2460,45.2464,0.0667,0,0.3420
2037,44.7027,-1.0827,-5.7879,45.1547,0.4799,0,0.4827
2038,44.7027,-1.0829,-5.7212,45.1453,0.0667,0,0.4829
2039,44.6789,-1.1578,-5.2563,45.0603,0.4715,0,0.5578
2040,44.6789,-1.1580,-5.1896,45.0517,0.0667,0,0.5580
2041,44.6581,-1.1760,-4.7190,44.9736,0.4714,0,0.5760
2042,44.6581,-1.1762,-4.6523,44.9658,0.0667,0,0.5762
2043,44.6401,-1.1478,-4.1767,44.8947,0.4768,0,0.5478
2044,44.6401,-1.1480,-4.1100,44.8878,0.0667,0,0.5480
2045,44.6245,-1.0845,-3.6298,44.8240,0.4846,0,0.4845
2046,44.6245,-1.0848,-3.5632,44.8178,0.0667,0,0.4848
2047,44.6110,-0.9978,-3.0788,44.7615,0.4923,0,0.3978
2048,44.6110,-0.9980,-3.0121,44.7561,0.0667,0,0.3980
2049,44.5994,-0.8982,-2.5238,44.7073,0.4986,0,0.2982
2050,44.5994,-0.8985,-2.4571,44.7028,0.0667,0,0.2985
2051,44.5894,-0.7953,-1.9650,44.6617,0.5029,0,0.1953
2052,44.5894,-0.7955,-1.8983,44.6580,0.0667,0,0.1955
2053,44.5811,-0.6967,-1.4027,44.6247,0.5055,0,0.0967
2054,44.5811,-0.6969,-1.3360,44.6218,0.0667,0,0.0969
2055,44.5744,-0.6085,-0.8370,44.5965,0.5068,0,0.0085
2056,44.5744,-0.6087,-0.7703,44.5945,0.0667,0,0.0087
2057,44.5694,-0.5348,-0.2682,44.5772,0.5076,0,0.0000
2058,44.5694,-0.5350,-0.2015,44.5760,0.0667,0,0.0000
2059,44.5660,-0.4779,0.3036,44.5669,0.5083,0,0.0000
2060,44.5660,-0.4781,0.3702,44.5666,0.0667,0,0.0000
2061,44.5643,-0.4385,0.8779,44.5657,0.5093,0,0.0000
2062,44.5643,-0.4387,0.9446,44.5662,0.0667,0,0.0000
2063,44.5644,-0.4161,1.4547,44.5736,0.5106,0,0.0000
2064,44.5644,-0.4163,1.5214,44.5750,0.0667,0,0.0000
2065,44.5662,-0.4089,2.0336,44.5908,0.5122,0,0.0000
2066,44.5662,-0.4092,2.1002,44.5930,0.0667,0,0.0000
2067,44.5698,-0.4146,2.6142,44.6172,0.5140,0,0.0000
2068,44.5698,-0.4144,2.5475,44.6142,0.0667,0,0.0000
2069,44.5744,-0.4294,2.9296,44.6373,0.3824,0,0.0000
2070,44.5744,-0.4292,2.8629,44.6339,0.0667,0,0.0000
2071,44.5800,-0.4511,3.2461,44.6607,0.3838,0,0.0000
2072,44.5800,-0.4509,3.1794,44.6567,0.0667,0,0.0000
2073,44.5865,-0.4767,3.5633,44.6873,0.3848,0,0.0000
2074,44.5865,-0.4765,3.4966,44.6829,0.0667,0,0.0000
2075,44.5941,-0.5033,3.8808,44.7172,0.3852,0,0.0000
2076,44.5941,-0.5031,3.8141,44.7123,0.0667,0,0.0000
2077,44.6027,-0.5286,4.1981,44.7503,0.3849,0,0.0000
2078,44.6027,-0.5283,4.1314,44.7450,0.0667,0,0.0000
2079,44.6124,-0.5503,4.5146,44.7868,0.3840,0,0.0000
2080,44.6124,-0.5501,4.4479,44.7809,0.0667,0,0.0000
2081,44.6233,-0.5670,4.8298,44.8265,0.3824,0,0.0000
2082,44.6233,-0.5668,4.7631,44.8202,0.0667,0,0.0000
2083,44.6355,-0.5775,5.1429,44.8695,0.3801,0,0.0000
2084,44.6355,-0.5772,5.0762,44.8627,0.0667,0,0.0000
2085,44.6491,-0.5812,5.4533,44.9157,0.3774,0,0.0000
2086,44.6491,-0.5809,5.3866,44.9085,0.0667,0,0.0000
2087,44.6697,-0.5303,5.6931,44.9630,0.3114,0,0.0000
2088,44.6697,-0.5301,5.6265,44.9554,0.0667,0,0.0000
2089,44.6971,-0.4347,5.8719,45.0111,0.2647,0,0.0000
2090,44.6971,-0.4345,5.8053,45.0033,0.0667,0,0.0000
2091,44.7290,-0.3166,6.0152,45.0605,0.2429,0,0.0000
2092,44.7290,-0.3164,5.9485,45.0524,0.0667,0,0.0000
2093,44.7639,-0.1912,6.1383,45.1112,0.2301,0,0.0000
2094,44.7639,-0.1910,6.0717,45.1030,0.0667,0,0.0000
2095,44.8011,-0.0692,6.2507,45.1634,0.2197,0,0.0000
2096,44.8011,-0.0690,6.1840,45.1550,0.0667,0,0.0000
2097,44.8399,0.0421,6.3578,45.2169,0.2098,0,0.0000
2098,44.8399,0.0423,6.2911,45.2084,0.0667,0,0.0000
2099,44.8802,0.1378,6.4626,45.2718,0.2004,0,0.0000
2100,44.8802,0.1380,6.3960,45.2632,0.0667,0,0.0000
2101,44.9218,0.2155,6.5669,45.3281,0.1922,0,0.0000
2102,44.9218,0.2157,6.5002,45.3193,0.0667,0,0.0000
2103,44.9648,0.2743,6.6712,45.3857,0.1858,0,0.0000
2104,44.9648,0.2745,6.6045,45.3768,0.0667,0,0.0000
2105,45.0091,0.3148,6.7756,45.4445,0.1813,0,0.0000
2106,45.0091,0.3150,6.7090,45.4355,0.0667,0,0.0000
2107,45.0548,0.3389,6.8798,45.5046,0.1785,0,0.0000
2108,45.0548,0.3391,6.8132,45.4954,0.0667,0,0.0000
2109,45.1019,0.3491,6.9832,45.5659,0.1768,0,0.0000
2110,45.1019,0.3493,6.9166,45.5566,0.0667,0,0.0000
2111,45.1504,0.3487,7.0850,45.6284,0.1752,0,0.0000
2112,45.1504,0.3489,7.0183,45.6189,0.0667,0,0.0000
2113,45.2004,0.3412,7.1840,45.6919,0.1733,0,0.0000
2114,45.2004,0.3414,7.1173,45.6823,0.0667,0,0.0000
2115,45.2519,0.3302,7.2791,45.7565,0.1702,0,0.0000
2116,45.2519,0.3303,7.2125,45.7468,0.0667,0,0.0000
2117,45.3050,0.3191,7.3689,45.8220,0.1655,0,0.0000
2118,45.3050,0.3193,7.3022,45.8122,0.0667,0,0.0000
2119,45.3599,0.3114,7.4515,45.8884,0.1593,0,0.0000
2120,45.3599,0.3115,7.3848,45.8785,0.0667,0,0.0000
2121,45.4166,0.3098,7.5250,45.9556,0.1512,0,0.0000
2122,45.4166,0.3100,7.4584,45.9455,0.0667,0,0.0000
2123,45.4755,0.3173,7.5870,46.0233,0.1416,0,0.0000
2124,45.4754,0.3174,7.5203,46.0131,0.0667,0,0.0000
2125,45.5479,0.4114,7.5292,46.0880,0.1190,0,0.0000
2126,45.5479,0.4116,7.4625,46.0780,0.0667,0,0.0000
2127,45.6540,0.7572,7.1119,46.1408,0.5037,0,0.0000
2128,45.6540,0.7573,7.0452,46.1313,0.0667,0,0.0000
2129,45.7678,1.2454,6.4666,46.1834,0.7655,0,0.0000
2130,45.7678,1.2455,6.3999,46.1749,0.0667,0,0.0000
2131,45.8707,1.7999,5.6756,46.2166,0.9179,0,0.0000
2132,45.8707,1.8000,5.6090,46.2093,0.0667,0,0.0000
2133,45.9517,2.3643,4.7933,46.2407,0.9951,0,0.0000
2134,45.9517,2.3644,4.7266,46.2347,0.0667,0,0.0000
2135,46.0061,2.8966,3.8554,46.2558,1.0223,0,0.0000
2136,46.0061,2.8967,3.7888,46.2511,0.0667,0,0.0000
2137,46.0329,3.3682,2.8837,46.2616,1.0209,0,0.0000
2138,46.0328,3.3684,2.8170,46.2583,0.0667,0,0.0000
2139,46.0328,3.7625,1.8912,46.2580,1.0062,0,0.0000
2140,46.0328,3.7627,1.8246,46.2561,0.0667,0,0.0000
2141,46.0074,4.0700,0.8861,46.2448,0.9878,0,0.0000
2142,46.0074,4.0701,0.8194,46.2444,0.0667,0,0.0000
2143,45.9578,4.2863,-0.1265,46.2219,0.9716,0,0.0000
2144,45.9578,4.2865,-0.1932,46.2230,0.0667,0,0.0000
2145,45.8847,4.4132,-1.1433,46.1893,0.9613,0,0.0000
2146,45.8847,4.4133,-1.2100,46.1918,0.0667,0,0.0000
2147,45.7876,4.4584,-2.1617,46.1468,0.9578,0,0.0000
2148,45.7876,4.4585,-2.2284,46.1508,0.0667,0,0.0000
2149,45.6655,4.4336,-3.1798,46.0944,0.9595,0,0.0000
2150,45.6655,4.4335,-3.1131,46.0891,0.0667,0,0.0000
2151,45.5252,4.3530,-3.9290,46.0139,0.8318,0,0.0000
2152,45.5252,4.3530,-3.8624,46.0075,0.0667,0,0.0000
2153,45.3652,4.2316,-4.6747,45.9218,0.8368,0,0.0000
2154,45.3652,4.2316,-4.6081,45.9142,0.0667,0,0.0000
2155,45.1838,4.0836,-5.4155,45.8180,0.8407,0,0.0000
2156,45.1838,4.0836,-5.3488,45.8093,0.0667,0,0.0000
2157,44.9796,3.9218,-6.1499,45.7025,0.8423,0,0.0000
2158,44.9796,3.9219,-6.0832,45.6927,0.0667,0,0.0000
2159,44.7519,3.7576,-6.8768,45.5754,0.8418,0,0.0000
2160,44.7519,3.7577,-6.8101,45.5646,0.0667,0,0.0000
2161,44.5011,3.5973,-7.5917,45.4369,0.8364,0,0.0000
2162,44.5010,3.5974,-7.5250,45.4250,0.0667,0,0.0000
2163,44.2286,3.4440,-8.2884,45.2872,0.8249,0,0.0000
2164,44.2286,3.4441,-8.2217,45.2742,0.0667,0,0.0000
2165,43.9361,3.3003,-8.9632,45.1265,0.8100,0,0.0000
2166,43.9361,3.3004,-8.8965,45.1125,0.0667,0,0.0000
2167,43.6248,3.1684,-9.6144,44.9553,0.7936,0,0.0000
2168,43.6248,3.1685,-9.5478,44.9402,0.0667,0,0.0000
2169,43.2960,3.0495,-10.2416,44.7736,0.7770,0,0.0000
2170,43.2960,3.0496,-10.1749,44.7575,0.0667,0,0.0000
2171,42.9507,2.9438,-10.8448,44.5818,0.7610,0,0.0000
2172,42.9507,2.9439,-10.7781,44.5648,0.0667,0,0.0000
2173,42.5899,2.8511,-11.4247,44.3801,0.7463,0,0.0000
2174,42.5899,2.8512,-11.3581,44.3621,0.0667,0,0.0000
2175,42.2143,2.7703,-11.9824,44.1687,0.7330,0,0.0000
2176,42.2143,2.7704,-11.9157,44.1498,0.0667,0,0.0000
2177,41.8247,2.7001,-12.5188,43.9480,0.7214,0,0.0000
2178,41.8247,2.7002,-12.4522,43.9282,0.0667,0,0.0000
2179,41.4217,2.6390,-13.0354,43.7179,0.7116,0,0.0000
2180,41.4217,2.6390,-12.9687,43.6972,0.0667,0,0.0000
2181,41.0055,2.5854,-13.5334,43.4788,0.7035,0,0.0000
2182,41.0055,2.5854,-13.4667,43.4572,0.0667,0,0.0000
2183,40.5765,2.5378,-14.0142,43.2307,0.6972,0,0.0000
2184,40.5765,2.5378,-13.9475,43.2083,0.0667,0,0.0000
2185,40.1348,2.4949,-14.4793,42.9738,0.6926,0,0.0000
2186,40.1348,2.4949,-14.4126,42.9505,0.0667,0,0.0000
2187,39.6801,2.4557,-14.9301,42.7082,0.6899,0,0.0000
2188,39.6801,2.4557,-14.8634,42.6841,0.0667,0,0.0000
2189,39.2124,2.4194,-15.3681,42.4340,0.6891,0,0.0000
2190,39.2124,2.4194,-15.3014,42.4090,0.0667,0,0.0000
2191,38.7311,2.3855,-15.7949,42.1511,0.6902,0,0.0000
2192,38.7311,2.3855,-15.7283,42.1252,0.0667,0,0.0000
2193,38.2358,2.3538,-16.2122,41.8596,0.6933,0,0.0000
2194,38.2358,2.3538,-16.1455,41.8329,0.0667,0,0.0000
2195,37.7254,2.3242,-16.6216,41.5594,0.6986,0,0.0000
2196,37.7254,2.3242,-16.5549,41.5319,0.0667,0,0.0000
2197,37.1990,2.2970,-17.0248,41.2506,0.7062,0,0.0000
2198,37.1990,2.2969,-16.9582,41.2222,0.0667,0,0.0000
2199,36.6552,2.2723,-17.4238,40.9330,0.7163,0,0.0000
2200,36.6552,2.2723,-17.3572,40.9037,0.0667,0,0.0000
2201,36.0927,2.2508,-17.8205,40.6065,0.7291,0,0.0000
2202,36.0927,2.2508,-17.7539,40.5764,0.0667,0,0.0000
2203,35.5093,2.2327,-18.2169,40.2710,0.7450,0,0.0000
2204,35.5093,2.2327,-18.1502,40.2399,0.0667,0,0.0000
2205,34.9050,2.2165,-18.6121,39.9263,0.7608,0,0.0000
2206,34.9050,2.2165,-18.5454,39.8943,0.0667,0,0.0000
2207,34.2833,2.1970,-18.9992,39.5725,0.7699,0,0.0000
2208,34.2833,2.1970,-18.9325,39.5396,0.0667,0,0.0000
2209,33.8923,1.9234,-19.0108,39.2215,0.4836,0,0.0000
2210,33.8923,1.9235,-18.9441,39.1883,0.0667,0,0.0000
2211,33.7067,1.4498,-18.6967,38.8769,0.5657,0,0.0000
2212,33.7067,1.4498,-18.6300,38.8440,0.0667,0,0.0000
2213,33.6359,0.8856,-18.1867,38.5392,0.7210,0,0.0000
2214,33.6359,0.8857,-18.1201,38.5068,0.0667,0,0.0000
2215,33.6243,0.3013,-17.5586,38.2090,0.8105,0,0.0000
2216,33.6243,0.3014,-17.4919,38.1775,0.0667,0,0.0000
2217,33.6403,-0.2566,-16.8594,37.8874,0.8436,0,0.0000
2218,33.6403,-0.2565,-16.7927,37.8568,0.0667,0,0.0000
2219,33.6673,-0.7574,-16.1180,37.5751,0.8408,0,0.1574
2220,33.6673,-0.7574,-16.0513,37.5455,0.0667,0,0.1574
2221,33.6977,-1.1820,-15.3518,37.2729,0.8189,0,0.5820
2222,33.6977,-1.1821,-15.2851,37.2445,0.0667,0,0.5821
2223,33.7288,-1.5199,-14.5714,36.9816,0.7902,0,0.9199
2224,33.7288,-1.5200,-14.5047,36.9544,0.0667,0,0.9200
2225,33.7601,-1.7677,-13.7831,36.7019,0.7636,0,1.1677
2226,33.7601,-1.7678,-13.7165,36.6758,0.0667,0,1.1678
2227,33.7917,-1.9278,-12.9906,36.4341,0.7440,0,1.3278
2228,33.7917,-1.9280,-12.9239,36.4094,0.0667,0,1.3280
2229,33.8239,-2.0074,-12.1958,36.1790,0.7331,0,1.4074
2230,33.8239,-2.0076,-12.1292,36.1555,0.0667,0,1.4076
2231,33.8562,-2.0168,-11.4001,35.9368,0.7299,0,1.4168
2232,33.8562,-2.0170,-11.3334,35.9147,0.0667,0,1.4170
2233,33.8882,-1.9689,-10.6040,35.7081,0.7317,0,1.3689
2234,33.8882,-1.9691,-10.5373,35.6873,0.0667,0,1.3691
2235,33.9191,-1.8775,-9.8079,35.4932,0.7358,0,1.2775
2236,33.9190,-1.8777,-9.7413,35.4738,0.0667,0,1.2777
2237,33.9480,-1.7567,-9.0121,35.2925,0.7397,0,1.1567
2238,33.9480,-1.7569,-8.9455,35.2745,0.0667,0,1.1569
2239,33.9745,-1.6198,-8.2168,35.1064,0.7420,0,1.0198
2240,33.9745,-1.6200,-8.1501,35.0897,0.0667,0,1.0200
2241,33.9980,-1.4786,-7.4218,34.9350,0.7422,0,0.8786
2242,33.9980,-1.4789,-7.3552,34.9199,0.0667,0,0.8789
2243,34.0186,-1.3432,-6.6274,34.7789,0.7406,0,0.7432
2244,34.0186,-1.3435,-6.5607,34.7652,0.0667,0,0.7435
2245,34.0361,-1.2213,-5.8333,34.6382,0.7378,0,0.6213
2246,34.0361,-1.2215,-5.7667,34.6259,0.0667,0,0.6215
2247,34.0509,-1.1181,-5.0398,34.5132,0.7344,0,0.5181
2248,34.0509,-1.1183,-4.9731,34.5025,0.0667,0,0.5183
2249,34.0631,-1.0369,-4.2466,34.4042,0.7312,0,0.4369
2250,34.0631,-1.0371,-4.1799,34.3950,0.0667,0,0.4371
2251,34.0729,-0.9787,-3.4538,34.3114,0.7286,0,0.3787
2252,34.0729,-0.9789,-3.3871,34.3037,0.0667,0,0.3789
2253,34.0807,-0.9430,-2.6613,34.2350,0.7267,0,0.3430
2254,34.0807,-0.9432,-2.5946,34.2288,0.0667,0,0.3432
2255,34.0867,-0.9276,-1.8692,34.1752,0.7257,0,0.3276
2256,34.0867,-0.9279,-1.8025,34.1705,0.0667,0,0.3279
2257,34.0909,-0.9298,-1.0773,34.1321,0.7252,0,0.3298
2258,34.0909,-0.9300,-1.0106,34.1290,0.0667,0,0.3300
2259,34.0935,-0.9458,-0.2857,34.1059,0.7251,0,0.3458
2260,34.0935,-0.9460,-0.2190,34.1043,0.0667,0,0.3460
2261,34.0938,-0.6472,0.5459,34.0939,0.8212,0,0.0472
2262,34.0938,-0.6465,0.6125,34.0939,0.0667,0,0.0465
2263,34.0912,-0.4734,1.3111,34.0996,0.7197,0,0.0000
2264,34.0912,-0.4716,1.3777,34.1011,0.0666,0,0.0000
2265,34.0878,-0.3523,2.0677,34.1218,0.7002,0,0.0000
2266,34.0878,-0.3495,2.1342,34.1247,0.0666,0,0.0000
2267,34.0842,-0.2752,2.8193,34.1601,0.6891,0,0.0000
2268,34.0843,-0.2790,2.7529,34.1559,0.0666,0,0.0000
2269,34.0812,-0.2497,3.3027,34.1926,0.5506,0,0.0000
2270,34.0813,-0.2545,3.2364,34.1874,0.0665,0,0.0000
2271,34.0783,-0.2523,3.7855,34.2317,0.5491,0,0.0000
2272,34.0784,-0.2580,3.7193,34.2256,0.0664,0,0.0000
2273,34.0754,-0.2703,4.2683,34.2774,0.5492,0,0.0000
2274,34.0755,-0.2770,4.2023,34.2704,0.0663,0,0.0000
2275,34.0722,-0.2917,4.7515,34.3296,0.5494,0,0.0000
2276,34.0723,-0.2993,4.6857,34.3217,0.0662,0,0.0000
2277,34.0688,-0.3117,5.2338,34.3882,0.5483,0,0.0000
2278,34.0689,-0.3202,5.1683,34.3794,0.0661,0,0.0000
2279,34.0661,-0.3497,5.7099,34.4530,0.5424,0,0.0000
2280,34.0661,-0.3591,5.6446,34.4433,0.0660,0,0.0000
2281,34.0617,-0.3490,6.1912,34.5239,0.5468,0,0.0000
2282,34.0618,-0.3589,6.1261,34.5133,0.0659,0,0.0000
2283,34.0561,-0.3617,6.6765,34.6007,0.5504,0,0.0000
2284,34.0562,-0.3719,6.6114,34.5892,0.0659,0,0.0000
2285,34.0496,-0.3855,7.1636,34.6834,0.5523,0,0.0000
2286,34.0496,-0.3958,7.0985,34.6711,0.0659,0,0.0000
2287,34.0424,-0.4169,7.6508,34.7722,0.5528,0,0.0000
2288,34.0424,-0.4270,7.5857,34.7589,0.0659,0,0.0000
2289,34.0348,-0.4514,8.1372,34.8669,0.5520,0,0.0000
2290,34.0348,-0.4614,8.0720,34.8528,0.0659,0,0.0000
2291,34.0270,-0.4852,8.6220,34.9676,0.5506,0,0.0000
2292,34.0270,-0.4949,8.5568,34.9527,0.0659,0,0.0000
2293,34.0191,-0.5149,9.1052,35.0743,0.5488,0,0.0000
2294,34.0191,-0.5244,9.0399,35.0585,0.0660,0,0.0000
2295,34.0111,-0.5385,9.5868,35.1870,0.5471,0,0.0000
2296,34.0112,-0.5477,9.5214,35.1703,0.0660,0,0.0000
2297,34.0032,-0.5550,10.0671,35.3055,0.5458,0,0.0000
2298,34.0032,-0.5641,10.0017,35.2879,0.0660,0,0.0000
2299,33.9949,-0.5942,10.5475,35.4297,0.5467,0,0.0000
2300,33.9949,-0.6030,10.4820,35.4114,0.0661,0,0.0030
2301,33.9863,-0.6563,11.0271,35.5597,0.5478,0,0.0563
2302,33.9864,-0.6647,10.9615,35.5406,0.0661,0,0.0647
2303,33.9786,-0.7372,11.5009,35.6948,0.5443,0,0.1372
2304,33.9786,-0.7451,11.4352,35.6748,0.0662,0,0.1451
2305,33.9719,-0.8376,11.9675,35.8347,0.5403,0,0.2376
2306,33.9719,-0.8449,11.9017,35.8139,0.0663,0,0.2449
2307,33.9662,-0.9609,12.4270,35.9792,0.5380,0,0.3609
2308,33.9663,-0.9675,12.3610,35.9576,0.0663,0,0.3675
2309,33.9615,-1.1111,12.8792,36.1282,0.5378,0,0.5111
2310,33.9616,-1.1169,12.8131,36.1058,0.0664,0,0.5169
2311,33.9577,-1.2928,13.3239,36.2816,0.5402,0,0.6928
2312,33.9577,-1.2976,13.2575,36.2584,0.0665,0,0.6976
2313,33.9546,-1.5104,13.7601,36.4392,0.5458,0,0.9104
2314,33.9547,-1.5141,13.6936,36.4153,0.0666,0,0.9141
2315,33.9523,-1.7683,14.1868,36.6010,0.5548,0,1.1683
2316,33.9523,-1.7707,14.1202,36.5764,0.0666,0,1.1707
2317,33.9504,-2.0692,14.6030,36.7670,0.5676,0,1.4692
2318,33.9504,-2.0703,14.5364,36.7416,0.0667,0,1.4703
2319,33.9480,-2.3872,15.0118,36.9368,0.5714,0,1.7872
2320,33.9480,-2.3869,14.9451,36.9108,0.0667,0,1.7869
2321,33.9448,-2.7112,15.4137,37.1099,0.5699,0,2.1112
2322,33.9448,-2.7096,15.3470,37.0831,0.0666,0,2.1096
2323,33.9412,-3.0406,15.8073,37.2859,0.5669,0,2.4406
2324,33.9412,-3.0375,15.7407,37.2586,0.0666,0,2.4375
2325,33.9373,-3.3750,16.1929,37.4650,0.5642,0,2.7750
2326,33.9373,-3.3705,16.1265,37.4370,0.0665,0,2.7705
2327,33.9331,-3.7141,16.5708,37.6469,0.5616,0,3.1141
2328,33.9331,-3.7083,16.5046,37.6183,0.0664,0,3.1083
2329,33.9286,-4.0577,16.9412,37.8317,0.5592,0,3.4577
2330,33.9286,-4.0506,16.8753,37.8026,0.0663,0,3.4506
2331,33.9239,-4.4057,17.3045,38.0194,0.5570,0,3.8057
2332,33.9238,-4.3972,17.2389,37.9897,0.0661,0,3.7972
2333,33.9188,-4.7578,17.6609,38.2098,0.5550,0,4.1578
2334,33.9187,-4.7481,17.5957,38.1796,0.0659,0,4.1481
2335,33.9135,-5.1139,18.0106,38.4031,0.5532,0,4.5139
2336,33.9134,-5.1029,17.9459,38.3724,0.0657,0,4.5029
2337,33.9078,-5.4738,18.3541,38.5992,0.5516,0,4.8738
2338,33.9077,-5.4615,18.2898,38.5679,0.0655,0,4.8615
2339,33.9019,-5.8374,18.6914,38.7980,0.5502,0,5.2374
2340,33.9018,-5.8239,18.6276,38.7664,0.0652,0,5.2239
2341,33.8957,-6.2046,19.0230,38.9997,0.5489,0,5.6046
2342,33.8956,-6.1899,18.9598,38.9676,0.0649,0,5.5899
2343,33.9135,-6.1803,19.3557,39.1702,0.3965,0,5.5803
2344,33.9134,-6.1657,19.2925,39.1377,0.0649,0,5.5657
2345,33.9567,-5.7186,19.6900,39.3061,0.5998,0,5.1186
2346,33.9566,-5.7054,19.6261,39.2732,0.0653,0,5.1054
2347,34.0032,-5.2042,20.0116,39.4402,0.6340,0,4.6042
2348,34.0031,-5.1925,19.9470,39.4070,0.0656,0,4.5925
2349,34.0533,-4.6363,20.3170,39.5727,0.6699,0,4.0363
2350,34.0532,-4.6263,20.2518,39.5392,0.0659,0,4.0263
2351,34.1070,-4.0142,20.6025,39.7038,0.7075,0,3.4142
2352,34.1070,-4.0061,20.5369,39.6699,0.0662,0,3.4061
2353,34.1646,-3.3375,20.8641,39.8335,0.7466,0,2.7375
2354,34.1645,-3.3313,20.7981,39.7994,0.0664,0,2.7313
2355,34.2059,-2.6004,21.1371,39.9649,0.8068,0,2.0004
2356,34.2059,-2.5963,21.0707,39.9305,0.0665,0,1.9963
2357,34.2317,-1.7811,21.4158,40.0986,0.8857,0,1.1811
2358,34.2317,-1.7793,21.3492,40.0639,0.0666,0,1.1793
2359,34.2446,-0.9011,21.6858,40.2343,0.9406,0,0.3011
2360,34.2446,-0.9019,21.6191,40.1994,0.0667,0,0.3019
2361,34.2808,-1.2040,21.8516,40.3558,0.3829,0,0.6040
2362,34.2807,-1.2060,21.7850,40.3207,0.0666,0,0.6060
2363,34.2230,-1.1330,22.1449,40.4613,0.3718,0,0.5330
2364,34.2229,-1.1358,22.0784,40.4259,0.0666,0,0.5358
2365,34.1687,-0.9003,22.4326,40.5673,0.4288,0,0.3003
2366,34.1686,-0.9040,22.3661,40.5315,0.0666,0,0.3040
2367,34.1165,-0.5229,22.7122,40.6739,0.5173,0,0.0000
2368,34.1164,-0.5275,22.6458,40.6377,0.0665,0,0.0000
2369,34.0635,-0.0156,22.9816,40.7810,0.6145,0,0.0000
2370,34.0634,-0.0212,22.9154,40.7445,0.0664,0,0.0000
2371,34.0310,0.3908,23.2108,40.8883,0.5079,0,0.0000
2372,34.0310,0.3843,23.1448,40.8515,0.0664,0,0.0000
2373,34.0099,0.7139,23.4179,40.9948,0.4285,0,0.0000
2374,34.0098,0.7066,23.3520,40.9579,0.0663,0,0.0000
2375,33.9896,1.0852,23.6149,41.1017,0.4614,0,0.0000
2376,33.9896,1.0771,23.5492,41.0645,0.0662,0,0.0000
2377,33.9633,1.4415,23.8169,41.2097,0.4529,0,0.0000
2378,33.9632,1.4326,23.7515,41.1723,0.0661,0,0.0000
2379,33.9333,1.7259,24.0264,41.3187,0.4031,0,0.0000
2380,33.9333,1.7165,23.9611,41.2811,0.0660,0,0.0000
2381,33.9017,1.9353,24.2434,41.4286,0.3585,0,0.0000
2382,33.9017,1.9257,24.1781,41.3908,0.0660,0,0.0000
2383,33.8699,2.0748,24.4669,41.5396,0.3266,0,0.0000
2384,33.8699,2.0651,24.4017,41.5015,0.0659,0,0.0000
2385,33.8390,2.1544,24.6955,41.6516,0.3086,0,0.0000
2386,33.8390,2.1447,24.6303,41.6133,0.0659,0,0.0000
2387,33.8097,2.1863,24.9275,41.7648,0.3015,0,0.0000
2388,33.8097,2.1767,24.8622,41.7262,0.0660,0,0.0000
2389,33.7822,2.1827,25.1613,41.8793,0.3004,0,0.0000
2390,33.7823,2.1732,25.0960,41.8404,0.0660,0,0.0000
2391,33.7567,2.1548,25.3957,41.9950,0.3014,0,0.0000
2392,33.7568,2.1455,25.3303,41.9559,0.0660,0,0.0000
2393,33.7331,2.1119,25.6299,42.1122,0.3024,0,0.0000
2394,33.7332,2.1027,25.5646,42.0728,0.0660,0,0.0000
2395,33.7110,2.0610,25.8636,42.2308,0.3028,0,0.0000
2396,33.7111,2.0519,25.7982,42.1911,0.0660,0,0.0000
2397,33.6902,2.0070,26.0965,42.3508,0.3024,0,0.0000
2398,33.6903,1.9980,26.0310,42.3109,0.0660,0,0.0000
2399,33.6705,1.9533,26.3287,42.4724,0.3017,0,0.0000
2400,33.6706,1.9444,26.2633,42.4322,0.0661,0,0.0000
2401,33.6517,1.9018,26.5604,42.5954,0.3008,0,0.0000
2402,33.6518,1.8929,26.4950,42.5550,0.0661,0,0.0000
2403,33.6345,1.8305,26.7928,42.7199,0.3048,0,0.0000
2404,33.6346,1.8216,26.7273,42.6793,0.0661,0,0.0000
2405,33.6184,1.6897,27.0309,42.8461,0.3314,0,0.0000
2406,33.6185,1.6810,26.9653,42.8053,0.0661,0,0.0000
2407,33.6021,1.4878,27.2746,42.9740,0.3650,0,0.0000
2408,33.6021,1.4794,27.2090,42.9329,0.0661,0,0.0000
2409,33.5852,1.2261,27.5226,43.1036,0.4035,0,0.0000
2410,33.5852,1.2182,27.4568,43.0622,0.0662,0,0.0000
2411,33.5677,0.9158,27.7726,43.2348,0.4376,0,0.0000
2412,33.5677,0.9085,27.7067,43.1932,0.0663,0,0.0000
2413,33.5495,0.5780,28.0222,43.3678,0.4573,0,0.0000
2414,33.5495,0.5715,27.9562,43.3259,0.0663,0,0.0000
2415,33.5307,0.2302,28.2701,43.5026,0.4640,0,0.0000
2416,33.5307,0.2244,28.2039,43.4604,0.0664,0,0.0000
2417,33.5114,-0.1148,28.5154,43.6392,0.4609,0,0.0000
2418,33.5114,-0.1199,28.4491,43.5967,0.0665,0,0.0000
2419,33.4918,-0.4487,28.7582,43.7777,0.4518,0,0.0000
2420,33.4918,-0.4531,28.6918,43.7350,0.0665,0,0.0000
2421,33.4711,-0.7979,28.9999,43.9181,0.4628,0,0.1979
2422,33.4711,-0.8015,28.9334,43.8751,0.0666,0,0.2015
2423,33.4494,-1.2340,29.2380,44.0603,0.5295,0,0.6340
2424,33.4494,-1.2366,29.1714,44.0170,0.0666,0,0.6366
2425,33.4273,-1.7424,29.4686,44.2042,0.5871,0,1.1424
2426,33.4273,-1.7440,29.4019,44.1607,0.0667,0,1.1440
2427,33.4051,-2.3035,29.6895,44.3502,0.6295,0,1.7035
2428,33.4050,-2.3038,29.6228,44.3065,0.0667,0,1.7038
2429,33.3828,-2.8986,29.8995,44.4985,0.6564,0,2.2986
2430,33.3828,-2.8976,29.8329,44.4545,0.0667,0,2.2976
2431,33.3607,-3.5124,30.0985,44.6493,0.6702,0,2.9124
2432,33.3607,-3.5101,30.0319,44.6051,0.0666,0,2.9101
2433,33.3389,-4.1338,30.2870,44.8026,0.6742,0,3.5338
2434,33.3390,-4.1300,30.2205,44.7583,0.0666,0,3.5300
2435,33.3165,-4.7596,30.4666,44.9589,0.6763,0,4.1596
2436,33.3165,-4.7545,30.4003,44.9144,0.0665,0,4.1545
2437,33.2933,-5.3306,30.6468,45.1182,0.6270,0,4.7306
2438,33.2934,-5.3244,30.5807,45.0735,0.0664,0,4.7244
2439,33.2705,-5.8219,30.8339,45.2804,0.5587,0,5.2219
2440,33.2705,-5.8147,30.7681,45.2356,0.0663,0,5.2147
2441,33.2479,-6.2330,31.0320,45.4455,0.4950,0,5.6330
2442,33.2479,-6.2250,30.9663,45.4006,0.0662,0,5.6250
2443,33.2295,-6.5585,31.2398,45.6131,0.4317,0,5.9585
2444,33.2296,-6.5499,31.1742,45.5680,0.0661,0,5.9499
2445,33.2171,-6.7963,31.4582,45.7829,0.3762,0,6.1963
2446,33.2172,-6.7873,31.3928,45.7376,0.0660,0,6.1873
2447,33.2045,-6.9874,31.6881,45.9554,0.3570,0,6.3874
2448,33.2046,-6.9779,31.6228,45.9099,0.0660,0,6.3779
2449,33.1901,-7.1672,31.9248,46.1309,0.3567,0,6.5672
2450,33.1902,-7.1574,31.8596,46.0852,0.0659,0,6.5574
2451,33.1720,-7.3552,32.1663,46.3095,0.3654,0,6.7552
2452,33.1721,-7.3451,32.1013,46.2637,0.0659,0,6.7451
2453,33.1512,-7.4871,32.4251,46.4909,0.3542,0,6.8871
2454,33.1513,-7.4767,32.3601,46.4449,0.0658,0,6.8767
2455,33.1304,-7.5402,32.7033,46.6751,0.3496,0,6.9402
2456,33.1305,-7.5298,32.6383,46.6289,0.0658,0,6.9298
2457,33.1097,-7.5156,33.0004,46.8619,0.3630,0,6.9156
2458,33.1098,-7.5052,32.9354,46.8155,0.0658,0,6.9052
2459,33.0893,-7.4296,33.3126,47.0516,0.3852,0,6.8296
2460,33.0894,-7.4194,33.2475,47.0049,0.0658,0,6.8194
2461,33.0690,-7.3097,33.6339,47.2444,0.4022,0,6.7097
2462,33.0691,-7.2996,33.5688,47.1975,0.0659,0,6.6996
2463,33.0487,-7.1779,33.9601,47.4407,0.4103,0,6.5779
2464,33.0487,-7.1681,33.8950,47.3935,0.0659,0,6.5681
2465,33.0280,-7.0505,34.2883,47.6406,0.4110,0,6.4505
2466,33.0281,-7.0408,34.2231,47.5931,0.0659,0,6.4408
2467,33.0071,-6.9379,34.6169,47.8442,0.4076,0,6.3379
2468,33.0071,-6.9284,34.5516,47.7965,0.0660,0,6.3284
2469,33.1028,-6.7455,34.8400,48.0441,0.3546,0,6.1455
2470,33.1028,-6.7362,34.7747,47.9963,0.0660,0,6.1362
2471,33.5584,-6.2743,34.7251,48.2200,0.6507,0,5.6743
2472,33.5584,-6.2652,34.6597,48.1726,0.0660,0,5.6652
2473,34.2082,-5.6800,34.3935,48.3764,0.9141,0,5.0800
2474,34.2081,-5.6712,34.3280,48.3296,0.0661,0,5.0712
2475,34.9497,-5.0663,33.9188,48.5160,1.0409,0,4.4663
2476,34.9495,-5.0577,33.8532,48.4700,0.0661,0,4.4577
2477,35.7313,-4.4971,33.3356,48.6388,1.0924,0,3.8971
2478,35.7311,-4.4889,33.2700,48.5937,0.0662,0,3.8889
2479,36.5212,-3.9561,32.6732,48.7432,1.1244,0,3.3561
2480,36.5210,-3.9485,32.6074,48.6992,0.0662,0,3.3485
2481,37.2776,-3.4620,31.9830,48.8345,1.0951,0,2.8620
2482,37.2774,-3.4549,31.9171,48.7915,0.0663,0,2.8549
2483,38.0004,-3.2349,31.2476,48.9111,1.0096,0,2.6349
2484,38.0002,-3.2281,31.1816,48.8692,0.0663,0,2.6281
2485,38.6774,-3.0279,30.5134,48.9760,0.9722,0,2.4279
2486,38.6772,-3.0216,30.4473,48.9352,0.0664,0,2.4216
2487,39.3115,-2.8515,29.7806,49.0298,0.9358,0,2.2515
2488,39.3113,-2.8456,29.7144,48.9900,0.0664,0,2.2456
2489,39.9048,-2.7128,29.0503,49.0732,0.9005,0,2.1128
2490,39.9046,-2.7073,28.9841,49.0344,0.0664,0,2.1073
2491,40.4590,-2.6155,28.3244,49.1069,0.8666,0,2.0155
2492,40.4589,-2.6104,28.2581,49.0692,0.0665,0,2.0104
2493,40.9757,-2.5598,27.6047,49.1315,0.8346,0,1.9598
2494,40.9756,-2.5550,27.5384,49.0948,0.0665,0,1.9550
2495,41.4562,-2.5431,26.8936,49.1478,0.8043,0,1.9431
2496,41.4562,-2.5388,26.8272,49.1120,0.0665,0,1.9388
2497,41.9019,-2.5611,26.1931,49.1562,0.7754,0,1.9611
2498,41.9019,-2.5571,26.1267,49.1215,0.0665,0,1.9571
2499,42.3141,-2.6078,25.5054,49.1575,0.7473,0,2.0078
2500,42.3141,-2.6041,25.4389,49.1237,0.0666,0,2.0041
2501,42.6942,-2.6766,24.8324,49.1522,0.7194,0,2.0766
2502,42.6942,-2.6732,24.7659,49.1192,0.0666,0,2.0732
2503,43.0434,-2.7607,24.1761,49.1407,0.6911,0,2.1607
2504,43.0434,-2.7576,24.1095,49.1087,0.0666,0,2.1576
2505,43.3632,-2.8538,23.5381,49.1237,0.6619,0,2.2538
2506,43.3633,-2.8509,23.4715,49.0925,0.0666,0,2.2509
2507,43.6551,-2.9503,22.9201,49.1016,0.6317,0,2.3503
2508,43.6551,-2.9476,22.8535,49.0713,0.0666,0,2.3476
2509,43.9203,-3.0455,22.3237,49.0750,0.6005,0,2.4455
2510,43.9204,-3.0430,22.2572,49.0454,0.0666,0,2.4430
2511,44.1603,-3.1360,21.7504,49.0441,0.5683,0,2.5360
2512,44.1604,-3.1336,21.6839,49.0153,0.0666,0,2.5336
2513,44.3764,-3.2191,21.2017,49.0095,0.5352,0,2.6191
2514,44.3764,-3.2169,21.1351,48.9815,0.0666,0,2.6169
2515,44.5697,-3.2935,20.6788,48.9716,0.5014,0,2.6935
2516,44.5697,-3.2914,20.6122,48.9442,0.0666,0,2.6914
2517,44.7413,-3.3584,20.1831,48.9306,0.4669,0,2.7584
2518,44.7414,-3.3565,20.1165,48.9039,0.0666,0,2.7565
2519,44.8924,-3.4140,19.7159,48.8871,0.4320,0,2.8140
2520,44.8925,-3.4121,19.6493,48.8610,0.0666,0,2.8121
2521,45.0238,-3.4613,19.2783,48.8412,0.3966,0,2.8613
2522,45.0239,-3.4595,19.2116,48.8157,0.0666,0,2.8595
2523,45.1364,-3.5022,18.8714,48.7933,0.3609,0,2.9022
2524,45.1365,-3.5005,18.8048,48.7683,0.0666,0,2.9005
2525,45.2307,-3.5388,18.4964,48.7436,0.3248,0,2.9388
2526,45.2308,-3.5371,18.4297,48.7191,0.0666,0,2.9371
2527,45.3076,-3.5726,18.1542,48.6923,0.2882,0,2.9726
2528,45.3076,-3.5709,18.0876,48.6682,0.0666,0,2.9709
2529,45.3671,-3.6053,17.8469,48.6397,0.2503,0,3.0053
2530,45.3672,-3.6036,17.7803,48.6160,0.0666,0,3.0036
2531,45.4113,-3.6492,17.5804,48.5897,0.2097,0,3.0492
2532,45.4114,-3.6474,17.5137,48.5663,0.0666,0,3.0474
2533,45.4481,-3.6856,17.3397,48.5427,0.1820,0,3.0856
2534,45.4482,-3.6838,17.2731,48.5197,0.0666,0,3.0838
2535,45.4829,-3.6978,17.1128,48.4981,0.1646,0,3.0978
2536,45.4830,-3.6959,17.0462,48.4754,0.0666,0,3.0959
2537,45.5184,-3.6733,16.8896,48.4542,0.1621,0,3.0733
2538,45.5185,-3.6712,16.8230,48.4318,0.0666,0,3.0712
2539,45.5514,-3.6165,16.6714,48.4086,0.1645,0,3.0165
2540,45.5515,-3.6144,16.6048,48.3865,0.0666,0,3.0144
2541,45.5803,-3.5541,16.4693,48.3652,0.1510,0,2.9541
2542,45.5804,-3.5519,16.4027,48.3433,0.0666,0,2.9519
2543,45.6080,-3.4825,16.2748,48.3234,0.1481,0,2.8825
2544,45.6081,-3.4804,16.2082,48.3017,0.0666,0,2.8804
2545,45.6360,-3.4020,16.0827,48.2830,0.1506,0,2.8020
2546,45.6361,-3.3998,16.0161,48.2616,0.0666,0,2.7998
2547,45.6651,-3.3150,15.8895,48.2438,0.1551,0,2.7150
2548,45.6652,-3.3128,15.8229,48.2227,0.0666,0,2.7128
2549,45.6955,-3.2206,15.6902,48.2045,0.1644,0,2.6206
2550,45.6956,-3.2184,15.6236,48.1836,0.0666,0,2.6184
2551,45.7235,-3.1282,15.4886,48.1632,0.1648,0,2.5282
2552,45.7235,-3.1261,15.4220,48.1426,0.0666,0,2.5261
2553,45.7470,-3.0626,15.2982,48.1236,0.1410,0,2.4626
2554,45.7471,-3.0605,15.2316,48.1032,0.0666,0,2.4605
2555,45.7689,-3.0164,15.1118,48.0853,0.1295,0,2.4164
2556,45.7689,-3.0144,15.0452,48.0652,0.0666,0,2.4144
2557,45.7906,-2.9838,14.9250,48.0482,0.1259,0,2.3838
2558,45.7907,-2.9818,14.8584,48.0283,0.0666,0,2.3818
2559,45.8132,-2.9604,14.7350,48.0121,0.1273,0,2.3604
2560,45.8132,-2.9583,14.6684,47.9925,0.0666,0,2.3583
2561,45.8362,-2.9335,14.5337,47.9738,0.1389,0,2.3335
2562,45.8363,-2.9316,14.4670,47.9544,0.0666,0,2.3316
2563,45.8551,-2.9284,14.3414,47.9360,0.1270,0,2.3284
2564,45.8552,-2.9265,14.2748,47.9169,0.0666,0,2.3265
2565,45.8719,-2.9408,14.1561,47.8997,0.1208,0,2.3408
2566,45.8719,-2.9389,14.0895,47.8808,0.0666,0,2.3389
2567,45.8884,-2.9605,13.9719,47.8646,0.1207,0,2.3605
2568,45.8884,-2.9586,13.9053,47.8459,0.0666,0,2.3586
2569,45.9058,-2.9802,13.7856,47.8305,0.1229,0,2.3802
2570,45.9059,-2.9783,13.7189,47.8121,0.0666,0,2.3783
2571,45.9249,-2.9952,13.5951,47.7972,0.1265,0,2.3952
2572,45.9249,-2.9933,13.5284,47.7791,0.0666,0,2.3933
2573,45.9451,-2.9944,13.3928,47.7619,0.1372,0,2.3944
2574,45.9452,-2.9925,13.3261,47.7440,0.0666,0,2.3925
2575,45.9621,-3.0030,13.1993,47.7271,0.1284,0,2.4030
2576,45.9621,-3.0012,13.1327,47.7095,0.0666,0,2.4012
2577,45.9775,-3.0183,13.0126,47.6937,0.1223,0,2.4183
2578,45.9776,-3.0166,12.9460,47.6763,0.0666,0,2.4166
2579,45.9931,-3.0324,12.8270,47.6614,0.1210,0,2.4324
2580,45.9932,-3.0307,12.7604,47.6442,0.0666,0,2.4307
2581,46.0099,-3.0403,12.6392,47.6300,0.1227,0,2.4403
2582,46.0100,-3.0385,12.5726,47.6131,0.0666,0,2.4385
2583,46.0283,-3.0395,12.4472,47.5995,0.1267,0,2.4395
2584,46.0284,-3.0377,12.3806,47.5828,0.0666,0,2.4377
2585,46.0479,-3.0217,12.2435,47.5670,0.1394,0,2.4217
2586,46.0479,-3.0200,12.1769,47.5507,0.0666,0,2.4200
2587,46.0644,-3.0127,12.0487,47.5352,0.1295,0,2.4127
2588,46.0645,-3.0111,11.9820,47.5191,0.0666,0,2.4111
2589,46.0795,-3.0109,11.8605,47.5046,0.1224,0,2.4109
2590,46.0796,-3.0093,11.7939,47.4888,0.0666,0,2.4093
2591,46.0946,-3.0096,11.6735,47.4751,0.1213,0,2.4096
2592,46.0947,-3.0079,11.6069,47.4596,0.0666,0,2.4079
2593,46.1107,-3.0045,11.4843,47.4465,0.1237,0,2.4045
2594,46.1107,-3.0028,11.4176,47.4312,0.0666,0,2.4028
2595,46.1280,-2.9935,11.2908,47.4187,0.1283,0,2.3935
2596,46.1281,-2.9919,11.2242,47.4037,0.0666,0,2.3919
2597,46.1468,-2.9763,11.0920,47.3916,0.1344,0,2.3763
2598,46.1468,-2.9747,11.0254,47.3768,0.0666,0,2.3747
2599,46.1670,-2.9534,10.8871,47.3650,0.1413,0,2.3534
2600,46.1670,-2.9518,10.8205,47.3505,0.0666,0,2.3518
2601,46.1885,-2.9261,10.6757,47.3391,0.1486,0,2.3261
2602,46.1886,-2.9245,10.6091,47.3249,0.0666,0,2.3245
2603,46.2112,-2.8961,10.4574,47.3137,0.1559,0,2.2961
2604,46.2113,-2.8945,10.3908,47.2998,0.0666,0,2.2945
2605,46.2350,-2.8651,10.2321,47.2888,0.1631,0,2.2651
2606,46.2350,-2.8636,10.1654,47.2752,0.0666,0,2.2636
2607,46.2595,-2.8347,9.9996,47.2644,0.1701,0,2.2347
2608,46.2596,-2.8332,9.9329,47.2511,0.0667,0,2.2332
2609,46.2848,-2.8062,9.7598,47.2405,0.1770,0,2.2062
2610,46.2848,-2.8047,9.6932,47.2276,0.0667,0,2.2047
2611,46.3106,-2.7806,9.5127,47.2171,0.1839,0,2.1806
2612,46.3106,-2.7792,9.4461,47.2045,0.0667,0,2.1792
2613,46.3367,-2.7585,9.2582,47.1943,0.1908,0,2.1585
2614,46.3368,-2.7572,9.1916,47.1820,0.0667,0,2.1572
2615,46.3631,-2.7403,8.9963,47.1719,0.1977,0,2.1403
2616,46.3632,-2.7390,8.9297,47.1600,0.0667,0,2.1390
2617,46.3896,-2.7259,8.7271,47.1499,0.2048,0,2.1259
2618,46.3897,-2.7247,8.6604,47.1384,0.0667,0,2.1247
2619,46.4162,-2.7151,8.4504,47.1284,0.2119,0,2.1151
2620,46.4162,-2.7140,8.3837,47.1173,0.0667,0,2.1140
2621,46.4425,-2.6962,8.1692,47.1073,0.2169,0,2.0962
2622,46.4425,-2.6951,8.1025,47.0966,0.0667,0,2.0951
2623,46.4687,-2.6645,7.8831,47.0865,0.2231,0,2.0645
2624,46.4688,-2.6635,7.8165,47.0762,0.0667,0,2.0635
2625,46.4949,-2.6204,7.5913,47.0660,0.2307,0,2.0204
2626,46.4950,-2.6194,7.5247,47.0561,0.0667,0,2.0194
2627,46.5211,-2.5644,7.2933,47.0459,0.2392,0,1.9644
2628,46.5211,-2.5634,7.2267,47.0364,0.0667,0,1.9634
2629,46.5469,-2.4977,6.9889,47.0262,0.2480,0,1.8977
2630,46.5469,-2.4968,6.9223,47.0172,0.0667,0,1.8968
2631,46.5723,-2.4218,6.6781,47.0069,0.2567,0,1.8218
2632,46.5723,-2.4208,6.6114,46.9983,0.0667,0,1.8208
2633,46.5969,-2.3382,6.3607,46.9879,0.2651,0,1.7382
2634,46.5969,-2.3373,6.2941,46.9797,0.0667,0,1.7373
2635,46.6205,-2.2487,6.0370,46.9693,0.2730,0,1.6487
2636,46.6205,-2.2478,5.9703,46.9616,0.0667,0,1.6478
2637,46.6429,-2.1550,5.7068,46.9511,0.2802,0,1.5550
2638,46.6429,-2.1541,5.6402,46.9438,0.0667,0,1.5541
2639,46.6638,-2.0586,5.3704,46.9332,0.2870,0,1.4586
2640,46.6639,-2.0578,5.3037,46.9264,0.0667,0,1.4578
2641,46.6832,-1.9609,5.0277,46.9156,0.2932,0,1.3609
2642,46.6832,-1.9601,4.9610,46.9093,0.0667,0,1.3601
2643,46.7006,-1.8629,4.6787,46.8983,0.2990,0,1.2629
2644,46.7006,-1.8622,4.6121,46.8925,0.0667,0,1.2622
2645,46.7160,-1.7655,4.3236,46.8814,0.3046,0,1.1655
2646,46.7160,-1.7648,4.2570,46.8761,0.0667,0,1.1648
2647,46.7293,-1.6691,3.9624,46.8647,0.3100,0,1.0691
2648,46.7293,-1.6684,3.8958,46.8599,0.0667,0,1.0684
2649,46.7401,-1.5740,3.5951,46.8483,0.3153,0,0.9740
2650,46.7402,-1.5734,3.5285,46.8440,0.0667,0,0.9734
2651,46.7485,-1.4804,3.2218,46.8322,0.3206,0,0.8804
2652,46.7485,-1.4798,3.1552,46.8284,0.0667,0,0.8798
2653,46.7543,-1.3879,2.8426,46.8163,0.3259,0,0.7879
2654,46.7543,-1.3874,2.7759,46.8131,0.0667,0,0.7874
2655,46.7572,-1.2965,2.4574,46.8006,0.3312,0,0.6965
2656,46.7572,-1.2960,2.3908,46.7980,0.0667,0,0.6960
2657,46.7572,-1.2057,2.0665,46.7851,0.3367,0,0.6057
2658,46.7572,-1.2053,1.9998,46.7830,0.0667,0,0.6053
2659,46.7540,-1.1152,1.6697,46.7699,0.3422,0,0.5152
2660,46.7540,-1.1148,1.6031,46.7683,0.0667,0,0.5148
2661,46.7476,-1.0245,1.2673,46.7547,0.3477,0,0.4245
2662,46.7476,-1.0242,1.2006,46.7538,0.0667,0,0.4242
2663,46.7377,-0.9335,0.8593,46.7398,0.3534,0,0.3335
2664,46.7377,-0.9332,0.7926,46.7394,0.0667,0,0.3332
2665,46.7242,-0.8417,0.4457,46.7249,0.3590,0,0.2417
2666,46.7242,-0.8415,0.3790,46.7252,0.0667,0,0.2415
2667,46.7068,-0.7490,0.0267,46.7102,0.3647,0,0.1490
2668,46.7068,-0.7489,-0.0400,46.7110,0.0667,0,0.1489
2669,46.6855,-0.6553,-0.3977,46.6955,0.3704,0,0.0553
2670,46.6855,-0.6552,-0.4644,46.6969,0.0667,0,0.0552
2671,46.6600,-0.5680,-0.8251,46.6807,0.3720,0,0.0000
2672,46.6600,-0.5679,-0.8917,46.6828,0.0667,0,0.0000
2673,46.6301,-0.5023,-1.2555,46.6658,0.3708,0,0.0000
2674,46.6301,-0.5023,-1.3221,46.6684,0.0667,0,0.0000
2675,46.5959,-0.4589,-1.6894,46.6507,0.3714,0,0.0000
2676,46.5959,-0.4589,-1.7561,46.6540,0.0667,0,0.0000
2677,46.5574,-0.4365,-2.1273,46.6356,0.3738,0,0.0000
2678,46.5574,-0.4365,-2.1940,46.6395,0.0667,0,0.0000
2679,46.5145,-0.4325,-2.5692,46.6204,0.3777,0,0.0000
2680,46.5145,-0.4325,-2.5025,46.6159,0.0667,0,0.0000
2681,46.4694,-0.4437,-2.7485,46.5877,0.2504,0,0.0000
2682,46.4694,-0.4438,-2.6819,46.5830,0.0667,0,0.0000
2683,46.4220,-0.4662,-2.9320,46.5538,0.2556,0,0.0000
2684,46.4220,-0.4663,-2.8653,46.5488,0.0667,0,0.0000
2685,46.3722,-0.4960,-3.1196,46.5186,0.2608,0,0.0000
2686,46.3722,-0.4961,-3.0530,46.5133,0.0667,0,0.0000
2687,46.3199,-0.5296,-3.3114,46.4820,0.2658,0,0.0000
2688,46.3199,-0.5297,-3.2447,46.4765,0.0667,0,0.0000
2689,46.2650,-0.5636,-3.5073,46.4440,0.2703,0,0.0000
2690,46.2650,-0.5637,-3.4406,46.4382,0.0667,0,0.0000
2691,46.2074,-0.5953,-3.7071,46.4047,0.2745,0,0.0000
2692,46.2074,-0.5954,-3.6405,46.3986,0.0667,0,0.0000
2693,46.1471,-0.6227,-3.9110,46.3639,0.2785,0,0.0227
2694,46.1471,-0.6228,-3.8443,46.3575,0.0667,0,0.0228
2695,46.0840,-0.6444,-4.1188,46.3216,0.2824,0,0.0444
2696,46.0840,-0.6445,-4.0521,46.3149,0.0667,0,0.0445
2697,46.0180,-0.6596,-4.3304,46.2779,0.2864,0,0.0596
2698,46.0180,-0.6597,-4.2637,46.2708,0.0667,0,0.0597
2699,45.9490,-0.6680,-4.5458,46.2326,0.2905,0,0.0680
2700,45.9490,-0.6682,-4.4792,46.2253,0.0667,0,0.0682
2701,45.8769,-0.6701,-4.7649,46.1857,0.2947,0,0.0701
2702,45.8769,-0.6702,-4.6983,46.1781,0.0667,0,0.0702
2703,45.8016,-0.6663,-4.9877,46.1372,0.2991,0,0.0663
2704,45.8016,-0.6664,-4.9210,46.1293,0.0667,0,0.0664
2705,45.7231,-0.6576,-5.2140,46.0871,0.3035,0,0.0576
2706,45.7231,-0.6577,-5.1474,46.0788,0.0667,0,0.0577
2707,45.6412,-0.6451,-5.4439,46.0353,0.3078,0,0.0451
2708,45.6412,-0.6452,-5.3772,46.0267,0.0667,0,0.0452
2709,45.5559,-0.6297,-5.6771,45.9818,0.3122,0,0.0297
2710,45.5559,-0.6298,-5.6104,45.9728,0.0667,0,0.0298
2711,45.4670,-0.6126,-5.9136,45.9265,0.3165,0,0.0126
2712,45.4670,-0.6127,-5.8470,45.9172,0.0667,0,0.0127
2713,45.3745,-0.5948,-6.1535,45.8695,0.3207,0,0.0000
2714,45.3745,-0.5949,-6.0868,45.8597,0.0667,0,0.0000
2715,45.2783,-0.5770,-6.3965,45.8106,0.3248,0,0.0000
2716,45.2783,-0.5771,-6.3298,45.8005,0.0667,0,0.0000
2717,45.1782,-0.5600,-6.6426,45.7498,0.3288,0,0.0000
2718,45.1782,-0.5601,-6.5759,45.7393,0.0667,0,0.0000
2719,45.0742,-0.5442,-6.8917,45.6871,0.3329,0,0.0000
2720,45.0742,-0.5443,-6.8250,45.6763,0.0667,0,0.0000
2721,44.9661,-0.5299,-7.1438,45.6224,0.3368,0,0.0000
2722,44.9661,-0.5300,-7.0771,45.6112,0.0667,0,0.0000
2723,44.8541,-0.5176,-7.3982,45.5558,0.3403,0,0.0000
2724,44.8541,-0.5177,-7.3315,45.5442,0.0667,0,0.0000
2725,44.7382,-0.5084,-7.6533,45.4872,0.3422,0,0.0000
2726,44.7382,-0.5085,-7.5866,45.4752,0.0667,0,0.0000
2727,44.6188,-0.5027,-7.9081,45.4166,0.3429,0,0.0000
2728,44.6188,-0.5028,-7.8414,45.4042,0.0667,0,0.0000
2729,44.4960,-0.5004,-8.1616,45.3441,0.3430,0,0.0000
2730,44.4960,-0.5005,-8.0950,45.3313,0.0667,0,0.0000
2731,44.3699,-0.5011,-8.4135,45.2696,0.3426,0,0.0000
2732,44.3699,-0.5012,-8.3468,45.2564,0.0667,0,0.0000
2733,44.2405,-0.5042,-8.6633,45.1931,0.3419,0,0.0000
2734,44.2405,-0.5043,-8.5966,45.1796,0.0667,0,0.0000
2735,44.1079,-0.5089,-8.9107,45.1147,0.3409,0,0.0000
2736,44.1079,-0.5090,-8.8440,45.1008,0.0667,0,0.0000
2737,43.9723,-0.5146,-9.1555,45.0343,0.3398,0,0.0000
2738,43.9723,-0.5147,-9.0888,45.0200,0.0667,0,0.0000
2739,43.8336,-0.5204,-9.3976,44.9519,0.3385,0,0.0000
2740,43.8336,-0.5205,-9.3309,44.9372,0.0667,0,0.0000
2741,43.6919,-0.5258,-9.6367,44.8676,0.3371,0,0.0000
2742,43.6919,-0.5259,-9.5701,44.8525,0.0667,0,0.0000
2743,43.5473,-0.5303,-9.8729,44.7812,0.3356,0,0.0000
2744,43.5473,-0.5304,-9.8062,44.7657,0.0667,0,0.0000
2745,43.3998,-0.5335,-10.1059,44.6928,0.3340,0,0.0000
2746,43.3998,-0.5337,-10.0392,44.6770,0.0667,0,0.0000
2747,43.2494,-0.5354,-10.3356,44.6025,0.3324,0,0.0000
2748,43.2494,-0.5355,-10.2690,44.5862,0.0667,0,0.0000
2749,43.0963,-0.5357,-10.5620,44.5100,0.3307,0,0.0000
2750,43.0963,-0.5358,-10.4953,44.4934,0.0667,0,0.0000
2751,42.9405,-0.5345,-10.7850,44.4156,0.3289,0,0.0000
2752,42.9405,-0.5346,-10.7183,44.3986,0.0667,0,0.0000
2753,42.7819,-0.5320,-11.0044,44.3191,0.3271,0,0.0000
2754,42.7819,-0.5322,-10.9377,44.3018,0.0667,0,0.0000
2755,42.6208,-0.5284,-11.2202,44.2206,0.3252,0,0.0000
2756,42.6208,-0.5285,-11.1535,44.2029,0.0667,0,0.0000
2757,42.4570,-0.5239,-11.4323,44.1201,0.3234,0,0.0000
2758,42.4570,-0.5240,-11.3657,44.1020,0.0667,0,0.0000
2759,42.2908,-0.5187,-11.6407,44.0175,0.3214,0,0.0000
2760,42.2908,-0.5188,-11.5741,43.9990,0.0667,0,0.0000
2761,42.1221,-0.5131,-11.8453,43.9128,0.3195,0,0.0000
2762,42.1221,-0.5132,-11.7786,43.8940,0.0667,0,0.0000
2763,41.9509,-0.5073,-12.0460,43.8060,0.3175,0,0.0000
2764,41.9509,-0.5075,-11.9793,43.7869,0.0667,0,0.0000
2765,41.7775,-0.5015,-12.2428,43.6972,0.3155,0,0.0000
2766,41.7775,-0.5017,-12.1761,43.6777,0.0667,0,0.0000
2767,41.6017,-0.4959,-12.4356,43.5863,0.3135,0,0.0000
2768,41.6017,-0.4961,-12.3689,43.5665,0.0667,0,0.0000
2769,41.4237,-0.4906,-12.6243,43.4734,0.3114,0,0.0000
2770,41.4237,-0.4908,-12.5577,43.4532,0.0667,0,0.0000
2771,41.2434,-0.4857,-12.8091,43.3583,0.3094,0,0.0000
2772,41.2434,-0.4858,-12.7424,43.3378,0.0667,0,0.0000
2773,41.0611,-0.4811,-12.9897,43.2412,0.3073,0,0.0000
2774,41.0611,-0.4813,-12.9230,43.2203,0.0667,0,0.0000
2775,40.8766,-0.4770,-13.1662,43.1220,0.3053,0,0.0000
2776,40.8766,-0.4771,-13.0996,43.1008,0.0667,0,0.0000
2777,40.6901,-0.4732,-13.3386,43.0006,0.3032,0,0.0000
2778,40.6901,-0.4734,-13.2720,42.9791,0.0667,0,0.0000
2779,40.5015,-0.4698,-13.5069,42.8772,0.3012,0,0.0000
2780,40.5015,-0.4700,-13.4402,42.8554,0.0667,0,0.0000
2781,40.3110,-0.4667,-13.6710,42.7517,0.2993,0,0.0000
2782,40.3110,-0.4668,-13.6043,42.7295,0.0667,0,0.0000
2783,40.1186,-0.4638,-13.8310,42.6240,0.2973,0,0.0000
2784,40.1186,-0.4639,-13.7643,42.6016,0.0667,0,0.0000
2785,39.9242,-0.4610,-13.9868,42.4943,0.2954,0,0.0000
2786,39.9242,-0.4612,-13.9201,42.4715,0.0667,0,0.0000
2787,39.7280,-0.4584,-14.1385,42.3624,0.2936,0,0.0000
2788,39.7280,-0.4585,-14.0718,42.3393,0.0667,0,0.0000
2789,39.5300,-0.4557,-14.2860,42.2285,0.2918,0,0.0000
2790,39.5300,-0.4558,-14.2194,42.2051,0.0667,0,0.0000
2791,39.3301,-0.4530,-14.4295,42.0924,0.2900,0,0.0000
2792,39.3301,-0.4531,-14.3629,42.0687,0.0667,0,0.0000
2793,39.1285,-0.4502,-14.5690,41.9542,0.2883,0,0.0000
2794,39.1285,-0.4504,-14.5023,41.9302,0.0667,0,0.0000
2795,38.9252,-0.4474,-14.7044,41.8138,0.2867,0,0.0000
2796,38.9252,-0.4475,-14.6378,41.7895,0.0667,0,0.0000
2797,38.7200,-0.4443,-14.8359,41.6714,0.2852,0,0.0000
2798,38.7200,-0.4445,-14.7693,41.6468,0.0667,0,0.0000
2799,38.5131,-0.4412,-14.9635,41.5268,0.2838,0,0.0000
2800,38.5131,-0.4413,-14.8968,41.5019,0.0667,0,0.0000
2801,38.3045,-0.4378,-15.0873,41.3801,0.2825,0,0.0000
2802,38.3045,-0.4380,-15.0206,41.3549,0.0667,0,0.0000
2803,38.0942,-0.4343,-15.2072,41.2312,0.2812,0,0.0000
2804,38.0942,-0.4344,-15.1406,41.2057,0.0667,0,0.0000
2805,37.8821,-0.4306,-15.3236,41.0802,0.2801,0,0.0000
2806,37.8821,-0.4308,-15.2569,41.0544,0.0667,0,0.0000
2807,37.6682,-0.4268,-15.4363,40.9270,0.2792,0,0.0000
2808,37.6682,-0.4269,-15.3696,40.9010,0.0667,0,0.0000
2809,37.4526,-0.4228,-15.5456,40.7717,0.2783,0,0.0000
2810,37.4526,-0.4229,-15.4789,40.7454,0.0667,0,0.0000
2811,37.2351,-0.4186,-15.6515,40.6142,0.2777,0,0.0000
2812,37.2351,-0.4188,-15.5848,40.5876,0.0667,0,0.0000
2813,37.0158,-0.4143,-15.7541,40.4546,0.2771,0,0.0000
2814,37.0158,-0.4144,-15.6875,40.4277,0.0667,0,0.0000
2815,36.7945,-0.4098,-15.8537,40.2927,0.2768,0,0.0000
2816,36.7945,-0.4099,-15.7870,40.2656,0.0667,0,0.0000
2817,36.5713,-0.4051,-15.9504,40.1287,0.2766,0,0.0000
2818,36.5713,-0.4053,-15.8837,40.1013,0.0667,0,0.0000
2819,36.3460,-0.4002,-16.0443,39.9624,0.2767,0,0.0000
2820,36.3460,-0.4004,-15.9776,39.9348,0.0667,0,0.0000
2821,36.1186,-0.3951,-16.1356,39.7940,0.2770,0,0.0000
2822,36.1186,-0.3953,-16.0689,39.7660,0.0667,0,0.0000
2823,35.8889,-0.3898,-16.2245,39.6232,0.2775,0,0.0000
2824,35.8889,-0.3899,-16.1579,39.5950,0.0667,0,0.0000
2825,35.6568,-0.3842,-16.3113,39.4503,0.2783,0,0.0000
2826,35.6568,-0.3843,-16.2446,39.4218,0.0667,0,0.0000
2827,35.4223,-0.3783,-16.3962,39.2750,0.2793,0,0.0000
2828,35.4223,-0.3784,-16.3295,39.2463,0.0667,0,0.0000
2829,35.1851,-0.3721,-16.4794,39.0974,0.2806,0,0.0000
2830,35.1851,-0.3723,-16.4127,39.0684,0.0667,0,0.0000
2831,34.9607,-0.3852,-16.5314,38.9183,0.2542,0,0.0000
2832,34.9607,-0.3853,-16.4647,38.8891,0.0667,0,0.0000
2833,34.7487,-0.4145,-16.5543,38.7380,0.2319,0,0.0000
2834,34.7487,-0.4146,-16.4876,38.7086,0.0667,0,0.0000
2835,34.5449,-0.4513,-16.5571,38.5564,0.2184,0,0.0000
2836,34.5449,-0.4515,-16.4904,38.5268,0.0667,0,0.0000
2837,34.3466,-0.4895,-16.5453,38.3735,0.2092,0,0.0000
2838,34.3466,-0.4897,-16.4787,38.3438,0.0667,0,0.0000
2839,34.1523,-0.5247,-16.5225,38.1894,0.2023,0,0.0000
2840,34.1523,-0.5248,-16.4559,38.1596,0.0667,0,0.0000
2841,33.9610,-0.5540,-16.4907,38.0040,0.1967,0,0.0000
2842,33.9610,-0.5542,-16.4241,37.9741,0.0667,0,0.0000
2843,33.7720,-0.5760,-16.4512,37.8174,0.1922,0,0.0000
2844,33.7720,-0.5762,-16.3845,37.7874,0.0667,0,0.0000
2845,33.5851,-0.5902,-16.4048,37.6296,0.1885,0,0.0000
2846,33.5851,-0.5904,-16.3381,37.5996,0.0667,0,0.0000
2847,33.4000,-0.5969,-16.3520,37.4407,0.1857,0,0.0000
2848,33.4000,-0.5970,-16.2853,37.4106,0.0667,0,0.0000
2849,33.2168,-0.5967,-16.2932,37.2506,0.1834,0,0.0000
2850,33.2168,-0.5969,-16.2265,37.2205,0.0667,0,0.0000
2851,33.0351,-0.5911,-16.2286,37.0595,0.1817,0,0.0000
2852,33.0351,-0.5912,-16.1620,37.0293,0.0667,0,0.0000
2853,32.8552,-0.5812,-16.1585,36.8672,0.1803,0,0.0000
2854,32.8552,-0.5814,-16.0918,36.8371,0.0667,0,0.0000
2855,32.6768,-0.5686,-16.0830,36.6740,0.1791,0,0.0000
2856,32.6768,-0.5687,-16.0163,36.6438,0.0667,0,0.0000
2857,32.5000,-0.5545,-16.0022,36.4799,0.1779,0,0.0000
2858,32.5000,-0.5546,-15.9355,36.4496,0.0667,0,0.0000
2859,32.3248,-0.5401,-15.9162,36.2848,0.1769,0,0.0000
2860,32.3248,-0.5402,-15.8496,36.2545,0.0667,0,0.0000
2861,32.1512,-0.5264,-15.8253,36.0888,0.1759,0,0.0000
2862,32.1512,-0.5265,-15.7586,36.0586,0.0667,0,0.0000
2863,31.9792,-0.5141,-15.7295,35.8920,0.1750,0,0.0000
2864,31.9792,-0.5143,-15.6628,35.8618,0.0667,0,0.0000
2865,31.8086,-0.5037,-15.6290,35.6945,0.1742,0,0.0000
2866,31.8086,-0.5039,-15.5623,35.6643,0.0667,0,0.0000
2867,31.6396,-0.4955,-15.5239,35.4962,0.1736,0,0.0000
2868,31.6396,-0.4956,-15.4573,35.4660,0.0667,0,0.0000
2869,31.4720,-0.4894,-15.4144,35.2972,0.1731,0,0.0000
2870,31.4720,-0.4896,-15.3478,35.2671,0.0667,0,0.0000
2871,31.3059,-0.4855,-15.3007,35.0976,0.1727,0,0.0000
2872,31.3059,-0.4856,-15.2340,35.0675,0.0667,0,0.0000
2873,31.1411,-0.4833,-15.1829,34.8974,0.1725,0,0.0000
2874,31.1411,-0.4835,-15.1162,34.8674,0.0667,0,0.0000
2875,30.9777,-0.4827,-15.0611,34.6967,0.1724,0,0.0000
2876,30.9777,-0.4829,-14.9945,34.6667,0.0667,0,0.0000
2877,30.8156,-0.4831,-14.9357,34.4955,0.1724,0,0.0000
2878,30.8156,-0.4833,-14.8691,34.4656,0.0667,0,0.0000
2879,30.6547,-0.4843,-14.8068,34.2938,0.1726,0,0.0000
2880,30.6547,-0.4844,-14.7401,34.2640,0.0667,0,0.0000
2881,30.4949,-0.4857,-14.6745,34.0917,0.1727,0,0.0000
2882,30.4949,-0.4858,-14.6079,34.0620,0.0667,0,0.0000
2883,30.3362,-0.4870,-14.5393,33.8893,0.1729,0,0.0000
2884,30.3362,-0.4872,-14.4726,33.8597,0.0667,0,0.0000
2885,30.1785,-0.4879,-14.4011,33.6866,0.1732,0,0.0000
2886,30.1785,-0.4881,-14.3344,33.6570,0.0667,0,0.0000
2887,30.0216,-0.4882,-14.2604,33.4836,0.1735,0,0.0000
2888,30.0216,-0.4884,-14.1937,33.4541,0.0667,0,0.0000
2889,29.8654,-0.4876,-14.1174,33.2803,0.1738,0,0.0000
2890,29.8654,-0.4878,-14.0508,33.2510,0.0667,0,0.0000
2891,29.7099,-0.4860,-13.9725,33.0769,0.1741,0,0.0000
2892,29.7099,-0.4861,-13.9058,33.0476,0.0667,0,0.0000
2893,29.5549,-0.4833,-13.8259,32.8732,0.1745,0,0.0000
2894,29.5549,-0.4834,-13.7592,32.8441,0.0667,0,0.0000
2895,29.4002,-0.4794,-13.6780,32.6695,0.1748,0,0.0000
2896,29.4002,-0.4795,-13.6113,32.6405,0.0667,0,0.0000
2897,29.2457,-0.4744,-13.5291,32.4656,0.1751,0,0.0000
2898,29.2457,-0.4745,-13.4624,32.4367,0.0667,0,0.0000
2899,29.1376,-0.5289,-13.2912,32.2652,0.2097,0,0.0000
2900,29.1376,-0.5290,-13.2245,32.2366,0.0667,0,0.0000
2901,29.0701,-0.6306,-12.9745,32.0692,0.2781,0,0.0306
2902,29.0701,-0.6308,-12.9079,32.0411,0.0667,0,0.0308
2903,29.0266,-0.7515,-12.6096,31.8776,0.3247,0,0.1515
2904,29.0266,-0.7517,-12.5429,31.8501,0.0667,0,0.1517
2905,28.9972,-0.8725,-12.2146,31.6902,0.3511,0,0.2725
2906,28.9972,-0.8727,-12.1480,31.6634,0.0667,0,0.2727
2907,28.9761,-0.9812,-11.8006,31.5073,0.3645,0,0.3812
2908,28.9761,-0.9814,-11.7339,31.4812,0.0667,0,0.3814
2909,28.9602,-1.0699,-11.3740,31.3289,0.3710,0,0.4699
2910,28.9602,-1.0701,-11.3073,31.3035,0.0667,0,0.4701
2911,28.9477,-1.1350,-10.9389,31.1550,0.3743,0,0.5350
2912,28.9477,-1.1352,-10.8722,31.1305,0.0667,0,0.5352
2913,28.9376,-1.1757,-10.4975,30.9860,0.3770,0,0.5757
2914,28.9375,-1.1759,-10.4309,30.9622,0.0667,0,0.5759
2915,28.9291,-1.1932,-10.0514,30.8219,0.3799,0,0.5932
2916,28.9291,-1.1935,-9.9847,30.7990,0.0667,0,0.5935
2917,28.9219,-1.1906,-9.6013,30.6629,0.3835,0,0.5906
2918,28.9219,-1.1908,-9.5346,30.6409,0.0667,0,0.5908
2919,28.9157,-1.1714,-9.1477,30.5093,0.3874,0,0.5714
2920,28.9157,-1.1716,-9.0811,30.4881,0.0667,0,0.5716
2921,28.9103,-1.1401,-8.6910,30.3612,0.3914,0,0.5401
2922,28.9103,-1.1403,-8.6243,30.3409,0.0667,0,0.5403
2923,28.9054,-1.1009,-8.2312,30.2188,0.3951,0,0.5009
2924,28.9054,-1.1012,-8.1645,30.1995,0.0667,0,0.5012
2925,28.9009,-1.0580,-7.7685,30.0823,0.3984,0,0.4580
2926,28.9009,-1.0582,-7.7018,30.0639,0.0667,0,0.4582
2927,28.8966,-1.0148,-7.3030,29.9520,0.4012,0,0.4148
2928,28.8966,-1.0150,-7.2363,29.9345,0.0667,0,0.4150
2929,28.8927,-0.9744,-6.8346,29.8279,0.4037,0,0.3744
2930,28.8926,-0.9746,-6.7680,29.8115,0.0667,0,0.3746
2931,28.8889,-0.9389,-6.3635,29.7104,0.4060,0,0.3389
2932,28.8889,-0.9391,-6.2969,29.6950,0.0667,0,0.3391
2933,28.8853,-0.9099,-5.8897,29.5997,0.4082,0,0.3099
2934,28.8853,-0.9101,-5.8230,29.5852,0.0667,0,0.3101
2935,28.8819,-0.8880,-5.4132,29.4958,0.4105,0,0.2880
2936,28.8819,-0.8883,-5.3465,29.4824,0.0667,0,0.2883
2937,28.8787,-0.8736,-4.9340,29.3991,0.4128,0,0.2736
2938,28.8787,-0.8738,-4.8673,29.3867,0.0667,0,0.2738
2939,28.8756,-0.8661,-4.4522,29.3098,0.4152,0,0.2661
2940,28.8756,-0.8664,-4.3855,29.2984,0.0667,0,0.2664
2941,28.8728,-0.8650,-3.9678,29.2279,0.4177,0,0.2650
2942,28.8728,-0.8652,-3.9012,29.2177,0.0667,0,0.2652
2943,28.8702,-0.8691,-3.4809,29.1538,0.4203,0,0.2691
2944,28.8702,-0.8693,-3.4143,29.1446,0.0667,0,0.2693
2945,28.8678,-0.8773,-2.9915,29.0876,0.4228,0,0.2773
2946,28.8678,-0.8775,-2.9248,29.0795,0.0667,0,0.2775
2947,28.8656,-0.8884,-2.4996,29.0294,0.4254,0,0.2884
2948,28.8656,-0.8886,-2.4330,29.0224,0.0667,0,0.2886
2949,28.8636,-0.9012,-2.0053,28.9795,0.4278,0,0.3012
2950,28.8636,-0.9014,-1.9387,28.9737,0.0667,0,0.3014
2951,28.8618,-0.9145,-1.5086,28.9380,0.4302,0,0.3145
2952,28.8618,-0.9148,-1.4420,28.9333,0.0667,0,0.3148
2953,28.8603,-0.9276,-1.0096,28.9051,0.4326,0,0.3276
2954,28.8603,-0.9278,-0.9429,28.9016,0.0667,0,0.3278
2955,28.8590,-0.9397,-0.5082,28.8810,0.4349,0,0.3397
2956,28.8590,-0.9399,-0.4415,28.8786,0.0667,0,0.3399
2957,28.8579,-0.9502,-0.0045,28.8657,0.4371,0,0.3502
2958,28.8579,-0.9504,0.0622,28.8645,0.0667,0,0.3504
2959,28.8572,-0.9588,0.5015,28.8595,0.4394,0,0.3588
2960,28.8572,-0.9591,0.5681,28.8594,0.0667,0,0.3591
2961,28.8567,-0.9655,1.0097,28.8624,0.4416,0,0.3655
2962,28.8567,-0.9657,1.0763,28.8635,0.0667,0,0.3657
2963,28.8564,-0.9701,1.5201,28.8746,0.4438,0,0.3701
2964,28.8564,-0.9703,1.5867,28.8769,0.0667,0,0.3703
2965,28.8565,-0.9728,2.0326,28.8961,0.4459,0,0.3728
2966,28.8565,-0.9730,2.0993,28.8996,0.0667,0,0.3730
2967,28.8564,-0.9836,2.5609,28.9278,0.4617,0,0.3836
2968,28.8564,-0.9834,2.4943,28.9233,0.0667,0,0.3834
2969,28.8547,-1.0215,2.8673,28.9494,0.3750,0,0.4215
2970,28.8547,-1.0213,2.8006,28.9442,0.0667,0,0.4213
2971,28.8512,-1.0729,3.2011,28.9751,0.4038,0,0.4729
2972,28.8512,-1.0727,3.1344,28.9691,0.0667,0,0.4727
2973,28.8459,-1.1278,3.5517,29.0048,0.4210,0,0.5278
2974,28.8459,-1.1276,3.4851,28.9980,0.0667,0,0.5276
2975,28.8389,-1.1798,3.9129,29.0382,0.4311,0,0.5798
2976,28.8389,-1.1796,3.8463,29.0306,0.0667,0,0.5796
2977,28.8304,-1.2247,4.2808,29.0754,0.4369,0,0.6247
2978,28.8304,-1.2245,4.2141,29.0669,0.0667,0,0.6245
2979,28.8205,-1.2602,4.6530,29.1163,0.4404,0,0.6602
2980,28.8205,-1.2600,4.5863,29.1070,0.0667,0,0.6600
2981,28.8095,-1.2854,5.0282,29.1610,0.4427,0,0.6854
2982,28.8095,-1.2852,4.9615,29.1509,0.0667,0,0.6852
2983,28.7974,-1.3004,5.4055,29.2095,0.4444,0,0.7004
2984,28.7974,-1.3002,5.3389,29.1985,0.0667,0,0.7002
2985,28.7842,-1.3061,5.7846,29.2619,0.4460,0,0.7061
2986,28.7842,-1.3059,5.7179,29.2500,0.0667,0,0.7059
2987,28.7700,-1.3037,6.1651,29.3181,0.4474,0,0.7037
2988,28.7700,-1.3035,6.0985,29.3054,0.0667,0,0.7035
2989,28.7547,-1.2952,6.5471,29.3783,0.4489,0,0.6952
2990,28.7547,-1.2950,6.4804,29.3648,0.0667,0,0.6950
2991,28.7384,-1.2821,6.9303,29.4425,0.4504,0,0.6821
2992,28.7384,-1.2819,6.8636,29.4282,0.0667,0,0.6819
2993,28.7210,-1.2663,7.3149,29.5107,0.4519,0,0.6663
2994,28.7210,-1.2661,7.2482,29.4955,0.0667,0,0.6661
2995,28.7025,-1.2495,7.7008,29.5830,0.4533,0,0.6495
2996,28.7025,-1.2493,7.6342,29.5670,0.0667,0,0.6493
2997,28.6829,-1.2330,8.0882,29.6594,0.4548,0,0.6330
2998,28.6829,-1.2328,8.0216,29.6426,0.0667,0,0.6328
2999,28.6620,-1.2179,8.4771,29.7400,0.4563,0,0.6179
3000,28.6620,-1.2177,8.4105,29.7223,0.0667,0,0.6177
3001,28.6399,-1.2051,8.8676,29.8248,0.4578,0,0.6051
3002,28.6399,-1.2049,8.8010,29.8063,0.0667,0,0.6049
3003,28.6166,-1.1952,9.2598,29.9138,0.4595,0,0.5952
3004,28.6166,-1.1950,9.1931,29.8945,0.0667,0,0.5950
3005,28.5920,-1.1883,9.6536,30.0071,0.4613,0,0.5883
3006,28.5920,-1.1881,9.5870,29.9870,0.0667,0,0.5881
3007,28.5662,-1.1845,10.0494,30.1047,0.4631,0,0.5845
3008,28.5662,-1.1843,9.9827,30.0837,0.0667,0,0.5843
3009,28.5390,-1.1837,10.4470,30.2066,0.4651,0,0.5837
3010,28.5390,-1.1835,10.3804,30.1849,0.0667,0,0.5835
3011,28.5105,-1.1856,10.8468,30.3129,0.4673,0,0.5856
3012,28.5105,-1.1854,10.7801,30.2904,0.0667,0,0.5854
3013,28.4806,-1.1897,11.2487,30.4237,0.4695,0,0.5897
3014,28.4806,-1.1895,11.1820,30.4003,0.0667,0,0.5895
3015,28.4492,-1.1957,11.6529,30.5388,0.4720,0,0.5957
3016,28.4492,-1.1954,11.5862,30.5147,0.0667,0,0.5954
3017,28.4164,-1.2030,12.0596,30.6585,0.4746,0,0.6030
3018,28.4164,-1.2028,11.9929,30.6335,0.0667,0,0.6028
3019,28.3818,-1.2113,12.4690,30.7826,0.4774,0,0.6113
3020,28.3818,-1.2111,12.4023,30.7569,0.0667,0,0.6111
3021,28.3456,-1.2202,12.8812,30.9113,0.4803,0,0.6202
3022,28.3456,-1.2200,12.8145,30.8848,0.0667,0,0.6200
3023,28.3075,-1.2295,13.2965,31.0445,0.4836,0,0.6295
3024,28.3075,-1.2293,13.2299,31.0173,0.0667,0,0.6293
3025,28.2674,-1.2390,13.7152,31.1824,0.4871,0,0.6390
3026,28.2674,-1.2388,13.6486,31.1543,0.0667,0,0.6388
3027,28.2436,-1.2184,14.0959,31.3230,0.4485,0,0.6184
3028,28.2437,-1.2182,14.0293,31.2942,0.0667,0,0.6182
3029,28.2774,-1.1061,14.3489,31.4614,0.3404,0,0.5061
3030,28.2774,-1.1059,14.2822,31.4322,0.0667,0,0.5059
3031,28.3470,-0.9464,14.5249,31.5991,0.2987,0,0.3464
3032,28.3470,-0.9462,14.4583,31.5698,0.0667,0,0.3462
3033,28.4381,-0.7692,14.6551,31.7371,0.2800,0,0.1692
3034,28.4381,-0.7690,14.5885,31.7075,0.0667,0,0.1690
3035,28.5421,-0.5948,14.7583,31.8756,0.2646,0,0.0000
3036,28.5421,-0.5946,14.6916,31.8460,0.0667,0,0.0000
3037,28.6537,-0.4365,14.8459,32.0149,0.2475,0,0.0000
3038,28.6537,-0.4363,14.7792,31.9852,0.0667,0,0.0000
3039,28.7699,-0.3026,14.9248,32.1551,0.2293,0,0.0000
3040,28.7699,-0.3025,14.8581,32.1254,0.0667,0,0.0000
3041,28.8894,-0.1975,14.9990,32.2963,0.2125,0,0.0000
3042,28.8894,-0.1973,14.9324,32.2665,0.0667,0,0.0000
3043,29.0111,-0.1222,15.0709,32.4383,0.1992,0,0.0000
3044,29.0111,-0.1220,15.0042,32.4086,0.0667,0,0.0000
3045,29.1348,-0.0756,15.1416,32.5813,0.1906,0,0.0000
3046,29.1348,-0.0754,15.0749,32.5515,0.0667,0,0.0000
3047,29.2602,-0.0548,15.2116,32.7251,0.1867,0,0.0000
3048,29.2602,-0.0546,15.1450,32.6953,0.0667,0,0.0000
3049,29.3873,-0.0557,15.2810,32.8697,0.1862,0,0.0000
3050,29.3873,-0.0555,15.2144,32.8400,0.0667,0,0.0000
3051,29.5159,-0.0734,15.3496,33.0152,0.1875,0,0.0000
3052,29.5159,-0.0732,15.2830,32.9854,0.0667,0,0.0000
3053,29.6463,-0.1027,15.4169,33.1614,0.1892,0,0.0000
3054,29.6463,-0.1025,15.3502,33.1316,0.0667,0,0.0000
3055,29.7784,-0.1387,15.4824,33.3083,0.1903,0,0.0000
3056,29.7783,-0.1385,15.4157,33.2785,0.0667,0,0.0000
3057,29.9124,-0.1765,15.5452,33.4558,0.1903,0,0.0000
3058,29.9124,-0.1763,15.4786,33.4260,0.0667,0,0.0000
3059,30.0487,-0.2121,15.6047,33.6038,0.1891,0,0.0000
3060,30.0487,-0.2119,15.5380,33.5740,0.0667,0,0.0000
3061,30.1877,-0.2419,15.6597,33.7524,0.1871,0,0.0000
3062,30.1877,-0.2417,15.5930,33.7226,0.0667,0,0.0000
3063,30.3295,-0.2635,15.7096,33.9013,0.1849,0,0.0000
3064,30.3295,-0.2633,15.6429,33.8716,0.0667,0,0.0000
3065,30.5492,-0.1460,15.5781,34.0412,0.2574,0,0.0000
3066,30.5492,-0.1459,15.5115,34.0119,0.0667,0,0.0000
3067,30.8330,0.0876,15.2820,34.1714,0.4332,0,0.0000
3068,30.8330,0.0877,15.2153,34.1428,0.0667,0,0.0000
3069,31.1476,0.3786,14.8822,34.2938,0.5427,0,0.0000
3070,31.1476,0.3787,14.8156,34.2660,0.0667,0,0.0000
3071,31.4722,0.6857,14.4176,34.4093,0.5983,0,0.0000
3072,31.4722,0.6857,14.3509,34.3825,0.0667,0,0.0000
3073,31.7950,0.9796,13.9129,34.5186,0.6184,0,0.0000
3074,31.7950,0.9797,13.8462,34.4929,0.0667,0,0.0000
3075,32.1095,1.2407,13.3839,34.6220,0.6171,0,0.0000
3076,32.1095,1.2407,13.3172,34.5974,0.0667,0,0.0000
3077,32.4128,1.4565,12.8404,34.7197,0.6049,0,0.0000
3078,32.4128,1.4566,12.7737,34.6962,0.0667,0,0.0000
3079,32.7038,1.6206,12.2886,34.8118,0.5890,0,0.0000
3080,32.7037,1.6207,12.2219,34.7895,0.0667,0,0.0000
3081,32.9818,1.7315,11.7322,34.8984,0.5740,0,0.0000
3082,32.9818,1.7316,11.6655,34.8771,0.0667,0,0.0000
3083,33.2467,1.7916,11.1734,34.9795,0.5621,0,0.0000
3084,33.2467,1.7917,11.1067,34.9593,0.0667,0,0.0000
3085,33.4982,1.8062,10.6134,35.0550,0.5539,0,0.0000
3086,33.4982,1.8063,10.5467,35.0360,0.0667,0,0.0000
3087,33.7359,1.7828,10.0528,35.1251,0.5486,0,0.0000
3088,33.7359,1.7829,9.9862,35.1071,0.0667,0,0.0000
3089,33.9592,1.7299,9.4919,35.1896,0.5450,0,0.0000
3090,33.9592,1.7300,9.4252,35.1728,0.0667,0,0.0000
3091,34.1677,1.6568,8.9304,35.2487,0.5419,0,0.0000
3092,34.1677,1.6569,8.8637,35.2329,0.0667,0,0.0000
3093,34.3609,1.5724,8.3682,35.3022,0.5386,0,0.0000
3094,34.3609,1.5724,8.3015,35.2876,0.0667,0,0.0000
3095,34.5385,1.4850,7.8046,35.3502,0.5349,0,0.0000
3096,34.5385,1.4850,7.7379,35.3366,0.0667,0,0.0000
3097,34.7004,1.4016,7.2391,35.3927,0.5311,0,0.0000
3098,34.7004,1.4016,7.1724,35.3801,0.0667,0,0.0000
3099,34.8464,1.3281,6.6707,35.4295,0.5276,0,0.0000
3100,34.8464,1.3281,6.6041,35.4180,0.0667,0,0.0000
3101,34.9766,1.2686,6.0987,35.4606,0.5253,0,0.0000
3102,34.9766,1.2686,6.0320,35.4503,0.0667,0,0.0000
3103,35.0909,1.2260,5.5218,35.4860,0.5246,0,0.0000
3104,35.0909,1.2260,5.4551,35.4768,0.0667,0,0.0000
3105,35.1893,1.2017,4.9388,35.5056,0.5262,0,0.0000
3106,35.1893,1.2016,4.8721,35.4974,0.0667,0,0.0000
3107,35.2717,1.1957,4.3483,35.5192,0.5303,0,0.0000
3108,35.2717,1.1957,4.2816,35.5122,0.0667,0,0.0000
3109,35.3379,1.2073,3.7487,35.5269,0.5371,0,0.0000
3110,35.3379,1.2073,3.6820,35.5210,0.0667,0,0.0000
3111,35.3876,1.2351,3.1382,35.5283,0.5467,0,0.0000
3112,35.3876,1.2351,3.0716,35.5236,0.0667,0,0.0000
3113,35.4203,1.2770,2.5150,35.5234,0.5591,0,0.0000
3114,35.4203,1.2770,2.4483,35.5198,0.0667,0,0.0000
3115,35.4371,1.2983,1.9229,35.5138,0.5262,0,0.0000
3116,35.4371,1.2983,1.8562,35.5113,0.0667,0,0.0000
3117,35.4455,1.2284,1.4613,35.5038,0.4011,0,0.0000
3118,35.4455,1.2285,1.3946,35.5022,0.0667,0,0.0000
3119,35.4480,1.1038,1.0862,35.4927,0.3327,0,0.0000
3120,35.4480,1.1039,1.0195,35.4917,0.0667,0,0.0000
3121,35.4454,0.9503,0.7700,35.4798,0.2930,0,0.0000
3122,35.4454,0.9503,0.7033,35.4795,0.0667,0,0.0000
3123,35.4380,0.7865,0.4953,35.4651,0.2648,0,0.0000
3124,35.4380,0.7866,0.4287,35.4653,0.0667,0,0.0000
3125,35.4260,0.6261,0.2514,35.4486,0.2394,0,0.0000
3126,35.4260,0.6262,0.1848,35.4492,0.0667,0,0.0000
3127,35.4098,0.4785,0.0313,35.4302,0.2136,0,0.0000
3128,35.4098,0.4785,-0.0353,35.4313,0.0667,0,0.0000
3129,35.3897,0.3498,-0.1694,35.4101,0.1869,0,0.0000
3130,35.3897,0.3499,-0.2360,35.4116,0.0667,0,0.0000
3131,35.3664,0.2435,-0.3535,35.3884,0.1602,0,0.0000
3132,35.3664,0.2436,-0.4202,35.3902,0.0667,0,0.0000
3133,35.3402,0.1610,-0.5230,35.3651,0.1345,0,0.0000
3134,35.3402,0.1611,-0.5897,35.3672,0.0667,0,0.0000
3135,35.3116,0.1016,-0.6793,35.3405,0.1112,0,0.0000
3136,35.3116,0.1017,-0.7459,35.3429,0.0667,0,0.0000
3137,35.2810,0.0634,-0.8231,35.3146,0.0914,0,0.0000
3138,35.2810,0.0635,-0.8898,35.3172,0.0667,0,0.0000
3139,35.2487,0.0435,-0.9553,35.2874,0.0757,0,0.0000
3140,35.2487,0.0436,-1.0220,35.2904,0.0667,0,0.0000
3141,35.2151,0.0385,-1.0765,35.2592,0.0643,0,0.0000
3142,35.2151,0.0386,-1.1432,35.2624,0.0667,0,0.0000
3143,35.1804,0.0447,-1.1872,35.2300,0.0564,0,0.0000
3144,35.1804,0.0448,-1.2538,35.2333,0.0667,0,0.0000
3145,35.1448,0.0584,-1.2878,35.1998,0.0511,0,0.0000
3146,35.1448,0.0586,-1.3545,35.2034,0.0667,0,0.0000
3147,35.1084,0.0763,-1.3788,35.1688,0.0472,0,0.0000
3148,35.1084,0.0764,-1.4455,35.1725,0.0667,0,0.0000
3149,35.0716,0.0954,-1.4606,35.1370,0.0441,0,0.0000
3150,35.0716,0.0955,-1.5273,35.1409,0.0667,0,0.0000
3151,35.0344,0.1133,-1.5337,35.1046,0.0417,0,0.0000
3152,35.0344,0.1135,-1.6004,35.1086,0.0667,0,0.0000
3153,35.0001,-0.2475,-1.7101,35.0759,0.3789,0,0.0000
3154,35.0002,-0.2480,-1.7768,35.0803,0.0667,0,0.0000
3155,34.9620,-0.6313,-1.8634,35.0463,0.3949,0,0.0313
3156,34.9620,-0.6324,-1.9301,35.0510,0.0667,0,0.0324
3157,34.9215,-0.9076,-1.9702,35.0149,0.2810,0,0.3076
3158,34.9215,-0.9093,-2.0368,35.0198,0.0666,0,0.3093
3159,34.8810,-1.0790,-2.0462,34.9820,0.1748,0,0.4790
3160,34.8810,-1.0814,-2.1128,34.9871,0.0666,0,0.4814
3161,34.8413,-1.1592,-2.1016,34.9479,0.0880,0,0.5592
3162,34.8414,-1.1623,-2.1682,34.9531,0.0666,0,0.5623
3163,34.8029,-1.1647,-2.1431,34.9128,0.0460,0,0.5647
3164,34.8029,-1.1686,-2.2095,34.9181,0.0666,0,0.5686
3165,34.7653,-1.1137,-2.1746,34.8770,0.0752,0,0.5137
3166,34.7653,-1.1184,-2.2409,34.8823,0.0665,0,0.5184
3167,34.7281,-1.0242,-2.1987,34.8406,0.1097,0,0.4242
3168,34.7281,-1.0297,-2.2649,34.8460,0.0664,0,0.4297
3169,34.6908,-0.9130,-2.2171,34.8037,0.1315,0,0.3130
3170,34.6909,-0.9193,-2.2832,34.8092,0.0664,0,0.3193
3171,34.6533,-0.7950,-2.2307,34.7666,0.1401,0,0.1950
3172,34.6534,-0.8021,-2.2966,34.7721,0.0663,0,0.2021
3173,34.6150,-0.7084,-2.2464,34.7293,0.1130,0,0.1084
3174,34.6152,-0.7163,-2.3121,34.7349,0.0662,0,0.1163
3175,34.5756,-0.7128,-2.2732,34.6922,0.0557,0,0.1128
3176,34.5758,-0.7213,-2.3387,34.6979,0.0661,0,0.1213
3177,34.5365,-0.7216,-2.2935,34.6549,0.0599,0,0.1216
3178,34.5367,-0.7307,-2.3589,34.6607,0.0660,0,0.1307
3179,34.4981,-0.6999,-2.3060,34.6176,0.0724,0,0.0999
3180,34.4984,-0.7094,-2.3712,34.6234,0.0660,0,0.1094
3181,34.4601,-0.6720,-2.3132,34.5803,0.0790,0,0.0720
3182,34.4604,-0.6818,-2.3784,34.5861,0.0659,0,0.0818
3183,34.4223,-0.6430,-2.3166,34.5429,0.0823,0,0.0430
3184,34.4227,-0.6528,-2.3818,34.5488,0.0659,0,0.0528
3185,34.3847,-0.6165,-2.3175,34.5054,0.0830,0,0.0165
3186,34.3851,-0.6263,-2.3827,34.5114,0.0659,0,0.0263
3187,34.3470,-0.5953,-2.3169,34.4678,0.0821,0,0.0000
3188,34.3474,-0.6049,-2.3822,34.4738,0.0660,0,0.0049
3189,34.3092,-0.5805,-2.3159,34.4301,0.0803,0,0.0000
3190,34.3096,-0.5899,-2.3812,34.4360,0.0660,0,0.0000
3191,34.2711,-0.5726,-2.3157,34.3921,0.0780,0,0.0000
3192,34.2715,-0.5818,-2.3810,34.3980,0.0660,0,0.0000
3193,34.2326,-0.5712,-2.3173,34.3538,0.0755,0,0.0000
3194,34.2330,-0.5803,-2.3827,34.3598,0.0660,0,0.0000
3195,34.1935,-0.5755,-2.3219,34.3153,0.0726,0,0.0000
3196,34.1940,-0.5844,-2.3874,34.3213,0.0660,0,0.0000
3197,34.1537,-0.5839,-2.3310,34.2764,0.0693,0,0.0000
3198,34.1542,-0.5928,-2.3964,34.2825,0.0661,0,0.0000
3199,34.1204,-0.6485,-2.2864,34.2395,0.1279,0,0.0485
3200,34.1208,-0.6573,-2.3519,34.2455,0.0661,0,0.0573
3201,34.1079,-0.8706,-2.0634,34.2103,0.3590,0,0.2706
3202,34.1083,-0.8792,-2.1289,34.2158,0.0661,0,0.2792
3203,34.1025,-1.1161,-1.7620,34.1859,0.4368,0,0.5161
3204,34.1029,-1.1245,-1.8276,34.1908,0.0661,0,0.5245
3205,34.0994,-1.3654,-1.4157,34.1656,0.4773,0,0.7654
3206,34.0996,-1.3734,-1.4814,34.1699,0.0662,0,0.7734
3207,34.0961,-1.6075,-1.0466,34.1492,0.4939,0,1.0075
3208,34.0963,-1.6149,-1.1124,34.1527,0.0663,0,1.0149
3209,34.0910,-1.8249,-0.6859,34.1360,0.4754,0,1.2249
3210,34.0911,-1.8316,-0.7519,34.1388,0.0663,0,1.2316
3211,34.0847,-2.0149,-0.3342,34.1260,0.4562,0,1.4149
3212,34.0848,-2.0207,-0.4004,34.1281,0.0664,0,1.4207
3213,34.0782,-2.1759,0.0086,34.1192,0.4375,0,1.5759
3214,34.0782,-2.1808,-0.0577,34.1206,0.0665,0,1.5808
3215,34.0721,-2.3078,0.3429,34.1157,0.4203,0,1.7078
3216,34.0721,-2.3115,0.2765,34.1164,0.0666,0,1.7115
3217,34.0667,-2.4276,0.6858,34.1160,0.4255,0,1.8276
3218,34.0667,-2.4300,0.6192,34.1159,0.0666,0,1.8300
3219,34.0620,-2.5553,1.0764,34.1220,0.4741,0,1.9553
3220,34.0620,-2.5565,1.0098,34.1211,0.0667,0,1.9565
3221,34.0575,-2.6727,1.4966,34.1333,0.5006,0,2.0727
3222,34.0575,-2.6728,1.4300,34.1315,0.0667,0,2.0728
3223,34.0505,-2.8133,1.9333,34.1498,0.5226,0,2.2133
3224,34.0505,-2.8125,1.8666,34.1472,0.0667,0,2.2125
3225,34.0388,-2.9944,2.3822,34.1712,0.5469,0,2.3944
3226,34.0388,-2.9928,2.3156,34.1677,0.0666,0,2.3928
3227,34.0185,-3.2497,2.8382,34.1971,0.5827,0,2.6497
3228,34.0185,-3.2474,2.7716,34.1926,0.0666,0,2.6474
3229,33.9924,-3.5192,3.2981,34.2268,0.5930,0,2.9192
3230,33.9925,-3.5162,3.2315,34.2213,0.0666,0,2.9162
3231,33.9591,-3.7970,3.7705,34.2595,0.6086,0,3.1970
3232,33.9593,-3.7933,3.7040,34.2531,0.0666,0,3.1933
3233,33.9191,-4.0720,4.2540,34.2953,0.6178,0,3.4720
3234,33.9193,-4.0675,4.1876,34.2879,0.0665,0,3.4675
3235,33.8755,-4.3264,4.7388,34.3344,0.6105,0,3.7264
3236,33.8758,-4.3212,4.6725,34.3261,0.0665,0,3.7212
3237,33.8376,-4.5242,5.1993,34.3780,0.5658,0,3.9242
3238,33.8379,-4.5183,5.1331,34.3688,0.0664,0,3.9183
3239,33.8077,-4.6429,5.6541,34.4266,0.5365,0,4.0429
3240,33.8080,-4.6364,5.5881,34.4165,0.0663,0,4.0364
3241,33.7872,-4.6727,6.1101,34.4804,0.5237,0,4.0727
3242,33.7876,-4.6655,6.0442,34.4694,0.0663,0,4.0655
3243,33.7770,-4.6063,6.5694,34.5395,0.5286,0,4.0063
3244,33.7773,-4.5985,6.5036,34.5276,0.0662,0,3.9985
3245,33.7728,-4.4958,7.0248,34.6048,0.5312,0,3.8958
3246,33.7731,-4.4873,6.9592,34.5920,0.0661,0,3.8873
3247,33.7693,-4.3913,7.4747,34.6767,0.5243,0,3.7913
3248,33.7697,-4.3821,7.4093,34.6630,0.0660,0,3.7821
3249,33.7602,-4.3424,7.9239,34.7547,0.5162,0,3.7424
3250,33.7605,-4.3325,7.8587,34.7402,0.0659,0,3.7325
3251,33.7491,-4.2914,8.3824,34.8385,0.5254,0,3.6914
3252,33.7494,-4.2812,8.3174,34.8232,0.0659,0,3.6812
3253,33.7360,-4.2312,8.8520,34.9278,0.5372,0,3.6312
3254,33.7362,-4.2207,8.7871,34.9117,0.0658,0,3.6207
3255,33.7202,-4.1593,9.3331,35.0226,0.5497,0,3.5593
3256,33.7205,-4.1488,9.2681,35.0055,0.0658,0,3.5488
3257,33.7017,-4.0775,9.8240,35.1227,0.5607,0,3.4775
3258,33.7019,-4.0671,9.7590,35.1048,0.0658,0,3.4671
3259,33.6802,-3.9935,10.3216,35.2284,0.5678,0,3.3935
3260,33.6804,-3.9833,10.2565,35.2096,0.0659,0,3.3833
3261,33.6558,-3.9145,10.8231,35.3398,0.5713,0,3.3145
3262,33.6560,-3.9045,10.7580,35.3201,0.0659,0,3.3045
3263,33.6286,-3.8459,11.3266,35.4570,0.5722,0,3.2459
3264,33.6288,-3.8361,11.2614,35.4366,0.0659,0,3.2361
3265,33.5990,-3.7910,11.8307,35.5803,0.5719,0,3.1910
3266,33.5992,-3.7814,11.7654,35.5590,0.0660,0,3.1814
3267,33.5673,-3.7510,12.3348,35.7097,0.5711,0,3.1510
3268,33.5674,-3.7416,12.2695,35.6876,0.0660,0,3.1416
3269,33.5276,-3.2187,12.9466,35.8361,0.8564,0,2.6187
3270,33.5276,-3.2100,12.8810,35.8129,0.0661,0,2.6100
3271,33.4977,-2.7883,13.4827,35.9682,0.7353,0,2.1883
3272,33.4977,-2.7806,13.4169,35.9442,0.0662,0,2.1806
3273,33.4680,-2.4667,13.9863,36.1066,0.6508,0,1.8667
3274,33.4680,-2.4599,13.9204,36.0817,0.0663,0,1.8599
3275,33.4347,-2.2204,14.4818,36.2511,0.6113,0,1.6204
3276,33.4346,-2.2144,14.4157,36.2254,0.0664,0,1.6144
3277,33.3985,-2.0339,14.9732,36.4015,0.5871,0,1.4339
3278,33.3985,-2.0287,14.9070,36.3751,0.0665,0,1.4287
3279,33.3601,-1.8901,15.4631,36.5577,0.5744,0,1.2901
3280,33.3601,-1.8858,15.3967,36.5305,0.0665,0,1.2858
3281,33.3199,-1.7720,15.9527,36.7195,0.5690,0,1.1720
3282,33.3199,-1.7685,15.8862,36.6916,0.0666,0,1.1685
3283,33.2783,-1.6633,16.4429,36.8868,0.5680,0,1.0633
3284,33.2783,-1.6607,16.3763,36.8581,0.0666,0,1.0607
3285,33.2359,-1.5498,16.9337,37.0595,0.5698,0,0.9498
3286,33.2359,-1.5481,16.8670,37.0301,0.0666,0,0.9481
3287,33.1929,-1.4197,17.4248,37.2376,0.5740,0,0.8197
3288,33.1929,-1.4189,17.3582,37.2074,0.0667,0,0.8189
3289,33.1495,-1.2638,17.9159,37.4210,0.5805,0,0.6638
3290,33.1495,-1.2638,17.8492,37.3901,0.0667,0,0.6638
3291,33.1054,-1.0975,18.4065,37.6096,0.5832,0,0.4975
3292,33.1054,-1.0982,18.3399,37.5780,0.0667,0,0.4982
3293,33.0589,-1.0117,18.8977,37.8033,0.5664,0,0.4117
3294,33.0589,-1.0127,18.8310,37.7710,0.0667,0,0.4127
3295,33.0103,-0.9912,19.3901,38.0021,0.5616,0,0.3912
3296,33.0103,-0.9924,19.3235,37.9691,0.0667,0,0.3924
3297,32.9599,-1.0182,19.8842,38.2060,0.5636,0,0.4182
3298,32.9599,-1.0192,19.8175,38.1724,0.0667,0,0.4192
3299,32.9079,-1.0746,20.3800,38.4151,0.5676,0,0.4746
3300,32.9079,-1.0755,20.3133,38.3808,0.0667,0,0.4755
3301,32.8539,-1.1448,20.8780,38.6294,0.5714,0,0.5448
3302,32.8539,-1.1454,20.8113,38.5944,0.0667,0,0.5454
3303,32.8245,-1.1841,21.3347,38.8471,0.5256,0,0.5841
3304,32.8245,-1.1845,21.2680,38.8115,0.0667,0,0.5845
3305,32.8784,-1.1177,21.6556,39.0641,0.3970,0,0.5177
3306,32.8784,-1.1178,21.5890,39.0281,0.0667,0,0.5178
3307,32.9846,-0.9857,21.8947,39.2813,0.3496,0,0.3857
3308,32.9846,-0.9856,21.8281,39.2451,0.0667,0,0.3856
3309,33.1229,-0.8165,22.0847,39.4993,0.3370,0,0.2165
3310,33.1229,-0.8164,22.0180,39.4630,0.0667,0,0.2164
3311,33.2805,-0.6314,22.2452,39.7184,0.3326,0,0.0314
3312,33.2805,-0.6311,22.1785,39.6820,0.0667,0,0.0311
3313,33.4499,-0.4465,22.3879,39.9385,0.3265,0,0.0000
3314,33.4499,-0.4462,22.3212,39.9021,0.0667,0,0.0000
3315,33.6267,-0.2744,22.5196,40.1596,0.3165,0,0.0000
3316,33.6267,-0.2741,22.4529,40.1232,0.0667,0,0.0000
3317,33.8087,-0.1240,22.6443,40.3816,0.3037,0,0.0000
3318,33.8087,-0.1237,22.5776,40.3452,0.0667,0,0.0000
3319,33.9950,-0.0011,22.7639,40.6046,0.2905,0,0.0000
3320,33.9950,-0.0008,22.6972,40.5682,0.0667,0,0.0000
3321,34.1851,0.0917,22.8794,40.8284,0.2791,0,0.0000
3322,34.1851,0.0920,22.8127,40.7920,0.0667,0,0.0000
3323,34.3791,0.1545,22.9909,41.0528,0.2707,0,0.0000
3324,34.3791,0.1548,22.9243,41.0165,0.0667,0,0.0000
3325,34.5772,0.1897,23.0982,41.2780,0.2659,0,0.0000
3326,34.5772,0.1899,23.0315,41.2416,0.0667,0,0.0000
3327,34.7797,0.2015,23.2004,41.5036,0.2639,0,0.0000
3328,34.7797,0.2017,23.1337,41.4673,0.0667,0,0.0000
3329,34.9871,0.1953,23.2964,41.7297,0.2637,0,0.0000
3330,34.9871,0.1955,23.2298,41.6935,0.0667,0,0.0000
3331,35.2000,0.1774,23.3849,41.9561,0.2640,0,0.0000
3332,35.2000,0.1776,23.3182,41.9199,0.0667,0,0.0000
3333,35.4187,0.1537,23.4647,42.1826,0.2643,0,0.0000
3334,35.4187,0.1539,23.3980,42.1464,0.0667,0,0.0000
3335,35.7095,0.2140,23.4206,42.4044,0.2978,0,0.0000
3336,35.7095,0.2141,23.3539,42.3685,0.0667,0,0.0000
3337,36.0620,0.3479,23.2643,42.6210,0.3875,0,0.0000
3338,36.0620,0.3480,23.1976,42.5855,0.0667,0,0.0000
3339,36.4495,0.5220,23.0357,42.8332,0.4546,0,0.0000
3340,36.4495,0.5221,22.9690,42.7982,0.0667,0,0.0000
3341,36.8553,0.7138,22.7593,43.0413,0.4953,0,0.0000
3342,36.8553,0.7139,22.6927,43.0069,0.0667,0,0.0000
3343,37.2693,0.9075,22.4501,43.2453,0.5174,0,0.0000
3344,37.2693,0.9076,22.3835,43.2116,0.0667,0,0.0000
3345,37.6858,1.0922,22.1169,43.4453,0.5278,0,0.0000
3346,37.6858,1.0924,22.0503,43.4123,0.0667,0,0.0000
3347,38.1017,1.2609,21.7646,43.6412,0.5319,0,0.0000
3348,38.1017,1.2610,21.6980,43.6088,0.0667,0,0.0000
3349,38.5152,1.4091,21.3956,43.8326,0.5333,0,0.0000
3350,38.5152,1.4092,21.3289,43.8010,0.0667,0,0.0000
3351,38.9259,1.5351,21.0105,44.0196,0.5347,0,0.0000
3352,38.9259,1.5352,20.9438,43.9887,0.0667,0,0.0000
3353,39.3334,1.6391,20.6087,44.2020,0.5377,0,0.0000
3354,39.3334,1.6392,20.5421,44.1718,0.0667,0,0.0000
3355,39.7379,1.7231,20.1890,44.3794,0.5434,0,0.0000
3356,39.7379,1.7232,20.1223,44.3499,0.0667,0,0.0000
3357,40.1395,1.7905,19.7492,44.5517,0.5523,0,0.0000
3358,40.1394,1.7906,19.6825,44.5230,0.0667,0,0.0000
3359,40.5382,1.8457,19.2866,44.7187,0.5646,0,0.0000
3360,40.5382,1.8458,19.2199,44.6908,0.0667,0,0.0000
3361,40.9343,1.8941,18.7978,44.8799,0.5808,0,0.0000
3362,40.9343,1.8942,18.7312,44.8529,0.0667,0,0.0000
3363,41.3273,1.9400,18.2807,45.0353,0.5996,0,0.0000
3364,41.3272,1.9401,18.2140,45.0091,0.0667,0,0.0000
3365,41.7471,2.0580,17.6372,45.1805,0.7231,0,0.0000
3366,41.7471,2.0581,17.5705,45.1554,0.0667,0,0.0000
3367,42.1813,2.2339,16.8826,45.3155,0.8323,0,0.0000
3368,42.1813,2.2339,16.8159,45.2916,0.0667,0,0.0000
3369,42.6120,2.4347,16.0551,45.4409,0.8970,0,0.0000
3370,42.6120,2.4348,15.9885,45.4182,0.0667,0,0.0000
3371,43.0285,2.6387,15.1784,45.5570,0.9334,0,0.0000
3372,43.0285,2.6387,15.1117,45.5356,0.0667,0,0.0000
3373,43.4249,2.8312,14.2670,45.6638,0.9528,0,0.0000
3374,43.4249,2.8312,14.2003,45.6439,0.0667,0,0.0000
3375,43.7977,3.0024,13.3300,45.7615,0.9621,0,0.0000
3376,43.7977,3.0024,13.2634,45.7429,0.0667,0,0.0000
3377,44.1451,3.1463,12.3734,45.8499,0.9661,0,0.0000
3378,44.1451,3.1464,12.3068,45.8328,0.0667,0,0.0000
3379,44.4657,3.2601,11.4012,45.9291,0.9674,0,0.0000
3380,44.4657,3.2601,11.3345,45.9134,0.0667,0,0.0000
3381,44.7588,3.3429,10.4160,45.9989,0.9677,0,0.0000
3382,44.7588,3.3429,10.3493,45.9847,0.0667,0,0.0000
3383,45.0236,3.3960,9.4199,46.0594,0.9679,0,0.0000
3384,45.0236,3.3960,9.3533,46.0466,0.0667,0,0.0000
3385,45.2595,3.4222,8.4147,46.1106,0.9681,0,0.0000
3386,45.2595,3.4222,8.3480,46.0993,0.0667,0,0.0000
3387,45.4657,3.4250,7.4016,46.1523,0.9686,0,0.0000
3388,45.4657,3.4250,7.3350,46.1425,0.0667,0,0.0000
3389,45.6416,3.4089,6.3821,46.1848,0.9691,0,0.0000
3390,45.6416,3.4089,6.3155,46.1765,0.0667,0,0.0000
3391,45.7865,3.3783,5.3574,46.2079,0.9695,0,0.0000
3392,45.7865,3.3782,5.2907,46.2011,0.0667,0,0.0000
3393,45.8999,3.3376,4.3285,46.2217,0.9697,0,0.0000
3394,45.8999,3.3375,4.2619,46.2164,0.0667,0,0.0000
3395,45.9813,3.2908,3.2967,46.2262,0.9697,0,0.0000
3396,45.9813,3.2908,3.2300,46.2224,0.0667,0,0.0000
3397,46.0304,3.2415,2.2629,46.2215,0.9696,0,0.0000
3398,46.0305,3.2415,2.1962,46.2191,0.0667,0,0.0000
3399,46.0471,3.1924,1.2283,46.2076,0.9694,0,0.0000
3400,46.0471,3.1923,1.1616,46.2067,0.0667,0,0.0000
3401,46.0310,3.1455,0.1938,46.1846,0.9691,0,0.0000
3402,46.0310,3.1455,0.1271,46.1852,0.0667,0,0.0000
3403,45.9823,3.1021,-0.8396,46.1525,0.9689,0,0.0000
3404,45.9824,3.1021,-0.9062,46.1546,0.0667,0,0.0000
3405,45.9108,3.0140,-1.8001,46.1135,0.9011,0,0.0000
3406,45.9108,3.0139,-1.8668,46.1170,0.0667,0,0.0000
3407,45.8207,2.8855,-2.6877,46.0681,0.8357,0,0.0000
3408,45.8206,2.8856,-2.6210,46.0634,0.0667,0,0.0000
3409,45.7198,2.7363,-3.2550,46.0003,0.6591,0,0.0000
3410,45.7198,2.7364,-3.1883,45.9948,0.0667,0,0.0000
3411,45.6081,2.5798,-3.7815,45.9250,0.6235,0,0.0000
3412,45.6081,2.5798,-3.7148,45.9187,0.0667,0,0.0000
3413,45.4856,2.4259,-4.2755,45.8425,0.5942,0,0.0000
3414,45.4856,2.4260,-4.2088,45.8355,0.0667,0,0.0000
3415,45.3525,2.2820,-4.7427,45.7530,0.5687,0,0.0000
3416,45.3525,2.2820,-4.6760,45.7453,0.0667,0,0.0000
3417,45.2092,2.1529,-5.1871,45.6568,0.5463,0,0.0000
3418,45.2092,2.1529,-5.1204,45.6485,0.0667,0,0.0000
3419,45.0560,2.0415,-5.6116,45.5542,0.5264,0,0.0000
3420,45.0560,2.0415,-5.5450,45.5452,0.0667,0,0.0000
3421,44.8935,1.9493,-6.0185,45.4454,0.5091,0,0.0000
3422,44.8935,1.9493,-5.9518,45.4358,0.0667,0,0.0000
3423,44.7220,1.8762,-6.4096,45.3305,0.4942,0,0.0000
3424,44.7220,1.8762,-6.3429,45.3203,0.0667,0,0.0000
3425,44.5421,1.8213,-6.7865,45.2098,0.4818,0,0.0000
3426,44.5421,1.8212,-6.7198,45.1990,0.0667,0,0.0000
3427,44.3540,1.7827,-7.1506,45.0833,0.4717,0,0.0000
3428,44.3540,1.7826,-7.0840,45.0719,0.0667,0,0.0000
3429,44.1580,1.7582,-7.5035,44.9512,0.4637,0,0.0000
3430,44.1580,1.7581,-7.4369,44.9393,0.0667,0,0.0000
3431,43.9543,1.7453,-7.8465,44.8136,0.4577,0,0.0000
3432,43.9543,1.7453,-7.7798,44.8011,0.0667,0,0.0000
3433,43.7430,1.7417,-8.1810,44.6705,0.4534,0,0.0000
3434,43.7430,1.7417,-8.1144,44.6574,0.0667,0,0.0000
3435,43.5241,1.7450,-8.5086,44.5220,0.4509,0,0.0000
3436,43.5241,1.7450,-8.4419,44.5084,0.0667,0,0.0000
3437,43.2976,1.7533,-8.8307,44.3681,0.4500,0,0.0000
3438,43.2976,1.7532,-8.7640,44.3540,0.0667,0,0.0000
3439,43.0631,1.7649,-9.1490,44.2088,0.4509,0,0.0000
3440,43.0631,1.7648,-9.0823,44.1942,0.0667,0,0.0000
3441,42.8204,1.7787,-9.4652,44.0440,0.4536,0,0.0000
3442,42.8204,1.7786,-9.3985,44.0289,0.0667,0,0.0000
3443,42.5688,1.7940,-9.7813,43.8738,0.4583,0,0.0000
3444,42.5688,1.7939,-9.7146,43.8581,0.0667,0,0.0000
3445,42.3077,1.8107,-10.0992,43.6979,0.4652,0,0.0000
3446,42.3077,1.8106,-10.0326,43.6817,0.0667,0,0.0000
3447,42.0362,1.8289,-10.4213,43.5164,0.4745,0,0.0000
3448,42.0362,1.8288,-10.3547,43.4996,0.0667,0,0.0000
3449,41.7532,1.8491,-10.7500,43.3289,0.4867,0,0.0000
3450,41.7532,1.8490,-10.6834,43.3115,0.0667,0,0.0000
3451,41.4573,1.8723,-11.0881,43.1352,0.5019,0,0.0000
3452,41.4573,1.8723,-11.0214,43.1172,0.0667,0,0.0000
3453,41.1467,1.8997,-11.4386,42.9351,0.5208,0,0.0000
3454,41.1467,1.8996,-11.3720,42.9165,0.0667,0,0.0000
3455,40.8590,1.8594,-11.6997,42.7314,0.4380,0,0.0000
3456,40.8590,1.8593,-11.6331,42.7123,0.0667,0,0.0000
3457,40.6795,1.6056,-11.6520,42.5321,0.3114,0,0.0000
3458,40.6795,1.6056,-11.5853,42.5130,0.0667,0,0.0000
3459,40.5652,1.2365,-11.4147,42.3374,0.4223,0,0.0000
3460,40.5652,1.2365,-11.3481,42.3186,0.0667,0,0.0000
3461,40.4874,0.8177,-11.0605,42.1477,0.5139,0,0.0000
3462,40.4874,0.8177,-10.9938,42.1293,0.0667,0,0.0000
3463,40.4290,0.3943,-10.6333,41.9635,0.5591,0,0.0000
3464,40.4290,0.3942,-10.5667,41.9457,0.0667,0,0.0000
3465,40.3806,-0.0028,-10.1603,41.7853,0.5702,0,0.0000
3466,40.3806,-0.0029,-10.0937,41.7683,0.0667,0,0.0000
3467,40.3373,-0.3530,-9.6581,41.6137,0.5605,0,0.0000
3468,40.3373,-0.3531,-9.5914,41.5974,0.0667,0,0.0000
3469,40.2974,-0.6437,-9.1366,41.4492,0.5412,0,0.0437
3470,40.2974,-0.6438,-9.0699,41.4336,0.0667,0,0.0438
3471,40.2603,-0.8690,-8.6022,41.2921,0.5205,0,0.2690
3472,40.2603,-0.8692,-8.5355,41.2773,0.0667,0,0.2692
3473,40.2262,-1.0283,-8.0585,41.1428,0.5040,0,0.4283
3474,40.2262,-1.0285,-7.9918,41.1288,0.0667,0,0.4285
3475,40.1952,-1.1251,-7.5078,41.0015,0.4946,0,0.5251
3476,40.1952,-1.1253,-7.4411,40.9885,0.0667,0,0.5253
3477,40.1673,-1.1662,-6.9514,40.8687,0.4922,0,0.5662
3478,40.1673,-1.1664,-6.8847,40.8565,0.0667,0,0.5664
3479,40.1423,-1.1604,-6.3901,40.7446,0.4953,0,0.5604
3480,40.1423,-1.1607,-6.3234,40.7332,0.0667,0,0.5607
3481,40.1201,-1.1178,-5.8245,40.6293,0.5013,0,0.5178
3482,40.1201,-1.1180,-5.7578,40.6189,0.0667,0,0.5180
3483,40.1003,-1.0488,-5.2549,40.5231,0.5081,0,0.4488
3484,40.1003,-1.0490,-5.1882,40.5136,0.0667,0,0.4490
3485,40.0825,-0.9634,-4.6815,40.4262,0.5142,0,0.3634
3486,40.0825,-0.9636,-4.6148,40.4176,0.0667,0,0.3636
3487,40.0666,-0.8708,-4.1045,40.3389,0.5189,0,0.2708
3488,40.0666,-0.8710,-4.0378,40.3312,0.0667,0,0.2710
3489,40.0524,-0.7789,-3.5241,40.2612,0.5221,0,0.1789
3490,40.0524,-0.7791,-3.4575,40.2544,0.0667,0,0.1791
3491,40.0399,-0.6938,-2.9406,40.1933,0.5240,0,0.0938
3492,40.0399,-0.6940,-2.8739,40.1875,0.0667,0,0.0940
3493,40.0290,-0.6202,-2.3540,40.1354,0.5253,0,0.0202
3494,40.0290,-0.6204,-2.2873,40.1306,0.0667,0,0.0204
3495,40.0198,-0.5609,-1.7645,40.0877,0.5262,0,0.0000
3496,40.0198,-0.5611,-1.6979,40.0839,0.0667,0,0.0000
3497,40.0124,-0.5173,-1.1725,40.0502,0.5273,0,0.0000
3498,40.0124,-0.5175,-1.1058,40.0474,0.0667,0,0.0000
3499,40.0066,-0.4895,-0.5781,40.0231,0.5285,0,0.0000
3500,40.0066,-0.4897,-0.5114,40.0213,0.0667,0,0.0000
3501,40.0026,-0.4763,0.0185,40.0066,0.5301,0,0.0000
3502,40.0026,-0.4766,0.0852,40.0057,0.0667,0,0.0000
3503,40.0004,-0.4760,0.6169,40.0006,0.5318,0,0.0000
3504,40.0004,-0.4762,0.6836,40.0007,0.0667,0,0.0000
3505,39.9999,-0.4860,1.2170,40.0053,0.5334,0,0.0000
3506,39.9999,-0.4863,1.2836,40.0065,0.0667,0,0.0000
3507,40.0011,-0.5038,1.8182,40.0208,0.5349,0,0.0000
3508,40.0011,-0.5040,1.8849,40.0229,0.0667,0,0.0000
3509,40.0040,-0.5263,2.4205,40.0470,0.5360,0,0.0000
3510,40.0040,-0.5265,2.4871,40.0502,0.0667,0,0.0000
3511,40.0087,-0.5511,3.0233,40.0841,0.5367,0,0.0000
3512,40.0087,-0.5509,2.9566,40.0801,0.0667,0,0.0000
3513,40.0145,-0.5749,3.3596,40.1118,0.4037,0,0.0000
3514,40.0145,-0.5747,3.2929,40.1072,0.0667,0,0.0000
3515,40.0213,-0.5965,3.6956,40.1434,0.4033,0,0.0000
3516,40.0213,-0.5963,3.6289,40.1383,0.0667,0,0.0000
3517,40.0292,-0.6142,4.0308,40.1789,0.4024,0,0.0142
3518,40.0292,-0.6140,3.9641,40.1732,0.0667,0,0.0140
3519,40.0384,-0.6268,4.3646,40.2182,0.4008,0,0.0268
3520,40.0384,-0.6266,4.2979,40.2119,0.0667,0,0.0266
3521,40.0489,-0.6335,4.6965,40.2613,0.3988,0,0.0335
3522,40.0489,-0.6333,4.6299,40.2545,0.0667,0,0.0333
3523,40.0655,-0.5898,4.9634,40.3060,0.3368,0,0.0000
3524,40.0655,-0.5896,4.8967,40.2988,0.0667,0,0.0000
3525,40.0881,-0.5046,5.1739,40.3521,0.2908,0,0.0000
3526,40.0881,-0.5044,5.1073,40.3446,0.0667,0,0.0000
3527,40.1152,-0.3981,5.3517,40.4000,0.2679,0,0.0000
3528,40.1151,-0.3979,5.2850,40.3922,0.0667,0,0.0000
3529,40.1453,-0.2845,5.5110,40.4499,0.2546,0,0.0000
3530,40.1453,-0.2843,5.4444,40.4418,0.0667,0,0.0000
3531,40.1778,-0.1736,5.6605,40.5016,0.2450,0,0.0000
3532,40.1778,-0.1734,5.5939,40.4933,0.0667,0,0.0000
3533,40.2122,-0.0721,5.8053,40.5554,0.2369,0,0.0000
3534,40.2122,-0.0719,5.7386,40.5468,0.0667,0,0.0000
3535,40.2483,0.0155,5.9481,40.6111,0.2299,0,0.0000
3536,40.2483,0.0157,5.8815,40.6023,0.0667,0,0.0000
3537,40.2859,0.0867,6.0906,40.6687,0.2241,0,0.0000
3538,40.2859,0.0869,6.0239,40.6597,0.0667,0,0.0000
3539,40.3252,0.1408,6.2333,40.7281,0.2198,0,0.0000
3540,40.3252,0.1410,6.1667,40.7189,0.0667,0,0.0000
3541,40.3661,0.1782,6.3765,40.7894,0.2169,0,0.0000
3542,40.3661,0.1784,6.3098,40.7800,0.0667,0,0.0000
3543,40.4086,0.2004,6.5197,40.8525,0.2153,0,0.0000
3544,40.4086,0.2006,6.4530,40.8429,0.0667,0,0.0000
3545,40.4527,0.2099,6.6624,40.9174,0.2142,0,0.0000
3546,40.4527,0.2101,6.5958,40.9076,0.0667,0,0.0000
3547,40.4986,0.2095,6.8040,40.9841,0.2133,0,0.0000
3548,40.4986,0.2097,6.7374,40.9740,0.0667,0,0.0000
3549,40.5461,0.2023,6.9436,41.0523,0.2117,0,0.0000
3550,40.5461,0.2025,6.8769,41.0420,0.0667,0,0.0000
3551,40.5955,0.1917,7.0800,41.1223,0.2093,0,0.0000
3552,40.5955,0.1919,7.0133,41.1118,0.0667,0,0.0000
3553,40.6467,0.1807,7.2120,41.1937,0.2055,0,0.0000
3554,40.6467,0.1809,7.1453,41.1830,0.0667,0,0.0000
3555,40.7000,0.1724,7.3381,41.2666,0.2002,0,0.0000
3556,40.7000,0.1726,7.2714,41.2557,0.0667,0,0.0000
3557,40.7554,0.1694,7.4566,41.3409,0.1933,0,0.0000
3558,40.7554,0.1696,7.3900,41.3298,0.0667,0,0.0000
3559,40.8133,0.1741,7.5654,41.4163,0.1848,0,0.0000
3560,40.8133,0.1743,7.4987,41.4051,0.0667,0,0.0000
3561,40.8855,0.2565,7.5673,41.4894,0.1292,0,0.0000
3562,40.8855,0.2567,7.5007,41.4782,0.0667,0,0.0000
3563,40.9939,0.5649,7.2471,41.5510,0.4136,0,0.0000
3564,40.9939,0.5651,7.1804,41.5403,0.0667,0,0.0000
3565,41.1140,1.0014,6.7224,41.6031,0.6439,0,0.0000
3566,41.1140,1.0015,6.6557,41.5932,0.0667,0,0.0000
3567,41.2282,1.4979,6.0669,41.6463,0.7785,0,0.0000
3568,41.2282,1.4980,6.0002,41.6376,0.0667,0,0.0000
3569,41.3263,2.0054,5.3270,41.6810,0.8488,0,0.0000
3570,41.3263,2.0055,5.2603,41.6735,0.0667,0,0.0000
3571,41.4032,2.4870,4.5339,41.7071,0.8749,0,0.0000
3572,41.4031,2.4871,4.4672,41.7008,0.0667,0,0.0000
3573,41.4573,2.9162,3.7078,41.7244,0.8739,0,0.0000
3574,41.4572,2.9163,3.6412,41.7195,0.0667,0,0.0000
3575,41.4890,3.2772,2.8612,41.7328,0.8600,0,0.0000
3576,41.4890,3.2773,2.7945,41.7292,0.0667,0,0.0000
3577,41.4995,3.5611,2.0015,41.7321,0.8423,0,0.0000
3578,41.4995,3.5613,1.9349,41.7299,0.0667,0,0.0000
3579,41.4896,3.7639,1.1336,41.7222,0.8266,0,0.0000
3580,41.4896,3.7640,1.0669,41.7214,0.0667,0,0.0000
3581,41.4599,3.8864,0.2604,41.7030,0.8163,0,0.0000
3582,41.4599,3.8865,0.1937,41.7035,0.0667,0,0.0000
3583,41.4100,3.9355,-0.6157,41.6743,0.8124,0,0.0000
3584,41.4100,3.9356,-0.6824,41.6763,0.0667,0,0.0000
3585,41.3389,3.9211,-1.4929,41.6363,0.8138,0,0.0000
3586,41.3389,3.9212,-1.5596,41.6396,0.0667,0,0.0000
3587,41.2451,3.8553,-2.3695,41.5887,0.8180,0,0.0000
3588,41.2451,3.8553,-2.4362,41.5935,0.0667,0,0.0000
3589,41.1271,3.7509,-3.2442,41.5317,0.8232,0,0.0000
3590,41.1271,3.7509,-3.1775,41.5257,0.0667,0,0.0000
3591,40.9920,3.6217,-3.8487,41.4446,0.6968,0,0.0000
3592,40.9920,3.6217,-3.7820,41.4375,0.0667,0,0.0000
3593,40.8384,3.4796,-4.4486,41.3469,0.6986,0,0.0000
3594,40.8384,3.4797,-4.3819,41.3388,0.0667,0,0.0000
3595,40.6656,3.3346,-5.0428,41.2387,0.6983,0,0.0000
3596,40.6656,3.3347,-4.9761,41.2297,0.0667,0,0.0000
3597,40.4740,3.1921,-5.6264,41.1203,0.6928,0,0.0000
3598,40.4740,3.1922,-5.5597,41.1103,0.0667,0,0.0000
3599,40.2649,3.0551,-6.1941,40.9917,0.6818,0,0.0000
3600,40.2649,3.0552,-6.1274,40.9808,0.0667,0,0.0000
