tick,local_x,local_y,local_z,drift_m,slip_m,on_floor,below_depth_m
1,0.0000,-0.5770,0.5685,0.0000,0.0000,1,0.0000
2,-0.0000,-0.5788,0.6361,0.0676,0.0676,1,0.0000
3,-0.0000,-0.5808,0.7037,0.1352,0.0676,1,0.0000
4,-0.0000,-0.5830,0.7713,0.2028,0.0676,1,0.0000
5,0.0000,-0.5852,0.8388,0.2704,0.0676,1,0.0000
6,-0.0000,-0.5875,0.9064,0.3380,0.0676,1,0.0000
7,-0.0000,-0.5897,0.9740,0.4056,0.0676,1,0.0000
8,-0.0000,-0.5918,1.0415,0.4732,0.0676,1,0.0000
9,-0.0000,-0.5937,1.1091,0.5408,0.0676,1,0.0000
10,-0.0000,-0.5956,1.1766,0.6084,0.0676,1,0.0000
11,-0.0000,-0.5972,1.2442,0.6760,0.0676,1,0.0000
12,-0.0000,-0.5987,1.3117,0.7435,0.0676,1,0.0000
13,-0.0000,-0.6000,1.3793,0.8111,0.0676,1,0.0000
14,-0.0000,-0.6011,1.4468,0.8786,0.0675,1,0.0011
15,-0.0000,-0.6020,1.5144,0.9462,0.0675,1,0.0020
16,-0.0000,-0.6027,1.5819,1.0137,0.0675,1,0.0027
17,-0.0000,-0.6032,1.6494,1.0812,0.0675,1,0.0032
18,-0.0000,-0.6036,1.7169,1.1487,0.0675,1,0.0036
19,-0.0000,-0.6038,1.7845,1.2163,0.0675,1,0.0038
20,-0.0000,-0.6039,1.8520,1.2838,0.0675,1,0.0039
21,0.0000,-0.6038,1.9195,1.3513,0.0675,1,0.0038
22,0.0000,-0.6037,1.9871,1.4188,0.0675,1,0.0037
23,0.0000,-0.6035,2.0546,1.4863,0.0675,1,0.0035
24,0.0000,-0.6032,2.1221,1.5538,0.0675,1,0.0032
25,0.0000,-0.6029,2.1897,1.6213,0.0675,1,0.0029
26,0.0000,-0.6025,2.2572,1.6889,0.0675,1,0.0025
27,0.0000,-0.6021,2.3247,1.7564,0.0675,1,0.0021
28,0.0000,-0.6017,2.3922,1.8239,0.0675,1,0.0017
29,0.0000,-0.6013,2.4598,1.8914,0.0675,1,0.0013
30,0.0000,-0.6009,2.5273,1.9589,0.0675,1,0.0009
31,0.0000,-0.6005,2.4615,1.8931,0.0658,1,0.0005
32,0.0000,-0.6001,2.3957,1.8273,0.0658,1,0.0001
33,0.0000,-0.5998,2.3298,1.7615,0.0658,1,0.0000
34,0.0000,-0.5995,2.2640,1.6957,0.0658,1,0.0000
35,0.0000,-0.5992,2.1982,1.6298,0.0658,1,0.0000
36,0.0000,-0.5990,2.1324,1.5640,0.0658,1,0.0000
37,0.0000,-0.5988,2.0666,1.4982,0.0658,1,0.0000
38,0.0000,-0.5986,2.0007,1.4324,0.0658,1,0.0000
39,0.0000,-0.5985,1.9349,1.3666,0.0658,1,0.0000
40,0.0000,-0.5984,1.8691,1.3007,0.0658,1,0.0000
41,0.0000,-0.5983,1.8033,1.2349,0.0658,1,0.0000
42,0.0000,-0.5983,1.7374,1.1691,0.0658,1,0.0000
43,0.0000,-0.5982,1.6716,1.1033,0.0658,1,0.0000
44,0.0000,-0.5982,1.6058,1.0375,0.0658,1,0.0000
45,0.0000,-0.5983,1.5399,0.9716,0.0658,1,0.0000
46,-0.0000,-0.5983,1.4741,0.9058,0.0658,1,0.0000
47,0.0000,-0.5984,1.4083,0.8400,0.0658,1,0.0000
48,0.0000,-0.5984,1.3424,0.7742,0.0658,1,0.0000
49,0.0000,-0.5985,1.2766,0.7084,0.0658,1,0.0000
50,0.0000,-0.5986,1.2108,0.6426,0.0658,1,0.0000
51,0.0000,-0.5987,1.1449,0.5768,0.0658,1,0.0000
52,0.0000,-0.5987,1.0791,0.5110,0.0658,1,0.0000
53,0.0000,-0.5988,1.0132,0.4452,0.0658,1,0.0000
54,0.0000,-0.5989,0.9474,0.3795,0.0659,1,0.0000
55,-0.0000,-0.5990,0.8815,0.3138,0.0658,1,0.0000
56,0.0000,-0.5990,0.8157,0.2481,0.0658,1,0.0000
57,0.0000,-0.5991,0.7498,0.1826,0.0659,1,0.0000
58,0.0000,-0.5992,0.6840,0.1176,0.0659,1,0.0000
59,0.0000,-0.5992,0.6181,0.0543,0.0658,1,0.0000
60,0.0000,-0.5993,0.5523,0.0276,0.0659,1,0.0000
61,0.0000,-0.5993,0.4864,0.0851,0.0659,1,0.0000
62,0.0000,-0.5993,0.4205,0.1497,0.0659,1,0.0000
63,0.0000,-0.5993,0.3547,0.2150,0.0659,1,0.0000
64,0.0000,-0.5994,0.2888,0.2806,0.0659,1,0.0000
65,0.0000,-0.5994,0.2230,0.3463,0.0659,1,0.0000
66,0.0000,-0.5994,0.1571,0.4120,0.0659,1,0.0000
67,0.0000,-0.5994,0.0912,0.4778,0.0659,1,0.0000
68,0.0000,-0.5994,0.0254,0.5436,0.0659,1,0.0000
69,0.0000,-0.5994,-0.0405,0.6094,0.0659,1,0.0000
70,0.0000,-0.5994,-0.1064,0.6753,0.0659,1,0.0000
71,0.0000,-0.5994,-0.1722,0.7411,0.0659,1,0.0000
72,0.0000,-0.5993,-0.2381,0.8069,0.0659,1,0.0000
73,0.0000,-0.5993,-0.3040,0.8728,0.0659,1,0.0000
74,0.0000,-0.5993,-0.3699,0.9386,0.0659,1,0.0000
75,0.0000,-0.5993,-0.4357,1.0045,0.0659,1,0.0000
76,0.0000,-0.5993,-0.5016,1.0704,0.0659,1,0.0000
77,0.0000,-0.5993,-0.5675,1.1362,0.0659,1,0.0000
78,0.0000,-0.5993,-0.6334,1.2021,0.0659,1,0.0000
79,0.0000,-0.5993,-0.6992,1.2680,0.0659,1,0.0000
80,0.0000,-0.5993,-0.7651,1.3338,0.0659,1,0.0000
81,0.0000,-0.5992,-0.8310,1.3997,0.0659,1,0.0000
82,0.0000,-0.5992,-0.8969,1.4656,0.0659,1,0.0000
83,0.0000,-0.5992,-0.9628,1.5315,0.0659,1,0.0000
84,0.0000,-0.5992,-1.0287,1.5973,0.0659,1,0.0000
85,0.0000,-0.5992,-1.0946,1.6632,0.0659,1,0.0000
86,0.0000,-0.5992,-1.1605,1.7291,0.0659,1,0.0000
87,0.0000,-0.5992,-1.2263,1.7950,0.0659,1,0.0000
88,0.0000,-0.5992,-1.2922,1.8609,0.0659,1,0.0000
89,0.0000,-0.5992,-1.3581,1.9268,0.0659,1,0.0000
90,0.0000,-0.5992,-1.4240,1.9927,0.0659,1,0.0000
91,0.0000,-0.5992,-1.4899,2.0586,0.0659,1,0.0000
92,0.0000,-0.5992,-1.5558,2.1245,0.0659,1,0.0000
93,0.0000,-0.5992,-1.6217,2.1904,0.0659,1,0.0000
94,0.0000,-0.5993,-1.6876,2.2563,0.0659,1,0.0000
95,0.0000,-0.5993,-1.7535,2.3222,0.0659,1,0.0000
96,0.0000,-0.5993,-1.8194,2.3881,0.0659,1,0.0000
97,0.0000,-0.5993,-1.8853,2.4540,0.0659,1,0.0000
98,0.0000,-0.5993,-1.9512,2.5199,0.0659,1,0.0000
99,0.0000,-0.5993,-2.0171,2.5858,0.0659,1,0.0000
100,0.0000,-0.5993,-2.0831,2.6517,0.0659,1,0.0000
101,0.0000,-0.5993,-2.1490,2.7176,0.0659,1,0.0000
102,0.0000,-0.5993,-2.2149,2.7835,0.0659,1,0.0000
103,0.0000,-0.5993,-2.2808,2.8494,0.0659,1,0.0000
104,0.0000,-0.5993,-2.3467,2.9153,0.0659,1,0.0000
105,0.0000,-0.5993,-2.4126,2.9812,0.0659,1,0.0000
106,0.0000,-0.5993,-2.4785,3.0471,0.0659,1,0.0000
107,0.0000,-0.5993,-2.5445,3.1131,0.0659,1,0.0000
108,0.0000,-0.5993,-2.4770,3.0457,0.0674,1,0.0000
109,0.0000,-0.5993,-2.4096,2.9782,0.0674,1,0.0000
110,0.0000,-0.5993,-2.3422,2.9108,0.0674,1,0.0000
111,0.0000,-0.5993,-2.2748,2.8434,0.0674,1,0.0000
112,0.0000,-0.5993,-2.2074,2.7760,0.0674,1,0.0000
113,0.0000,-0.5993,-2.1400,2.7086,0.0674,1,0.0000
114,0.0000,-0.5993,-2.0726,2.6412,0.0674,1,0.0000
115,0.0000,-0.5993,-2.0052,2.5738,0.0674,1,0.0000
116,0.0000,-0.5993,-1.9378,2.5064,0.0674,1,0.0000
117,0.0000,-0.5993,-1.8704,2.4390,0.0674,1,0.0000
118,0.0000,-0.5993,-1.8030,2.3716,0.0674,1,0.0000
119,0.0000,-0.5993,-1.7356,2.3042,0.0674,1,0.0000
120,0.0000,-0.5993,-1.6682,2.2369,0.0674,1,0.0000
121,0.0000,-0.5994,-1.6008,2.1695,0.0674,1,0.0000
122,0.0000,-0.5994,-1.5334,2.1021,0.0674,1,0.0000
123,0.0000,-0.5994,-1.4660,2.0347,0.0674,1,0.0000
124,0.0000,-0.5994,-1.3987,1.9673,0.0674,1,0.0000
125,0.0000,-0.5994,-1.3313,1.8999,0.0674,1,0.0000
126,0.0000,-0.5994,-1.2639,1.8325,0.0674,1,0.0000
127,0.0000,-0.5994,-1.1965,1.7652,0.0674,1,0.0000
128,0.0000,-0.5994,-1.1291,1.6978,0.0674,1,0.0000
129,0.0000,-0.5994,-1.0617,1.6304,0.0674,1,0.0000
130,0.0000,-0.5994,-0.9943,1.5630,0.0674,1,0.0000
131,0.0000,-0.5994,-0.9270,1.4956,0.0674,1,0.0000
132,0.0000,-0.5994,-0.8596,1.4283,0.0674,1,0.0000
133,0.0000,-0.5994,-0.7922,1.3609,0.0674,1,0.0000
134,0.0000,-0.5994,-0.7248,1.2935,0.0674,1,0.0000
135,0.0000,-0.5994,-0.6574,1.2262,0.0674,1,0.0000
136,0.0000,-0.5994,-0.5901,1.1588,0.0674,1,0.0000
137,0.0000,-0.5994,-0.5227,1.0914,0.0674,1,0.0000
138,0.0000,-0.5994,-0.4553,1.0241,0.0674,1,0.0000
139,0.0000,-0.5994,-0.3879,0.9567,0.0674,1,0.0000
140,0.0000,-0.5994,-0.3206,0.8894,0.0674,1,0.0000
141,0.0000,-0.5994,-0.2532,0.8220,0.0674,1,0.0000
142,0.0000,-0.5994,-0.1858,0.7547,0.0674,1,0.0000
143,0.0000,-0.5994,-0.1185,0.6874,0.0674,1,0.0000
144,0.0000,-0.5994,-0.0511,0.6200,0.0674,1,0.0000
145,0.0000,-0.5994,0.0163,0.5527,0.0674,1,0.0000
146,0.0000,-0.5994,0.0836,0.4854,0.0674,1,0.0000
147,0.0000,-0.5994,0.1510,0.4181,0.0674,1,0.0000
148,0.0000,-0.5994,0.2183,0.3509,0.0674,1,0.0000
149,0.0000,-0.5994,0.2857,0.2837,0.0674,1,0.0000
150,0.0000,-0.5994,0.3531,0.2166,0.0674,1,0.0000
151,0.0000,-0.5994,0.4204,0.1498,0.0674,1,0.0000
152,0.0000,-0.5994,0.4878,0.0838,0.0674,1,0.0000
153,0.0000,-0.5994,0.5551,0.0261,0.0674,1,0.0000
154,0.0000,-0.5994,0.6225,0.0584,0.0674,1,0.0000
155,0.0000,-0.5994,0.6898,0.1234,0.0674,1,0.0000
156,0.0000,-0.5994,0.7572,0.1900,0.0674,1,0.0000
157,0.0000,-0.5994,0.8245,0.2570,0.0673,1,0.0000
158,0.0000,-0.5994,0.8919,0.3241,0.0673,1,0.0000
159,0.0000,-0.5994,0.9592,0.3914,0.0674,1,0.0000
160,0.0000,-0.5994,1.0266,0.4586,0.0673,1,0.0000
161,0.0000,-0.5994,1.0939,0.5259,0.0673,1,0.0000
162,0.0000,-0.5994,1.1613,0.5932,0.0673,1,0.0000
163,0.0000,-0.5994,1.2286,0.6605,0.0673,1,0.0000
164,0.0000,-0.5995,1.2960,0.7278,0.0673,1,0.0000
165,0.0000,-0.5995,1.3633,0.7951,0.0673,1,0.0000
166,0.0000,-0.5995,1.4306,0.8624,0.0673,1,0.0000
167,0.0000,-0.5995,1.4980,0.9297,0.0673,1,0.0000
168,0.0000,-0.5995,1.5653,0.9970,0.0673,1,0.0000
169,0.0000,-0.5995,1.6326,1.0644,0.0673,1,0.0000
170,0.0000,-0.5995,1.7000,1.1317,0.0673,1,0.0000
171,0.0000,-0.5995,1.7673,1.1990,0.0673,1,0.0000
172,0.0000,-0.5995,1.8346,1.2663,0.0673,1,0.0000
173,0.0000,-0.5995,1.9020,1.3336,0.0673,1,0.0000
174,0.0000,-0.5995,1.9693,1.4010,0.0673,1,0.0000
175,0.0000,-0.5995,2.0366,1.4683,0.0673,1,0.0000
176,0.0000,-0.5995,2.1040,1.5356,0.0673,1,0.0000
177,0.0000,-0.5995,2.1713,1.6029,0.0673,1,0.0000
178,0.0000,-0.5995,2.2386,1.6702,0.0673,1,0.0000
179,0.0000,-0.5995,2.3059,1.7376,0.0673,1,0.0000
180,0.0000,-0.5995,2.3733,1.8049,0.0673,1,0.0000
181,0.0000,-0.5995,2.4406,1.8722,0.0673,1,0.0000
182,0.0000,-0.5995,2.5079,1.9395,0.0673,1,0.0000
183,0.0000,-0.5995,2.4419,1.8735,0.0660,1,0.0000
184,0.0000,-0.5995,2.3759,1.8075,0.0660,1,0.0000
185,0.0000,-0.5995,2.3099,1.7415,0.0660,1,0.0000
186,0.0000,-0.5995,2.2439,1.6755,0.0660,1,0.0000
187,0.0000,-0.5995,2.1778,1.6095,0.0660,1,0.0000
188,0.0000,-0.5995,2.1118,1.5435,0.0660,1,0.0000
189,0.0000,-0.5995,2.0458,1.4775,0.0660,1,0.0000
190,0.0000,-0.5995,1.9798,1.4114,0.0660,1,0.0000
191,0.0000,-0.5995,1.9138,1.3454,0.0660,1,0.0000
192,0.0000,-0.5995,1.8478,1.2794,0.0660,1,0.0000
193,0.0000,-0.5995,1.7817,1.2134,0.0660,1,0.0000
194,0.0000,-0.5995,1.7157,1.1474,0.0660,1,0.0000
195,0.0000,-0.5995,1.6497,1.0814,0.0660,1,0.0000
196,0.0000,-0.5995,1.5837,1.0154,0.0660,1,0.0000
197,0.0000,-0.5995,1.5176,0.9494,0.0660,1,0.0000
198,0.0000,-0.5995,1.4516,0.8834,0.0660,1,0.0000
199,0.0000,-0.5995,1.3856,0.8174,0.0660,1,0.0000
200,0.0000,-0.5995,1.3195,0.7514,0.0660,1,0.0000
201,0.0000,-0.5995,1.2535,0.6854,0.0660,1,0.0000
202,0.0000,-0.5995,1.1875,0.6194,0.0660,1,0.0000
203,0.0001,-0.6009,1.1138,0.5458,0.0737,1,0.0009
204,0.0000,-0.6011,1.0473,0.4794,0.0665,1,0.0011
205,0.0000,-0.6015,0.9811,0.4133,0.0662,1,0.0015
206,0.0000,-0.6019,0.9149,0.3473,0.0662,1,0.0019
207,0.0000,-0.6023,0.8488,0.2814,0.0661,1,0.0023
208,-0.0000,-0.6026,0.7827,0.2157,0.0661,1,0.0026
209,-0.0000,-0.6028,0.7167,0.1504,0.0660,1,0.0028
210,-0.0000,-0.6030,0.6507,0.0862,0.0660,1,0.0030
211,-0.0000,-0.6031,0.5848,0.0308,0.0659,1,0.0031
212,-0.0000,-0.6032,0.5189,0.0561,0.0659,1,0.0032
213,-0.0000,-0.6031,0.4530,0.1184,0.0658,1,0.0031
214,-0.0000,-0.6030,0.3873,0.1831,0.0658,1,0.0030
215,-0.0000,-0.6028,0.3216,0.2483,0.0657,1,0.0028
216,-0.0000,-0.6026,0.2559,0.3137,0.0657,1,0.0026
217,-0.0000,-0.6023,0.1903,0.3791,0.0656,1,0.0023
218,-0.0000,-0.6019,0.1248,0.4445,0.0655,1,0.0019
219,-0.0000,-0.6015,0.0593,0.5098,0.0655,1,0.0015
220,-0.0000,-0.6010,-0.0061,0.5751,0.0654,1,0.0010
221,-0.0000,-0.6005,-0.0715,0.6404,0.0653,1,0.0005
222,-0.0000,-0.5999,-0.1367,0.7056,0.0653,1,0.0000
223,-0.0000,-0.5993,-0.2019,0.7708,0.0652,1,0.0000
224,-0.0000,-0.5987,-0.2670,0.8359,0.0651,1,0.0000
225,-0.0000,-0.5980,-0.3321,0.9009,0.0650,1,0.0000
226,-0.0000,-0.5974,-0.3971,0.9658,0.0650,1,0.0000
227,-0.0000,-0.5967,-0.4619,1.0306,0.0649,1,0.0000
228,-0.0000,-0.5960,-0.5267,1.0954,0.0648,1,0.0000
229,-0.0000,-0.5953,-0.5914,1.1601,0.0647,1,0.0000
230,-0.0000,-0.5946,-0.6561,1.2247,0.0646,1,0.0000
231,-0.0000,-0.5939,-0.7206,1.2892,0.0645,1,0.0000
232,-0.0000,-0.5932,-0.7850,1.3536,0.0644,1,0.0000
233,-0.0000,-0.5925,-0.8494,1.4180,0.0643,1,0.0000
234,-0.0000,-0.5918,-0.9136,1.4822,0.0642,1,0.0000
235,-0.0000,-0.5911,-0.9777,1.5463,0.0641,1,0.0000
236,-0.0000,-0.5904,-1.0417,1.6103,0.0640,1,0.0000
237,-0.0000,-0.5897,-1.1057,1.6742,0.0639,1,0.0000
238,-0.0000,-0.5896,-1.1696,1.7382,0.0640,1,0.0000
239,-0.0000,-0.5898,-1.2335,1.8020,0.0638,1,0.0000
240,-0.0000,-0.5901,-1.2972,1.8658,0.0638,1,0.0000
241,-0.0000,-0.5905,-1.3609,1.9295,0.0637,1,0.0000
242,-0.0000,-0.5910,-1.4246,1.9932,0.0637,1,0.0000
243,-0.0000,-0.5916,-1.4883,2.0568,0.0637,1,0.0000
244,-0.0000,-0.5922,-1.5519,2.1205,0.0637,1,0.0000
245,-0.0000,-0.5929,-1.6156,2.1842,0.0637,1,0.0000
246,-0.0000,-0.5936,-1.6793,2.2479,0.0637,1,0.0000
247,-0.0000,-0.5943,-1.7430,2.3116,0.0637,1,0.0000
248,-0.0000,-0.5950,-1.8068,2.3754,0.0638,1,0.0000
249,-0.0000,-0.5956,-1.8706,2.4392,0.0638,1,0.0000
250,-0.0000,-0.5962,-1.9344,2.5030,0.0638,1,0.0000
251,-0.0000,-0.5967,-1.9983,2.5669,0.0639,1,0.0000
252,-0.0000,-0.5972,-2.0622,2.6308,0.0639,1,0.0000
253,-0.0000,-0.5976,-2.1261,2.6947,0.0639,1,0.0000
254,-0.0000,-0.5980,-2.1901,2.7587,0.0640,1,0.0000
255,-0.0000,-0.5983,-2.2541,2.8227,0.0640,1,0.0000
256,-0.0000,-0.5985,-2.3181,2.8867,0.0640,1,0.0000
257,-0.0000,-0.5986,-2.3821,2.9507,0.0640,1,0.0000
258,-0.0000,-0.5987,-2.4462,3.0148,0.0640,1,0.0000
259,-0.0000,-0.5987,-2.5102,3.0788,0.0641,1,0.0000
260,-0.0000,-0.5996,-2.4432,3.0118,0.0671,1,0.0000
261,-0.0000,-0.5988,-2.3763,2.9449,0.0669,1,0.0000
262,-0.0000,-0.5981,-2.3095,2.8781,0.0668,1,0.0000
263,-0.0000,-0.5988,-2.2424,2.8111,0.0671,1,0.0000
264,-0.0000,-0.5980,-2.1756,2.7442,0.0668,1,0.0000
265,-0.0000,-0.5987,-2.1085,2.6772,0.0671,1,0.0000
266,-0.0000,-0.5979,-2.0417,2.6103,0.0669,1,0.0000
267,-0.0000,-0.5971,-1.9749,2.5435,0.0668,1,0.0000
268,-0.0000,-0.5978,-1.9078,2.4764,0.0670,1,0.0000
269,-0.0000,-0.5942,-1.8410,2.4096,0.0669,1,0.0000
270,-0.0000,-0.5923,-1.7739,2.3425,0.0671,1,0.0000
271,-0.0000,-0.5890,-1.7070,2.2756,0.0669,1,0.0000
272,-0.0000,-0.5875,-1.6400,2.2085,0.0671,1,0.0000
273,-0.0000,-0.5847,-1.5730,2.1416,0.0670,1,0.0000
274,-0.0000,-0.5838,-1.5059,2.0744,0.0671,1,0.0000
275,-0.0000,-0.5818,-1.4389,2.0075,0.0670,1,0.0000
276,-0.0000,-0.5805,-1.3719,1.9404,0.0671,1,0.0000
277,-0.0000,-0.5815,-1.3046,1.8731,0.0673,1,0.0000
278,-0.0000,-0.5808,-1.2374,1.8060,0.0672,1,0.0000
279,-0.0000,-0.5817,-1.1702,1.7388,0.0672,1,0.0000
280,-0.0000,-0.5824,-1.1030,1.6715,0.0673,1,0.0000
281,-0.0000,-0.5838,-1.0357,1.6042,0.0673,1,0.0000
282,-0.0000,-0.5847,-0.9684,1.5369,0.0673,1,0.0000
283,-0.0000,-0.5863,-0.9010,1.4696,0.0674,1,0.0000
284,-0.0000,-0.5880,-0.8337,1.4022,0.0674,1,0.0000
285,-0.0000,-0.5898,-0.7663,1.3349,0.0674,1,0.0000
286,-0.0000,-0.5917,-0.6989,1.2675,0.0674,1,0.0000
287,-0.0000,-0.5936,-0.6316,1.2002,0.0674,1,0.0000
288,-0.0000,-0.5955,-0.5642,1.1329,0.0674,1,0.0000
289,-0.0001,-0.5974,-0.4969,1.0656,0.0674,1,0.0000
290,-0.0001,-0.5993,-0.4296,0.9983,0.0673,1,0.0000
291,-0.0001,-0.6012,-0.3623,0.9311,0.0673,1,0.0012
292,-0.0001,-0.6030,-0.2950,0.8639,0.0673,1,0.0030
293,-0.0001,-0.6047,-0.2278,0.7968,0.0673,1,0.0047
294,-0.0001,-0.6064,-0.1606,0.7297,0.0672,1,0.0064
295,-0.0001,-0.6081,-0.0934,0.6626,0.0672,1,0.0081
296,-0.0001,-0.6097,-0.0263,0.5957,0.0672,1,0.0097
297,-0.0001,-0.6112,0.0409,0.5288,0.0671,1,0.0112
298,-0.0001,-0.6127,0.1079,0.4620,0.0671,1,0.0127
299,-0.0001,-0.6135,0.1751,0.3951,0.0672,1,0.0135
300,-0.0001,-0.6132,0.2424,0.3282,0.0672,1,0.0132
301,-0.0001,-0.6126,0.3095,0.2614,0.0672,1,0.0126
302,-0.0001,-0.6107,0.3767,0.1948,0.0672,1,0.0107
303,-0.0001,-0.6087,0.4439,0.1286,0.0672,1,0.0087
304,-0.0001,-0.6068,0.5110,0.0648,0.0671,1,0.0068
305,-0.0001,-0.6049,0.5781,0.0295,0.0671,1,0.0049
306,-0.0001,-0.6030,0.6451,0.0809,0.0671,1,0.0030
307,-0.0001,-0.6012,0.7117,0.1452,0.0666,1,0.0012
308,-0.0001,-0.5993,0.7782,0.2109,0.0666,1,0.0000
309,-0.0001,-0.5975,0.8447,0.2769,0.0665,1,0.0000
310,-0.0001,-0.5957,0.9111,0.3431,0.0665,1,0.0000
311,-0.0001,-0.5940,0.9775,0.4094,0.0664,1,0.0000
312,-0.0001,-0.5930,1.0443,0.4761,0.0668,1,0.0000
313,-0.0001,-0.5927,1.1111,0.5428,0.0668,1,0.0000
314,-0.0001,-0.5929,1.1778,0.6095,0.0667,1,0.0000
315,-0.0001,-0.5935,1.2444,0.6761,0.0666,1,0.0000
316,-0.0001,-0.5944,1.3110,0.7427,0.0666,1,0.0000
317,-0.0001,-0.5956,1.3775,0.8092,0.0665,1,0.0000
318,-0.0001,-0.5971,1.4439,0.8756,0.0664,1,0.0000
319,-0.0001,-0.5988,1.5101,0.9419,0.0663,1,0.0000
320,-0.0001,-0.6007,1.5763,1.0080,0.0662,1,0.0007
321,-0.0001,-0.6027,1.6423,1.0741,0.0661,1,0.0027
322,-0.0001,-0.6048,1.7082,1.1401,0.0660,1,0.0048
323,-0.0001,-0.6070,1.7740,1.2059,0.0658,1,0.0070
324,-0.0001,-0.6092,1.8397,1.2716,0.0657,1,0.0092
325,-0.0001,-0.6114,1.9052,1.3371,0.0656,1,0.0114
326,-0.0001,-0.6136,1.9706,1.4025,0.0654,1,0.0136
327,-0.0001,-0.6158,2.0358,1.4678,0.0653,1,0.0158
328,-0.0001,-0.6180,2.1009,1.5329,0.0651,1,0.0180
329,-0.0001,-0.6200,2.1659,1.5979,0.0650,1,0.0200
330,-0.0001,-0.6191,2.2309,1.6629,0.0651,1,0.0191
331,-0.0001,-0.6174,2.2958,1.7278,0.0650,1,0.0174
332,-0.0001,-0.6155,2.3607,1.7925,0.0648,1,0.0155
333,-0.0001,-0.6133,2.4254,1.8572,0.0648,1,0.0133
334,-0.0001,-0.6110,2.4900,1.9218,0.0647,1,0.0110
335,-0.0001,-0.6086,2.5546,1.9863,0.0646,1,0.0086
336,-0.0001,-0.6060,2.4889,1.9206,0.0658,1,0.0060
337,-0.0001,-0.6034,2.4232,1.8548,0.0658,1,0.0034
338,-0.0001,-0.6010,2.3574,1.7891,0.0658,1,0.0010
339,-0.0001,-0.5989,2.2917,1.7233,0.0658,1,0.0000
340,-0.0001,-0.5962,2.2260,1.6576,0.0657,1,0.0000
341,-0.0001,-0.5940,2.1604,1.5920,0.0656,1,0.0000
342,-0.0001,-0.5936,2.0946,1.5262,0.0658,1,0.0000
343,-0.0001,-0.5925,2.0290,1.4605,0.0657,1,0.0000
344,-0.0001,-0.5918,1.9633,1.3948,0.0657,1,0.0000
345,-0.0001,-0.5915,1.8975,1.3291,0.0657,1,0.0000
346,-0.0001,-0.5900,1.8320,1.2636,0.0655,1,0.0000
347,-0.0001,-0.5914,1.7661,1.1977,0.0659,1,0.0000
348,-0.0001,-0.5904,1.7006,1.1321,0.0656,1,0.0000
349,-0.0001,-0.5911,1.6348,1.0664,0.0658,1,0.0000
350,-0.0001,-0.5920,1.5690,1.0006,0.0658,1,0.0000
351,-0.0001,-0.5914,1.5034,0.9350,0.0656,1,0.0000
352,-0.0001,-0.5925,1.4376,0.8692,0.0658,1,0.0000
353,0.0001,-0.5923,1.3665,0.7981,0.0711,1,0.0000
354,-0.0001,-0.5948,1.2947,0.7264,0.0718,1,0.0000
355,-0.0001,-0.5964,1.2288,0.6606,0.0659,1,0.0000
356,-0.0001,-0.5959,1.1628,0.5946,0.0660,1,0.0000
357,-0.0001,-0.5981,1.0968,0.5287,0.0660,1,0.0000
358,-0.0001,-0.5982,1.0308,0.4628,0.0660,1,0.0000
359,-0.0001,-0.5982,0.9647,0.3968,0.0661,1,0.0000
360,-0.0001,-0.5990,0.8986,0.3308,0.0661,1,0.0000
361,-0.0001,-0.5997,0.8325,0.2650,0.0661,1,0.0000
362,-0.0001,-0.5990,0.7663,0.1990,0.0662,1,0.0000
363,-0.0001,-0.5990,0.7002,0.1335,0.0662,1,0.0000
364,-0.0001,-0.5988,0.6340,0.0690,0.0662,1,0.0000
365,-0.0001,-0.5985,0.5678,0.0215,0.0662,1,0.0000
366,-0.0001,-0.5981,0.5016,0.0701,0.0662,1,0.0000
367,-0.0001,-0.5975,0.4354,0.1347,0.0662,1,0.0000
368,-0.0001,-0.5968,0.3692,0.2003,0.0662,1,0.0000
369,-0.0001,-0.5960,0.3030,0.2662,0.0662,1,0.0000
370,-0.0001,-0.5951,0.2368,0.3322,0.0662,1,0.0000
371,-0.0001,-0.5942,0.1706,0.3983,0.0662,1,0.0000
372,-0.0001,-0.5931,0.1044,0.4644,0.0662,1,0.0000
373,-0.0001,-0.5919,0.0383,0.5305,0.0662,1,0.0000
374,-0.0001,-0.5907,-0.0279,0.5965,0.0662,1,0.0000
375,-0.0001,-0.5895,-0.0940,0.6626,0.0661,1,0.0000
376,-0.0001,-0.5882,-0.1601,0.7287,0.0661,1,0.0000
377,-0.0001,-0.5869,-0.2261,0.7947,0.0661,1,0.0000
378,-0.0001,-0.5869,-0.2922,0.8608,0.0661,1,0.0000
379,-0.0001,-0.5879,-0.3583,0.9269,0.0661,1,0.0000
380,-0.0001,-0.5889,-0.4243,0.9929,0.0660,1,0.0000
381,-0.0001,-0.5901,-0.4903,1.0589,0.0660,1,0.0000
382,-0.0001,-0.5913,-0.5563,1.1249,0.0660,1,0.0000
383,-0.0001,-0.5925,-0.6222,1.1909,0.0660,1,0.0000
384,-0.0001,-0.5937,-0.6882,1.2568,0.0660,1,0.0000
385,-0.0001,-0.5949,-0.7542,1.3228,0.0660,1,0.0000
386,-0.0001,-0.5960,-0.8202,1.3888,0.0660,1,0.0000
387,-0.0001,-0.5970,-0.8862,1.4549,0.0660,1,0.0000
388,-0.0001,-0.5980,-0.9522,1.5209,0.0660,1,0.0000
389,-0.0001,-0.5989,-1.0183,1.5870,0.0661,1,0.0000
390,-0.0001,-0.5997,-1.0844,1.6530,0.0661,1,0.0000
391,-0.0001,-0.6004,-1.1505,1.7191,0.0661,1,0.0004
392,-0.0039,-0.6011,-1.2169,1.7856,0.0666,1,0.0011
393,-0.0072,-0.6016,-1.2834,1.8521,0.0665,1,0.0016
394,-0.0101,-0.6021,-1.3498,1.9185,0.0665,1,0.0021
395,-0.0127,-0.6024,-1.4163,1.9850,0.0665,1,0.0024
396,-0.0151,-0.6026,-1.4827,2.0514,0.0665,1,0.0026
397,-0.0173,-0.6027,-1.5491,2.1178,0.0664,1,0.0027
398,-0.0194,-0.6027,-1.6155,2.1842,0.0664,1,0.0027
399,-0.0213,-0.6027,-1.6819,2.2507,0.0664,1,0.0027
400,-0.0231,-0.6026,-1.7483,2.3171,0.0664,1,0.0026
401,-0.0249,-0.6025,-1.8147,2.3835,0.0664,1,0.0025
402,-0.0267,-0.6023,-1.8811,2.4499,0.0664,1,0.0023
403,-0.0284,-0.6021,-1.9475,2.5163,0.0664,1,0.0021
404,-0.0300,-0.6019,-2.0139,2.5827,0.0664,1,0.0019
405,-0.0317,-0.6016,-2.0803,2.6491,0.0664,1,0.0016
406,-0.0333,-0.6014,-2.1467,2.7155,0.0664,1,0.0014
407,-0.0349,-0.6012,-2.2131,2.7819,0.0664,1,0.0012
408,-0.0365,-0.6009,-2.2795,2.8484,0.0664,1,0.0009
409,-0.0381,-0.6007,-2.3459,2.9148,0.0664,1,0.0007
410,-0.0397,-0.6005,-2.4123,2.9812,0.0664,1,0.0005
411,-0.0413,-0.6003,-2.4787,3.0476,0.0664,1,0.0003
412,-0.0430,-0.6002,-2.5451,3.1140,0.0664,1,0.0002
413,-0.0439,-0.6000,-2.4782,3.0471,0.0669,1,0.0000
414,-0.0448,-0.5998,-2.4113,2.9802,0.0669,1,0.0000
415,-0.0458,-0.5997,-2.3444,2.9133,0.0669,1,0.0000
416,-0.0467,-0.5996,-2.2775,2.8465,0.0669,1,0.0000
417,-0.0477,-0.5995,-2.2105,2.7796,0.0669,1,0.0000
418,-0.0487,-0.5995,-2.1436,2.7127,0.0669,1,0.0000
419,-0.0497,-0.5994,-2.0767,2.6458,0.0669,1,0.0000
420,-0.0508,-0.5994,-2.0098,2.5789,0.0669,1,0.0000
421,-0.0518,-0.5995,-1.9429,2.5120,0.0669,1,0.0000
422,-0.0529,-0.5995,-1.8760,2.4452,0.0669,1,0.0000
423,-0.0541,-0.5995,-1.8090,2.3783,0.0669,1,0.0000
424,-0.0552,-0.5996,-1.7421,2.3114,0.0669,1,0.0000
425,-0.0564,-0.5996,-1.6752,2.2446,0.0669,1,0.0000
426,-0.0576,-0.5997,-1.6083,2.1777,0.0669,1,0.0000
427,-0.0587,-0.5998,-1.5414,2.1109,0.0669,1,0.0000
428,-0.0632,-0.6000,-1.4751,2.0447,0.0665,1,0.0000
429,-0.0671,-0.6001,-1.4086,1.9784,0.0665,1,0.0001
430,-0.0704,-0.6002,-1.3422,1.9121,0.0665,1,0.0002
431,-0.0733,-0.6003,-1.2757,1.8458,0.0666,1,0.0003
432,-0.0758,-0.6004,-1.2092,1.7795,0.0666,1,0.0004
433,-0.0782,-0.6004,-1.1426,1.7131,0.0666,1,0.0004
434,-0.0804,-0.6004,-1.0761,1.6467,0.0666,1,0.0004
435,-0.0825,-0.6004,-1.0095,1.5803,0.0666,1,0.0004
436,-0.0845,-0.6004,-0.9429,1.5140,0.0666,1,0.0004
437,-0.0865,-0.6004,-0.8763,1.4476,0.0666,1,0.0004
438,-0.0883,-0.6004,-0.8097,1.3813,0.0666,1,0.0004
439,-0.0902,-0.6004,-0.7431,1.3150,0.0666,1,0.0004
440,-0.0921,-0.6003,-0.6765,1.2487,0.0666,1,0.0003
441,-0.0939,-0.6003,-0.6099,1.1824,0.0666,1,0.0003
442,-0.0957,-0.6002,-0.5433,1.1162,0.0666,1,0.0002
443,-0.0976,-0.6002,-0.4767,1.0500,0.0666,1,0.0002
444,-0.0994,-0.6001,-0.4101,0.9839,0.0666,1,0.0001
445,-0.1013,-0.6001,-0.3435,0.9179,0.0666,1,0.0001
446,-0.1031,-0.6000,-0.2768,0.8519,0.0666,1,0.0000
447,-0.1050,-0.5999,-0.2102,0.7861,0.0666,1,0.0000
448,-0.1069,-0.5999,-0.1436,0.7205,0.0666,1,0.0000
449,-0.1088,-0.5998,-0.0770,0.6550,0.0666,1,0.0000
450,-0.1107,-0.5997,-0.0104,0.5898,0.0666,1,0.0000
451,-0.1126,-0.5997,0.0562,0.5250,0.0666,1,0.0000
452,-0.1146,-0.5996,0.1228,0.4607,0.0666,1,0.0000
453,-0.1165,-0.5996,0.1894,0.3972,0.0666,1,0.0000
454,-0.1185,-0.5995,0.2560,0.3350,0.0666,1,0.0000
455,-0.1205,-0.5995,0.3226,0.2747,0.0666,1,0.0000
456,-0.1225,-0.5994,0.3892,0.2183,0.0666,1,0.0000
457,-0.1246,-0.5994,0.4558,0.1695,0.0666,1,0.0000
458,-0.1266,-0.5993,0.5224,0.1366,0.0666,1,0.0000
459,-0.1287,-0.5993,0.5890,0.1322,0.0666,1,0.0000
460,-0.1308,-0.5992,0.6555,0.1587,0.0666,1,0.0000
461,-0.1339,-0.5992,0.7215,0.2045,0.0660,1,0.0000
462,-0.1368,-0.5992,0.7875,0.2591,0.0661,1,0.0000
463,-0.1396,-0.5991,0.8536,0.3182,0.0662,1,0.0000
464,-0.1423,-0.5990,0.9198,0.3796,0.0662,1,0.0000
465,-0.1449,-0.5989,0.9860,0.4424,0.0663,1,0.0000
466,-0.1475,-0.5988,1.0522,0.5061,0.0663,1,0.0000
467,-0.1502,-0.5987,1.1185,0.5705,0.0663,1,0.0000
468,-0.1528,-0.5986,1.1847,0.6352,0.0663,1,0.0000
469,-0.1553,-0.5985,1.2511,0.7003,0.0664,1,0.0000
470,-0.1579,-0.5984,1.3174,0.7657,0.0664,1,0.0000
471,-0.1605,-0.5983,1.3838,0.8312,0.0664,1,0.0000
472,-0.1631,-0.5982,1.4501,0.8968,0.0664,1,0.0000
473,-0.1657,-0.5980,1.5165,0.9626,0.0664,1,0.0000
474,-0.1683,-0.5979,1.5829,1.0285,0.0665,1,0.0000
475,-0.1709,-0.5978,1.6493,1.0944,0.0665,1,0.0000
476,-0.1735,-0.5976,1.7158,1.1605,0.0665,1,0.0000
477,-0.1761,-0.5975,1.7822,1.2266,0.0665,1,0.0000
478,-0.1787,-0.5974,1.8486,1.2927,0.0665,1,0.0000
479,-0.1813,-0.5972,1.9151,1.3589,0.0665,1,0.0000
480,-0.1839,-0.5971,1.9816,1.4251,0.0665,1,0.0000
481,-0.1865,-0.5970,2.0480,1.4913,0.0665,1,0.0000
482,-0.1892,-0.5969,2.1145,1.5576,0.0665,1,0.0000
483,-0.1917,-0.5968,2.1810,1.6239,0.0665,1,0.0000
484,-0.1943,-0.5967,2.2475,1.6903,0.0665,1,0.0000
485,-0.1969,-0.5967,2.3140,1.7566,0.0665,1,0.0000
486,-0.1995,-0.5966,2.3805,1.8230,0.0665,1,0.0000
487,-0.2021,-0.5965,2.4469,1.8894,0.0665,1,0.0000
488,-0.2047,-0.5965,2.5135,1.9558,0.0666,1,0.0000
489,-0.2093,-0.5966,2.4466,1.8898,0.0670,1,0.0000
490,-0.2139,-0.5967,2.3798,1.8240,0.0670,1,0.0000
491,-0.2185,-0.5968,2.3130,1.7582,0.0670,1,0.0000
492,-0.2231,-0.5969,2.2461,1.6925,0.0670,1,0.0000
493,-0.2277,-0.5971,2.1793,1.6269,0.0670,1,0.0000
494,-0.2323,-0.5972,2.1124,1.5614,0.0670,1,0.0000
495,-0.2369,-0.5973,2.0455,1.4960,0.0670,1,0.0000
496,-0.2415,-0.5974,1.9787,1.4308,0.0670,1,0.0000
497,-0.2461,-0.5975,1.9118,1.3658,0.0670,1,0.0000
498,-0.2508,-0.5976,1.8449,1.3009,0.0671,1,0.0000
499,-0.2554,-0.5977,1.7780,1.2363,0.0671,1,0.0000
500,-0.2600,-0.5978,1.7111,1.1719,0.0671,1,0.0000
501,-0.2646,-0.5979,1.6441,1.1079,0.0671,1,0.0000
502,-0.2357,-0.5954,1.6056,1.0637,0.0482,1,0.0000
503,-0.2099,-0.5958,1.5571,1.0108,0.0550,1,0.0000
504,-0.1923,-0.5964,1.4982,0.9496,0.0615,1,0.0000
505,-0.1960,-0.5983,1.4317,0.8854,0.0667,1,0.0000
506,-0.1984,-0.5984,1.3651,0.8212,0.0666,1,0.0000
507,-0.2017,-0.5985,1.2985,0.7576,0.0667,1,0.0000
508,-0.2051,-0.5986,1.2319,0.6947,0.0667,1,0.0000
509,-0.2086,-0.5987,1.1653,0.6325,0.0667,1,0.0000
510,-0.2120,-0.5988,1.0987,0.5714,0.0667,1,0.0000
511,-0.2155,-0.5989,1.0321,0.5117,0.0667,1,0.0000
512,-0.2188,-0.5990,0.9655,0.4538,0.0667,1,0.0000
513,-0.2221,-0.5991,0.8988,0.3986,0.0667,1,0.0000
514,-0.2252,-0.5991,0.8322,0.3475,0.0667,1,0.0000
515,-0.2281,-0.5992,0.7656,0.3023,0.0667,1,0.0000
516,-0.2308,-0.5993,0.6990,0.2661,0.0667,1,0.0000
517,-0.2333,-0.5993,0.6323,0.2429,0.0667,1,0.0000
518,-0.2357,-0.5994,0.5657,0.2367,0.0667,1,0.0000
519,-0.2378,-0.5995,0.4991,0.2487,0.0667,1,0.0000
520,-0.2397,-0.5995,0.4324,0.2765,0.0667,1,0.0000
521,-0.2414,-0.5996,0.3658,0.3160,0.0667,1,0.0000
522,-0.2429,-0.5996,0.2991,0.3634,0.0667,1,0.0000
523,-0.2442,-0.5997,0.2325,0.4160,0.0667,1,0.0000
524,-0.2453,-0.5997,0.1658,0.4721,0.0667,1,0.0000
525,-0.2463,-0.5997,0.0992,0.5306,0.0667,1,0.0000
526,-0.2472,-0.5998,0.0325,0.5907,0.0667,1,0.0000
527,-0.2479,-0.5998,-0.0342,0.6521,0.0667,1,0.0000
528,-0.2484,-0.5999,-0.1008,0.7143,0.0667,1,0.0000
529,-0.2489,-0.5999,-0.1675,0.7773,0.0667,1,0.0000
530,-0.2493,-0.5999,-0.2342,0.8408,0.0667,1,0.0000
531,-0.2496,-0.6000,-0.3008,0.9048,0.0667,1,0.0000
532,-0.2498,-0.6000,-0.3675,0.9691,0.0667,1,0.0000
533,-0.2500,-0.6000,-0.4342,1.0337,0.0667,1,0.0000
534,-0.2502,-0.6000,-0.5009,1.0986,0.0667,1,0.0000
535,-0.2503,-0.6001,-0.5676,1.1636,0.0667,1,0.0001
536,-0.2505,-0.6001,-0.6343,1.2288,0.0667,1,0.0001
537,-0.2506,-0.6001,-0.7010,1.2942,0.0667,1,0.0001
538,-0.2507,-0.6002,-0.7677,1.3598,0.0667,1,0.0002
539,-0.2509,-0.6002,-0.8344,1.4254,0.0667,1,0.0002
540,-0.2510,-0.6003,-0.9012,1.4911,0.0667,1,0.0003
541,-0.2512,-0.6003,-0.9679,1.5570,0.0667,1,0.0003
542,-0.2544,-0.6003,-1.0346,1.6233,0.0668,1,0.0003
543,-0.2576,-0.6004,-1.1013,1.6897,0.0668,1,0.0004
544,-0.2608,-0.6004,-1.1680,1.7562,0.0668,1,0.0004
545,-0.2640,-0.6005,-1.2347,1.8226,0.0668,1,0.0005
546,-0.2673,-0.6005,-1.3015,1.8892,0.0668,1,0.0005
547,-0.2706,-0.6006,-1.3682,1.9557,0.0668,1,0.0006
548,-0.2739,-0.6006,-1.4350,2.0223,0.0668,1,0.0006
549,-0.2774,-0.6007,-1.5017,2.0889,0.0669,1,0.0007
550,-0.2808,-0.6008,-1.5685,2.1556,0.0669,1,0.0008
551,-0.2843,-0.6008,-1.6353,2.2222,0.0669,1,0.0008
552,-0.2879,-0.6009,-1.7021,2.2890,0.0669,1,0.0009
553,-0.2914,-0.6009,-1.7689,2.3557,0.0669,1,0.0009
554,-0.2879,-0.6005,-1.8357,2.4215,0.0668,1,0.0005
555,-0.2852,-0.6001,-1.9023,2.4873,0.0667,1,0.0001
556,-0.2833,-0.5997,-1.9689,2.5532,0.0666,1,0.0000
557,-0.2820,-0.5995,-2.0353,2.6192,0.0665,1,0.0000
558,-0.2811,-0.5993,-2.1018,2.6851,0.0664,1,0.0000
559,-0.2806,-0.5991,-2.1682,2.7511,0.0664,1,0.0000
560,-0.2803,-0.5990,-2.2345,2.8171,0.0664,1,0.0000
561,-0.2802,-0.5989,-2.3009,2.8831,0.0663,1,0.0000
562,-0.2803,-0.5988,-2.3672,2.9491,0.0663,1,0.0000
563,-0.2805,-0.5988,-2.4335,3.0152,0.0663,1,0.0000
564,-0.2808,-0.5988,-2.4998,3.0812,0.0663,1,0.0000
565,-0.2812,-0.5988,-2.5661,3.1472,0.0663,1,0.0000
566,-0.2813,-0.5988,-2.4990,3.0805,0.0671,1,0.0000
567,-0.2815,-0.5989,-2.4319,3.0137,0.0671,1,0.0000
568,-0.2817,-0.5990,-2.3649,2.9470,0.0671,1,0.0000
569,-0.2820,-0.5991,-2.2978,2.8803,0.0671,1,0.0000
570,-0.2823,-0.5991,-2.2308,2.8136,0.0671,1,0.0000
571,-0.2826,-0.5992,-2.1637,2.7469,0.0671,1,0.0000
572,-0.2830,-0.5993,-2.0966,2.6802,0.0671,1,0.0000
573,-0.2833,-0.5994,-2.0296,2.6136,0.0671,1,0.0000
574,-0.2836,-0.5995,-1.9625,2.5470,0.0671,1,0.0000
575,-0.2840,-0.5996,-1.8954,2.4804,0.0671,1,0.0000
576,-0.2843,-0.5997,-1.8284,2.4138,0.0671,1,0.0000
577,-0.2846,-0.5997,-1.7613,2.3472,0.0671,1,0.0000
578,-0.2850,-0.5998,-1.6942,2.2807,0.0671,1,0.0000
579,-0.2853,-0.5999,-1.6272,2.2143,0.0671,1,0.0000
580,-0.2857,-0.5999,-1.5601,2.1478,0.0671,1,0.0000
581,-0.2860,-0.6000,-1.4930,2.0814,0.0671,1,0.0000
582,-0.2863,-0.6000,-1.4259,2.0151,0.0671,1,0.0000
583,-0.2866,-0.6000,-1.3589,1.9487,0.0671,1,0.0000
584,-0.2870,-0.6000,-1.2918,1.8825,0.0671,1,0.0000
585,-0.2873,-0.6001,-1.2248,1.8163,0.0671,1,0.0001
586,-0.2876,-0.6001,-1.1577,1.7502,0.0671,1,0.0001
587,-0.2879,-0.6001,-1.0906,1.6841,0.0671,1,0.0001
588,-0.2883,-0.6001,-1.0235,1.6181,0.0671,1,0.0001
589,-0.2886,-0.6001,-0.9565,1.5522,0.0671,1,0.0001
590,-0.2889,-0.6001,-0.8894,1.4865,0.0671,1,0.0001
591,-0.2892,-0.6000,-0.8224,1.4208,0.0671,1,0.0000
592,-0.2895,-0.6000,-0.7553,1.3553,0.0671,1,0.0000
593,-0.2887,-0.6000,-0.6882,1.2897,0.0671,1,0.0000
594,-0.2878,-0.6000,-0.6212,1.2242,0.0671,1,0.0000
595,-0.2869,-0.6000,-0.5541,1.1589,0.0671,1,0.0000
596,-0.2862,-0.6000,-0.4870,1.0939,0.0671,1,0.0000
597,-0.2856,-0.5999,-0.4200,1.0292,0.0671,1,0.0000
598,-0.2850,-0.5999,-0.3529,0.9648,0.0671,1,0.0000
599,-0.2846,-0.5999,-0.2858,0.9008,0.0671,1,0.0000
600,-0.2843,-0.5999,-0.2188,0.8374,0.0671,1,0.0000
601,-0.2841,-0.5999,-0.1517,0.7746,0.0671,1,0.0000
602,-0.2840,-0.5999,-0.0847,0.7126,0.0671,1,0.0000
603,-0.2839,-0.5999,-0.0176,0.6517,0.0671,1,0.0000
604,-0.2840,-0.5999,0.0495,0.5921,0.0671,1,0.0000
605,-0.2840,-0.5998,0.1165,0.5343,0.0671,1,0.0000
606,-0.2842,-0.5998,0.1836,0.4790,0.0671,1,0.0000
607,-0.2844,-0.5998,0.2506,0.4271,0.0671,1,0.0000
608,-0.2846,-0.5998,0.3177,0.3800,0.0671,1,0.0000
609,-0.2848,-0.5998,0.3848,0.3397,0.0671,1,0.0000
610,-0.2850,-0.5998,0.4518,0.3088,0.0671,1,0.0000
611,-0.2853,-0.5998,0.5189,0.2905,0.0671,1,0.0000
612,-0.2855,-0.5998,0.5859,0.2869,0.0671,1,0.0000
613,-0.2857,-0.5998,0.6530,0.2988,0.0671,1,0.0000
614,-0.2859,-0.5998,0.7201,0.3244,0.0671,1,0.0000
615,-0.2861,-0.5999,0.7871,0.3608,0.0671,1,0.0000
616,-0.2863,-0.5999,0.8542,0.4051,0.0671,1,0.0000
617,-0.2864,-0.5999,0.9212,0.4549,0.0671,1,0.0000
618,-0.2865,-0.5999,0.9883,0.5087,0.0671,1,0.0000
619,-0.2866,-0.5999,1.0553,0.5654,0.0671,1,0.0000
620,-0.2866,-0.5999,1.1224,0.6240,0.0671,1,0.0000
621,-0.2865,-0.5999,1.1894,0.6842,0.0671,1,0.0000
622,-0.2864,-0.5999,1.2565,0.7456,0.0671,1,0.0000
623,-0.2863,-0.5999,1.3236,0.8078,0.0671,1,0.0000
624,-0.2861,-0.5999,1.3906,0.8707,0.0670,1,0.0000
625,-0.2859,-0.5999,1.4576,0.9342,0.0670,1,0.0000
626,-0.2860,-0.6000,1.5247,0.9983,0.0671,1,0.0000
627,-0.2866,-0.6001,1.5917,1.0628,0.0670,1,0.0001
628,-0.2872,-0.6001,1.6588,1.1277,0.0670,1,0.0001
629,-0.2878,-0.6001,1.7258,1.1927,0.0670,1,0.0001
630,-0.2885,-0.6002,1.7928,1.2580,0.0670,1,0.0002
631,-0.2892,-0.6002,1.8598,1.3234,0.0670,1,0.0002
632,-0.2899,-0.6001,1.9267,1.3890,0.0670,1,0.0001
633,-0.2906,-0.6001,1.9937,1.4547,0.0670,1,0.0001
634,-0.2914,-0.6001,2.0607,1.5205,0.0670,1,0.0001
635,-0.2922,-0.6001,2.1277,1.5865,0.0670,1,0.0001
636,-0.2930,-0.6000,2.1947,1.6525,0.0670,1,0.0000
637,-0.2938,-0.6000,2.2616,1.7186,0.0670,1,0.0000
638,-0.2947,-0.5999,2.3286,1.7847,0.0670,1,0.0000
639,-0.2956,-0.5999,2.3956,1.8509,0.0670,1,0.0000
640,-0.2964,-0.5998,2.4625,1.9172,0.0670,1,0.0000
641,-0.2781,-0.5993,2.5211,1.9724,0.0614,1,0.0000
642,-0.2796,-0.5997,2.4547,1.9070,0.0664,1,0.0000
643,-0.2811,-0.5997,2.3884,1.8416,0.0664,1,0.0000
644,-0.2826,-0.5996,2.3220,1.7763,0.0664,1,0.0000
645,-0.2841,-0.5996,2.2556,1.7110,0.0664,1,0.0000
646,-0.2856,-0.5996,2.1893,1.6459,0.0664,1,0.0000
647,-0.2871,-0.5996,2.1229,1.5808,0.0664,1,0.0000
648,-0.2886,-0.5995,2.0565,1.5159,0.0664,1,0.0000
649,-0.2901,-0.5995,1.9902,1.4511,0.0664,1,0.0000
650,-0.2916,-0.5995,1.9238,1.3865,0.0664,1,0.0000
651,-0.2932,-0.5995,1.8574,1.3220,0.0664,1,0.0000
652,-0.2947,-0.5995,1.7911,1.2577,0.0664,1,0.0000
653,-0.2962,-0.5995,1.7247,1.1937,0.0664,1,0.0000
654,-0.2978,-0.5995,1.6583,1.1299,0.0664,1,0.0000
655,-0.2766,-0.5988,1.6047,1.0727,0.0576,1,0.0000
656,-0.2609,-0.5989,1.5446,1.0106,0.0621,1,0.0000
657,-0.2537,-0.5992,1.4797,0.9461,0.0654,1,0.0000
658,-0.2553,-0.5996,1.4133,0.8828,0.0664,1,0.0000
659,-0.2569,-0.5996,1.3469,0.8200,0.0664,1,0.0000
660,-0.2585,-0.5997,1.2805,0.7578,0.0664,1,0.0000
661,-0.2594,-0.5997,1.2141,0.6961,0.0664,1,0.0000
662,-0.2599,-0.5997,1.1477,0.6352,0.0664,1,0.0000
663,-0.2603,-0.5997,1.0813,0.5755,0.0664,1,0.0000
664,-0.2606,-0.5998,1.0149,0.5173,0.0664,1,0.0000
665,-0.2609,-0.5998,0.9485,0.4614,0.0664,1,0.0000
666,-0.2610,-0.5998,0.8820,0.4086,0.0664,1,0.0000
667,-0.2637,-0.6001,0.8145,0.3614,0.0675,1,0.0001
668,-0.2635,-0.6003,0.7471,0.3192,0.0674,1,0.0003
669,-0.2611,-0.6005,0.6797,0.2848,0.0674,1,0.0005
670,-0.2582,-0.6011,0.6124,0.2630,0.0674,1,0.0011
671,-0.2532,-0.6012,0.5450,0.2555,0.0676,1,0.0012
672,-0.2472,-0.6012,0.4776,0.2645,0.0676,1,0.0012
673,-0.2405,-0.6011,0.4103,0.2889,0.0677,1,0.0011
674,-0.2334,-0.6011,0.3429,0.3256,0.0677,1,0.0011
675,-0.2263,-0.6010,0.2755,0.3710,0.0678,1,0.0010
676,-0.2192,-0.6009,0.2081,0.4225,0.0677,1,0.0009
677,-0.2123,-0.6008,0.1408,0.4781,0.0677,1,0.0008
678,-0.2057,-0.6007,0.0734,0.5367,0.0677,1,0.0007
679,-0.1996,-0.6006,0.0060,0.5974,0.0677,1,0.0006
680,-0.1941,-0.6005,-0.0614,0.6596,0.0676,1,0.0005
681,-0.1891,-0.6004,-0.1288,0.7229,0.0676,1,0.0004
682,-0.1848,-0.6004,-0.1962,0.7871,0.0675,1,0.0004
683,-0.1811,-0.6004,-0.2636,0.8519,0.0675,1,0.0004
684,-0.1781,-0.6004,-0.3310,0.9173,0.0675,1,0.0004
685,-0.1758,-0.6005,-0.3984,0.9830,0.0674,1,0.0005
686,-0.1741,-0.6005,-0.4658,1.0491,0.0674,1,0.0005
687,-0.1722,-0.6000,-0.5332,1.1153,0.0675,1,0.0000
688,-0.1718,-0.6001,-0.6006,1.1819,0.0674,1,0.0001
689,-0.1721,-0.6002,-0.6680,1.2487,0.0674,1,0.0002
690,-0.1728,-0.6004,-0.7355,1.3156,0.0674,1,0.0004
691,-0.1740,-0.6005,-0.8029,1.3826,0.0674,1,0.0005
692,-0.1758,-0.6006,-0.8703,1.4497,0.0674,1,0.0006
693,-0.1778,-0.6008,-0.9378,1.5169,0.0675,1,0.0008
694,-0.1832,-0.6010,-1.0052,1.5845,0.0676,1,0.0010
695,-0.1886,-0.6011,-1.0726,1.6521,0.0676,1,0.0011
696,-0.1940,-0.6013,-1.1400,1.7197,0.0676,1,0.0013
697,-0.1994,-0.6014,-1.2074,1.7872,0.0676,1,0.0014
698,-0.2048,-0.6015,-1.2748,1.8548,0.0676,1,0.0015
699,-0.2102,-0.6016,-1.3421,1.9223,0.0676,1,0.0016
700,-0.2155,-0.6018,-1.4095,1.9899,0.0676,1,0.0018
701,-0.2209,-0.6019,-1.4769,2.0575,0.0676,1,0.0019
702,-0.2262,-0.6020,-1.5443,2.1250,0.0676,1,0.0020
703,-0.2314,-0.6020,-1.6116,2.1925,0.0676,1,0.0020
704,-0.2366,-0.6021,-1.6790,2.2600,0.0675,1,0.0021
705,-0.2417,-0.6022,-1.7463,2.3275,0.0675,1,0.0022
706,-0.2467,-0.6022,-1.8136,2.3950,0.0675,1,0.0022
707,-0.2517,-0.6023,-1.8810,2.4625,0.0675,1,0.0023
708,-0.2566,-0.6023,-1.9483,2.5300,0.0675,1,0.0023
709,-0.2615,-0.6024,-2.0156,2.5975,0.0675,1,0.0024
710,-0.2664,-0.6024,-2.0829,2.6649,0.0675,1,0.0024
711,-0.2712,-0.6024,-2.1503,2.7324,0.0675,1,0.0024
712,-0.2760,-0.6025,-2.2176,2.7998,0.0675,1,0.0025
713,-0.2808,-0.6025,-2.2849,2.8673,0.0675,1,0.0025
714,-0.2855,-0.6025,-2.3522,2.9347,0.0675,1,0.0025
715,-0.2903,-0.6026,-2.4195,3.0022,0.0675,1,0.0026
716,-0.2950,-0.6026,-2.4868,3.0696,0.0675,1,0.0026
717,-0.2997,-0.6026,-2.5541,3.1371,0.0675,1,0.0026
718,-0.3024,-0.6025,-2.4881,3.0717,0.0661,1,0.0025
719,-0.3052,-0.6024,-2.4221,3.0062,0.0661,1,0.0024
720,-0.3079,-0.6023,-2.3560,2.9408,0.0661,1,0.0023
721,-0.3107,-0.6022,-2.2900,2.8754,0.0661,1,0.0022
722,-0.3134,-0.6021,-2.2239,2.8101,0.0661,1,0.0021
723,-0.3162,-0.6020,-2.1578,2.7447,0.0661,1,0.0020
724,-0.3190,-0.6020,-2.0917,2.6794,0.0662,1,0.0020
725,-0.3217,-0.6019,-2.0256,2.6141,0.0662,1,0.0019
726,-0.3245,-0.6018,-1.9595,2.5489,0.0662,1,0.0018
727,-0.3273,-0.6017,-1.8934,2.4837,0.0662,1,0.0017
728,-0.3301,-0.6016,-1.8273,2.4186,0.0662,1,0.0016
729,-0.3329,-0.6016,-1.7611,2.3535,0.0662,1,0.0016
730,-0.3358,-0.6015,-1.6950,2.2884,0.0662,1,0.0015
731,-0.3386,-0.6014,-1.6288,2.2234,0.0662,1,0.0014
732,-0.3415,-0.6014,-1.5627,2.1585,0.0662,1,0.0014
733,-0.3443,-0.6013,-1.4965,2.0937,0.0662,1,0.0013
734,-0.3472,-0.6012,-1.4304,2.0290,0.0662,1,0.0012
735,-0.3501,-0.6012,-1.3642,1.9643,0.0662,1,0.0012
736,-0.3530,-0.6011,-1.2980,1.8998,0.0662,1,0.0011
737,-0.3560,-0.6010,-1.2319,1.8354,0.0662,1,0.0010
738,-0.3589,-0.6010,-1.1657,1.7711,0.0662,1,0.0010
739,-0.3317,-0.5984,-1.1454,1.7458,0.0341,1,0.0000
740,-0.3023,-0.5983,-1.1184,1.7139,0.0399,1,0.0000
741,-0.2726,-0.5982,-1.0831,1.6741,0.0461,1,0.0000
742,-0.2449,-0.5984,-1.0385,1.6257,0.0525,1,0.0000
743,-0.2231,-0.5987,-0.9841,1.5687,0.0586,1,0.0000
744,-0.2117,-0.5990,-0.9216,1.5052,0.0636,1,0.0000
745,-0.2147,-0.6007,-0.8554,1.4403,0.0662,1,0.0007
746,-0.2146,-0.6007,-0.7894,1.3750,0.0661,1,0.0007
747,-0.2133,-0.6006,-0.7234,1.3096,0.0660,1,0.0006
748,-0.2119,-0.6006,-0.6573,1.2443,0.0660,1,0.0006
749,-0.2106,-0.6005,-0.5914,1.1791,0.0660,1,0.0005
750,-0.2091,-0.6004,-0.5254,1.1139,0.0660,1,0.0004
751,-0.2074,-0.6004,-0.4594,1.0489,0.0660,1,0.0004
752,-0.1968,-0.5997,-0.3932,0.9819,0.0670,1,0.0000
753,-0.1926,-0.5991,-0.3268,0.9160,0.0666,1,0.0000
754,-0.1898,-0.5987,-0.2601,0.8504,0.0667,1,0.0000
755,-0.1878,-0.5985,-0.1934,0.7850,0.0668,1,0.0000
756,-0.1865,-0.5983,-0.1266,0.7200,0.0668,1,0.0000
757,-0.1856,-0.5982,-0.0597,0.6554,0.0669,1,0.0000
758,-0.1851,-0.5983,0.0072,0.5914,0.0669,1,0.0000
759,-0.1847,-0.5983,0.0742,0.5281,0.0670,1,0.0000
760,-0.1845,-0.5984,0.1412,0.4659,0.0670,1,0.0000
761,-0.1843,-0.5986,0.2082,0.4053,0.0670,1,0.0000
762,-0.1842,-0.5987,0.2753,0.3470,0.0670,1,0.0000
763,-0.1842,-0.5989,0.3423,0.2925,0.0671,1,0.0000
764,-0.1841,-0.5990,0.4094,0.2444,0.0671,1,0.0000
765,-0.1841,-0.5991,0.4765,0.2070,0.0671,1,0.0000
766,-0.1840,-0.5993,0.5435,0.1870,0.0671,1,0.0000
767,-0.1840,-0.5994,0.6106,0.1900,0.0671,1,0.0000
768,-0.1839,-0.5994,0.6777,0.2150,0.0671,1,0.0000
769,-0.1838,-0.5995,0.7448,0.2556,0.0671,1,0.0000
770,-0.1837,-0.5996,0.8118,0.3057,0.0671,1,0.0000
771,-0.1836,-0.5996,0.8789,0.3613,0.0671,1,0.0000
772,-0.1834,-0.5997,0.9460,0.4203,0.0671,1,0.0000
773,-0.1833,-0.5997,1.0130,0.4813,0.0671,1,0.0000
774,-0.1831,-0.5997,1.0801,0.5438,0.0671,1,0.0000
775,-0.1830,-0.5997,1.1472,0.6073,0.0671,1,0.0000
776,-0.1828,-0.5998,1.2142,0.6715,0.0671,1,0.0000
777,-0.1827,-0.5998,1.2813,0.7361,0.0671,1,0.0000
778,-0.1825,-0.5998,1.3484,0.8012,0.0671,1,0.0000
779,-0.1823,-0.5998,1.4154,0.8666,0.0671,1,0.0000
780,-0.1821,-0.5999,1.4825,0.9322,0.0671,1,0.0000
781,-0.1819,-0.5999,1.5495,0.9980,0.0671,1,0.0000
782,-0.1817,-0.5999,1.6166,1.0640,0.0671,1,0.0000
783,-0.1815,-0.5999,1.6837,1.1301,0.0671,1,0.0000
784,-0.1813,-0.6000,1.7507,1.1963,0.0671,1,0.0000
785,-0.1811,-0.6000,1.8178,1.2625,0.0671,1,0.0000
786,-0.1809,-0.6000,1.8849,1.3289,0.0671,1,0.0000
787,-0.1807,-0.6000,1.9519,1.3953,0.0671,1,0.0000
788,-0.1805,-0.6000,2.0190,1.4618,0.0671,1,0.0000
789,-0.1803,-0.6000,2.0861,1.5284,0.0671,1,0.0000
790,-0.1800,-0.6001,2.1531,1.5950,0.0671,1,0.0001
791,-0.1798,-0.6001,2.2202,1.6616,0.0671,1,0.0001
792,-0.1796,-0.6001,2.2873,1.7282,0.0671,1,0.0001
793,-0.1794,-0.6001,2.3543,1.7949,0.0671,1,0.0001
794,-0.1791,-0.6001,2.4214,1.8616,0.0671,1,0.0001
795,-0.1789,-0.6001,2.4884,1.9284,0.0671,1,0.0001
796,-0.1787,-0.6001,2.5555,1.9951,0.0671,1,0.0001
797,-0.1783,-0.6001,2.4892,1.9291,0.0663,1,0.0001
798,-0.1780,-0.6001,2.4230,1.8631,0.0663,1,0.0001
799,-0.1776,-0.6001,2.3567,1.7971,0.0663,1,0.0001
800,-0.1773,-0.6000,2.2904,1.7312,0.0663,1,0.0000
801,-0.1770,-0.6000,2.2242,1.6652,0.0663,1,0.0000
802,-0.1766,-0.6000,2.1579,1.5993,0.0663,1,0.0000
803,-0.1763,-0.6000,2.0916,1.5334,0.0663,1,0.0000
804,-0.1760,-0.6000,2.0254,1.4676,0.0663,1,0.0000
805,-0.1803,-0.5982,1.9474,1.3908,0.0781,1,0.0000
806,-0.1790,-0.5978,1.8804,1.3242,0.0671,1,0.0000
807,-0.1761,-0.5967,1.8109,1.2550,0.0695,1,0.0000
808,-0.1754,-0.5963,1.7446,1.1893,0.0663,1,0.0000
809,-0.1747,-0.5959,1.6785,1.1238,0.0662,1,0.0000
810,-0.1742,-0.5954,1.6124,1.0585,0.0661,1,0.0000
811,-0.1737,-0.5948,1.5464,0.9933,0.0660,1,0.0000
812,-0.1732,-0.5940,1.4805,0.9285,0.0659,1,0.0000
813,-0.1728,-0.5932,1.4147,0.8638,0.0658,1,0.0000
814,-0.1725,-0.5922,1.3491,0.7995,0.0657,1,0.0000
815,-0.1721,-0.5911,1.2835,0.7356,0.0655,1,0.0000
816,-0.1718,-0.5899,1.2181,0.6721,0.0654,1,0.0000
817,-0.1715,-0.5885,1.1528,0.6091,0.0653,1,0.0000
818,-0.1712,-0.5870,1.0877,0.5468,0.0652,1,0.0000
819,-0.1710,-0.5854,1.0227,0.4853,0.0650,1,0.0000
820,-0.1707,-0.5837,0.9578,0.4251,0.0649,1,0.0000
821,-0.1705,-0.5820,0.8931,0.3666,0.0647,1,0.0000
822,-0.1702,-0.5801,0.8285,0.3108,0.0646,1,0.0000
823,-0.1700,-0.5782,0.7641,0.2591,0.0645,1,0.0000
824,-0.1698,-0.5772,0.6993,0.2143,0.0648,1,0.0000
825,-0.1697,-0.5763,0.6352,0.1823,0.0642,1,0.0000
826,-0.1695,-0.5781,0.5712,0.1696,0.0640,1,0.0000
827,-0.1694,-0.5802,0.5073,0.1802,0.0639,1,0.0000
828,-0.1693,-0.5824,0.4436,0.2105,0.0638,1,0.0000
829,-0.1692,-0.5846,0.3799,0.2535,0.0637,1,0.0000
830,-0.1690,-0.5868,0.3162,0.3039,0.0637,1,0.0000
831,-0.1689,-0.5888,0.2526,0.3585,0.0637,1,0.0000
832,-0.1687,-0.5908,0.1889,0.4157,0.0637,1,0.0000
833,-0.1686,-0.5927,0.1252,0.4745,0.0637,1,0.0000
834,-0.1684,-0.5943,0.0615,0.5346,0.0638,1,0.0000
835,-0.1683,-0.5958,-0.0023,0.5954,0.0638,1,0.0000
836,-0.1681,-0.5971,-0.0661,0.6569,0.0639,1,0.0000
837,-0.1680,-0.5983,-0.1300,0.7188,0.0639,1,0.0000
838,-0.1678,-0.5992,-0.1940,0.7811,0.0640,1,0.0000
839,-0.1676,-0.6000,-0.2580,0.8437,0.0640,1,0.0000
840,-0.1675,-0.6005,-0.3221,0.9065,0.0641,1,0.0005
841,-0.1673,-0.6010,-0.3862,0.9695,0.0641,1,0.0010
842,-0.1672,-0.6013,-0.4503,1.0327,0.0641,1,0.0013
843,-0.1670,-0.6014,-0.5145,1.0961,0.0642,1,0.0014
844,-0.1669,-0.5999,-0.5787,1.1595,0.0642,1,0.0000
845,-0.1667,-0.5980,-0.6429,1.2230,0.0643,1,0.0000
846,-0.1666,-0.5962,-0.7072,1.2867,0.0643,1,0.0000
847,-0.1664,-0.5944,-0.7716,1.3505,0.0644,1,0.0000
848,-0.1663,-0.5929,-0.8365,1.4149,0.0649,1,0.0000
849,-0.1663,-0.5915,-0.9015,1.4794,0.0650,1,0.0000
850,-0.1662,-0.5901,-0.9665,1.5441,0.0651,1,0.0000
851,-0.1662,-0.5888,-1.0317,1.6089,0.0652,1,0.0000
852,-0.1661,-0.5876,-1.0969,1.6738,0.0653,1,0.0000
853,-0.1661,-0.5864,-1.1623,1.7388,0.0654,1,0.0000
854,-0.1660,-0.5854,-1.2278,1.8040,0.0655,1,0.0000
855,-0.1660,-0.5844,-1.2934,1.8693,0.0656,1,0.0000
856,-0.1660,-0.5835,-1.3591,1.9348,0.0657,1,0.0000
857,-0.1659,-0.5827,-1.4250,2.0004,0.0659,1,0.0000
858,-0.1659,-0.5819,-1.4910,2.0662,0.0660,1,0.0000
859,-0.1659,-0.5813,-1.5571,2.1321,0.0661,1,0.0000
860,-0.1658,-0.5807,-1.6234,2.1982,0.0663,1,0.0000
861,-0.1658,-0.5802,-1.6898,2.2644,0.0664,1,0.0000
862,-0.1658,-0.5797,-1.7564,2.3308,0.0665,1,0.0000
863,-0.1658,-0.5792,-1.8230,2.3972,0.0666,1,0.0000
864,-0.1657,-0.5787,-1.8896,2.4637,0.0667,1,0.0000
865,-0.1657,-0.5782,-1.9564,2.5303,0.0667,1,0.0000
866,-0.1657,-0.5778,-2.0236,2.5974,0.0673,1,0.0000
867,-0.1657,-0.5773,-2.0909,2.6646,0.0673,1,0.0000
868,-0.1657,-0.5768,-2.1583,2.7318,0.0673,1,0.0000
869,-0.1657,-0.5763,-2.2256,2.7991,0.0674,1,0.0000
870,-0.1656,-0.5757,-2.2930,2.8663,0.0674,1,0.0000
871,-0.1656,-0.5760,-2.3604,2.9336,0.0674,1,0.0000
872,-0.1656,-0.5744,-2.4277,3.0008,0.0673,1,0.0000
873,-0.1656,-0.5742,-2.4950,3.0680,0.0673,1,0.0000
874,-0.1656,-0.5734,-2.5623,3.1352,0.0673,1,0.0000
875,-0.1656,-0.5736,-2.4974,3.0704,0.0649,1,0.0000
876,-0.1656,-0.5741,-2.4327,3.0058,0.0647,1,0.0000
877,-0.1656,-0.5746,-2.3682,2.9414,0.0645,1,0.0000
878,-0.1656,-0.5751,-2.3040,2.8772,0.0643,1,0.0000
879,-0.1656,-0.5756,-2.2399,2.8133,0.0640,1,0.0000
880,-0.1656,-0.5760,-2.1762,2.7497,0.0638,1,0.0000
881,-0.1656,-0.5763,-2.1126,2.6863,0.0635,1,0.0000
882,-0.1656,-0.5767,-2.0494,2.6232,0.0632,1,0.0000
883,-0.1656,-0.5770,-1.9865,2.5603,0.0630,1,0.0000
884,-0.1656,-0.5772,-1.9238,2.4978,0.0627,1,0.0000
885,-0.1656,-0.5774,-1.8615,2.4356,0.0623,1,0.0000
886,-0.1656,-0.5776,-1.7994,2.3738,0.0620,1,0.0000
887,-0.1656,-0.5778,-1.7378,2.3122,0.0617,1,0.0000
888,-0.1656,-0.5779,-1.6764,2.2511,0.0613,1,0.0000
889,-0.1670,-0.6451,-1.6885,2.2642,0.0683,1,0.0451
890,-0.1687,-0.6435,-1.6305,2.2065,0.0580,1,0.0435
891,-0.1692,-0.6394,-1.5698,2.1459,0.0609,1,0.0394
892,-0.1696,-0.6352,-1.5086,2.0848,0.0614,1,0.0352
893,-0.1698,-0.6310,-1.4471,2.0234,0.0616,1,0.0310
894,-0.1698,-0.6268,-1.3853,1.9618,0.0619,1,0.0268
895,-0.1698,-0.6225,-1.3231,1.8998,0.0623,1,0.0225
896,-0.1698,-0.6180,-1.2606,1.8374,0.0627,1,0.0180
897,-0.1698,-0.6134,-1.1976,1.7747,0.0631,1,0.0134
898,-0.1698,-0.6087,-1.1343,1.7116,0.0635,1,0.0087
899,-0.1698,-0.6038,-1.0707,1.6482,0.0638,1,0.0038
900,-0.1694,-0.5988,-1.0064,1.5841,0.0645,1,0.0000
901,-0.1684,-0.5948,-0.9411,1.5191,0.0654,1,0.0000
902,-0.1677,-0.5908,-0.8756,1.4539,0.0657,1,0.0000
903,-0.1671,-0.5866,-0.8098,1.3884,0.0659,1,0.0000
904,-0.1667,-0.5822,-0.7435,1.3226,0.0664,1,0.0000
905,-0.1664,-0.5793,-0.6764,1.2560,0.0672,1,0.0000
906,-0.1677,-0.5833,-0.6182,1.1985,0.0584,1,0.0000
907,-0.1674,-0.6004,-0.5666,1.1477,0.0543,1,0.0004
908,-0.1671,-0.6013,-0.5019,1.0836,0.0647,1,0.0013
909,-0.1670,-0.6001,-0.4351,1.0176,0.0668,1,0.0001
910,-0.1669,-0.5989,-0.3683,0.9518,0.0668,1,0.0000
911,-0.1669,-0.5975,-0.3015,0.8861,0.0668,1,0.0000
912,-0.1668,-0.5960,-0.2347,0.8206,0.0668,1,0.0000
913,-0.1668,-0.5944,-0.1680,0.7554,0.0667,1,0.0000
914,-0.1667,-0.5929,-0.1016,0.6907,0.0665,1,0.0000
915,-0.1667,-0.5914,-0.0351,0.6264,0.0665,1,0.0000
916,-0.1666,-0.5899,0.0314,0.5625,0.0665,1,0.0000
917,-0.1666,-0.5883,0.0979,0.4993,0.0665,1,0.0000
918,-0.1665,-0.5867,0.1644,0.4372,0.0665,1,0.0000
919,-0.1664,-0.5851,0.2309,0.3765,0.0665,1,0.0000
920,-0.1664,-0.5846,0.2972,0.3184,0.0663,1,0.0000
921,-0.1665,-0.5826,0.3631,0.2644,0.0660,1,0.0000
922,-0.1664,-0.5807,0.4296,0.2168,0.0665,1,0.0000
923,-0.1664,-0.5800,0.4966,0.1812,0.0670,1,0.0000
924,-0.1663,-0.5823,0.5636,0.1665,0.0670,1,0.0000
925,-0.1663,-0.5819,0.6305,0.1775,0.0669,1,0.0000
926,-0.1662,-0.5838,0.6974,0.2104,0.0669,1,0.0000
927,-0.1662,-0.5855,0.7642,0.2569,0.0669,1,0.0000
928,-0.1661,-0.5869,0.8310,0.3108,0.0668,1,0.0000
929,-0.1660,-0.5896,0.8980,0.3692,0.0671,1,0.0000
930,-0.1660,-0.5905,0.9648,0.4299,0.0668,1,0.0000
931,-0.1659,-0.5928,1.0318,0.4923,0.0670,1,0.0000
932,-0.1658,-0.5948,1.0988,0.5559,0.0670,1,0.0000
933,-0.1657,-0.5965,1.1657,0.6201,0.0670,1,0.0000
934,-0.1657,-0.5981,1.2327,0.6849,0.0670,1,0.0000
935,-0.1656,-0.5994,1.2997,0.7500,0.0670,1,0.0000
936,-0.1655,-0.6005,1.3667,0.8155,0.0670,1,0.0005
937,-0.1655,-0.6015,1.4337,0.8811,0.0670,1,0.0015
938,-0.1654,-0.6023,1.5006,0.9470,0.0670,1,0.0023
939,-0.1654,-0.6014,1.5674,1.0128,0.0668,1,0.0014
940,-0.1653,-0.6031,1.6346,1.0791,0.0672,1,0.0031
941,-0.1653,-0.6020,1.7014,1.1451,0.0668,1,0.0020
942,-0.1652,-0.6024,1.7684,1.2115,0.0670,1,0.0024
943,-0.1652,-0.6027,1.8354,1.2779,0.0670,1,0.0027
944,-0.1651,-0.6014,1.9023,1.3441,0.0668,1,0.0014
945,-0.1651,-0.6017,1.9693,1.4107,0.0670,1,0.0017
946,-0.1650,-0.6019,2.0363,1.4773,0.0670,1,0.0019
947,-0.1650,-0.6006,2.1032,1.5437,0.0669,1,0.0006
948,-0.1649,-0.6009,2.1702,1.6104,0.0670,1,0.0009
949,-0.1649,-0.5997,2.2371,1.6768,0.0669,1,0.0000
950,-0.1649,-0.5985,2.3039,1.7434,0.0669,1,0.0000
951,-0.1648,-0.5989,2.3710,1.8102,0.0671,1,0.0000
952,-0.1648,-0.5981,2.4379,1.8767,0.0669,1,0.0000
953,-0.1647,-0.5989,2.5050,1.9436,0.0671,1,0.0000
954,-0.1646,-0.5984,2.4408,1.8797,0.0641,1,0.0000
955,-0.1646,-0.5983,2.3766,1.8157,0.0642,1,0.0000
956,-0.1644,-0.5983,2.3124,1.7517,0.0642,1,0.0000
957,-0.1643,-0.5983,2.2481,1.6877,0.0643,1,0.0000
958,-0.1642,-0.5984,2.1837,1.6236,0.0644,1,0.0000
959,-0.1642,-0.5985,2.1193,1.5595,0.0644,1,0.0000
960,-0.1641,-0.5986,2.0547,1.4954,0.0645,1,0.0000
961,-0.1640,-0.5988,1.9901,1.4312,0.0646,1,0.0000
962,-0.1639,-0.5991,1.9254,1.3669,0.0647,1,0.0000
963,-0.1638,-0.5994,1.8605,1.3026,0.0648,1,0.0000
964,-0.1637,-0.5998,1.7956,1.2382,0.0649,1,0.0000
965,-0.1636,-0.6003,1.7306,1.1737,0.0650,1,0.0003
966,-0.1635,-0.6008,1.6655,1.1093,0.0651,1,0.0008
967,-0.1634,-0.6015,1.6002,1.0448,0.0652,1,0.0015
968,-0.1634,-0.6022,1.5349,0.9804,0.0653,1,0.0022
969,-0.1633,-0.6027,1.4695,0.9160,0.0654,1,0.0027
970,-0.1632,-0.6030,1.4038,0.8515,0.0656,1,0.0030
971,-0.1632,-0.6033,1.3382,0.7872,0.0657,1,0.0033
972,-0.1631,-0.6036,1.2724,0.7230,0.0657,1,0.0036
973,-0.1630,-0.6040,1.2066,0.6591,0.0658,1,0.0040
974,-0.1629,-0.6044,1.1407,0.5956,0.0659,1,0.0044
975,-0.1629,-0.6049,1.0748,0.5325,0.0659,1,0.0049
976,-0.1628,-0.6055,1.0088,0.4703,0.0660,1,0.0055
977,-0.1627,-0.6061,0.9427,0.4091,0.0661,1,0.0061
978,-0.1626,-0.6068,0.8766,0.3497,0.0661,1,0.0068
979,-0.1626,-0.6076,0.8105,0.2931,0.0662,1,0.0076
980,-0.1625,-0.6085,0.7442,0.2414,0.0662,1,0.0085
981,-0.1624,-0.6095,0.6780,0.1986,0.0662,1,0.0095
982,-0.1624,-0.6104,0.6118,0.1713,0.0663,1,0.0104
983,-0.1623,-0.6112,0.5456,0.1674,0.0661,1,0.0112
984,-0.1622,-0.6116,0.4797,0.1881,0.0660,1,0.0116
985,-0.1621,-0.6101,0.4137,0.2266,0.0659,1,0.0101
986,-0.1620,-0.6105,0.3478,0.2759,0.0659,1,0.0105
987,-0.1619,-0.6096,0.2819,0.3308,0.0659,1,0.0096
988,-0.1618,-0.6091,0.2161,0.3892,0.0658,1,0.0091
989,-0.1618,-0.6083,0.1503,0.4495,0.0658,1,0.0083
990,-0.1617,-0.6072,0.0845,0.5112,0.0658,1,0.0072
991,-0.1616,-0.6058,0.0186,0.5739,0.0659,1,0.0058
992,-0.1616,-0.6058,-0.0475,0.6375,0.0661,1,0.0058
993,-0.1615,-0.6058,-0.1134,0.7014,0.0659,1,0.0058
994,-0.1614,-0.6043,-0.1791,0.7654,0.0657,1,0.0043
995,-0.1613,-0.6043,-0.2450,0.8298,0.0659,1,0.0043
996,-0.1613,-0.6042,-0.3109,0.8945,0.0659,1,0.0042
997,-0.1612,-0.6053,-0.3770,0.9596,0.0661,1,0.0053
998,-0.1611,-0.6051,-0.4429,1.0245,0.0659,1,0.0051
999,-0.1611,-0.6047,-0.5086,1.0895,0.0658,1,0.0047
1000,-0.1610,-0.6044,-0.5744,1.1546,0.0658,1,0.0044
1001,-0.1609,-0.6040,-0.6402,1.2197,0.0658,1,0.0040
1002,-0.1609,-0.6023,-0.7058,1.2847,0.0656,1,0.0023
1003,-0.1608,-0.6018,-0.7716,1.3499,0.0658,1,0.0018
1004,-0.1607,-0.6012,-0.8373,1.4152,0.0657,1,0.0012
1005,-0.1606,-0.6007,-0.9031,1.4805,0.0658,1,0.0007
1006,-0.1605,-0.5992,-0.9687,1.5457,0.0656,1,0.0000
1007,-0.1605,-0.5991,-1.0345,1.6112,0.0658,1,0.0000
1008,-0.1604,-0.5980,-1.1001,1.6765,0.0657,1,0.0000
1009,-0.1603,-0.5971,-1.1658,1.7418,0.0657,1,0.0000
1010,-0.1602,-0.5964,-1.2314,1.8072,0.0657,1,0.0000
1011,-0.1601,-0.5959,-1.2971,1.8726,0.0657,1,0.0000
1012,-0.1601,-0.5956,-1.3628,1.9381,0.0657,1,0.0000
1013,-0.1600,-0.5955,-1.4285,2.0035,0.0657,1,0.0000
1014,-0.1599,-0.5956,-1.4943,2.0691,0.0657,1,0.0000
1015,-0.1598,-0.5942,-1.5598,2.1344,0.0656,1,0.0000
1016,-0.1597,-0.5945,-1.6256,2.2000,0.0658,1,0.0000
1017,-0.1596,-0.5949,-1.6913,2.2656,0.0658,1,0.0000
1018,-0.1711,-0.5956,-1.7629,2.3378,0.0725,1,0.0000
1019,-0.1807,-0.5975,-1.8344,2.4098,0.0721,1,0.0000
1020,-0.1890,-0.5978,-1.9054,2.4812,0.0715,1,0.0000
1021,-0.1962,-0.5994,-1.9765,2.5527,0.0715,1,0.0000
1022,-0.2024,-0.5994,-2.0473,2.6238,0.0711,1,0.0000
1023,-0.2080,-0.5993,-2.1181,2.6947,0.0709,1,0.0000
1024,-0.2129,-0.5991,-2.1887,2.7656,0.0708,1,0.0000
1025,-0.2173,-0.6003,-2.2596,2.8365,0.0710,1,0.0003
1026,-0.2222,-0.6139,-2.3362,2.9134,0.0780,1,0.0139
1027,-0.2254,-0.6149,-2.4070,2.9843,0.0709,1,0.0149
1028,-0.2285,-0.6145,-2.4778,3.0551,0.0709,1,0.0145
1029,-0.2313,-0.6145,-2.5486,3.1259,0.0708,1,0.0145
1030,-0.2325,-0.6137,-2.4881,3.0657,0.0605,1,0.0137
1031,-0.2340,-0.6119,-2.4284,3.0063,0.0597,1,0.0119
1032,-0.2345,-0.6122,-2.3673,2.9454,0.0611,1,0.0122
1033,-0.2350,-0.6123,-2.3061,2.8844,0.0612,1,0.0123
1034,-0.2354,-0.6122,-2.2447,2.8233,0.0613,1,0.0122
1035,-0.2357,-0.6119,-2.1833,2.7621,0.0614,1,0.0119
1036,-0.2360,-0.6115,-2.1217,2.7008,0.0615,1,0.0115
1037,-0.2362,-0.6109,-2.0601,2.6394,0.0616,1,0.0109
1038,-0.2364,-0.6103,-1.9984,2.5780,0.0617,1,0.0103
1039,-0.2365,-0.6095,-1.9366,2.5164,0.0618,1,0.0095
1040,-0.2365,-0.6087,-1.8746,2.4548,0.0619,1,0.0087
1041,-0.2365,-0.6078,-1.8126,2.3930,0.0620,1,0.0078
1042,-0.2365,-0.6068,-1.7505,2.3312,0.0621,1,0.0068
1043,-0.2364,-0.6059,-1.6883,2.2694,0.0622,1,0.0059
1044,-0.2363,-0.6049,-1.6260,2.2074,0.0623,1,0.0049
1045,-0.2361,-0.6040,-1.5637,2.1454,0.0624,1,0.0040
1046,-0.2359,-0.6031,-1.5012,2.0833,0.0624,1,0.0031
1047,-0.2356,-0.6022,-1.4387,2.0212,0.0625,1,0.0022
1048,-0.2353,-0.6014,-1.3762,1.9590,0.0626,1,0.0014
1049,-0.2350,-0.6006,-1.3135,1.8968,0.0626,1,0.0006
1050,-0.2346,-0.5999,-1.2508,1.8345,0.0627,1,0.0000
1051,-0.2342,-0.5992,-1.1880,1.7723,0.0628,1,0.0000
1052,-0.2338,-0.5987,-1.1252,1.7100,0.0628,1,0.0000
1053,-0.2334,-0.5981,-1.0624,1.6476,0.0629,1,0.0000
1054,-0.2329,-0.5977,-0.9994,1.5853,0.0629,1,0.0000
1055,-0.2324,-0.5973,-0.9365,1.5230,0.0630,1,0.0000
1056,-0.2319,-0.5970,-0.8734,1.4606,0.0630,1,0.0000
1057,-0.2314,-0.5967,-0.8104,1.3983,0.0631,1,0.0000
1058,-0.2309,-0.5965,-0.7473,1.3360,0.0631,1,0.0000
1059,-0.2303,-0.5963,-0.6841,1.2738,0.0632,1,0.0000
1060,-0.2297,-0.5962,-0.6209,1.2116,0.0632,1,0.0000
1061,-0.2292,-0.5961,-0.5577,1.1495,0.0632,1,0.0000
1062,-0.2286,-0.5961,-0.4945,1.0875,0.0633,1,0.0000
1063,-0.2280,-0.5961,-0.4312,1.0255,0.0633,1,0.0000
1064,-0.2274,-0.5961,-0.3678,0.9638,0.0633,1,0.0000
1065,-0.2268,-0.5962,-0.3045,0.9022,0.0634,1,0.0000
1066,-0.2261,-0.5963,-0.2411,0.8408,0.0634,1,0.0000
1067,-0.2255,-0.5964,-0.1777,0.7798,0.0634,1,0.0000
1068,-0.2249,-0.5965,-0.1143,0.7191,0.0634,1,0.0000
1069,-0.2243,-0.5966,-0.0508,0.6590,0.0635,1,0.0000
1070,-0.2236,-0.5968,0.0127,0.5995,0.0635,1,0.0000
1071,-0.2230,-0.5969,0.0762,0.5408,0.0635,1,0.0000
1072,-0.2224,-0.5971,0.1398,0.4834,0.0636,1,0.0000
1073,-0.2218,-0.5973,0.2033,0.4277,0.0636,1,0.0000
1074,-0.2212,-0.5974,0.2669,0.3746,0.0636,1,0.0000
1075,-0.2206,-0.5976,0.3305,0.3252,0.0636,1,0.0000
1076,-0.2200,-0.5978,0.3941,0.2815,0.0636,1,0.0000
1077,-0.2194,-0.5980,0.4578,0.2467,0.0636,1,0.0000
1078,-0.2189,-0.5982,0.5217,0.2248,0.0639,1,0.0000
1079,-0.2183,-0.5984,0.5890,0.2203,0.0674,1,0.0000
1080,-0.2179,-0.5986,0.6563,0.2359,0.0673,1,0.0000
1081,-0.2176,-0.5988,0.7235,0.2680,0.0672,1,0.0000
1082,-0.2173,-0.5990,0.7907,0.3115,0.0672,1,0.0000
1083,-0.2171,-0.5991,0.8578,0.3624,0.0671,1,0.0000
1084,-0.2169,-0.5992,0.9249,0.4178,0.0671,1,0.0000
1085,-0.2168,-0.5993,0.9919,0.4762,0.0670,1,0.0000
1086,-0.2167,-0.5993,1.0589,0.5366,0.0670,1,0.0000
1087,-0.2167,-0.5991,1.1222,0.5950,0.0633,1,0.0000
1088,-0.2166,-0.5989,1.1856,0.6543,0.0633,1,0.0000
1089,-0.2164,-0.5989,1.2527,0.7179,0.0671,1,0.0000
1090,-0.2164,-0.5990,1.3197,0.7820,0.0671,1,0.0000
1091,-0.2163,-0.5990,1.3868,0.8466,0.0670,1,0.0000
1092,-0.2162,-0.5990,1.4538,0.9115,0.0670,1,0.0000
1093,-0.2162,-0.5989,1.5208,0.9767,0.0670,1,0.0000
1094,-0.2162,-0.5989,1.5877,1.0421,0.0670,1,0.0000
1095,-0.2161,-0.5988,1.6547,1.1077,0.0670,1,0.0000
1096,-0.2161,-0.5987,1.7216,1.1734,0.0669,1,0.0000
1097,-0.2161,-0.5986,1.7886,1.2392,0.0669,1,0.0000
1098,-0.2161,-0.5981,1.8518,1.3015,0.0632,1,0.0000
1099,-0.2161,-0.5976,1.9151,1.3640,0.0633,1,0.0000
1100,-0.2161,-0.5978,1.9822,1.4303,0.0671,1,0.0000
1101,-0.2161,-0.5979,2.0493,1.4966,0.0671,1,0.0000
1102,-0.2161,-0.5981,2.1163,1.5629,0.0670,1,0.0000
1103,-0.2160,-0.5982,2.1833,1.6293,0.0670,1,0.0000
1104,-0.2160,-0.5983,2.2503,1.6958,0.0670,1,0.0000
1105,-0.2160,-0.5983,2.3173,1.7622,0.0670,1,0.0000
1106,-0.2160,-0.5983,2.3843,1.8287,0.0670,1,0.0000
1107,-0.2160,-0.5983,2.4513,1.8952,0.0670,1,0.0000
1108,-0.2160,-0.5983,2.5183,1.9618,0.0670,1,0.0000
1109,-0.2161,-0.5983,2.4520,1.8960,0.0663,1,0.0000
1110,-0.2161,-0.5977,2.3820,1.8265,0.0700,1,0.0000
1111,-0.2163,-0.5973,2.3121,1.7571,0.0699,1,0.0000
1112,-0.2164,-0.5976,2.2460,1.6915,0.0661,1,0.0000
1113,-0.2165,-0.5979,2.1799,1.6259,0.0662,1,0.0000
1114,-0.2166,-0.5981,2.1137,1.5604,0.0662,1,0.0000
1115,-0.2167,-0.5982,2.0475,1.4949,0.0662,1,0.0000
1116,-0.2168,-0.5983,1.9813,1.4295,0.0662,1,0.0000
1117,-0.2169,-0.5984,1.9150,1.3641,0.0662,1,0.0000
1118,-0.2170,-0.5984,1.8488,1.2987,0.0662,1,0.0000
1119,-0.2172,-0.5984,1.7826,1.2335,0.0662,1,0.0000
1120,-0.2173,-0.5984,1.7163,1.1684,0.0662,1,0.0000
1121,-0.2174,-0.5984,1.6501,1.1034,0.0663,1,0.0000
1122,-0.2176,-0.5980,1.5801,1.0349,0.0700,1,0.0000
1123,-0.2177,-0.5978,1.5102,0.9667,0.0699,1,0.0000
1124,-0.2178,-0.5980,1.4441,0.9025,0.0661,1,0.0000
1125,-0.2179,-0.5981,1.3779,0.8385,0.0662,1,0.0000
1126,-0.2180,-0.5983,1.3118,0.7748,0.0662,1,0.0000
1127,-0.2181,-0.5983,1.2456,0.7116,0.0662,1,0.0000
1128,-0.2182,-0.5984,1.1794,0.6490,0.0662,1,0.0000
1129,-0.2183,-0.5984,1.1132,0.5872,0.0662,1,0.0000
1130,-0.2184,-0.5984,1.0469,0.5264,0.0662,1,0.0000
1131,-0.2186,-0.5984,0.9807,0.4671,0.0662,1,0.0000
1132,-0.2187,-0.5984,0.9145,0.4099,0.0662,1,0.0000
1133,-0.2189,-0.5984,0.8482,0.3558,0.0662,1,0.0000
1134,-0.2191,-0.5982,0.7783,0.3041,0.0699,1,0.0000
1135,-0.2192,-0.5982,0.7084,0.2609,0.0699,1,0.0000
1136,-0.2192,-0.5983,0.6423,0.2323,0.0661,1,0.0000
1137,-0.2193,-0.5984,0.5761,0.2205,0.0661,1,0.0000
1138,-0.2194,-0.5984,0.5100,0.2281,0.0662,1,0.0000
1139,-0.2195,-0.5984,0.4438,0.2533,0.0662,1,0.0000
1140,-0.2196,-0.5984,0.3776,0.2918,0.0662,1,0.0000
1141,-0.2197,-0.5984,0.3114,0.3389,0.0662,1,0.0000
1142,-0.2199,-0.5984,0.2452,0.3916,0.0662,1,0.0000
1143,-0.2201,-0.5984,0.1790,0.4479,0.0662,1,0.0000
1144,-0.2203,-0.5984,0.1127,0.5067,0.0662,1,0.0000
1145,-0.2205,-0.5985,0.0428,0.5705,0.0699,1,0.0000
1146,-0.2206,-0.5986,-0.0271,0.6355,0.0699,1,0.0000
1147,-0.2205,-0.5986,-0.0932,0.6978,0.0661,1,0.0000
1148,-0.2206,-0.5985,-0.1593,0.7608,0.0661,1,0.0000
1149,-0.2206,-0.5985,-0.2254,0.8243,0.0662,1,0.0000
1150,-0.2207,-0.5985,-0.2916,0.8883,0.0662,1,0.0000
1151,-0.2208,-0.5984,-0.3578,0.9525,0.0662,1,0.0000
1152,-0.2210,-0.5984,-0.4240,1.0170,0.0662,1,0.0000
1153,-0.2211,-0.5984,-0.4902,1.0818,0.0662,1,0.0000
1154,-0.2213,-0.5983,-0.5564,1.1467,0.0662,1,0.0000
1155,-0.2216,-0.5983,-0.6226,1.2118,0.0662,1,0.0000
1156,-0.2218,-0.5983,-0.6888,1.2770,0.0662,1,0.0000
1157,-0.2221,-0.5983,-0.7551,1.3423,0.0662,1,0.0000
1158,-0.2223,-0.5983,-0.8213,1.4077,0.0662,1,0.0000
1159,-0.2226,-0.5983,-0.8876,1.4732,0.0663,1,0.0000
1160,-0.2229,-0.5983,-0.9538,1.5387,0.0662,1,0.0000
1161,-0.2232,-0.5983,-1.0201,1.6043,0.0663,1,0.0000
1162,-0.2236,-0.5984,-1.0863,1.6700,0.0662,1,0.0000
1163,-0.2239,-0.5984,-1.1526,1.7357,0.0663,1,0.0000
1164,-0.2243,-0.5984,-1.2188,1.8015,0.0663,1,0.0000
1165,-0.2246,-0.5984,-1.2851,1.8673,0.0663,1,0.0000
1166,-0.2250,-0.5985,-1.3513,1.9331,0.0663,1,0.0000
1167,-0.2254,-0.5985,-1.4176,1.9990,0.0663,1,0.0000
1168,-0.2257,-0.5985,-1.4838,2.0648,0.0663,1,0.0000
1169,-0.2261,-0.5985,-1.5501,2.1307,0.0662,1,0.0000
1170,-0.2265,-0.5986,-1.6163,2.1967,0.0663,1,0.0000
1171,-0.2270,-0.5986,-1.6826,2.2626,0.0662,1,0.0000
1172,-0.2274,-0.5986,-1.7489,2.3286,0.0663,1,0.0000
1173,-0.2278,-0.5987,-1.8152,2.3946,0.0663,1,0.0000
1174,-0.2282,-0.5987,-1.8815,2.4607,0.0663,1,0.0000
1175,-0.2286,-0.5988,-1.9478,2.5267,0.0663,1,0.0000
1176,-0.2291,-0.5988,-2.0140,2.5928,0.0663,1,0.0000
1177,-0.2295,-0.5988,-2.0803,2.6589,0.0663,1,0.0000
1178,-0.2299,-0.5989,-2.1466,2.7250,0.0663,1,0.0000
1179,-0.2304,-0.5989,-2.2129,2.7911,0.0663,1,0.0000
1180,-0.2308,-0.5989,-2.2792,2.8572,0.0663,1,0.0000
1181,-0.2313,-0.5990,-2.3455,2.9233,0.0663,1,0.0000
1182,-0.2317,-0.5990,-2.4118,2.9894,0.0663,1,0.0000
1183,-0.2322,-0.5990,-2.4781,3.0555,0.0663,1,0.0000
1184,-0.2327,-0.5991,-2.5444,3.1217,0.0663,1,0.0000
1185,-0.2329,-0.5991,-2.4774,3.0549,0.0670,1,0.0000
1186,-0.2331,-0.5991,-2.4104,2.9881,0.0670,1,0.0000
1187,-0.2332,-0.5991,-2.3434,2.9213,0.0670,1,0.0000
1188,-0.2334,-0.5991,-2.2764,2.8545,0.0670,1,0.0000
1189,-0.2336,-0.5991,-2.2093,2.7878,0.0670,1,0.0000
1190,-0.2337,-0.5991,-2.1423,2.7210,0.0670,1,0.0000
1191,-0.2339,-0.5991,-2.0753,2.6543,0.0670,1,0.0000
1192,-0.2340,-0.5991,-2.0083,2.5875,0.0670,1,0.0000
1193,-0.2342,-0.5991,-1.9413,2.5208,0.0670,1,0.0000
1194,-0.2343,-0.5991,-1.8743,2.4541,0.0670,1,0.0000
1195,-0.2345,-0.5991,-1.8072,2.3874,0.0670,1,0.0000
1196,-0.2346,-0.5990,-1.7402,2.3207,0.0670,1,0.0000
1197,-0.2347,-0.5990,-1.6732,2.2541,0.0670,1,0.0000
1198,-0.2348,-0.5990,-1.6062,2.1874,0.0670,1,0.0000
1199,-0.2349,-0.5990,-1.5391,2.1208,0.0670,1,0.0000
1200,-0.2350,-0.5989,-1.4721,2.0543,0.0670,1,0.0000
1201,-0.2351,-0.5989,-1.4051,1.9877,0.0670,1,0.0000
1202,-0.2352,-0.5989,-1.3381,1.9212,0.0670,1,0.0000
1203,-0.2353,-0.5989,-1.2710,1.8547,0.0670,1,0.0000
1204,-0.2354,-0.5988,-1.2040,1.7882,0.0670,1,0.0000
1205,-0.2355,-0.5988,-1.1370,1.7218,0.0670,1,0.0000
1206,-0.2356,-0.5988,-1.0699,1.6554,0.0670,1,0.0000
1207,-0.2356,-0.5988,-1.0029,1.5891,0.0670,1,0.0000
1208,-0.2357,-0.5987,-0.9358,1.5229,0.0670,1,0.0000
1209,-0.2358,-0.5987,-0.8688,1.4567,0.0670,1,0.0000
1210,-0.2358,-0.5987,-0.8017,1.3906,0.0670,1,0.0000
1211,-0.2359,-0.5987,-0.7347,1.3246,0.0670,1,0.0000
1212,-0.2359,-0.5986,-0.6677,1.2587,0.0670,1,0.0000
1213,-0.2359,-0.5986,-0.6006,1.1929,0.0671,1,0.0000
1214,-0.2360,-0.5986,-0.5336,1.1273,0.0670,1,0.0000
1215,-0.2360,-0.5986,-0.4665,1.0618,0.0671,1,0.0000
1216,-0.2360,-0.5985,-0.3995,0.9966,0.0670,1,0.0000
1217,-0.2361,-0.5985,-0.3324,0.9316,0.0671,1,0.0000
1218,-0.2361,-0.5985,-0.2653,0.8669,0.0671,1,0.0000
1219,-0.2361,-0.5984,-0.1983,0.8026,0.0671,1,0.0000
1220,-0.2361,-0.5984,-0.1312,0.7388,0.0671,1,0.0000
1221,-0.2361,-0.5984,-0.0641,0.6756,0.0671,1,0.0000
1222,-0.2361,-0.5983,0.0029,0.6133,0.0671,1,0.0000
1223,-0.2361,-0.5983,0.0700,0.5520,0.0671,1,0.0000
1224,-0.2361,-0.5983,0.1371,0.4923,0.0671,1,0.0000
1225,-0.2361,-0.5982,0.2042,0.4347,0.0671,1,0.0000
1226,-0.2361,-0.5982,0.2712,0.3802,0.0671,1,0.0000
1227,-0.2361,-0.5982,0.3382,0.3305,0.0670,1,0.0000
1228,-0.2361,-0.5984,0.4053,0.2879,0.0670,1,0.0000
1229,-0.2362,-0.5985,0.4723,0.2559,0.0670,1,0.0000
1230,-0.2362,-0.5987,0.5393,0.2390,0.0670,1,0.0000
1231,-0.2362,-0.5988,0.6063,0.2402,0.0670,1,0.0000
1232,-0.2361,-0.5989,0.6734,0.2593,0.0670,1,0.0000
1233,-0.2361,-0.5991,0.7404,0.2929,0.0670,1,0.0000
1234,-0.2361,-0.5992,0.8074,0.3366,0.0670,1,0.0000
1235,-0.2361,-0.5993,0.8745,0.3871,0.0670,1,0.0000
1236,-0.2360,-0.5994,0.9415,0.4419,0.0670,1,0.0000
1237,-0.2360,-0.5994,1.0085,0.4998,0.0670,1,0.0000
1238,-0.2359,-0.5995,1.0755,0.5597,0.0670,1,0.0000
1239,-0.2359,-0.5995,1.1426,0.6210,0.0670,1,0.0000
1240,-0.2358,-0.5995,1.2096,0.6835,0.0670,1,0.0000
1241,-0.2358,-0.5995,1.2766,0.7467,0.0670,1,0.0000
1242,-0.2357,-0.5995,1.3437,0.8105,0.0670,1,0.0000
1243,-0.2357,-0.5995,1.4107,0.8748,0.0670,1,0.0000
1244,-0.2356,-0.5995,1.4777,0.9395,0.0670,1,0.0000
1245,-0.2356,-0.5995,1.5448,1.0045,0.0670,1,0.0000
1246,-0.2355,-0.5994,1.6118,1.0698,0.0670,1,0.0000
1247,-0.2355,-0.5994,1.6788,1.1352,0.0670,1,0.0000
1248,-0.2354,-0.5994,1.7459,1.2008,0.0670,1,0.0000
1249,-0.2353,-0.5993,1.8129,1.2666,0.0670,1,0.0000
1250,-0.2353,-0.5993,1.8799,1.3325,0.0670,1,0.0000
1251,-0.2352,-0.5992,1.9470,1.3985,0.0670,1,0.0000
1252,-0.2351,-0.5992,2.0140,1.4646,0.0670,1,0.0000
1253,-0.2351,-0.5992,2.0810,1.5308,0.0670,1,0.0000
1254,-0.2350,-0.5991,2.1481,1.5971,0.0670,1,0.0000
1255,-0.2349,-0.5991,2.2151,1.6634,0.0670,1,0.0000
1256,-0.2349,-0.5991,2.2821,1.7298,0.0670,1,0.0000
1257,-0.2348,-0.5991,2.3492,1.7962,0.0670,1,0.0000
1258,-0.2347,-0.5991,2.4162,1.8626,0.0670,1,0.0000
1259,-0.2347,-0.5991,2.4832,1.9292,0.0670,1,0.0000
1260,-0.2346,-0.5990,2.5503,1.9957,0.0670,1,0.0000
1261,-0.2352,-0.5990,2.4840,1.9300,0.0663,1,0.0000
1262,-0.2358,-0.5991,2.4177,1.8643,0.0663,1,0.0000
1263,-0.2364,-0.5991,2.3514,1.7986,0.0663,1,0.0000
1264,-0.2370,-0.5991,2.2851,1.7330,0.0663,1,0.0000
1265,-0.2377,-0.5991,2.2188,1.6675,0.0663,1,0.0000
1266,-0.2383,-0.5991,2.1525,1.6020,0.0663,1,0.0000
1267,-0.2389,-0.5991,2.0862,1.5365,0.0663,1,0.0000
1268,-0.2396,-0.5991,2.0199,1.4712,0.0663,1,0.0000
1269,-0.2403,-0.5991,1.9536,1.4060,0.0663,1,0.0000
1270,-0.2409,-0.5991,1.8873,1.3408,0.0663,1,0.0000
1271,-0.2416,-0.5991,1.8210,1.2758,0.0663,1,0.0000
1272,-0.2423,-0.5991,1.7547,1.2109,0.0663,1,0.0000
1273,-0.2430,-0.5992,1.6884,1.1462,0.0663,1,0.0000
1274,-0.2437,-0.5992,1.6221,1.0816,0.0663,1,0.0000
1275,-0.2444,-0.5992,1.5558,1.0173,0.0663,1,0.0000
1276,-0.2451,-0.5992,1.4895,0.9533,0.0663,1,0.0000
1277,-0.2458,-0.5992,1.4232,0.8896,0.0663,1,0.0000
1278,-0.2466,-0.5992,1.3569,0.8263,0.0663,1,0.0000
1279,-0.2473,-0.5992,1.2906,0.7636,0.0663,1,0.0000
1280,-0.2481,-0.5992,1.2243,0.7015,0.0663,1,0.0000
1281,-0.2488,-0.5992,1.1580,0.6402,0.0663,1,0.0000
1282,-0.2496,-0.5992,1.0916,0.5800,0.0663,1,0.0000
1283,-0.2504,-0.5992,1.0253,0.5214,0.0663,1,0.0000
1284,-0.2512,-0.5992,0.9590,0.4648,0.0663,1,0.0000
1285,-0.2520,-0.5992,0.8927,0.4112,0.0663,1,0.0000
1286,-0.2528,-0.5992,0.8264,0.3618,0.0663,1,0.0000
1287,-0.2535,-0.5992,0.7601,0.3186,0.0663,1,0.0000
1288,-0.2544,-0.5992,0.6938,0.2844,0.0663,1,0.0000
1289,-0.2552,-0.5992,0.6275,0.2628,0.0663,1,0.0000
1290,-0.2560,-0.5992,0.5612,0.2570,0.0663,1,0.0000
1291,-0.2568,-0.5992,0.4949,0.2680,0.0663,1,0.0000
1292,-0.2576,-0.5992,0.4286,0.2940,0.0663,1,0.0000
1293,-0.2584,-0.5993,0.3623,0.3314,0.0663,1,0.0000
1294,-0.2592,-0.5993,0.2960,0.3768,0.0663,1,0.0000
1295,-0.2600,-0.5993,0.2297,0.4277,0.0663,1,0.0000
1296,-0.2608,-0.5993,0.1634,0.4824,0.0663,1,0.0000
1297,-0.2616,-0.5993,0.0971,0.5396,0.0663,1,0.0000
1298,-0.2624,-0.5993,0.0308,0.5988,0.0663,1,0.0000
1299,-0.2633,-0.5993,-0.0355,0.6593,0.0663,1,0.0000
1300,-0.2641,-0.5993,-0.1018,0.7208,0.0663,1,0.0000
1301,-0.2649,-0.5993,-0.1681,0.7832,0.0663,1,0.0000
1302,-0.2657,-0.5993,-0.2344,0.8461,0.0663,1,0.0000
1303,-0.2666,-0.5993,-0.3007,0.9095,0.0663,1,0.0000
1304,-0.2674,-0.5993,-0.3670,0.9733,0.0663,1,0.0000
1305,-0.2682,-0.5993,-0.4333,1.0374,0.0663,1,0.0000
1306,-0.2691,-0.5993,-0.4996,1.1018,0.0663,1,0.0000
1307,-0.2699,-0.5993,-0.5659,1.1663,0.0663,1,0.0000
1308,-0.2707,-0.5993,-0.6322,1.2311,0.0663,1,0.0000
1309,-0.2716,-0.5993,-0.6985,1.2960,0.0663,1,0.0000
1310,-0.2724,-0.5993,-0.7649,1.3611,0.0663,1,0.0000
1311,-0.2733,-0.5993,-0.8312,1.4263,0.0663,1,0.0000
1312,-0.2741,-0.5993,-0.8975,1.4916,0.0663,1,0.0000
1313,-0.2750,-0.5993,-0.9638,1.5569,0.0663,1,0.0000
1314,-0.2759,-0.5994,-1.0301,1.6224,0.0663,1,0.0000
1315,-0.2767,-0.5994,-1.0964,1.6879,0.0663,1,0.0000
1316,-0.2776,-0.5994,-1.1627,1.7535,0.0663,1,0.0000
1317,-0.2785,-0.5994,-1.2290,1.8191,0.0663,1,0.0000
1318,-0.2793,-0.5994,-1.2953,1.8848,0.0663,1,0.0000
1319,-0.2802,-0.5994,-1.3616,1.9505,0.0663,1,0.0000
1320,-0.2811,-0.5994,-1.4279,2.0162,0.0663,1,0.0000
1321,-0.2820,-0.5994,-1.4942,2.0820,0.0663,1,0.0000
1322,-0.2828,-0.5994,-1.5605,2.1479,0.0663,1,0.0000
1323,-0.2837,-0.5994,-1.6268,2.2137,0.0663,1,0.0000
1324,-0.2846,-0.5994,-1.6932,2.2796,0.0663,1,0.0000
1325,-0.2855,-0.5994,-1.7595,2.3455,0.0663,1,0.0000
1326,-0.2864,-0.5994,-1.8258,2.4115,0.0663,1,0.0000
1327,-0.2873,-0.5994,-1.8921,2.4774,0.0663,1,0.0000
1328,-0.2882,-0.5995,-1.9584,2.5434,0.0663,1,0.0000
1329,-0.2891,-0.5995,-2.0247,2.6094,0.0663,1,0.0000
1330,-0.2900,-0.5995,-2.0910,2.6754,0.0663,1,0.0000
1331,-0.2909,-0.5995,-2.1573,2.7414,0.0663,1,0.0000
1332,-0.2918,-0.5995,-2.2237,2.8075,0.0663,1,0.0000
1333,-0.2927,-0.5995,-2.2900,2.8735,0.0663,1,0.0000
1334,-0.2936,-0.5995,-2.3563,2.9396,0.0663,1,0.0000
1335,-0.2945,-0.5995,-2.4226,3.0057,0.0663,1,0.0000
1336,-0.2955,-0.5995,-2.4889,3.0718,0.0663,1,0.0000
1337,-0.2964,-0.5995,-2.5553,3.1379,0.0663,1,0.0000
1338,-0.2965,-0.5995,-2.4883,3.0712,0.0670,1,0.0000
1339,-0.2966,-0.5995,-2.4212,3.0045,0.0670,1,0.0000
1340,-0.2968,-0.5995,-2.3542,2.9379,0.0670,1,0.0000
1341,-0.2969,-0.5995,-2.2872,2.8712,0.0670,1,0.0000
1342,-0.2970,-0.5995,-2.2202,2.8046,0.0670,1,0.0000
1343,-0.2971,-0.5995,-2.1532,2.7380,0.0670,1,0.0000
1344,-0.2973,-0.5995,-2.0862,2.6714,0.0670,1,0.0000
1345,-0.2974,-0.5995,-2.0191,2.6048,0.0670,1,0.0000
1346,-0.2976,-0.5995,-1.9521,2.5383,0.0670,1,0.0000
1347,-0.2977,-0.5995,-1.8851,2.4717,0.0670,1,0.0000
1348,-0.2979,-0.5995,-1.8181,2.4052,0.0670,1,0.0000
1349,-0.2980,-0.5995,-1.7511,2.3388,0.0670,1,0.0000
1350,-0.2982,-0.5995,-1.6840,2.2723,0.0670,1,0.0000
1351,-0.2983,-0.5995,-1.6170,2.2059,0.0670,1,0.0000
1352,-0.2985,-0.5995,-1.5500,2.1395,0.0670,1,0.0000
1353,-0.2987,-0.5995,-1.4829,2.0732,0.0670,1,0.0000
1354,-0.2989,-0.5995,-1.4159,2.0069,0.0670,1,0.0000
1355,-0.2990,-0.5995,-1.3489,1.9407,0.0670,1,0.0000
1356,-0.2992,-0.5995,-1.2819,1.8745,0.0670,1,0.0000
1357,-0.2994,-0.5995,-1.2148,1.8084,0.0670,1,0.0000
1358,-0.2996,-0.5995,-1.1478,1.7424,0.0670,1,0.0000
1359,-0.2998,-0.5995,-1.0808,1.6764,0.0670,1,0.0000
1360,-0.2999,-0.5995,-1.0137,1.6106,0.0670,1,0.0000
1361,-0.3001,-0.5995,-0.9467,1.5448,0.0670,1,0.0000
1362,-0.3002,-0.5995,-0.8796,1.4791,0.0670,1,0.0000
1363,-0.2997,-0.5995,-0.8126,1.4134,0.0670,1,0.0000
1364,-0.2992,-0.5995,-0.7456,1.3479,0.0670,1,0.0000
1365,-0.2987,-0.5995,-0.6785,1.2825,0.0670,1,0.0000
1366,-0.2981,-0.5995,-0.6115,1.2173,0.0670,1,0.0000
1367,-0.2976,-0.5995,-0.5445,1.1523,0.0670,1,0.0000
1368,-0.2971,-0.5995,-0.4774,1.0875,0.0670,1,0.0000
1369,-0.2966,-0.5994,-0.4104,1.0231,0.0670,1,0.0000
1370,-0.2961,-0.5994,-0.3433,0.9590,0.0670,1,0.0000
1371,-0.2955,-0.5994,-0.2763,0.8953,0.0670,1,0.0000
1372,-0.2950,-0.5994,-0.2093,0.8321,0.0670,1,0.0000
1373,-0.2945,-0.5994,-0.1422,0.7696,0.0670,1,0.0000
1374,-0.2939,-0.5994,-0.0752,0.7080,0.0670,1,0.0000
1375,-0.2934,-0.5994,-0.0081,0.6474,0.0670,1,0.0000
1376,-0.2928,-0.5994,0.0589,0.5882,0.0670,1,0.0000
1377,-0.2923,-0.5994,0.1260,0.5309,0.0670,1,0.0000
1378,-0.2917,-0.5994,0.1930,0.4761,0.0670,1,0.0000
1379,-0.2912,-0.5994,0.2600,0.4248,0.0670,1,0.0000
1380,-0.2906,-0.5994,0.3271,0.3785,0.0670,1,0.0000
1381,-0.2901,-0.5994,0.3941,0.3392,0.0670,1,0.0000
1382,-0.2895,-0.5994,0.4612,0.3096,0.0670,1,0.0000
1383,-0.2890,-0.5994,0.5282,0.2926,0.0670,1,0.0000
1384,-0.2884,-0.5994,0.5953,0.2905,0.0670,1,0.0000
1385,-0.2878,-0.5994,0.6623,0.3035,0.0670,1,0.0000
1386,-0.2872,-0.5994,0.7293,0.3300,0.0670,1,0.0000
1387,-0.2867,-0.5994,0.7964,0.3669,0.0670,1,0.0000
1388,-0.2861,-0.5994,0.8634,0.4115,0.0670,1,0.0000
1389,-0.2855,-0.5994,0.9305,0.4615,0.0670,1,0.0000
1390,-0.2849,-0.5994,0.9975,0.5154,0.0670,1,0.0000
1391,-0.2843,-0.5994,1.0645,0.5721,0.0670,1,0.0000
1392,-0.2837,-0.5994,1.1316,0.6309,0.0670,1,0.0000
1393,-0.2828,-0.5993,1.1987,0.6911,0.0672,1,0.0000
1394,-0.2823,-0.5993,1.2659,0.7527,0.0672,1,0.0000
1395,-0.2821,-0.5993,1.3331,0.8152,0.0672,1,0.0000
1396,-0.2823,-0.5993,1.4002,0.8786,0.0672,1,0.0000
1397,-0.2825,-0.5992,1.4674,0.9425,0.0672,1,0.0000
1398,-0.2826,-0.5992,1.5346,1.0068,0.0672,1,0.0000
1399,-0.2829,-0.5992,1.6017,1.0715,0.0672,1,0.0000
1400,-0.2831,-0.5992,1.6689,1.1364,0.0672,1,0.0000
1401,-0.2833,-0.5992,1.7360,1.2016,0.0672,1,0.0000
1402,-0.2835,-0.5992,1.8032,1.2670,0.0672,1,0.0000
1403,-0.2838,-0.5992,1.8703,1.3326,0.0672,1,0.0000
1404,-0.2840,-0.5992,1.9375,1.3983,0.0672,1,0.0000
1405,-0.2843,-0.5993,2.0047,1.4642,0.0672,1,0.0000
1406,-0.2845,-0.5993,2.0718,1.5302,0.0672,1,0.0000
1407,-0.2848,-0.5993,2.1390,1.5962,0.0672,1,0.0000
1408,-0.2850,-0.5993,2.2061,1.6624,0.0672,1,0.0000
1409,-0.2853,-0.5993,2.2733,1.7286,0.0672,1,0.0000
1410,-0.2856,-0.5993,2.3405,1.7949,0.0672,1,0.0000
1411,-0.2859,-0.5993,2.4076,1.8613,0.0672,1,0.0000
1412,-0.2861,-0.5993,2.4748,1.9277,0.0672,1,0.0000
1413,-0.2864,-0.5993,2.5419,1.9942,0.0672,1,0.0000
1414,-0.2874,-0.5994,2.4758,1.9289,0.0662,1,0.0000
1415,-0.2883,-0.5994,2.4096,1.8637,0.0662,1,0.0000
1416,-0.2892,-0.5994,2.3434,1.7985,0.0662,1,0.0000
1417,-0.2902,-0.5994,2.2773,1.7334,0.0662,1,0.0000
1418,-0.2911,-0.5994,2.2111,1.6683,0.0662,1,0.0000
1419,-0.2921,-0.5994,2.1449,1.6034,0.0662,1,0.0000
1420,-0.2930,-0.5994,2.0787,1.5385,0.0662,1,0.0000
1421,-0.2939,-0.5994,2.0126,1.4738,0.0662,1,0.0000
1422,-0.2949,-0.5994,1.9464,1.4093,0.0662,1,0.0000
1423,-0.2958,-0.5994,1.8802,1.3448,0.0662,1,0.0000
1424,-0.2967,-0.5994,1.8140,1.2806,0.0662,1,0.0000
1425,-0.2977,-0.5994,1.7479,1.2165,0.0662,1,0.0000
1426,-0.2986,-0.5994,1.6817,1.1527,0.0662,1,0.0000
1427,-0.2996,-0.5994,1.6155,1.0892,0.0662,1,0.0000
1428,-0.3005,-0.5994,1.5493,1.0261,0.0662,1,0.0000
1429,-0.3014,-0.5994,1.4831,0.9633,0.0662,1,0.0000
1430,-0.3002,-0.5994,1.4177,0.9010,0.0655,1,0.0000
1431,-0.2808,-0.5990,1.3581,0.8383,0.0627,1,0.0000
1432,-0.2817,-0.5994,1.2919,0.7766,0.0662,1,0.0000
1433,-0.2827,-0.5994,1.2257,0.7158,0.0662,1,0.0000
1434,-0.2836,-0.5994,1.1595,0.6559,0.0662,1,0.0000
1435,-0.2839,-0.5994,1.0933,0.5971,0.0662,1,0.0000
1436,-0.2841,-0.5994,1.0272,0.5400,0.0662,1,0.0000
1437,-0.2843,-0.5994,0.9610,0.4851,0.0662,1,0.0000
1438,-0.2845,-0.5994,0.8948,0.4334,0.0662,1,0.0000
1439,-0.2847,-0.5994,0.8286,0.3863,0.0662,1,0.0000
1440,-0.2850,-0.5994,0.7624,0.3454,0.0662,1,0.0000
1441,-0.2853,-0.5994,0.6962,0.3133,0.0662,1,0.0000
1442,-0.2855,-0.5995,0.6300,0.2929,0.0662,1,0.0000
1443,-0.2858,-0.5995,0.5638,0.2867,0.0662,1,0.0000
1444,-0.2861,-0.5995,0.4975,0.2956,0.0662,1,0.0000
1445,-0.2864,-0.5995,0.4313,0.3183,0.0662,1,0.0000
1446,-0.2867,-0.5995,0.3651,0.3522,0.0662,1,0.0000
1447,-0.2869,-0.5995,0.2989,0.3944,0.0662,1,0.0000
1448,-0.2872,-0.5995,0.2327,0.4425,0.0662,1,0.0000
1449,-0.2875,-0.5995,0.1665,0.4948,0.0662,1,0.0000
1450,-0.2878,-0.5995,0.1003,0.5501,0.0662,1,0.0000
1451,-0.2880,-0.5995,0.0341,0.6076,0.0662,1,0.0000
1452,-0.2883,-0.5995,-0.0322,0.6667,0.0662,1,0.0000
1453,-0.2886,-0.5995,-0.0984,0.7270,0.0662,1,0.0000
1454,-0.2888,-0.5995,-0.1646,0.7883,0.0662,1,0.0000
1455,-0.2890,-0.5996,-0.2308,0.8503,0.0662,1,0.0000
1456,-0.2893,-0.5996,-0.2971,0.9129,0.0662,1,0.0000
1457,-0.2895,-0.5996,-0.3633,0.9760,0.0662,1,0.0000
1458,-0.2897,-0.5996,-0.4295,1.0395,0.0662,1,0.0000
1459,-0.2899,-0.5996,-0.4958,1.1033,0.0662,1,0.0000
1460,-0.2901,-0.5996,-0.5620,1.1674,0.0662,1,0.0000
1461,-0.2875,-0.5994,-0.6283,1.2311,0.0664,1,0.0000
1462,-0.2862,-0.5992,-0.6946,1.2953,0.0663,1,0.0000
1463,-0.2851,-0.5991,-0.7608,1.3597,0.0662,1,0.0000
1464,-0.2842,-0.5990,-0.8270,1.4243,0.0662,1,0.0000
1465,-0.2835,-0.5989,-0.8931,1.4890,0.0661,1,0.0000
1466,-0.2829,-0.5989,-0.9592,1.5539,0.0661,1,0.0000
1467,-0.2825,-0.5989,-1.0253,1.6188,0.0661,1,0.0000
1468,-0.2822,-0.5989,-1.0914,1.6839,0.0661,1,0.0000
1469,-0.2819,-0.5989,-1.1575,1.7490,0.0661,1,0.0000
1470,-0.2817,-0.5990,-1.2235,1.8142,0.0661,1,0.0000
1471,-0.2815,-0.5990,-1.2896,1.8795,0.0661,1,0.0000
1472,-0.2814,-0.5991,-1.3557,1.9448,0.0661,1,0.0000
1473,-0.2813,-0.5991,-1.4217,2.0102,0.0661,1,0.0000
1474,-0.2813,-0.5992,-1.4878,2.0756,0.0661,1,0.0000
1475,-0.2813,-0.5993,-1.5538,2.1410,0.0661,1,0.0000
1476,-0.2813,-0.5993,-1.6199,2.2065,0.0661,1,0.0000
1477,-0.2813,-0.5994,-1.6859,2.2721,0.0661,1,0.0000
1478,-0.2813,-0.5994,-1.7520,2.3376,0.0661,1,0.0000
1479,-0.2813,-0.5995,-1.8180,2.4032,0.0661,1,0.0000
1480,-0.2814,-0.5996,-1.8841,2.4688,0.0661,1,0.0000
1481,-0.2814,-0.5996,-1.9501,2.5344,0.0661,1,0.0000
1482,-0.2814,-0.5996,-2.0162,2.6001,0.0661,1,0.0000
1483,-0.2815,-0.5997,-2.0823,2.6658,0.0661,1,0.0000
1484,-0.2815,-0.5997,-2.1483,2.7315,0.0661,1,0.0000
1485,-0.2816,-0.5997,-2.2144,2.7972,0.0661,1,0.0000
1486,-0.2816,-0.5998,-2.2804,2.8629,0.0661,1,0.0000
1487,-0.2817,-0.5998,-2.3465,2.9287,0.0661,1,0.0000
1488,-0.2817,-0.5998,-2.4126,2.9944,0.0661,1,0.0000
1489,-0.2818,-0.5998,-2.4786,3.0602,0.0661,1,0.0000
1490,-0.2818,-0.5998,-2.5447,3.1260,0.0661,1,0.0000
1491,-0.2818,-0.5998,-2.4774,3.0590,0.0673,1,0.0000
1492,-0.2818,-0.5998,-2.4101,2.9921,0.0673,1,0.0000
1493,-0.2818,-0.5998,-2.3429,2.9251,0.0673,1,0.0000
1494,-0.2819,-0.5998,-2.2756,2.8582,0.0673,1,0.0000
1495,-0.2819,-0.5997,-2.2083,2.7912,0.0673,1,0.0000
1496,-0.2819,-0.5997,-2.1411,2.7243,0.0673,1,0.0000
1497,-0.2819,-0.5997,-2.0738,2.6574,0.0673,1,0.0000
1498,-0.2819,-0.5997,-2.0066,2.5906,0.0673,1,0.0000
1499,-0.2819,-0.5997,-1.9393,2.5237,0.0673,1,0.0000
1500,-0.2819,-0.5997,-1.8720,2.4569,0.0673,1,0.0000
1501,-0.2820,-0.5997,-1.8048,2.3901,0.0673,1,0.0000
1502,-0.2820,-0.5996,-1.7375,2.3233,0.0673,1,0.0000
1503,-0.2820,-0.5996,-1.6703,2.2566,0.0673,1,0.0000
1504,-0.2820,-0.5996,-1.6030,2.1899,0.0673,1,0.0000
1505,-0.2820,-0.5996,-1.5357,2.1232,0.0673,1,0.0000
1506,-0.2820,-0.5996,-1.4685,2.0566,0.0673,1,0.0000
1507,-0.2820,-0.5996,-1.4012,1.9900,0.0673,1,0.0000
1508,-0.2820,-0.5996,-1.3340,1.9234,0.0673,1,0.0000
1509,-0.2821,-0.5996,-1.2667,1.8569,0.0673,1,0.0000
1510,-0.2821,-0.5996,-1.1995,1.7905,0.0672,1,0.0000
1511,-0.2821,-0.5996,-1.1322,1.7241,0.0672,1,0.0000
1512,-0.2821,-0.5996,-1.0650,1.6578,0.0673,1,0.0000
1513,-0.2821,-0.5996,-0.9977,1.5916,0.0672,1,0.0000
1514,-0.2822,-0.5996,-0.9305,1.5255,0.0672,1,0.0000
1515,-0.2822,-0.5996,-0.8632,1.4595,0.0672,1,0.0000
1516,-0.2822,-0.5996,-0.7960,1.3936,0.0672,1,0.0000
1517,-0.2822,-0.5996,-0.7288,1.3278,0.0672,1,0.0000
1518,-0.2822,-0.5996,-0.6615,1.2622,0.0672,1,0.0000
1519,-0.2823,-0.5996,-0.5943,1.1968,0.0672,1,0.0000
1520,-0.2823,-0.5996,-0.5270,1.1316,0.0672,1,0.0000
1521,-0.2823,-0.5996,-0.4598,1.0666,0.0672,1,0.0000
1522,-0.2823,-0.5996,-0.3925,1.0019,0.0672,1,0.0000
1523,-0.2824,-0.5996,-0.3253,0.9376,0.0672,1,0.0000
1524,-0.2824,-0.5996,-0.2581,0.8738,0.0672,1,0.0000
1525,-0.2824,-0.5996,-0.1908,0.8105,0.0672,1,0.0000
1526,-0.2824,-0.5996,-0.1236,0.7479,0.0672,1,0.0000
1527,-0.2825,-0.5996,-0.0564,0.6861,0.0672,1,0.0000
1528,-0.2825,-0.5997,0.0109,0.6255,0.0672,1,0.0000
1529,-0.2825,-0.5997,0.0781,0.5664,0.0672,1,0.0000
1530,-0.2817,-0.5996,0.1451,0.5091,0.0670,1,0.0000
1531,-0.2811,-0.5995,0.2122,0.4544,0.0671,1,0.0000
1532,-0.2806,-0.5995,0.2793,0.4036,0.0671,1,0.0000
1533,-0.2801,-0.5994,0.3464,0.3582,0.0671,1,0.0000
1534,-0.2798,-0.5994,0.4135,0.3206,0.0671,1,0.0000
1535,-0.2794,-0.5994,0.4806,0.2938,0.0671,1,0.0000
1536,-0.2792,-0.5994,0.5478,0.2808,0.0671,1,0.0000
1537,-0.2789,-0.5994,0.6149,0.2836,0.0672,1,0.0000
1538,-0.2787,-0.5994,0.6821,0.3017,0.0672,1,0.0000
1539,-0.2784,-0.5994,0.7492,0.3327,0.0672,1,0.0000
1540,-0.2782,-0.5994,0.8164,0.3733,0.0672,1,0.0000
1541,-0.2780,-0.5995,0.8836,0.4208,0.0672,1,0.0000
1542,-0.2778,-0.5995,0.9508,0.4730,0.0672,1,0.0000
1543,-0.2776,-0.5995,1.0179,0.5287,0.0672,1,0.0000
1544,-0.2774,-0.5995,1.0851,0.5868,0.0672,1,0.0000
1545,-0.2771,-0.5996,1.1523,0.6466,0.0672,1,0.0000
1546,-0.2769,-0.5996,1.2195,0.7078,0.0672,1,0.0000
1547,-0.2767,-0.5996,1.2866,0.7699,0.0672,1,0.0000
1548,-0.2765,-0.5996,1.3538,0.8329,0.0672,1,0.0000
1549,-0.2763,-0.5996,1.4210,0.8964,0.0672,1,0.0000
1550,-0.2761,-0.5997,1.4882,0.9605,0.0672,1,0.0000
1551,-0.2759,-0.5997,1.5553,1.0249,0.0672,1,0.0000
1552,-0.2757,-0.5997,1.6225,1.0897,0.0672,1,0.0000
1553,-0.2755,-0.5997,1.6897,1.1547,0.0672,1,0.0000
1554,-0.2752,-0.5997,1.7569,1.2200,0.0672,1,0.0000
1555,-0.2750,-0.5997,1.8240,1.2855,0.0672,1,0.0000
1556,-0.2748,-0.5997,1.8912,1.3511,0.0672,1,0.0000
1557,-0.2746,-0.5997,1.9584,1.4169,0.0672,1,0.0000
1558,-0.2744,-0.5997,2.0256,1.4828,0.0672,1,0.0000
1559,-0.2742,-0.5997,2.0927,1.5488,0.0672,1,0.0000
1560,-0.2739,-0.5997,2.1599,1.6149,0.0672,1,0.0000
1561,-0.2737,-0.5997,2.2271,1.6811,0.0672,1,0.0000
1562,-0.2735,-0.5997,2.2942,1.7474,0.0672,1,0.0000
1563,-0.2733,-0.5997,2.3614,1.8137,0.0672,1,0.0000
1564,-0.2730,-0.5997,2.4286,1.8801,0.0672,1,0.0000
1565,-0.2728,-0.5997,2.4957,1.9466,0.0672,1,0.0000
1566,-0.2726,-0.5997,2.5629,2.0131,0.0672,1,0.0000
1567,-0.2721,-0.5997,2.4967,1.9475,0.0662,1,0.0000
1568,-0.2717,-0.5997,2.4306,1.8819,0.0662,1,0.0000
1569,-0.2713,-0.5997,2.3644,1.8164,0.0662,1,0.0000
1570,-0.2708,-0.5997,2.2982,1.7509,0.0662,1,0.0000
1571,-0.2704,-0.5997,2.2321,1.6855,0.0662,1,0.0000
1572,-0.2699,-0.5997,2.1659,1.6202,0.0662,1,0.0000
1573,-0.2695,-0.5997,2.0997,1.5549,0.0662,1,0.0000
1574,-0.2690,-0.5997,2.0335,1.4897,0.0662,1,0.0000
1575,-0.2686,-0.5997,1.9674,1.4246,0.0662,1,0.0000
1576,-0.2681,-0.5997,1.9012,1.3595,0.0662,1,0.0000
1577,-0.2677,-0.5997,1.8350,1.2946,0.0662,1,0.0000
1578,-0.2672,-0.5997,1.7688,1.2299,0.0662,1,0.0000
1579,-0.2668,-0.5997,1.7026,1.1653,0.0662,1,0.0000
1580,-0.2663,-0.5997,1.6364,1.1009,0.0662,1,0.0000
1581,-0.2659,-0.5997,1.5703,1.0367,0.0662,1,0.0000
1582,-0.2654,-0.5997,1.5041,0.9727,0.0662,1,0.0000
1583,-0.2649,-0.5997,1.4379,0.9091,0.0662,1,0.0000
1584,-0.2645,-0.5997,1.3717,0.8459,0.0662,1,0.0000
1585,-0.2640,-0.5997,1.3055,0.7832,0.0662,1,0.0000
1586,-0.2635,-0.5997,1.2393,0.7211,0.0662,1,0.0000
1587,-0.2630,-0.5997,1.1731,0.6597,0.0662,1,0.0000
1588,-0.2625,-0.5997,1.1069,0.5994,0.0662,1,0.0000
1589,-0.2620,-0.5997,1.0407,0.5405,0.0662,1,0.0000
1590,-0.2629,-0.5999,0.9746,0.4843,0.0661,1,0.0000
1591,-0.2639,-0.6001,0.9084,0.4309,0.0662,1,0.0001
1592,-0.2650,-0.6002,0.8422,0.3817,0.0662,1,0.0002
1593,-0.2662,-0.6003,0.7760,0.3383,0.0662,1,0.0003
1594,-0.2674,-0.6004,0.7097,0.3033,0.0662,1,0.0004
1595,-0.2686,-0.6004,0.6435,0.2798,0.0663,1,0.0004
1596,-0.2698,-0.6005,0.5772,0.2710,0.0663,1,0.0005
1597,-0.2711,-0.6005,0.5110,0.2781,0.0663,1,0.0005
1598,-0.2724,-0.6004,0.4447,0.3001,0.0663,1,0.0004
1599,-0.2737,-0.6004,0.3784,0.3341,0.0663,1,0.0004
1600,-0.2750,-0.6003,0.3121,0.3767,0.0663,1,0.0003
1601,-0.2763,-0.6003,0.2458,0.4254,0.0663,1,0.0003
1602,-0.2746,-0.6002,0.1795,0.4768,0.0663,1,0.0002
1603,-0.2719,-0.6001,0.1132,0.5308,0.0664,1,0.0001
1604,-0.2695,-0.6001,0.0469,0.5876,0.0664,1,0.0001
1605,-0.2675,-0.6000,-0.0194,0.6464,0.0664,1,0.0000
1606,-0.2658,-0.5999,-0.0858,0.7066,0.0663,1,0.0000
1607,-0.2645,-0.5999,-0.1521,0.7680,0.0663,1,0.0000
1608,-0.2636,-0.5998,-0.2184,0.8302,0.0663,1,0.0000
1609,-0.2630,-0.5998,-0.2847,0.8932,0.0663,1,0.0000
1610,-0.2628,-0.5997,-0.3511,0.9567,0.0663,1,0.0000
1611,-0.2628,-0.5997,-0.4174,1.0206,0.0663,1,0.0000
1612,-0.2631,-0.5997,-0.4837,1.0849,0.0663,1,0.0000
1613,-0.2636,-0.5997,-0.5501,1.1494,0.0663,1,0.0000
1614,-0.2644,-0.5997,-0.6164,1.2143,0.0663,1,0.0000
1615,-0.2653,-0.5997,-0.6827,1.2793,0.0663,1,0.0000
1616,-0.2664,-0.5997,-0.7490,1.3444,0.0663,1,0.0000
1617,-0.2676,-0.5997,-0.8154,1.4097,0.0663,1,0.0000
1618,-0.2689,-0.5997,-0.8817,1.4751,0.0663,1,0.0000
1619,-0.2702,-0.5997,-0.9480,1.5406,0.0663,1,0.0000
1620,-0.2717,-0.5997,-1.0144,1.6062,0.0664,1,0.0000
1621,-0.2732,-0.5998,-1.0807,1.6719,0.0664,1,0.0000
1622,-0.2747,-0.5998,-1.1471,1.7376,0.0664,1,0.0000
1623,-0.2763,-0.5998,-1.2134,1.8034,0.0664,1,0.0000
1624,-0.2779,-0.5998,-1.2798,1.8692,0.0664,1,0.0000
1625,-0.2795,-0.5999,-1.3461,1.9351,0.0664,1,0.0000
1626,-0.2811,-0.5999,-1.4125,2.0010,0.0664,1,0.0000
1627,-0.2896,-0.6006,-1.4799,2.0689,0.0680,1,0.0006
1628,-0.2973,-0.6012,-1.5473,2.1367,0.0678,1,0.0012
1629,-0.3042,-0.6016,-1.6145,2.2043,0.0676,1,0.0016
1630,-0.3105,-0.6019,-1.6818,2.2718,0.0675,1,0.0019
1631,-0.3164,-0.6021,-1.7490,2.3391,0.0675,1,0.0021
1632,-0.3218,-0.6023,-1.8162,2.4065,0.0674,1,0.0023
1633,-0.3269,-0.6023,-1.8834,2.4737,0.0674,1,0.0023
1634,-0.3318,-0.6024,-1.9505,2.5409,0.0673,1,0.0024
1635,-0.3365,-0.6025,-2.0177,2.6081,0.0673,1,0.0025
1636,-0.3410,-0.6025,-2.0849,2.6753,0.0673,1,0.0025
1637,-0.3453,-0.6025,-2.1520,2.7425,0.0673,1,0.0025
1638,-0.3495,-0.6025,-2.2192,2.8097,0.0673,1,0.0025
1639,-0.3536,-0.6025,-2.2864,2.8768,0.0673,1,0.0025
1640,-0.3577,-0.6026,-2.3535,2.9440,0.0673,1,0.0026
1641,-0.3616,-0.6026,-2.4207,3.0111,0.0673,1,0.0026
1642,-0.3655,-0.6026,-2.4879,3.0783,0.0673,1,0.0026
1643,-0.3694,-0.6027,-2.5550,3.1454,0.0673,1,0.0027
1644,-0.3714,-0.6026,-2.4889,3.0800,0.0662,1,0.0026
1645,-0.3734,-0.6025,-2.4227,3.0145,0.0662,1,0.0025
1646,-0.3754,-0.6024,-2.3565,2.9491,0.0662,1,0.0024
1647,-0.3773,-0.6022,-2.2903,2.8838,0.0662,1,0.0022
1648,-0.3793,-0.6021,-2.2241,2.8184,0.0662,1,0.0021
1649,-0.3813,-0.6020,-2.1579,2.7531,0.0662,1,0.0020
1650,-0.3833,-0.6019,-2.0917,2.6878,0.0663,1,0.0019
1651,-0.3852,-0.6018,-2.0255,2.6225,0.0663,1,0.0018
1652,-0.3872,-0.6016,-1.9592,2.5573,0.0663,1,0.0016
1653,-0.3893,-0.6015,-1.8929,2.4922,0.0663,1,0.0015
1654,-0.3913,-0.6014,-1.8267,2.4271,0.0663,1,0.0014
1655,-0.3933,-0.6013,-1.7604,2.3620,0.0663,1,0.0013
1656,-0.3954,-0.6012,-1.6941,2.2971,0.0663,1,0.0012
1657,-0.3974,-0.6011,-1.6278,2.2321,0.0663,1,0.0011
1658,-0.3995,-0.6010,-1.5615,2.1673,0.0663,1,0.0010
1659,-0.4016,-0.6009,-1.4952,2.1026,0.0663,1,0.0009
1660,-0.4037,-0.6009,-1.4289,2.0379,0.0664,1,0.0009
1661,-0.4058,-0.6008,-1.3626,1.9734,0.0664,1,0.0008
1662,-0.4080,-0.6008,-1.2963,1.9090,0.0664,1,0.0008
1663,-0.4101,-0.6007,-1.2299,1.8448,0.0664,1,0.0007
1664,-0.3878,-0.5991,-1.2093,1.8198,0.0304,1,0.0000
1665,-0.3598,-0.5988,-1.1892,1.7943,0.0345,1,0.0000
1666,-0.3296,-0.5987,-1.1620,1.7617,0.0407,1,0.0000
1667,-0.2991,-0.5987,-1.1259,1.7208,0.0472,1,0.0000
1668,-0.2712,-0.5985,-1.0798,1.6707,0.0539,1,0.0000
1669,-0.2500,-0.5993,-1.0235,1.6117,0.0601,1,0.0000
1670,-0.2463,-0.6003,-0.9582,1.5466,0.0654,1,0.0003
1671,-0.2456,-0.6005,-0.8921,1.4813,0.0661,1,0.0005
1672,-0.2461,-0.6006,-0.8258,1.4161,0.0663,1,0.0006
1673,-0.2452,-0.6006,-0.7595,1.3507,0.0663,1,0.0006
1674,-0.2441,-0.6006,-0.6933,1.2854,0.0663,1,0.0006
1675,-0.2428,-0.6005,-0.6270,1.2202,0.0662,1,0.0005
1676,-0.2414,-0.6005,-0.5608,1.1551,0.0662,1,0.0005
1677,-0.2397,-0.6004,-0.4946,1.0901,0.0663,1,0.0004
1678,-0.2352,-0.6002,-0.4278,1.0240,0.0669,1,0.0002
1679,-0.2326,-0.5999,-0.3611,0.9585,0.0668,1,0.0000
1680,-0.2313,-0.5997,-0.2943,0.8935,0.0668,1,0.0000
1681,-0.2311,-0.5996,-0.2275,0.8292,0.0668,1,0.0000
1682,-0.2317,-0.5995,-0.1606,0.7654,0.0668,1,0.0000
1683,-0.2326,-0.5994,-0.0938,0.7024,0.0668,1,0.0000
1684,-0.2336,-0.5993,-0.0270,0.6401,0.0668,1,0.0000
1685,-0.2347,-0.5993,0.0398,0.5789,0.0668,1,0.0000
1686,-0.2359,-0.5993,0.1067,0.5190,0.0669,1,0.0000
1687,-0.2370,-0.5993,0.1735,0.4612,0.0669,1,0.0000
1688,-0.2382,-0.5993,0.2404,0.4061,0.0669,1,0.0000
1689,-0.2394,-0.5993,0.3073,0.3551,0.0669,1,0.0000
1690,-0.2406,-0.5993,0.3741,0.3101,0.0669,1,0.0000
1691,-0.2418,-0.5993,0.4410,0.2743,0.0669,1,0.0000
1692,-0.2431,-0.5993,0.5079,0.2515,0.0669,1,0.0000
1693,-0.2443,-0.5994,0.5748,0.2454,0.0669,1,0.0000
1694,-0.2455,-0.5994,0.6417,0.2571,0.0669,1,0.0000
1695,-0.2467,-0.5994,0.7086,0.2846,0.0669,1,0.0000
1696,-0.2479,-0.5994,0.7755,0.3237,0.0669,1,0.0000
1697,-0.2491,-0.5995,0.8424,0.3709,0.0669,1,0.0000
1698,-0.2503,-0.5995,0.9093,0.4234,0.0669,1,0.0000
1699,-0.2515,-0.5995,0.9762,0.4795,0.0669,1,0.0000
1700,-0.2527,-0.5995,1.0431,0.5381,0.0669,1,0.0000
1701,-0.2538,-0.5996,1.1100,0.5985,0.0669,1,0.0000
1702,-0.2550,-0.5996,1.1770,0.6601,0.0669,1,0.0000
1703,-0.2562,-0.5996,1.2439,0.7227,0.0669,1,0.0000
1704,-0.2573,-0.5996,1.3108,0.7860,0.0669,1,0.0000
1705,-0.2585,-0.5996,1.3778,0.8498,0.0669,1,0.0000
1706,-0.2596,-0.5996,1.4447,0.9141,0.0669,1,0.0000
1707,-0.2604,-0.5996,1.5117,0.9787,0.0670,1,0.0000
1708,-0.2615,-0.5996,1.5786,1.0437,0.0670,1,0.0000
1709,-0.2626,-0.5996,1.6456,1.1089,0.0670,1,0.0000
1710,-0.2637,-0.5996,1.7125,1.1742,0.0670,1,0.0000
1711,-0.2649,-0.5995,1.7795,1.2398,0.0670,1,0.0000
1712,-0.2660,-0.5995,1.8465,1.3055,0.0670,1,0.0000
1713,-0.2671,-0.5995,1.9134,1.3713,0.0670,1,0.0000
1714,-0.2682,-0.5995,1.9804,1.4373,0.0670,1,0.0000
1715,-0.2661,-0.5959,2.0397,1.4951,0.0594,1,0.0000
1716,-0.2666,-0.5943,2.1038,1.5583,0.0641,1,0.0000
1717,-0.2680,-0.5935,2.1696,1.6234,0.0658,1,0.0000
1718,-0.2700,-0.5932,2.2364,1.6897,0.0669,1,0.0000
1719,-0.2718,-0.5929,2.3032,1.7559,0.0669,1,0.0000
1720,-0.2735,-0.5925,2.3701,1.8223,0.0669,1,0.0000
1721,-0.2751,-0.5919,2.4370,1.8887,0.0669,1,0.0000
1722,-0.2766,-0.5913,2.5040,1.9552,0.0670,1,0.0000
1723,-0.2788,-0.5912,2.4378,1.8900,0.0662,1,0.0000
1724,-0.2809,-0.5910,2.3717,1.8250,0.0661,1,0.0000
1725,-0.2830,-0.5907,2.3058,1.7602,0.0660,1,0.0000
1726,-0.2849,-0.5903,2.2399,1.6955,0.0659,1,0.0000
1727,-0.2868,-0.5897,2.1741,1.6310,0.0658,1,0.0000
1728,-0.2886,-0.5890,2.1084,1.5667,0.0657,1,0.0000
1729,-0.2904,-0.5882,2.0428,1.5027,0.0656,1,0.0000
1730,-0.2922,-0.5873,1.9774,1.4389,0.0655,1,0.0000
1731,-0.2939,-0.5862,1.9120,1.3753,0.0654,1,0.0000
1732,-0.2956,-0.5850,1.8468,1.3120,0.0653,1,0.0000
1733,-0.2972,-0.5838,1.7817,1.2491,0.0651,1,0.0000
1734,-0.2989,-0.5824,1.7167,1.1865,0.0650,1,0.0000
1735,-0.2764,-0.5808,1.6618,1.1277,0.0593,1,0.0000
1736,-0.2615,-0.5811,1.5996,1.0637,0.0640,1,0.0000
1737,-0.2629,-0.5814,1.5342,1.0009,0.0654,1,0.0000
1738,-0.2629,-0.5801,1.4694,0.9385,0.0648,1,0.0000
1739,-0.2622,-0.5788,1.4047,0.8763,0.0647,1,0.0000
1740,-0.2618,-0.5783,1.3403,0.8150,0.0644,1,0.0000
1741,-0.2605,-0.5806,1.2761,0.7540,0.0643,1,0.0000
1742,-0.2591,-0.5829,1.2119,0.6936,0.0642,1,0.0000
1743,-0.2576,-0.5851,1.1479,0.6341,0.0641,1,0.0000
1744,-0.2562,-0.5873,1.0839,0.5756,0.0641,1,0.0000
1745,-0.2546,-0.5893,1.0199,0.5184,0.0640,1,0.0000
1746,-0.2531,-0.5912,0.9560,0.4630,0.0640,1,0.0000
1747,-0.2515,-0.5929,0.8920,0.4101,0.0640,1,0.0000
1748,-0.2500,-0.5944,0.8280,0.3608,0.0640,1,0.0000
1749,-0.2485,-0.5958,0.7640,0.3168,0.0640,1,0.0000
1750,-0.2471,-0.5969,0.7000,0.2806,0.0641,1,0.0000
1751,-0.2457,-0.5979,0.6359,0.2556,0.0641,1,0.0000
1752,-0.2444,-0.5987,0.5718,0.2453,0.0641,1,0.0000
1753,-0.2431,-0.5993,0.5077,0.2516,0.0642,1,0.0000
1754,-0.2419,-0.5998,0.4435,0.2732,0.0642,1,0.0000
1755,-0.2407,-0.6001,0.3793,0.3071,0.0642,1,0.0001
1756,-0.2396,-0.6003,0.3150,0.3496,0.0643,1,0.0003
1757,-0.2386,-0.6004,0.2507,0.3981,0.0643,1,0.0004
1758,-0.2376,-0.6004,0.1864,0.4506,0.0643,1,0.0004
1759,-0.2367,-0.6003,0.1221,0.5059,0.0644,1,0.0003
1760,-0.2358,-0.6002,0.0577,0.5631,0.0644,1,0.0002
1761,-0.2350,-0.6000,-0.0067,0.6218,0.0644,1,0.0000
1762,-0.2307,-0.5988,-0.0715,0.6807,0.0649,1,0.0000
1763,-0.2292,-0.5977,-0.1361,0.7413,0.0647,1,0.0000
1764,-0.2279,-0.5958,-0.2007,0.8025,0.0646,1,0.0000
1765,-0.2274,-0.5942,-0.2654,0.8646,0.0647,1,0.0000
1766,-0.2269,-0.5926,-0.3301,0.9270,0.0647,1,0.0000
1767,-0.2264,-0.5912,-0.3948,0.9897,0.0648,1,0.0000
1768,-0.2258,-0.5898,-0.4596,1.0528,0.0648,1,0.0000
1769,-0.2253,-0.5885,-0.5245,1.1161,0.0649,1,0.0000
1770,-0.2252,-0.5873,-0.5896,1.1799,0.0651,1,0.0000
1771,-0.2251,-0.5862,-0.6548,1.2439,0.0652,1,0.0000
1772,-0.2251,-0.5852,-0.7201,1.3082,0.0653,1,0.0000
1773,-0.2250,-0.5842,-0.7855,1.3726,0.0654,1,0.0000
1774,-0.2250,-0.5834,-0.8511,1.4373,0.0655,1,0.0000
1775,-0.2249,-0.5825,-0.9167,1.5022,0.0657,1,0.0000
1776,-0.2249,-0.5818,-0.9825,1.5673,0.0658,1,0.0000
1777,-0.2248,-0.5811,-1.0485,1.6326,0.0659,1,0.0000
1778,-0.2248,-0.5804,-1.1146,1.6980,0.0661,1,0.0000
1779,-0.2247,-0.5798,-1.1808,1.7637,0.0662,1,0.0000
1780,-0.2233,-0.5806,-1.2468,1.8290,0.0661,1,0.0000
1781,-0.2220,-0.5828,-1.3129,1.8945,0.0662,1,0.0000
1782,-0.2208,-0.5853,-1.3791,1.9601,0.0663,1,0.0000
1783,-0.2199,-0.5880,-1.4454,2.0259,0.0664,1,0.0000
1784,-0.2190,-0.5908,-1.5118,2.0919,0.0665,1,0.0000
1785,-0.2182,-0.5935,-1.5781,2.1578,0.0664,1,0.0000
1786,-0.2175,-0.5961,-1.6445,2.2238,0.0664,1,0.0000
1787,-0.2168,-0.5985,-1.7109,2.2898,0.0664,1,0.0000
1788,-0.2161,-0.5987,-1.7772,2.3557,0.0663,1,0.0000
1789,-0.2154,-0.5980,-1.8434,2.4216,0.0662,1,0.0000
1790,-0.2149,-0.5959,-1.9100,2.4878,0.0666,1,0.0000
1791,-0.2144,-0.5937,-1.9765,2.5541,0.0666,1,0.0000
1792,-0.2138,-0.5916,-2.0433,2.6206,0.0668,1,0.0000
1793,-0.2132,-0.5895,-2.1101,2.6871,0.0668,1,0.0000
1794,-0.2126,-0.5875,-2.1769,2.7537,0.0668,1,0.0000
1795,-0.2121,-0.5856,-2.2437,2.8202,0.0668,1,0.0000
1796,-0.2115,-0.5839,-2.3105,2.8868,0.0668,1,0.0000
1797,-0.2110,-0.5824,-2.3772,2.9533,0.0668,1,0.0000
1798,-0.2110,-0.5812,-2.4439,3.0198,0.0667,1,0.0000
1799,-0.2110,-0.5801,-2.5106,3.0863,0.0667,1,0.0000
1800,-0.2112,-0.5799,-2.4448,3.0207,0.0658,1,0.0000
1801,-0.2113,-0.5799,-2.3791,2.9552,0.0657,1,0.0000
1802,-0.2110,-0.5804,-2.3133,2.8896,0.0658,1,0.0000
1803,-0.2107,-0.5813,-2.2477,2.8241,0.0657,1,0.0000
1804,-0.2104,-0.5825,-2.1821,2.7587,0.0656,1,0.0000
1805,-0.2102,-0.5839,-2.1167,2.6934,0.0655,1,0.0000
1806,-0.2099,-0.5855,-2.0514,2.6283,0.0653,1,0.0000
1807,-0.2096,-0.5871,-1.9860,2.5631,0.0654,1,0.0000
1808,-0.2093,-0.5889,-1.9208,2.4981,0.0652,1,0.0000
1809,-0.2090,-0.5909,-1.8557,2.4333,0.0651,1,0.0000
1810,-0.2088,-0.5932,-1.7908,2.3686,0.0650,1,0.0000
1811,-0.2085,-0.5953,-1.7259,2.3039,0.0650,1,0.0000
1812,-0.2083,-0.5972,-1.6609,2.2393,0.0649,1,0.0000
1813,-0.2080,-0.5988,-1.5961,2.1747,0.0648,1,0.0000
1814,-0.2077,-0.6001,-1.5314,2.1103,0.0647,1,0.0001
1815,-0.2074,-0.6010,-1.4668,2.0460,0.0646,1,0.0010
1816,-0.2071,-0.6016,-1.4022,1.9818,0.0646,1,0.0016
1817,-0.2069,-0.6018,-1.3377,1.9176,0.0645,1,0.0018
1818,-0.2066,-0.6017,-1.2732,1.8535,0.0645,1,0.0017
1819,-0.2063,-0.6013,-1.2087,1.7893,0.0645,1,0.0013
1820,-0.2061,-0.6008,-1.1442,1.7253,0.0645,1,0.0008
1821,-0.2058,-0.6001,-1.0797,1.6612,0.0645,1,0.0001
1822,-0.2056,-0.5993,-1.0151,1.5971,0.0646,1,0.0000
1823,-0.2053,-0.5985,-0.9505,1.5330,0.0646,1,0.0000
1824,-0.2051,-0.5977,-0.8859,1.4689,0.0647,1,0.0000
1825,-0.2048,-0.5969,-0.8212,1.4049,0.0647,1,0.0000
1826,-0.2046,-0.5962,-0.7564,1.3408,0.0647,1,0.0000
1827,-0.2043,-0.5956,-0.6917,1.2768,0.0648,1,0.0000
1828,-0.2041,-0.5952,-0.6268,1.2128,0.0648,1,0.0000
1829,-0.2039,-0.5948,-0.5620,1.1488,0.0649,1,0.0000
1830,-0.2036,-0.5945,-0.4970,1.0850,0.0649,1,0.0000
1831,-0.2036,-0.6052,-0.4424,1.0316,0.0557,1,0.0052
1832,-0.2034,-0.6042,-0.3781,0.9686,0.0642,1,0.0042
1833,-0.2031,-0.6041,-0.3131,0.9051,0.0650,1,0.0041
1834,-0.2031,-0.6061,-0.2501,0.8439,0.0630,1,0.0061
1835,-0.2026,-0.6054,-0.1848,0.7806,0.0653,1,0.0054
1836,-0.2022,-0.6047,-0.1192,0.7174,0.0655,1,0.0047
1837,-0.2018,-0.6039,-0.0536,0.6545,0.0657,1,0.0039
1838,-0.2014,-0.6030,0.0123,0.5922,0.0658,1,0.0030
1839,-0.2011,-0.6021,0.0783,0.5305,0.0660,1,0.0021
1840,-0.2007,-0.6010,0.1444,0.4698,0.0661,1,0.0010
1841,-0.2004,-0.5999,0.2106,0.4108,0.0663,1,0.0000
1842,-0.2001,-0.5986,0.2770,0.3542,0.0664,1,0.0000
1843,-0.1998,-0.5971,0.3435,0.3016,0.0665,1,0.0000
1844,-0.1995,-0.5955,0.4101,0.2554,0.0666,1,0.0000
1845,-0.1992,-0.5938,0.4768,0.2199,0.0667,1,0.0000
1846,-0.1989,-0.5920,0.5435,0.2010,0.0668,1,0.0000
1847,-0.1986,-0.5900,0.6104,0.2034,0.0669,1,0.0000
1848,-0.1984,-0.5879,0.6773,0.2265,0.0670,1,0.0000
1849,-0.1981,-0.5857,0.7443,0.2650,0.0671,1,0.0000
1850,-0.1979,-0.5834,0.8114,0.3134,0.0671,1,0.0000
1851,-0.1976,-0.5810,0.8786,0.3677,0.0672,1,0.0000
1852,-0.1974,-0.5785,0.9458,0.4258,0.0673,1,0.0000
1853,-0.1972,-0.5777,1.0129,0.4862,0.0671,1,0.0000
1854,-0.1971,-0.5798,1.0801,0.5483,0.0673,1,0.0000
1855,-0.1969,-0.5822,1.1474,0.6115,0.0673,1,0.0000
1856,-0.1967,-0.5849,1.2147,0.6755,0.0673,1,0.0000
1857,-0.1965,-0.5877,1.2820,0.7401,0.0673,1,0.0000
1858,-0.1963,-0.5906,1.3492,0.8051,0.0673,1,0.0000
1859,-0.1961,-0.5933,1.4165,0.8705,0.0673,1,0.0000
1860,-0.1959,-0.5960,1.4838,0.9362,0.0673,1,0.0000
1861,-0.1956,-0.5984,1.5510,1.0020,0.0673,1,0.0000
1862,-0.1954,-0.6005,1.6183,1.0680,0.0673,1,0.0005
1863,-0.1951,-0.6024,1.6855,1.1342,0.0672,1,0.0024
1864,-0.1949,-0.6040,1.7527,1.2004,0.0672,1,0.0040
1865,-0.1946,-0.6052,1.8199,1.2667,0.0672,1,0.0052
1866,-0.1944,-0.6063,1.8871,1.3331,0.0672,1,0.0063
1867,-0.1942,-0.6070,1.9542,1.3995,0.0671,1,0.0070
1868,-0.1942,-0.6075,2.0213,1.4660,0.0671,1,0.0075
1869,-0.1942,-0.6077,2.0884,1.5325,0.0671,1,0.0077
1870,-0.1943,-0.6077,2.1554,1.5991,0.0671,1,0.0077
1871,-0.1946,-0.6075,2.2225,1.6657,0.0670,1,0.0075
1872,-0.1949,-0.6071,2.2895,1.7323,0.0670,1,0.0071
1873,-0.1953,-0.6066,2.3565,1.7989,0.0670,1,0.0066
1874,-0.1958,-0.6059,2.4235,1.8655,0.0670,1,0.0059
1875,-0.1963,-0.6052,2.4905,1.9322,0.0670,1,0.0052
1876,-0.1969,-0.6045,2.5575,1.9989,0.0670,1,0.0045
1877,-0.1981,-0.6037,2.4912,1.9330,0.0664,1,0.0037
1878,-0.1994,-0.6029,2.4248,1.8672,0.0664,1,0.0029
1879,-0.2007,-0.6022,2.3585,1.8014,0.0664,1,0.0022
1880,-0.2020,-0.6015,2.2921,1.7356,0.0664,1,0.0015
1881,-0.2034,-0.6009,2.2258,1.6699,0.0664,1,0.0009
1882,-0.2048,-0.6003,2.1594,1.6042,0.0664,1,0.0003
1883,-0.2061,-0.5998,2.0931,1.5386,0.0664,1,0.0000
1884,-0.2076,-0.5994,2.0267,1.4730,0.0664,1,0.0000
1885,-0.2090,-0.5990,1.9603,1.4076,0.0664,1,0.0000
1886,-0.2104,-0.5988,1.8940,1.3422,0.0664,1,0.0000
1887,-0.2119,-0.5985,1.8276,1.2770,0.0664,1,0.0000
1888,-0.2133,-0.5984,1.7612,1.2118,0.0664,1,0.0000
1889,-0.2148,-0.5982,1.6949,1.1468,0.0664,1,0.0000
1890,-0.2163,-0.5982,1.6285,1.0820,0.0664,1,0.0000
1891,-0.2178,-0.5982,1.5621,1.0174,0.0664,1,0.0000
1892,-0.2194,-0.5982,1.4958,0.9531,0.0664,1,0.0000
1893,-0.2209,-0.5982,1.4294,0.8890,0.0664,1,0.0000
1894,-0.2225,-0.5983,1.3630,0.8253,0.0664,1,0.0000
1895,-0.2241,-0.5984,1.2966,0.7621,0.0664,1,0.0000
1896,-0.2258,-0.5985,1.2303,0.6995,0.0664,1,0.0000
1897,-0.2274,-0.5986,1.1639,0.6377,0.0664,1,0.0000
1898,-0.2301,-0.5989,1.0971,0.5769,0.0668,1,0.0000
1899,-0.2329,-0.5991,1.0304,0.5177,0.0668,1,0.0000
1900,-0.2358,-0.5993,0.9637,0.4607,0.0668,1,0.0000
1901,-0.2388,-0.5994,0.8970,0.4068,0.0668,1,0.0000
1902,-0.2420,-0.5996,0.8303,0.3572,0.0668,1,0.0000
1903,-0.2452,-0.5997,0.7637,0.3142,0.0668,1,0.0000
1904,-0.2484,-0.5998,0.6970,0.2806,0.0668,1,0.0000
1905,-0.2462,-0.5999,0.6303,0.2548,0.0668,1,0.0000
1906,-0.2434,-0.6000,0.5635,0.2446,0.0668,1,0.0000
1907,-0.2407,-0.6000,0.4968,0.2522,0.0668,1,0.0000
1908,-0.2380,-0.6000,0.4300,0.2763,0.0668,1,0.0000
1909,-0.2354,-0.6001,0.3633,0.3132,0.0668,1,0.0001
1910,-0.2330,-0.6001,0.2965,0.3589,0.0668,1,0.0001
1911,-0.2308,-0.6001,0.2297,0.4106,0.0668,1,0.0001
1912,-0.2288,-0.6001,0.1630,0.4662,0.0668,1,0.0001
1913,-0.2270,-0.6001,0.0962,0.5246,0.0668,1,0.0001
1914,-0.2255,-0.6001,0.0294,0.5849,0.0668,1,0.0001
1915,-0.2242,-0.6001,-0.0374,0.6465,0.0668,1,0.0001
1916,-0.2232,-0.6001,-0.1042,0.7092,0.0668,1,0.0001
1917,-0.2224,-0.6001,-0.1710,0.7726,0.0668,1,0.0001
1918,-0.2219,-0.6001,-0.2379,0.8367,0.0668,1,0.0001
1919,-0.2216,-0.6001,-0.3047,0.9012,0.0668,1,0.0001
1920,-0.2216,-0.6001,-0.3715,0.9661,0.0668,1,0.0001
1921,-0.2217,-0.6001,-0.4384,1.0313,0.0669,1,0.0001
1922,-0.2220,-0.6002,-0.5053,1.0967,0.0669,1,0.0002
1923,-0.2224,-0.6002,-0.5722,1.1624,0.0669,1,0.0002
1924,-0.2230,-0.6003,-0.6391,1.2282,0.0669,1,0.0003
1925,-0.2236,-0.6003,-0.7060,1.2942,0.0669,1,0.0003
1926,-0.2244,-0.6004,-0.7729,1.3603,0.0669,1,0.0004
1927,-0.2251,-0.6005,-0.8399,1.4265,0.0669,1,0.0005
1928,-0.2281,-0.6007,-0.9074,1.4936,0.0676,1,0.0007
1929,-0.2303,-0.6010,-0.9750,1.5608,0.0676,1,0.0010
1930,-0.2362,-0.6011,-1.0423,1.6283,0.0676,1,0.0011
1931,-0.2420,-0.6013,-1.1097,1.6958,0.0676,1,0.0013
1932,-0.2477,-0.6014,-1.1771,1.7632,0.0676,1,0.0014
1933,-0.2532,-0.6016,-1.2444,1.8307,0.0676,1,0.0016
1934,-0.2586,-0.6017,-1.3118,1.8982,0.0676,1,0.0017
1935,-0.2640,-0.6018,-1.3791,1.9656,0.0676,1,0.0018
1936,-0.2693,-0.6019,-1.4465,2.0331,0.0676,1,0.0019
1937,-0.2746,-0.6020,-1.5139,2.1006,0.0676,1,0.0020
1938,-0.2799,-0.6021,-1.5812,2.1681,0.0676,1,0.0021
1939,-0.2851,-0.6022,-1.6486,2.2356,0.0676,1,0.0022
1940,-0.2903,-0.6023,-1.7160,2.3031,0.0676,1,0.0023
1941,-0.2956,-0.6024,-1.7834,2.3706,0.0676,1,0.0024
1942,-0.3008,-0.6025,-1.8508,2.4381,0.0676,1,0.0025
1943,-0.3059,-0.6026,-1.9183,2.5057,0.0676,1,0.0026
1944,-0.3111,-0.6027,-1.9857,2.5732,0.0676,1,0.0027
1945,-0.3163,-0.6028,-2.0531,2.6408,0.0676,1,0.0028
1946,-0.3215,-0.6029,-2.1206,2.7084,0.0676,1,0.0029
1947,-0.3266,-0.6030,-2.1880,2.7760,0.0677,1,0.0030
1948,-0.3318,-0.6031,-2.2555,2.8436,0.0677,1,0.0031
1949,-0.3369,-0.6032,-2.3230,2.9112,0.0677,1,0.0032
1950,-0.3421,-0.6032,-2.3904,2.9788,0.0677,1,0.0032
1951,-0.3472,-0.6033,-2.4579,3.0464,0.0677,1,0.0033
1952,-0.3524,-0.6034,-2.5254,3.1141,0.0677,1,0.0034
1953,-0.3554,-0.6033,-2.4596,3.0490,0.0659,1,0.0033
1954,-0.3585,-0.6032,-2.3938,2.9840,0.0659,1,0.0032
1955,-0.3616,-0.6031,-2.3279,2.9191,0.0659,1,0.0031
1956,-0.3646,-0.6029,-2.2621,2.8541,0.0659,1,0.0029
1957,-0.3677,-0.6028,-2.1963,2.7892,0.0659,1,0.0028
1958,-0.3707,-0.6027,-2.1304,2.7244,0.0659,1,0.0027
1959,-0.3738,-0.6026,-2.0645,2.6596,0.0659,1,0.0026
1960,-0.3768,-0.6025,-1.9987,2.5948,0.0659,1,0.0025
1961,-0.3799,-0.6024,-1.9328,2.5301,0.0659,1,0.0024
1962,-0.3829,-0.6023,-1.8669,2.4655,0.0659,1,0.0023
1963,-0.3859,-0.6022,-1.8010,2.4009,0.0660,1,0.0022
1964,-0.3890,-0.6020,-1.7352,2.3364,0.0660,1,0.0020
1965,-0.3920,-0.6019,-1.6693,2.2720,0.0660,1,0.0019
1966,-0.3950,-0.6018,-1.6034,2.2076,0.0660,1,0.0018
1967,-0.3963,-0.6015,-1.5372,2.1428,0.0662,1,0.0015
1968,-0.3978,-0.6012,-1.4710,2.0781,0.0662,1,0.0012
1969,-0.3996,-0.6010,-1.4047,2.0134,0.0663,1,0.0010
1970,-0.4014,-0.6008,-1.3384,1.9489,0.0663,1,0.0008
1971,-0.4034,-0.6006,-1.2722,1.8845,0.0663,1,0.0006
1972,-0.4054,-0.6005,-1.2058,1.8202,0.0663,1,0.0005
1973,-0.3831,-0.5984,-1.1948,1.8046,0.0250,1,0.0000
1974,-0.3573,-0.5977,-1.1791,1.7839,0.0302,1,0.0000
1975,-0.3285,-0.5980,-1.1574,1.7571,0.0360,1,0.0000
1976,-0.2981,-0.5974,-1.1278,1.7224,0.0425,1,0.0000
1977,-0.2679,-0.5980,-1.0887,1.6788,0.0494,1,0.0000
1978,-0.2504,-0.6004,-1.0335,1.6216,0.0579,1,0.0004
1979,-0.2296,-0.5987,-0.9768,1.5624,0.0604,1,0.0000
1980,-0.2257,-0.5999,-0.9112,1.4970,0.0657,1,0.0000
1981,-0.2279,-0.6003,-0.8448,1.4317,0.0665,1,0.0003
1982,-0.2301,-0.6002,-0.7783,1.3666,0.0665,1,0.0002
1983,-0.2307,-0.6002,-0.7119,1.3012,0.0665,1,0.0002
1984,-0.2312,-0.6001,-0.6454,1.2360,0.0665,1,0.0001
1985,-0.2314,-0.6001,-0.5790,1.1708,0.0665,1,0.0001
1986,-0.2316,-0.6001,-0.5125,1.1058,0.0665,1,0.0001
1987,-0.2316,-0.6000,-0.4460,1.0409,0.0665,1,0.0000
1988,-0.2315,-0.6000,-0.3795,0.9762,0.0665,1,0.0000
1989,-0.2313,-0.6000,-0.3131,0.9117,0.0665,1,0.0000
1990,-0.2310,-0.5999,-0.2466,0.8475,0.0665,1,0.0000
1991,-0.2306,-0.5999,-0.1801,0.7836,0.0665,1,0.0000
1992,-0.2301,-0.5998,-0.1136,0.7202,0.0665,1,0.0000
1993,-0.2295,-0.5998,-0.0471,0.6574,0.0665,1,0.0000
1994,-0.2288,-0.5998,0.0194,0.5953,0.0665,1,0.0000
1995,-0.2280,-0.5997,0.0860,0.5342,0.0665,1,0.0000
1996,-0.2272,-0.5997,0.1525,0.4746,0.0665,1,0.0000
1997,-0.2263,-0.5996,0.2190,0.4170,0.0665,1,0.0000
1998,-0.2253,-0.5996,0.2855,0.3625,0.0665,1,0.0000
1999,-0.2243,-0.5995,0.3520,0.3126,0.0665,1,0.0000
2000,-0.2233,-0.5995,0.4186,0.2699,0.0665,1,0.0000
2001,-0.2222,-0.5994,0.4851,0.2384,0.0665,1,0.0000
2002,-0.2211,-0.5994,0.5516,0.2229,0.0665,1,0.0000
2003,-0.2200,-0.5993,0.6182,0.2267,0.0665,1,0.0000
2004,-0.2189,-0.5993,0.6847,0.2488,0.0665,1,0.0000
2005,-0.2177,-0.5992,0.7512,0.2851,0.0665,1,0.0000
2006,-0.2165,-0.5991,0.8177,0.3309,0.0665,1,0.0000
2007,-0.2153,-0.5991,0.8843,0.3828,0.0665,1,0.0000
2008,-0.2141,-0.5990,0.9508,0.4387,0.0665,1,0.0000
2009,-0.2129,-0.5990,1.0173,0.4972,0.0665,1,0.0000
2010,-0.2116,-0.5989,1.0838,0.5575,0.0665,1,0.0000
2011,-0.2103,-0.5988,1.1503,0.6190,0.0665,1,0.0000
2012,-0.2089,-0.5988,1.2168,0.6815,0.0665,1,0.0000
2013,-0.2076,-0.5987,1.2833,0.7447,0.0665,1,0.0000
2014,-0.2061,-0.5986,1.3498,0.8083,0.0665,1,0.0000
2015,-0.2046,-0.5986,1.4163,0.8724,0.0665,1,0.0000
2016,-0.2030,-0.5985,1.4828,0.9368,0.0665,1,0.0000
2017,-0.2045,-0.5984,1.5494,1.0022,0.0667,1,0.0000
2018,-0.2061,-0.5982,1.6163,1.0681,0.0669,1,0.0000
2019,-0.2077,-0.5980,1.6832,1.1341,0.0669,1,0.0000
2020,-0.2093,-0.5980,1.7501,1.2002,0.0669,1,0.0000
2021,-0.2109,-0.5980,1.8171,1.2664,0.0670,1,0.0000
2022,-0.2123,-0.5981,1.8840,1.3327,0.0670,1,0.0000
2023,-0.2136,-0.5982,1.9510,1.3991,0.0670,1,0.0000
2024,-0.2149,-0.5984,2.0180,1.4655,0.0670,1,0.0000
2025,-0.2160,-0.5986,2.0851,1.5320,0.0670,1,0.0000
2026,-0.2170,-0.5988,2.1521,1.5985,0.0670,1,0.0000
2027,-0.2180,-0.5989,2.2191,1.6651,0.0671,1,0.0000
2028,-0.2188,-0.5991,2.2862,1.7317,0.0671,1,0.0000
2029,-0.2197,-0.5993,2.3532,1.7983,0.0671,1,0.0000
2030,-0.2204,-0.5995,2.4203,1.8650,0.0671,1,0.0000
2031,-0.2211,-0.5996,2.4874,1.9317,0.0671,1,0.0000
2032,-0.2217,-0.5997,2.5544,1.9984,0.0671,1,0.0000
2033,-0.2226,-0.5998,2.4882,1.9326,0.0663,1,0.0000
2034,-0.2234,-0.5998,2.4219,1.8669,0.0663,1,0.0000
2035,-0.2242,-0.5999,2.3556,1.8013,0.0663,1,0.0000
2036,-0.2250,-0.5999,2.2894,1.7356,0.0663,1,0.0000
2037,-0.2257,-0.5999,2.2231,1.6701,0.0663,1,0.0000
2038,-0.2264,-0.6000,2.1568,1.6045,0.0663,1,0.0000
2039,-0.2271,-0.6000,2.0906,1.5391,0.0663,1,0.0000
2040,-0.2277,-0.6000,2.0243,1.4737,0.0663,1,0.0000
2041,-0.2284,-0.6000,1.9580,1.4083,0.0663,1,0.0000
2042,-0.2290,-0.6000,1.8918,1.3431,0.0663,1,0.0000
2043,-0.2296,-0.6000,1.8255,1.2780,0.0663,1,0.0000
2044,-0.2302,-0.6001,1.7592,1.2130,0.0663,1,0.0001
2045,-0.2308,-0.6001,1.6929,1.1481,0.0663,1,0.0001
2046,-0.2314,-0.6001,1.6267,1.0834,0.0663,1,0.0001
2047,-0.2320,-0.6001,1.5604,1.0189,0.0663,1,0.0001
2048,-0.2326,-0.6001,1.4941,0.9546,0.0663,1,0.0001
2049,-0.2332,-0.6001,1.4278,0.8907,0.0663,1,0.0001
2050,-0.2337,-0.6001,1.3616,0.8271,0.0663,1,0.0001
2051,-0.2343,-0.6001,1.2953,0.7639,0.0663,1,0.0001
2052,-0.2348,-0.6001,1.2290,0.7014,0.0663,1,0.0001
2053,-0.2353,-0.6001,1.1627,0.6395,0.0663,1,0.0001
2054,-0.2359,-0.6001,1.0964,0.5787,0.0663,1,0.0001
2055,-0.2364,-0.6000,1.0302,0.5192,0.0663,1,0.0000
2056,-0.2369,-0.6000,0.9639,0.4615,0.0663,1,0.0000
2057,-0.2374,-0.6000,0.8976,0.4065,0.0663,1,0.0000
2058,-0.2380,-0.6000,0.8313,0.3553,0.0663,1,0.0000
2059,-0.2385,-0.6000,0.7651,0.3099,0.0663,1,0.0000
2060,-0.2390,-0.6000,0.6988,0.2731,0.0663,1,0.0000
2061,-0.2395,-0.6000,0.6325,0.2490,0.0663,1,0.0000
2062,-0.2400,-0.6000,0.5662,0.2411,0.0663,1,0.0000
2063,-0.2405,-0.5999,0.4999,0.2511,0.0663,1,0.0000
2064,-0.2410,-0.5999,0.4336,0.2771,0.0663,1,0.0000
2065,-0.2415,-0.5999,0.3674,0.3151,0.0663,1,0.0000
2066,-0.2420,-0.5999,0.3011,0.3614,0.0663,1,0.0000
2067,-0.2425,-0.5999,0.2348,0.4132,0.0663,1,0.0000
2068,-0.2430,-0.5999,0.1685,0.4686,0.0663,1,0.0000
2069,-0.2435,-0.5999,0.1022,0.5266,0.0663,1,0.0000
2070,-0.2440,-0.5999,0.0359,0.5863,0.0663,1,0.0000
2071,-0.2446,-0.5999,-0.0304,0.6473,0.0663,1,0.0000
2072,-0.2451,-0.5999,-0.0966,0.7092,0.0663,1,0.0000
2073,-0.2456,-0.5999,-0.1629,0.7719,0.0663,1,0.0000
2074,-0.2461,-0.5999,-0.2292,0.8352,0.0663,1,0.0000
2075,-0.2467,-0.5999,-0.2955,0.8988,0.0663,1,0.0000
2076,-0.2472,-0.5999,-0.3618,0.9629,0.0663,1,0.0000
2077,-0.2478,-0.5999,-0.4281,1.0272,0.0663,1,0.0000
2078,-0.2483,-0.5999,-0.4944,1.0918,0.0663,1,0.0000
2079,-0.2489,-0.5999,-0.5607,1.1565,0.0663,1,0.0000
2080,-0.2495,-0.5999,-0.6270,1.2215,0.0663,1,0.0000
2081,-0.2501,-0.5999,-0.6933,1.2865,0.0663,1,0.0000
2082,-0.2507,-0.5999,-0.7596,1.3517,0.0663,1,0.0000
2083,-0.2513,-0.6000,-0.8259,1.4170,0.0663,1,0.0000
2084,-0.2519,-0.6000,-0.8922,1.4824,0.0663,1,0.0000
2085,-0.2526,-0.6000,-0.9585,1.5479,0.0663,1,0.0000
2086,-0.2548,-0.6001,-1.0248,1.6137,0.0663,1,0.0001
2087,-0.2569,-0.6002,-1.0911,1.6795,0.0663,1,0.0002
2088,-0.2588,-0.6003,-1.1574,1.7454,0.0664,1,0.0003
2089,-0.2606,-0.6003,-1.2238,1.8113,0.0664,1,0.0003
2090,-0.2623,-0.6004,-1.2901,1.8772,0.0664,1,0.0004
2091,-0.2639,-0.6004,-1.3565,1.9431,0.0664,1,0.0004
2092,-0.2655,-0.6004,-1.4228,2.0091,0.0664,1,0.0004
2093,-0.2670,-0.6004,-1.4892,2.0751,0.0664,1,0.0004
2094,-0.2685,-0.6004,-1.5556,2.1412,0.0664,1,0.0004
2095,-0.2700,-0.6004,-1.6220,2.2072,0.0664,1,0.0004
2096,-0.2714,-0.6004,-1.6884,2.2733,0.0664,1,0.0004
2097,-0.2729,-0.6003,-1.7548,2.3394,0.0664,1,0.0003
2098,-0.2743,-0.6003,-1.8212,2.4055,0.0664,1,0.0003
2099,-0.2757,-0.6003,-1.8876,2.4717,0.0664,1,0.0003
2100,-0.2772,-0.6003,-1.9540,2.5378,0.0664,1,0.0003
2101,-0.2786,-0.6003,-2.0204,2.6040,0.0664,1,0.0003
2102,-0.2800,-0.6003,-2.0868,2.6702,0.0664,1,0.0003
2103,-0.2815,-0.6003,-2.1532,2.7364,0.0664,1,0.0003
2104,-0.2829,-0.6002,-2.2196,2.8026,0.0664,1,0.0002
2105,-0.2844,-0.6002,-2.2860,2.8688,0.0664,1,0.0002
2106,-0.2858,-0.6002,-2.3525,2.9350,0.0664,1,0.0002
2107,-0.2873,-0.6002,-2.4189,3.0013,0.0664,1,0.0002
2108,-0.2888,-0.6002,-2.4853,3.0675,0.0664,1,0.0002
2109,-0.2903,-0.6002,-2.5517,3.1338,0.0664,1,0.0002
2110,-0.2913,-0.6002,-2.4848,3.0673,0.0669,1,0.0002
2111,-0.2923,-0.6002,-2.4179,3.0008,0.0669,1,0.0002
2112,-0.2933,-0.6002,-2.3510,2.9343,0.0669,1,0.0002
2113,-0.2943,-0.6002,-2.2841,2.8678,0.0669,1,0.0002
2114,-0.2954,-0.6002,-2.2172,2.8014,0.0669,1,0.0002
2115,-0.2964,-0.6001,-2.1502,2.7350,0.0669,1,0.0001
2116,-0.2975,-0.6001,-2.0833,2.6686,0.0669,1,0.0001
2117,-0.2986,-0.6001,-2.0164,2.6022,0.0669,1,0.0001
2118,-0.2997,-0.6001,-1.9495,2.5359,0.0669,1,0.0001
2119,-0.3009,-0.6001,-1.8826,2.4696,0.0669,1,0.0001
2120,-0.3021,-0.6001,-1.8157,2.4034,0.0669,1,0.0001
2121,-0.3033,-0.6002,-1.7488,2.3372,0.0669,1,0.0002
2122,-0.3045,-0.6002,-1.6819,2.2711,0.0669,1,0.0002
2123,-0.3058,-0.6002,-1.6150,2.2050,0.0669,1,0.0002
2124,-0.3071,-0.6002,-1.5481,2.1389,0.0669,1,0.0002
2125,-0.3163,-0.6010,-1.4821,2.0750,0.0667,1,0.0010
2126,-0.3241,-0.6016,-1.4161,2.0111,0.0665,1,0.0016
2127,-0.3307,-0.6020,-1.3501,1.9470,0.0664,1,0.0020
2128,-0.3365,-0.6023,-1.2840,1.8830,0.0663,1,0.0023
2129,-0.3416,-0.6024,-1.2180,1.8191,0.0662,1,0.0024
2130,-0.3463,-0.6025,-1.1520,1.7552,0.0662,1,0.0025
2131,-0.3449,-0.6024,-1.0917,1.6958,0.0603,1,0.0024
2132,-0.3106,-0.6027,-1.0640,1.6621,0.0440,1,0.0027
2133,-0.2775,-0.6023,-1.0270,1.6197,0.0497,1,0.0023
2134,-0.2474,-0.6021,-0.9805,1.5688,0.0554,1,0.0021
2135,-0.2240,-0.6022,-0.9246,1.5100,0.0606,1,0.0022
2136,-0.2116,-0.6002,-0.8613,1.4456,0.0645,1,0.0002
2137,-0.2085,-0.6010,-0.7954,1.3800,0.0659,1,0.0010
2138,-0.2020,-0.6015,-0.7296,1.3140,0.0661,1,0.0015
2139,-0.1947,-0.6013,-0.6638,1.2478,0.0662,1,0.0013
2140,-0.1879,-0.6011,-0.5980,1.1818,0.0662,1,0.0011
2141,-0.1817,-0.6009,-0.5321,1.1158,0.0661,1,0.0009
2142,-0.1761,-0.6007,-0.4663,1.0500,0.0661,1,0.0007
2143,-0.1713,-0.6005,-0.4004,0.9842,0.0661,1,0.0005
2144,-0.1671,-0.6003,-0.3345,0.9187,0.0660,1,0.0003
2145,-0.1635,-0.6001,-0.2686,0.8533,0.0660,1,0.0001
2146,-0.1597,-0.5993,-0.2027,0.7879,0.0660,1,0.0000
2147,-0.1575,-0.5991,-0.1368,0.7231,0.0660,1,0.0000
2148,-0.1559,-0.5989,-0.0709,0.6585,0.0660,1,0.0000
2149,-0.1548,-0.5988,-0.0049,0.5944,0.0660,1,0.0000
2150,-0.1541,-0.5986,0.0610,0.5308,0.0660,1,0.0000
2151,-0.1540,-0.5985,0.1270,0.4681,0.0660,1,0.0000
2152,-0.1541,-0.5984,0.1930,0.4065,0.0660,1,0.0000
2153,-0.1545,-0.5983,0.2590,0.3466,0.0660,1,0.0000
2154,-0.1551,-0.5982,0.3250,0.2895,0.0660,1,0.0000
2155,-0.1559,-0.5981,0.3911,0.2372,0.0661,1,0.0000
2156,-0.1569,-0.5981,0.4572,0.1936,0.0661,1,0.0000
2157,-0.1580,-0.5980,0.5233,0.1657,0.0661,1,0.0000
2158,-0.1591,-0.5980,0.5894,0.1618,0.0661,1,0.0000
2159,-0.1602,-0.5980,0.6556,0.1835,0.0661,1,0.0000
2160,-0.1613,-0.5980,0.7217,0.2234,0.0662,1,0.0000
2161,-0.1623,-0.5980,0.7879,0.2737,0.0662,1,0.0000
2162,-0.1633,-0.5979,0.8541,0.3297,0.0662,1,0.0000
2163,-0.1642,-0.5979,0.9204,0.3888,0.0662,1,0.0000
2164,-0.1651,-0.5979,0.9866,0.4500,0.0663,1,0.0000
2165,-0.1658,-0.5979,1.0529,0.5124,0.0663,1,0.0000
2166,-0.1665,-0.5979,1.1192,0.5757,0.0663,1,0.0000
2167,-0.1672,-0.5979,1.1855,0.6395,0.0663,1,0.0000
2168,-0.1677,-0.5979,1.2518,0.7039,0.0663,1,0.0000
2169,-0.1682,-0.5979,1.3181,0.7685,0.0663,1,0.0000
2170,-0.1686,-0.5979,1.3844,0.8334,0.0663,1,0.0000
2171,-0.1688,-0.5978,1.4508,0.8985,0.0664,1,0.0000
2172,-0.1690,-0.5978,1.5172,0.9638,0.0664,1,0.0000
2173,-0.1723,-0.5978,1.5836,1.0298,0.0665,1,0.0000
2174,-0.1755,-0.5977,1.6500,1.0958,0.0665,1,0.0000
2175,-0.1787,-0.5976,1.7164,1.1619,0.0665,1,0.0000
2176,-0.1819,-0.5976,1.7829,1.2281,0.0665,1,0.0000
2177,-0.1851,-0.5975,1.8493,1.2943,0.0665,1,0.0000
2178,-0.1882,-0.5974,1.9158,1.3605,0.0665,1,0.0000
2179,-0.1914,-0.5973,1.9823,1.4268,0.0665,1,0.0000
2180,-0.1945,-0.5973,2.0487,1.4931,0.0666,1,0.0000
2181,-0.1977,-0.5972,2.1152,1.5594,0.0666,1,0.0000
2182,-0.2008,-0.5971,2.1817,1.6258,0.0666,1,0.0000
2183,-0.2039,-0.5970,2.2482,1.6921,0.0666,1,0.0000
2184,-0.2070,-0.5969,2.3147,1.7585,0.0666,1,0.0000
2185,-0.2101,-0.5968,2.3812,1.8249,0.0666,1,0.0000
2186,-0.2132,-0.5967,2.4477,1.8914,0.0666,1,0.0000
2187,-0.2162,-0.5966,2.5143,1.9578,0.0666,1,0.0000
2188,-0.2212,-0.5967,2.4475,1.8920,0.0670,1,0.0000
2189,-0.2261,-0.5967,2.3806,1.8263,0.0670,1,0.0000
2190,-0.2311,-0.5968,2.3138,1.7606,0.0670,1,0.0000
2191,-0.2361,-0.5968,2.2470,1.6951,0.0670,1,0.0000
2192,-0.2410,-0.5969,2.1801,1.6297,0.0670,1,0.0000
2193,-0.2460,-0.5970,2.1133,1.5643,0.0670,1,0.0000
2194,-0.2509,-0.5970,2.0464,1.4992,0.0671,1,0.0000
2195,-0.2559,-0.5971,1.9795,1.4342,0.0671,1,0.0000
2196,-0.2608,-0.5972,1.9126,1.3693,0.0671,1,0.0000
2197,-0.2658,-0.5972,1.8457,1.3047,0.0671,1,0.0000
2198,-0.2708,-0.5973,1.7788,1.2404,0.0671,1,0.0000
2199,-0.2759,-0.5974,1.7118,1.1763,0.0671,1,0.0000
2200,-0.2475,-0.5945,1.6813,1.1401,0.0418,1,0.0000
2201,-0.2191,-0.5945,1.6424,1.0961,0.0481,1,0.0000
2202,-0.1937,-0.5948,1.5941,1.0439,0.0545,1,0.0000
2203,-0.1749,-0.5954,1.5368,0.9841,0.0604,1,0.0000
2204,-0.1673,-0.5960,1.4721,0.9191,0.0651,1,0.0000
2205,-0.1724,-0.5977,1.4051,0.8544,0.0673,1,0.0000
2206,-0.1731,-0.5977,1.3380,0.7889,0.0671,1,0.0000
2207,-0.1734,-0.5978,1.2708,0.7237,0.0671,1,0.0000
2208,-0.1709,-0.5976,1.2040,0.6583,0.0669,1,0.0000
2209,-0.1727,-0.5975,1.1373,0.5948,0.0667,1,0.0000
2210,-0.1742,-0.5975,1.0706,0.5319,0.0667,1,0.0000
2211,-0.1753,-0.5976,1.0041,0.4700,0.0666,1,0.0000
2212,-0.1762,-0.5978,0.9376,0.4095,0.0665,1,0.0000
2213,-0.1768,-0.5980,0.8711,0.3511,0.0664,1,0.0000
2214,-0.1773,-0.5982,0.8047,0.2961,0.0664,1,0.0000
2215,-0.1776,-0.5984,0.7384,0.2467,0.0664,1,0.0000
2216,-0.1778,-0.5986,0.6721,0.2069,0.0663,1,0.0000
2217,-0.1779,-0.5987,0.6057,0.1830,0.0663,1,0.0000
2218,-0.1779,-0.5989,0.5394,0.1816,0.0663,1,0.0000
2219,-0.1778,-0.5990,0.4732,0.2030,0.0663,1,0.0000
2220,-0.1777,-0.5991,0.4069,0.2413,0.0663,1,0.0000
2221,-0.1776,-0.5991,0.3406,0.2898,0.0663,1,0.0000
2222,-0.1774,-0.5992,0.2743,0.3442,0.0663,1,0.0000
2223,-0.1772,-0.5992,0.2081,0.4023,0.0663,1,0.0000
2224,-0.1769,-0.5993,0.1418,0.4625,0.0663,1,0.0000
2225,-0.1767,-0.5993,0.0755,0.5242,0.0663,1,0.0000
2226,-0.1764,-0.5994,0.0093,0.5869,0.0663,1,0.0000
2227,-0.1761,-0.5994,-0.0570,0.6502,0.0663,1,0.0000
2228,-0.1758,-0.5995,-0.1233,0.7142,0.0663,1,0.0000
2229,-0.1755,-0.5995,-0.1896,0.7785,0.0663,1,0.0000
2230,-0.1752,-0.5996,-0.2558,0.8431,0.0663,1,0.0000
2231,-0.1749,-0.5996,-0.3221,0.9079,0.0663,1,0.0000
2232,-0.1746,-0.5997,-0.3884,0.9730,0.0663,1,0.0000
2233,-0.1743,-0.5998,-0.4547,1.0382,0.0663,1,0.0000
2234,-0.1740,-0.5998,-0.5210,1.1035,0.0663,1,0.0000
2235,-0.1737,-0.5999,-0.5872,1.1690,0.0663,1,0.0000
2236,-0.1734,-0.6000,-0.6535,1.2345,0.0663,1,0.0000
2237,-0.1731,-0.6000,-0.7198,1.3001,0.0663,1,0.0000
2238,-0.1728,-0.6001,-0.7861,1.3658,0.0663,1,0.0001
2239,-0.1725,-0.6001,-0.8524,1.4315,0.0663,1,0.0001
2240,-0.1722,-0.6001,-0.9186,1.4973,0.0663,1,0.0001
2241,-0.1718,-0.6002,-0.9849,1.5631,0.0663,1,0.0002
2242,-0.1715,-0.6002,-1.0512,1.6289,0.0663,1,0.0002
2243,-0.1712,-0.6002,-1.1175,1.6948,0.0663,1,0.0002
2244,-0.1709,-0.6002,-1.1838,1.7607,0.0663,1,0.0002
2245,-0.1706,-0.6002,-1.2500,1.8267,0.0663,1,0.0002
2246,-0.1703,-0.6002,-1.3163,1.8927,0.0663,1,0.0002
2247,-0.1700,-0.6002,-1.3826,1.9586,0.0663,1,0.0002
2248,-0.1697,-0.6002,-1.4489,2.0246,0.0663,1,0.0002
2249,-0.1694,-0.6002,-1.5151,2.0907,0.0663,1,0.0002
2250,-0.1691,-0.6001,-1.5814,2.1567,0.0663,1,0.0001
2251,-0.1688,-0.6001,-1.6477,2.2228,0.0663,1,0.0001
2252,-0.1685,-0.6001,-1.7140,2.2888,0.0663,1,0.0001
2253,-0.1682,-0.6001,-1.7803,2.3549,0.0663,1,0.0001
2254,-0.1680,-0.6001,-1.8465,2.4210,0.0663,1,0.0001
2255,-0.1677,-0.6000,-1.9128,2.4871,0.0663,1,0.0000
2256,-0.1674,-0.6000,-1.9791,2.5532,0.0663,1,0.0000
2257,-0.1671,-0.6000,-2.0454,2.6194,0.0663,1,0.0000
2258,-0.1669,-0.6000,-2.1117,2.6855,0.0663,1,0.0000
2259,-0.1666,-0.6000,-2.1780,2.7516,0.0663,1,0.0000
2260,-0.1634,-0.6235,-2.2559,2.8295,0.0815,1,0.0235
2261,-0.1667,-0.6301,-2.3260,2.8998,0.0705,1,0.0301
2262,-0.1664,-0.6293,-2.3925,2.9661,0.0665,1,0.0293
2263,-0.1661,-0.6285,-2.4589,3.0324,0.0664,1,0.0285
2264,-0.1659,-0.6275,-2.5251,3.0985,0.0663,1,0.0275
2265,-0.1657,-0.6256,-2.4581,3.0316,0.0670,1,0.0256
2266,-0.1655,-0.6235,-2.3911,2.9646,0.0671,1,0.0235
2267,-0.1653,-0.6214,-2.3241,2.8976,0.0671,1,0.0214
2268,-0.1651,-0.6193,-2.2570,2.8306,0.0671,1,0.0193
2269,-0.1649,-0.6170,-2.1899,2.7636,0.0671,1,0.0170
2270,-0.1647,-0.6147,-2.1228,2.6966,0.0671,1,0.0147
2271,-0.1645,-0.6123,-2.0557,2.6296,0.0671,1,0.0123
2272,-0.1643,-0.6098,-1.9887,2.5627,0.0671,1,0.0098
2273,-0.1641,-0.6072,-1.9216,2.4957,0.0671,1,0.0072
2274,-0.1640,-0.6053,-1.8546,2.4289,0.0670,1,0.0053
2275,-0.1638,-0.6021,-1.7877,2.3620,0.0670,1,0.0021
2276,-0.1637,-0.5997,-1.7208,2.2952,0.0670,1,0.0000
2277,-0.1636,-0.5962,-1.6541,2.2287,0.0668,1,0.0000
2278,-0.1636,-0.5926,-1.5878,2.1626,0.0664,1,0.0000
2279,-0.1635,-0.5916,-1.5211,2.0961,0.0667,1,0.0000
2280,-0.1633,-0.5889,-1.4544,2.0295,0.0668,1,0.0000
2281,-0.1632,-0.5873,-1.3876,1.9629,0.0668,1,0.0000
2282,-0.1631,-0.5864,-1.3211,1.8966,0.0665,1,0.0000
2283,-0.1631,-0.5871,-1.2543,1.8302,0.0667,1,0.0000
2284,-0.1630,-0.5877,-1.1876,1.7637,0.0667,1,0.0000
2285,-0.1629,-0.5884,-1.1209,1.6973,0.0667,1,0.0000
2286,-0.1628,-0.5903,-1.0540,1.6307,0.0669,1,0.0000
2287,-0.1628,-0.5910,-0.9873,1.5644,0.0667,1,0.0000
2288,-0.1627,-0.5929,-0.9204,1.4979,0.0669,1,0.0000
2289,-0.1626,-0.5949,-0.8536,1.4315,0.0669,1,0.0000
2290,-0.1625,-0.5956,-0.7868,1.3652,0.0667,1,0.0000
2291,-0.1624,-0.5975,-0.7199,1.2988,0.0669,1,0.0000
2292,-0.1623,-0.5982,-0.6532,1.2326,0.0667,1,0.0000
2293,-0.1622,-0.6000,-0.5863,1.1664,0.0670,1,0.0000
2294,-0.1621,-0.6007,-0.5195,1.1003,0.0668,1,0.0007
2295,-0.1620,-0.6013,-0.4527,1.0343,0.0668,1,0.0013
2296,-0.1619,-0.6018,-0.3859,0.9684,0.0668,1,0.0018
2297,-0.1618,-0.6024,-0.3191,0.9026,0.0668,1,0.0024
2298,-0.1617,-0.5998,-0.2525,0.8371,0.0667,1,0.0000
2299,-0.1616,-0.5999,-0.1854,0.7714,0.0670,1,0.0000
2300,-0.1615,-0.5974,-0.1188,0.7063,0.0667,1,0.0000
2301,-0.1614,-0.5967,-0.0519,0.6414,0.0669,1,0.0000
2302,-0.1613,-0.5963,0.0146,0.5773,0.0665,1,0.0000
2303,-0.1613,-0.5963,0.0811,0.5138,0.0665,1,0.0000
2304,-0.1613,-0.5949,0.1475,0.4512,0.0664,1,0.0000
2305,-0.1612,-0.5955,0.2140,0.3899,0.0666,1,0.0000
2306,-0.1612,-0.5950,0.2805,0.3306,0.0664,1,0.0000
2307,-0.1612,-0.5949,0.3470,0.2745,0.0665,1,0.0000
2308,-0.1611,-0.5952,0.4135,0.2243,0.0665,1,0.0000
2309,-0.1611,-0.5961,0.4801,0.1848,0.0666,1,0.0000
2310,-0.1610,-0.5975,0.5467,0.1638,0.0666,1,0.0000
2311,-0.1610,-0.5985,0.6133,0.1685,0.0666,1,0.0000
2312,-0.1609,-0.6002,0.6799,0.1971,0.0667,1,0.0002
2313,-0.1609,-0.6015,0.7466,0.2413,0.0667,1,0.0015
2314,-0.1608,-0.6034,0.8133,0.2941,0.0667,1,0.0034
2315,-0.1608,-0.6055,0.8800,0.3517,0.0667,1,0.0055
2316,-0.1607,-0.6079,0.9467,0.4121,0.0667,1,0.0079
2317,-0.1607,-0.6093,1.0135,0.4742,0.0668,1,0.0093
2318,-0.1606,-0.6103,1.0803,0.5374,0.0668,1,0.0103
2319,-0.1606,-0.6113,1.1468,0.6011,0.0665,1,0.0113
2320,-0.1606,-0.6122,1.2130,0.6651,0.0662,1,0.0122
2321,-0.1606,-0.6130,1.2791,0.7294,0.0662,1,0.0130
2322,-0.1606,-0.6139,1.3452,0.7940,0.0661,1,0.0139
2323,-0.1606,-0.6147,1.4112,0.8586,0.0660,1,0.0147
2324,-0.1606,-0.6154,1.4770,0.9234,0.0659,1,0.0154
2325,-0.1605,-0.6161,1.5428,0.9882,0.0657,1,0.0161
2326,-0.1605,-0.6167,1.6084,1.0529,0.0656,1,0.0167
2327,-0.1605,-0.6173,1.6739,1.1177,0.0655,1,0.0173
2328,-0.1605,-0.6179,1.7391,1.1823,0.0653,1,0.0179
2329,-0.1605,-0.6184,1.8042,1.2468,0.0651,1,0.0184
2330,-0.1605,-0.6189,1.8692,1.3112,0.0649,1,0.0189
2331,-0.1605,-0.6194,1.9339,1.3754,0.0647,1,0.0194
2332,-0.1605,-0.6198,1.9984,1.4395,0.0645,1,0.0198
2333,-0.1605,-0.6202,2.0626,1.5033,0.0643,1,0.0202
2334,-0.1605,-0.6205,2.1267,1.5670,0.0640,1,0.0205
2335,-0.1604,-0.6208,2.1904,1.6304,0.0638,1,0.0208
2336,-0.1604,-0.6211,2.2539,1.6936,0.0635,1,0.0211
2337,-0.1604,-0.6213,2.3171,1.7565,0.0632,1,0.0213
2338,-0.1604,-0.6215,2.3801,1.8192,0.0629,1,0.0215
2339,-0.1604,-0.6217,2.4427,1.8815,0.0626,1,0.0217
2340,-0.1604,-0.6218,2.5050,1.9436,0.0623,1,0.0218
2341,-0.1604,-0.6208,2.4380,1.8769,0.0670,1,0.0208
2342,-0.1604,-0.6192,2.3712,1.8103,0.0668,1,0.0192
2343,-0.1592,-0.6014,2.2291,1.6684,0.1432,1,0.0014
2344,-0.1594,-0.5988,2.1616,1.6012,0.0676,1,0.0000
2345,-0.1595,-0.5959,2.0940,1.5340,0.0676,1,0.0000
2346,-0.1595,-0.5914,2.0264,1.4667,0.0678,1,0.0000
2347,-0.1596,-0.5878,1.9590,1.3997,0.0675,1,0.0000
2348,-0.1597,-0.5842,1.8914,1.3325,0.0678,1,0.0000
2349,-0.1598,-0.5800,1.8237,1.2653,0.0678,1,0.0000
2350,-0.1598,-0.5758,1.7561,1.1983,0.0677,1,0.0000
2351,-0.1599,-0.5727,1.6885,1.1313,0.0678,1,0.0000
2352,-0.1600,-0.5680,1.6208,1.0644,0.0678,1,0.0000
2353,-0.1601,-0.5640,1.5531,0.9976,0.0679,1,0.0000
2354,-0.1601,-0.5599,1.4864,0.9319,0.0668,1,0.0000
2355,-0.1600,-0.5561,1.4195,0.8661,0.0670,1,0.0000
2356,-0.1599,-0.5523,1.3526,0.8006,0.0670,1,0.0000
2357,-0.1599,-0.5483,1.2856,0.7353,0.0670,1,0.0000
2358,-0.1598,-0.5443,1.2188,0.6704,0.0670,1,0.0000
2359,-0.1600,-0.5416,1.1524,0.6064,0.0664,1,0.0000
2360,-0.1587,-0.5638,1.0792,0.5349,0.0765,1,0.0000
2361,-0.1612,-0.5809,0.9990,0.4597,0.0820,1,0.0000
2362,-0.1633,-0.5907,0.9265,0.3937,0.0732,1,0.0000
2363,-0.1632,-0.5907,0.8598,0.3342,0.0667,1,0.0000
2364,-0.1630,-0.5898,0.7935,0.2781,0.0663,1,0.0000
2365,-0.1628,-0.5889,0.7273,0.2277,0.0663,1,0.0000
2366,-0.1626,-0.5880,0.6610,0.1874,0.0662,1,0.0000
2367,-0.1624,-0.5870,0.5949,0.1648,0.0661,1,0.0000
2368,-0.1622,-0.5861,0.5289,0.1672,0.0660,1,0.0000
2369,-0.1620,-0.5851,0.4630,0.1935,0.0659,1,0.0000
2370,-0.1617,-0.5844,0.3970,0.2359,0.0660,1,0.0000
2371,-0.1614,-0.5842,0.3309,0.2874,0.0661,1,0.0000
2372,-0.1613,-0.5833,0.2649,0.3439,0.0660,1,0.0000
2373,-0.1613,-0.5826,0.1990,0.4032,0.0659,1,0.0000
2374,-0.1612,-0.5821,0.1338,0.4637,0.0652,1,0.0000
2375,-0.1611,-0.5823,0.0693,0.5246,0.0645,1,0.0000
2376,-0.1610,-0.5837,0.0049,0.5862,0.0644,1,0.0000
2377,-0.1609,-0.5851,-0.0593,0.6482,0.0642,1,0.0000
2378,-0.1607,-0.5866,-0.1234,0.7104,0.0641,1,0.0000
2379,-0.1606,-0.5881,-0.1874,0.7729,0.0640,1,0.0000
2380,-0.1605,-0.5895,-0.2513,0.8354,0.0639,1,0.0000
2381,-0.1604,-0.5909,-0.3151,0.8981,0.0638,1,0.0000
2382,-0.1602,-0.5922,-0.3788,0.9609,0.0638,1,0.0000
2383,-0.1601,-0.5935,-0.4426,1.0238,0.0637,1,0.0000
2384,-0.1599,-0.5946,-0.5063,1.0868,0.0637,1,0.0000
2385,-0.1598,-0.5956,-0.5700,1.1499,0.0637,1,0.0000
2386,-0.1597,-0.5965,-0.6338,1.2130,0.0637,1,0.0000
2387,-0.1595,-0.5973,-0.6975,1.2762,0.0638,1,0.0000
2388,-0.1594,-0.5979,-0.7613,1.3395,0.0638,1,0.0000
2389,-0.1593,-0.5985,-0.8251,1.4029,0.0638,1,0.0000
2390,-0.1591,-0.5989,-0.8889,1.4663,0.0638,1,0.0000
2391,-0.1590,-0.5992,-0.9528,1.5298,0.0639,1,0.0000
2392,-0.1589,-0.5995,-1.0167,1.5933,0.0639,1,0.0000
2393,-0.1588,-0.5996,-1.0806,1.6569,0.0639,1,0.0000
2394,-0.1587,-0.5997,-1.1446,1.7206,0.0640,1,0.0000
2395,-0.1586,-0.5997,-1.2086,1.7843,0.0640,1,0.0000
2396,-0.1584,-0.5996,-1.2726,1.8480,0.0640,1,0.0000
2397,-0.1583,-0.5995,-1.3366,1.9118,0.0640,1,0.0000
2398,-0.1582,-0.5993,-1.4006,1.9756,0.0640,1,0.0000
2399,-0.1581,-0.5991,-1.4647,2.0395,0.0641,1,0.0000
2400,-0.1580,-0.5989,-1.5287,2.1033,0.0641,1,0.0000
2401,-0.1579,-0.5987,-1.5928,2.1672,0.0641,1,0.0000
2402,-0.1578,-0.5984,-1.6569,2.2311,0.0641,1,0.0000
2403,-0.1577,-0.5969,-1.7210,2.2950,0.0641,1,0.0000
2404,-0.1576,-0.5940,-1.7851,2.3589,0.0641,1,0.0000
2405,-0.1575,-0.5912,-1.8492,2.4229,0.0642,1,0.0000
2406,-0.1574,-0.5885,-1.9133,2.4869,0.0642,1,0.0000
2407,-0.1573,-0.5858,-1.9775,2.5509,0.0643,1,0.0000
2408,-0.1572,-0.5832,-2.0418,2.6151,0.0643,1,0.0000
2409,-0.1571,-0.5807,-2.1062,2.6793,0.0644,1,0.0000
2410,-0.1570,-0.5786,-2.1706,2.7436,0.0645,1,0.0000
2411,-0.1569,-0.5770,-2.2351,2.8080,0.0645,1,0.0000
2412,-0.1568,-0.5759,-2.2997,2.8725,0.0646,1,0.0000
2413,-0.1568,-0.5752,-2.3644,2.9371,0.0647,1,0.0000
2414,-0.1567,-0.5748,-2.4292,3.0018,0.0648,1,0.0000
2415,-0.1566,-0.5748,-2.4941,3.0667,0.0649,1,0.0000
2416,-0.1565,-0.5752,-2.5592,3.1316,0.0650,1,0.0000
2417,-0.1565,-0.5774,-2.4919,3.0644,0.0673,1,0.0000
2418,-0.1565,-0.5781,-2.4245,2.9971,0.0673,1,0.0000
2419,-0.1564,-0.5799,-2.3572,2.9299,0.0674,1,0.0000
2420,-0.1564,-0.5817,-2.2898,2.8627,0.0674,1,0.0000
2421,-0.1563,-0.5811,-2.2225,2.7954,0.0674,1,0.0000
2422,-0.1563,-0.5795,-2.1552,2.7282,0.0673,1,0.0000
2423,-0.1563,-0.5781,-2.0879,2.6611,0.0673,1,0.0000
2424,-0.1562,-0.5774,-2.0207,2.5939,0.0673,1,0.0000
2425,-0.1562,-0.5771,-1.9534,2.5268,0.0673,1,0.0000
2426,-0.1562,-0.5773,-1.8862,2.4596,0.0673,1,0.0000
2427,-0.1562,-0.5780,-1.8189,2.3926,0.0672,1,0.0000
2428,-0.1561,-0.5791,-1.7517,2.3255,0.0672,1,0.0000
2429,-0.1561,-0.5805,-1.6846,2.2585,0.0671,1,0.0000
2430,-0.1561,-0.5822,-1.6176,2.1917,0.0671,1,0.0000
2431,-0.1561,-0.5842,-1.5506,2.1249,0.0670,1,0.0000
2432,-0.1560,-0.5863,-1.4838,2.0583,0.0669,1,0.0000
2433,-0.1560,-0.5887,-1.4171,1.9918,0.0667,1,0.0000
2434,-0.1560,-0.5911,-1.3506,1.9255,0.0666,1,0.0000
2435,-0.1560,-0.5933,-1.2840,1.8591,0.0666,1,0.0000
2436,-0.1559,-0.5953,-1.2175,1.7929,0.0665,1,0.0000
2437,-0.1559,-0.5970,-1.1511,1.7268,0.0664,1,0.0000
2438,-0.1559,-0.5986,-1.0849,1.6609,0.0662,1,0.0000
2439,-0.1558,-0.5999,-1.0189,1.5952,0.0661,1,0.0000
2440,-0.1558,-0.6009,-0.9530,1.5296,0.0659,1,0.0009
2441,-0.1558,-0.6018,-0.8872,1.4642,0.0658,1,0.0018
2442,-0.1558,-0.6024,-0.8218,1.3992,0.0654,1,0.0024
2443,-0.1558,-0.6028,-0.7565,1.3344,0.0653,1,0.0028
2444,-0.1558,-0.6030,-0.6913,1.2697,0.0652,1,0.0030
2445,-0.1558,-0.6031,-0.6262,1.2051,0.0651,1,0.0031
2446,-0.1557,-0.6034,-0.5610,1.1406,0.0652,1,0.0034
2447,-0.1557,-0.6037,-0.4960,1.0762,0.0650,1,0.0037
2448,-0.1557,-0.6040,-0.4311,1.0120,0.0649,1,0.0040
2449,-0.1556,-0.6045,-0.3662,0.9480,0.0648,1,0.0045
2450,-0.1556,-0.6052,-0.3015,0.8843,0.0647,1,0.0052
2451,-0.1556,-0.6051,-0.2366,0.8205,0.0649,1,0.0051
2452,-0.1556,-0.6045,-0.1718,0.7570,0.0648,1,0.0045
2453,-0.1555,-0.6036,-0.1071,0.6938,0.0647,1,0.0036
2454,-0.1555,-0.6026,-0.0424,0.6309,0.0647,1,0.0026
2455,-0.1555,-0.6014,0.0222,0.5685,0.0647,1,0.0014
2456,-0.1554,-0.6001,0.0869,0.5066,0.0647,1,0.0001
2457,-0.1554,-0.5986,0.1515,0.4455,0.0647,1,0.0000
2458,-0.1554,-0.5972,0.2162,0.3856,0.0647,1,0.0000
2459,-0.1553,-0.5959,0.2808,0.3275,0.0647,1,0.0000
2460,-0.1553,-0.5948,0.3456,0.2723,0.0647,1,0.0000
2461,-0.1553,-0.5938,0.4103,0.2223,0.0648,1,0.0000
2462,-0.1552,-0.5930,0.4751,0.1819,0.0648,1,0.0000
2463,-0.1552,-0.5924,0.5399,0.1586,0.0648,1,0.0000
2464,-0.1552,-0.5919,0.6048,0.1601,0.0649,1,0.0000
2465,-0.1552,-0.5917,0.6697,0.1858,0.0649,1,0.0000
2466,-0.1551,-0.5915,0.7346,0.2278,0.0650,1,0.0000
2467,-0.1551,-0.5916,0.7996,0.2787,0.0650,1,0.0000
2468,-0.1551,-0.5917,0.8647,0.3346,0.0650,1,0.0000
2469,-0.1582,-0.5916,0.9237,0.3891,0.0591,1,0.0000
2470,-0.1608,-0.5915,0.9831,0.4449,0.0594,1,0.0000
2471,-0.1630,-0.5916,1.0427,0.5017,0.0597,1,0.0000
2472,-0.1650,-0.5916,1.1027,0.5593,0.0600,1,0.0000
2473,-0.1667,-0.5918,1.1629,0.6175,0.0602,1,0.0000
2474,-0.1684,-0.5920,1.2232,0.6762,0.0604,1,0.0000
2475,-0.1699,-0.5923,1.2838,0.7353,0.0605,1,0.0000
2476,-0.1713,-0.5926,1.3444,0.7948,0.0607,1,0.0000
2477,-0.1715,-0.5928,1.4014,0.8505,0.0570,1,0.0000
2478,-0.1723,-0.5930,1.4598,0.9079,0.0584,1,0.0000
2479,-0.1739,-0.5935,1.5208,0.9681,0.0610,1,0.0000
2480,-0.1753,-0.5939,1.5819,1.0286,0.0612,1,0.0000
2481,-0.1767,-0.5944,1.6431,1.0892,0.0612,1,0.0000
2482,-0.1779,-0.5990,1.7028,1.1484,0.0599,1,0.0000
2483,-0.1793,-0.5988,1.7643,1.2093,0.0615,1,0.0000
2484,-0.1805,-0.5985,1.8258,1.2704,0.0616,1,0.0000
2485,-0.1818,-0.5982,1.8875,1.3316,0.0616,1,0.0000
2486,-0.1829,-0.5977,1.9492,1.3929,0.0617,1,0.0000
2487,-0.1840,-0.5972,2.0110,1.4543,0.0618,1,0.0000
2488,-0.1850,-0.5967,2.0729,1.5158,0.0619,1,0.0000
2489,-0.1860,-0.5962,2.1349,1.5775,0.0620,1,0.0000
2490,-0.1869,-0.5956,2.1970,1.6392,0.0621,1,0.0000
2491,-0.1877,-0.5950,2.2591,1.7011,0.0622,1,0.0000
2492,-0.1885,-0.5945,2.3214,1.7631,0.0623,1,0.0000
2493,-0.1893,-0.5940,2.3837,1.8251,0.0623,1,0.0000
2494,-0.1900,-0.5935,2.4461,1.8873,0.0624,1,0.0000
2495,-0.1907,-0.5930,2.5086,1.9495,0.0625,1,0.0000
2496,-0.1926,-0.5930,2.4384,1.8798,0.0702,1,0.0000
2497,-0.1945,-0.5930,2.3682,1.8102,0.0702,1,0.0000
2498,-0.1962,-0.5930,2.2980,1.7407,0.0702,1,0.0000
2499,-0.1978,-0.5930,2.2279,1.6712,0.0702,1,0.0000
2500,-0.1994,-0.5930,2.1577,1.6017,0.0702,1,0.0000
2501,-0.2009,-0.5930,2.0876,1.5324,0.0701,1,0.0000
2502,-0.2023,-0.5931,2.0175,1.4631,0.0701,1,0.0000
2503,-0.2037,-0.5932,1.9474,1.3939,0.0701,1,0.0000
2504,-0.2049,-0.5933,1.8773,1.3248,0.0701,1,0.0000
2505,-0.2061,-0.5934,1.8073,1.2559,0.0701,1,0.0000
2506,-0.2072,-0.5936,1.7372,1.1870,0.0700,1,0.0000
2507,-0.2082,-0.5937,1.6672,1.1184,0.0700,1,0.0000
2508,-0.2092,-0.5939,1.5972,1.0499,0.0700,1,0.0000
2509,-0.2101,-0.5940,1.5272,0.9816,0.0700,1,0.0000
2510,-0.2109,-0.5942,1.4572,0.9136,0.0700,1,0.0000
2511,-0.2117,-0.5944,1.3873,0.8459,0.0699,1,0.0000
2512,-0.2123,-0.5946,1.3174,0.7786,0.0699,1,0.0000
2513,-0.2130,-0.5948,1.2475,0.7118,0.0699,1,0.0000
2514,-0.2135,-0.5951,1.1776,0.6457,0.0699,1,0.0000
2515,-0.2140,-0.5953,1.1077,0.5804,0.0699,1,0.0000
2516,-0.2144,-0.5955,1.0379,0.5163,0.0698,1,0.0000
2517,-0.2147,-0.5957,0.9681,0.4540,0.0698,1,0.0000
2518,-0.2150,-0.5959,0.8983,0.3941,0.0698,1,0.0000
2519,-0.2153,-0.5962,0.8285,0.3381,0.0698,1,0.0000
2520,-0.2154,-0.5964,0.7587,0.2880,0.0698,1,0.0000
2521,-0.2155,-0.5966,0.6890,0.2477,0.0698,1,0.0000
2522,-0.2156,-0.5968,0.6192,0.2223,0.0697,1,0.0000
2523,-0.2156,-0.5970,0.5495,0.2173,0.0697,1,0.0000
2524,-0.2155,-0.5972,0.4798,0.2339,0.0697,1,0.0000
2525,-0.2153,-0.5974,0.4101,0.2681,0.0697,1,0.0000
2526,-0.2151,-0.5976,0.3405,0.3142,0.0697,1,0.0000
2527,-0.2149,-0.5978,0.2708,0.3678,0.0697,1,0.0000
2528,-0.2146,-0.5980,0.2012,0.4260,0.0696,1,0.0000
2529,-0.2143,-0.5981,0.1316,0.4871,0.0695,1,0.0000
2530,-0.2139,-0.5982,0.0657,0.5468,0.0659,1,0.0000
2531,-0.2135,-0.5982,-0.0003,0.6079,0.0660,1,0.0000
2532,-0.2133,-0.5982,-0.0663,0.6701,0.0661,1,0.0000
2533,-0.2131,-0.5981,-0.1324,0.7329,0.0661,1,0.0000
2534,-0.2130,-0.5981,-0.1986,0.7964,0.0661,1,0.0000
2535,-0.2130,-0.5981,-0.2647,0.8603,0.0662,1,0.0000
2536,-0.2130,-0.5981,-0.3309,0.9246,0.0662,1,0.0000
2537,-0.2131,-0.5983,-0.4009,0.9928,0.0699,1,0.0000
2538,-0.2131,-0.5985,-0.4707,1.0611,0.0699,1,0.0000
2539,-0.2129,-0.5985,-0.5368,1.1259,0.0661,1,0.0000
2540,-0.2128,-0.5985,-0.6030,1.1909,0.0662,1,0.0000
2541,-0.2127,-0.5984,-0.6692,1.2560,0.0662,1,0.0000
2542,-0.2127,-0.5984,-0.7354,1.3213,0.0662,1,0.0000
2543,-0.2128,-0.5984,-0.8016,1.3867,0.0662,1,0.0000
2544,-0.2129,-0.5984,-0.8679,1.4522,0.0662,1,0.0000
2545,-0.2130,-0.5985,-0.9341,1.5178,0.0663,1,0.0000
2546,-0.2132,-0.5985,-1.0004,1.5835,0.0663,1,0.0000
2547,-0.2134,-0.5985,-1.0667,1.6492,0.0663,1,0.0000
2548,-0.2136,-0.5986,-1.1329,1.7150,0.0663,1,0.0000
2549,-0.2138,-0.5991,-1.2029,1.7844,0.0700,1,0.0000
2550,-0.2139,-0.5995,-1.2728,1.8539,0.0699,1,0.0000
2551,-0.2137,-0.5993,-1.3390,1.9196,0.0662,1,0.0000
2552,-0.2136,-0.5992,-1.4052,1.9853,0.0662,1,0.0000
2553,-0.2136,-0.5990,-1.4714,2.0512,0.0662,1,0.0000
2554,-0.2137,-0.5989,-1.5376,2.1170,0.0662,1,0.0000
2555,-0.2138,-0.5988,-1.6038,2.1829,0.0662,1,0.0000
2556,-0.2140,-0.5987,-1.6701,2.2489,0.0662,1,0.0000
2557,-0.2141,-0.5986,-1.7363,2.3149,0.0663,1,0.0000
2558,-0.2144,-0.5985,-1.8026,2.3809,0.0663,1,0.0000
2559,-0.2146,-0.5985,-1.8688,2.4469,0.0663,1,0.0000
2560,-0.2149,-0.5992,-1.9388,2.5166,0.0700,1,0.0000
2561,-0.2149,-0.5997,-2.0087,2.5863,0.0699,1,0.0000
2562,-0.2147,-0.5993,-2.0748,2.6522,0.0661,1,0.0000
2563,-0.2146,-0.5990,-2.1410,2.7181,0.0662,1,0.0000
2564,-0.2146,-0.5988,-2.2072,2.7841,0.0662,1,0.0000
2565,-0.2147,-0.5986,-2.2734,2.8501,0.0662,1,0.0000
2566,-0.2148,-0.5984,-2.3396,2.9161,0.0662,1,0.0000
2567,-0.2149,-0.5983,-2.4058,2.9822,0.0662,1,0.0000
2568,-0.2151,-0.5982,-2.4721,3.0483,0.0662,1,0.0000
2569,-0.2154,-0.5982,-2.5383,3.1144,0.0663,1,0.0000
2570,-0.2155,-0.5981,-2.4714,3.0476,0.0670,1,0.0000
2571,-0.2157,-0.5982,-2.4044,2.9808,0.0670,1,0.0000
2572,-0.2159,-0.5990,-2.3412,2.9178,0.0633,1,0.0000
2573,-0.2158,-0.5996,-2.2778,2.8546,0.0633,1,0.0000
2574,-0.2155,-0.5992,-2.2107,2.7877,0.0671,1,0.0000
2575,-0.2153,-0.5989,-2.1437,2.7208,0.0671,1,0.0000
2576,-0.2152,-0.5987,-2.0766,2.6539,0.0671,1,0.0000
2577,-0.2152,-0.5985,-2.0096,2.5871,0.0670,1,0.0000
2578,-0.2152,-0.5984,-1.9425,2.5203,0.0670,1,0.0000
2579,-0.2153,-0.5983,-1.8755,2.4536,0.0670,1,0.0000
2580,-0.2154,-0.5983,-1.8085,2.3869,0.0670,1,0.0000
2581,-0.2155,-0.5983,-1.7415,2.3202,0.0670,1,0.0000
2582,-0.2156,-0.5983,-1.6745,2.2535,0.0670,1,0.0000
2583,-0.2158,-0.5983,-1.6075,2.1868,0.0670,1,0.0000
2584,-0.2160,-0.5989,-1.5443,2.1239,0.0633,1,0.0000
2585,-0.2159,-0.5993,-1.4809,2.0609,0.0634,1,0.0000
2586,-0.2156,-0.5990,-1.4138,1.9941,0.0671,1,0.0000
2587,-0.2155,-0.5988,-1.3467,1.9274,0.0671,1,0.0000
2588,-0.2154,-0.5987,-1.2796,1.8608,0.0671,1,0.0000
2589,-0.2154,-0.5985,-1.2126,1.7942,0.0671,1,0.0000
2590,-0.2154,-0.5984,-1.1455,1.7277,0.0671,1,0.0000
2591,-0.2154,-0.5984,-1.0785,1.6612,0.0670,1,0.0000
2592,-0.2155,-0.5983,-1.0114,1.5947,0.0670,1,0.0000
2593,-0.2156,-0.5983,-0.9444,1.5284,0.0670,1,0.0000
2594,-0.2157,-0.5983,-0.8774,1.4621,0.0670,1,0.0000
2595,-0.2158,-0.5983,-0.8104,1.3959,0.0670,1,0.0000
2596,-0.2160,-0.5983,-0.7434,1.3298,0.0670,1,0.0000
2597,-0.2161,-0.5983,-0.6764,1.2637,0.0670,1,0.0000
2598,-0.2162,-0.5983,-0.6094,1.1978,0.0670,1,0.0000
2599,-0.2164,-0.5983,-0.5425,1.1321,0.0670,1,0.0000
2600,-0.2165,-0.5983,-0.4755,1.0664,0.0670,1,0.0000
2601,-0.2166,-0.5983,-0.4085,1.0010,0.0670,1,0.0000
2602,-0.2168,-0.5983,-0.3415,0.9357,0.0670,1,0.0000
2603,-0.2169,-0.5983,-0.2745,0.8708,0.0670,1,0.0000
2604,-0.2170,-0.5982,-0.2075,0.8061,0.0670,1,0.0000
2605,-0.2171,-0.5982,-0.1406,0.7419,0.0670,1,0.0000
2606,-0.2173,-0.5981,-0.0736,0.6782,0.0670,1,0.0000
2607,-0.2174,-0.5981,-0.0066,0.6152,0.0670,1,0.0000
2608,-0.2175,-0.5981,0.0604,0.5531,0.0670,1,0.0000
2609,-0.2176,-0.5980,0.1274,0.4923,0.0670,1,0.0000
2610,-0.2177,-0.5979,0.1944,0.4334,0.0670,1,0.0000
2611,-0.2178,-0.5979,0.2614,0.3771,0.0670,1,0.0000
2612,-0.2179,-0.5978,0.3284,0.3249,0.0670,1,0.0000
2613,-0.2180,-0.5978,0.3954,0.2791,0.0670,1,0.0000
2614,-0.2181,-0.5977,0.4625,0.2434,0.0670,1,0.0000
2615,-0.2182,-0.5976,0.5295,0.2226,0.0670,1,0.0000
2616,-0.2182,-0.5976,0.5965,0.2210,0.0670,1,0.0000
2617,-0.2183,-0.5975,0.6635,0.2390,0.0670,1,0.0000
2618,-0.2184,-0.5974,0.7306,0.2727,0.0670,1,0.0000
2619,-0.2184,-0.5973,0.7976,0.3172,0.0670,1,0.0000
2620,-0.2185,-0.5975,0.8646,0.3685,0.0670,1,0.0000
2621,-0.2186,-0.5976,0.9316,0.4243,0.0670,1,0.0000
2622,-0.2187,-0.5977,0.9986,0.4829,0.0670,1,0.0000
2623,-0.2188,-0.5979,1.0656,0.5435,0.0670,1,0.0000
2624,-0.2188,-0.5980,1.1326,0.6054,0.0670,1,0.0000
2625,-0.2189,-0.5981,1.1996,0.6683,0.0670,1,0.0000
2626,-0.2189,-0.5982,1.2666,0.7319,0.0670,1,0.0000
2627,-0.2189,-0.5983,1.3336,0.7961,0.0670,1,0.0000
2628,-0.2190,-0.5984,1.4006,0.8607,0.0670,1,0.0000
2629,-0.2190,-0.5985,1.4677,0.9257,0.0670,1,0.0000
2630,-0.2190,-0.5985,1.5347,0.9909,0.0670,1,0.0000
2631,-0.2190,-0.5985,1.6017,1.0563,0.0670,1,0.0000
2632,-0.2190,-0.5986,1.6687,1.1220,0.0670,1,0.0000
2633,-0.2190,-0.5986,1.7357,1.1878,0.0670,1,0.0000
2634,-0.2190,-0.5985,1.8027,1.2537,0.0670,1,0.0000
2635,-0.2189,-0.5985,1.8698,1.3197,0.0670,1,0.0000
2636,-0.2189,-0.5985,1.9368,1.3858,0.0670,1,0.0000
2637,-0.2189,-0.5984,2.0038,1.4520,0.0670,1,0.0000
2638,-0.2188,-0.5984,2.0708,1.5183,0.0670,1,0.0000
2639,-0.2188,-0.5983,2.1379,1.5847,0.0670,1,0.0000
2640,-0.2187,-0.5983,2.2049,1.6510,0.0670,1,0.0000
2641,-0.2187,-0.5982,2.2719,1.7175,0.0670,1,0.0000
2642,-0.2186,-0.5981,2.3389,1.7840,0.0670,1,0.0000
2643,-0.2186,-0.5981,2.4060,1.8505,0.0670,1,0.0000
2644,-0.2185,-0.5980,2.4730,1.9171,0.0670,1,0.0000
2645,-0.2184,-0.5979,2.5401,1.9837,0.0670,1,0.0000
2646,-0.2188,-0.5979,2.4738,1.9179,0.0663,1,0.0000
2647,-0.2191,-0.5979,2.4075,1.8521,0.0663,1,0.0000
2648,-0.2195,-0.5978,2.3412,1.7864,0.0663,1,0.0000
2649,-0.2199,-0.5978,2.2749,1.7207,0.0663,1,0.0000
2650,-0.2202,-0.5978,2.2087,1.6550,0.0663,1,0.0000
2651,-0.2206,-0.5978,2.1424,1.5894,0.0663,1,0.0000
2652,-0.2210,-0.5978,2.0761,1.5239,0.0663,1,0.0000
2653,-0.2214,-0.5978,2.0099,1.4584,0.0663,1,0.0000
2654,-0.2218,-0.5978,1.9436,1.3930,0.0663,1,0.0000
2655,-0.2222,-0.5977,1.8773,1.3277,0.0663,1,0.0000
2656,-0.2226,-0.5977,1.8111,1.2625,0.0663,1,0.0000
2657,-0.2230,-0.5977,1.7448,1.1974,0.0663,1,0.0000
2658,-0.2234,-0.5977,1.6785,1.1325,0.0663,1,0.0000
2659,-0.2239,-0.5978,1.6123,1.0677,0.0663,1,0.0000
2660,-0.2243,-0.5978,1.5460,1.0031,0.0663,1,0.0000
2661,-0.2248,-0.5978,1.4797,0.9388,0.0663,1,0.0000
2662,-0.2252,-0.5978,1.4135,0.8747,0.0663,1,0.0000
2663,-0.2257,-0.5978,1.3472,0.8110,0.0663,1,0.0000
2664,-0.2261,-0.5978,1.2810,0.7478,0.0663,1,0.0000
2665,-0.2266,-0.5978,1.2147,0.6851,0.0663,1,0.0000
2666,-0.2271,-0.5978,1.1485,0.6232,0.0663,1,0.0000
2667,-0.2276,-0.5978,1.0822,0.5622,0.0663,1,0.0000
2668,-0.2281,-0.5978,1.0160,0.5026,0.0663,1,0.0000
2669,-0.2286,-0.5978,0.9497,0.4450,0.0662,1,0.0000
2670,-0.2292,-0.5979,0.8834,0.3900,0.0663,1,0.0000
2671,-0.2298,-0.5982,0.8171,0.3391,0.0663,1,0.0000
2672,-0.2303,-0.5984,0.7508,0.2945,0.0663,1,0.0000
2673,-0.2309,-0.5986,0.6845,0.2593,0.0663,1,0.0000
2674,-0.2315,-0.5988,0.6181,0.2377,0.0663,1,0.0000
2675,-0.2320,-0.5990,0.5518,0.2336,0.0663,1,0.0000
2676,-0.2326,-0.5991,0.4855,0.2479,0.0663,1,0.0000
2677,-0.2331,-0.5992,0.4192,0.2777,0.0663,1,0.0000
2678,-0.2337,-0.5993,0.3529,0.3187,0.0663,1,0.0000
2679,-0.2343,-0.5994,0.2866,0.3672,0.0663,1,0.0000
2680,-0.2349,-0.5994,0.2203,0.4206,0.0663,1,0.0000
2681,-0.2354,-0.5995,0.1540,0.4773,0.0663,1,0.0000
2682,-0.2360,-0.5995,0.0877,0.5361,0.0663,1,0.0000
2683,-0.2366,-0.5995,0.0214,0.5966,0.0663,1,0.0000
2684,-0.2372,-0.5995,-0.0450,0.6581,0.0663,1,0.0000
2685,-0.2378,-0.5995,-0.1113,0.7205,0.0663,1,0.0000
2686,-0.2385,-0.5995,-0.1776,0.7836,0.0663,1,0.0000
2687,-0.2391,-0.5995,-0.2439,0.8472,0.0663,1,0.0000
2688,-0.2397,-0.5995,-0.3102,0.9111,0.0663,1,0.0000
2689,-0.2404,-0.5994,-0.3766,0.9754,0.0663,1,0.0000
2690,-0.2410,-0.5994,-0.4429,1.0400,0.0663,1,0.0000
2691,-0.2417,-0.5994,-0.5092,1.1047,0.0663,1,0.0000
2692,-0.2423,-0.5994,-0.5755,1.1697,0.0663,1,0.0000
2693,-0.2430,-0.5993,-0.6419,1.2347,0.0663,1,0.0000
2694,-0.2437,-0.5993,-0.7082,1.3000,0.0663,1,0.0000
2695,-0.2444,-0.5993,-0.7745,1.3653,0.0663,1,0.0000
2696,-0.2451,-0.5993,-0.8409,1.4307,0.0663,1,0.0000
2697,-0.2458,-0.5993,-0.9072,1.4962,0.0663,1,0.0000
2698,-0.2465,-0.5993,-0.9735,1.5618,0.0663,1,0.0000
2699,-0.2472,-0.5992,-1.0399,1.6274,0.0663,1,0.0000
2700,-0.2479,-0.5992,-1.1062,1.6931,0.0663,1,0.0000
2701,-0.2487,-0.5992,-1.1725,1.7589,0.0663,1,0.0000
2702,-0.2494,-0.5992,-1.2389,1.8247,0.0663,1,0.0000
2703,-0.2502,-0.5992,-1.3052,1.8905,0.0663,1,0.0000
2704,-0.2510,-0.5992,-1.3716,1.9564,0.0663,1,0.0000
2705,-0.2517,-0.5992,-1.4379,2.0223,0.0664,1,0.0000
2706,-0.2525,-0.5992,-1.5043,2.0882,0.0663,1,0.0000
2707,-0.2533,-0.5992,-1.5706,2.1542,0.0663,1,0.0000
2708,-0.2541,-0.5992,-1.6369,2.2202,0.0664,1,0.0000
2709,-0.2549,-0.5992,-1.7033,2.2862,0.0664,1,0.0000
2710,-0.2557,-0.5992,-1.7697,2.3522,0.0664,1,0.0000
2711,-0.2565,-0.5993,-1.8360,2.4183,0.0664,1,0.0000
2712,-0.2574,-0.5993,-1.9024,2.4843,0.0664,1,0.0000
2713,-0.2582,-0.5993,-1.9687,2.5504,0.0664,1,0.0000
2714,-0.2590,-0.5993,-2.0351,2.6165,0.0664,1,0.0000
2715,-0.2599,-0.5993,-2.1014,2.6827,0.0664,1,0.0000
2716,-0.2607,-0.5993,-2.1678,2.7488,0.0664,1,0.0000
2717,-0.2616,-0.5993,-2.2342,2.8150,0.0664,1,0.0000
2718,-0.2625,-0.5994,-2.3005,2.8811,0.0664,1,0.0000
2719,-0.2634,-0.5994,-2.3669,2.9473,0.0664,1,0.0000
2720,-0.2643,-0.5994,-2.4333,3.0135,0.0664,1,0.0000
2721,-0.2652,-0.5994,-2.4996,3.0797,0.0664,1,0.0000
2722,-0.2661,-0.5994,-2.5660,3.1459,0.0664,1,0.0000
2723,-0.2662,-0.5994,-2.4990,3.0792,0.0670,1,0.0000
2724,-0.2663,-0.5994,-2.4321,3.0125,0.0670,1,0.0000
2725,-0.2663,-0.5994,-2.3651,2.9458,0.0670,1,0.0000
2726,-0.2664,-0.5994,-2.2981,2.8791,0.0670,1,0.0000
2727,-0.2665,-0.5994,-2.2312,2.8124,0.0670,1,0.0000
2728,-0.2665,-0.5994,-2.1642,2.7458,0.0670,1,0.0000
2729,-0.2665,-0.5994,-2.0972,2.6791,0.0670,1,0.0000
2730,-0.2666,-0.5994,-2.0302,2.6125,0.0670,1,0.0000
2731,-0.2666,-0.5994,-1.9632,2.5458,0.0670,1,0.0000
2732,-0.2667,-0.5994,-1.8962,2.4792,0.0670,1,0.0000
2733,-0.2667,-0.5994,-1.8292,2.4127,0.0670,1,0.0000
2734,-0.2667,-0.5994,-1.7622,2.3461,0.0670,1,0.0000
2735,-0.2668,-0.5994,-1.6952,2.2795,0.0670,1,0.0000
2736,-0.2668,-0.5994,-1.6282,2.2130,0.0670,1,0.0000
2737,-0.2668,-0.5994,-1.5612,2.1465,0.0670,1,0.0000
2738,-0.2669,-0.5993,-1.4942,2.0801,0.0670,1,0.0000
2739,-0.2669,-0.5993,-1.4272,2.0136,0.0670,1,0.0000
2740,-0.2669,-0.5993,-1.3602,1.9473,0.0670,1,0.0000
2741,-0.2670,-0.5993,-1.2932,1.8809,0.0670,1,0.0000
2742,-0.2670,-0.5993,-1.2262,1.8146,0.0670,1,0.0000
2743,-0.2670,-0.5993,-1.1592,1.7484,0.0670,1,0.0000
2744,-0.2671,-0.5993,-1.0922,1.6822,0.0670,1,0.0000
2745,-0.2671,-0.5993,-1.0251,1.6160,0.0670,1,0.0000
2746,-0.2672,-0.5993,-0.9581,1.5500,0.0670,1,0.0000
2747,-0.2672,-0.5993,-0.8911,1.4840,0.0670,1,0.0000
2748,-0.2673,-0.5993,-0.8241,1.4182,0.0670,1,0.0000
2749,-0.2673,-0.5993,-0.7570,1.3524,0.0670,1,0.0000
2750,-0.2674,-0.5993,-0.6900,1.2868,0.0670,1,0.0000
2751,-0.2674,-0.5993,-0.6230,1.2213,0.0670,1,0.0000
2752,-0.2675,-0.5993,-0.5559,1.1561,0.0670,1,0.0000
2753,-0.2676,-0.5993,-0.4889,1.0910,0.0670,1,0.0000
2754,-0.2676,-0.5993,-0.4219,1.0262,0.0670,1,0.0000
2755,-0.2677,-0.5993,-0.3548,0.9616,0.0670,1,0.0000
2756,-0.2678,-0.5993,-0.2878,0.8975,0.0670,1,0.0000
2757,-0.2678,-0.5993,-0.2208,0.8338,0.0670,1,0.0000
2758,-0.2679,-0.5993,-0.1537,0.7706,0.0670,1,0.0000
2759,-0.2680,-0.5993,-0.0867,0.7082,0.0670,1,0.0000
2760,-0.2681,-0.5993,-0.0196,0.6467,0.0670,1,0.0000
2761,-0.2681,-0.5993,0.0474,0.5865,0.0670,1,0.0000
2762,-0.2682,-0.5993,0.1145,0.5278,0.0671,1,0.0000
2763,-0.2683,-0.5993,0.1815,0.4714,0.0671,1,0.0000
2764,-0.2684,-0.5993,0.2486,0.4182,0.0671,1,0.0000
2765,-0.2685,-0.5993,0.3157,0.3695,0.0671,1,0.0000
2766,-0.2686,-0.5993,0.3827,0.3274,0.0671,1,0.0000
2767,-0.2687,-0.5993,0.4498,0.2946,0.0671,1,0.0000
2768,-0.2688,-0.5993,0.5168,0.2746,0.0671,1,0.0000
2769,-0.2689,-0.5993,0.5839,0.2703,0.0671,1,0.0000
2770,-0.2690,-0.5993,0.6510,0.2822,0.0671,1,0.0000
2771,-0.2691,-0.5993,0.7180,0.3086,0.0671,1,0.0000
2772,-0.2692,-0.5993,0.7851,0.3462,0.0671,1,0.0000
2773,-0.2693,-0.5993,0.8522,0.3918,0.0671,1,0.0000
2774,-0.2694,-0.5993,0.9192,0.4428,0.0671,1,0.0000
2775,-0.2696,-0.5993,0.9863,0.4977,0.0671,1,0.0000
2776,-0.2697,-0.5993,1.0534,0.5553,0.0671,1,0.0000
2777,-0.2698,-0.5993,1.1205,0.6147,0.0671,1,0.0000
2778,-0.2699,-0.5993,1.1875,0.6757,0.0671,1,0.0000
2779,-0.2701,-0.5993,1.2546,0.7377,0.0671,1,0.0000
2780,-0.2702,-0.5993,1.3217,0.8005,0.0671,1,0.0000
2781,-0.2703,-0.5993,1.3888,0.8639,0.0671,1,0.0000
2782,-0.2705,-0.5993,1.4559,0.9279,0.0671,1,0.0000
2783,-0.2706,-0.5993,1.5229,0.9923,0.0671,1,0.0000
2784,-0.2707,-0.5993,1.5900,1.0570,0.0671,1,0.0000
2785,-0.2709,-0.5993,1.6571,1.1220,0.0671,1,0.0000
2786,-0.2710,-0.5993,1.7242,1.1873,0.0671,1,0.0000
2787,-0.2712,-0.5992,1.7913,1.2527,0.0671,1,0.0000
2788,-0.2714,-0.5992,1.8584,1.3183,0.0671,1,0.0000
2789,-0.2715,-0.5992,1.9255,1.3840,0.0671,1,0.0000
2790,-0.2717,-0.5992,1.9926,1.4499,0.0671,1,0.0000
2791,-0.2719,-0.5992,2.0597,1.5159,0.0671,1,0.0000
2792,-0.2720,-0.5992,2.1268,1.5820,0.0671,1,0.0000
2793,-0.2722,-0.5992,2.1939,1.6481,0.0671,1,0.0000
2794,-0.2724,-0.5992,2.2610,1.7144,0.0671,1,0.0000
2795,-0.2725,-0.5992,2.3281,1.7807,0.0671,1,0.0000
2796,-0.2727,-0.5992,2.3952,1.8470,0.0671,1,0.0000
2797,-0.2729,-0.5992,2.4623,1.9134,0.0671,1,0.0000
2798,-0.2731,-0.5992,2.5294,1.9799,0.0671,1,0.0000
2799,-0.2741,-0.5992,2.4632,1.9145,0.0662,1,0.0000
2800,-0.2751,-0.5992,2.3969,1.8491,0.0662,1,0.0000
2801,-0.2761,-0.5992,2.3307,1.7838,0.0662,1,0.0000
2802,-0.2771,-0.5992,2.2645,1.7186,0.0662,1,0.0000
2803,-0.2781,-0.5992,2.1982,1.6534,0.0662,1,0.0000
2804,-0.2791,-0.5992,2.1320,1.5883,0.0662,1,0.0000
2805,-0.2801,-0.5992,2.0658,1.5234,0.0662,1,0.0000
2806,-0.2812,-0.5993,1.9995,1.4585,0.0662,1,0.0000
2807,-0.2822,-0.5993,1.9333,1.3938,0.0662,1,0.0000
2808,-0.2832,-0.5993,1.8670,1.3292,0.0662,1,0.0000
2809,-0.2843,-0.5993,1.8008,1.2648,0.0663,1,0.0000
2810,-0.2853,-0.5993,1.7346,1.2006,0.0663,1,0.0000
2811,-0.2863,-0.5993,1.6683,1.1367,0.0663,1,0.0000
2812,-0.2874,-0.5993,1.6021,1.0730,0.0663,1,0.0000
2813,-0.2885,-0.5993,1.5358,1.0096,0.0663,1,0.0000
2814,-0.2895,-0.5993,1.4696,0.9467,0.0663,1,0.0000
2815,-0.2906,-0.5993,1.4033,0.8842,0.0663,1,0.0000
2816,-0.2879,-0.5993,1.3378,0.8217,0.0656,1,0.0000
2817,-0.2800,-0.5991,1.2726,0.7581,0.0656,1,0.0000
2818,-0.2811,-0.5993,1.2064,0.6974,0.0663,1,0.0000
2819,-0.2822,-0.5993,1.1401,0.6378,0.0663,1,0.0000
2820,-0.2833,-0.5993,1.0738,0.5797,0.0663,1,0.0000
2821,-0.2844,-0.5994,1.0076,0.5236,0.0663,1,0.0000
2822,-0.2855,-0.5994,0.9413,0.4701,0.0663,1,0.0000
2823,-0.2863,-0.5994,0.8750,0.4200,0.0663,1,0.0000
2824,-0.2865,-0.5994,0.8087,0.3746,0.0663,1,0.0000
2825,-0.2868,-0.5994,0.7424,0.3362,0.0663,1,0.0000
2826,-0.2871,-0.5994,0.6762,0.3074,0.0663,1,0.0000
2827,-0.2873,-0.5994,0.6099,0.2911,0.0663,1,0.0000
2828,-0.2876,-0.5994,0.5436,0.2895,0.0663,1,0.0000
2829,-0.2878,-0.5994,0.4773,0.3028,0.0663,1,0.0000
2830,-0.2876,-0.5994,0.4111,0.3287,0.0662,1,0.0000
2831,-0.2878,-0.5994,0.3449,0.3651,0.0662,1,0.0000
2832,-0.2881,-0.5993,0.2787,0.4093,0.0662,1,0.0000
2833,-0.2887,-0.5993,0.2125,0.4589,0.0662,1,0.0000
2834,-0.2895,-0.5993,0.1463,0.5124,0.0662,1,0.0000
2835,-0.2903,-0.5993,0.0801,0.5686,0.0662,1,0.0000
2836,-0.2911,-0.5993,0.0139,0.6268,0.0662,1,0.0000
2837,-0.2919,-0.5993,-0.0523,0.6864,0.0662,1,0.0000
2838,-0.2928,-0.5993,-0.1185,0.7471,0.0662,1,0.0000
2839,-0.2936,-0.5993,-0.1847,0.8087,0.0662,1,0.0000
2840,-0.2945,-0.5993,-0.2509,0.8710,0.0662,1,0.0000
2841,-0.2954,-0.5993,-0.3171,0.9338,0.0662,1,0.0000
2842,-0.2963,-0.5994,-0.3833,0.9971,0.0662,1,0.0000
2843,-0.2971,-0.5994,-0.4495,1.0607,0.0662,1,0.0000
2844,-0.2979,-0.5994,-0.5157,1.1246,0.0662,1,0.0000
2845,-0.2984,-0.5994,-0.5819,1.1887,0.0662,1,0.0000
2846,-0.2989,-0.5994,-0.6481,1.2530,0.0662,1,0.0000
2847,-0.2993,-0.5995,-0.7144,1.3175,0.0662,1,0.0000
2848,-0.2996,-0.5995,-0.7806,1.3821,0.0662,1,0.0000
2849,-0.2999,-0.5995,-0.8468,1.4469,0.0662,1,0.0000
2850,-0.3001,-0.5995,-0.9130,1.5118,0.0662,1,0.0000
2851,-0.3002,-0.5995,-0.9792,1.5768,0.0662,1,0.0000
2852,-0.3003,-0.5995,-1.0454,1.6418,0.0662,1,0.0000
2853,-0.3005,-0.5995,-1.1117,1.7070,0.0662,1,0.0000
2854,-0.3014,-0.5996,-1.1779,1.7724,0.0662,1,0.0000
2855,-0.3023,-0.5996,-1.2441,1.8378,0.0662,1,0.0000
2856,-0.3032,-0.5996,-1.3103,1.9033,0.0662,1,0.0000
2857,-0.3041,-0.5996,-1.3765,1.9688,0.0662,1,0.0000
2858,-0.3050,-0.5996,-1.4428,2.0344,0.0662,1,0.0000
2859,-0.3059,-0.5996,-1.5090,2.1000,0.0662,1,0.0000
2860,-0.3069,-0.5996,-1.5752,2.1657,0.0662,1,0.0000
2861,-0.3078,-0.5996,-1.6414,2.2314,0.0662,1,0.0000
2862,-0.3087,-0.5996,-1.7076,2.2971,0.0662,1,0.0000
2863,-0.3096,-0.5996,-1.7739,2.3629,0.0662,1,0.0000
2864,-0.3105,-0.5996,-1.8401,2.4287,0.0662,1,0.0000
2865,-0.3115,-0.5996,-1.9063,2.4945,0.0662,1,0.0000
2866,-0.3124,-0.5996,-1.9725,2.5603,0.0662,1,0.0000
2867,-0.3133,-0.5996,-2.0388,2.6261,0.0662,1,0.0000
2868,-0.3143,-0.5997,-2.1050,2.6920,0.0662,1,0.0000
2869,-0.3152,-0.5997,-2.1712,2.7579,0.0662,1,0.0000
2870,-0.3161,-0.5997,-2.2375,2.8238,0.0662,1,0.0000
2871,-0.3171,-0.5997,-2.3037,2.8897,0.0662,1,0.0000
2872,-0.3180,-0.5997,-2.3699,2.9557,0.0662,1,0.0000
2873,-0.3190,-0.5997,-2.4361,3.0216,0.0662,1,0.0000
2874,-0.3199,-0.5997,-2.5024,3.0876,0.0662,1,0.0000
2875,-0.3203,-0.5997,-2.4353,3.0209,0.0671,1,0.0000
2876,-0.3206,-0.5997,-2.3682,2.9542,0.0671,1,0.0000
2877,-0.3209,-0.5997,-2.3011,2.8876,0.0671,1,0.0000
2878,-0.3213,-0.5997,-2.2340,2.8210,0.0671,1,0.0000
2879,-0.3216,-0.5997,-2.1669,2.7544,0.0671,1,0.0000
2880,-0.3219,-0.5997,-2.0998,2.6878,0.0671,1,0.0000
2881,-0.3223,-0.5997,-2.0327,2.6212,0.0671,1,0.0000
2882,-0.3227,-0.5997,-1.9656,2.5547,0.0671,1,0.0000
2883,-0.3230,-0.5996,-1.8985,2.4882,0.0671,1,0.0000
2884,-0.3234,-0.5996,-1.8314,2.4217,0.0671,1,0.0000
2885,-0.3238,-0.5996,-1.7643,2.3553,0.0671,1,0.0000
2886,-0.3242,-0.5996,-1.6972,2.2889,0.0671,1,0.0000
2887,-0.3246,-0.5996,-1.6301,2.2226,0.0671,1,0.0000
2888,-0.3250,-0.5996,-1.5630,2.1563,0.0671,1,0.0000
2889,-0.3254,-0.5996,-1.4959,2.0901,0.0671,1,0.0000
2890,-0.3258,-0.5996,-1.4289,2.0239,0.0671,1,0.0000
2891,-0.3262,-0.5996,-1.3618,1.9578,0.0671,1,0.0000
2892,-0.3267,-0.5996,-1.2947,1.8918,0.0671,1,0.0000
2893,-0.3271,-0.5996,-1.2276,1.8258,0.0671,1,0.0000
2894,-0.3232,-0.5996,-1.1627,1.7612,0.0650,1,0.0000
2895,-0.2980,-0.5994,-1.1074,1.7024,0.0607,1,0.0000
2896,-0.2897,-0.5996,-1.0419,1.6364,0.0660,1,0.0000
2897,-0.2902,-0.5996,-0.9748,1.5706,0.0671,1,0.0000
2898,-0.2876,-0.5994,-0.9078,1.5043,0.0671,1,0.0000
2899,-0.2856,-0.5992,-0.8407,1.4381,0.0671,1,0.0000
2900,-0.2841,-0.5991,-0.7736,1.3721,0.0671,1,0.0000
2901,-0.2830,-0.5990,-0.7065,1.3062,0.0672,1,0.0000
2902,-0.2821,-0.5989,-0.6393,1.2405,0.0672,1,0.0000
2903,-0.2815,-0.5989,-0.5720,1.1750,0.0672,1,0.0000
2904,-0.2810,-0.5989,-0.5048,1.1097,0.0672,1,0.0000
2905,-0.2806,-0.5989,-0.4376,1.0447,0.0672,1,0.0000
2906,-0.2804,-0.5990,-0.3703,0.9800,0.0673,1,0.0000
2907,-0.2802,-0.5990,-0.3030,0.9158,0.0673,1,0.0000
2908,-0.2801,-0.5991,-0.2358,0.8519,0.0673,1,0.0000
2909,-0.2800,-0.5991,-0.1685,0.7887,0.0673,1,0.0000
2910,-0.2799,-0.5992,-0.1012,0.7262,0.0673,1,0.0000
2911,-0.2799,-0.5993,-0.0340,0.6647,0.0673,1,0.0000
2912,-0.2798,-0.5993,0.0333,0.6044,0.0673,1,0.0000
2913,-0.2798,-0.5994,0.1006,0.5457,0.0673,1,0.0000
2914,-0.2798,-0.5994,0.1679,0.4892,0.0673,1,0.0000
2915,-0.2799,-0.5995,0.2352,0.4358,0.0673,1,0.0000
2916,-0.2799,-0.5995,0.3024,0.3868,0.0673,1,0.0000
2917,-0.2799,-0.5996,0.3697,0.3441,0.0673,1,0.0000
2918,-0.2799,-0.5996,0.4370,0.3101,0.0673,1,0.0000
2919,-0.2800,-0.5997,0.5043,0.2881,0.0673,1,0.0000
2920,-0.2800,-0.5997,0.5715,0.2809,0.0673,1,0.0000
2921,-0.2800,-0.5997,0.6388,0.2896,0.0673,1,0.0000
2922,-0.2801,-0.5997,0.7061,0.3129,0.0673,1,0.0000
2923,-0.2801,-0.5998,0.7733,0.3477,0.0673,1,0.0000
2924,-0.2801,-0.5998,0.8406,0.3912,0.0673,1,0.0000
2925,-0.2802,-0.5998,0.9079,0.4407,0.0673,1,0.0000
2926,-0.2802,-0.5998,0.9752,0.4944,0.0673,1,0.0000
2927,-0.2802,-0.5998,1.0424,0.5510,0.0673,1,0.0000
2928,-0.2803,-0.5998,1.1097,0.6099,0.0673,1,0.0000
2929,-0.2803,-0.5998,1.1770,0.6703,0.0673,1,0.0000
2930,-0.2803,-0.5998,1.2442,0.7319,0.0673,1,0.0000
2931,-0.2803,-0.5998,1.3115,0.7944,0.0673,1,0.0000
2932,-0.2804,-0.5997,1.3788,0.8577,0.0673,1,0.0000
2933,-0.2804,-0.5997,1.4460,0.9215,0.0673,1,0.0000
2934,-0.2804,-0.5997,1.5133,0.9858,0.0673,1,0.0000
2935,-0.2804,-0.5997,1.5805,1.0504,0.0673,1,0.0000
2936,-0.2805,-0.5997,1.6478,1.1153,0.0673,1,0.0000
2937,-0.2805,-0.5997,1.7151,1.1806,0.0673,1,0.0000
2938,-0.2805,-0.5997,1.7823,1.2460,0.0673,1,0.0000
2939,-0.2805,-0.5996,1.8496,1.3116,0.0673,1,0.0000
2940,-0.2806,-0.5996,1.9168,1.3774,0.0673,1,0.0000
2941,-0.2806,-0.5996,1.9841,1.4433,0.0673,1,0.0000
2942,-0.2806,-0.5996,2.0513,1.5093,0.0673,1,0.0000
2943,-0.2806,-0.5996,2.1186,1.5754,0.0672,1,0.0000
2944,-0.2806,-0.5996,2.1858,1.6416,0.0673,1,0.0000
2945,-0.2807,-0.5996,2.2531,1.7079,0.0672,1,0.0000
2946,-0.2807,-0.5996,2.3203,1.7743,0.0673,1,0.0000
2947,-0.2807,-0.5996,2.3876,1.8407,0.0673,1,0.0000
2948,-0.2807,-0.5996,2.4548,1.9072,0.0672,1,0.0000
2949,-0.2808,-0.5996,2.5221,1.9738,0.0672,1,0.0000
2950,-0.2808,-0.5996,2.4560,1.9084,0.0661,1,0.0000
2951,-0.2809,-0.5996,2.3899,1.8430,0.0661,1,0.0000
2952,-0.2809,-0.5996,2.3238,1.7778,0.0661,1,0.0000
2953,-0.2810,-0.5996,2.2577,1.7126,0.0661,1,0.0000
2954,-0.2810,-0.5996,2.1916,1.6474,0.0661,1,0.0000
2955,-0.2811,-0.5996,2.1256,1.5824,0.0661,1,0.0000
2956,-0.2812,-0.5996,2.0595,1.5174,0.0661,1,0.0000
2957,-0.2812,-0.5996,1.9934,1.4525,0.0661,1,0.0000
2958,-0.2813,-0.5996,1.9273,1.3877,0.0661,1,0.0000
2959,-0.2813,-0.5996,1.8612,1.3231,0.0661,1,0.0000
2960,-0.2814,-0.5996,1.7951,1.2586,0.0661,1,0.0000
2961,-0.2815,-0.5996,1.7290,1.1943,0.0661,1,0.0000
2962,-0.2815,-0.5996,1.6629,1.1302,0.0661,1,0.0000
2963,-0.2816,-0.5996,1.5968,1.0664,0.0661,1,0.0000
2964,-0.2817,-0.5996,1.5307,1.0028,0.0661,1,0.0000
2965,-0.2817,-0.5996,1.4646,0.9396,0.0661,1,0.0000
2966,-0.2818,-0.5997,1.3985,0.8768,0.0661,1,0.0000
2967,-0.2816,-0.5996,1.3322,0.8142,0.0663,1,0.0000
2968,-0.2813,-0.5995,1.2659,0.7523,0.0663,1,0.0000
2969,-0.2810,-0.5994,1.1996,0.6912,0.0662,1,0.0000
2970,-0.2806,-0.5994,1.1334,0.6311,0.0662,1,0.0000
2971,-0.2802,-0.5994,1.0672,0.5724,0.0662,1,0.0000
2972,-0.2798,-0.5994,1.0010,0.5156,0.0662,1,0.0000
2973,-0.2793,-0.5994,0.9348,0.4612,0.0662,1,0.0000
2974,-0.2789,-0.5994,0.8687,0.4103,0.0662,1,0.0000
2975,-0.2785,-0.5994,0.8025,0.3644,0.0662,1,0.0000
2976,-0.2780,-0.5994,0.7363,0.3255,0.0662,1,0.0000
2977,-0.2776,-0.5994,0.6702,0.2965,0.0662,1,0.0000
2978,-0.2772,-0.5995,0.6040,0.2803,0.0662,1,0.0000
2979,-0.2767,-0.5995,0.5378,0.2793,0.0662,1,0.0000
2980,-0.2763,-0.5995,0.4717,0.2936,0.0662,1,0.0000
2981,-0.2759,-0.5995,0.4055,0.3212,0.0662,1,0.0000
2982,-0.2754,-0.5996,0.3394,0.3590,0.0662,1,0.0000
2983,-0.2750,-0.5996,0.2732,0.4042,0.0662,1,0.0000
2984,-0.2746,-0.5996,0.2071,0.4545,0.0662,1,0.0000
2985,-0.2741,-0.5996,0.1409,0.5085,0.0662,1,0.0000
2986,-0.2737,-0.5997,0.0747,0.5650,0.0662,1,0.0000
2987,-0.2733,-0.5997,0.0086,0.6235,0.0662,1,0.0000
2988,-0.2729,-0.5997,-0.0576,0.6834,0.0662,1,0.0000
2989,-0.2725,-0.5997,-0.1237,0.7443,0.0662,1,0.0000
2990,-0.2720,-0.5997,-0.1899,0.8060,0.0662,1,0.0000
2991,-0.2716,-0.5997,-0.2560,0.8685,0.0662,1,0.0000
2992,-0.2712,-0.5998,-0.3222,0.9314,0.0662,1,0.0000
2993,-0.2708,-0.5998,-0.3884,0.9947,0.0662,1,0.0000
2994,-0.2704,-0.5998,-0.4545,1.0584,0.0662,1,0.0000
2995,-0.2699,-0.5998,-0.5207,1.1224,0.0662,1,0.0000
2996,-0.2695,-0.5998,-0.5869,1.1866,0.0662,1,0.0000
2997,-0.2691,-0.5998,-0.6530,1.2510,0.0662,1,0.0000
2998,-0.2687,-0.5998,-0.7192,1.3156,0.0662,1,0.0000
2999,-0.2683,-0.5998,-0.7854,1.3804,0.0662,1,0.0000
3000,-0.2678,-0.5998,-0.8515,1.4453,0.0662,1,0.0000
3001,-0.2674,-0.5998,-0.9177,1.5102,0.0662,1,0.0000
3002,-0.2670,-0.5998,-0.9839,1.5753,0.0662,1,0.0000
3003,-0.2666,-0.5998,-1.0500,1.6405,0.0662,1,0.0000
3004,-0.2661,-0.5998,-1.1162,1.7058,0.0662,1,0.0000
3005,-0.2657,-0.5998,-1.1824,1.7711,0.0662,1,0.0000
3006,-0.2653,-0.5997,-1.2485,1.8365,0.0662,1,0.0000
3007,-0.2649,-0.5997,-1.3147,1.9019,0.0662,1,0.0000
3008,-0.2644,-0.5997,-1.3809,1.9674,0.0662,1,0.0000
3009,-0.2640,-0.5997,-1.4471,2.0329,0.0662,1,0.0000
3010,-0.2635,-0.5997,-1.5133,2.0985,0.0662,1,0.0000
3011,-0.2631,-0.5997,-1.5794,2.1641,0.0662,1,0.0000
3012,-0.2626,-0.5997,-1.6456,2.2298,0.0662,1,0.0000
3013,-0.2622,-0.5997,-1.7118,2.2955,0.0662,1,0.0000
3014,-0.2617,-0.5997,-1.7780,2.3612,0.0662,1,0.0000
3015,-0.2613,-0.5997,-1.8442,2.4269,0.0662,1,0.0000
3016,-0.2608,-0.5997,-1.9104,2.4927,0.0662,1,0.0000
3017,-0.2603,-0.5997,-1.9765,2.5584,0.0662,1,0.0000
3018,-0.2599,-0.5997,-2.0427,2.6243,0.0662,1,0.0000
3019,-0.2594,-0.5997,-2.1089,2.6901,0.0662,1,0.0000
3020,-0.2589,-0.5997,-2.1751,2.7559,0.0662,1,0.0000
3021,-0.2584,-0.5997,-2.2413,2.8218,0.0662,1,0.0000
3022,-0.2579,-0.5997,-2.3075,2.8877,0.0662,1,0.0000
3023,-0.2574,-0.5997,-2.3737,2.9535,0.0662,1,0.0000
3024,-0.2569,-0.5997,-2.4399,3.0195,0.0662,1,0.0000
3025,-0.2563,-0.5997,-2.5061,3.0854,0.0662,1,0.0000
3026,-0.2560,-0.5997,-2.4390,3.0185,0.0671,1,0.0000
3027,-0.2620,-0.6001,-2.3718,2.9520,0.0675,1,0.0001
3028,-0.2666,-0.6004,-2.3046,2.8856,0.0673,1,0.0004
3029,-0.2703,-0.6005,-2.2375,2.8191,0.0672,1,0.0005
3030,-0.2732,-0.6006,-2.1704,2.7526,0.0672,1,0.0006
3031,-0.2755,-0.6007,-2.1033,2.6861,0.0671,1,0.0007
3032,-0.2775,-0.6007,-2.0362,2.6196,0.0671,1,0.0007
3033,-0.2791,-0.6007,-1.9692,2.5531,0.0671,1,0.0007
3034,-0.2804,-0.6006,-1.9021,2.4866,0.0671,1,0.0006
3035,-0.2816,-0.6006,-1.8351,2.4202,0.0670,1,0.0006
3036,-0.2827,-0.6005,-1.7681,2.3537,0.0670,1,0.0005
3037,-0.2836,-0.6005,-1.7010,2.2873,0.0670,1,0.0005
3038,-0.2845,-0.6004,-1.6340,2.2210,0.0670,1,0.0004
3039,-0.2853,-0.6003,-1.5670,2.1546,0.0670,1,0.0003
3040,-0.2861,-0.6003,-1.5000,2.0883,0.0670,1,0.0003
3041,-0.2868,-0.6002,-1.4330,2.0221,0.0670,1,0.0002
3042,-0.2875,-0.6001,-1.3660,1.9559,0.0670,1,0.0001
3043,-0.2883,-0.6001,-1.2990,1.8897,0.0670,1,0.0001
3044,-0.2890,-0.6000,-1.2319,1.8237,0.0670,1,0.0000
3045,-0.2897,-0.6000,-1.1649,1.7577,0.0670,1,0.0000
3046,-0.2904,-0.5999,-1.0979,1.6917,0.0670,1,0.0000
3047,-0.2727,-0.5993,-1.0386,1.6302,0.0619,1,0.0000
3048,-0.2635,-0.5996,-0.9737,1.5647,0.0655,1,0.0000
3049,-0.2642,-0.5998,-0.9067,1.4989,0.0670,1,0.0000
3050,-0.2649,-0.5997,-0.8397,1.4331,0.0670,1,0.0000
3051,-0.2651,-0.5997,-0.7727,1.3674,0.0670,1,0.0000
3052,-0.2654,-0.5997,-0.7057,1.3018,0.0670,1,0.0000
3053,-0.2659,-0.5997,-0.6387,1.2364,0.0670,1,0.0000
3054,-0.2665,-0.5997,-0.5717,1.1712,0.0670,1,0.0000
3055,-0.2671,-0.5996,-0.5047,1.1062,0.0670,1,0.0000
3056,-0.2678,-0.5996,-0.4377,1.0415,0.0670,1,0.0000
3057,-0.2685,-0.5996,-0.3707,0.9771,0.0670,1,0.0000
3058,-0.2692,-0.5996,-0.3037,0.9131,0.0670,1,0.0000
3059,-0.2699,-0.5996,-0.2367,0.8496,0.0670,1,0.0000
3060,-0.2706,-0.5996,-0.1697,0.7866,0.0670,1,0.0000
3061,-0.2711,-0.5997,-0.1027,0.7243,0.0670,1,0.0000
3062,-0.2716,-0.5997,-0.0357,0.6629,0.0670,1,0.0000
3063,-0.2720,-0.5997,0.0312,0.6026,0.0670,1,0.0000
3064,-0.2760,-0.6001,0.0971,0.5467,0.0660,1,0.0001
3065,-0.2767,-0.6003,0.1631,0.4914,0.0660,1,0.0003
3066,-0.2748,-0.6005,0.2291,0.4373,0.0661,1,0.0005
3067,-0.2711,-0.6005,0.2952,0.3857,0.0662,1,0.0005
3068,-0.2670,-0.6011,0.3614,0.3388,0.0663,1,0.0011
3069,-0.2612,-0.6010,0.4275,0.2978,0.0664,1,0.0010
3070,-0.2546,-0.6009,0.4937,0.2665,0.0665,1,0.0009
3071,-0.2477,-0.6008,0.5599,0.2489,0.0666,1,0.0008
3072,-0.2405,-0.6007,0.6261,0.2485,0.0666,1,0.0007
3073,-0.2335,-0.6005,0.6924,0.2654,0.0666,1,0.0005
3074,-0.2267,-0.6003,0.7587,0.2968,0.0666,1,0.0003
3075,-0.2202,-0.6001,0.8250,0.3388,0.0666,1,0.0001
3076,-0.2141,-0.5999,0.8913,0.3880,0.0666,1,0.0000
3077,-0.2085,-0.5997,0.9577,0.4421,0.0666,1,0.0000
3078,-0.2035,-0.5995,1.0240,0.4994,0.0666,1,0.0000
3079,-0.1982,-0.5987,1.0904,0.5587,0.0666,1,0.0000
3080,-0.1945,-0.5986,1.1568,0.6200,0.0665,1,0.0000
3081,-0.1913,-0.5984,1.2233,0.6825,0.0665,1,0.0000
3082,-0.1888,-0.5982,1.2897,0.7458,0.0665,1,0.0000
3083,-0.1868,-0.5980,1.3562,0.8098,0.0665,1,0.0000
3084,-0.1854,-0.5979,1.4227,0.8743,0.0665,1,0.0000
3085,-0.1851,-0.5978,1.4893,0.9394,0.0666,1,0.0000
3086,-0.1872,-0.5977,1.5559,1.0052,0.0666,1,0.0000
3087,-0.1893,-0.5976,1.6225,1.0710,0.0666,1,0.0000
3088,-0.1915,-0.5975,1.6890,1.1369,0.0666,1,0.0000
3089,-0.1936,-0.5974,1.7556,1.2029,0.0666,1,0.0000
3090,-0.1957,-0.5974,1.8222,1.2690,0.0666,1,0.0000
3091,-0.1978,-0.5974,1.8888,1.3352,0.0666,1,0.0000
3092,-0.2000,-0.5974,1.9554,1.4014,0.0666,1,0.0000
3093,-0.2021,-0.5974,2.0220,1.4676,0.0666,1,0.0000
3094,-0.2042,-0.5974,2.0886,1.5339,0.0667,1,0.0000
3095,-0.2064,-0.5974,2.1553,1.6002,0.0667,1,0.0000
3096,-0.2085,-0.5974,2.2219,1.6666,0.0667,1,0.0000
3097,-0.2106,-0.5975,2.2885,1.7330,0.0667,1,0.0000
3098,-0.2128,-0.5975,2.3552,1.7994,0.0667,1,0.0000
3099,-0.2149,-0.5975,2.4218,1.8658,0.0667,1,0.0000
3100,-0.2170,-0.5976,2.4885,1.9323,0.0667,1,0.0000
3101,-0.2192,-0.5976,2.5551,1.9987,0.0667,1,0.0000
3102,-0.2230,-0.5978,2.4884,1.9329,0.0668,1,0.0000
3103,-0.2269,-0.5979,2.4217,1.8672,0.0668,1,0.0000
3104,-0.2308,-0.5980,2.3550,1.8015,0.0668,1,0.0000
3105,-0.2347,-0.5981,2.2883,1.7359,0.0668,1,0.0000
3106,-0.2386,-0.5982,2.2216,1.6704,0.0668,1,0.0000
3107,-0.2425,-0.5983,2.1549,1.6049,0.0668,1,0.0000
3108,-0.2464,-0.5984,2.0881,1.5396,0.0669,1,0.0000
3109,-0.2503,-0.5985,2.0214,1.4744,0.0669,1,0.0000
3110,-0.2542,-0.5985,1.9546,1.4094,0.0669,1,0.0000
3111,-0.2582,-0.5986,1.8878,1.3445,0.0669,1,0.0000
3112,-0.2622,-0.5986,1.8210,1.2798,0.0669,1,0.0000
3113,-0.2662,-0.5987,1.7542,1.2154,0.0669,1,0.0000
3114,-0.2703,-0.5987,1.6874,1.1512,0.0669,1,0.0000
3115,-0.2740,-0.5986,1.6210,1.0878,0.0665,1,0.0000
3116,-0.2451,-0.5965,1.5786,1.0396,0.0513,1,0.0000
3117,-0.2211,-0.5965,1.5259,0.9828,0.0579,1,0.0000
3118,-0.2141,-0.5980,1.4619,0.9189,0.0644,1,0.0000
3119,-0.2170,-0.5987,1.3955,0.8552,0.0665,1,0.0000
3120,-0.2195,-0.5987,1.3290,0.7919,0.0665,1,0.0000
3121,-0.2222,-0.5988,1.2626,0.7291,0.0665,1,0.0000
3122,-0.2248,-0.5989,1.1962,0.6671,0.0665,1,0.0000
3123,-0.2274,-0.5989,1.1297,0.6059,0.0665,1,0.0000
3124,-0.2299,-0.5990,1.0633,0.5460,0.0665,1,0.0000
3125,-0.2323,-0.5990,0.9969,0.4878,0.0665,1,0.0000
3126,-0.2347,-0.5991,0.9304,0.4319,0.0665,1,0.0000
3127,-0.2371,-0.5992,0.8640,0.3795,0.0665,1,0.0000
3128,-0.2394,-0.5992,0.7975,0.3320,0.0665,1,0.0000
3129,-0.2417,-0.5993,0.7311,0.2921,0.0665,1,0.0000
3130,-0.2439,-0.5993,0.6647,0.2631,0.0665,1,0.0000
3131,-0.2461,-0.5994,0.5982,0.2489,0.0665,1,0.0000
3132,-0.2483,-0.5994,0.5318,0.2520,0.0665,1,0.0000
3133,-0.2505,-0.5995,0.4654,0.2718,0.0665,1,0.0000
3134,-0.2526,-0.5995,0.3989,0.3051,0.0665,1,0.0000
3135,-0.2548,-0.5996,0.3325,0.3480,0.0665,1,0.0000
3136,-0.2569,-0.5996,0.2661,0.3974,0.0665,1,0.0000
3137,-0.2589,-0.5997,0.1997,0.4512,0.0665,1,0.0000
3138,-0.2610,-0.5997,0.1332,0.5080,0.0665,1,0.0000
3139,-0.2630,-0.5997,0.0668,0.5669,0.0665,1,0.0000
3140,-0.2650,-0.5998,0.0004,0.6273,0.0665,1,0.0000
3141,-0.2670,-0.5998,-0.0661,0.6888,0.0665,1,0.0000
3142,-0.2689,-0.5998,-0.1325,0.7512,0.0665,1,0.0000
3143,-0.2706,-0.5998,-0.1989,0.8141,0.0664,1,0.0000
3144,-0.2708,-0.5998,-0.2653,0.8770,0.0664,1,0.0000
3145,-0.2709,-0.5999,-0.3318,0.9404,0.0664,1,0.0000
3146,-0.2709,-0.5999,-0.3982,1.0042,0.0664,1,0.0000
3147,-0.2708,-0.5999,-0.4647,1.0683,0.0664,1,0.0000
3148,-0.2708,-0.5999,-0.5311,1.1327,0.0664,1,0.0000
3149,-0.2707,-0.5999,-0.5975,1.1973,0.0664,1,0.0000
3150,-0.2706,-0.5999,-0.6639,1.2620,0.0664,1,0.0000
3151,-0.2705,-0.5999,-0.7304,1.3270,0.0664,1,0.0000
3152,-0.2705,-0.6085,-0.8049,1.4001,0.0750,1,0.0085
3153,-0.2723,-0.6089,-0.8738,1.4682,0.0690,1,0.0089
3154,-0.2742,-0.6081,-0.9415,1.5350,0.0677,1,0.0081
3155,-0.2759,-0.6085,-1.0081,1.6009,0.0666,1,0.0085
3156,-0.2776,-0.6093,-1.0747,1.6668,0.0666,1,0.0093
3157,-0.2793,-0.6101,-1.1412,1.7327,0.0665,1,0.0101
3158,-0.2810,-0.6108,-1.2076,1.7985,0.0665,1,0.0108
3159,-0.2827,-0.6114,-1.2739,1.8644,0.0664,1,0.0114
3160,-0.2844,-0.6119,-1.3402,1.9301,0.0663,1,0.0119
3161,-0.2861,-0.6122,-1.4064,1.9959,0.0662,1,0.0122
3162,-0.2878,-0.6124,-1.4725,2.0615,0.0661,1,0.0124
3163,-0.2895,-0.6123,-1.5385,2.1271,0.0660,1,0.0123
3164,-0.2911,-0.6121,-1.6044,2.1926,0.0659,1,0.0121
3165,-0.2928,-0.6118,-1.6702,2.2581,0.0658,1,0.0118
3166,-0.2944,-0.6112,-1.7359,2.3234,0.0657,1,0.0112
3167,-0.2960,-0.6105,-1.8015,2.3886,0.0656,1,0.0105
3168,-0.2976,-0.6096,-1.8669,2.4538,0.0655,1,0.0096
3169,-0.2991,-0.6086,-1.9323,2.5188,0.0654,1,0.0086
3170,-0.3007,-0.6075,-1.9975,2.5838,0.0652,1,0.0075
3171,-0.3022,-0.6062,-2.0626,2.6486,0.0651,1,0.0062
3172,-0.3038,-0.6048,-2.1275,2.7133,0.0650,1,0.0048
3173,-0.3056,-0.6025,-2.1931,2.7786,0.0656,1,0.0025
3174,-0.3074,-0.6004,-2.2585,2.8438,0.0655,1,0.0004
3175,-0.3089,-0.5992,-2.3234,2.9085,0.0649,1,0.0000
3176,-0.3104,-0.5980,-2.3882,2.9731,0.0648,1,0.0000
3177,-0.3118,-0.5971,-2.4527,3.0373,0.0645,1,0.0000
3178,-0.3131,-0.5957,-2.5170,3.1015,0.0644,1,0.0000
3179,-0.3139,-0.5941,-2.4506,3.0354,0.0665,1,0.0000
3180,-0.3148,-0.5925,-2.3841,2.9694,0.0665,1,0.0000
3181,-0.3156,-0.5925,-2.3175,2.9033,0.0666,1,0.0000
3182,-0.3164,-0.5927,-2.2509,2.8371,0.0666,1,0.0000
3183,-0.3172,-0.5929,-2.1842,2.7710,0.0666,1,0.0000
3184,-0.3181,-0.5933,-2.1176,2.7049,0.0667,1,0.0000
3185,-0.3190,-0.5938,-2.0509,2.6389,0.0667,1,0.0000
3186,-0.3199,-0.5943,-1.9843,2.5728,0.0667,1,0.0000
3187,-0.3208,-0.5949,-1.9176,2.5068,0.0667,1,0.0000
3188,-0.3217,-0.5956,-1.8510,2.4409,0.0667,1,0.0000
3189,-0.3226,-0.5964,-1.7843,2.3749,0.0667,1,0.0000
3190,-0.3235,-0.5972,-1.7177,2.3091,0.0667,1,0.0000
3191,-0.3244,-0.5980,-1.6510,2.2432,0.0667,1,0.0000
3192,-0.3254,-0.5988,-1.5843,2.1774,0.0667,1,0.0000
3193,-0.3264,-0.5981,-1.5178,2.1118,0.0665,1,0.0000
3194,-0.3274,-0.5990,-1.4511,2.0461,0.0667,1,0.0000
3195,-0.3284,-0.5998,-1.3843,1.9804,0.0667,1,0.0000
3196,-0.3294,-0.5991,-1.3178,1.9150,0.0665,1,0.0000
3197,-0.3304,-0.5999,-1.2511,1.8495,0.0668,1,0.0000
3198,-0.3315,-0.5991,-1.1845,1.7843,0.0666,1,0.0000
3199,-0.3273,-0.5985,-1.1183,1.7184,0.0664,1,0.0000
3200,-0.3242,-0.5965,-1.0521,1.6529,0.0663,1,0.0000
3201,-0.2958,-0.5862,-0.9998,1.5960,0.0604,1,0.0000
3202,-0.2802,-0.5922,-0.9375,1.5320,0.0645,1,0.0000
3203,-0.2596,-0.5824,-0.8789,1.4705,0.0629,1,0.0000
3204,-0.2404,-0.5805,-0.8180,1.4073,0.0638,1,0.0000
3205,-0.2394,-0.5895,-0.7502,1.3404,0.0684,1,0.0000
3206,-0.2389,-0.5879,-0.6837,1.2748,0.0666,1,0.0000
3207,-0.2390,-0.5867,-0.6172,1.2096,0.0665,1,0.0000
3208,-0.2390,-0.5875,-0.5506,1.1444,0.0667,1,0.0000
3209,-0.2390,-0.5871,-0.4840,1.0794,0.0665,1,0.0000
3210,-0.2390,-0.5872,-0.4175,1.0146,0.0666,1,0.0000
3211,-0.2390,-0.5868,-0.3508,0.9500,0.0666,1,0.0000
3212,-0.2390,-0.5879,-0.2842,0.8857,0.0666,1,0.0000
3213,-0.2390,-0.5886,-0.2175,0.8217,0.0667,1,0.0000
3214,-0.2390,-0.5884,-0.1508,0.7581,0.0667,1,0.0000
3215,-0.2390,-0.5904,-0.0841,0.6952,0.0667,1,0.0000
3216,-0.2390,-0.5907,-0.0174,0.6329,0.0667,1,0.0000
3217,-0.2381,-0.5927,0.0496,0.5711,0.0671,1,0.0000
3218,-0.2374,-0.5959,0.1167,0.5107,0.0672,1,0.0000
3219,-0.2368,-0.5991,0.1838,0.4523,0.0672,1,0.0000
3220,-0.2364,-0.6024,0.2508,0.3968,0.0671,1,0.0024
3221,-0.2359,-0.6057,0.3178,0.3455,0.0671,1,0.0057
3222,-0.2355,-0.6084,0.3849,0.3003,0.0671,1,0.0084
3223,-0.2352,-0.6103,0.4519,0.2646,0.0670,1,0.0103
3224,-0.2348,-0.6113,0.5189,0.2424,0.0670,1,0.0113
3225,-0.2344,-0.6110,0.5860,0.2375,0.0670,1,0.0110
3226,-0.2341,-0.6102,0.6530,0.2511,0.0671,1,0.0102
3227,-0.2339,-0.6090,0.7197,0.2803,0.0667,1,0.0090
3228,-0.2336,-0.6078,0.7864,0.3209,0.0667,1,0.0078
3229,-0.2336,-0.6066,0.8527,0.3691,0.0664,1,0.0066
3230,-0.2336,-0.6054,0.9190,0.4222,0.0663,1,0.0054
3231,-0.2337,-0.6043,0.9853,0.4786,0.0663,1,0.0043
3232,-0.2337,-0.6032,1.0515,0.5372,0.0662,1,0.0032
3233,-0.2338,-0.6022,1.1176,0.5973,0.0661,1,0.0022
3234,-0.2339,-0.6011,1.1837,0.6585,0.0661,1,0.0011
3235,-0.2334,-0.6004,1.2497,0.7205,0.0660,1,0.0004
3236,-0.2330,-0.6001,1.3156,0.7830,0.0659,1,0.0001
3237,-0.2326,-0.6000,1.3815,0.8459,0.0658,1,0.0000
3238,-0.2323,-0.6002,1.4474,0.9093,0.0659,1,0.0002
3239,-0.2320,-0.6006,1.5132,0.9730,0.0658,1,0.0006
3240,-0.2317,-0.6013,1.5789,1.0369,0.0657,1,0.0013
3241,-0.2314,-0.6021,1.6445,1.1009,0.0656,1,0.0021
3242,-0.2312,-0.6030,1.7100,1.1650,0.0655,1,0.0030
3243,-0.2310,-0.6041,1.7754,1.2291,0.0654,1,0.0041
3244,-0.2304,-0.6060,1.8408,1.2933,0.0655,1,0.0060
3245,-0.2300,-0.6088,1.9060,1.3575,0.0653,1,0.0088
3246,-0.2296,-0.6117,1.9711,1.4217,0.0652,1,0.0117
3247,-0.2292,-0.6147,2.0361,1.4858,0.0650,1,0.0147
3248,-0.2287,-0.6155,2.1011,1.5500,0.0650,1,0.0155
3249,-0.2282,-0.6145,2.1661,1.6142,0.0650,1,0.0145
3250,-0.2278,-0.6129,2.2309,1.6783,0.0649,1,0.0129
3251,-0.2273,-0.6111,2.2957,1.7424,0.0648,1,0.0111
3252,-0.2270,-0.6091,2.3603,1.8064,0.0647,1,0.0091
3253,-0.2266,-0.6068,2.4249,1.8704,0.0646,1,0.0068
3254,-0.2263,-0.6043,2.4894,1.9344,0.0646,1,0.0043
3255,-0.2259,-0.6015,2.5539,1.9984,0.0646,1,0.0015
3256,-0.2254,-0.5994,2.4881,1.9329,0.0659,1,0.0000
3257,-0.2248,-0.5967,2.4224,1.8675,0.0658,1,0.0000
3258,-0.2243,-0.5958,2.3565,1.8021,0.0659,1,0.0000
3259,-0.2238,-0.5942,2.2907,1.7368,0.0658,1,0.0000
3260,-0.2233,-0.5930,2.2249,1.6715,0.0658,1,0.0000
3261,-0.2228,-0.5923,2.1592,1.6062,0.0658,1,0.0000
3262,-0.2223,-0.5920,2.0934,1.5410,0.0658,1,0.0000
3263,-0.2218,-0.5921,2.0275,1.4759,0.0658,1,0.0000
3264,-0.2213,-0.5908,1.9619,1.4109,0.0656,1,0.0000
3265,-0.2209,-0.5914,1.8961,1.3459,0.0658,1,0.0000
3266,-0.2204,-0.5921,1.8302,1.2809,0.0659,1,0.0000
3267,-0.2199,-0.5914,1.7645,1.2161,0.0657,1,0.0000
3268,-0.2231,-0.5924,1.6883,1.1419,0.0763,1,0.0000
3269,-0.2219,-0.5934,1.6219,1.0766,0.0665,1,0.0000
3270,-0.2202,-0.5947,1.5551,1.0110,0.0668,1,0.0000
3271,-0.2186,-0.5937,1.4876,0.9449,0.0675,1,0.0000
3272,-0.2178,-0.5942,1.4215,0.8806,0.0661,1,0.0000
3273,-0.2171,-0.5946,1.3554,0.8165,0.0661,1,0.0000
3274,-0.2165,-0.5953,1.2893,0.7528,0.0662,1,0.0000
3275,-0.2159,-0.5960,1.2231,0.6895,0.0662,1,0.0000
3276,-0.2153,-0.5950,1.1569,0.6268,0.0662,1,0.0000
3277,-0.2148,-0.5949,1.0906,0.5648,0.0662,1,0.0000
3278,-0.2142,-0.5946,1.0244,0.5040,0.0662,1,0.0000
3279,-0.2138,-0.5941,0.9581,0.4447,0.0663,1,0.0000
3280,-0.2133,-0.5935,0.8919,0.3877,0.0663,1,0.0000
3281,-0.2128,-0.5928,0.8256,0.3341,0.0663,1,0.0000
3282,-0.2124,-0.5919,0.7593,0.2859,0.0663,1,0.0000
3283,-0.2119,-0.5908,0.6931,0.2462,0.0663,1,0.0000
3284,-0.2115,-0.5897,0.6268,0.2197,0.0663,1,0.0000
3285,-0.2111,-0.5884,0.5606,0.2115,0.0662,1,0.0000
3286,-0.2106,-0.5871,0.4944,0.2235,0.0662,1,0.0000
3287,-0.2102,-0.5857,0.4282,0.2529,0.0662,1,0.0000
3288,-0.2098,-0.5841,0.3620,0.2945,0.0662,1,0.0000
3289,-0.2094,-0.5826,0.2959,0.3438,0.0661,1,0.0000
3290,-0.2090,-0.5826,0.2297,0.3982,0.0662,1,0.0000
3291,-0.2087,-0.5843,0.1636,0.4556,0.0661,1,0.0000
3292,-0.2083,-0.5860,0.0975,0.5151,0.0661,1,0.0000
3293,-0.2079,-0.5878,0.0315,0.5760,0.0661,1,0.0000
3294,-0.2076,-0.5896,-0.0346,0.6379,0.0660,1,0.0000
3295,-0.2072,-0.5914,-0.1006,0.7006,0.0660,1,0.0000
3296,-0.2067,-0.5930,-0.1666,0.7638,0.0660,1,0.0000
3297,-0.2063,-0.5946,-0.2326,0.8275,0.0661,1,0.0000
3298,-0.2059,-0.5961,-0.2987,0.8915,0.0661,1,0.0000
3299,-0.2054,-0.5975,-0.3647,0.9558,0.0661,1,0.0000
3300,-0.2050,-0.5987,-0.4308,1.0204,0.0661,1,0.0000
3301,-0.2045,-0.5998,-0.4970,1.0852,0.0661,1,0.0000
3302,-0.2040,-0.6007,-0.5631,1.1501,0.0662,1,0.0007
3303,-0.2069,-0.6017,-0.6293,1.2158,0.0662,1,0.0017
3304,-0.2095,-0.6025,-0.6954,1.2815,0.0662,1,0.0025
3305,-0.2118,-0.6031,-0.7617,1.3472,0.0663,1,0.0031
3306,-0.2138,-0.6036,-0.8279,1.4130,0.0663,1,0.0036
3307,-0.2158,-0.6039,-0.8942,1.4788,0.0663,1,0.0039
3308,-0.2176,-0.6040,-0.9605,1.5447,0.0663,1,0.0040
3309,-0.2193,-0.6041,-1.0268,1.6106,0.0663,1,0.0041
3310,-0.2209,-0.6040,-1.0931,1.6765,0.0664,1,0.0040
3311,-0.2225,-0.6039,-1.1595,1.7425,0.0664,1,0.0039
3312,-0.2241,-0.6037,-1.2259,1.8085,0.0664,1,0.0037
3313,-0.2256,-0.6034,-1.2922,1.8746,0.0664,1,0.0034
3314,-0.2271,-0.6031,-1.3586,1.9406,0.0664,1,0.0031
3315,-0.2286,-0.6028,-1.4250,2.0067,0.0664,1,0.0028
3316,-0.2301,-0.6025,-1.4914,2.0729,0.0664,1,0.0025
3317,-0.2316,-0.6021,-1.5578,2.1390,0.0664,1,0.0021
3318,-0.2331,-0.6017,-1.6242,2.2052,0.0664,1,0.0017
3319,-0.2346,-0.6014,-1.6906,2.2714,0.0664,1,0.0014
3320,-0.2361,-0.6011,-1.7570,2.3376,0.0664,1,0.0011
3321,-0.2376,-0.6008,-1.8234,2.4038,0.0664,1,0.0008
3322,-0.2392,-0.6005,-1.8898,2.4700,0.0664,1,0.0005
3323,-0.2407,-0.6002,-1.9562,2.5362,0.0664,1,0.0002
3324,-0.2423,-0.6000,-2.0226,2.6025,0.0664,1,0.0000
3325,-0.2439,-0.5998,-2.0890,2.6688,0.0664,1,0.0000
3326,-0.2455,-0.5997,-2.1554,2.7350,0.0664,1,0.0000
3327,-0.2471,-0.5996,-2.2218,2.8013,0.0664,1,0.0000
3328,-0.2488,-0.5995,-2.2882,2.8676,0.0664,1,0.0000
3329,-0.2505,-0.5994,-2.3546,2.9339,0.0664,1,0.0000
3330,-0.2523,-0.5994,-2.4210,3.0003,0.0664,1,0.0000
3331,-0.2541,-0.5994,-2.4874,3.0666,0.0664,1,0.0000
3332,-0.2560,-0.5994,-2.5539,3.1329,0.0665,1,0.0000
3333,-0.2571,-0.5994,-2.4870,3.0664,0.0669,1,0.0000
3334,-0.2633,-0.5999,-2.4204,3.0006,0.0669,1,0.0000
3335,-0.2685,-0.6002,-2.3538,2.9347,0.0668,1,0.0002
3336,-0.2728,-0.6004,-2.2872,2.8688,0.0667,1,0.0004
3337,-0.2766,-0.6006,-2.2206,2.8029,0.0667,1,0.0006
3338,-0.2799,-0.6008,-2.1541,2.7371,0.0666,1,0.0008
3339,-0.2829,-0.6009,-2.0875,2.6712,0.0666,1,0.0009
3340,-0.2856,-0.6010,-2.0210,2.6053,0.0666,1,0.0010
3341,-0.2882,-0.6011,-1.9544,2.5395,0.0666,1,0.0011
3342,-0.2906,-0.6011,-1.8879,2.4737,0.0666,1,0.0011
3343,-0.2929,-0.6012,-1.8214,2.4079,0.0666,1,0.0012
3344,-0.2952,-0.6012,-1.7548,2.3422,0.0666,1,0.0012
3345,-0.2974,-0.6012,-1.6883,2.2765,0.0666,1,0.0012
3346,-0.2996,-0.6012,-1.6218,2.2108,0.0666,1,0.0012
3347,-0.3018,-0.6012,-1.5552,2.1452,0.0666,1,0.0012
3348,-0.3040,-0.6012,-1.4887,2.0797,0.0666,1,0.0012
3349,-0.3062,-0.6011,-1.4222,2.0143,0.0666,1,0.0011
3350,-0.3084,-0.6011,-1.3557,1.9489,0.0666,1,0.0011
3351,-0.3106,-0.6010,-1.2891,1.8836,0.0666,1,0.0010
3352,-0.3129,-0.6009,-1.2226,1.8184,0.0666,1,0.0009
3353,-0.3152,-0.6009,-1.1561,1.7534,0.0665,1,0.0009
3354,-0.3048,-0.6007,-1.1014,1.6977,0.0556,1,0.0007
3355,-0.2724,-0.6007,-1.0640,1.6552,0.0495,1,0.0007
3356,-0.2460,-0.5988,-1.0148,1.6025,0.0558,1,0.0000
3357,-0.2272,-0.5992,-0.9562,1.5417,0.0616,1,0.0000
3358,-0.2240,-0.6002,-0.8904,1.4762,0.0659,1,0.0002
3359,-0.2263,-0.6004,-0.8239,1.4109,0.0665,1,0.0004
3360,-0.2255,-0.6004,-0.7575,1.3452,0.0664,1,0.0004
3361,-0.2247,-0.6003,-0.6910,1.2796,0.0664,1,0.0003
3362,-0.2239,-0.6003,-0.6246,1.2142,0.0664,1,0.0003
3363,-0.2231,-0.6002,-0.5582,1.1488,0.0664,1,0.0002
3364,-0.2244,-0.6003,-0.4924,1.0846,0.0659,1,0.0003
3365,-0.2240,-0.6004,-0.4265,1.0202,0.0659,1,0.0004
3366,-0.2226,-0.6004,-0.3606,0.9557,0.0659,1,0.0004
3367,-0.2204,-0.6003,-0.2946,0.8912,0.0660,1,0.0003
3368,-0.2175,-0.6003,-0.2287,0.8267,0.0660,1,0.0003
3369,-0.2143,-0.6002,-0.1627,0.7624,0.0660,1,0.0002
3370,-0.2108,-0.6000,-0.0968,0.6983,0.0661,1,0.0000
3371,-0.2072,-0.5999,-0.0308,0.6345,0.0661,1,0.0000
3372,-0.2036,-0.5998,0.0352,0.5713,0.0661,1,0.0000
3373,-0.2001,-0.5997,0.1013,0.5088,0.0661,1,0.0000
3374,-0.1966,-0.5995,0.1673,0.4474,0.0661,1,0.0000
3375,-0.1933,-0.5994,0.2333,0.3876,0.0661,1,0.0000
3376,-0.1902,-0.5992,0.2994,0.3303,0.0661,1,0.0000
3377,-0.1873,-0.5991,0.3655,0.2771,0.0661,1,0.0000
3378,-0.1846,-0.5990,0.4316,0.2309,0.0661,1,0.0000
3379,-0.1822,-0.5988,0.4977,0.1967,0.0661,1,0.0000
3380,-0.1799,-0.5987,0.5638,0.1813,0.0662,1,0.0000
3381,-0.1779,-0.5986,0.6299,0.1895,0.0662,1,0.0000
3382,-0.1762,-0.5984,0.6960,0.2185,0.0662,1,0.0000
3383,-0.1746,-0.5983,0.7622,0.2616,0.0662,1,0.0000
3384,-0.1733,-0.5982,0.8283,0.3130,0.0662,1,0.0000
3385,-0.1722,-0.5981,0.8945,0.3692,0.0662,1,0.0000
3386,-0.1712,-0.5980,0.9607,0.4284,0.0662,1,0.0000
3387,-0.1705,-0.5979,1.0269,0.4895,0.0662,1,0.0000
3388,-0.1698,-0.5978,1.0931,0.5517,0.0662,1,0.0000
3389,-0.1692,-0.5977,1.1593,0.6149,0.0662,1,0.0000
3390,-0.1688,-0.5976,1.2255,0.6786,0.0662,1,0.0000
3391,-0.1684,-0.5976,1.2917,0.7428,0.0662,1,0.0000
3392,-0.1681,-0.5975,1.3579,0.8074,0.0662,1,0.0000
3393,-0.1679,-0.5974,1.4242,0.8722,0.0662,1,0.0000
3394,-0.1677,-0.5973,1.4904,0.9373,0.0662,1,0.0000
3395,-0.1707,-0.5973,1.5568,1.0031,0.0664,1,0.0000
3396,-0.1738,-0.5972,1.6231,1.0690,0.0664,1,0.0000
3397,-0.1768,-0.5972,1.6894,1.1349,0.0664,1,0.0000
3398,-0.1798,-0.5971,1.7557,1.2009,0.0664,1,0.0000
3399,-0.1829,-0.5971,1.8220,1.2669,0.0664,1,0.0000
3400,-0.1859,-0.5970,1.8884,1.3330,0.0664,1,0.0000
3401,-0.1889,-0.5969,1.9547,1.3991,0.0664,1,0.0000
3402,-0.1919,-0.5969,2.0210,1.4653,0.0664,1,0.0000
3403,-0.1950,-0.5968,2.0874,1.5315,0.0664,1,0.0000
3404,-0.1981,-0.5968,2.1541,1.5981,0.0668,1,0.0000
3405,-0.2011,-0.5968,2.2209,1.6647,0.0668,1,0.0000
3406,-0.2041,-0.5968,2.2876,1.7313,0.0668,1,0.0000
3407,-0.2071,-0.5968,2.3543,1.7979,0.0668,1,0.0000
3408,-0.2100,-0.5969,2.4210,1.8645,0.0668,1,0.0000
3409,-0.2128,-0.5969,2.4877,1.9311,0.0668,1,0.0000
3410,-0.2141,-0.5968,2.5542,1.9973,0.0665,1,0.0000
3411,-0.2178,-0.5971,2.4875,1.9314,0.0668,1,0.0000
3412,-0.2222,-0.5973,2.4209,1.8657,0.0668,1,0.0000
3413,-0.2265,-0.5974,2.3542,1.8001,0.0668,1,0.0000
3414,-0.2308,-0.5976,2.2876,1.7346,0.0668,1,0.0000
3415,-0.2350,-0.5977,2.2210,1.6692,0.0668,1,0.0000
3416,-0.2391,-0.5978,2.1543,1.6039,0.0668,1,0.0000
3417,-0.2432,-0.5980,2.0877,1.5387,0.0668,1,0.0000
3418,-0.2473,-0.5981,2.0210,1.4736,0.0668,1,0.0000
3419,-0.2513,-0.5982,1.9544,1.4086,0.0668,1,0.0000
3420,-0.2553,-0.5983,1.8877,1.3439,0.0668,1,0.0000
3421,-0.2593,-0.5984,1.8211,1.2793,0.0668,1,0.0000
3422,-0.2632,-0.5985,1.7544,1.2149,0.0668,1,0.0000
3423,-0.2671,-0.5985,1.6877,1.1509,0.0668,1,0.0000
3424,-0.2621,-0.5981,1.6274,1.0910,0.0606,1,0.0000
3425,-0.2333,-0.5987,1.5816,1.0398,0.0541,1,0.0000
3426,-0.2133,-0.5972,1.5246,0.9798,0.0604,1,0.0000
3427,-0.2097,-0.5983,1.4590,0.9151,0.0657,1,0.0000
3428,-0.2133,-0.5989,1.3923,0.8512,0.0668,1,0.0000
3429,-0.2144,-0.5989,1.3256,0.7872,0.0667,1,0.0000
3430,-0.2154,-0.5989,1.2589,0.7235,0.0667,1,0.0000
3431,-0.2162,-0.5990,1.1921,0.6604,0.0667,1,0.0000
3432,-0.2170,-0.5990,1.1254,0.5981,0.0667,1,0.0000
3433,-0.2177,-0.5991,1.0587,0.5368,0.0667,1,0.0000
3434,-0.2183,-0.5991,0.9919,0.4769,0.0667,1,0.0000
3435,-0.2188,-0.5992,0.9252,0.4190,0.0668,1,0.0000
3436,-0.2193,-0.5992,0.8584,0.3642,0.0668,1,0.0000
3437,-0.2197,-0.5992,0.7917,0.3140,0.0668,1,0.0000
3438,-0.2201,-0.5993,0.7249,0.2709,0.0668,1,0.0000
3439,-0.2205,-0.5993,0.6581,0.2391,0.0668,1,0.0000
3440,-0.2209,-0.5993,0.5913,0.2232,0.0668,1,0.0000
3441,-0.2213,-0.5994,0.5245,0.2267,0.0668,1,0.0000
3442,-0.2216,-0.5994,0.4577,0.2488,0.0668,1,0.0000
3443,-0.2219,-0.5995,0.3909,0.2851,0.0668,1,0.0000
3444,-0.2222,-0.5995,0.3241,0.3311,0.0668,1,0.0000
3445,-0.2226,-0.5996,0.2572,0.3833,0.0668,1,0.0000
3446,-0.2229,-0.5996,0.1904,0.4395,0.0669,1,0.0000
3447,-0.2232,-0.5997,0.1235,0.4984,0.0669,1,0.0000
3448,-0.2235,-0.5997,0.0566,0.5590,0.0669,1,0.0000
3449,-0.2238,-0.5998,-0.0102,0.6210,0.0669,1,0.0000
3450,-0.2241,-0.5998,-0.0772,0.6839,0.0669,1,0.0000
3451,-0.2244,-0.5999,-0.1441,0.7475,0.0669,1,0.0000
3452,-0.2247,-0.6000,-0.2111,0.8116,0.0670,1,0.0000
3453,-0.2249,-0.6001,-0.2780,0.8762,0.0670,1,0.0001
3454,-0.2251,-0.6001,-0.3450,0.9411,0.0670,1,0.0001
3455,-0.2196,-0.5998,-0.4117,1.0048,0.0669,1,0.0000
3456,-0.2176,-0.5995,-0.4783,1.0694,0.0666,1,0.0000
3457,-0.2170,-0.5993,-0.5448,1.1345,0.0665,1,0.0000
3458,-0.2168,-0.5991,-0.6112,1.1997,0.0665,1,0.0000
3459,-0.2167,-0.5990,-0.6777,1.2651,0.0664,1,0.0000
3460,-0.2169,-0.5989,-0.7440,1.3305,0.0664,1,0.0000
3461,-0.2171,-0.5988,-0.8104,1.3961,0.0664,1,0.0000
3462,-0.2175,-0.5988,-0.8767,1.4617,0.0663,1,0.0000
3463,-0.2179,-0.5988,-0.9430,1.5273,0.0663,1,0.0000
3464,-0.2184,-0.5988,-1.0093,1.5930,0.0663,1,0.0000
3465,-0.2189,-0.5988,-1.0756,1.6588,0.0663,1,0.0000
3466,-0.2194,-0.5989,-1.1419,1.7246,0.0663,1,0.0000
3467,-0.2200,-0.5989,-1.2082,1.7904,0.0663,1,0.0000
3468,-0.2205,-0.5990,-1.2745,1.8563,0.0663,1,0.0000
3469,-0.2211,-0.5990,-1.3407,1.9222,0.0663,1,0.0000
3470,-0.2217,-0.5991,-1.4070,1.9881,0.0663,1,0.0000
3471,-0.2223,-0.5992,-1.4733,2.0540,0.0663,1,0.0000
3472,-0.2228,-0.5992,-1.5396,2.1199,0.0663,1,0.0000
3473,-0.2234,-0.5993,-1.6058,2.1859,0.0663,1,0.0000
3474,-0.2240,-0.5994,-1.6721,2.2519,0.0663,1,0.0000
3475,-0.2246,-0.5995,-1.7384,2.3179,0.0663,1,0.0000
3476,-0.2251,-0.5995,-1.8046,2.3839,0.0663,1,0.0000
3477,-0.2257,-0.5996,-1.8709,2.4500,0.0663,1,0.0000
3478,-0.2262,-0.5997,-1.9372,2.5160,0.0663,1,0.0000
3479,-0.2268,-0.5997,-2.0035,2.5821,0.0663,1,0.0000
3480,-0.2273,-0.5998,-2.0697,2.6481,0.0663,1,0.0000
3481,-0.2278,-0.5999,-2.1360,2.7142,0.0663,1,0.0000
3482,-0.2284,-0.5999,-2.2023,2.7803,0.0663,1,0.0000
3483,-0.2289,-0.6000,-2.2686,2.8464,0.0663,1,0.0000
3484,-0.2294,-0.6000,-2.3349,2.9125,0.0663,1,0.0000
3485,-0.2299,-0.6000,-2.4011,2.9786,0.0663,1,0.0000
3486,-0.2304,-0.6001,-2.4674,3.0448,0.0663,1,0.0001
3487,-0.2309,-0.6001,-2.5337,3.1109,0.0663,1,0.0001
3488,-0.2312,-0.6001,-2.4666,3.0440,0.0671,1,0.0001
3489,-0.2315,-0.6001,-2.3996,2.9772,0.0671,1,0.0001
3490,-0.2318,-0.6001,-2.3325,2.9104,0.0671,1,0.0001
3491,-0.2320,-0.6001,-2.2655,2.8436,0.0671,1,0.0001
3492,-0.2323,-0.6001,-2.1984,2.7768,0.0671,1,0.0001
3493,-0.2326,-0.6001,-2.1314,2.7100,0.0671,1,0.0001
3494,-0.2329,-0.6001,-2.0643,2.6432,0.0671,1,0.0001
3495,-0.2332,-0.6001,-1.9973,2.5765,0.0671,1,0.0001
3496,-0.2335,-0.6001,-1.9302,2.5098,0.0670,1,0.0001
3497,-0.2337,-0.6000,-1.8632,2.4430,0.0671,1,0.0000
3498,-0.2340,-0.6000,-1.7961,2.3763,0.0671,1,0.0000
3499,-0.2343,-0.6000,-1.7291,2.3096,0.0671,1,0.0000
3500,-0.2346,-0.6000,-1.6620,2.2430,0.0670,1,0.0000
3501,-0.2349,-0.6000,-1.5950,2.1764,0.0671,1,0.0000
3502,-0.2352,-0.6000,-1.5279,2.1097,0.0670,1,0.0000
3503,-0.2355,-0.6000,-1.4609,2.0432,0.0670,1,0.0000
3504,-0.2358,-0.5999,-1.3939,1.9766,0.0670,1,0.0000
3505,-0.2361,-0.5999,-1.3268,1.9101,0.0670,1,0.0000
3506,-0.2364,-0.5999,-1.2598,1.8436,0.0670,1,0.0000
3507,-0.2367,-0.5999,-1.1927,1.7772,0.0670,1,0.0000
3508,-0.2370,-0.5999,-1.1257,1.7108,0.0670,1,0.0000
3509,-0.2373,-0.5999,-1.0586,1.6445,0.0670,1,0.0000
3510,-0.2376,-0.5999,-0.9916,1.5783,0.0670,1,0.0000
3511,-0.2380,-0.5999,-0.9245,1.5121,0.0670,1,0.0000
3512,-0.2383,-0.5999,-0.8575,1.4460,0.0670,1,0.0000
3513,-0.2386,-0.5999,-0.7904,1.3800,0.0670,1,0.0000
3514,-0.2390,-0.5999,-0.7234,1.3140,0.0670,1,0.0000
3515,-0.2393,-0.5999,-0.6564,1.2483,0.0670,1,0.0000
3516,-0.2397,-0.5999,-0.5893,1.1826,0.0670,1,0.0000
3517,-0.2400,-0.5999,-0.5223,1.1171,0.0670,1,0.0000
3518,-0.2404,-0.5999,-0.4552,1.0519,0.0670,1,0.0000
3519,-0.2408,-0.5999,-0.3882,0.9868,0.0670,1,0.0000
3520,-0.2412,-0.5999,-0.3212,0.9221,0.0670,1,0.0000
3521,-0.2415,-0.6000,-0.2541,0.8577,0.0670,1,0.0000
3522,-0.2431,-0.6001,-0.1871,0.7941,0.0670,1,0.0001
3523,-0.2445,-0.6001,-0.1201,0.7311,0.0670,1,0.0001
3524,-0.2456,-0.6002,-0.0531,0.6688,0.0670,1,0.0002
3525,-0.2467,-0.6002,0.0139,0.6075,0.0670,1,0.0002
3526,-0.2477,-0.6002,0.0809,0.5474,0.0670,1,0.0002
3527,-0.2486,-0.6002,0.1478,0.4892,0.0670,1,0.0002
3528,-0.2495,-0.6002,0.2148,0.4335,0.0670,1,0.0002
3529,-0.2504,-0.6002,0.2818,0.3814,0.0670,1,0.0002
3530,-0.2512,-0.6002,0.3487,0.3346,0.0670,1,0.0002
3531,-0.2521,-0.6002,0.4157,0.2957,0.0670,1,0.0002
3532,-0.2529,-0.6002,0.4826,0.2681,0.0670,1,0.0002
3533,-0.2537,-0.6001,0.5496,0.2555,0.0670,1,0.0001
3534,-0.2546,-0.6001,0.6165,0.2601,0.0670,1,0.0001
3535,-0.2555,-0.6001,0.6835,0.2811,0.0670,1,0.0001
3536,-0.2563,-0.6000,0.7504,0.3152,0.0670,1,0.0000
3537,-0.2572,-0.6000,0.8174,0.3586,0.0670,1,0.0000
3538,-0.2581,-0.5999,0.8843,0.4085,0.0670,1,0.0000
3539,-0.2589,-0.5999,0.9513,0.4627,0.0670,1,0.0000
3540,-0.2598,-0.5999,1.0182,0.5199,0.0670,1,0.0000
3541,-0.2603,-0.5998,1.0852,0.5789,0.0670,1,0.0000
3542,-0.2594,-0.5998,1.1521,0.6391,0.0669,1,0.0000
3543,-0.2587,-0.5998,1.2190,0.7005,0.0669,1,0.0000
3544,-0.2581,-0.5997,1.2860,0.7628,0.0669,1,0.0000
3545,-0.2576,-0.5997,1.3529,0.8259,0.0669,1,0.0000
3546,-0.2573,-0.5997,1.4199,0.8897,0.0669,1,0.0000
3547,-0.2570,-0.5997,1.4868,0.9538,0.0669,1,0.0000
3548,-0.2571,-0.5996,1.5538,1.0185,0.0670,1,0.0000
3549,-0.2580,-0.5996,1.6207,1.0836,0.0669,1,0.0000
3550,-0.2590,-0.5996,1.6877,1.1490,0.0670,1,0.0000
3551,-0.2599,-0.5996,1.7546,1.2145,0.0670,1,0.0000
3552,-0.2609,-0.5996,1.8216,1.2801,0.0670,1,0.0000
3553,-0.2618,-0.5996,1.8885,1.3459,0.0669,1,0.0000
3554,-0.2628,-0.5996,1.9555,1.4118,0.0670,1,0.0000
3555,-0.2637,-0.5996,2.0224,1.4778,0.0669,1,0.0000
3556,-0.2647,-0.5996,2.0893,1.5438,0.0670,1,0.0000
3557,-0.2657,-0.5996,2.1563,1.6100,0.0669,1,0.0000
3558,-0.2667,-0.5996,2.2232,1.6762,0.0669,1,0.0000
3559,-0.2677,-0.5996,2.2901,1.7424,0.0669,1,0.0000
3560,-0.2687,-0.5996,2.3571,1.8087,0.0669,1,0.0000
3561,-0.2685,-0.5996,2.4230,1.8740,0.0660,1,0.0000
3562,-0.2688,-0.5995,2.4891,1.9394,0.0660,1,0.0000
3563,-0.2672,-0.5994,2.5546,2.0041,0.0655,1,0.0000
3564,-0.2642,-0.5994,2.4860,1.9357,0.0686,1,0.0000
3565,-0.2674,-0.5993,2.4189,1.8697,0.0672,1,0.0000
3566,-0.2712,-0.5993,2.3518,1.8040,0.0672,1,0.0000
3567,-0.2753,-0.5992,2.2848,1.7384,0.0672,1,0.0000
3568,-0.2797,-0.5991,2.2178,1.6730,0.0672,1,0.0000
3569,-0.2844,-0.5989,2.1508,1.6078,0.0672,1,0.0000
3570,-0.2892,-0.5988,2.0838,1.5428,0.0672,1,0.0000
3571,-0.2943,-0.5985,2.0168,1.4780,0.0672,1,0.0000
3572,-0.2995,-0.5983,1.9498,1.4135,0.0672,1,0.0000
3573,-0.3047,-0.5981,1.8828,1.3493,0.0672,1,0.0000
3574,-0.3101,-0.5978,1.8158,1.2854,0.0672,1,0.0000
3575,-0.3115,-0.5972,1.7552,1.2271,0.0606,1,0.0000
3576,-0.2853,-0.5942,1.7419,1.2077,0.0295,1,0.0000
3577,-0.2568,-0.5935,1.7231,1.1829,0.0342,1,0.0000
3578,-0.2265,-0.5928,1.6978,1.1519,0.0395,1,0.0000
3579,-0.1956,-0.5923,1.6644,1.1133,0.0455,1,0.0000
3580,-0.1667,-0.5922,1.6216,1.0662,0.0517,1,0.0000
3581,-0.1421,-0.5959,1.5687,1.0103,0.0584,1,0.0000
3582,-0.1291,-0.5936,1.5068,0.9473,0.0632,1,0.0000
3583,-0.1301,-0.5952,1.4400,0.8813,0.0669,1,0.0000
3584,-0.1331,-0.5959,1.3728,0.8155,0.0672,1,0.0000
3585,-0.1340,-0.5960,1.3056,0.7494,0.0672,1,0.0000
3586,-0.1354,-0.5961,1.2384,0.6837,0.0672,1,0.0000
3587,-0.1373,-0.5963,1.1712,0.6185,0.0672,1,0.0000
3588,-0.1395,-0.5965,1.1040,0.5537,0.0672,1,0.0000
3589,-0.1420,-0.5967,1.0368,0.4898,0.0673,1,0.0000
3590,-0.1447,-0.5969,0.9696,0.4269,0.0673,1,0.0000
3591,-0.1477,-0.5971,0.9025,0.3657,0.0672,1,0.0000
3592,-0.1507,-0.5973,0.8353,0.3071,0.0672,1,0.0000
3593,-0.1539,-0.5976,0.7681,0.2529,0.0672,1,0.0000
3594,-0.1571,-0.5978,0.7010,0.2066,0.0672,1,0.0000
3595,-0.1604,-0.5980,0.6338,0.1744,0.0672,1,0.0000
3596,-0.1636,-0.5982,0.5666,0.1649,0.0672,1,0.0000
3597,-0.1667,-0.5984,0.4995,0.1817,0.0672,1,0.0000
3598,-0.1698,-0.5986,0.4324,0.2187,0.0672,1,0.0000
3599,-0.1728,-0.5988,0.3652,0.2677,0.0672,1,0.0000
3600,-0.1757,-0.5990,0.2981,0.3233,0.0672,1,0.0000
