tick,local_x,local_y,local_z,drift_m,slip_m,on_floor,below_depth_m
1,-0.0000,-0.5990,0.5666,0.0000,0.0000,1,0.0000
2,0.0000,-0.5990,0.6332,0.0667,0.0667,1,0.0000
3,0.0000,-0.5798,0.7032,0.1379,0.0725,1,0.0000
4,-0.0000,-0.5799,0.7698,0.2041,0.0667,1,0.0000
5,0.0000,-0.5841,0.8383,0.2721,0.0686,1,0.0000
6,-0.0000,-0.5841,0.9050,0.3387,0.0667,1,0.0000
7,-0.0000,-0.5886,0.9735,0.4070,0.0686,1,0.0000
8,-0.0000,-0.5886,1.0401,0.4736,0.0666,1,0.0000
9,-0.0000,-0.5928,1.1086,0.5420,0.0686,1,0.0000
10,-0.0000,-0.5928,1.1752,0.6087,0.0666,1,0.0000
11,-0.0000,-0.5964,1.2437,0.6771,0.0686,1,0.0000
12,-0.0000,-0.5964,1.3103,0.7437,0.0666,1,0.0000
13,-0.0000,-0.5993,1.3788,0.8122,0.0685,1,0.0000
14,-0.0000,-0.5994,1.4454,0.8788,0.0666,1,0.0000
15,-0.0000,-0.6015,1.5139,0.9473,0.0685,1,0.0015
16,-0.0000,-0.6015,1.5805,1.0139,0.0666,1,0.0015
17,0.0000,-0.6029,1.6489,1.0824,0.0685,1,0.0029
18,-0.0000,-0.6029,1.7156,1.1490,0.0666,1,0.0029
19,-0.0000,-0.6037,1.7840,1.2174,0.0684,1,0.0037
20,0.0000,-0.6037,1.8506,1.2841,0.0666,1,0.0037
21,0.0000,-0.6038,1.9191,1.3525,0.0684,1,0.0038
22,0.0000,-0.6038,1.9857,1.4191,0.0666,1,0.0038
23,0.0000,-0.6036,2.0541,1.4875,0.0684,1,0.0036
24,0.0000,-0.6036,2.1208,1.5542,0.0666,1,0.0036
25,0.0000,-0.6030,2.1892,1.6226,0.0684,1,0.0030
26,0.0000,-0.6030,2.2558,1.6892,0.0666,1,0.0030
27,0.0000,-0.6023,2.3242,1.7576,0.0684,1,0.0023
28,0.0000,-0.6023,2.3909,1.8243,0.0666,1,0.0023
29,0.0000,-0.6015,2.4593,1.8927,0.0684,1,0.0015
30,0.0000,-0.6015,2.5259,1.9593,0.0666,1,0.0015
31,0.0000,-0.6007,2.4610,1.8944,0.0649,1,0.0007
32,0.0000,-0.6007,2.3943,1.8277,0.0667,1,0.0007
33,0.0000,-0.5999,2.3294,1.7628,0.0649,1,0.0000
34,0.0000,-0.5999,2.2627,1.6961,0.0667,1,0.0000
35,0.0000,-0.5993,2.1977,1.6311,0.0649,1,0.0000
36,0.0000,-0.5993,2.1310,1.5644,0.0667,1,0.0000
37,0.0000,-0.5989,2.0661,1.4995,0.0649,1,0.0000
38,0.0000,-0.5989,1.9994,1.4328,0.0667,1,0.0000
39,0.0000,-0.5985,1.9344,1.3679,0.0649,1,0.0000
40,0.0000,-0.5985,1.8678,1.3012,0.0667,1,0.0000
41,0.0000,-0.5983,1.8028,1.2362,0.0650,1,0.0000
42,0.0000,-0.5983,1.7361,1.1695,0.0667,1,0.0000
43,0.0000,-0.5982,1.6711,1.1045,0.0650,1,0.0000
44,0.0000,-0.5982,1.6044,1.0379,0.0667,1,0.0000
45,0.0000,-0.5983,1.5395,0.9729,0.0650,1,0.0000
46,0.0000,-0.5983,1.4728,0.9062,0.0667,1,0.0000
47,0.0000,-0.5983,1.4078,0.8412,0.0650,1,0.0000
48,0.0000,-0.5983,1.3411,0.7745,0.0667,1,0.0000
49,0.0000,-0.5985,1.2761,0.7095,0.0650,1,0.0000
50,0.0000,-0.5985,1.2094,0.6428,0.0667,1,0.0000
51,0.0000,-0.5986,1.1444,0.5779,0.0650,1,0.0000
52,0.0000,-0.5986,1.0777,0.5112,0.0667,1,0.0000
53,0.0000,-0.5988,1.0127,0.4462,0.0650,1,0.0000
54,0.0000,-0.5988,0.9461,0.3795,0.0667,1,0.0000
55,0.0000,-0.5989,0.8811,0.3145,0.0650,1,0.0000
56,0.0000,-0.5989,0.8144,0.2478,0.0667,1,0.0000
57,0.0000,-0.5991,0.7494,0.1828,0.0650,1,0.0000
58,0.0000,-0.5991,0.6827,0.1161,0.0667,1,0.0000
59,0.0000,-0.5992,0.6177,0.0511,0.0650,1,0.0000
60,0.0000,-0.5992,0.5510,0.0156,0.0667,1,0.0000
61,0.0000,-0.5993,0.4859,0.0806,0.0650,1,0.0000
62,0.0000,-0.5993,0.4193,0.1473,0.0667,1,0.0000
63,0.0000,-0.5993,0.3542,0.2124,0.0650,1,0.0000
64,0.0000,-0.5993,0.2875,0.2791,0.0667,1,0.0000
65,0.0000,-0.5994,0.2225,0.3441,0.0650,1,0.0000
66,0.0000,-0.5994,0.1558,0.4108,0.0667,1,0.0000
67,0.0000,-0.5994,0.0908,0.4758,0.0650,1,0.0000
68,0.0000,-0.5994,0.0241,0.5425,0.0667,1,0.0000
69,0.0000,-0.5994,-0.0410,0.6075,0.0650,1,0.0000
70,0.0000,-0.5994,-0.1076,0.6742,0.0667,1,0.0000
71,0.0000,-0.5994,-0.1727,0.7393,0.0650,1,0.0000
72,0.0000,-0.5994,-0.2394,0.8060,0.0667,1,0.0000
73,0.0000,-0.5993,-0.3044,0.8710,0.0651,1,0.0000
74,0.0000,-0.5993,-0.3711,0.9377,0.0667,1,0.0000
75,0.0000,-0.5993,-0.4362,1.0028,0.0651,1,0.0000
76,0.0000,-0.5993,-0.5029,1.0695,0.0667,1,0.0000
77,0.0000,-0.5993,-0.5679,1.1345,0.0651,1,0.0000
78,0.0000,-0.5993,-0.6346,1.2012,0.0667,1,0.0000
79,0.0000,-0.5993,-0.6997,1.2663,0.0651,1,0.0000
80,0.0000,-0.5993,-0.7664,1.3330,0.0667,1,0.0000
81,0.0000,-0.5993,-0.8315,1.3980,0.0651,1,0.0000
82,0.0000,-0.5993,-0.8982,1.4647,0.0667,1,0.0000
83,0.0000,-0.5992,-0.9632,1.5298,0.0651,1,0.0000
84,0.0000,-0.5992,-1.0299,1.5965,0.0667,1,0.0000
85,0.0000,-0.5992,-1.0950,1.6616,0.0651,1,0.0000
86,0.0000,-0.5992,-1.1617,1.7283,0.0667,1,0.0000
87,0.0000,-0.5992,-1.2268,1.7934,0.0651,1,0.0000
88,0.0000,-0.5992,-1.2935,1.8601,0.0667,1,0.0000
89,0.0000,-0.5992,-1.3586,1.9252,0.0651,1,0.0000
90,0.0000,-0.5992,-1.4253,1.9919,0.0667,1,0.0000
91,0.0000,-0.5992,-1.4904,2.0570,0.0651,1,0.0000
92,0.0000,-0.5992,-1.5571,2.1236,0.0667,1,0.0000
93,0.0000,-0.5992,-1.6222,2.1887,0.0651,1,0.0000
94,0.0000,-0.5992,-1.6889,2.2554,0.0667,1,0.0000
95,0.0000,-0.5993,-1.7540,2.3206,0.0651,1,0.0000
96,0.0000,-0.5993,-1.8207,2.3872,0.0667,1,0.0000
97,0.0000,-0.5993,-1.8858,2.4524,0.0651,1,0.0000
98,0.0000,-0.5993,-1.9525,2.5191,0.0667,1,0.0000
99,0.0000,-0.5993,-2.0176,2.5842,0.0651,1,0.0000
100,0.0000,-0.5993,-2.0843,2.6509,0.0667,1,0.0000
101,0.0000,-0.5993,-2.1494,2.7160,0.0651,1,0.0000
102,0.0000,-0.5993,-2.2161,2.7827,0.0667,1,0.0000
103,0.0000,-0.5993,-2.2812,2.8478,0.0651,1,0.0000
104,0.0000,-0.5993,-2.3479,2.9145,0.0667,1,0.0000
105,0.0000,-0.5993,-2.4131,2.9796,0.0651,1,0.0000
106,0.0000,-0.5993,-2.4797,3.0463,0.0667,1,0.0000
107,0.0000,-0.5993,-2.5449,3.1115,0.0651,1,0.0000
108,0.0000,-0.5993,-2.4783,3.0448,0.0666,1,0.0000
109,0.0000,-0.5993,-2.4101,2.9767,0.0682,1,0.0000
110,0.0000,-0.5993,-2.3434,2.9100,0.0666,1,0.0000
111,0.0000,-0.5993,-2.2753,2.8418,0.0682,1,0.0000
112,0.0000,-0.5993,-2.2086,2.7752,0.0666,1,0.0000
113,0.0000,-0.5993,-2.1404,2.7070,0.0682,1,0.0000
114,0.0000,-0.5993,-2.0738,2.6404,0.0666,1,0.0000
115,0.0000,-0.5993,-2.0056,2.5722,0.0682,1,0.0000
116,0.0000,-0.5993,-1.9390,2.5056,0.0666,1,0.0000
117,0.0000,-0.5993,-1.8708,2.4374,0.0682,1,0.0000
118,0.0000,-0.5993,-1.8042,2.3708,0.0666,1,0.0000
119,0.0000,-0.5993,-1.7360,2.3026,0.0682,1,0.0000
120,0.0000,-0.5993,-1.6694,2.2360,0.0666,1,0.0000
121,0.0000,-0.5993,-1.6012,2.1678,0.0682,1,0.0000
122,0.0000,-0.5993,-1.5346,2.1012,0.0666,1,0.0000
123,0.0000,-0.5994,-1.4665,2.0330,0.0681,1,0.0000
124,0.0000,-0.5994,-1.3998,1.9664,0.0666,1,0.0000
125,0.0000,-0.5994,-1.3317,1.8983,0.0681,1,0.0000
126,0.0000,-0.5994,-1.2650,1.8316,0.0666,1,0.0000
127,0.0000,-0.5994,-1.1969,1.7635,0.0681,1,0.0000
128,0.0000,-0.5994,-1.1303,1.6969,0.0666,1,0.0000
129,0.0000,-0.5994,-1.0621,1.6287,0.0681,1,0.0000
130,0.0000,-0.5994,-0.9955,1.5621,0.0666,1,0.0000
131,0.0000,-0.5994,-0.9274,1.4940,0.0681,1,0.0000
132,0.0000,-0.5994,-0.8607,1.4273,0.0666,1,0.0000
133,0.0000,-0.5994,-0.7926,1.3592,0.0681,1,0.0000
134,0.0000,-0.5994,-0.7260,1.2926,0.0666,1,0.0000
135,0.0000,-0.5994,-0.6579,1.2244,0.0681,1,0.0000
136,0.0000,-0.5994,-0.5912,1.1578,0.0666,1,0.0000
137,0.0000,-0.5994,-0.5231,1.0897,0.0681,1,0.0000
138,0.0000,-0.5994,-0.4565,1.0231,0.0666,1,0.0000
139,0.0000,-0.5994,-0.3884,0.9549,0.0681,1,0.0000
140,0.0000,-0.5994,-0.3217,0.8883,0.0666,1,0.0000
141,0.0000,-0.5994,-0.2536,0.8202,0.0681,1,0.0000
142,0.0000,-0.5994,-0.1870,0.7536,0.0666,1,0.0000
143,0.0000,-0.5994,-0.1189,0.6855,0.0681,1,0.0000
144,0.0000,-0.5994,-0.0522,0.6188,0.0666,1,0.0000
145,0.0000,-0.5994,0.0159,0.5507,0.0681,1,0.0000
146,0.0000,-0.5994,0.0825,0.4841,0.0666,1,0.0000
147,0.0000,-0.5994,0.1506,0.4160,0.0681,1,0.0000
148,0.0000,-0.5994,0.2172,0.3494,0.0666,1,0.0000
149,0.0000,-0.5994,0.2853,0.2813,0.0681,1,0.0000
150,0.0000,-0.5994,0.3519,0.2146,0.0666,1,0.0000
151,0.0000,-0.5994,0.4200,0.1466,0.0681,1,0.0000
152,0.0000,-0.5994,0.4867,0.0799,0.0666,1,0.0000
153,0.0000,-0.5994,0.5547,0.0119,0.0681,1,0.0000
154,0.0000,-0.5994,0.6214,0.0548,0.0666,1,0.0000
155,0.0000,-0.5994,0.6894,0.1228,0.0681,1,0.0000
156,0.0000,-0.5994,0.7561,0.1895,0.0666,1,0.0000
157,0.0000,-0.5994,0.8241,0.2576,0.0681,1,0.0000
158,0.0000,-0.5994,0.8908,0.3242,0.0666,1,0.0000
159,0.0000,-0.5994,0.9588,0.3922,0.0681,1,0.0000
160,0.0000,-0.5994,1.0255,0.4589,0.0666,1,0.0000
161,0.0000,-0.5994,1.0935,0.5269,0.0681,1,0.0000
162,0.0000,-0.5994,1.1602,0.5936,0.0666,1,0.0000
163,0.0000,-0.5994,1.2282,0.6616,0.0681,1,0.0000
164,0.0000,-0.5994,1.2949,0.7283,0.0666,1,0.0000
165,0.0000,-0.5995,1.3629,0.7963,0.0680,1,0.0000
166,0.0000,-0.5995,1.4295,0.8629,0.0666,1,0.0000
167,0.0000,-0.5995,1.4976,0.9310,0.0680,1,0.0000
168,0.0000,-0.5995,1.5642,0.9976,0.0666,1,0.0000
169,0.0000,-0.5995,1.6323,1.0657,0.0680,1,0.0000
170,0.0000,-0.5995,1.6989,1.1323,0.0666,1,0.0000
171,0.0000,-0.5995,1.7669,1.2003,0.0680,1,0.0000
172,0.0000,-0.5995,1.8336,1.2670,0.0666,1,0.0000
173,0.0000,-0.5995,1.9016,1.3350,0.0680,1,0.0000
174,0.0000,-0.5995,1.9682,1.4016,0.0666,1,0.0000
175,0.0000,-0.5995,2.0362,1.4697,0.0680,1,0.0000
176,0.0000,-0.5995,2.1029,1.5363,0.0666,1,0.0000
177,0.0000,-0.5995,2.1709,1.6043,0.0680,1,0.0000
178,0.0000,-0.5995,2.2375,1.6710,0.0666,1,0.0000
179,0.0000,-0.5995,2.3056,1.7390,0.0680,1,0.0000
180,0.0000,-0.5995,2.3722,1.8056,0.0666,1,0.0000
181,0.0000,-0.5995,2.4402,1.8736,0.0680,1,0.0000
182,0.0000,-0.5995,2.5068,1.9403,0.0666,1,0.0000
183,0.0000,-0.5995,2.4415,1.8749,0.0653,1,0.0000
184,0.0000,-0.5995,2.3748,1.8082,0.0667,1,0.0000
185,0.0000,-0.5995,2.3095,1.7429,0.0653,1,0.0000
186,0.0000,-0.5995,2.2428,1.6762,0.0667,1,0.0000
187,0.0000,-0.5995,2.1775,1.6109,0.0653,1,0.0000
188,0.0000,-0.5995,2.1108,1.5442,0.0667,1,0.0000
189,0.0000,-0.5995,2.0454,1.4788,0.0653,1,0.0000
190,0.0000,-0.5995,1.9787,1.4121,0.0667,1,0.0000
191,0.0000,-0.5995,1.9134,1.3468,0.0653,1,0.0000
192,0.0000,-0.5995,1.8467,1.2801,0.0667,1,0.0000
193,0.0000,-0.5995,1.7814,1.2148,0.0653,1,0.0000
194,0.0000,-0.5995,1.7147,1.1481,0.0667,1,0.0000
195,0.0000,-0.5995,1.6493,1.0827,0.0653,1,0.0000
196,0.0000,-0.5995,1.5826,1.0160,0.0667,1,0.0000
197,0.0000,-0.5995,1.5173,0.9507,0.0654,1,0.0000
198,0.0000,-0.5995,1.4506,0.8840,0.0667,1,0.0000
199,0.0000,-0.5995,1.3852,0.8186,0.0654,1,0.0000
200,0.0000,-0.5995,1.3185,0.7519,0.0667,1,0.0000
201,0.0000,-0.5995,1.2531,0.6866,0.0654,1,0.0000
202,0.0000,-0.5995,1.1865,0.6199,0.0667,1,0.0000
203,0.0000,-0.6002,1.1172,0.5507,0.0692,1,0.0002
204,0.0000,-0.6000,1.0506,0.4840,0.0667,1,0.0000
205,0.0000,-0.6017,0.9808,0.4142,0.0698,1,0.0017
206,0.0000,-0.6014,0.9141,0.3476,0.0666,1,0.0014
207,0.0000,-0.6025,0.8484,0.2818,0.0657,1,0.0025
208,0.0000,-0.6022,0.7819,0.2153,0.0666,1,0.0022
209,-0.0000,-0.6031,0.7162,0.1497,0.0657,1,0.0031
210,-0.0000,-0.6028,0.6497,0.0832,0.0665,1,0.0028
211,-0.0000,-0.6035,0.5842,0.0182,0.0655,1,0.0035
212,-0.0000,-0.6031,0.5178,0.0489,0.0664,1,0.0031
213,-0.0000,-0.6036,0.4524,0.1143,0.0654,1,0.0036
214,-0.0000,-0.6032,0.3861,0.1805,0.0663,1,0.0032
215,-0.0000,-0.6034,0.3208,0.2458,0.0653,1,0.0034
216,-0.0000,-0.6030,0.2546,0.3120,0.0662,1,0.0030
217,-0.0000,-0.6029,0.1894,0.3772,0.0652,1,0.0029
218,-0.0000,-0.6025,0.1233,0.4433,0.0661,1,0.0025
219,-0.0000,-0.6022,0.0583,0.5083,0.0651,1,0.0022
220,-0.0000,-0.6017,-0.0077,0.5743,0.0659,1,0.0017
221,-0.0000,-0.6012,-0.0726,0.6392,0.0650,1,0.0012
222,-0.0000,-0.6008,-0.1384,0.7050,0.0658,1,0.0008
223,-0.0000,-0.6001,-0.2032,0.7698,0.0648,1,0.0001
224,-0.0000,-0.5996,-0.2689,0.8355,0.0657,1,0.0000
225,-0.0000,-0.5989,-0.3335,0.9001,0.0647,1,0.0000
226,-0.0000,-0.5984,-0.3990,0.9656,0.0655,1,0.0000
227,-0.0000,-0.5976,-0.4636,1.0301,0.0645,1,0.0000
228,-0.0000,-0.5971,-0.5289,1.0955,0.0653,1,0.0000
229,-0.0000,-0.5962,-0.5932,1.1598,0.0644,1,0.0000
230,-0.0000,-0.5957,-0.6584,1.2250,0.0652,1,0.0000
231,-0.0000,-0.5948,-0.7226,1.2892,0.0642,1,0.0000
232,-0.0000,-0.5943,-0.7875,1.3541,0.0650,1,0.0000
233,-0.0000,-0.5934,-0.8515,1.4181,0.0640,1,0.0000
234,-0.0000,-0.5929,-0.9163,1.4829,0.0648,1,0.0000
235,-0.0000,-0.5920,-0.9801,1.5467,0.0638,1,0.0000
236,-0.0000,-0.5915,-1.0447,1.6113,0.0646,1,0.0000
237,-0.0000,-0.5907,-1.1082,1.6748,0.0636,1,0.0000
238,-0.0000,-0.5901,-1.1726,1.7392,0.0644,1,0.0000
239,-0.0000,-0.5902,-1.2362,1.8028,0.0636,1,0.0000
240,-0.0000,-0.5897,-1.3003,1.8669,0.0641,1,0.0000
241,-0.0000,-0.5906,-1.3638,1.9304,0.0635,1,0.0000
242,-0.0000,-0.5903,-1.4278,1.9944,0.0640,1,0.0000
243,-0.0000,-0.5914,-1.4912,2.0578,0.0634,1,0.0000
244,-0.0000,-0.5913,-1.5552,2.1218,0.0640,1,0.0000
245,-0.0000,-0.5925,-1.6185,2.1851,0.0634,1,0.0000
246,-0.0000,-0.5926,-1.6825,2.2491,0.0640,1,0.0000
247,-0.0000,-0.5938,-1.7459,2.3125,0.0634,1,0.0000
248,-0.0000,-0.5940,-1.8099,2.3765,0.0640,1,0.0000
249,-0.0000,-0.5951,-1.8734,2.4400,0.0635,1,0.0000
250,-0.0000,-0.5953,-1.9375,2.5041,0.0641,1,0.0000
251,-0.0000,-0.5963,-2.0010,2.5676,0.0636,1,0.0000
252,-0.0000,-0.5965,-2.0652,2.6318,0.0641,1,0.0000
253,-0.0000,-0.5973,-2.1288,2.6954,0.0636,1,0.0000
254,-0.0000,-0.5974,-2.1930,2.7596,0.0642,1,0.0000
255,-0.0000,-0.5980,-2.2567,2.8233,0.0637,1,0.0000
256,-0.0001,-0.5981,-2.3210,2.8876,0.0643,1,0.0000
257,-0.0001,-0.5985,-2.3847,2.9513,0.0638,1,0.0000
258,-0.0001,-0.5986,-2.4490,3.0156,0.0643,1,0.0000
259,-0.0000,-0.5987,-2.5128,3.0794,0.0638,1,0.0000
260,-0.0000,-0.5996,-2.4460,3.0126,0.0668,1,0.0000
261,-0.0000,-0.5988,-2.3789,2.9455,0.0671,1,0.0000
262,-0.0000,-0.5997,-2.3121,2.8787,0.0668,1,0.0000
263,-0.0000,-0.5987,-2.2450,2.8116,0.0671,1,0.0000
264,-0.0000,-0.5981,-2.1784,2.7450,0.0666,1,0.0000
265,-0.0000,-0.5987,-2.1111,2.6777,0.0673,1,0.0000
266,-0.0000,-0.5980,-2.0445,2.6111,0.0666,1,0.0000
267,-0.0000,-0.5986,-1.9772,2.5438,0.0673,1,0.0000
268,-0.0000,-0.5979,-1.9106,2.4772,0.0666,1,0.0000
269,-0.0000,-0.5955,-1.8435,2.4101,0.0671,1,0.0000
270,-0.0000,-0.5965,-1.7767,2.3433,0.0668,1,0.0000
271,-0.0000,-0.5902,-1.7096,2.2762,0.0674,1,0.0000
272,-0.0000,-0.5913,-1.6428,2.2094,0.0668,1,0.0000
273,-0.0000,-0.5856,-1.5757,2.1423,0.0674,1,0.0000
274,-0.0000,-0.5871,-1.5088,2.0755,0.0668,1,0.0000
275,-0.0000,-0.5821,-1.4416,2.0083,0.0674,1,0.0000
276,-0.0000,-0.5842,-1.3747,1.9414,0.0669,1,0.0000
277,-0.0000,-0.5808,-1.3073,1.8740,0.0675,1,0.0000
278,-0.0000,-0.5821,-1.2406,1.8073,0.0668,1,0.0000
279,-0.0000,-0.5809,-1.1731,1.7397,0.0676,1,0.0000
280,-0.0000,-0.5829,-1.1063,1.6729,0.0668,1,0.0000
281,-0.0000,-0.5829,-1.0386,1.6052,0.0677,1,0.0000
282,-0.0000,-0.5847,-0.9717,1.5384,0.0669,1,0.0000
283,-0.0000,-0.5851,-0.9039,1.4706,0.0678,1,0.0000
284,-0.0000,-0.5867,-0.8370,1.4037,0.0669,1,0.0000
285,-0.0000,-0.5885,-0.7692,1.3359,0.0678,1,0.0000
286,-0.0000,-0.5901,-0.7023,1.2689,0.0669,1,0.0000
287,-0.0000,-0.5922,-0.6345,1.2011,0.0679,1,0.0000
288,-0.0000,-0.5938,-0.5676,1.1342,0.0669,1,0.0000
289,-0.0000,-0.5961,-0.4998,1.0664,0.0678,1,0.0000
290,-0.0000,-0.5975,-0.4329,0.9995,0.0669,1,0.0000
291,-0.0000,-0.5999,-0.3651,0.9317,0.0678,1,0.0000
292,-0.0000,-0.6012,-0.2983,0.8649,0.0669,1,0.0012
293,-0.0000,-0.6035,-0.2306,0.7972,0.0677,1,0.0035
294,-0.0000,-0.6048,-0.1638,0.7304,0.0668,1,0.0048
295,-0.0000,-0.6069,-0.0961,0.6628,0.0677,1,0.0069
296,-0.0001,-0.6082,-0.0294,0.5960,0.0668,1,0.0082
297,-0.0001,-0.6102,0.0382,0.5285,0.0676,1,0.0102
298,-0.0001,-0.6113,0.1049,0.4619,0.0667,1,0.0113
299,-0.0000,-0.6128,0.1724,0.3944,0.0676,1,0.0128
300,-0.0001,-0.6139,0.2390,0.3279,0.0666,1,0.0139
301,-0.0000,-0.6127,0.3069,0.2601,0.0679,1,0.0127
302,-0.0000,-0.6135,0.3734,0.1937,0.0665,1,0.0135
303,-0.0001,-0.6095,0.4413,0.1258,0.0679,1,0.0095
304,-0.0001,-0.6103,0.5077,0.0599,0.0665,1,0.0103
305,-0.0001,-0.6056,0.5755,0.0111,0.0680,1,0.0056
306,-0.0001,-0.6064,0.6419,0.0757,0.0664,1,0.0064
307,-0.0001,-0.6019,0.7094,0.1429,0.0677,1,0.0019
308,-0.0001,-0.6028,0.7758,0.2092,0.0663,1,0.0028
309,-0.0001,-0.5982,0.8425,0.2760,0.0669,1,0.0000
310,-0.0001,-0.5991,0.9088,0.3422,0.0662,1,0.0000
311,-0.0001,-0.5946,0.9755,0.4089,0.0669,1,0.0000
312,-0.0001,-0.5955,1.0416,0.4750,0.0661,1,0.0000
313,-0.0001,-0.5926,1.1089,0.5424,0.0674,1,0.0000
314,-0.0001,-0.5937,1.1749,0.6084,0.0660,1,0.0000
315,-0.0001,-0.5929,1.2424,0.6758,0.0675,1,0.0000
316,-0.0001,-0.5941,1.3083,0.7417,0.0659,1,0.0000
317,-0.0001,-0.5947,1.3756,0.8090,0.0673,1,0.0000
318,-0.0001,-0.5960,1.4413,0.8747,0.0657,1,0.0000
319,-0.0001,-0.5976,1.5085,0.9419,0.0672,1,0.0000
320,-0.0001,-0.5990,1.5740,1.0074,0.0655,1,0.0000
321,-0.0001,-0.6014,1.6409,1.0743,0.0670,1,0.0014
322,-0.0001,-0.6027,1.7062,1.1396,0.0653,1,0.0027
323,-0.0001,-0.6056,1.7728,1.2063,0.0667,1,0.0056
324,-0.0001,-0.6069,1.8379,1.2713,0.0650,1,0.0069
325,-0.0001,-0.6100,1.9043,1.3377,0.0665,1,0.0100
326,-0.0001,-0.6113,1.9691,1.4025,0.0648,1,0.0113
327,-0.0001,-0.6144,2.0352,1.4687,0.0662,1,0.0144
328,-0.0001,-0.6157,2.0997,1.5332,0.0645,1,0.0157
329,-0.0001,-0.6187,2.1655,1.5990,0.0659,1,0.0187
330,-0.0001,-0.6200,2.2297,1.6633,0.0642,1,0.0200
331,-0.0001,-0.6180,2.2956,1.7291,0.0659,1,0.0180
332,-0.0001,-0.6190,2.3596,1.7931,0.0640,1,0.0190
333,-0.0000,-0.6142,2.4254,1.8589,0.0660,1,0.0142
334,-0.0000,-0.6149,2.4891,1.9226,0.0637,1,0.0149
335,-0.0000,-0.6097,2.5548,1.9882,0.0658,1,0.0097
336,-0.0000,-0.6100,2.4880,1.9215,0.0667,1,0.0100
337,-0.0001,-0.6046,2.4233,1.8567,0.0650,1,0.0046
338,-0.0000,-0.6049,2.3566,1.7900,0.0667,1,0.0049
339,-0.0001,-0.5999,2.2918,1.7252,0.0650,1,0.0000
340,-0.0001,-0.5991,2.2253,1.6587,0.0666,1,0.0000
341,-0.0001,-0.5956,2.1605,1.5939,0.0649,1,0.0000
342,-0.0001,-0.5950,2.0939,1.5273,0.0666,1,0.0000
343,-0.0001,-0.5935,2.0290,1.4625,0.0649,1,0.0000
344,-0.0001,-0.5931,1.9624,1.3958,0.0666,1,0.0000
345,-0.0001,-0.5919,1.8976,1.3311,0.0648,1,0.0000
346,-0.0001,-0.5918,1.8310,1.2644,0.0667,1,0.0000
347,-0.0001,-0.5903,1.7664,1.1999,0.0646,1,0.0000
348,-0.0001,-0.5904,1.6997,1.1332,0.0667,1,0.0000
349,-0.0001,-0.5912,1.6349,1.0684,0.0648,1,0.0000
350,-0.0001,-0.5915,1.5682,1.0017,0.0667,1,0.0000
351,-0.0001,-0.5913,1.5036,0.9370,0.0646,1,0.0000
352,-0.0001,-0.5917,1.4368,0.8703,0.0667,1,0.0000
353,0.0000,-0.5934,1.3692,0.8026,0.0677,1,0.0000
354,-0.0000,-0.5926,1.3026,0.7361,0.0666,1,0.0000
355,-0.0001,-0.5951,1.2291,0.6625,0.0736,1,0.0000
356,-0.0001,-0.5951,1.1625,0.5959,0.0666,1,0.0000
357,-0.0001,-0.5986,1.0972,0.5307,0.0654,1,0.0000
358,-0.0001,-0.5967,1.0305,0.4640,0.0667,1,0.0000
359,-0.0001,-0.5985,0.9652,0.3986,0.0654,1,0.0000
360,-0.0001,-0.5979,0.8984,0.3318,0.0668,1,0.0000
361,-0.0001,-0.5999,0.8330,0.2664,0.0654,1,0.0000
362,-0.0001,-0.5996,0.7662,0.1996,0.0668,1,0.0000
363,-0.0001,-0.5997,0.7008,0.1342,0.0654,1,0.0000
364,-0.0001,-0.5990,0.6339,0.0673,0.0669,1,0.0000
365,-0.0001,-0.5994,0.5684,0.0019,0.0655,1,0.0000
366,-0.0001,-0.5987,0.5015,0.0651,0.0669,1,0.0000
367,-0.0001,-0.5986,0.4360,0.1306,0.0655,1,0.0000
368,-0.0001,-0.5978,0.3691,0.1975,0.0669,1,0.0000
369,-0.0001,-0.5972,0.3036,0.2630,0.0655,1,0.0000
370,-0.0001,-0.5964,0.2367,0.3299,0.0669,1,0.0000
371,-0.0001,-0.5954,0.1712,0.3954,0.0655,1,0.0000
372,-0.0001,-0.5946,0.1043,0.4623,0.0669,1,0.0000
373,-0.0001,-0.5933,0.0388,0.5278,0.0655,1,0.0000
374,-0.0001,-0.5924,-0.0280,0.5947,0.0669,1,0.0000
375,-0.0001,-0.5910,-0.0935,0.6601,0.0655,1,0.0000
376,-0.0001,-0.5900,-0.1603,0.7269,0.0668,1,0.0000
377,-0.0001,-0.5884,-0.2257,0.7923,0.0654,1,0.0000
378,-0.0001,-0.5874,-0.2924,0.8591,0.0667,1,0.0000
379,-0.0001,-0.5882,-0.3579,0.9246,0.0655,1,0.0000
380,-0.0001,-0.5874,-0.4246,0.9912,0.0666,1,0.0000
381,-0.0001,-0.5899,-0.4900,1.0566,0.0655,1,0.0000
382,-0.0001,-0.5895,-0.5566,1.1232,0.0666,1,0.0000
383,-0.0001,-0.5920,-0.6220,1.1886,0.0655,1,0.0000
384,-0.0001,-0.5919,-0.6885,1.2551,0.0665,1,0.0000
385,-0.0001,-0.5942,-0.7539,1.3205,0.0655,1,0.0000
386,-0.0001,-0.5943,-0.8204,1.3870,0.0665,1,0.0000
387,-0.0001,-0.5963,-0.8859,1.4525,0.0655,1,0.0000
388,-0.0001,-0.5966,-0.9525,1.5190,0.0666,1,0.0000
389,-0.0001,-0.5982,-1.0180,1.5845,0.0655,1,0.0000
390,-0.0001,-0.5985,-1.0845,1.6511,0.0666,1,0.0000
391,-0.0001,-0.5998,-1.1501,1.7167,0.0656,1,0.0000
392,-0.0001,-0.6001,-1.2167,1.7833,0.0666,1,0.0001
393,-0.0056,-0.6011,-1.2828,1.8494,0.0664,1,0.0011
394,-0.0057,-0.6014,-1.3495,1.9161,0.0666,1,0.0014
395,-0.0115,-0.6020,-1.4157,1.9823,0.0665,1,0.0020
396,-0.0117,-0.6022,-1.4824,2.0490,0.0667,1,0.0022
397,-0.0163,-0.6025,-1.5485,2.1152,0.0663,1,0.0025
398,-0.0166,-0.6027,-1.6152,2.1819,0.0667,1,0.0027
399,-0.0205,-0.6026,-1.6813,2.2480,0.0662,1,0.0026
400,-0.0208,-0.6027,-1.7480,2.3147,0.0667,1,0.0027
401,-0.0242,-0.6025,-1.8141,2.3808,0.0662,1,0.0025
402,-0.0245,-0.6026,-1.8808,2.4475,0.0667,1,0.0026
403,-0.0277,-0.6022,-1.9469,2.5137,0.0662,1,0.0022
404,-0.0280,-0.6022,-2.0136,2.5804,0.0667,1,0.0022
405,-0.0311,-0.6018,-2.0797,2.6465,0.0662,1,0.0018
406,-0.0314,-0.6017,-2.1465,2.7132,0.0667,1,0.0017
407,-0.0343,-0.6013,-2.2125,2.7793,0.0661,1,0.0013
408,-0.0346,-0.6013,-2.2793,2.8461,0.0667,1,0.0013
409,-0.0375,-0.6009,-2.3453,2.9122,0.0661,1,0.0009
410,-0.0378,-0.6008,-2.4121,2.9789,0.0667,1,0.0008
411,-0.0408,-0.6005,-2.4782,3.0450,0.0662,1,0.0005
412,-0.0410,-0.6004,-2.5449,3.1118,0.0667,1,0.0004
413,-0.0433,-0.6001,-2.4777,3.0446,0.0673,1,0.0001
414,-0.0429,-0.6000,-2.4111,2.9779,0.0666,1,0.0000
415,-0.0452,-0.5998,-2.3438,2.9108,0.0673,1,0.0000
416,-0.0448,-0.5997,-2.2772,2.8441,0.0666,1,0.0000
417,-0.0471,-0.5996,-2.2100,2.7770,0.0673,1,0.0000
418,-0.0467,-0.5995,-2.1434,2.7104,0.0666,1,0.0000
419,-0.0491,-0.5995,-2.0761,2.6432,0.0673,1,0.0000
420,-0.0487,-0.5994,-2.0095,2.5766,0.0666,1,0.0000
421,-0.0512,-0.5995,-1.9423,2.5094,0.0673,1,0.0000
422,-0.0508,-0.5994,-1.8757,2.4428,0.0666,1,0.0000
423,-0.0533,-0.5995,-1.8085,2.3757,0.0673,1,0.0000
424,-0.0529,-0.5995,-1.7419,2.3090,0.0666,1,0.0000
425,-0.0556,-0.5996,-1.6747,2.2419,0.0673,1,0.0000
426,-0.0552,-0.5996,-1.6080,2.1753,0.0666,1,0.0000
427,-0.0580,-0.5997,-1.5409,2.1082,0.0672,1,0.0000
428,-0.0575,-0.5997,-1.4742,2.0416,0.0666,1,0.0000
429,-0.0650,-0.6001,-1.4078,1.9755,0.0668,1,0.0001
430,-0.0644,-0.6000,-1.3412,1.9089,0.0666,1,0.0000
431,-0.0716,-0.6003,-1.2749,1.8429,0.0667,1,0.0003
432,-0.0709,-0.6002,-1.2083,1.7763,0.0666,1,0.0002
433,-0.0768,-0.6004,-1.1419,1.7102,0.0667,1,0.0004
434,-0.0761,-0.6003,-1.0752,1.6436,0.0666,1,0.0003
435,-0.0812,-0.6005,-1.0087,1.5774,0.0667,1,0.0005
436,-0.0805,-0.6003,-0.9421,1.5109,0.0666,1,0.0003
437,-0.0852,-0.6005,-0.8756,1.4447,0.0667,1,0.0005
438,-0.0845,-0.6003,-0.8090,1.3781,0.0666,1,0.0003
439,-0.0890,-0.6004,-0.7424,1.3120,0.0667,1,0.0004
440,-0.0882,-0.6003,-0.6758,1.2455,0.0666,1,0.0003
441,-0.0927,-0.6003,-0.6092,1.1794,0.0667,1,0.0003
442,-0.0919,-0.6002,-0.5425,1.1129,0.0666,1,0.0002
443,-0.0964,-0.6003,-0.4759,1.0470,0.0667,1,0.0003
444,-0.0956,-0.6001,-0.4093,0.9806,0.0666,1,0.0001
445,-0.1001,-0.6001,-0.3427,0.9148,0.0668,1,0.0001
446,-0.0993,-0.5999,-0.2761,0.8485,0.0666,1,0.0000
447,-0.1038,-0.6000,-0.2095,0.7830,0.0668,1,0.0000
448,-0.1030,-0.5998,-0.1428,0.7169,0.0666,1,0.0000
449,-0.1075,-0.5999,-0.0762,0.6518,0.0668,1,0.0000
450,-0.1067,-0.5997,-0.0096,0.5860,0.0667,1,0.0000
451,-0.1114,-0.5998,0.0570,0.5216,0.0667,1,0.0000
452,-0.1106,-0.5995,0.1237,0.4565,0.0667,1,0.0000
453,-0.1152,-0.5997,0.1902,0.3936,0.0667,1,0.0000
454,-0.1144,-0.5994,0.2569,0.3302,0.0667,1,0.0000
455,-0.1192,-0.5995,0.3234,0.2708,0.0667,1,0.0000
456,-0.1184,-0.5993,0.3901,0.2125,0.0667,1,0.0000
457,-0.1232,-0.5994,0.4566,0.1652,0.0667,1,0.0000
458,-0.1224,-0.5992,0.5233,0.1298,0.0667,1,0.0000
459,-0.1273,-0.5994,0.5898,0.1294,0.0667,1,0.0000
460,-0.1265,-0.5991,0.6565,0.1552,0.0667,1,0.0000
461,-0.1320,-0.5993,0.7226,0.2044,0.0664,1,0.0000
462,-0.1311,-0.5990,0.7893,0.2584,0.0667,1,0.0000
463,-0.1378,-0.5992,0.8546,0.3193,0.0657,1,0.0000
464,-0.1368,-0.5989,0.9214,0.3803,0.0667,1,0.0000
465,-0.1432,-0.5991,0.9869,0.4441,0.0659,1,0.0000
466,-0.1422,-0.5987,1.0537,0.5074,0.0668,1,0.0000
467,-0.1484,-0.5989,1.1194,0.5724,0.0660,1,0.0000
468,-0.1474,-0.5985,1.1862,0.6369,0.0668,1,0.0000
469,-0.1536,-0.5987,1.2520,0.7024,0.0661,1,0.0000
470,-0.1525,-0.5983,1.3188,0.7675,0.0668,1,0.0000
471,-0.1588,-0.5984,1.3847,0.8334,0.0662,1,0.0000
472,-0.1577,-0.5981,1.4515,0.8989,0.0668,1,0.0000
473,-0.1640,-0.5982,1.5174,0.9649,0.0662,1,0.0000
474,-0.1629,-0.5978,1.5843,1.0306,0.0669,1,0.0000
475,-0.1692,-0.5979,1.6502,1.0968,0.0663,1,0.0000
476,-0.1681,-0.5975,1.7171,1.1627,0.0669,1,0.0000
477,-0.1744,-0.5977,1.7831,1.2289,0.0663,1,0.0000
478,-0.1733,-0.5973,1.8500,1.2950,0.0669,1,0.0000
479,-0.1796,-0.5974,1.9160,1.3613,0.0663,1,0.0000
480,-0.1785,-0.5970,1.9829,1.4275,0.0669,1,0.0000
481,-0.1848,-0.5972,2.0489,1.4938,0.0664,1,0.0000
482,-0.1837,-0.5968,2.1158,1.5601,0.0669,1,0.0000
483,-0.1900,-0.5970,2.1819,1.6264,0.0664,1,0.0000
484,-0.1889,-0.5966,2.2488,1.6928,0.0669,1,0.0000
485,-0.1952,-0.5968,2.3149,1.7591,0.0664,1,0.0000
486,-0.1941,-0.5964,2.3818,1.8255,0.0669,1,0.0000
487,-0.2004,-0.5967,2.4479,1.8919,0.0664,1,0.0000
488,-0.1993,-0.5963,2.5148,1.9584,0.0669,1,0.0000
489,-0.2075,-0.5967,2.4475,1.8924,0.0678,1,0.0000
490,-0.2084,-0.5965,2.3811,1.8265,0.0664,1,0.0000
491,-0.2167,-0.5970,2.3139,1.7607,0.0678,1,0.0000
492,-0.2176,-0.5967,2.2475,1.6949,0.0664,1,0.0000
493,-0.2259,-0.5972,2.1802,1.6293,0.0678,1,0.0000
494,-0.2268,-0.5970,2.1137,1.5637,0.0664,1,0.0000
495,-0.2351,-0.5974,2.0464,1.4984,0.0678,1,0.0000
496,-0.2360,-0.5972,1.9800,1.4330,0.0664,1,0.0000
497,-0.2444,-0.5977,1.9127,1.3681,0.0678,1,0.0000
498,-0.2453,-0.5974,1.8462,1.3029,0.0665,1,0.0000
499,-0.2536,-0.5979,1.7789,1.2385,0.0679,1,0.0000
500,-0.2545,-0.5977,1.7124,1.1738,0.0665,1,0.0000
501,-0.2628,-0.5981,1.6450,1.1100,0.0679,1,0.0000
502,-0.2307,-0.5953,1.6055,1.0643,0.0510,1,0.0000
503,-0.2090,-0.5959,1.5558,1.0111,0.0543,1,0.0000
504,-0.1888,-0.5964,1.4964,0.9488,0.0628,1,0.0000
505,-0.1959,-0.5984,1.4299,0.8852,0.0669,1,0.0000
506,-0.1949,-0.5983,1.3633,0.8202,0.0666,1,0.0000
507,-0.2008,-0.5986,1.2967,0.7572,0.0668,1,0.0000
508,-0.2011,-0.5985,1.2301,0.6934,0.0666,1,0.0000
509,-0.2074,-0.5988,1.1635,0.6319,0.0669,1,0.0000
510,-0.2080,-0.5987,1.0969,0.5697,0.0666,1,0.0000
511,-0.2142,-0.5990,1.0303,0.5108,0.0669,1,0.0000
512,-0.2148,-0.5988,0.9637,0.4515,0.0666,1,0.0000
513,-0.2210,-0.5991,0.8971,0.3975,0.0669,1,0.0000
514,-0.2214,-0.5990,0.8304,0.3445,0.0666,1,0.0000
515,-0.2272,-0.5993,0.7638,0.3009,0.0669,1,0.0000
516,-0.2274,-0.5992,0.6972,0.2623,0.0666,1,0.0000
517,-0.2329,-0.5994,0.6306,0.2415,0.0668,1,0.0000
518,-0.2327,-0.5993,0.5639,0.2327,0.0666,1,0.0000
519,-0.2377,-0.5995,0.4973,0.2476,0.0668,1,0.0000
520,-0.2371,-0.5994,0.4306,0.2733,0.0667,1,0.0000
521,-0.2417,-0.5996,0.3640,0.3153,0.0668,1,0.0000
522,-0.2407,-0.5995,0.2973,0.3612,0.0667,1,0.0000
523,-0.2448,-0.5997,0.2307,0.4156,0.0668,1,0.0000
524,-0.2436,-0.5996,0.1640,0.4705,0.0667,1,0.0000
525,-0.2473,-0.5998,0.0974,0.5304,0.0667,1,0.0000
526,-0.2457,-0.5997,0.0307,0.5895,0.0667,1,0.0000
527,-0.2491,-0.5999,-0.0359,0.6520,0.0667,1,0.0000
528,-0.2472,-0.5998,-0.1026,0.7134,0.0667,1,0.0000
529,-0.2504,-0.5999,-0.1693,0.7773,0.0667,1,0.0000
530,-0.2483,-0.5999,-0.2360,0.8401,0.0667,1,0.0000
531,-0.2512,-0.6000,-0.3026,0.9048,0.0667,1,0.0000
532,-0.2490,-0.5999,-0.3693,0.9685,0.0668,1,0.0000
533,-0.2517,-0.6001,-0.4360,1.0337,0.0667,1,0.0001
534,-0.2495,-0.6000,-0.5027,1.0980,0.0668,1,0.0000
535,-0.2521,-0.6001,-0.5694,1.1636,0.0667,1,0.0001
536,-0.2498,-0.6001,-0.6361,1.2283,0.0668,1,0.0001
537,-0.2524,-0.6002,-0.7028,1.2942,0.0667,1,0.0002
538,-0.2500,-0.6001,-0.7695,1.3593,0.0668,1,0.0001
539,-0.2527,-0.6003,-0.8362,1.4254,0.0667,1,0.0003
540,-0.2503,-0.6002,-0.9029,1.4907,0.0668,1,0.0002
541,-0.2530,-0.6004,-0.9696,1.5569,0.0668,1,0.0004
542,-0.2536,-0.6003,-1.0364,1.6229,0.0667,1,0.0003
543,-0.2593,-0.6004,-1.1031,1.6897,0.0669,1,0.0004
544,-0.2599,-0.6004,-1.1698,1.7557,0.0667,1,0.0004
545,-0.2657,-0.6005,-1.2365,1.8226,0.0670,1,0.0005
546,-0.2663,-0.6004,-1.3032,1.8887,0.0667,1,0.0004
547,-0.2723,-0.6006,-1.3700,1.9556,0.0670,1,0.0006
548,-0.2729,-0.6005,-1.4367,2.0218,0.0668,1,0.0005
549,-0.2790,-0.6008,-1.5035,2.0888,0.0670,1,0.0008
550,-0.2796,-0.6007,-1.5702,2.1550,0.0668,1,0.0007
551,-0.2859,-0.6009,-1.6370,2.2221,0.0671,1,0.0009
552,-0.2865,-0.6008,-1.7038,2.2884,0.0668,1,0.0008
553,-0.2930,-0.6010,-1.7707,2.3555,0.0672,1,0.0010
554,-0.2936,-0.6009,-1.8374,2.4219,0.0668,1,0.0009
555,-0.2898,-0.6003,-1.9041,2.4877,0.0668,1,0.0003
556,-0.2903,-0.6003,-1.9709,2.5540,0.0667,1,0.0003
557,-0.2859,-0.5996,-2.0373,2.6195,0.0665,1,0.0000
558,-0.2862,-0.5996,-2.1040,2.6859,0.0667,1,0.0000
559,-0.2840,-0.5992,-2.1701,2.7514,0.0662,1,0.0000
560,-0.2842,-0.5992,-2.2368,2.8178,0.0667,1,0.0000
561,-0.2834,-0.5989,-2.3029,2.8834,0.0660,1,0.0000
562,-0.2835,-0.5989,-2.3696,2.9498,0.0667,1,0.0000
563,-0.2835,-0.5988,-2.4355,3.0155,0.0659,1,0.0000
564,-0.2837,-0.5988,-2.5022,3.0819,0.0667,1,0.0000
565,-0.2838,-0.5988,-2.4348,3.0147,0.0674,1,0.0000
566,-0.2836,-0.5988,-2.3681,2.9484,0.0666,1,0.0000
567,-0.2840,-0.5989,-2.3007,2.8813,0.0675,1,0.0000
568,-0.2838,-0.5989,-2.2340,2.8150,0.0666,1,0.0000
569,-0.2845,-0.5990,-2.1665,2.7479,0.0675,1,0.0000
570,-0.2843,-0.5990,-2.0999,2.6816,0.0666,1,0.0000
571,-0.2851,-0.5992,-2.0324,2.6146,0.0675,1,0.0000
572,-0.2849,-0.5992,-1.9658,2.5483,0.0666,1,0.0000
573,-0.2857,-0.5994,-1.8983,2.4814,0.0675,1,0.0000
574,-0.2856,-0.5994,-1.8316,2.4152,0.0666,1,0.0000
575,-0.2864,-0.5995,-1.7641,2.3483,0.0675,1,0.0000
576,-0.2863,-0.5996,-1.6975,2.2821,0.0666,1,0.0000
577,-0.2871,-0.5997,-1.6300,2.2153,0.0675,1,0.0000
578,-0.2870,-0.5997,-1.5634,2.1492,0.0666,1,0.0000
579,-0.2878,-0.5998,-1.4959,2.0824,0.0675,1,0.0000
580,-0.2877,-0.5999,-1.4292,2.0164,0.0666,1,0.0000
581,-0.2885,-0.5999,-1.3617,1.9498,0.0675,1,0.0000
582,-0.2883,-0.6000,-1.2951,1.8839,0.0666,1,0.0000
583,-0.2891,-0.6000,-1.2276,1.8173,0.0675,1,0.0000
584,-0.2890,-0.6000,-1.1610,1.7516,0.0666,1,0.0000
585,-0.2898,-0.6001,-1.0935,1.6852,0.0675,1,0.0001
586,-0.2897,-0.6001,-1.0268,1.6195,0.0666,1,0.0001
587,-0.2905,-0.6001,-0.9593,1.5533,0.0675,1,0.0001
588,-0.2903,-0.6001,-0.8927,1.4879,0.0666,1,0.0001
589,-0.2911,-0.6001,-0.8252,1.4219,0.0675,1,0.0001
590,-0.2910,-0.6001,-0.7586,1.3567,0.0666,1,0.0001
591,-0.2917,-0.6001,-0.6911,1.2910,0.0675,1,0.0001
592,-0.2905,-0.6000,-0.6244,1.2259,0.0667,1,0.0000
593,-0.2897,-0.6000,-0.5569,1.1603,0.0675,1,0.0000
594,-0.2882,-0.6000,-0.4903,1.0955,0.0667,1,0.0000
595,-0.2877,-0.6000,-0.4228,1.0304,0.0675,1,0.0000
596,-0.2864,-0.6000,-0.3562,0.9662,0.0666,1,0.0000
597,-0.2861,-0.6000,-0.2887,0.9019,0.0675,1,0.0000
598,-0.2851,-0.5999,-0.2220,0.8386,0.0666,1,0.0000
599,-0.2849,-0.5999,-0.1546,0.7754,0.0675,1,0.0000
600,-0.2841,-0.5999,-0.0879,0.7135,0.0666,1,0.0000
601,-0.2842,-0.5999,-0.0204,0.6522,0.0675,1,0.0000
602,-0.2836,-0.5999,0.0462,0.5927,0.0666,1,0.0000
603,-0.2839,-0.5999,0.1137,0.5345,0.0675,1,0.0000
604,-0.2834,-0.5999,0.1803,0.4791,0.0666,1,0.0000
605,-0.2839,-0.5998,0.2478,0.4268,0.0675,1,0.0000
606,-0.2835,-0.5998,0.3144,0.3794,0.0666,1,0.0000
607,-0.2841,-0.5998,0.3819,0.3388,0.0675,1,0.0000
608,-0.2838,-0.5998,0.4486,0.3074,0.0666,1,0.0000
609,-0.2845,-0.5998,0.5161,0.2889,0.0675,1,0.0000
610,-0.2843,-0.5998,0.5827,0.2847,0.0666,1,0.0000
611,-0.2849,-0.5998,0.6502,0.2969,0.0675,1,0.0000
612,-0.2847,-0.5998,0.7168,0.3219,0.0666,1,0.0000
613,-0.2854,-0.5998,0.7843,0.3590,0.0675,1,0.0000
614,-0.2852,-0.5998,0.8509,0.4027,0.0666,1,0.0000
615,-0.2859,-0.5998,0.9184,0.4533,0.0675,1,0.0000
616,-0.2856,-0.5998,0.9850,0.5066,0.0666,1,0.0000
617,-0.2862,-0.5999,1.0525,0.5639,0.0675,1,0.0000
618,-0.2858,-0.5999,1.1192,0.6221,0.0666,1,0.0000
619,-0.2864,-0.5999,1.1866,0.6830,0.0675,1,0.0000
620,-0.2860,-0.5999,1.2533,0.7438,0.0666,1,0.0000
621,-0.2865,-0.5999,1.3207,0.8067,0.0675,1,0.0000
622,-0.2859,-0.5999,1.3874,0.8692,0.0666,1,0.0000
623,-0.2863,-0.5999,1.4548,0.9333,0.0675,1,0.0000
624,-0.2857,-0.5999,1.5215,0.9967,0.0666,1,0.0000
625,-0.2866,-0.5999,1.5889,1.0618,0.0675,1,0.0000
626,-0.2865,-0.5999,1.6556,1.1260,0.0666,1,0.0000
627,-0.2876,-0.6000,1.7230,1.1917,0.0675,1,0.0000
628,-0.2874,-0.6000,1.7897,1.2564,0.0666,1,0.0000
629,-0.2887,-0.6001,1.8571,1.3224,0.0674,1,0.0001
630,-0.2884,-0.6001,1.9237,1.3875,0.0667,1,0.0001
631,-0.2899,-0.6002,1.9911,1.4537,0.0674,1,0.0002
632,-0.2897,-0.6001,2.0577,1.5190,0.0667,1,0.0001
633,-0.2913,-0.6001,2.1251,1.5855,0.0673,1,0.0001
634,-0.2910,-0.6001,2.1917,1.6510,0.0667,1,0.0001
635,-0.2929,-0.6001,2.2590,1.7176,0.0673,1,0.0001
636,-0.2925,-0.6000,2.3257,1.7832,0.0667,1,0.0000
637,-0.2945,-0.6000,2.3930,1.8500,0.0673,1,0.0000
638,-0.2941,-0.6000,2.4596,1.9158,0.0667,1,0.0000
639,-0.2782,-0.5995,2.5198,1.9729,0.0622,1,0.0000
640,-0.2785,-0.5998,2.4531,1.9070,0.0667,1,0.0000
641,-0.2812,-0.5998,2.3870,1.8420,0.0661,1,0.0000
642,-0.2814,-0.5998,2.3204,1.7762,0.0667,1,0.0000
643,-0.2841,-0.5997,2.2543,1.7115,0.0661,1,0.0000
644,-0.2844,-0.5997,2.1876,1.6458,0.0667,1,0.0000
645,-0.2871,-0.5997,2.1216,1.5813,0.0661,1,0.0000
646,-0.2874,-0.5996,2.0549,1.5158,0.0667,1,0.0000
647,-0.2901,-0.5996,1.9888,1.4515,0.0661,1,0.0000
648,-0.2904,-0.5996,1.9222,1.3863,0.0667,1,0.0000
649,-0.2931,-0.5996,1.8561,1.3224,0.0661,1,0.0000
650,-0.2934,-0.5996,1.7894,1.2575,0.0667,1,0.0000
651,-0.2962,-0.5996,1.7233,1.1941,0.0661,1,0.0000
652,-0.2964,-0.5995,1.6567,1.1297,0.0667,1,0.0000
653,-0.2764,-0.5988,1.6035,1.0731,0.0568,1,0.0000
654,-0.2594,-0.5989,1.5431,1.0104,0.0627,1,0.0000
655,-0.2503,-0.5991,1.4792,0.9464,0.0645,1,0.0000
656,-0.2505,-0.5996,1.4126,0.8823,0.0667,1,0.0000
657,-0.2534,-0.5996,1.3465,0.8200,0.0662,1,0.0000
658,-0.2537,-0.5996,1.2798,0.7570,0.0667,1,0.0000
659,-0.2566,-0.5997,1.2137,0.6961,0.0662,1,0.0000
660,-0.2569,-0.5996,1.1470,0.6347,0.0667,1,0.0000
661,-0.2599,-0.5997,1.0809,0.5763,0.0662,1,0.0000
662,-0.2596,-0.5997,1.0142,0.5175,0.0667,1,0.0000
663,-0.2615,-0.5998,0.9481,0.4625,0.0662,1,0.0000
664,-0.2604,-0.5997,0.8814,0.4086,0.0667,1,0.0000
665,-0.2623,-0.5998,0.8153,0.3615,0.0662,1,0.0000
666,-0.2610,-0.5998,0.7486,0.3182,0.0667,1,0.0000
667,-0.2642,-0.6000,0.6819,0.2883,0.0668,1,0.0000
668,-0.2614,-0.5999,0.6152,0.2659,0.0668,1,0.0000
669,-0.2676,-0.6006,0.5470,0.2683,0.0684,1,0.0006
670,-0.2612,-0.6010,0.4803,0.2750,0.0670,1,0.0010
671,-0.2628,-0.6014,0.4123,0.3047,0.0681,1,0.0014
672,-0.2531,-0.6012,0.3456,0.3361,0.0674,1,0.0012
673,-0.2520,-0.6014,0.2775,0.3835,0.0680,1,0.0014
674,-0.2409,-0.6012,0.2108,0.4297,0.0677,1,0.0012
675,-0.2385,-0.6013,0.1428,0.4863,0.0681,1,0.0013
676,-0.2271,-0.6011,0.0760,0.5406,0.0678,1,0.0011
677,-0.2244,-0.6012,0.0080,0.6020,0.0681,1,0.0012
678,-0.2133,-0.6009,-0.0588,0.6607,0.0677,1,0.0009
679,-0.2110,-0.6010,-0.1268,0.7248,0.0680,1,0.0010
680,-0.2008,-0.6007,-0.1936,0.7863,0.0676,1,0.0007
681,-0.1994,-0.6009,-0.2616,0.8519,0.0680,1,0.0009
682,-0.1903,-0.6006,-0.3284,0.9150,0.0674,1,0.0006
683,-0.1902,-0.6009,-0.3965,0.9816,0.0680,1,0.0009
684,-0.1823,-0.6005,-0.4633,1.0459,0.0673,1,0.0005
685,-0.1835,-0.6010,-0.5313,1.1131,0.0680,1,0.0010
686,-0.1770,-0.6006,-0.5981,1.1781,0.0671,1,0.0006
687,-0.1795,-0.6012,-0.6661,1.2457,0.0681,1,0.0012
688,-0.1734,-0.6001,-0.7330,1.3111,0.0672,1,0.0001
689,-0.1772,-0.6008,-0.8010,1.3791,0.0682,1,0.0008
690,-0.1732,-0.6003,-0.8679,1.4449,0.0670,1,0.0003
691,-0.1782,-0.6010,-0.9359,1.5131,0.0682,1,0.0010
692,-0.1791,-0.6006,-1.0027,1.5795,0.0668,1,0.0006
693,-0.1890,-0.6013,-1.0707,1.6482,0.0687,1,0.0013
694,-0.1899,-0.6009,-1.1375,1.7147,0.0668,1,0.0009
695,-0.1998,-0.6016,-1.2056,1.7834,0.0687,1,0.0016
696,-0.2007,-0.6012,-1.2724,1.8499,0.0668,1,0.0012
697,-0.2106,-0.6019,-1.3404,1.9186,0.0688,1,0.0019
698,-0.2115,-0.6015,-1.4073,1.9852,0.0669,1,0.0015
699,-0.2214,-0.6021,-1.4752,2.0538,0.0687,1,0.0021
700,-0.2223,-0.6018,-1.5421,2.1204,0.0669,1,0.0018
701,-0.2321,-0.6023,-1.6100,2.1890,0.0686,1,0.0023
702,-0.2331,-0.6020,-1.6769,2.2556,0.0669,1,0.0020
703,-0.2427,-0.6025,-1.7448,2.3241,0.0686,1,0.0025
704,-0.2436,-0.6021,-1.8117,2.3907,0.0669,1,0.0021
705,-0.2530,-0.6026,-1.8795,2.4592,0.0685,1,0.0026
706,-0.2539,-0.6023,-1.9464,2.5258,0.0669,1,0.0023
707,-0.2630,-0.6027,-2.0143,2.5942,0.0684,1,0.0027
708,-0.2639,-0.6024,-2.0812,2.6609,0.0669,1,0.0024
709,-0.2729,-0.6027,-2.1490,2.7292,0.0684,1,0.0027
710,-0.2738,-0.6025,-2.2159,2.7959,0.0669,1,0.0025
711,-0.2826,-0.6028,-2.2837,2.8642,0.0683,1,0.0028
712,-0.2835,-0.6025,-2.3506,2.9309,0.0669,1,0.0025
713,-0.2922,-0.6028,-2.4183,2.9992,0.0683,1,0.0028
714,-0.2931,-0.6026,-2.4853,3.0659,0.0669,1,0.0026
715,-0.3016,-0.6029,-2.5530,3.1341,0.0683,1,0.0029
716,-0.3006,-0.6025,-2.4866,3.0679,0.0664,1,0.0025
717,-0.3072,-0.6026,-2.4210,3.0033,0.0660,1,0.0026
718,-0.3061,-0.6023,-2.3546,2.9372,0.0664,1,0.0023
719,-0.3127,-0.6024,-2.2889,2.8726,0.0660,1,0.0024
720,-0.3116,-0.6020,-2.2225,2.8064,0.0664,1,0.0020
721,-0.3182,-0.6022,-2.1568,2.7419,0.0660,1,0.0022
722,-0.3171,-0.6019,-2.0904,2.6758,0.0664,1,0.0019
723,-0.3237,-0.6020,-2.0246,2.6113,0.0661,1,0.0020
724,-0.3227,-0.6017,-1.9582,2.5453,0.0665,1,0.0017
725,-0.3293,-0.6019,-1.8924,2.4809,0.0661,1,0.0019
726,-0.3283,-0.6015,-1.8259,2.4149,0.0665,1,0.0015
727,-0.3349,-0.6017,-1.7602,2.3507,0.0661,1,0.0017
728,-0.3338,-0.6013,-1.6937,2.2848,0.0665,1,0.0013
729,-0.3405,-0.6016,-1.6279,2.2207,0.0661,1,0.0016
730,-0.3395,-0.6012,-1.5614,2.1549,0.0665,1,0.0012
731,-0.3462,-0.6014,-1.4956,2.0910,0.0662,1,0.0014
732,-0.3451,-0.6010,-1.4290,2.0253,0.0665,1,0.0010
733,-0.3519,-0.6013,-1.3632,1.9616,0.0662,1,0.0013
734,-0.3508,-0.6009,-1.2967,1.8960,0.0665,1,0.0009
735,-0.3576,-0.6012,-1.2309,1.8327,0.0662,1,0.0012
736,-0.3566,-0.6008,-1.1643,1.7673,0.0665,1,0.0008
737,-0.3332,-0.5986,-1.1442,1.7430,0.0309,1,0.0000
738,-0.2998,-0.5981,-1.1166,1.7097,0.0433,1,0.0000
739,-0.2740,-0.5983,-1.0815,1.6707,0.0436,1,0.0000
740,-0.2424,-0.5982,-1.0360,1.6208,0.0554,1,0.0000
741,-0.2249,-0.5989,-0.9814,1.5643,0.0573,1,0.0000
742,-0.2101,-0.5992,-0.9181,1.4995,0.0651,1,0.0000
743,-0.2172,-0.6008,-0.8523,1.4355,0.0661,1,0.0008
744,-0.2131,-0.6004,-0.7858,1.3691,0.0667,1,0.0004
745,-0.2161,-0.6007,-0.7202,1.3048,0.0657,1,0.0007
746,-0.2107,-0.6003,-0.6536,1.2383,0.0667,1,0.0003
747,-0.2137,-0.6006,-0.5880,1.1742,0.0657,1,0.0006
748,-0.2081,-0.6002,-0.5215,1.1078,0.0668,1,0.0002
749,-0.2111,-0.6005,-0.4560,1.0441,0.0656,1,0.0005
750,-0.2053,-0.6001,-0.3894,0.9778,0.0668,1,0.0001
751,-0.2082,-0.6004,-0.3240,0.9146,0.0655,1,0.0004
752,-0.2022,-0.5999,-0.2574,0.8484,0.0668,1,0.0000
753,-0.1931,-0.5994,-0.1915,0.7823,0.0665,1,0.0000
754,-0.1923,-0.5990,-0.1249,0.7177,0.0666,1,0.0000
755,-0.1880,-0.5985,-0.0583,0.6526,0.0667,1,0.0000
756,-0.1876,-0.5984,0.0084,0.5889,0.0667,1,0.0000
757,-0.1858,-0.5982,0.0753,0.5252,0.0670,1,0.0000
758,-0.1855,-0.5982,0.1420,0.4634,0.0667,1,0.0000
759,-0.1849,-0.5982,0.2092,0.4024,0.0672,1,0.0000
760,-0.1847,-0.5984,0.2759,0.3444,0.0667,1,0.0000
761,-0.1845,-0.5985,0.3432,0.2898,0.0673,1,0.0000
762,-0.1845,-0.5987,0.4099,0.2421,0.0667,1,0.0000
763,-0.1844,-0.5988,0.4773,0.2049,0.0674,1,0.0000
764,-0.1845,-0.5990,0.5440,0.1858,0.0667,1,0.0000
765,-0.1844,-0.5991,0.6114,0.1897,0.0674,1,0.0000
766,-0.1844,-0.5993,0.6781,0.2155,0.0667,1,0.0000
767,-0.1843,-0.5993,0.7455,0.2569,0.0675,1,0.0000
768,-0.1844,-0.5995,0.8122,0.3071,0.0667,1,0.0000
769,-0.1841,-0.5995,0.8797,0.3632,0.0675,1,0.0000
770,-0.1842,-0.5996,0.9464,0.4221,0.0667,1,0.0000
771,-0.1839,-0.5996,1.0138,0.4836,0.0675,1,0.0000
772,-0.1840,-0.5997,1.0805,0.5459,0.0666,1,0.0000
773,-0.1836,-0.5997,1.1480,0.6097,0.0675,1,0.0000
774,-0.1838,-0.5997,1.2146,0.6736,0.0666,1,0.0000
775,-0.1833,-0.5997,1.2821,0.7386,0.0675,1,0.0000
776,-0.1835,-0.5998,1.3488,0.8034,0.0666,1,0.0000
777,-0.1830,-0.5998,1.4163,0.8692,0.0675,1,0.0000
778,-0.1832,-0.5998,1.4829,0.9344,0.0666,1,0.0000
779,-0.1827,-0.5998,1.5504,1.0006,0.0675,1,0.0000
780,-0.1828,-0.5998,1.6170,1.0662,0.0666,1,0.0000
781,-0.1823,-0.5999,1.6845,1.1327,0.0675,1,0.0000
782,-0.1824,-0.5999,1.7511,1.1985,0.0666,1,0.0000
783,-0.1819,-0.5999,1.8186,1.2652,0.0675,1,0.0000
784,-0.1820,-0.5999,1.8853,1.3312,0.0666,1,0.0000
785,-0.1815,-0.6000,1.9528,1.3980,0.0675,1,0.0000
786,-0.1816,-0.5999,2.0194,1.4641,0.0666,1,0.0000
787,-0.1811,-0.6000,2.0869,1.5310,0.0675,1,0.0000
788,-0.1812,-0.6000,2.1535,1.5972,0.0666,1,0.0000
789,-0.1806,-0.6000,2.2210,1.6643,0.0675,1,0.0000
790,-0.1807,-0.6000,2.2877,1.7305,0.0666,1,0.0000
791,-0.1802,-0.6001,2.3551,1.7976,0.0675,1,0.0001
792,-0.1803,-0.6000,2.4218,1.8639,0.0666,1,0.0000
793,-0.1797,-0.6001,2.4893,1.9311,0.0675,1,0.0001
794,-0.1798,-0.6001,2.5559,1.9974,0.0666,1,0.0001
795,-0.1791,-0.6001,2.4901,1.9318,0.0658,1,0.0001
796,-0.1791,-0.6001,2.4234,1.8654,0.0667,1,0.0001
797,-0.1784,-0.6001,2.3575,1.7998,0.0658,1,0.0001
798,-0.1784,-0.6001,2.2908,1.7335,0.0667,1,0.0001
799,-0.1777,-0.6001,2.2250,1.6679,0.0658,1,0.0001
800,-0.1777,-0.6001,2.1583,1.6016,0.0667,1,0.0001
801,-0.1771,-0.6000,2.0925,1.5361,0.0659,1,0.0000
802,-0.1770,-0.6000,2.0258,1.4699,0.0667,1,0.0000
803,-0.1764,-0.6000,1.9599,1.4045,0.0659,1,0.0000
804,-0.1764,-0.6000,1.8932,1.3383,0.0667,1,0.0000
805,-0.1780,-0.5995,1.8215,1.2675,0.0717,1,0.0000
806,-0.1779,-0.5988,1.7549,1.2015,0.0667,1,0.0000
807,-0.1773,-0.5991,1.6808,1.1282,0.0741,1,0.0000
808,-0.1772,-0.5977,1.6142,1.0625,0.0666,1,0.0000
809,-0.1750,-0.5984,1.5466,0.9955,0.0676,1,0.0000
810,-0.1749,-0.5968,1.4802,0.9302,0.0664,1,0.0000
811,-0.1739,-0.5973,1.4143,0.8654,0.0659,1,0.0000
812,-0.1738,-0.5957,1.3481,0.8006,0.0662,1,0.0000
813,-0.1730,-0.5959,1.2825,0.7365,0.0656,1,0.0000
814,-0.1729,-0.5942,1.2164,0.6725,0.0660,1,0.0000
815,-0.1723,-0.5939,1.1510,0.6093,0.0654,1,0.0000
816,-0.1722,-0.5922,1.0852,0.5465,0.0658,1,0.0000
817,-0.1717,-0.5914,1.0201,0.4849,0.0652,1,0.0000
818,-0.1716,-0.5898,0.9545,0.4243,0.0656,1,0.0000
819,-0.1711,-0.5885,0.8896,0.3657,0.0649,1,0.0000
820,-0.1710,-0.5868,0.8243,0.3096,0.0653,1,0.0000
821,-0.1706,-0.5851,0.7597,0.2580,0.0647,1,0.0000
822,-0.1705,-0.5834,0.6947,0.2139,0.0650,1,0.0000
823,-0.1701,-0.5814,0.6304,0.1826,0.0644,1,0.0000
824,-0.1701,-0.5797,0.5658,0.1712,0.0647,1,0.0000
825,-0.1697,-0.5789,0.5011,0.1830,0.0646,1,0.0000
826,-0.1697,-0.5772,0.4369,0.2147,0.0643,1,0.0000
827,-0.1695,-0.5807,0.3730,0.2580,0.0640,1,0.0000
828,-0.1694,-0.5795,0.3090,0.3090,0.0640,1,0.0000
829,-0.1692,-0.5842,0.2453,0.3634,0.0638,1,0.0000
830,-0.1692,-0.5837,0.1815,0.4209,0.0638,1,0.0000
831,-0.1689,-0.5879,0.1180,0.4795,0.0637,1,0.0000
832,-0.1689,-0.5879,0.0542,0.5396,0.0638,1,0.0000
833,-0.1687,-0.5914,-0.0093,0.6002,0.0637,1,0.0000
834,-0.1686,-0.5917,-0.0731,0.6616,0.0638,1,0.0000
835,-0.1683,-0.5945,-0.1368,0.7232,0.0637,1,0.0000
836,-0.1683,-0.5950,-0.2006,0.7855,0.0639,1,0.0000
837,-0.1680,-0.5971,-0.2644,0.8478,0.0638,1,0.0000
838,-0.1680,-0.5976,-0.3284,0.9106,0.0640,1,0.0000
839,-0.1677,-0.5989,-0.3923,0.9734,0.0639,1,0.0000
840,-0.1677,-0.5994,-0.4563,1.0366,0.0641,1,0.0000
841,-0.1674,-0.6002,-0.5203,1.0997,0.0640,1,0.0002
842,-0.1674,-0.6006,-0.5845,1.1632,0.0642,1,0.0006
843,-0.1671,-0.6009,-0.6486,1.2266,0.0641,1,0.0009
844,-0.1671,-0.6012,-0.7128,1.2903,0.0642,1,0.0012
845,-0.1668,-0.5984,-0.7770,1.3539,0.0642,1,0.0000
846,-0.1668,-0.5989,-0.8413,1.4177,0.0643,1,0.0000
847,-0.1665,-0.5944,-0.9055,1.4815,0.0644,1,0.0000
848,-0.1665,-0.5952,-0.9700,1.5456,0.0645,1,0.0000
849,-0.1663,-0.5910,-1.0350,1.6102,0.0652,1,0.0000
850,-0.1663,-0.5920,-1.0996,1.6745,0.0646,1,0.0000
851,-0.1662,-0.5880,-1.1650,1.7396,0.0655,1,0.0000
852,-0.1662,-0.5891,-1.2299,1.8041,0.0648,1,0.0000
853,-0.1661,-0.5853,-1.2954,1.8695,0.0657,1,0.0000
854,-0.1661,-0.5866,-1.3605,1.9343,0.0651,1,0.0000
855,-0.1661,-0.5829,-1.4263,1.9999,0.0659,1,0.0000
856,-0.1660,-0.5845,-1.4916,2.0650,0.0654,1,0.0000
857,-0.1660,-0.5808,-1.5576,2.1308,0.0661,1,0.0000
858,-0.1660,-0.5826,-1.6233,2.1962,0.0656,1,0.0000
859,-0.1660,-0.5790,-1.6895,2.2623,0.0663,1,0.0000
860,-0.1659,-0.5810,-1.7554,2.3280,0.0659,1,0.0000
861,-0.1659,-0.5775,-1.8219,2.3944,0.0666,1,0.0000
862,-0.1659,-0.5797,-1.8881,2.4604,0.0663,1,0.0000
863,-0.1659,-0.5762,-1.9548,2.5270,0.0668,1,0.0000
864,-0.1658,-0.5786,-2.0214,2.5933,0.0666,1,0.0000
865,-0.1658,-0.5752,-2.0881,2.6599,0.0668,1,0.0000
866,-0.1658,-0.5776,-2.1548,2.7265,0.0668,1,0.0000
867,-0.1658,-0.5743,-2.2223,2.7939,0.0676,1,0.0000
868,-0.1658,-0.5766,-2.2892,2.8607,0.0670,1,0.0000
869,-0.1658,-0.5734,-2.3569,2.9283,0.0678,1,0.0000
870,-0.1657,-0.5756,-2.4240,2.9952,0.0671,1,0.0000
871,-0.1657,-0.5722,-2.4917,3.0629,0.0678,1,0.0000
872,-0.1657,-0.5753,-2.5588,3.1298,0.0672,1,0.0000
873,-0.1657,-0.5723,-2.4936,3.0648,0.0652,1,0.0000
874,-0.1657,-0.5758,-2.4282,2.9994,0.0656,1,0.0000
875,-0.1657,-0.5737,-2.3633,2.9347,0.0649,1,0.0000
876,-0.1657,-0.5770,-2.2982,2.8697,0.0651,1,0.0000
877,-0.1657,-0.5748,-2.2337,2.8053,0.0646,1,0.0000
878,-0.1657,-0.5781,-2.1691,2.7407,0.0647,1,0.0000
879,-0.1657,-0.5758,-2.1049,2.6767,0.0642,1,0.0000
880,-0.1657,-0.5790,-2.0408,2.6127,0.0642,1,0.0000
881,-0.1657,-0.5767,-1.9770,2.5491,0.0638,1,0.0000
882,-0.1657,-0.5797,-1.9135,2.4857,0.0636,1,0.0000
883,-0.1657,-0.5773,-1.8502,2.4226,0.0633,1,0.0000
884,-0.1657,-0.5804,-1.7873,2.3598,0.0630,1,0.0000
885,-0.1657,-0.5779,-1.7246,2.2972,0.0628,1,0.0000
886,-0.1657,-0.5808,-1.6623,2.2351,0.0623,1,0.0000
887,-0.1657,-0.5783,-1.6002,2.1732,0.0622,1,0.0000
888,-0.1657,-0.5812,-1.5386,2.1118,0.0616,1,0.0000
889,-0.1665,-0.6107,-1.5137,2.0870,0.0387,1,0.0107
890,-0.1665,-0.6107,-1.4524,2.0259,0.0613,1,0.0107
891,-0.1689,-0.6402,-1.4308,2.0049,0.0367,1,0.0402
892,-0.1688,-0.6379,-1.3692,1.9435,0.0616,1,0.0379
893,-0.1695,-0.6318,-1.3089,1.8834,0.0607,1,0.0318
894,-0.1694,-0.6294,-1.2464,1.8212,0.0625,1,0.0294
895,-0.1696,-0.6233,-1.1856,1.7606,0.0611,1,0.0233
896,-0.1695,-0.6207,-1.1224,1.6976,0.0633,1,0.0207
897,-0.1696,-0.6144,-1.0608,1.6363,0.0618,1,0.0144
898,-0.1695,-0.6115,-0.9968,1.5726,0.0641,1,0.0115
899,-0.1696,-0.6048,-0.9346,1.5107,0.0626,1,0.0048
900,-0.1695,-0.6017,-0.8698,1.4464,0.0648,1,0.0017
901,-0.1687,-0.5954,-0.8061,1.3830,0.0640,1,0.0000
902,-0.1686,-0.5919,-0.7407,1.3181,0.0655,1,0.0000
903,-0.1672,-0.5872,-0.6753,1.2531,0.0656,1,0.0000
904,-0.1672,-0.5832,-0.6093,1.1878,0.0661,1,0.0000
905,-0.1665,-0.5793,-0.5428,1.1219,0.0667,1,0.0000
906,-0.1664,-0.5750,-0.4764,1.0564,0.0665,1,0.0000
907,-0.1673,-0.5912,-0.4253,1.0059,0.0536,1,0.0000
908,-0.1673,-0.5896,-0.3586,0.9402,0.0668,1,0.0000
909,-0.1672,-0.6002,-0.3013,0.8839,0.0582,1,0.0002
910,-0.1672,-0.5989,-0.2345,0.8184,0.0668,1,0.0000
911,-0.1670,-0.5976,-0.1677,0.7531,0.0668,1,0.0000
912,-0.1671,-0.5961,-0.1009,0.6881,0.0669,1,0.0000
913,-0.1669,-0.5946,-0.0343,0.6236,0.0666,1,0.0000
914,-0.1670,-0.5930,0.0327,0.5595,0.0669,1,0.0000
915,-0.1667,-0.5916,0.0988,0.4967,0.0661,1,0.0000
916,-0.1668,-0.5900,0.1657,0.4343,0.0669,1,0.0000
917,-0.1666,-0.5886,0.2318,0.3741,0.0661,1,0.0000
918,-0.1666,-0.5869,0.2987,0.3157,0.0669,1,0.0000
919,-0.1665,-0.5854,0.3648,0.2619,0.0661,1,0.0000
920,-0.1665,-0.5838,0.4317,0.2148,0.0669,1,0.0000
921,-0.1664,-0.5833,0.4973,0.1809,0.0657,1,0.0000
922,-0.1665,-0.5812,0.5642,0.1674,0.0669,1,0.0000
923,-0.1663,-0.5799,0.6304,0.1792,0.0662,1,0.0000
924,-0.1664,-0.5781,0.6971,0.2125,0.0668,1,0.0000
925,-0.1663,-0.5826,0.7643,0.2589,0.0674,1,0.0000
926,-0.1663,-0.5796,0.8310,0.3129,0.0667,1,0.0000
927,-0.1662,-0.5845,0.8981,0.3711,0.0674,1,0.0000
928,-0.1662,-0.5835,0.9647,0.4317,0.0666,1,0.0000
929,-0.1660,-0.5878,1.0318,0.4941,0.0673,1,0.0000
930,-0.1661,-0.5881,1.0985,0.5574,0.0667,1,0.0000
931,-0.1659,-0.5916,1.1656,0.6216,0.0672,1,0.0000
932,-0.1659,-0.5917,1.2323,0.6861,0.0667,1,0.0000
933,-0.1657,-0.5958,1.2996,0.7515,0.0674,1,0.0000
934,-0.1658,-0.5959,1.3663,0.8167,0.0667,1,0.0000
935,-0.1656,-0.5989,1.4335,0.8826,0.0673,1,0.0000
936,-0.1656,-0.5991,1.5002,0.9482,0.0667,1,0.0000
937,-0.1655,-0.6012,1.5675,1.0145,0.0673,1,0.0012
938,-0.1655,-0.6015,1.6342,1.0804,0.0667,1,0.0015
939,-0.1653,-0.6012,1.7012,1.1466,0.0670,1,0.0012
940,-0.1654,-0.6029,1.7681,1.2129,0.0669,1,0.0029
941,-0.1652,-0.6019,1.8352,1.2793,0.0671,1,0.0019
942,-0.1653,-0.6025,1.9019,1.3455,0.0667,1,0.0025
943,-0.1651,-0.6025,1.9692,1.4123,0.0673,1,0.0025
944,-0.1652,-0.6033,2.0360,1.4787,0.0668,1,0.0033
945,-0.1651,-0.6015,2.1031,1.5453,0.0671,1,0.0015
946,-0.1651,-0.6023,2.1698,1.6117,0.0668,1,0.0023
947,-0.1650,-0.6004,2.2369,1.6785,0.0671,1,0.0004
948,-0.1650,-0.6012,2.3037,1.7450,0.0668,1,0.0012
949,-0.1649,-0.5993,2.3708,1.8118,0.0671,1,0.0000
950,-0.1649,-0.6002,2.4376,1.8783,0.0668,1,0.0002
951,-0.1648,-0.5984,2.5047,1.9452,0.0671,1,0.0000
952,-0.1647,-0.5988,2.4404,1.8810,0.0643,1,0.0000
953,-0.1646,-0.5982,2.3766,1.8175,0.0638,1,0.0000
954,-0.1646,-0.5984,2.3122,1.7534,0.0644,1,0.0000
955,-0.1644,-0.5977,2.2484,1.6898,0.0639,1,0.0000
956,-0.1644,-0.5981,2.1839,1.6257,0.0645,1,0.0000
957,-0.1642,-0.5974,2.1199,1.5620,0.0640,1,0.0000
958,-0.1641,-0.5979,2.0553,1.4978,0.0646,1,0.0000
959,-0.1640,-0.5972,1.9913,1.4341,0.0641,1,0.0000
960,-0.1640,-0.5979,1.9265,1.3697,0.0648,1,0.0000
961,-0.1638,-0.5973,1.8623,1.3060,0.0642,1,0.0000
962,-0.1638,-0.5981,1.7973,1.2415,0.0650,1,0.0000
963,-0.1636,-0.5978,1.7330,1.1778,0.0643,1,0.0000
964,-0.1636,-0.5985,1.6677,1.1132,0.0653,1,0.0000
965,-0.1634,-0.5986,1.6032,1.0494,0.0645,1,0.0000
966,-0.1634,-0.5993,1.5377,0.9848,0.0655,1,0.0000
967,-0.1633,-0.5997,1.4730,0.9210,0.0647,1,0.0000
968,-0.1632,-0.6004,1.4073,0.8565,0.0657,1,0.0004
969,-0.1631,-0.6010,1.3425,0.7929,0.0649,1,0.0010
970,-0.1631,-0.6017,1.2766,0.7285,0.0659,1,0.0017
971,-0.1630,-0.6014,1.2114,0.6651,0.0652,1,0.0014
972,-0.1629,-0.6023,1.1453,0.6012,0.0661,1,0.0023
973,-0.1628,-0.6017,1.0800,0.5386,0.0653,1,0.0017
974,-0.1628,-0.6027,1.0137,0.4758,0.0663,1,0.0027
975,-0.1627,-0.6024,0.9483,0.4150,0.0654,1,0.0024
976,-0.1627,-0.6035,0.8818,0.3548,0.0665,1,0.0035
977,-0.1625,-0.6034,0.8164,0.2981,0.0654,1,0.0034
978,-0.1625,-0.6045,0.7497,0.2449,0.0667,1,0.0045
979,-0.1624,-0.6047,0.6842,0.2006,0.0655,1,0.0047
980,-0.1624,-0.6059,0.6174,0.1703,0.0668,1,0.0059
981,-0.1622,-0.6065,0.5518,0.1631,0.0656,1,0.0065
982,-0.1622,-0.6076,0.4849,0.1818,0.0669,1,0.0076
983,-0.1621,-0.6083,0.4194,0.2191,0.0655,1,0.0083
984,-0.1621,-0.6094,0.3525,0.2687,0.0669,1,0.0094
985,-0.1619,-0.6091,0.2873,0.3229,0.0651,1,0.0091
986,-0.1619,-0.6091,0.2205,0.3823,0.0669,1,0.0091
987,-0.1618,-0.6083,0.1555,0.4419,0.0650,1,0.0083
988,-0.1618,-0.6087,0.0886,0.5047,0.0668,1,0.0087
989,-0.1616,-0.6072,0.0237,0.5665,0.0649,1,0.0072
990,-0.1616,-0.6078,-0.0430,0.6307,0.0668,1,0.0078
991,-0.1615,-0.6056,-0.1079,0.6936,0.0649,1,0.0056
992,-0.1614,-0.6055,-0.1746,0.7586,0.0667,1,0.0055
993,-0.1613,-0.6046,-0.2399,0.8225,0.0653,1,0.0046
994,-0.1613,-0.6055,-0.3067,0.8881,0.0668,1,0.0055
995,-0.1612,-0.6034,-0.3715,0.9519,0.0648,1,0.0034
996,-0.1612,-0.6039,-0.4383,1.0177,0.0668,1,0.0039
997,-0.1610,-0.6036,-0.5033,1.0820,0.0650,1,0.0036
998,-0.1610,-0.6048,-0.5702,1.1482,0.0669,1,0.0048
999,-0.1609,-0.6045,-0.6353,1.2126,0.0650,1,0.0045
1000,-0.1609,-0.6042,-0.7019,1.2787,0.0667,1,0.0042
1001,-0.1608,-0.6035,-0.7668,1.3430,0.0649,1,0.0035
1002,-0.1608,-0.6041,-0.8336,1.4094,0.0668,1,0.0041
1003,-0.1606,-0.6017,-0.8982,1.4735,0.0646,1,0.0017
1004,-0.1606,-0.6021,-0.9649,1.5399,0.0668,1,0.0021
1005,-0.1605,-0.6008,-1.0297,1.6043,0.0648,1,0.0008
1006,-0.1604,-0.6002,-1.0963,1.6706,0.0666,1,0.0002
1007,-0.1603,-0.5991,-1.1610,1.7350,0.0648,1,0.0000
1008,-0.1603,-0.5986,-1.2276,1.8013,0.0666,1,0.0000
1009,-0.1601,-0.5981,-1.2924,1.8659,0.0648,1,0.0000
1010,-0.1601,-0.5977,-1.3590,1.9323,0.0666,1,0.0000
1011,-0.1600,-0.5967,-1.4238,1.9968,0.0647,1,0.0000
1012,-0.1600,-0.5965,-1.4904,2.0632,0.0666,1,0.0000
1013,-0.1598,-0.5959,-1.5552,2.1278,0.0648,1,0.0000
1014,-0.1598,-0.5960,-1.6218,2.1942,0.0667,1,0.0000
1015,-0.1596,-0.5959,-1.6866,2.2589,0.0648,1,0.0000
1016,-0.1596,-0.5946,-1.7531,2.3252,0.0665,1,0.0000
1017,-0.1595,-0.5948,-1.8179,2.3898,0.0648,1,0.0000
1018,-0.1594,-0.5952,-1.8846,2.4564,0.0667,1,0.0000
1019,-0.1763,-0.5967,-1.9581,2.5309,0.0754,1,0.0000
1020,-0.1766,-0.5972,-2.0249,2.5975,0.0667,1,0.0000
1021,-0.1936,-0.5986,-2.1004,2.6740,0.0775,1,0.0000
1022,-0.1942,-0.5995,-2.1672,2.7407,0.0668,1,0.0000
1023,-0.2066,-0.6000,-2.2422,2.8164,0.0760,1,0.0000
1024,-0.2073,-0.5996,-2.3089,2.8830,0.0667,1,0.0000
1025,-0.2167,-0.5995,-2.3836,2.9581,0.0752,1,0.0000
1026,-0.2174,-0.6008,-2.4505,3.0249,0.0670,1,0.0008
1027,-0.2255,-0.6152,-2.5310,3.1059,0.0822,1,0.0152
1028,-0.2248,-0.6134,-2.4666,3.0415,0.0645,1,0.0134
1029,-0.2283,-0.6140,-2.4098,2.9852,0.0569,1,0.0140
1030,-0.2276,-0.6131,-2.3452,2.9207,0.0647,1,0.0131
1031,-0.2309,-0.6123,-2.2892,2.8651,0.0561,1,0.0123
1032,-0.2302,-0.6117,-2.2243,2.8004,0.0649,1,0.0117
1033,-0.2325,-0.6118,-2.1676,2.7441,0.0567,1,0.0118
1034,-0.2317,-0.6113,-2.1026,2.6793,0.0650,1,0.0113
1035,-0.2333,-0.6116,-2.0450,2.6220,0.0576,1,0.0116
1036,-0.2326,-0.6111,-1.9799,2.5571,0.0652,1,0.0111
1037,-0.2340,-0.6108,-1.9220,2.4996,0.0579,1,0.0108
1038,-0.2332,-0.6102,-1.8567,2.4345,0.0653,1,0.0102
1039,-0.2344,-0.6095,-1.7986,2.3768,0.0582,1,0.0095
1040,-0.2337,-0.6089,-1.7332,2.3116,0.0654,1,0.0089
1041,-0.2345,-0.6078,-1.6748,2.2536,0.0584,1,0.0078
1042,-0.2339,-0.6073,-1.6092,2.1883,0.0656,1,0.0073
1043,-0.2345,-0.6060,-1.5506,2.1301,0.0586,1,0.0060
1044,-0.2339,-0.6055,-1.4849,2.0648,0.0657,1,0.0055
1045,-0.2343,-0.6041,-1.4261,2.0064,0.0589,1,0.0041
1046,-0.2337,-0.6036,-1.3603,1.9410,0.0658,1,0.0036
1047,-0.2339,-0.6023,-1.3012,1.8824,0.0591,1,0.0023
1048,-0.2333,-0.6019,-1.2353,1.8170,0.0659,1,0.0019
1049,-0.2334,-0.6007,-1.1761,1.7583,0.0592,1,0.0007
1050,-0.2329,-0.6003,-1.1101,1.6928,0.0660,1,0.0003
1051,-0.2328,-0.5993,-1.0507,1.6340,0.0594,1,0.0000
1052,-0.2322,-0.5990,-0.9847,1.5685,0.0661,1,0.0000
1053,-0.2320,-0.5982,-0.9251,1.5096,0.0596,1,0.0000
1054,-0.2315,-0.5979,-0.8590,1.4443,0.0661,1,0.0000
1055,-0.2311,-0.5973,-0.7993,1.3853,0.0597,1,0.0000
1056,-0.2307,-0.5971,-0.7331,1.3200,0.0662,1,0.0000
1057,-0.2302,-0.5967,-0.6733,1.2610,0.0599,1,0.0000
1058,-0.2298,-0.5965,-0.6070,1.1959,0.0662,1,0.0000
1059,-0.2292,-0.5963,-0.5471,1.1370,0.0600,1,0.0000
1060,-0.2288,-0.5961,-0.4808,1.0721,0.0663,1,0.0000
1061,-0.2282,-0.5960,-0.4207,1.0133,0.0601,1,0.0000
1062,-0.2278,-0.5959,-0.3544,0.9487,0.0663,1,0.0000
1063,-0.2271,-0.5960,-0.2942,0.8902,0.0602,1,0.0000
1064,-0.2267,-0.5959,-0.2278,0.8262,0.0663,1,0.0000
1065,-0.2259,-0.5961,-0.1675,0.7681,0.0603,1,0.0000
1066,-0.2256,-0.5960,-0.1012,0.7049,0.0664,1,0.0000
1067,-0.2248,-0.5963,-0.0408,0.6476,0.0604,1,0.0000
1068,-0.2245,-0.5962,0.0256,0.5857,0.0664,1,0.0000
1069,-0.2236,-0.5965,0.0861,0.5300,0.0605,1,0.0000
1070,-0.2234,-0.5965,0.1525,0.4705,0.0664,1,0.0000
1071,-0.2224,-0.5968,0.2131,0.4177,0.0606,1,0.0000
1072,-0.2222,-0.5968,0.2795,0.3631,0.0664,1,0.0000
1073,-0.2213,-0.5971,0.3402,0.3166,0.0607,1,0.0000
1074,-0.2211,-0.5971,0.4066,0.2729,0.0664,1,0.0000
1075,-0.2201,-0.5975,0.4673,0.2415,0.0607,1,0.0000
1076,-0.2200,-0.5975,0.5338,0.2224,0.0664,1,0.0000
1077,-0.2190,-0.5979,0.5946,0.2208,0.0608,1,0.0000
1078,-0.2189,-0.5979,0.6610,0.2384,0.0664,1,0.0000
1079,-0.2180,-0.5983,0.7240,0.2689,0.0630,1,0.0000
1080,-0.2180,-0.5983,0.7904,0.3124,0.0664,1,0.0000
1081,-0.2172,-0.5989,0.8585,0.3639,0.0681,1,0.0000
1082,-0.2172,-0.5989,0.9250,0.4191,0.0664,1,0.0000
1083,-0.2167,-0.5992,0.9929,0.4782,0.0679,1,0.0000
1084,-0.2167,-0.5993,1.0593,0.5383,0.0664,1,0.0000
1085,-0.2164,-0.5994,1.1271,0.6008,0.0678,1,0.0000
1086,-0.2164,-0.5995,1.1934,0.6632,0.0664,1,0.0000
1087,-0.2162,-0.5993,1.2592,0.7256,0.0658,1,0.0000
1088,-0.2162,-0.5994,1.3256,0.7892,0.0664,1,0.0000
1089,-0.2160,-0.5989,1.3878,0.8491,0.0622,1,0.0000
1090,-0.2160,-0.5989,1.4541,0.9135,0.0664,1,0.0000
1091,-0.2159,-0.5990,1.5219,0.9794,0.0678,1,0.0000
1092,-0.2159,-0.5990,1.5883,1.0442,0.0664,1,0.0000
1093,-0.2158,-0.5990,1.6559,1.1105,0.0677,1,0.0000
1094,-0.2158,-0.5990,1.7223,1.1757,0.0664,1,0.0000
1095,-0.2157,-0.5989,1.7899,1.2422,0.0676,1,0.0000
1096,-0.2157,-0.5989,1.8562,1.3076,0.0663,1,0.0000
1097,-0.2157,-0.5987,1.9238,1.3742,0.0675,1,0.0000
1098,-0.2157,-0.5987,1.9901,1.4398,0.0664,1,0.0000
1099,-0.2157,-0.5978,2.0521,1.5011,0.0620,1,0.0000
1100,-0.2157,-0.5977,2.1185,1.5668,0.0664,1,0.0000
1101,-0.2157,-0.5978,2.1844,1.6321,0.0659,1,0.0000
1102,-0.2157,-0.5978,2.2508,1.6979,0.0664,1,0.0000
1103,-0.2157,-0.5981,2.3185,1.7651,0.0677,1,0.0000
1104,-0.2156,-0.5981,2.3848,1.8310,0.0664,1,0.0000
1105,-0.2156,-0.5983,2.4525,1.8982,0.0676,1,0.0000
1106,-0.2156,-0.5983,2.5189,1.9641,0.0664,1,0.0000
1107,-0.2157,-0.5983,2.4532,1.8989,0.0656,1,0.0000
1108,-0.2158,-0.5983,2.3864,1.8325,0.0668,1,0.0000
1109,-0.2159,-0.5983,2.3207,1.7674,0.0657,1,0.0000
1110,-0.2160,-0.5983,2.2539,1.7010,0.0668,1,0.0000
1111,-0.2161,-0.5975,2.1827,1.6305,0.0712,1,0.0000
1112,-0.2162,-0.5976,2.1158,1.5642,0.0668,1,0.0000
1113,-0.2163,-0.5978,2.0485,1.4976,0.0673,1,0.0000
1114,-0.2164,-0.5978,1.9817,1.4315,0.0668,1,0.0000
1115,-0.2165,-0.5982,1.9161,1.3668,0.0655,1,0.0000
1116,-0.2166,-0.5982,1.8493,1.3009,0.0668,1,0.0000
1117,-0.2167,-0.5984,1.7837,1.2363,0.0656,1,0.0000
1118,-0.2168,-0.5984,1.7169,1.1706,0.0668,1,0.0000
1119,-0.2170,-0.5984,1.6513,1.1062,0.0656,1,0.0000
1120,-0.2171,-0.5984,1.5844,1.0407,0.0668,1,0.0000
1121,-0.2172,-0.5984,1.5188,0.9766,0.0657,1,0.0000
1122,-0.2173,-0.5984,1.4519,0.9116,0.0668,1,0.0000
1123,-0.2175,-0.5979,1.3807,0.8427,0.0712,1,0.0000
1124,-0.2176,-0.5980,1.3139,0.7784,0.0668,1,0.0000
1125,-0.2177,-0.5981,1.2466,0.7140,0.0673,1,0.0000
1126,-0.2178,-0.5981,1.1798,0.6507,0.0668,1,0.0000
1127,-0.2179,-0.5983,1.1142,0.5894,0.0655,1,0.0000
1128,-0.2180,-0.5983,1.0474,0.5279,0.0668,1,0.0000
1129,-0.2181,-0.5984,0.9818,0.4690,0.0656,1,0.0000
1130,-0.2182,-0.5984,0.9150,0.4111,0.0668,1,0.0000
1131,-0.2184,-0.5984,0.8494,0.3573,0.0656,1,0.0000
1132,-0.2185,-0.5984,0.7826,0.3072,0.0668,1,0.0000
1133,-0.2187,-0.5984,0.7169,0.2654,0.0657,1,0.0000
1134,-0.2188,-0.5984,0.6501,0.2342,0.0668,1,0.0000
1135,-0.2190,-0.5983,0.5789,0.2194,0.0712,1,0.0000
1136,-0.2192,-0.5983,0.5121,0.2258,0.0668,1,0.0000
1137,-0.2191,-0.5984,0.4448,0.2507,0.0673,1,0.0000
1138,-0.2193,-0.5984,0.3780,0.2892,0.0668,1,0.0000
1139,-0.2193,-0.5984,0.3125,0.3357,0.0655,1,0.0000
1140,-0.2194,-0.5984,0.2456,0.3888,0.0668,1,0.0000
1141,-0.2195,-0.5984,0.1801,0.4445,0.0656,1,0.0000
1142,-0.2196,-0.5984,0.1133,0.5037,0.0668,1,0.0000
1143,-0.2199,-0.5984,0.0477,0.5636,0.0656,1,0.0000
1144,-0.2200,-0.5984,-0.0192,0.6257,0.0668,1,0.0000
1145,-0.2203,-0.5984,-0.0867,0.6894,0.0675,1,0.0000
1146,-0.2204,-0.5984,-0.1535,0.7530,0.0668,1,0.0000
1147,-0.2204,-0.5987,-0.2245,0.8213,0.0711,1,0.0000
1148,-0.2205,-0.5987,-0.2914,0.8858,0.0668,1,0.0000
1149,-0.2204,-0.5986,-0.3568,0.9493,0.0654,1,0.0000
1150,-0.2206,-0.5986,-0.4236,1.0145,0.0668,1,0.0000
1151,-0.2206,-0.5985,-0.4891,1.0785,0.0655,1,0.0000
1152,-0.2207,-0.5985,-0.5559,1.1440,0.0668,1,0.0000
1153,-0.2209,-0.5984,-0.6215,1.2085,0.0656,1,0.0000
1154,-0.2210,-0.5984,-0.6883,1.2742,0.0668,1,0.0000
1155,-0.2213,-0.5983,-0.7539,1.3389,0.0656,1,0.0000
1156,-0.2214,-0.5983,-0.8208,1.4049,0.0668,1,0.0000
1157,-0.2218,-0.5983,-0.8864,1.4698,0.0656,1,0.0000
1158,-0.2219,-0.5983,-0.9532,1.5359,0.0668,1,0.0000
1159,-0.2224,-0.5983,-1.0189,1.6010,0.0657,1,0.0000
1160,-0.2225,-0.5983,-1.0857,1.6672,0.0668,1,0.0000
1161,-0.2230,-0.5983,-1.1514,1.7324,0.0657,1,0.0000
1162,-0.2231,-0.5984,-1.2182,1.7987,0.0668,1,0.0000
1163,-0.2237,-0.5984,-1.2839,1.8639,0.0657,1,0.0000
1164,-0.2238,-0.5984,-1.3507,1.9303,0.0668,1,0.0000
1165,-0.2244,-0.5985,-1.4164,1.9956,0.0657,1,0.0000
1166,-0.2245,-0.5985,-1.4832,2.0620,0.0668,1,0.0000
1167,-0.2251,-0.5985,-1.5489,2.1274,0.0657,1,0.0000
1168,-0.2253,-0.5985,-1.6157,2.1939,0.0668,1,0.0000
1169,-0.2259,-0.5986,-1.6814,2.2593,0.0657,1,0.0000
1170,-0.2261,-0.5986,-1.7482,2.3258,0.0668,1,0.0000
1171,-0.2267,-0.5986,-1.8139,2.3912,0.0657,1,0.0000
1172,-0.2269,-0.5986,-1.8807,2.4578,0.0668,1,0.0000
1173,-0.2276,-0.5987,-1.9465,2.5233,0.0658,1,0.0000
1174,-0.2277,-0.5987,-2.0133,2.5899,0.0668,1,0.0000
1175,-0.2284,-0.5988,-2.0791,2.6555,0.0658,1,0.0000
1176,-0.2286,-0.5988,-2.1458,2.7220,0.0668,1,0.0000
1177,-0.2293,-0.5989,-2.2116,2.7877,0.0658,1,0.0000
1178,-0.2295,-0.5989,-2.2784,2.8542,0.0668,1,0.0000
1179,-0.2302,-0.5989,-2.3442,2.9199,0.0658,1,0.0000
1180,-0.2304,-0.5989,-2.4110,2.9865,0.0668,1,0.0000
1181,-0.2311,-0.5990,-2.4768,3.0522,0.0658,1,0.0000
1182,-0.2313,-0.5990,-2.5436,3.1188,0.0668,1,0.0000
1183,-0.2318,-0.5990,-2.4761,3.0515,0.0675,1,0.0000
1184,-0.2317,-0.5990,-2.4096,2.9852,0.0665,1,0.0000
1185,-0.2321,-0.5991,-2.3421,2.9179,0.0675,1,0.0000
1186,-0.2321,-0.5991,-2.2756,2.8516,0.0665,1,0.0000
1187,-0.2325,-0.5991,-2.2081,2.7844,0.0675,1,0.0000
1188,-0.2324,-0.5991,-2.1415,2.7181,0.0665,1,0.0000
1189,-0.2328,-0.5991,-2.0740,2.6509,0.0675,1,0.0000
1190,-0.2327,-0.5991,-2.0075,2.5846,0.0665,1,0.0000
1191,-0.2332,-0.5991,-1.9400,2.5174,0.0675,1,0.0000
1192,-0.2330,-0.5991,-1.8735,2.4512,0.0665,1,0.0000
1193,-0.2334,-0.5991,-1.8060,2.3840,0.0675,1,0.0000
1194,-0.2333,-0.5991,-1.7394,2.3178,0.0665,1,0.0000
1195,-0.2337,-0.5990,-1.6719,2.2507,0.0675,1,0.0000
1196,-0.2336,-0.5990,-1.6054,2.1845,0.0665,1,0.0000
1197,-0.2339,-0.5990,-1.5379,2.1175,0.0675,1,0.0000
1198,-0.2338,-0.5990,-1.4714,2.0513,0.0666,1,0.0000
1199,-0.2342,-0.5989,-1.4039,1.9843,0.0675,1,0.0000
1200,-0.2340,-0.5989,-1.3373,1.9182,0.0666,1,0.0000
1201,-0.2344,-0.5989,-1.2698,1.8513,0.0675,1,0.0000
1202,-0.2342,-0.5989,-1.2032,1.7853,0.0666,1,0.0000
1203,-0.2345,-0.5988,-1.1357,1.7184,0.0675,1,0.0000
1204,-0.2344,-0.5988,-1.0692,1.6525,0.0666,1,0.0000
1205,-0.2347,-0.5988,-1.0017,1.5857,0.0675,1,0.0000
1206,-0.2345,-0.5988,-0.9351,1.5199,0.0666,1,0.0000
1207,-0.2348,-0.5987,-0.8676,1.4533,0.0675,1,0.0000
1208,-0.2346,-0.5987,-0.8010,1.3876,0.0666,1,0.0000
1209,-0.2349,-0.5987,-0.7335,1.3212,0.0675,1,0.0000
1210,-0.2347,-0.5987,-0.6669,1.2557,0.0666,1,0.0000
1211,-0.2350,-0.5986,-0.5994,1.1895,0.0675,1,0.0000
1212,-0.2348,-0.5986,-0.5328,1.1242,0.0666,1,0.0000
1213,-0.2351,-0.5986,-0.4653,1.0584,0.0675,1,0.0000
1214,-0.2349,-0.5985,-0.3987,0.9935,0.0666,1,0.0000
1215,-0.2352,-0.5985,-0.3313,0.9281,0.0675,1,0.0000
1216,-0.2349,-0.5985,-0.2646,0.8638,0.0666,1,0.0000
1217,-0.2352,-0.5985,-0.1971,0.7991,0.0675,1,0.0000
1218,-0.2350,-0.5984,-0.1305,0.7356,0.0666,1,0.0000
1219,-0.2352,-0.5984,-0.0630,0.6721,0.0675,1,0.0000
1220,-0.2350,-0.5984,0.0036,0.6100,0.0666,1,0.0000
1221,-0.2352,-0.5983,0.0711,0.5485,0.0675,1,0.0000
1222,-0.2350,-0.5983,0.1378,0.4890,0.0666,1,0.0000
1223,-0.2352,-0.5983,0.2053,0.4311,0.0675,1,0.0000
1224,-0.2350,-0.5982,0.2719,0.3769,0.0666,1,0.0000
1225,-0.2352,-0.5982,0.3394,0.3270,0.0675,1,0.0000
1226,-0.2349,-0.5982,0.4061,0.2845,0.0667,1,0.0000
1227,-0.2352,-0.5981,0.4735,0.2529,0.0675,1,0.0000
1228,-0.2349,-0.5981,0.5402,0.2364,0.0667,1,0.0000
1229,-0.2352,-0.5984,0.6076,0.2388,0.0674,1,0.0000
1230,-0.2350,-0.5984,0.6742,0.2584,0.0667,1,0.0000
1231,-0.2352,-0.5987,0.7416,0.2932,0.0674,1,0.0000
1232,-0.2350,-0.5987,0.8083,0.3371,0.0667,1,0.0000
1233,-0.2352,-0.5990,0.8757,0.3884,0.0674,1,0.0000
1234,-0.2349,-0.5990,0.9423,0.4431,0.0667,1,0.0000
1235,-0.2351,-0.5992,1.0097,0.5017,0.0674,1,0.0000
1236,-0.2348,-0.5992,1.0764,0.5613,0.0667,1,0.0000
1237,-0.2351,-0.5994,1.1438,0.6232,0.0674,1,0.0000
1238,-0.2348,-0.5994,1.2105,0.6853,0.0667,1,0.0000
1239,-0.2350,-0.5995,1.2779,0.7491,0.0674,1,0.0000
1240,-0.2347,-0.5995,1.3445,0.8126,0.0667,1,0.0000
1241,-0.2349,-0.5995,1.4119,0.8774,0.0674,1,0.0000
1242,-0.2345,-0.5995,1.4786,0.9417,0.0667,1,0.0000
1243,-0.2347,-0.5995,1.5460,1.0071,0.0674,1,0.0000
1244,-0.2344,-0.5995,1.6127,1.0720,0.0667,1,0.0000
1245,-0.2346,-0.5995,1.6801,1.1379,0.0674,1,0.0000
1246,-0.2343,-0.5995,1.7467,1.2032,0.0667,1,0.0000
1247,-0.2345,-0.5994,1.8141,1.2694,0.0674,1,0.0000
1248,-0.2342,-0.5994,1.8808,1.3349,0.0667,1,0.0000
1249,-0.2343,-0.5993,1.9482,1.4013,0.0674,1,0.0000
1250,-0.2340,-0.5993,2.0149,1.4671,0.0667,1,0.0000
1251,-0.2342,-0.5993,2.0823,1.5337,0.0674,1,0.0000
1252,-0.2339,-0.5992,2.1489,1.5995,0.0667,1,0.0000
1253,-0.2341,-0.5992,2.2163,1.6663,0.0674,1,0.0000
1254,-0.2337,-0.5992,2.2830,1.7323,0.0667,1,0.0000
1255,-0.2339,-0.5991,2.3504,1.7991,0.0674,1,0.0000
1256,-0.2336,-0.5991,2.4171,1.8652,0.0667,1,0.0000
1257,-0.2338,-0.5991,2.4845,1.9321,0.0674,1,0.0000
1258,-0.2334,-0.5991,2.5512,1.9982,0.0667,1,0.0000
1259,-0.2343,-0.5991,2.4852,1.9329,0.0659,1,0.0000
1260,-0.2346,-0.5991,2.4186,1.8668,0.0666,1,0.0000
1261,-0.2355,-0.5991,2.3526,1.8015,0.0659,1,0.0000
1262,-0.2358,-0.5991,2.2860,1.7355,0.0667,1,0.0000
1263,-0.2367,-0.5991,2.2200,1.6703,0.0659,1,0.0000
1264,-0.2370,-0.5991,2.1534,1.6044,0.0666,1,0.0000
1265,-0.2379,-0.5991,2.0875,1.5394,0.0659,1,0.0000
1266,-0.2383,-0.5991,2.0208,1.4736,0.0666,1,0.0000
1267,-0.2392,-0.5991,1.9549,1.4087,0.0659,1,0.0000
1268,-0.2396,-0.5991,1.8882,1.3432,0.0667,1,0.0000
1269,-0.2405,-0.5991,1.8223,1.2785,0.0660,1,0.0000
1270,-0.2409,-0.5991,1.7556,1.2132,0.0667,1,0.0000
1271,-0.2419,-0.5991,1.6897,1.1488,0.0660,1,0.0000
1272,-0.2422,-0.5991,1.6230,1.0838,0.0667,1,0.0000
1273,-0.2433,-0.5992,1.5571,1.0199,0.0660,1,0.0000
1274,-0.2436,-0.5992,1.4904,0.9554,0.0667,1,0.0000
1275,-0.2447,-0.5992,1.4245,0.8921,0.0660,1,0.0000
1276,-0.2450,-0.5992,1.3578,0.8283,0.0667,1,0.0000
1277,-0.2461,-0.5992,1.2918,0.7659,0.0660,1,0.0000
1278,-0.2465,-0.5992,1.2252,0.7032,0.0667,1,0.0000
1279,-0.2476,-0.5992,1.1592,0.6423,0.0660,1,0.0000
1280,-0.2480,-0.5992,1.0926,0.5815,0.0667,1,0.0000
1281,-0.2491,-0.5992,1.0266,0.5231,0.0660,1,0.0000
1282,-0.2495,-0.5992,0.9599,0.4658,0.0667,1,0.0000
1283,-0.2507,-0.5992,0.8940,0.4123,0.0660,1,0.0000
1284,-0.2510,-0.5992,0.8273,0.3619,0.0667,1,0.0000
1285,-0.2522,-0.5992,0.7613,0.3187,0.0660,1,0.0000
1286,-0.2526,-0.5992,0.6947,0.2832,0.0667,1,0.0000
1287,-0.2538,-0.5992,0.6287,0.2613,0.0660,1,0.0000
1288,-0.2542,-0.5992,0.5620,0.2543,0.0667,1,0.0000
1289,-0.2555,-0.5993,0.4961,0.2650,0.0660,1,0.0000
1290,-0.2558,-0.5993,0.4294,0.2903,0.0667,1,0.0000
1291,-0.2571,-0.5993,0.3635,0.3276,0.0660,1,0.0000
1292,-0.2575,-0.5993,0.2968,0.3729,0.0667,1,0.0000
1293,-0.2587,-0.5993,0.2309,0.4238,0.0660,1,0.0000
1294,-0.2591,-0.5993,0.1642,0.4786,0.0667,1,0.0000
1295,-0.2603,-0.5993,0.0982,0.5358,0.0659,1,0.0000
1296,-0.2607,-0.5993,0.0316,0.5951,0.0667,1,0.0000
1297,-0.2619,-0.5993,-0.0344,0.6556,0.0659,1,0.0000
1298,-0.2623,-0.5993,-0.1010,0.7173,0.0667,1,0.0000
1299,-0.2636,-0.5993,-0.1670,0.7795,0.0659,1,0.0000
1300,-0.2640,-0.5993,-0.2337,0.8426,0.0667,1,0.0000
1301,-0.2652,-0.5993,-0.2996,0.9059,0.0659,1,0.0000
1302,-0.2656,-0.5993,-0.3663,0.9699,0.0667,1,0.0000
1303,-0.2669,-0.5993,-0.4322,1.0338,0.0659,1,0.0000
1304,-0.2673,-0.5993,-0.4989,1.0985,0.0667,1,0.0000
1305,-0.2685,-0.5993,-0.5648,1.1628,0.0659,1,0.0000
1306,-0.2689,-0.5993,-0.6315,1.2279,0.0667,1,0.0000
1307,-0.2702,-0.5993,-0.6974,1.2925,0.0659,1,0.0000
1308,-0.2706,-0.5993,-0.7641,1.3579,0.0667,1,0.0000
1309,-0.2719,-0.5993,-0.8300,1.4228,0.0659,1,0.0000
1310,-0.2723,-0.5993,-0.8967,1.4884,0.0667,1,0.0000
1311,-0.2736,-0.5993,-0.9626,1.5535,0.0659,1,0.0000
1312,-0.2740,-0.5993,-1.0293,1.6192,0.0667,1,0.0000
1313,-0.2753,-0.5993,-1.0952,1.6845,0.0659,1,0.0000
1314,-0.2757,-0.5993,-1.1619,1.7504,0.0667,1,0.0000
1315,-0.2770,-0.5994,-1.2278,1.8157,0.0659,1,0.0000
1316,-0.2774,-0.5994,-1.2945,1.8817,0.0667,1,0.0000
1317,-0.2788,-0.5994,-1.3605,1.9471,0.0659,1,0.0000
1318,-0.2791,-0.5994,-1.4272,2.0132,0.0667,1,0.0000
1319,-0.2805,-0.5994,-1.4931,2.0787,0.0659,1,0.0000
1320,-0.2809,-0.5994,-1.5598,2.1449,0.0667,1,0.0000
1321,-0.2822,-0.5994,-1.6257,2.2104,0.0659,1,0.0000
1322,-0.2826,-0.5994,-1.6924,2.2766,0.0667,1,0.0000
1323,-0.2840,-0.5994,-1.7583,2.3422,0.0659,1,0.0000
1324,-0.2844,-0.5994,-1.8251,2.4085,0.0667,1,0.0000
1325,-0.2858,-0.5994,-1.8910,2.4741,0.0659,1,0.0000
1326,-0.2862,-0.5994,-1.9577,2.5404,0.0667,1,0.0000
1327,-0.2876,-0.5995,-2.0236,2.6061,0.0659,1,0.0000
1328,-0.2880,-0.5995,-2.0903,2.6725,0.0667,1,0.0000
1329,-0.2894,-0.5995,-2.1562,2.7382,0.0659,1,0.0000
1330,-0.2898,-0.5995,-2.2230,2.8045,0.0667,1,0.0000
1331,-0.2912,-0.5995,-2.2889,2.8703,0.0659,1,0.0000
1332,-0.2916,-0.5995,-2.3556,2.9367,0.0667,1,0.0000
1333,-0.2930,-0.5995,-2.4215,3.0024,0.0659,1,0.0000
1334,-0.2934,-0.5995,-2.4882,3.0689,0.0667,1,0.0000
1335,-0.2948,-0.5995,-2.5542,3.1346,0.0659,1,0.0000
1336,-0.2944,-0.5995,-2.4876,3.0683,0.0666,1,0.0000
1337,-0.2951,-0.5995,-2.4201,3.0013,0.0674,1,0.0000
1338,-0.2946,-0.5995,-2.3535,2.9349,0.0666,1,0.0000
1339,-0.2953,-0.5995,-2.2861,2.8679,0.0674,1,0.0000
1340,-0.2949,-0.5995,-2.2195,2.8017,0.0666,1,0.0000
1341,-0.2955,-0.5995,-2.1521,2.7347,0.0674,1,0.0000
1342,-0.2951,-0.5995,-2.0855,2.6684,0.0666,1,0.0000
1343,-0.2958,-0.5995,-2.0180,2.6015,0.0674,1,0.0000
1344,-0.2954,-0.5995,-1.9514,2.5353,0.0666,1,0.0000
1345,-0.2961,-0.5995,-1.8840,2.4684,0.0674,1,0.0000
1346,-0.2957,-0.5995,-1.8174,2.4022,0.0666,1,0.0000
1347,-0.2964,-0.5995,-1.7500,2.3354,0.0674,1,0.0000
1348,-0.2959,-0.5995,-1.6833,2.2693,0.0666,1,0.0000
1349,-0.2967,-0.5995,-1.6159,2.2026,0.0674,1,0.0000
1350,-0.2962,-0.5995,-1.5493,2.1365,0.0666,1,0.0000
1351,-0.2970,-0.5995,-1.4818,2.0698,0.0674,1,0.0000
1352,-0.2966,-0.5995,-1.4152,2.0039,0.0666,1,0.0000
1353,-0.2973,-0.5995,-1.3478,1.9373,0.0674,1,0.0000
1354,-0.2969,-0.5995,-1.2812,1.8715,0.0666,1,0.0000
1355,-0.2976,-0.5995,-1.2137,1.8050,0.0675,1,0.0000
1356,-0.2972,-0.5995,-1.1471,1.7393,0.0666,1,0.0000
1357,-0.2980,-0.5995,-1.0796,1.6730,0.0674,1,0.0000
1358,-0.2976,-0.5995,-1.0130,1.6074,0.0666,1,0.0000
1359,-0.2984,-0.5995,-0.9456,1.5413,0.0675,1,0.0000
1360,-0.2980,-0.5995,-0.8789,1.4759,0.0666,1,0.0000
1361,-0.2988,-0.5995,-0.8115,1.4101,0.0675,1,0.0000
1362,-0.2983,-0.5994,-0.7449,1.3449,0.0666,1,0.0000
1363,-0.2992,-0.5995,-0.6774,1.2795,0.0675,1,0.0000
1364,-0.2981,-0.5994,-0.6108,1.2145,0.0666,1,0.0000
1365,-0.2983,-0.5995,-0.5433,1.1493,0.0675,1,0.0000
1366,-0.2971,-0.5994,-0.4767,1.0848,0.0666,1,0.0000
1367,-0.2972,-0.5994,-0.4092,1.0201,0.0674,1,0.0000
1368,-0.2961,-0.5994,-0.3426,0.9562,0.0666,1,0.0000
1369,-0.2962,-0.5994,-0.2752,0.8923,0.0674,1,0.0000
1370,-0.2950,-0.5994,-0.2085,0.8294,0.0666,1,0.0000
1371,-0.2951,-0.5994,-0.1411,0.7667,0.0674,1,0.0000
1372,-0.2940,-0.5994,-0.0744,0.7052,0.0667,1,0.0000
1373,-0.2941,-0.5994,-0.0070,0.6446,0.0674,1,0.0000
1374,-0.2929,-0.5994,0.0597,0.5855,0.0667,1,0.0000
1375,-0.2930,-0.5994,0.1271,0.5282,0.0674,1,0.0000
1376,-0.2918,-0.5994,0.1937,0.4734,0.0667,1,0.0000
1377,-0.2919,-0.5994,0.2612,0.4225,0.0674,1,0.0000
1378,-0.2907,-0.5994,0.3278,0.3762,0.0667,1,0.0000
1379,-0.2908,-0.5994,0.3953,0.3375,0.0674,1,0.0000
1380,-0.2896,-0.5994,0.4619,0.3079,0.0667,1,0.0000
1381,-0.2897,-0.5994,0.5294,0.2921,0.0674,1,0.0000
1382,-0.2885,-0.5994,0.5960,0.2900,0.0667,1,0.0000
1383,-0.2886,-0.5994,0.6635,0.3044,0.0674,1,0.0000
1384,-0.2873,-0.5994,0.7301,0.3306,0.0667,1,0.0000
1385,-0.2875,-0.5994,0.7976,0.3688,0.0674,1,0.0000
1386,-0.2862,-0.5994,0.8642,0.4129,0.0667,1,0.0000
1387,-0.2863,-0.5994,0.9316,0.4640,0.0674,1,0.0000
1388,-0.2850,-0.5994,0.9983,0.5173,0.0667,1,0.0000
1389,-0.2852,-0.5994,1.0657,0.5749,0.0674,1,0.0000
1390,-0.2838,-0.5993,1.1324,0.6330,0.0667,1,0.0000
1391,-0.2840,-0.5994,1.1998,0.6940,0.0674,1,0.0000
1392,-0.2826,-0.5993,1.2665,0.7548,0.0667,1,0.0000
1393,-0.2826,-0.5993,1.3340,0.8178,0.0675,1,0.0000
1394,-0.2822,-0.5993,1.4006,0.8805,0.0667,1,0.0000
1395,-0.2829,-0.5993,1.4683,0.9451,0.0677,1,0.0000
1396,-0.2825,-0.5993,1.5350,1.0088,0.0667,1,0.0000
1397,-0.2833,-0.5992,1.6027,1.0741,0.0677,1,0.0000
1398,-0.2829,-0.5992,1.6693,1.1385,0.0667,1,0.0000
1399,-0.2837,-0.5992,1.7370,1.2043,0.0677,1,0.0000
1400,-0.2834,-0.5992,1.8037,1.2691,0.0667,1,0.0000
1401,-0.2842,-0.5992,1.8713,1.3353,0.0677,1,0.0000
1402,-0.2838,-0.5992,1.9380,1.4004,0.0667,1,0.0000
1403,-0.2847,-0.5992,2.0056,1.4669,0.0677,1,0.0000
1404,-0.2843,-0.5992,2.0723,1.5323,0.0667,1,0.0000
1405,-0.2852,-0.5992,2.1399,1.5990,0.0677,1,0.0000
1406,-0.2848,-0.5992,2.2066,1.6646,0.0667,1,0.0000
1407,-0.2857,-0.5993,2.2743,1.7314,0.0677,1,0.0000
1408,-0.2853,-0.5993,2.3409,1.7971,0.0667,1,0.0000
1409,-0.2862,-0.5993,2.4086,1.8641,0.0677,1,0.0000
1410,-0.2859,-0.5993,2.4753,1.9300,0.0667,1,0.0000
1411,-0.2868,-0.5993,2.5429,1.9970,0.0677,1,0.0000
1412,-0.2871,-0.5993,2.4763,1.9311,0.0667,1,0.0000
1413,-0.2887,-0.5993,2.4106,1.8664,0.0657,1,0.0000
1414,-0.2890,-0.5993,2.3439,1.8007,0.0667,1,0.0000
1415,-0.2905,-0.5994,2.2782,1.7361,0.0657,1,0.0000
1416,-0.2908,-0.5994,2.2116,1.6705,0.0667,1,0.0000
1417,-0.2924,-0.5994,2.1459,1.6061,0.0657,1,0.0000
1418,-0.2927,-0.5994,2.0792,1.5407,0.0667,1,0.0000
1419,-0.2943,-0.5994,2.0135,1.4766,0.0657,1,0.0000
1420,-0.2946,-0.5994,1.9469,1.4114,0.0667,1,0.0000
1421,-0.2962,-0.5994,1.8812,1.3475,0.0657,1,0.0000
1422,-0.2965,-0.5994,1.8145,1.2827,0.0667,1,0.0000
1423,-0.2980,-0.5994,1.7488,1.2192,0.0657,1,0.0000
1424,-0.2983,-0.5994,1.6822,1.1548,0.0667,1,0.0000
1425,-0.2999,-0.5994,1.6165,1.0919,0.0657,1,0.0000
1426,-0.3002,-0.5994,1.5498,1.0280,0.0667,1,0.0000
1427,-0.3018,-0.5994,1.4841,0.9659,0.0657,1,0.0000
1428,-0.3021,-0.5994,1.4174,0.9029,0.0667,1,0.0000
1429,-0.2822,-0.5990,1.3589,0.8410,0.0619,1,0.0000
1430,-0.2825,-0.5994,1.2922,0.7787,0.0667,1,0.0000
1431,-0.2840,-0.5994,1.2265,0.7184,0.0657,1,0.0000
1432,-0.2840,-0.5994,1.1598,0.6577,0.0667,1,0.0000
1433,-0.2847,-0.5994,1.0941,0.5995,0.0657,1,0.0000
1434,-0.2842,-0.5994,1.0274,0.5415,0.0667,1,0.0000
1435,-0.2850,-0.5994,0.9617,0.4872,0.0657,1,0.0000
1436,-0.2845,-0.5994,0.8951,0.4346,0.0667,1,0.0000
1437,-0.2854,-0.5994,0.8293,0.3879,0.0657,1,0.0000
1438,-0.2849,-0.5994,0.7627,0.3459,0.0667,1,0.0000
1439,-0.2858,-0.5995,0.6969,0.3141,0.0657,1,0.0000
1440,-0.2854,-0.5994,0.6303,0.2924,0.0667,1,0.0000
1441,-0.2863,-0.5995,0.5645,0.2863,0.0657,1,0.0000
1442,-0.2859,-0.5995,0.4979,0.2940,0.0667,1,0.0000
1443,-0.2868,-0.5995,0.4321,0.3168,0.0657,1,0.0000
1444,-0.2864,-0.5995,0.3654,0.3500,0.0667,1,0.0000
1445,-0.2874,-0.5995,0.2997,0.3922,0.0657,1,0.0000
1446,-0.2870,-0.5995,0.2330,0.4400,0.0667,1,0.0000
1447,-0.2879,-0.5995,0.1673,0.4923,0.0657,1,0.0000
1448,-0.2875,-0.5995,0.1006,0.5475,0.0667,1,0.0000
1449,-0.2885,-0.5995,0.0349,0.6049,0.0657,1,0.0000
1450,-0.2881,-0.5995,-0.0318,0.6641,0.0667,1,0.0000
1451,-0.2891,-0.5995,-0.0976,0.7243,0.0658,1,0.0000
1452,-0.2886,-0.5995,-0.1643,0.7858,0.0667,1,0.0000
1453,-0.2896,-0.5995,-0.2300,0.8476,0.0658,1,0.0000
1454,-0.2891,-0.5995,-0.2967,0.9104,0.0667,1,0.0000
1455,-0.2901,-0.5996,-0.3625,0.9733,0.0658,1,0.0000
1456,-0.2896,-0.5996,-0.4292,1.0370,0.0667,1,0.0000
1457,-0.2906,-0.5996,-0.4949,1.1006,0.0658,1,0.0000
1458,-0.2901,-0.5996,-0.5616,1.1649,0.0667,1,0.0000
1459,-0.2911,-0.5996,-0.6274,1.2290,0.0658,1,0.0000
1460,-0.2905,-0.5996,-0.6941,1.2937,0.0667,1,0.0000
1461,-0.2900,-0.5995,-0.7599,1.3579,0.0658,1,0.0000
1462,-0.2900,-0.5995,-0.8266,1.4231,0.0667,1,0.0000
1463,-0.2864,-0.5991,-0.8925,1.4869,0.0659,1,0.0000
1464,-0.2865,-0.5991,-0.9592,1.5524,0.0667,1,0.0000
1465,-0.2844,-0.5989,-1.0248,1.6166,0.0657,1,0.0000
1466,-0.2845,-0.5989,-1.0915,1.6823,0.0667,1,0.0000
1467,-0.2832,-0.5989,-1.1570,1.7467,0.0656,1,0.0000
1468,-0.2832,-0.5989,-1.2237,1.8126,0.0667,1,0.0000
1469,-0.2824,-0.5989,-1.2892,1.8772,0.0655,1,0.0000
1470,-0.2825,-0.5989,-1.3559,1.9431,0.0667,1,0.0000
1471,-0.2820,-0.5990,-1.4213,2.0078,0.0655,1,0.0000
1472,-0.2820,-0.5990,-1.4880,2.0739,0.0667,1,0.0000
1473,-0.2817,-0.5991,-1.5535,2.1387,0.0654,1,0.0000
1474,-0.2818,-0.5991,-1.6202,2.2048,0.0667,1,0.0000
1475,-0.2816,-0.5992,-1.6856,2.2697,0.0654,1,0.0000
1476,-0.2816,-0.5992,-1.7523,2.3359,0.0667,1,0.0000
1477,-0.2816,-0.5993,-1.8177,2.4008,0.0654,1,0.0000
1478,-0.2816,-0.5993,-1.8844,2.4671,0.0667,1,0.0000
1479,-0.2816,-0.5995,-1.9498,2.5321,0.0654,1,0.0000
1480,-0.2816,-0.5995,-2.0165,2.5984,0.0667,1,0.0000
1481,-0.2817,-0.5996,-2.0819,2.6634,0.0654,1,0.0000
1482,-0.2817,-0.5996,-2.1486,2.7297,0.0667,1,0.0000
1483,-0.2818,-0.5997,-2.2140,2.7948,0.0654,1,0.0000
1484,-0.2818,-0.5997,-2.2807,2.8612,0.0667,1,0.0000
1485,-0.2818,-0.5997,-2.3461,2.9263,0.0654,1,0.0000
1486,-0.2819,-0.5997,-2.4128,2.9927,0.0667,1,0.0000
1487,-0.2819,-0.5998,-2.4782,3.0578,0.0654,1,0.0000
1488,-0.2820,-0.5998,-2.5449,3.1243,0.0667,1,0.0000
1489,-0.2820,-0.5998,-2.4770,3.0566,0.0679,1,0.0000
1490,-0.2820,-0.5998,-2.4104,2.9903,0.0666,1,0.0000
1491,-0.2820,-0.5998,-2.3425,2.9227,0.0679,1,0.0000
1492,-0.2820,-0.5998,-2.2758,2.8564,0.0666,1,0.0000
1493,-0.2821,-0.5998,-2.2079,2.7888,0.0679,1,0.0000
1494,-0.2821,-0.5998,-2.1413,2.7225,0.0666,1,0.0000
1495,-0.2821,-0.5998,-2.0734,2.6550,0.0679,1,0.0000
1496,-0.2821,-0.5998,-2.0068,2.5888,0.0666,1,0.0000
1497,-0.2821,-0.5997,-1.9389,2.5213,0.0679,1,0.0000
1498,-0.2821,-0.5997,-1.8722,2.4551,0.0666,1,0.0000
1499,-0.2822,-0.5997,-1.8044,2.3877,0.0679,1,0.0000
1500,-0.2821,-0.5997,-1.7377,2.3215,0.0666,1,0.0000
1501,-0.2822,-0.5997,-1.6698,2.2542,0.0679,1,0.0000
1502,-0.2822,-0.5997,-1.6032,2.1881,0.0666,1,0.0000
1503,-0.2822,-0.5996,-1.5353,2.1208,0.0679,1,0.0000
1504,-0.2822,-0.5996,-1.4687,2.0547,0.0666,1,0.0000
1505,-0.2822,-0.5996,-1.4008,1.9875,0.0679,1,0.0000
1506,-0.2822,-0.5996,-1.3342,1.9216,0.0666,1,0.0000
1507,-0.2823,-0.5996,-1.2663,1.8545,0.0679,1,0.0000
1508,-0.2822,-0.5996,-1.1997,1.7887,0.0666,1,0.0000
1509,-0.2823,-0.5996,-1.1318,1.7217,0.0679,1,0.0000
1510,-0.2823,-0.5996,-1.0652,1.6560,0.0666,1,0.0000
1511,-0.2823,-0.5996,-0.9973,1.5892,0.0679,1,0.0000
1512,-0.2823,-0.5996,-0.9307,1.5236,0.0666,1,0.0000
1513,-0.2824,-0.5996,-0.8628,1.4570,0.0679,1,0.0000
1514,-0.2823,-0.5996,-0.7962,1.3917,0.0666,1,0.0000
1515,-0.2824,-0.5996,-0.7283,1.3253,0.0679,1,0.0000
1516,-0.2824,-0.5996,-0.6617,1.2603,0.0666,1,0.0000
1517,-0.2824,-0.5996,-0.5938,1.1943,0.0679,1,0.0000
1518,-0.2824,-0.5996,-0.5272,1.1296,0.0666,1,0.0000
1519,-0.2825,-0.5996,-0.4593,1.0641,0.0678,1,0.0000
1520,-0.2825,-0.5996,-0.3927,1.0000,0.0666,1,0.0000
1521,-0.2825,-0.5996,-0.3248,0.9351,0.0678,1,0.0000
1522,-0.2825,-0.5996,-0.2582,0.8718,0.0666,1,0.0000
1523,-0.2826,-0.5996,-0.1904,0.8080,0.0678,1,0.0000
1524,-0.2826,-0.5996,-0.1237,0.7459,0.0666,1,0.0000
1525,-0.2826,-0.5996,-0.0559,0.6836,0.0678,1,0.0000
1526,-0.2826,-0.5996,0.0107,0.6236,0.0666,1,0.0000
1527,-0.2827,-0.5996,0.0786,0.5640,0.0678,1,0.0000
1528,-0.2827,-0.5996,0.1452,0.5074,0.0666,1,0.0000
1529,-0.2827,-0.5997,0.2130,0.4527,0.0678,1,0.0000
1530,-0.2827,-0.5997,0.2797,0.4028,0.0666,1,0.0000
1531,-0.2817,-0.5995,0.3472,0.3571,0.0675,1,0.0000
1532,-0.2817,-0.5995,0.4138,0.3205,0.0666,1,0.0000
1533,-0.2808,-0.5994,0.4814,0.2934,0.0675,1,0.0000
1534,-0.2808,-0.5994,0.5480,0.2814,0.0666,1,0.0000
1535,-0.2801,-0.5994,0.6156,0.2843,0.0676,1,0.0000
1536,-0.2802,-0.5994,0.6823,0.3031,0.0666,1,0.0000
1537,-0.2796,-0.5994,0.7499,0.3343,0.0677,1,0.0000
1538,-0.2797,-0.5994,0.8165,0.3751,0.0666,1,0.0000
1539,-0.2791,-0.5994,0.8842,0.4228,0.0677,1,0.0000
1540,-0.2792,-0.5994,0.9509,0.4750,0.0666,1,0.0000
1541,-0.2786,-0.5994,1.0186,0.5310,0.0677,1,0.0000
1542,-0.2788,-0.5994,1.0852,0.5888,0.0666,1,0.0000
1543,-0.2782,-0.5995,1.1529,0.6490,0.0677,1,0.0000
1544,-0.2784,-0.5995,1.2196,0.7098,0.0666,1,0.0000
1545,-0.2778,-0.5995,1.2873,0.7724,0.0677,1,0.0000
1546,-0.2779,-0.5995,1.3539,0.8349,0.0666,1,0.0000
1547,-0.2774,-0.5996,1.4216,0.8989,0.0677,1,0.0000
1548,-0.2775,-0.5996,1.4883,0.9625,0.0666,1,0.0000
1549,-0.2770,-0.5996,1.5560,1.0274,0.0677,1,0.0000
1550,-0.2771,-0.5996,1.6226,1.0918,0.0666,1,0.0000
1551,-0.2765,-0.5997,1.6903,1.1573,0.0677,1,0.0000
1552,-0.2767,-0.5997,1.7570,1.2221,0.0666,1,0.0000
1553,-0.2761,-0.5997,1.8247,1.2880,0.0677,1,0.0000
1554,-0.2762,-0.5997,1.8913,1.3532,0.0666,1,0.0000
1555,-0.2757,-0.5997,1.9590,1.4195,0.0677,1,0.0000
1556,-0.2758,-0.5997,2.0257,1.4849,0.0666,1,0.0000
1557,-0.2752,-0.5997,2.0934,1.5514,0.0677,1,0.0000
1558,-0.2754,-0.5997,2.1600,1.6170,0.0666,1,0.0000
1559,-0.2748,-0.5997,2.2277,1.6837,0.0677,1,0.0000
1560,-0.2749,-0.5997,2.2943,1.7495,0.0666,1,0.0000
1561,-0.2744,-0.5997,2.3621,1.8163,0.0677,1,0.0000
1562,-0.2745,-0.5997,2.4287,1.8822,0.0666,1,0.0000
1563,-0.2739,-0.5997,2.4964,1.9491,0.0677,1,0.0000
1564,-0.2740,-0.5997,2.5630,2.0152,0.0666,1,0.0000
1565,-0.2732,-0.5997,2.4974,1.9500,0.0656,1,0.0000
1566,-0.2731,-0.5997,2.4307,1.8840,0.0667,1,0.0000
1567,-0.2724,-0.5997,2.3651,1.8190,0.0656,1,0.0000
1568,-0.2723,-0.5997,2.2984,1.7531,0.0667,1,0.0000
1569,-0.2715,-0.5997,2.2327,1.6881,0.0657,1,0.0000
1570,-0.2714,-0.5997,2.1660,1.6223,0.0667,1,0.0000
1571,-0.2706,-0.5997,2.1004,1.5575,0.0657,1,0.0000
1572,-0.2705,-0.5997,2.0337,1.4918,0.0667,1,0.0000
1573,-0.2697,-0.5997,1.9680,1.4272,0.0657,1,0.0000
1574,-0.2696,-0.5997,1.9013,1.3617,0.0667,1,0.0000
1575,-0.2688,-0.5997,1.8357,1.2972,0.0657,1,0.0000
1576,-0.2687,-0.5997,1.7690,1.2321,0.0667,1,0.0000
1577,-0.2679,-0.5997,1.7033,1.1679,0.0657,1,0.0000
1578,-0.2678,-0.5997,1.6366,1.1030,0.0667,1,0.0000
1579,-0.2670,-0.5997,1.5710,1.0392,0.0657,1,0.0000
1580,-0.2669,-0.5997,1.5043,0.9749,0.0667,1,0.0000
1581,-0.2661,-0.5997,1.4386,0.9117,0.0657,1,0.0000
1582,-0.2660,-0.5997,1.3719,0.8481,0.0667,1,0.0000
1583,-0.2651,-0.5997,1.3062,0.7857,0.0657,1,0.0000
1584,-0.2651,-0.5997,1.2395,0.7233,0.0667,1,0.0000
1585,-0.2642,-0.5997,1.1738,0.6622,0.0657,1,0.0000
1586,-0.2641,-0.5997,1.1071,0.6016,0.0667,1,0.0000
1587,-0.2632,-0.5997,1.0414,0.5429,0.0657,1,0.0000
1588,-0.2631,-0.5997,0.9748,0.4856,0.0667,1,0.0000
1589,-0.2623,-0.5997,0.9091,0.4314,0.0657,1,0.0000
1590,-0.2622,-0.5997,0.8424,0.3805,0.0667,1,0.0000
1591,-0.2637,-0.6000,0.7767,0.3372,0.0657,1,0.0000
1592,-0.2637,-0.6000,0.7100,0.3002,0.0667,1,0.0000
1593,-0.2662,-0.6003,0.6443,0.2773,0.0658,1,0.0003
1594,-0.2663,-0.6003,0.5776,0.2665,0.0667,1,0.0003
1595,-0.2688,-0.6004,0.5119,0.2743,0.0658,1,0.0004
1596,-0.2690,-0.6004,0.4452,0.2951,0.0667,1,0.0004
1597,-0.2714,-0.6005,0.3793,0.3297,0.0659,1,0.0005
1598,-0.2716,-0.6005,0.3126,0.3718,0.0667,1,0.0005
1599,-0.2740,-0.6004,0.2468,0.4211,0.0659,1,0.0004
1600,-0.2743,-0.6004,0.1801,0.4739,0.0667,1,0.0004
1601,-0.2766,-0.6003,0.1142,0.5303,0.0659,1,0.0003
1602,-0.2769,-0.6003,0.0475,0.5883,0.0667,1,0.0003
1603,-0.2761,-0.6002,-0.0184,0.6469,0.0659,1,0.0002
1604,-0.2725,-0.6002,-0.0851,0.7064,0.0668,1,0.0002
1605,-0.2710,-0.6001,-0.1511,0.7671,0.0660,1,0.0001
1606,-0.2681,-0.6000,-0.2178,0.8289,0.0668,1,0.0000
1607,-0.2673,-0.5999,-0.2837,0.8913,0.0660,1,0.0000
1608,-0.2651,-0.5999,-0.3504,0.9545,0.0667,1,0.0000
1609,-0.2651,-0.5998,-0.4164,1.0181,0.0660,1,0.0000
1610,-0.2636,-0.5998,-0.4831,1.0822,0.0667,1,0.0000
1611,-0.2642,-0.5998,-0.5490,1.1465,0.0660,1,0.0000
1612,-0.2633,-0.5998,-0.6157,1.2113,0.0667,1,0.0000
1613,-0.2646,-0.5997,-0.6817,1.2760,0.0660,1,0.0000
1614,-0.2641,-0.5997,-0.7484,1.3412,0.0667,1,0.0000
1615,-0.2659,-0.5997,-0.8143,1.4063,0.0660,1,0.0000
1616,-0.2658,-0.5997,-0.8810,1.4718,0.0667,1,0.0000
1617,-0.2679,-0.5997,-0.9470,1.5371,0.0660,1,0.0000
1618,-0.2682,-0.5997,-1.0137,1.6029,0.0667,1,0.0000
1619,-0.2708,-0.5998,-1.0797,1.6684,0.0660,1,0.0000
1620,-0.2711,-0.5997,-1.1464,1.7343,0.0667,1,0.0000
1621,-0.2737,-0.5998,-1.2124,1.7999,0.0660,1,0.0000
1622,-0.2740,-0.5998,-1.2791,1.8659,0.0667,1,0.0000
1623,-0.2768,-0.5998,-1.3451,1.9316,0.0660,1,0.0000
1624,-0.2771,-0.5998,-1.4118,1.9977,0.0667,1,0.0000
1625,-0.2800,-0.5999,-1.4778,2.0634,0.0661,1,0.0000
1626,-0.2803,-0.5999,-1.5445,2.1296,0.0667,1,0.0000
1627,-0.2868,-0.6003,-1.6110,2.1964,0.0669,1,0.0003
1628,-0.2871,-0.6003,-1.6777,2.2626,0.0667,1,0.0003
1629,-0.3027,-0.6015,-1.7457,2.3320,0.0697,1,0.0015
1630,-0.3033,-0.6015,-1.8125,2.3983,0.0667,1,0.0015
1631,-0.3158,-0.6022,-1.8802,2.4671,0.0689,1,0.0022
1632,-0.3165,-0.6021,-1.9470,2.5334,0.0668,1,0.0021
1633,-0.3269,-0.6025,-2.0146,2.6018,0.0684,1,0.0025
1634,-0.3277,-0.6024,-2.0814,2.6682,0.0668,1,0.0024
1635,-0.3368,-0.6026,-2.1490,2.7363,0.0682,1,0.0026
1636,-0.3376,-0.6025,-2.2158,2.8028,0.0668,1,0.0025
1637,-0.3458,-0.6027,-2.2833,2.8708,0.0680,1,0.0027
1638,-0.3467,-0.6026,-2.3502,2.9373,0.0669,1,0.0026
1639,-0.3543,-0.6028,-2.4177,3.0052,0.0679,1,0.0028
1640,-0.3551,-0.6026,-2.4845,3.0717,0.0669,1,0.0026
1641,-0.3624,-0.6028,-2.5520,3.1396,0.0679,1,0.0028
1642,-0.3614,-0.6026,-2.4856,3.0735,0.0664,1,0.0026
1643,-0.3666,-0.6027,-2.4197,3.0087,0.0661,1,0.0027
1644,-0.3656,-0.6024,-2.3533,2.9427,0.0665,1,0.0024
1645,-0.3706,-0.6025,-2.2874,2.8779,0.0661,1,0.0025
1646,-0.3696,-0.6021,-2.2209,2.8119,0.0665,1,0.0021
1647,-0.3746,-0.6022,-2.1550,2.7472,0.0661,1,0.0022
1648,-0.3736,-0.6019,-2.0885,2.6813,0.0665,1,0.0019
1649,-0.3785,-0.6020,-2.0226,2.6167,0.0662,1,0.0020
1650,-0.3775,-0.6016,-1.9561,2.5508,0.0665,1,0.0016
1651,-0.3825,-0.6018,-1.8901,2.4863,0.0662,1,0.0018
1652,-0.3815,-0.6014,-1.8236,2.4204,0.0665,1,0.0014
1653,-0.3865,-0.6015,-1.7575,2.3561,0.0662,1,0.0015
1654,-0.3855,-0.6012,-1.6911,2.2903,0.0665,1,0.0012
1655,-0.3906,-0.6013,-1.6250,2.2261,0.0663,1,0.0013
1656,-0.3896,-0.6010,-1.5585,2.1605,0.0665,1,0.0010
1657,-0.3947,-0.6011,-1.4924,2.0965,0.0663,1,0.0011
1658,-0.3937,-0.6008,-1.4259,2.0310,0.0665,1,0.0008
1659,-0.3988,-0.6009,-1.3598,1.9672,0.0663,1,0.0009
1660,-0.3979,-0.6006,-1.2932,1.9019,0.0665,1,0.0006
1661,-0.4030,-0.6008,-1.2271,1.8384,0.0663,1,0.0008
1662,-0.3771,-0.5988,-1.2055,1.8118,0.0338,1,0.0000
1663,-0.3517,-0.5987,-1.1846,1.7862,0.0329,1,0.0000
1664,-0.3182,-0.5984,-1.1556,1.7513,0.0444,1,0.0000
1665,-0.2909,-0.5987,-1.1177,1.7092,0.0467,1,0.0000
1666,-0.2610,-0.5987,-1.0688,1.6561,0.0573,1,0.0000
1667,-0.2514,-0.6008,-1.0082,1.5948,0.0614,1,0.0008
1668,-0.2380,-0.5998,-0.9443,1.5295,0.0653,1,0.0000
1669,-0.2434,-0.6007,-0.8782,1.4651,0.0663,1,0.0007
1670,-0.2424,-0.6005,-0.8116,1.3993,0.0666,1,0.0005
1671,-0.2464,-0.6006,-0.7455,1.3351,0.0662,1,0.0006
1672,-0.2424,-0.6004,-0.6790,1.2689,0.0667,1,0.0004
1673,-0.2450,-0.6006,-0.6130,1.2047,0.0661,1,0.0006
1674,-0.2406,-0.6003,-0.5464,1.1387,0.0667,1,0.0003
1675,-0.2429,-0.6005,-0.4805,1.0748,0.0660,1,0.0005
1676,-0.2382,-0.6003,-0.4139,1.0090,0.0667,1,0.0003
1677,-0.2402,-0.6004,-0.3480,0.9456,0.0660,1,0.0004
1678,-0.2351,-0.6002,-0.2814,0.8800,0.0668,1,0.0002
1679,-0.2331,-0.6000,-0.2147,0.8153,0.0667,1,0.0000
1680,-0.2300,-0.5998,-0.1481,0.7508,0.0667,1,0.0000
1681,-0.2297,-0.5996,-0.0811,0.6872,0.0670,1,0.0000
1682,-0.2284,-0.5995,-0.0144,0.6243,0.0667,1,0.0000
1683,-0.2305,-0.5994,0.0526,0.5633,0.0670,1,0.0000
1684,-0.2297,-0.5993,0.1192,0.5029,0.0666,1,0.0000
1685,-0.2326,-0.5993,0.1863,0.4458,0.0671,1,0.0000
1686,-0.2319,-0.5992,0.2529,0.3901,0.0667,1,0.0000
1687,-0.2350,-0.5993,0.3200,0.3406,0.0671,1,0.0000
1688,-0.2343,-0.5992,0.3866,0.2955,0.0667,1,0.0000
1689,-0.2374,-0.5993,0.4537,0.2629,0.0671,1,0.0000
1690,-0.2368,-0.5992,0.5204,0.2412,0.0667,1,0.0000
1691,-0.2399,-0.5993,0.5874,0.2408,0.0672,1,0.0000
1692,-0.2393,-0.5992,0.6541,0.2548,0.0667,1,0.0000
1693,-0.2423,-0.5993,0.7212,0.2875,0.0672,1,0.0000
1694,-0.2418,-0.5993,0.7879,0.3278,0.0667,1,0.0000
1695,-0.2448,-0.5994,0.8550,0.3783,0.0672,1,0.0000
1696,-0.2442,-0.5993,0.9217,0.4310,0.0667,1,0.0000
1697,-0.2472,-0.5994,0.9888,0.4893,0.0672,1,0.0000
1698,-0.2467,-0.5994,1.0555,0.5476,0.0667,1,0.0000
1699,-0.2496,-0.5995,1.1227,0.6095,0.0672,1,0.0000
1700,-0.2491,-0.5994,1.1893,0.6707,0.0667,1,0.0000
1701,-0.2520,-0.5995,1.2565,0.7345,0.0672,1,0.0000
1702,-0.2515,-0.5995,1.3232,0.7973,0.0667,1,0.0000
1703,-0.2544,-0.5996,1.3904,0.8622,0.0672,1,0.0000
1704,-0.2539,-0.5995,1.4571,0.9260,0.0667,1,0.0000
1705,-0.2567,-0.5996,1.5243,0.9915,0.0673,1,0.0000
1706,-0.2562,-0.5995,1.5909,1.0559,0.0667,1,0.0000
1707,-0.2591,-0.5996,1.6581,1.1219,0.0673,1,0.0000
1708,-0.2586,-0.5995,1.7248,1.1868,0.0667,1,0.0000
1709,-0.2614,-0.5996,1.7920,1.2530,0.0673,1,0.0000
1710,-0.2609,-0.5995,1.8587,1.3182,0.0667,1,0.0000
1711,-0.2636,-0.5995,1.9260,1.3847,0.0673,1,0.0000
1712,-0.2631,-0.5995,1.9926,1.4501,0.0667,1,0.0000
1713,-0.2659,-0.5995,2.0599,1.5168,0.0673,1,0.0000
1714,-0.2654,-0.5994,2.1266,1.5824,0.0667,1,0.0000
1715,-0.2664,-0.5974,2.1900,1.6451,0.0634,1,0.0000
1716,-0.2659,-0.5967,2.2567,1.7109,0.0667,1,0.0000
1717,-0.2664,-0.5936,2.3166,1.7702,0.0600,1,0.0000
1718,-0.2660,-0.5921,2.3834,1.8362,0.0668,1,0.0000
1719,-0.2701,-0.5927,2.4497,1.9024,0.0665,1,0.0000
1720,-0.2697,-0.5913,2.5166,1.9686,0.0669,1,0.0000
1721,-0.2745,-0.5926,2.4502,1.9035,0.0666,1,0.0000
1722,-0.2750,-0.5917,2.3838,1.8379,0.0664,1,0.0000
1723,-0.2791,-0.5927,2.3176,1.7732,0.0663,1,0.0000
1724,-0.2795,-0.5917,2.2514,1.7079,0.0662,1,0.0000
1725,-0.2833,-0.5924,2.1854,1.6434,0.0661,1,0.0000
1726,-0.2837,-0.5914,2.1193,1.5785,0.0661,1,0.0000
1727,-0.2872,-0.5916,2.0535,1.5144,0.0659,1,0.0000
1728,-0.2876,-0.5905,1.9876,1.4499,0.0659,1,0.0000
1729,-0.2908,-0.5903,1.9221,1.3864,0.0657,1,0.0000
1730,-0.2912,-0.5892,1.8564,1.3223,0.0657,1,0.0000
1731,-0.2943,-0.5885,1.7910,1.2594,0.0654,1,0.0000
1732,-0.2947,-0.5873,1.7256,1.1959,0.0655,1,0.0000
1733,-0.2977,-0.5862,1.6604,1.1337,0.0652,1,0.0000
1734,-0.2751,-0.5848,1.6031,1.0725,0.0617,1,0.0000
1735,-0.2701,-0.5834,1.5383,1.0087,0.0650,1,0.0000
1736,-0.2703,-0.5821,1.4733,0.9463,0.0650,1,0.0000
1737,-0.2680,-0.5829,1.4077,0.8829,0.0657,1,0.0000
1738,-0.2651,-0.5818,1.3429,0.8205,0.0648,1,0.0000
1739,-0.2645,-0.5809,1.2777,0.7589,0.0653,1,0.0000
1740,-0.2627,-0.5799,1.2132,0.6982,0.0645,1,0.0000
1741,-0.2634,-0.5809,1.1487,0.6392,0.0645,1,0.0000
1742,-0.2608,-0.5799,1.0844,0.5801,0.0643,1,0.0000
1743,-0.2607,-0.5848,1.0203,0.5235,0.0643,1,0.0000
1744,-0.2580,-0.5843,0.9562,0.4676,0.0641,1,0.0000
1745,-0.2577,-0.5887,0.8922,0.4154,0.0642,1,0.0000
1746,-0.2550,-0.5884,0.8282,0.3655,0.0640,1,0.0000
1747,-0.2546,-0.5921,0.7643,0.3224,0.0641,1,0.0000
1748,-0.2519,-0.5921,0.7003,0.2853,0.0640,1,0.0000
1749,-0.2516,-0.5949,0.6363,0.2611,0.0640,1,0.0000
1750,-0.2489,-0.5951,0.5723,0.2490,0.0640,1,0.0000
1751,-0.2487,-0.5971,0.5083,0.2554,0.0641,1,0.0000
1752,-0.2460,-0.5974,0.4442,0.2748,0.0641,1,0.0000
1753,-0.2459,-0.5987,0.3801,0.3086,0.0641,1,0.0000
1754,-0.2434,-0.5989,0.3160,0.3494,0.0642,1,0.0000
1755,-0.2435,-0.5996,0.2518,0.3980,0.0642,1,0.0000
1756,-0.2411,-0.5999,0.1876,0.4492,0.0642,1,0.0000
1757,-0.2412,-0.6001,0.1233,0.5047,0.0643,1,0.0001
1758,-0.2389,-0.6003,0.0590,0.5610,0.0643,1,0.0003
1759,-0.2393,-0.6002,-0.0053,0.6200,0.0644,1,0.0002
1760,-0.2370,-0.6003,-0.0697,0.6790,0.0644,1,0.0003
1761,-0.2375,-0.5999,-0.1341,0.7398,0.0644,1,0.0000
1762,-0.2353,-0.6000,-0.1984,0.8004,0.0644,1,0.0000
1763,-0.2305,-0.5980,-0.2633,0.8613,0.0651,1,0.0000
1764,-0.2306,-0.5982,-0.3277,0.9236,0.0644,1,0.0000
1765,-0.2279,-0.5945,-0.3926,0.9859,0.0650,1,0.0000
1766,-0.2279,-0.5949,-0.4570,1.0487,0.0645,1,0.0000
1767,-0.2267,-0.5911,-0.5219,1.1119,0.0650,1,0.0000
1768,-0.2267,-0.5917,-0.5865,1.1752,0.0646,1,0.0000
1769,-0.2255,-0.5880,-0.6515,1.2388,0.0651,1,0.0000
1770,-0.2254,-0.5889,-0.7162,1.3025,0.0647,1,0.0000
1771,-0.2251,-0.5853,-0.7815,1.3668,0.0654,1,0.0000
1772,-0.2250,-0.5864,-0.8464,1.4309,0.0649,1,0.0000
1773,-0.2250,-0.5830,-0.9120,1.4957,0.0656,1,0.0000
1774,-0.2250,-0.5842,-0.9772,1.5601,0.0652,1,0.0000
1775,-0.2249,-0.5810,-1.0430,1.6253,0.0659,1,0.0000
1776,-0.2249,-0.5824,-1.1084,1.6901,0.0655,1,0.0000
1777,-0.2248,-0.5791,-1.1744,1.7556,0.0661,1,0.0000
1778,-0.2248,-0.5807,-1.2402,1.8208,0.0658,1,0.0000
1779,-0.2248,-0.5775,-1.3064,1.8866,0.0663,1,0.0000
1780,-0.2247,-0.5793,-1.3725,1.9522,0.0661,1,0.0000
1781,-0.2225,-0.5790,-1.4385,2.0175,0.0660,1,0.0000
1782,-0.2225,-0.5808,-1.5048,2.0834,0.0664,1,0.0000
1783,-0.2202,-0.5842,-1.5708,2.1488,0.0661,1,0.0000
1784,-0.2201,-0.5858,-1.6374,2.2150,0.0666,1,0.0000
1785,-0.2183,-0.5899,-1.7035,2.2806,0.0662,1,0.0000
1786,-0.2183,-0.5913,-1.7702,2.3470,0.0667,1,0.0000
1787,-0.2169,-0.5954,-1.8362,2.4125,0.0661,1,0.0000
1788,-0.2168,-0.5965,-1.9030,2.4790,0.0668,1,0.0000
1789,-0.2155,-0.5969,-1.9687,2.5445,0.0658,1,0.0000
1790,-0.2154,-0.5977,-2.0356,2.6111,0.0669,1,0.0000
1791,-0.2143,-0.5934,-2.1017,2.6768,0.0662,1,0.0000
1792,-0.2143,-0.5942,-2.1686,2.7435,0.0669,1,0.0000
1793,-0.2131,-0.5891,-2.2351,2.8098,0.0668,1,0.0000
1794,-0.2131,-0.5900,-2.3021,2.8766,0.0669,1,0.0000
1795,-0.2119,-0.5851,-2.3687,2.9430,0.0668,1,0.0000
1796,-0.2119,-0.5859,-2.4357,3.0098,0.0670,1,0.0000
1797,-0.2108,-0.5817,-2.5023,3.0761,0.0667,1,0.0000
1798,-0.2112,-0.5832,-2.4365,3.0105,0.0658,1,0.0000
1799,-0.2112,-0.5806,-2.3702,2.9445,0.0663,1,0.0000
1800,-0.2115,-0.5821,-2.3046,2.8791,0.0656,1,0.0000
1801,-0.2115,-0.5803,-2.2386,2.8132,0.0661,1,0.0000
1802,-0.2118,-0.5817,-2.1732,2.7480,0.0654,1,0.0000
1803,-0.2111,-0.5812,-2.1070,2.6820,0.0662,1,0.0000
1804,-0.2114,-0.5827,-2.0418,2.6170,0.0652,1,0.0000
1805,-0.2106,-0.5835,-1.9758,2.5511,0.0660,1,0.0000
1806,-0.2109,-0.5849,-1.9108,2.4864,0.0650,1,0.0000
1807,-0.2101,-0.5866,-1.8449,2.4207,0.0659,1,0.0000
1808,-0.2103,-0.5880,-1.7802,2.3562,0.0647,1,0.0000
1809,-0.2095,-0.5903,-1.7144,2.2906,0.0659,1,0.0000
1810,-0.2097,-0.5918,-1.6499,2.2264,0.0645,1,0.0000
1811,-0.2089,-0.5946,-1.5843,2.1610,0.0656,1,0.0000
1812,-0.2092,-0.5961,-1.5201,2.0972,0.0642,1,0.0000
1813,-0.2084,-0.5983,-1.4544,2.0317,0.0658,1,0.0000
1814,-0.2086,-0.5994,-1.3904,1.9681,0.0640,1,0.0000
1815,-0.2078,-0.6007,-1.3249,1.9028,0.0656,1,0.0007
1816,-0.2080,-0.6014,-1.2611,1.8395,0.0638,1,0.0014
1817,-0.2073,-0.6017,-1.1957,1.7744,0.0654,1,0.0017
1818,-0.2074,-0.6020,-1.1320,1.7112,0.0637,1,0.0020
1819,-0.2067,-0.6015,-1.0666,1.6462,0.0654,1,0.0015
1820,-0.2069,-0.6014,-1.0030,1.5831,0.0636,1,0.0014
1821,-0.2062,-0.6003,-0.9376,1.5183,0.0654,1,0.0003
1822,-0.2063,-0.6000,-0.8739,1.4552,0.0637,1,0.0000
1823,-0.2057,-0.5988,-0.8085,1.3904,0.0654,1,0.0000
1824,-0.2058,-0.5983,-0.7448,1.3274,0.0638,1,0.0000
1825,-0.2052,-0.5972,-0.6793,1.2627,0.0655,1,0.0000
1826,-0.2053,-0.5967,-0.6154,1.1997,0.0639,1,0.0000
1827,-0.2047,-0.5958,-0.5498,1.1351,0.0656,1,0.0000
1828,-0.2049,-0.5954,-0.4859,1.0722,0.0640,1,0.0000
1829,-0.2042,-0.5949,-0.4202,1.0077,0.0657,1,0.0000
1830,-0.2044,-0.5945,-0.3562,0.9451,0.0640,1,0.0000
1831,-0.2040,-0.5994,-0.2956,0.8860,0.0608,1,0.0000
1832,-0.2042,-0.5984,-0.2314,0.8237,0.0642,1,0.0000
1833,-0.2037,-0.6038,-0.1716,0.7657,0.0601,1,0.0038
1834,-0.2039,-0.6022,-0.1072,0.7039,0.0644,1,0.0022
1835,-0.2031,-0.6053,-0.0435,0.6431,0.0637,1,0.0053
1836,-0.2032,-0.6033,0.0212,0.5820,0.0648,1,0.0033
1837,-0.2023,-0.6039,0.0873,0.5202,0.0662,1,0.0039
1838,-0.2023,-0.6019,0.1524,0.4610,0.0651,1,0.0019
1839,-0.2015,-0.6022,0.2189,0.4019,0.0665,1,0.0022
1840,-0.2015,-0.6003,0.2842,0.3469,0.0654,1,0.0003
1841,-0.2008,-0.6001,0.3510,0.2946,0.0668,1,0.0001
1842,-0.2008,-0.5982,0.4166,0.2506,0.0656,1,0.0000
1843,-0.2001,-0.5975,0.4836,0.2166,0.0670,1,0.0000
1844,-0.2002,-0.5956,0.5495,0.2009,0.0659,1,0.0000
1845,-0.1995,-0.5943,0.6167,0.2058,0.0673,1,0.0000
1846,-0.1996,-0.5924,0.6828,0.2310,0.0661,1,0.0000
1847,-0.1990,-0.5907,0.7502,0.2709,0.0674,1,0.0000
1848,-0.1991,-0.5887,0.8164,0.3196,0.0663,1,0.0000
1849,-0.1985,-0.5865,0.8840,0.3745,0.0676,1,0.0000
1850,-0.1986,-0.5845,0.9504,0.4324,0.0664,1,0.0000
1851,-0.1980,-0.5819,1.0181,0.4933,0.0678,1,0.0000
1852,-0.1981,-0.5798,1.0846,0.5550,0.0666,1,0.0000
1853,-0.1975,-0.5779,1.1524,0.6186,0.0678,1,0.0000
1854,-0.1976,-0.5758,1.2190,0.6821,0.0667,1,0.0000
1855,-0.1972,-0.5809,1.2868,0.7469,0.0679,1,0.0000
1856,-0.1973,-0.5796,1.3535,0.8115,0.0668,1,0.0000
1857,-0.1968,-0.5863,1.4213,0.8772,0.0681,1,0.0000
1858,-0.1970,-0.5857,1.4881,0.9424,0.0668,1,0.0000
1859,-0.1964,-0.5920,1.5558,1.0086,0.0681,1,0.0000
1860,-0.1965,-0.5920,1.6226,1.0742,0.0668,1,0.0000
1861,-0.1960,-0.5972,1.6904,1.1407,0.0679,1,0.0000
1862,-0.1961,-0.5976,1.7572,1.2066,0.0668,1,0.0000
1863,-0.1955,-0.6015,1.8249,1.2734,0.0678,1,0.0015
1864,-0.1956,-0.6021,1.8916,1.3394,0.0668,1,0.0021
1865,-0.1950,-0.6047,1.9593,1.4063,0.0677,1,0.0047
1866,-0.1951,-0.6053,2.0260,1.4724,0.0667,1,0.0053
1867,-0.1942,-0.6067,2.0936,1.5394,0.0676,1,0.0067
1868,-0.1942,-0.6074,2.1603,1.6056,0.0667,1,0.0074
1869,-0.1938,-0.6076,2.2279,1.6726,0.0675,1,0.0076
1870,-0.1937,-0.6082,2.2945,1.7388,0.0667,1,0.0082
1871,-0.1939,-0.6076,2.3620,1.8059,0.0674,1,0.0076
1872,-0.1937,-0.6080,2.4287,1.8722,0.0667,1,0.0080
1873,-0.1945,-0.6068,2.4961,1.9393,0.0674,1,0.0068
1874,-0.1942,-0.6071,2.5627,2.0056,0.0667,1,0.0071
1875,-0.1959,-0.6055,2.4967,1.9401,0.0660,1,0.0055
1876,-0.1961,-0.6056,2.4301,1.8738,0.0667,1,0.0056
1877,-0.1982,-0.6040,2.3641,1.8084,0.0661,1,0.0040
1878,-0.1984,-0.6040,2.2974,1.7421,0.0667,1,0.0040
1879,-0.2007,-0.6025,2.2314,1.6768,0.0661,1,0.0025
1880,-0.2010,-0.6025,2.1647,1.6107,0.0667,1,0.0025
1881,-0.2034,-0.6012,2.0987,1.5455,0.0661,1,0.0012
1882,-0.2037,-0.6012,2.0320,1.4795,0.0667,1,0.0012
1883,-0.2062,-0.6002,1.9659,1.4145,0.0661,1,0.0002
1884,-0.2064,-0.6001,1.8993,1.3486,0.0667,1,0.0001
1885,-0.2090,-0.5993,1.8332,1.2838,0.0661,1,0.0000
1886,-0.2092,-0.5993,1.7665,1.2180,0.0667,1,0.0000
1887,-0.2119,-0.5988,1.7005,1.1535,0.0661,1,0.0000
1888,-0.2121,-0.5987,1.6338,1.0881,0.0667,1,0.0000
1889,-0.2148,-0.5984,1.5678,1.0240,0.0661,1,0.0000
1890,-0.2151,-0.5983,1.5011,0.9589,0.0667,1,0.0000
1891,-0.2178,-0.5983,1.4350,0.8953,0.0661,1,0.0000
1892,-0.2181,-0.5982,1.3683,0.8309,0.0667,1,0.0000
1893,-0.2209,-0.5983,1.3023,0.7681,0.0661,1,0.0000
1894,-0.2212,-0.5982,1.2356,0.7046,0.0667,1,0.0000
1895,-0.2241,-0.5984,1.1695,0.6432,0.0661,1,0.0000
1896,-0.2244,-0.5984,1.1028,0.5813,0.0667,1,0.0000
1897,-0.2274,-0.5986,1.0367,0.5223,0.0662,1,0.0000
1898,-0.2277,-0.5986,0.9701,0.4633,0.0667,1,0.0000
1899,-0.2325,-0.5991,0.9034,0.4093,0.0668,1,0.0000
1900,-0.2329,-0.5990,0.8368,0.3567,0.0667,1,0.0000
1901,-0.2386,-0.5995,0.7700,0.3136,0.0670,1,0.0000
1902,-0.2391,-0.5994,0.7034,0.2755,0.0666,1,0.0000
1903,-0.2450,-0.5998,0.6366,0.2548,0.0670,1,0.0000
1904,-0.2456,-0.5997,0.5700,0.2456,0.0666,1,0.0000
1905,-0.2516,-0.6000,0.5033,0.2595,0.0670,1,0.0000
1906,-0.2466,-0.5999,0.4366,0.2788,0.0669,1,0.0000
1907,-0.2467,-0.6001,0.3698,0.3156,0.0668,1,0.0001
1908,-0.2412,-0.6000,0.3031,0.3573,0.0669,1,0.0000
1909,-0.2414,-0.6002,0.2363,0.4091,0.0668,1,0.0002
1910,-0.2361,-0.6001,0.1695,0.4619,0.0669,1,0.0001
1911,-0.2365,-0.6002,0.1027,0.5207,0.0668,1,0.0002
1912,-0.2315,-0.6001,0.0360,0.5789,0.0669,1,0.0001
1913,-0.2323,-0.6003,-0.0309,0.6410,0.0669,1,0.0003
1914,-0.2277,-0.6001,-0.0976,0.7021,0.0669,1,0.0001
1915,-0.2290,-0.6003,-0.1645,0.7661,0.0669,1,0.0003
1916,-0.2249,-0.6001,-0.2312,0.8289,0.0669,1,0.0001
1917,-0.2268,-0.6003,-0.2981,0.8939,0.0669,1,0.0003
1918,-0.2231,-0.6001,-0.3648,0.9578,0.0668,1,0.0001
1919,-0.2256,-0.6003,-0.4318,1.0235,0.0670,1,0.0003
1920,-0.2223,-0.6002,-0.4985,1.0880,0.0668,1,0.0002
1921,-0.2252,-0.6004,-0.5655,1.1542,0.0670,1,0.0004
1922,-0.2223,-0.6002,-0.6322,1.2192,0.0668,1,0.0002
1923,-0.2258,-0.6005,-0.6992,1.2858,0.0671,1,0.0005
1924,-0.2229,-0.6003,-0.7660,1.3511,0.0668,1,0.0003
1925,-0.2269,-0.6006,-0.8331,1.4179,0.0672,1,0.0006
1926,-0.2241,-0.6004,-0.8998,1.4835,0.0668,1,0.0004
1927,-0.2289,-0.6007,-0.9671,1.5506,0.0674,1,0.0007
1928,-0.2295,-0.6005,-1.0338,1.6168,0.0667,1,0.0005
1929,-0.2407,-0.6012,-1.1017,1.6855,0.0688,1,0.0012
1930,-0.2415,-0.6009,-1.1685,1.7518,0.0668,1,0.0009
1931,-0.2528,-0.6016,-1.2365,1.8207,0.0690,1,0.0016
1932,-0.2537,-0.6013,-1.3033,1.8870,0.0668,1,0.0013
1933,-0.2642,-0.6019,-1.3712,1.9557,0.0688,1,0.0019
1934,-0.2651,-0.6016,-1.4380,2.0221,0.0668,1,0.0016
1935,-0.2752,-0.6022,-1.5059,2.0907,0.0687,1,0.0022
1936,-0.2761,-0.6019,-1.5728,2.1571,0.0668,1,0.0019
1937,-0.2859,-0.6024,-1.6407,2.2257,0.0686,1,0.0024
1938,-0.2868,-0.6021,-1.7075,2.2921,0.0668,1,0.0021
1939,-0.2964,-0.6026,-1.7755,2.3608,0.0686,1,0.0026
1940,-0.2973,-0.6023,-1.8424,2.4272,0.0669,1,0.0023
1941,-0.3069,-0.6028,-1.9103,2.4958,0.0686,1,0.0028
1942,-0.3078,-0.6025,-1.9772,2.5623,0.0669,1,0.0025
1943,-0.3173,-0.6030,-2.0452,2.6310,0.0686,1,0.0030
1944,-0.3182,-0.6027,-2.1121,2.6975,0.0669,1,0.0027
1945,-0.3277,-0.6032,-2.1801,2.7661,0.0686,1,0.0032
1946,-0.3286,-0.6029,-2.2470,2.8327,0.0669,1,0.0029
1947,-0.3380,-0.6034,-2.3150,2.9013,0.0687,1,0.0034
1948,-0.3389,-0.6031,-2.3819,2.9679,0.0669,1,0.0031
1949,-0.3483,-0.6036,-2.4500,3.0366,0.0687,1,0.0036
1950,-0.3492,-0.6033,-2.5169,3.1032,0.0670,1,0.0033
1951,-0.3565,-0.6035,-2.4516,3.0392,0.0657,1,0.0035
1952,-0.3554,-0.6030,-2.3853,2.9732,0.0664,1,0.0030
1953,-0.3627,-0.6033,-2.3200,2.9093,0.0657,1,0.0033
1954,-0.3615,-0.6028,-2.2536,2.8433,0.0664,1,0.0028
1955,-0.3688,-0.6031,-2.1883,2.7794,0.0657,1,0.0031
1956,-0.3677,-0.6025,-2.1219,2.7135,0.0664,1,0.0025
1957,-0.3749,-0.6028,-2.0565,2.6498,0.0657,1,0.0028
1958,-0.3738,-0.6023,-1.9901,2.5839,0.0664,1,0.0023
1959,-0.3810,-0.6026,-1.9248,2.5204,0.0657,1,0.0026
1960,-0.3799,-0.6021,-1.8584,2.4545,0.0664,1,0.0021
1961,-0.3871,-0.6024,-1.7930,2.3912,0.0657,1,0.0024
1962,-0.3860,-0.6019,-1.7266,2.3254,0.0665,1,0.0019
1963,-0.3932,-0.6021,-1.6612,2.2622,0.0657,1,0.0021
1964,-0.3921,-0.6017,-1.5948,2.1966,0.0665,1,0.0017
1965,-0.3993,-0.6019,-1.5294,2.1337,0.0658,1,0.0019
1966,-0.3981,-0.6015,-1.4629,2.0682,0.0665,1,0.0015
1967,-0.4045,-0.6016,-1.3974,2.0052,0.0658,1,0.0016
1968,-0.4034,-0.6012,-1.3309,1.9399,0.0665,1,0.0012
1969,-0.4077,-0.6011,-1.2650,1.8764,0.0661,1,0.0011
1970,-0.4066,-0.6007,-1.1984,1.8113,0.0665,1,0.0007
1971,-0.3869,-0.6008,-1.1898,1.7985,0.0216,1,0.0008
1972,-0.3590,-0.5981,-1.1753,1.7785,0.0315,1,0.0000
1973,-0.3341,-0.5979,-1.1559,1.7545,0.0316,1,0.0000
1974,-0.3007,-0.5977,-1.1286,1.7216,0.0431,1,0.0000
1975,-0.2733,-0.5979,-1.0926,1.6815,0.0453,1,0.0000
1976,-0.2423,-0.5980,-1.0458,1.6304,0.0561,1,0.0000
1977,-0.2311,-0.6005,-0.9861,1.5698,0.0608,1,0.0005
1978,-0.2161,-0.5992,-0.9229,1.5050,0.0650,1,0.0000
1979,-0.2214,-0.6004,-0.8566,1.4403,0.0665,1,0.0004
1980,-0.2205,-0.6002,-0.7900,1.3744,0.0666,1,0.0002
1981,-0.2258,-0.6003,-0.7237,1.3099,0.0665,1,0.0003
1982,-0.2249,-0.6000,-0.6571,1.2442,0.0666,1,0.0000
1983,-0.2295,-0.6002,-0.5908,1.1799,0.0665,1,0.0002
1984,-0.2269,-0.6000,-0.5242,1.1141,0.0666,1,0.0000
1985,-0.2305,-0.6001,-0.4578,1.0500,0.0664,1,0.0001
1986,-0.2276,-0.5999,-0.3912,0.9845,0.0667,1,0.0000
1987,-0.2309,-0.6000,-0.3249,0.9209,0.0664,1,0.0000
1988,-0.2278,-0.5998,-0.2583,0.8557,0.0667,1,0.0000
1989,-0.2309,-0.6000,-0.1919,0.7929,0.0664,1,0.0000
1990,-0.2275,-0.5997,-0.1253,0.7283,0.0667,1,0.0000
1991,-0.2304,-0.5999,-0.0589,0.6666,0.0665,1,0.0000
1992,-0.2268,-0.5997,0.0077,0.6031,0.0667,1,0.0000
1993,-0.2294,-0.5998,0.0741,0.5433,0.0665,1,0.0000
1994,-0.2257,-0.5996,0.1407,0.4819,0.0667,1,0.0000
1995,-0.2281,-0.5997,0.2072,0.4257,0.0665,1,0.0000
1996,-0.2243,-0.5995,0.2738,0.3688,0.0667,1,0.0000
1997,-0.2265,-0.5996,0.3402,0.3203,0.0665,1,0.0000
1998,-0.2225,-0.5994,0.4069,0.2739,0.0668,1,0.0000
1999,-0.2247,-0.5995,0.4733,0.2433,0.0665,1,0.0000
2000,-0.2206,-0.5993,0.5399,0.2222,0.0668,1,0.0000
2001,-0.2227,-0.5994,0.6064,0.2262,0.0665,1,0.0000
2002,-0.2185,-0.5992,0.6730,0.2431,0.0668,1,0.0000
2003,-0.2205,-0.5993,0.7394,0.2802,0.0665,1,0.0000
2004,-0.2163,-0.5991,0.8061,0.3227,0.0668,1,0.0000
2005,-0.2183,-0.5992,0.8725,0.3758,0.0664,1,0.0000
2006,-0.2140,-0.5990,0.9392,0.4297,0.0668,1,0.0000
2007,-0.2159,-0.5991,1.0056,0.4892,0.0664,1,0.0000
2008,-0.2116,-0.5989,1.0723,0.5482,0.0668,1,0.0000
2009,-0.2135,-0.5990,1.1387,0.6106,0.0664,1,0.0000
2010,-0.2091,-0.5987,1.2053,0.6721,0.0668,1,0.0000
2011,-0.2110,-0.5989,1.2717,0.7360,0.0664,1,0.0000
2012,-0.2064,-0.5986,1.3384,0.7989,0.0669,1,0.0000
2013,-0.2087,-0.5988,1.4048,0.8638,0.0664,1,0.0000
2014,-0.2036,-0.5985,1.4715,0.9275,0.0669,1,0.0000
2015,-0.2072,-0.5986,1.5380,0.9932,0.0666,1,0.0000
2016,-0.2063,-0.5983,1.6047,1.0584,0.0668,1,0.0000
2017,-0.2120,-0.5985,1.6710,1.1246,0.0665,1,0.0000
2018,-0.2110,-0.5982,1.7378,1.1901,0.0668,1,0.0000
2019,-0.2161,-0.5981,1.8047,1.2568,0.0670,1,0.0000
2020,-0.2154,-0.5978,1.8714,1.3225,0.0667,1,0.0000
2021,-0.2197,-0.5979,1.9385,1.3894,0.0673,1,0.0000
2022,-0.2192,-0.5978,2.0052,1.4552,0.0667,1,0.0000
2023,-0.2229,-0.5981,2.0724,1.5223,0.0674,1,0.0000
2024,-0.2225,-0.5980,2.1391,1.5882,0.0667,1,0.0000
2025,-0.2255,-0.5984,2.2065,1.6553,0.0674,1,0.0000
2026,-0.2252,-0.5984,2.2731,1.7213,0.0667,1,0.0000
2027,-0.2277,-0.5988,2.3405,1.7885,0.0674,1,0.0000
2028,-0.2274,-0.5988,2.4072,1.8546,0.0667,1,0.0000
2029,-0.2295,-0.5991,2.4746,1.9218,0.0675,1,0.0000
2030,-0.2293,-0.5992,2.5413,1.9880,0.0667,1,0.0000
2031,-0.2313,-0.5994,2.4754,1.9228,0.0659,1,0.0000
2032,-0.2314,-0.5995,2.4087,1.8566,0.0667,1,0.0000
2033,-0.2331,-0.5996,2.3429,1.7915,0.0659,1,0.0000
2034,-0.2332,-0.5997,2.2762,1.7254,0.0667,1,0.0000
2035,-0.2347,-0.5998,2.2103,1.6604,0.0659,1,0.0000
2036,-0.2349,-0.5998,2.1437,1.5945,0.0667,1,0.0000
2037,-0.2362,-0.5999,2.0778,1.5296,0.0659,1,0.0000
2038,-0.2364,-0.5999,2.0111,1.4637,0.0667,1,0.0000
2039,-0.2376,-0.5999,1.9453,1.3990,0.0659,1,0.0000
2040,-0.2377,-0.6000,1.8786,1.3334,0.0667,1,0.0000
2041,-0.2389,-0.6000,1.8127,1.2688,0.0659,1,0.0000
2042,-0.2390,-0.6000,1.7460,1.2034,0.0667,1,0.0000
2043,-0.2402,-0.6000,1.6802,1.1392,0.0659,1,0.0000
2044,-0.2403,-0.6000,1.6135,1.0741,0.0667,1,0.0000
2045,-0.2414,-0.6001,1.5476,1.0103,0.0659,1,0.0001
2046,-0.2415,-0.6001,1.4810,0.9457,0.0667,1,0.0001
2047,-0.2426,-0.6001,1.4151,0.8825,0.0659,1,0.0001
2048,-0.2427,-0.6001,1.3484,0.8186,0.0667,1,0.0001
2049,-0.2437,-0.6001,1.2825,0.7563,0.0659,1,0.0001
2050,-0.2438,-0.6001,1.2158,0.6935,0.0667,1,0.0001
2051,-0.2449,-0.6001,1.1500,0.6327,0.0659,1,0.0001
2052,-0.2449,-0.6001,1.0833,0.5718,0.0667,1,0.0001
2053,-0.2459,-0.6001,1.0174,0.5136,0.0659,1,0.0001
2054,-0.2460,-0.6001,0.9507,0.4562,0.0667,1,0.0001
2055,-0.2470,-0.6001,0.8849,0.4029,0.0659,1,0.0001
2056,-0.2471,-0.6001,0.8182,0.3526,0.0667,1,0.0001
2057,-0.2481,-0.6000,0.7523,0.3099,0.0659,1,0.0000
2058,-0.2481,-0.6000,0.6856,0.2752,0.0667,1,0.0000
2059,-0.2491,-0.6000,0.6198,0.2547,0.0659,1,0.0000
2060,-0.2492,-0.6000,0.5531,0.2495,0.0667,1,0.0000
2061,-0.2501,-0.6000,0.4872,0.2624,0.0659,1,0.0000
2062,-0.2502,-0.6000,0.4205,0.2897,0.0667,1,0.0000
2063,-0.2511,-0.6000,0.3546,0.3286,0.0659,1,0.0000
2064,-0.2512,-0.6000,0.2879,0.3752,0.0667,1,0.0000
2065,-0.2521,-0.5999,0.2221,0.4269,0.0659,1,0.0000
2066,-0.2522,-0.5999,0.1554,0.4824,0.0667,1,0.0000
2067,-0.2531,-0.5999,0.0895,0.5401,0.0659,1,0.0000
2068,-0.2532,-0.5999,0.0228,0.5998,0.0667,1,0.0000
2069,-0.2541,-0.5999,-0.0431,0.6605,0.0659,1,0.0000
2070,-0.2542,-0.5999,-0.1098,0.7225,0.0667,1,0.0000
2071,-0.2552,-0.5999,-0.1756,0.7849,0.0659,1,0.0000
2072,-0.2552,-0.5999,-0.2423,0.8482,0.0667,1,0.0000
2073,-0.2562,-0.5999,-0.3082,0.9116,0.0659,1,0.0000
2074,-0.2563,-0.5999,-0.3749,0.9758,0.0667,1,0.0000
2075,-0.2573,-0.5999,-0.4408,1.0397,0.0659,1,0.0000
2076,-0.2574,-0.5999,-0.5075,1.1045,0.0667,1,0.0000
2077,-0.2584,-0.5999,-0.5734,1.1689,0.0659,1,0.0000
2078,-0.2584,-0.5999,-0.6401,1.2340,0.0667,1,0.0000
2079,-0.2595,-0.5999,-0.7060,1.2987,0.0659,1,0.0000
2080,-0.2596,-0.5999,-0.7727,1.3642,0.0667,1,0.0000
2081,-0.2607,-0.5999,-0.8386,1.4291,0.0659,1,0.0000
2082,-0.2607,-0.5999,-0.9052,1.4947,0.0667,1,0.0000
2083,-0.2619,-0.6000,-0.9711,1.5599,0.0659,1,0.0000
2084,-0.2620,-0.5999,-1.0378,1.6257,0.0667,1,0.0000
2085,-0.2631,-0.6000,-1.1037,1.6909,0.0659,1,0.0000
2086,-0.2632,-0.6000,-1.1704,1.7569,0.0667,1,0.0000
2087,-0.2669,-0.6002,-1.2363,1.8226,0.0660,1,0.0002
2088,-0.2671,-0.6002,-1.3030,1.8886,0.0667,1,0.0002
2089,-0.2709,-0.6003,-1.3690,1.9545,0.0661,1,0.0003
2090,-0.2711,-0.6003,-1.4357,2.0206,0.0667,1,0.0003
2091,-0.2743,-0.6004,-1.5017,2.0864,0.0661,1,0.0004
2092,-0.2746,-0.6004,-1.5684,2.1526,0.0667,1,0.0004
2093,-0.2775,-0.6004,-1.6345,2.2185,0.0661,1,0.0004
2094,-0.2778,-0.6004,-1.7012,2.2847,0.0667,1,0.0004
2095,-0.2805,-0.6004,-1.7672,2.3506,0.0661,1,0.0004
2096,-0.2808,-0.6004,-1.8339,2.4169,0.0667,1,0.0004
2097,-0.2835,-0.6004,-1.9000,2.4829,0.0661,1,0.0004
2098,-0.2837,-0.6004,-1.9667,2.5492,0.0667,1,0.0004
2099,-0.2864,-0.6004,-2.0328,2.6151,0.0662,1,0.0004
2100,-0.2866,-0.6003,-2.0995,2.6815,0.0667,1,0.0003
2101,-0.2892,-0.6003,-2.1656,2.7475,0.0662,1,0.0003
2102,-0.2895,-0.6003,-2.2323,2.8139,0.0667,1,0.0003
2103,-0.2921,-0.6003,-2.2985,2.8799,0.0662,1,0.0003
2104,-0.2923,-0.6003,-2.3652,2.9463,0.0667,1,0.0003
2105,-0.2950,-0.6003,-2.4313,3.0123,0.0662,1,0.0003
2106,-0.2952,-0.6003,-2.4980,3.0788,0.0667,1,0.0003
2107,-0.2979,-0.6003,-2.5641,3.1448,0.0662,1,0.0003
2108,-0.2976,-0.6002,-2.4975,3.0785,0.0666,1,0.0002
2109,-0.2998,-0.6002,-2.4303,3.0118,0.0672,1,0.0002
2110,-0.2995,-0.6002,-2.3637,2.9455,0.0666,1,0.0002
2111,-0.3018,-0.6002,-2.2965,2.8789,0.0672,1,0.0002
2112,-0.3014,-0.6001,-2.2298,2.8126,0.0666,1,0.0001
2113,-0.3038,-0.6002,-2.1626,2.7461,0.0672,1,0.0002
2114,-0.3034,-0.6001,-2.0960,2.6798,0.0666,1,0.0001
2115,-0.3058,-0.6001,-2.0288,2.6133,0.0672,1,0.0001
2116,-0.3055,-0.6001,-1.9622,2.5472,0.0666,1,0.0001
2117,-0.3080,-0.6001,-1.8950,2.4808,0.0672,1,0.0001
2118,-0.3077,-0.6001,-1.8284,2.4146,0.0666,1,0.0001
2119,-0.3102,-0.6001,-1.7612,2.3483,0.0672,1,0.0001
2120,-0.3099,-0.6001,-1.6945,2.2823,0.0666,1,0.0001
2121,-0.3126,-0.6002,-1.6274,2.2161,0.0672,1,0.0002
2122,-0.3122,-0.6001,-1.5607,2.1501,0.0666,1,0.0001
2123,-0.3151,-0.6002,-1.4936,2.0841,0.0672,1,0.0002
2124,-0.3147,-0.6001,-1.4269,2.0182,0.0666,1,0.0001
2125,-0.3214,-0.6006,-1.3602,1.9534,0.0670,1,0.0006
2126,-0.3210,-0.6005,-1.2936,1.8877,0.0666,1,0.0005
2127,-0.3365,-0.6018,-1.2281,1.8260,0.0673,1,0.0018
2128,-0.3358,-0.6016,-1.1615,1.7604,0.0666,1,0.0016
2129,-0.3478,-0.6024,-1.0960,1.6986,0.0666,1,0.0024
2130,-0.3180,-0.6008,-1.0546,1.6520,0.0511,1,0.0008
2131,-0.2949,-0.6007,-1.0127,1.6066,0.0478,1,0.0007
2132,-0.2625,-0.6002,-0.9621,1.5510,0.0601,1,0.0002
2133,-0.2478,-0.6005,-0.9040,1.4913,0.0599,1,0.0005
2134,-0.2343,-0.6009,-0.8387,1.4247,0.0667,1,0.0009
2135,-0.2347,-0.6021,-0.7735,1.3605,0.0653,1,0.0021
2136,-0.2217,-0.6017,-0.7071,1.2928,0.0677,1,0.0017
2137,-0.2176,-0.6017,-0.6419,1.2279,0.0653,1,0.0017
2138,-0.2047,-0.6012,-0.5754,1.1602,0.0677,1,0.0012
2139,-0.2011,-0.6013,-0.5102,1.0954,0.0653,1,0.0013
2140,-0.1893,-0.6007,-0.4437,1.0279,0.0675,1,0.0007
2141,-0.1868,-0.6009,-0.3785,0.9634,0.0653,1,0.0009
2142,-0.1762,-0.6003,-0.3120,0.8961,0.0673,1,0.0003
2143,-0.1750,-0.6005,-0.2468,0.8320,0.0653,1,0.0005
2144,-0.1658,-0.5998,-0.1802,0.7650,0.0672,1,0.0000
2145,-0.1659,-0.6001,-0.1150,0.7015,0.0653,1,0.0001
2146,-0.1580,-0.5994,-0.0484,0.6350,0.0670,1,0.0000
2147,-0.1586,-0.5991,0.0169,0.5721,0.0653,1,0.0000
2148,-0.1520,-0.5983,0.0835,0.5065,0.0669,1,0.0000
2149,-0.1547,-0.5988,0.1488,0.4455,0.0654,1,0.0000
2150,-0.1492,-0.5980,0.2154,0.3816,0.0668,1,0.0000
2151,-0.1529,-0.5985,0.2808,0.3242,0.0655,1,0.0000
2152,-0.1483,-0.5977,0.3474,0.2647,0.0668,1,0.0000
2153,-0.1529,-0.5982,0.4128,0.2169,0.0656,1,0.0000
2154,-0.1488,-0.5975,0.4794,0.1724,0.0668,1,0.0000
2155,-0.1539,-0.5981,0.5449,0.1555,0.0656,1,0.0000
2156,-0.1502,-0.5974,0.6116,0.1568,0.0668,1,0.0000
2157,-0.1557,-0.5980,0.6771,0.1910,0.0658,1,0.0000
2158,-0.1522,-0.5973,0.7438,0.2336,0.0668,1,0.0000
2159,-0.1579,-0.5979,0.8094,0.2897,0.0659,1,0.0000
2160,-0.1544,-0.5973,0.8761,0.3459,0.0668,1,0.0000
2161,-0.1601,-0.5979,0.9418,0.4079,0.0659,1,0.0000
2162,-0.1565,-0.5973,1.0085,0.4688,0.0668,1,0.0000
2163,-0.1621,-0.5979,1.0743,0.5329,0.0660,1,0.0000
2164,-0.1584,-0.5973,1.1410,0.5959,0.0669,1,0.0000
2165,-0.1639,-0.5979,1.2068,0.6609,0.0660,1,0.0000
2166,-0.1601,-0.5973,1.2736,0.7249,0.0669,1,0.0000
2167,-0.1654,-0.5979,1.3394,0.7904,0.0661,1,0.0000
2168,-0.1615,-0.5974,1.4062,0.8550,0.0669,1,0.0000
2169,-0.1666,-0.5978,1.4721,0.9207,0.0661,1,0.0000
2170,-0.1629,-0.5974,1.5390,0.9860,0.0670,1,0.0000
2171,-0.1707,-0.5978,1.6050,1.0523,0.0664,1,0.0000
2172,-0.1695,-0.5973,1.6718,1.1182,0.0669,1,0.0000
2173,-0.1772,-0.5977,1.7378,1.1846,0.0665,1,0.0000
2174,-0.1761,-0.5973,1.8047,1.2506,0.0669,1,0.0000
2175,-0.1837,-0.5976,1.8707,1.3170,0.0665,1,0.0000
2176,-0.1826,-0.5972,1.9376,1.3831,0.0669,1,0.0000
2177,-0.1901,-0.5975,2.0037,1.4496,0.0665,1,0.0000
2178,-0.1890,-0.5971,2.0705,1.5158,0.0669,1,0.0000
2179,-0.1965,-0.5973,2.1366,1.5823,0.0665,1,0.0000
2180,-0.1954,-0.5969,2.2035,1.6486,0.0669,1,0.0000
2181,-0.2028,-0.5972,2.2696,1.7151,0.0665,1,0.0000
2182,-0.2017,-0.5968,2.3365,1.7814,0.0669,1,0.0000
2183,-0.2090,-0.5970,2.4026,1.8479,0.0665,1,0.0000
2184,-0.2079,-0.5966,2.4696,1.9143,0.0669,1,0.0000
2185,-0.2152,-0.5968,2.5357,1.9808,0.0665,1,0.0000
2186,-0.2152,-0.5965,2.4690,1.9146,0.0667,1,0.0000
2187,-0.2243,-0.5969,2.4018,1.8489,0.0678,1,0.0000
2188,-0.2252,-0.5967,2.3354,1.7831,0.0664,1,0.0000
2189,-0.2342,-0.5970,2.2682,1.7177,0.0678,1,0.0000
2190,-0.2351,-0.5968,2.2018,1.6520,0.0664,1,0.0000
2191,-0.2442,-0.5972,2.1345,1.5868,0.0679,1,0.0000
2192,-0.2450,-0.5969,2.0681,1.5214,0.0665,1,0.0000
2193,-0.2541,-0.5973,2.0008,1.4565,0.0679,1,0.0000
2194,-0.2549,-0.5970,1.9343,1.3913,0.0665,1,0.0000
2195,-0.2640,-0.5974,1.8670,1.3270,0.0679,1,0.0000
2196,-0.2648,-0.5972,1.8006,1.2621,0.0665,1,0.0000
2197,-0.2740,-0.5976,1.7332,1.1983,0.0680,1,0.0000
2198,-0.2482,-0.5949,1.6946,1.1550,0.0465,1,0.0000
2199,-0.2240,-0.5947,1.6558,1.1120,0.0457,1,0.0000
2200,-0.1942,-0.5942,1.6086,1.0599,0.0558,1,0.0000
2201,-0.1792,-0.5951,1.5511,1.0007,0.0594,1,0.0000
2202,-0.1698,-0.5974,1.4865,0.9354,0.0653,1,0.0000
2203,-0.1747,-0.5976,1.4191,0.8703,0.0675,1,0.0000
2204,-0.1729,-0.5976,1.3526,0.8048,0.0666,1,0.0000
2205,-0.1776,-0.5980,1.2849,0.7399,0.0679,1,0.0000
2206,-0.1736,-0.5977,1.2183,0.6744,0.0667,1,0.0000
2207,-0.1782,-0.5982,1.1506,0.6106,0.0679,1,0.0000
2208,-0.1742,-0.5979,1.0840,0.5459,0.0667,1,0.0000
2209,-0.1735,-0.5979,1.0168,0.4825,0.0672,1,0.0000
2210,-0.1741,-0.5977,0.9502,0.4213,0.0666,1,0.0000
2211,-0.1758,-0.5977,0.8836,0.3624,0.0667,1,0.0000
2212,-0.1760,-0.5977,0.8169,0.3060,0.0667,1,0.0000
2213,-0.1771,-0.5979,0.7505,0.2553,0.0663,1,0.0000
2214,-0.1772,-0.5980,0.6839,0.2125,0.0667,1,0.0000
2215,-0.1777,-0.5982,0.6177,0.1850,0.0661,1,0.0000
2216,-0.1777,-0.5984,0.5511,0.1784,0.0667,1,0.0000
2217,-0.1779,-0.5985,0.4851,0.1957,0.0660,1,0.0000
2218,-0.1779,-0.5987,0.4184,0.2315,0.0667,1,0.0000
2219,-0.1779,-0.5988,0.3525,0.2783,0.0659,1,0.0000
2220,-0.1778,-0.5989,0.2858,0.3323,0.0667,1,0.0000
2221,-0.1776,-0.5989,0.2199,0.3895,0.0659,1,0.0000
2222,-0.1775,-0.5991,0.1533,0.4498,0.0667,1,0.0000
2223,-0.1772,-0.5991,0.0874,0.5109,0.0659,1,0.0000
2224,-0.1771,-0.5992,0.0207,0.5739,0.0667,1,0.0000
2225,-0.1767,-0.5992,-0.0451,0.6367,0.0659,1,0.0000
2226,-0.1766,-0.5993,-0.1118,0.7010,0.0667,1,0.0000
2227,-0.1761,-0.5993,-0.1777,0.7648,0.0659,1,0.0000
2228,-0.1761,-0.5994,-0.2444,0.8299,0.0667,1,0.0000
2229,-0.1755,-0.5994,-0.3102,0.8942,0.0659,1,0.0000
2230,-0.1755,-0.5995,-0.3769,0.9597,0.0667,1,0.0000
2231,-0.1749,-0.5996,-0.4428,1.0244,0.0659,1,0.0000
2232,-0.1749,-0.5996,-0.5095,1.0902,0.0667,1,0.0000
2233,-0.1743,-0.5997,-0.5753,1.1552,0.0659,1,0.0000
2234,-0.1743,-0.5997,-0.6420,1.2211,0.0667,1,0.0000
2235,-0.1737,-0.5999,-0.7079,1.2863,0.0659,1,0.0000
2236,-0.1737,-0.5999,-0.7746,1.3524,0.0667,1,0.0000
2237,-0.1731,-0.6000,-0.8405,1.4177,0.0659,1,0.0000
2238,-0.1731,-0.6000,-0.9072,1.4839,0.0667,1,0.0000
2239,-0.1725,-0.6001,-0.9730,1.5492,0.0659,1,0.0001
2240,-0.1725,-0.6001,-1.0397,1.6155,0.0667,1,0.0001
2241,-0.1719,-0.6002,-1.1056,1.6810,0.0659,1,0.0002
2242,-0.1719,-0.6002,-1.1723,1.7473,0.0667,1,0.0002
2243,-0.1713,-0.6002,-1.2381,1.8128,0.0659,1,0.0002
2244,-0.1712,-0.6002,-1.3048,1.8792,0.0667,1,0.0002
2245,-0.1707,-0.6002,-1.3707,1.9448,0.0659,1,0.0002
2246,-0.1706,-0.6002,-1.4374,2.0112,0.0667,1,0.0002
2247,-0.1701,-0.6002,-1.5033,2.0768,0.0659,1,0.0002
2248,-0.1700,-0.6002,-1.5699,2.1433,0.0667,1,0.0002
2249,-0.1695,-0.6002,-1.6358,2.2089,0.0659,1,0.0002
2250,-0.1694,-0.6002,-1.7025,2.2754,0.0667,1,0.0002
2251,-0.1689,-0.6001,-1.7684,2.3411,0.0659,1,0.0001
2252,-0.1689,-0.6001,-1.8351,2.4076,0.0667,1,0.0001
2253,-0.1683,-0.6001,-1.9009,2.4732,0.0659,1,0.0001
2254,-0.1683,-0.6001,-1.9676,2.5398,0.0667,1,0.0001
2255,-0.1678,-0.6000,-2.0335,2.6055,0.0659,1,0.0000
2256,-0.1677,-0.6000,-2.1002,2.6720,0.0667,1,0.0000
2257,-0.1672,-0.6000,-2.1661,2.7378,0.0659,1,0.0000
2258,-0.1672,-0.6000,-2.2327,2.8043,0.0667,1,0.0000
2259,-0.1667,-0.6000,-2.2986,2.8700,0.0659,1,0.0000
2260,-0.1667,-0.6000,-2.3653,2.9366,0.0667,1,0.0000
2261,-0.1648,-0.6287,-2.4448,3.0160,0.0845,1,0.0287
2262,-0.1647,-0.6272,-2.5115,3.0826,0.0667,1,0.0272
2263,-0.1663,-0.6302,-2.4462,3.0175,0.0654,1,0.0302
2264,-0.1664,-0.6274,-2.3795,2.9509,0.0668,1,0.0274
2265,-0.1660,-0.6263,-2.3123,2.8838,0.0672,1,0.0263
2266,-0.1660,-0.6236,-2.2456,2.8172,0.0668,1,0.0236
2267,-0.1656,-0.6223,-2.1783,2.7500,0.0673,1,0.0223
2268,-0.1656,-0.6196,-2.1115,2.6832,0.0669,1,0.0196
2269,-0.1652,-0.6179,-2.0441,2.6160,0.0673,1,0.0179
2270,-0.1652,-0.6152,-1.9773,2.5493,0.0669,1,0.0152
2271,-0.1648,-0.6133,-1.9100,2.4821,0.0674,1,0.0133
2272,-0.1648,-0.6106,-1.8431,2.4154,0.0669,1,0.0106
2273,-0.1645,-0.6083,-1.7758,2.3482,0.0673,1,0.0083
2274,-0.1644,-0.6056,-1.7090,2.2815,0.0669,1,0.0056
2275,-0.1641,-0.6038,-1.6418,2.2144,0.0673,1,0.0038
2276,-0.1641,-0.6005,-1.5750,2.1479,0.0668,1,0.0005
2277,-0.1638,-0.5981,-1.5080,2.0810,0.0671,1,0.0000
2278,-0.1639,-0.5948,-1.4413,2.0146,0.0667,1,0.0000
2279,-0.1637,-0.5913,-1.3750,1.9484,0.0665,1,0.0000
2280,-0.1638,-0.5902,-1.3084,1.8821,0.0666,1,0.0000
2281,-0.1635,-0.5883,-1.2415,1.8155,0.0669,1,0.0000
2282,-0.1635,-0.5861,-1.1749,1.7492,0.0667,1,0.0000
2283,-0.1633,-0.5868,-1.1082,1.6828,0.0667,1,0.0000
2284,-0.1634,-0.5863,-1.0416,1.6165,0.0666,1,0.0000
2285,-0.1632,-0.5885,-0.9747,1.5500,0.0669,1,0.0000
2286,-0.1632,-0.5881,-0.9081,1.4837,0.0666,1,0.0000
2287,-0.1630,-0.5902,-0.8413,1.4173,0.0668,1,0.0000
2288,-0.1630,-0.5910,-0.7745,1.3510,0.0668,1,0.0000
2289,-0.1628,-0.5941,-0.7076,1.2845,0.0670,1,0.0000
2290,-0.1629,-0.5939,-0.6409,1.2185,0.0666,1,0.0000
2291,-0.1626,-0.5967,-0.5740,1.1521,0.0670,1,0.0000
2292,-0.1627,-0.5968,-0.5073,1.0862,0.0667,1,0.0000
2293,-0.1624,-0.5991,-0.4404,1.0200,0.0670,1,0.0000
2294,-0.1625,-0.5995,-0.3737,0.9542,0.0667,1,0.0000
2295,-0.1622,-0.6014,-0.3067,0.8882,0.0670,1,0.0014
2296,-0.1623,-0.6020,-0.2399,0.8227,0.0667,1,0.0020
2297,-0.1620,-0.6024,-0.1731,0.7572,0.0669,1,0.0024
2298,-0.1621,-0.6016,-0.1065,0.6923,0.0666,1,0.0016
2299,-0.1618,-0.5995,-0.0396,0.6274,0.0669,1,0.0000
2300,-0.1619,-0.6006,0.0272,0.5632,0.0668,1,0.0006
2301,-0.1616,-0.5978,0.0941,0.4993,0.0670,1,0.0000
2302,-0.1616,-0.5992,0.1609,0.4367,0.0668,1,0.0000
2303,-0.1615,-0.5954,0.2271,0.3760,0.0663,1,0.0000
2304,-0.1615,-0.5973,0.2940,0.3169,0.0669,1,0.0000
2305,-0.1614,-0.5957,0.3602,0.2621,0.0662,1,0.0000
2306,-0.1614,-0.5967,0.4269,0.2135,0.0668,1,0.0000
2307,-0.1613,-0.5960,0.4932,0.1773,0.0663,1,0.0000
2308,-0.1613,-0.5977,0.5600,0.1615,0.0668,1,0.0000
2309,-0.1612,-0.5965,0.6262,0.1719,0.0662,1,0.0000
2310,-0.1612,-0.5991,0.6931,0.2049,0.0669,1,0.0000
2311,-0.1612,-0.5981,0.7594,0.2513,0.0663,1,0.0000
2312,-0.1611,-0.6016,0.8263,0.3057,0.0670,1,0.0016
2313,-0.1611,-0.6008,0.8927,0.3637,0.0664,1,0.0008
2314,-0.1610,-0.6045,0.9596,0.4248,0.0670,1,0.0045
2315,-0.1609,-0.6047,1.0261,0.4869,0.0665,1,0.0047
2316,-0.1609,-0.6082,1.0930,0.5506,0.0670,1,0.0082
2317,-0.1608,-0.6089,1.1596,0.6145,0.0665,1,0.0089
2318,-0.1608,-0.6127,1.2264,0.6793,0.0670,1,0.0127
2319,-0.1607,-0.6111,1.2931,0.7441,0.0667,1,0.0111
2320,-0.1607,-0.6149,1.3598,0.8095,0.0669,1,0.0149
2321,-0.1607,-0.6130,1.4257,0.8742,0.0659,1,0.0130
2322,-0.1607,-0.6167,1.4923,0.9397,0.0667,1,0.0167
2323,-0.1607,-0.6147,1.5580,1.0045,0.0657,1,0.0147
2324,-0.1607,-0.6183,1.6243,1.0701,0.0664,1,0.0183
2325,-0.1607,-0.6162,1.6899,1.1349,0.0656,1,0.0162
2326,-0.1606,-0.6197,1.7559,1.2003,0.0661,1,0.0197
2327,-0.1607,-0.6175,1.8213,1.2651,0.0654,1,0.0175
2328,-0.1606,-0.6209,1.8870,1.3303,0.0658,1,0.0209
2329,-0.1606,-0.6187,1.9521,1.3949,0.0651,1,0.0187
2330,-0.1606,-0.6220,2.0174,1.4599,0.0654,1,0.0220
2331,-0.1606,-0.6197,2.0822,1.5242,0.0648,1,0.0197
2332,-0.1606,-0.6230,2.1470,1.5888,0.0649,1,0.0230
2333,-0.1606,-0.6206,2.2114,1.6528,0.0645,1,0.0206
2334,-0.1606,-0.6237,2.2758,1.7169,0.0644,1,0.0237
2335,-0.1606,-0.6213,2.3398,1.7806,0.0640,1,0.0213
2336,-0.1606,-0.6244,2.4036,1.8442,0.0639,1,0.0244
2337,-0.1606,-0.6218,2.4671,1.9074,0.0636,1,0.0218
2338,-0.1605,-0.6249,2.5303,1.9704,0.0632,1,0.0249
2339,-0.1606,-0.6207,2.4635,1.9038,0.0669,1,0.0207
2340,-0.1605,-0.6215,2.3966,1.8372,0.0668,1,0.0215
2341,-0.1605,-0.6184,2.3297,1.7705,0.0670,1,0.0184
2342,-0.1605,-0.6202,2.2626,1.7037,0.0671,1,0.0202
2343,-0.1600,-0.6092,2.1583,1.5998,0.1048,1,0.0092
2344,-0.1600,-0.6087,2.0917,1.5336,0.0666,1,0.0087
2345,-0.1598,-0.5984,1.9862,1.4285,0.1061,1,0.0000
2346,-0.1599,-0.5995,1.9195,1.3624,0.0666,1,0.0000
2347,-0.1599,-0.5921,1.8508,1.2942,0.0691,1,0.0000
2348,-0.1600,-0.5915,1.7845,1.2284,0.0663,1,0.0000
2349,-0.1601,-0.5851,1.7157,1.1603,0.0691,1,0.0000
2350,-0.1602,-0.5838,1.6492,1.0945,0.0666,1,0.0000
2351,-0.1602,-0.5768,1.5805,1.0267,0.0690,1,0.0000
2352,-0.1603,-0.5766,1.5139,0.9610,0.0666,1,0.0000
2353,-0.1604,-0.5692,1.4451,0.8935,0.0691,1,0.0000
2354,-0.1605,-0.5680,1.3784,0.8282,0.0667,1,0.0000
2355,-0.1603,-0.5615,1.3111,0.7625,0.0676,1,0.0000
2356,-0.1604,-0.5600,1.2444,0.6976,0.0668,1,0.0000
2357,-0.1602,-0.5543,1.1772,0.6329,0.0674,1,0.0000
2358,-0.1602,-0.5524,1.1105,0.5689,0.0668,1,0.0000
2359,-0.1601,-0.5474,1.0435,0.5058,0.0671,1,0.0000
2360,-0.1601,-0.5452,0.9770,0.4438,0.0666,1,0.0000
2361,-0.1610,-0.5663,0.9065,0.3776,0.0735,1,0.0000
2362,-0.1609,-0.5651,0.8401,0.3192,0.0664,1,0.0000
2363,-0.1620,-0.5875,0.7621,0.2542,0.0812,1,0.0000
2364,-0.1619,-0.5870,0.6959,0.2075,0.0663,1,0.0000
2365,-0.1616,-0.5889,0.6264,0.1726,0.0695,1,0.0000
2366,-0.1616,-0.5882,0.5603,0.1620,0.0661,1,0.0000
2367,-0.1612,-0.5883,0.4933,0.1774,0.0669,1,0.0000
2368,-0.1612,-0.5874,0.4274,0.2133,0.0659,1,0.0000
2369,-0.1611,-0.5883,0.3603,0.2619,0.0671,1,0.0000
2370,-0.1610,-0.5874,0.2946,0.3163,0.0657,1,0.0000
2371,-0.1608,-0.5874,0.2281,0.3749,0.0665,1,0.0000
2372,-0.1607,-0.5864,0.1628,0.4348,0.0654,1,0.0000
2373,-0.1605,-0.5861,0.0965,0.4969,0.0662,1,0.0000
2374,-0.1605,-0.5851,0.0315,0.5588,0.0651,1,0.0000
2375,-0.1602,-0.5866,-0.0332,0.6209,0.0647,1,0.0000
2376,-0.1602,-0.5856,-0.0979,0.6836,0.0647,1,0.0000
2377,-0.1600,-0.5889,-0.1620,0.7460,0.0641,1,0.0000
2378,-0.1599,-0.5882,-0.2264,0.8090,0.0644,1,0.0000
2379,-0.1597,-0.5912,-0.2901,0.8715,0.0638,1,0.0000
2380,-0.1596,-0.5907,-0.3544,0.9347,0.0642,1,0.0000
2381,-0.1594,-0.5933,-0.4179,0.9973,0.0636,1,0.0000
2382,-0.1594,-0.5930,-0.4820,1.0606,0.0641,1,0.0000
2383,-0.1591,-0.5951,-0.5455,1.1234,0.0635,1,0.0000
2384,-0.1591,-0.5950,-0.6094,1.1867,0.0640,1,0.0000
2385,-0.1588,-0.5966,-0.6729,1.2496,0.0635,1,0.0000
2386,-0.1588,-0.5966,-0.7369,1.3131,0.0640,1,0.0000
2387,-0.1586,-0.5977,-0.8004,1.3761,0.0635,1,0.0000
2388,-0.1585,-0.5978,-0.8644,1.4397,0.0640,1,0.0000
2389,-0.1583,-0.5984,-0.9279,1.5029,0.0635,1,0.0000
2390,-0.1583,-0.5986,-0.9920,1.5666,0.0641,1,0.0000
2391,-0.1581,-0.5989,-1.0556,1.6299,0.0636,1,0.0000
2392,-0.1580,-0.5991,-1.1197,1.6937,0.0641,1,0.0000
2393,-0.1578,-0.5991,-1.1834,1.7571,0.0637,1,0.0000
2394,-0.1578,-0.5993,-1.2476,1.8211,0.0642,1,0.0000
2395,-0.1576,-0.5991,-1.3114,1.8845,0.0637,1,0.0000
2396,-0.1576,-0.5992,-1.3756,1.9486,0.0642,1,0.0000
2397,-0.1574,-0.5989,-1.4394,2.0121,0.0638,1,0.0000
2398,-0.1573,-0.5990,-1.5037,2.0762,0.0643,1,0.0000
2399,-0.1572,-0.5985,-1.5675,2.1399,0.0638,1,0.0000
2400,-0.1571,-0.5986,-1.6318,2.2040,0.0643,1,0.0000
2401,-0.1570,-0.5976,-1.6956,2.2677,0.0638,1,0.0000
2402,-0.1569,-0.5976,-1.7600,2.3319,0.0643,1,0.0000
2403,-0.1567,-0.5925,-1.8238,2.3955,0.0640,1,0.0000
2404,-0.1567,-0.5928,-1.8882,2.4598,0.0644,1,0.0000
2405,-0.1565,-0.5870,-1.9521,2.5236,0.0642,1,0.0000
2406,-0.1565,-0.5874,-2.0166,2.5880,0.0645,1,0.0000
2407,-0.1563,-0.5817,-2.0806,2.6519,0.0643,1,0.0000
2408,-0.1563,-0.5823,-2.1453,2.7164,0.0647,1,0.0000
2409,-0.1561,-0.5771,-2.2094,2.7805,0.0643,1,0.0000
2410,-0.1561,-0.5778,-2.2743,2.8453,0.0649,1,0.0000
2411,-0.1559,-0.5744,-2.3386,2.9095,0.0644,1,0.0000
2412,-0.1559,-0.5752,-2.4037,2.9745,0.0651,1,0.0000
2413,-0.1557,-0.5735,-2.4682,3.0389,0.0645,1,0.0000
2414,-0.1557,-0.5743,-2.5336,3.1042,0.0654,1,0.0000
2415,-0.1556,-0.5753,-2.4659,3.0365,0.0677,1,0.0000
2416,-0.1556,-0.5765,-2.3990,2.9698,0.0669,1,0.0000
2417,-0.1556,-0.5782,-2.3312,2.9021,0.0678,1,0.0000
2418,-0.1556,-0.5797,-2.2644,2.8353,0.0669,1,0.0000
2419,-0.1555,-0.5787,-2.1966,2.7677,0.0677,1,0.0000
2420,-0.1555,-0.5804,-2.1298,2.7009,0.0669,1,0.0000
2421,-0.1554,-0.5760,-2.0621,2.6334,0.0678,1,0.0000
2422,-0.1554,-0.5781,-1.9953,2.5667,0.0669,1,0.0000
2423,-0.1553,-0.5751,-1.9276,2.4991,0.0678,1,0.0000
2424,-0.1554,-0.5775,-1.8609,2.4325,0.0668,1,0.0000
2425,-0.1553,-0.5763,-1.7931,2.3649,0.0678,1,0.0000
2426,-0.1553,-0.5789,-1.7265,2.2984,0.0667,1,0.0000
2427,-0.1552,-0.5792,-1.6588,2.2309,0.0677,1,0.0000
2428,-0.1553,-0.5818,-1.5924,2.1646,0.0665,1,0.0000
2429,-0.1551,-0.5833,-1.5248,2.0972,0.0676,1,0.0000
2430,-0.1552,-0.5860,-1.4587,2.0312,0.0662,1,0.0000
2431,-0.1551,-0.5883,-1.3913,1.9641,0.0674,1,0.0000
2432,-0.1551,-0.5909,-1.3255,1.8984,0.0659,1,0.0000
2433,-0.1550,-0.5931,-1.2581,1.8313,0.0674,1,0.0000
2434,-0.1551,-0.5954,-1.1926,1.7660,0.0656,1,0.0000
2435,-0.1550,-0.5970,-1.1253,1.6990,0.0672,1,0.0000
2436,-0.1550,-0.5989,-1.0601,1.6341,0.0652,1,0.0000
2437,-0.1549,-0.6000,-0.9932,1.5674,0.0669,1,0.0000
2438,-0.1549,-0.6016,-0.9283,1.5029,0.0649,1,0.0016
2439,-0.1549,-0.6021,-0.8619,1.4369,0.0663,1,0.0021
2440,-0.1549,-0.6033,-0.7973,1.3727,0.0646,1,0.0033
2441,-0.1549,-0.6032,-0.7314,1.3072,0.0660,1,0.0032
2442,-0.1549,-0.6041,-0.6670,1.2433,0.0644,1,0.0041
2443,-0.1548,-0.6036,-0.6012,1.1780,0.0658,1,0.0036
2444,-0.1548,-0.6044,-0.5370,1.1144,0.0642,1,0.0044
2445,-0.1547,-0.6042,-0.4712,1.0493,0.0658,1,0.0042
2446,-0.1548,-0.6049,-0.4072,0.9860,0.0640,1,0.0049
2447,-0.1547,-0.6051,-0.3416,0.9213,0.0656,1,0.0051
2448,-0.1547,-0.6058,-0.2778,0.8584,0.0638,1,0.0058
2449,-0.1546,-0.6044,-0.2121,0.7939,0.0657,1,0.0044
2450,-0.1546,-0.6048,-0.1484,0.7315,0.0637,1,0.0048
2451,-0.1545,-0.6026,-0.0827,0.6675,0.0657,1,0.0026
2452,-0.1546,-0.6028,-0.0191,0.6058,0.0636,1,0.0028
2453,-0.1545,-0.6001,0.0460,0.5430,0.0652,1,0.0001
2454,-0.1545,-0.6000,0.1096,0.4824,0.0636,1,0.0000
2455,-0.1544,-0.5972,0.1750,0.4210,0.0654,1,0.0000
2456,-0.1545,-0.5969,0.2386,0.3625,0.0637,1,0.0000
2457,-0.1543,-0.5947,0.3043,0.3044,0.0657,1,0.0000
2458,-0.1544,-0.5943,0.3680,0.2516,0.0637,1,0.0000
2459,-0.1542,-0.5929,0.4337,0.2037,0.0657,1,0.0000
2460,-0.1543,-0.5925,0.4976,0.1691,0.0638,1,0.0000
2461,-0.1542,-0.5918,0.5633,0.1544,0.0658,1,0.0000
2462,-0.1542,-0.5914,0.6273,0.1659,0.0639,1,0.0000
2463,-0.1541,-0.5914,0.6932,0.1995,0.0659,1,0.0000
2464,-0.1541,-0.5910,0.7572,0.2452,0.0640,1,0.0000
2465,-0.1557,-0.5914,0.8201,0.2976,0.0629,1,0.0000
2466,-0.1557,-0.5911,0.8842,0.3538,0.0641,1,0.0000
2467,-0.1614,-0.5914,0.9388,0.4057,0.0548,1,0.0000
2468,-0.1610,-0.5910,1.0030,0.4652,0.0642,1,0.0000
2469,-0.1656,-0.5916,1.0585,0.5191,0.0557,1,0.0000
2470,-0.1651,-0.5912,1.1229,0.5804,0.0644,1,0.0000
2471,-0.1691,-0.5921,1.1791,0.6355,0.0564,1,0.0000
2472,-0.1684,-0.5918,1.2437,0.6978,0.0645,1,0.0000
2473,-0.1713,-0.5929,1.2976,0.7509,0.0540,1,0.0000
2474,-0.1706,-0.5922,1.3623,0.8138,0.0647,1,0.0000
2475,-0.1734,-0.5938,1.4154,0.8664,0.0532,1,0.0000
2476,-0.1726,-0.5929,1.4803,0.9299,0.0649,1,0.0000
2477,-0.1764,-0.5958,1.5372,0.9865,0.0570,1,0.0000
2478,-0.1756,-0.5950,1.6023,1.0505,0.0651,1,0.0000
2479,-0.1792,-0.5994,1.6584,1.1064,0.0564,1,0.0000
2480,-0.1784,-0.5989,1.7236,1.1707,0.0653,1,0.0000
2481,-0.1819,-0.5989,1.7814,1.2283,0.0579,1,0.0000
2482,-0.1811,-0.5983,1.8467,1.2929,0.0654,1,0.0000
2483,-0.1842,-0.5980,1.9047,1.3507,0.0581,1,0.0000
2484,-0.1835,-0.5974,1.9702,1.4156,0.0655,1,0.0000
2485,-0.1864,-0.5968,2.0284,1.4737,0.0583,1,0.0000
2486,-0.1856,-0.5963,2.0940,1.5387,0.0656,1,0.0000
2487,-0.1883,-0.5956,2.1525,1.5971,0.0585,1,0.0000
2488,-0.1876,-0.5951,2.2182,1.6623,0.0657,1,0.0000
2489,-0.1900,-0.5945,2.2769,1.7208,0.0587,1,0.0000
2490,-0.1893,-0.5939,2.3428,1.7862,0.0658,1,0.0000
2491,-0.1915,-0.5934,2.4017,1.8450,0.0589,1,0.0000
2492,-0.1909,-0.5929,2.4676,1.9106,0.0659,1,0.0000
2493,-0.1929,-0.5925,2.5267,1.9696,0.0591,1,0.0000
2494,-0.1936,-0.5924,2.4599,1.9032,0.0668,1,0.0000
2495,-0.1966,-0.5924,2.3863,1.8303,0.0737,1,0.0000
2496,-0.1972,-0.5924,2.3195,1.7639,0.0668,1,0.0000
2497,-0.1999,-0.5925,2.2459,1.6912,0.0736,1,0.0000
2498,-0.2005,-0.5924,2.1791,1.6249,0.0668,1,0.0000
2499,-0.2029,-0.5926,2.1056,1.5524,0.0735,1,0.0000
2500,-0.2035,-0.5926,2.0388,1.4862,0.0668,1,0.0000
2501,-0.2056,-0.5928,1.9654,1.4139,0.0734,1,0.0000
2502,-0.2062,-0.5928,1.8986,1.3479,0.0668,1,0.0000
2503,-0.2080,-0.5931,1.8253,1.2758,0.0733,1,0.0000
2504,-0.2085,-0.5931,1.7585,1.2100,0.0668,1,0.0000
2505,-0.2101,-0.5935,1.6852,1.1382,0.0732,1,0.0000
2506,-0.2106,-0.5935,1.6184,1.0727,0.0668,1,0.0000
2507,-0.2119,-0.5939,1.5453,1.0014,0.0731,1,0.0000
2508,-0.2124,-0.5939,1.4784,0.9363,0.0668,1,0.0000
2509,-0.2134,-0.5943,1.4054,0.8655,0.0731,1,0.0000
2510,-0.2139,-0.5943,1.3385,0.8010,0.0668,1,0.0000
2511,-0.2146,-0.5948,1.2656,0.7312,0.0730,1,0.0000
2512,-0.2151,-0.5948,1.1987,0.6677,0.0668,1,0.0000
2513,-0.2156,-0.5953,1.1258,0.5994,0.0729,1,0.0000
2514,-0.2160,-0.5953,1.0590,0.5377,0.0668,1,0.0000
2515,-0.2163,-0.5957,0.9862,0.4721,0.0728,1,0.0000
2516,-0.2167,-0.5957,0.9194,0.4140,0.0668,1,0.0000
2517,-0.2168,-0.5962,0.8466,0.3542,0.0727,1,0.0000
2518,-0.2172,-0.5962,0.7798,0.3043,0.0668,1,0.0000
2519,-0.2170,-0.5967,0.7072,0.2586,0.0727,1,0.0000
2520,-0.2173,-0.5967,0.6403,0.2295,0.0668,1,0.0000
2521,-0.2170,-0.5971,0.5678,0.2170,0.0726,1,0.0000
2522,-0.2173,-0.5971,0.5009,0.2270,0.0668,1,0.0000
2523,-0.2167,-0.5975,0.4284,0.2570,0.0725,1,0.0000
2524,-0.2170,-0.5975,0.3616,0.2985,0.0668,1,0.0000
2525,-0.2162,-0.5979,0.2892,0.3517,0.0725,1,0.0000
2526,-0.2165,-0.5978,0.2224,0.4066,0.0668,1,0.0000
2527,-0.2156,-0.5981,0.1522,0.4671,0.0702,1,0.0000
2528,-0.2158,-0.5981,0.0854,0.5274,0.0668,1,0.0000
2529,-0.2149,-0.5982,0.0202,0.5871,0.0651,1,0.0000
2530,-0.2151,-0.5981,-0.0466,0.6498,0.0668,1,0.0000
2531,-0.2146,-0.5981,-0.1119,0.7116,0.0653,1,0.0000
2532,-0.2148,-0.5981,-0.1787,0.7756,0.0668,1,0.0000
2533,-0.2146,-0.5981,-0.2442,0.8387,0.0655,1,0.0000
2534,-0.2147,-0.5981,-0.3110,0.9035,0.0668,1,0.0000
2535,-0.2147,-0.5982,-0.3784,0.9691,0.0674,1,0.0000
2536,-0.2148,-0.5982,-0.4453,1.0344,0.0668,1,0.0000
2537,-0.2147,-0.5986,-0.5163,1.1040,0.0710,1,0.0000
2538,-0.2148,-0.5986,-0.5832,1.1696,0.0668,1,0.0000
2539,-0.2145,-0.5986,-0.6486,1.2340,0.0654,1,0.0000
2540,-0.2146,-0.5986,-0.7155,1.2999,0.0668,1,0.0000
2541,-0.2145,-0.5985,-0.7810,1.3645,0.0655,1,0.0000
2542,-0.2147,-0.5985,-0.8478,1.4306,0.0669,1,0.0000
2543,-0.2147,-0.5985,-0.9134,1.4955,0.0656,1,0.0000
2544,-0.2149,-0.5985,-0.9803,1.5617,0.0668,1,0.0000
2545,-0.2151,-0.5986,-1.0459,1.6268,0.0657,1,0.0000
2546,-0.2152,-0.5986,-1.1128,1.6931,0.0669,1,0.0000
2547,-0.2154,-0.5993,-1.1840,1.7638,0.0712,1,0.0000
2548,-0.2155,-0.5993,-1.2508,1.8301,0.0668,1,0.0000
2549,-0.2152,-0.5992,-1.3181,1.8970,0.0673,1,0.0000
2550,-0.2154,-0.5992,-1.3850,1.9634,0.0668,1,0.0000
2551,-0.2152,-0.5989,-1.4505,2.0285,0.0655,1,0.0000
2552,-0.2153,-0.5989,-1.5173,2.0950,0.0668,1,0.0000
2553,-0.2154,-0.5987,-1.5829,2.1603,0.0656,1,0.0000
2554,-0.2155,-0.5987,-1.6497,2.2268,0.0668,1,0.0000
2555,-0.2158,-0.5985,-1.7154,2.2921,0.0656,1,0.0000
2556,-0.2159,-0.5985,-1.7822,2.3587,0.0668,1,0.0000
2557,-0.2163,-0.5984,-1.8479,2.4241,0.0657,1,0.0000
2558,-0.2164,-0.5984,-1.9147,2.4907,0.0668,1,0.0000
2559,-0.2167,-0.5994,-1.9859,2.5616,0.0712,1,0.0000
2560,-0.2168,-0.5994,-2.0527,2.6283,0.0668,1,0.0000
2561,-0.2165,-0.5992,-2.1200,2.6953,0.0673,1,0.0000
2562,-0.2166,-0.5992,-2.1868,2.7619,0.0668,1,0.0000
2563,-0.2165,-0.5987,-2.2524,2.8272,0.0655,1,0.0000
2564,-0.2166,-0.5987,-2.3192,2.8939,0.0668,1,0.0000
2565,-0.2167,-0.5984,-2.3847,2.9593,0.0656,1,0.0000
2566,-0.2168,-0.5984,-2.4516,3.0259,0.0668,1,0.0000
2567,-0.2172,-0.5982,-2.5172,3.0914,0.0656,1,0.0000
2568,-0.2172,-0.5982,-2.4507,3.0251,0.0664,1,0.0000
2569,-0.2175,-0.5982,-2.3831,2.9577,0.0676,1,0.0000
2570,-0.2175,-0.5982,-2.3167,2.8915,0.0664,1,0.0000
2571,-0.2177,-0.5993,-2.2546,2.8296,0.0621,1,0.0000
2572,-0.2177,-0.5993,-2.1882,2.7633,0.0664,1,0.0000
2573,-0.2173,-0.5991,-2.1222,2.6976,0.0660,1,0.0000
2574,-0.2173,-0.5991,-2.0558,2.6313,0.0664,1,0.0000
2575,-0.2171,-0.5986,-1.9880,2.5638,0.0678,1,0.0000
2576,-0.2171,-0.5986,-1.9215,2.4976,0.0665,1,0.0000
2577,-0.2172,-0.5984,-1.8538,2.4301,0.0677,1,0.0000
2578,-0.2172,-0.5984,-1.7874,2.3640,0.0664,1,0.0000
2579,-0.2174,-0.5983,-1.7197,2.2966,0.0677,1,0.0000
2580,-0.2174,-0.5983,-1.6533,2.2305,0.0665,1,0.0000
2581,-0.2177,-0.5983,-1.5856,2.1632,0.0676,1,0.0000
2582,-0.2177,-0.5983,-1.5192,2.0971,0.0665,1,0.0000
2583,-0.2180,-0.5983,-1.4516,2.0299,0.0676,1,0.0000
2584,-0.2180,-0.5983,-1.3851,1.9638,0.0665,1,0.0000
2585,-0.2184,-0.5983,-1.3175,1.8967,0.0676,1,0.0000
2586,-0.2184,-0.5983,-1.2511,1.8307,0.0665,1,0.0000
2587,-0.2188,-0.5984,-1.1835,1.7637,0.0676,1,0.0000
2588,-0.2188,-0.5984,-1.1170,1.6978,0.0665,1,0.0000
2589,-0.2191,-0.5984,-1.0495,1.6308,0.0676,1,0.0000
2590,-0.2191,-0.5984,-0.9830,1.5650,0.0665,1,0.0000
2591,-0.2195,-0.5984,-0.9154,1.4982,0.0676,1,0.0000
2592,-0.2195,-0.5984,-0.8490,1.4325,0.0665,1,0.0000
2593,-0.2198,-0.5983,-0.7814,1.3658,0.0676,1,0.0000
2594,-0.2198,-0.5983,-0.7149,1.3002,0.0665,1,0.0000
2595,-0.2201,-0.5983,-0.6473,1.2337,0.0676,1,0.0000
2596,-0.2201,-0.5982,-0.5809,1.1684,0.0665,1,0.0000
2597,-0.2204,-0.5982,-0.5133,1.1021,0.0676,1,0.0000
2598,-0.2204,-0.5981,-0.4468,1.0371,0.0665,1,0.0000
2599,-0.2207,-0.5981,-0.3792,0.9712,0.0676,1,0.0000
2600,-0.2206,-0.5980,-0.3127,0.9066,0.0665,1,0.0000
2601,-0.2210,-0.5981,-0.2453,0.8414,0.0675,1,0.0000
2602,-0.2209,-0.5981,-0.1787,0.7774,0.0665,1,0.0000
2603,-0.2212,-0.5983,-0.1112,0.7130,0.0675,1,0.0000
2604,-0.2212,-0.5983,-0.0447,0.6501,0.0665,1,0.0000
2605,-0.2215,-0.5984,0.0228,0.5872,0.0675,1,0.0000
2606,-0.2214,-0.5984,0.0893,0.5261,0.0665,1,0.0000
2607,-0.2216,-0.5985,0.1568,0.4659,0.0675,1,0.0000
2608,-0.2216,-0.5985,0.2233,0.4086,0.0665,1,0.0000
2609,-0.2218,-0.5986,0.2908,0.3539,0.0675,1,0.0000
2610,-0.2217,-0.5986,0.3573,0.3048,0.0665,1,0.0000
2611,-0.2219,-0.5987,0.4248,0.2633,0.0675,1,0.0000
2612,-0.2218,-0.5987,0.4914,0.2342,0.0665,1,0.0000
2613,-0.2220,-0.5987,0.5589,0.2222,0.0675,1,0.0000
2614,-0.2219,-0.5987,0.6254,0.2296,0.0665,1,0.0000
2615,-0.2221,-0.5987,0.6929,0.2555,0.0675,1,0.0000
2616,-0.2220,-0.5987,0.7594,0.2941,0.0665,1,0.0000
2617,-0.2222,-0.5986,0.8269,0.3423,0.0675,1,0.0000
2618,-0.2221,-0.5986,0.8935,0.3952,0.0666,1,0.0000
2619,-0.2222,-0.5986,0.9610,0.4527,0.0675,1,0.0000
2620,-0.2221,-0.5986,1.0275,0.5117,0.0666,1,0.0000
2621,-0.2222,-0.5985,1.0950,0.5733,0.0675,1,0.0000
2622,-0.2221,-0.5985,1.1616,0.6351,0.0666,1,0.0000
2623,-0.2222,-0.5984,1.2291,0.6988,0.0675,1,0.0000
2624,-0.2221,-0.5984,1.2956,0.7621,0.0666,1,0.0000
2625,-0.2222,-0.5983,1.3631,0.8270,0.0675,1,0.0000
2626,-0.2220,-0.5983,1.4297,0.8912,0.0666,1,0.0000
2627,-0.2222,-0.5982,1.4972,0.9568,0.0675,1,0.0000
2628,-0.2220,-0.5982,1.5638,1.0216,0.0666,1,0.0000
2629,-0.2221,-0.5981,1.6313,1.0876,0.0675,1,0.0000
2630,-0.2219,-0.5981,1.6979,1.1528,0.0666,1,0.0000
2631,-0.2220,-0.5980,1.7654,1.2192,0.0675,1,0.0000
2632,-0.2218,-0.5980,1.8319,1.2847,0.0666,1,0.0000
2633,-0.2219,-0.5979,1.8994,1.3512,0.0675,1,0.0000
2634,-0.2217,-0.5979,1.9660,1.4169,0.0666,1,0.0000
2635,-0.2218,-0.5978,2.0336,1.4836,0.0675,1,0.0000
2636,-0.2216,-0.5978,2.1002,1.5495,0.0666,1,0.0000
2637,-0.2216,-0.5977,2.1677,1.6164,0.0675,1,0.0000
2638,-0.2214,-0.5977,2.2343,1.6823,0.0666,1,0.0000
2639,-0.2215,-0.5976,2.3018,1.7493,0.0675,1,0.0000
2640,-0.2213,-0.5976,2.3684,1.8154,0.0666,1,0.0000
2641,-0.2213,-0.5976,2.4359,1.8824,0.0675,1,0.0000
2642,-0.2211,-0.5975,2.5026,1.9485,0.0666,1,0.0000
2643,-0.2216,-0.5975,2.4367,1.8832,0.0658,1,0.0000
2644,-0.2219,-0.5975,2.3700,1.8170,0.0667,1,0.0000
2645,-0.2224,-0.5975,2.3042,1.7518,0.0658,1,0.0000
2646,-0.2227,-0.5975,2.2375,1.6857,0.0667,1,0.0000
2647,-0.2232,-0.5975,2.1717,1.6206,0.0658,1,0.0000
2648,-0.2235,-0.5976,2.1050,1.5546,0.0667,1,0.0000
2649,-0.2241,-0.5975,2.0392,1.4896,0.0658,1,0.0000
2650,-0.2243,-0.5976,1.9726,1.4237,0.0667,1,0.0000
2651,-0.2249,-0.5975,1.9067,1.3589,0.0658,1,0.0000
2652,-0.2252,-0.5976,1.8401,1.2932,0.0667,1,0.0000
2653,-0.2259,-0.5976,1.7742,1.2286,0.0659,1,0.0000
2654,-0.2261,-0.5976,1.7075,1.1632,0.0667,1,0.0000
2655,-0.2269,-0.5981,1.6416,1.0987,0.0660,1,0.0000
2656,-0.2272,-0.5981,1.5749,1.0336,0.0667,1,0.0000
2657,-0.2280,-0.5986,1.5090,0.9696,0.0660,1,0.0000
2658,-0.2282,-0.5986,1.4423,0.9050,0.0667,1,0.0000
2659,-0.2290,-0.5990,1.3764,0.8416,0.0659,1,0.0000
2660,-0.2292,-0.5990,1.3097,0.7777,0.0667,1,0.0000
2661,-0.2300,-0.5993,1.2438,0.7152,0.0659,1,0.0000
2662,-0.2303,-0.5993,1.1772,0.6525,0.0667,1,0.0000
2663,-0.2310,-0.5994,1.1112,0.5916,0.0659,1,0.0000
2664,-0.2313,-0.5994,1.0446,0.5310,0.0667,1,0.0000
2665,-0.2321,-0.5995,0.9786,0.4729,0.0659,1,0.0000
2666,-0.2324,-0.5995,0.9120,0.4163,0.0667,1,0.0000
2667,-0.2332,-0.5995,0.8460,0.3640,0.0659,1,0.0000
2668,-0.2335,-0.5995,0.7794,0.3159,0.0667,1,0.0000
2669,-0.2343,-0.5995,0.7134,0.2765,0.0660,1,0.0000
2670,-0.2346,-0.5995,0.6467,0.2479,0.0667,1,0.0000
2671,-0.2354,-0.5995,0.5808,0.2359,0.0660,1,0.0000
2672,-0.2357,-0.5995,0.5141,0.2415,0.0667,1,0.0000
2673,-0.2366,-0.5994,0.4482,0.2646,0.0660,1,0.0000
2674,-0.2369,-0.5994,0.3815,0.3006,0.0667,1,0.0000
2675,-0.2378,-0.5994,0.3155,0.3458,0.0660,1,0.0000
2676,-0.2381,-0.5993,0.2489,0.3971,0.0667,1,0.0000
2677,-0.2391,-0.5993,0.1829,0.4521,0.0660,1,0.0000
2678,-0.2394,-0.5993,0.1162,0.5100,0.0667,1,0.0000
2679,-0.2403,-0.5992,0.0503,0.5695,0.0660,1,0.0000
2680,-0.2406,-0.5992,-0.0164,0.6307,0.0667,1,0.0000
2681,-0.2416,-0.5992,-0.0824,0.6925,0.0660,1,0.0000
2682,-0.2420,-0.5992,-0.1491,0.7554,0.0667,1,0.0000
2683,-0.2430,-0.5992,-0.2150,0.8185,0.0660,1,0.0000
2684,-0.2433,-0.5992,-0.2817,0.8825,0.0667,1,0.0000
2685,-0.2443,-0.5992,-0.3477,0.9464,0.0660,1,0.0000
2686,-0.2447,-0.5992,-0.4144,1.0110,0.0667,1,0.0000
2687,-0.2458,-0.5992,-0.4803,1.0754,0.0660,1,0.0000
2688,-0.2461,-0.5992,-0.5470,1.1405,0.0667,1,0.0000
2689,-0.2472,-0.5992,-0.6130,1.2052,0.0660,1,0.0000
2690,-0.2475,-0.5992,-0.6797,1.2706,0.0667,1,0.0000
2691,-0.2486,-0.5992,-0.7457,1.3356,0.0660,1,0.0000
2692,-0.2490,-0.5992,-0.8124,1.4012,0.0667,1,0.0000
2693,-0.2501,-0.5992,-0.8783,1.4664,0.0660,1,0.0000
2694,-0.2505,-0.5992,-0.9450,1.5322,0.0667,1,0.0000
2695,-0.2517,-0.5992,-1.0110,1.5975,0.0660,1,0.0000
2696,-0.2520,-0.5992,-1.0777,1.6635,0.0667,1,0.0000
2697,-0.2532,-0.5992,-1.1437,1.7289,0.0660,1,0.0000
2698,-0.2536,-0.5992,-1.2104,1.7950,0.0667,1,0.0000
2699,-0.2548,-0.5993,-1.2764,1.8605,0.0660,1,0.0000
2700,-0.2552,-0.5993,-1.3431,1.9266,0.0667,1,0.0000
2701,-0.2565,-0.5993,-1.4091,1.9922,0.0660,1,0.0000
2702,-0.2568,-0.5993,-1.4758,2.0584,0.0667,1,0.0000
2703,-0.2581,-0.5993,-1.5418,2.1241,0.0660,1,0.0000
2704,-0.2585,-0.5993,-1.6085,2.1904,0.0667,1,0.0000
2705,-0.2598,-0.5993,-1.6745,2.2561,0.0660,1,0.0000
2706,-0.2602,-0.5993,-1.7412,2.3224,0.0667,1,0.0000
2707,-0.2615,-0.5994,-1.8072,2.3882,0.0660,1,0.0000
2708,-0.2619,-0.5994,-1.8739,2.4545,0.0667,1,0.0000
2709,-0.2633,-0.5994,-1.9399,2.5203,0.0660,1,0.0000
2710,-0.2636,-0.5994,-2.0066,2.5867,0.0667,1,0.0000
2711,-0.2650,-0.5994,-2.0727,2.6525,0.0660,1,0.0000
2712,-0.2654,-0.5994,-2.1394,2.7189,0.0667,1,0.0000
2713,-0.2668,-0.5994,-2.2054,2.7848,0.0660,1,0.0000
2714,-0.2671,-0.5994,-2.2721,2.8512,0.0667,1,0.0000
2715,-0.2684,-0.5994,-2.3381,2.9170,0.0660,1,0.0000
2716,-0.2688,-0.5994,-2.4048,2.9835,0.0667,1,0.0000
2717,-0.2701,-0.5994,-2.4708,3.0493,0.0660,1,0.0000
2718,-0.2705,-0.5994,-2.5375,3.1159,0.0667,1,0.0000
2719,-0.2710,-0.5994,-2.4701,3.0488,0.0674,1,0.0000
2720,-0.2706,-0.5994,-2.4035,2.9824,0.0666,1,0.0000
2721,-0.2711,-0.5994,-2.3362,2.9154,0.0674,1,0.0000
2722,-0.2707,-0.5994,-2.2696,2.8490,0.0666,1,0.0000
2723,-0.2711,-0.5994,-2.2022,2.7820,0.0674,1,0.0000
2724,-0.2707,-0.5994,-2.1356,2.7157,0.0666,1,0.0000
2725,-0.2712,-0.5994,-2.0682,2.6487,0.0674,1,0.0000
2726,-0.2708,-0.5994,-2.0016,2.5824,0.0666,1,0.0000
2727,-0.2713,-0.5994,-1.9342,2.5155,0.0674,1,0.0000
2728,-0.2709,-0.5994,-1.8676,2.4492,0.0666,1,0.0000
2729,-0.2713,-0.5994,-1.8002,2.3823,0.0674,1,0.0000
2730,-0.2709,-0.5994,-1.7336,2.3161,0.0666,1,0.0000
2731,-0.2714,-0.5994,-1.6662,2.2492,0.0674,1,0.0000
2732,-0.2710,-0.5994,-1.5996,2.1831,0.0666,1,0.0000
2733,-0.2715,-0.5994,-1.5322,2.1163,0.0674,1,0.0000
2734,-0.2711,-0.5994,-1.4656,2.0502,0.0666,1,0.0000
2735,-0.2716,-0.5994,-1.3982,1.9834,0.0674,1,0.0000
2736,-0.2712,-0.5994,-1.3315,1.9174,0.0666,1,0.0000
2737,-0.2717,-0.5994,-1.2641,1.8508,0.0674,1,0.0000
2738,-0.2713,-0.5994,-1.1975,1.7848,0.0666,1,0.0000
2739,-0.2719,-0.5994,-1.1301,1.7183,0.0674,1,0.0000
2740,-0.2714,-0.5994,-1.0635,1.6525,0.0666,1,0.0000
2741,-0.2720,-0.5994,-0.9960,1.5861,0.0674,1,0.0000
2742,-0.2716,-0.5994,-0.9294,1.5204,0.0666,1,0.0000
2743,-0.2721,-0.5994,-0.8620,1.4543,0.0674,1,0.0000
2744,-0.2717,-0.5994,-0.7954,1.3888,0.0666,1,0.0000
2745,-0.2723,-0.5994,-0.7279,1.3228,0.0674,1,0.0000
2746,-0.2718,-0.5994,-0.6613,1.2576,0.0666,1,0.0000
2747,-0.2724,-0.5994,-0.5939,1.1920,0.0674,1,0.0000
2748,-0.2720,-0.5994,-0.5272,1.1271,0.0666,1,0.0000
2749,-0.2726,-0.5994,-0.4598,1.0620,0.0674,1,0.0000
2750,-0.2722,-0.5993,-0.3931,0.9976,0.0666,1,0.0000
2751,-0.2728,-0.5994,-0.3257,0.9330,0.0674,1,0.0000
2752,-0.2723,-0.5993,-0.2591,0.8694,0.0666,1,0.0000
2753,-0.2729,-0.5994,-0.1916,0.8058,0.0675,1,0.0000
2754,-0.2725,-0.5993,-0.1250,0.7433,0.0666,1,0.0000
2755,-0.2731,-0.5993,-0.0575,0.6812,0.0675,1,0.0000
2756,-0.2727,-0.5993,0.0091,0.6206,0.0667,1,0.0000
2757,-0.2733,-0.5993,0.0766,0.5611,0.0675,1,0.0000
2758,-0.2729,-0.5993,0.1432,0.5037,0.0667,1,0.0000
2759,-0.2735,-0.5993,0.2107,0.4489,0.0675,1,0.0000
2760,-0.2731,-0.5993,0.2774,0.3978,0.0667,1,0.0000
2761,-0.2738,-0.5993,0.3448,0.3523,0.0675,1,0.0000
2762,-0.2734,-0.5993,0.4115,0.3143,0.0667,1,0.0000
2763,-0.2740,-0.5993,0.4789,0.2877,0.0675,1,0.0000
2764,-0.2736,-0.5993,0.5456,0.2744,0.0667,1,0.0000
2765,-0.2743,-0.5993,0.6131,0.2782,0.0675,1,0.0000
2766,-0.2738,-0.5993,0.6797,0.2963,0.0667,1,0.0000
2767,-0.2745,-0.5993,0.7472,0.3286,0.0675,1,0.0000
2768,-0.2741,-0.5993,0.8139,0.3692,0.0667,1,0.0000
2769,-0.2748,-0.5993,0.8814,0.4178,0.0675,1,0.0000
2770,-0.2744,-0.5993,0.9480,0.4699,0.0667,1,0.0000
2771,-0.2751,-0.5993,1.0155,0.5265,0.0675,1,0.0000
2772,-0.2747,-0.5993,1.0822,0.5842,0.0667,1,0.0000
2773,-0.2754,-0.5993,1.1497,0.6448,0.0675,1,0.0000
2774,-0.2749,-0.5993,1.2163,0.7055,0.0667,1,0.0000
2775,-0.2757,-0.5993,1.2838,0.7684,0.0675,1,0.0000
2776,-0.2752,-0.5993,1.3505,0.8308,0.0667,1,0.0000
2777,-0.2760,-0.5993,1.4180,0.8950,0.0675,1,0.0000
2778,-0.2756,-0.5993,1.4846,0.9585,0.0667,1,0.0000
2779,-0.2763,-0.5993,1.5521,1.0236,0.0675,1,0.0000
2780,-0.2759,-0.5993,1.6188,1.0878,0.0667,1,0.0000
2781,-0.2767,-0.5993,1.6863,1.1534,0.0675,1,0.0000
2782,-0.2762,-0.5993,1.7530,1.2181,0.0667,1,0.0000
2783,-0.2770,-0.5993,1.8205,1.2841,0.0675,1,0.0000
2784,-0.2766,-0.5992,1.8872,1.3492,0.0667,1,0.0000
2785,-0.2774,-0.5993,1.9547,1.4155,0.0675,1,0.0000
2786,-0.2770,-0.5992,2.0214,1.4809,0.0667,1,0.0000
2787,-0.2778,-0.5992,2.0889,1.5474,0.0675,1,0.0000
2788,-0.2773,-0.5992,2.1556,1.6130,0.0667,1,0.0000
2789,-0.2781,-0.5992,2.2230,1.6797,0.0675,1,0.0000
2790,-0.2777,-0.5992,2.2897,1.7454,0.0667,1,0.0000
2791,-0.2785,-0.5992,2.3572,1.8122,0.0675,1,0.0000
2792,-0.2781,-0.5992,2.4239,1.8781,0.0667,1,0.0000
2793,-0.2790,-0.5992,2.4914,1.9450,0.0675,1,0.0000
2794,-0.2785,-0.5992,2.5581,2.0109,0.0667,1,0.0000
2795,-0.2802,-0.5992,2.4923,1.9460,0.0658,1,0.0000
2796,-0.2806,-0.5992,2.4257,1.8801,0.0666,1,0.0000
2797,-0.2823,-0.5992,2.3598,1.8153,0.0659,1,0.0000
2798,-0.2826,-0.5992,2.2932,1.7496,0.0666,1,0.0000
2799,-0.2843,-0.5992,2.2274,1.6849,0.0659,1,0.0000
2800,-0.2847,-0.5992,2.1607,1.6194,0.0666,1,0.0000
2801,-0.2864,-0.5993,2.0949,1.5549,0.0659,1,0.0000
2802,-0.2868,-0.5993,2.0282,1.4895,0.0666,1,0.0000
2803,-0.2886,-0.5993,1.9624,1.4253,0.0659,1,0.0000
2804,-0.2890,-0.5993,1.8957,1.3602,0.0666,1,0.0000
2805,-0.2907,-0.5993,1.8299,1.2963,0.0659,1,0.0000
2806,-0.2911,-0.5993,1.7632,1.2316,0.0666,1,0.0000
2807,-0.2929,-0.5993,1.6974,1.1681,0.0659,1,0.0000
2808,-0.2933,-0.5993,1.6307,1.1038,0.0666,1,0.0000
2809,-0.2951,-0.5993,1.5649,1.0410,0.0659,1,0.0000
2810,-0.2955,-0.5993,1.4982,0.9774,0.0667,1,0.0000
2811,-0.2973,-0.5993,1.4323,0.9154,0.0659,1,0.0000
2812,-0.2911,-0.5992,1.3676,0.8523,0.0650,1,0.0000
2813,-0.2782,-0.5990,1.3050,0.7891,0.0639,1,0.0000
2814,-0.2786,-0.5993,1.2384,0.7273,0.0667,1,0.0000
2815,-0.2805,-0.5994,1.1725,0.6677,0.0659,1,0.0000
2816,-0.2809,-0.5993,1.1058,0.6080,0.0667,1,0.0000
2817,-0.2827,-0.5994,1.0400,0.5514,0.0659,1,0.0000
2818,-0.2831,-0.5993,0.9733,0.4955,0.0667,1,0.0000
2819,-0.2844,-0.5993,0.9076,0.4441,0.0657,1,0.0000
2820,-0.2848,-0.5993,0.8410,0.3954,0.0667,1,0.0000
2821,-0.2859,-0.5993,0.7753,0.3539,0.0657,1,0.0000
2822,-0.2862,-0.5993,0.7086,0.3195,0.0667,1,0.0000
2823,-0.2876,-0.5993,0.6429,0.2975,0.0657,1,0.0000
2824,-0.2879,-0.5993,0.5762,0.2881,0.0667,1,0.0000
2825,-0.2893,-0.5993,0.5105,0.2947,0.0657,1,0.0000
2826,-0.2896,-0.5993,0.4439,0.3146,0.0667,1,0.0000
2827,-0.2910,-0.5993,0.3781,0.3467,0.0657,1,0.0000
2828,-0.2914,-0.5993,0.3115,0.3873,0.0667,1,0.0000
2829,-0.2928,-0.5993,0.2458,0.4343,0.0657,1,0.0000
2830,-0.2931,-0.5993,0.1791,0.4859,0.0667,1,0.0000
2831,-0.2946,-0.5994,0.1134,0.5405,0.0657,1,0.0000
2832,-0.2949,-0.5994,0.0467,0.5977,0.0667,1,0.0000
2833,-0.2962,-0.5994,-0.0190,0.6563,0.0657,1,0.0000
2834,-0.2960,-0.5994,-0.0857,0.7163,0.0667,1,0.0000
2835,-0.2971,-0.5994,-0.1515,0.7771,0.0657,1,0.0000
2836,-0.2968,-0.5994,-0.2181,0.8390,0.0667,1,0.0000
2837,-0.2977,-0.5995,-0.2839,0.9010,0.0657,1,0.0000
2838,-0.2972,-0.5995,-0.3505,0.9641,0.0667,1,0.0000
2839,-0.2980,-0.5995,-0.4163,1.0270,0.0657,1,0.0000
2840,-0.2975,-0.5995,-0.4830,1.0909,0.0667,1,0.0000
2841,-0.2981,-0.5995,-0.5487,1.1544,0.0657,1,0.0000
2842,-0.2975,-0.5995,-0.6154,1.2188,0.0667,1,0.0000
2843,-0.2981,-0.5995,-0.6811,1.2828,0.0657,1,0.0000
2844,-0.2974,-0.5995,-0.7478,1.3476,0.0667,1,0.0000
2845,-0.2979,-0.5996,-0.8135,1.4119,0.0657,1,0.0000
2846,-0.2973,-0.5996,-0.8802,1.4770,0.0667,1,0.0000
2847,-0.2978,-0.5996,-0.9460,1.5416,0.0657,1,0.0000
2848,-0.2971,-0.5996,-1.0127,1.6070,0.0667,1,0.0000
2849,-0.2976,-0.5996,-1.0784,1.6717,0.0657,1,0.0000
2850,-0.2979,-0.5996,-1.1451,1.7374,0.0667,1,0.0000
2851,-0.2994,-0.5996,-1.2108,1.8025,0.0657,1,0.0000
2852,-0.2998,-0.5996,-1.2775,1.8683,0.0667,1,0.0000
2853,-0.3013,-0.5996,-1.3433,1.9335,0.0657,1,0.0000
2854,-0.3016,-0.5996,-1.4100,1.9994,0.0667,1,0.0000
2855,-0.3032,-0.5996,-1.4757,2.0647,0.0658,1,0.0000
2856,-0.3035,-0.5996,-1.5424,2.1307,0.0667,1,0.0000
2857,-0.3050,-0.5996,-1.6081,2.1960,0.0658,1,0.0000
2858,-0.3053,-0.5996,-1.6748,2.2621,0.0667,1,0.0000
2859,-0.3069,-0.5996,-1.7406,2.3275,0.0658,1,0.0000
2860,-0.3072,-0.5996,-1.8073,2.3937,0.0667,1,0.0000
2861,-0.3088,-0.5996,-1.8730,2.4591,0.0658,1,0.0000
2862,-0.3091,-0.5996,-1.9397,2.5253,0.0667,1,0.0000
2863,-0.3107,-0.5996,-2.0055,2.5908,0.0658,1,0.0000
2864,-0.3110,-0.5996,-2.0722,2.6570,0.0667,1,0.0000
2865,-0.3126,-0.5997,-2.1379,2.7225,0.0658,1,0.0000
2866,-0.3129,-0.5997,-2.2046,2.7888,0.0667,1,0.0000
2867,-0.3146,-0.5997,-2.2704,2.8544,0.0658,1,0.0000
2868,-0.3149,-0.5997,-2.3371,2.9207,0.0667,1,0.0000
2869,-0.3166,-0.5997,-2.4029,2.9863,0.0658,1,0.0000
2870,-0.3169,-0.5997,-2.4696,3.0527,0.0667,1,0.0000
2871,-0.3186,-0.5997,-2.5353,3.1183,0.0658,1,0.0000
2872,-0.3183,-0.5997,-2.4687,3.0520,0.0666,1,0.0000
2873,-0.3194,-0.5997,-2.4012,2.9849,0.0676,1,0.0000
2874,-0.3190,-0.5997,-2.3346,2.9186,0.0666,1,0.0000
2875,-0.3202,-0.5997,-2.2670,2.8516,0.0676,1,0.0000
2876,-0.3198,-0.5997,-2.2004,2.7854,0.0666,1,0.0000
2877,-0.3210,-0.5997,-2.1328,2.7184,0.0676,1,0.0000
2878,-0.3206,-0.5997,-2.0662,2.6522,0.0666,1,0.0000
2879,-0.3218,-0.5997,-1.9986,2.5853,0.0676,1,0.0000
2880,-0.3215,-0.5997,-1.9320,2.5192,0.0666,1,0.0000
2881,-0.3227,-0.5997,-1.8645,2.4524,0.0676,1,0.0000
2882,-0.3224,-0.5997,-1.7979,2.3863,0.0666,1,0.0000
2883,-0.3237,-0.5997,-1.7303,2.3196,0.0676,1,0.0000
2884,-0.3233,-0.5997,-1.6637,2.2536,0.0666,1,0.0000
2885,-0.3227,-0.5995,-1.5962,2.1867,0.0675,1,0.0000
2886,-0.3224,-0.5995,-1.5296,2.1208,0.0666,1,0.0000
2887,-0.3176,-0.5991,-1.4621,2.0534,0.0676,1,0.0000
2888,-0.3174,-0.5991,-1.3955,1.9876,0.0666,1,0.0000
2889,-0.3146,-0.5989,-1.3278,1.9204,0.0677,1,0.0000
2890,-0.3144,-0.5989,-1.2612,1.8546,0.0666,1,0.0000
2891,-0.3129,-0.5988,-1.1934,1.7876,0.0678,1,0.0000
2892,-0.3114,-0.5988,-1.1273,1.7222,0.0662,1,0.0000
2893,-0.2916,-0.5990,-1.0653,1.6577,0.0651,1,0.0000
2894,-0.2916,-0.5989,-0.9986,1.5922,0.0666,1,0.0000
2895,-0.2911,-0.5990,-0.9308,1.5254,0.0679,1,0.0000
2896,-0.2910,-0.5990,-0.8641,1.4600,0.0666,1,0.0000
2897,-0.2908,-0.5991,-0.7962,1.3935,0.0679,1,0.0000
2898,-0.2908,-0.5991,-0.7296,1.3284,0.0666,1,0.0000
2899,-0.2906,-0.5992,-0.6617,1.2622,0.0679,1,0.0000
2900,-0.2906,-0.5993,-0.5950,1.1974,0.0666,1,0.0000
2901,-0.2906,-0.5994,-0.5271,1.1316,0.0679,1,0.0000
2902,-0.2906,-0.5994,-0.4605,1.0674,0.0666,1,0.0000
2903,-0.2906,-0.5995,-0.3926,1.0022,0.0679,1,0.0000
2904,-0.2906,-0.5995,-0.3259,0.9386,0.0666,1,0.0000
2905,-0.2906,-0.5996,-0.2580,0.8743,0.0679,1,0.0000
2906,-0.2906,-0.5996,-0.1914,0.8118,0.0666,1,0.0000
2907,-0.2907,-0.5997,-0.1235,0.7488,0.0679,1,0.0000
2908,-0.2907,-0.5997,-0.0568,0.6878,0.0666,1,0.0000
2909,-0.2907,-0.5997,0.0111,0.6270,0.0679,1,0.0000
2910,-0.2907,-0.5997,0.0777,0.5688,0.0666,1,0.0000
2911,-0.2908,-0.5998,0.1456,0.5116,0.0679,1,0.0000
2912,-0.2908,-0.5998,0.2123,0.4583,0.0666,1,0.0000
2913,-0.2908,-0.5998,0.2802,0.4082,0.0679,1,0.0000
2914,-0.2908,-0.5998,0.3468,0.3645,0.0666,1,0.0000
2915,-0.2909,-0.5998,0.4147,0.3281,0.0679,1,0.0000
2916,-0.2909,-0.5998,0.4814,0.3031,0.0666,1,0.0000
2917,-0.2909,-0.5998,0.5493,0.2914,0.0679,1,0.0000
2918,-0.2909,-0.5998,0.6159,0.2951,0.0666,1,0.0000
2919,-0.2910,-0.5998,0.6838,0.3137,0.0679,1,0.0000
2920,-0.2910,-0.5998,0.7504,0.3442,0.0666,1,0.0000
2921,-0.2910,-0.5997,0.8183,0.3848,0.0679,1,0.0000
2922,-0.2910,-0.5997,0.8850,0.4313,0.0666,1,0.0000
2923,-0.2911,-0.5997,0.9528,0.4836,0.0679,1,0.0000
2924,-0.2910,-0.5997,1.0195,0.5384,0.0666,1,0.0000
2925,-0.2911,-0.5997,1.0874,0.5966,0.0679,1,0.0000
2926,-0.2911,-0.5997,1.1540,0.6556,0.0666,1,0.0000
2927,-0.2911,-0.5996,1.2219,0.7170,0.0679,1,0.0000
2928,-0.2911,-0.5996,1.2885,0.7784,0.0666,1,0.0000
2929,-0.2912,-0.5996,1.3564,0.8418,0.0679,1,0.0000
2930,-0.2911,-0.5996,1.4230,0.9046,0.0666,1,0.0000
2931,-0.2912,-0.5996,1.4909,0.9691,0.0679,1,0.0000
2932,-0.2912,-0.5996,1.5575,1.0329,0.0666,1,0.0000
2933,-0.2912,-0.5996,1.6254,1.0981,0.0679,1,0.0000
2934,-0.2912,-0.5996,1.6920,1.1625,0.0666,1,0.0000
2935,-0.2913,-0.5996,1.7599,1.2284,0.0679,1,0.0000
2936,-0.2913,-0.5996,1.8265,1.2932,0.0666,1,0.0000
2937,-0.2913,-0.5996,1.8944,1.3594,0.0679,1,0.0000
2938,-0.2913,-0.5996,1.9610,1.4246,0.0666,1,0.0000
2939,-0.2913,-0.5996,2.0289,1.4911,0.0679,1,0.0000
2940,-0.2913,-0.5996,2.0955,1.5565,0.0666,1,0.0000
2941,-0.2914,-0.5996,2.1634,1.6232,0.0678,1,0.0000
2942,-0.2914,-0.5996,2.2300,1.6888,0.0666,1,0.0000
2943,-0.2914,-0.5996,2.2979,1.7556,0.0678,1,0.0000
2944,-0.2914,-0.5996,2.3645,1.8214,0.0666,1,0.0000
2945,-0.2915,-0.5996,2.4324,1.8884,0.0678,1,0.0000
2946,-0.2915,-0.5996,2.4990,1.9543,0.0666,1,0.0000
2947,-0.2915,-0.5996,2.5668,2.0214,0.0678,1,0.0000
2948,-0.2915,-0.5996,2.5001,1.9554,0.0667,1,0.0000
2949,-0.2916,-0.5996,2.4346,1.8907,0.0655,1,0.0000
2950,-0.2916,-0.5996,2.3679,1.8248,0.0667,1,0.0000
2951,-0.2917,-0.5996,2.3024,1.7602,0.0655,1,0.0000
2952,-0.2917,-0.5996,2.2357,1.6945,0.0667,1,0.0000
2953,-0.2918,-0.5997,2.1702,1.6300,0.0655,1,0.0000
2954,-0.2918,-0.5997,2.1035,1.5644,0.0667,1,0.0000
2955,-0.2920,-0.5995,2.0377,1.4998,0.0658,1,0.0000
2956,-0.2919,-0.5995,1.9710,1.4345,0.0667,1,0.0000
2957,-0.2917,-0.5994,1.9052,1.3701,0.0658,1,0.0000
2958,-0.2916,-0.5994,1.8385,1.3050,0.0667,1,0.0000
2959,-0.2911,-0.5994,1.7728,1.2409,0.0657,1,0.0000
2960,-0.2911,-0.5994,1.7061,1.1761,0.0667,1,0.0000
2961,-0.2904,-0.5994,1.6404,1.1124,0.0657,1,0.0000
2962,-0.2903,-0.5994,1.5737,1.0482,0.0667,1,0.0000
2963,-0.2896,-0.5994,1.5081,0.9850,0.0657,1,0.0000
2964,-0.2895,-0.5994,1.4414,0.9215,0.0667,1,0.0000
2965,-0.2888,-0.5994,1.3758,0.8592,0.0656,1,0.0000
2966,-0.2887,-0.5994,1.3091,0.7966,0.0667,1,0.0000
2967,-0.2879,-0.5995,1.2435,0.7355,0.0656,1,0.0000
2968,-0.2878,-0.5995,1.1768,0.6746,0.0667,1,0.0000
2969,-0.2870,-0.5995,1.1111,0.6156,0.0656,1,0.0000
2970,-0.2869,-0.5995,1.0445,0.5574,0.0667,1,0.0000
2971,-0.2862,-0.5996,0.9788,0.5018,0.0656,1,0.0000
2972,-0.2861,-0.5996,0.9121,0.4486,0.0667,1,0.0000
2973,-0.2853,-0.5996,0.8465,0.3997,0.0656,1,0.0000
2974,-0.2852,-0.5996,0.7798,0.3561,0.0667,1,0.0000
2975,-0.2844,-0.5997,0.7142,0.3204,0.0656,1,0.0000
2976,-0.2843,-0.5997,0.6475,0.2956,0.0667,1,0.0000
2977,-0.2836,-0.5997,0.5819,0.2840,0.0656,1,0.0000
2978,-0.2835,-0.5997,0.5152,0.2881,0.0667,1,0.0000
2979,-0.2827,-0.5997,0.4496,0.3060,0.0656,1,0.0000
2980,-0.2826,-0.5997,0.3829,0.3371,0.0667,1,0.0000
2981,-0.2818,-0.5998,0.3173,0.3763,0.0656,1,0.0000
2982,-0.2818,-0.5998,0.2506,0.4234,0.0667,1,0.0000
2983,-0.2810,-0.5998,0.1849,0.4739,0.0656,1,0.0000
2984,-0.2809,-0.5998,0.1182,0.5291,0.0667,1,0.0000
2985,-0.2801,-0.5998,0.0526,0.5854,0.0656,1,0.0000
2986,-0.2800,-0.5998,-0.0141,0.6447,0.0667,1,0.0000
2987,-0.2793,-0.5998,-0.0797,0.7041,0.0656,1,0.0000
2988,-0.2792,-0.5998,-0.1464,0.7657,0.0667,1,0.0000
2989,-0.2784,-0.5998,-0.2121,0.8269,0.0657,1,0.0000
2990,-0.2783,-0.5998,-0.2788,0.8900,0.0667,1,0.0000
2991,-0.2775,-0.5998,-0.3444,0.9523,0.0657,1,0.0000
2992,-0.2774,-0.5998,-0.4111,1.0163,0.0667,1,0.0000
2993,-0.2767,-0.5997,-0.4768,1.0794,0.0657,1,0.0000
2994,-0.2766,-0.5997,-0.5434,1.1440,0.0667,1,0.0000
2995,-0.2758,-0.5997,-0.6091,1.2076,0.0657,1,0.0000
2996,-0.2757,-0.5997,-0.6758,1.2726,0.0667,1,0.0000
2997,-0.2749,-0.5997,-0.7415,1.3366,0.0657,1,0.0000
2998,-0.2748,-0.5997,-0.8081,1.4019,0.0667,1,0.0000
2999,-0.2740,-0.5997,-0.8738,1.4662,0.0657,1,0.0000
3000,-0.2739,-0.5997,-0.9405,1.5318,0.0667,1,0.0000
3001,-0.2731,-0.5997,-1.0062,1.5963,0.0657,1,0.0000
3002,-0.2730,-0.5997,-1.0729,1.6620,0.0667,1,0.0000
3003,-0.2722,-0.5997,-1.1385,1.7267,0.0657,1,0.0000
3004,-0.2721,-0.5997,-1.2052,1.7926,0.0667,1,0.0000
3005,-0.2713,-0.5997,-1.2709,1.8574,0.0657,1,0.0000
3006,-0.2712,-0.5997,-1.3376,1.9234,0.0667,1,0.0000
3007,-0.2703,-0.5997,-1.4033,1.9883,0.0657,1,0.0000
3008,-0.2702,-0.5997,-1.4700,2.0544,0.0667,1,0.0000
3009,-0.2693,-0.5997,-1.5357,2.1194,0.0657,1,0.0000
3010,-0.2692,-0.5997,-1.6024,2.1856,0.0667,1,0.0000
3011,-0.2683,-0.5997,-1.6681,2.2507,0.0657,1,0.0000
3012,-0.2682,-0.5997,-1.7348,2.3169,0.0667,1,0.0000
3013,-0.2672,-0.5997,-1.8005,2.3821,0.0657,1,0.0000
3014,-0.2671,-0.5997,-1.8672,2.4484,0.0667,1,0.0000
3015,-0.2741,-0.6002,-1.9328,2.5144,0.0660,1,0.0002
3016,-0.2741,-0.6002,-1.9995,2.5807,0.0667,1,0.0002
3017,-0.2814,-0.6006,-2.0652,2.6468,0.0661,1,0.0006
3018,-0.2815,-0.6006,-2.1319,2.7131,0.0667,1,0.0006
3019,-0.2868,-0.6007,-2.1976,2.7791,0.0660,1,0.0007
3020,-0.2870,-0.6007,-2.2643,2.8454,0.0667,1,0.0007
3021,-0.2912,-0.6007,-2.3302,2.9114,0.0660,1,0.0007
3022,-0.2914,-0.6007,-2.3969,2.9778,0.0667,1,0.0007
3023,-0.2948,-0.6006,-2.4628,3.0437,0.0660,1,0.0006
3024,-0.2951,-0.6006,-2.5295,3.1101,0.0667,1,0.0006
3025,-0.2975,-0.6005,-2.4621,3.0432,0.0675,1,0.0005
3026,-0.2971,-0.6005,-2.3954,2.9769,0.0666,1,0.0005
3027,-0.2992,-0.6004,-2.3280,2.9100,0.0674,1,0.0004
3028,-0.2989,-0.6004,-2.2614,2.8437,0.0666,1,0.0004
3029,-0.3008,-0.6003,-2.1940,2.7769,0.0674,1,0.0003
3030,-0.3004,-0.6002,-2.1274,2.7107,0.0666,1,0.0002
3031,-0.3022,-0.6001,-2.0600,2.6439,0.0674,1,0.0001
3032,-0.3019,-0.6001,-1.9934,2.5777,0.0666,1,0.0001
3033,-0.3037,-0.6000,-1.9260,2.5110,0.0674,1,0.0000
3034,-0.3033,-0.6000,-1.8594,2.4449,0.0666,1,0.0000
3035,-0.3052,-0.6000,-1.7920,2.3783,0.0674,1,0.0000
3036,-0.3048,-0.5999,-1.7254,2.3122,0.0666,1,0.0000
3037,-0.3066,-0.5999,-1.6580,2.2457,0.0674,1,0.0000
3038,-0.3063,-0.5998,-1.5914,2.1796,0.0666,1,0.0000
3039,-0.3081,-0.5998,-1.5240,2.1132,0.0674,1,0.0000
3040,-0.3078,-0.5998,-1.4574,2.0473,0.0666,1,0.0000
3041,-0.3097,-0.5998,-1.3901,1.9810,0.0674,1,0.0000
3042,-0.3094,-0.5997,-1.3234,1.9152,0.0666,1,0.0000
3043,-0.3113,-0.5998,-1.2561,1.8491,0.0674,1,0.0000
3044,-0.3110,-0.5997,-1.1895,1.7834,0.0666,1,0.0000
3045,-0.3130,-0.5998,-1.1221,1.7175,0.0674,1,0.0000
3046,-0.2905,-0.5992,-1.0677,1.6599,0.0589,1,0.0000
3047,-0.2774,-0.5995,-1.0056,1.5965,0.0634,1,0.0000
3048,-0.2711,-0.5997,-0.9397,1.5305,0.0662,1,0.0000
3049,-0.2733,-0.5998,-0.8724,1.4647,0.0674,1,0.0000
3050,-0.2729,-0.5998,-0.8057,1.3992,0.0666,1,0.0000
3051,-0.2779,-0.6001,-0.7390,1.3348,0.0669,1,0.0001
3052,-0.2769,-0.6000,-0.6723,1.2695,0.0666,1,0.0000
3053,-0.2860,-0.6009,-0.6070,1.2079,0.0660,1,0.0009
3054,-0.2793,-0.6007,-0.5404,1.1417,0.0669,1,0.0007
3055,-0.2817,-0.6011,-0.4749,1.0789,0.0656,1,0.0011
3056,-0.2737,-0.6015,-0.4083,1.0126,0.0671,1,0.0015
3057,-0.2725,-0.6016,-0.3427,0.9492,0.0657,1,0.0016
3058,-0.2625,-0.6014,-0.2761,0.8827,0.0673,1,0.0014
3059,-0.2594,-0.6014,-0.2104,0.8191,0.0658,1,0.0014
3060,-0.2492,-0.6012,-0.1438,0.7528,0.0673,1,0.0012
3061,-0.2455,-0.6012,-0.0780,0.6898,0.0659,1,0.0012
3062,-0.2357,-0.6009,-0.0114,0.6242,0.0673,1,0.0009
3063,-0.2323,-0.6009,0.0545,0.5623,0.0660,1,0.0009
3064,-0.2233,-0.6006,0.1211,0.4984,0.0672,1,0.0006
3065,-0.2207,-0.6005,0.1870,0.4391,0.0660,1,0.0005
3066,-0.2128,-0.6002,0.2536,0.3784,0.0671,1,0.0002
3067,-0.2113,-0.6002,0.3197,0.3250,0.0661,1,0.0002
3068,-0.2037,-0.5993,0.3863,0.2720,0.0670,1,0.0000
3069,-0.2034,-0.5993,0.4524,0.2332,0.0661,1,0.0000
3070,-0.1980,-0.5990,0.5190,0.2036,0.0669,1,0.0000
3071,-0.1988,-0.5990,0.5852,0.1996,0.0662,1,0.0000
3072,-0.1945,-0.5987,0.6518,0.2124,0.0668,1,0.0000
3073,-0.1964,-0.5988,0.7180,0.2480,0.0662,1,0.0000
3074,-0.1929,-0.5985,0.7847,0.2912,0.0668,1,0.0000
3075,-0.1957,-0.5986,0.8510,0.3452,0.0663,1,0.0000
3076,-0.1929,-0.5983,0.9177,0.4006,0.0667,1,0.0000
3077,-0.1964,-0.5985,0.9839,0.4612,0.0664,1,0.0000
3078,-0.1941,-0.5982,1.0507,0.5215,0.0668,1,0.0000
3079,-0.1980,-0.5984,1.1170,0.5849,0.0664,1,0.0000
3080,-0.1961,-0.5981,1.1837,0.6475,0.0668,1,0.0000
3081,-0.2003,-0.5984,1.2500,0.7122,0.0665,1,0.0000
3082,-0.1984,-0.5981,1.3168,0.7760,0.0668,1,0.0000
3083,-0.2027,-0.5984,1.3831,0.8413,0.0665,1,0.0000
3084,-0.2008,-0.5981,1.4499,0.9058,0.0668,1,0.0000
3085,-0.2060,-0.5984,1.5162,0.9717,0.0666,1,0.0000
3086,-0.2050,-0.5981,1.5830,1.0369,0.0668,1,0.0000
3087,-0.2102,-0.5984,1.6494,1.1030,0.0666,1,0.0000
3088,-0.2093,-0.5981,1.7162,1.1685,0.0668,1,0.0000
3089,-0.2145,-0.5984,1.7825,1.2347,0.0666,1,0.0000
3090,-0.2135,-0.5982,1.8494,1.3004,0.0668,1,0.0000
3091,-0.2188,-0.5985,1.9157,1.3667,0.0666,1,0.0000
3092,-0.2178,-0.5982,1.9825,1.4326,0.0668,1,0.0000
3093,-0.2230,-0.5984,2.0489,1.4990,0.0666,1,0.0000
3094,-0.2221,-0.5982,2.1157,1.5650,0.0668,1,0.0000
3095,-0.2273,-0.5984,2.1820,1.6314,0.0665,1,0.0000
3096,-0.2264,-0.5982,2.2489,1.6975,0.0669,1,0.0000
3097,-0.2316,-0.5983,2.3152,1.7639,0.0665,1,0.0000
3098,-0.2307,-0.5981,2.3821,1.8301,0.0669,1,0.0000
3099,-0.2359,-0.5982,2.4483,1.8965,0.0665,1,0.0000
3100,-0.2334,-0.5979,2.5149,1.9623,0.0666,1,0.0000
3101,-0.2386,-0.5982,2.4475,1.8960,0.0676,1,0.0000
3102,-0.2394,-0.5980,2.3811,1.8302,0.0664,1,0.0000
3103,-0.2471,-0.5982,2.3147,1.7655,0.0668,1,0.0000
3104,-0.2478,-0.5981,2.2482,1.6998,0.0665,1,0.0000
3105,-0.2546,-0.5983,2.1821,1.6354,0.0665,1,0.0000
3106,-0.2552,-0.5982,2.1155,1.5698,0.0666,1,0.0000
3107,-0.2611,-0.5984,2.0493,1.5055,0.0665,1,0.0000
3108,-0.2617,-0.5983,1.9827,1.4401,0.0666,1,0.0000
3109,-0.2670,-0.5985,1.9165,1.3760,0.0664,1,0.0000
3110,-0.2675,-0.5984,1.8499,1.3109,0.0666,1,0.0000
3111,-0.2725,-0.5986,1.7836,1.2472,0.0664,1,0.0000
3112,-0.2730,-0.5986,1.7170,1.1824,0.0666,1,0.0000
3113,-0.2776,-0.5988,1.6508,1.1192,0.0664,1,0.0000
3114,-0.2781,-0.5987,1.5841,1.0549,0.0666,1,0.0000
3115,-0.2540,-0.5977,1.5336,0.9999,0.0560,1,0.0000
3116,-0.2419,-0.5984,1.4704,0.9356,0.0644,1,0.0000
3117,-0.2461,-0.5992,1.4042,0.8730,0.0663,1,0.0000
3118,-0.2466,-0.5991,1.3376,0.8094,0.0666,1,0.0000
3119,-0.2507,-0.5993,1.2714,0.7481,0.0663,1,0.0000
3120,-0.2511,-0.5993,1.2047,0.6858,0.0667,1,0.0000
3121,-0.2552,-0.5994,1.1386,0.6263,0.0663,1,0.0000
3122,-0.2556,-0.5994,1.0719,0.5663,0.0667,1,0.0000
3123,-0.2595,-0.5995,1.0057,0.5101,0.0663,1,0.0000
3124,-0.2599,-0.5995,0.9391,0.4542,0.0667,1,0.0000
3125,-0.2631,-0.5996,0.8729,0.4038,0.0662,1,0.0000
3126,-0.2624,-0.5996,0.8062,0.3553,0.0667,1,0.0000
3127,-0.2650,-0.5997,0.7401,0.3167,0.0662,1,0.0000
3128,-0.2640,-0.5996,0.6734,0.2848,0.0667,1,0.0000
3129,-0.2662,-0.5997,0.6072,0.2693,0.0662,1,0.0000
3130,-0.2650,-0.5997,0.5405,0.2663,0.0667,1,0.0000
3131,-0.2669,-0.5997,0.4744,0.2824,0.0662,1,0.0000
3132,-0.2655,-0.5997,0.4077,0.3094,0.0667,1,0.0000
3133,-0.2672,-0.5998,0.3415,0.3493,0.0662,1,0.0000
3134,-0.2657,-0.5998,0.2749,0.3946,0.0667,1,0.0000
3135,-0.2672,-0.5998,0.2087,0.4467,0.0662,1,0.0000
3136,-0.2657,-0.5998,0.1420,0.5009,0.0667,1,0.0000
3137,-0.2671,-0.5998,0.0759,0.5587,0.0662,1,0.0000
3138,-0.2656,-0.5998,0.0092,0.6175,0.0667,1,0.0000
3139,-0.2666,-0.6023,-0.0608,0.6816,0.0700,1,0.0023
3140,-0.2670,-0.6020,-0.1274,0.7436,0.0667,1,0.0020
3141,-0.2699,-0.6058,-0.2009,0.8136,0.0736,1,0.0058
3142,-0.2704,-0.6049,-0.2676,0.8769,0.0666,1,0.0049
3143,-0.2738,-0.6060,-0.3347,0.9420,0.0672,1,0.0060
3144,-0.2743,-0.6052,-0.4012,1.0059,0.0666,1,0.0052
3145,-0.2776,-0.6074,-0.4677,1.0709,0.0666,1,0.0074
3146,-0.2780,-0.6065,-0.5341,1.1353,0.0664,1,0.0065
3147,-0.2813,-0.6085,-0.6004,1.2005,0.0664,1,0.0085
3148,-0.2817,-0.6075,-0.6667,1.2651,0.0663,1,0.0075
3149,-0.2848,-0.6090,-0.7328,1.3303,0.0662,1,0.0090
3150,-0.2852,-0.6080,-0.7990,1.3951,0.0662,1,0.0080
3151,-0.2882,-0.6089,-0.8649,1.4602,0.0660,1,0.0089
3152,-0.2886,-0.6078,-0.9309,1.5251,0.0660,1,0.0078
3153,-0.2916,-0.6081,-0.9966,1.5901,0.0657,1,0.0081
3154,-0.2920,-0.6069,-1.0623,1.6549,0.0658,1,0.0069
3155,-0.2949,-0.6066,-1.1278,1.7199,0.0655,1,0.0066
3156,-0.2952,-0.6054,-1.1934,1.7846,0.0656,1,0.0054
3157,-0.2981,-0.6046,-1.2586,1.8493,0.0653,1,0.0046
3158,-0.2984,-0.6033,-1.3239,1.9139,0.0653,1,0.0033
3159,-0.3012,-0.6020,-1.3889,1.9785,0.0650,1,0.0020
3160,-0.3015,-0.6008,-1.4539,2.0429,0.0651,1,0.0008
3161,-0.3046,-0.5986,-1.5197,2.1084,0.0659,1,0.0000
3162,-0.3049,-0.5975,-1.5844,2.1725,0.0648,1,0.0000
3163,-0.3077,-0.5958,-1.6498,2.2377,0.0654,1,0.0000
3164,-0.3081,-0.5947,-1.7144,2.3017,0.0646,1,0.0000
3165,-0.3106,-0.5941,-1.7790,2.3660,0.0647,1,0.0000
3166,-0.3110,-0.5931,-1.8433,2.4298,0.0643,1,0.0000
3167,-0.3135,-0.5927,-1.9075,2.4939,0.0643,1,0.0000
3168,-0.3138,-0.5921,-1.9716,2.5575,0.0641,1,0.0000
3169,-0.3164,-0.5921,-2.0356,2.6214,0.0641,1,0.0000
3170,-0.3166,-0.5919,-2.0997,2.6850,0.0640,1,0.0000
3171,-0.3193,-0.5923,-2.1636,2.7488,0.0640,1,0.0000
3172,-0.3195,-0.5923,-2.2276,2.8124,0.0640,1,0.0000
3173,-0.3222,-0.5930,-2.2916,2.8763,0.0641,1,0.0000
3174,-0.3225,-0.5932,-2.3556,2.9400,0.0640,1,0.0000
3175,-0.3252,-0.5941,-2.4197,3.0040,0.0641,1,0.0000
3176,-0.3255,-0.5943,-2.4838,3.0677,0.0641,1,0.0000
3177,-0.3282,-0.5953,-2.5479,3.1318,0.0642,1,0.0000
3178,-0.3279,-0.5957,-2.4813,3.0654,0.0667,1,0.0000
3179,-0.3301,-0.5968,-2.4146,2.9994,0.0667,1,0.0000
3180,-0.3298,-0.5974,-2.3479,2.9331,0.0667,1,0.0000
3181,-0.3321,-0.5986,-2.2812,2.8671,0.0667,1,0.0000
3182,-0.3318,-0.5978,-2.2147,2.8010,0.0665,1,0.0000
3183,-0.3342,-0.5988,-2.1480,2.7351,0.0667,1,0.0000
3184,-0.3338,-0.5997,-2.0813,2.6688,0.0668,1,0.0000
3185,-0.3363,-0.5990,-2.0148,2.6032,0.0665,1,0.0000
3186,-0.3359,-0.6000,-1.9480,2.5369,0.0668,1,0.0000
3187,-0.3293,-0.5968,-1.8822,2.4708,0.0662,1,0.0000
3188,-0.3290,-0.5979,-1.8154,2.4046,0.0668,1,0.0000
3189,-0.3235,-0.5922,-1.7494,2.3385,0.0665,1,0.0000
3190,-0.3234,-0.5935,-1.6826,2.2723,0.0668,1,0.0000
3191,-0.3213,-0.5879,-1.6164,2.2066,0.0664,1,0.0000
3192,-0.3213,-0.5896,-1.5496,2.1405,0.0669,1,0.0000
3193,-0.3197,-0.5847,-1.4833,2.0747,0.0665,1,0.0000
3194,-0.3197,-0.5853,-1.4166,2.0089,0.0667,1,0.0000
3195,-0.3194,-0.5828,-1.3502,1.9433,0.0665,1,0.0000
3196,-0.3195,-0.5841,-1.2835,1.8775,0.0668,1,0.0000
3197,-0.3195,-0.5810,-1.2172,1.8122,0.0663,1,0.0000
3198,-0.3196,-0.5830,-1.1504,1.7465,0.0668,1,0.0000
3199,-0.3196,-0.5810,-1.0840,1.6813,0.0664,1,0.0000
3200,-0.3119,-0.5836,-1.0203,1.6173,0.0642,1,0.0000
3201,-0.2927,-0.5752,-0.9605,1.5551,0.0633,1,0.0000
3202,-0.2915,-0.5835,-0.8935,1.4890,0.0676,1,0.0000
3203,-0.2907,-0.5818,-0.8270,1.4236,0.0665,1,0.0000
3204,-0.2907,-0.5848,-0.7601,1.3582,0.0669,1,0.0000
3205,-0.2890,-0.5859,-0.6931,1.2924,0.0671,1,0.0000
3206,-0.2890,-0.5889,-0.6262,1.2274,0.0669,1,0.0000
3207,-0.2874,-0.5929,-0.5590,1.1617,0.0674,1,0.0000
3208,-0.2875,-0.5957,-0.4922,1.0972,0.0668,1,0.0000
3209,-0.2863,-0.6000,-0.4250,1.0321,0.0674,1,0.0000
3210,-0.2865,-0.6024,-0.3583,0.9683,0.0667,1,0.0024
3211,-0.2855,-0.6051,-0.2909,0.9038,0.0675,1,0.0051
3212,-0.2856,-0.6071,-0.2244,0.8410,0.0666,1,0.0071
3213,-0.2847,-0.6061,-0.1568,0.7774,0.0676,1,0.0061
3214,-0.2849,-0.6076,-0.0904,0.7161,0.0665,1,0.0076
3215,-0.2842,-0.6039,-0.0232,0.6547,0.0673,1,0.0039
3216,-0.2844,-0.6054,0.0431,0.5958,0.0663,1,0.0054
3217,-0.2839,-0.6013,0.1097,0.5379,0.0667,1,0.0013
3218,-0.2841,-0.6029,0.1759,0.4831,0.0662,1,0.0029
3219,-0.2838,-0.5989,0.2423,0.4310,0.0665,1,0.0000
3220,-0.2841,-0.6005,0.3083,0.3840,0.0660,1,0.0005
3221,-0.2838,-0.5968,0.3746,0.3427,0.0664,1,0.0000
3222,-0.2841,-0.5983,0.4404,0.3108,0.0659,1,0.0000
3223,-0.2834,-0.5954,0.5067,0.2897,0.0664,1,0.0000
3224,-0.2837,-0.5969,0.5724,0.2837,0.0657,1,0.0000
3225,-0.2829,-0.5952,0.6385,0.2919,0.0662,1,0.0000
3226,-0.2831,-0.5967,0.7040,0.3147,0.0655,1,0.0000
3227,-0.2822,-0.5961,0.7702,0.3480,0.0662,1,0.0000
3228,-0.2825,-0.5976,0.8354,0.3900,0.0652,1,0.0000
3229,-0.2817,-0.5980,0.9015,0.4376,0.0661,1,0.0000
3230,-0.2820,-0.5994,0.9665,0.4893,0.0650,1,0.0000
3231,-0.2812,-0.6007,1.0324,0.5441,0.0660,1,0.0007
3232,-0.2814,-0.6021,1.0972,0.6006,0.0648,1,0.0021
3233,-0.2804,-0.6055,1.1631,0.6591,0.0660,1,0.0055
3234,-0.2806,-0.6070,1.2276,0.7182,0.0645,1,0.0070
3235,-0.2796,-0.6103,1.2932,0.7787,0.0657,1,0.0103
3236,-0.2798,-0.6118,1.3575,0.8390,0.0643,1,0.0118
3237,-0.2788,-0.6103,1.4233,0.9010,0.0658,1,0.0103
3238,-0.2790,-0.6115,1.4873,0.9621,0.0640,1,0.0115
3239,-0.2780,-0.6082,1.5529,1.0248,0.0657,1,0.0082
3240,-0.2782,-0.6089,1.6167,1.0863,0.0638,1,0.0089
3241,-0.2773,-0.6050,1.6821,1.1495,0.0656,1,0.0050
3242,-0.2775,-0.6053,1.7458,1.2114,0.0637,1,0.0053
3243,-0.2767,-0.6008,1.8112,1.2750,0.0655,1,0.0008
3244,-0.2769,-0.6008,1.8748,1.3372,0.0636,1,0.0008
3245,-0.2762,-0.5970,1.9402,1.4011,0.0655,1,0.0000
3246,-0.2763,-0.5966,2.0039,1.4636,0.0637,1,0.0000
3247,-0.2756,-0.5940,2.0693,1.5278,0.0655,1,0.0000
3248,-0.2757,-0.5935,2.1330,1.5906,0.0638,1,0.0000
3249,-0.2751,-0.5920,2.1985,1.6550,0.0655,1,0.0000
3250,-0.2752,-0.5915,2.2624,1.7180,0.0639,1,0.0000
3251,-0.2746,-0.5909,2.3280,1.7827,0.0656,1,0.0000
3252,-0.2747,-0.5905,2.3920,1.8459,0.0640,1,0.0000
3253,-0.2740,-0.5907,2.4576,1.9108,0.0657,1,0.0000
3254,-0.2742,-0.5903,2.5217,1.9742,0.0640,1,0.0000
3255,-0.2757,-0.5901,2.4514,1.9049,0.0703,1,0.0000
3256,-0.2756,-0.5893,2.3849,1.8391,0.0665,1,0.0000
3257,-0.2757,-0.5900,2.3139,1.7689,0.0710,1,0.0000
3258,-0.2755,-0.5900,2.2473,1.7032,0.0666,1,0.0000
3259,-0.2718,-0.5896,2.1798,1.6360,0.0676,1,0.0000
3260,-0.2717,-0.5905,2.1132,1.5703,0.0667,1,0.0000
3261,-0.2703,-0.5915,2.0477,1.5056,0.0655,1,0.0000
3262,-0.2702,-0.5900,1.9809,1.4399,0.0668,1,0.0000
3263,-0.2690,-0.5919,1.9154,1.3754,0.0656,1,0.0000
3264,-0.2689,-0.5900,1.8486,1.3099,0.0669,1,0.0000
3265,-0.2679,-0.5908,1.7830,1.2456,0.0656,1,0.0000
3266,-0.2678,-0.5898,1.7161,1.1804,0.0669,1,0.0000
3267,-0.2669,-0.5900,1.6505,1.1164,0.0656,1,0.0000
3268,-0.2668,-0.5889,1.5836,1.0515,0.0669,1,0.0000
3269,-0.2660,-0.5885,1.5180,0.9880,0.0656,1,0.0000
3270,-0.2659,-0.5874,1.4511,0.9237,0.0669,1,0.0000
3271,-0.2651,-0.5865,1.3855,0.8609,0.0656,1,0.0000
3272,-0.2650,-0.5854,1.3186,0.7975,0.0669,1,0.0000
3273,-0.2643,-0.5840,1.2530,0.7357,0.0656,1,0.0000
3274,-0.2642,-0.5828,1.1862,0.6738,0.0668,1,0.0000
3275,-0.2634,-0.5811,1.1207,0.6138,0.0656,1,0.0000
3276,-0.2634,-0.5799,1.0539,0.5543,0.0668,1,0.0000
3277,-0.2626,-0.5788,0.9883,0.4972,0.0656,1,0.0000
3278,-0.2626,-0.5776,0.9217,0.4421,0.0667,1,0.0000
3279,-0.2620,-0.5826,0.8560,0.3907,0.0658,1,0.0000
3280,-0.2619,-0.5818,0.7895,0.3443,0.0666,1,0.0000
3281,-0.2612,-0.5875,0.7239,0.3052,0.0658,1,0.0000
3282,-0.2612,-0.5872,0.6574,0.2768,0.0665,1,0.0000
3283,-0.2605,-0.5920,0.5919,0.2618,0.0657,1,0.0000
3284,-0.2604,-0.5920,0.5254,0.2637,0.0665,1,0.0000
3285,-0.2596,-0.5959,0.4598,0.2807,0.0657,1,0.0000
3286,-0.2596,-0.5961,0.3933,0.3121,0.0665,1,0.0000
3287,-0.2587,-0.5990,0.3277,0.3522,0.0657,1,0.0000
3288,-0.2587,-0.5993,0.2611,0.4003,0.0665,1,0.0000
3289,-0.2578,-0.6013,0.1955,0.4519,0.0657,1,0.0013
3290,-0.2577,-0.6017,0.1289,0.5080,0.0666,1,0.0017
3291,-0.2604,-0.6031,0.0633,0.5667,0.0657,1,0.0031
3292,-0.2605,-0.6035,-0.0033,0.6266,0.0666,1,0.0035
3293,-0.2638,-0.6043,-0.0691,0.6882,0.0658,1,0.0043
3294,-0.2640,-0.6046,-0.1357,0.7503,0.0666,1,0.0046
3295,-0.2670,-0.6048,-0.2015,0.8132,0.0659,1,0.0048
3296,-0.2672,-0.6050,-0.2682,0.8765,0.0667,1,0.0050
3297,-0.2700,-0.6047,-0.3341,0.9403,0.0660,1,0.0047
3298,-0.2702,-0.6049,-0.4008,1.0044,0.0667,1,0.0049
3299,-0.2729,-0.6043,-0.4668,1.0688,0.0660,1,0.0043
3300,-0.2732,-0.6044,-0.5335,1.1335,0.0667,1,0.0044
3301,-0.2758,-0.6036,-0.5995,1.1983,0.0661,1,0.0036
3302,-0.2761,-0.6036,-0.6662,1.2633,0.0667,1,0.0036
3303,-0.2787,-0.6028,-0.7322,1.3284,0.0661,1,0.0028
3304,-0.2746,-0.6028,-0.7990,1.3929,0.0669,1,0.0028
3305,-0.2728,-0.6019,-0.8650,1.4574,0.0661,1,0.0019
3306,-0.2693,-0.6019,-0.9318,1.5224,0.0668,1,0.0019
3307,-0.2699,-0.6011,-0.9980,1.5877,0.0663,1,0.0011
3308,-0.2701,-0.6011,-1.0647,1.6535,0.0667,1,0.0011
3309,-0.2729,-0.6005,-1.1308,1.7192,0.0661,1,0.0005
3310,-0.2731,-0.6004,-1.1975,1.7851,0.0667,1,0.0004
3311,-0.2759,-0.5999,-1.2636,1.8509,0.0661,1,0.0000
3312,-0.2761,-0.5999,-1.3303,1.9169,0.0667,1,0.0000
3313,-0.2790,-0.5996,-1.3964,1.9827,0.0661,1,0.0000
3314,-0.2793,-0.5995,-1.4631,2.0488,0.0667,1,0.0000
3315,-0.2822,-0.5993,-1.5292,2.1147,0.0662,1,0.0000
3316,-0.2825,-0.5992,-1.5959,2.1809,0.0667,1,0.0000
3317,-0.2856,-0.5992,-1.6620,2.2468,0.0662,1,0.0000
3318,-0.2858,-0.5991,-1.7287,2.3130,0.0667,1,0.0000
3319,-0.2891,-0.5992,-1.7948,2.3790,0.0662,1,0.0000
3320,-0.2893,-0.5992,-1.8615,2.4453,0.0667,1,0.0000
3321,-0.2927,-0.5993,-1.9276,2.5113,0.0662,1,0.0000
3322,-0.2930,-0.5993,-1.9944,2.5776,0.0667,1,0.0000
3323,-0.3029,-0.6001,-2.0609,2.6449,0.0673,1,0.0001
3324,-0.3033,-0.6000,-2.1276,2.7112,0.0667,1,0.0000
3325,-0.3135,-0.6007,-2.1943,2.7787,0.0675,1,0.0007
3326,-0.3140,-0.6006,-2.2611,2.8451,0.0668,1,0.0006
3327,-0.3226,-0.6012,-2.3279,2.9124,0.0673,1,0.0012
3328,-0.3232,-0.6011,-2.3946,2.9788,0.0668,1,0.0011
3329,-0.3308,-0.6015,-2.4614,3.0460,0.0672,1,0.0015
3330,-0.3314,-0.6014,-2.5282,3.1125,0.0668,1,0.0014
3331,-0.3373,-0.6017,-2.4617,3.0470,0.0667,1,0.0017
3332,-0.3365,-0.6015,-2.3952,2.9808,0.0665,1,0.0015
3333,-0.3420,-0.6018,-2.3287,2.9154,0.0667,1,0.0018
3334,-0.3413,-0.6016,-2.2622,2.8493,0.0665,1,0.0016
3335,-0.3466,-0.6018,-2.1957,2.7840,0.0667,1,0.0018
3336,-0.3458,-0.6016,-2.1292,2.7179,0.0665,1,0.0016
3337,-0.3511,-0.6017,-2.0628,2.6527,0.0666,1,0.0017
3338,-0.3503,-0.6015,-1.9962,2.5866,0.0666,1,0.0015
3339,-0.3557,-0.6016,-1.9298,2.5216,0.0666,1,0.0016
3340,-0.3549,-0.6014,-1.8633,2.4556,0.0666,1,0.0014
3341,-0.3603,-0.6015,-1.7968,2.3907,0.0666,1,0.0015
3342,-0.3595,-0.6013,-1.7303,2.3248,0.0666,1,0.0013
3343,-0.3651,-0.6014,-1.6639,2.2602,0.0666,1,0.0014
3344,-0.3643,-0.6011,-1.5974,2.1944,0.0666,1,0.0011
3345,-0.3700,-0.6012,-1.5310,2.1299,0.0666,1,0.0012
3346,-0.3691,-0.6010,-1.4644,2.0643,0.0666,1,0.0010
3347,-0.3750,-0.6011,-1.3981,2.0001,0.0666,1,0.0011
3348,-0.3742,-0.6008,-1.3315,1.9346,0.0666,1,0.0008
3349,-0.3802,-0.6010,-1.2652,1.8709,0.0666,1,0.0010
3350,-0.3794,-0.6007,-1.1987,1.8055,0.0666,1,0.0007
3351,-0.3625,-0.5992,-1.1710,1.7750,0.0324,1,0.0000
3352,-0.3306,-0.5984,-1.1486,1.7468,0.0390,1,0.0000
3353,-0.3076,-0.5986,-1.1200,1.7144,0.0367,1,0.0000
3354,-0.2741,-0.5985,-1.0821,1.6713,0.0506,1,0.0000
3355,-0.2537,-0.5986,-1.0362,1.6227,0.0503,1,0.0000
3356,-0.2288,-0.5992,-0.9802,1.5636,0.0613,1,0.0000
3357,-0.2231,-0.6001,-0.9181,1.5014,0.0623,1,0.0001
3358,-0.2206,-0.6008,-0.8516,1.4353,0.0666,1,0.0008
3359,-0.2221,-0.6011,-0.7863,1.3710,0.0654,1,0.0011
3360,-0.2144,-0.6006,-0.7198,1.3041,0.0669,1,0.0006
3361,-0.2154,-0.6009,-0.6544,1.2399,0.0654,1,0.0009
3362,-0.2078,-0.6004,-0.5879,1.1731,0.0669,1,0.0004
3363,-0.2088,-0.6007,-0.5225,1.1089,0.0654,1,0.0007
3364,-0.2015,-0.6002,-0.4560,1.0423,0.0669,1,0.0002
3365,-0.2027,-0.6004,-0.3906,0.9784,0.0654,1,0.0004
3366,-0.1958,-0.5999,-0.3241,0.9119,0.0669,1,0.0000
3367,-0.1974,-0.6002,-0.2586,0.8485,0.0655,1,0.0002
3368,-0.1909,-0.5997,-0.1920,0.7823,0.0669,1,0.0000
3369,-0.1929,-0.6000,-0.1266,0.7195,0.0655,1,0.0000
3370,-0.1869,-0.5994,-0.0600,0.6539,0.0668,1,0.0000
3371,-0.1894,-0.5997,0.0055,0.5922,0.0656,1,0.0000
3372,-0.1838,-0.5992,0.0721,0.5275,0.0668,1,0.0000
3373,-0.1866,-0.5995,0.1377,0.4678,0.0656,1,0.0000
3374,-0.1814,-0.5990,0.2043,0.4052,0.0668,1,0.0000
3375,-0.1846,-0.5993,0.2698,0.3495,0.0656,1,0.0000
3376,-0.1797,-0.5988,0.3365,0.2920,0.0668,1,0.0000
3377,-0.1832,-0.5991,0.4020,0.2462,0.0657,1,0.0000
3378,-0.1785,-0.5986,0.4687,0.2035,0.0668,1,0.0000
3379,-0.1822,-0.5989,0.5343,0.1850,0.0657,1,0.0000
3380,-0.1776,-0.5984,0.6010,0.1809,0.0668,1,0.0000
3381,-0.1815,-0.5988,0.6666,0.2072,0.0657,1,0.0000
3382,-0.1770,-0.5983,0.7333,0.2432,0.0668,1,0.0000
3383,-0.1810,-0.5986,0.7989,0.2945,0.0657,1,0.0000
3384,-0.1766,-0.5981,0.8656,0.3473,0.0669,1,0.0000
3385,-0.1805,-0.5985,0.9312,0.4069,0.0658,1,0.0000
3386,-0.1761,-0.5980,0.9980,0.4659,0.0669,1,0.0000
3387,-0.1801,-0.5983,1.0636,0.5286,0.0657,1,0.0000
3388,-0.1756,-0.5978,1.1303,0.5905,0.0669,1,0.0000
3389,-0.1795,-0.5982,1.1960,0.6545,0.0657,1,0.0000
3390,-0.1750,-0.5977,1.2627,0.7178,0.0669,1,0.0000
3391,-0.1786,-0.5980,1.3286,0.7826,0.0660,1,0.0000
3392,-0.1744,-0.5976,1.3953,0.8469,0.0669,1,0.0000
3393,-0.1778,-0.5979,1.4618,0.9127,0.0665,1,0.0000
3394,-0.1753,-0.5976,1.5286,0.9779,0.0669,1,0.0000
3395,-0.1817,-0.5979,1.5951,1.0445,0.0668,1,0.0000
3396,-0.1807,-0.5975,1.6619,1.1101,0.0668,1,0.0000
3397,-0.1871,-0.5979,1.7284,1.1768,0.0668,1,0.0000
3398,-0.1861,-0.5976,1.7952,1.2426,0.0668,1,0.0000
3399,-0.1924,-0.5979,1.8617,1.3093,0.0668,1,0.0000
3400,-0.1914,-0.5976,1.9285,1.3753,0.0668,1,0.0000
3401,-0.1975,-0.5979,1.9950,1.4420,0.0668,1,0.0000
3402,-0.1966,-0.5976,2.0618,1.5081,0.0668,1,0.0000
3403,-0.2026,-0.5979,2.1283,1.5748,0.0668,1,0.0000
3404,-0.2017,-0.5977,2.1951,1.6410,0.0668,1,0.0000
3405,-0.2076,-0.5980,2.2617,1.7077,0.0668,1,0.0000
3406,-0.2067,-0.5977,2.3285,1.7740,0.0668,1,0.0000
3407,-0.2126,-0.5980,2.3951,1.8408,0.0668,1,0.0000
3408,-0.2116,-0.5977,2.4619,1.9071,0.0668,1,0.0000
3409,-0.2174,-0.5980,2.5285,1.9739,0.0668,1,0.0000
3410,-0.2181,-0.5978,2.4620,1.9079,0.0665,1,0.0000
3411,-0.2254,-0.5982,2.3952,1.8425,0.0671,1,0.0000
3412,-0.2261,-0.5980,2.3287,1.7766,0.0665,1,0.0000
3413,-0.2333,-0.5983,2.2620,1.7114,0.0671,1,0.0000
3414,-0.2340,-0.5982,2.1955,1.6456,0.0665,1,0.0000
3415,-0.2410,-0.5984,2.1287,1.5806,0.0671,1,0.0000
3416,-0.2417,-0.5983,2.0622,1.5150,0.0665,1,0.0000
3417,-0.2487,-0.5985,1.9954,1.4503,0.0671,1,0.0000
3418,-0.2494,-0.5984,1.9289,1.3850,0.0665,1,0.0000
3419,-0.2563,-0.5986,1.8621,1.3207,0.0671,1,0.0000
3420,-0.2570,-0.5985,1.7956,1.2556,0.0666,1,0.0000
3421,-0.2639,-0.5987,1.7288,1.1918,0.0671,1,0.0000
3422,-0.2646,-0.5986,1.6623,1.1272,0.0666,1,0.0000
3423,-0.2466,-0.5972,1.6125,1.0746,0.0529,1,0.0000
3424,-0.2197,-0.5968,1.5601,1.0175,0.0589,1,0.0000
3425,-0.2132,-0.5988,1.4970,0.9545,0.0635,1,0.0000
3426,-0.2049,-0.5980,1.4315,0.8889,0.0660,1,0.0000
3427,-0.2118,-0.5989,1.3647,0.8257,0.0672,1,0.0000
3428,-0.2106,-0.5987,1.2981,0.7612,0.0666,1,0.0000
3429,-0.2141,-0.5990,1.2312,0.6982,0.0670,1,0.0000
3430,-0.2114,-0.5988,1.1646,0.6342,0.0667,1,0.0000
3431,-0.2148,-0.5990,1.0977,0.5729,0.0670,1,0.0000
3432,-0.2120,-0.5989,1.0310,0.5105,0.0667,1,0.0000
3433,-0.2155,-0.5991,0.9641,0.4522,0.0670,1,0.0000
3434,-0.2126,-0.5990,0.8974,0.3933,0.0667,1,0.0000
3435,-0.2162,-0.5992,0.8304,0.3411,0.0671,1,0.0000
3436,-0.2132,-0.5991,0.7638,0.2904,0.0667,1,0.0000
3437,-0.2168,-0.5993,0.6967,0.2528,0.0671,1,0.0000
3438,-0.2137,-0.5991,0.6301,0.2230,0.0667,1,0.0000
3439,-0.2174,-0.5994,0.5630,0.2174,0.0672,1,0.0000
3440,-0.2142,-0.5992,0.4963,0.2254,0.0667,1,0.0000
3441,-0.2178,-0.5995,0.4291,0.2576,0.0673,1,0.0000
3442,-0.2145,-0.5994,0.3625,0.2961,0.0668,1,0.0000
3443,-0.2124,-0.5992,0.2958,0.3441,0.0667,1,0.0000
3444,-0.2129,-0.5991,0.2291,0.3990,0.0667,1,0.0000
3445,-0.2134,-0.5989,0.1629,0.4566,0.0663,1,0.0000
3446,-0.2137,-0.5988,0.0962,0.5167,0.0667,1,0.0000
3447,-0.2146,-0.5987,0.0301,0.5778,0.0661,1,0.0000
3448,-0.2149,-0.5987,-0.0366,0.6403,0.0667,1,0.0000
3449,-0.2160,-0.5987,-0.1026,0.7032,0.0660,1,0.0000
3450,-0.2161,-0.5988,-0.1693,0.7670,0.0667,1,0.0000
3451,-0.2174,-0.5988,-0.2352,0.8308,0.0660,1,0.0000
3452,-0.2175,-0.5989,-0.3019,0.8953,0.0667,1,0.0000
3453,-0.2187,-0.5989,-0.3678,0.9597,0.0659,1,0.0000
3454,-0.2188,-0.5990,-0.4345,1.0247,0.0667,1,0.0000
3455,-0.2201,-0.5990,-0.5004,1.0894,0.0659,1,0.0000
3456,-0.2202,-0.5991,-0.5671,1.1548,0.0667,1,0.0000
3457,-0.2214,-0.5992,-0.6329,1.2198,0.0659,1,0.0000
3458,-0.2215,-0.5992,-0.6996,1.2854,0.0667,1,0.0000
3459,-0.2227,-0.5993,-0.7655,1.3505,0.0659,1,0.0000
3460,-0.2228,-0.5993,-0.8322,1.4164,0.0667,1,0.0000
3461,-0.2239,-0.5994,-0.8980,1.4816,0.0659,1,0.0000
3462,-0.2240,-0.5995,-0.9647,1.5476,0.0667,1,0.0000
3463,-0.2251,-0.5996,-1.0306,1.6129,0.0659,1,0.0000
3464,-0.2253,-0.5996,-1.0973,1.6790,0.0667,1,0.0000
3465,-0.2263,-0.5997,-1.1631,1.7444,0.0659,1,0.0000
3466,-0.2264,-0.5997,-1.2298,1.8106,0.0667,1,0.0000
3467,-0.2275,-0.5998,-1.2957,1.8761,0.0659,1,0.0000
3468,-0.2276,-0.5998,-1.3624,1.9423,0.0667,1,0.0000
3469,-0.2286,-0.5999,-1.4282,2.0079,0.0659,1,0.0000
3470,-0.2287,-0.5999,-1.4949,2.0741,0.0667,1,0.0000
3471,-0.2297,-0.6000,-1.5608,2.1397,0.0659,1,0.0000
3472,-0.2298,-0.6000,-1.6275,2.2061,0.0667,1,0.0000
3473,-0.2308,-0.6000,-1.6933,2.2717,0.0659,1,0.0000
3474,-0.2309,-0.6001,-1.7600,2.3380,0.0667,1,0.0001
3475,-0.2318,-0.6001,-1.8259,2.4037,0.0659,1,0.0001
3476,-0.2319,-0.6001,-1.8926,2.4701,0.0667,1,0.0001
3477,-0.2328,-0.6001,-1.9585,2.5358,0.0659,1,0.0001
3478,-0.2329,-0.6001,-2.0251,2.6022,0.0667,1,0.0001
3479,-0.2339,-0.6001,-2.0910,2.6679,0.0659,1,0.0001
3480,-0.2340,-0.6001,-2.1577,2.7343,0.0667,1,0.0001
3481,-0.2349,-0.6001,-2.2236,2.8000,0.0659,1,0.0001
3482,-0.2349,-0.6001,-2.2903,2.8665,0.0667,1,0.0001
3483,-0.2358,-0.6001,-2.3561,2.9322,0.0659,1,0.0001
3484,-0.2359,-0.6001,-2.4228,2.9987,0.0667,1,0.0001
3485,-0.2368,-0.6001,-2.4887,3.0645,0.0659,1,0.0001
3486,-0.2369,-0.6001,-2.5554,3.1310,0.0667,1,0.0001
3487,-0.2376,-0.6000,-2.4880,3.0638,0.0675,1,0.0000
3488,-0.2375,-0.6000,-2.4213,2.9973,0.0666,1,0.0000
3489,-0.2382,-0.6000,-2.3539,2.9301,0.0675,1,0.0000
3490,-0.2381,-0.6000,-2.2872,2.8637,0.0666,1,0.0000
3491,-0.2388,-0.6000,-2.2198,2.7966,0.0675,1,0.0000
3492,-0.2387,-0.6000,-2.1531,2.7302,0.0666,1,0.0000
3493,-0.2394,-0.6000,-2.0857,2.6631,0.0675,1,0.0000
3494,-0.2393,-0.5999,-2.0190,2.5967,0.0666,1,0.0000
3495,-0.2401,-0.5999,-1.9516,2.5296,0.0675,1,0.0000
3496,-0.2400,-0.5999,-1.8850,2.4633,0.0666,1,0.0000
3497,-0.2407,-0.5999,-1.8175,2.3962,0.0675,1,0.0000
3498,-0.2406,-0.5999,-1.7509,2.3299,0.0666,1,0.0000
3499,-0.2414,-0.5999,-1.6834,2.2629,0.0674,1,0.0000
3500,-0.2413,-0.5999,-1.6168,2.1967,0.0666,1,0.0000
3501,-0.2421,-0.5999,-1.5493,2.1297,0.0674,1,0.0000
3502,-0.2420,-0.5999,-1.4827,2.0635,0.0666,1,0.0000
3503,-0.2429,-0.5999,-1.4153,1.9967,0.0674,1,0.0000
3504,-0.2427,-0.5999,-1.3486,1.9305,0.0666,1,0.0000
3505,-0.2436,-0.5999,-1.2812,1.8638,0.0674,1,0.0000
3506,-0.2435,-0.5999,-1.2146,1.7977,0.0666,1,0.0000
3507,-0.2444,-0.6000,-1.1471,1.7311,0.0674,1,0.0000
3508,-0.2443,-0.6000,-1.0805,1.6651,0.0666,1,0.0000
3509,-0.2453,-0.6000,-1.0131,1.5986,0.0674,1,0.0000
3510,-0.2451,-0.6000,-0.9464,1.5327,0.0666,1,0.0000
3511,-0.2483,-0.6001,-0.8790,1.4668,0.0675,1,0.0001
3512,-0.2481,-0.6001,-0.8124,1.4011,0.0666,1,0.0001
3513,-0.2512,-0.6003,-0.7450,1.3354,0.0674,1,0.0003
3514,-0.2509,-0.6002,-0.6784,1.2700,0.0666,1,0.0002
3515,-0.2534,-0.6003,-0.6111,1.2046,0.0674,1,0.0003
3516,-0.2532,-0.6003,-0.5444,1.1395,0.0666,1,0.0003
3517,-0.2554,-0.6003,-0.4772,1.0745,0.0673,1,0.0003
3518,-0.2551,-0.6003,-0.4105,1.0098,0.0666,1,0.0003
3519,-0.2572,-0.6003,-0.3432,0.9455,0.0673,1,0.0003
3520,-0.2569,-0.6002,-0.2766,0.8815,0.0666,1,0.0002
3521,-0.2589,-0.6002,-0.2094,0.8180,0.0673,1,0.0002
3522,-0.2586,-0.6002,-0.1427,0.7550,0.0666,1,0.0002
3523,-0.2607,-0.6002,-0.0755,0.6929,0.0673,1,0.0002
3524,-0.2604,-0.6001,-0.0088,0.6316,0.0666,1,0.0001
3525,-0.2624,-0.6001,0.0584,0.5719,0.0673,1,0.0001
3526,-0.2621,-0.6000,0.1251,0.5135,0.0666,1,0.0000
3527,-0.2642,-0.6000,0.1923,0.4581,0.0673,1,0.0000
3528,-0.2639,-0.6000,0.2589,0.4053,0.0666,1,0.0000
3529,-0.2646,-0.5999,0.3262,0.3575,0.0672,1,0.0000
3530,-0.2625,-0.5999,0.3928,0.3148,0.0667,1,0.0000
3531,-0.2628,-0.5999,0.4601,0.2835,0.0672,1,0.0000
3532,-0.2609,-0.5998,0.5267,0.2639,0.0667,1,0.0000
3533,-0.2615,-0.5998,0.5939,0.2629,0.0672,1,0.0000
3534,-0.2598,-0.5998,0.6606,0.2763,0.0667,1,0.0000
3535,-0.2607,-0.5998,0.7278,0.3065,0.0672,1,0.0000
3536,-0.2592,-0.5997,0.7944,0.3451,0.0667,1,0.0000
3537,-0.2602,-0.5998,0.8617,0.3934,0.0672,1,0.0000
3538,-0.2588,-0.5997,0.9283,0.4448,0.0667,1,0.0000
3539,-0.2599,-0.5997,0.9955,0.5015,0.0672,1,0.0000
3540,-0.2586,-0.5997,1.0622,0.5590,0.0667,1,0.0000
3541,-0.2598,-0.5997,1.1294,0.6199,0.0672,1,0.0000
3542,-0.2584,-0.5997,1.1960,0.6804,0.0667,1,0.0000
3543,-0.2596,-0.5997,1.2632,0.7434,0.0672,1,0.0000
3544,-0.2581,-0.5997,1.3299,0.8058,0.0667,1,0.0000
3545,-0.2593,-0.5997,1.3971,0.8700,0.0672,1,0.0000
3546,-0.2577,-0.5997,1.4637,0.9334,0.0667,1,0.0000
3547,-0.2588,-0.5997,1.5309,0.9985,0.0672,1,0.0000
3548,-0.2585,-0.5997,1.5976,1.0629,0.0667,1,0.0000
3549,-0.2612,-0.5998,1.6643,1.1283,0.0667,1,0.0000
3550,-0.2608,-0.5997,1.7309,1.1932,0.0667,1,0.0000
3551,-0.2646,-0.5999,1.7962,1.2578,0.0654,1,0.0000
3552,-0.2639,-0.5997,1.8630,1.3230,0.0668,1,0.0000
3553,-0.2686,-0.5998,1.9284,1.3881,0.0656,1,0.0000
3554,-0.2677,-0.5996,1.9952,1.4535,0.0668,1,0.0000
3555,-0.2731,-0.5995,2.0608,1.5190,0.0658,1,0.0000
3556,-0.2722,-0.5993,2.1277,1.5847,0.0669,1,0.0000
3557,-0.2784,-0.5991,2.1934,1.6504,0.0660,1,0.0000
3558,-0.2773,-0.5988,2.2603,1.7163,0.0669,1,0.0000
3559,-0.2841,-0.5984,2.3260,1.7822,0.0661,1,0.0000
3560,-0.2830,-0.5980,2.3930,1.8482,0.0670,1,0.0000
3561,-0.2645,-0.5953,2.4356,1.8876,0.0465,1,0.0000
3562,-0.2301,-0.5969,2.4783,1.9255,0.0549,1,0.0000
3563,-0.2084,-0.5938,2.5284,1.9729,0.0547,1,0.0000
3564,-0.2091,-0.5961,2.4621,1.9070,0.0664,1,0.0000
3565,-0.2189,-0.5960,2.3946,1.8410,0.0683,1,0.0000
3566,-0.2198,-0.5956,2.3282,1.7753,0.0664,1,0.0000
3567,-0.2299,-0.5956,2.2606,1.7096,0.0683,1,0.0000
3568,-0.2308,-0.5952,2.1942,1.6439,0.0664,1,0.0000
3569,-0.2409,-0.5953,2.1266,1.5785,0.0684,1,0.0000
3570,-0.2418,-0.5948,2.0602,1.5131,0.0664,1,0.0000
3571,-0.2520,-0.5951,1.9926,1.4481,0.0684,1,0.0000
3572,-0.2529,-0.5947,1.9262,1.3829,0.0664,1,0.0000
3573,-0.2631,-0.5951,1.8585,1.3184,0.0684,1,0.0000
3574,-0.2640,-0.5947,1.7921,1.2536,0.0664,1,0.0000
3575,-0.2652,-0.5943,1.7374,1.2005,0.0547,1,0.0000
3576,-0.2329,-0.5910,1.7166,1.1733,0.0386,1,0.0000
3577,-0.2079,-0.5955,1.6859,1.1384,0.0398,1,0.0000
3578,-0.1759,-0.5912,1.6469,1.0946,0.0506,1,0.0000
3579,-0.1563,-0.5925,1.5966,1.0418,0.0540,1,0.0000
3580,-0.1353,-0.5929,1.5379,0.9807,0.0623,1,0.0000
3581,-0.1397,-0.5964,1.4709,0.9150,0.0673,1,0.0000
3582,-0.1406,-0.5960,1.4044,0.8495,0.0665,1,0.0000
3583,-0.1495,-0.5969,1.3368,0.7846,0.0682,1,0.0000
3584,-0.1481,-0.5965,1.2702,0.7191,0.0666,1,0.0000
3585,-0.1560,-0.5974,1.2026,0.6549,0.0681,1,0.0000
3586,-0.1545,-0.5971,1.1360,0.5900,0.0666,1,0.0000
3587,-0.1622,-0.5979,1.0685,0.5274,0.0680,1,0.0000
3588,-0.1606,-0.5975,1.0019,0.4640,0.0666,1,0.0000
3589,-0.1681,-0.5983,0.9344,0.4044,0.0680,1,0.0000
3590,-0.1664,-0.5980,0.8678,0.3441,0.0666,1,0.0000
3591,-0.1737,-0.5986,0.8002,0.2911,0.0679,1,0.0000
3592,-0.1719,-0.5983,0.7336,0.2397,0.0666,1,0.0000
3593,-0.1789,-0.5989,0.6661,0.2047,0.0679,1,0.0000
3594,-0.1769,-0.5986,0.5995,0.1799,0.0667,1,0.0000
3595,-0.1836,-0.5992,0.5320,0.1869,0.0678,1,0.0000
3596,-0.1815,-0.5989,0.4653,0.2078,0.0667,1,0.0000
3597,-0.1879,-0.5994,0.3978,0.2526,0.0678,1,0.0000
3598,-0.1856,-0.5991,0.3312,0.2998,0.0667,1,0.0000
3599,-0.1918,-0.5996,0.2637,0.3585,0.0678,1,0.0000
3600,-0.1893,-0.5993,0.1970,0.4153,0.0667,1,0.0000
