tick,local_x,local_y,local_z,drift_m,slip_m,on_floor,below_depth_m
1,-0.0000,-0.5990,0.5666,0.0000,0.0000,1,0.0000
2,-0.0000,-0.5606,0.6397,0.0826,0.0826,1,0.0000
3,-0.0000,-0.5990,0.6999,0.1333,0.0714,1,0.0000
4,-0.0000,-0.5692,0.7767,0.2123,0.0824,1,0.0000
5,-0.0000,-0.5990,0.8332,0.2666,0.0638,1,0.0000
6,-0.0000,-0.5781,0.9137,0.3477,0.0832,1,0.0000
7,-0.0000,-0.5990,0.9665,0.3999,0.0568,1,0.0000
8,-0.0000,-0.5865,1.0506,0.4842,0.0851,1,0.0000
9,-0.0000,-0.5990,1.0998,0.5332,0.0507,1,0.0000
10,-0.0000,-0.5938,1.1875,0.6210,0.0879,1,0.0000
11,-0.0000,-0.5990,1.2330,0.6665,0.0458,1,0.0000
12,-0.0000,-0.5997,1.3244,0.7578,0.0914,1,0.0000
13,-0.0000,-0.5990,1.3663,0.7997,0.0419,1,0.0000
14,-0.0000,-0.6040,1.4613,0.8947,0.0951,1,0.0040
15,-0.0000,-0.5990,1.4996,0.9330,0.0386,1,0.0000
16,-0.0000,-0.6068,1.5982,1.0316,0.0989,1,0.0068
17,-0.0000,-0.5990,1.6329,1.0663,0.0356,1,0.0000
18,-0.0000,-0.6083,1.7350,1.1685,0.1026,1,0.0083
19,-0.0000,-0.5990,1.7662,1.1996,0.0325,1,0.0000
20,-0.0000,-0.6087,1.8719,1.3053,0.1062,1,0.0087
21,-0.0000,-0.5990,1.8994,1.3328,0.0292,1,0.0000
22,-0.0000,-0.6082,2.0087,1.4422,0.1097,1,0.0082
23,-0.0000,-0.5990,2.0327,1.4661,0.0256,1,0.0000
24,-0.0000,-0.6070,2.1456,1.5790,0.1132,1,0.0070
25,-0.0000,-0.5990,2.1660,1.5994,0.0219,1,0.0000
26,-0.0000,-0.6056,2.2824,1.7158,0.1166,1,0.0056
27,-0.0000,-0.5990,2.2993,1.7327,0.0181,1,0.0000
28,-0.0000,-0.6039,2.4192,1.8527,0.1201,1,0.0039
29,-0.0000,-0.5990,2.4325,1.8660,0.0142,1,0.0000
30,-0.0000,-0.6023,2.5560,1.9894,0.1235,1,0.0023
31,-0.0000,-0.5990,2.4325,1.8659,0.1236,1,0.0000
32,-0.0000,-0.6009,2.4262,1.8596,0.0066,1,0.0009
33,-0.0000,-0.5990,2.2991,1.7325,0.1271,1,0.0000
34,-0.0000,-0.5997,2.2963,1.7297,0.0029,1,0.0000
35,-0.0000,-0.5990,2.1657,1.5991,0.1306,1,0.0000
36,-0.0000,-0.5987,2.1664,1.5998,0.0007,1,0.0000
37,-0.0000,-0.5990,2.0323,1.4657,0.1341,1,0.0000
38,-0.0000,-0.5980,2.0365,1.4699,0.0043,1,0.0000
39,-0.0000,-0.5990,1.8989,1.3323,0.1376,1,0.0000
40,-0.0000,-0.5976,1.9066,1.3400,0.0078,1,0.0000
41,-0.0000,-0.5990,1.7656,1.1990,0.1410,1,0.0000
42,-0.0000,-0.5975,1.7766,1.2100,0.0112,1,0.0000
43,-0.0000,-0.5990,1.6322,1.0656,0.1445,1,0.0000
44,-0.0000,-0.5975,1.6467,1.0801,0.0146,1,0.0000
45,-0.0000,-0.5990,1.4988,0.9322,0.1479,1,0.0000
46,-0.0000,-0.5977,1.5167,0.9501,0.0180,1,0.0000
47,-0.0000,-0.5990,1.3654,0.7988,0.1513,1,0.0000
48,-0.0000,-0.5979,1.3868,0.8202,0.0214,1,0.0000
49,-0.0000,-0.5990,1.2320,0.6654,0.1548,1,0.0000
50,-0.0000,-0.5982,1.2568,0.6902,0.0248,1,0.0000
51,-0.0000,-0.5990,1.0986,0.5320,0.1582,1,0.0000
52,-0.0000,-0.5986,1.1268,0.5602,0.0282,1,0.0000
53,-0.0000,-0.5990,0.9652,0.3987,0.1616,1,0.0000
54,-0.0000,-0.5989,0.9968,0.4302,0.0315,1,0.0000
55,-0.0000,-0.5990,0.8319,0.2653,0.1649,1,0.0000
56,-0.0000,-0.5991,0.8668,0.3002,0.0349,1,0.0000
57,-0.0000,-0.5990,0.6985,0.1319,0.1683,1,0.0000
58,-0.0000,-0.5994,0.7368,0.1702,0.0383,1,0.0000
59,-0.0000,-0.5990,0.5651,0.0015,0.1717,1,0.0000
60,-0.0000,-0.5995,0.6067,0.0401,0.0416,1,0.0000
61,-0.0000,-0.5990,0.4317,0.1349,0.1750,1,0.0000
62,-0.0000,-0.5996,0.4767,0.0899,0.0450,1,0.0000
63,-0.0000,-0.5990,0.2983,0.2683,0.1784,1,0.0000
64,-0.0000,-0.5997,0.3466,0.2200,0.0483,1,0.0000
65,-0.0000,-0.5990,0.1649,0.4017,0.1817,1,0.0000
66,-0.0000,-0.5997,0.2166,0.3500,0.0516,1,0.0000
67,-0.0000,-0.5990,0.0315,0.5350,0.1850,1,0.0000
68,-0.0000,-0.5997,0.0865,0.4801,0.0549,1,0.0000
69,-0.0000,-0.5990,-0.1018,0.6684,0.1883,1,0.0000
70,-0.0000,-0.5997,-0.0436,0.6102,0.0582,1,0.0000
71,-0.0000,-0.5990,-0.2352,0.8018,0.1916,1,0.0000
72,-0.0000,-0.5997,-0.1737,0.7403,0.0615,1,0.0000
73,-0.0000,-0.5990,-0.3686,0.9352,0.1949,1,0.0000
74,-0.0000,-0.5996,-0.3038,0.8704,0.0648,1,0.0000
75,-0.0000,-0.5990,-0.5020,1.0686,0.1982,1,0.0000
76,-0.0000,-0.5996,-0.4340,1.0005,0.0681,1,0.0000
77,-0.0000,-0.5990,-0.6354,1.2020,0.2014,1,0.0000
78,-0.0000,-0.5995,-0.5641,1.1307,0.0713,1,0.0000
79,-0.0000,-0.5990,-0.7688,1.3354,0.2047,1,0.0000
80,-0.0000,-0.5995,-0.6942,1.2608,0.0745,1,0.0000
81,-0.0000,-0.5990,-0.9022,1.4687,0.2079,1,0.0000
82,-0.0000,-0.5995,-0.8244,1.3910,0.0778,1,0.0000
83,-0.0000,-0.5990,-1.0355,1.6021,0.2112,1,0.0000
84,-0.0000,-0.5995,-0.9546,1.5211,0.0810,1,0.0000
85,-0.0000,-0.5990,-1.1689,1.7355,0.2144,1,0.0000
86,-0.0000,-0.5994,-1.0847,1.6513,0.0842,1,0.0000
87,-0.0000,-0.5990,-1.3023,1.8689,0.2176,1,0.0000
88,-0.0000,-0.5995,-1.2149,1.7815,0.0874,1,0.0000
89,-0.0000,-0.5990,-1.4357,2.0023,0.2208,1,0.0000
90,-0.0000,-0.5995,-1.3451,1.9117,0.0906,1,0.0000
91,-0.0000,-0.5990,-1.5691,2.1357,0.2240,1,0.0000
92,-0.0000,-0.5995,-1.4753,2.0419,0.0938,1,0.0000
93,-0.0000,-0.5990,-1.7025,2.2691,0.2271,1,0.0000
94,-0.0000,-0.5995,-1.6055,2.1721,0.0969,1,0.0000
95,-0.0000,-0.5990,-1.8359,2.4024,0.2303,1,0.0000
96,-0.0000,-0.5995,-1.7358,2.3024,0.1001,1,0.0000
97,-0.0000,-0.5990,-1.9692,2.5358,0.2335,1,0.0000
98,-0.0000,-0.5995,-1.8660,2.4326,0.1032,1,0.0000
99,-0.0000,-0.5990,-2.1026,2.6692,0.2366,1,0.0000
100,-0.0000,-0.5996,-1.9963,2.5628,0.1064,1,0.0000
101,-0.0000,-0.5990,-2.2360,2.8026,0.2397,1,0.0000
102,-0.0000,-0.5996,-2.1265,2.6931,0.1095,1,0.0000
103,-0.0000,-0.5990,-2.3694,2.9360,0.2429,1,0.0000
104,-0.0000,-0.5996,-2.2568,2.8234,0.1126,1,0.0000
105,-0.0000,-0.5990,-2.5028,3.0694,0.2460,1,0.0000
106,-0.0000,-0.5996,-2.2537,2.8203,0.2490,1,0.0000
107,-0.0000,-0.5990,-2.3695,2.9361,0.1158,1,0.0000
108,-0.0000,-0.5996,-2.1174,2.6840,0.2521,1,0.0000
109,-0.0000,-0.5990,-2.2362,2.8028,0.1189,1,0.0000
110,-0.0000,-0.5996,-1.9810,2.5476,0.2552,1,0.0000
111,-0.0000,-0.5990,-2.1030,2.6695,0.1219,1,0.0000
112,-0.0000,-0.5997,-1.8447,2.4113,0.2583,1,0.0000
113,-0.0000,-0.5990,-1.9697,2.5363,0.1250,1,0.0000
114,-0.0000,-0.5997,-1.7083,2.2749,0.2613,1,0.0000
115,-0.0000,-0.5990,-1.8364,2.4030,0.1281,1,0.0000
116,-0.0000,-0.5997,-1.5720,2.1386,0.2644,1,0.0000
117,-0.0000,-0.5990,-1.7031,2.2697,0.1311,1,0.0000
118,-0.0000,-0.5997,-1.4357,2.0023,0.2674,1,0.0000
119,-0.0000,-0.5990,-1.5699,2.1364,0.1342,1,0.0000
120,-0.0000,-0.5997,-1.2994,1.8660,0.2705,1,0.0000
121,-0.0000,-0.5990,-1.4366,2.0032,0.1372,1,0.0000
122,-0.0000,-0.5997,-1.1631,1.7297,0.2735,1,0.0000
123,-0.0000,-0.5990,-1.3033,1.8699,0.1402,1,0.0000
124,-0.0000,-0.5997,-1.0268,1.5934,0.2765,1,0.0000
125,-0.0000,-0.5990,-1.1700,1.7366,0.1432,1,0.0000
126,-0.0000,-0.5997,-0.8905,1.4571,0.2795,1,0.0000
127,-0.0000,-0.5990,-1.0368,1.6033,0.1462,1,0.0000
128,-0.0000,-0.5997,-0.7543,1.3208,0.2825,1,0.0000
129,-0.0000,-0.5990,-0.9035,1.4701,0.1492,1,0.0000
130,-0.0000,-0.5997,-0.6180,1.1846,0.2855,1,0.0000
131,-0.0000,-0.5990,-0.7702,1.3368,0.1522,1,0.0000
132,-0.0000,-0.5997,-0.4818,1.0483,0.2885,1,0.0000
133,-0.0000,-0.5990,-0.6369,1.2035,0.1552,1,0.0000
134,-0.0000,-0.5997,-0.3455,0.9121,0.2914,1,0.0000
135,-0.0000,-0.5990,-0.5037,1.0702,0.1581,1,0.0000
136,-0.0000,-0.5998,-0.2093,0.7759,0.2944,1,0.0000
137,-0.0000,-0.5990,-0.3704,0.9370,0.1611,1,0.0000
138,-0.0000,-0.5998,-0.0731,0.6397,0.2973,1,0.0000
139,-0.0000,-0.5990,-0.2371,0.8037,0.1640,1,0.0000
140,-0.0000,-0.5998,0.0631,0.5035,0.3002,1,0.0000
141,-0.0000,-0.5990,-0.1038,0.6704,0.1670,1,0.0000
142,-0.0000,-0.5998,0.1993,0.3673,0.3032,1,0.0000
143,-0.0000,-0.5990,0.0294,0.5371,0.1699,1,0.0000
144,-0.0000,-0.5998,0.3355,0.2311,0.3061,1,0.0000
145,-0.0000,-0.5990,0.1627,0.4039,0.1728,1,0.0000
146,-0.0000,-0.5998,0.4717,0.0949,0.3090,1,0.0000
147,-0.0000,-0.5990,0.2960,0.2706,0.1757,1,0.0000
148,-0.0000,-0.5998,0.6079,0.0413,0.3119,1,0.0000
149,-0.0000,-0.5990,0.4293,0.1373,0.1786,1,0.0000
150,-0.0000,-0.5998,0.7440,0.1774,0.3148,1,0.0000
151,-0.0000,-0.5990,0.5625,0.0040,0.1815,1,0.0000
152,-0.0000,-0.5998,0.8802,0.3136,0.3176,1,0.0000
153,-0.0000,-0.5990,0.6958,0.1292,0.1844,1,0.0000
154,-0.0000,-0.5998,1.0163,0.4497,0.3205,1,0.0000
155,-0.0000,-0.5990,0.8291,0.2625,0.1872,1,0.0000
156,-0.0000,-0.5999,1.1524,0.5859,0.3234,1,0.0000
157,-0.0000,-0.5990,0.9624,0.3958,0.1901,1,0.0000
158,-0.0000,-0.5999,1.2886,0.7220,0.3262,1,0.0000
159,-0.0000,-0.5990,1.0956,0.5291,0.1929,1,0.0000
160,-0.0000,-0.5999,1.4247,0.8581,0.3290,1,0.0000
161,-0.0000,-0.5990,1.2289,0.6623,0.1958,1,0.0000
162,-0.0000,-0.5999,1.5608,0.9942,0.3319,1,0.0000
163,-0.0000,-0.5990,1.3622,0.7956,0.1986,1,0.0000
164,-0.0000,-0.5999,1.6969,1.1303,0.3347,1,0.0000
165,-0.0000,-0.5990,1.4955,0.9289,0.2014,1,0.0000
166,-0.0000,-0.5999,1.8329,1.2664,0.3375,1,0.0000
167,-0.0000,-0.5990,1.6287,1.0622,0.2042,1,0.0000
168,-0.0000,-0.5999,1.9690,1.4024,0.3403,1,0.0000
169,-0.0000,-0.5990,1.7620,1.1954,0.2070,1,0.0000
170,-0.0000,-0.5999,2.1051,1.5385,0.3431,1,0.0000
171,-0.0000,-0.5990,1.8953,1.3287,0.2098,1,0.0000
172,-0.0000,-0.5999,2.2411,1.6745,0.3459,1,0.0000
173,-0.0000,-0.5990,2.0286,1.4620,0.2126,1,0.0000
174,-0.0000,-0.5999,2.3772,1.8106,0.3486,1,0.0000
175,-0.0000,-0.5990,2.1618,1.5952,0.2153,1,0.0000
176,-0.0000,-0.5999,2.5132,1.9466,0.3514,1,0.0000
177,-0.0000,-0.5990,2.1618,1.5952,0.3514,1,0.0000
178,-0.0000,-0.6000,2.3826,1.8160,0.2208,1,0.0000
179,-0.0000,-0.5990,2.0284,1.4618,0.3542,1,0.0000
180,-0.0000,-0.6000,2.2519,1.6854,0.2235,1,0.0000
181,-0.0000,-0.5990,1.8950,1.3284,0.3569,1,0.0000
182,-0.0000,-0.6000,2.1213,1.5547,0.2263,1,0.0000
183,-0.0000,-0.5990,1.7616,1.1950,0.3597,1,0.0000
184,-0.0000,-0.6000,1.9906,1.4240,0.2290,1,0.0000
185,-0.0000,-0.5990,1.6282,1.0617,0.3624,1,0.0000
186,-0.0000,-0.6000,1.8600,1.2934,0.2317,1,0.0000
187,-0.0000,-0.5990,1.4949,0.9283,0.3651,1,0.0000
188,-0.0000,-0.6000,1.7293,1.1627,0.2344,1,0.0000
189,-0.0000,-0.5990,1.3615,0.7949,0.3678,1,0.0000
190,-0.0000,-0.6000,1.5986,1.0320,0.2371,1,0.0000
191,-0.0000,-0.5990,1.2281,0.6615,0.3705,1,0.0000
192,-0.0000,-0.6000,1.4679,0.9013,0.2398,1,0.0000
193,-0.0000,-0.5990,1.0947,0.5281,0.3732,1,0.0000
194,-0.0000,-0.6000,1.3372,0.7706,0.2425,1,0.0000
195,-0.0000,-0.5990,0.9613,0.3947,0.3759,1,0.0000
196,-0.0000,-0.6000,1.2065,0.6399,0.2452,1,0.0000
197,-0.0000,-0.5990,0.8279,0.2613,0.3786,1,0.0000
198,-0.0000,-0.6000,1.0758,0.5092,0.2478,1,0.0000
199,-0.0000,-0.5990,0.6945,0.1280,0.3812,1,0.0000
200,-0.0000,-0.6001,0.9450,0.3784,0.2505,1,0.0001
201,-0.0000,-0.5990,0.5612,0.0054,0.3839,1,0.0000
202,0.0000,-0.6026,0.8066,0.2401,0.2455,1,0.0026
203,-0.0000,-0.5990,0.4278,0.1388,0.3789,1,0.0000
204,0.0000,-0.6069,0.6671,0.1008,0.2394,1,0.0069
205,-0.0001,-0.5990,0.2945,0.2721,0.3727,1,0.0000
206,-0.0000,-0.6085,0.5356,0.0324,0.2413,1,0.0085
207,-0.0001,-0.5990,0.1613,0.4053,0.3744,1,0.0000
208,-0.0000,-0.6098,0.4043,0.1626,0.2433,1,0.0098
209,-0.0001,-0.5989,0.0282,0.5384,0.3762,1,0.0000
210,-0.0000,-0.6106,0.2732,0.2936,0.2453,1,0.0106
211,-0.0001,-0.5989,-0.1046,0.6712,0.3780,1,0.0000
212,-0.0001,-0.6108,0.1423,0.4244,0.2472,1,0.0108
213,-0.0001,-0.5988,-0.2373,0.8039,0.3798,1,0.0000
214,-0.0001,-0.6105,0.0117,0.5550,0.2492,1,0.0105
215,-0.0001,-0.5987,-0.3697,0.9363,0.3816,1,0.0000
216,-0.0001,-0.6096,-0.1187,0.6854,0.2512,1,0.0096
217,-0.0001,-0.5985,-0.5019,1.0685,0.3833,1,0.0000
218,-0.0001,-0.6083,-0.2489,0.8156,0.2532,1,0.0083
219,-0.0001,-0.5984,-0.6338,1.2004,0.3850,1,0.0000
220,-0.0001,-0.6066,-0.3788,0.9455,0.2551,1,0.0066
221,-0.0001,-0.5982,-0.7654,1.3320,0.3867,1,0.0000
222,-0.0001,-0.6045,-0.5085,1.0751,0.2570,1,0.0045
223,-0.0001,-0.5980,-0.8967,1.4633,0.3883,1,0.0000
224,-0.0001,-0.6022,-0.6379,1.2045,0.2589,1,0.0022
225,-0.0001,-0.5978,-1.0277,1.5943,0.3899,1,0.0000
226,-0.0001,-0.5998,-0.7669,1.3335,0.2608,1,0.0000
227,-0.0001,-0.5976,-1.1583,1.7249,0.3914,1,0.0000
228,-0.0001,-0.5974,-0.8957,1.4623,0.2626,1,0.0000
229,-0.0001,-0.5974,-1.2886,1.8552,0.3929,1,0.0000
230,-0.0001,-0.5949,-1.0241,1.5907,0.2645,1,0.0000
231,-0.0001,-0.5971,-1.4184,1.9850,0.3943,1,0.0000
232,-0.0001,-0.5924,-1.1521,1.7187,0.2663,1,0.0000
233,-0.0001,-0.5968,-1.5478,2.1144,0.3958,1,0.0000
234,-0.0001,-0.5899,-1.2797,1.8463,0.2682,1,0.0000
235,-0.0001,-0.5964,-1.6768,2.2434,0.3971,1,0.0000
236,-0.0001,-0.5874,-1.4070,1.9736,0.2700,1,0.0000
237,-0.0001,-0.5961,-1.8053,2.3719,0.3985,1,0.0000
238,-0.0001,-0.5862,-1.5342,2.1008,0.2714,1,0.0000
239,-0.0001,-0.5958,-1.9335,2.5001,0.3995,1,0.0000
240,-0.0000,-0.5863,-1.6611,2.2277,0.2726,1,0.0000
241,-0.0001,-0.5957,-2.0615,2.6281,0.4005,1,0.0000
242,-0.0000,-0.5873,-1.7879,2.3545,0.2737,1,0.0000
243,-0.0001,-0.5957,-2.1894,2.7560,0.4016,1,0.0000
244,-0.0000,-0.5891,-1.9146,2.4812,0.2748,1,0.0000
245,-0.0001,-0.5957,-2.3173,2.8839,0.4027,1,0.0000
246,-0.0000,-0.5913,-2.0415,2.6081,0.2759,1,0.0000
247,-0.0001,-0.5958,-2.4453,3.0119,0.4038,1,0.0000
248,-0.0000,-0.5937,-2.1685,2.7351,0.2768,1,0.0000
249,-0.0001,-0.5959,-2.5734,3.1400,0.4050,1,0.0000
250,-0.0001,-0.5966,-2.1648,2.7314,0.4086,1,0.0000
251,-0.0001,-0.5959,-2.4400,3.0065,0.2752,1,0.0000
252,-0.0001,-0.5991,-2.0303,2.5969,0.4097,1,0.0000
253,-0.0001,-0.5962,-2.3065,2.8730,0.2762,1,0.0000
254,-0.0001,-0.6013,-1.8957,2.4623,0.4107,1,0.0013
255,-0.0001,-0.5970,-2.1729,2.7395,0.2772,1,0.0000
256,-0.0001,-0.6015,-1.7614,2.3280,0.4116,1,0.0015
257,-0.0001,-0.5966,-2.0396,2.6061,0.2782,1,0.0000
258,-0.0001,-0.6015,-1.6270,2.1936,0.4126,1,0.0015
259,-0.0001,-0.5965,-1.9062,2.4728,0.2793,1,0.0000
260,-0.0001,-0.6011,-1.4926,2.0591,0.4137,1,0.0011
261,-0.0001,-0.5966,-1.7728,2.3394,0.2803,1,0.0000
262,-0.0001,-0.6005,-1.3581,1.9247,0.4147,1,0.0005
263,-0.0001,-0.5968,-1.6394,2.2060,0.2813,1,0.0000
264,-0.0001,-0.5999,-1.2237,1.7903,0.4157,1,0.0000
265,-0.0001,-0.5972,-1.5061,2.0726,0.2823,1,0.0000
266,-0.0001,-0.5992,-1.0893,1.6559,0.4167,1,0.0000
267,-0.0001,-0.5960,-1.3729,1.9395,0.2836,1,0.0000
268,-0.0001,-0.5965,-0.9549,1.5215,0.4180,1,0.0000
269,-0.0001,-0.5962,-1.2395,1.8061,0.2846,1,0.0000
270,-0.0000,-0.5881,-0.8205,1.3871,0.4191,1,0.0000
271,-0.0000,-0.5971,-1.1059,1.6725,0.2856,1,0.0000
272,-0.0000,-0.5807,-0.6859,1.2526,0.4203,1,0.0000
273,-0.0000,-0.5973,-0.9724,1.5389,0.2869,1,0.0000
274,-0.0000,-0.5760,-0.5511,1.1179,0.4218,1,0.0000
275,-0.0000,-0.5976,-0.8388,1.4054,0.2885,1,0.0000
276,-0.0000,-0.5744,-0.4160,0.9829,0.4234,1,0.0000
277,-0.0000,-0.5972,-0.7053,1.2719,0.2902,1,0.0000
278,-0.0000,-0.5744,-0.2807,0.8476,0.4252,1,0.0000
279,-0.0000,-0.5980,-0.5716,1.1382,0.2919,1,0.0000
280,-0.0000,-0.5778,-0.1451,0.7120,0.4270,1,0.0000
281,-0.0000,-0.5988,-0.4378,1.0044,0.2935,1,0.0000
282,-0.0000,-0.5830,-0.0093,0.5761,0.4288,1,0.0000
283,-0.0000,-0.5988,-0.3041,0.8706,0.2952,1,0.0000
284,-0.0000,-0.5893,0.1264,0.4403,0.4306,1,0.0000
285,-0.0000,-0.5984,-0.1703,0.7369,0.2968,1,0.0000
286,-0.0000,-0.5961,0.2620,0.3046,0.4324,1,0.0000
287,-0.0000,-0.5995,-0.0365,0.6031,0.2985,1,0.0000
288,-0.0000,-0.6031,0.3976,0.1690,0.4341,1,0.0031
289,-0.0000,-0.5997,0.0974,0.4692,0.3003,1,0.0000
290,-0.0001,-0.6101,0.5332,0.0352,0.4359,1,0.0101
291,-0.0001,-0.5989,0.2312,0.3354,0.3022,1,0.0000
292,-0.0001,-0.6169,0.6686,0.1035,0.4377,1,0.0169
293,-0.0001,-0.5990,0.3650,0.2016,0.3041,1,0.0000
294,-0.0001,-0.6234,0.8038,0.2385,0.4395,1,0.0234
295,-0.0001,-0.5990,0.4987,0.0679,0.3061,1,0.0000
296,-0.0001,-0.6295,0.9389,0.3736,0.4413,1,0.0295
297,-0.0001,-0.5990,0.6323,0.0657,0.3081,1,0.0000
298,-0.0001,-0.6345,1.0741,0.5088,0.4432,1,0.0345
299,-0.0001,-0.5990,0.7658,0.1993,0.3103,1,0.0000
300,-0.0001,-0.6322,1.2099,0.6441,0.4453,1,0.0322
301,-0.0001,-0.5990,0.8991,0.3325,0.3125,1,0.0000
302,-0.0001,-0.6255,1.3456,0.7794,0.4473,1,0.0255
303,-0.0001,-0.5989,1.0322,0.4656,0.3145,1,0.0000
304,-0.0001,-0.6182,1.4812,0.9148,0.4494,1,0.0182
305,-0.0001,-0.5989,1.1651,0.5985,0.3167,1,0.0000
306,-0.0001,-0.6112,1.6163,1.0498,0.4513,1,0.0112
307,-0.0001,-0.5988,1.2978,0.7312,0.3187,1,0.0000
308,-0.0001,-0.6042,1.7499,1.1833,0.4521,1,0.0042
309,-0.0001,-0.5987,1.4303,0.8637,0.3197,1,0.0000
310,-0.0001,-0.5974,1.8834,1.3168,0.4531,1,0.0000
311,-0.0001,-0.5986,1.5624,0.9959,0.3209,1,0.0000
312,-0.0001,-0.5944,2.0181,1.4515,0.4556,1,0.0000
313,-0.0001,-0.5985,1.6944,1.1278,0.3237,1,0.0000
314,-0.0001,-0.5961,2.1530,1.5865,0.4587,1,0.0000
315,-0.0001,-0.5983,1.8259,1.2594,0.3271,1,0.0000
316,-0.0001,-0.6005,2.2878,1.7212,0.4618,1,0.0005
317,-0.0001,-0.5981,1.9572,1.3906,0.3306,1,0.0000
318,-0.0001,-0.6071,2.4221,1.8556,0.4650,1,0.0071
319,-0.0001,-0.5978,2.0882,1.5216,0.3341,1,0.0000
320,-0.0001,-0.6151,2.5560,1.9895,0.4682,1,0.0151
321,-0.0001,-0.5976,2.0865,1.5199,0.4699,1,0.0000
322,-0.0001,-0.6216,2.4253,1.8588,0.3396,1,0.0216
323,-0.0001,-0.5971,1.9527,1.3861,0.4732,1,0.0000
324,-0.0001,-0.6281,2.2945,1.7282,0.3432,1,0.0281
325,-0.0001,-0.5973,1.8190,1.2524,0.4765,1,0.0000
326,-0.0001,-0.6343,2.1637,1.5975,0.3467,1,0.0343
327,-0.0001,-0.5962,1.6855,1.1190,0.4797,1,0.0000
328,-0.0001,-0.6405,2.0328,1.4668,0.3501,1,0.0405
329,-0.0001,-0.5963,1.5519,0.9853,0.4829,1,0.0000
330,-0.0001,-0.6375,1.9027,1.3366,0.3532,1,0.0375
331,-0.0001,-0.5961,1.4183,0.8518,0.4861,1,0.0000
332,-0.0000,-0.6297,1.7729,1.2067,0.3562,1,0.0297
333,-0.0001,-0.5962,1.2848,0.7182,0.4893,1,0.0000
334,-0.0000,-0.6220,1.6432,1.0769,0.3594,1,0.0220
335,-0.0001,-0.5957,1.1513,0.5848,0.4926,1,0.0000
336,-0.0001,-0.6145,1.5136,0.9471,0.3627,1,0.0145
337,-0.0001,-0.5949,1.0181,0.4515,0.4959,1,0.0000
338,-0.0001,-0.6053,1.3843,0.8177,0.3663,1,0.0053
339,-0.0001,-0.5952,0.8848,0.3182,0.4996,1,0.0000
340,-0.0001,-0.5985,1.2548,0.6882,0.3701,1,0.0000
341,-0.0001,-0.5948,0.7517,0.1851,0.5032,1,0.0000
342,-0.0001,-0.5934,1.1255,0.5589,0.3739,1,0.0000
343,-0.0002,-0.5952,0.6185,0.0520,0.5070,1,0.0000
344,-0.0001,-0.5908,0.9961,0.4296,0.3776,1,0.0000
345,-0.0002,-0.5956,0.4850,0.0816,0.5110,1,0.0000
346,-0.0001,-0.5886,0.8665,0.3001,0.3815,1,0.0000
347,-0.0002,-0.5955,0.3519,0.2147,0.5146,1,0.0000
348,-0.0001,-0.5883,0.7371,0.1708,0.3852,1,0.0000
349,-0.0002,-0.5956,0.2188,0.3478,0.5184,1,0.0000
350,-0.0001,-0.5889,0.6076,0.0422,0.3889,1,0.0000
351,-0.0001,-0.5957,0.0855,0.4811,0.5221,1,0.0000
352,-0.0001,-0.5929,0.4725,0.0943,0.3869,1,0.0000
353,-0.0002,-0.5971,-0.0477,0.6143,0.5202,1,0.0000
354,-0.0001,-0.6056,0.3255,0.2412,0.3733,1,0.0056
355,-0.0002,-0.5967,-0.1811,0.7477,0.5066,1,0.0000
356,-0.0002,-0.6081,0.1949,0.3718,0.3761,1,0.0081
357,-0.0002,-0.5978,-0.3146,0.8812,0.5096,1,0.0000
358,-0.0002,-0.6117,0.0642,0.5025,0.3790,1,0.0117
359,-0.0002,-0.5980,-0.4483,1.0149,0.5127,1,0.0000
360,-0.0002,-0.6119,-0.0666,0.6333,0.3819,1,0.0119
361,-0.0002,-0.5978,-0.5821,1.1487,0.5157,1,0.0000
362,-0.0002,-0.6116,-0.1975,0.7642,0.3848,1,0.0116
363,-0.0002,-0.5980,-0.7160,1.2826,0.5186,1,0.0000
364,-0.0002,-0.6107,-0.3285,0.8952,0.3877,1,0.0107
365,-0.0002,-0.5983,-0.8499,1.4165,0.5216,1,0.0000
366,-0.0002,-0.6089,-0.4595,1.0261,0.3905,1,0.0089
367,-0.0002,-0.5985,-0.9838,1.5504,0.5244,1,0.0000
368,-0.0002,-0.6061,-0.5906,1.1572,0.3933,1,0.0061
369,-0.0002,-0.5987,-1.1177,1.6843,0.5272,1,0.0000
370,-0.0002,-0.6025,-0.7216,1.2882,0.3961,1,0.0025
371,-0.0002,-0.5988,-1.2514,1.8180,0.5298,1,0.0000
372,-0.0002,-0.5982,-0.8527,1.4192,0.3988,1,0.0000
373,-0.0002,-0.5989,-1.3850,1.9516,0.5324,1,0.0000
374,-0.0002,-0.5935,-0.9837,1.5503,0.4014,1,0.0000
375,-0.0002,-0.5990,-1.5185,2.0850,0.5348,1,0.0000
376,-0.0002,-0.5885,-1.1146,1.6812,0.4040,1,0.0000
377,-0.0002,-0.5990,-1.6516,2.2182,0.5372,1,0.0000
378,-0.0002,-0.5855,-1.2457,1.8123,0.4062,1,0.0000
379,-0.0002,-0.5990,-1.7847,2.3513,0.5392,1,0.0000
380,-0.0001,-0.5851,-1.3766,1.9432,0.4084,1,0.0000
381,-0.0002,-0.5990,-1.9177,2.4843,0.5413,1,0.0000
382,-0.0001,-0.5861,-1.5074,2.0740,0.4106,1,0.0000
383,-0.0002,-0.5990,-2.0508,2.6174,0.5436,1,0.0000
384,-0.0001,-0.5883,-1.6382,2.2048,0.4127,1,0.0000
385,-0.0002,-0.5990,-2.1839,2.7504,0.5458,1,0.0000
386,-0.0001,-0.5912,-1.7691,2.3357,0.4148,1,0.0000
387,-0.0001,-0.5990,-2.3170,2.8836,0.5479,1,0.0000
388,-0.0001,-0.5944,-1.9001,2.4667,0.4169,1,0.0000
389,-0.0001,-0.5990,-2.4501,3.0167,0.5501,1,0.0000
390,-0.0001,-0.5975,-2.0312,2.5978,0.4189,1,0.0000
391,-0.0001,-0.5990,-2.5834,3.1500,0.5521,1,0.0000
392,-0.0136,-0.6010,-2.0302,2.5968,0.5534,1,0.0010
393,-0.0018,-0.5990,-2.4500,3.0166,0.4200,1,0.0000
394,-0.0260,-0.6040,-1.8959,2.4626,0.5547,1,0.0040
395,-0.0049,-0.5990,-2.3168,2.8834,0.4214,1,0.0000
396,-0.0343,-0.6057,-1.7615,2.3283,0.5561,1,0.0057
397,-0.0088,-0.5990,-2.1836,2.7502,0.4230,1,0.0000
398,-0.0404,-0.6064,-1.6270,2.1940,0.5576,1,0.0064
399,-0.0133,-0.5990,-2.0505,2.6172,0.4245,1,0.0000
400,-0.0453,-0.6063,-1.4925,2.0596,0.5590,1,0.0063
401,-0.0180,-0.5989,-1.9175,2.4841,0.4259,1,0.0000
402,-0.0495,-0.6055,-1.3580,1.9252,0.5604,1,0.0055
403,-0.0229,-0.5989,-1.7845,2.3512,0.4273,1,0.0000
404,-0.0534,-0.6044,-1.2235,1.7909,0.5618,1,0.0044
405,-0.0279,-0.5989,-1.6514,2.2182,0.4287,1,0.0000
406,-0.0571,-0.6032,-1.0890,1.6566,0.5632,1,0.0032
407,-0.0330,-0.5988,-1.5184,2.0853,0.4301,1,0.0000
408,-0.0608,-0.6019,-0.9545,1.5223,0.5647,1,0.0019
409,-0.0381,-0.5988,-1.3854,1.9523,0.4315,1,0.0000
410,-0.0645,-0.6009,-0.8199,1.3880,0.5661,1,0.0009
411,-0.0432,-0.5988,-1.2523,1.8194,0.4329,1,0.0000
412,-0.0682,-0.6000,-0.6854,1.2538,0.5675,1,0.0000
413,-0.0484,-0.5988,-1.1192,1.6865,0.4343,1,0.0000
414,-0.0719,-0.5995,-0.5509,1.1198,0.5689,1,0.0000
415,-0.0536,-0.5988,-0.9862,1.5537,0.4357,1,0.0000
416,-0.0758,-0.5991,-0.4163,0.9858,0.5703,1,0.0000
417,-0.0588,-0.5988,-0.8531,1.4209,0.4371,1,0.0000
418,-0.0797,-0.5990,-0.2818,0.8521,0.5716,1,0.0000
419,-0.0642,-0.5988,-0.7199,1.2881,0.4384,1,0.0000
420,-0.0838,-0.5991,-0.1473,0.7188,0.5730,1,0.0000
421,-0.0696,-0.5988,-0.5868,1.1555,0.4398,1,0.0000
422,-0.0879,-0.5993,-0.0128,0.5860,0.5743,1,0.0000
423,-0.0751,-0.5989,-0.4537,1.0231,0.4411,1,0.0000
424,-0.0922,-0.5996,0.1217,0.4544,0.5756,1,0.0000
425,-0.0807,-0.5989,-0.3206,0.8908,0.4424,1,0.0000
426,-0.0966,-0.5999,0.2561,0.3251,0.5769,1,0.0000
427,-0.0865,-0.5989,-0.1875,0.7590,0.4437,1,0.0000
428,-0.1055,-0.6003,0.3892,0.2064,0.5770,1,0.0003
429,-0.0937,-0.5989,-0.0544,0.6280,0.4438,1,0.0000
430,-0.1142,-0.6007,0.5221,0.1226,0.5769,1,0.0007
431,-0.1023,-0.5988,0.0785,0.4987,0.4438,1,0.0000
432,-0.1220,-0.6008,0.6553,0.1509,0.5772,1,0.0008
433,-0.1116,-0.5988,0.2114,0.3723,0.4440,1,0.0000
434,-0.1294,-0.6009,0.7887,0.2571,0.5776,1,0.0009
435,-0.1213,-0.5987,0.3443,0.2532,0.4445,1,0.0000
436,-0.1366,-0.6008,0.9222,0.3809,0.5781,1,0.0008
437,-0.1313,-0.5987,0.4772,0.1588,0.4450,1,0.0000
438,-0.1438,-0.6007,1.0557,0.5099,0.5786,1,0.0007
439,-0.1415,-0.5986,0.6102,0.1481,0.4456,1,0.0000
440,-0.1511,-0.6004,1.1893,0.6408,0.5792,1,0.0004
441,-0.1518,-0.5985,0.7431,0.2328,0.4462,1,0.0000
442,-0.1584,-0.6001,1.3229,0.7728,0.5798,1,0.0001
443,-0.1621,-0.5985,0.8761,0.3494,0.4468,1,0.0000
444,-0.1658,-0.5997,1.4566,0.9053,0.5804,1,0.0000
445,-0.1724,-0.5985,1.0092,0.4750,0.4475,1,0.0000
446,-0.1733,-0.5993,1.5902,1.0382,0.5811,1,0.0000
447,-0.1828,-0.5984,1.1422,0.6040,0.4481,1,0.0000
448,-0.1809,-0.5990,1.7239,1.1713,0.5817,1,0.0000
449,-0.1933,-0.5984,1.2753,0.7346,0.4487,1,0.0000
450,-0.1885,-0.5986,1.8575,1.3046,0.5822,1,0.0000
451,-0.2039,-0.5984,1.4084,0.8661,0.4494,1,0.0000
452,-0.1961,-0.5983,1.9912,1.4380,0.5828,1,0.0000
453,-0.2145,-0.5984,1.5415,0.9983,0.4500,1,0.0000
454,-0.2038,-0.5980,2.1248,1.5715,0.5834,1,0.0000
455,-0.2253,-0.5984,1.6747,1.1308,0.4506,1,0.0000
456,-0.2116,-0.5978,2.2584,1.7050,0.5838,1,0.0000
457,-0.2363,-0.5984,1.8079,1.2636,0.4512,1,0.0000
458,-0.2194,-0.5976,2.3920,1.8385,0.5843,1,0.0000
459,-0.2475,-0.5984,1.9411,1.3966,0.4517,1,0.0000
460,-0.2269,-0.5973,2.5250,1.9715,0.5842,1,0.0000
461,-0.2592,-0.5984,1.9410,1.3987,0.5848,1,0.0000
462,-0.2406,-0.5974,2.3901,1.8393,0.4495,1,0.0000
463,-0.2724,-0.5984,1.8075,1.2705,0.5835,1,0.0000
464,-0.2564,-0.5976,2.2557,1.7085,0.4485,1,0.0000
465,-0.2863,-0.5983,1.6739,1.1438,0.5825,1,0.0000
466,-0.2736,-0.5979,2.1216,1.5789,0.4478,1,0.0000
467,-0.3008,-0.5982,1.5403,1.0191,0.5819,1,0.0000
468,-0.2915,-0.5981,1.9875,1.4505,0.4473,1,0.0000
469,-0.3042,-0.5973,1.4207,0.9066,0.5670,1,0.0000
470,-0.2641,-0.5954,1.9037,1.3630,0.4847,1,0.0000
471,-0.2453,-0.5986,1.3626,0.8330,0.5414,1,0.0000
472,-0.2096,-0.5953,1.8266,1.2774,0.4654,1,0.0000
473,-0.1940,-0.5990,1.2672,0.7269,0.5597,1,0.0000
474,-0.1813,-0.5968,1.7113,1.1590,0.4443,1,0.0000
475,-0.1802,-0.5980,1.1372,0.5983,0.5741,1,0.0000
476,-0.1821,-0.5979,1.5782,1.0279,0.4411,1,0.0000
477,-0.1826,-0.5986,1.0033,0.4733,0.5750,1,0.0000
478,-0.1868,-0.5981,1.4438,0.8969,0.4406,1,0.0000
479,-0.1819,-0.5986,0.8693,0.3532,0.5745,1,0.0000
480,-0.1898,-0.5984,1.3093,0.7666,0.4400,1,0.0000
481,-0.1817,-0.5986,0.7353,0.2480,0.5740,1,0.0000
482,-0.1937,-0.5987,1.1747,0.6382,0.4395,1,0.0000
483,-0.1822,-0.5986,0.6013,0.1854,0.5735,1,0.0000
484,-0.1982,-0.5991,1.0401,0.5133,0.4391,1,0.0000
485,-0.1831,-0.5986,0.4672,0.2084,0.5731,1,0.0000
486,-0.2033,-0.5994,0.9054,0.3951,0.4387,1,0.0000
487,-0.1844,-0.5986,0.3330,0.2976,0.5727,1,0.0000
488,-0.2088,-0.5998,0.7706,0.2919,0.4383,1,0.0000
489,-0.1859,-0.5986,0.1988,0.4121,0.5723,1,0.0000
490,-0.2144,-0.6002,0.6357,0.2253,0.4379,1,0.0002
491,-0.1873,-0.5986,0.0645,0.5359,0.5719,1,0.0000
492,-0.2200,-0.6006,0.5008,0.2296,0.4375,1,0.0006
493,-0.1886,-0.5987,-0.0699,0.6638,0.5715,1,0.0000
494,-0.2254,-0.6010,0.3658,0.3019,0.4372,1,0.0010
495,-0.1897,-0.5987,-0.2043,0.7939,0.5712,1,0.0000
496,-0.2307,-0.6014,0.2307,0.4075,0.4370,1,0.0014
497,-0.1907,-0.5987,-0.3388,0.9253,0.5709,1,0.0000
498,-0.2357,-0.6017,0.0955,0.5267,0.4367,1,0.0017
499,-0.1915,-0.5987,-0.4734,1.0574,0.5706,1,0.0000
500,-0.2406,-0.6020,-0.0397,0.6523,0.4365,1,0.0020
501,-0.1921,-0.5987,-0.6080,1.1902,0.5704,1,0.0000
502,-0.2405,-0.6019,-0.1737,0.7784,0.4370,1,0.0019
503,-0.1942,-0.5987,-0.7425,1.3234,0.5706,1,0.0000
504,-0.2422,-0.6018,-0.3074,0.9069,0.4377,1,0.0018
505,-0.1982,-0.5988,-0.8768,1.4570,0.5711,1,0.0000
506,-0.2469,-0.6017,-0.4410,1.0374,0.4385,1,0.0017
507,-0.2023,-0.5983,-1.0111,1.5906,0.5718,1,0.0000
508,-0.2530,-0.6017,-0.5747,1.1690,0.4394,1,0.0017
509,-0.2078,-0.5984,-1.1453,1.7245,0.5725,1,0.0000
510,-0.2600,-0.6017,-0.7083,1.3011,0.4402,1,0.0017
511,-0.2164,-0.5984,-1.2799,1.8591,0.5733,1,0.0000
512,-0.2704,-0.6017,-0.8421,1.4344,0.4411,1,0.0017
513,-0.2273,-0.5985,-1.4141,1.9937,0.5736,1,0.0000
514,-0.2831,-0.6018,-0.9756,1.5679,0.4421,1,0.0018
515,-0.2380,-0.5986,-1.5483,2.1282,0.5745,1,0.0000
516,-0.2958,-0.6018,-1.1090,1.7015,0.4431,1,0.0018
517,-0.2485,-0.5986,-1.6825,2.2628,0.5755,1,0.0000
518,-0.3084,-0.6019,-1.2425,1.8352,0.4441,1,0.0019
519,-0.2589,-0.5986,-1.8167,2.3973,0.5764,1,0.0000
520,-0.3209,-0.6021,-1.3759,1.9688,0.4452,1,0.0021
521,-0.2692,-0.5986,-1.9510,2.5319,0.5774,1,0.0000
522,-0.3333,-0.6022,-1.5094,2.1025,0.4462,1,0.0022
523,-0.2794,-0.5987,-2.0852,2.6665,0.5784,1,0.0000
524,-0.3456,-0.6024,-1.6428,2.2363,0.4473,1,0.0024
525,-0.2895,-0.5987,-2.2195,2.8011,0.5794,1,0.0000
526,-0.3579,-0.6025,-1.7763,2.3700,0.4485,1,0.0025
527,-0.2995,-0.5987,-2.3538,2.9357,0.5804,1,0.0000
528,-0.3701,-0.6027,-1.9098,2.5039,0.4496,1,0.0027
529,-0.3095,-0.5987,-2.4880,3.0703,0.5815,1,0.0000
530,-0.3824,-0.6029,-2.0432,2.6377,0.4508,1,0.0029
531,-0.3194,-0.5987,-2.6224,3.2049,0.5825,1,0.0000
532,-0.3921,-0.6030,-2.0434,2.6393,0.5835,1,0.0030
533,-0.3293,-0.5986,-2.4900,3.0743,0.4509,1,0.0000
534,-0.3992,-0.6030,-1.9103,2.5089,0.5839,1,0.0030
535,-0.3392,-0.5986,-2.3576,2.9438,0.4513,1,0.0000
536,-0.4064,-0.6029,-1.7772,2.3787,0.5843,1,0.0029
537,-0.3491,-0.5986,-2.2252,2.8135,0.4516,1,0.0000
538,-0.4137,-0.6029,-1.6440,2.2490,0.5847,1,0.0029
539,-0.3590,-0.5986,-2.0927,2.6834,0.4520,1,0.0000
540,-0.4211,-0.6028,-1.5108,2.1197,0.5852,1,0.0028
541,-0.3690,-0.5986,-1.9602,2.5536,0.4524,1,0.0000
542,-0.4287,-0.6027,-1.3776,1.9909,0.5857,1,0.0027
543,-0.3790,-0.5986,-1.8278,2.4241,0.4529,1,0.0000
544,-0.4365,-0.6026,-1.2445,1.8629,0.5861,1,0.0026
545,-0.3891,-0.5986,-1.6953,2.2951,0.4533,1,0.0000
546,-0.4444,-0.6025,-1.1113,1.7357,0.5866,1,0.0025
547,-0.3992,-0.5986,-1.5627,2.1664,0.4537,1,0.0000
548,-0.4525,-0.6025,-0.9781,1.6096,0.5871,1,0.0025
549,-0.3893,-0.5974,-1.4736,2.0770,0.4995,1,0.0000
550,-0.4143,-0.6009,-0.9402,1.5627,0.5340,1,0.0009
551,-0.3413,-0.5966,-1.4393,2.0347,0.5044,1,0.0000
552,-0.3619,-0.6007,-0.8957,1.5064,0.5440,1,0.0007
553,-0.2860,-0.5967,-1.3811,1.9685,0.4912,1,0.0000
554,-0.2916,-0.5993,-0.8220,1.4188,0.5591,1,0.0000
555,-0.2349,-0.5971,-1.2862,1.8676,0.4677,1,0.0000
556,-0.2474,-0.5995,-0.7054,1.2959,0.5809,1,0.0000
557,-0.2294,-0.5987,-1.1558,1.7376,0.4508,1,0.0000
558,-0.2452,-0.5993,-0.5710,1.1637,0.5851,1,0.0000
559,-0.2338,-0.5988,-1.0226,1.6063,0.4518,1,0.0000
560,-0.2450,-0.5990,-0.4363,1.0324,0.5864,1,0.0000
561,-0.2372,-0.5989,-0.8894,1.4752,0.4531,1,0.0000
562,-0.2459,-0.5990,-0.3015,0.9022,0.5880,1,0.0000
563,-0.2402,-0.5989,-0.7561,1.3443,0.4547,1,0.0000
564,-0.2473,-0.5991,-0.1666,0.7737,0.5896,1,0.0000
565,-0.2428,-0.5990,-0.6228,1.2139,0.4563,1,0.0000
566,-0.2489,-0.5994,-0.0316,0.6479,0.5913,1,0.0000
567,-0.2452,-0.5990,-0.4895,1.0842,0.4580,1,0.0000
568,-0.2506,-0.5997,0.1034,0.5267,0.5930,1,0.0000
569,-0.2475,-0.5990,-0.3563,0.9555,0.4597,1,0.0000
570,-0.2523,-0.5999,0.2384,0.4140,0.5947,1,0.0000
571,-0.2497,-0.5990,-0.2230,0.8281,0.4614,1,0.0000
572,-0.2539,-0.6002,0.3734,0.3191,0.5964,1,0.0002
573,-0.2519,-0.5990,-0.0897,0.7030,0.4631,1,0.0000
574,-0.2556,-0.6005,0.5084,0.2621,0.5981,1,0.0005
575,-0.2540,-0.5990,0.0436,0.5814,0.4649,1,0.0000
576,-0.2571,-0.6007,0.6434,0.2684,0.5999,1,0.0007
577,-0.2560,-0.5990,0.1768,0.4663,0.4666,1,0.0000
578,-0.2587,-0.6008,0.7784,0.3344,0.6016,1,0.0008
579,-0.2580,-0.5990,0.3101,0.3638,0.4683,1,0.0000
580,-0.2602,-0.6010,0.9134,0.4336,0.6034,1,0.0010
581,-0.2600,-0.5990,0.4434,0.2877,0.4701,1,0.0000
582,-0.2617,-0.6010,1.0484,0.5483,0.6051,1,0.0010
583,-0.2620,-0.5990,0.5766,0.2622,0.4718,1,0.0000
584,-0.2631,-0.6011,1.1835,0.6707,0.6068,1,0.0011
585,-0.2639,-0.5990,0.7099,0.3003,0.4736,1,0.0000
586,-0.2646,-0.6011,1.3185,0.7971,0.6086,1,0.0011
587,-0.2658,-0.5990,0.8432,0.3836,0.4753,1,0.0000
588,-0.2660,-0.6010,1.4535,0.9259,0.6103,1,0.0010
589,-0.2677,-0.5990,0.9764,0.4895,0.4770,1,0.0000
590,-0.2674,-0.6010,1.5885,1.0563,0.6120,1,0.0010
591,-0.2695,-0.5990,1.1097,0.6063,0.4788,1,0.0000
592,-0.2688,-0.6009,1.7235,1.1877,0.6138,1,0.0009
593,-0.2713,-0.5990,1.2430,0.7288,0.4805,1,0.0000
594,-0.2702,-0.6009,1.8585,1.3198,0.6155,1,0.0009
595,-0.2731,-0.5990,1.3763,0.8545,0.4822,1,0.0000
596,-0.2715,-0.6008,1.9935,1.4525,0.6172,1,0.0008
597,-0.2749,-0.5990,1.5095,0.9822,0.4839,1,0.0000
598,-0.2729,-0.6007,2.1285,1.5855,0.6189,1,0.0007
599,-0.2767,-0.5990,1.6428,1.1112,0.4857,1,0.0000
600,-0.2742,-0.6007,2.2635,1.7189,0.6206,1,0.0007
601,-0.2784,-0.5990,1.7761,1.2411,0.4874,1,0.0000
602,-0.2755,-0.6006,2.3984,1.8525,0.6224,1,0.0006
603,-0.2802,-0.5990,1.9094,1.3717,0.4891,1,0.0000
604,-0.2769,-0.6006,2.5334,1.9862,0.6241,1,0.0006
605,-0.2819,-0.5990,1.9093,1.3720,0.6241,1,0.0000
606,-0.2790,-0.6006,2.4017,1.8563,0.4924,1,0.0006
607,-0.2837,-0.5990,1.7759,1.2422,0.6258,1,0.0000
608,-0.2812,-0.6006,2.2701,1.7265,0.4941,1,0.0006
609,-0.2855,-0.5990,1.6425,1.1132,0.6275,1,0.0000
610,-0.2834,-0.6006,2.1384,1.5971,0.4958,1,0.0006
611,-0.2872,-0.5990,1.5092,0.9854,0.6292,1,0.0000
612,-0.2856,-0.6006,2.0067,1.4681,0.4975,1,0.0006
613,-0.2890,-0.5990,1.3758,0.8593,0.6309,1,0.0000
614,-0.2878,-0.6007,1.8750,1.3397,0.4992,1,0.0007
615,-0.2909,-0.5990,1.2424,0.7357,0.6326,1,0.0000
616,-0.2806,-0.6004,1.7448,1.2112,0.5025,1,0.0004
617,-0.2832,-0.5990,1.1106,0.6133,0.6342,1,0.0000
618,-0.2829,-0.6007,1.6131,1.0841,0.5025,1,0.0007
619,-0.2851,-0.5990,0.9772,0.4999,0.6359,1,0.0000
620,-0.2852,-0.6008,1.4814,0.9582,0.5042,1,0.0008
621,-0.2862,-0.5990,0.8438,0.3985,0.6376,1,0.0000
622,-0.2868,-0.6008,1.3496,0.8339,0.5058,1,0.0008
623,-0.2862,-0.5990,0.7104,0.3203,0.6392,1,0.0000
624,-0.2872,-0.6009,1.2179,0.7118,0.5075,1,0.0009
625,-0.2859,-0.5990,0.5770,0.2861,0.6409,1,0.0000
626,-0.2890,-0.6012,1.0861,0.5945,0.5091,1,0.0012
627,-0.2839,-0.5990,0.4436,0.3094,0.6426,1,0.0000
628,-0.2890,-0.6014,0.9543,0.4835,0.5107,1,0.0014
629,-0.2805,-0.5990,0.3102,0.3800,0.6441,1,0.0000
630,-0.2870,-0.6015,0.8223,0.3844,0.5121,1,0.0015
631,-0.2775,-0.5995,0.1768,0.4785,0.6456,1,0.0000
632,-0.2842,-0.6015,0.6902,0.3099,0.5135,1,0.0015
633,-0.2734,-0.5995,0.0433,0.5903,0.6470,1,0.0000
634,-0.2810,-0.6015,0.5581,0.2812,0.5148,1,0.0015
635,-0.2693,-0.5995,-0.0901,0.7098,0.6483,1,0.0000
636,-0.2780,-0.6014,0.4260,0.3116,0.5161,1,0.0014
637,-0.2657,-0.5995,-0.2235,0.8336,0.6496,1,0.0000
638,-0.2754,-0.6013,0.2938,0.3876,0.5174,1,0.0013
639,-0.2626,-0.5994,-0.3570,0.9602,0.6509,1,0.0000
640,-0.2734,-0.6012,0.1616,0.4886,0.5187,1,0.0012
641,-0.2593,-0.5989,-0.4904,1.0884,0.6522,1,0.0000
642,-0.2720,-0.6011,0.0294,0.6021,0.5200,1,0.0011
643,-0.2576,-0.5989,-0.6239,1.2181,0.6535,1,0.0000
644,-0.2714,-0.6010,-0.1028,0.7223,0.5213,1,0.0010
645,-0.2566,-0.5989,-0.7574,1.3486,0.6548,1,0.0000
646,-0.2714,-0.6010,-0.2350,0.8463,0.5226,1,0.0010
647,-0.2561,-0.5989,-0.8909,1.4798,0.6561,1,0.0000
648,-0.2721,-0.6009,-0.3672,0.9726,0.5239,1,0.0009
649,-0.2561,-0.5989,-1.0244,1.6114,0.6574,1,0.0000
650,-0.2733,-0.6009,-0.4994,1.1005,0.5252,1,0.0009
651,-0.2564,-0.5989,-1.1578,1.7434,0.6586,1,0.0000
652,-0.2748,-0.6010,-0.6317,1.2294,0.5265,1,0.0010
653,-0.2609,-0.5989,-1.2914,1.8763,0.6599,1,0.0000
654,-0.2807,-0.6010,-0.7640,1.3598,0.5279,1,0.0010
655,-0.2661,-0.5989,-1.4249,2.0092,0.6611,1,0.0000
656,-0.2873,-0.6011,-0.8962,1.4907,0.5292,1,0.0011
657,-0.2714,-0.5989,-1.5585,2.1423,0.6625,1,0.0000
658,-0.2941,-0.6011,-1.0284,1.6219,0.5305,1,0.0011
659,-0.2768,-0.5989,-1.6920,2.2754,0.6638,1,0.0000
660,-0.3012,-0.6012,-1.1607,1.7533,0.5319,1,0.0012
661,-0.2822,-0.5989,-1.8255,2.4087,0.6651,1,0.0000
662,-0.3085,-0.6013,-1.2929,1.8849,0.5332,1,0.0013
663,-0.2878,-0.5989,-1.9590,2.5420,0.6664,1,0.0000
664,-0.3162,-0.6014,-1.4252,2.0168,0.5346,1,0.0014
665,-0.2936,-0.5989,-2.0926,2.6754,0.6677,1,0.0000
666,-0.3321,-0.6024,-1.5585,2.1509,0.5355,1,0.0024
667,-0.3009,-0.5989,-2.2263,2.8090,0.6685,1,0.0000
668,-0.3688,-0.6054,-1.6940,2.2905,0.5366,1,0.0054
669,-0.3127,-0.5988,-2.3606,2.9438,0.6689,1,0.0000
670,-0.4000,-0.6074,-1.8295,2.4293,0.5382,1,0.0074
671,-0.3273,-0.5987,-2.4954,3.0794,0.6699,1,0.0000
672,-0.4275,-0.6087,-1.9651,2.5675,0.5398,1,0.0087
673,-0.3436,-0.5985,-2.6305,3.2155,0.6708,1,0.0000
674,-0.4488,-0.6093,-1.9675,2.5736,0.6714,1,0.0093
675,-0.3607,-0.5982,-2.4992,3.0869,0.5390,1,0.0000
676,-0.4645,-0.6094,-1.8369,2.4480,0.6705,1,0.0094
677,-0.3784,-0.5980,-2.3679,2.9588,0.5381,1,0.0000
678,-0.4792,-0.6092,-1.7063,2.3228,0.6694,1,0.0092
679,-0.3963,-0.5977,-2.2367,2.8311,0.5369,1,0.0000
680,-0.4933,-0.6088,-1.5757,2.1984,0.6681,1,0.0088
681,-0.4144,-0.5975,-2.1054,2.7039,0.5356,1,0.0000
682,-0.5072,-0.6082,-1.4452,2.0747,0.6668,1,0.0082
683,-0.4325,-0.5973,-1.9740,2.5771,0.5342,1,0.0000
684,-0.5210,-0.6075,-1.3146,1.9520,0.6654,1,0.0075
685,-0.4505,-0.5972,-1.8425,2.4509,0.5327,1,0.0000
686,-0.5348,-0.6066,-1.1840,1.8305,0.6640,1,0.0066
687,-0.4686,-0.5971,-1.7110,2.3253,0.5312,1,0.0000
688,-0.5486,-0.6057,-1.0534,1.7104,0.6625,1,0.0057
689,-0.4866,-0.5971,-1.5794,2.2005,0.5297,1,0.0000
690,-0.5623,-0.6048,-0.9228,1.5920,0.6611,1,0.0048
691,-0.5050,-0.5976,-1.5074,2.1346,0.5875,1,0.0000
692,-0.5806,-0.6056,-0.9183,1.5944,0.5940,1,0.0056
693,-0.5232,-0.6016,-1.5091,2.1406,0.5936,1,0.0016
694,-0.5993,-0.6051,-0.9209,1.6037,0.5931,1,0.0051
695,-0.5421,-0.5978,-1.5039,2.1403,0.5858,1,0.0000
696,-0.6177,-0.6048,-0.9166,1.6067,0.5921,1,0.0048
697,-0.5603,-0.6013,-1.5055,2.1465,0.5917,1,0.0013
698,-0.6363,-0.6045,-0.9191,1.6162,0.5914,1,0.0045
699,-0.5787,-0.6013,-1.5072,2.1530,0.5909,1,0.0013
700,-0.6548,-0.6046,-0.9214,1.6257,0.5907,1,0.0046
701,-0.5971,-0.6015,-1.5089,2.1596,0.5902,1,0.0015
702,-0.6730,-0.6046,-0.9238,1.6352,0.5900,1,0.0046
703,-0.6157,-0.5981,-1.5036,2.1598,0.5827,1,0.0000
704,-0.6905,-0.6045,-0.9191,1.6383,0.5893,1,0.0045
705,-0.6335,-0.6009,-1.5052,2.1665,0.5889,1,0.0009
706,-0.7076,-0.6072,-0.9213,1.6476,0.5886,1,0.0072
707,-0.6516,-0.5986,-1.5068,2.1733,0.5882,1,0.0000
708,-0.7249,-0.6050,-0.9234,1.6570,0.5880,1,0.0050
709,-0.6689,-0.6018,-1.5083,2.1801,0.5876,1,0.0018
710,-0.7418,-0.6044,-0.9255,1.6663,0.5874,1,0.0044
711,-0.6866,-0.5982,-1.5029,2.1804,0.5800,1,0.0000
712,-0.7583,-0.6041,-0.9205,1.6693,0.5868,1,0.0041
713,-0.7036,-0.6005,-1.5043,2.1872,0.5864,1,0.0005
714,-0.7745,-0.6065,-0.9224,1.6784,0.5863,1,0.0065
715,-0.7207,-0.5987,-1.5058,2.1941,0.5859,1,0.0000
716,-0.7910,-0.6049,-0.9243,1.6877,0.5858,1,0.0049
717,-0.7282,-0.5989,-1.5072,2.1979,0.5863,1,0.0000
718,-0.7979,-0.6053,-0.9264,1.6928,0.5851,1,0.0053
719,-0.7302,-0.5990,-1.5086,2.1999,0.5862,1,0.0000
720,-0.7996,-0.6054,-0.9285,1.6955,0.5843,1,0.0054
721,-0.7295,-0.5980,-1.5027,2.1941,0.5785,1,0.0000
722,-0.7983,-0.6038,-0.9234,1.6904,0.5834,1,0.0038
723,-0.7320,-0.5986,-1.5041,2.1962,0.5844,1,0.0000
724,-0.8005,-0.6044,-0.9255,1.6932,0.5827,1,0.0044
725,-0.7328,-0.5987,-1.5054,2.1978,0.5839,1,0.0000
726,-0.8011,-0.6047,-0.9275,1.6953,0.5820,1,0.0047
727,-0.7332,-0.5989,-1.5068,2.1992,0.5833,1,0.0000
728,-0.8014,-0.6051,-0.9295,1.6972,0.5813,1,0.0051
729,-0.7334,-0.5991,-1.5081,2.2005,0.5826,1,0.0000
730,-0.8016,-0.6055,-0.9315,1.6991,0.5806,1,0.0055
731,-0.7335,-0.5991,-1.5094,2.2018,0.5819,1,0.0000
732,-0.8018,-0.6056,-0.9335,1.7009,0.5800,1,0.0056
733,-0.7315,-0.5980,-1.5035,2.1955,0.5743,1,0.0000
734,-0.7999,-0.6040,-0.9282,1.6954,0.5793,1,0.0040
735,-0.7331,-0.5987,-1.5048,2.1973,0.5804,1,0.0000
736,-0.8018,-0.6050,-0.9302,1.6980,0.5787,1,0.0050
737,-0.7331,-0.5987,-1.5061,2.1985,0.5801,1,0.0000
738,-0.8022,-0.6051,-0.9322,1.7000,0.5782,1,0.0051
739,-0.7327,-0.5989,-1.5075,2.1997,0.5796,1,0.0000
740,-0.8025,-0.6056,-0.9342,1.7019,0.5776,1,0.0056
741,-0.7321,-0.5991,-1.5089,2.2008,0.5790,1,0.0000
742,-0.8027,-0.6062,-0.9363,1.7038,0.5770,1,0.0062
743,-0.7293,-0.5980,-1.5030,2.1943,0.5715,1,0.0000
744,-0.8007,-0.6047,-0.9313,1.6984,0.5762,1,0.0047
745,-0.7302,-0.5985,-1.5045,2.1960,0.5776,1,0.0000
746,-0.8028,-0.6056,-0.9335,1.7014,0.5757,1,0.0056
747,-0.7292,-0.5986,-1.5060,2.1971,0.5773,1,0.0000
748,-0.8033,-0.6061,-0.9358,1.7037,0.5750,1,0.0061
749,-0.7277,-0.5988,-1.5075,2.1981,0.5767,1,0.0000
750,-0.8033,-0.6068,-0.9384,1.7059,0.5742,1,0.0068
751,-0.7260,-0.5990,-1.5091,2.1990,0.5761,1,0.0000
752,-0.7713,-0.6010,-0.9467,1.6985,0.5643,1,0.0010
753,-0.7371,-0.5993,-1.5097,2.2033,0.5641,1,0.0000
754,-0.7565,-0.5945,-0.9524,1.6970,0.5577,1,0.0000
755,-0.7433,-0.5987,-1.5028,2.1988,0.5506,1,0.0000
756,-0.7482,-0.5906,-0.9480,1.6894,0.5549,1,0.0000
757,-0.7462,-0.5997,-1.5028,2.1998,0.5549,1,0.0000
758,-0.7436,-0.5900,-0.9489,1.6881,0.5540,1,0.0000
759,-0.7473,-0.6003,-1.5028,2.2002,0.5540,1,0.0003
760,-0.7410,-0.5902,-0.9487,1.6868,0.5542,1,0.0000
761,-0.7473,-0.6005,-1.5028,2.2002,0.5542,1,0.0005
762,-0.7393,-0.5912,-0.9479,1.6853,0.5550,1,0.0000
763,-0.7466,-0.6006,-1.5028,2.2000,0.5550,1,0.0006
764,-0.7381,-0.5928,-0.9467,1.6837,0.5562,1,0.0000
765,-0.7455,-0.6005,-1.5028,2.1996,0.5562,1,0.0005
766,-0.7371,-0.5945,-0.9453,1.6820,0.5576,1,0.0000
767,-0.7442,-0.6002,-1.5029,2.1992,0.5576,1,0.0002
768,-0.7361,-0.5960,-0.9437,1.6801,0.5592,1,0.0000
769,-0.7428,-0.5994,-1.5040,2.1998,0.5604,1,0.0000
770,-0.7351,-0.5973,-0.9432,1.6793,0.5609,1,0.0000
771,-0.7414,-0.5991,-1.5041,2.1994,0.5609,1,0.0000
772,-0.7340,-0.5988,-0.9415,1.6773,0.5626,1,0.0000
773,-0.7399,-0.5994,-1.5054,2.2002,0.5639,1,0.0000
774,-0.7329,-0.6007,-0.9412,1.6764,0.5643,1,0.0007
775,-0.7385,-0.5993,-1.5054,2.1997,0.5643,1,0.0000
776,-0.7318,-0.6019,-0.9394,1.6744,0.5661,1,0.0019
777,-0.7371,-0.5993,-1.5054,2.1992,0.5660,1,0.0000
778,-0.7307,-0.6029,-0.9377,1.6724,0.5678,1,0.0029
779,-0.7357,-0.5993,-1.5054,2.1988,0.5678,1,0.0000
780,-0.7296,-0.6036,-0.9359,1.6703,0.5696,1,0.0036
781,-0.7343,-0.5994,-1.5055,2.1983,0.5696,1,0.0000
782,-0.7286,-0.6041,-0.9342,1.6683,0.5713,1,0.0041
783,-0.7330,-0.5995,-1.5055,2.1979,0.5713,1,0.0000
784,-0.7275,-0.6043,-0.9324,1.6662,0.5731,1,0.0043
785,-0.7317,-0.5996,-1.5055,2.1975,0.5731,1,0.0000
786,-0.7264,-0.6043,-0.9307,1.6642,0.5748,1,0.0043
787,-0.7305,-0.5997,-1.5055,2.1971,0.5748,1,0.0000
788,-0.7254,-0.6041,-0.9290,1.6622,0.5765,1,0.0041
789,-0.7293,-0.5998,-1.5055,2.1967,0.5765,1,0.0000
790,-0.7244,-0.6038,-0.9272,1.6602,0.5783,1,0.0038
791,-0.7281,-0.5998,-1.5055,2.1963,0.5783,1,0.0000
792,-0.7234,-0.6034,-0.9255,1.6582,0.5800,1,0.0034
793,-0.7269,-0.5999,-1.5055,2.1959,0.5800,1,0.0000
794,-0.7224,-0.6030,-0.9238,1.6562,0.5817,1,0.0030
795,-0.7258,-0.5999,-1.5055,2.1955,0.5817,1,0.0000
796,-0.7214,-0.6026,-0.9221,1.6543,0.5835,1,0.0026
797,-0.7247,-0.5999,-1.5055,2.1952,0.5835,1,0.0000
798,-0.7205,-0.6022,-0.9204,1.6523,0.5852,1,0.0022
799,-0.7237,-0.5999,-1.5055,2.1948,0.5852,1,0.0000
800,-0.7196,-0.6018,-0.9186,1.6504,0.5869,1,0.0018
801,-0.7226,-0.5999,-1.5055,2.1945,0.5869,1,0.0000
802,-0.7187,-0.6016,-0.9169,1.6484,0.5886,1,0.0016
803,-0.7216,-0.5998,-1.5055,2.1942,0.5886,1,0.0000
804,-0.7170,-0.6199,-0.9278,1.6576,0.5781,1,0.0199
805,-0.7197,-0.5998,-1.5056,2.1936,0.5782,1,0.0000
806,-0.7166,-0.6409,-0.9424,1.6711,0.5647,1,0.0409
807,-0.7181,-0.5992,-1.4987,2.1865,0.5578,1,0.0000
808,-0.7168,-0.6385,-0.9367,1.6659,0.5634,1,0.0385
809,-0.7174,-0.5999,-1.4993,2.1869,0.5640,1,0.0000
810,-0.7158,-0.6335,-0.9361,1.6648,0.5643,1,0.0335
811,-0.7166,-0.5989,-1.4892,2.1771,0.5542,1,0.0000
812,-0.7148,-0.6255,-0.9248,1.6541,0.5650,1,0.0255
813,-0.7160,-0.5995,-1.4899,2.1775,0.5656,1,0.0000
814,-0.7140,-0.6201,-0.9244,1.6533,0.5658,1,0.0201
815,-0.7155,-0.5998,-1.4906,2.1780,0.5665,1,0.0000
816,-0.7133,-0.6139,-0.9241,1.6526,0.5667,1,0.0139
817,-0.7149,-0.6001,-1.4913,2.1786,0.5674,1,0.0001
818,-0.7126,-0.6073,-0.9239,1.6521,0.5675,1,0.0073
819,-0.7142,-0.5981,-1.4702,2.1584,0.5464,1,0.0000
820,-0.7119,-0.5950,-0.9023,1.6323,0.5679,1,0.0000
821,-0.7138,-0.5977,-1.4710,2.1590,0.5687,1,0.0000
822,-0.7114,-0.5871,-0.9025,1.6323,0.5686,1,0.0000
823,-0.7133,-0.5979,-1.4718,2.1595,0.5694,1,0.0000
824,-0.7111,-0.5777,-0.9041,1.6337,0.5680,1,0.0000
825,-0.7129,-0.5979,-1.4724,2.1601,0.5687,1,0.0000
826,-0.7106,-0.5757,-0.9049,1.6342,0.5680,1,0.0000
827,-0.7125,-0.5960,-1.4732,2.1607,0.5687,1,0.0000
828,-0.7102,-0.5770,-0.9053,1.6344,0.5683,1,0.0000
829,-0.7119,-0.5960,-1.4735,2.1607,0.5686,1,0.0000
830,-0.7098,-0.5808,-0.9052,1.6340,0.5686,1,0.0000
831,-0.7113,-0.5959,-1.4736,2.1606,0.5686,1,0.0000
832,-0.7093,-0.5860,-0.9048,1.6335,0.5689,1,0.0000
833,-0.7107,-0.5970,-1.4732,2.1601,0.5686,1,0.0000
834,-0.7089,-0.5917,-0.9042,1.6327,0.5690,1,0.0000
835,-0.7101,-0.5962,-1.4730,2.1597,0.5689,1,0.0000
836,-0.7084,-0.5969,-0.9036,1.6320,0.5695,1,0.0000
837,-0.7096,-0.5959,-1.4728,2.1593,0.5692,1,0.0000
838,-0.7079,-0.6012,-0.9030,1.6312,0.5698,1,0.0012
839,-0.7091,-0.5960,-1.4724,2.1588,0.5695,1,0.0000
840,-0.7075,-0.6058,-0.9022,1.6303,0.5703,1,0.0058
841,-0.7086,-0.5976,-1.4719,2.1581,0.5698,1,0.0000
842,-0.7070,-0.6063,-0.9018,1.6297,0.5702,1,0.0063
843,-0.7081,-0.5966,-1.4718,2.1579,0.5701,1,0.0000
844,-0.7065,-0.6024,-0.9010,1.6288,0.5708,1,0.0024
845,-0.7076,-0.5972,-1.4714,2.1573,0.5704,1,0.0000
846,-0.7060,-0.5933,-0.9006,1.6282,0.5708,1,0.0000
847,-0.7071,-0.5973,-1.4710,2.1568,0.5704,1,0.0000
848,-0.7058,-0.5886,-0.9009,1.6284,0.5701,1,0.0000
849,-0.7067,-0.5975,-1.4704,2.1561,0.5696,1,0.0000
850,-0.7057,-0.5833,-0.9017,1.6292,0.5689,1,0.0000
851,-0.7063,-0.5974,-1.4699,2.1555,0.5684,1,0.0000
852,-0.7057,-0.5785,-0.9024,1.6298,0.5678,1,0.0000
853,-0.7060,-0.5980,-1.4707,2.1562,0.5686,1,0.0000
854,-0.7056,-0.5756,-0.9043,1.6315,0.5669,1,0.0000
855,-0.7058,-0.5905,-1.4709,2.1563,0.5668,0,0.0000
856,-0.7055,-0.5738,-0.9092,1.6359,0.5620,1,0.0000
857,-0.7055,-0.5956,-1.4744,2.1595,0.5657,1,0.0000
858,-0.7054,-0.5735,-0.9096,1.6363,0.5652,1,0.0000
859,-0.7053,-0.5884,-1.4744,2.1595,0.5650,0,0.0000
860,-0.7053,-0.5742,-0.9201,1.6457,0.5545,1,0.0000
861,-0.7052,-0.5880,-1.4840,2.1685,0.5641,0,0.0000
862,-0.7052,-0.5754,-0.9264,1.6514,0.5577,1,0.0000
863,-0.7049,-0.5978,-1.4894,2.1735,0.5634,1,0.0000
864,-0.7052,-0.5766,-0.9267,1.6516,0.5631,1,0.0000
865,-0.7049,-0.5879,-1.4895,2.1736,0.5629,0,0.0000
866,-0.7052,-0.5763,-0.9443,1.6675,0.5453,0,0.0000
867,-0.3426,-0.5890,-0.8780,1.4847,0.3688,0,0.0000
868,-0.2961,-0.5998,-0.2526,0.8710,0.6273,0,0.0000
869,-0.2892,-0.5987,-0.1869,0.8071,0.0660,1,0.0000
870,-0.2899,-0.6070,0.4370,0.3176,0.6240,1,0.0070
871,-0.2891,-0.5988,-0.0547,0.6853,0.4918,1,0.0000
872,-0.2899,-0.6101,0.5676,0.2901,0.6224,1,0.0101
873,-0.2890,-0.5979,0.0768,0.5687,0.4910,1,0.0000
874,-0.2898,-0.6130,0.6976,0.3184,0.6211,1,0.0130
875,-0.2889,-0.5973,0.2075,0.4609,0.4904,1,0.0000
876,-0.2898,-0.6157,0.8271,0.3900,0.6199,1,0.0157
877,-0.2888,-0.5965,0.3373,0.3687,0.4902,1,0.0000
878,-0.2898,-0.6182,0.9558,0.4856,0.6189,1,0.0182
879,-0.2887,-0.5957,0.4661,0.3057,0.4902,1,0.0000
880,-0.2898,-0.6206,1.0836,0.5931,0.6180,1,0.0206
881,-0.2886,-0.5947,0.5938,0.2899,0.4905,1,0.0000
882,-0.2898,-0.6227,1.2105,0.7065,0.6174,1,0.0227
883,-0.2885,-0.5936,0.7203,0.3270,0.4911,1,0.0000
884,-0.2898,-0.6247,1.3364,0.8229,0.6169,1,0.0247
885,-0.2884,-0.5924,0.8455,0.4013,0.4920,1,0.0000
886,-0.2897,-0.6266,1.4611,0.9407,0.6166,1,0.0266
887,-0.2884,-0.5910,0.9693,0.4953,0.4931,1,0.0000
888,-0.2926,-0.6291,1.5119,0.9900,0.5440,1,0.0291
889,-0.2882,-0.5911,1.0918,0.5991,0.4218,1,0.0000
890,-0.2924,-0.6187,1.5555,1.0314,0.4645,1,0.0187
891,-0.2888,-0.5926,1.2142,0.7091,0.3422,1,0.0000
892,-0.2908,-0.5965,1.6766,1.1475,0.4624,1,0.0000
893,-0.2896,-0.5941,1.3388,0.8248,0.3378,1,0.0000
894,-0.2903,-0.5737,1.7985,1.2660,0.4602,1,0.0000
895,-0.2906,-0.5954,1.4656,0.9448,0.3336,1,0.0000
896,-0.2899,-0.5499,1.9220,1.3870,0.4586,1,0.0000
897,-0.2915,-0.5966,1.5946,1.0686,0.3307,1,0.0000
898,-0.2896,-0.5251,2.0470,1.5103,0.4580,1,0.0000
899,-0.2924,-0.5976,1.7258,1.1955,0.3293,1,0.0000
900,-0.2891,-0.4994,2.1749,1.6371,0.4598,1,0.0000
901,-0.2932,-0.5983,1.8590,1.3253,0.3311,1,0.0000
902,-0.2892,-0.4722,2.3062,1.7681,0.4647,1,0.0000
903,-0.2936,-0.5988,1.9944,1.4577,0.3366,1,0.0000
904,-0.2902,-0.4514,2.4403,1.9018,0.4696,1,0.0000
905,-0.2939,-0.5990,2.1314,1.5922,0.3423,1,0.0000
906,-0.2894,-0.5413,2.5466,2.0019,0.4192,1,0.0000
907,-0.2949,-0.5990,2.1322,1.5932,0.4184,1,0.0000
908,-0.2997,-0.5693,2.3945,1.8525,0.2640,1,0.0000
909,-0.2942,-0.5988,1.9996,1.4629,0.3961,1,0.0000
910,-0.2983,-0.5654,2.2618,1.7215,0.2643,1,0.0000
911,-0.2935,-0.5987,1.8673,1.3334,0.3959,1,0.0000
912,-0.2972,-0.5615,2.1290,1.5909,0.2643,1,0.0000
913,-0.2928,-0.5985,1.7355,1.2050,0.3953,1,0.0000
914,-0.2948,-0.5595,1.9957,1.4597,0.2631,1,0.0000
915,-0.2923,-0.5983,1.6041,1.0779,0.3935,1,0.0000
916,-0.2936,-0.5572,1.8627,1.3296,0.2618,1,0.0000
917,-0.2920,-0.5980,1.4732,0.9525,0.3916,1,0.0000
918,-0.2928,-0.5547,1.7302,1.2007,0.2606,1,0.0000
919,-0.2916,-0.5976,1.3429,0.8293,0.3897,1,0.0000
920,-0.2923,-0.5523,1.5974,1.0725,0.2585,1,0.0000
921,-0.2914,-0.5972,1.2132,0.7092,0.3868,1,0.0000
922,-0.2918,-0.5515,1.4665,0.9472,0.2574,1,0.0000
923,-0.2911,-0.5967,1.0841,0.5938,0.3850,1,0.0000
924,-0.2915,-0.5597,1.3384,0.8260,0.2570,1,0.0000
925,-0.2908,-0.5963,0.9555,0.4856,0.3847,1,0.0000
926,-0.2911,-0.5701,1.2110,0.7077,0.2568,1,0.0000
927,-0.2904,-0.5960,0.8271,0.3901,0.3847,1,0.0000
928,-0.2906,-0.5799,1.0838,0.5936,0.2573,1,0.0000
929,-0.2901,-0.5958,0.6989,0.3188,0.3853,1,0.0000
930,-0.2901,-0.5883,0.9569,0.4864,0.2581,1,0.0000
931,-0.2897,-0.5958,0.5709,0.2898,0.3861,1,0.0000
932,-0.2895,-0.5950,0.8300,0.3915,0.2592,1,0.0000
933,-0.2894,-0.5958,0.4428,0.3148,0.3872,1,0.0000
934,-0.2890,-0.5999,0.7031,0.3196,0.2603,1,0.0000
935,-0.2888,-0.5958,0.3148,0.3831,0.3884,1,0.0000
936,-0.2882,-0.6032,0.5761,0.2883,0.2614,1,0.0032
937,-0.2863,-0.5959,0.1867,0.4758,0.3895,1,0.0000
938,-0.2855,-0.6049,0.4490,0.3089,0.2625,1,0.0049
939,-0.2845,-0.5960,0.0584,0.5824,0.3907,1,0.0000
940,-0.2836,-0.6056,0.3217,0.3747,0.2635,1,0.0056
941,-0.2834,-0.5961,-0.0699,0.6968,0.3918,1,0.0000
942,-0.2823,-0.6053,0.1944,0.4672,0.2645,1,0.0053
943,-0.2828,-0.5961,-0.1984,0.8156,0.3929,1,0.0000
944,-0.2817,-0.6045,0.0669,0.5736,0.2654,1,0.0045
945,-0.2826,-0.5962,-0.3270,0.9371,0.3939,1,0.0000
946,-0.2813,-0.6032,-0.0606,0.6874,0.2664,1,0.0032
947,-0.2823,-0.5962,-0.4556,1.0604,0.3950,1,0.0000
948,-0.2809,-0.6018,-0.1882,0.8054,0.2674,1,0.0018
949,-0.2820,-0.5963,-0.5842,1.1848,0.3960,1,0.0000
950,-0.2806,-0.5999,-0.3158,0.9259,0.2684,1,0.0000
951,-0.2817,-0.5963,-0.7129,1.3101,0.3971,1,0.0000
952,-0.2802,-0.5931,-0.4434,1.0481,0.2696,1,0.0000
953,-0.2814,-0.5964,-0.8417,1.4361,0.3983,1,0.0000
954,-0.2799,-0.5852,-0.5711,1.1716,0.2709,1,0.0000
955,-0.2812,-0.5966,-0.9707,1.5627,0.3998,1,0.0000
956,-0.2795,-0.5775,-0.6989,1.2962,0.2724,1,0.0000
957,-0.2809,-0.5969,-1.1000,1.6901,0.4015,1,0.0000
958,-0.2792,-0.5712,-0.8271,1.4216,0.2742,1,0.0000
959,-0.2807,-0.5972,-1.2299,1.8182,0.4036,1,0.0000
960,-0.2788,-0.5676,-0.9554,1.5477,0.2760,1,0.0000
961,-0.2804,-0.5975,-1.3602,1.9471,0.4059,1,0.0000
962,-0.2785,-0.5664,-1.0841,1.6744,0.2778,1,0.0000
963,-0.2802,-0.5978,-1.4910,2.0766,0.4081,1,0.0000
964,-0.2782,-0.5674,-1.2132,1.8017,0.2795,1,0.0000
965,-0.2800,-0.5981,-1.6223,2.2067,0.4102,1,0.0000
966,-0.2779,-0.5700,-1.3427,1.9297,0.2810,1,0.0000
967,-0.2798,-0.5984,-1.7539,2.3373,0.4122,1,0.0000
968,-0.2776,-0.5726,-1.4726,2.0582,0.2825,1,0.0000
969,-0.2795,-0.5986,-1.8859,2.4684,0.4141,1,0.0000
970,-0.2773,-0.5662,-1.6031,2.1875,0.2847,1,0.0000
971,-0.2793,-0.5988,-2.0184,2.6000,0.4166,1,0.0000
972,-0.2770,-0.5592,-1.7338,2.3174,0.2873,1,0.0000
973,-0.2791,-0.5989,-2.1514,2.7322,0.4194,1,0.0000
974,-0.2767,-0.5548,-1.8648,2.4475,0.2899,1,0.0000
975,-0.2789,-0.5990,-2.2848,2.8650,0.4223,1,0.0000
976,-0.2764,-0.5533,-1.9961,2.5779,0.2924,1,0.0000
977,-0.2787,-0.5997,-2.4186,2.9982,0.4251,1,0.0000
978,-0.2762,-0.5541,-2.1275,2.7086,0.2946,1,0.0000
979,-0.2785,-0.5996,-2.5527,3.1317,0.4276,1,0.0000
980,-0.2759,-0.5599,-2.1262,2.7072,0.4283,1,0.0000
981,-0.2782,-0.5986,-2.4206,3.0001,0.2969,1,0.0000
982,-0.2759,-0.5697,-1.9920,2.5736,0.4296,1,0.0000
983,-0.2780,-0.5982,-2.2889,2.8690,0.2983,1,0.0000
984,-0.2758,-0.5798,-1.8575,2.4399,0.4318,1,0.0000
985,-0.2778,-0.5978,-2.1578,2.7385,0.3008,1,0.0000
986,-0.2757,-0.5885,-1.7234,2.3066,0.4345,1,0.0000
987,-0.2777,-0.5974,-2.0272,2.6086,0.3040,1,0.0000
988,-0.2756,-0.5954,-1.5898,2.1739,0.4375,1,0.0000
989,-0.2775,-0.5969,-1.8973,2.4794,0.3075,1,0.0000
990,-0.2756,-0.6003,-1.4567,2.0420,0.4406,1,0.0003
991,-0.2773,-0.5966,-1.7679,2.3509,0.3112,1,0.0000
992,-0.2756,-0.6036,-1.3246,1.9112,0.4433,1,0.0036
993,-0.2772,-0.5963,-1.6389,2.2228,0.3144,1,0.0000
994,-0.2754,-0.6058,-1.1924,1.7804,0.4466,1,0.0058
995,-0.2770,-0.5960,-1.5103,2.0953,0.3181,1,0.0000
996,-0.2752,-0.6079,-1.0607,1.6505,0.4497,1,0.0079
997,-0.2768,-0.5958,-1.3821,1.9682,0.3215,1,0.0000
998,-0.2751,-0.6102,-0.9295,1.5212,0.4528,1,0.0102
999,-0.2766,-0.5955,-1.2541,1.8416,0.3250,1,0.0000
1000,-0.2750,-0.6104,-0.7980,1.3920,0.4564,1,0.0104
1001,-0.2764,-0.5953,-1.1265,1.7155,0.3289,1,0.0000
1002,-0.2748,-0.6086,-0.6665,1.2634,0.4602,1,0.0086
1003,-0.2762,-0.5952,-0.9991,1.5899,0.3328,1,0.0000
1004,-0.2747,-0.6051,-0.5352,1.1356,0.4640,1,0.0051
1005,-0.2760,-0.5952,-0.8718,1.4646,0.3367,1,0.0000
1006,-0.2746,-0.6007,-0.4040,1.0086,0.4679,1,0.0007
1007,-0.2758,-0.5953,-0.7444,1.3397,0.3405,1,0.0000
1008,-0.2744,-0.5964,-0.2726,0.8830,0.4718,1,0.0000
1009,-0.2756,-0.5954,-0.6169,1.2152,0.3443,1,0.0000
1010,-0.2743,-0.5930,-0.1412,0.7591,0.4757,1,0.0000
1011,-0.2754,-0.5956,-0.4892,1.0911,0.3480,1,0.0000
1012,-0.2741,-0.5905,-0.0096,0.6381,0.4796,1,0.0000
1013,-0.2752,-0.5957,-0.3613,0.9679,0.3518,1,0.0000
1014,-0.2740,-0.5892,0.1222,0.5222,0.4835,1,0.0000
1015,-0.2750,-0.5958,-0.2333,0.8458,0.3555,1,0.0000
1016,-0.2738,-0.5890,0.2541,0.4156,0.4874,1,0.0000
1017,-0.2747,-0.5959,-0.1051,0.7257,0.3592,1,0.0000
1018,-0.2877,-0.5906,0.3694,0.3489,0.4747,1,0.0000
1019,-0.2780,-0.5961,0.0232,0.6104,0.3464,1,0.0000
1020,-0.3011,-0.5919,0.4807,0.3132,0.4582,1,0.0000
1021,-0.2840,-0.5963,0.1514,0.5031,0.3299,1,0.0000
1022,-0.3110,-0.5927,0.5934,0.3122,0.4429,1,0.0000
1023,-0.2784,-0.5974,0.2817,0.3983,0.3135,1,0.0000
1024,-0.3041,-0.5931,0.7087,0.3357,0.4278,1,0.0000
1025,-0.2659,-0.5974,0.4119,0.3076,0.2992,1,0.0000
1026,-0.2870,-0.5978,0.8122,0.3777,0.4008,1,0.0000
1027,-0.2607,-0.5977,0.5422,0.2619,0.2712,1,0.0000
1028,-0.2812,-0.5987,0.9281,0.4580,0.3864,1,0.0000
1029,-0.2564,-0.5979,0.6728,0.2775,0.2565,1,0.0000
1030,-0.2748,-0.6034,1.0422,0.5493,0.3699,1,0.0034
1031,-0.2553,-0.5981,0.8036,0.3484,0.2395,1,0.0000
1032,-0.2722,-0.6052,1.1576,0.6507,0.3544,1,0.0052
1033,-0.2564,-0.5975,0.9332,0.4474,0.2250,1,0.0000
1034,-0.2721,-0.6034,1.2734,0.7574,0.3406,1,0.0034
1035,-0.2595,-0.5977,1.0631,0.5602,0.2107,1,0.0000
1036,-0.2732,-0.6011,1.3897,0.8673,0.3269,1,0.0011
1037,-0.2651,-0.5978,1.1933,0.6805,0.1966,1,0.0000
1038,-0.2768,-0.5984,1.5066,0.9799,0.3135,1,0.0000
1039,-0.2702,-0.5980,1.3238,0.8040,0.1829,1,0.0000
1040,-0.2800,-0.5956,1.6239,1.0938,0.3003,1,0.0000
1041,-0.2749,-0.5982,1.4547,0.9297,0.1694,1,0.0000
1042,-0.2827,-0.5929,1.7417,1.2087,0.2872,1,0.0000
1043,-0.2792,-0.5983,1.5858,1.0567,0.1561,1,0.0000
1044,-0.2851,-0.5905,1.8599,1.3244,0.2743,1,0.0000
1045,-0.2831,-0.5985,1.7171,1.1848,0.1430,1,0.0000
1046,-0.2872,-0.5886,1.9784,1.4408,0.2615,1,0.0000
1047,-0.2866,-0.5986,1.8487,1.3137,0.1301,1,0.0000
1048,-0.2891,-0.5870,2.0973,1.5578,0.2489,1,0.0000
1049,-0.2898,-0.5986,1.9804,1.4432,0.1174,1,0.0000
1050,-0.2906,-0.5860,2.2165,1.6753,0.2364,1,0.0000
1051,-0.2926,-0.5987,2.1124,1.5733,0.1049,1,0.0000
1052,-0.2920,-0.5854,2.3359,1.7933,0.2239,1,0.0000
1053,-0.2951,-0.5987,2.2445,1.7037,0.0924,1,0.0000
1054,-0.2932,-0.5853,2.4556,1.9117,0.2116,1,0.0000
1055,-0.2973,-0.5987,2.3767,1.8344,0.0801,1,0.0000
1056,-0.2943,-0.5856,2.5755,2.0304,0.1993,1,0.0000
1057,-0.2993,-0.5987,2.3759,1.8339,0.2001,1,0.0000
1058,-0.2987,-0.5868,2.4294,1.8866,0.0548,1,0.0000
1059,-0.3009,-0.5987,2.2420,1.7022,0.1878,1,0.0000
1060,-0.3025,-0.5880,2.2834,1.7433,0.0428,1,0.0000
1061,-0.3024,-0.5987,2.1081,1.5709,0.1756,1,0.0000
1062,-0.3058,-0.5893,2.1375,1.6004,0.0310,1,0.0000
1063,-0.3036,-0.5987,1.9742,1.4400,0.1635,1,0.0000
1064,-0.3085,-0.5905,1.9917,1.4581,0.0199,1,0.0000
1065,-0.3046,-0.5987,1.8404,1.3097,0.1516,1,0.0000
1066,-0.3107,-0.5918,1.8461,1.3167,0.0108,1,0.0000
1067,-0.3054,-0.5987,1.7066,1.1802,0.1398,1,0.0000
1068,-0.3123,-0.5929,1.7006,1.1762,0.0108,1,0.0000
1069,-0.3060,-0.5987,1.5728,1.0517,0.1281,1,0.0000
1070,-0.3135,-0.5941,1.5552,1.0371,0.0196,1,0.0000
1071,-0.3065,-0.5986,1.4390,0.9247,0.1165,1,0.0000
1072,-0.3141,-0.5951,1.4100,0.9000,0.0302,1,0.0000
1073,-0.3069,-0.5986,1.3053,0.7999,0.1050,1,0.0000
1074,-0.3143,-0.5961,1.2648,0.7657,0.0412,1,0.0000
1075,-0.3072,-0.5986,1.1716,0.6785,0.0936,1,0.0000
1076,-0.3141,-0.5971,1.1198,0.6362,0.0522,1,0.0000
1077,-0.3075,-0.5986,1.0379,0.5627,0.0822,1,0.0000
1078,-0.3135,-0.5981,0.9791,0.5181,0.0591,1,0.0000
1079,-0.3077,-0.5986,0.9042,0.4568,0.0751,1,0.0000
1080,-0.3127,-0.5991,0.8488,0.4212,0.0557,1,0.0000
1081,-0.3079,-0.5986,0.7705,0.3693,0.0784,1,0.0000
1082,-0.3122,-0.5994,0.7180,0.3470,0.0526,1,0.0000
1083,-0.3081,-0.5986,0.6368,0.3160,0.0813,1,0.0000
1084,-0.3120,-0.5993,0.5871,0.3126,0.0499,1,0.0000
1085,-0.3083,-0.5986,0.5031,0.3147,0.0840,1,0.0000
1086,-0.3121,-0.5991,0.4522,0.3324,0.0511,1,0.0000
1087,-0.3085,-0.5986,0.3694,0.3661,0.0829,1,0.0000
1088,-0.3120,-0.5991,0.3101,0.4039,0.0594,1,0.0000
1089,-0.3087,-0.5986,0.2357,0.4525,0.0745,1,0.0000
1090,-0.3117,-0.5990,0.1791,0.4973,0.0566,1,0.0000
1091,-0.3088,-0.5986,0.1020,0.5579,0.0772,1,0.0000
1092,-0.3117,-0.5989,0.0480,0.6050,0.0540,1,0.0000
1093,-0.3090,-0.5986,-0.0317,0.6734,0.0798,1,0.0000
1094,-0.3120,-0.5988,-0.0832,0.7208,0.0515,1,0.0000
1095,-0.3092,-0.5987,-0.1655,0.7947,0.0823,1,0.0000
1096,-0.3125,-0.5987,-0.2145,0.8413,0.0492,1,0.0000
1097,-0.3093,-0.5987,-0.2992,0.9194,0.0847,1,0.0000
1098,-0.3130,-0.5992,-0.3569,0.9751,0.0578,1,0.0000
1099,-0.3095,-0.5987,-0.4329,1.0463,0.0761,1,0.0000
1100,-0.3127,-0.5992,-0.4916,1.1034,0.0588,1,0.0000
1101,-0.3092,-0.5987,-0.5666,1.1746,0.0751,1,0.0000
1102,-0.3122,-0.5988,-0.6227,1.2295,0.0561,1,0.0000
1103,-0.3090,-0.5987,-0.7003,1.3040,0.0777,1,0.0000
1104,-0.3120,-0.5985,-0.7538,1.3568,0.0536,1,0.0000
1105,-0.3088,-0.5987,-0.8340,1.4343,0.0803,1,0.0000
1106,-0.3123,-0.5983,-0.8851,1.4849,0.0512,1,0.0000
1107,-0.3087,-0.5987,-0.9677,1.5651,0.0827,1,0.0000
1108,-0.3128,-0.5981,-1.0164,1.6136,0.0489,1,0.0000
1109,-0.3086,-0.5987,-1.1014,1.6963,0.0851,1,0.0000
1110,-0.3133,-0.5993,-1.1588,1.7536,0.0576,1,0.0000
1111,-0.3086,-0.5988,-1.2351,1.8280,0.0764,1,0.0000
1112,-0.3128,-0.5991,-1.2935,1.8862,0.0585,1,0.0000
1113,-0.3088,-0.5988,-1.3688,1.9599,0.0754,1,0.0000
1114,-0.3127,-0.5984,-1.4245,2.0155,0.0559,1,0.0000
1115,-0.3089,-0.5988,-1.5025,2.0920,0.0780,1,0.0000
1116,-0.3131,-0.5980,-1.5557,2.1453,0.0534,1,0.0000
1117,-0.3090,-0.5988,-1.6362,2.2243,0.0806,1,0.0000
1118,-0.3137,-0.5977,-1.6870,2.2753,0.0510,1,0.0000
1119,-0.3092,-0.5987,-1.7698,2.3568,0.0830,1,0.0000
1120,-0.3146,-0.5977,-1.8183,2.4055,0.0488,1,0.0000
1121,-0.3093,-0.5987,-1.9035,2.4894,0.0854,1,0.0000
1122,-0.3154,-0.5997,-1.9607,2.5468,0.0575,1,0.0000
1123,-0.3095,-0.5987,-2.0372,2.6221,0.0768,1,0.0000
1124,-0.3149,-0.5994,-2.0953,2.6805,0.0584,1,0.0000
1125,-0.3096,-0.5987,-2.1709,2.7549,0.0757,1,0.0000
1126,-0.3148,-0.5985,-2.2263,2.8106,0.0557,1,0.0000
1127,-0.3097,-0.5987,-2.3045,2.8878,0.0784,1,0.0000
1128,-0.3152,-0.5980,-2.3575,2.9410,0.0532,1,0.0000
1129,-0.3099,-0.5987,-2.4382,3.0207,0.0809,1,0.0000
1130,-0.3159,-0.5977,-2.4887,3.0716,0.0509,1,0.0000
1131,-0.3100,-0.5987,-2.5719,3.1537,0.0834,1,0.0000
1132,-0.3167,-0.5977,-2.4868,3.0697,0.0854,1,0.0000
1133,-0.3102,-0.5987,-2.4390,3.0216,0.0482,1,0.0000
1134,-0.3171,-0.6001,-2.3626,2.9463,0.0767,1,0.0001
1135,-0.3103,-0.5987,-2.3062,2.8894,0.0569,1,0.0000
1136,-0.3161,-0.5996,-2.2307,2.8151,0.0757,1,0.0000
1137,-0.3104,-0.5987,-2.1733,2.7574,0.0577,1,0.0000
1138,-0.3155,-0.5986,-2.0952,2.6804,0.0782,1,0.0000
1139,-0.3106,-0.5987,-2.0404,2.6254,0.0550,1,0.0000
1140,-0.3155,-0.5981,-1.9598,2.5460,0.0808,1,0.0000
1141,-0.3107,-0.5987,-1.9075,2.4935,0.0525,1,0.0000
1142,-0.3158,-0.5979,-1.8245,2.4118,0.0832,1,0.0000
1143,-0.3109,-0.5987,-1.7746,2.3617,0.0501,1,0.0000
1144,-0.3163,-0.5985,-1.6929,2.2815,0.0819,1,0.0000
1145,-0.3110,-0.5988,-1.6417,2.2301,0.0515,1,0.0000
1146,-0.3160,-0.5997,-1.5685,2.1583,0.0734,1,0.0000
1147,-0.3112,-0.5988,-1.5088,2.0986,0.0599,1,0.0000
1148,-0.3152,-0.5987,-1.4328,2.0241,0.0761,1,0.0000
1149,-0.3113,-0.5988,-1.3759,1.9672,0.0571,1,0.0000
1150,-0.3150,-0.5982,-1.2973,1.8903,0.0786,1,0.0000
1151,-0.3115,-0.5988,-1.2429,1.8361,0.0545,1,0.0000
1152,-0.3125,-0.5979,-1.1621,1.7567,0.0809,1,0.0000
1153,-0.3090,-0.5988,-1.1102,1.7050,0.0520,1,0.0000
1154,-0.3128,-0.5978,-1.0267,1.6237,0.0835,1,0.0000
1155,-0.3092,-0.5988,-0.9772,1.5745,0.0496,1,0.0000
1156,-0.3132,-0.5978,-0.8915,1.4913,0.0859,1,0.0000
1157,-0.3093,-0.5988,-0.8443,1.4444,0.0473,1,0.0000
1158,-0.3137,-0.5979,-0.7562,1.3595,0.0882,1,0.0000
1159,-0.3095,-0.5988,-0.7114,1.3149,0.0450,1,0.0000
1160,-0.3142,-0.5979,-0.6210,1.2284,0.0905,1,0.0000
1161,-0.3097,-0.5988,-0.5783,1.1860,0.0429,1,0.0000
1162,-0.3146,-0.5979,-0.4855,1.0981,0.0930,1,0.0000
1163,-0.3096,-0.5988,-0.4451,1.0580,0.0407,1,0.0000
1164,-0.3148,-0.5978,-0.3500,0.9691,0.0952,1,0.0000
1165,-0.3095,-0.5988,-0.3118,0.9313,0.0386,1,0.0000
1166,-0.3149,-0.5976,-0.2145,0.8422,0.0975,1,0.0000
1167,-0.3094,-0.5988,-0.1786,0.8068,0.0364,1,0.0000
1168,-0.3150,-0.5974,-0.0790,0.7183,0.0997,1,0.0000
1169,-0.3093,-0.5988,-0.0453,0.6856,0.0342,1,0.0000
1170,-0.3150,-0.5972,0.0564,0.5996,0.1019,1,0.0000
1171,-0.3092,-0.5988,0.0879,0.5698,0.0320,1,0.0000
1172,-0.3151,-0.5973,0.1918,0.4897,0.1040,1,0.0000
1173,-0.3091,-0.5988,0.2212,0.4635,0.0301,1,0.0000
1174,-0.3151,-0.5976,0.3270,0.3958,0.1060,1,0.0000
1175,-0.3089,-0.5988,0.3544,0.3747,0.0281,1,0.0000
1176,-0.3149,-0.5979,0.4623,0.3318,0.1080,1,0.0000
1177,-0.3086,-0.5988,0.4877,0.3186,0.0262,1,0.0000
1178,-0.3147,-0.5982,0.5975,0.3162,0.1100,1,0.0000
1179,-0.3083,-0.5988,0.6209,0.3131,0.0242,1,0.0000
1180,-0.3143,-0.5984,0.7328,0.3555,0.1120,1,0.0000
1181,-0.3081,-0.5998,0.7542,0.3607,0.0223,1,0.0000
1182,-0.3138,-0.5985,0.8680,0.4351,0.1140,1,0.0000
1183,-0.3077,-0.5998,0.8874,0.4445,0.0204,1,0.0000
1184,-0.3131,-0.5995,1.0033,0.5374,0.1160,1,0.0000
1185,-0.3073,-0.5998,1.0207,0.5483,0.0184,1,0.0000
1186,-0.3124,-0.5995,1.1385,0.6517,0.1179,1,0.0000
1187,-0.3069,-0.5998,1.1539,0.6627,0.0164,1,0.0000
1188,-0.3117,-0.5994,1.2737,0.7728,0.1199,1,0.0000
1189,-0.3071,-0.5989,1.2871,0.7832,0.0141,1,0.0000
1190,-0.3116,-0.5983,1.4088,0.8980,0.1217,1,0.0000
1191,-0.3074,-0.5989,1.4202,0.9072,0.0122,1,0.0000
1192,-0.3115,-0.5981,1.5438,1.0256,0.1237,1,0.0000
1193,-0.3078,-0.5989,1.5532,1.0335,0.0102,1,0.0000
1194,-0.3113,-0.5979,1.6788,1.1550,0.1256,1,0.0000
1195,-0.3081,-0.5989,1.6863,1.1613,0.0082,1,0.0000
1196,-0.3111,-0.5977,1.8138,1.2855,0.1276,1,0.0000
1197,-0.3085,-0.5989,1.8194,1.2902,0.0062,1,0.0000
1198,-0.3109,-0.5975,1.9489,1.4168,0.1295,1,0.0000
1199,-0.3089,-0.5990,1.9525,1.4199,0.0044,1,0.0000
1200,-0.3107,-0.5973,2.0839,1.5488,0.1315,1,0.0000
1201,-0.3094,-0.5990,2.0856,1.5502,0.0027,1,0.0000
1202,-0.3104,-0.5971,2.2189,1.6813,0.1334,1,0.0000
1203,-0.3098,-0.5990,2.2187,1.6809,0.0020,1,0.0000
1204,-0.3043,-0.5968,2.3528,1.8120,0.1343,1,0.0000
1205,-0.2990,-0.5996,2.3503,1.8086,0.0065,1,0.0000
1206,-0.2985,-0.5967,2.4875,1.9439,0.1372,1,0.0000
1207,-0.2995,-0.5990,2.4835,1.9401,0.0047,1,0.0000
1208,-0.2981,-0.5965,2.6225,2.0774,0.1391,1,0.0000
1209,-0.2999,-0.5990,2.4833,1.9400,0.1393,1,0.0000
1210,-0.2994,-0.5965,2.4909,1.9475,0.0081,1,0.0000
1211,-0.3005,-0.5990,2.3498,1.8083,0.1412,1,0.0000
1212,-0.3008,-0.5965,2.3594,1.8178,0.0099,1,0.0000
1213,-0.3010,-0.5990,2.2163,1.6770,0.1431,1,0.0000
1214,-0.3022,-0.5965,2.2278,1.6885,0.0118,1,0.0000
1215,-0.3015,-0.5990,2.0828,1.5459,0.1450,1,0.0000
1216,-0.3037,-0.5965,2.0962,1.5595,0.0138,1,0.0000
1217,-0.3021,-0.5990,1.9494,1.4154,0.1469,1,0.0000
1218,-0.3053,-0.5965,1.9646,1.4310,0.0158,1,0.0000
1219,-0.3027,-0.5990,1.8159,1.2854,0.1488,1,0.0000
1220,-0.3069,-0.5965,1.8330,1.3031,0.0178,1,0.0000
1221,-0.3033,-0.5990,1.6824,1.1563,0.1507,1,0.0000
1222,-0.3086,-0.5966,1.7014,1.1761,0.0199,1,0.0000
1223,-0.3039,-0.5990,1.5489,1.0283,0.1526,1,0.0000
1224,-0.3104,-0.5966,1.5698,1.0502,0.0220,1,0.0000
1225,-0.3045,-0.5990,1.4155,0.9019,0.1545,1,0.0000
1226,-0.3123,-0.5967,1.4382,0.9258,0.0241,1,0.0000
1227,-0.3052,-0.5990,1.2820,0.7778,0.1563,1,0.0000
1228,-0.2953,-0.5973,1.3122,0.8019,0.0318,1,0.0000
1229,-0.2867,-0.5990,1.1546,0.6542,0.1578,1,0.0000
1230,-0.2974,-0.5984,1.1803,0.6820,0.0279,1,0.0000
1231,-0.2853,-0.5990,1.0211,0.5367,0.1597,1,0.0000
1232,-0.2973,-0.5990,1.0485,0.5662,0.0298,1,0.0000
1233,-0.2843,-0.5990,0.8877,0.4288,0.1613,1,0.0000
1234,-0.2976,-0.5995,0.9166,0.4595,0.0319,1,0.0000
1235,-0.2839,-0.5990,0.7542,0.3402,0.1630,1,0.0000
1236,-0.2986,-0.5998,0.7848,0.3698,0.0340,1,0.0000
1237,-0.2839,-0.5990,0.6207,0.2890,0.1647,1,0.0000
1238,-0.3000,-0.5999,0.6529,0.3122,0.0360,1,0.0000
1239,-0.2844,-0.5990,0.4872,0.2953,0.1665,1,0.0000
1240,-0.3019,-0.6000,0.5211,0.3053,0.0381,1,0.0000
1241,-0.2851,-0.5990,0.3537,0.3558,0.1682,1,0.0000
1242,-0.3041,-0.5999,0.3892,0.3520,0.0403,1,0.0000
1243,-0.2860,-0.5990,0.2201,0.4492,0.1700,1,0.0000
1244,-0.3064,-0.5998,0.2573,0.4353,0.0424,1,0.0000
1245,-0.2868,-0.5990,0.0866,0.5592,0.1719,1,0.0000
1246,-0.3087,-0.5998,0.1254,0.5384,0.0446,1,0.0000
1247,-0.2878,-0.5990,-0.0470,0.6777,0.1737,1,0.0000
1248,-0.3112,-0.5997,-0.0064,0.6521,0.0468,1,0.0000
1249,-0.2887,-0.5990,-0.1805,0.8010,0.1755,1,0.0000
1250,-0.3137,-0.5996,-0.1383,0.7716,0.0490,1,0.0000
1251,-0.2895,-0.5990,-0.3141,0.9271,0.1774,1,0.0000
1252,-0.3161,-0.5995,-0.2702,0.8945,0.0513,1,0.0000
1253,-0.2901,-0.5990,-0.4477,1.0550,0.1794,1,0.0000
1254,-0.3183,-0.5994,-0.4022,1.0197,0.0536,1,0.0000
1255,-0.2905,-0.5990,-0.5813,1.1841,0.1813,1,0.0000
1256,-0.3203,-0.5994,-0.5341,1.1463,0.0558,1,0.0000
1257,-0.2906,-0.5990,-0.7149,1.3141,0.1833,1,0.0000
1258,-0.3221,-0.5994,-0.6660,1.2740,0.0582,1,0.0000
1259,-0.2906,-0.5990,-0.8486,1.4447,0.1852,1,0.0000
1260,-0.3238,-0.5994,-0.7980,1.4025,0.0605,1,0.0000
1261,-0.2905,-0.5990,-0.9822,1.5758,0.1872,1,0.0000
1262,-0.3254,-0.5994,-0.9299,1.5315,0.0629,1,0.0000
1263,-0.2902,-0.5990,-1.1159,1.7073,0.1892,1,0.0000
1264,-0.3269,-0.5994,-1.0619,1.6610,0.0653,1,0.0000
1265,-0.2901,-0.5990,-1.2496,1.8392,0.1912,1,0.0000
1266,-0.3286,-0.5994,-1.1939,1.7909,0.0677,1,0.0000
1267,-0.2913,-0.5990,-1.3833,1.9715,0.1930,1,0.0000
1268,-0.3317,-0.5995,-1.3259,1.9214,0.0701,1,0.0000
1269,-0.2926,-0.5990,-1.5170,2.1040,0.1950,1,0.0000
1270,-0.3348,-0.5995,-1.4579,2.0520,0.0726,1,0.0000
1271,-0.2939,-0.5990,-1.6507,2.2367,0.1971,1,0.0000
1272,-0.3380,-0.5996,-1.5899,2.1828,0.0751,1,0.0000
1273,-0.2952,-0.5990,-1.7844,2.3695,0.1992,1,0.0000
1274,-0.3412,-0.5996,-1.7219,2.3138,0.0776,1,0.0000
1275,-0.2965,-0.5990,-1.9182,2.5024,0.2013,1,0.0000
1276,-0.3446,-0.5997,-1.8540,2.4450,0.0802,1,0.0000
1277,-0.2979,-0.5990,-2.0520,2.6354,0.2034,1,0.0000
1278,-0.3480,-0.5997,-1.9860,2.5762,0.0828,1,0.0000
1279,-0.2994,-0.5990,-2.1857,2.7686,0.2056,1,0.0000
1280,-0.3514,-0.5998,-2.1181,2.7076,0.0854,1,0.0000
1281,-0.3008,-0.5990,-2.3195,2.9018,0.2077,1,0.0000
1282,-0.3550,-0.5998,-2.2502,2.8390,0.0880,1,0.0000
1283,-0.3023,-0.5990,-2.4534,3.0351,0.2099,1,0.0000
1284,-0.3586,-0.5998,-2.3822,2.9705,0.0907,1,0.0000
1285,-0.3039,-0.5990,-2.5872,3.1684,0.2122,1,0.0000
1286,-0.3606,-0.5999,-2.3810,2.9696,0.2139,1,0.0000
1287,-0.3054,-0.5990,-2.4544,3.0364,0.0918,1,0.0000
1288,-0.3610,-0.5998,-2.2464,2.8361,0.2153,1,0.0000
1289,-0.3070,-0.5990,-2.3216,2.9044,0.0925,1,0.0000
1290,-0.3612,-0.5998,-2.1118,2.7026,0.2167,1,0.0000
1291,-0.3087,-0.5990,-2.1888,2.7726,0.0932,1,0.0000
1292,-0.3615,-0.5998,-1.9772,2.5693,0.2181,1,0.0000
1293,-0.3103,-0.5990,-2.0559,2.6408,0.0939,1,0.0000
1294,-0.3616,-0.5997,-1.8425,2.4361,0.2195,1,0.0000
1295,-0.3120,-0.5990,-1.9231,2.5092,0.0946,1,0.0000
1296,-0.3618,-0.5997,-1.7078,2.3030,0.2210,1,0.0000
1297,-0.3137,-0.5990,-1.7903,2.3776,0.0954,1,0.0000
1298,-0.3620,-0.5997,-1.5731,2.1701,0.2224,1,0.0000
1299,-0.3155,-0.5990,-1.6574,2.2463,0.0962,1,0.0000
1300,-0.3621,-0.5997,-1.4384,2.0374,0.2239,1,0.0000
1301,-0.3172,-0.5990,-1.5245,2.1151,0.0971,1,0.0000
1302,-0.3623,-0.5997,-1.3037,1.9050,0.2254,1,0.0000
1303,-0.3190,-0.5990,-1.3917,1.9841,0.0981,1,0.0000
1304,-0.3625,-0.5997,-1.1689,1.7730,0.2269,1,0.0000
1305,-0.2937,-0.5988,-1.2722,1.8621,0.1241,1,0.0000
1306,-0.3253,-0.5996,-1.0502,1.6492,0.2242,1,0.0000
1307,-0.2852,-0.5990,-1.1415,1.7318,0.0997,1,0.0000
1308,-0.3255,-0.5997,-0.9155,1.5174,0.2297,1,0.0000
1309,-0.2856,-0.5990,-1.0086,1.6009,0.1014,1,0.0000
1310,-0.3243,-0.5997,-0.7807,1.3858,0.2312,1,0.0000
1311,-0.2856,-0.5990,-0.8757,1.4703,0.1026,1,0.0000
1312,-0.3227,-0.5997,-0.6459,1.2547,0.2328,1,0.0000
1313,-0.2855,-0.5990,-0.7428,1.3402,0.1038,1,0.0000
1314,-0.3209,-0.5997,-0.5111,1.1245,0.2344,1,0.0000
1315,-0.2854,-0.5990,-0.6099,1.2106,0.1050,1,0.0000
1316,-0.3192,-0.5997,-0.3763,0.9954,0.2361,1,0.0000
1317,-0.2853,-0.5990,-0.4770,1.0818,0.1063,1,0.0000
1318,-0.3174,-0.5997,-0.2414,0.8681,0.2377,1,0.0000
1319,-0.2851,-0.5990,-0.3440,0.9542,0.1075,1,0.0000
1320,-0.3155,-0.5997,-0.1066,0.7434,0.2394,1,0.0000
1321,-0.2849,-0.5990,-0.2111,0.8282,0.1089,1,0.0000
1322,-0.3137,-0.5997,0.0283,0.6230,0.2411,1,0.0000
1323,-0.2847,-0.5990,-0.0781,0.7047,0.1102,1,0.0000
1324,-0.3118,-0.5997,0.1632,0.5099,0.2428,1,0.0000
1325,-0.2845,-0.5990,0.0549,0.5855,0.1117,1,0.0000
1326,-0.3099,-0.5996,0.2980,0.4100,0.2445,1,0.0000
1327,-0.2842,-0.5990,0.1879,0.4735,0.1131,1,0.0000
1328,-0.3079,-0.5996,0.4330,0.3357,0.2462,1,0.0000
1329,-0.2840,-0.5990,0.3209,0.3756,0.1146,1,0.0000
1330,-0.3060,-0.5996,0.5679,0.3060,0.2480,1,0.0000
1331,-0.2838,-0.5990,0.4539,0.3054,0.1162,1,0.0000
1332,-0.3041,-0.5996,0.7028,0.3332,0.2498,1,0.0000
1333,-0.2836,-0.5990,0.5869,0.2843,0.1177,1,0.0000
1334,-0.3022,-0.5996,0.8378,0.4061,0.2516,1,0.0000
1335,-0.2834,-0.5990,0.7199,0.3222,0.1193,1,0.0000
1336,-0.3004,-0.5996,0.9727,0.5051,0.2534,1,0.0000
1337,-0.2832,-0.5990,0.8530,0.4027,0.1210,1,0.0000
1338,-0.2985,-0.5996,1.1077,0.6180,0.2552,1,0.0000
1339,-0.2830,-0.5990,0.9860,0.5060,0.1227,1,0.0000
1340,-0.2966,-0.5996,1.2427,0.7383,0.2570,1,0.0000
1341,-0.2828,-0.5990,1.1191,0.6207,0.1244,1,0.0000
1342,-0.2947,-0.5996,1.3777,0.8630,0.2589,1,0.0000
1343,-0.2833,-0.5990,1.2522,0.7419,0.1260,1,0.0000
1344,-0.2936,-0.5995,1.5128,0.9907,0.2608,1,0.0000
1345,-0.2856,-0.5990,1.3853,0.8671,0.1277,1,0.0000
1346,-0.2942,-0.5995,1.6478,1.1206,0.2627,1,0.0000
1347,-0.2879,-0.5990,1.5184,0.9944,0.1296,1,0.0000
1348,-0.2948,-0.5995,1.7829,1.2515,0.2646,1,0.0000
1349,-0.2903,-0.5990,1.6515,1.1231,0.1315,1,0.0000
1350,-0.2954,-0.5995,1.9180,1.3833,0.2665,1,0.0000
1351,-0.2926,-0.5990,1.7846,1.2527,0.1334,1,0.0000
1352,-0.2961,-0.5995,2.0530,1.5157,0.2685,1,0.0000
1353,-0.2950,-0.5990,1.9177,1.3830,0.1353,1,0.0000
1354,-0.2968,-0.5995,2.1881,1.6485,0.2704,1,0.0000
1355,-0.2974,-0.5990,2.0509,1.5138,0.1373,1,0.0000
1356,-0.2975,-0.5995,2.3232,1.7817,0.2724,1,0.0000
1357,-0.2998,-0.5990,2.1840,1.6450,0.1393,1,0.0000
1358,-0.2939,-0.5994,2.4571,1.9133,0.2732,1,0.0000
1359,-0.2822,-0.5989,2.3126,1.7687,0.1450,1,0.0000
1360,-0.2790,-0.5994,2.5887,2.0412,0.2761,1,0.0000
1361,-0.2847,-0.5990,2.3124,1.7689,0.2763,1,0.0000
1362,-0.2830,-0.5994,2.4571,1.9116,0.1447,1,0.0000
1363,-0.2872,-0.5990,2.1789,1.6377,0.2783,1,0.0000
1364,-0.2870,-0.5995,2.3256,1.7823,0.1467,1,0.0000
1365,-0.2897,-0.5990,2.0454,1.5069,0.2802,1,0.0000
1366,-0.2911,-0.5995,2.1941,1.6533,0.1487,1,0.0000
1367,-0.2923,-0.5990,1.9119,1.3767,0.2822,1,0.0000
1368,-0.2952,-0.5995,2.0625,1.5248,0.1507,1,0.0000
1369,-0.2949,-0.5990,1.7783,1.2471,0.2842,1,0.0000
1370,-0.2994,-0.5995,1.9310,1.3968,0.1527,1,0.0000
1371,-0.2975,-0.5990,1.6448,1.1185,0.2862,1,0.0000
1372,-0.3036,-0.5996,1.7994,1.2696,0.1547,1,0.0000
1373,-0.3002,-0.5990,1.5112,0.9912,0.2882,1,0.0000
1374,-0.3078,-0.5996,1.6678,1.1434,0.1567,1,0.0000
1375,-0.3028,-0.5990,1.3776,0.8657,0.2902,1,0.0000
1376,-0.3121,-0.5996,1.5362,1.0186,0.1588,1,0.0000
1377,-0.2815,-0.5985,1.2544,0.7432,0.2834,1,0.0000
1378,-0.2899,-0.5996,1.4147,0.8963,0.1606,1,0.0000
1379,-0.2787,-0.5988,1.1211,0.6206,0.2938,1,0.0000
1380,-0.2910,-0.5997,1.2831,0.7734,0.1625,1,0.0000
1381,-0.2786,-0.5990,0.9875,0.5048,0.2959,1,0.0000
1382,-0.2926,-0.5997,1.1514,0.6539,0.1645,1,0.0000
1383,-0.2783,-0.5990,0.8539,0.4000,0.2979,1,0.0000
1384,-0.2939,-0.5997,1.0197,0.5401,0.1666,1,0.0000
1385,-0.2780,-0.5990,0.7203,0.3176,0.2999,1,0.0000
1386,-0.2953,-0.5998,0.8879,0.4364,0.1686,1,0.0000
1387,-0.2776,-0.5990,0.5866,0.2783,0.3019,1,0.0000
1388,-0.2967,-0.5998,0.7562,0.3521,0.1706,1,0.0000
1389,-0.2773,-0.5990,0.4530,0.2996,0.3038,1,0.0000
1390,-0.2981,-0.5999,0.6244,0.3036,0.1727,1,0.0000
1391,-0.2769,-0.5990,0.3193,0.3712,0.3058,1,0.0000
1392,-0.2990,-0.5998,0.4927,0.3080,0.1748,1,0.0000
1393,-0.2768,-0.5990,0.1856,0.4709,0.3078,1,0.0000
1394,-0.2990,-0.5997,0.3613,0.3627,0.1771,1,0.0000
1395,-0.2776,-0.5990,0.0520,0.5847,0.3100,1,0.0000
1396,-0.3002,-0.5996,0.2299,0.4511,0.1794,1,0.0000
1397,-0.2790,-0.5990,-0.0816,0.7057,0.3123,1,0.0000
1398,-0.3021,-0.5996,0.0985,0.5571,0.1816,1,0.0000
1399,-0.2806,-0.5990,-0.2152,0.8306,0.3145,1,0.0000
1400,-0.3044,-0.5996,-0.0329,0.6723,0.1839,1,0.0000
1401,-0.2821,-0.5990,-0.3488,0.9579,0.3168,1,0.0000
1402,-0.3068,-0.5996,-0.1643,0.7927,0.1862,1,0.0000
1403,-0.2834,-0.5990,-0.4824,1.0866,0.3190,1,0.0000
1404,-0.3091,-0.5997,-0.2957,0.9160,0.1885,1,0.0000
1405,-0.2844,-0.5990,-0.6161,1.2164,0.3213,1,0.0000
1406,-0.3111,-0.5998,-0.4272,1.0413,0.1907,1,0.0000
1407,-0.2851,-0.5990,-0.7497,1.3468,0.3235,1,0.0000
1408,-0.3128,-0.5999,-0.5586,1.1679,0.1930,1,0.0000
1409,-0.2855,-0.5990,-0.8833,1.4777,0.3258,1,0.0000
1410,-0.3142,-0.5999,-0.6901,1.2954,0.1953,1,0.0000
1411,-0.2855,-0.5990,-1.0169,1.6090,0.3280,1,0.0000
1412,-0.3153,-0.6000,-0.8216,1.4235,0.1976,1,0.0000
1413,-0.2853,-0.5990,-1.1505,1.7406,0.3303,1,0.0000
1414,-0.3162,-0.6001,-0.9530,1.5522,0.1999,1,0.0001
1415,-0.2877,-0.5990,-1.2841,1.8729,0.3323,1,0.0000
1416,-0.3197,-0.6001,-1.0845,1.6818,0.2022,1,0.0001
1417,-0.2903,-0.5990,-1.4178,2.0055,0.3345,1,0.0000
1418,-0.3233,-0.6002,-1.2160,1.8116,0.2045,1,0.0002
1419,-0.2928,-0.5990,-1.5514,2.1381,0.3368,1,0.0000
1420,-0.3270,-0.6002,-1.3474,1.9418,0.2068,1,0.0002
1421,-0.2954,-0.5990,-1.6850,2.2709,0.3390,1,0.0000
1422,-0.3306,-0.6002,-1.4789,2.0720,0.2091,1,0.0002
1423,-0.2980,-0.5990,-1.8186,2.4038,0.3413,1,0.0000
1424,-0.3343,-0.6003,-1.6104,2.2025,0.2114,1,0.0003
1425,-0.3006,-0.5990,-1.9523,2.5367,0.3436,1,0.0000
1426,-0.3380,-0.6003,-1.7419,2.3331,0.2137,1,0.0003
1427,-0.3032,-0.5990,-2.0859,2.6698,0.3458,1,0.0000
1428,-0.3417,-0.6003,-1.8734,2.4638,0.2160,1,0.0003
1429,-0.3058,-0.5990,-2.2196,2.8029,0.3481,1,0.0000
1430,-0.3454,-0.6003,-2.0049,2.5945,0.2183,1,0.0003
1431,-0.3084,-0.5990,-2.3532,2.9360,0.3503,1,0.0000
1432,-0.3492,-0.6003,-2.1364,2.7254,0.2206,1,0.0003
1433,-0.3110,-0.5990,-2.4869,3.0693,0.3526,1,0.0000
1434,-0.3529,-0.6003,-2.2679,2.8564,0.2230,1,0.0003
1435,-0.3137,-0.5990,-2.6205,3.2025,0.3548,1,0.0000
1436,-0.3555,-0.6003,-2.2661,2.8549,0.3569,1,0.0003
1437,-0.3164,-0.5990,-2.4875,3.0704,0.2249,1,0.0000
1438,-0.3568,-0.6003,-2.1310,2.7210,0.3588,1,0.0003
1439,-0.3190,-0.5990,-2.3545,2.9385,0.2267,1,0.0000
1440,-0.3582,-0.6003,-1.9958,2.5873,0.3608,1,0.0003
1441,-0.3217,-0.5990,-2.2215,2.8066,0.2286,1,0.0000
1442,-0.3596,-0.6003,-1.8607,2.4538,0.3628,1,0.0003
1443,-0.3245,-0.5990,-2.0885,2.6748,0.2304,1,0.0000
1444,-0.3610,-0.6003,-1.7256,2.3204,0.3647,1,0.0003
1445,-0.3272,-0.5990,-1.9554,2.5431,0.2323,1,0.0000
1446,-0.3625,-0.6003,-1.5904,2.1873,0.3667,1,0.0003
1447,-0.3300,-0.5990,-1.8224,2.4117,0.2342,1,0.0000
1448,-0.3641,-0.6003,-1.4553,2.0544,0.3686,1,0.0003
1449,-0.3328,-0.5990,-1.6893,2.2803,0.2361,1,0.0000
1450,-0.3657,-0.6003,-1.3202,1.9219,0.3706,1,0.0003
1451,-0.3357,-0.5990,-1.5563,2.1492,0.2380,1,0.0000
1452,-0.3673,-0.6003,-1.1851,1.7898,0.3726,1,0.0003
1453,-0.3385,-0.5990,-1.4232,2.0184,0.2399,1,0.0000
1454,-0.3628,-0.6003,-1.0544,1.6611,0.3696,1,0.0003
1455,-0.3026,-0.5990,-1.3164,1.9071,0.2688,1,0.0000
1456,-0.3119,-0.6001,-0.9497,1.5480,0.3668,1,0.0001
1457,-0.2715,-0.5989,-1.1943,1.7817,0.2479,1,0.0000
1458,-0.3001,-0.6003,-0.8176,1.4164,0.3777,1,0.0003
1459,-0.2745,-0.5990,-1.0612,1.6508,0.2449,1,0.0000
1460,-0.2991,-0.6000,-0.6826,1.2845,0.3794,1,0.0000
1461,-0.2772,-0.5990,-0.9281,1.5202,0.2464,1,0.0000
1462,-0.2919,-0.5993,-0.5477,1.1519,0.3807,1,0.0000
1463,-0.2789,-0.5990,-0.7949,1.3897,0.2475,1,0.0000
1464,-0.2878,-0.5989,-0.4124,1.0204,0.3826,1,0.0000
1465,-0.2799,-0.5990,-0.6616,1.2597,0.2494,1,0.0000
1466,-0.2855,-0.5988,-0.2768,0.8904,0.3849,1,0.0000
1467,-0.2806,-0.5990,-0.5283,1.1303,0.2516,1,0.0000
1468,-0.2842,-0.5989,-0.1411,0.7626,0.3873,1,0.0000
1469,-0.2811,-0.5990,-0.3951,1.0019,0.2540,1,0.0000
1470,-0.2836,-0.5991,-0.0053,0.6383,0.3898,1,0.0000
1471,-0.2815,-0.5990,-0.2618,0.8749,0.2565,1,0.0000
1472,-0.2832,-0.5993,0.1305,0.5200,0.3923,1,0.0000
1473,-0.2818,-0.5990,-0.1285,0.7500,0.2590,1,0.0000
1474,-0.2831,-0.5996,0.2663,0.4126,0.3948,1,0.0000
1475,-0.2820,-0.5990,0.0048,0.6286,0.2615,1,0.0000
1476,-0.2830,-0.5998,0.4022,0.3273,0.3974,1,0.0000
1477,-0.2822,-0.5990,0.1380,0.5131,0.2641,1,0.0000
1478,-0.2830,-0.6000,0.5380,0.2845,0.4000,1,0.0000
1479,-0.2824,-0.5990,0.2713,0.4086,0.2667,1,0.0000
1480,-0.2831,-0.6002,0.6738,0.3027,0.4025,1,0.0002
1481,-0.2826,-0.5990,0.4046,0.3258,0.2692,1,0.0000
1482,-0.2832,-0.6003,0.8097,0.3732,0.4051,1,0.0003
1483,-0.2828,-0.5990,0.5379,0.2843,0.2718,1,0.0000
1484,-0.2833,-0.6005,0.9455,0.4731,0.4076,1,0.0005
1485,-0.2830,-0.5990,0.6712,0.3017,0.2743,1,0.0000
1486,-0.2834,-0.6005,1.0813,0.5876,0.4101,1,0.0005
1487,-0.2831,-0.5990,0.8044,0.3698,0.2769,1,0.0000
1488,-0.2835,-0.6006,1.2171,0.7096,0.4127,1,0.0006
1489,-0.2833,-0.5990,0.9377,0.4669,0.2794,1,0.0000
1490,-0.2835,-0.6006,1.3529,0.8359,0.4152,1,0.0006
1491,-0.2835,-0.5990,1.0710,0.5786,0.2819,1,0.0000
1492,-0.2836,-0.6005,1.4887,0.9648,0.4177,1,0.0005
1493,-0.2836,-0.5990,1.2043,0.6979,0.2844,1,0.0000
1494,-0.2837,-0.6005,1.6245,1.0953,0.4202,1,0.0005
1495,-0.2837,-0.5990,1.3375,0.8215,0.2870,1,0.0000
1496,-0.2838,-0.6004,1.7603,1.2270,0.4227,1,0.0004
1497,-0.2839,-0.5990,1.4708,0.9477,0.2895,1,0.0000
1498,-0.2839,-0.6004,1.8960,1.3594,0.4252,1,0.0004
1499,-0.2840,-0.5990,1.6041,1.0757,0.2920,1,0.0000
1500,-0.2840,-0.6003,2.0318,1.4925,0.4277,1,0.0003
1501,-0.2841,-0.5990,1.7374,1.2048,0.2944,1,0.0000
1502,-0.2840,-0.6003,2.1676,1.6260,0.4302,1,0.0003
1503,-0.2842,-0.5990,1.8707,1.3347,0.2969,1,0.0000
1504,-0.2841,-0.6002,2.3033,1.7598,0.4327,1,0.0002
1505,-0.2844,-0.5990,2.0039,1.4652,0.2994,1,0.0000
1506,-0.2842,-0.6002,2.4391,1.8939,0.4351,1,0.0002
1507,-0.2845,-0.5990,2.1372,1.5962,0.3018,1,0.0000
1508,-0.2843,-0.6001,2.5748,2.0282,0.4376,1,0.0001
1509,-0.2846,-0.5990,2.1372,1.5961,0.4376,1,0.0000
1510,-0.2844,-0.6001,2.4438,1.8987,0.3067,1,0.0001
1511,-0.2847,-0.5990,2.0038,1.4651,0.4401,1,0.0000
1512,-0.2846,-0.6001,2.3129,1.7694,0.3091,1,0.0001
1513,-0.2849,-0.5990,1.8704,1.3346,0.4425,1,0.0000
1514,-0.2848,-0.6001,2.1819,1.6403,0.3116,1,0.0001
1515,-0.2850,-0.5990,1.7370,1.2046,0.4450,1,0.0000
1516,-0.2849,-0.6001,2.0510,1.5115,0.3140,1,0.0001
1517,-0.2851,-0.5990,1.6036,1.0755,0.4474,1,0.0000
1518,-0.2851,-0.6002,1.9200,1.3831,0.3164,1,0.0002
1519,-0.2853,-0.5990,1.4702,0.9476,0.4498,1,0.0000
1520,-0.2853,-0.6002,1.7890,1.2553,0.3188,1,0.0002
1521,-0.2854,-0.5990,1.3368,0.8214,0.4522,1,0.0000
1522,-0.2855,-0.6002,1.6580,1.1282,0.3212,1,0.0002
1523,-0.2855,-0.5990,1.2034,0.6979,0.4546,1,0.0000
1524,-0.2857,-0.6002,1.5270,1.0020,0.3236,1,0.0002
1525,-0.2857,-0.5990,1.0701,0.5789,0.4570,1,0.0000
1526,-0.2859,-0.6003,1.3960,0.8773,0.3260,1,0.0003
1527,-0.2858,-0.5990,0.9367,0.4676,0.4594,1,0.0000
1528,-0.2861,-0.6003,1.2650,0.7548,0.3284,1,0.0003
1529,-0.2860,-0.5990,0.8033,0.3712,0.4617,1,0.0000
1530,-0.2852,-0.6000,1.1334,0.6345,0.3301,1,0.0000
1531,-0.2856,-0.5990,0.6699,0.3037,0.4635,1,0.0000
1532,-0.2836,-0.5998,1.0018,0.5195,0.3319,1,0.0000
1533,-0.2848,-0.5990,0.5365,0.2864,0.4653,1,0.0000
1534,-0.2819,-0.5998,0.8703,0.4144,0.3339,1,0.0000
1535,-0.2838,-0.5990,0.4031,0.3275,0.4672,1,0.0000
1536,-0.2801,-0.5998,0.7390,0.3289,0.3359,1,0.0000
1537,-0.2825,-0.5990,0.2697,0.4098,0.4693,1,0.0000
1538,-0.2783,-0.5998,0.6077,0.2813,0.3380,1,0.0000
1539,-0.2812,-0.5990,0.1363,0.5140,0.4714,1,0.0000
1540,-0.2764,-0.5999,0.4764,0.2908,0.3402,1,0.0000
1541,-0.2799,-0.5990,0.0029,0.6293,0.4735,1,0.0000
1542,-0.2746,-0.6000,0.3452,0.3528,0.3423,1,0.0000
1543,-0.2785,-0.5990,-0.1305,0.7507,0.4757,1,0.0000
1544,-0.2728,-0.6001,0.2139,0.4459,0.3445,1,0.0001
1545,-0.2771,-0.5990,-0.2639,0.8755,0.4778,1,0.0000
1546,-0.2711,-0.6002,0.0827,0.5546,0.3466,1,0.0002
1547,-0.2758,-0.5990,-0.3973,1.0025,0.4800,1,0.0000
1548,-0.2693,-0.6003,-0.0485,0.6715,0.3488,1,0.0003
1549,-0.2744,-0.5990,-0.5307,1.1311,0.4822,1,0.0000
1550,-0.2675,-0.6004,-0.1798,0.7929,0.3510,1,0.0004
1551,-0.2730,-0.5990,-0.6641,1.2606,0.4843,1,0.0000
1552,-0.2658,-0.6005,-0.3110,0.9170,0.3531,1,0.0005
1553,-0.2716,-0.5990,-0.7975,1.3909,0.4865,1,0.0000
1554,-0.2641,-0.6005,-0.4423,1.0429,0.3553,1,0.0005
1555,-0.2702,-0.5990,-0.9309,1.5217,0.4886,1,0.0000
1556,-0.2623,-0.6005,-0.5736,1.1699,0.3574,1,0.0005
1557,-0.2689,-0.5990,-1.0643,1.6529,0.4908,1,0.0000
1558,-0.2606,-0.6006,-0.7048,1.2979,0.3596,1,0.0006
1559,-0.2675,-0.5990,-1.1977,1.7845,0.4929,1,0.0000
1560,-0.2589,-0.6006,-0.8361,1.4264,0.3617,1,0.0006
1561,-0.2661,-0.5990,-1.3311,1.9163,0.4951,1,0.0000
1562,-0.2571,-0.6005,-0.9674,1.5554,0.3638,1,0.0005
1563,-0.2647,-0.5990,-1.4645,2.0483,0.4972,1,0.0000
1564,-0.2554,-0.6005,-1.0987,1.6847,0.3660,1,0.0005
1565,-0.2634,-0.5990,-1.5979,2.1805,0.4993,1,0.0000
1566,-0.2536,-0.6005,-1.2300,1.8144,0.3681,1,0.0005
1567,-0.2620,-0.5990,-1.7313,2.3128,0.5014,1,0.0000
1568,-0.2519,-0.6005,-1.3613,1.9443,0.3702,1,0.0005
1569,-0.2606,-0.5990,-1.8647,2.4453,0.5035,1,0.0000
1570,-0.2501,-0.6005,-1.4926,2.0743,0.3723,1,0.0005
1571,-0.2592,-0.5990,-1.9982,2.5778,0.5056,1,0.0000
1572,-0.2483,-0.6005,-1.6239,2.2046,0.3744,1,0.0005
1573,-0.2578,-0.5990,-2.1316,2.7104,0.5077,1,0.0000
1574,-0.2465,-0.6004,-1.7553,2.3349,0.3765,1,0.0004
1575,-0.2564,-0.5990,-2.2650,2.8431,0.5098,1,0.0000
1576,-0.2446,-0.6004,-1.8866,2.4654,0.3785,1,0.0004
1577,-0.2550,-0.5990,-2.3984,2.9759,0.5119,1,0.0000
1578,-0.2427,-0.6004,-2.0180,2.5959,0.3806,1,0.0004
1579,-0.2536,-0.5990,-2.5318,3.1087,0.5139,1,0.0000
1580,-0.2413,-0.6004,-2.0160,2.5938,0.5159,1,0.0004
1581,-0.2521,-0.5990,-2.3985,2.9758,0.3827,1,0.0000
1582,-0.2402,-0.6004,-1.8807,2.4591,0.5180,1,0.0004
1583,-0.2507,-0.5990,-2.2653,2.8429,0.3847,1,0.0000
1584,-0.2390,-0.6004,-1.7455,2.3244,0.5200,1,0.0004
1585,-0.2492,-0.5990,-2.1320,2.7101,0.3867,1,0.0000
1586,-0.2378,-0.6004,-1.6102,2.1897,0.5220,1,0.0004
1587,-0.2477,-0.5990,-1.9988,2.5773,0.3887,1,0.0000
1588,-0.2366,-0.6004,-1.4749,2.0552,0.5240,1,0.0004
1589,-0.2461,-0.5990,-1.8655,2.4445,0.3907,1,0.0000
1590,-0.2489,-0.6013,-1.3396,1.9224,0.5259,1,0.0013
1591,-0.2464,-0.5990,-1.7322,2.3120,0.3926,1,0.0000
1592,-0.2602,-0.6019,-1.2044,1.7900,0.5280,1,0.0019
1593,-0.2483,-0.5990,-1.5990,2.1798,0.3948,1,0.0000
1594,-0.2676,-0.6021,-1.0693,1.6577,0.5300,1,0.0021
1595,-0.2512,-0.5990,-1.4658,2.0479,0.3968,1,0.0000
1596,-0.2729,-0.6021,-0.9344,1.5256,0.5319,1,0.0021
1597,-0.2547,-0.5990,-1.3326,1.9162,0.3987,1,0.0000
1598,-0.2769,-0.6020,-0.7995,1.3938,0.5336,1,0.0020
1599,-0.2585,-0.5990,-1.1995,1.7849,0.4005,1,0.0000
1600,-0.2804,-0.6018,-0.6646,1.2627,0.5353,1,0.0018
1601,-0.2626,-0.5989,-1.0663,1.6539,0.4021,1,0.0000
1602,-0.2835,-0.6015,-0.5298,1.1324,0.5370,1,0.0015
1603,-0.2621,-0.5989,-0.9332,1.5225,0.4040,1,0.0000
1604,-0.2819,-0.6013,-0.3950,1.0020,0.5386,1,0.0013
1605,-0.2589,-0.5994,-0.8000,1.3909,0.4057,1,0.0000
1606,-0.2764,-0.6010,-0.2602,0.8718,0.5401,1,0.0010
1607,-0.2551,-0.5989,-0.6669,1.2596,0.4072,1,0.0000
1608,-0.2723,-0.6008,-0.1255,0.7437,0.5417,1,0.0008
1609,-0.2536,-0.5989,-0.5337,1.1292,0.4087,1,0.0000
1610,-0.2695,-0.6005,0.0092,0.6191,0.5432,1,0.0005
1611,-0.2534,-0.5988,-0.4006,0.9998,0.4101,1,0.0000
1612,-0.2680,-0.6004,0.1440,0.5004,0.5448,1,0.0004
1613,-0.2541,-0.5989,-0.2674,0.8719,0.4116,1,0.0000
1614,-0.2675,-0.6002,0.2787,0.3929,0.5463,1,0.0002
1615,-0.2555,-0.5989,-0.1343,0.7459,0.4131,1,0.0000
1616,-0.2676,-0.6001,0.4135,0.3083,0.5479,1,0.0001
1617,-0.2573,-0.5989,-0.0011,0.6232,0.4147,1,0.0000
1618,-0.2682,-0.6001,0.5482,0.2688,0.5494,1,0.0001
1619,-0.2592,-0.5989,0.1321,0.5059,0.4162,1,0.0000
1620,-0.2690,-0.6001,0.6830,0.2931,0.5510,1,0.0001
1621,-0.2612,-0.5989,0.2653,0.3987,0.4178,1,0.0000
1622,-0.2697,-0.6001,0.8177,0.3685,0.5525,1,0.0001
1623,-0.2629,-0.5989,0.3985,0.3121,0.4193,1,0.0000
1624,-0.2703,-0.6001,0.9524,0.4711,0.5540,1,0.0001
1625,-0.2643,-0.5989,0.5317,0.2666,0.4208,1,0.0000
1626,-0.2721,-0.6004,1.0860,0.5864,0.5544,1,0.0004
1627,-0.2633,-0.5989,0.6648,0.2810,0.4213,1,0.0000
1628,-0.2746,-0.6009,1.2168,0.7058,0.5521,1,0.0009
1629,-0.2578,-0.5994,0.7978,0.3463,0.4194,1,0.0000
1630,-0.2665,-0.6010,1.3480,0.8257,0.5503,1,0.0010
1631,-0.2473,-0.5994,0.9306,0.4401,0.4179,1,0.0000
1632,-0.2527,-0.6008,1.4796,0.9473,0.5490,1,0.0008
1633,-0.2349,-0.5993,1.0634,0.5496,0.4165,1,0.0000
1634,-0.2365,-0.6004,1.6114,1.0712,0.5480,1,0.0004
1635,-0.2224,-0.5991,1.1962,0.6678,0.4154,1,0.0000
1636,-0.2213,-0.5998,1.7436,1.1976,0.5473,1,0.0000
1637,-0.2222,-0.5989,1.3325,0.7975,0.4111,1,0.0000
1638,-0.2187,-0.5991,1.8794,1.3309,0.5469,1,0.0000
1639,-0.2350,-0.5982,1.4654,0.9290,0.4143,1,0.0000
1640,-0.2275,-0.5984,2.0124,1.4636,0.5471,1,0.0000
1641,-0.2478,-0.5981,1.5983,1.0611,0.4146,1,0.0000
1642,-0.2364,-0.5976,2.1455,1.5965,0.5473,1,0.0000
1643,-0.2605,-0.5980,1.7313,1.1935,0.4149,1,0.0000
1644,-0.2453,-0.5967,2.2787,1.7296,0.5476,1,0.0000
1645,-0.2732,-0.5980,1.8644,1.3262,0.4153,1,0.0000
1646,-0.2543,-0.5959,2.4120,1.8629,0.5480,1,0.0000
1647,-0.2857,-0.5980,1.9975,1.4592,0.4157,1,0.0000
1648,-0.2633,-0.5952,2.5454,1.9962,0.5484,1,0.0000
1649,-0.2982,-0.5980,1.9973,1.4615,0.5492,1,0.0000
1650,-0.2793,-0.5954,2.4122,1.8667,0.4154,1,0.0000
1651,-0.3106,-0.5980,1.8638,1.3339,0.5494,1,0.0000
1652,-0.2953,-0.5956,2.2791,1.7377,0.4156,1,0.0000
1653,-0.3230,-0.5981,1.7302,1.2076,0.5496,1,0.0000
1654,-0.3112,-0.5960,2.1458,1.6096,0.4158,1,0.0000
1655,-0.3353,-0.5982,1.5966,1.0832,0.5498,1,0.0000
1656,-0.3270,-0.5965,2.0126,1.4825,0.4161,1,0.0000
1657,-0.3476,-0.5982,1.4629,0.9614,0.5500,1,0.0000
1658,-0.3148,-0.5951,1.9203,1.3898,0.4586,1,0.0000
1659,-0.3009,-0.5961,1.4137,0.8990,0.5068,1,0.0000
1660,-0.2633,-0.5952,1.8620,1.3219,0.4498,1,0.0000
1661,-0.2457,-0.5983,1.3412,0.8126,0.5211,1,0.0000
1662,-0.2159,-0.5964,1.7693,1.2219,0.4291,1,0.0000
1663,-0.2081,-0.5970,1.2306,0.6958,0.5388,1,0.0000
1664,-0.2094,-0.5987,1.6432,1.0968,0.4126,1,0.0000
1665,-0.2127,-0.5990,1.0968,0.5713,0.5464,1,0.0000
1666,-0.2167,-0.5991,1.5095,0.9675,0.4127,1,0.0000
1667,-0.2145,-0.5990,0.9630,0.4507,0.5465,1,0.0000
1668,-0.2219,-0.5995,1.3756,0.8389,0.4127,1,0.0000
1669,-0.2154,-0.5990,0.8291,0.3396,0.5465,1,0.0000
1670,-0.2263,-0.5998,1.2416,0.7119,0.4126,1,0.0000
1671,-0.2156,-0.5990,0.6952,0.2510,0.5465,1,0.0000
1672,-0.2301,-0.6001,1.1075,0.5878,0.4126,1,0.0001
1673,-0.2150,-0.5990,0.5612,0.2150,0.5465,1,0.0000
1674,-0.2333,-0.6003,0.9732,0.4688,0.4124,1,0.0003
1675,-0.2138,-0.5990,0.4271,0.2552,0.5464,1,0.0000
1676,-0.2360,-0.6005,0.8388,0.3602,0.4122,1,0.0005
1677,-0.2120,-0.5990,0.2930,0.3461,0.5463,1,0.0000
1678,-0.2338,-0.6003,0.7058,0.2721,0.4133,1,0.0003
1679,-0.2127,-0.5990,0.1590,0.4597,0.5472,1,0.0000
1680,-0.2341,-0.6001,0.5732,0.2342,0.4147,1,0.0001
1681,-0.2153,-0.5985,0.0252,0.5827,0.5483,1,0.0000
1682,-0.2381,-0.5999,0.4406,0.2693,0.4161,1,0.0000
1683,-0.2209,-0.5985,-0.1086,0.7104,0.5495,1,0.0000
1684,-0.2444,-0.5999,0.3081,0.3557,0.4174,1,0.0000
1685,-0.2271,-0.5986,-0.2424,0.8402,0.5507,1,0.0000
1686,-0.2517,-0.5999,0.1755,0.4650,0.4186,1,0.0000
1687,-0.2335,-0.5987,-0.3761,0.9712,0.5519,1,0.0000
1688,-0.2593,-0.6000,0.0430,0.5842,0.4199,1,0.0000
1689,-0.2395,-0.5987,-0.5098,1.1027,0.5532,1,0.0000
1690,-0.2666,-0.6001,-0.0895,0.7082,0.4212,1,0.0001
1691,-0.2449,-0.5988,-0.6435,1.2347,0.5545,1,0.0000
1692,-0.2733,-0.6002,-0.2220,0.8346,0.4225,1,0.0002
1693,-0.2495,-0.5988,-0.7772,1.3668,0.5558,1,0.0000
1694,-0.2792,-0.6003,-0.3544,0.9624,0.4238,1,0.0003
1695,-0.2532,-0.5988,-0.9110,1.4991,0.5571,1,0.0000
1696,-0.2842,-0.6005,-0.4869,1.0912,0.4252,1,0.0005
1697,-0.2559,-0.5989,-1.0447,1.6314,0.5585,1,0.0000
1698,-0.2882,-0.6006,-0.6194,1.2205,0.4265,1,0.0006
1699,-0.2577,-0.5989,-1.1784,1.7639,0.5598,1,0.0000
1700,-0.2912,-0.6007,-0.7519,1.3502,0.4278,1,0.0007
1701,-0.2645,-0.5989,-1.3121,1.8972,0.5609,1,0.0000
1702,-0.2992,-0.6009,-0.8842,1.4814,0.4292,1,0.0009
1703,-0.2712,-0.5989,-1.4458,2.0306,0.5623,1,0.0000
1704,-0.3070,-0.6010,-1.0166,1.6127,0.4307,1,0.0010
1705,-0.2778,-0.5989,-1.5795,2.1640,0.5636,1,0.0000
1706,-0.3147,-0.6011,-1.1490,1.7442,0.4321,1,0.0011
1707,-0.2842,-0.5989,-1.7132,2.2975,0.5651,1,0.0000
1708,-0.3222,-0.6012,-1.2814,1.8758,0.4335,1,0.0012
1709,-0.2906,-0.5989,-1.8469,2.4310,0.5665,1,0.0000
1710,-0.3296,-0.6013,-1.4137,2.0076,0.4350,1,0.0013
1711,-0.2969,-0.5989,-1.9807,2.5645,0.5679,1,0.0000
1712,-0.3369,-0.6013,-1.5461,2.1394,0.4364,1,0.0013
1713,-0.3031,-0.5989,-2.1144,2.6980,0.5693,1,0.0000
1714,-0.3451,-0.6128,-1.6860,2.2789,0.4307,1,0.0128
1715,-0.3096,-0.5989,-2.2481,2.8317,0.5634,1,0.0000
1716,-0.3541,-0.6276,-1.8328,2.4256,0.4187,1,0.0276
1717,-0.3164,-0.5990,-2.3819,2.9655,0.5511,1,0.0000
1718,-0.3599,-0.6281,-1.9674,2.5595,0.4179,1,0.0281
1719,-0.3227,-0.5989,-2.5155,3.0990,0.5502,1,0.0000
1720,-0.3641,-0.6309,-1.9673,2.5601,0.5507,1,0.0309
1721,-0.3285,-0.5989,-2.3824,2.9672,0.4178,1,0.0000
1722,-0.3672,-0.6313,-1.8338,2.4285,0.5509,1,0.0313
1723,-0.3342,-0.5988,-2.2492,2.8355,0.4180,1,0.0000
1724,-0.3707,-0.6302,-1.7000,2.2969,0.5513,1,0.0302
1725,-0.3397,-0.5986,-2.1158,2.7038,0.4182,1,0.0000
1726,-0.3743,-0.6276,-1.5660,2.1654,0.5516,1,0.0276
1727,-0.3451,-0.5984,-1.9824,2.5723,0.4184,1,0.0000
1728,-0.3779,-0.6233,-1.4320,2.0341,0.5520,1,0.0233
1729,-0.3504,-0.5981,-1.8490,2.4409,0.4187,1,0.0000
1730,-0.3816,-0.6175,-1.2979,1.9033,0.5523,1,0.0175
1731,-0.3556,-0.5978,-1.7155,2.3096,0.4189,1,0.0000
1732,-0.3852,-0.6105,-1.1639,1.7729,0.5525,1,0.0105
1733,-0.3607,-0.5982,-1.5821,2.1787,0.4190,1,0.0000
1734,-0.3887,-0.6031,-1.0300,1.6432,0.5528,1,0.0031
1735,-0.3657,-0.5979,-1.4486,2.0481,0.4193,1,0.0000
1736,-0.3927,-0.5937,-0.8983,1.5166,0.5510,1,0.0000
1737,-0.3522,-0.5966,-1.3312,1.9302,0.4348,1,0.0000
1738,-0.3470,-0.5802,-0.8061,1.4160,0.5254,1,0.0000
1739,-0.3000,-0.5880,-1.2352,1.8266,0.4318,1,0.0000
1740,-0.3141,-0.5818,-0.6890,1.2944,0.5464,1,0.0000
1741,-0.2781,-0.5865,-1.1085,1.6981,0.4211,1,0.0000
1742,-0.2869,-0.5726,-0.5645,1.1672,0.5443,1,0.0000
1743,-0.2494,-0.5851,-0.9831,1.5697,0.4205,1,0.0000
1744,-0.2702,-0.5838,-0.4348,1.0373,0.5487,1,0.0000
1745,-0.2506,-0.5954,-0.8485,1.4371,0.4144,1,0.0000
1746,-0.2704,-0.5887,-0.3015,0.9093,0.5474,1,0.0000
1747,-0.2475,-0.5962,-0.7152,1.3055,0.4144,1,0.0000
1748,-0.2660,-0.5941,-0.1681,0.7814,0.5474,1,0.0000
1749,-0.2439,-0.5964,-0.5818,1.1740,0.4143,1,0.0000
1750,-0.2612,-0.5986,-0.0347,0.6556,0.5474,1,0.0000
1751,-0.2404,-0.5965,-0.4484,1.0431,0.4142,1,0.0000
1752,-0.2566,-0.6018,0.0986,0.5337,0.5473,1,0.0018
1753,-0.2372,-0.5963,-0.3150,0.9129,0.4141,1,0.0000
1754,-0.2522,-0.6041,0.2320,0.4190,0.5473,1,0.0041
1755,-0.2341,-0.5965,-0.1815,0.7839,0.4140,1,0.0000
1756,-0.2481,-0.6057,0.3655,0.3194,0.5472,1,0.0057
1757,-0.2313,-0.5961,-0.0482,0.6569,0.4141,1,0.0000
1758,-0.2442,-0.6062,0.4988,0.2535,0.5473,1,0.0062
1759,-0.2286,-0.5965,0.0852,0.5329,0.4140,1,0.0000
1760,-0.2404,-0.6056,0.6322,0.2493,0.5471,1,0.0056
1761,-0.2261,-0.5967,0.2186,0.4149,0.4139,1,0.0000
1762,-0.2310,-0.6025,0.7646,0.3043,0.5460,1,0.0025
1763,-0.2289,-0.5959,0.3519,0.3138,0.4127,1,0.0000
1764,-0.2293,-0.5982,0.8972,0.4023,0.5452,1,0.0000
1765,-0.2298,-0.5967,0.4856,0.2437,0.4116,1,0.0000
1766,-0.2294,-0.5947,1.0298,0.5169,0.5442,1,0.0000
1767,-0.2300,-0.5967,0.6192,0.2359,0.4106,1,0.0000
1768,-0.2292,-0.5936,1.1629,0.6388,0.5436,1,0.0000
1769,-0.2296,-0.5977,0.7530,0.2957,0.4098,1,0.0000
1770,-0.2292,-0.5953,1.2958,0.7644,0.5428,1,0.0000
1771,-0.2291,-0.5976,0.8868,0.3937,0.4090,1,0.0000
1772,-0.2290,-0.5964,1.4287,0.8920,0.5419,1,0.0000
1773,-0.2286,-0.5979,1.0208,0.5085,0.4080,1,0.0000
1774,-0.2289,-0.6002,1.5619,1.0213,0.5411,1,0.0002
1775,-0.2282,-0.5979,1.1548,0.6309,0.4071,1,0.0000
1776,-0.2287,-0.6060,1.6952,1.1516,0.5405,1,0.0060
1777,-0.2278,-0.5984,1.2888,0.7573,0.4065,1,0.0000
1778,-0.2285,-0.6135,1.8287,1.2827,0.5400,1,0.0135
1779,-0.2275,-0.5989,1.4229,0.8861,0.4060,1,0.0000
1780,-0.2283,-0.6230,1.9632,1.4154,0.5408,1,0.0230
1781,-0.2266,-0.5990,1.5570,1.0160,0.4070,1,0.0000
1782,-0.2280,-0.6336,2.0981,1.5488,0.5423,1,0.0336
1783,-0.2252,-0.5998,1.6909,1.1467,0.4086,1,0.0000
1784,-0.2273,-0.6432,2.2330,1.6824,0.5438,1,0.0432
1785,-0.2235,-0.5992,1.8248,1.2779,0.4106,1,0.0000
1786,-0.2261,-0.6451,2.3682,1.8163,0.5454,1,0.0451
1787,-0.2218,-0.5990,1.9583,1.4093,0.4125,1,0.0000
1788,-0.2249,-0.6409,2.5036,1.9505,0.5469,1,0.0409
1789,-0.2199,-0.5996,1.9583,1.4090,0.5469,1,0.0000
1790,-0.2230,-0.6339,2.3717,1.8192,0.4148,1,0.0339
1791,-0.2179,-0.5997,1.8248,1.2770,0.5480,1,0.0000
1792,-0.2221,-0.6268,2.2388,1.6871,0.4149,1,0.0268
1793,-0.2159,-0.5987,1.6912,1.1452,0.5483,1,0.0000
1794,-0.2213,-0.6197,2.1058,1.5552,0.4151,1,0.0197
1795,-0.2137,-0.5992,1.5575,1.0137,0.5487,1,0.0000
1796,-0.2205,-0.6128,1.9728,1.4234,0.4156,1,0.0128
1797,-0.2115,-0.5983,1.4236,0.8827,0.5494,1,0.0000
1798,-0.2174,-0.6072,1.8401,1.2919,0.4166,1,0.0072
1799,-0.2095,-0.5986,1.2896,0.7528,0.5506,1,0.0000
1800,-0.2143,-0.6044,1.7073,1.1607,0.4178,1,0.0044
1801,-0.2079,-0.5975,1.1556,0.6246,0.5518,1,0.0000
1802,-0.2117,-0.6035,1.5752,1.0306,0.4196,1,0.0035
1803,-0.2063,-0.5976,1.0215,0.4995,0.5537,1,0.0000
1804,-0.2094,-0.6047,1.4431,0.9012,0.4217,1,0.0047
1805,-0.2047,-0.5973,0.8875,0.3806,0.5557,1,0.0000
1806,-0.2069,-0.6084,1.3113,0.7730,0.4240,1,0.0084
1807,-0.2030,-0.5974,0.7537,0.2760,0.5578,1,0.0000
1808,-0.2039,-0.6155,1.1799,0.6466,0.4267,1,0.0155
1809,-0.2014,-0.5969,0.6198,0.2083,0.5604,1,0.0000
1810,-0.2012,-0.6217,1.0485,0.5227,0.4294,1,0.0217
1811,-0.1998,-0.5959,0.4861,0.2154,0.5630,1,0.0000
1812,-0.1985,-0.6210,0.9179,0.4041,0.4325,1,0.0210
1813,-0.1983,-0.5952,0.3524,0.2919,0.5660,1,0.0000
1814,-0.1960,-0.6176,0.7875,0.2959,0.4356,1,0.0176
1815,-0.1968,-0.5953,0.2188,0.3997,0.5691,1,0.0000
1816,-0.1938,-0.6130,0.6573,0.2144,0.4389,1,0.0130
1817,-0.1953,-0.5952,0.0853,0.5194,0.5723,1,0.0000
1818,-0.1916,-0.6076,0.5273,0.1958,0.4422,1,0.0076
1819,-0.1937,-0.5951,-0.0480,0.6444,0.5755,1,0.0000
1820,-0.1896,-0.6028,0.3975,0.2541,0.4456,1,0.0028
1821,-0.1922,-0.5962,-0.1814,0.7723,0.5790,1,0.0000
1822,-0.1876,-0.5991,0.2677,0.3529,0.4491,1,0.0000
1823,-0.1906,-0.5955,-0.3145,0.9015,0.5822,1,0.0000
1824,-0.1857,-0.5969,0.1378,0.4673,0.4523,1,0.0000
1825,-0.1890,-0.5955,-0.4479,1.0320,0.5858,1,0.0000
1826,-0.1838,-0.5952,0.0077,0.5884,0.4556,1,0.0000
1827,-0.1875,-0.5958,-0.5815,1.1633,0.5891,1,0.0000
1828,-0.1820,-0.5934,-0.1224,0.7126,0.4591,1,0.0000
1829,-0.1859,-0.5962,-0.7147,1.2947,0.5923,1,0.0000
1830,-0.1806,-0.6032,-0.2625,0.8485,0.4523,1,0.0032
1831,-0.1836,-0.5970,-0.8482,1.4266,0.5857,1,0.0000
1832,-0.1785,-0.6139,-0.4046,0.9875,0.4440,1,0.0139
1833,-0.1810,-0.5967,-0.9816,1.5587,0.5772,1,0.0000
1834,-0.1771,-0.6209,-0.5398,1.1207,0.4424,1,0.0209
1835,-0.1796,-0.5972,-1.1152,1.6914,0.5759,1,0.0000
1836,-0.1748,-0.6218,-0.6710,1.2500,0.4450,1,0.0218
1837,-0.1782,-0.5985,-1.2491,1.8244,0.5786,1,0.0000
1838,-0.1727,-0.6211,-0.8022,1.3798,0.4474,1,0.0211
1839,-0.1768,-0.5979,-1.3830,1.9576,0.5812,1,0.0000
1840,-0.1707,-0.6188,-0.9336,1.5100,0.4500,1,0.0188
1841,-0.1754,-0.5982,-1.5170,2.0909,0.5838,1,0.0000
1842,-0.1688,-0.6165,-1.0649,1.6403,0.4524,1,0.0165
1843,-0.1740,-0.5985,-1.6509,2.2243,0.5863,1,0.0000
1844,-0.1669,-0.6133,-1.1964,1.7709,0.4549,1,0.0133
1845,-0.1727,-0.5987,-1.7848,2.3578,0.5887,1,0.0000
1846,-0.1652,-0.6093,-1.3278,1.9016,0.4572,1,0.0093
1847,-0.1713,-0.5988,-1.9186,2.4911,0.5910,1,0.0000
1848,-0.1634,-0.6046,-1.4592,2.0324,0.4595,1,0.0046
1849,-0.1700,-0.5990,-2.0522,2.6243,0.5931,1,0.0000
1850,-0.1617,-0.5992,-1.5906,2.1632,0.4617,1,0.0000
1851,-0.1688,-0.5990,-2.1856,2.7574,0.5951,1,0.0000
1852,-0.1600,-0.5936,-1.7220,2.2942,0.4637,1,0.0000
1853,-0.1675,-0.5990,-2.3187,2.8902,0.5968,1,0.0000
1854,-0.1584,-0.5887,-1.8534,2.4252,0.4655,1,0.0000
1855,-0.1662,-0.5990,-2.4517,3.0229,0.5984,1,0.0000
1856,-0.1567,-0.5859,-1.9846,2.5560,0.4674,1,0.0000
1857,-0.1648,-0.5990,-2.5847,3.1556,0.6003,1,0.0000
1858,-0.1553,-0.5854,-1.9823,2.5537,0.6026,1,0.0000
1859,-0.1634,-0.5989,-2.4512,3.0222,0.4691,1,0.0000
1860,-0.1543,-0.5878,-1.8469,2.4184,0.6045,1,0.0000
1861,-0.1620,-0.5990,-2.3176,2.8888,0.4710,1,0.0000
1862,-0.1532,-0.5919,-1.7115,2.2832,0.6063,1,0.0000
1863,-0.1605,-0.5990,-2.1842,2.7554,0.4728,1,0.0000
1864,-0.1520,-0.5966,-1.5762,2.1482,0.6080,1,0.0000
1865,-0.1591,-0.5990,-2.0507,2.6221,0.4745,1,0.0000
1866,-0.1633,-0.6015,-1.4412,2.0144,0.6095,1,0.0015
1867,-0.1596,-0.5990,-1.9172,2.4889,0.4761,1,0.0000
1868,-0.1739,-0.6053,-1.3062,1.8809,0.6112,1,0.0053
1869,-0.1619,-0.5990,-1.7839,2.3560,0.4778,1,0.0000
1870,-0.1809,-0.6076,-1.1714,1.7474,0.6128,1,0.0076
1871,-0.1653,-0.5990,-1.6506,2.2234,0.4795,1,0.0000
1872,-0.1861,-0.6086,-1.0367,1.6141,0.6144,1,0.0086
1873,-0.1692,-0.5990,-1.5174,2.0909,0.4811,1,0.0000
1874,-0.1904,-0.6085,-0.9020,1.4809,0.6159,1,0.0085
1875,-0.1736,-0.5990,-1.3843,1.9586,0.4827,1,0.0000
1876,-0.1942,-0.6076,-0.7674,1.3481,0.6173,1,0.0076
1877,-0.1781,-0.5989,-1.2511,1.8264,0.4841,1,0.0000
1878,-0.1978,-0.6062,-0.6328,1.2156,0.6187,1,0.0062
1879,-0.1828,-0.5989,-1.1180,1.6945,0.4855,1,0.0000
1880,-0.2014,-0.6045,-0.4983,1.0837,0.6201,1,0.0045
1881,-0.1875,-0.5989,-0.9849,1.5628,0.4869,1,0.0000
1882,-0.2050,-0.6028,-0.3637,0.9526,0.6215,1,0.0028
1883,-0.1923,-0.5988,-0.8518,1.4313,0.4883,1,0.0000
1884,-0.2086,-0.6013,-0.2292,0.8226,0.6228,1,0.0013
1885,-0.1972,-0.5988,-0.7186,1.3003,0.4896,1,0.0000
1886,-0.2122,-0.6001,-0.0946,0.6944,0.6242,1,0.0001
1887,-0.2021,-0.5988,-0.5855,1.1697,0.4910,1,0.0000
1888,-0.2160,-0.5992,0.0399,0.5692,0.6256,1,0.0000
1889,-0.2070,-0.5988,-0.4523,1.0397,0.4923,1,0.0000
1890,-0.2198,-0.5986,0.1745,0.4495,0.6269,1,0.0000
1891,-0.2121,-0.5988,-0.3191,0.9108,0.4937,1,0.0000
1892,-0.2238,-0.5984,0.3090,0.3412,0.6283,1,0.0000
1893,-0.2173,-0.5988,-0.1860,0.7833,0.4950,1,0.0000
1894,-0.2279,-0.5984,0.4435,0.2590,0.6296,1,0.0000
1895,-0.2226,-0.5988,-0.0528,0.6582,0.4963,1,0.0000
1896,-0.2322,-0.5987,0.5780,0.2324,0.6309,1,0.0000
1897,-0.2281,-0.5989,0.0804,0.5370,0.4976,1,0.0000
1898,-0.2406,-0.5994,0.7115,0.2808,0.6312,1,0.0000
1899,-0.2355,-0.5988,0.2135,0.4244,0.4980,1,0.0000
1900,-0.2491,-0.6001,0.8448,0.3734,0.6314,1,0.0001
1901,-0.2446,-0.5988,0.3466,0.3290,0.4983,1,0.0000
1902,-0.2570,-0.6005,0.9782,0.4853,0.6317,1,0.0005
1903,-0.2428,-0.5993,0.4796,0.2579,0.4988,1,0.0000
1904,-0.2513,-0.6008,1.1114,0.6000,0.6319,1,0.0008
1905,-0.2366,-0.5993,0.6126,0.2410,0.4990,1,0.0000
1906,-0.2417,-0.6008,1.2445,0.7198,0.6320,1,0.0008
1907,-0.2299,-0.5992,0.7456,0.2914,0.4991,1,0.0000
1908,-0.2319,-0.6006,1.3777,0.8436,0.6321,1,0.0006
1909,-0.2236,-0.5991,0.8787,0.3839,0.4991,1,0.0000
1910,-0.2225,-0.6003,1.5109,0.9701,0.6322,1,0.0003
1911,-0.2179,-0.5991,1.0118,0.4957,0.4991,1,0.0000
1912,-0.2139,-0.6000,1.6440,1.0985,0.6323,1,0.0000
1913,-0.2131,-0.5990,1.1449,0.6163,0.4991,1,0.0000
1914,-0.2061,-0.5995,1.7772,1.2280,0.6323,1,0.0000
1915,-0.2112,-0.5989,1.2794,0.7435,0.4978,1,0.0000
1916,-0.2030,-0.5990,1.9119,1.3605,0.6325,1,0.0000
1917,-0.2230,-0.5983,1.4126,0.8749,0.4997,1,0.0000
1918,-0.2118,-0.5985,2.0453,1.4938,0.6329,1,0.0000
1919,-0.2349,-0.5983,1.5458,1.0070,0.5001,1,0.0000
1920,-0.2206,-0.5980,2.1788,1.6273,0.6332,1,0.0000
1921,-0.2470,-0.5983,1.6790,1.1395,0.5005,1,0.0000
1922,-0.2295,-0.5976,2.3123,1.7607,0.6335,1,0.0000
1923,-0.2594,-0.5983,1.8123,1.2724,0.5009,1,0.0000
1924,-0.2385,-0.5971,2.4457,1.8942,0.6337,1,0.0000
1925,-0.2720,-0.5982,1.9456,1.4055,0.5012,1,0.0000
1926,-0.2475,-0.5967,2.5790,2.0276,0.6339,1,0.0000
1927,-0.2848,-0.5982,1.9456,1.4081,0.6346,1,0.0000
1928,-0.2622,-0.5968,2.4444,1.8960,0.4994,1,0.0000
1929,-0.2991,-0.5982,1.8121,1.2810,0.6333,1,0.0000
1930,-0.2789,-0.5969,2.3098,1.7653,0.4980,1,0.0000
1931,-0.3146,-0.5981,1.6787,1.1557,0.6321,1,0.0000
1932,-0.2973,-0.5970,2.1754,1.6360,0.4970,1,0.0000
1933,-0.3308,-0.5980,1.5451,1.0329,0.6311,1,0.0000
1934,-0.3168,-0.5972,2.0411,1.5082,0.4962,1,0.0000
1935,-0.3247,-0.5960,1.4517,0.9428,0.5894,1,0.0000
1936,-0.2809,-0.5943,1.9911,1.4520,0.5412,1,0.0000
1937,-0.2753,-0.5949,1.4111,0.8882,0.5801,1,0.0000
1938,-0.2303,-0.5937,1.9361,1.3887,0.5270,1,0.0000
1939,-0.2176,-0.5978,1.3461,0.8094,0.5901,1,0.0000
1940,-0.1795,-0.5939,1.8512,1.2971,0.5065,1,0.0000
1941,-0.1718,-0.5986,1.2432,0.6981,0.6081,1,0.0000
1942,-0.1627,-0.5964,1.7300,1.1748,0.4869,1,0.0000
1943,-0.1693,-0.5983,1.1098,0.5690,0.6203,1,0.0000
1944,-0.1655,-0.5970,1.5952,1.0418,0.4854,1,0.0000
1945,-0.1679,-0.5983,0.9760,0.4425,0.6192,1,0.0000
1946,-0.1681,-0.5973,1.4603,0.9094,0.4843,1,0.0000
1947,-0.1671,-0.5983,0.8421,0.3222,0.6182,1,0.0000
1948,-0.1716,-0.5977,1.3253,0.7779,0.4832,1,0.0000
1949,-0.1670,-0.5983,0.7082,0.2190,0.6171,1,0.0000
1950,-0.1758,-0.5981,1.1903,0.6480,0.4822,1,0.0000
1951,-0.1676,-0.5983,0.5742,0.1677,0.6162,1,0.0000
1952,-0.1806,-0.5986,1.0552,0.5210,0.4812,1,0.0000
1953,-0.1685,-0.5983,0.4401,0.2107,0.6152,1,0.0000
1954,-0.1859,-0.5990,0.9201,0.3994,0.4803,1,0.0000
1955,-0.1698,-0.5983,0.3060,0.3110,0.6143,1,0.0000
1956,-0.1914,-0.5995,0.7849,0.2904,0.4794,1,0.0000
1957,-0.1713,-0.5984,0.1718,0.4303,0.6134,1,0.0000
1958,-0.1972,-0.5999,0.6497,0.2140,0.4785,1,0.0000
1959,-0.1729,-0.5984,0.0376,0.5565,0.6126,1,0.0000
1960,-0.2030,-0.6004,0.5143,0.2097,0.4777,1,0.0004
1961,-0.1745,-0.5984,-0.0967,0.6859,0.6117,1,0.0000
1962,-0.2089,-0.6008,0.3789,0.2808,0.4769,1,0.0008
1963,-0.1759,-0.5985,-0.2311,0.8169,0.6109,1,0.0000
1964,-0.2146,-0.6012,0.2434,0.3880,0.4761,1,0.0012
1965,-0.1772,-0.5985,-0.3656,0.9488,0.6101,1,0.0000
1966,-0.2192,-0.6016,0.1081,0.5082,0.4755,1,0.0016
1967,-0.1787,-0.5985,-0.5000,1.0815,0.6095,1,0.0000
1968,-0.2215,-0.6016,-0.0261,0.6328,0.4758,1,0.0016
1969,-0.1815,-0.5985,-0.6344,1.2146,0.6096,1,0.0000
1970,-0.2261,-0.6017,-0.1604,0.7614,0.4761,1,0.0017
1971,-0.1852,-0.5986,-0.7688,1.3481,0.6097,1,0.0000
1972,-0.2320,-0.6019,-0.2947,0.8920,0.4764,1,0.0019
1973,-0.1894,-0.5987,-0.9031,1.4818,0.6099,1,0.0000
1974,-0.2386,-0.6020,-0.4289,1.0237,0.4768,1,0.0020
1975,-0.1936,-0.5987,-1.0374,1.6156,0.6102,1,0.0000
1976,-0.2454,-0.6022,-0.5631,1.1561,0.4771,1,0.0022
1977,-0.1978,-0.5988,-1.1717,1.7495,0.6105,1,0.0000
1978,-0.2522,-0.6023,-0.6973,1.2888,0.4775,1,0.0023
1979,-0.2083,-0.5983,-1.3065,1.8846,0.6107,1,0.0000
1980,-0.2662,-0.6024,-0.8317,1.4234,0.4782,1,0.0024
1981,-0.2213,-0.5983,-1.4408,2.0196,0.6107,1,0.0000
1982,-0.2818,-0.6026,-0.9657,1.5580,0.4789,1,0.0026
1983,-0.2341,-0.5983,-1.5752,2.1545,0.6113,1,0.0000
1984,-0.2972,-0.6027,-1.0997,1.6926,0.4796,1,0.0027
1985,-0.2468,-0.5984,-1.7096,2.2895,0.6119,1,0.0000
1986,-0.3125,-0.6029,-1.2337,1.8272,0.4804,1,0.0029
1987,-0.2594,-0.5984,-1.8440,2.4245,0.6126,1,0.0000
1988,-0.3277,-0.6030,-1.3677,1.9619,0.4811,1,0.0030
1989,-0.2719,-0.5984,-1.9784,2.5595,0.6132,1,0.0000
1990,-0.3429,-0.6032,-1.5018,2.0966,0.4819,1,0.0032
1991,-0.2842,-0.5984,-2.1129,2.6945,0.6139,1,0.0000
1992,-0.3580,-0.6034,-1.6358,2.2313,0.4827,1,0.0034
1993,-0.2966,-0.5984,-2.2473,2.8295,0.6146,1,0.0000
1994,-0.3731,-0.6036,-1.7699,2.3661,0.4836,1,0.0036
1995,-0.3088,-0.5984,-2.3819,2.9646,0.6154,1,0.0000
1996,-0.3883,-0.6039,-1.9040,2.5009,0.4845,1,0.0039
1997,-0.3211,-0.5984,-2.5164,3.0997,0.6161,1,0.0000
1998,-0.4005,-0.6040,-1.9048,2.5036,0.6167,1,0.0040
1999,-0.3333,-0.5984,-2.3843,2.9696,0.4842,1,0.0000
2000,-0.4097,-0.6039,-1.7724,2.3746,0.6167,1,0.0039
2001,-0.3455,-0.5984,-2.2521,2.8398,0.4841,1,0.0000
2002,-0.4191,-0.6037,-1.6399,2.2459,0.6167,1,0.0037
2003,-0.3577,-0.5984,-2.1199,2.7102,0.4840,1,0.0000
2004,-0.4286,-0.6036,-1.5074,2.1178,0.6166,1,0.0036
2005,-0.3700,-0.5984,-1.9877,2.5809,0.4839,1,0.0000
2006,-0.4383,-0.6035,-1.3749,1.9903,0.6166,1,0.0035
2007,-0.3824,-0.5984,-1.8554,2.4520,0.4839,1,0.0000
2008,-0.4482,-0.6034,-1.2424,1.8636,0.6166,1,0.0034
2009,-0.3949,-0.5984,-1.7232,2.3236,0.4838,1,0.0000
2010,-0.4583,-0.6033,-1.1099,1.7380,0.6166,1,0.0033
2011,-0.4075,-0.5983,-1.5909,2.1956,0.4838,1,0.0000
2012,-0.4687,-0.6033,-0.9774,1.6136,0.6166,1,0.0033
2013,-0.4123,-0.5983,-1.4811,2.0887,0.5068,1,0.0000
2014,-0.4510,-0.6018,-0.9261,1.5593,0.5564,1,0.0018
2015,-0.3777,-0.5966,-1.4666,2.0680,0.5455,1,0.0000
2016,-0.4121,-0.6015,-0.9072,1.5303,0.5605,1,0.0015
2017,-0.3322,-0.5962,-1.4398,2.0338,0.5387,1,0.0000
2018,-0.3428,-0.5992,-0.8722,1.4790,0.5678,1,0.0000
2019,-0.2768,-0.5962,-1.3851,1.9712,0.5172,1,0.0000
2020,-0.2703,-0.5979,-0.8006,1.3937,0.5845,1,0.0000
2021,-0.2328,-0.5974,-1.2863,1.8674,0.4871,1,0.0000
2022,-0.2303,-0.5982,-0.6814,1.2690,0.6049,1,0.0000
2023,-0.2191,-0.5986,-1.1587,1.7391,0.4775,1,0.0000
2024,-0.2297,-0.5988,-0.5468,1.1368,0.6120,1,0.0000
2025,-0.2228,-0.5988,-1.0254,1.6075,0.4787,1,0.0000
2026,-0.2304,-0.5987,-0.4121,1.0054,0.6134,1,0.0000
2027,-0.2258,-0.5989,-0.8921,1.4761,0.4801,1,0.0000
2028,-0.2318,-0.5989,-0.2772,0.8751,0.6150,1,0.0000
2029,-0.2284,-0.5990,-0.7588,1.3450,0.4816,1,0.0000
2030,-0.2335,-0.5991,-0.1423,0.7464,0.6165,1,0.0000
2031,-0.2307,-0.5990,-0.6255,1.2143,0.4832,1,0.0000
2032,-0.2352,-0.5995,-0.0074,0.6203,0.6182,1,0.0000
2033,-0.2329,-0.5990,-0.4923,1.0842,0.4849,1,0.0000
2034,-0.2369,-0.5998,0.1276,0.4989,0.6198,1,0.0000
2035,-0.2350,-0.5990,-0.3590,0.9549,0.4865,1,0.0000
2036,-0.2386,-0.6002,0.2625,0.3865,0.6215,1,0.0002
2037,-0.2370,-0.5990,-0.2257,0.8270,0.4882,1,0.0000
2038,-0.2402,-0.6005,0.3975,0.2938,0.6232,1,0.0005
2039,-0.2390,-0.5990,-0.0924,0.7010,0.4899,1,0.0000
2040,-0.2418,-0.6007,0.5324,0.2442,0.6248,1,0.0007
2041,-0.2409,-0.5990,0.0409,0.5783,0.4916,1,0.0000
2042,-0.2433,-0.6009,0.6674,0.2634,0.6265,1,0.0009
2043,-0.2428,-0.5990,0.1741,0.4615,0.4932,1,0.0000
2044,-0.2448,-0.6010,0.8023,0.3399,0.6282,1,0.0010
2045,-0.2447,-0.5990,0.3074,0.3564,0.4949,1,0.0000
2046,-0.2463,-0.6011,0.9373,0.4450,0.6299,1,0.0011
2047,-0.2465,-0.5990,0.4407,0.2768,0.4966,1,0.0000
2048,-0.2477,-0.6012,1.0722,0.5630,0.6316,1,0.0012
2049,-0.2483,-0.5990,0.5739,0.2484,0.4983,1,0.0000
2050,-0.2491,-0.6012,1.2072,0.6873,0.6332,1,0.0012
2051,-0.2501,-0.5990,0.7072,0.2869,0.5000,1,0.0000
2052,-0.2504,-0.6012,1.3421,0.8150,0.6349,1,0.0012
2053,-0.2518,-0.5990,0.8405,0.3721,0.5016,1,0.0000
2054,-0.2518,-0.6011,1.4771,0.9446,0.6366,1,0.0011
2055,-0.2536,-0.5990,0.9738,0.4797,0.5033,1,0.0000
2056,-0.2531,-0.6011,1.6120,1.0756,0.6382,1,0.0011
2057,-0.2553,-0.5990,1.1070,0.5977,0.5050,1,0.0000
2058,-0.2544,-0.6010,1.7469,1.2075,0.6399,1,0.0010
2059,-0.2570,-0.5990,1.2403,0.7211,0.5066,1,0.0000
2060,-0.2557,-0.6009,1.8819,1.3399,0.6416,1,0.0009
2061,-0.2587,-0.5990,1.3736,0.8474,0.5083,1,0.0000
2062,-0.2570,-0.6008,2.0168,1.4728,0.6432,1,0.0008
2063,-0.2603,-0.5990,1.5069,0.9757,0.5100,1,0.0000
2064,-0.2583,-0.6008,2.1517,1.6060,0.6449,1,0.0008
2065,-0.2620,-0.5990,1.6401,1.1051,0.5116,1,0.0000
2066,-0.2595,-0.6007,2.2867,1.7395,0.6465,1,0.0007
2067,-0.2637,-0.5990,1.7734,1.2353,0.5133,1,0.0000
2068,-0.2608,-0.6007,2.4216,1.8732,0.6482,1,0.0007
2069,-0.2653,-0.5990,1.9067,1.3661,0.5149,1,0.0000
2070,-0.2621,-0.6007,2.5565,2.0071,0.6498,1,0.0007
2071,-0.2670,-0.5990,1.9067,1.3664,0.6499,1,0.0000
2072,-0.2641,-0.6007,2.4247,1.8768,0.5181,1,0.0007
2073,-0.2687,-0.5990,1.7733,1.2362,0.6515,1,0.0000
2074,-0.2662,-0.6007,2.2930,1.7468,0.5197,1,0.0007
2075,-0.2705,-0.5990,1.6399,1.1068,0.6531,1,0.0000
2076,-0.2683,-0.6007,2.1612,1.6171,0.5213,1,0.0007
2077,-0.2722,-0.5990,1.5065,0.9785,0.6547,1,0.0000
2078,-0.2705,-0.6007,2.0295,1.4877,0.5230,1,0.0007
2079,-0.2740,-0.5990,1.3731,0.8518,0.6564,1,0.0000
2080,-0.2727,-0.6008,1.8977,1.3587,0.5246,1,0.0008
2081,-0.2759,-0.5990,1.2397,0.7275,0.6580,1,0.0000
2082,-0.2749,-0.6008,1.7659,1.2304,0.5262,1,0.0008
2083,-0.2778,-0.5990,1.1063,0.6070,0.6596,1,0.0000
2084,-0.2772,-0.6008,1.6341,1.1029,0.5278,1,0.0008
2085,-0.2797,-0.5990,0.9729,0.4933,0.6612,1,0.0000
2086,-0.2804,-0.6011,1.5023,0.9769,0.5294,1,0.0011
2087,-0.2827,-0.5990,0.8395,0.3929,0.6628,1,0.0000
2088,-0.2845,-0.6013,1.3705,0.8528,0.5309,1,0.0013
2089,-0.2818,-0.5990,0.7061,0.3144,0.6643,1,0.0000
2090,-0.2846,-0.6014,1.2385,0.7297,0.5323,1,0.0014
2091,-0.2791,-0.5995,0.5727,0.2792,0.6658,1,0.0000
2092,-0.2819,-0.6015,1.1064,0.6090,0.5337,1,0.0015
2093,-0.2753,-0.5995,0.4393,0.3033,0.6671,1,0.0000
2094,-0.2789,-0.6014,0.9743,0.4940,0.5350,1,0.0014
2095,-0.2716,-0.5995,0.3059,0.3764,0.6684,1,0.0000
2096,-0.2760,-0.6014,0.8422,0.3900,0.5363,1,0.0014
2097,-0.2681,-0.5995,0.1725,0.4766,0.6697,1,0.0000
2098,-0.2735,-0.6013,0.7100,0.3088,0.5375,1,0.0013
2099,-0.2651,-0.5994,0.0391,0.5904,0.6710,1,0.0000
2100,-0.2714,-0.6012,0.5779,0.2717,0.5388,1,0.0012
2101,-0.2618,-0.5989,-0.0943,0.7109,0.6723,1,0.0000
2102,-0.2700,-0.6011,0.4457,0.2958,0.5401,1,0.0011
2103,-0.2600,-0.5989,-0.2278,0.8358,0.6735,1,0.0000
2104,-0.2692,-0.6010,0.3134,0.3695,0.5413,1,0.0010
2105,-0.2588,-0.5989,-0.3612,0.9632,0.6748,1,0.0000
2106,-0.2690,-0.6010,0.1812,0.4699,0.5426,1,0.0010
2107,-0.2581,-0.5989,-0.4947,1.0922,0.6760,1,0.0000
2108,-0.2694,-0.6009,0.0490,0.5835,0.5438,1,0.0009
2109,-0.2578,-0.5989,-0.6281,1.2222,0.6773,1,0.0000
2110,-0.2702,-0.6009,-0.0832,0.7037,0.5451,1,0.0009
2111,-0.2579,-0.5989,-0.7616,1.3530,0.6785,1,0.0000
2112,-0.2715,-0.6009,-0.2154,0.8278,0.5463,1,0.0009
2113,-0.2581,-0.5989,-0.8951,1.4843,0.6798,1,0.0000
2114,-0.2731,-0.6010,-0.3477,0.9542,0.5476,1,0.0010
2115,-0.2585,-0.5989,-1.0285,1.6159,0.6810,1,0.0000
2116,-0.2748,-0.6010,-0.4800,1.0820,0.5488,1,0.0010
2117,-0.2589,-0.5989,-1.1620,1.7479,0.6823,1,0.0000
2118,-0.2767,-0.6011,-0.6123,1.2109,0.5501,1,0.0011
2119,-0.2639,-0.5989,-1.2956,1.8808,0.6835,1,0.0000
2120,-0.2833,-0.6012,-0.7446,1.3414,0.5513,1,0.0012
2121,-0.2693,-0.5989,-1.4291,2.0137,0.6846,1,0.0000
2122,-0.2906,-0.6013,-0.8769,1.4724,0.5526,1,0.0013
2123,-0.2749,-0.5989,-1.5626,2.1468,0.6859,1,0.0000
2124,-0.3050,-0.6021,-1.0101,1.6059,0.5533,1,0.0021
2125,-0.2822,-0.5989,-1.6962,2.2803,0.6865,1,0.0000
2126,-0.3378,-0.6046,-1.1457,1.7453,0.5534,1,0.0046
2127,-0.2941,-0.5988,-1.8303,2.4149,0.6861,1,0.0000
2128,-0.3666,-0.6063,-1.2811,1.8837,0.5541,1,0.0063
2129,-0.3090,-0.5987,-1.9649,2.5503,0.6863,1,0.0000
2130,-0.3931,-0.6075,-1.4166,2.0217,0.5549,1,0.0075
2131,-0.3256,-0.5985,-2.0998,2.6862,0.6867,1,0.0000
2132,-0.4181,-0.6083,-1.5522,2.1596,0.5555,1,0.0083
2133,-0.3433,-0.5982,-2.2350,2.8226,0.6870,1,0.0000
2134,-0.4422,-0.6090,-1.6879,2.2975,0.5560,1,0.0090
2135,-0.3616,-0.5980,-2.3703,2.9591,0.6872,1,0.0000
2136,-0.4657,-0.6096,-1.8239,2.4354,0.5564,1,0.0096
2137,-0.3803,-0.5977,-2.5058,3.0958,0.6873,1,0.0000
2138,-0.4847,-0.6097,-1.8267,2.4419,0.6872,1,0.0097
2139,-0.3990,-0.5974,-2.3746,2.9681,0.5547,1,0.0000
2140,-0.4993,-0.6093,-1.6964,2.3174,0.6857,1,0.0093
2141,-0.4178,-0.5972,-2.2433,2.8408,0.5531,1,0.0000
2142,-0.5138,-0.6088,-1.5660,2.1936,0.6842,1,0.0088
2143,-0.4366,-0.5971,-2.1120,2.7139,0.5515,1,0.0000
2144,-0.5282,-0.6080,-1.4356,2.0708,0.6826,1,0.0080
2145,-0.4554,-0.5970,-1.9806,2.5876,0.5499,1,0.0000
2146,-0.5427,-0.6071,-1.3052,1.9489,0.6810,1,0.0071
2147,-0.4741,-0.5969,-1.8491,2.4618,0.5483,1,0.0000
2148,-0.5571,-0.6061,-1.1748,1.8284,0.6794,1,0.0061
2149,-0.4927,-0.5970,-1.7176,2.3367,0.5466,1,0.0000
2150,-0.5715,-0.6051,-1.0444,1.7093,0.6778,1,0.0051
2151,-0.5114,-0.5970,-1.5859,2.2124,0.5450,1,0.0000
2152,-0.5859,-0.6042,-0.9139,1.5922,0.6762,1,0.0042
2153,-0.5301,-0.5971,-1.5074,2.1407,0.5962,1,0.0000
2154,-0.6044,-0.6046,-0.9030,1.5891,0.6089,1,0.0046
2155,-0.5488,-0.6012,-1.5090,2.1469,0.6085,1,0.0012
2156,-0.6237,-0.6047,-0.9055,1.5988,0.6082,1,0.0047
2157,-0.5684,-0.5978,-1.5038,2.1470,0.6009,1,0.0000
2158,-0.6427,-0.6047,-0.9011,1.6022,0.6073,1,0.0047
2159,-0.5871,-0.6014,-1.5054,2.1536,0.6069,1,0.0014
2160,-0.6618,-0.6044,-0.9035,1.6122,0.6066,1,0.0044
2161,-0.6061,-0.6013,-1.5070,2.1604,0.6061,1,0.0013
2162,-0.6803,-0.6045,-0.9058,1.6220,0.6058,1,0.0045
2163,-0.6250,-0.6014,-1.5086,2.1673,0.6053,1,0.0014
2164,-0.6986,-0.6045,-0.9081,1.6318,0.6050,1,0.0045
2165,-0.6439,-0.5980,-1.5033,2.1677,0.5977,1,0.0000
2166,-0.7163,-0.6043,-0.9034,1.6352,0.6042,1,0.0043
2167,-0.6620,-0.6007,-1.5048,2.1746,0.6038,1,0.0007
2168,-0.7338,-0.6070,-0.9056,1.6449,0.6035,1,0.0070
2169,-0.6804,-0.5986,-1.5063,2.1817,0.6031,1,0.0000
2170,-0.7515,-0.6050,-0.9077,1.6548,0.6029,1,0.0050
2171,-0.6980,-0.6018,-1.5078,2.1887,0.6025,1,0.0018
2172,-0.7689,-0.6045,-0.9097,1.6646,0.6022,1,0.0045
2173,-0.7158,-0.6012,-1.5092,2.1958,0.6019,1,0.0012
2174,-0.7859,-0.6078,-0.9117,1.6742,0.6016,1,0.0078
2175,-0.7213,-0.5979,-1.5034,2.1920,0.5952,1,0.0000
2176,-0.7908,-0.6041,-0.9067,1.6721,0.6007,1,0.0041
2177,-0.7244,-0.5985,-1.5048,2.1944,0.6017,1,0.0000
2178,-0.7935,-0.6048,-0.9090,1.6755,0.5998,1,0.0048
2179,-0.7256,-0.5988,-1.5062,2.1961,0.6010,1,0.0000
2180,-0.7945,-0.6053,-0.9113,1.6780,0.5988,1,0.0053
2181,-0.7262,-0.5990,-1.5076,2.1976,0.6001,1,0.0000
2182,-0.7950,-0.6057,-0.9136,1.6802,0.5979,1,0.0057
2183,-0.7267,-0.5990,-1.5089,2.1991,0.5993,1,0.0000
2184,-0.7954,-0.6057,-0.9159,1.6824,0.5971,1,0.0057
2185,-0.7249,-0.5979,-1.5030,2.1929,0.5914,1,0.0000
2186,-0.7935,-0.6041,-0.9109,1.6771,0.5961,1,0.0041
2187,-0.7268,-0.5986,-1.5044,2.1948,0.5973,1,0.0000
2188,-0.7955,-0.6050,-0.9130,1.6799,0.5954,1,0.0050
2189,-0.7269,-0.5986,-1.5058,2.1961,0.5967,1,0.0000
2190,-0.7960,-0.6051,-0.9153,1.6821,0.5946,1,0.0051
2191,-0.7267,-0.5988,-1.5071,2.1974,0.5960,1,0.0000
2192,-0.7961,-0.6056,-0.9175,1.6841,0.5938,1,0.0056
2193,-0.7263,-0.5990,-1.5085,2.1985,0.5952,1,0.0000
2194,-0.7963,-0.6061,-0.9197,1.6862,0.5930,1,0.0061
2195,-0.7258,-0.5990,-1.5099,2.1997,0.5944,1,0.0000
2196,-0.7965,-0.6063,-0.9220,1.6883,0.5922,1,0.0063
2197,-0.7230,-0.5979,-1.5041,2.1932,0.5867,1,0.0000
2198,-0.7944,-0.6049,-0.9172,1.6830,0.5913,1,0.0049
2199,-0.7241,-0.5985,-1.5055,2.1950,0.5926,1,0.0000
2200,-0.7966,-0.6059,-0.9195,1.6862,0.5905,1,0.0059
2201,-0.7232,-0.5987,-1.5071,2.1961,0.5921,1,0.0000
2202,-0.7970,-0.6065,-0.9221,1.6886,0.5897,1,0.0065
2203,-0.7219,-0.5989,-1.5086,2.1972,0.5914,1,0.0000
2204,-0.7970,-0.6071,-0.9248,1.6910,0.5887,1,0.0071
2205,-0.7181,-0.5978,-1.5029,2.1906,0.5836,1,0.0000
2206,-0.7938,-0.6056,-0.9203,1.6855,0.5875,1,0.0056
2207,-0.7186,-0.5985,-1.5046,2.1923,0.5891,1,0.0000
2208,-0.7636,-0.6002,-0.9287,1.6790,0.5776,1,0.0002
2209,-0.7303,-0.5988,-1.5052,2.1967,0.5774,1,0.0000
2210,-0.7493,-0.5940,-0.9345,1.6777,0.5710,1,0.0000
2211,-0.7367,-0.6004,-1.5053,2.1990,0.5710,1,0.0004
2212,-0.7413,-0.5924,-0.9372,1.6766,0.5682,1,0.0000
2213,-0.7398,-0.6020,-1.5053,2.2000,0.5682,1,0.0020
2214,-0.7370,-0.5924,-0.9381,1.6755,0.5673,1,0.0000
2215,-0.7411,-0.5996,-1.5053,2.2004,0.5672,1,0.0000
2216,-0.7347,-0.5897,-0.9380,1.6744,0.5674,1,0.0000
2217,-0.7412,-0.6004,-1.5053,2.2005,0.5674,1,0.0004
2218,-0.7332,-0.5911,-0.9373,1.6731,0.5682,1,0.0000
2219,-0.7405,-0.6008,-1.5053,2.2003,0.5682,1,0.0008
2220,-0.7321,-0.5929,-0.9361,1.6716,0.5693,1,0.0000
2221,-0.7395,-0.6012,-1.5053,2.1999,0.5693,1,0.0012
2222,-0.7312,-0.5952,-0.9347,1.6699,0.5707,1,0.0000
2223,-0.7383,-0.6014,-1.5054,2.1995,0.5707,1,0.0014
2224,-0.7303,-0.5972,-0.9332,1.6681,0.5722,1,0.0000
2225,-0.7369,-0.6014,-1.5054,2.1991,0.5722,1,0.0014
2226,-0.7294,-0.5992,-0.9316,1.6663,0.5738,1,0.0000
2227,-0.7355,-0.5994,-1.5054,2.1986,0.5738,1,0.0000
2228,-0.7284,-0.5990,-0.9299,1.6643,0.5755,1,0.0000
2229,-0.7340,-0.5992,-1.5054,2.1982,0.5755,1,0.0000
2230,-0.7273,-0.6004,-0.9282,1.6624,0.5772,1,0.0004
2231,-0.7326,-0.5991,-1.5054,2.1977,0.5772,1,0.0000
2232,-0.7262,-0.6016,-0.9265,1.6604,0.5789,1,0.0016
2233,-0.7312,-0.5991,-1.5054,2.1972,0.5789,1,0.0000
2234,-0.7252,-0.6026,-0.9248,1.6584,0.5806,1,0.0026
2235,-0.7299,-0.5991,-1.5054,2.1968,0.5806,1,0.0000
2236,-0.7241,-0.6034,-0.9231,1.6564,0.5823,1,0.0034
2237,-0.7285,-0.5992,-1.5054,2.1964,0.5823,1,0.0000
2238,-0.7230,-0.6038,-0.9214,1.6544,0.5841,1,0.0038
2239,-0.7272,-0.5993,-1.5054,2.1959,0.5840,1,0.0000
2240,-0.7219,-0.6041,-0.9197,1.6524,0.5858,1,0.0041
2241,-0.7260,-0.5994,-1.5055,2.1955,0.5858,1,0.0000
2242,-0.7209,-0.6041,-0.9180,1.6504,0.5875,1,0.0041
2243,-0.7247,-0.5995,-1.5055,2.1951,0.5875,1,0.0000
2244,-0.7199,-0.6040,-0.9163,1.6484,0.5892,1,0.0040
2245,-0.7235,-0.5996,-1.5055,2.1947,0.5892,1,0.0000
2246,-0.7188,-0.6037,-0.9147,1.6465,0.5909,1,0.0037
2247,-0.7224,-0.5997,-1.5055,2.1944,0.5908,1,0.0000
2248,-0.7179,-0.6033,-0.9130,1.6445,0.5925,1,0.0033
2249,-0.7212,-0.5997,-1.5055,2.1940,0.5925,1,0.0000
2250,-0.7169,-0.6029,-0.9113,1.6426,0.5942,1,0.0029
2251,-0.7201,-0.5997,-1.5055,2.1936,0.5942,1,0.0000
2252,-0.7159,-0.6025,-0.9096,1.6406,0.5959,1,0.0025
2253,-0.7190,-0.5997,-1.5055,2.1933,0.5959,1,0.0000
2254,-0.7150,-0.6021,-0.9079,1.6387,0.5976,1,0.0021
2255,-0.7180,-0.5997,-1.5055,2.1929,0.5976,1,0.0000
2256,-0.7141,-0.6017,-0.9062,1.6368,0.5993,1,0.0017
2257,-0.7169,-0.5997,-1.5055,2.1926,0.5993,1,0.0000
2258,-0.7132,-0.6015,-0.9046,1.6349,0.6009,1,0.0015
2259,-0.7160,-0.5997,-1.5055,2.1923,0.6009,1,0.0000
2260,-0.7123,-0.6429,-0.9309,1.6589,0.5762,1,0.0429
2261,-0.7143,-0.6000,-1.5060,2.1922,0.5767,1,0.0000
2262,-0.7128,-0.6426,-0.9330,1.6609,0.5746,1,0.0426
2263,-0.7134,-0.5997,-1.4991,2.1854,0.5677,1,0.0000
2264,-0.7116,-0.6359,-0.9250,1.6531,0.5753,1,0.0359
2265,-0.7126,-0.5990,-1.4906,2.1771,0.5668,1,0.0000
2266,-0.7106,-0.6284,-0.9154,1.6438,0.5759,1,0.0284
2267,-0.7120,-0.5996,-1.4913,2.1776,0.5766,1,0.0000
2268,-0.7098,-0.6228,-0.9150,1.6431,0.5767,1,0.0228
2269,-0.7114,-0.5999,-1.4921,2.1781,0.5775,1,0.0000
2270,-0.7091,-0.6165,-0.9148,1.6424,0.5775,1,0.0165
2271,-0.7106,-0.5987,-1.4753,2.1620,0.5608,1,0.0000
2272,-0.7083,-0.6058,-0.8973,1.6263,0.5780,1,0.0058
2273,-0.7101,-0.5982,-1.4762,2.1627,0.5789,1,0.0000
2274,-0.7077,-0.5979,-0.8974,1.6260,0.5788,1,0.0000
2275,-0.7095,-0.5984,-1.4770,2.1632,0.5796,1,0.0000
2276,-0.7071,-0.5900,-0.8977,1.6261,0.5794,1,0.0000
2277,-0.7090,-0.5970,-1.4780,2.1640,0.5803,1,0.0000
2278,-0.7068,-0.5787,-0.8996,1.6278,0.5786,1,0.0000
2279,-0.7086,-0.5967,-1.4577,2.1448,0.5584,1,0.0000
2280,-0.7062,-0.5759,-0.8795,1.6095,0.5786,1,0.0000
2281,-0.7081,-0.5961,-1.4584,2.1452,0.5793,1,0.0000
2282,-0.7058,-0.5771,-0.8799,1.6097,0.5788,1,0.0000
2283,-0.7075,-0.5960,-1.4587,2.1453,0.5791,1,0.0000
2284,-0.7053,-0.5808,-0.8799,1.6094,0.5790,1,0.0000
2285,-0.7069,-0.5958,-1.4588,2.1452,0.5791,1,0.0000
2286,-0.7049,-0.5857,-0.8796,1.6089,0.5793,1,0.0000
2287,-0.7062,-0.5958,-1.4587,2.1449,0.5792,1,0.0000
2288,-0.7044,-0.5913,-0.8791,1.6082,0.5796,1,0.0000
2289,-0.7056,-0.5963,-1.4583,2.1443,0.5792,1,0.0000
2290,-0.7039,-0.5969,-0.8785,1.6074,0.5798,1,0.0000
2291,-0.7050,-0.5962,-1.4580,2.1438,0.5795,1,0.0000
2292,-0.7034,-0.6009,-0.8779,1.6066,0.5801,1,0.0009
2293,-0.7045,-0.5969,-1.4575,2.1432,0.5796,1,0.0000
2294,-0.7028,-0.6045,-0.8773,1.6059,0.5803,1,0.0045
2295,-0.7040,-0.5966,-1.4588,2.1442,0.5816,1,0.0000
2296,-0.7023,-0.6061,-0.8784,1.6066,0.5805,1,0.0061
2297,-0.7034,-0.5967,-1.4597,2.1449,0.5814,1,0.0000
2298,-0.7018,-0.6007,-0.8790,1.6069,0.5807,1,0.0007
2299,-0.7029,-0.5969,-1.4608,2.1458,0.5818,1,0.0000
2300,-0.7013,-0.5933,-0.8799,1.6075,0.5810,1,0.0000
2301,-0.7024,-0.5968,-1.4604,2.1452,0.5805,1,0.0000
2302,-0.7011,-0.5876,-0.8803,1.6079,0.5801,1,0.0000
2303,-0.7020,-0.5923,-1.4604,2.1451,0.5801,0,0.0000
2304,-0.7010,-0.5824,-0.8864,1.6133,0.5741,1,0.0000
2305,-0.7015,-0.5964,-1.4647,2.1490,0.5784,1,0.0000
2306,-0.7009,-0.5785,-0.8871,1.6139,0.5779,1,0.0000
2307,-0.7013,-0.5903,-1.4648,2.1490,0.5778,0,0.0000
2308,-0.7008,-0.5763,-0.8947,1.6208,0.5702,1,0.0000
2309,-0.7010,-0.5904,-1.4713,2.1551,0.5768,0,0.0000
2310,-0.7007,-0.5751,-0.8995,1.6251,0.5720,1,0.0000
2311,-0.7007,-0.5960,-1.4747,2.1582,0.5755,1,0.0000
2312,-0.7006,-0.5737,-0.9001,1.6256,0.5750,1,0.0000
2313,-0.7005,-0.5874,-1.4748,2.1583,0.5749,0,0.0000
2314,-0.7006,-0.5751,-0.9106,1.6350,0.5644,1,0.0000
2315,-0.7003,-0.5876,-1.4843,2.1672,0.5739,0,0.0000
2316,-0.7005,-0.5763,-0.9170,1.6408,0.5675,1,0.0000
2317,-0.7001,-0.5972,-1.4898,2.1723,0.5732,1,0.0000
2318,-0.7004,-0.5775,-0.9174,1.6411,0.5727,1,0.0000
2319,-0.7000,-0.5873,-1.4899,2.1724,0.5725,0,0.0000
2320,-0.7003,-0.5772,-0.9363,1.6581,0.5537,0,0.0000
2321,-0.3407,-0.5895,-0.8700,1.4764,0.3659,0,0.0000
2322,-0.2946,-0.6018,-0.2352,0.8542,0.6365,0,0.0018
2323,-0.2873,-0.5987,-0.1696,0.7903,0.0661,1,0.0000
2324,-0.2883,-0.6084,0.4636,0.3063,0.6333,1,0.0084
2325,-0.2871,-0.5988,-0.0374,0.6687,0.5011,1,0.0000
2326,-0.2883,-0.6115,0.5942,0.2899,0.6317,1,0.0115
2327,-0.2869,-0.5979,0.0941,0.5527,0.5002,1,0.0000
2328,-0.2883,-0.6144,0.7242,0.3289,0.6303,1,0.0144
2329,-0.2867,-0.5973,0.2249,0.4461,0.4996,1,0.0000
2330,-0.2882,-0.6171,0.8536,0.4072,0.6290,1,0.0171
2331,-0.2865,-0.5966,0.3547,0.3563,0.4993,1,0.0000
2332,-0.2882,-0.6196,0.9823,0.5063,0.6280,1,0.0196
2333,-0.2863,-0.5957,0.4836,0.2981,0.4993,1,0.0000
2334,-0.2882,-0.6220,1.1102,0.6157,0.6271,1,0.0220
2335,-0.2861,-0.5948,0.6114,0.2896,0.4995,1,0.0000
2336,-0.2882,-0.6241,1.2371,0.7303,0.6264,1,0.0241
2337,-0.2859,-0.5937,0.7380,0.3334,0.5000,1,0.0000
2338,-0.2882,-0.6261,1.3631,0.8474,0.6259,1,0.0261
2339,-0.2857,-0.5925,0.8634,0.4120,0.5008,1,0.0000
2340,-0.2882,-0.6280,1.4879,0.9657,0.6255,1,0.0280
2341,-0.2856,-0.5912,0.9873,0.5085,0.5019,1,0.0000
2342,-0.2878,-0.6290,1.5365,1.0122,0.5505,1,0.0290
2343,-0.2861,-0.5913,1.1100,0.6141,0.4282,1,0.0000
2344,-0.2876,-0.6176,1.5820,1.0555,0.4728,1,0.0176
2345,-0.2870,-0.5928,1.2327,0.7253,0.3502,1,0.0000
2346,-0.2873,-0.5955,1.7023,1.1715,0.4696,1,0.0000
2347,-0.2879,-0.5942,1.3575,0.8417,0.3448,1,0.0000
2348,-0.2869,-0.5724,1.8243,1.2903,0.4673,1,0.0000
2349,-0.2889,-0.5956,1.4846,0.9624,0.3405,1,0.0000
2350,-0.2866,-0.5482,1.9480,1.4117,0.4658,1,0.0000
2351,-0.2899,-0.5967,1.6138,1.0866,0.3377,1,0.0000
2352,-0.2861,-0.5229,2.0731,1.5354,0.4652,1,0.0000
2353,-0.2909,-0.5977,1.7452,1.2140,0.3364,1,0.0000
2354,-0.2861,-0.4970,2.2028,1.6642,0.4686,1,0.0000
2355,-0.2916,-0.5984,1.8787,1.3442,0.3396,1,0.0000
2356,-0.2862,-0.4691,2.3342,1.7954,0.4735,1,0.0000
2357,-0.2920,-0.5989,2.0144,1.4770,0.3452,1,0.0000
2358,-0.2867,-0.4408,2.4671,1.9285,0.4795,1,0.0000
2359,-0.2922,-0.5990,2.1521,1.6122,0.3525,1,0.0000
2360,-0.2909,-0.4997,2.5958,2.0523,0.4546,1,0.0000
2361,-0.2920,-0.5988,2.1541,1.6141,0.4527,1,0.0000
2362,-0.2949,-0.5613,2.4408,1.8976,0.2892,1,0.0000
2363,-0.2912,-0.5988,2.0218,1.4841,0.4207,1,0.0000
2364,-0.2931,-0.5575,2.3019,1.7604,0.2831,1,0.0000
2365,-0.2908,-0.5986,1.8899,1.3549,0.4140,1,0.0000
2366,-0.2918,-0.5538,2.1682,1.6286,0.2818,1,0.0000
2367,-0.2904,-0.5983,1.7586,1.2269,0.4120,1,0.0000
2368,-0.2922,-0.5542,2.0340,1.4969,0.2790,1,0.0000
2369,-0.2899,-0.5980,1.6277,1.1000,0.4087,1,0.0000
2370,-0.2913,-0.5519,1.9012,1.3668,0.2774,1,0.0000
2371,-0.2894,-0.5976,1.4975,0.9748,0.4063,1,0.0000
2372,-0.2906,-0.5493,1.7690,1.2380,0.2758,1,0.0000
2373,-0.2890,-0.5971,1.3679,0.8518,0.4039,1,0.0000
2374,-0.2898,-0.5529,1.6399,1.1127,0.2756,1,0.0000
2375,-0.2885,-0.5966,1.2390,0.7317,0.4033,1,0.0000
2376,-0.2892,-0.5642,1.5121,0.9894,0.2751,1,0.0000
2377,-0.2881,-0.5962,1.1104,0.6154,0.4030,1,0.0000
2378,-0.2885,-0.5752,1.3848,0.8679,0.2752,1,0.0000
2379,-0.2876,-0.5959,0.9821,0.5054,0.4032,1,0.0000
2380,-0.2879,-0.5849,1.2577,0.7488,0.2758,1,0.0000
2381,-0.2872,-0.5958,0.8540,0.4064,0.4038,1,0.0000
2382,-0.2872,-0.5928,1.1308,0.6332,0.2768,1,0.0000
2383,-0.2869,-0.5957,0.7261,0.3282,0.4048,1,0.0000
2384,-0.2866,-0.5987,1.0039,0.5229,0.2779,1,0.0000
2385,-0.2865,-0.5957,0.5981,0.2882,0.4058,1,0.0000
2386,-0.2861,-0.6027,0.8770,0.4221,0.2789,1,0.0027
2387,-0.2861,-0.5958,0.4701,0.3020,0.4070,1,0.0000
2388,-0.2855,-0.6050,0.7499,0.3393,0.2800,1,0.0050
2389,-0.2858,-0.5959,0.3419,0.3635,0.4081,1,0.0000
2390,-0.2850,-0.6059,0.6227,0.2906,0.2809,1,0.0059
2391,-0.2853,-0.5960,0.2137,0.4538,0.4091,1,0.0000
2392,-0.2844,-0.6058,0.4953,0.2932,0.2818,1,0.0058
2393,-0.2849,-0.5961,0.0853,0.5593,0.4102,1,0.0000
2394,-0.2839,-0.6050,0.3679,0.3466,0.2827,1,0.0050
2395,-0.2846,-0.5962,-0.0432,0.6729,0.4112,1,0.0000
2396,-0.2835,-0.6038,0.2403,0.4322,0.2836,1,0.0038
2397,-0.2843,-0.5962,-0.1718,0.7912,0.4122,1,0.0000
2398,-0.2830,-0.6023,0.1127,0.5349,0.2845,1,0.0023
2399,-0.2839,-0.5963,-0.3004,0.9123,0.4132,1,0.0000
2400,-0.2826,-0.6001,-0.0149,0.6466,0.2855,1,0.0001
2401,-0.2836,-0.5963,-0.4291,1.0353,0.4142,1,0.0000
2402,-0.2822,-0.5935,-0.1426,0.7633,0.2865,1,0.0000
2403,-0.2833,-0.5964,-0.5579,1.1596,0.4153,1,0.0000
2404,-0.2818,-0.5863,-0.2704,0.8832,0.2877,1,0.0000
2405,-0.2830,-0.5966,-0.6869,1.2850,0.4166,1,0.0000
2406,-0.2814,-0.5795,-0.3984,1.0054,0.2890,1,0.0000
2407,-0.2827,-0.5969,-0.8163,1.4115,0.4183,1,0.0000
2408,-0.2810,-0.5736,-0.5266,1.1290,0.2906,1,0.0000
2409,-0.2824,-0.5972,-0.9462,1.5389,0.4202,1,0.0000
2410,-0.2806,-0.5701,-0.6552,1.2539,0.2923,1,0.0000
2411,-0.2821,-0.5976,-1.0766,1.6673,0.4224,1,0.0000
2412,-0.2802,-0.5691,-0.7840,1.3797,0.2940,1,0.0000
2413,-0.2818,-0.5979,-1.2076,1.7964,0.4245,1,0.0000
2414,-0.2799,-0.5703,-0.9133,1.5064,0.2956,1,0.0000
2415,-0.2816,-0.5982,-1.3390,1.9262,0.4266,1,0.0000
2416,-0.2795,-0.5732,-1.0430,1.6338,0.2971,1,0.0000
2417,-0.2813,-0.5984,-1.4707,2.0566,0.4285,1,0.0000
2418,-0.2792,-0.5720,-1.1731,1.7622,0.2988,1,0.0000
2419,-0.2810,-0.5986,-1.6029,2.1876,0.4306,1,0.0000
2420,-0.2788,-0.5652,-1.3038,1.8914,0.3010,1,0.0000
2421,-0.2808,-0.5988,-1.7356,2.3193,0.4331,1,0.0000
2422,-0.2785,-0.5602,-1.4348,2.0210,0.3033,1,0.0000
2423,-0.2805,-0.5990,-1.8689,2.4515,0.4358,1,0.0000
2424,-0.2781,-0.5581,-1.5660,2.1510,0.3056,1,0.0000
2425,-0.2803,-0.5997,-2.0025,2.5843,0.4385,1,0.0000
2426,-0.2778,-0.5586,-1.6974,2.2813,0.3079,1,0.0000
2427,-0.2800,-0.5995,-2.1365,2.7175,0.4410,1,0.0000
2428,-0.2775,-0.5613,-1.8291,2.4120,0.3098,1,0.0000
2429,-0.2798,-0.5990,-2.2706,2.8510,0.4432,1,0.0000
2430,-0.2771,-0.5659,-1.9610,2.5430,0.3114,1,0.0000
2431,-0.2795,-0.5985,-2.4049,2.9846,0.4451,1,0.0000
2432,-0.2768,-0.5715,-2.0924,2.6735,0.3137,1,0.0000
2433,-0.2793,-0.5985,-2.5392,3.1183,0.4476,1,0.0000
2434,-0.2766,-0.5799,-2.0911,2.6721,0.4485,1,0.0000
2435,-0.2791,-0.5974,-2.4086,2.9883,0.3180,1,0.0000
2436,-0.2766,-0.5890,-1.9576,2.5393,0.4512,1,0.0000
2437,-0.2788,-0.5969,-2.2786,2.8589,0.3212,1,0.0000
2438,-0.2767,-0.5963,-1.8251,2.4076,0.4536,1,0.0000
2439,-0.2787,-0.5965,-2.1492,2.7301,0.3242,1,0.0000
2440,-0.2767,-0.6014,-1.6933,2.2768,0.4560,1,0.0014
2441,-0.2785,-0.5962,-2.0204,2.6019,0.3271,1,0.0000
2442,-0.2766,-0.6047,-1.5617,2.1462,0.4587,1,0.0047
2443,-0.2784,-0.5959,-1.8919,2.4742,0.3303,1,0.0000
2444,-0.2763,-0.6070,-1.4302,2.0158,0.4618,1,0.0070
2445,-0.2783,-0.5956,-1.7637,2.3469,0.3338,1,0.0000
2446,-0.2761,-0.6091,-1.2991,1.8860,0.4649,1,0.0091
2447,-0.2781,-0.5954,-1.6359,2.2200,0.3371,1,0.0000
2448,-0.2759,-0.6097,-1.1677,1.7561,0.4685,1,0.0097
2449,-0.2778,-0.5952,-1.5084,2.0935,0.3410,1,0.0000
2450,-0.2758,-0.6084,-1.0364,1.6266,0.4722,1,0.0084
2451,-0.2776,-0.5951,-1.3811,1.9674,0.3450,1,0.0000
2452,-0.2755,-0.6056,-0.9062,1.4983,0.4751,1,0.0056
2453,-0.2773,-0.5951,-1.2539,1.8415,0.3479,1,0.0000
2454,-0.2754,-0.6015,-0.7755,1.3700,0.4785,1,0.0015
2455,-0.2771,-0.5953,-1.1266,1.7157,0.3512,1,0.0000
2456,-0.2752,-0.5973,-0.6442,1.2417,0.4824,1,0.0000
2457,-0.2768,-0.5954,-0.9991,1.5900,0.3549,1,0.0000
2458,-0.2751,-0.5937,-0.5128,1.1139,0.4863,1,0.0000
2459,-0.2765,-0.5956,-0.8714,1.4643,0.3586,1,0.0000
2460,-0.2749,-0.5911,-0.3813,0.9869,0.4902,1,0.0000
2461,-0.2763,-0.5957,-0.7435,1.3389,0.3623,1,0.0000
2462,-0.2747,-0.5896,-0.2495,0.8612,0.4940,1,0.0000
2463,-0.2760,-0.5958,-0.6154,1.2138,0.3660,1,0.0000
2464,-0.2810,-0.5900,-0.1233,0.7450,0.4922,1,0.0000
2465,-0.2770,-0.5960,-0.4872,1.0896,0.3640,1,0.0000
2466,-0.3017,-0.5922,-0.0128,0.6533,0.4751,1,0.0000
2467,-0.2820,-0.5962,-0.3591,0.9677,0.3468,1,0.0000
2468,-0.3159,-0.5933,0.0992,0.5641,0.4595,1,0.0000
2469,-0.2836,-0.5963,-0.2310,0.8465,0.3318,1,0.0000
2470,-0.3207,-0.5939,0.2122,0.4780,0.4447,1,0.0000
2471,-0.2724,-0.5974,-0.1008,0.7208,0.3167,1,0.0000
2472,-0.3060,-0.5972,0.3220,0.3917,0.4241,1,0.0000
2473,-0.2631,-0.5976,0.0294,0.5982,0.2958,1,0.0000
2474,-0.2946,-0.6019,0.4300,0.3247,0.4019,1,0.0019
2475,-0.2585,-0.5978,0.1596,0.4821,0.2728,1,0.0000
2476,-0.2886,-0.6039,0.5450,0.2895,0.3866,1,0.0039
2477,-0.2557,-0.5980,0.2902,0.3766,0.2570,1,0.0000
2478,-0.2840,-0.6080,0.6584,0.2986,0.3695,1,0.0080
2479,-0.2563,-0.5974,0.4195,0.2955,0.2408,1,0.0000
2480,-0.2834,-0.6070,0.7737,0.3511,0.3554,1,0.0070
2481,-0.2589,-0.5976,0.5491,0.2595,0.2262,1,0.0000
2482,-0.2836,-0.6052,0.8895,0.4298,0.3414,1,0.0052
2483,-0.2624,-0.5977,0.6790,0.2855,0.2117,1,0.0000
2484,-0.2847,-0.6028,1.0059,0.5235,0.3277,1,0.0028
2485,-0.2668,-0.5979,0.8092,0.3607,0.1975,1,0.0000
2486,-0.2868,-0.6001,1.1227,0.6257,0.3141,1,0.0001
2487,-0.2720,-0.5981,0.9398,0.4618,0.1836,1,0.0000
2488,-0.2896,-0.5972,1.2400,0.7331,0.3008,1,0.0000
2489,-0.2767,-0.5983,1.0706,0.5750,0.1699,1,0.0000
2490,-0.2921,-0.5945,1.3578,0.8434,0.2876,1,0.0000
2491,-0.2810,-0.5984,1.2017,0.6945,0.1565,1,0.0000
2492,-0.2942,-0.5921,1.4759,0.9558,0.2746,1,0.0000
2493,-0.2849,-0.5985,1.3331,0.8177,0.1433,1,0.0000
2494,-0.2960,-0.5900,1.5944,1.0696,0.2617,1,0.0000
2495,-0.2884,-0.5986,1.4647,0.9432,0.1302,1,0.0000
2496,-0.2975,-0.5884,1.7132,1.1847,0.2489,1,0.0000
2497,-0.2915,-0.5987,1.5964,1.0703,0.1174,1,0.0000
2498,-0.2988,-0.5872,1.8324,1.3006,0.2363,1,0.0000
2499,-0.2944,-0.5987,1.7284,1.1985,0.1047,1,0.0000
2500,-0.2998,-0.5866,1.9518,1.4173,0.2238,1,0.0000
2501,-0.2969,-0.5987,1.8605,1.3276,0.0921,1,0.0000
2502,-0.3007,-0.5864,2.0714,1.5347,0.2113,1,0.0000
2503,-0.2991,-0.5987,1.9928,1.4572,0.0797,1,0.0000
2504,-0.3014,-0.5865,2.1914,1.6525,0.1990,1,0.0000
2505,-0.3010,-0.5987,2.1251,1.5874,0.0673,1,0.0000
2506,-0.3020,-0.5870,2.3115,1.7709,0.1867,1,0.0000
2507,-0.3027,-0.5987,2.2576,1.7179,0.0551,1,0.0000
2508,-0.3025,-0.5877,2.4318,1.8896,0.1746,1,0.0000
2509,-0.3041,-0.5987,2.3902,1.8487,0.0431,1,0.0000
2510,-0.3028,-0.5886,2.5523,2.0087,0.1625,1,0.0000
2511,-0.3053,-0.5987,2.3895,1.8483,0.1631,1,0.0000
2512,-0.3059,-0.5900,2.4066,1.8653,0.0191,1,0.0000
2513,-0.3063,-0.5987,2.2557,1.7167,0.1511,1,0.0000
2514,-0.3085,-0.5913,2.2610,1.7222,0.0093,1,0.0000
2515,-0.3071,-0.5987,2.1220,1.5854,0.1392,1,0.0000
2516,-0.3106,-0.5926,2.1155,1.5797,0.0095,1,0.0000
2517,-0.3077,-0.5987,1.9882,1.4545,0.1274,1,0.0000
2518,-0.3121,-0.5938,1.9701,1.4378,0.0192,1,0.0000
2519,-0.3082,-0.5986,1.8545,1.3243,0.1158,1,0.0000
2520,-0.3132,-0.5949,1.8249,1.2967,0.0302,1,0.0000
2521,-0.3087,-0.5986,1.7208,1.1947,0.1043,1,0.0000
2522,-0.3137,-0.5960,1.6798,1.1566,0.0414,1,0.0000
2523,-0.3090,-0.5986,1.5871,1.0662,0.0929,1,0.0000
2524,-0.3139,-0.5969,1.5348,1.0179,0.0525,1,0.0000
2525,-0.3092,-0.5986,1.4534,0.9392,0.0816,1,0.0000
2526,-0.3138,-0.5982,1.3944,0.8853,0.0592,1,0.0000
2527,-0.3094,-0.5986,1.3198,0.8143,0.0747,1,0.0000
2528,-0.3133,-0.5995,1.2641,0.7646,0.0558,1,0.0000
2529,-0.3096,-0.5986,1.1861,0.6926,0.0780,1,0.0000
2530,-0.3129,-0.6000,1.1334,0.6474,0.0528,1,0.0000
2531,-0.3098,-0.5986,1.0525,0.5762,0.0810,1,0.0000
2532,-0.3127,-0.6000,1.0025,0.5365,0.0501,1,0.0000
2533,-0.3100,-0.5986,0.9188,0.4692,0.0837,1,0.0000
2534,-0.3128,-0.5996,0.8676,0.4342,0.0512,1,0.0000
2535,-0.3102,-0.5986,0.7851,0.3794,0.0826,1,0.0000
2536,-0.3128,-0.5992,0.7255,0.3509,0.0596,1,0.0000
2537,-0.3104,-0.5986,0.6514,0.3218,0.0742,1,0.0000
2538,-0.3127,-0.5992,0.5946,0.3139,0.0568,1,0.0000
2539,-0.3106,-0.5986,0.5177,0.3144,0.0770,1,0.0000
2540,-0.3127,-0.5991,0.4636,0.3293,0.0542,1,0.0000
2541,-0.3107,-0.5986,0.3840,0.3604,0.0796,1,0.0000
2542,-0.3130,-0.5989,0.3324,0.3909,0.0517,1,0.0000
2543,-0.3108,-0.5987,0.2503,0.4434,0.0821,1,0.0000
2544,-0.3133,-0.5987,0.2011,0.4814,0.0493,1,0.0000
2545,-0.3103,-0.5987,0.1166,0.5466,0.0845,1,0.0000
2546,-0.3130,-0.5989,0.0587,0.5966,0.0579,1,0.0000
2547,-0.3098,-0.5987,-0.0171,0.6608,0.0759,1,0.0000
2548,-0.3122,-0.5988,-0.0759,0.7144,0.0589,1,0.0000
2549,-0.3094,-0.5987,-0.1508,0.7813,0.0749,1,0.0000
2550,-0.3117,-0.5986,-0.2070,0.8340,0.0562,1,0.0000
2551,-0.3092,-0.5987,-0.2845,0.9055,0.0776,1,0.0000
2552,-0.3116,-0.5984,-0.3381,0.9569,0.0537,1,0.0000
2553,-0.3090,-0.5988,-0.4182,1.0321,0.0801,1,0.0000
2554,-0.3118,-0.5982,-0.4693,1.0818,0.0512,1,0.0000
2555,-0.3090,-0.5988,-0.5518,1.1603,0.0826,1,0.0000
2556,-0.3123,-0.5981,-0.6006,1.2083,0.0489,1,0.0000
2557,-0.3089,-0.5988,-0.6855,1.2897,0.0850,1,0.0000
2558,-0.3127,-0.5989,-0.7430,1.3464,0.0576,1,0.0000
2559,-0.3089,-0.5988,-0.8192,1.4198,0.0763,1,0.0000
2560,-0.3123,-0.5988,-0.8776,1.4776,0.0585,1,0.0000
2561,-0.3090,-0.5988,-0.9529,1.5505,0.0753,1,0.0000
2562,-0.3123,-0.5983,-1.0086,1.6059,0.0559,1,0.0000
2563,-0.3092,-0.5988,-1.0865,1.6818,0.0779,1,0.0000
2564,-0.3126,-0.5979,-1.1398,1.7348,0.0534,1,0.0000
2565,-0.3093,-0.5988,-1.2202,1.8133,0.0805,1,0.0000
2566,-0.3134,-0.5977,-1.2710,1.8641,0.0510,1,0.0000
2567,-0.3095,-0.5988,-1.3538,1.9452,0.0829,1,0.0000
2568,-0.3142,-0.5977,-1.4023,1.9938,0.0487,1,0.0000
2569,-0.3096,-0.5988,-1.4875,2.0773,0.0853,1,0.0000
2570,-0.3150,-0.5993,-1.5446,2.1346,0.0574,1,0.0000
2571,-0.3098,-0.5988,-1.6212,2.2096,0.0767,1,0.0000
2572,-0.3146,-0.5991,-1.6792,2.2678,0.0583,1,0.0000
2573,-0.3099,-0.5988,-1.7548,2.3420,0.0757,1,0.0000
2574,-0.3145,-0.5984,-1.8102,2.3975,0.0556,1,0.0000
2575,-0.3101,-0.5987,-1.8884,2.4745,0.0783,1,0.0000
2576,-0.3149,-0.5980,-1.9414,2.5276,0.0531,1,0.0000
2577,-0.3102,-0.5987,-2.0221,2.6072,0.0809,1,0.0000
2578,-0.3156,-0.5977,-2.0726,2.6579,0.0508,1,0.0000
2579,-0.3104,-0.5987,-2.1557,2.7399,0.0833,1,0.0000
2580,-0.3166,-0.5977,-2.2038,2.7884,0.0485,1,0.0000
2581,-0.3106,-0.5987,-2.2894,2.8728,0.0858,1,0.0000
2582,-0.3178,-0.5978,-2.3351,2.9191,0.0463,1,0.0000
2583,-0.3107,-0.5987,-2.4230,3.0057,0.0882,1,0.0000
2584,-0.3191,-0.5981,-2.4665,3.0498,0.0443,1,0.0000
2585,-0.3109,-0.5987,-2.5567,3.1387,0.0906,1,0.0000
2586,-0.3202,-0.5983,-2.4646,3.0480,0.0926,1,0.0000
2587,-0.3111,-0.5988,-2.4238,3.0065,0.0418,1,0.0000
2588,-0.3211,-0.5985,-2.3294,2.9137,0.0949,1,0.0000
2589,-0.3113,-0.5988,-2.2908,2.8743,0.0398,1,0.0000
2590,-0.3219,-0.5986,-2.1942,2.7795,0.0972,1,0.0000
2591,-0.3115,-0.5988,-2.1579,2.7423,0.0378,1,0.0000
2592,-0.3227,-0.5987,-2.0591,2.6454,0.0995,1,0.0000
2593,-0.3117,-0.5988,-2.0250,2.6103,0.0358,1,0.0000
2594,-0.3234,-0.5986,-1.9239,2.5114,0.1018,1,0.0000
2595,-0.3119,-0.5988,-1.8921,2.4784,0.0339,1,0.0000
2596,-0.3242,-0.5985,-1.7887,2.3775,0.1040,1,0.0000
2597,-0.3122,-0.5988,-1.7591,2.3466,0.0320,1,0.0000
2598,-0.3248,-0.5984,-1.6536,2.2438,0.1063,1,0.0000
2599,-0.3124,-0.5988,-1.6261,2.2149,0.0301,1,0.0000
2600,-0.3254,-0.5984,-1.5186,2.1104,0.1083,1,0.0000
2601,-0.3127,-0.5988,-1.4932,2.0833,0.0285,1,0.0000
2602,-0.3260,-0.5985,-1.3836,1.9773,0.1103,1,0.0000
2603,-0.3130,-0.5988,-1.3602,1.9520,0.0268,1,0.0000
2604,-0.3265,-0.5986,-1.2486,1.8443,0.1124,1,0.0000
2605,-0.3117,-0.5988,-1.2274,1.8209,0.0259,1,0.0000
2606,-0.3176,-0.5987,-1.1147,1.7110,0.1129,1,0.0000
2607,-0.3042,-0.5988,-1.0952,1.6894,0.0237,1,0.0000
2608,-0.3180,-0.5988,-0.9797,1.5786,0.1163,1,0.0000
2609,-0.3045,-0.5989,-0.9622,1.5588,0.0222,1,0.0000
2610,-0.3184,-0.5989,-0.8447,1.4468,0.1183,1,0.0000
2611,-0.3048,-0.5989,-0.8292,1.4287,0.0207,1,0.0000
2612,-0.3188,-0.5990,-0.7097,1.3155,0.1203,1,0.0000
2613,-0.3051,-0.5989,-0.6962,1.2991,0.0192,1,0.0000
2614,-0.3191,-0.5990,-0.5747,1.1850,0.1223,1,0.0000
2615,-0.3055,-0.5989,-0.5631,1.1703,0.0179,1,0.0000
2616,-0.3193,-0.5989,-0.4397,1.0557,0.1242,1,0.0000
2617,-0.3058,-0.5989,-0.4301,1.0426,0.0166,1,0.0000
2618,-0.3195,-0.5989,-0.3047,0.9280,0.1261,1,0.0000
2619,-0.3057,-0.5997,-0.2970,0.9161,0.0159,1,0.0000
2620,-0.3191,-0.5996,-0.1695,0.8023,0.1281,1,0.0000
2621,-0.3052,-0.5997,-0.1638,0.7915,0.0150,1,0.0000
2622,-0.3183,-0.5994,-0.0344,0.6800,0.1301,1,0.0000
2623,-0.3047,-0.5997,-0.0305,0.6704,0.0141,1,0.0000
2624,-0.3175,-0.5992,0.1008,0.5637,0.1320,1,0.0000
2625,-0.3042,-0.5997,0.1027,0.5547,0.0134,1,0.0000
2626,-0.3167,-0.5990,0.2360,0.4578,0.1338,1,0.0000
2627,-0.3037,-0.5997,0.2359,0.4490,0.0129,1,0.0000
2628,-0.3158,-0.5988,0.3711,0.3714,0.1357,1,0.0000
2629,-0.3032,-0.5996,0.3691,0.3618,0.0127,1,0.0000
2630,-0.3148,-0.5986,0.5063,0.3205,0.1376,1,0.0000
2631,-0.3028,-0.5996,0.5024,0.3095,0.0127,1,0.0000
2632,-0.3138,-0.5983,0.6414,0.3226,0.1395,1,0.0000
2633,-0.3023,-0.5996,0.6356,0.3100,0.0130,1,0.0000
2634,-0.3127,-0.5981,0.7765,0.3767,0.1413,1,0.0000
2635,-0.3018,-0.5995,0.7688,0.3633,0.0135,1,0.0000
2636,-0.3116,-0.5979,0.9117,0.4649,0.1432,1,0.0000
2637,-0.3013,-0.5995,0.9021,0.4509,0.0142,1,0.0000
2638,-0.3105,-0.5977,1.0468,0.5718,0.1450,1,0.0000
2639,-0.3008,-0.5994,1.0353,0.5569,0.0151,1,0.0000
2640,-0.3092,-0.5975,1.1819,0.6886,0.1469,1,0.0000
2641,-0.3002,-0.5994,1.1685,0.6727,0.0162,1,0.0000
2642,-0.3080,-0.5970,1.3170,0.8111,0.1487,1,0.0000
2643,-0.3007,-0.5990,1.3017,0.7942,0.0170,1,0.0000
2644,-0.3078,-0.5968,1.4520,0.9374,0.1505,1,0.0000
2645,-0.3013,-0.5990,1.4348,0.9191,0.0185,1,0.0000
2646,-0.3075,-0.5967,1.5870,1.0658,0.1523,1,0.0000
2647,-0.3019,-0.5990,1.5680,1.0460,0.0200,1,0.0000
2648,-0.3073,-0.5965,1.7221,1.1957,0.1542,1,0.0000
2649,-0.3026,-0.5990,1.7012,1.1743,0.0215,1,0.0000
2650,-0.3070,-0.5963,1.8572,1.3266,0.1560,1,0.0000
2651,-0.3032,-0.5990,1.8344,1.3036,0.0232,1,0.0000
2652,-0.3068,-0.5962,1.9922,1.4582,0.1578,1,0.0000
2653,-0.3039,-0.5990,1.9677,1.4337,0.0248,1,0.0000
2654,-0.3067,-0.5971,2.1270,1.5903,0.1594,1,0.0000
2655,-0.3046,-0.5990,2.1009,1.5642,0.0262,1,0.0000
2656,-0.3066,-0.5981,2.2618,1.7227,0.1609,1,0.0000
2657,-0.3024,-0.5990,2.2332,1.6938,0.0289,1,0.0000
2658,-0.2866,-0.5988,2.3910,1.8468,0.1586,1,0.0000
2659,-0.2863,-0.5990,2.3619,1.8180,0.0291,1,0.0000
2660,-0.2863,-0.5996,2.5259,1.9801,0.1640,1,0.0000
2661,-0.2871,-0.5990,2.3618,1.8180,0.1641,1,0.0000
2662,-0.2883,-0.6000,2.3941,1.8501,0.0323,1,0.0000
2663,-0.2879,-0.5990,2.2283,1.6865,0.1657,1,0.0000
2664,-0.2903,-0.6001,2.2623,1.7204,0.0341,1,0.0001
2665,-0.2887,-0.5990,2.0949,1.5553,0.1674,1,0.0000
2666,-0.2923,-0.6002,2.1305,1.5910,0.0358,1,0.0002
2667,-0.2895,-0.5990,1.9614,1.4246,0.1691,1,0.0000
2668,-0.2944,-0.6001,1.9987,1.4620,0.0376,1,0.0001
2669,-0.2904,-0.5990,1.8280,1.2944,0.1708,1,0.0000
2670,-0.2965,-0.5999,1.8669,1.3337,0.0394,1,0.0000
2671,-0.2913,-0.5990,1.6945,1.1649,0.1725,1,0.0000
2672,-0.2987,-0.5998,1.7351,1.2061,0.0413,1,0.0000
2673,-0.2923,-0.5990,1.5610,1.0365,0.1742,1,0.0000
2674,-0.3010,-0.5996,1.6032,1.0795,0.0431,1,0.0000
2675,-0.2932,-0.5990,1.4275,0.9095,0.1759,1,0.0000
2676,-0.3033,-0.5995,1.4714,0.9543,0.0451,1,0.0000
2677,-0.2942,-0.5990,1.2940,0.7846,0.1777,1,0.0000
2678,-0.3057,-0.5994,1.3396,0.8312,0.0470,1,0.0000
2679,-0.2849,-0.5988,1.1620,0.6600,0.1788,1,0.0000
2680,-0.2977,-0.5993,1.2091,0.7082,0.0489,1,0.0000
2681,-0.2859,-0.5990,1.0284,0.5432,0.1811,1,0.0000
2682,-0.3002,-0.5993,1.0773,0.5924,0.0509,1,0.0000
2683,-0.2870,-0.5990,0.8949,0.4361,0.1829,1,0.0000
2684,-0.3028,-0.5992,0.9454,0.4850,0.0530,1,0.0000
2685,-0.2882,-0.5990,0.7613,0.3478,0.1847,1,0.0000
2686,-0.3055,-0.5992,0.8136,0.3928,0.0550,1,0.0000
2687,-0.2893,-0.5990,0.6277,0.2957,0.1865,1,0.0000
2688,-0.3082,-0.5993,0.6817,0.3290,0.0571,1,0.0000
2689,-0.2899,-0.5990,0.4942,0.2988,0.1884,1,0.0000
2690,-0.3103,-0.5993,0.5498,0.3108,0.0593,1,0.0000
2691,-0.2895,-0.5990,0.3606,0.3553,0.1904,1,0.0000
2692,-0.3115,-0.5993,0.4179,0.3452,0.0614,1,0.0000
2693,-0.2890,-0.5990,0.2270,0.4460,0.1922,1,0.0000
2694,-0.3127,-0.5994,0.2860,0.4201,0.0636,1,0.0000
2695,-0.2885,-0.5990,0.0933,0.5542,0.1941,1,0.0000
2696,-0.3138,-0.5994,0.1540,0.5183,0.0658,1,0.0000
2697,-0.2880,-0.5990,-0.0403,0.6717,0.1960,1,0.0000
2698,-0.3150,-0.5995,0.0221,0.6290,0.0680,1,0.0000
2699,-0.2874,-0.5990,-0.1739,0.7944,0.1980,1,0.0000
2700,-0.3162,-0.5995,-0.1098,0.7467,0.0703,1,0.0000
2701,-0.2869,-0.5990,-0.3076,0.9201,0.1999,1,0.0000
2702,-0.3175,-0.5995,-0.2418,0.8685,0.0725,1,0.0000
2703,-0.2865,-0.5990,-0.4413,1.0478,0.2019,1,0.0000
2704,-0.3188,-0.5996,-0.3738,0.9929,0.0749,1,0.0000
2705,-0.2861,-0.5990,-0.5750,1.1768,0.2038,1,0.0000
2706,-0.3203,-0.5996,-0.5058,1.1192,0.0772,1,0.0000
2707,-0.2857,-0.5990,-0.7087,1.3069,0.2058,1,0.0000
2708,-0.3218,-0.5996,-0.6378,1.2466,0.0796,1,0.0000
2709,-0.2854,-0.5990,-0.8424,1.4376,0.2079,1,0.0000
2710,-0.3233,-0.5997,-0.7698,1.3749,0.0820,1,0.0000
2711,-0.2851,-0.5990,-0.9761,1.5688,0.2099,1,0.0000
2712,-0.3248,-0.5997,-0.9017,1.5038,0.0843,1,0.0000
2713,-0.2849,-0.5990,-1.1099,1.7005,0.2120,1,0.0000
2714,-0.3264,-0.5997,-1.0337,1.6332,0.0867,1,0.0000
2715,-0.2850,-0.5990,-1.2437,1.8326,0.2140,1,0.0000
2716,-0.3281,-0.5997,-1.1657,1.7631,0.0892,1,0.0000
2717,-0.2866,-0.5990,-1.3775,1.9651,0.2158,1,0.0000
2718,-0.3315,-0.5997,-1.2976,1.8934,0.0916,1,0.0000
2719,-0.2883,-0.5990,-1.5113,2.0978,0.2180,1,0.0000
2720,-0.3348,-0.5997,-1.4295,2.0240,0.0940,1,0.0000
2721,-0.2900,-0.5990,-1.6451,2.2306,0.2201,1,0.0000
2722,-0.3381,-0.5997,-1.5615,2.1548,0.0964,1,0.0000
2723,-0.2918,-0.5990,-1.7789,2.3635,0.2223,1,0.0000
2724,-0.3415,-0.5997,-1.6934,2.2856,0.0989,1,0.0000
2725,-0.2935,-0.5990,-1.9127,2.4966,0.2245,1,0.0000
2726,-0.3448,-0.5997,-1.8253,2.4167,0.1013,1,0.0000
2727,-0.2953,-0.5990,-2.0465,2.6298,0.2267,1,0.0000
2728,-0.3482,-0.5997,-1.9573,2.5478,0.1038,1,0.0000
2729,-0.2971,-0.5990,-2.1804,2.7630,0.2289,1,0.0000
2730,-0.3516,-0.5998,-2.0892,2.6790,0.1062,1,0.0000
2731,-0.2990,-0.5990,-2.3142,2.8963,0.2311,1,0.0000
2732,-0.3550,-0.5998,-2.2212,2.8103,0.1087,1,0.0000
2733,-0.3008,-0.5990,-2.4481,3.0297,0.2333,1,0.0000
2734,-0.3585,-0.5998,-2.3531,2.9416,0.1111,1,0.0000
2735,-0.3027,-0.5990,-2.5820,3.1631,0.2356,1,0.0000
2736,-0.3603,-0.5998,-2.3517,2.9405,0.2374,1,0.0000
2737,-0.3046,-0.5990,-2.4492,3.0311,0.1123,1,0.0000
2738,-0.3606,-0.5998,-2.2170,2.8069,0.2388,1,0.0000
2739,-0.3066,-0.5990,-2.3164,2.8992,0.1131,1,0.0000
2740,-0.3609,-0.5998,-2.0823,2.6733,0.2403,1,0.0000
2741,-0.3085,-0.5990,-2.1836,2.7674,0.1140,1,0.0000
2742,-0.3612,-0.5998,-1.9476,2.5400,0.2418,1,0.0000
2743,-0.3105,-0.5990,-2.0508,2.6357,0.1150,1,0.0000
2744,-0.3615,-0.5999,-1.8128,2.4067,0.2434,1,0.0000
2745,-0.3125,-0.5990,-1.9179,2.5041,0.1160,1,0.0000
2746,-0.3619,-0.5999,-1.6780,2.2736,0.2449,1,0.0000
2747,-0.3146,-0.5990,-1.7851,2.3726,0.1170,1,0.0000
2748,-0.3622,-0.5999,-1.5433,2.1407,0.2465,1,0.0000
2749,-0.3166,-0.5990,-1.6522,2.2413,0.1181,1,0.0000
2750,-0.3626,-0.5999,-1.4085,2.0081,0.2481,1,0.0000
2751,-0.3187,-0.5990,-1.5194,2.1102,0.1193,1,0.0000
2752,-0.3630,-0.5999,-1.2737,1.8757,0.2497,1,0.0000
2753,-0.3208,-0.5990,-1.3865,1.9793,0.1205,1,0.0000
2754,-0.3591,-0.5998,-1.1411,1.7451,0.2483,1,0.0000
2755,-0.2907,-0.5990,-1.2694,1.8588,0.1453,1,0.0000
2756,-0.3222,-0.5998,-1.0221,1.6210,0.2493,1,0.0000
2757,-0.2832,-0.5990,-1.1383,1.7282,0.1226,1,0.0000
2758,-0.3227,-0.5998,-0.8872,1.4892,0.2542,1,0.0000
2759,-0.2834,-0.5990,-1.0054,1.5973,0.1245,1,0.0000
2760,-0.3212,-0.5998,-0.7524,1.3575,0.2558,1,0.0000
2761,-0.2832,-0.5990,-0.8725,1.4667,0.1260,1,0.0000
2762,-0.3193,-0.5998,-0.6176,1.2264,0.2575,1,0.0000
2763,-0.2830,-0.5990,-0.7396,1.3365,0.1273,1,0.0000
2764,-0.3174,-0.5998,-0.4827,1.0962,0.2592,1,0.0000
2765,-0.2828,-0.5990,-0.6066,1.2068,0.1287,1,0.0000
2766,-0.3156,-0.5998,-0.3478,0.9673,0.2609,1,0.0000
2767,-0.2826,-0.5990,-0.4737,1.0780,0.1301,1,0.0000
2768,-0.3137,-0.5998,-0.2129,0.8403,0.2626,1,0.0000
2769,-0.2825,-0.5990,-0.3407,0.9503,0.1316,1,0.0000
2770,-0.3119,-0.5998,-0.0781,0.7161,0.2643,1,0.0000
2771,-0.2823,-0.5990,-0.2078,0.8242,0.1331,1,0.0000
2772,-0.3100,-0.5998,0.0568,0.5966,0.2661,1,0.0000
2773,-0.2821,-0.5990,-0.0748,0.7007,0.1346,1,0.0000
2774,-0.3082,-0.5997,0.1918,0.4853,0.2678,1,0.0000
2775,-0.2820,-0.5990,0.0582,0.5814,0.1361,1,0.0000
2776,-0.3063,-0.5997,0.3267,0.3891,0.2696,1,0.0000
2777,-0.2818,-0.5990,0.1912,0.4694,0.1377,1,0.0000
2778,-0.3045,-0.5997,0.4616,0.3221,0.2714,1,0.0000
2779,-0.2817,-0.5990,0.3242,0.3716,0.1393,1,0.0000
2780,-0.3027,-0.5997,0.5966,0.3041,0.2732,1,0.0000
2781,-0.2815,-0.5990,0.4572,0.3020,0.1410,1,0.0000
2782,-0.3008,-0.5997,0.7315,0.3431,0.2750,1,0.0000
2783,-0.2813,-0.5990,0.5902,0.2823,0.1426,1,0.0000
2784,-0.2989,-0.5997,0.8665,0.4234,0.2768,1,0.0000
2785,-0.2811,-0.5990,0.7233,0.3218,0.1443,1,0.0000
2786,-0.2971,-0.5997,1.0014,0.5266,0.2787,1,0.0000
2787,-0.2809,-0.5990,0.8563,0.4035,0.1461,1,0.0000
2788,-0.2952,-0.5997,1.1364,0.6417,0.2805,1,0.0000
2789,-0.2807,-0.5990,0.9894,0.5074,0.1478,1,0.0000
2790,-0.2933,-0.5996,1.2714,0.7634,0.2823,1,0.0000
2791,-0.2804,-0.5990,1.1224,0.6226,0.1495,1,0.0000
2792,-0.2914,-0.5996,1.4064,0.8889,0.2842,1,0.0000
2793,-0.2811,-0.5990,1.2556,0.7442,0.1511,1,0.0000
2794,-0.2904,-0.5996,1.5415,1.0173,0.2861,1,0.0000
2795,-0.2837,-0.5990,1.3887,0.8697,0.1530,1,0.0000
2796,-0.2913,-0.5996,1.6765,1.1476,0.2879,1,0.0000
2797,-0.2864,-0.5990,1.5218,0.9972,0.1548,1,0.0000
2798,-0.2923,-0.5996,1.8116,1.2788,0.2899,1,0.0000
2799,-0.2891,-0.5990,1.6549,1.1261,0.1567,1,0.0000
2800,-0.2932,-0.5996,1.9466,1.4109,0.2918,1,0.0000
2801,-0.2918,-0.5990,1.7880,1.2558,0.1586,1,0.0000
2802,-0.2942,-0.5995,2.0817,1.5434,0.2937,1,0.0000
2803,-0.2945,-0.5990,1.9211,1.3862,0.1605,1,0.0000
2804,-0.2952,-0.5995,2.2167,1.6763,0.2956,1,0.0000
2805,-0.2973,-0.5990,2.0543,1.5171,0.1625,1,0.0000
2806,-0.2963,-0.5995,2.3518,1.8096,0.2975,1,0.0000
2807,-0.3001,-0.5990,2.1874,1.6484,0.1644,1,0.0000
2808,-0.2896,-0.5994,2.4844,1.9396,0.2972,1,0.0000
2809,-0.2802,-0.5989,2.3152,1.7709,0.1695,1,0.0000
2810,-0.2756,-0.5994,2.6162,2.0680,0.3010,1,0.0000
2811,-0.2830,-0.5990,2.3150,1.7712,0.3013,1,0.0000
2812,-0.2801,-0.5995,2.4846,1.9383,0.1696,1,0.0000
2813,-0.2860,-0.5990,2.1815,1.6400,0.3031,1,0.0000
2814,-0.2847,-0.5995,2.3529,1.8089,0.1715,1,0.0000
2815,-0.2889,-0.5990,2.0480,1.5093,0.3050,1,0.0000
2816,-0.2894,-0.5995,2.2214,1.6799,0.1735,1,0.0000
2817,-0.2919,-0.5990,1.9144,1.3791,0.3070,1,0.0000
2818,-0.2939,-0.5995,2.0902,1.5517,0.1758,1,0.0000
2819,-0.2946,-0.5990,1.7809,1.2496,0.3093,1,0.0000
2820,-0.2981,-0.5995,1.9590,1.4239,0.1781,1,0.0000
2821,-0.2973,-0.5990,1.6474,1.1210,0.3116,1,0.0000
2822,-0.3019,-0.5994,1.8277,1.2968,0.1804,1,0.0000
2823,-0.2999,-0.5990,1.5139,0.9936,0.3138,1,0.0000
2824,-0.3057,-0.5995,1.6964,1.1704,0.1826,1,0.0000
2825,-0.3024,-0.5990,1.3804,0.8682,0.3161,1,0.0000
2826,-0.3094,-0.5995,1.5651,1.0453,0.1848,1,0.0000
2827,-0.2877,-0.5987,1.2533,0.7445,0.3126,1,0.0000
2828,-0.2887,-0.5993,1.4409,0.9208,0.1877,1,0.0000
2829,-0.2831,-0.5990,1.1208,0.6223,0.3202,1,0.0000
2830,-0.2923,-0.5996,1.3096,0.7985,0.1890,1,0.0000
2831,-0.2850,-0.5990,0.9873,0.5081,0.3224,1,0.0000
2832,-0.2954,-0.5997,1.1783,0.6792,0.1913,1,0.0000
2833,-0.2853,-0.5990,0.8537,0.4048,0.3247,1,0.0000
2834,-0.2969,-0.5998,1.0469,0.5646,0.1935,1,0.0000
2835,-0.2854,-0.5990,0.7202,0.3241,0.3269,1,0.0000
2836,-0.2981,-0.5998,0.9155,0.4589,0.1957,1,0.0000
2837,-0.2852,-0.5990,0.5867,0.2859,0.3291,1,0.0000
2838,-0.2990,-0.5999,0.7841,0.3698,0.1979,1,0.0000
2839,-0.2847,-0.5990,0.4531,0.3065,0.3313,1,0.0000
2840,-0.2998,-0.5999,0.6527,0.3119,0.2001,1,0.0000
2841,-0.2841,-0.5990,0.3196,0.3765,0.3334,1,0.0000
2842,-0.3003,-0.6000,0.5213,0.3037,0.2023,1,0.0000
2843,-0.2834,-0.5990,0.1861,0.4745,0.3356,1,0.0000
2844,-0.3008,-0.6000,0.3899,0.3489,0.2045,1,0.0000
2845,-0.2827,-0.5990,0.0525,0.5867,0.3378,1,0.0000
2846,-0.3012,-0.6000,0.2584,0.4309,0.2068,1,0.0000
2847,-0.2820,-0.5990,-0.0810,0.7064,0.3400,1,0.0000
2848,-0.3016,-0.6001,0.1270,0.5331,0.2090,1,0.0001
2849,-0.2813,-0.5990,-0.2146,0.8303,0.3422,1,0.0000
2850,-0.3021,-0.6001,-0.0044,0.6460,0.2112,1,0.0001
2851,-0.2807,-0.5990,-0.3482,0.9568,0.3444,1,0.0000
2852,-0.3026,-0.6001,-0.1359,0.7649,0.2134,1,0.0001
2853,-0.2802,-0.5990,-0.4817,1.0851,0.3466,1,0.0000
2854,-0.3033,-0.6001,-0.2673,0.8874,0.2156,1,0.0001
2855,-0.2797,-0.5990,-0.6153,1.2145,0.3488,1,0.0000
2856,-0.3040,-0.6001,-0.3988,1.0121,0.2179,1,0.0001
2857,-0.2794,-0.5990,-0.7489,1.3448,0.3509,1,0.0000
2858,-0.3048,-0.6001,-0.5303,1.1384,0.2201,1,0.0001
2859,-0.2791,-0.5990,-0.8825,1.4757,0.3531,1,0.0000
2860,-0.3057,-0.6001,-0.6617,1.2658,0.2223,1,0.0001
2861,-0.2789,-0.5990,-1.0161,1.6070,0.3553,1,0.0000
2862,-0.3068,-0.6001,-0.7932,1.3940,0.2246,1,0.0001
2863,-0.2788,-0.5990,-1.1496,1.7387,0.3575,1,0.0000
2864,-0.3079,-0.6002,-0.9247,1.5228,0.2268,1,0.0002
2865,-0.2815,-0.5990,-1.2832,1.8711,0.3595,1,0.0000
2866,-0.3118,-0.6002,-1.0562,1.6525,0.2290,1,0.0002
2867,-0.2842,-0.5990,-1.4168,2.0037,0.3617,1,0.0000
2868,-0.3158,-0.6002,-1.1877,1.7825,0.2313,1,0.0002
2869,-0.2870,-0.5990,-1.5505,2.1364,0.3639,1,0.0000
2870,-0.3198,-0.6002,-1.3192,1.9127,0.2336,1,0.0002
2871,-0.2898,-0.5990,-1.6841,2.2692,0.3661,1,0.0000
2872,-0.3239,-0.6003,-1.4507,2.0432,0.2358,1,0.0003
2873,-0.2926,-0.5990,-1.8177,2.4022,0.3683,1,0.0000
2874,-0.3281,-0.6003,-1.5823,2.1737,0.2381,1,0.0003
2875,-0.2954,-0.5990,-1.9513,2.5352,0.3705,1,0.0000
2876,-0.3323,-0.6003,-1.7138,2.3045,0.2404,1,0.0003
2877,-0.2983,-0.5990,-2.0850,2.6683,0.3727,1,0.0000
2878,-0.3367,-0.6004,-1.8454,2.4354,0.2426,1,0.0004
2879,-0.3012,-0.5990,-2.2186,2.8014,0.3749,1,0.0000
2880,-0.3411,-0.6004,-1.9770,2.5663,0.2449,1,0.0004
2881,-0.3042,-0.5990,-2.3523,2.9347,0.3771,1,0.0000
2882,-0.3456,-0.6005,-2.1086,2.6974,0.2472,1,0.0005
2883,-0.3072,-0.5990,-2.4859,3.0679,0.3793,1,0.0000
2884,-0.3457,-0.6002,-2.2404,2.8282,0.2486,1,0.0002
2885,-0.3099,-0.5990,-2.6195,3.2012,0.3809,1,0.0000
2886,-0.3341,-0.5992,-2.2389,2.8254,0.3814,1,0.0000
2887,-0.3116,-0.5990,-2.4864,3.0688,0.2484,1,0.0000
2888,-0.3266,-0.5987,-2.1037,2.6902,0.3829,1,0.0000
2889,-0.3127,-0.5990,-2.3531,2.9364,0.2498,1,0.0000
2890,-0.3223,-0.5985,-1.9682,2.5552,0.3850,1,0.0000
2891,-0.3134,-0.5990,-2.2198,2.8040,0.2518,1,0.0000
2892,-0.3197,-0.5986,-1.8325,2.4203,0.3873,1,0.0000
2893,-0.3139,-0.5990,-2.0866,2.6716,0.2541,1,0.0000
2894,-0.3183,-0.5988,-1.6968,2.2856,0.3898,1,0.0000
2895,-0.3142,-0.5990,-1.9533,2.5394,0.2565,1,0.0000
2896,-0.3175,-0.5991,-1.5610,2.1511,0.3923,1,0.0000
2897,-0.3145,-0.5990,-1.8200,2.4072,0.2590,1,0.0000
2898,-0.3171,-0.5994,-1.4252,2.0168,0.3948,1,0.0000
2899,-0.3148,-0.5990,-1.6867,2.2752,0.2616,1,0.0000
2900,-0.3169,-0.5997,-1.2893,1.8828,0.3974,1,0.0000
2901,-0.3150,-0.5990,-1.5534,2.1433,0.2641,1,0.0000
2902,-0.3168,-0.6000,-1.1535,1.7490,0.3999,1,0.0000
2903,-0.3152,-0.5990,-1.4202,2.0116,0.2667,1,0.0000
2904,-0.3168,-0.6002,-1.0177,1.6156,0.4025,1,0.0002
2905,-0.3154,-0.5990,-1.2869,1.8801,0.2692,1,0.0000
2906,-0.3007,-0.6007,-0.8866,1.4840,0.4006,1,0.0007
2907,-0.2995,-0.5990,-1.1584,1.7508,0.2718,1,0.0000
2908,-0.3008,-0.6005,-0.7508,1.3513,0.4076,1,0.0005
2909,-0.2997,-0.5990,-1.0251,1.6196,0.2743,1,0.0000
2910,-0.3009,-0.6006,-0.6150,1.2193,0.4101,1,0.0006
2911,-0.2998,-0.5990,-0.8918,1.4889,0.2769,1,0.0000
2912,-0.3009,-0.6006,-0.4792,1.0882,0.4127,1,0.0006
2913,-0.2999,-0.5992,-0.7585,1.3586,0.2794,1,0.0000
2914,-0.3009,-0.6008,-0.3433,0.9584,0.4152,1,0.0008
2915,-0.2996,-0.5992,-0.6252,1.2288,0.2819,1,0.0000
2916,-0.3004,-0.6008,-0.2075,0.8303,0.4177,1,0.0008
2917,-0.2991,-0.5992,-0.4919,1.0999,0.2844,1,0.0000
2918,-0.2999,-0.6007,-0.0716,0.7052,0.4202,1,0.0007
2919,-0.2976,-0.5990,-0.3586,0.9718,0.2869,1,0.0000
2920,-0.2984,-0.6004,0.0641,0.5844,0.4227,1,0.0004
2921,-0.2963,-0.5990,-0.2253,0.8455,0.2894,1,0.0000
2922,-0.2970,-0.6004,0.1999,0.4719,0.4252,1,0.0004
2923,-0.2954,-0.5990,-0.0920,0.7218,0.2919,1,0.0000
2924,-0.2960,-0.6003,0.3357,0.3754,0.4277,1,0.0003
2925,-0.2948,-0.5990,0.0413,0.6024,0.2944,1,0.0000
2926,-0.2954,-0.6003,0.4714,0.3103,0.4302,1,0.0003
2927,-0.2945,-0.5990,0.1746,0.4903,0.2969,1,0.0000
2928,-0.2951,-0.6002,0.6072,0.2978,0.4326,1,0.0002
2929,-0.2945,-0.5990,0.3078,0.3920,0.2993,1,0.0000
2930,-0.2950,-0.6002,0.7429,0.3437,0.4351,1,0.0002
2931,-0.2947,-0.5990,0.4411,0.3203,0.3018,1,0.0000
2932,-0.2951,-0.6001,0.8786,0.4295,0.4375,1,0.0001
2933,-0.2948,-0.5990,0.5744,0.2949,0.3043,1,0.0000
2934,-0.2951,-0.6001,1.0144,0.5363,0.4400,1,0.0001
2935,-0.2949,-0.5990,0.7077,0.3269,0.3067,1,0.0000
2936,-0.2952,-0.6001,1.1501,0.6539,0.4424,1,0.0001
2937,-0.2951,-0.5990,0.8409,0.4029,0.3091,1,0.0000
2938,-0.2953,-0.6001,1.2858,0.7775,0.4448,1,0.0001
2939,-0.2952,-0.5990,0.9742,0.5033,0.3116,1,0.0000
2940,-0.2954,-0.6001,1.4215,0.9045,0.4473,1,0.0001
2941,-0.2953,-0.5990,1.1075,0.6163,0.3140,1,0.0000
2942,-0.2955,-0.6002,1.5572,1.0337,0.4497,1,0.0002
2943,-0.2955,-0.5990,1.2408,0.7361,0.3164,1,0.0000
2944,-0.2956,-0.6002,1.6929,1.1644,0.4521,1,0.0002
2945,-0.2956,-0.5990,1.3740,0.8599,0.3188,1,0.0000
2946,-0.2957,-0.6002,1.8285,1.2961,0.4545,1,0.0002
2947,-0.2958,-0.5990,1.5073,0.9862,0.3212,1,0.0000
2948,-0.2958,-0.6002,1.9642,1.4286,0.4569,1,0.0002
2949,-0.2960,-0.5990,1.6406,1.1140,0.3236,1,0.0000
2950,-0.2959,-0.6003,2.0999,1.5616,0.4593,1,0.0003
2951,-0.2961,-0.5990,1.7739,1.2431,0.3260,1,0.0000
2952,-0.2960,-0.6003,2.2355,1.6950,0.4616,1,0.0003
2953,-0.2963,-0.5990,1.9072,1.3729,0.3284,1,0.0000
2954,-0.2966,-0.6000,2.3705,1.8282,0.4634,1,0.0000
2955,-0.2959,-0.5990,2.0404,1.5033,0.3301,1,0.0000
2956,-0.2970,-0.5998,2.5056,1.9616,0.4651,1,0.0000
2957,-0.2951,-0.5990,2.0404,1.5031,0.4652,1,0.0000
2958,-0.2962,-0.5997,2.3741,1.8316,0.3337,1,0.0000
2959,-0.2941,-0.5990,1.9070,1.3723,0.4671,1,0.0000
2960,-0.2950,-0.5997,2.2428,1.7019,0.3358,1,0.0000
2961,-0.2929,-0.5990,1.7736,1.2420,0.4692,1,0.0000
2962,-0.2935,-0.5997,2.1115,1.5725,0.3379,1,0.0000
2963,-0.2916,-0.5990,1.6402,1.1125,0.4713,1,0.0000
2964,-0.2919,-0.5998,1.9802,1.4434,0.3400,1,0.0000
2965,-0.2902,-0.5990,1.5068,0.9840,0.4734,1,0.0000
2966,-0.2901,-0.5999,1.8490,1.3148,0.3422,1,0.0000
2967,-0.2889,-0.5990,1.3734,0.8570,0.4756,1,0.0000
2968,-0.2884,-0.6001,1.7177,1.1867,0.3443,1,0.0001
2969,-0.2875,-0.5990,1.2400,0.7322,0.4777,1,0.0000
2970,-0.2866,-0.6002,1.5865,1.0594,0.3465,1,0.0002
2971,-0.2861,-0.5990,1.1066,0.6112,0.4799,1,0.0000
2972,-0.2848,-0.6003,1.4553,0.9332,0.3486,1,0.0003
2973,-0.2848,-0.5990,0.9732,0.4964,0.4820,1,0.0000
2974,-0.2830,-0.6003,1.3240,0.8086,0.3508,1,0.0003
2975,-0.2834,-0.5990,0.8398,0.3937,0.4842,1,0.0000
2976,-0.2813,-0.6004,1.1928,0.6865,0.3530,1,0.0004
2977,-0.2820,-0.5990,0.7065,0.3148,0.4864,1,0.0000
2978,-0.2795,-0.6005,1.0616,0.5684,0.3551,1,0.0005
2979,-0.2806,-0.5990,0.5731,0.2807,0.4885,1,0.0000
2980,-0.2777,-0.6005,0.9303,0.4576,0.3573,1,0.0005
2981,-0.2793,-0.5990,0.4397,0.3068,0.4906,1,0.0000
2982,-0.2760,-0.6005,0.7990,0.3608,0.3594,1,0.0005
2983,-0.2779,-0.5990,0.3063,0.3808,0.4928,1,0.0000
2984,-0.2742,-0.6005,0.6678,0.2923,0.3615,1,0.0005
2985,-0.2765,-0.5990,0.1729,0.4811,0.4949,1,0.0000
2986,-0.2725,-0.6005,0.5365,0.2741,0.3637,1,0.0005
2987,-0.2752,-0.5990,0.0395,0.5946,0.4970,1,0.0000
2988,-0.2707,-0.6005,0.4052,0.3152,0.3658,1,0.0005
2989,-0.2738,-0.5990,-0.0939,0.7150,0.4992,1,0.0000
2990,-0.2689,-0.6005,0.2739,0.3975,0.3679,1,0.0005
2991,-0.2724,-0.5990,-0.2273,0.8394,0.5013,1,0.0000
2992,-0.2672,-0.6005,0.1426,0.5011,0.3700,1,0.0005
2993,-0.2711,-0.5990,-0.3607,0.9661,0.5034,1,0.0000
2994,-0.2654,-0.6005,0.0113,0.6154,0.3721,1,0.0005
2995,-0.2697,-0.5990,-0.4941,1.0945,0.5055,1,0.0000
2996,-0.2636,-0.6004,-0.1200,0.7355,0.3742,1,0.0004
2997,-0.2683,-0.5990,-0.6275,1.2239,0.5075,1,0.0000
2998,-0.2618,-0.6004,-0.2513,0.8588,0.3763,1,0.0004
2999,-0.2669,-0.5990,-0.7609,1.3541,0.5096,1,0.0000
3000,-0.2600,-0.6004,-0.3827,0.9842,0.3783,1,0.0004
3001,-0.2655,-0.5990,-0.8943,1.4848,0.5117,1,0.0000
3002,-0.2581,-0.6004,-0.5140,1.1110,0.3804,1,0.0004
3003,-0.2641,-0.5990,-1.0277,1.6160,0.5138,1,0.0000
3004,-0.2563,-0.6004,-0.6454,1.2387,0.3824,1,0.0004
3005,-0.2626,-0.5990,-1.1611,1.7476,0.5158,1,0.0000
3006,-0.2543,-0.6004,-0.7767,1.3672,0.3845,1,0.0004
3007,-0.2612,-0.5990,-1.2945,1.8794,0.5179,1,0.0000
3008,-0.2523,-0.6004,-0.9081,1.4961,0.3865,1,0.0004
3009,-0.2597,-0.5990,-1.4279,2.0114,0.5199,1,0.0000
3010,-0.2503,-0.6004,-1.0395,1.6255,0.3886,1,0.0004
3011,-0.2582,-0.5990,-1.5614,2.1435,0.5219,1,0.0000
3012,-0.2482,-0.6004,-1.1709,1.7552,0.3906,1,0.0004
3013,-0.2567,-0.5990,-1.6948,2.2759,0.5239,1,0.0000
3014,-0.2594,-0.6013,-1.3022,1.8867,0.3925,1,0.0013
3015,-0.2569,-0.5990,-1.8281,2.4085,0.5259,1,0.0000
3016,-0.2717,-0.6020,-1.4337,2.0186,0.3948,1,0.0020
3017,-0.2589,-0.5990,-1.9616,2.5414,0.5281,1,0.0000
3018,-0.2813,-0.6023,-1.5652,2.1503,0.3970,1,0.0023
3019,-0.2618,-0.5990,-2.0951,2.6745,0.5302,1,0.0000
3020,-0.2891,-0.6023,-1.6969,2.2819,0.3991,1,0.0023
3021,-0.2652,-0.5990,-2.2286,2.8077,0.5322,1,0.0000
3022,-0.2960,-0.6022,-1.8287,2.4135,0.4011,1,0.0022
3023,-0.2691,-0.5990,-2.3621,2.9410,0.5342,1,0.0000
3024,-0.3022,-0.6020,-1.9605,2.5451,0.4030,1,0.0020
3025,-0.2731,-0.5989,-2.4957,3.0744,0.5360,1,0.0000
3026,-0.3080,-0.6018,-2.0923,2.6767,0.4049,1,0.0018
3027,-0.2772,-0.5989,-2.6293,3.2079,0.5378,1,0.0000
3028,-0.3124,-0.6016,-2.0909,2.6758,0.5395,1,0.0016
3029,-0.2814,-0.5989,-2.4962,3.0757,0.4065,1,0.0000
3030,-0.3154,-0.6014,-1.9562,2.5424,0.5411,1,0.0014
3031,-0.2856,-0.5989,-2.3631,2.9436,0.4081,1,0.0000
3032,-0.3184,-0.6012,-1.8214,2.4092,0.5427,1,0.0012
3033,-0.2899,-0.5989,-2.2300,2.8116,0.4096,1,0.0000
3034,-0.3214,-0.6010,-1.6867,2.2761,0.5443,1,0.0010
3035,-0.2941,-0.5989,-2.0970,2.6797,0.4112,1,0.0000
3036,-0.3245,-0.6009,-1.5520,2.1433,0.5458,1,0.0009
3037,-0.2985,-0.5989,-1.9639,2.5480,0.4127,1,0.0000
3038,-0.3276,-0.6008,-1.4173,2.0107,0.5474,1,0.0008
3039,-0.3028,-0.5989,-1.8308,2.4164,0.4142,1,0.0000
3040,-0.3309,-0.6007,-1.2826,1.8785,0.5489,1,0.0007
3041,-0.3072,-0.5989,-1.6977,2.2850,0.4158,1,0.0000
3042,-0.3342,-0.6006,-1.1479,1.7467,0.5505,1,0.0006
3043,-0.3117,-0.5989,-1.5646,2.1538,0.4173,1,0.0000
3044,-0.3376,-0.6005,-1.0132,1.6154,0.5520,1,0.0005
3045,-0.3162,-0.5989,-1.4315,2.0229,0.4189,1,0.0000
3046,-0.3412,-0.6005,-0.8785,1.4848,0.5536,1,0.0005
3047,-0.2890,-0.5989,-1.3200,1.9086,0.4446,1,0.0000
3048,-0.2923,-0.6002,-0.7748,1.3729,0.5452,1,0.0002
3049,-0.2584,-0.5987,-1.1989,1.7843,0.4255,1,0.0000
3050,-0.2871,-0.6012,-0.6445,1.2447,0.5551,1,0.0012
3051,-0.2633,-0.5989,-1.0659,1.6536,0.4220,1,0.0000
3052,-0.3069,-0.6029,-0.5136,1.1230,0.5540,1,0.0029
3053,-0.2578,-0.5994,-0.9332,1.5218,0.4225,1,0.0000
3054,-0.3057,-0.6035,-0.3826,0.9972,0.5528,1,0.0035
3055,-0.2473,-0.5994,-0.8008,1.3896,0.4223,1,0.0000
3056,-0.2960,-0.6035,-0.2514,0.8698,0.5516,1,0.0035
3057,-0.2350,-0.5993,-0.6686,1.2573,0.4217,1,0.0000
3058,-0.2821,-0.6032,-0.1200,0.7423,0.5506,1,0.0032
3059,-0.2225,-0.5992,-0.5364,1.1252,0.4206,1,0.0000
3060,-0.2668,-0.6027,0.0114,0.6160,0.5496,1,0.0027
3061,-0.2110,-0.5990,-0.4042,0.9934,0.4193,1,0.0000
3062,-0.2519,-0.6022,0.1430,0.4928,0.5487,1,0.0022
3063,-0.2012,-0.5989,-0.2719,0.8623,0.4180,1,0.0000
3064,-0.2385,-0.6016,0.2748,0.3769,0.5479,1,0.0016
3065,-0.1937,-0.5988,-0.1396,0.7323,0.4168,1,0.0000
3066,-0.2272,-0.6010,0.4067,0.2778,0.5473,1,0.0010
3067,-0.1885,-0.5987,-0.0073,0.6040,0.4158,1,0.0000
3068,-0.2183,-0.6004,0.5388,0.2200,0.5469,1,0.0004
3069,-0.1856,-0.5986,0.1252,0.4788,0.4149,1,0.0000
3070,-0.2117,-0.5999,0.6711,0.2361,0.5465,1,0.0000
3071,-0.1848,-0.5986,0.2577,0.3600,0.4143,1,0.0000
3072,-0.2073,-0.5994,0.8035,0.3148,0.5463,1,0.0000
3073,-0.1858,-0.5986,0.3902,0.2562,0.4138,1,0.0000
3074,-0.2048,-0.5991,0.9360,0.4223,0.5461,1,0.0000
3075,-0.1881,-0.5986,0.5228,0.1932,0.4135,1,0.0000
3076,-0.2036,-0.5987,1.0686,0.5417,0.5460,1,0.0000
3077,-0.1915,-0.5987,0.6555,0.2111,0.4133,1,0.0000
3078,-0.2035,-0.5985,1.2013,0.6666,0.5460,1,0.0000
3079,-0.1954,-0.5988,0.7882,0.2955,0.4132,1,0.0000
3080,-0.2040,-0.5984,1.3341,0.7942,0.5459,1,0.0000
3081,-0.1996,-0.5988,0.9210,0.4068,0.4131,1,0.0000
3082,-0.2047,-0.5983,1.4670,0.9233,0.5460,1,0.0000
3083,-0.2037,-0.5989,1.0539,0.5281,0.4131,1,0.0000
3084,-0.2052,-0.5983,1.5998,1.0534,0.5460,1,0.0000
3085,-0.2074,-0.5989,1.1867,0.6539,0.4131,1,0.0000
3086,-0.2059,-0.5983,1.7328,1.1842,0.5460,1,0.0000
3087,-0.2190,-0.5984,1.3197,0.7843,0.4133,1,0.0000
3088,-0.2146,-0.5983,1.8659,1.3169,0.5462,1,0.0000
3089,-0.2312,-0.5984,1.4527,0.9157,0.4135,1,0.0000
3090,-0.2234,-0.5983,1.9990,1.4498,0.5464,1,0.0000
3091,-0.2434,-0.5984,1.5857,1.0478,0.4138,1,0.0000
3092,-0.2322,-0.5983,2.1322,1.5827,0.5466,1,0.0000
3093,-0.2557,-0.5985,1.7188,1.1802,0.4141,1,0.0000
3094,-0.2410,-0.5982,2.2653,1.7158,0.5468,1,0.0000
3095,-0.2681,-0.5985,1.8518,1.3129,0.4144,1,0.0000
3096,-0.2497,-0.5981,2.3985,1.8488,0.5469,1,0.0000
3097,-0.2806,-0.5984,1.9850,1.4459,0.4146,1,0.0000
3098,-0.2585,-0.5979,2.5316,1.9819,0.5471,1,0.0000
3099,-0.2932,-0.5984,1.9848,1.4482,0.5479,1,0.0000
3100,-0.2746,-0.5980,2.3981,1.8520,0.4137,1,0.0000
3101,-0.3060,-0.5984,1.8513,1.3206,0.5478,1,0.0000
3102,-0.2917,-0.5981,2.2659,1.7242,0.4149,1,0.0000
3103,-0.3173,-0.5984,1.7178,1.1941,0.5488,1,0.0000
3104,-0.3067,-0.5980,2.1339,1.5970,0.4162,1,0.0000
3105,-0.3273,-0.5985,1.5843,1.0690,0.5500,1,0.0000
3106,-0.3199,-0.5980,2.0016,1.4702,0.4174,1,0.0000
3107,-0.3364,-0.5985,1.4508,0.9460,0.5511,1,0.0000
3108,-0.3052,-0.5967,1.8996,1.3675,0.4500,1,0.0000
3109,-0.2857,-0.5968,1.3802,0.8623,0.5198,1,0.0000
3110,-0.2510,-0.5970,1.8198,1.2781,0.4410,1,0.0000
3111,-0.2449,-0.5978,1.2760,0.7505,0.5439,1,0.0000
3112,-0.2267,-0.5982,1.6994,1.1553,0.4238,1,0.0000
3113,-0.2358,-0.5987,1.1471,0.6266,0.5524,1,0.0000
3114,-0.2367,-0.5993,1.5672,1.0282,0.4201,1,0.0000
3115,-0.2434,-0.5988,1.0136,0.5089,0.5537,1,0.0000
3116,-0.2463,-0.5995,1.4349,0.9026,0.4214,1,0.0000
3117,-0.2495,-0.5988,0.8800,0.4006,0.5549,1,0.0000
3118,-0.2544,-0.5997,1.3027,0.7788,0.4227,1,0.0000
3119,-0.2532,-0.5988,0.7465,0.3106,0.5562,1,0.0000
3120,-0.2599,-0.5999,1.1704,0.6574,0.4239,1,0.0000
3121,-0.2558,-0.5989,0.6130,0.2600,0.5574,1,0.0000
3122,-0.2644,-0.6001,1.0381,0.5406,0.4252,1,0.0001
3123,-0.2577,-0.5989,0.4794,0.2720,0.5587,1,0.0000
3124,-0.2680,-0.6003,0.9058,0.4323,0.4265,1,0.0003
3125,-0.2588,-0.5989,0.3459,0.3401,0.5600,1,0.0000
3126,-0.2707,-0.6004,0.7735,0.3407,0.4278,1,0.0004
3127,-0.2592,-0.5989,0.2123,0.4390,0.5613,1,0.0000
3128,-0.2727,-0.6005,0.6412,0.2827,0.4291,1,0.0005
3129,-0.2592,-0.5989,0.0788,0.5524,0.5626,1,0.0000
3130,-0.2741,-0.6006,0.5089,0.2801,0.4304,1,0.0006
3131,-0.2587,-0.5989,-0.0548,0.6731,0.5639,1,0.0000
3132,-0.2751,-0.6007,0.3766,0.3343,0.4317,1,0.0007
3133,-0.2581,-0.5989,-0.1884,0.7979,0.5653,1,0.0000
3134,-0.2759,-0.6007,0.2443,0.4242,0.4331,1,0.0007
3135,-0.2573,-0.5989,-0.3220,0.9251,0.5666,1,0.0000
3136,-0.2764,-0.6008,0.1120,0.5320,0.4344,1,0.0008
3137,-0.2565,-0.5989,-0.4555,1.0538,0.5679,1,0.0000
3138,-0.2761,-0.6056,-0.0278,0.6554,0.4282,1,0.0056
3139,-0.2618,-0.5989,-0.5891,1.1850,0.5615,1,0.0000
3140,-0.2817,-0.6123,-0.1747,0.7931,0.4151,1,0.0123
3141,-0.2686,-0.5990,-0.7227,1.3170,0.5483,1,0.0000
3142,-0.2896,-0.6128,-0.3089,0.9223,0.4145,1,0.0128
3143,-0.2749,-0.5989,-0.8560,1.4490,0.5475,1,0.0000
3144,-0.2972,-0.6156,-0.4419,1.0515,0.4151,1,0.0156
3145,-0.2809,-0.5989,-0.9892,1.5809,0.5478,1,0.0000
3146,-0.3046,-0.6178,-0.5745,1.1812,0.4158,1,0.0178
3147,-0.2865,-0.5988,-1.1221,1.7128,0.5483,1,0.0000
3148,-0.3116,-0.6190,-0.7067,1.3110,0.4167,1,0.0190
3149,-0.2920,-0.5986,-1.2547,1.8446,0.5488,1,0.0000
3150,-0.3185,-0.6189,-0.8385,1.4409,0.4176,1,0.0189
3151,-0.2974,-0.5984,-1.3870,1.9761,0.5493,1,0.0000
3152,-0.3252,-0.6175,-0.9699,1.5706,0.4185,1,0.0175
3153,-0.3027,-0.5981,-1.5188,2.1073,0.5497,1,0.0000
3154,-0.3317,-0.6149,-1.1009,1.7002,0.4193,1,0.0149
3155,-0.3079,-0.5978,-1.6502,2.2381,0.5501,1,0.0000
3156,-0.3382,-0.6112,-1.2313,1.8295,0.4202,1,0.0112
3157,-0.3130,-0.5974,-1.7810,2.3684,0.5504,1,0.0000
3158,-0.3445,-0.6065,-1.3613,1.9585,0.4209,1,0.0065
3159,-0.3180,-0.5970,-1.9112,2.4981,0.5506,1,0.0000
3160,-0.3514,-0.6000,-1.4929,2.0893,0.4196,1,0.0000
3161,-0.3231,-0.5966,-2.0409,2.6274,0.5487,1,0.0000
3162,-0.3577,-0.5948,-1.6237,2.2193,0.4186,1,0.0000
3163,-0.3282,-0.5962,-2.1700,2.7562,0.5471,1,0.0000
3164,-0.3636,-0.5917,-1.7530,2.3480,0.4185,1,0.0000
3165,-0.3331,-0.5958,-2.2986,2.8845,0.5464,1,0.0000
3166,-0.3694,-0.5894,-1.8815,2.4758,0.4187,1,0.0000
3167,-0.3380,-0.5956,-2.4269,3.0125,0.5463,1,0.0000
3168,-0.3752,-0.5886,-2.0096,2.6034,0.4190,1,0.0000
3169,-0.3428,-0.5955,-2.5551,3.1404,0.5465,1,0.0000
3170,-0.3799,-0.5891,-2.0070,2.6015,0.5494,1,0.0000
3171,-0.3476,-0.5955,-2.4220,3.0088,0.4163,1,0.0000
3172,-0.3834,-0.5912,-1.8738,2.4704,0.5494,1,0.0000
3173,-0.3524,-0.5960,-2.2887,2.8770,0.4161,1,0.0000
3174,-0.3870,-0.5947,-1.7404,2.3393,0.5494,1,0.0000
3175,-0.3572,-0.5965,-2.1554,2.7453,0.4160,1,0.0000
3176,-0.3907,-0.5968,-1.6072,2.2087,0.5492,1,0.0000
3177,-0.3621,-0.5957,-2.0222,2.6140,0.4160,1,0.0000
3178,-0.3944,-0.6003,-1.4738,2.0781,0.5494,1,0.0003
3179,-0.3669,-0.5957,-1.8890,2.4828,0.4161,1,0.0000
3180,-0.3983,-0.6024,-1.3404,1.9482,0.5495,1,0.0024
3181,-0.3717,-0.5962,-1.7557,2.3518,0.4161,1,0.0000
3182,-0.4023,-0.6025,-1.2073,1.8189,0.5493,1,0.0025
3183,-0.3766,-0.5968,-1.6224,2.2211,0.4159,1,0.0000
3184,-0.4064,-0.6035,-1.0739,1.6901,0.5493,1,0.0035
3185,-0.3817,-0.5967,-1.4892,2.0909,0.4161,1,0.0000
3186,-0.3967,-0.5989,-0.9424,1.5602,0.5470,1,0.0000
3187,-0.3763,-0.5966,-1.3642,1.9671,0.4223,1,0.0000
3188,-0.3473,-0.5908,-0.8507,1.4592,0.5144,1,0.0000
3189,-0.3134,-0.5891,-1.2847,1.8777,0.4354,1,0.0000
3190,-0.2898,-0.5760,-0.7507,1.3490,0.5347,1,0.0000
3191,-0.2810,-0.5964,-1.1629,1.7522,0.4128,1,0.0000
3192,-0.2611,-0.5713,-0.6255,1.2206,0.5384,1,0.0000
3193,-0.2588,-0.5961,-1.0351,1.6225,0.4104,1,0.0000
3194,-0.2568,-0.5763,-0.4922,1.0898,0.5432,1,0.0000
3195,-0.2584,-0.5973,-0.9013,1.4905,0.4096,1,0.0000
3196,-0.2569,-0.5753,-0.3593,0.9611,0.5425,1,0.0000
3197,-0.2580,-0.5979,-0.7675,1.3588,0.4088,1,0.0000
3198,-0.2569,-0.5754,-0.2262,0.8337,0.5418,1,0.0000
3199,-0.2577,-0.5979,-0.6336,1.2276,0.4081,1,0.0000
3200,-0.2569,-0.5774,-0.0929,0.7081,0.5411,1,0.0000
3201,-0.2574,-0.5984,-0.4998,1.0970,0.4074,1,0.0000
3202,-0.2569,-0.5811,0.0404,0.5859,0.5404,1,0.0000
3203,-0.2571,-0.5989,-0.3660,0.9674,0.4067,1,0.0000
3204,-0.2546,-0.5895,0.1746,0.4675,0.5407,1,0.0000
3205,-0.2563,-0.5990,-0.2323,0.8390,0.4070,1,0.0000
3206,-0.2523,-0.6023,0.3091,0.3605,0.5414,1,0.0023
3207,-0.2549,-0.5998,-0.0986,0.7123,0.4077,1,0.0000
3208,-0.2507,-0.6148,0.4437,0.2796,0.5425,1,0.0148
3209,-0.2533,-0.5992,0.0350,0.5888,0.4089,1,0.0000
3210,-0.2492,-0.6224,0.5785,0.2506,0.5440,1,0.0224
3211,-0.2515,-0.5990,0.1684,0.4709,0.4108,1,0.0000
3212,-0.2478,-0.6224,0.7137,0.2891,0.5458,1,0.0224
3213,-0.2497,-0.5989,0.3015,0.3641,0.4129,1,0.0000
3214,-0.2467,-0.6181,0.8482,0.3748,0.5470,1,0.0181
3215,-0.2478,-0.5987,0.4343,0.2809,0.4143,1,0.0000
3216,-0.2464,-0.6134,0.9814,0.4827,0.5473,1,0.0134
3217,-0.2458,-0.5985,0.5668,0.2458,0.4149,1,0.0000
3218,-0.2465,-0.6089,1.1143,0.6007,0.5476,1,0.0089
3219,-0.2437,-0.5983,0.6989,0.2773,0.4155,1,0.0000
3220,-0.2467,-0.6049,1.2470,0.7238,0.5481,1,0.0049
3221,-0.2416,-0.5980,0.8306,0.3578,0.4165,1,0.0000
3222,-0.2453,-0.6022,1.3797,0.8493,0.5491,1,0.0022
3223,-0.2397,-0.5977,0.9619,0.4623,0.4178,1,0.0000
3224,-0.2436,-0.6022,1.5120,0.9763,0.5501,1,0.0022
3225,-0.2381,-0.5974,1.0928,0.5776,0.4193,1,0.0000
3226,-0.2422,-0.6041,1.6445,1.1048,0.5517,1,0.0041
3227,-0.2366,-0.5970,1.2233,0.6980,0.4213,1,0.0000
3228,-0.2410,-0.6076,1.7767,1.2339,0.5536,1,0.0076
3229,-0.2350,-0.5967,1.3533,0.8211,0.4236,1,0.0000
3230,-0.2397,-0.6129,1.9086,1.3633,0.5556,1,0.0129
3231,-0.2335,-0.5965,1.4829,0.9456,0.4261,1,0.0000
3232,-0.2377,-0.6235,2.0404,1.4930,0.5581,1,0.0235
3233,-0.2320,-0.5961,1.6121,1.0710,0.4292,1,0.0000
3234,-0.2359,-0.6338,2.1716,1.6227,0.5608,1,0.0338
3235,-0.2307,-0.5957,1.7409,1.1968,0.4324,1,0.0000
3236,-0.2340,-0.6322,2.3033,1.7528,0.5636,1,0.0322
3237,-0.2293,-0.5954,1.8691,1.3225,0.4358,1,0.0000
3238,-0.2323,-0.6254,2.4347,1.8827,0.5664,1,0.0254
3239,-0.2279,-0.5952,1.9968,1.4482,0.4390,1,0.0000
3240,-0.2309,-0.6166,2.5657,2.0125,0.5693,1,0.0166
3241,-0.2264,-0.5956,1.9936,1.4448,0.5725,1,0.0000
3242,-0.2287,-0.6072,2.4355,1.8829,0.4421,1,0.0072
3243,-0.2249,-0.5956,1.8602,1.3130,0.5754,1,0.0000
3244,-0.2266,-0.5988,2.3057,1.7538,0.4454,1,0.0000
3245,-0.2233,-0.5951,1.7271,1.1818,0.5786,1,0.0000
3246,-0.2245,-0.5928,2.1759,1.6249,0.4489,1,0.0000
3247,-0.2217,-0.5955,1.5939,1.0509,0.5821,1,0.0000
3248,-0.2226,-0.5900,2.0461,1.4962,0.4522,1,0.0000
3249,-0.2202,-0.5955,1.4604,0.9206,0.5857,1,0.0000
3250,-0.2206,-0.5887,1.9160,1.3673,0.4556,1,0.0000
3251,-0.2186,-0.5958,1.3270,0.7912,0.5891,1,0.0000
3252,-0.2187,-0.5879,1.7860,1.2389,0.4591,1,0.0000
3253,-0.2171,-0.5962,1.1938,0.6637,0.5922,1,0.0000
3254,-0.2204,-0.5894,1.6458,1.1015,0.4520,1,0.0000
3255,-0.2147,-0.5970,1.0603,0.5384,0.5855,1,0.0000
3256,-0.2198,-0.5920,1.5036,0.9625,0.4434,1,0.0000
3257,-0.2120,-0.5967,0.9271,0.4182,0.5766,1,0.0000
3258,-0.2138,-0.5938,1.3686,0.8300,0.4415,1,0.0000
3259,-0.2105,-0.5972,0.7936,0.3096,0.5750,1,0.0000
3260,-0.2110,-0.5958,1.2377,0.7035,0.4441,1,0.0000
3261,-0.2091,-0.5985,0.6600,0.2290,0.5777,1,0.0000
3262,-0.2086,-0.5960,1.1066,0.5789,0.4467,1,0.0000
3263,-0.2077,-0.5979,0.5262,0.2116,0.5804,1,0.0000
3264,-0.2065,-0.5942,0.9755,0.4581,0.4493,1,0.0000
3265,-0.2063,-0.5982,0.3924,0.2700,0.5831,1,0.0000
3266,-0.2046,-0.5922,0.8442,0.3449,0.4519,1,0.0000
3267,-0.2050,-0.5985,0.2586,0.3699,0.5857,1,0.0000
3268,-0.2027,-0.5890,0.7130,0.2503,0.4545,1,0.0000
3269,-0.2036,-0.5987,0.1249,0.4864,0.5882,1,0.0000
3270,-0.2010,-0.5848,0.5817,0.2020,0.4571,1,0.0000
3271,-0.2023,-0.5988,-0.0088,0.6099,0.5907,1,0.0000
3272,-0.1992,-0.5798,0.4505,0.2314,0.4596,1,0.0000
3273,-0.2011,-0.5990,-0.1422,0.7368,0.5930,1,0.0000
3274,-0.1976,-0.5741,0.3193,0.3175,0.4622,1,0.0000
3275,-0.1999,-0.5990,-0.2754,0.8654,0.5952,1,0.0000
3276,-0.1960,-0.5691,0.1881,0.4273,0.4644,1,0.0000
3277,-0.1986,-0.5990,-0.4084,0.9950,0.5972,1,0.0000
3278,-0.1945,-0.5729,0.0568,0.5462,0.4659,1,0.0000
3279,-0.1973,-0.5990,-0.5413,1.1253,0.5987,1,0.0000
3280,-0.1930,-0.5790,-0.0742,0.6695,0.4676,1,0.0000
3281,-0.1959,-0.5990,-0.6743,1.2562,0.6004,1,0.0000
3282,-0.1913,-0.5852,-0.2052,0.7953,0.4693,1,0.0000
3283,-0.1945,-0.5989,-0.8073,1.3876,0.6023,1,0.0000
3284,-0.1896,-0.5911,-0.3363,0.9226,0.4711,1,0.0000
3285,-0.1931,-0.5990,-0.9404,1.5193,0.6041,1,0.0000
3286,-0.1878,-0.5962,-0.4675,1.0510,0.4729,1,0.0000
3287,-0.1917,-0.5990,-1.0735,1.6512,0.6060,1,0.0000
3288,-0.1859,-0.6004,-0.5989,1.1802,0.4746,1,0.0004
3289,-0.1902,-0.5990,-1.2066,1.7834,0.6078,1,0.0000
3290,-0.1939,-0.6042,-0.7304,1.3114,0.4763,1,0.0042
3291,-0.1908,-0.5990,-1.3399,1.9160,0.6095,1,0.0000
3292,-0.2032,-0.6068,-0.8620,1.4430,0.4781,1,0.0068
3293,-0.1931,-0.5990,-1.4732,2.0489,0.6113,1,0.0000
3294,-0.2110,-0.6082,-0.9938,1.5746,0.4798,1,0.0082
3295,-0.1964,-0.5990,-1.6066,2.1820,0.6130,1,0.0000
3296,-0.2180,-0.6087,-1.1257,1.7062,0.4815,1,0.0087
3297,-0.2004,-0.5990,-1.7400,2.3153,0.6147,1,0.0000
3298,-0.2244,-0.6084,-1.2576,1.8380,0.4831,1,0.0084
3299,-0.2047,-0.5990,-1.8736,2.4487,0.6163,1,0.0000
3300,-0.2306,-0.6076,-1.3897,1.9698,0.4847,1,0.0076
3301,-0.2093,-0.5989,-2.0071,2.5822,0.6179,1,0.0000
3302,-0.2366,-0.6064,-1.5217,2.1017,0.4862,1,0.0064
3303,-0.2140,-0.5989,-2.1407,2.7157,0.6194,1,0.0000
3304,-0.2427,-0.6051,-1.6539,2.2337,0.4877,1,0.0051
3305,-0.2187,-0.5989,-2.2743,2.8493,0.6209,1,0.0000
3306,-0.2488,-0.6038,-1.7860,2.3657,0.4892,1,0.0038
3307,-0.2235,-0.5988,-2.4079,2.9828,0.6224,1,0.0000
3308,-0.2549,-0.6026,-1.9182,2.4978,0.4907,1,0.0026
3309,-0.2284,-0.5988,-2.5415,3.1164,0.6239,1,0.0000
3310,-0.2600,-0.6015,-1.9170,2.4972,0.6253,1,0.0015
3311,-0.2333,-0.5988,-2.4084,2.9841,0.4921,1,0.0000
3312,-0.2639,-0.6006,-1.7825,2.3639,0.6266,1,0.0006
3313,-0.2383,-0.5988,-2.2753,2.8519,0.4934,1,0.0000
3314,-0.2681,-0.5999,-1.6481,2.2308,0.6279,1,0.0000
3315,-0.2434,-0.5988,-2.1422,2.7197,0.4947,1,0.0000
3316,-0.2723,-0.5995,-1.5136,2.0980,0.6293,1,0.0000
3317,-0.2486,-0.5988,-2.0091,2.5876,0.4961,1,0.0000
3318,-0.2768,-0.5994,-1.3792,1.9654,0.6306,1,0.0000
3319,-0.2539,-0.5988,-1.8760,2.4557,0.4974,1,0.0000
3320,-0.2815,-0.5995,-1.2447,1.8331,0.6319,1,0.0000
3321,-0.2594,-0.5989,-1.7429,2.3240,0.4986,1,0.0000
3322,-0.2961,-0.6006,-1.1112,1.7037,0.6328,1,0.0006
3323,-0.2668,-0.5988,-1.6099,2.1928,0.4996,1,0.0000
3324,-0.3101,-0.6016,-0.9779,1.5753,0.6336,1,0.0016
3325,-0.2758,-0.5988,-1.4771,2.0623,0.5005,1,0.0000
3326,-0.3214,-0.6023,-0.8446,1.4473,0.6342,1,0.0023
3327,-0.2859,-0.5988,-1.3444,1.9323,0.5011,1,0.0000
3328,-0.3026,-0.6015,-0.7288,1.3302,0.6159,1,0.0015
3329,-0.2355,-0.5993,-1.2413,1.8232,0.5169,1,0.0000
3330,-0.2786,-0.6026,-0.6090,1.2082,0.6338,1,0.0026
3331,-0.2299,-0.5992,-1.1087,1.6910,0.5021,1,0.0000
3332,-0.2698,-0.6027,-0.4762,1.0771,0.6338,1,0.0027
3333,-0.2236,-0.5991,-0.9761,1.5588,0.5020,1,0.0000
3334,-0.2609,-0.6025,-0.3434,0.9467,0.6337,1,0.0025
3335,-0.2179,-0.5991,-0.8434,1.4267,0.5018,1,0.0000
3336,-0.2527,-0.6023,-0.2107,0.8173,0.6337,1,0.0023
3337,-0.2131,-0.5990,-0.7107,1.2949,0.5016,1,0.0000
3338,-0.2453,-0.6021,-0.0779,0.6896,0.6336,1,0.0021
3339,-0.2092,-0.5990,-0.5779,1.1635,0.5014,1,0.0000
3340,-0.2389,-0.6017,0.0549,0.5647,0.6335,1,0.0017
3341,-0.2062,-0.5989,-0.4452,1.0326,0.5012,1,0.0000
3342,-0.2334,-0.6014,0.1877,0.4451,0.6334,1,0.0014
3343,-0.2041,-0.5989,-0.3124,0.9024,0.5009,1,0.0000
3344,-0.2288,-0.6011,0.3204,0.3361,0.6333,1,0.0011
3345,-0.2026,-0.5989,-0.1796,0.7732,0.5007,1,0.0000
3346,-0.2249,-0.6007,0.4531,0.2519,0.6331,1,0.0007
3347,-0.2017,-0.5989,-0.0468,0.6457,0.5005,1,0.0000
3348,-0.2215,-0.6004,0.5858,0.2223,0.6329,1,0.0004
3349,-0.2010,-0.5989,0.0860,0.5209,0.5002,1,0.0000
3350,-0.2183,-0.6001,0.7183,0.2658,0.6326,1,0.0001
3351,-0.2004,-0.5988,0.2188,0.4014,0.4998,1,0.0000
3352,-0.2175,-0.6000,0.8494,0.3567,0.6308,1,0.0000
3353,-0.1982,-0.5988,0.3516,0.2924,0.4982,1,0.0000
3354,-0.2132,-0.5997,0.9802,0.4653,0.6288,1,0.0000
3355,-0.1941,-0.5988,0.4842,0.2109,0.4963,1,0.0000
3356,-0.2057,-0.5993,1.1112,0.5822,0.6271,1,0.0000
3357,-0.1892,-0.5987,0.6169,0.1958,0.4946,1,0.0000
3358,-0.1967,-0.5988,1.2423,0.7038,0.6255,1,0.0000
3359,-0.1842,-0.5986,0.7496,0.2596,0.4929,1,0.0000
3360,-0.1874,-0.5983,1.3736,0.8285,0.6240,1,0.0000
3361,-0.1794,-0.5985,0.8824,0.3632,0.4913,1,0.0000
3362,-0.1784,-0.5977,1.5050,0.9552,0.6226,1,0.0000
3363,-0.1753,-0.5985,1.0152,0.4816,0.4898,1,0.0000
3364,-0.1701,-0.5971,1.6364,1.0833,0.6213,1,0.0000
3365,-0.1719,-0.5984,1.1481,0.6064,0.4884,1,0.0000
3366,-0.1626,-0.5966,1.7680,1.2124,0.6200,1,0.0000
3367,-0.1716,-0.5982,1.2829,0.7365,0.4853,1,0.0000
3368,-0.1603,-0.5960,1.9016,1.3446,0.6189,1,0.0000
3369,-0.1883,-0.5976,1.4159,0.8699,0.4866,1,0.0000
3370,-0.1728,-0.5955,2.0340,1.4776,0.6183,1,0.0000
3371,-0.2051,-0.5976,1.5490,1.0036,0.4861,1,0.0000
3372,-0.1854,-0.5951,2.1664,1.6105,0.6177,1,0.0000
3373,-0.2218,-0.5976,1.6821,1.1374,0.4856,1,0.0000
3374,-0.1980,-0.5946,2.2989,1.7436,0.6172,1,0.0000
3375,-0.2384,-0.5976,1.8154,1.2714,0.4852,1,0.0000
3376,-0.2106,-0.5942,2.4314,1.8767,0.6167,1,0.0000
3377,-0.2551,-0.5977,1.9487,1.4054,0.4848,1,0.0000
3378,-0.2232,-0.5939,2.5640,2.0098,0.6161,1,0.0000
3379,-0.2717,-0.5977,1.9487,1.4086,0.6172,1,0.0000
3380,-0.2440,-0.5944,2.4301,1.8794,0.4822,1,0.0000
3381,-0.2883,-0.5977,1.8153,1.2816,0.6164,1,0.0000
3382,-0.2649,-0.5949,2.2961,1.7496,0.4813,1,0.0000
3383,-0.3048,-0.5978,1.6818,1.1562,0.6155,1,0.0000
3384,-0.2857,-0.5955,2.1620,1.6208,0.4805,1,0.0000
3385,-0.3213,-0.5978,1.5483,1.0330,0.6147,1,0.0000
3386,-0.3064,-0.5960,2.0278,1.4930,0.4797,1,0.0000
3387,-0.3150,-0.5958,1.4546,0.9422,0.5733,1,0.0000
3388,-0.2707,-0.5935,1.9769,1.4360,0.5242,1,0.0000
3389,-0.2668,-0.5978,1.4080,0.8827,0.5689,1,0.0000
3390,-0.2225,-0.5937,1.9147,1.3664,0.5086,1,0.0000
3391,-0.2132,-0.5950,1.3347,0.7972,0.5801,1,0.0000
3392,-0.1776,-0.5948,1.8217,1.2676,0.4883,1,0.0000
3393,-0.1777,-0.5961,1.2226,0.6797,0.5991,1,0.0000
3394,-0.1724,-0.5977,1.6959,1.1424,0.4733,1,0.0000
3395,-0.1848,-0.5986,1.0890,0.5541,0.6070,1,0.0000
3396,-0.1825,-0.5981,1.5624,1.0124,0.4735,1,0.0000
3397,-0.1893,-0.5987,0.9553,0.4324,0.6072,1,0.0000
3398,-0.1903,-0.5986,1.4289,0.8831,0.4736,1,0.0000
3399,-0.1936,-0.5987,0.8216,0.3202,0.6073,1,0.0000
3400,-0.1981,-0.5989,1.2953,0.7552,0.4737,1,0.0000
3401,-0.1978,-0.5988,0.6879,0.2320,0.6075,1,0.0000
3402,-0.2056,-0.5993,1.1617,0.6297,0.4739,1,0.0000
3403,-0.2016,-0.5988,0.5541,0.2020,0.6076,1,0.0000
3404,-0.2127,-0.5996,1.0281,0.5082,0.4741,1,0.0000
3405,-0.2050,-0.5989,0.4203,0.2518,0.6078,1,0.0000
3406,-0.2192,-0.5999,0.8945,0.3944,0.4744,1,0.0000
3407,-0.2078,-0.5989,0.2865,0.3488,0.6081,1,0.0000
3408,-0.2252,-0.6001,0.7608,0.2974,0.4746,1,0.0001
3409,-0.2101,-0.5990,0.1527,0.4642,0.6083,1,0.0000
3410,-0.2304,-0.6004,0.6271,0.2383,0.4749,1,0.0004
3411,-0.2119,-0.5990,0.0188,0.5873,0.6086,1,0.0000
3412,-0.2351,-0.6006,0.4934,0.2463,0.4752,1,0.0006
3413,-0.2131,-0.5990,-0.1151,0.7142,0.6089,1,0.0000
3414,-0.2393,-0.6008,0.3596,0.3164,0.4755,1,0.0008
3415,-0.2138,-0.5990,-0.2491,0.8432,0.6092,1,0.0000
3416,-0.2430,-0.6010,0.2259,0.4185,0.4758,1,0.0010
3417,-0.2142,-0.5990,-0.3830,0.9735,0.6096,1,0.0000
3418,-0.2463,-0.6012,0.0920,0.5347,0.4762,1,0.0012
3419,-0.2141,-0.5990,-0.5170,1.1046,0.6099,1,0.0000
3420,-0.2493,-0.6013,-0.0418,0.6575,0.4765,1,0.0013
3421,-0.2139,-0.5990,-0.6511,1.2363,0.6103,1,0.0000
3422,-0.2520,-0.6015,-0.1757,0.7839,0.4769,1,0.0015
3423,-0.2134,-0.5990,-0.7851,1.3685,0.6106,1,0.0000
3424,-0.2546,-0.6017,-0.3097,0.9125,0.4772,1,0.0017
3425,-0.2127,-0.5990,-0.9193,1.5010,0.6110,1,0.0000
3426,-0.2572,-0.6020,-0.4437,1.0425,0.4776,1,0.0020
3427,-0.2120,-0.5990,-1.0534,1.6338,0.6114,1,0.0000
3428,-0.2597,-0.6022,-0.5778,1.1735,0.4780,1,0.0022
3429,-0.2111,-0.5990,-1.1876,1.7668,0.6117,1,0.0000
3430,-0.2628,-0.6024,-0.7120,1.3053,0.4784,1,0.0024
3431,-0.2182,-0.5984,-1.3229,1.9021,0.6125,1,0.0000
3432,-0.2747,-0.6027,-0.8471,1.4401,0.4792,1,0.0027
3433,-0.2306,-0.5984,-1.4572,2.0369,0.6117,1,0.0000
3434,-0.2910,-0.6030,-0.9811,1.5748,0.4799,1,0.0030
3435,-0.2432,-0.5983,-1.5916,2.1718,0.6123,1,0.0000
3436,-0.3076,-0.6033,-1.1153,1.7098,0.4807,1,0.0033
3437,-0.2559,-0.5983,-1.7260,2.3068,0.6130,1,0.0000
3438,-0.3248,-0.6037,-1.2496,1.8450,0.4815,1,0.0037
3439,-0.2689,-0.5983,-1.8605,2.4420,0.6136,1,0.0000
3440,-0.3425,-0.6041,-1.3840,1.9804,0.4823,1,0.0041
3441,-0.2821,-0.5983,-1.9951,2.5772,0.6142,1,0.0000
3442,-0.3367,-0.6024,-1.5184,2.1120,0.4799,1,0.0024
3443,-0.2919,-0.5984,-2.1292,2.7115,0.6124,1,0.0000
3444,-0.3286,-0.6004,-1.6519,2.2427,0.4786,1,0.0004
3445,-0.2986,-0.5985,-2.2628,2.8451,0.6116,1,0.0000
3446,-0.3249,-0.5991,-1.7847,2.3736,0.4788,1,0.0000
3447,-0.3034,-0.5987,-2.3963,2.9784,0.6120,1,0.0000
3448,-0.3238,-0.5983,-1.9170,2.5046,0.4797,1,0.0000
3449,-0.3071,-0.5988,-2.5297,3.1115,0.6129,1,0.0000
3450,-0.3234,-0.5978,-1.9158,2.5034,0.6141,1,0.0000
3451,-0.3102,-0.5989,-2.3965,2.9792,0.4808,1,0.0000
3452,-0.3236,-0.5977,-1.7811,2.3698,0.6155,1,0.0000
3453,-0.3128,-0.5990,-2.2632,2.8470,0.4822,1,0.0000
3454,-0.3244,-0.5980,-1.6462,2.2365,0.6170,1,0.0000
3455,-0.3151,-0.5990,-2.1299,2.7148,0.4837,1,0.0000
3456,-0.3256,-0.5984,-1.5114,2.1033,0.6186,1,0.0000
3457,-0.3173,-0.5990,-1.9966,2.5828,0.4853,1,0.0000
3458,-0.3270,-0.5989,-1.3764,1.9703,0.6203,1,0.0000
3459,-0.3193,-0.5990,-1.8633,2.4508,0.4870,1,0.0000
3460,-0.3284,-0.5994,-1.2415,1.8377,0.6219,1,0.0000
3461,-0.3214,-0.5990,-1.7301,2.3190,0.4886,1,0.0000
3462,-0.3299,-0.5999,-1.1066,1.7054,0.6236,1,0.0000
3463,-0.3233,-0.5990,-1.5968,2.1874,0.4903,1,0.0000
3464,-0.3313,-0.6004,-0.9716,1.5735,0.6252,1,0.0004
3465,-0.3253,-0.5990,-1.4635,2.0560,0.4919,1,0.0000
3466,-0.3327,-0.6007,-0.8367,1.4422,0.6269,1,0.0007
3467,-0.3272,-0.5990,-1.3303,1.9249,0.4936,1,0.0000
3468,-0.3153,-0.6012,-0.7097,1.3147,0.6207,1,0.0012
3469,-0.2965,-0.5992,-1.2082,1.7994,0.4988,1,0.0000
3470,-0.3030,-0.6012,-0.5781,1.1841,0.6301,1,0.0012
3471,-0.2983,-0.5990,-1.0750,1.6684,0.4969,1,0.0000
3472,-0.3043,-0.6013,-0.4432,1.0547,0.6318,1,0.0013
3473,-0.2969,-0.5990,-0.9417,1.5372,0.4986,1,0.0000
3474,-0.3023,-0.6013,-0.3083,0.9256,0.6335,1,0.0013
3475,-0.2936,-0.5990,-0.8084,1.4060,0.5002,1,0.0000
3476,-0.2986,-0.6013,-0.1734,0.7979,0.6351,1,0.0013
3477,-0.2905,-0.5990,-0.6752,1.2753,0.5019,1,0.0000
3478,-0.2951,-0.6013,-0.0384,0.6731,0.6368,1,0.0013
3479,-0.2877,-0.5990,-0.5419,1.1452,0.5035,1,0.0000
3480,-0.2918,-0.6012,0.0965,0.5533,0.6384,1,0.0012
3481,-0.2854,-0.5990,-0.4086,1.0161,0.5052,1,0.0000
3482,-0.2891,-0.6011,0.2314,0.4426,0.6400,1,0.0011
3483,-0.2836,-0.5990,-0.2754,0.8884,0.5068,1,0.0000
3484,-0.2868,-0.6010,0.3663,0.3498,0.6417,1,0.0010
3485,-0.2823,-0.5990,-0.1421,0.7629,0.5084,1,0.0000
3486,-0.2851,-0.6009,0.5012,0.2925,0.6433,1,0.0009
3487,-0.2816,-0.5990,-0.0088,0.6406,0.5101,1,0.0000
3488,-0.2840,-0.6009,0.6361,0.2924,0.6450,1,0.0009
3489,-0.2813,-0.5990,0.1244,0.5240,0.5117,1,0.0000
3490,-0.2833,-0.6008,0.7710,0.3494,0.6466,1,0.0008
3491,-0.2814,-0.5990,0.2577,0.4178,0.5133,1,0.0000
3492,-0.2830,-0.6008,0.9060,0.4419,0.6482,1,0.0008
3493,-0.2818,-0.5990,0.3910,0.3321,0.5150,1,0.0000
3494,-0.2831,-0.6007,1.0409,0.5523,0.6499,1,0.0007
3495,-0.2825,-0.5990,0.5243,0.2856,0.5166,1,0.0000
3496,-0.2833,-0.6007,1.1758,0.6718,0.6515,1,0.0007
3497,-0.2832,-0.5990,0.6575,0.2975,0.5182,1,0.0000
3498,-0.2837,-0.6007,1.3107,0.7963,0.6531,1,0.0007
3499,-0.2840,-0.5990,0.7908,0.3619,0.5199,1,0.0000
3500,-0.2841,-0.6007,1.4456,0.9237,0.6548,1,0.0007
3501,-0.2848,-0.5990,0.9241,0.4571,0.5215,1,0.0000
3502,-0.2844,-0.6007,1.5804,1.0530,0.6564,1,0.0007
3503,-0.2854,-0.5990,1.0574,0.5677,0.5231,1,0.0000
3504,-0.2846,-0.6008,1.7153,1.1835,0.6580,1,0.0008
3505,-0.2859,-0.5990,1.1906,0.6864,0.5247,1,0.0000
3506,-0.2847,-0.6008,1.8502,1.3148,0.6596,1,0.0008
3507,-0.2878,-0.5990,1.3239,0.8102,0.5263,1,0.0000
3508,-0.2861,-0.6008,1.9851,1.4471,0.6612,1,0.0008
3509,-0.2898,-0.5990,1.4572,0.9366,0.5279,1,0.0000
3510,-0.2874,-0.6011,2.1200,1.5798,0.6628,1,0.0011
3511,-0.2927,-0.5990,1.5905,1.0649,0.5296,1,0.0000
3512,-0.2890,-0.6012,2.2548,1.7128,0.6643,1,0.0012
3513,-0.2965,-0.5990,1.7237,1.1945,0.5311,1,0.0000
3514,-0.2911,-0.6013,2.3895,1.8460,0.6658,1,0.0013
3515,-0.3007,-0.5990,1.8570,1.3250,0.5326,1,0.0000
3516,-0.2936,-0.6013,2.5242,1.9795,0.6672,1,0.0013
3517,-0.3052,-0.5990,1.8570,1.3260,0.6673,1,0.0000
3518,-0.2986,-0.6013,2.3922,1.8498,0.5353,1,0.0013
3519,-0.3099,-0.5989,1.7236,1.1978,0.6687,1,0.0000
3520,-0.3040,-0.6012,2.2601,1.7206,0.5366,1,0.0012
3521,-0.3147,-0.5989,1.5902,1.0709,0.6700,1,0.0000
3522,-0.3095,-0.6011,2.1281,1.5918,0.5379,1,0.0011
3523,-0.3195,-0.5989,1.4568,0.9458,0.6713,1,0.0000
3524,-0.3152,-0.6010,1.9960,1.4637,0.5392,1,0.0010
3525,-0.2992,-0.5981,1.3417,0.8308,0.6545,1,0.0000
3526,-0.2739,-0.6001,1.8931,1.3545,0.5520,1,0.0001
3527,-0.2592,-0.5981,1.2281,0.7104,0.6652,1,0.0000
3528,-0.2565,-0.6007,1.7693,1.2297,0.5412,1,0.0007
3529,-0.2588,-0.5989,1.0947,0.5881,0.6746,1,0.0000
3530,-0.2571,-0.6006,1.6371,1.1009,0.5425,1,0.0006
3531,-0.2581,-0.5989,0.9613,0.4716,0.6759,1,0.0000
3532,-0.2574,-0.6005,1.5049,0.9730,0.5437,1,0.0005
3533,-0.2578,-0.5989,0.8278,0.3670,0.6771,1,0.0000
3534,-0.2582,-0.6005,1.3728,0.8465,0.5449,1,0.0005
3535,-0.2579,-0.5989,0.6944,0.2878,0.6783,1,0.0000
3536,-0.2593,-0.6005,1.2406,0.7221,0.5461,1,0.0005
3537,-0.2581,-0.5989,0.5610,0.2582,0.6796,1,0.0000
3538,-0.2607,-0.6006,1.1084,0.6013,0.5474,1,0.0006
3539,-0.2585,-0.5989,0.4276,0.2935,0.6808,1,0.0000
3540,-0.2623,-0.6006,0.9762,0.4864,0.5486,1,0.0006
3541,-0.2589,-0.5989,0.2942,0.3758,0.6820,1,0.0000
3542,-0.2639,-0.6007,0.8439,0.3828,0.5498,1,0.0007
3543,-0.2592,-0.5989,0.1607,0.4816,0.6832,1,0.0000
3544,-0.2656,-0.6008,0.7117,0.3026,0.5510,1,0.0008
3545,-0.2593,-0.5989,0.0273,0.5984,0.6844,1,0.0000
3546,-0.2671,-0.6008,0.5794,0.2674,0.5521,1,0.0008
3547,-0.2591,-0.5989,-0.1062,0.7209,0.6856,1,0.0000
3548,-0.2719,-0.6013,0.4461,0.2974,0.5524,1,0.0013
3549,-0.2576,-0.5994,-0.2397,0.8464,0.6859,1,0.0000
3550,-0.2835,-0.6027,0.3101,0.3823,0.5504,1,0.0027
3551,-0.2490,-0.5994,-0.3735,0.9725,0.6845,1,0.0000
3552,-0.2831,-0.6035,0.1742,0.4839,0.5487,1,0.0035
3553,-0.2353,-0.5993,-0.5076,1.0997,0.6835,1,0.0000
3554,-0.2758,-0.6038,0.0381,0.5962,0.5472,1,0.0038
3555,-0.2192,-0.5991,-0.6420,1.2283,0.6824,1,0.0000
3556,-0.2649,-0.6039,-0.0981,0.7156,0.5458,1,0.0039
3557,-0.2025,-0.5989,-0.7765,1.3583,0.6812,1,0.0000
3558,-0.2527,-0.6038,-0.2345,0.8400,0.5443,1,0.0038
3559,-0.1864,-0.5987,-0.9111,1.4894,0.6799,1,0.0000
3560,-0.2410,-0.6038,-0.3709,0.9680,0.5430,1,0.0038
3561,-0.1720,-0.5985,-1.0459,1.6216,0.6785,1,0.0000
3562,-0.2309,-0.6039,-0.5074,1.0986,0.5417,1,0.0039
3563,-0.1599,-0.5982,-1.1807,1.7545,0.6770,1,0.0000
3564,-0.2234,-0.6042,-0.6441,1.2311,0.5404,1,0.0042
3565,-0.1575,-0.5978,-1.3197,1.8929,0.6789,1,0.0000
3566,-0.2286,-0.6047,-0.7844,1.3702,0.5401,1,0.0047
3567,-0.1761,-0.5971,-1.4547,2.0289,0.6724,1,0.0000
3568,-0.2513,-0.6052,-0.9202,1.5079,0.5398,1,0.0052
3569,-0.1948,-0.5970,-1.5897,2.1651,0.6719,1,0.0000
3570,-0.2740,-0.6057,-1.0561,1.6457,0.5395,1,0.0057
3571,-0.2134,-0.5969,-1.7248,2.3013,0.6715,1,0.0000
3572,-0.2968,-0.6062,-1.1921,1.7836,0.5393,1,0.0062
3573,-0.2319,-0.5970,-1.8599,2.4376,0.6710,1,0.0000
3574,-0.3196,-0.6067,-1.3282,1.9216,0.5390,1,0.0067
3575,-0.2504,-0.5970,-1.9951,2.5739,0.6706,1,0.0000
3576,-0.3424,-0.6071,-1.4644,2.0597,0.5387,1,0.0071
3577,-0.2689,-0.5971,-2.1304,2.7103,0.6701,1,0.0000
3578,-0.3652,-0.6074,-1.6007,2.1978,0.5385,1,0.0074
3579,-0.2873,-0.5972,-2.2657,2.8468,0.6697,1,0.0000
3580,-0.3880,-0.6077,-1.7368,2.3358,0.5385,1,0.0077
3581,-0.3057,-0.5973,-2.4011,2.9834,0.6695,1,0.0000
3582,-0.4107,-0.6079,-1.8729,2.4738,0.5386,1,0.0079
3583,-0.3241,-0.5974,-2.5365,3.1200,0.6694,1,0.0000
3584,-0.4290,-0.6077,-1.8758,2.4798,0.6691,1,0.0077
3585,-0.3424,-0.5975,-2.4053,2.9915,0.5367,1,0.0000
3586,-0.4424,-0.6070,-1.7453,2.3539,0.6676,1,0.0070
3587,-0.3605,-0.5975,-2.2739,2.8633,0.5350,1,0.0000
3588,-0.4556,-0.6063,-1.6147,2.2283,0.6662,1,0.0063
3589,-0.3785,-0.5976,-2.1425,2.7354,0.5335,1,0.0000
3590,-0.4686,-0.6057,-1.4839,2.1033,0.6648,1,0.0057
3591,-0.3962,-0.5977,-2.0110,2.6078,0.5321,1,0.0000
3592,-0.4814,-0.6052,-1.3530,1.9790,0.6635,1,0.0052
3593,-0.4138,-0.5977,-1.8793,2.4806,0.5307,1,0.0000
3594,-0.4942,-0.6048,-1.2219,1.8556,0.6623,1,0.0048
3595,-0.4311,-0.5978,-1.7476,2.3540,0.5295,1,0.0000
3596,-0.5069,-0.6044,-1.0908,1.7332,0.6612,1,0.0044
3597,-0.4483,-0.5978,-1.6157,2.2279,0.5283,1,0.0000
3598,-0.5196,-0.6040,-0.9595,1.6121,0.6601,1,0.0040
3599,-0.4653,-0.5978,-1.4971,2.1155,0.5404,1,0.0000
3600,-0.5022,-0.6010,-1.2027,1.8392,0.2967,1,0.0010
