tick,local_x,local_y,local_z,drift_m,slip_m,on_bus_support,below_depth_m
1,0.0000,-0.5990,0.5667,0.0000,0.0000,1,0.0000
2,0.0000,-0.5990,0.6333,0.0667,0.0667,1,0.0000
3,-0.0000,-0.5568,0.7046,0.1443,0.0829,1,0.0000
4,-0.0000,-0.5996,0.7713,0.2046,0.0792,1,0.0000
5,-0.0000,-0.5649,0.8463,0.2817,0.0826,1,0.0000
6,-0.0000,-0.5999,0.9129,0.3463,0.0752,1,0.0000
7,-0.0000,-0.5738,0.9916,0.4257,0.0829,1,0.0000
8,-0.0000,-0.5978,1.0582,0.4916,0.0708,1,0.0000
9,-0.0000,-0.5825,1.1406,0.5741,0.0838,1,0.0000
10,-0.0000,-0.5996,1.2072,0.6405,0.0688,1,0.0000
11,-0.0000,-0.5904,1.2932,0.7265,0.0865,1,0.0000
12,-0.0000,-0.5989,1.3598,0.7931,0.0672,1,0.0000
13,-0.0000,-0.5970,1.4494,0.8827,0.0896,1,0.0000
14,-0.0000,-0.5990,1.5160,0.9493,0.0667,1,0.0000
15,-0.0000,-0.6021,1.6092,1.0425,0.0932,1,0.0021
16,-0.0000,-0.5990,1.6758,1.1092,0.0667,1,0.0000
17,-0.0000,-0.6056,1.7726,1.2060,0.0970,1,0.0056
18,-0.0000,-0.5990,1.8393,1.2726,0.0670,1,0.0000
19,-0.0000,-0.6078,1.9396,1.3730,0.1007,1,0.0078
20,-0.0000,-0.5990,2.0063,1.4396,0.0672,1,0.0000
21,-0.0000,-0.6086,2.1102,1.5436,0.1044,1,0.0086
22,-0.0000,-0.5990,2.1768,1.6102,0.0673,1,0.0000
23,0.0000,-0.6085,2.2844,1.7177,0.1080,1,0.0085
24,0.0000,-0.5990,2.3510,1.7844,0.0673,1,0.0000
25,0.0000,-0.6076,2.4621,1.8955,0.1114,1,0.0076
26,0.0000,-0.5990,2.5288,1.9621,0.0672,1,0.0000
27,0.0000,-0.6063,2.5101,1.9434,0.0200,1,0.0063
28,0.0000,-0.5990,2.4434,1.8767,0.0671,1,0.0000
29,0.0000,-0.6047,2.4283,1.8616,0.0162,1,0.0047
30,0.0000,-0.5990,2.3616,1.7949,0.0669,1,0.0000
31,0.0000,-0.6031,2.3500,1.7833,0.0123,1,0.0031
32,0.0000,-0.5990,2.2833,1.7166,0.0668,1,0.0000
33,0.0000,-0.6016,2.2752,1.7085,0.0085,1,0.0016
34,0.0000,-0.5990,2.2085,1.6419,0.0667,1,0.0000
35,0.0000,-0.6002,2.2040,1.6373,0.0047,1,0.0002
36,0.0000,-0.5990,2.1373,1.5706,0.0667,1,0.0000
37,0.0000,-0.5992,2.1362,1.5695,0.0011,1,0.0000
38,0.0000,-0.5990,2.0695,1.5028,0.0667,1,0.0000
39,0.0000,-0.5983,2.0719,1.5053,0.0025,1,0.0000
40,0.0000,-0.5990,2.0052,1.4386,0.0667,1,0.0000
41,0.0000,-0.5978,2.0111,1.4445,0.0060,1,0.0000
42,0.0000,-0.5990,1.9444,1.3778,0.0667,1,0.0000
43,0.0000,-0.5975,1.9538,1.3871,0.0095,1,0.0000
44,0.0000,-0.5990,1.8871,1.3204,0.0667,1,0.0000
45,0.0000,-0.5975,1.8999,1.3332,0.0129,1,0.0000
46,0.0000,-0.5990,1.8332,1.2665,0.0667,1,0.0000
47,-0.0000,-0.5976,1.8494,1.2828,0.0163,1,0.0000
48,-0.0000,-0.5990,1.7828,1.2161,0.0667,1,0.0000
49,0.0000,-0.5978,1.8024,1.2358,0.0197,1,0.0000
50,0.0000,-0.5990,1.7357,1.1691,0.0667,1,0.0000
51,0.0000,-0.5981,1.7588,1.1921,0.0231,1,0.0000
52,0.0000,-0.5990,1.6921,1.1254,0.0667,1,0.0000
53,0.0000,-0.5984,1.7186,1.1519,0.0265,1,0.0000
54,0.0000,-0.5990,1.6519,1.0852,0.0667,1,0.0000
55,0.0000,-0.5987,1.6817,1.1151,0.0299,1,0.0000
56,0.0000,-0.5990,1.6150,1.0484,0.0667,1,0.0000
57,0.0000,-0.5990,1.6483,1.0816,0.0332,1,0.0000
58,0.0000,-0.5990,1.5816,1.0149,0.0667,1,0.0000
59,0.0000,-0.5993,1.6182,1.0515,0.0366,1,0.0000
60,0.0000,-0.5990,1.5515,0.9848,0.0667,1,0.0000
61,0.0000,-0.5995,1.5915,1.0248,0.0400,1,0.0000
62,0.0000,-0.5990,1.5248,0.9581,0.0667,1,0.0000
63,0.0000,-0.5996,1.5681,1.0014,0.0433,1,0.0000
64,0.0000,-0.5990,1.5014,0.9347,0.0667,1,0.0000
65,0.0000,-0.5997,1.5480,0.9814,0.0466,1,0.0000
66,0.0000,-0.5990,1.4813,0.9147,0.0667,1,0.0000
67,0.0000,-0.5997,1.5313,0.9647,0.0500,1,0.0000
68,0.0000,-0.5990,1.4646,0.8980,0.0667,1,0.0000
69,0.0000,-0.5997,1.5179,0.9512,0.0533,1,0.0000
70,0.0000,-0.5990,1.4512,0.8845,0.0667,1,0.0000
71,0.0000,-0.5997,1.5078,0.9411,0.0566,1,0.0000
72,0.0000,-0.5990,1.4411,0.8744,0.0667,1,0.0000
73,0.0000,-0.5997,1.5010,0.9343,0.0599,1,0.0000
74,0.0000,-0.5990,1.4343,0.8676,0.0667,1,0.0000
75,0.0000,-0.5996,1.4974,0.9308,0.0631,1,0.0000
76,0.0000,-0.5990,1.4307,0.8641,0.0667,1,0.0000
77,0.0000,-0.5996,1.4971,0.9305,0.0664,1,0.0000
78,0.0000,-0.5990,1.4305,0.8638,0.0667,1,0.0000
79,0.0000,-0.5995,1.5001,0.9335,0.0697,1,0.0000
80,0.0000,-0.5990,1.4334,0.8668,0.0667,1,0.0000
81,0.0000,-0.5995,1.5063,0.9397,0.0729,1,0.0000
82,0.0000,-0.5990,1.4397,0.8730,0.0667,1,0.0000
83,0.0000,-0.5995,1.5158,0.9491,0.0762,1,0.0000
84,0.0000,-0.5990,1.4491,0.8825,0.0667,1,0.0000
85,0.0000,-0.5995,1.5285,0.9618,0.0794,1,0.0000
86,0.0000,-0.5990,1.4618,0.8951,0.0667,1,0.0000
87,0.0000,-0.5994,1.5444,0.9777,0.0826,1,0.0000
88,0.0000,-0.5990,1.4777,0.9110,0.0667,1,0.0000
89,0.0000,-0.5994,1.5635,0.9968,0.0858,1,0.0000
90,0.0000,-0.5990,1.4968,0.9302,0.0667,1,0.0000
91,0.0000,-0.5995,1.5858,1.0191,0.0890,1,0.0000
92,0.0000,-0.5990,1.5191,0.9524,0.0667,1,0.0000
93,0.0000,-0.5995,1.6113,1.0446,0.0922,1,0.0000
94,0.0000,-0.5990,1.5446,0.9779,0.0667,1,0.0000
95,0.0000,-0.5995,1.6399,1.0733,0.0953,1,0.0000
96,0.0000,-0.5990,1.5732,1.0066,0.0667,1,0.0000
97,0.0000,-0.5995,1.6718,1.1051,0.0985,1,0.0000
98,0.0000,-0.5990,1.6051,1.0384,0.0667,1,0.0000
99,0.0000,-0.5995,1.7067,1.1401,0.1017,1,0.0000
100,0.0000,-0.5990,1.6400,1.0734,0.0667,1,0.0000
101,0.0000,-0.5996,1.7448,1.1782,0.1048,1,0.0000
102,0.0000,-0.5990,1.6781,1.1115,0.0667,1,0.0000
103,0.0000,-0.5996,1.7861,1.2194,0.1079,1,0.0000
104,0.0000,-0.5990,1.7194,1.1527,0.0667,1,0.0000
105,0.0000,-0.5996,1.8304,1.2637,0.1110,1,0.0000
106,0.0000,-0.5990,1.7637,1.1970,0.0667,1,0.0000
107,0.0000,-0.5996,1.8779,1.3112,0.1142,1,0.0000
108,0.0000,-0.5990,1.8112,1.2445,0.0667,1,0.0000
109,0.0000,-0.5996,1.9284,1.3618,0.1173,1,0.0000
110,0.0000,-0.5990,1.8617,1.2951,0.0667,1,0.0000
111,0.0000,-0.5996,1.9821,1.4154,0.1203,1,0.0000
112,0.0000,-0.5990,1.9154,1.3487,0.0667,1,0.0000
113,0.0000,-0.5996,2.0388,1.4721,0.1234,1,0.0000
114,0.0000,-0.5990,1.9721,1.4054,0.0667,1,0.0000
115,0.0000,-0.5997,2.0986,1.5319,0.1265,1,0.0000
116,0.0000,-0.5990,2.0319,1.4652,0.0667,1,0.0000
117,0.0000,-0.5997,2.1614,1.5948,0.1295,1,0.0000
118,0.0000,-0.5990,2.0947,1.5281,0.0667,1,0.0000
119,0.0000,-0.5997,2.2273,1.6607,0.1326,1,0.0000
120,0.0000,-0.5990,2.1606,1.5940,0.0667,1,0.0000
121,0.0000,-0.5997,2.2963,1.7296,0.1356,1,0.0000
122,0.0000,-0.5990,2.2296,1.6629,0.0667,1,0.0000
123,0.0000,-0.5997,2.3682,1.8016,0.1387,1,0.0000
124,0.0000,-0.5990,2.3015,1.7349,0.0667,1,0.0000
125,0.0000,-0.5997,2.4432,1.8765,0.1417,1,0.0000
126,0.0000,-0.5990,2.3765,1.8098,0.0667,1,0.0000
127,0.0000,-0.5997,2.5212,1.9545,0.1447,1,0.0000
128,0.0000,-0.5990,2.4545,1.8878,0.0667,1,0.0000
129,0.0000,-0.5997,2.6022,2.0355,0.1477,1,0.0000
130,0.0000,-0.5990,2.5355,1.9688,0.0667,1,0.0000
131,0.0000,-0.5997,2.6861,2.1195,0.1507,1,0.0000
132,0.0000,-0.5990,2.6194,2.0528,0.0667,1,0.0000
133,0.0000,-0.5997,2.7731,2.2064,0.1536,1,0.0000
134,0.0000,-0.5990,2.7064,2.1397,0.0667,1,0.0000
135,0.0000,-0.5997,2.8630,2.2963,0.1566,1,0.0000
136,0.0000,-0.5990,2.7963,2.2296,0.0667,1,0.0000
137,0.0000,-0.5998,2.9558,2.3892,0.1596,1,0.0000
138,0.0000,-0.5990,2.8892,2.3225,0.0667,1,0.0000
139,0.0000,-0.5998,3.0517,2.4850,0.1625,1,0.0000
140,0.0000,-0.5990,2.9850,2.4183,0.0667,1,0.0000
141,0.0000,-0.5998,3.1504,2.5837,0.1654,1,0.0000
142,0.0000,-0.5990,3.0837,2.5171,0.0667,1,0.0000
143,0.0000,-0.5998,3.2521,2.6854,0.1684,1,0.0000
144,0.0000,-0.5990,3.1854,2.6187,0.0667,1,0.0000
145,0.0000,-0.5998,3.3567,2.7900,0.1713,1,0.0000
146,0.0000,-0.5990,3.2900,2.7233,0.0667,1,0.0000
147,0.0000,-0.5998,3.4642,2.8975,0.1742,1,0.0000
148,0.0000,-0.5990,3.3975,2.8308,0.0667,1,0.0000
149,0.0000,-0.5998,3.5746,3.0079,0.1771,1,0.0000
150,0.0000,-0.5990,3.5079,2.9412,0.0667,1,0.0000
151,0.0000,-0.5998,3.6879,3.1212,0.1800,1,0.0000
152,0.0000,-0.5990,3.6212,3.0545,0.0667,1,0.0000
153,0.0000,-0.5998,3.8040,3.2374,0.1829,1,0.0000
154,0.0000,-0.5990,3.7374,3.1707,0.0667,1,0.0000
155,0.0000,-0.5998,3.9231,3.3564,0.1857,1,0.0000
156,0.0000,-0.5991,3.8564,3.2897,0.0667,1,0.0000
157,0.0000,-0.5998,4.0450,3.4783,0.1886,1,0.0000
158,0.0000,-0.5964,3.9795,3.4128,0.0656,1,0.0000
159,0.0000,-0.6000,4.1709,3.6043,0.1915,1,0.0000
160,0.0000,-0.6213,4.1042,3.5376,0.0701,0,0.0213
161,0.0000,-0.6002,4.3100,3.7434,0.2069,1,0.0002
162,0.0000,-0.6084,4.2434,3.6767,0.0672,0,0.0084
163,0.0000,-0.6201,4.4405,3.8738,0.1975,0,0.0201
164,0.0000,-0.6336,4.3737,3.8072,0.0681,0,0.0336
165,0.0000,-0.6508,4.5737,4.0073,0.2006,0,0.0508
166,0.0000,-0.6698,4.5069,3.9409,0.0694,0,0.0698
167,0.0000,-0.6924,4.7096,4.1440,0.2040,0,0.0924
168,0.0000,-0.7168,4.6429,4.0779,0.0711,0,0.1168
169,0.0000,-0.7449,4.8484,4.2842,0.2074,0,0.1449
170,0.0000,-0.7748,4.7816,4.2186,0.0732,0,0.1748
171,0.0000,-0.8083,4.9899,4.4282,0.2109,0,0.2083
172,0.0000,-0.8436,4.9231,4.3633,0.0756,0,0.2436
173,0.0000,-0.8826,5.1341,4.5763,0.2146,0,0.2826
174,0.0000,-0.9234,5.0673,4.5123,0.0783,0,0.3234
175,0.0000,-0.9678,5.2811,4.7289,0.2184,0,0.3678
176,0.0000,-0.9937,5.2144,4.6644,0.0716,0,0.3937
177,0.0000,-0.9944,5.4311,4.8804,0.2167,0,0.3944
178,0.0000,-0.9942,5.3644,4.8140,0.0667,0,0.3942
179,0.0000,-0.9949,5.5839,5.0328,0.2195,0,0.3949
180,0.0000,-0.9947,5.5172,4.9663,0.0667,0,0.3947
181,0.0000,-0.9954,5.7394,5.1879,0.2222,0,0.3954
182,0.0000,-0.9952,5.6727,5.1214,0.0667,0,0.3952
183,0.0000,-0.9959,5.8977,5.3458,0.2249,0,0.3959
184,0.0000,-0.9957,5.8310,5.2793,0.0667,0,0.3957
185,0.0000,-0.9965,6.0587,5.5064,0.2277,0,0.3965
186,0.0000,-0.9962,5.9920,5.4399,0.0667,0,0.3962
187,0.0000,-0.9970,6.2224,5.6697,0.2304,0,0.3970
188,0.0000,-0.9968,6.1557,5.6032,0.0667,0,0.3968
189,0.0000,-0.9975,6.3888,5.8358,0.2331,0,0.3975
190,0.0000,-0.9973,6.3222,5.7693,0.0667,0,0.3973
191,0.0000,-0.9981,6.5580,6.0046,0.2358,0,0.3981
192,0.0000,-0.9979,6.4913,5.9380,0.0667,0,0.3979
193,0.0000,-0.9987,6.7298,6.1761,0.2385,0,0.3987
194,0.0000,-0.9984,6.6631,6.1095,0.0667,0,0.3984
195,0.0000,-0.9992,6.9043,6.3503,0.2412,0,0.3992
196,0.0000,-0.9990,6.8376,6.2837,0.0667,0,0.3990
197,0.0000,-0.9998,7.0815,6.5271,0.2439,0,0.3998
198,0.0000,-0.9996,7.0148,6.4606,0.0667,0,0.3996
199,0.0000,-1.0004,7.2613,6.7067,0.2465,0,0.4004
200,0.0000,-1.0002,7.1947,6.6401,0.0667,0,0.4002
201,0.0000,-1.0010,7.4439,6.8889,0.2492,0,0.4010
202,0.0000,-1.0008,7.3772,6.8224,0.0667,0,0.4008
203,0.0000,-1.0016,7.6290,7.0738,0.2518,0,0.4016
204,0.0000,-1.0014,7.5624,7.0073,0.0667,0,0.4014
205,0.0006,-0.9534,7.8039,7.2459,0.2463,0,0.3534
206,0.0006,-0.9537,7.7373,7.1794,0.0667,0,0.3537
207,0.0010,-0.9057,7.9799,7.4196,0.2474,0,0.3057
208,0.0010,-0.9065,7.9133,7.3531,0.0667,0,0.3065
209,0.0013,-0.8576,8.1574,7.5952,0.2490,0,0.2576
210,0.0013,-0.8589,8.0908,7.5286,0.0667,0,0.2589
211,0.0014,-0.8087,8.3364,7.7726,0.2507,0,0.2087
212,0.0014,-0.8105,8.2698,7.7061,0.0666,0,0.2105
213,0.0015,-0.7584,8.5170,7.9519,0.2526,0,0.1584
214,0.0015,-0.7608,8.4504,7.8854,0.0666,0,0.1608
215,0.0016,-0.7062,8.6991,8.1331,0.2546,0,0.1062
216,0.0016,-0.7091,8.6326,8.0666,0.0666,0,0.1091
217,0.0016,-0.6516,8.8828,8.3163,0.2568,0,0.0516
218,0.0016,-0.6550,8.8163,8.2498,0.0666,0,0.0550
219,0.0016,-0.5940,9.0680,8.5013,0.2590,0,0.0000
220,0.0016,-0.5980,9.0016,8.4349,0.0665,0,0.0000
221,0.0016,-0.5330,9.2548,8.6883,0.2614,0,0.0000
222,0.0016,-0.5375,9.1884,8.6219,0.0665,0,0.0000
223,0.0015,-0.4682,9.4430,8.8773,0.2638,0,0.0000
224,0.0016,-0.4733,9.3767,8.8109,0.0665,0,0.0000
225,0.0015,-0.3994,9.6326,9.0682,0.2664,0,0.0000
226,0.0015,-0.4050,9.5664,9.0019,0.0664,0,0.0000
227,0.0015,-0.3263,9.8236,9.2610,0.2690,0,0.0000
228,0.0015,-0.3325,9.7575,9.1947,0.0664,0,0.0000
229,0.0015,-0.2489,10.0159,9.4557,0.2716,0,0.0000
230,0.0015,-0.2556,9.9499,9.3896,0.0663,0,0.0000
231,0.0014,-0.1671,10.2095,9.6525,0.2742,0,0.0000
232,0.0015,-0.1743,10.1436,9.5863,0.0663,0,0.0000
233,0.0014,-0.0808,10.4042,9.8511,0.2768,0,0.0000
234,0.0014,-0.0886,10.3384,9.7851,0.0662,0,0.0000
235,0.0014,0.0098,10.6000,10.0517,0.2795,0,0.0000
236,0.0014,0.0015,10.5344,9.9858,0.0661,0,0.0000
237,0.0014,0.1049,10.7968,10.2543,0.2821,0,0.0000
238,0.0014,0.0960,10.7313,10.1884,0.0661,0,0.0000
239,0.0013,0.1959,10.9950,10.4586,0.2819,0,0.0000
240,0.0013,0.1865,10.9297,10.3927,0.0660,0,0.0000
241,0.0011,0.2474,11.1965,10.6634,0.2736,0,0.0000
242,0.0011,0.2376,11.1312,10.5977,0.0659,0,0.0000
243,0.0009,0.2611,11.4015,10.8689,0.2713,0,0.0000
244,0.0009,0.2512,11.3363,10.8032,0.0659,0,0.0000
245,0.0007,0.2452,11.6095,11.0750,0.2732,0,0.0000
246,0.0007,0.2353,11.5443,11.0093,0.0659,0,0.0000
247,0.0005,0.2083,11.8197,11.2819,0.2767,0,0.0000
248,0.0005,0.1986,11.7545,11.2162,0.0659,0,0.0000
249,0.0003,0.1588,12.0314,11.4897,0.2798,0,0.0000
250,0.0003,0.1493,11.9661,11.4240,0.0660,0,0.0000
251,0.0002,0.1036,12.2440,11.6985,0.2817,0,0.0000
252,0.0002,0.0942,12.1787,11.6327,0.0660,0,0.0000
253,0.0001,0.0481,12.4574,11.9084,0.2825,0,0.0000
254,0.0001,0.0389,12.3921,11.8426,0.0660,0,0.0000
255,0.0000,-0.0039,12.6714,12.1194,0.2826,0,0.0000
256,0.0000,-0.0130,12.6060,12.0536,0.0660,0,0.0000
257,-0.0000,-0.0501,12.8860,12.3315,0.2824,0,0.0000
258,-0.0000,-0.0591,12.8205,12.2657,0.0660,0,0.0000
259,-0.0000,-0.0896,13.1012,12.5448,0.2823,0,0.0000
260,-0.0000,-0.0986,13.0357,12.4791,0.0661,0,0.0000
261,-0.0001,-0.1224,13.3171,12.7593,0.2824,0,0.0000
262,-0.0001,-0.1313,13.2516,12.6936,0.0661,0,0.0000
263,-0.0001,-0.1492,13.5339,12.9750,0.2828,0,0.0000
264,-0.0001,-0.1581,13.4684,12.9093,0.0661,0,0.0000
265,-0.0001,-0.1711,13.7515,13.1918,0.2834,0,0.0000
266,-0.0001,-0.1799,13.6861,13.1261,0.0661,0,0.0000
267,-0.0001,-0.1892,13.9702,13.4098,0.2842,0,0.0000
268,-0.0001,-0.1981,13.9047,13.3441,0.0661,0,0.0000
269,-0.0001,-0.2049,14.1898,13.6288,0.2852,0,0.0000
270,-0.0001,-0.2138,14.1243,13.5632,0.0661,0,0.0000
271,-0.0002,-0.2458,14.4113,13.8491,0.2887,0,0.0000
272,-0.0002,-0.2546,14.3458,13.7834,0.0661,0,0.0000
273,-0.0005,-0.3212,14.6344,14.0705,0.2963,0,0.0000
274,-0.0005,-0.3297,14.5689,14.0048,0.0661,0,0.0000
275,-0.0008,-0.4313,14.8588,14.2931,0.3072,0,0.0000
276,-0.0008,-0.4394,14.7931,14.2273,0.0662,0,0.0000
277,-0.0011,-0.5742,15.0834,14.5168,0.3201,0,0.0000
278,-0.0011,-0.5816,15.0176,14.4509,0.0662,0,0.0000
279,-0.0014,-0.7405,15.3078,14.7418,0.3309,0,0.1405
280,-0.0014,-0.7472,15.2418,14.6759,0.0663,0,0.1472
281,-0.0016,-0.9211,15.5315,14.9683,0.3379,0,0.3211
282,-0.0016,-0.9270,15.4654,14.9023,0.0664,0,0.3270
283,-0.0018,-1.1086,15.7546,15.1965,0.3415,0,0.5086
284,-0.0018,-1.1137,15.6883,15.1304,0.0665,0,0.5137
285,-0.0019,-1.2979,15.9772,15.4264,0.3426,0,0.6979
286,-0.0019,-1.3022,15.9109,15.3603,0.0665,0,0.7022
287,-0.0018,-1.4858,16.1997,15.6582,0.3423,0,0.8858
288,-0.0018,-1.4893,16.1332,15.5920,0.0666,0,0.8893
289,-0.0017,-1.6708,16.4223,15.8918,0.3413,0,1.0708
290,-0.0017,-1.6736,16.3557,15.8256,0.0666,0,1.0736
291,-0.0015,-1.8530,16.6451,16.1273,0.3405,0,1.2530
292,-0.0015,-1.8551,16.5785,16.0611,0.0666,0,1.2551
293,-0.0013,-2.0333,16.8684,16.3647,0.3402,0,1.4333
294,-0.0013,-2.0347,16.8018,16.2985,0.0667,0,1.4347
295,-0.0010,-2.2132,17.0920,16.6040,0.3407,0,1.6132
296,-0.0010,-2.2140,17.0253,16.5377,0.0667,0,1.6140
297,-0.0008,-2.3943,17.3159,16.8451,0.3419,0,1.7943
298,-0.0008,-2.3945,17.2492,16.7789,0.0667,0,1.7945
299,-0.0006,-2.5785,17.5398,17.0881,0.3439,0,1.9785
300,-0.0006,-2.5780,17.4731,17.0219,0.0667,0,1.9780
301,-0.0002,-2.7415,17.7669,17.3332,0.3362,0,2.1415
302,-0.0002,-2.7406,17.7002,17.2669,0.0667,0,2.1406
303,0.0002,-2.8671,17.9996,17.5798,0.3250,0,2.2671
304,0.0002,-2.8658,17.9329,17.5136,0.0667,0,2.2658
305,0.0005,-2.9930,18.2330,17.8278,0.3259,0,2.3930
306,0.0005,-2.9913,18.1663,17.7615,0.0666,0,2.3913
307,0.0008,-3.1204,18.4670,18.0770,0.3272,0,2.5204
308,0.0008,-3.1183,18.4004,18.0108,0.0666,0,2.5183
309,0.0009,-3.2464,18.7007,18.3262,0.3265,0,2.6464
310,0.0009,-3.2437,18.6341,18.2600,0.0666,0,2.6437
311,0.0011,-3.3699,18.9339,18.5750,0.3252,0,2.7699
312,0.0011,-3.3668,18.8673,18.5088,0.0666,0,2.7668
313,0.0010,-3.4960,19.1664,18.8240,0.3258,0,2.8960
314,0.0010,-3.4924,19.1000,18.7578,0.0666,0,2.8924
315,0.0007,-3.6424,19.3977,19.0754,0.3334,0,3.0424
316,0.0007,-3.6381,19.3313,19.0091,0.0665,0,3.0381
317,0.0001,-3.8079,19.6280,19.3296,0.3419,0,3.2079
318,0.0001,-3.8030,19.5617,19.2634,0.0665,0,3.2030
319,-0.0004,-3.9898,19.8581,19.5872,0.3504,0,3.3898
320,-0.0004,-3.9842,19.7919,19.5210,0.0664,0,3.3842
321,-0.0010,-4.1853,20.0884,19.8484,0.3583,0,3.5853
322,-0.0010,-4.1789,20.0224,19.7823,0.0664,0,3.5789
323,-0.0015,-4.3917,20.3195,20.1137,0.3655,0,3.7917
324,-0.0015,-4.3846,20.2536,20.0476,0.0663,0,3.7846
325,-0.0019,-4.6072,20.5516,20.3829,0.3719,0,4.0072
326,-0.0019,-4.5994,20.4859,20.3169,0.0662,0,3.9994
327,-0.0023,-4.8303,20.7849,20.6562,0.3778,0,4.2303
328,-0.0023,-4.8217,20.7193,20.5903,0.0661,0,4.2217
329,-0.0025,-5.0602,21.0193,20.9335,0.3832,0,4.4602
330,-0.0025,-5.0510,20.9539,20.8677,0.0660,0,4.4510
331,-0.0024,-5.2807,21.2583,21.2146,0.3813,0,4.6807
332,-0.0024,-5.2709,21.1931,21.1489,0.0659,0,4.6709
333,-0.0018,-5.4365,21.5141,21.4987,0.3612,0,4.8365
334,-0.0018,-5.4262,21.4490,21.4330,0.0658,0,4.8262
335,-0.0007,-5.5288,21.7871,21.7856,0.3533,0,4.9288
336,-0.0007,-5.5183,21.7222,21.7199,0.0658,0,4.9183
337,0.0006,-5.5619,22.0767,22.0751,0.3571,0,4.9619
338,0.0006,-5.5512,22.0118,22.0095,0.0658,0,4.9512
339,0.0020,-5.5389,22.3815,22.3672,0.3700,0,4.9389
340,0.0020,-5.5283,22.3166,22.3015,0.0658,0,4.9283
341,0.0033,-5.4680,22.6993,22.6619,0.3874,0,4.8680
342,0.0033,-5.4576,22.6343,22.5962,0.0658,0,4.8576
343,0.0043,-5.3688,23.0254,22.9596,0.4010,0,4.7688
344,0.0043,-5.3585,22.9603,22.8939,0.0659,0,4.7585
345,0.0048,-5.2587,23.3559,23.2608,0.4080,0,4.6587
346,0.0048,-5.2487,23.2908,23.1949,0.0659,0,4.6487
347,0.0050,-5.1510,23.6884,23.5656,0.4095,0,4.5510
348,0.0050,-5.1412,23.6232,23.4997,0.0659,0,4.5412
349,0.0047,-5.0544,24.0215,23.8742,0.4077,0,4.4544
350,0.0047,-5.0448,23.9562,23.8083,0.0660,0,4.4448
351,0.0042,-4.9737,24.3548,24.1870,0.4048,0,4.3737
352,0.0042,-4.9643,24.2895,24.1211,0.0660,0,4.3643
353,0.0035,-4.9105,24.6883,24.5039,0.4024,0,4.3105
354,0.0035,-4.9012,24.6230,24.4380,0.0660,0,4.3012
355,0.0062,-4.6604,25.0417,24.8097,0.4831,0,4.0604
356,0.0062,-4.6517,24.9762,24.7437,0.0661,0,4.0517
357,0.0067,-4.3513,25.3987,25.1140,0.5184,0,3.7513
358,0.0067,-4.3434,25.3330,25.0478,0.0662,0,3.7434
359,0.0069,-4.0506,25.7531,25.4218,0.5120,0,3.4506
360,0.0069,-4.0434,25.6872,25.3555,0.0663,0,3.4434
361,0.0069,-3.7463,26.1078,25.7343,0.5150,0,3.1463
362,0.0069,-3.7324,26.0448,25.6701,0.0646,0,3.1324
363,0.0067,-3.4349,26.4651,26.0532,0.5150,0,2.8349
364,0.0067,-3.4204,26.4021,25.9891,0.0646,0,2.8204
365,0.0066,-3.1190,26.8216,26.3756,0.5165,0,2.5190
366,0.0066,-3.1052,26.7584,26.3114,0.0647,0,2.5052
367,0.0064,-2.7964,27.1771,26.7010,0.5203,0,2.1964
368,0.0063,-2.7833,27.1137,26.6368,0.0647,0,2.1833
369,0.0061,-2.4643,27.5317,27.0295,0.5258,0,1.8643
370,0.0061,-2.4519,27.4682,26.9652,0.0648,0,1.8519
371,0.0059,-2.1205,27.8853,27.3610,0.5327,0,1.5205
372,0.0059,-2.1089,27.8215,27.2967,0.0648,0,1.5089
373,0.0057,-1.7637,28.2375,27.6953,0.5405,0,1.1637
374,0.0057,-1.7528,28.1736,27.6310,0.0648,0,1.1528
375,0.0055,-1.3931,28.5880,28.0326,0.5488,0,0.7931
376,0.0055,-1.3829,28.5240,27.9683,0.0648,0,0.7829
377,0.0053,-1.0083,28.9364,28.3727,0.5572,0,0.4083
378,0.0053,-0.9988,28.8723,28.3084,0.0649,0,0.3988
379,0.0049,-0.6345,29.2823,28.7156,0.5485,0,0.0345
380,0.0049,-0.6258,29.2180,28.6513,0.0649,0,0.0258
381,0.0040,-0.3913,29.6268,29.0608,0.4713,0,0.0000
382,0.0040,-0.3830,29.5624,28.9966,0.0649,0,0.0000
383,0.0029,-0.2733,29.9731,29.4083,0.4251,0,0.0000
384,0.0029,-0.2652,29.9088,29.3440,0.0649,0,0.0000
385,0.0018,-0.2514,30.3225,29.7579,0.4140,0,0.0000
386,0.0018,-0.2433,30.2582,29.6936,0.0649,0,0.0000
387,0.0008,-0.2954,30.6748,30.1096,0.4198,0,0.0000
388,0.0008,-0.2872,30.6104,30.0454,0.0649,0,0.0000
389,-0.0000,-0.3776,31.0293,30.4635,0.4286,0,0.0000
390,-0.0000,-0.3692,30.9650,30.3992,0.0649,0,0.0000
391,-0.0006,-0.4752,31.3858,30.8194,0.4340,0,0.0000
392,-0.0006,-0.4666,31.3216,30.7552,0.0649,0,0.0000
393,0.0349,-0.5694,31.7437,31.1771,0.4359,0,0.0000
394,0.0349,-0.5605,31.6795,31.1129,0.0649,0,0.0000
395,0.1857,-0.6454,32.1016,31.5355,0.4562,0,0.0454
396,0.1857,-0.6363,32.0373,31.4713,0.0649,0,0.0363
397,0.4090,-0.6992,32.4587,31.8949,0.4810,0,0.0992
398,0.4089,-0.6901,32.3945,31.8306,0.0649,0,0.0901
399,0.6779,-0.7298,32.8146,32.2553,0.5004,0,0.1298
400,0.6778,-0.7205,32.7504,32.1911,0.0649,0,0.1205
401,0.9755,-0.7382,33.1687,32.6169,0.5137,0,0.1382
402,0.9753,-0.7289,33.1045,32.5527,0.0649,0,0.1289
403,1.2914,-0.7274,33.5208,32.9797,0.5227,0,0.1274
404,1.2912,-0.7181,33.4567,32.9155,0.0649,0,0.1181
405,1.6194,-0.7012,33.8709,33.3437,0.5288,0,0.1012
406,1.6191,-0.6919,33.8067,33.2796,0.0649,0,0.0919
407,1.9558,-0.6641,34.2187,33.7089,0.5328,0,0.0641
408,1.9555,-0.6548,34.1545,33.6448,0.0649,0,0.0548
409,2.2986,-0.6202,34.5643,34.0752,0.5356,0,0.0202
410,2.2983,-0.6109,34.5001,34.0111,0.0649,0,0.0109
411,2.6470,-0.5732,34.9074,34.4426,0.5376,0,0.0000
412,2.6467,-0.5639,34.8432,34.3786,0.0649,0,0.0000
413,3.0007,-0.5261,35.2482,34.8112,0.5392,0,0.0000
414,3.0004,-0.5168,35.1840,34.7472,0.0649,0,0.0000
415,3.3600,-0.4810,35.5863,35.1807,0.5408,0,0.0000
416,3.3597,-0.4718,35.5221,35.1168,0.0649,0,0.0000
417,3.7252,-0.4392,35.9218,35.5512,0.5426,0,0.0000
418,3.7249,-0.4300,35.8576,35.4874,0.0649,0,0.0000
419,4.0972,-0.4013,36.2543,35.9226,0.5448,0,0.0000
420,4.0969,-0.3922,36.1901,35.8588,0.0649,0,0.0000
421,4.4767,-0.3672,36.5837,36.2949,0.5475,0,0.0000
422,4.4764,-0.3581,36.5195,36.2312,0.0649,0,0.0000
423,4.8649,-0.3363,36.9095,36.6680,0.5510,0,0.0000
424,4.8646,-0.3272,36.8453,36.6043,0.0649,0,0.0000
425,5.2631,-0.3077,37.2314,37.0417,0.5552,0,0.0000
426,5.2628,-0.2986,37.1672,36.9782,0.0649,0,0.0000
427,5.6728,-0.2801,37.5489,37.4161,0.5604,0,0.0000
428,5.6726,-0.2711,37.4846,37.3526,0.0649,0,0.0000
429,6.1287,-0.2458,37.8549,37.7902,0.5881,0,0.0000
430,6.1284,-0.2368,37.7907,37.7268,0.0649,0,0.0000
431,6.7059,-0.1883,38.1326,38.1620,0.6729,0,0.0000
432,6.7057,-0.1793,38.0683,38.0988,0.0649,0,0.0000
433,7.3591,-0.1156,38.3862,38.5319,0.7295,0,0.0000
434,7.3588,-0.1066,38.3219,38.4689,0.0649,0,0.0000
435,8.0597,-0.0331,38.6187,38.9003,0.7647,0,0.0000
436,8.0594,-0.0242,38.5544,38.8375,0.0649,0,0.0000
437,8.7900,0.0555,38.8319,39.2673,0.7856,0,0.0000
438,8.7897,0.0643,38.7675,39.2046,0.0649,0,0.0000
439,9.5393,0.1472,39.0270,39.6327,0.7976,0,0.0000
440,9.5389,0.1560,38.9627,39.5704,0.0650,0,0.0000
441,10.3012,0.2398,39.2050,39.9967,0.8042,0,0.0000
442,10.3007,0.2486,39.1406,39.9346,0.0650,0,0.0000
443,11.0722,0.3314,39.3661,40.3591,0.8080,0,0.0000
444,11.0717,0.3401,39.3017,40.2973,0.0650,0,0.0000
445,11.8506,0.4204,39.5105,40.7197,0.8104,0,0.0000
446,11.8502,0.4291,39.4461,40.6582,0.0650,0,0.0000
447,12.6359,0.5058,39.6378,41.0785,0.8125,0,0.0000
448,12.6355,0.5144,39.5734,41.0173,0.0650,0,0.0000
449,13.4283,0.5868,39.7478,41.4353,0.8150,0,0.0000
450,13.4278,0.5954,39.6833,41.3744,0.0650,0,0.0000
451,14.2284,0.6634,39.8395,41.7899,0.8185,0,0.0000
452,14.2280,0.6719,39.7750,41.7294,0.0650,0,0.0000
453,15.0373,0.7361,39.9121,42.1422,0.8233,0,0.0000
454,15.0368,0.7445,39.8475,42.0820,0.0651,0,0.0000
455,15.8562,0.8057,39.9642,42.4919,0.8299,0,0.0000
456,15.8558,0.8140,39.8997,42.4321,0.0651,0,0.0000
457,16.6867,0.8739,39.9944,42.8388,0.8385,0,0.0000
458,16.6863,0.8821,39.9298,42.7795,0.0651,0,0.0000
459,17.5307,0.9424,40.0006,43.1826,0.8495,0,0.0000
460,17.5303,0.9505,39.9360,43.1237,0.0651,0,0.0000
461,18.3891,1.0131,39.9813,43.5232,0.8622,0,0.0000
462,18.3886,1.0211,39.9166,43.4648,0.0652,0,0.0000
463,19.3417,1.1266,39.8904,43.8570,0.9592,0,0.0000
464,19.3413,1.1345,39.8257,43.7991,0.0652,0,0.0000
465,20.3720,1.2776,39.7286,44.1837,1.0451,0,0.0000
466,20.3716,1.2853,39.6638,44.1264,0.0652,0,0.0000
467,21.4450,1.4497,39.5090,44.5038,1.0969,0,0.0000
468,21.4445,1.4573,39.4442,44.4472,0.0653,0,0.0000
469,22.5394,1.6315,39.2399,44.8176,1.1273,0,0.0000
470,22.5390,1.6390,39.1750,44.7618,0.0653,0,0.0000
471,23.6420,1.8145,38.9269,45.1252,1.1442,0,0.0000
472,23.6416,1.8218,38.8620,45.0702,0.0653,0,0.0000
473,24.7432,1.9915,38.5750,45.4265,1.1510,0,0.0000
474,24.7428,1.9987,38.5100,45.3723,0.0654,0,0.0000
475,25.8369,2.1572,38.1875,45.7216,1.1516,0,0.0000
476,25.8365,2.1642,38.1224,45.6683,0.0654,0,0.0000
477,26.9195,2.3081,37.7668,46.0104,1.1490,0,0.0000
478,26.9191,2.3149,37.7017,45.9580,0.0655,0,0.0000
479,27.9890,2.4423,37.3143,46.2928,1.1450,0,0.0000
480,27.9886,2.4489,37.2491,46.2412,0.0655,0,0.0000
481,29.0444,2.5593,36.8307,46.5686,1.1411,0,0.0000
482,29.0440,2.5657,36.7654,46.5180,0.0655,0,0.0000
483,30.0851,2.6600,36.3163,46.8377,1.1378,0,0.0000
484,30.0848,2.6662,36.2510,46.7881,0.0656,0,0.0000
485,31.1108,2.7463,35.7708,47.1000,1.1357,0,0.0000
486,31.1105,2.7523,35.7055,47.0513,0.0656,0,0.0000
487,32.1213,2.8210,35.1939,47.3552,1.1350,0,0.0000
488,32.1210,2.8268,35.1285,47.3076,0.0657,0,0.0000
489,33.1166,2.8873,34.5845,47.6033,1.1361,0,0.0000
490,33.1163,2.8929,34.5191,47.5568,0.0657,0,0.0000
491,34.0966,2.9490,33.9416,47.8440,1.1391,0,0.0000
492,34.0963,2.9544,33.8761,47.7986,0.0658,0,0.0000
493,35.0601,3.0086,33.2652,48.0772,1.1424,0,0.0000
494,35.0599,3.0138,33.1995,48.0328,0.0658,0,0.0000
495,36.0046,3.0670,32.5572,48.3028,1.1437,0,0.0000
496,36.0044,3.0719,32.4915,48.2595,0.0659,0,0.0000
497,36.9279,3.1250,31.8193,48.5207,1.1435,0,0.0000
498,36.9277,3.1297,31.7535,48.4786,0.0659,0,0.0000
499,37.8285,3.1833,31.0528,48.7310,1.1425,0,0.0000
500,37.8284,3.1877,30.9870,48.6900,0.0660,0,0.0000
501,38.7052,3.2425,30.2589,48.9334,1.1411,0,0.0000
502,38.7051,3.2466,30.1930,48.8937,0.0660,0,0.0000
503,39.5384,3.2791,29.4692,49.1292,1.1043,0,0.0000
504,39.5383,3.2831,29.4032,49.0907,0.0661,0,0.0000
505,40.2880,3.2395,28.7582,49.3216,0.9899,0,0.0000
506,40.2879,3.2432,28.6923,49.2841,0.0661,0,0.0000
507,40.9774,3.1522,28.0988,49.5100,0.9142,0,0.0000
508,40.9773,3.1558,28.0328,49.4735,0.0661,0,0.0000
509,41.6208,3.0388,27.4731,49.6939,0.8608,0,0.0000
510,41.6208,3.0421,27.4070,49.6584,0.0662,0,0.0000
511,42.2274,2.9155,26.8696,49.8734,0.8203,0,0.0000
512,42.2274,2.9186,26.8035,49.8387,0.0662,0,0.0000
513,42.8030,2.7944,26.2808,50.0483,0.7873,0,0.0000
514,42.8030,2.7974,26.2147,50.0146,0.0662,0,0.0000
515,43.3515,2.6846,25.7020,50.2187,0.7592,0,0.0000
516,43.3515,2.6873,25.6358,50.1858,0.0663,0,0.0000
517,43.8757,2.5919,25.1299,50.3846,0.7347,0,0.0000
518,43.8758,2.5945,25.0636,50.3526,0.0663,0,0.0000
519,44.3778,2.5202,24.5623,50.5461,0.7134,0,0.0000
520,44.3779,2.5226,24.4960,50.5149,0.0663,0,0.0000
521,44.8595,2.4709,23.9977,50.7032,0.6949,0,0.0000
522,44.8596,2.4731,23.9314,50.6728,0.0664,0,0.0000
523,45.3222,2.4438,23.4350,50.8559,0.6792,0,0.0000
524,45.3223,2.4459,23.3686,50.8263,0.0664,0,0.0000
525,45.7673,2.4376,22.8731,51.0043,0.6660,0,0.0000
526,45.7674,2.4395,22.8067,50.9755,0.0664,0,0.0000
527,46.1957,2.4496,22.3112,51.1485,0.6551,0,0.0000
528,46.1959,2.4513,22.2448,51.1205,0.0665,0,0.0000
529,46.6086,2.4769,21.7485,51.2883,0.6461,0,0.0000
530,46.6087,2.4784,21.6820,51.2611,0.0665,0,0.0000
531,47.0069,2.5161,21.1839,51.4239,0.6388,0,0.0000
532,47.0070,2.5174,21.1174,51.3975,0.0665,0,0.0000
533,47.3913,2.5638,20.6166,51.5552,0.6330,0,0.0000
534,47.3915,2.5650,20.5500,51.5296,0.0665,0,0.0000
535,47.7628,2.6169,20.0454,51.6822,0.6287,0,0.0000
536,47.7630,2.6179,19.9789,51.6574,0.0666,0,0.0000
537,48.1221,2.6729,19.4692,51.8049,0.6259,0,0.0000
538,48.1223,2.6737,19.4026,51.7808,0.0666,0,0.0000
539,48.4698,2.7295,18.8867,51.9232,0.6246,0,0.0000
540,48.4700,2.7301,18.8201,51.9000,0.0666,0,0.0000
541,48.8065,2.7854,18.2962,52.0372,0.6251,0,0.0000
542,48.8067,2.7858,18.2296,52.0147,0.0666,0,0.0000
543,49.1327,2.8398,17.6962,52.1466,0.6274,0,0.0000
544,49.1329,2.8400,17.6296,52.1250,0.0667,0,0.0000
545,49.4486,2.8925,17.0846,52.2513,0.6320,0,0.0000
546,49.4489,2.8926,17.0180,52.2305,0.0667,0,0.0000
547,49.7547,2.9441,16.4593,52.3513,0.6389,0,0.0000
548,49.7549,2.9440,16.3926,52.3313,0.0667,0,0.0000
549,50.0510,2.9956,15.8177,52.4463,0.6487,0,0.0000
550,50.0513,2.9953,15.7510,52.4272,0.0667,0,0.0000
551,50.3377,3.0485,15.1569,52.5363,0.6617,0,0.0000
552,50.3379,3.0480,15.0902,52.5180,0.0667,0,0.0000
553,50.6147,3.1035,14.4734,52.6208,0.6783,0,0.0000
554,50.6160,3.0797,14.4067,52.6028,0.0708,0,0.0000
555,50.8661,3.0341,13.8657,52.7013,0.5978,0,0.0000
556,50.8666,3.0259,13.7990,52.6844,0.0672,0,0.0000
557,51.0523,2.7852,13.5529,52.7867,0.3912,0,0.0000
558,51.0530,2.7715,13.4862,52.7701,0.0681,0,0.0000
559,51.1994,2.4016,13.4240,52.8743,0.4026,0,0.0000
560,51.2002,2.3825,13.3573,52.8579,0.0694,0,0.0000
561,51.3193,1.9502,13.4104,52.9634,0.4515,0,0.0000
562,51.3202,1.9256,13.3437,52.9470,0.0711,0,0.0000
563,51.4189,1.4782,13.4694,53.0537,0.4751,0,0.0000
564,51.4197,1.4482,13.4027,53.0372,0.0732,0,0.0000
565,51.5031,1.0192,13.5749,53.1451,0.4698,0,0.0000
566,51.5038,0.9837,13.5082,53.1284,0.0756,0,0.0000
567,51.5757,0.5956,13.7106,53.2376,0.4436,0,0.0000
568,51.5763,0.5548,13.6439,53.2208,0.0783,0,0.0000
569,51.6400,0.2215,13.8666,53.3315,0.4059,0,0.0000
570,51.6403,0.1752,13.7999,53.3145,0.0812,0,0.0000
571,51.6984,-0.0966,14.0367,53.4268,0.3652,0,0.0000
572,51.6986,-0.1483,13.9699,53.4097,0.0845,0,0.0000
573,51.7532,-0.3577,14.2173,53.5238,0.3287,0,0.0000
574,51.7533,-0.4149,14.1505,53.5066,0.0879,0,0.0000
575,51.8058,-0.5658,14.4060,53.6225,0.3014,0,0.0000
576,51.8057,-0.6284,14.3392,53.6052,0.0916,0,0.0284
577,51.8573,-0.7279,14.6015,53.7231,0.2853,0,0.1279
578,51.8572,-0.7959,14.5347,53.7058,0.0954,0,0.1959
579,51.9084,-0.8535,14.8030,53.8258,0.2792,0,0.2535
580,51.9083,-0.9270,14.7361,53.8085,0.0994,0,0.3270
581,51.9595,-0.9533,15.0099,53.9307,0.2798,0,0.3533
582,51.9595,-1.0296,14.9430,53.9134,0.1015,0,0.4296
583,52.0108,-0.9537,15.2221,54.0373,0.2938,0,0.3537
584,52.0108,-0.9535,15.1555,54.0193,0.0667,0,0.3535
585,52.0620,-0.8622,15.4394,54.1454,0.3026,0,0.2622
586,52.0620,-0.8620,15.3727,54.1271,0.0667,0,0.2620
587,52.1129,-0.7647,15.6613,54.2553,0.3087,0,0.1647
588,52.1129,-0.7645,15.5946,54.2368,0.0667,0,0.1645
589,52.1638,-0.6693,15.8875,54.3672,0.3122,0,0.0693
590,52.1638,-0.6691,15.8209,54.3484,0.0667,0,0.0691
591,52.2144,-0.5821,16.1179,54.4811,0.3136,0,0.0000
592,52.2144,-0.5819,16.0512,54.4621,0.0667,0,0.0000
593,52.2651,-0.5077,16.3522,54.5970,0.3141,0,0.0000
594,52.2651,-0.5075,16.2855,54.5778,0.0667,0,0.0000
595,52.3159,-0.4488,16.5902,54.7150,0.3144,0,0.0000
596,52.3159,-0.4486,16.5235,54.6955,0.0667,0,0.0000
597,52.3670,-0.4065,16.8316,54.8351,0.3151,0,0.0000
598,52.3670,-0.4063,16.7650,54.8154,0.0667,0,0.0000
599,52.4184,-0.3806,17.0762,54.9573,0.3165,0,0.0000
600,52.4184,-0.3804,17.0096,54.9373,0.0667,0,0.0000
601,52.4703,-0.3699,17.3237,55.0816,0.3185,0,0.0000
602,52.4703,-0.3697,17.2570,55.0614,0.0667,0,0.0000
603,52.5228,-0.3722,17.5737,55.2081,0.3210,0,0.0000
604,52.5228,-0.3720,17.5070,55.1876,0.0667,0,0.0000
605,52.5759,-0.3849,17.8259,55.3368,0.3236,0,0.0000
606,52.5759,-0.3847,17.7593,55.3160,0.0667,0,0.0000
607,52.6298,-0.4051,18.0801,55.4676,0.3260,0,0.0000
608,52.6298,-0.4049,18.0134,55.4465,0.0667,0,0.0000
609,52.6844,-0.4298,18.3358,55.6005,0.3279,0,0.0000
610,52.6844,-0.4296,18.2692,55.5793,0.0667,0,0.0000
611,52.7400,-0.4564,18.5927,55.7357,0.3294,0,0.0000
612,52.7400,-0.4562,18.5261,55.7142,0.0667,0,0.0000
613,52.7967,-0.4824,18.8504,55.8731,0.3303,0,0.0000
614,52.7967,-0.4822,18.7837,55.8513,0.0667,0,0.0000
615,52.8546,-0.5057,19.1083,56.0126,0.3306,0,0.0000
616,52.8546,-0.5055,19.0416,55.9905,0.0667,0,0.0000
617,52.9139,-0.5247,19.3661,56.1542,0.3304,0,0.0000
618,52.9139,-0.5245,19.2994,56.1320,0.0667,0,0.0000
619,52.9748,-0.5383,19.6230,56.2981,0.3296,0,0.0000
620,52.9748,-0.5381,19.5564,56.2755,0.0667,0,0.0000
621,53.0375,-0.5456,19.8785,56.4440,0.3283,0,0.0000
622,53.0375,-0.5454,19.8119,56.4213,0.0667,0,0.0000
623,53.1024,-0.5462,20.1318,56.5921,0.3265,0,0.0000
624,53.1024,-0.5460,20.0652,56.5691,0.0667,0,0.0000
625,53.1698,-0.5400,20.3820,56.7422,0.3239,0,0.0000
626,53.1698,-0.5398,20.3153,56.7189,0.0667,0,0.0000
627,53.2508,-0.5047,20.5970,56.8935,0.2952,0,0.0000
628,53.2508,-0.5045,20.5303,56.8701,0.0667,0,0.0000
629,53.3693,-0.3936,20.7083,57.0439,0.2408,0,0.0000
630,53.3693,-0.3934,20.6416,57.0204,0.0667,0,0.0000
631,53.5102,-0.2427,20.7580,57.1940,0.2368,0,0.0000
632,53.5102,-0.2426,20.6913,57.1705,0.0667,0,0.0000
633,53.6640,-0.0763,20.7719,57.3441,0.2404,0,0.0000
634,53.6640,-0.0761,20.7052,57.3206,0.0667,0,0.0000
635,53.8249,0.0890,20.7656,57.4942,0.2383,0,0.0000
636,53.8248,0.0892,20.6989,57.4708,0.0667,0,0.0000
637,53.9895,0.2419,20.7484,57.6444,0.2300,0,0.0000
638,53.9895,0.2421,20.6817,57.6211,0.0667,0,0.0000
639,54.1561,0.3750,20.7258,57.7947,0.2176,0,0.0000
640,54.1561,0.3752,20.6592,57.7715,0.0667,0,0.0000
641,54.3236,0.4841,20.7010,57.9450,0.2041,0,0.0000
642,54.3236,0.4843,20.6343,57.9218,0.0667,0,0.0000
643,54.4917,0.5675,20.6753,58.0953,0.1919,0,0.0000
644,54.4917,0.5677,20.6086,58.0722,0.0667,0,0.0000
645,54.6601,0.6256,20.6494,58.2455,0.1827,0,0.0000
646,54.6601,0.6258,20.5827,58.2226,0.0667,0,0.0000
647,54.8289,0.6606,20.6231,58.3957,0.1770,0,0.0000
648,54.8289,0.6607,20.5565,58.3728,0.0667,0,0.0000
649,54.9982,0.6756,20.5962,58.5458,0.1745,0,0.0000
650,54.9982,0.6758,20.5295,58.5230,0.0667,0,0.0000
651,55.1682,0.6749,20.5676,58.6957,0.1742,0,0.0000
652,55.1682,0.6751,20.5009,58.6730,0.0667,0,0.0000
653,55.3390,0.6631,20.5364,58.8455,0.1749,0,0.0000
654,55.3390,0.6632,20.4698,58.8229,0.0667,0,0.0000
655,55.5109,0.6447,20.5015,58.9949,0.1758,0,0.0000
656,55.5109,0.6449,20.4348,58.9724,0.0667,0,0.0000
657,55.6842,0.6245,20.4613,59.1441,0.1765,0,0.0000
658,55.6842,0.6247,20.3946,59.1217,0.0667,0,0.0000
659,55.8594,0.6066,20.4141,59.2928,0.1771,0,0.0000
660,55.8594,0.6068,20.3474,59.2705,0.0667,0,0.0000
661,56.0368,0.5950,20.3579,59.4411,0.1782,0,0.0000
662,56.0368,0.5952,20.2912,59.4189,0.0667,0,0.0000
663,56.2172,0.5929,20.2904,59.5887,0.1804,0,0.0000
664,56.2172,0.5931,20.2237,59.5667,0.0667,0,0.0000
665,56.4011,0.6032,20.2088,59.7356,0.1848,0,0.0000
666,56.4011,0.6033,20.1421,59.7137,0.0667,0,0.0000
667,56.5890,0.6273,20.1110,59.8815,0.1919,0,0.0000
668,56.5890,0.6274,20.0444,59.8598,0.0667,0,0.0000
669,56.8882,0.9334,19.6281,60.0163,0.5970,0,0.0000
670,56.8882,0.9336,19.5614,59.9951,0.0667,0,0.0000
671,57.2727,1.4805,18.7916,60.1384,1.0197,0,0.0000
672,57.2727,1.4806,18.7249,60.1183,0.0667,0,0.0000
673,57.6883,2.1540,17.7273,60.2496,1.2734,0,0.0000
674,57.6883,2.1541,17.6606,60.2306,0.0667,0,0.0000
675,58.1003,2.8693,16.5194,60.3504,1.4084,0,0.0000
676,58.1003,2.8694,16.4527,60.3328,0.0667,0,0.0000
677,58.4897,3.5666,15.2200,60.4410,1.4687,0,0.0000
678,58.4897,3.5667,15.1534,60.4249,0.0667,0,0.0000
679,58.8477,4.2042,13.8611,60.5216,1.4848,0,0.0000
680,58.8477,4.2043,13.7944,60.5070,0.0667,0,0.0000
681,59.1711,4.7541,12.4618,60.5919,1.4774,0,0.0000
682,59.1711,4.7542,12.3951,60.5788,0.0667,0,0.0000
683,59.4595,5.1997,11.0341,60.6517,1.4608,0,0.0000
684,59.4595,5.1998,10.9675,60.6402,0.0667,0,0.0000
685,59.7131,5.5333,9.5858,60.7010,1.4438,0,0.0000
686,59.7131,5.5335,9.5191,60.6911,0.0667,0,0.0000
687,59.9320,5.7556,8.1218,60.7396,1.4317,0,0.0000
688,59.9319,5.7557,8.0551,60.7314,0.0667,0,0.0000
689,60.1152,5.8736,6.6458,60.7675,1.4260,0,0.0000
690,60.1152,5.8737,6.5792,60.7608,0.0667,0,0.0000
691,60.2613,5.8993,5.1610,60.7845,1.4259,0,0.0000
692,60.2613,5.8994,5.0943,60.7795,0.0667,0,0.0000
693,60.3682,5.8482,3.6699,60.7908,1.4294,0,0.0000
694,60.3682,5.8482,3.6032,60.7874,0.0667,0,0.0000
695,60.4336,5.7373,2.1748,60.7862,1.4342,0,0.0000
696,60.4336,5.7373,2.1081,60.7845,0.0667,0,0.0000
697,60.4553,5.5842,0.6780,60.7708,1.4385,0,0.0000
698,60.4553,5.5842,0.6113,60.7707,0.0667,0,0.0000
699,60.4312,5.4057,-0.8183,60.7446,1.4409,0,0.0000
700,60.4312,5.4056,-0.8850,60.7461,0.0667,0,0.0000
701,60.3598,5.2166,-2.3119,60.7076,1.4411,0,0.0000
702,60.3598,5.2165,-2.3785,60.7108,0.0667,0,0.0000
703,60.2406,5.0279,-3.7985,60.6601,1.4374,0,0.0000
704,60.2406,5.0280,-3.7318,60.6553,0.0667,0,0.0000
705,60.0829,4.8448,-5.0015,60.5854,1.2925,0,0.0000
706,60.0829,4.8449,-4.9348,60.5793,0.0667,0,0.0000
707,59.8885,4.6702,-6.1808,60.4973,1.2731,0,0.0000
708,59.8884,4.6703,-6.1141,60.4899,0.0667,0,0.0000
709,59.6589,4.5073,-7.3326,60.3958,1.2506,0,0.0000
710,59.6589,4.5074,-7.2659,60.3871,0.0667,0,0.0000
711,59.3960,4.3581,-8.4552,60.2815,1.2271,0,0.0000
712,59.3960,4.3582,-8.3885,60.2715,0.0667,0,0.0000
713,59.1015,4.2239,-9.5479,60.1544,1.2037,0,0.0000
714,59.1015,4.2240,-9.4812,60.1432,0.0667,0,0.0000
715,58.7770,4.1047,-10.6110,60.0150,1.1815,0,0.0000
716,58.7769,4.1048,-10.5443,60.0026,0.0667,0,0.0000
717,58.4238,3.9999,-11.6452,59.8633,1.1609,0,0.0000
718,58.4238,4.0000,-11.5786,59.8498,0.0667,0,0.0000
719,58.0433,3.9084,-12.6517,59.6998,1.1422,0,0.0000
720,58.0433,3.9084,-12.5850,59.6851,0.0667,0,0.0000
721,57.6367,3.8283,-13.6316,59.5246,1.1256,0,0.0000
722,57.6367,3.8283,-13.5649,59.5088,0.0667,0,0.0000
723,57.2049,3.7580,-14.5864,59.3380,1.1112,0,0.0000
724,57.2049,3.7580,-14.5197,59.3210,0.0667,0,0.0000
725,56.7485,3.6955,-15.5176,59.1400,1.0991,0,0.0000
726,56.7485,3.6955,-15.4509,59.1219,0.0667,0,0.0000
727,56.2681,3.6394,-16.4268,58.9308,1.0892,0,0.0000
728,56.2681,3.6394,-16.3601,58.9116,0.0667,0,0.0000
729,55.7641,3.5881,-17.3157,58.7107,1.0816,0,0.0000
730,55.7641,3.5881,-17.2490,58.6904,0.0667,0,0.0000
731,55.2365,3.5406,-18.1860,58.4796,1.0764,0,0.0000
732,55.2365,3.5406,-18.1194,58.4583,0.0667,0,0.0000
733,54.6851,3.4960,-19.0396,58.2377,1.0737,0,0.0000
734,54.6851,3.4960,-18.9729,58.2153,0.0667,0,0.0000
735,54.1096,3.4541,-19.8782,57.9851,1.0735,0,0.0000
736,54.1096,3.4540,-19.8115,57.9616,0.0667,0,0.0000
737,53.5094,3.4145,-20.7039,57.7217,1.0762,0,0.0000
738,53.5094,3.4145,-20.6372,57.6972,0.0667,0,0.0000
739,52.8834,3.3774,-21.5186,57.4476,1.0817,0,0.0000
740,52.8834,3.3774,-21.4519,57.4220,0.0667,0,0.0000
741,52.2306,3.3432,-22.3246,57.1628,1.0904,0,0.0000
742,52.2306,3.3432,-22.2579,57.1361,0.0667,0,0.0000
743,51.5492,3.3123,-23.1241,56.8671,1.1025,0,0.0000
744,51.5492,3.3123,-23.0574,56.8394,0.0667,0,0.0000
745,50.8374,3.2853,-23.9195,56.5606,1.1182,0,0.0000
746,50.8374,3.2852,-23.8528,56.5318,0.0667,0,0.0000
747,50.0929,3.2627,-24.7133,56.2431,1.1381,0,0.0000
748,50.0929,3.2627,-24.6466,56.2132,0.0667,0,0.0000
749,49.3128,3.2452,-25.5082,55.9145,1.1624,0,0.0000
750,49.3128,3.2452,-25.4415,55.8834,0.0667,0,0.0000
751,48.4940,3.2332,-26.3068,55.5746,1.1914,0,0.0000
752,48.4940,3.2332,-26.2402,55.5424,0.0667,0,0.0000
753,47.7591,3.0944,-26.9197,55.2274,1.0105,0,0.0000
754,47.7591,3.0944,-26.8530,55.1943,0.0667,0,0.0000
755,47.3816,2.5708,-26.9513,54.8844,0.6530,0,0.0000
756,47.3816,2.5708,-26.8846,54.8510,0.0667,0,0.0000
757,47.2148,1.8539,-26.6353,54.5453,0.7771,0,0.0000
758,47.2148,1.8540,-26.5686,54.5121,0.0667,0,0.0000
759,47.1634,1.0657,-26.1101,54.2108,0.9134,0,0.0000
760,47.1634,1.0658,-26.0434,54.1780,0.0667,0,0.0000
761,47.1705,0.2857,-25.4592,53.8812,0.9746,0,0.0000
762,47.1705,0.2858,-25.3925,53.8491,0.0667,0,0.0000
763,47.2046,-0.4335,-24.7334,53.5574,0.9762,0,0.0000
764,47.2046,-0.4335,-24.6668,53.5260,0.0667,0,0.0000
765,47.2498,-1.0582,-23.9638,53.2400,0.9415,0,0.4582
766,47.2498,-1.0582,-23.8972,53.2093,0.0667,0,0.4582
767,47.2991,-1.5686,-23.1691,52.9295,0.8905,0,0.9686
768,47.2991,-1.5687,-23.1024,52.8996,0.0667,0,0.9687
769,47.3501,-1.9562,-22.3605,52.6263,0.8386,0,1.3562
770,47.3501,-1.9563,-22.2938,52.5973,0.0667,0,1.3563
771,47.4024,-2.2211,-21.5446,52.3310,0.7964,0,1.6211
772,47.4024,-2.2213,-21.4779,52.3028,0.0667,0,1.6213
773,47.4559,-2.3707,-20.7252,52.0437,0.7693,0,1.7707
774,47.4559,-2.3709,-20.6585,52.0165,0.0667,0,1.7709
775,47.5103,-2.4179,-19.9045,51.7649,0.7575,0,1.8179
776,47.5103,-2.4181,-19.8378,51.7386,0.0667,0,1.8181
777,47.5648,-2.3790,-19.0837,51.4948,0.7571,0,1.7790
778,47.5648,-2.3792,-19.0171,51.4694,0.0667,0,1.7792
779,47.6183,-2.2728,-18.2635,51.2336,0.7629,0,1.6728
780,47.6183,-2.2730,-18.1969,51.2091,0.0667,0,1.6730
781,47.6698,-2.1186,-17.4444,50.9816,0.7699,0,1.5186
782,47.6698,-2.1189,-17.3777,50.9581,0.0667,0,1.5189
783,47.7184,-1.9353,-16.6265,50.7389,0.7749,0,1.3353
784,47.7184,-1.9355,-16.5598,50.7164,0.0667,0,1.3355
785,47.7634,-1.7400,-15.8099,50.5058,0.7763,0,1.1400
786,47.7634,-1.7402,-15.7432,50.4842,0.0667,0,1.1402
787,47.8045,-1.5475,-14.9946,50.2824,0.7741,0,0.9475
788,47.8045,-1.5478,-14.9280,50.2619,0.0667,0,0.9478
789,47.8417,-1.3697,-14.1808,50.0690,0.7690,0,0.7697
790,47.8417,-1.3699,-14.1141,50.0494,0.0667,0,0.7699
791,47.8751,-1.2151,-13.3683,49.8657,0.7625,0,0.6151
792,47.8751,-1.2153,-13.3016,49.8471,0.0667,0,0.6153
793,47.9052,-1.0894,-12.5570,49.6727,0.7557,0,0.4894
794,47.9052,-1.0896,-12.4904,49.6551,0.0667,0,0.4896
795,47.9321,-0.9951,-11.7471,49.4901,0.7498,0,0.3951
796,47.9321,-0.9953,-11.6804,49.4735,0.0667,0,0.3953
797,47.9562,-0.9323,-10.9383,49.3181,0.7452,0,0.3323
798,47.9562,-0.9325,-10.8716,49.3026,0.0667,0,0.3325
799,47.9779,-0.8990,-10.1307,49.1569,0.7420,0,0.2990
800,47.9779,-0.8992,-10.0640,49.1424,0.0667,0,0.2992
801,47.9972,-0.8916,-9.3243,49.0066,0.7401,0,0.2916
802,47.9972,-0.8918,-9.2576,48.9932,0.0667,0,0.2918
803,48.0143,-0.9054,-8.5189,48.8673,0.7390,0,0.3054
804,48.0143,-0.9056,-8.4522,48.8550,0.0667,0,0.3056
805,48.0294,-0.9354,-7.7145,48.7393,0.7384,0,0.3354
806,48.0294,-0.9356,-7.6479,48.7280,0.0667,0,0.3356
807,48.0656,-0.4455,-6.7708,48.6227,1.0054,0,0.0000
808,48.0656,-0.4449,-6.7042,48.6126,0.0667,0,0.0000
809,48.0746,-0.2579,-5.9880,48.5206,0.7402,0,0.0000
810,48.0746,-0.2564,-5.9213,48.5116,0.0666,0,0.0000
811,48.0814,-0.1743,-5.2208,48.4303,0.7053,0,0.0000
812,48.0813,-0.1717,-5.1543,48.4224,0.0666,0,0.0000
813,48.0873,-0.1790,-4.4620,48.3513,0.6924,0,0.0000
814,48.0872,-0.1755,-4.3955,48.3444,0.0666,0,0.0000
815,48.0929,-0.2533,-3.7067,48.2836,0.6932,0,0.0000
816,48.0928,-0.2489,-3.6403,48.2777,0.0665,0,0.0000
817,48.0978,-0.3764,-2.9523,48.2269,0.6997,0,0.0000
818,48.0977,-0.3711,-2.8861,48.2220,0.0664,0,0.0000
819,48.1018,-0.5274,-2.1975,48.1812,0.7062,0,0.0000
820,48.1017,-0.5211,-2.1314,48.1773,0.0664,0,0.0000
821,48.1045,-0.6864,-1.4416,48.1465,0.7093,0,0.0864
822,48.1044,-0.6792,-1.3757,48.1437,0.0663,0,0.0792
823,48.1059,-0.8354,-0.6849,48.1227,0.7083,0,0.2354
824,48.1058,-0.8273,-0.6193,48.1209,0.0662,0,0.2273
825,48.1058,-0.9917,0.0657,48.1100,0.7044,0,0.3917
826,48.1057,-0.9826,0.1311,48.1092,0.0660,0,0.3826
827,48.1051,-1.0740,0.8154,48.1081,0.6904,0,0.4740
828,48.1051,-1.0643,0.8806,48.1083,0.0659,0,0.4643
829,48.1038,-1.1166,1.5671,48.1170,0.6885,0,0.5166
830,48.1038,-1.1065,1.6322,48.1183,0.0659,0,0.5065
831,48.1019,-1.1339,2.3184,48.1368,0.6867,0,0.5339
832,48.1019,-1.1236,2.3834,48.1391,0.0659,0,0.5236
833,48.0995,-1.1318,3.0681,48.1674,0.6847,0,0.5318
834,48.0995,-1.1420,3.0030,48.1642,0.0659,0,0.5420
835,48.0969,-1.1550,3.5553,48.1928,0.5525,0,0.5550
836,48.0969,-1.1650,3.4902,48.1889,0.0659,0,0.5650
837,48.0941,-1.1645,4.0401,48.2227,0.5499,0,0.5645
838,48.0941,-1.1743,3.9749,48.2182,0.0659,0,0.5743
839,48.0913,-1.1625,4.5226,48.2570,0.5479,0,0.5625
840,48.0913,-1.1720,4.4573,48.2518,0.0660,0,0.5720
841,48.0884,-1.1509,5.0033,48.2958,0.5464,0,0.5509
842,48.0884,-1.1602,4.9380,48.2899,0.0660,0,0.5602
843,48.0853,-1.1321,5.4827,48.3389,0.5455,0,0.5321
844,48.0854,-1.1412,5.4173,48.3324,0.0660,0,0.5412
845,48.0818,-1.1233,5.9617,48.3864,0.5447,0,0.5233
846,48.0819,-1.1322,5.8963,48.3793,0.0661,0,0.5322
847,48.0778,-1.1392,6.4399,48.4382,0.5436,0,0.5392
848,48.0778,-1.1478,6.3743,48.4305,0.0661,0,0.5478
849,48.0736,-1.1691,6.9141,48.4942,0.5402,0,0.5691
850,48.0736,-1.1772,6.8484,48.4858,0.0662,0,0.5772
851,48.0698,-1.2104,7.3790,48.5539,0.5316,0,0.6104
852,48.0698,-1.2181,7.3133,48.5449,0.0662,0,0.6181
853,48.0664,-1.2663,7.8353,48.6174,0.5242,0,0.6663
854,48.0664,-1.2733,7.7693,48.6078,0.0663,0,0.6733
855,48.0634,-1.3401,8.2831,48.6845,0.5181,0,0.7401
856,48.0634,-1.3463,8.2171,48.6742,0.0664,0,0.7463
857,48.0609,-1.4357,8.7229,48.7552,0.5136,0,0.8357
858,48.0609,-1.4410,8.6566,48.7443,0.0664,0,0.8410
859,48.0588,-1.5570,9.1543,48.8294,0.5110,0,0.9570
860,48.0588,-1.5614,9.0879,48.8179,0.0665,0,0.9614
861,48.0571,-1.7082,9.5771,48.9070,0.5107,0,1.1082
862,48.0571,-1.7113,9.5106,48.8949,0.0666,0,1.1113
863,48.0557,-1.8928,9.9905,48.9881,0.5131,0,1.2928
864,48.0557,-1.8946,9.9239,48.9754,0.0666,0,1.2946
865,48.0540,-2.1328,10.3936,49.0725,0.5266,0,1.5328
866,48.0540,-2.1333,10.3269,49.0592,0.0667,0,1.5333
867,48.0524,-2.3815,10.7890,49.1600,0.5245,0,1.7815
868,48.0524,-2.3805,10.7223,49.1462,0.0667,0,1.7805
869,48.0506,-2.6356,11.1775,49.2504,0.5217,0,2.0356
870,48.0506,-2.6332,11.1109,49.2359,0.0666,0,2.0332
871,48.0485,-2.8950,11.5593,49.3434,0.5192,0,2.2950
872,48.0485,-2.8912,11.4929,49.3284,0.0666,0,2.2912
873,48.0462,-3.1594,11.9347,49.4391,0.5169,0,2.5594
874,48.0462,-3.1543,11.8685,49.4236,0.0665,0,2.5543
875,48.0437,-3.4286,12.3040,49.5375,0.5148,0,2.8286
876,48.0436,-3.4221,12.2380,49.5215,0.0663,0,2.8221
877,48.0409,-3.7024,12.6675,49.6386,0.5129,0,3.1024
878,48.0408,-3.6946,12.6017,49.6221,0.0662,0,3.0946
879,48.0379,-3.9807,13.0253,49.7422,0.5112,0,3.3807
880,48.0378,-3.9716,12.9599,49.7252,0.0660,0,3.3716
881,48.0347,-4.2633,13.3778,49.8486,0.5097,0,3.6633
882,48.0346,-4.2529,13.3128,49.8311,0.0658,0,3.6529
883,48.0312,-4.5501,13.7253,49.9576,0.5084,0,3.9501
884,48.0312,-4.5384,13.6607,49.9396,0.0656,0,3.9384
885,48.0276,-4.8410,14.0679,50.0692,0.5073,0,4.2410
886,48.0275,-4.8280,14.0039,50.0508,0.0653,0,4.2280
887,48.0238,-5.1359,14.4060,50.1836,0.5065,0,4.5359
888,48.0237,-5.1216,14.3426,50.1648,0.0650,0,4.5216
889,48.0197,-5.4347,14.7399,50.3007,0.5058,0,4.8347
890,48.0197,-5.4192,14.6770,50.2815,0.0647,0,4.8192
891,48.0320,-4.9478,15.1218,50.3770,0.6483,0,4.3478
892,48.0319,-4.9336,15.0583,50.3573,0.0651,0,4.3336
893,48.0596,-4.5220,15.4115,50.4528,0.5432,0,3.9220
894,48.0595,-4.5093,15.3474,50.4329,0.0654,0,3.9093
895,48.0936,-4.0875,15.6654,50.5285,0.5294,0,3.4875
896,48.0935,-4.0764,15.6006,50.5084,0.0657,0,3.4764
897,48.1302,-3.6082,15.9020,50.6038,0.5581,0,3.0082
898,48.1301,-3.5989,15.8367,50.5834,0.0660,0,2.9989
899,48.1696,-3.0840,16.1180,50.6787,0.5881,0,2.4840
900,48.1696,-3.0765,16.0521,50.6581,0.0662,0,2.4765
901,48.2103,-2.5163,16.3156,50.7537,0.6205,0,1.9163
902,48.2102,-2.5108,16.2494,50.7329,0.0664,0,1.9108
903,48.2374,-1.9071,16.5427,50.8311,0.6717,0,1.3071
904,48.2374,-1.9039,16.4762,50.8101,0.0666,0,1.3039
905,48.2512,-1.2550,16.7927,50.9107,0.7220,0,0.6550
906,48.2512,-1.2542,16.7261,50.8895,0.0667,0,0.6542
907,48.2755,-1.4416,16.9606,50.9902,0.3012,0,0.8416
908,48.2755,-1.4423,16.8940,50.9688,0.0667,0,0.8423
909,48.2355,-1.5811,17.2670,51.0542,0.4000,0,0.9811
910,48.2355,-1.5827,17.2003,51.0324,0.0666,0,0.9827
911,48.1928,-1.4763,17.5895,51.1184,0.4057,0,0.8763
912,48.1928,-1.4787,17.5229,51.0963,0.0666,0,0.8787
913,48.1545,-1.2026,17.9030,51.1837,0.4713,0,0.6026
914,48.1544,-1.2059,17.8365,51.1612,0.0666,0,0.6059
915,48.1218,-0.8570,18.1951,51.2498,0.5014,0,0.2570
916,48.1218,-0.8612,18.1287,51.2270,0.0665,0,0.2612
917,48.0995,-0.5938,18.4504,51.3166,0.4189,0,0.0000
918,48.0995,-0.5989,18.3842,51.2935,0.0665,0,0.0000
919,48.0798,-0.3246,18.6930,51.3839,0.4135,0,0.0000
920,48.0797,-0.3306,18.6269,51.3605,0.0664,0,0.0000
921,48.0622,-0.0496,18.9239,51.4516,0.4092,0,0.0000
922,48.0621,-0.0564,18.8579,51.4279,0.0663,0,0.0000
923,48.0461,0.2376,19.1433,51.5191,0.4101,0,0.0000
924,48.0460,0.2299,19.0776,51.4952,0.0662,0,0.0000
925,48.0282,0.6109,19.3578,51.5876,0.4733,0,0.0000
926,48.0282,0.6024,19.2923,51.5635,0.0661,0,0.0000
927,48.0071,0.9384,19.5776,51.6571,0.4413,0,0.0000
928,48.0070,0.9294,19.5122,51.6328,0.0660,0,0.0000
929,47.9839,1.2065,19.8027,51.7276,0.4022,0,0.0000
930,47.9839,1.1970,19.7374,51.7030,0.0660,0,0.0000
931,47.9600,1.4109,20.0329,51.7990,0.3655,0,0.0000
932,47.9600,1.4013,19.9676,51.7742,0.0660,0,0.0000
933,47.9364,1.5544,20.2673,51.8715,0.3373,0,0.0000
934,47.9364,1.5447,20.2020,51.8463,0.0659,0,0.0000
935,47.9137,1.6440,20.5047,51.9449,0.3194,0,0.0000
936,47.9137,1.6344,20.4395,51.9196,0.0660,0,0.0000
937,47.8923,1.6889,20.7441,52.0195,0.3102,0,0.0000
938,47.8924,1.6794,20.6788,51.9939,0.0660,0,0.0000
939,47.8724,1.6986,20.9842,52.0953,0.3067,0,0.0000
940,47.8725,1.6892,20.9189,52.0694,0.0660,0,0.0000
941,47.8539,1.6822,21.2244,52.1722,0.3061,0,0.0000
942,47.8540,1.6730,21.1590,52.1461,0.0660,0,0.0000
943,47.8367,1.6476,21.4641,52.2504,0.3066,0,0.0000
944,47.8368,1.6384,21.3987,52.2240,0.0660,0,0.0000
945,47.8206,1.6009,21.7032,52.3298,0.3072,0,0.0000
946,47.8207,1.5919,21.6378,52.3031,0.0660,0,0.0000
947,47.8054,1.5473,21.9416,52.4104,0.3075,0,0.0000
948,47.8055,1.5383,21.8762,52.3835,0.0661,0,0.0000
949,47.7909,1.4904,22.1794,52.4924,0.3074,0,0.0000
950,47.7910,1.4815,22.1140,52.4652,0.0661,0,0.0000
951,47.7769,1.4330,22.4169,52.5756,0.3071,0,0.0000
952,47.7770,1.4241,22.3514,52.5482,0.0661,0,0.0000
953,47.7645,1.3233,22.6563,52.6602,0.3213,0,0.0000
954,47.7646,1.3145,22.5908,52.6325,0.0661,0,0.0000
955,47.7520,1.1579,22.9010,52.7462,0.3478,0,0.0000
956,47.7520,1.1494,22.8355,52.7183,0.0661,0,0.0000
957,47.7390,0.9422,23.1499,52.8336,0.3767,0,0.0000
958,47.7391,0.9340,23.0842,52.8054,0.0662,0,0.0000
959,47.7256,0.6792,23.4013,52.9224,0.4070,0,0.0000
960,47.7256,0.6716,23.3355,52.8939,0.0662,0,0.0000
961,47.7115,0.3850,23.6532,53.0127,0.4281,0,0.0000
962,47.7116,0.3780,23.5873,52.9839,0.0663,0,0.0000
963,47.6970,0.0771,23.9039,53.1045,0.4371,0,0.0000
964,47.6970,0.0708,23.8379,53.0754,0.0664,0,0.0000
965,47.6819,-0.2308,24.1527,53.1978,0.4363,0,0.0000
966,47.6819,-0.2363,24.0865,53.1684,0.0664,0,0.0000
967,47.6666,-0.5293,24.3993,53.2926,0.4289,0,0.0000
968,47.6666,-0.5340,24.3330,53.2630,0.0665,0,0.0000
969,47.6511,-0.8130,24.6441,53.3891,0.4182,0,0.2130
970,47.6511,-0.8171,24.5777,53.3592,0.0665,0,0.2171
971,47.6348,-1.1587,24.8871,53.4871,0.4612,0,0.5587
972,47.6348,-1.1620,24.8206,53.4570,0.0666,0,0.5620
973,47.6179,-1.5693,25.1252,53.5867,0.5089,0,0.9693
974,47.6179,-1.5716,25.0586,53.5562,0.0666,0,0.9716
975,47.6005,-2.0323,25.3561,53.6878,0.5487,0,1.4323
976,47.6005,-2.0334,25.2894,53.6571,0.0667,0,1.4334
977,47.5829,-2.5310,25.5782,53.7907,0.5755,0,1.9310
978,47.5829,-2.5308,25.5115,53.7597,0.0667,0,1.9308
979,47.5652,-3.0507,25.7910,53.8956,0.5905,0,2.4507
980,47.5652,-3.0493,25.7244,53.8643,0.0667,0,2.4493
981,47.5476,-3.5784,25.9954,54.0025,0.5947,0,2.9784
982,47.5477,-3.5756,25.9288,53.9711,0.0666,0,2.9756
983,47.5304,-4.1071,26.1915,54.1117,0.5931,0,3.5071
984,47.5304,-4.1029,26.1251,54.0800,0.0665,0,3.5029
985,47.5138,-4.6289,26.3806,54.2233,0.5850,0,4.0289
986,47.5139,-4.6235,26.3144,54.1914,0.0664,0,4.0235
987,47.4975,-5.0882,26.5741,54.3374,0.5325,0,4.4882
988,47.4975,-5.0817,26.5080,54.3053,0.0663,0,4.4817
989,47.4811,-5.4828,26.7759,54.4539,0.4826,0,4.8828
990,47.4811,-5.4754,26.7100,54.4216,0.0663,0,4.8754
991,47.4644,-5.8123,26.9890,54.5728,0.4377,0,5.2123
992,47.4644,-5.8042,26.9234,54.5403,0.0662,0,5.2042
993,47.4513,-6.0689,27.2099,54.6938,0.3904,0,5.4689
994,47.4513,-6.0602,27.1444,54.6611,0.0661,0,5.4602
995,47.4385,-6.2684,27.4432,54.8170,0.3644,0,5.6684
996,47.4386,-6.2593,27.3778,54.7841,0.0660,0,5.6593
997,47.4247,-6.4430,27.6859,54.9428,0.3590,0,5.8430
998,47.4248,-6.4335,27.6206,54.9096,0.0660,0,5.8335
999,47.4101,-6.6134,27.9334,55.0711,0.3611,0,6.0134
1000,47.4101,-6.6036,27.8683,55.0377,0.0659,0,6.0036
1001,47.3944,-6.7827,28.1857,55.2022,0.3648,0,6.1827
1002,47.3945,-6.7724,28.1206,55.1685,0.0659,0,6.1724
1003,47.3780,-6.8859,28.4561,55.3355,0.3545,0,6.2859
1004,47.3781,-6.8754,28.3911,55.3017,0.0658,0,6.2754
1005,47.3613,-6.9212,28.7448,55.4713,0.3570,0,6.3212
1006,47.3614,-6.9107,28.6798,55.4372,0.0658,0,6.3107
1007,47.3443,-6.8907,29.0508,55.6095,0.3719,0,6.2907
1008,47.3444,-6.8803,28.9858,55.5751,0.0658,0,6.2803
1009,47.3272,-6.8131,29.3696,55.7502,0.3900,0,6.2131
1010,47.3272,-6.8028,29.3045,55.7155,0.0659,0,6.2028
1011,47.3098,-6.7110,29.6962,55.8937,0.4026,0,6.1110
1012,47.3099,-6.7010,29.6310,55.8587,0.0659,0,6.1010
1013,47.2923,-6.6022,30.0269,56.0402,0.4084,0,6.0022
1014,47.2923,-6.5923,29.9617,56.0050,0.0659,0,5.9923
1015,47.2745,-6.4992,30.3595,56.1899,0.4089,0,5.8992
1016,47.2746,-6.4896,30.2942,56.1543,0.0660,0,5.8896
1017,47.2565,-6.4098,30.6927,56.3428,0.4068,0,5.8098
1018,47.2565,-6.4004,30.6274,56.3070,0.0660,0,5.8004
1019,47.3416,-6.2090,30.8761,56.4922,0.3251,0,5.6090
1020,47.3417,-6.1997,30.8108,56.4562,0.0660,0,5.5997
1021,47.7425,-5.6392,30.5829,56.6191,0.7257,0,5.0392
1022,47.7425,-5.6302,30.5175,56.5837,0.0660,0,5.0302
1023,48.3074,-4.9025,29.9941,56.7283,1.0595,0,4.3025
1024,48.3073,-4.8937,29.9286,56.6936,0.0661,0,4.2937
1025,48.9420,-4.1346,29.2193,56.8225,1.2175,0,3.5346
1026,48.9419,-4.1260,29.1537,56.7888,0.0661,0,3.5260
1027,49.6053,-3.4716,28.2954,56.9018,1.2669,0,2.8716
1028,49.6051,-3.4635,28.2297,56.8693,0.0662,0,2.8635
1029,50.2577,-2.8754,27.2921,56.9673,1.2849,0,2.2754
1030,50.2575,-2.8679,27.2263,56.9359,0.0662,0,2.2679
1031,50.8731,-2.3638,26.2620,57.0214,1.2502,0,1.7638
1032,50.8729,-2.3568,26.1961,56.9913,0.0663,0,1.7568
1033,51.4514,-2.1389,25.1970,57.0637,1.1749,0,1.5389
1034,51.4512,-2.1323,25.1310,57.0349,0.0663,0,1.5323
1035,51.9827,-1.9548,24.1459,57.0966,1.1333,0,1.3548
1036,51.9825,-1.9486,24.0798,57.0690,0.0664,0,1.3486
1037,52.4702,-1.8223,23.1092,57.1208,1.0936,0,1.2223
1038,52.4700,-1.8165,23.0430,57.0944,0.0664,0,1.2165
1039,52.9164,-1.7469,22.0883,57.1370,1.0562,0,1.1469
1040,52.9163,-1.7415,22.0220,57.1119,0.0664,0,1.1415
1041,53.3235,-1.7293,21.0852,57.1462,1.0216,0,1.1293
1042,53.3234,-1.7243,21.0189,57.1222,0.0665,0,1.1243
1043,53.6936,-1.7660,20.1022,57.1489,0.9895,0,1.1660
1044,53.6935,-1.7615,20.0359,57.1261,0.0665,0,1.1615
1045,54.0284,-1.8505,19.1416,57.1459,0.9591,0,1.2505
1046,54.0283,-1.8463,19.0752,57.1242,0.0665,0,1.2463
1047,54.3297,-1.9741,18.2054,57.1379,0.9294,0,1.3741
1048,54.3297,-1.9703,18.1389,57.1173,0.0666,0,1.3703
1049,54.5996,-2.1270,17.2956,57.1253,0.8992,0,1.5270
1050,54.5996,-2.1235,17.2292,57.1058,0.0666,0,1.5235
1051,54.8398,-2.2993,16.4142,57.1090,0.8676,0,1.6993
1052,54.8398,-2.2961,16.3477,57.0905,0.0666,0,1.6961
1053,55.0524,-2.4816,15.5626,57.0893,0.8342,0,1.8816
1054,55.0525,-2.4787,15.4961,57.0718,0.0666,0,1.8787
1055,55.2396,-2.6655,14.7425,57.0669,0.7987,0,2.0655
1056,55.2396,-2.6628,14.6759,57.0504,0.0666,0,2.0628
1057,55.4033,-2.8440,13.9551,57.0422,0.7610,0,2.2440
1058,55.4033,-2.8414,13.8886,57.0266,0.0666,0,2.2414
1059,55.5457,-3.0117,13.2019,57.0158,0.7216,0,2.4117
1060,55.5458,-3.0094,13.1353,57.0010,0.0666,0,2.4094
1061,55.6688,-3.1649,12.4841,56.9879,0.6808,0,2.5649
1062,55.6689,-3.1628,12.4175,56.9740,0.0666,0,2.5628
1063,55.7745,-3.3015,11.8029,56.9592,0.6388,0,2.7015
1064,55.7745,-3.2994,11.7363,56.9460,0.0666,0,2.6994
1065,55.8645,-3.4203,11.1595,56.9298,0.5961,0,2.8203
1066,55.8645,-3.4184,11.0929,56.9175,0.0666,0,2.8184
1067,55.9405,-3.5216,10.5551,56.9004,0.5528,0,2.9216
1068,55.9406,-3.5198,10.4885,56.8887,0.0666,0,2.9198
1069,56.0040,-3.6062,9.9908,56.8710,0.5091,0,3.0062
1070,56.0041,-3.6045,9.9242,56.8600,0.0666,0,3.0045
1071,56.0565,-3.6757,9.4676,56.8421,0.4650,0,3.0757
1072,56.0565,-3.6740,9.4010,56.8317,0.0666,0,3.0740
1073,56.0991,-3.7316,8.9866,56.8139,0.4206,0,3.1316
1074,56.0991,-3.7300,8.9199,56.8040,0.0666,0,3.1300
1075,56.1329,-3.7765,8.5486,56.7866,0.3757,0,3.1765
1076,56.1330,-3.7749,8.4820,56.7772,0.0666,0,3.1749
1077,56.1590,-3.8135,8.1548,56.7604,0.3304,0,3.2135
1078,56.1591,-3.8120,8.0882,56.7515,0.0666,0,3.2120
1079,56.1777,-3.8451,7.8096,56.7356,0.2812,0,3.2451
1080,56.1777,-3.8436,7.7429,56.7271,0.0666,0,3.2436
1081,56.1906,-3.8760,7.5160,56.7134,0.2296,0,3.2760
1082,56.1907,-3.8744,7.4494,56.7053,0.0666,0,3.2744
1083,56.2019,-3.8882,7.2526,56.6937,0.1976,0,3.2882
1084,56.2020,-3.8865,7.1860,56.6858,0.0666,0,3.2865
1085,56.2138,-3.8690,7.0049,56.6757,0.1823,0,3.2690
1086,56.2139,-3.8671,6.9383,56.6682,0.0666,0,3.2671
1087,56.2273,-3.8144,6.7642,56.6591,0.1824,0,3.2144
1088,56.2273,-3.8125,6.6976,56.6518,0.0666,0,3.2125
1089,56.2418,-3.7248,6.5204,56.6424,0.1982,0,3.1248
1090,56.2419,-3.7228,6.4538,56.6354,0.0666,0,3.1228
1091,56.2548,-3.6281,6.2943,56.6268,0.1860,0,3.0281
1092,56.2549,-3.6261,6.2277,56.6200,0.0666,0,3.0261
1093,56.2670,-3.5276,6.0805,56.6124,0.1776,0,2.9276
1094,56.2671,-3.5256,6.0139,56.6059,0.0666,0,2.9256
1095,56.2789,-3.4234,5.8710,56.5989,0.1761,0,2.8234
1096,56.2790,-3.4213,5.8044,56.5926,0.0666,0,2.8213
1097,56.2907,-3.3179,5.6608,56.5861,0.1773,0,2.7179
1098,56.2907,-3.3158,5.5942,56.5801,0.0666,0,2.7158
1099,56.3022,-3.2129,5.4439,56.5735,0.1826,0,2.6129
1100,56.3023,-3.2109,5.3773,56.5678,0.0666,0,2.6109
1101,56.3121,-3.1220,5.2260,56.5608,0.1757,0,2.5220
1102,56.3122,-3.1200,5.1594,56.5554,0.0666,0,2.5200
1103,56.3198,-3.0586,5.0221,56.5493,0.1506,0,2.4586
1104,56.3199,-3.0567,4.9555,56.5440,0.0666,0,2.4567
1105,56.3263,-3.0147,4.8229,56.5385,0.1392,0,2.4147
1106,56.3264,-3.0128,4.7563,56.5335,0.0666,0,2.4128
1107,56.3322,-2.9843,4.6229,56.5284,0.1366,0,2.3843
1108,56.3322,-2.9825,4.5562,56.5236,0.0666,0,2.3825
1109,56.3377,-2.9631,4.4185,56.5186,0.1392,0,2.3631
1110,56.3377,-2.9613,4.3519,56.5141,0.0666,0,2.3613
1111,56.3429,-2.9466,4.2048,56.5090,0.1480,0,2.3466
1112,56.3430,-2.9448,4.1381,56.5048,0.0666,0,2.3448
1113,56.3471,-2.9428,3.9880,56.4995,0.1502,0,2.3428
1114,56.3471,-2.9411,3.9214,56.4955,0.0666,0,2.3411
1115,56.3498,-2.9589,3.7841,56.4908,0.1384,0,2.3589
1116,56.3498,-2.9571,3.7175,56.4871,0.0666,0,2.3571
1117,56.3518,-2.9835,3.5842,56.4829,0.1359,0,2.3835
1118,56.3519,-2.9818,3.5176,56.4794,0.0666,0,2.3818
1119,56.3537,-3.0086,3.3829,56.4755,0.1373,0,2.4086
1120,56.3538,-3.0069,3.3163,56.4722,0.0666,0,2.4069
1121,56.3557,-3.0290,3.1771,56.4684,0.1410,0,2.4290
1122,56.3557,-3.0273,3.1105,56.4653,0.0666,0,2.4273
1123,56.3578,-3.0407,2.9616,56.4614,0.1495,0,2.4407
1124,56.3578,-3.0390,2.8950,56.4586,0.0666,0,2.4390
1125,56.3593,-3.0531,2.7432,56.4547,0.1524,0,2.4531
1126,56.3594,-3.0515,2.6766,56.4521,0.0666,0,2.4515
1127,56.3601,-3.0736,2.5377,56.4488,0.1407,0,2.4736
1128,56.3601,-3.0720,2.4710,56.4465,0.0666,0,2.4720
1129,56.3606,-3.0930,2.3361,56.4435,0.1366,0,2.4930
1130,56.3607,-3.0914,2.2695,56.4415,0.0667,0,2.4914
1131,56.3612,-3.1056,2.1332,56.4387,0.1370,0,2.5056
1132,56.3613,-3.1040,2.0665,56.4369,0.0666,0,2.5040
1133,56.3620,-3.1087,1.9258,56.4342,0.1409,0,2.5087
1134,56.3620,-3.1071,1.8591,56.4326,0.0666,0,2.5071
1135,56.3628,-3.1008,1.7088,56.4298,0.1505,0,2.5008
1136,56.3628,-3.0992,1.6422,56.4285,0.0666,0,2.4992
1137,56.3631,-3.0936,1.4890,56.4258,0.1533,0,2.4936
1138,56.3632,-3.0921,1.4224,56.4248,0.0666,0,2.4921
1139,56.3629,-3.0945,1.2821,56.4227,0.1403,0,2.4945
1140,56.3630,-3.0930,1.2154,56.4219,0.0666,0,2.4930
1141,56.3625,-3.0960,1.0791,56.4201,0.1363,0,2.4960
1142,56.3625,-3.0945,1.0125,56.4195,0.0666,0,2.4945
1143,56.3619,-3.0933,0.8748,56.4179,0.1377,0,2.4933
1144,56.3619,-3.0918,0.8082,56.4175,0.0667,0,2.4918
1145,56.3611,-3.0842,0.6661,56.4159,0.1423,0,2.4842
1146,56.3611,-3.0827,0.5994,56.4158,0.0666,0,2.4827
1147,56.3600,-3.0708,0.4451,56.4143,0.1548,0,2.4708
1148,56.3600,-3.0693,0.3784,56.4144,0.0667,0,2.4693
1149,56.3584,-3.0685,0.2358,56.4134,0.1427,0,2.4685
1150,56.3584,-3.0671,0.1691,56.4138,0.0667,0,2.4671
1151,56.3565,-3.0717,0.0345,56.4132,0.1347,0,2.4717
1152,56.3565,-3.0703,-0.0321,56.4139,0.0667,0,2.4703
1153,56.3544,-3.0739,-0.1655,56.4134,0.1335,0,2.4739
1154,56.3544,-3.0725,-0.2322,56.4143,0.0667,0,2.4725
1155,56.3520,-3.0714,-0.3686,56.4139,0.1365,0,2.4714
1156,56.3520,-3.0700,-0.4353,56.4151,0.0667,0,2.4700
1157,56.3492,-3.0626,-0.5773,56.4146,0.1422,0,2.4626
1158,56.3492,-3.0612,-0.6439,56.4160,0.0667,0,2.4612
1159,56.3458,-3.0474,-0.7929,56.4153,0.1497,0,2.4474
1160,56.3458,-3.0460,-0.8595,56.4170,0.0666,0,2.4460
1161,56.3416,-3.0268,-1.0164,56.4161,0.1581,0,2.4268
1162,56.3417,-3.0254,-1.0830,56.4180,0.0667,0,2.4254
1163,56.3365,-3.0023,-1.2483,56.4169,0.1670,0,2.4023
1164,56.3365,-3.0010,-1.3149,56.4191,0.0667,0,2.4010
1165,56.3301,-2.9759,-1.4890,56.4177,0.1760,0,2.3759
1166,56.3301,-2.9746,-1.5556,56.4201,0.0667,0,2.3746
1167,56.3222,-2.9493,-1.7387,56.4184,0.1849,0,2.3493
1168,56.3223,-2.9480,-1.8053,56.4211,0.0667,0,2.3480
1169,56.3128,-2.9243,-1.9975,56.4191,0.1939,0,2.3243
1170,56.3128,-2.9230,-2.0641,56.4221,0.0667,0,2.3230
1171,56.3015,-2.9021,-2.2655,56.4197,0.2028,0,2.3021
1172,56.3015,-2.9009,-2.3321,56.4231,0.0667,0,2.3009
1173,56.2884,-2.8802,-2.5415,56.4202,0.2108,0,2.2802
1174,56.2883,-2.8813,-2.4748,56.4166,0.0667,0,2.2813
1175,56.2746,-2.8503,-2.5561,56.4061,0.0881,0,2.2503
1176,56.2745,-2.8514,-2.4895,56.4025,0.0667,0,2.2514
1177,56.2603,-2.8081,-2.5776,56.3913,0.0992,0,2.2081
1178,56.2602,-2.8091,-2.5109,56.3877,0.0667,0,2.2091
1179,56.2453,-2.7550,-2.6066,56.3759,0.1109,0,2.1550
1180,56.2452,-2.7560,-2.5399,56.3722,0.0667,0,2.1560
1181,56.2295,-2.6927,-2.6436,56.3599,0.1225,0,2.0927
1182,56.2294,-2.6937,-2.5769,56.3562,0.0667,0,2.0937
1183,56.2128,-2.6228,-2.6888,56.3433,0.1335,0,2.0228
1184,56.2127,-2.6238,-2.6222,56.3395,0.0667,0,2.0238
1185,56.1950,-2.5468,-2.7423,56.3260,0.1437,0,1.9468
1186,56.1950,-2.5478,-2.6756,56.3222,0.0667,0,1.9478
1187,56.1760,-2.4663,-2.8039,56.3080,0.1532,0,1.8663
1188,56.1760,-2.4672,-2.7373,56.3041,0.0667,0,1.8672
1189,56.1559,-2.3825,-2.8737,56.2894,0.1619,0,1.7825
1190,56.1558,-2.3834,-2.8071,56.2854,0.0667,0,1.7834
1191,56.1343,-2.2965,-2.9516,56.2700,0.1700,0,1.6965
1192,56.1342,-2.2973,-2.8849,56.2659,0.0667,0,1.6973
1193,56.1112,-2.2091,-3.0375,56.2499,0.1777,0,1.6091
1194,56.1112,-2.2100,-2.9708,56.2457,0.0667,0,1.6100
1195,56.0866,-2.1211,-3.1312,56.2290,0.1850,0,1.5211
1196,56.0866,-2.1219,-3.0646,56.2247,0.0667,0,1.5219
1197,56.0604,-2.0328,-3.2328,56.2073,0.1922,0,1.4328
1198,56.0604,-2.0335,-3.1662,56.2028,0.0667,0,1.4335
1199,56.0325,-1.9444,-3.3422,56.1848,0.1993,0,1.3444
1200,56.0325,-1.9451,-3.2755,56.1802,0.0667,0,1.3451
1201,56.0028,-1.8560,-3.4592,56.1614,0.2063,0,1.2560
1202,56.0028,-1.8567,-3.3926,56.1567,0.0667,0,1.2567
1203,55.9713,-1.7675,-3.5839,56.1371,0.2134,0,1.1675
1204,55.9713,-1.7682,-3.5172,56.1323,0.0667,0,1.1682
1205,55.9379,-1.6788,-3.7160,56.1120,0.2205,0,1.0788
1206,55.9379,-1.6794,-3.6493,56.1069,0.0667,0,1.0794
1207,55.9024,-1.5895,-3.8556,56.0858,0.2277,0,0.9895
1208,55.9024,-1.5901,-3.7889,56.0806,0.0667,0,0.9901
1209,55.8649,-1.4995,-4.0026,56.0587,0.2351,0,0.8995
1210,55.8649,-1.5000,-3.9359,56.0533,0.0667,0,0.9000
1211,55.8253,-1.4084,-4.1568,56.0306,0.2424,0,0.8084
1212,55.8253,-1.4089,-4.0901,56.0250,0.0667,0,0.8089
1213,55.7834,-1.3160,-4.3182,56.0014,0.2498,0,0.7160
1214,55.7834,-1.3164,-4.2515,55.9957,0.0667,0,0.7164
1215,55.7391,-1.2221,-4.4867,55.9712,0.2573,0,0.6221
1216,55.7391,-1.2224,-4.4200,55.9652,0.0667,0,0.6224
1217,55.6924,-1.1264,-4.6622,55.9398,0.2647,0,0.5264
1218,55.6924,-1.1268,-4.5956,55.9337,0.0667,0,0.5268
1219,55.6432,-1.0290,-4.8447,55.9073,0.2721,0,0.4290
1220,55.6432,-1.0293,-4.7780,55.9009,0.0667,0,0.4293
1221,55.5913,-0.9298,-5.0340,55.8737,0.2795,0,0.3298
1222,55.5913,-0.9300,-4.9673,55.8670,0.0667,0,0.3300
1223,55.5366,-0.8287,-5.2300,55.8388,0.2868,0,0.2287
1224,55.5366,-0.8289,-5.1633,55.8319,0.0667,0,0.2289
1225,55.4791,-0.7259,-5.4326,55.8026,0.2940,0,0.1259
1226,55.4791,-0.7261,-5.3660,55.7955,0.0667,0,0.1261
1227,55.4185,-0.6215,-5.6418,55.7652,0.3012,0,0.0215
1228,55.4185,-0.6216,-5.5752,55.7578,0.0667,0,0.0216
1229,55.3550,-0.5228,-5.8548,55.7263,0.3033,0,0.0000
1230,55.3550,-0.5229,-5.7882,55.7187,0.0667,0,0.0000
1231,55.2886,-0.4472,-6.0716,55.6859,0.3008,0,0.0000
1232,55.2886,-0.4472,-6.0049,55.6780,0.0667,0,0.0000
1233,55.2192,-0.3959,-6.2928,55.6440,0.3005,0,0.0000
1234,55.2192,-0.3960,-6.2262,55.6358,0.0667,0,0.0000
1235,55.1469,-0.3683,-6.5189,55.6007,0.3028,0,0.0000
1236,55.1469,-0.3684,-6.4522,55.5922,0.0667,0,0.0000
1237,55.0715,-0.3618,-6.7499,55.5559,0.3071,0,0.0000
1238,55.0715,-0.3619,-6.6832,55.5471,0.0667,0,0.0000
1239,54.9929,-0.3728,-6.9859,55.5096,0.3129,0,0.0000
1240,54.9929,-0.3729,-6.9193,55.5006,0.0667,0,0.0000
1241,54.9112,-0.3971,-7.2271,55.4619,0.3194,0,0.0000
1242,54.9112,-0.3972,-7.1604,55.4526,0.0667,0,0.0000
1243,54.8260,-0.4304,-7.4733,55.4126,0.3260,0,0.0000
1244,54.8260,-0.4305,-7.4067,55.4030,0.0667,0,0.0000
1245,54.7373,-0.4683,-7.7246,55.3619,0.3322,0,0.0000
1246,54.7373,-0.4684,-7.6579,55.3519,0.0667,0,0.0000
1247,54.6450,-0.5073,-7.9809,55.3095,0.3381,0,0.0000
1248,54.6450,-0.5074,-7.9142,55.2993,0.0667,0,0.0000
1249,54.5489,-0.5440,-8.2420,55.2556,0.3436,0,0.0000
1250,54.5489,-0.5441,-8.1753,55.2450,0.0667,0,0.0000
1251,54.4490,-0.5760,-8.5080,55.2000,0.3488,0,0.0000
1252,54.4490,-0.5761,-8.4413,55.1891,0.0667,0,0.0000
1253,54.3451,-0.6017,-8.7787,55.1428,0.3539,0,0.0017
1254,54.3451,-0.6018,-8.7120,55.1315,0.0667,0,0.0018
1255,54.2372,-0.6201,-9.0541,55.0839,0.3591,0,0.0201
1256,54.2372,-0.6202,-8.9874,55.0722,0.0667,0,0.0202
1257,54.1251,-0.6308,-9.3340,55.0232,0.3644,0,0.0308
1258,54.1251,-0.6309,-9.2673,55.0112,0.0667,0,0.0309
1259,54.0087,-0.6342,-9.6183,54.9607,0.3698,0,0.0342
1260,54.0087,-0.6343,-9.5517,54.9484,0.0667,0,0.0343
1261,53.8880,-0.6308,-9.9071,54.8964,0.3753,0,0.0308
1262,53.8880,-0.6309,-9.8404,54.8837,0.0667,0,0.0309
1263,53.7628,-0.6217,-10.2000,54.8303,0.3809,0,0.0217
1264,53.7628,-0.6218,-10.1334,54.8172,0.0667,0,0.0218
1265,53.6330,-0.6080,-10.4971,54.7622,0.3865,0,0.0080
1266,53.6330,-0.6081,-10.4305,54.7488,0.0667,0,0.0081
1267,53.4984,-0.5911,-10.7983,54.6923,0.3920,0,0.0000
1268,53.4984,-0.5912,-10.7316,54.6785,0.0667,0,0.0000
1269,53.3590,-0.5720,-11.1034,54.6203,0.3975,0,0.0000
1270,53.3590,-0.5721,-11.0368,54.6061,0.0667,0,0.0000
1271,53.2147,-0.5521,-11.4124,54.5463,0.4029,0,0.0000
1272,53.2147,-0.5522,-11.3457,54.5317,0.0667,0,0.0000
1273,53.0653,-0.5321,-11.7250,54.4703,0.4082,0,0.0000
1274,53.0653,-0.5322,-11.6584,54.4553,0.0667,0,0.0000
1275,52.9107,-0.5129,-12.0413,54.3922,0.4134,0,0.0000
1276,52.9107,-0.5130,-11.9747,54.3768,0.0667,0,0.0000
1277,52.7508,-0.4951,-12.3611,54.3119,0.4186,0,0.0000
1278,52.7508,-0.4952,-12.2945,54.2961,0.0667,0,0.0000
1279,52.5855,-0.4791,-12.6843,54.2295,0.4238,0,0.0000
1280,52.5855,-0.4792,-12.6177,54.2132,0.0667,0,0.0000
1281,52.4146,-0.4650,-13.0108,54.1448,0.4289,0,0.0000
1282,52.4146,-0.4651,-12.9441,54.1281,0.0667,0,0.0000
1283,52.2381,-0.4528,-13.3404,54.0578,0.4340,0,0.0000
1284,52.2381,-0.4529,-13.2738,54.0407,0.0667,0,0.0000
1285,52.0559,-0.4425,-13.6731,53.9686,0.4391,0,0.0000
1286,52.0559,-0.4426,-13.6064,53.9510,0.0667,0,0.0000
1287,51.8678,-0.4339,-14.0085,53.8770,0.4439,0,0.0000
1288,51.8678,-0.4340,-13.9418,53.8590,0.0667,0,0.0000
1289,51.6743,-0.4279,-14.3449,53.7830,0.4472,0,0.0000
1290,51.6743,-0.4280,-14.2782,53.7646,0.0667,0,0.0000
1291,51.4757,-0.4248,-14.6808,53.6867,0.4489,0,0.0000
1292,51.4757,-0.4249,-14.6142,53.6679,0.0667,0,0.0000
1293,51.2724,-0.4248,-15.0152,53.5881,0.4496,0,0.0000
1294,51.2724,-0.4249,-14.9485,53.5687,0.0667,0,0.0000
1295,51.0645,-0.4274,-15.3473,53.4871,0.4497,0,0.0000
1296,51.0645,-0.4275,-15.2806,53.4673,0.0667,0,0.0000
1297,50.8522,-0.4319,-15.6767,53.3837,0.4494,0,0.0000
1298,50.8522,-0.4320,-15.6100,53.3634,0.0667,0,0.0000
1299,50.6355,-0.4378,-16.0029,53.2779,0.4487,0,0.0000
1300,50.6355,-0.4379,-15.9363,53.2572,0.0667,0,0.0000
1301,50.4147,-0.4442,-16.3259,53.1697,0.4479,0,0.0000
1302,50.4147,-0.4443,-16.2592,53.1486,0.0667,0,0.0000
1303,50.1897,-0.4505,-16.6451,53.0591,0.4468,0,0.0000
1304,50.1897,-0.4506,-16.5785,53.0375,0.0667,0,0.0000
1305,49.9607,-0.4561,-16.9606,52.9461,0.4456,0,0.0000
1306,49.9607,-0.4562,-16.8940,52.9241,0.0667,0,0.0000
1307,49.7277,-0.4606,-17.2722,52.8307,0.4442,0,0.0000
1308,49.7277,-0.4607,-17.2055,52.8083,0.0667,0,0.0000
1309,49.4908,-0.4637,-17.5797,52.7129,0.4428,0,0.0000
1310,49.4908,-0.4638,-17.5130,52.6900,0.0667,0,0.0000
1311,49.2501,-0.4652,-17.8829,52.5926,0.4413,0,0.0000
1312,49.2501,-0.4653,-17.8162,52.5692,0.0667,0,0.0000
1313,49.0057,-0.4652,-18.1818,52.4698,0.4397,0,0.0000
1314,49.0057,-0.4653,-18.1151,52.4460,0.0667,0,0.0000
1315,48.7576,-0.4637,-18.4762,52.3446,0.4381,0,0.0000
1316,48.7576,-0.4638,-18.4096,52.3203,0.0667,0,0.0000
1317,48.5059,-0.4609,-18.7661,52.2168,0.4364,0,0.0000
1318,48.5059,-0.4610,-18.6994,52.1922,0.0667,0,0.0000
1319,48.2507,-0.4570,-19.0513,52.0866,0.4347,0,0.0000
1320,48.2507,-0.4571,-18.9846,52.0615,0.0667,0,0.0000
1321,47.9920,-0.4523,-19.3318,51.9538,0.4329,0,0.0000
1322,47.9920,-0.4524,-19.2651,51.9283,0.0667,0,0.0000
1323,47.7299,-0.4470,-19.6074,51.8185,0.4311,0,0.0000
1324,47.7299,-0.4471,-19.5407,51.7926,0.0667,0,0.0000
1325,47.4645,-0.4413,-19.8781,51.6807,0.4293,0,0.0000
1326,47.4645,-0.4415,-19.8114,51.6544,0.0667,0,0.0000
1327,47.1959,-0.4356,-20.1438,51.5403,0.4274,0,0.0000
1328,47.1959,-0.4358,-20.0771,51.5135,0.0667,0,0.0000
1329,46.9241,-0.4300,-20.4044,51.3973,0.4255,0,0.0000
1330,46.9241,-0.4302,-20.3378,51.3702,0.0667,0,0.0000
1331,46.6492,-0.4247,-20.6599,51.2518,0.4236,0,0.0000
1332,46.6492,-0.4248,-20.5933,51.2242,0.0667,0,0.0000
1333,46.3713,-0.4197,-20.9103,51.1037,0.4216,0,0.0000
1334,46.3713,-0.4199,-20.8436,51.0757,0.0667,0,0.0000
1335,46.0904,-0.4152,-21.1554,50.9530,0.4197,0,0.0000
1336,46.0904,-0.4153,-21.0888,50.9246,0.0667,0,0.0000
1337,45.8066,-0.4111,-21.3953,50.7997,0.4177,0,0.0000
1338,45.8066,-0.4112,-21.3286,50.7709,0.0667,0,0.0000
1339,45.5200,-0.4075,-21.6299,50.6438,0.4158,0,0.0000
1340,45.5200,-0.4076,-21.5632,50.6146,0.0667,0,0.0000
1341,45.2306,-0.4042,-21.8591,50.4852,0.4139,0,0.0000
1342,45.2306,-0.4044,-21.7924,50.4556,0.0667,0,0.0000
1343,44.9384,-0.4014,-22.0830,50.3240,0.4120,0,0.0000
1344,44.9384,-0.4015,-22.0163,50.2941,0.0667,0,0.0000
1345,44.6436,-0.3988,-22.3015,50.1602,0.4102,0,0.0000
1346,44.6436,-0.3990,-22.2349,50.1299,0.0667,0,0.0000
1347,44.3462,-0.3965,-22.5147,49.9937,0.4084,0,0.0000
1348,44.3462,-0.3966,-22.4480,49.9630,0.0667,0,0.0000
1349,44.0461,-0.3943,-22.7225,49.8246,0.4066,0,0.0000
1350,44.0461,-0.3945,-22.6559,49.7935,0.0667,0,0.0000
1351,43.7435,-0.3923,-22.9250,49.6528,0.4049,0,0.0000
1352,43.7436,-0.3924,-22.8583,49.6213,0.0667,0,0.0000
1353,43.4385,-0.3902,-23.1221,49.4783,0.4033,0,0.0000
1354,43.4385,-0.3904,-23.0554,49.4464,0.0667,0,0.0000
1355,43.1309,-0.3882,-23.3138,49.3011,0.4017,0,0.0000
1356,43.1309,-0.3883,-23.2472,49.2688,0.0667,0,0.0000
1357,42.8209,-0.3860,-23.5003,49.1212,0.4002,0,0.0000
1358,42.8209,-0.3862,-23.4336,49.0886,0.0667,0,0.0000
1359,42.5084,-0.3838,-23.6815,48.9386,0.3988,0,0.0000
1360,42.5084,-0.3840,-23.6149,48.9056,0.0667,0,0.0000
1361,42.1936,-0.3815,-23.8575,48.7533,0.3976,0,0.0000
1362,42.1936,-0.3816,-23.7909,48.7199,0.0667,0,0.0000
1363,41.8763,-0.3790,-24.0284,48.5653,0.3964,0,0.0000
1364,41.8763,-0.3792,-23.9617,48.5315,0.0667,0,0.0000
1365,41.5565,-0.3765,-24.1941,48.3745,0.3953,0,0.0000
1366,41.5565,-0.3766,-24.1274,48.3404,0.0667,0,0.0000
1367,41.2344,-0.3738,-24.3548,48.1810,0.3943,0,0.0000
1368,41.2344,-0.3739,-24.2881,48.1465,0.0667,0,0.0000
1369,40.9097,-0.3709,-24.5106,47.9847,0.3935,0,0.0000
1370,40.9097,-0.3711,-24.4439,47.9499,0.0667,0,0.0000
1371,40.5826,-0.3680,-24.6615,47.7856,0.3929,0,0.0000
1372,40.5826,-0.3681,-24.5948,47.7504,0.0667,0,0.0000
1373,40.2530,-0.3649,-24.8076,47.5837,0.3924,0,0.0000
1374,40.2530,-0.3651,-24.7410,47.5482,0.0667,0,0.0000
1375,39.9207,-0.3617,-24.9491,47.3791,0.3921,0,0.0000
1376,39.9207,-0.3619,-24.8825,47.3432,0.0667,0,0.0000
1377,39.5859,-0.3584,-25.0861,47.1716,0.3920,0,0.0000
1378,39.5859,-0.3586,-25.0194,47.1354,0.0667,0,0.0000
1379,39.2482,-0.3550,-25.2187,46.9613,0.3921,0,0.0000
1380,39.2482,-0.3551,-25.1520,46.9247,0.0667,0,0.0000
1381,38.9077,-0.3515,-25.3470,46.7482,0.3924,0,0.0000
1382,38.9077,-0.3516,-25.2803,46.7113,0.0667,0,0.0000
1383,38.5643,-0.3478,-25.4712,46.5322,0.3930,0,0.0000
1384,38.5643,-0.3479,-25.4046,46.4949,0.0667,0,0.0000
1385,38.2178,-0.3439,-25.5916,46.3133,0.3938,0,0.0000
1386,38.2178,-0.3441,-25.5249,46.2756,0.0667,0,0.0000
1387,37.8680,-0.3399,-25.7082,46.0915,0.3949,0,0.0000
1388,37.8680,-0.3400,-25.6415,46.0535,0.0667,0,0.0000
1389,37.5149,-0.3357,-25.8213,45.8668,0.3963,0,0.0000
1390,37.5149,-0.3358,-25.7546,45.8284,0.0667,0,0.0000
1391,37.1581,-0.3312,-25.9311,45.6391,0.3981,0,0.0000
1392,37.1581,-0.3314,-25.8644,45.6004,0.0667,0,0.0000
1393,36.7975,-0.3265,-26.0378,45.4084,0.4001,0,0.0000
1394,36.7975,-0.3267,-25.9711,45.3694,0.0667,0,0.0000
1395,36.4577,-0.3426,-26.1089,45.1754,0.3670,0,0.0000
1396,36.4577,-0.3427,-26.0423,45.1361,0.0667,0,0.0000
1397,36.1381,-0.3759,-26.1470,44.9403,0.3380,0,0.0000
1398,36.1381,-0.3761,-26.0803,44.9007,0.0667,0,0.0000
1399,35.8314,-0.4172,-26.1623,44.7030,0.3201,0,0.0000
1400,35.8314,-0.4173,-26.0956,44.6632,0.0667,0,0.0000
1401,35.5333,-0.4596,-26.1611,44.4636,0.3081,0,0.0000
1402,35.5333,-0.4598,-26.0945,44.4236,0.0667,0,0.0000
1403,35.2412,-0.4985,-26.1473,44.2220,0.2994,0,0.0000
1404,35.2412,-0.4986,-26.0806,44.1818,0.0667,0,0.0000
1405,34.9534,-0.5308,-26.1232,43.9783,0.2927,0,0.0000
1406,34.9534,-0.5310,-26.0565,43.9379,0.0667,0,0.0000
1407,34.6690,-0.5551,-26.0902,43.7325,0.2874,0,0.0000
1408,34.6690,-0.5553,-26.0236,43.6919,0.0667,0,0.0000
1409,34.3874,-0.5708,-26.0494,43.4846,0.2832,0,0.0000
1410,34.3874,-0.5709,-25.9827,43.4438,0.0667,0,0.0000
1411,34.1083,-0.5782,-26.0011,43.2345,0.2798,0,0.0000
1412,34.1083,-0.5784,-25.9345,43.1936,0.0667,0,0.0000
1413,33.8314,-0.5784,-25.9459,42.9824,0.2771,0,0.0000
1414,33.8314,-0.5785,-25.8793,42.9413,0.0667,0,0.0000
1415,33.5567,-0.5726,-25.8841,42.7281,0.2748,0,0.0000
1416,33.5567,-0.5727,-25.8174,42.6869,0.0667,0,0.0000
1417,33.2840,-0.5624,-25.8157,42.4719,0.2729,0,0.0000
1418,33.2840,-0.5625,-25.7491,42.4305,0.0667,0,0.0000
1419,33.0134,-0.5493,-25.7411,42.2136,0.2711,0,0.0000
1420,33.0134,-0.5495,-25.6745,42.1720,0.0667,0,0.0000
1421,32.7447,-0.5348,-25.6604,41.9532,0.2695,0,0.0000
1422,32.7447,-0.5350,-25.5937,41.9116,0.0667,0,0.0000
1423,32.4779,-0.5202,-25.5737,41.6909,0.2679,0,0.0000
1424,32.4779,-0.5204,-25.5070,41.6492,0.0667,0,0.0000
1425,32.2130,-0.5065,-25.4811,41.4267,0.2665,0,0.0000
1426,32.2130,-0.5067,-25.4144,41.3848,0.0667,0,0.0000
1427,31.9499,-0.4945,-25.3828,41.1605,0.2652,0,0.0000
1428,31.9499,-0.4947,-25.3161,41.1185,0.0667,0,0.0000
1429,31.6887,-0.4846,-25.2790,40.8923,0.2641,0,0.0000
1430,31.6887,-0.4848,-25.2123,40.8502,0.0667,0,0.0000
1431,31.4292,-0.4772,-25.1698,40.6223,0.2631,0,0.0000
1432,31.4292,-0.4774,-25.1031,40.5801,0.0667,0,0.0000
1433,31.1714,-0.4722,-25.0553,40.3505,0.2622,0,0.0000
1434,31.1714,-0.4724,-24.9886,40.3082,0.0667,0,0.0000
1435,30.9153,-0.4695,-24.9358,40.0767,0.2616,0,0.0000
1436,30.9153,-0.4696,-24.8691,40.0344,0.0667,0,0.0000
1437,30.6606,-0.4687,-24.8114,39.8012,0.2611,0,0.0000
1438,30.6606,-0.4689,-24.7447,39.7587,0.0667,0,0.0000
1439,30.4075,-0.4696,-24.6822,39.5239,0.2608,0,0.0000
1440,30.4075,-0.4698,-24.6155,39.4813,0.0667,0,0.0000
1441,30.1556,-0.4716,-24.5485,39.2448,0.2606,0,0.0000
1442,30.1556,-0.4718,-24.4819,39.2021,0.0667,0,0.0000
1443,29.9050,-0.4744,-24.4105,38.9639,0.2606,0,0.0000
1444,29.9050,-0.4746,-24.3439,38.9212,0.0667,0,0.0000
1445,29.6555,-0.4775,-24.2684,38.6813,0.2607,0,0.0000
1446,29.6555,-0.4776,-24.2017,38.6386,0.0667,0,0.0000
1447,29.4070,-0.4805,-24.1223,38.3970,0.2609,0,0.0000
1448,29.4070,-0.4806,-24.0557,38.3542,0.0667,0,0.0000
1449,29.1592,-0.4831,-23.9726,38.1110,0.2613,0,0.0000
1450,29.1592,-0.4832,-23.9059,38.0681,0.0667,0,0.0000
1451,28.9121,-0.4850,-23.8194,37.8233,0.2618,0,0.0000
1452,28.9121,-0.4852,-23.7527,37.7804,0.0667,0,0.0000
1453,28.6655,-0.4861,-23.6630,37.5340,0.2625,0,0.0000
1454,28.6655,-0.4863,-23.5964,37.4910,0.0667,0,0.0000
1455,28.4191,-0.4863,-23.5038,37.2430,0.2632,0,0.0000
1456,28.4191,-0.4864,-23.4371,37.2000,0.0667,0,0.0000
1457,28.1727,-0.4853,-23.3419,36.9504,0.2642,0,0.0000
1458,28.1727,-0.4855,-23.2752,36.9073,0.0667,0,0.0000
1459,27.9261,-0.4833,-23.1777,36.6562,0.2652,0,0.0000
1460,27.9261,-0.4835,-23.1111,36.6130,0.0667,0,0.0000
1461,27.6790,-0.4802,-23.0115,36.3603,0.2664,0,0.0000
1462,27.6790,-0.4804,-22.9448,36.3171,0.0667,0,0.0000
1463,27.5064,-0.5327,-22.7598,36.0656,0.2584,0,0.0000
1464,27.5064,-0.5329,-22.6931,36.0225,0.0667,0,0.0000
1465,27.3993,-0.6289,-22.4329,35.7729,0.2973,0,0.0289
1466,27.3993,-0.6291,-22.3662,35.7301,0.0667,0,0.0291
1467,27.3311,-0.7426,-22.0600,35.4821,0.3336,0,0.1426
1468,27.3311,-0.7428,-21.9934,35.4396,0.0667,0,0.1428
1469,27.2860,-0.8560,-21.6586,35.1931,0.3563,0,0.2560
1470,27.2860,-0.8562,-21.5919,35.1510,0.0667,0,0.2562
1471,27.2546,-0.9575,-21.2390,34.9060,0.3686,0,0.3575
1472,27.2546,-0.9577,-21.1723,34.8644,0.0667,0,0.3577
1473,27.2316,-1.0403,-20.8074,34.6209,0.3748,0,0.4403
1474,27.2316,-1.0405,-20.7407,34.5798,0.0667,0,0.4405
1475,27.2138,-1.1009,-20.3676,34.3379,0.3784,0,0.5009
1476,27.2138,-1.1011,-20.3009,34.2973,0.0667,0,0.5011
1477,27.1995,-1.1386,-19.9218,34.0570,0.3812,0,0.5386
1478,27.1995,-1.1389,-19.8552,34.0170,0.0667,0,0.5389
1479,27.1875,-1.1548,-19.4714,33.7786,0.3843,0,0.5548
1480,27.1875,-1.1550,-19.4047,33.7391,0.0667,0,0.5550
1481,27.1771,-1.1519,-19.0171,33.5026,0.3878,0,0.5519
1482,27.1771,-1.1522,-18.9505,33.4637,0.0667,0,0.5522
1483,27.1679,-1.1337,-18.5594,33.2294,0.3916,0,0.5337
1484,27.1679,-1.1340,-18.4928,33.1910,0.0667,0,0.5340
1485,27.1596,-1.1042,-18.0986,32.9589,0.3954,0,0.5042
1486,27.1596,-1.1044,-18.0320,32.9212,0.0667,0,0.5044
1487,27.1519,-1.0673,-17.6348,32.6915,0.3989,0,0.4673
1488,27.1519,-1.0675,-17.5682,32.6545,0.0667,0,0.4675
1489,27.1446,-1.0268,-17.1682,32.4274,0.4021,0,0.4268
1490,27.1446,-1.0270,-17.1015,32.3910,0.0667,0,0.4270
1491,27.1376,-0.9862,-16.6987,32.1666,0.4049,0,0.3862
1492,27.1376,-0.9864,-16.6321,32.1309,0.0667,0,0.3864
1493,27.1309,-0.9482,-16.2265,31.9095,0.4074,0,0.3482
1494,27.1309,-0.9484,-16.1598,31.8745,0.0667,0,0.3484
1495,27.1244,-0.9149,-15.7515,31.6562,0.4097,0,0.3149
1496,27.1244,-0.9151,-15.6848,31.6219,0.0667,0,0.3151
1497,27.1182,-0.8876,-15.2738,31.4070,0.4120,0,0.2876
1498,27.1182,-0.8878,-15.2072,31.3734,0.0667,0,0.2878
1499,27.1121,-0.8672,-14.7935,31.1620,0.4142,0,0.2672
1500,27.1121,-0.8674,-14.7268,31.1292,0.0667,0,0.2674
1501,27.1062,-0.8537,-14.3105,30.9215,0.4166,0,0.2537
1502,27.1062,-0.8539,-14.2438,30.8895,0.0667,0,0.2539
1503,27.1005,-0.8468,-13.8249,30.6857,0.4190,0,0.2468
1504,27.1005,-0.8471,-13.7583,30.6545,0.0667,0,0.2471
1505,27.0949,-0.8459,-13.3368,30.4549,0.4215,0,0.2459
1506,27.0949,-0.8461,-13.2701,30.4245,0.0667,0,0.2461
1507,27.0896,-0.8500,-12.8461,30.2293,0.4241,0,0.2500
1508,27.0896,-0.8502,-12.7795,30.1998,0.0667,0,0.2502
1509,27.0843,-0.8579,-12.3529,30.0091,0.4266,0,0.2579
1510,27.0843,-0.8581,-12.2863,29.9804,0.0667,0,0.2581
1511,27.0793,-0.8685,-11.8573,29.7945,0.4291,0,0.2685
1512,27.0793,-0.8687,-11.7906,29.7668,0.0667,0,0.2687
1513,27.0744,-0.8807,-11.3592,29.5859,0.4316,0,0.2807
1514,27.0744,-0.8810,-11.2926,29.5591,0.0667,0,0.2810
1515,27.0696,-0.8935,-10.8588,29.3835,0.4340,0,0.2935
1516,27.0696,-0.8938,-10.7921,29.3577,0.0667,0,0.2938
1517,27.0650,-0.9061,-10.3559,29.1876,0.4364,0,0.3061
1518,27.0650,-0.9063,-10.2892,29.1627,0.0667,0,0.3063
1519,27.0606,-0.9176,-9.8507,28.9983,0.4387,0,0.3176
1520,27.0606,-0.9178,-9.7840,28.9744,0.0667,0,0.3178
1521,27.0564,-0.9277,-9.3432,28.8160,0.4410,0,0.3277
1522,27.0564,-0.9280,-9.2765,28.7931,0.0667,0,0.3280
1523,27.0523,-0.9361,-8.8333,28.6409,0.4433,0,0.3361
1524,27.0523,-0.9363,-8.7667,28.6191,0.0667,0,0.3363
1525,27.0484,-0.9426,-8.3212,28.4732,0.4455,0,0.3426
1526,27.0484,-0.9428,-8.2545,28.4525,0.0667,0,0.3428
1527,27.0446,-0.9471,-7.8068,28.3134,0.4478,0,0.3471
1528,27.0446,-0.9473,-7.7401,28.2937,0.0667,0,0.3473
1529,27.0411,-0.9499,-7.2902,28.1615,0.4500,0,0.3499
1530,27.0411,-0.9502,-7.2235,28.1430,0.0667,0,0.3502
1531,27.0416,-0.9602,-6.7588,28.0186,0.4648,0,0.3602
1532,27.0416,-0.9604,-6.6922,28.0012,0.0667,0,0.3604
1533,27.0537,-0.9965,-6.1860,27.8865,0.5076,0,0.3965
1534,27.0537,-0.9967,-6.1193,27.8705,0.0667,0,0.3967
1535,27.0712,-1.0452,-5.5876,27.7655,0.5342,0,0.4452
1536,27.0712,-1.0454,-5.5210,27.7508,0.0667,0,0.4454
1537,27.0905,-1.0972,-4.9735,27.6557,0.5503,0,0.4972
1538,27.0905,-1.0974,-4.9068,27.6424,0.0667,0,0.4974
1539,27.1097,-1.1466,-4.3493,27.5573,0.5600,0,0.5466
1540,27.1097,-1.1468,-4.2827,27.5454,0.0667,0,0.5468
1541,27.1278,-1.1893,-3.7188,27.4705,0.5657,0,0.5893
1542,27.1278,-1.1896,-3.6522,27.4602,0.0667,0,0.5896
1543,27.1442,-1.2234,-3.0841,27.3957,0.5693,0,0.6234
1544,27.1442,-1.2236,-3.0174,27.3869,0.0667,0,0.6236
1545,27.1587,-1.2479,-2.4464,27.3330,0.5717,0,0.6479
1546,27.1587,-1.2481,-2.3797,27.3258,0.0667,0,0.6481
1547,27.1711,-1.2629,-1.8065,27.2827,0.5736,0,0.6629
1548,27.1711,-1.2631,-1.7398,27.2769,0.0667,0,0.6631
1549,27.1815,-1.2692,-1.1647,27.2449,0.5752,0,0.6692
1550,27.1815,-1.2694,-1.0981,27.2407,0.0667,0,0.6694
1551,27.1898,-1.2681,-0.5215,27.2198,0.5767,0,0.6681
1552,27.1898,-1.2683,-0.4548,27.2172,0.0667,0,0.6683
1553,27.1960,-1.2611,0.1233,27.2076,0.5781,0,0.6611
1554,27.1960,-1.2613,0.1899,27.2066,0.0667,0,0.6613
1555,27.2000,-1.2499,0.7694,27.2085,0.5796,0,0.6499
1556,27.2000,-1.2501,0.8361,27.2091,0.0667,0,0.6501
1557,27.2018,-1.2362,1.4170,27.2226,0.5811,0,0.6362
1558,27.2018,-1.2364,1.4837,27.2247,0.0667,0,0.6364
1559,27.2015,-1.2214,2.0661,27.2499,0.5826,0,0.6214
1560,27.2015,-1.2216,2.1327,27.2537,0.0667,0,0.6216
1561,27.1991,-1.2070,2.7166,27.2907,0.5841,0,0.6070
1562,27.1991,-1.2068,2.6500,27.2855,0.0667,0,0.6068
1563,27.1953,-1.1931,3.1021,27.3197,0.4524,0,0.5931
1564,27.1953,-1.1929,3.0354,27.3136,0.0667,0,0.5929
1565,27.1903,-1.1813,3.4892,27.3531,0.4540,0,0.5813
1566,27.1903,-1.1811,3.4225,27.3460,0.0667,0,0.5811
1567,27.1839,-1.1721,3.8780,27.3909,0.4556,0,0.5721
1568,27.1839,-1.1719,3.8114,27.3829,0.0667,0,0.5719
1569,27.1762,-1.1659,4.2687,27.4331,0.4574,0,0.5659
1570,27.1762,-1.1657,4.2020,27.4242,0.0667,0,0.5657
1571,27.1672,-1.1625,4.6612,27.4798,0.4593,0,0.5625
1572,27.1672,-1.1623,4.5946,27.4700,0.0667,0,0.5623
1573,27.1569,-1.1620,5.0557,27.5312,0.4613,0,0.5620
1574,27.1569,-1.1618,4.9891,27.5204,0.0667,0,0.5618
1575,27.1452,-1.1639,5.4524,27.5872,0.4634,0,0.5639
1576,27.1452,-1.1637,5.3857,27.5754,0.0667,0,0.5637
1577,27.1322,-1.1680,5.8512,27.6479,0.4657,0,0.5680
1578,27.1322,-1.1678,5.7845,27.6352,0.0667,0,0.5678
1579,27.1177,-1.1738,6.2524,27.7133,0.4681,0,0.5738
1580,27.1177,-1.1736,6.1858,27.6997,0.0667,0,0.5736
1581,27.1018,-1.1809,6.6561,27.7836,0.4707,0,0.5809
1582,27.1019,-1.1807,6.5895,27.7691,0.0667,0,0.5807
1583,27.0845,-1.1890,7.0625,27.8588,0.4735,0,0.5890
1584,27.0845,-1.1888,6.9959,27.8433,0.0667,0,0.5888
1585,27.0656,-1.1976,7.4718,27.9389,0.4764,0,0.5976
1586,27.0656,-1.1974,7.4052,27.9225,0.0667,0,0.5974
1587,27.0450,-1.2067,7.8842,28.0241,0.4796,0,0.6067
1588,27.0450,-1.2065,7.8176,28.0067,0.0667,0,0.6065
1589,27.0227,-1.2159,8.3000,28.1142,0.4831,0,0.6159
1590,27.0227,-1.2157,8.2334,28.0960,0.0667,0,0.6157
1591,27.0091,-1.1966,8.6795,28.2075,0.4467,0,0.5966
1592,27.0091,-1.1964,8.6128,28.1884,0.0667,0,0.5964
1593,27.0284,-1.0898,8.9364,28.2989,0.3412,0,0.4898
1594,27.0284,-1.0896,8.8697,28.2792,0.0667,0,0.4896
1595,27.0687,-0.9376,9.1196,28.3898,0.2953,0,0.3376
1596,27.0687,-0.9375,9.0530,28.3698,0.0667,0,0.3375
1597,27.1219,-0.7687,9.2591,28.4813,0.2717,0,0.1687
1598,27.1219,-0.7686,9.1925,28.4610,0.0667,0,0.1686
1599,27.1827,-0.6026,9.3731,28.5737,0.2528,0,0.0026
1600,27.1827,-0.6024,9.3065,28.5532,0.0667,0,0.0024
1601,27.2483,-0.4520,9.4727,28.6672,0.2335,0,0.0000
1602,27.2483,-0.4518,9.4060,28.6465,0.0667,0,0.0000
1603,27.3169,-0.3249,9.5643,28.7619,0.2142,0,0.0000
1604,27.3169,-0.3247,9.4976,28.7411,0.0667,0,0.0000
1605,27.3879,-0.2255,9.6520,28.8579,0.1967,0,0.0000
1606,27.3879,-0.2253,9.5853,28.8370,0.0667,0,0.0000
1607,27.4608,-0.1548,9.7378,28.9552,0.1832,0,0.0000
1608,27.4608,-0.1547,9.6712,28.9341,0.0667,0,0.0000
1609,27.5354,-0.1118,9.8231,29.0537,0.1746,0,0.0000
1610,27.5354,-0.1116,9.7564,29.0325,0.0667,0,0.0000
1611,27.6117,-0.0934,9.9082,29.1535,0.1708,0,0.0000
1612,27.6117,-0.0932,9.8415,29.1322,0.0667,0,0.0000
1613,27.6895,-0.0957,9.9931,29.2544,0.1705,0,0.0000
1614,27.6895,-0.0955,9.9265,29.2330,0.0667,0,0.0000
1615,27.7689,-0.1140,10.0778,29.3566,0.1719,0,0.0000
1616,27.7689,-0.1138,10.0111,29.3350,0.0667,0,0.0000
1617,27.8497,-0.1433,10.1617,29.4598,0.1735,0,0.0000
1618,27.8497,-0.1432,10.0951,29.4382,0.0667,0,0.0000
1619,27.9321,-0.1789,10.2444,29.5642,0.1743,0,0.0000
1620,27.9321,-0.1787,10.1778,29.5424,0.0667,0,0.0000
1621,28.0161,-0.2161,10.3252,29.6695,0.1738,0,0.0000
1622,28.0161,-0.2159,10.2586,29.6477,0.0667,0,0.0000
1623,28.1019,-0.2511,10.4033,29.7758,0.1719,0,0.0000
1624,28.1019,-0.2509,10.3367,29.7539,0.0667,0,0.0000
1625,28.1898,-0.2805,10.4778,29.8830,0.1689,0,0.0000
1626,28.1898,-0.2804,10.4111,29.8610,0.0667,0,0.0000
1627,28.2798,-0.3022,10.5480,29.9910,0.1653,0,0.0000
1628,28.2798,-0.3020,10.4814,29.9689,0.0667,0,0.0000
1629,28.4185,-0.1962,10.4495,30.0905,0.1773,0,0.0000
1630,28.4185,-0.1961,10.3828,30.0687,0.0667,0,0.0000
1631,28.5960,0.0160,10.1987,30.1809,0.3322,0,0.0000
1632,28.5960,0.0161,10.1320,30.1597,0.0667,0,0.0000
1633,28.7902,0.2801,9.8537,30.2638,0.4301,0,0.0000
1634,28.7902,0.2802,9.7870,30.2434,0.0667,0,0.0000
1635,28.9874,0.5580,9.4510,30.3404,0.4784,0,0.0000
1636,28.9874,0.5580,9.3843,30.3209,0.0667,0,0.0000
1637,29.1798,0.8225,9.0140,30.4112,0.4941,0,0.0000
1638,29.1798,0.8225,8.9473,30.3927,0.0667,0,0.0000
1639,29.3636,1.0556,8.5574,30.4764,0.4900,0,0.0000
1640,29.3636,1.0556,8.4907,30.4590,0.0667,0,0.0000
1641,29.5375,1.2460,8.0904,30.5364,0.4761,0,0.0000
1642,29.5374,1.2461,8.0238,30.5200,0.0667,0,0.0000
1643,29.7009,1.3882,7.6187,30.5912,0.4593,0,0.0000
1644,29.7008,1.3882,7.5520,30.5759,0.0667,0,0.0000
1645,29.8538,1.4811,7.1455,30.6408,0.4442,0,0.0000
1646,29.8538,1.4812,7.0788,30.6266,0.0667,0,0.0000
1647,29.9964,1.5274,6.6728,30.6853,0.4328,0,0.0000
1648,29.9964,1.5275,6.6061,30.6721,0.0667,0,0.0000
1649,30.1283,1.5323,6.2016,30.7248,0.4255,0,0.0000
1650,30.1283,1.5324,6.1349,30.7126,0.0667,0,0.0000
1651,30.2493,1.5029,5.7325,30.7591,0.4213,0,0.0000
1652,30.2493,1.5030,5.6658,30.7480,0.0667,0,0.0000
1653,30.3589,1.4474,5.2654,30.7885,0.4188,0,0.0000
1654,30.3589,1.4475,5.1987,30.7783,0.0667,0,0.0000
1655,30.4566,1.3743,4.8003,30.8127,0.4167,0,0.0000
1656,30.4566,1.3743,4.7337,30.8036,0.0667,0,0.0000
1657,30.5420,1.2917,4.3368,30.8319,0.4142,0,0.0000
1658,30.5420,1.2917,4.2702,30.8238,0.0667,0,0.0000
1659,30.6149,1.2070,3.8745,30.8460,0.4112,0,0.0000
1660,30.6149,1.2071,3.8078,30.8389,0.0667,0,0.0000
1661,30.6749,1.1267,3.4126,30.8549,0.4078,0,0.0000
1662,30.6749,1.1267,3.3459,30.8489,0.0667,0,0.0000
1663,30.7220,1.0558,2.9504,30.8588,0.4046,0,0.0000
1664,30.7220,1.0558,2.8837,30.8537,0.0667,0,0.0000
1665,30.7562,0.9979,2.4870,30.8574,0.4023,0,0.0000
1666,30.7562,0.9979,2.4204,30.8533,0.0667,0,0.0000
1667,30.7773,0.9553,2.0215,30.8508,0.4017,0,0.0000
1668,30.7773,0.9553,1.9549,30.8477,0.0667,0,0.0000
1669,30.7852,0.9290,1.5527,30.8389,0.4031,0,0.0000
1670,30.7852,0.9290,1.4861,30.8368,0.0667,0,0.0000
1671,30.7799,0.9191,1.0795,30.8216,0.4068,0,0.0000
1672,30.7799,0.9191,1.0128,30.8205,0.0667,0,0.0000
1673,30.7610,0.9247,0.6003,30.7987,0.4130,0,0.0000
1674,30.7610,0.9247,0.5336,30.7987,0.0667,0,0.0000
1675,30.7282,0.9443,0.1137,30.7702,0.4216,0,0.0000
1676,30.7282,0.9443,0.0471,30.7713,0.0667,0,0.0000
1677,30.6809,0.9760,-0.3819,30.7360,0.4327,0,0.0000
1678,30.6809,0.9761,-0.4486,30.7381,0.0667,0,0.0000
1679,30.6236,0.9901,-0.8487,30.6974,0.4044,0,0.0000
1680,30.6236,0.9901,-0.9154,30.7006,0.0667,0,0.0000
1681,30.5699,0.9265,-1.2009,30.6589,0.2975,0,0.0000
1682,30.5699,0.9265,-1.2676,30.6628,0.0667,0,0.0000
1683,30.5184,0.8164,-1.4773,30.6195,0.2423,0,0.0000
1684,30.5184,0.8165,-1.5440,30.6240,0.0667,0,0.0000
1685,30.4676,0.6822,-1.7018,30.5788,0.2134,0,0.0000
1686,30.4676,0.6823,-1.7685,30.5838,0.0667,0,0.0000
1687,30.4165,0.5398,-1.8896,30.5367,0.1939,0,0.0000
1688,30.4165,0.5399,-1.9563,30.5422,0.0667,0,0.0000
1689,30.3642,0.4007,-2.0501,30.4932,0.1758,0,0.0000
1690,30.3642,0.4008,-2.1168,30.4990,0.0667,0,0.0000
1691,30.3107,0.2730,-2.1894,30.4482,0.1564,0,0.0000
1692,30.3107,0.2731,-2.2561,30.4543,0.0667,0,0.0000
1693,30.2559,0.1618,-2.3113,30.4020,0.1358,0,0.0000
1694,30.2559,0.1619,-2.3780,30.4084,0.0667,0,0.0000
1695,30.2001,0.0701,-2.4183,30.3546,0.1148,0,0.0000
1696,30.2001,0.0702,-2.4850,30.3612,0.0667,0,0.0000
1697,30.1435,-0.0013,-2.5121,30.3062,0.0951,0,0.0000
1698,30.1435,-0.0014,-2.4454,30.2995,0.0667,0,0.0000
1699,30.0902,-0.0531,-2.3272,30.2339,0.1396,0,0.0000
1700,30.0902,-0.0532,-2.2605,30.2276,0.0667,0,0.0000
1701,30.0404,-0.0868,-2.1311,30.1656,0.1426,0,0.0000
1702,30.0404,-0.0869,-2.0645,30.1597,0.0667,0,0.0000
1703,29.9940,-0.1048,-1.9247,30.1014,0.1483,0,0.0000
1704,29.9940,-0.1049,-1.8580,30.0959,0.0667,0,0.0000
1705,29.9513,-0.1101,-1.7085,30.0415,0.1557,0,0.0000
1706,29.9513,-0.1102,-1.6418,30.0366,0.0667,0,0.0000
1707,29.9121,-0.1058,-1.4829,29.9863,0.1637,0,0.0000
1708,29.9121,-0.1059,-1.4162,29.9818,0.0667,0,0.0000
1709,29.8766,-0.0951,-1.2485,29.9359,0.1718,0,0.0000
1710,29.8766,-0.0952,-1.1818,29.9319,0.0667,0,0.0000
1711,29.8447,-0.0808,-1.0056,29.8906,0.1796,0,0.0000
1712,29.8447,-0.0809,-0.9389,29.8872,0.0667,0,0.0000
1713,29.8165,-0.0654,-0.7547,29.8505,0.1870,0,0.0000
1714,29.8165,-0.0655,-0.6881,29.8476,0.0667,0,0.0000
1715,29.7919,-0.0508,-0.4963,29.8159,0.1939,0,0.0000
1716,29.7919,-0.0510,-0.4296,29.8136,0.0667,0,0.0000
1717,29.7762,-0.3421,-0.3256,29.7906,0.3096,0,0.0000
1718,29.7762,-0.3417,-0.2590,29.7887,0.0667,0,0.0000
1719,29.7612,-0.6560,-0.1393,29.7696,0.3366,0,0.0560
1720,29.7612,-0.6550,-0.0726,29.7681,0.0667,0,0.0550
1721,29.7469,-0.8738,0.0866,29.7520,0.2710,0,0.2738
1722,29.7469,-0.8721,0.1532,29.7510,0.0666,0,0.2721
1723,29.7351,-0.9957,0.3383,29.7386,0.2228,0,0.3957
1724,29.7351,-0.9933,0.4049,29.7382,0.0666,0,0.3933
1725,29.7268,-1.0322,0.6069,29.7300,0.2059,0,0.4322
1726,29.7268,-1.0291,0.6735,29.7301,0.0666,0,0.4291
1727,29.7221,-0.9970,0.8867,29.7264,0.2157,0,0.3970
1728,29.7220,-0.9932,0.9532,29.7272,0.0666,0,0.3932
1729,29.7206,-0.9051,1.1740,29.7284,0.2377,0,0.3051
1730,29.7206,-0.9005,1.2403,29.7297,0.0665,0,0.3005
1731,29.7219,-0.7716,1.4662,29.7360,0.2600,0,0.1716
1732,29.7218,-0.7661,1.5324,29.7380,0.0664,0,0.1661
1733,29.7255,-0.6108,1.7618,29.7495,0.2770,0,0.0108
1734,29.7254,-0.6045,1.8279,29.7522,0.0664,0,0.0045
1735,29.7312,-0.4355,2.0597,29.7691,0.2870,0,0.0000
1736,29.7310,-0.4284,2.1256,29.7724,0.0663,0,0.0000
1737,29.7394,-0.2796,2.3546,29.7948,0.2732,0,0.0000
1738,29.7392,-0.2717,2.4203,29.7987,0.0662,0,0.0000
1739,29.7519,-0.2051,2.6379,29.8266,0.2279,0,0.0000
1740,29.7522,-0.2136,2.5723,29.8222,0.0661,0,0.0000
1741,29.7653,-0.1653,2.6628,29.8422,0.1034,0,0.0000
1742,29.7656,-0.1744,2.5974,29.8378,0.0660,0,0.0000
1743,29.7783,-0.1136,2.6953,29.8582,0.1160,0,0.0000
1744,29.7786,-0.1231,2.6300,29.8538,0.0660,0,0.0000
1745,29.7914,-0.0727,2.7337,29.8747,0.1160,0,0.0000
1746,29.7917,-0.0825,2.6685,29.8702,0.0659,0,0.0000
1747,29.8046,-0.0438,2.7764,29.8915,0.1154,0,0.0000
1748,29.8049,-0.0536,2.7112,29.8870,0.0659,0,0.0000
1749,29.8180,-0.0264,2.8220,29.9087,0.1148,0,0.0000
1750,29.8184,-0.0362,2.7568,29.9040,0.0659,0,0.0000
1751,29.8319,-0.0194,2.8691,29.9262,0.1143,0,0.0000
1752,29.8323,-0.0290,2.8038,29.9215,0.0660,0,0.0000
1753,29.8461,-0.0209,2.9163,29.9440,0.1136,0,0.0000
1754,29.8465,-0.0304,2.8510,29.9392,0.0660,0,0.0000
1755,29.8608,-0.0290,2.9624,29.9621,0.1123,0,0.0000
1756,29.8612,-0.0382,2.8971,29.9572,0.0660,0,0.0000
1757,29.8759,-0.0415,3.0063,29.9805,0.1102,0,0.0000
1758,29.8764,-0.0506,2.9409,29.9756,0.0660,0,0.0000
1759,29.8916,-0.0568,3.0467,29.9992,0.1071,0,0.0000
1760,29.8920,-0.0657,2.9812,29.9941,0.0660,0,0.0000
1761,29.9077,-0.0731,3.0825,30.0180,0.1027,0,0.0000
1762,29.9082,-0.0820,3.0170,30.0129,0.0661,0,0.0000
1763,29.9231,-0.1375,3.1646,30.0392,0.1584,0,0.0000
1764,29.9236,-0.1462,3.0992,30.0339,0.0661,0,0.0000
1765,29.9336,-0.3455,3.4035,30.0688,0.3639,0,0.0000
1766,29.9340,-0.3542,3.3380,30.0630,0.0661,0,0.0000
1767,29.9389,-0.5856,3.7120,30.1037,0.4399,0,0.0000
1768,29.9393,-0.5940,3.6464,30.0972,0.0661,0,0.0000
1769,29.9390,-0.8400,4.0608,30.1432,0.4819,0,0.2400
1770,29.9392,-0.8479,3.9951,30.1359,0.0662,0,0.2479
1771,29.9345,-1.0990,4.4300,30.1869,0.5023,0,0.4990
1772,29.9347,-1.1064,4.3642,30.1788,0.0663,0,0.5064
1773,29.9280,-1.3471,4.7920,30.2341,0.4909,0,0.7471
1774,29.9282,-1.3538,4.7260,30.2252,0.0663,0,0.7538
1775,29.9204,-1.5824,5.1460,30.2847,0.4782,0,0.9824
1776,29.9204,-1.5883,5.0798,30.2751,0.0664,0,0.9883
1777,29.9121,-1.8042,5.4916,30.3388,0.4650,0,1.2042
1778,29.9122,-1.8090,5.4253,30.3283,0.0665,0,1.2090
1779,29.9040,-2.0128,5.8285,30.3963,0.4519,0,1.4128
1780,29.9040,-2.0165,5.7621,30.3850,0.0666,0,1.4165
1781,29.8937,-2.2216,6.1715,30.4578,0.4580,0,1.6216
1782,29.8937,-2.2241,6.1049,30.4458,0.0666,0,1.6241
1783,29.8761,-2.4351,6.5547,30.5256,0.4971,0,1.8351
1784,29.8761,-2.4364,6.4881,30.5126,0.0667,0,1.8364
1785,29.8540,-2.6333,6.9623,30.5991,0.5139,0,2.0333
1786,29.8540,-2.6335,6.8956,30.5852,0.0667,0,2.0335
1787,29.8275,-2.8371,7.3832,30.6783,0.5291,0,2.2371
1788,29.8275,-2.8363,7.3165,30.6635,0.0667,0,2.2363
1789,29.7955,-3.0564,7.8150,30.7628,0.5459,0,2.4564
1790,29.7955,-3.0549,7.7484,30.7471,0.0666,0,2.4549
1791,29.7538,-3.3360,8.2534,30.8523,0.5795,0,2.7360
1792,29.7538,-3.3338,8.1868,30.8356,0.0666,0,2.7338
1793,29.7051,-3.6291,8.6944,30.9457,0.5892,0,3.0291
1794,29.7052,-3.6262,8.6278,30.9281,0.0666,0,3.0262
1795,29.6467,-3.9306,9.1455,31.0423,0.6034,0,3.3306
1796,29.6468,-3.9270,9.0790,31.0237,0.0666,0,3.3270
1797,29.5791,-4.2316,9.6055,31.1420,0.6120,0,3.6316
1798,29.5793,-4.2273,9.5391,31.1224,0.0665,0,3.6273
1799,29.5073,-4.5152,10.0660,31.2451,0.6047,0,3.9152
1800,29.5075,-4.5101,9.9997,31.2245,0.0665,0,3.9101
1801,29.4446,-4.7517,10.5046,31.3527,0.5632,0,4.1517
1802,29.4449,-4.7459,10.4385,31.3313,0.0664,0,4.1459
1803,29.3941,-4.9158,10.9306,31.4652,0.5231,0,4.3158
1804,29.3944,-4.9094,10.8646,31.4429,0.0663,0,4.3094
1805,29.3532,-5.0032,11.3596,31.5831,0.5055,0,4.4032
1806,29.3535,-4.9961,11.2937,31.5600,0.0663,0,4.3961
1807,29.3234,-5.0058,11.7928,31.7066,0.5001,0,4.4058
1808,29.3237,-4.9980,11.7271,31.6826,0.0662,0,4.3980
1809,29.3013,-4.9719,12.2234,31.8366,0.4976,0,4.3719
1810,29.3016,-4.9635,12.1579,31.8118,0.0661,0,4.3635
1811,29.2812,-4.9498,12.6488,31.9734,0.4916,0,4.3498
1812,29.2816,-4.9407,12.5835,31.9478,0.0660,0,4.3407
1813,29.2565,-4.9691,13.0747,32.1168,0.4927,0,4.3691
1814,29.2568,-4.9593,13.0095,32.0905,0.0659,0,4.3593
1815,29.2303,-4.9700,13.5123,32.2662,0.5036,0,4.3700
1816,29.2306,-4.9598,13.4472,32.2390,0.0659,0,4.3598
1817,29.2024,-4.9434,13.9636,32.4212,0.5174,0,4.3434
1818,29.2027,-4.9329,13.8986,32.3933,0.0658,0,4.3329
1819,29.1722,-4.8882,14.4288,32.5818,0.5329,0,4.2882
1820,29.1724,-4.8777,14.3639,32.5530,0.0658,0,4.2777
1821,29.1391,-4.8080,14.9061,32.7478,0.5477,0,4.2080
1822,29.1393,-4.7975,14.8411,32.7183,0.0658,0,4.1975
1823,29.1029,-4.7152,15.3914,32.9195,0.5577,0,4.1152
1824,29.1031,-4.7050,15.3264,32.8892,0.0659,0,4.1050
1825,29.0636,-4.6215,15.8814,33.0970,0.5626,0,4.0215
1826,29.0638,-4.6115,15.8162,33.0659,0.0659,0,4.0115
1827,29.0215,-4.5357,16.3733,33.2806,0.5638,0,3.9357
1828,29.0217,-4.5259,16.3081,33.2486,0.0659,0,3.9259
1829,28.9769,-4.4635,16.8658,33.4702,0.5629,0,3.8635
1830,28.9771,-4.4539,16.8005,33.4375,0.0660,0,3.8539
1831,28.9301,-4.4078,17.3579,33.6661,0.5612,0,3.8078
1832,28.9303,-4.3984,17.2926,33.6326,0.0660,0,3.7984
1833,28.8679,-3.8676,17.9501,33.8559,0.8473,0,3.2676
1834,28.8679,-3.8589,17.8845,33.8215,0.0661,0,3.2589
1835,28.8214,-3.3954,18.4827,34.0511,0.7582,0,2.7954
1836,28.8214,-3.3876,18.4170,34.0159,0.0662,0,2.7876
1837,28.7800,-3.0209,18.9797,34.2519,0.6729,0,2.4209
1838,28.7800,-3.0140,18.9137,34.2160,0.0663,0,2.4140
1839,28.7342,-2.7155,19.4684,34.4588,0.6315,0,2.1155
1840,28.7341,-2.7094,19.4023,34.4222,0.0664,0,2.1094
1841,28.6849,-2.4643,19.9525,34.6715,0.6044,0,1.8643
1842,28.6848,-2.4591,19.8863,34.6342,0.0665,0,1.8591
1843,28.6329,-2.2512,20.4343,34.8898,0.5885,0,1.6512
1844,28.6329,-2.2469,20.3680,34.8518,0.0665,0,1.6469
1845,28.5790,-2.0600,20.9152,35.1135,0.5807,0,1.4600
1846,28.5790,-2.0565,20.8487,35.0749,0.0666,0,1.4565
1847,28.5240,-1.8756,21.3956,35.3425,0.5787,0,1.2756
1848,28.5240,-1.8729,21.3290,35.3032,0.0666,0,1.2729
1849,28.4682,-1.6848,21.8757,35.5766,0.5808,0,1.0848
1850,28.4682,-1.6830,21.8091,35.5367,0.0666,0,1.0830
1851,28.4123,-1.4767,22.3553,35.8158,0.5865,0,0.8767
1852,28.4123,-1.4758,22.2886,35.7753,0.0667,0,0.8758
1853,28.3565,-1.2432,22.8338,36.0601,0.5954,0,0.6432
1854,28.3565,-1.2431,22.7671,36.0190,0.0667,0,0.6431
1855,28.2999,-1.0100,23.3108,36.3091,0.5942,0,0.4100
1856,28.2999,-1.0107,23.2442,36.2674,0.0667,0,0.4107
1857,28.2406,-0.8856,23.7879,36.5628,0.5611,0,0.2856
1858,28.2406,-0.8867,23.7212,36.5205,0.0667,0,0.2867
1859,28.1790,-0.8496,24.2664,36.8211,0.5499,0,0.2496
1860,28.1790,-0.8508,24.1998,36.7783,0.0667,0,0.2508
1861,28.1154,-0.8781,24.7467,37.0841,0.5513,0,0.2781
1862,28.1154,-0.8791,24.6801,37.0407,0.0667,0,0.2791
1863,28.0500,-0.9471,25.2288,37.3517,0.5568,0,0.3471
1864,28.0500,-0.9480,25.1622,37.3077,0.0667,0,0.3480
1865,27.9827,-1.0360,25.7129,37.6239,0.5618,0,0.4360
1866,27.9826,-1.0366,25.6463,37.5793,0.0667,0,0.4366
1867,27.9458,-1.1008,26.1620,37.8991,0.5210,0,0.5008
1868,27.9458,-1.1011,26.0953,37.8541,0.0667,0,0.5011
1869,28.0120,-1.0731,26.4959,38.1736,0.4070,0,0.4731
1870,28.0120,-1.0732,26.4292,38.1283,0.0667,0,0.4732
1871,28.1427,-0.9851,26.7604,38.4483,0.3667,0,0.3851
1872,28.1427,-0.9851,26.6937,38.4029,0.0667,0,0.3851
1873,28.3132,-0.8597,26.9830,38.7237,0.3584,0,0.2597
1874,28.3132,-0.8595,26.9163,38.6782,0.0667,0,0.2595
1875,28.5078,-0.7146,27.1803,39.0000,0.3586,0,0.1146
1876,28.5078,-0.7143,27.1137,38.9545,0.0667,0,0.1143
1877,28.7173,-0.5640,27.3623,39.2771,0.3582,0,0.0000
1878,28.7173,-0.5637,27.2956,39.2317,0.0667,0,0.0000
1879,28.9363,-0.4193,27.5347,39.5552,0.3548,0,0.0000
1880,28.9362,-0.4190,27.4680,39.5097,0.0667,0,0.0000
1881,29.1617,-0.2894,27.7007,39.8340,0.3489,0,0.0000
1882,29.1616,-0.2890,27.6340,39.7887,0.0667,0,0.0000
1883,29.3921,-0.1801,27.8620,40.1137,0.3420,0,0.0000
1884,29.3921,-0.1798,27.7953,40.0683,0.0667,0,0.0000
1885,29.6272,-0.0950,28.0194,40.3940,0.3356,0,0.0000
1886,29.6272,-0.0947,27.9528,40.3487,0.0667,0,0.0000
1887,29.8668,-0.0348,28.1730,40.6750,0.3309,0,0.0000
1888,29.8668,-0.0345,28.1064,40.6298,0.0667,0,0.0000
1889,30.1112,0.0017,28.3225,40.9565,0.3283,0,0.0000
1890,30.1112,0.0020,28.2559,40.9113,0.0667,0,0.0000
1891,30.3609,0.0177,28.4672,41.2384,0.3275,0,0.0000
1892,30.3609,0.0179,28.4006,41.1933,0.0667,0,0.0000
1893,30.6165,0.0176,28.6062,41.5207,0.3281,0,0.0000
1894,30.6165,0.0178,28.5395,41.4757,0.0667,0,0.0000
1895,30.8789,0.0065,28.7381,41.8031,0.3293,0,0.0000
1896,30.8789,0.0067,28.6714,41.7582,0.0667,0,0.0000
1897,31.1491,-0.0100,28.8613,42.0856,0.3307,0,0.0000
1898,31.1491,-0.0099,28.7946,42.0409,0.0667,0,0.0000
1899,31.4573,-0.0000,28.9393,42.3666,0.3406,0,0.0000
1900,31.4573,0.0001,28.8726,42.3220,0.0667,0,0.0000
1901,31.8683,0.0990,28.8906,42.6418,0.4231,0,0.0000
1902,31.8683,0.0992,28.8239,42.5975,0.0667,0,0.0000
1903,32.3406,0.2501,28.7594,42.9123,0.5000,0,0.0000
1904,32.3406,0.2502,28.6927,42.8685,0.0667,0,0.0000
1905,32.8481,0.4283,28.5728,43.1787,0.5511,0,0.0000
1906,32.8481,0.4284,28.5061,43.1355,0.0667,0,0.0000
1907,33.3748,0.6166,28.3474,43.4411,0.5814,0,0.0000
1908,33.3748,0.6167,28.2807,43.3985,0.0667,0,0.0000
1909,33.9112,0.8029,28.0932,43.6995,0.5979,0,0.0000
1910,33.9112,0.8030,28.0265,43.6575,0.0667,0,0.0000
1911,34.4517,0.9790,27.8160,43.9538,0.6062,0,0.0000
1912,34.4517,0.9791,27.7493,43.9125,0.0667,0,0.0000
1913,34.9936,1.1392,27.5186,44.2039,0.6104,0,0.0000
1914,34.9936,1.1394,27.4520,44.1633,0.0667,0,0.0000
1915,35.5356,1.2807,27.2022,44.4496,0.6133,0,0.0000
1916,35.5356,1.2808,27.1356,44.4097,0.0667,0,0.0000
1917,36.0773,1.4024,26.8666,44.6907,0.6168,0,0.0000
1918,36.0773,1.4025,26.8000,44.6515,0.0667,0,0.0000
1919,36.6187,1.5050,26.5107,44.9271,0.6224,0,0.0000
1920,36.6187,1.5052,26.4440,44.8886,0.0667,0,0.0000
1921,37.1603,1.5910,26.1324,45.1585,0.6307,0,0.0000
1922,37.1602,1.5911,26.0657,45.1208,0.0667,0,0.0000
1923,37.7025,1.6639,25.7293,45.3845,0.6423,0,0.0000
1924,37.7025,1.6640,25.6626,45.3476,0.0667,0,0.0000
1925,38.2460,1.7282,25.2981,45.6050,0.6576,0,0.0000
1926,38.2460,1.7283,25.2314,45.5689,0.0667,0,0.0000
1927,38.7916,1.7893,24.8348,45.8196,0.6772,0,0.0000
1928,38.7916,1.7894,24.7682,45.7843,0.0667,0,0.0000
1929,39.3532,1.8731,24.3083,46.0267,0.7307,0,0.0000
1930,39.3532,1.8732,24.2417,45.9923,0.0667,0,0.0000
1931,39.9595,2.0304,23.6511,46.2230,0.8609,0,0.0000
1932,39.9595,2.0305,23.5844,46.1898,0.0667,0,0.0000
1933,40.5810,2.2244,22.9061,46.4095,0.9402,0,0.0000
1934,40.5810,2.2245,22.8395,46.3774,0.0667,0,0.0000
1935,41.2001,2.4309,22.0999,46.5866,0.9863,0,0.0000
1936,41.2001,2.4310,22.0332,46.5558,0.0667,0,0.0000
1937,41.8064,2.6336,21.2489,46.7544,1.0119,0,0.0000
1938,41.8064,2.6336,21.1822,46.7250,0.0667,0,0.0000
1939,42.3937,2.8214,20.3634,46.9131,1.0251,0,0.0000
1940,42.3937,2.8214,20.2967,46.8850,0.0667,0,0.0000
1941,42.9586,2.9871,19.4500,47.0625,1.0312,0,0.0000
1942,42.9586,2.9871,19.3834,47.0358,0.0667,0,0.0000
1943,43.4986,3.1266,18.5132,47.2027,1.0336,0,0.0000
1944,43.4986,3.1266,18.4466,47.1774,0.0667,0,0.0000
1945,44.0125,3.2380,17.5560,47.3335,1.0341,0,0.0000
1946,44.0125,3.2380,17.4894,47.3096,0.0667,0,0.0000
1947,44.4989,3.3213,16.5807,47.4549,1.0341,0,0.0000
1948,44.4989,3.3213,16.5140,47.4324,0.0667,0,0.0000
1949,44.9569,3.3782,15.5889,47.5669,1.0339,0,0.0000
1950,44.9569,3.3782,15.5222,47.5458,0.0667,0,0.0000
1951,45.3856,3.4114,14.5822,47.6694,1.0337,0,0.0000
1952,45.3856,3.4114,14.5155,47.6498,0.0667,0,0.0000
1953,45.7841,3.4245,13.5619,47.7624,1.0336,0,0.0000
1954,45.7841,3.4245,13.4952,47.7443,0.0667,0,0.0000
1955,46.1516,3.4215,12.5292,47.8459,1.0335,0,0.0000
1956,46.1516,3.4215,12.4626,47.8293,0.0667,0,0.0000
1957,46.4872,3.4064,11.4855,47.9200,1.0333,0,0.0000
1958,46.4872,3.4064,11.4188,47.9048,0.0667,0,0.0000
1959,46.7903,3.3832,10.4317,47.9845,1.0329,0,0.0000
1960,46.7903,3.3832,10.3650,47.9708,0.0667,0,0.0000
1961,47.0604,3.3554,9.3691,48.0396,1.0323,0,0.0000
1962,47.0604,3.3553,9.3024,48.0274,0.0667,0,0.0000
1963,47.2969,3.3259,8.2987,48.0852,1.0316,0,0.0000
1964,47.2969,3.3258,8.2320,48.0745,0.0667,0,0.0000
1965,47.4994,3.2970,7.2216,48.1213,1.0309,0,0.0000
1966,47.4994,3.2970,7.1550,48.1122,0.0667,0,0.0000
1967,47.6678,3.2704,6.1390,48.1481,1.0302,0,0.0000
1968,47.6678,3.2703,6.0723,48.1405,0.0667,0,0.0000
1969,47.8014,3.1982,5.1206,48.1677,0.9638,0,0.0000
1970,47.8014,3.1981,5.0539,48.1615,0.0667,0,0.0000
1971,47.9044,3.0843,4.1681,48.1806,0.8990,0,0.0000
1972,47.9044,3.0842,4.1015,48.1757,0.0667,0,0.0000
1973,47.9803,2.9469,3.2641,48.1867,0.8520,0,0.0000
1974,47.9803,2.9469,3.1974,48.1830,0.0667,0,0.0000
1975,48.0310,2.7998,2.3969,48.1859,0.8155,0,0.0000
1976,48.0310,2.7998,2.3302,48.1834,0.0667,0,0.0000
1977,48.0583,2.6531,1.5591,48.1784,0.7854,0,0.0000
1978,48.0583,2.6531,1.4924,48.1771,0.0667,0,0.0000
1979,48.0632,2.5144,0.7455,48.1643,0.7597,0,0.0000
1980,48.0632,2.5144,0.6789,48.1641,0.0667,0,0.0000
1981,48.0469,2.3889,-0.0473,48.1436,0.7371,0,0.0000
1982,48.0469,2.3889,-0.1140,48.1445,0.0667,0,0.0000
1983,48.0103,2.2801,-0.8220,48.1166,0.7173,0,0.0000
1984,48.0103,2.2801,-0.8887,48.1186,0.0667,0,0.0000
1985,47.9544,2.1895,-1.5805,48.0833,0.7000,0,0.0000
1986,47.9544,2.1895,-1.6472,48.0864,0.0667,0,0.0000
1987,47.8798,2.1174,-2.3244,48.0439,0.6852,0,0.0000
1988,47.8798,2.1175,-2.3911,48.0479,0.0667,0,0.0000
1989,47.7874,2.0633,-3.0552,47.9983,0.6727,0,0.0000
1990,47.7874,2.0632,-2.9886,47.9933,0.0667,0,0.0000
1991,47.6839,2.0255,-3.5076,47.9296,0.5306,0,0.0000
1992,47.6839,2.0255,-3.4409,47.9240,0.0667,0,0.0000
1993,47.5699,2.0023,-3.9496,47.8546,0.5218,0,0.0000
1994,47.5699,2.0022,-3.8829,47.8483,0.0667,0,0.0000
1995,47.4457,1.9911,-4.3826,47.7734,0.5151,0,0.0000
1996,47.4457,1.9911,-4.3160,47.7665,0.0667,0,0.0000
1997,47.3114,1.9896,-4.8082,47.6860,0.5103,0,0.0000
1998,47.3114,1.9895,-4.7416,47.6786,0.0667,0,0.0000
1999,47.1672,1.9955,-5.2279,47.5926,0.5073,0,0.0000
2000,47.1672,1.9954,-5.1612,47.5845,0.0667,0,0.0000
2001,47.0132,2.0068,-5.6432,47.4931,0.5061,0,0.0000
2002,47.0132,2.0067,-5.5765,47.4845,0.0667,0,0.0000
2003,46.8493,2.0219,-6.0559,47.3875,0.5068,0,0.0000
2004,46.8493,2.0218,-5.9892,47.3783,0.0667,0,0.0000
2005,46.6751,2.0396,-6.4678,47.2759,0.5096,0,0.0000
2006,46.6751,2.0396,-6.4011,47.2660,0.0667,0,0.0000
2007,46.4902,2.0593,-6.8808,47.1580,0.5145,0,0.0000
2008,46.4902,2.0593,-6.8142,47.1475,0.0667,0,0.0000
2009,46.2942,2.0807,-7.2973,47.0338,0.5218,0,0.0000
2010,46.2942,2.0806,-7.2306,47.0227,0.0667,0,0.0000
2011,46.0862,2.1040,-7.7196,46.9031,0.5319,0,0.0000
2012,46.0862,2.1039,-7.6529,46.8914,0.0667,0,0.0000
2013,45.8652,2.1298,-8.1502,46.7659,0.5448,0,0.0000
2014,45.8652,2.1297,-8.0836,46.7535,0.0667,0,0.0000
2015,45.6299,2.1590,-8.5923,46.6217,0.5613,0,0.0000
2016,45.6299,2.1590,-8.5256,46.6087,0.0667,0,0.0000
2017,45.3789,2.1929,-9.0491,46.4704,0.5815,0,0.0000
2018,45.3789,2.1928,-8.9824,46.4567,0.0667,0,0.0000
2019,45.1439,2.1526,-9.4093,46.3148,0.4890,0,0.0000
2020,45.1439,2.1525,-9.3427,46.3005,0.0667,0,0.0000
2021,44.9994,1.8768,-9.4322,46.1633,0.3239,0,0.0000
2022,44.9994,1.8768,-9.3656,46.1489,0.0667,0,0.0000
2023,44.9093,1.4730,-9.2477,46.0159,0.4301,0,0.0000
2024,44.9093,1.4730,-9.1810,46.0017,0.0667,0,0.0000
2025,44.8492,1.0133,-8.9348,45.8730,0.5249,0,0.0000
2026,44.8492,1.0133,-8.8682,45.8592,0.0667,0,0.0000
2027,44.8042,0.5476,-8.5419,45.7350,0.5704,0,0.0000
2028,44.8042,0.5476,-8.4752,45.7218,0.0667,0,0.0000
2029,44.7661,0.1103,-8.0986,45.6026,0.5784,0,0.0000
2030,44.7661,0.1102,-8.0320,45.5900,0.0667,0,0.0000
2031,44.7314,-0.2757,-7.6232,45.4761,0.5633,0,0.0000
2032,44.7314,-0.2758,-7.5565,45.4641,0.0667,0,0.0000
2033,44.6987,-0.5963,-7.1267,45.3559,0.5372,0,0.0000
2034,44.6987,-0.5965,-7.0600,45.3447,0.0667,0,0.0000
2035,44.6681,-0.8450,-6.6159,45.2426,0.5098,0,0.2450
2036,44.6681,-0.8451,-6.5492,45.2320,0.0667,0,0.2451
2037,44.6400,-1.0207,-6.0949,45.1362,0.4879,0,0.4207
2038,44.6400,-1.0209,-6.0283,45.1265,0.0667,0,0.4209
2039,44.6146,-1.1276,-5.5663,45.0373,0.4748,0,0.5276
2040,44.6146,-1.1278,-5.4996,45.0283,0.0667,0,0.5278
2041,44.5922,-1.1729,-5.0315,44.9459,0.4709,0,0.5729
2042,44.5922,-1.1731,-4.9648,44.9377,0.0667,0,0.5731
2043,44.5727,-1.1665,-4.4913,44.8623,0.4739,0,0.5665
2044,44.5727,-1.1667,-4.4247,44.8549,0.0667,0,0.5667
2045,44.5557,-1.1194,-3.9465,44.7868,0.4808,0,0.5194
2046,44.5557,-1.1196,-3.8798,44.7801,0.0667,0,0.5196
2047,44.5411,-1.0432,-3.3972,44.7193,0.4888,0,0.4432
2048,44.5411,-1.0434,-3.3306,44.7135,0.0667,0,0.4434
2049,44.5284,-0.9489,-2.8439,44.6602,0.4959,0,0.3489
2050,44.5284,-0.9491,-2.7773,44.6552,0.0667,0,0.3491
2051,44.5175,-0.8467,-2.2868,44.6096,0.5012,0,0.2467
2052,44.5175,-0.8469,-2.2201,44.6054,0.0667,0,0.2469
2053,44.5083,-0.7453,-1.7260,44.5676,0.5046,0,0.1453
2054,44.5083,-0.7455,-1.6593,44.5642,0.0667,0,0.1455
2055,44.5007,-0.6514,-1.1617,44.5342,0.5065,0,0.0514
2056,44.5007,-0.6516,-1.0950,44.5317,0.0667,0,0.0516
2057,44.4946,-0.5702,-0.5942,44.5098,0.5075,0,0.0000
2058,44.4946,-0.5704,-0.5275,44.5081,0.0667,0,0.0000
2059,44.4903,-0.5048,-0.0236,44.4943,0.5081,0,0.0000
2060,44.4903,-0.5051,0.0430,44.4935,0.0667,0,0.0000
2061,44.4876,-0.4568,0.5497,44.4879,0.5090,0,0.0000
2062,44.4876,-0.4570,0.6163,44.4879,0.0667,0,0.0000
2063,44.4867,-0.4261,1.1255,44.4906,0.5101,0,0.0000
2064,44.4867,-0.4263,1.1922,44.4915,0.0667,0,0.0000
2065,44.4875,-0.4116,1.7036,44.5025,0.5116,0,0.0000
2066,44.4876,-0.4118,1.7703,44.5042,0.0667,0,0.0000
2067,44.4902,-0.4112,2.2836,44.5237,0.5133,0,0.0000
2068,44.4902,-0.4114,2.3502,44.5263,0.0667,0,0.0000
2069,44.4946,-0.4222,2.8652,44.5542,0.5151,0,0.0000
2070,44.4945,-0.4220,2.7985,44.5508,0.0667,0,0.0000
2071,44.4999,-0.4408,3.1815,44.5769,0.3834,0,0.0000
2072,44.4999,-0.4406,3.1148,44.5731,0.0667,0,0.0000
2073,44.5062,-0.4648,3.4986,44.6029,0.3846,0,0.0000
2074,44.5062,-0.4646,3.4319,44.5986,0.0667,0,0.0000
2075,44.5136,-0.4912,3.8162,44.6321,0.3853,0,0.0000
2076,44.5135,-0.4910,3.7496,44.6273,0.0667,0,0.0000
2077,44.5219,-0.5174,4.1339,44.6647,0.3853,0,0.0000
2078,44.5219,-0.5172,4.0672,44.6594,0.0667,0,0.0000
2079,44.5314,-0.5410,4.4511,44.7005,0.3847,0,0.0000
2080,44.5314,-0.5408,4.3845,44.6947,0.0667,0,0.0000
2081,44.5420,-0.5604,4.7673,44.7396,0.3835,0,0.0000
2082,44.5420,-0.5602,4.7006,44.7334,0.0667,0,0.0000
2083,44.5538,-0.5741,5.0818,44.7820,0.3816,0,0.0000
2084,44.5538,-0.5739,5.0151,44.7753,0.0667,0,0.0000
2085,44.5670,-0.5811,5.3937,44.8277,0.3789,0,0.0000
2086,44.5670,-0.5809,5.3270,44.8205,0.0667,0,0.0000
2087,44.5837,-0.5641,5.6787,44.8758,0.3524,0,0.0000
2088,44.5837,-0.5639,5.6120,44.8682,0.0667,0,0.0000
2089,44.6085,-0.4876,5.8844,44.9245,0.2839,0,0.0000
2090,44.6085,-0.4874,5.8177,44.9166,0.0667,0,0.0000
2091,44.6390,-0.3787,6.0434,44.9743,0.2524,0,0.0000
2092,44.6390,-0.3785,5.9768,44.9662,0.0667,0,0.0000
2093,44.6733,-0.2555,6.1757,45.0254,0.2364,0,0.0000
2094,44.6733,-0.2553,6.1090,45.0171,0.0667,0,0.0000
2095,44.7103,-0.1309,6.2932,45.0779,0.2253,0,0.0000
2096,44.7102,-0.1307,6.2265,45.0695,0.0667,0,0.0000
2097,44.7491,-0.0137,6.4029,45.1319,0.2153,0,0.0000
2098,44.7491,-0.0135,6.3363,45.1233,0.0667,0,0.0000
2099,44.7895,0.0901,6.5092,45.1872,0.2056,0,0.0000
2100,44.7894,0.0903,6.4425,45.1785,0.0667,0,0.0000
2101,44.8312,0.1769,6.6142,45.2439,0.1968,0,0.0000
2102,44.8312,0.1771,6.5475,45.2351,0.0667,0,0.0000
2103,44.8743,0.2451,6.7190,45.3020,0.1894,0,0.0000
2104,44.8743,0.2453,6.6523,45.2929,0.0667,0,0.0000
2105,44.9188,0.2945,6.8239,45.3613,0.1840,0,0.0000
2106,44.9188,0.2947,6.7573,45.3522,0.0667,0,0.0000
2107,44.9646,0.3265,6.9289,45.4219,0.1804,0,0.0000
2108,44.9646,0.3267,6.8622,45.4126,0.0667,0,0.0000
2109,45.0118,0.3433,7.0333,45.4837,0.1783,0,0.0000
2110,45.0118,0.3435,6.9667,45.4743,0.0667,0,0.0000
2111,45.0605,0.3478,7.1366,45.5467,0.1768,0,0.0000
2112,45.0605,0.3479,7.0699,45.5372,0.0667,0,0.0000
2113,45.1106,0.3434,7.2376,45.6109,0.1751,0,0.0000
2114,45.1106,0.3436,7.1710,45.6012,0.0667,0,0.0000
2115,45.1622,0.3337,7.3354,45.6761,0.1726,0,0.0000
2116,45.1622,0.3339,7.2688,45.6663,0.0667,0,0.0000
2117,45.2154,0.3223,7.4286,45.7424,0.1688,0,0.0000
2118,45.2154,0.3225,7.3619,45.7324,0.0667,0,0.0000
2119,45.2702,0.3126,7.5156,45.8095,0.1635,0,0.0000
2120,45.2702,0.3127,7.4489,45.7995,0.0667,0,0.0000
2121,45.3269,0.3076,7.5945,45.8775,0.1563,0,0.0000
2122,45.3269,0.3078,7.5278,45.8673,0.0667,0,0.0000
2123,45.3856,0.3103,7.6631,45.9461,0.1475,0,0.0000
2124,45.3856,0.3104,7.5964,45.9358,0.0667,0,0.0000
2125,45.4465,0.3222,7.7199,46.0152,0.1381,0,0.0000
2126,45.4465,0.3224,7.6532,46.0049,0.0667,0,0.0000
2127,45.5411,0.5584,7.4628,46.0748,0.3176,0,0.0000
2128,45.5411,0.5586,7.3961,46.0649,0.0667,0,0.0000
2129,45.6563,0.9863,6.9199,46.1235,0.6504,0,0.0000
2130,45.6563,0.9864,6.8532,46.1143,0.0667,0,0.0000
2131,45.7693,1.5152,6.1951,46.1625,0.8517,0,0.0000
2132,45.7693,1.5153,6.1285,46.1544,0.0667,0,0.0000
2133,45.8654,2.0804,5.3543,46.1924,0.9633,0,0.0000
2134,45.8654,2.0805,5.2876,46.1855,0.0667,0,0.0000
2135,45.9368,2.6327,4.4422,46.2131,1.0123,0,0.0000
2136,45.9368,2.6328,4.3755,46.2076,0.0667,0,0.0000
2137,45.9809,3.1373,3.4867,46.2248,1.0230,0,0.0000
2138,45.9809,3.1374,3.4200,46.2206,0.0667,0,0.0000
2139,45.9977,3.5718,2.5046,46.2270,1.0134,0,0.0000
2140,45.9977,3.5719,2.4379,46.2243,0.0667,0,0.0000
2141,45.9884,3.9236,1.5062,46.2198,0.9960,0,0.0000
2142,45.9884,3.9237,1.4395,46.2185,0.0667,0,0.0000
2143,45.9545,4.1859,0.4978,46.2030,0.9781,0,0.0000
2144,45.9545,4.1861,0.4312,46.2032,0.0667,0,0.0000
2145,45.8969,4.3572,-0.5163,46.1764,0.9645,0,0.0000
2146,45.8969,4.3573,-0.5830,46.1781,0.0667,0,0.0000
2147,45.8157,4.4424,-1.5334,46.1401,0.9576,0,0.0000
2148,45.8157,4.4425,-1.6000,46.1431,0.0667,0,0.0000
2149,45.7101,4.4514,-2.5511,46.0938,0.9570,0,0.0000
2150,45.7101,4.4513,-2.4845,46.0893,0.0667,0,0.0000
2151,45.5872,4.3978,-3.3012,46.0231,0.8276,0,0.0000
2152,45.5872,4.3978,-3.2345,46.0175,0.0667,0,0.0000
2153,45.4453,4.2961,-4.0486,45.9406,0.8326,0,0.0000
2154,45.4453,4.2961,-3.9819,45.9340,0.0667,0,0.0000
2155,45.2829,4.1608,-4.7921,45.8466,0.8373,0,0.0000
2156,45.2829,4.1608,-4.7254,45.8388,0.0667,0,0.0000
2157,45.0983,4.0053,-5.5301,45.7409,0.8401,0,0.0000
2158,45.0983,4.0054,-5.4634,45.7320,0.0667,0,0.0000
2159,44.8905,3.8420,-6.2614,45.6235,0.8406,0,0.0000
2160,44.8905,3.8421,-6.1947,45.6136,0.0667,0,0.0000
2161,44.6591,3.6802,-6.9841,45.4946,0.8384,0,0.0000
2162,44.6591,3.6803,-6.9175,45.4836,0.0667,0,0.0000
2163,44.4052,3.5238,-7.6916,45.3544,0.8296,0,0.0000
2164,44.4052,3.5239,-7.6249,45.3423,0.0667,0,0.0000
2165,44.1304,3.3757,-8.3790,45.2031,0.8161,0,0.0000
2166,44.1304,3.3758,-8.3123,45.1899,0.0667,0,0.0000
2167,43.8361,3.2383,-9.0437,45.0410,0.8003,0,0.0000
2168,43.8361,3.2384,-8.9771,45.0268,0.0667,0,0.0000
2169,43.5235,3.1134,-9.6847,44.8683,0.7837,0,0.0000
2170,43.5235,3.1135,-9.6180,44.8531,0.0667,0,0.0000
2171,43.1938,3.0016,-10.3018,44.6855,0.7673,0,0.0000
2172,43.1938,3.0017,-10.2351,44.6693,0.0667,0,0.0000
2173,42.8479,2.9030,-10.8955,44.4926,0.7519,0,0.0000
2174,42.8479,2.9031,-10.8288,44.4754,0.0667,0,0.0000
2175,42.4868,2.8169,-11.4665,44.2899,0.7379,0,0.0000
2176,42.4868,2.8170,-11.3998,44.2718,0.0667,0,0.0000
2177,42.1112,2.7421,-12.0160,44.0777,0.7255,0,0.0000
2178,42.1112,2.7421,-11.9493,44.0587,0.0667,0,0.0000
2179,41.7218,2.6771,-12.5451,43.8561,0.7147,0,0.0000
2180,41.7218,2.6772,-12.4784,43.8362,0.0667,0,0.0000
2181,41.3189,2.6205,-13.0551,43.6254,0.7058,0,0.0000
2182,41.3189,2.6205,-12.9885,43.6046,0.0667,0,0.0000
2183,40.9030,2.5705,-13.5475,43.3856,0.6986,0,0.0000
2184,40.9030,2.5705,-13.4808,43.3639,0.0667,0,0.0000
2185,40.4741,2.5259,-14.0235,43.1369,0.6931,0,0.0000
2186,40.4741,2.5260,-13.9569,43.1144,0.0667,0,0.0000
2187,40.0324,2.4855,-14.4848,42.8795,0.6895,0,0.0000
2188,40.0324,2.4855,-14.4181,42.8562,0.0667,0,0.0000
2189,39.5776,2.4484,-14.9326,42.6134,0.6877,0,0.0000
2190,39.5776,2.4484,-14.8660,42.5892,0.0667,0,0.0000
2191,39.1094,2.4139,-15.3687,42.3386,0.6879,0,0.0000
2192,39.1094,2.4139,-15.3020,42.3135,0.0667,0,0.0000
2193,38.6272,2.3816,-15.7946,42.0552,0.6900,0,0.0000
2194,38.6272,2.3816,-15.7279,42.0293,0.0667,0,0.0000
2195,38.1305,2.3515,-16.2119,41.7631,0.6942,0,0.0000
2196,38.1305,2.3515,-16.1453,41.7364,0.0667,0,0.0000
2197,37.6181,2.3237,-16.6225,41.4624,0.7007,0,0.0000
2198,37.6181,2.3236,-16.5558,41.4348,0.0667,0,0.0000
2199,37.0891,2.2983,-17.0280,41.1530,0.7096,0,0.0000
2200,37.0891,2.2983,-16.9613,41.1245,0.0667,0,0.0000
2201,36.5419,2.2758,-17.4304,40.8347,0.7211,0,0.0000
2202,36.5419,2.2757,-17.3638,40.8053,0.0667,0,0.0000
2203,35.9749,2.2565,-17.8318,40.5074,0.7355,0,0.0000
2204,35.9749,2.2565,-17.7651,40.4772,0.0667,0,0.0000
2205,35.3863,2.2407,-18.2336,40.1710,0.7524,0,0.0000
2206,35.3863,2.2407,-18.1670,40.1398,0.0667,0,0.0000
2207,34.7784,2.2241,-18.6311,39.8254,0.7650,0,0.0000
2208,34.7784,2.2241,-18.5645,39.7933,0.0667,0,0.0000
2209,34.2419,2.1111,-18.8860,39.4748,0.6356,0,0.0000
2210,34.2419,2.1111,-18.8193,39.4420,0.0667,0,0.0000
2211,33.9703,1.7188,-18.7169,39.1307,0.4880,0,0.0000
2212,33.9703,1.7189,-18.6502,39.0978,0.0667,0,0.0000
2213,33.8525,1.1865,-18.2941,38.7932,0.6513,0,0.0000
2214,33.8525,1.1866,-18.2274,38.7608,0.0667,0,0.0000
2215,33.8173,0.6020,-17.7183,38.4629,0.7760,0,0.0000
2216,33.8173,0.6021,-17.6517,38.4312,0.0667,0,0.0000
2217,33.8226,0.0229,-17.0503,38.1407,0.8350,0,0.0000
2218,33.8226,0.0230,-16.9836,38.1100,0.0667,0,0.0000
2219,33.8454,-0.5127,-16.3271,37.8275,0.8477,0,0.0000
2220,33.8454,-0.5127,-16.2604,37.7978,0.0667,0,0.0000
2221,33.8745,-0.9801,-15.5713,37.5241,0.8332,0,0.3801
2222,33.8745,-0.9801,-15.5046,37.4955,0.0667,0,0.3801
2223,33.9050,-1.3646,-14.7966,37.2313,0.8062,0,0.7646
2224,33.9050,-1.3647,-14.7299,37.2038,0.0667,0,0.7647
2225,33.9358,-1.6593,-14.0113,36.9497,0.7773,0,1.0593
2226,33.9358,-1.6594,-13.9446,36.9234,0.0667,0,1.0594
2227,33.9668,-1.8639,-13.2200,36.6799,0.7535,0,1.2639
2228,33.9668,-1.8641,-13.1534,36.6549,0.0667,0,1.2641
2229,33.9983,-1.9834,-12.4257,36.4225,0.7380,0,1.3834
2230,33.9983,-1.9836,-12.3590,36.3988,0.0667,0,1.3836
2231,34.0301,-2.0267,-11.6299,36.1779,0.7311,0,1.4267
2232,34.0301,-2.0270,-11.5632,36.1555,0.0667,0,1.4270
2233,34.0620,-2.0057,-10.8334,35.9466,0.7308,0,1.4057
2234,34.0620,-2.0059,-10.7667,35.9255,0.0667,0,1.4059
2235,34.0931,-1.9338,-10.0368,35.7289,0.7341,0,1.3338
2236,34.0931,-1.9341,-9.9702,35.7092,0.0667,0,1.3341
2237,34.1227,-1.8254,-9.2405,35.5253,0.7384,0,1.2254
2238,34.1227,-1.8256,-9.1738,35.5069,0.0667,0,1.2256
2239,34.1501,-1.6942,-8.4445,35.3360,0.7416,0,1.0942
2240,34.1501,-1.6944,-8.3778,35.3190,0.0667,0,1.0944
2241,34.1748,-1.5530,-7.6489,35.1614,0.7429,0,0.9530
2242,34.1748,-1.5532,-7.5822,35.1459,0.0667,0,0.9532
2243,34.1965,-1.4128,-6.8538,35.0018,0.7422,0,0.8128
2244,34.1965,-1.4130,-6.7871,34.9878,0.0667,0,0.8130
2245,34.2152,-1.2825,-6.0591,34.8576,0.7398,0,0.6825
2246,34.2152,-1.2828,-5.9925,34.8450,0.0667,0,0.6828
2247,34.2310,-1.1688,-5.2649,34.7289,0.7366,0,0.5688
2248,34.2310,-1.1690,-5.1983,34.7177,0.0667,0,0.5690
2249,34.2441,-1.0758,-4.4712,34.6160,0.7331,0,0.4758
2250,34.2441,-1.0760,-4.4045,34.6063,0.0667,0,0.4760
2251,34.2548,-1.0057,-3.6779,34.5191,0.7302,0,0.4057
2252,34.2548,-1.0059,-3.6112,34.5110,0.0667,0,0.4059
2253,34.2633,-0.9586,-2.8849,34.4386,0.7279,0,0.3586
2254,34.2633,-0.9588,-2.8182,34.4319,0.0667,0,0.3588
2255,34.2698,-0.9333,-2.0922,34.3744,0.7264,0,0.3333
2256,34.2698,-0.9335,-2.0256,34.3693,0.0667,0,0.3335
2257,34.2746,-0.9270,-1.2999,34.3269,0.7257,0,0.3270
2258,34.2746,-0.9272,-1.2333,34.3234,0.0667,0,0.3272
2259,34.2777,-0.9366,-0.5079,34.2962,0.7254,0,0.3366
2260,34.2777,-0.9368,-0.4412,34.2941,0.0667,0,0.3368
2261,34.2793,-0.7542,0.3326,34.2805,0.7951,0,0.1542
2262,34.2793,-0.7540,0.3992,34.2801,0.0667,0,0.1540
2263,34.2771,-0.5476,1.1043,34.2814,0.7347,0,0.0000
2264,34.2771,-0.5463,1.1710,34.2825,0.0667,0,0.0000
2265,34.2737,-0.3976,1.8649,34.2989,0.7096,0,0.0000
2266,34.2737,-0.3953,1.9314,34.3015,0.0666,0,0.0000
2267,34.2699,-0.2968,2.6187,34.3326,0.6943,0,0.0000
2268,34.2700,-0.3001,2.5522,34.3288,0.0666,0,0.0000
2269,34.2667,-0.2519,3.1030,34.3621,0.5529,0,0.0000
2270,34.2667,-0.2561,3.0366,34.3574,0.0665,0,0.0000
2271,34.2637,-0.2416,3.5861,34.3983,0.5497,0,0.0000
2272,34.2638,-0.2468,3.5199,34.3926,0.0665,0,0.0000
2273,34.2607,-0.2531,4.0690,34.4410,0.5492,0,0.0000
2274,34.2608,-0.2593,4.0029,34.4344,0.0664,0,0.0000
2275,34.2576,-0.2741,4.5522,34.4902,0.5495,0,0.0000
2276,34.2578,-0.2812,4.4863,34.4827,0.0663,0,0.0000
2277,34.2543,-0.2930,5.0356,34.5459,0.5494,0,0.0000
2278,34.2543,-0.3010,4.9699,34.5375,0.0662,0,0.0000
2279,34.2515,-0.3327,5.5136,34.6079,0.5446,0,0.0000
2280,34.2515,-0.3416,5.4481,34.5986,0.0661,0,0.0000
2281,34.2478,-0.3404,5.9925,34.6759,0.5444,0,0.0000
2282,34.2479,-0.3501,5.9272,34.6658,0.0659,0,0.0000
2283,34.2428,-0.3465,6.4762,34.7499,0.5490,0,0.0000
2284,34.2429,-0.3566,6.4111,34.7389,0.0659,0,0.0000
2285,34.2367,-0.3653,6.9628,34.8298,0.5518,0,0.0000
2286,34.2367,-0.3755,6.8977,34.8179,0.0659,0,0.0000
2287,34.2297,-0.3935,7.4503,34.9156,0.5529,0,0.0000
2288,34.2297,-0.4037,7.3853,34.9028,0.0659,0,0.0000
2289,34.2222,-0.4271,7.9375,35.0074,0.5527,0,0.0000
2290,34.2222,-0.4371,7.8723,34.9937,0.0659,0,0.0000
2291,34.2145,-0.4618,8.4233,35.1052,0.5516,0,0.0000
2292,34.2145,-0.4716,8.3581,35.0906,0.0659,0,0.0000
2293,34.2065,-0.4939,8.9075,35.2089,0.5499,0,0.0000
2294,34.2066,-0.5034,8.8422,35.1935,0.0660,0,0.0000
2295,34.1986,-0.5207,9.3901,35.3186,0.5482,0,0.0000
2296,34.1986,-0.5300,9.3247,35.3023,0.0660,0,0.0000
2297,34.1906,-0.5407,9.8712,35.4341,0.5466,0,0.0000
2298,34.1906,-0.5498,9.8058,35.4170,0.0660,0,0.0000
2299,34.1824,-0.5647,10.3516,35.5554,0.5461,0,0.0000
2300,34.1825,-0.5737,10.2862,35.5375,0.0661,0,0.0000
2301,34.1739,-0.6154,10.8319,35.6824,0.5474,0,0.0154
2302,34.1740,-0.6240,10.7664,35.6637,0.0661,0,0.0240
2303,34.1656,-0.6877,11.3096,35.8149,0.5470,0,0.0877
2304,34.1657,-0.6959,11.2440,35.7954,0.0662,0,0.0959
2305,34.1584,-0.7783,11.7800,35.9523,0.5424,0,0.1783
2306,34.1584,-0.7859,11.7142,35.9319,0.0662,0,0.1859
2307,34.1522,-0.8900,12.2432,36.0943,0.5392,0,0.2900
2308,34.1522,-0.8970,12.1773,36.0731,0.0663,0,0.2970
2309,34.1470,-1.0267,12.6992,36.2408,0.5379,0,0.4267
2310,34.1470,-1.0329,12.6331,36.2189,0.0664,0,0.4329
2311,34.1427,-1.1926,13.1479,36.3918,0.5390,0,0.5926
2312,34.1427,-1.1979,13.0816,36.3691,0.0665,0,0.5979
2313,34.1392,-1.3923,13.5885,36.5470,0.5429,0,0.7923
2314,34.1393,-1.3966,13.5221,36.5236,0.0665,0,0.7966
2315,34.1366,-1.6303,14.0203,36.7065,0.5502,0,1.0303
2316,34.1366,-1.6334,13.9538,36.6823,0.0666,0,1.0334
2317,34.1345,-1.9108,14.4417,36.8701,0.5613,0,1.3108
2318,34.1345,-1.9125,14.3751,36.8452,0.0666,0,1.3125
2319,34.1327,-2.2253,14.8534,37.0378,0.5715,0,1.6253
2320,34.1327,-2.2257,14.7867,37.0121,0.0667,0,1.6257
2321,34.1296,-2.5476,15.2595,37.2090,0.5720,0,1.9476
2322,34.1296,-2.5466,15.1929,37.1826,0.0667,0,1.9466
2323,34.1262,-2.8753,15.6573,37.3832,0.5690,0,2.2753
2324,34.1261,-2.8730,15.5907,37.3562,0.0666,0,2.2730
2325,34.1224,-3.2082,16.0469,37.5604,0.5661,0,2.6082
2326,34.1224,-3.2045,15.9804,37.5328,0.0666,0,2.6045
2327,34.1184,-3.5459,16.4286,37.7405,0.5635,0,2.9459
2328,34.1183,-3.5408,16.3623,37.7123,0.0665,0,2.9408
2329,34.1140,-3.8883,16.8027,37.9235,0.5610,0,3.2883
2330,34.1140,-3.8819,16.7366,37.8947,0.0664,0,3.2819
2331,34.1094,-4.2351,17.1695,38.1094,0.5587,0,3.6351
2332,34.1094,-4.2273,17.1037,38.0800,0.0662,0,3.6273
2333,34.1045,-4.5861,17.5292,38.2981,0.5566,0,3.9861
2334,34.1044,-4.5771,17.4638,38.2681,0.0660,0,3.9771
2335,34.0993,-4.9412,17.8822,38.4895,0.5547,0,4.3412
2336,34.0992,-4.9308,17.8172,38.4590,0.0658,0,4.3308
2337,34.0938,-5.3002,18.2286,38.6837,0.5530,0,4.7002
2338,34.0937,-5.2885,18.1641,38.6528,0.0656,0,4.6885
2339,34.0880,-5.6629,18.5689,38.8807,0.5514,0,5.0629
2340,34.0879,-5.6500,18.5048,38.8494,0.0654,0,5.0500
2341,34.0819,-6.0293,18.9032,39.0806,0.5501,0,5.4293
2342,34.0818,-6.0152,18.8397,39.0488,0.0651,0,5.4152
2343,34.0756,-6.3992,19.2318,39.2833,0.5489,0,5.7992
2344,34.0755,-6.3839,19.1689,39.2511,0.0648,0,5.7839
2345,34.1178,-5.9645,19.5693,39.4197,0.5814,0,5.3645
2346,34.1177,-5.9505,19.5057,39.3871,0.0651,0,5.3505
2347,34.1628,-5.4753,19.8974,39.5544,0.6175,0,4.8753
2348,34.1627,-5.4628,19.8332,39.5214,0.0654,0,4.8628
2349,34.2112,-4.9329,20.2111,39.6874,0.6527,0,4.3329
2350,34.2111,-4.9221,20.1462,39.6541,0.0658,0,4.3221
2351,34.2632,-4.3366,20.5067,39.8188,0.6895,0,3.7366
2352,34.2631,-4.3276,20.4413,39.7852,0.0660,0,3.7276
2353,34.3189,-3.6859,20.7805,39.9489,0.7280,0,3.0859
2354,34.3188,-3.6787,20.7146,39.9150,0.0663,0,3.0787
2355,34.3714,-2.9798,21.0420,40.0787,0.7736,0,2.3798
2356,34.3713,-2.9746,20.9758,40.0445,0.0665,0,2.3746
2357,34.4041,-2.2022,21.3203,40.2110,0.8464,0,1.6022
2358,34.4041,-2.1993,21.2537,40.1766,0.0666,0,1.5993
2359,34.4245,-1.3349,21.5942,40.3454,0.9293,0,0.7349
2360,34.4245,-1.3344,21.5276,40.3106,0.0667,0,0.7344
2361,34.4590,-1.0361,21.8001,40.4780,0.4055,0,0.4361
2362,34.4590,-1.0376,21.7335,40.4431,0.0667,0,0.4376
2363,34.4359,-1.1923,22.0408,40.5872,0.3448,0,0.5923
2364,34.4359,-1.1947,21.9742,40.5520,0.0666,0,0.5947
2365,34.3791,-1.0370,22.3331,40.6927,0.3962,0,0.4370
2366,34.3790,-1.0403,22.2666,40.6571,0.0666,0,0.4403
2367,34.3262,-0.7297,22.6173,40.7987,0.4714,0,0.1297
2368,34.3261,-0.7338,22.5509,40.7628,0.0665,0,0.1338
2369,34.2738,-0.2841,22.8926,40.9053,0.5672,0,0.0000
2370,34.2738,-0.2891,22.8263,40.8690,0.0665,0,0.0000
2371,34.2271,0.2167,23.1466,41.0123,0.6005,0,0.0000
2372,34.2270,0.2107,23.0805,40.9758,0.0664,0,0.0000
2373,34.2042,0.5549,23.3597,41.1191,0.4438,0,0.0000
2374,34.2041,0.5481,23.2937,41.0823,0.0663,0,0.0000
2375,34.1842,0.8875,23.5612,41.2252,0.4326,0,0.0000
2376,34.1841,0.8797,23.4955,41.1883,0.0662,0,0.0000
2377,34.1603,1.2759,23.7600,41.3325,0.4770,0,0.0000
2378,34.1603,1.2674,23.6944,41.2953,0.0661,0,0.0000
2379,34.1319,1.5982,23.9659,41.4408,0.4289,0,0.0000
2380,34.1318,1.5891,23.9005,41.4033,0.0660,0,0.0000
2381,34.1008,1.8458,24.1793,41.5499,0.3802,0,0.0000
2382,34.1008,1.8363,24.1140,41.5123,0.0660,0,0.0000
2383,34.0689,2.0200,24.3998,41.6601,0.3413,0,0.0000
2384,34.0689,2.0104,24.3346,41.6222,0.0659,0,0.0000
2385,34.0373,2.1287,24.6263,41.7713,0.3164,0,0.0000
2386,34.0373,2.1190,24.5610,41.7332,0.0659,0,0.0000
2387,34.0071,2.1834,24.8569,41.8837,0.3043,0,0.0000
2388,34.0072,2.1737,24.7917,41.8453,0.0660,0,0.0000
2389,33.9787,2.1964,25.0902,41.9972,0.3007,0,0.0000
2390,33.9787,2.1868,25.0249,41.9586,0.0660,0,0.0000
2391,33.9521,2.1796,25.3246,42.1120,0.3010,0,0.0000
2392,33.9522,2.1702,25.2593,42.0731,0.0660,0,0.0000
2393,33.9275,2.1434,25.5592,42.2282,0.3021,0,0.0000
2394,33.9276,2.1341,25.4938,42.1891,0.0660,0,0.0000
2395,33.9046,2.0957,25.7933,42.3458,0.3028,0,0.0000
2396,33.9047,2.0866,25.7280,42.3064,0.0660,0,0.0000
2397,33.8832,2.0428,26.0268,42.4649,0.3028,0,0.0000
2398,33.8833,2.0338,25.9614,42.4252,0.0660,0,0.0000
2399,33.8629,1.9886,26.2595,42.5854,0.3022,0,0.0000
2400,33.8630,1.9796,26.1940,42.5455,0.0661,0,0.0000
2401,33.8437,1.9357,26.4916,42.7074,0.3014,0,0.0000
2402,33.8438,1.9268,26.4261,42.6673,0.0661,0,0.0000
2403,33.8252,1.8857,26.7233,42.8309,0.3006,0,0.0000
2404,33.8253,1.8768,26.6578,42.7905,0.0661,0,0.0000
2405,33.8091,1.7759,26.9583,42.9560,0.3174,0,0.0000
2406,33.8092,1.7671,26.8928,42.9154,0.0661,0,0.0000
2407,33.7929,1.6039,27.1996,43.0828,0.3479,0,0.0000
2408,33.7930,1.5953,27.1340,43.0419,0.0661,0,0.0000
2409,33.7763,1.3714,27.4458,43.2112,0.3842,0,0.0000
2410,33.7763,1.3633,27.3801,43.1700,0.0662,0,0.0000
2411,33.7591,1.0820,27.6953,43.3413,0.4229,0,0.0000
2412,33.7591,1.0744,27.6295,43.2999,0.0662,0,0.0000
2413,33.7412,0.7548,27.9456,43.4731,0.4499,0,0.0000
2414,33.7412,0.7479,27.8797,43.4314,0.0663,0,0.0000
2415,33.7227,0.4093,28.1947,43.6067,0.4628,0,0.0000
2416,33.7227,0.4032,28.1286,43.5647,0.0664,0,0.0000
2417,33.7035,0.0609,28.4415,43.7421,0.4641,0,0.0000
2418,33.7036,0.0555,28.3753,43.6998,0.0664,0,0.0000
2419,33.6840,-0.2800,28.6857,43.8793,0.4575,0,0.0000
2420,33.6840,-0.2847,28.6194,43.8368,0.0665,0,0.0000
2421,33.6643,-0.6072,28.9276,44.0185,0.4466,0,0.0072
2422,33.6643,-0.6112,28.8612,43.9757,0.0665,0,0.0112
2423,33.6426,-1.0037,29.1686,44.1595,0.4991,0,0.4037
2424,33.6426,-1.0068,29.1021,44.1165,0.0666,0,0.4068
2425,33.6207,-1.4792,29.4035,44.3022,0.5607,0,0.8792
2426,33.6207,-1.4813,29.3369,44.2589,0.0666,0,0.8813
2427,33.5985,-2.0174,29.6296,44.4468,0.6112,0,1.4174
2428,33.5984,-2.0183,29.5630,44.4033,0.0667,0,1.4183
2429,33.5761,-2.5986,29.8453,44.5937,0.6458,0,1.9986
2430,33.5761,-2.5983,29.7786,44.5499,0.0667,0,1.9983
2431,33.5539,-3.2058,30.0499,44.7428,0.6657,0,2.6058
2432,33.5539,-3.2041,29.9833,44.6989,0.0666,0,2.6041
2433,33.5319,-3.8256,30.2436,44.8946,0.6741,0,3.2256
2434,33.5319,-3.8225,30.1771,44.8504,0.0666,0,3.2225
2435,33.5103,-4.4487,30.4272,45.0490,0.6746,0,3.8487
2436,33.5104,-4.4443,30.3608,45.0047,0.0665,0,3.8443
2437,33.4869,-5.0599,30.6058,45.2065,0.6630,0,4.4599
2438,33.4869,-5.0543,30.5396,45.1620,0.0664,0,4.4543
2439,33.4639,-5.5922,30.7889,45.3669,0.5934,0,4.9922
2440,33.4640,-5.5855,30.7230,45.3222,0.0663,0,4.9855
2441,33.4412,-6.0442,30.9812,45.5303,0.5268,0,5.4442
2442,33.4412,-6.0366,30.9154,45.4855,0.0662,0,5.4366
2443,33.4200,-6.4140,31.1844,45.6964,0.4640,0,5.8140
2444,33.4201,-6.4057,31.1188,45.6514,0.0661,0,5.8057
2445,33.4044,-6.6965,31.3974,45.8647,0.4030,0,6.0965
2446,33.4045,-6.6876,31.3319,45.8196,0.0661,0,6.0876
2447,33.3931,-6.9031,31.6218,46.0354,0.3613,0,6.3031
2448,33.3931,-6.8938,31.5564,45.9901,0.0660,0,6.2938
2449,33.3794,-7.0859,31.8558,46.2090,0.3560,0,6.4859
2450,33.3795,-7.0763,31.7905,46.1636,0.0660,0,6.4763
2451,33.3642,-7.2683,32.0942,46.3857,0.3595,0,6.6683
2452,33.3643,-7.2583,32.0290,46.3401,0.0659,0,6.6583
2453,33.3435,-7.4402,32.3432,46.5654,0.3637,0,6.8402
2454,33.3436,-7.4299,32.2782,46.5196,0.0658,0,6.8299
2455,33.3226,-7.5328,32.6118,46.7479,0.3497,0,6.9328
2456,33.3227,-7.5224,32.5468,46.7019,0.0658,0,6.9224
2457,33.3017,-7.5470,32.8997,46.9330,0.3544,0,6.9470
2458,33.3018,-7.5365,32.8348,46.8868,0.0658,0,6.9365
2459,33.2812,-7.4879,33.2053,47.1209,0.3743,0,6.8879
2460,33.2813,-7.4776,33.1403,47.0744,0.0658,0,6.8776
2461,33.2609,-7.3817,33.5228,47.3117,0.3949,0,6.7817
2462,33.2610,-7.3715,33.4578,47.2650,0.0659,0,6.7715
2463,33.2406,-7.2534,33.8472,47.5059,0.4075,0,6.6534
2464,33.2406,-7.2434,33.7821,47.4589,0.0659,0,6.6434
2465,33.2200,-7.1220,34.1748,47.7035,0.4116,0,6.5220
2466,33.2201,-7.1122,34.1096,47.6563,0.0659,0,6.5122
2467,33.1992,-7.0008,34.5035,47.9049,0.4098,0,6.4008
2468,33.1993,-6.9912,34.4382,47.8574,0.0660,0,6.3912
2469,33.1780,-6.8978,34.8321,48.1101,0.4054,0,6.2978
2470,33.1781,-6.8884,34.7669,48.0624,0.0660,0,6.2884
2471,33.4797,-6.5410,34.8653,48.2969,0.4704,0,5.9410
2472,33.4797,-6.5318,34.7999,48.2494,0.0660,0,5.9318
2473,34.0495,-5.9903,34.6278,48.4623,0.8046,0,5.3903
2474,34.0494,-5.9814,34.5623,48.4153,0.0661,0,5.3814
2475,34.7558,-5.3734,34.2138,48.6096,0.9951,0,4.7734
2476,34.7557,-5.3647,34.1483,48.5633,0.0661,0,4.7647
2477,35.5194,-4.7746,33.6822,48.7412,1.0718,0,4.1746
2478,35.5192,-4.7661,33.6166,48.6957,0.0661,0,4.1661
2479,36.3156,-4.2215,33.0430,48.8534,1.1225,0,3.6215
2480,36.3154,-4.2136,32.9773,48.8090,0.0662,0,3.6136
2481,37.0902,-3.6977,32.3614,48.9509,1.1162,0,3.0977
2482,37.0900,-3.6903,32.2955,48.9075,0.0663,0,3.0903
2483,37.8320,-3.3432,31.6406,49.0345,1.0488,0,2.7432
2484,37.8317,-3.3363,31.5747,48.9921,0.0663,0,2.7363
2485,38.5320,-3.1245,30.9014,49.1048,0.9943,0,2.5245
2486,38.5318,-3.1180,30.8354,49.0636,0.0663,0,2.5180
2487,39.1877,-2.9316,30.1635,49.1638,0.9573,0,2.3316
2488,39.1875,-2.9255,30.0974,49.1236,0.0664,0,2.3255
2489,39.8014,-2.7735,29.4276,49.2121,0.9212,0,2.1735
2490,39.8013,-2.7678,29.3614,49.1730,0.0664,0,2.1678
2491,40.3752,-2.6556,28.6952,49.2504,0.8865,0,2.0556
2492,40.3751,-2.6502,28.6289,49.2122,0.0664,0,2.0502
2493,40.9106,-2.5796,27.9682,49.2793,0.8534,0,1.9796
2494,40.9105,-2.5747,27.9019,49.2422,0.0665,0,1.9747
2495,41.4091,-2.5445,27.2488,49.2994,0.8222,0,1.9445
2496,41.4090,-2.5400,27.1825,49.2633,0.0665,0,1.9400
2497,41.8721,-2.5466,26.5391,49.3116,0.7926,0,1.9466
2498,41.8720,-2.5424,26.4727,49.2764,0.0665,0,1.9424
2499,42.3008,-2.5806,25.8414,49.3162,0.7642,0,1.9806
2500,42.3008,-2.5767,25.7749,49.2821,0.0666,0,1.9767
2501,42.6966,-2.6400,25.1575,49.3140,0.7361,0,2.0400
2502,42.6966,-2.6365,25.0910,49.2808,0.0666,0,2.0365
2503,43.0609,-2.7182,24.4895,49.3055,0.7080,0,2.1182
2504,43.0609,-2.7149,24.4230,49.2731,0.0666,0,2.1149
2505,43.3950,-2.8084,23.8391,49.2911,0.6791,0,2.2084
2506,43.3951,-2.8054,23.7726,49.2597,0.0666,0,2.2054
2507,43.7004,-2.9046,23.2082,49.2715,0.6494,0,2.3046
2508,43.7005,-2.9019,23.1416,49.2409,0.0666,0,2.3019
2509,43.9785,-3.0018,22.5982,49.2470,0.6185,0,2.4018
2510,43.9786,-2.9992,22.5316,49.2172,0.0666,0,2.3992
2511,44.2307,-3.0957,22.0107,49.2182,0.5867,0,2.4957
2512,44.2307,-3.0933,21.9442,49.1892,0.0666,0,2.4933
2513,44.4582,-3.1834,21.4473,49.1855,0.5538,0,2.5834
2514,44.4583,-3.1812,21.3807,49.1572,0.0666,0,2.5812
2515,44.6624,-3.2629,20.9092,49.1492,0.5202,0,2.6629
2516,44.6625,-3.2608,20.8426,49.1217,0.0666,0,2.6608
2517,44.8444,-3.3330,20.3979,49.1098,0.4859,0,2.7330
2518,44.8445,-3.3310,20.3312,49.0829,0.0666,0,2.7310
2519,45.0054,-3.3937,19.9145,49.0676,0.4511,0,2.7937
2520,45.0055,-3.3918,19.8479,49.0414,0.0666,0,2.7918
2521,45.1463,-3.4452,19.4603,49.0230,0.4158,0,2.8452
2522,45.1463,-3.4434,19.3937,48.9973,0.0666,0,2.8434
2523,45.2679,-3.4893,19.0365,48.9762,0.3801,0,2.8893
2524,45.2680,-3.4875,18.9699,48.9511,0.0666,0,2.8875
2525,45.3710,-3.5281,18.6442,48.9276,0.3440,0,2.9281
2526,45.3711,-3.5263,18.5776,48.9030,0.0666,0,2.9263
2527,45.4563,-3.5633,18.2845,48.8773,0.3075,0,2.9633
2528,45.4564,-3.5616,18.2179,48.8531,0.0666,0,2.9616
2529,45.5244,-3.5965,17.9583,48.8255,0.2706,0,2.9965
2530,45.5245,-3.5948,17.8917,48.8018,0.0666,0,2.9948
2531,45.5753,-3.6342,17.6712,48.7738,0.2296,0,3.0342
2532,45.5754,-3.6325,17.6046,48.7505,0.0666,0,3.0325
2533,45.6148,-3.6772,17.4191,48.7257,0.1949,0,3.0772
2534,45.6149,-3.6754,17.3524,48.7026,0.0666,0,3.0754
2535,45.6501,-3.7030,17.1859,48.6802,0.1724,0,3.1030
2536,45.6502,-3.7010,17.1193,48.6575,0.0666,0,3.1010
2537,45.6848,-3.6995,16.9626,48.6369,0.1605,0,3.0995
2538,45.6849,-3.6975,16.8960,48.6144,0.0666,0,3.0975
2539,45.7200,-3.6522,16.7378,48.5917,0.1682,0,3.0522
2540,45.7201,-3.6501,16.6712,48.5695,0.0666,0,3.0501
2541,45.7504,-3.5931,16.5287,48.5474,0.1565,0,2.9931
2542,45.7505,-3.5910,16.4621,48.5255,0.0666,0,2.9910
2543,45.7784,-3.5260,16.3310,48.5051,0.1490,0,2.9260
2544,45.7785,-3.5238,16.2644,48.4834,0.0666,0,2.9238
2545,45.8061,-3.4494,16.1379,48.4643,0.1493,0,2.8494
2546,45.8062,-3.4472,16.0713,48.4429,0.0666,0,2.8472
2547,45.8345,-3.3648,15.9452,48.4247,0.1532,0,2.7648
2548,45.8346,-3.3626,15.8786,48.4036,0.0666,0,2.7626
2549,45.8642,-3.2756,15.7504,48.3863,0.1577,0,2.6756
2550,45.8643,-3.2734,15.6839,48.3654,0.0666,0,2.6734
2551,45.8943,-3.1756,15.5456,48.3455,0.1720,0,2.5756
2552,45.8944,-3.1735,15.4790,48.3249,0.0666,0,2.5735
2553,45.9195,-3.0974,15.3504,48.3053,0.1514,0,2.4974
2554,45.9196,-3.0954,15.2838,48.2850,0.0666,0,2.4954
2555,45.9419,-3.0422,15.1625,48.2667,0.1343,0,2.4422
2556,45.9420,-3.0402,15.0959,48.2465,0.0666,0,2.4402
2557,45.9635,-3.0033,14.9761,48.2292,0.1272,0,2.4033
2558,45.9636,-3.0013,14.9095,48.2093,0.0666,0,2.4013
2559,45.9855,-2.9757,14.7876,48.1929,0.1264,0,2.3757
2560,45.9856,-2.9737,14.7210,48.1732,0.0666,0,2.3737
2561,46.0087,-2.9512,14.5919,48.1564,0.1331,0,2.3512
2562,46.0087,-2.9492,14.5252,48.1370,0.0666,0,2.3492
2563,46.0297,-2.9326,14.3927,48.1180,0.1352,0,2.3326
2564,46.0298,-2.9307,14.3261,48.0989,0.0666,0,2.3307
2565,46.0472,-2.9378,14.2046,48.0812,0.1230,0,2.3378
2566,46.0472,-2.9359,14.1380,48.0623,0.0666,0,2.3359
2567,46.0636,-2.9550,14.0201,48.0458,0.1205,0,2.3550
2568,46.0636,-2.9531,13.9535,48.0271,0.0666,0,2.3531
2569,46.0804,-2.9755,13.8349,48.0114,0.1218,0,2.3755
2570,46.0804,-2.9736,13.7683,47.9930,0.0666,0,2.3736
2571,46.0985,-2.9934,13.6464,47.9779,0.1248,0,2.3934
2572,46.0985,-2.9915,13.5797,47.9598,0.0666,0,2.3915
2573,46.1184,-3.0009,13.4498,47.9443,0.1318,0,2.4009
2574,46.1185,-2.9991,13.3832,47.9264,0.0666,0,2.3991
2575,46.1371,-3.0023,13.2496,47.9089,0.1350,0,2.4023
2576,46.1372,-3.0005,13.1830,47.8913,0.0666,0,2.4005
2577,46.1530,-3.0156,13.0601,47.8751,0.1248,0,2.4156
2578,46.1531,-3.0138,12.9935,47.8577,0.0666,0,2.4138
2579,46.1683,-3.0312,12.8742,47.8425,0.1215,0,2.4312
2580,46.1684,-3.0294,12.8076,47.8254,0.0666,0,2.4294
2581,46.1843,-3.0427,12.6876,47.8109,0.1218,0,2.4427
2582,46.1844,-3.0409,12.6210,47.7940,0.0666,0,2.4409
2583,46.2018,-3.0464,12.4976,47.7802,0.1247,0,2.4464
2584,46.2019,-3.0446,12.4310,47.7635,0.0666,0,2.4446
2585,46.2211,-3.0371,12.2996,47.7493,0.1330,0,2.4371
2586,46.2211,-3.0354,12.2329,47.7329,0.0666,0,2.4354
2587,46.2392,-3.0212,12.0979,47.7169,0.1370,0,2.4212
2588,46.2393,-3.0195,12.0313,47.7008,0.0666,0,2.4195
2589,46.2547,-3.0169,11.9070,47.6859,0.1252,0,2.4169
2590,46.2548,-3.0152,11.8404,47.6701,0.0666,0,2.4152
2591,46.2696,-3.0160,11.7197,47.6562,0.1216,0,2.4160
2592,46.2697,-3.0143,11.6531,47.6406,0.0666,0,2.4143
2593,46.2851,-3.0131,11.5317,47.6274,0.1224,0,2.4131
2594,46.2851,-3.0114,11.4650,47.6121,0.0666,0,2.4114
2595,46.3016,-3.0052,11.3402,47.5994,0.1261,0,2.4052
2596,46.3017,-3.0035,11.2736,47.5843,0.0666,0,2.4035
2597,46.3196,-2.9911,11.1439,47.5721,0.1315,0,2.3911
2598,46.3196,-2.9894,11.0773,47.5573,0.0666,0,2.3894
2599,46.3390,-2.9708,10.9417,47.5455,0.1381,0,2.3708
2600,46.3391,-2.9692,10.8751,47.5309,0.0666,0,2.3692
2601,46.3598,-2.9455,10.7332,47.5194,0.1453,0,2.3455
2602,46.3598,-2.9438,10.6666,47.5052,0.0666,0,2.3438
2603,46.3818,-2.9165,10.5180,47.4939,0.1527,0,2.3165
2604,46.3819,-2.9149,10.4513,47.4800,0.0666,0,2.3149
2605,46.4049,-2.8858,10.2957,47.4690,0.1600,0,2.2858
2606,46.4050,-2.8842,10.2291,47.4553,0.0666,0,2.2842
2607,46.4290,-2.8548,10.0663,47.4445,0.1671,0,2.2548
2608,46.4290,-2.8533,9.9997,47.4312,0.0667,0,2.2533
2609,46.4538,-2.8251,9.8297,47.4206,0.1741,0,2.2251
2610,46.4538,-2.8237,9.7630,47.4076,0.0666,0,2.2237
2611,46.4791,-2.7980,9.5856,47.3971,0.1810,0,2.1980
2612,46.4792,-2.7965,9.5190,47.3845,0.0667,0,2.1965
2613,46.5049,-2.7741,9.3342,47.3742,0.1879,0,2.1741
2614,46.5050,-2.7727,9.2676,47.3619,0.0667,0,2.1727
2615,46.5311,-2.7539,9.0754,47.3517,0.1948,0,2.1539
2616,46.5311,-2.7526,9.0088,47.3397,0.0667,0,2.1526
2617,46.5573,-2.7377,8.8092,47.3297,0.2019,0,2.1377
2618,46.5574,-2.7364,8.7425,47.3181,0.0667,0,2.1364
2619,46.5836,-2.7252,8.5355,47.3081,0.2090,0,2.1252
2620,46.5837,-2.7240,8.4688,47.2969,0.0667,0,2.1240
2621,46.6098,-2.7123,8.2554,47.2870,0.2154,0,2.1123
2622,46.6099,-2.7112,8.1888,47.2762,0.0667,0,2.1112
2623,46.6359,-2.6870,7.9711,47.2662,0.2205,0,2.0870
2624,46.6359,-2.6859,7.9045,47.2558,0.0667,0,2.0859
2625,46.6619,-2.6489,7.6815,47.2457,0.2275,0,2.0489
2626,46.6619,-2.6479,7.6149,47.2357,0.0667,0,2.0479
2627,46.6878,-2.5986,7.3858,47.2255,0.2357,0,1.9986
2628,46.6878,-2.5976,7.3192,47.2159,0.0667,0,1.9976
2629,46.7135,-2.5369,7.0838,47.2057,0.2444,0,1.9369
2630,46.7136,-2.5360,7.0171,47.1966,0.0667,0,1.9360
2631,46.7389,-2.4652,6.7753,47.1864,0.2533,0,1.8652
2632,46.7389,-2.4642,6.7086,47.1776,0.0667,0,1.8642
2633,46.7636,-2.3849,6.4602,47.1673,0.2619,0,1.7849
2634,46.7636,-2.3840,6.3936,47.1590,0.0667,0,1.7840
2635,46.7874,-2.2979,6.1387,47.1487,0.2701,0,1.6979
2636,46.7875,-2.2970,6.0721,47.1408,0.0667,0,1.6970
2637,46.8101,-2.2057,5.8108,47.1304,0.2777,0,1.6057
2638,46.8102,-2.2049,5.7441,47.1230,0.0667,0,1.6049
2639,46.8315,-2.1102,5.4765,47.1124,0.2847,0,1.5102
2640,46.8315,-2.1094,5.4098,47.1055,0.0667,0,1.5094
2641,46.8513,-2.0127,5.1359,47.0948,0.2912,0,1.4127
2642,46.8513,-2.0119,5.0692,47.0884,0.0667,0,1.4119
2643,46.8693,-1.9144,4.7890,47.0775,0.2973,0,1.3144
2644,46.8693,-1.9136,4.7223,47.0715,0.0667,0,1.3136
2645,46.8854,-1.8163,4.4359,47.0605,0.3030,0,1.2163
2646,46.8854,-1.8156,4.3692,47.0550,0.0667,0,1.2156
2647,46.8993,-1.7190,4.0766,47.0438,0.3085,0,1.1190
2648,46.8993,-1.7183,4.0099,47.0388,0.0667,0,1.1183
2649,46.9109,-1.6230,3.7112,47.0273,0.3138,0,1.0230
2650,46.9109,-1.6223,3.6445,47.0229,0.0667,0,1.0223
2651,46.9201,-1.5283,3.3397,47.0112,0.3191,0,0.9283
2652,46.9201,-1.5277,3.2731,47.0073,0.0667,0,0.9277
2653,46.9267,-1.4350,2.9623,46.9953,0.3244,0,0.8350
2654,46.9267,-1.4345,2.8956,46.9919,0.0667,0,0.8345
2655,46.9306,-1.3428,2.5788,46.9796,0.3298,0,0.7428
2656,46.9306,-1.3423,2.5122,46.9768,0.0667,0,0.7423
2657,46.9315,-1.2515,2.1895,46.9641,0.3352,0,0.6515
2658,46.9315,-1.2510,2.1228,46.9618,0.0667,0,0.6510
2659,46.9294,-1.1606,1.7944,46.9488,0.3407,0,0.5606
2660,46.9294,-1.1602,1.7277,46.9471,0.0667,0,0.5602
2661,46.9241,-1.0698,1.3935,46.9337,0.3463,0,0.4698
2662,46.9241,-1.0695,1.3268,46.9326,0.0667,0,0.4695
2663,46.9153,-0.9787,0.9869,46.9188,0.3519,0,0.3787
2664,46.9153,-0.9784,0.9203,46.9182,0.0667,0,0.3784
2665,46.9031,-0.8871,0.5748,46.9039,0.3576,0,0.2871
2666,46.9031,-0.8869,0.5081,46.9040,0.0667,0,0.2869
2667,46.8870,-0.7946,0.1571,46.8892,0.3633,0,0.1946
2668,46.8870,-0.7944,0.0904,46.8898,0.0667,0,0.1944
2669,46.8671,-0.7011,-0.2660,46.8746,0.3690,0,0.1011
2670,46.8671,-0.7010,-0.3327,46.8758,0.0667,0,0.1010
2671,46.8430,-0.6076,-0.6936,46.8600,0.3736,0,0.0076
2672,46.8430,-0.6075,-0.7603,46.8618,0.0667,0,0.0075
2673,46.8146,-0.5307,-1.1238,46.8451,0.3727,0,0.0000
2674,46.8146,-0.5306,-1.1905,46.8476,0.0667,0,0.0000
2675,46.7818,-0.4760,-1.5574,46.8302,0.3724,0,0.0000
2676,46.7818,-0.4760,-1.6241,46.8333,0.0667,0,0.0000
2677,46.7448,-0.4433,-1.9947,46.8152,0.3739,0,0.0000
2678,46.7448,-0.4433,-2.0614,46.8189,0.0667,0,0.0000
2679,46.7033,-0.4304,-2.4360,46.8000,0.3771,0,0.0000
2680,46.7033,-0.4304,-2.5027,46.8044,0.0667,0,0.0000
2681,46.6585,-0.4345,-2.7481,46.7764,0.2495,0,0.0000
2682,46.6585,-0.4345,-2.6814,46.7717,0.0667,0,0.0000
2683,46.6115,-0.4518,-2.9310,46.7427,0.2546,0,0.0000
2684,46.6115,-0.4519,-2.8643,46.7378,0.0667,0,0.0000
2685,46.5620,-0.4786,-3.1181,46.7077,0.2599,0,0.0000
2686,46.5620,-0.4787,-3.0514,46.7025,0.0667,0,0.0000
2687,46.5101,-0.5108,-3.3093,46.6714,0.2650,0,0.0000
2688,46.5101,-0.5109,-3.2426,46.6659,0.0667,0,0.0000
2689,46.4557,-0.5451,-3.5046,46.6337,0.2698,0,0.0000
2690,46.4557,-0.5452,-3.4380,46.6280,0.0667,0,0.0000
2691,46.3985,-0.5784,-3.7040,46.5947,0.2742,0,0.0000
2692,46.3985,-0.5785,-3.6374,46.5886,0.0667,0,0.0000
2693,46.3387,-0.6082,-3.9075,46.5542,0.2783,0,0.0082
2694,46.3387,-0.6083,-3.8408,46.5478,0.0667,0,0.0083
2695,46.2760,-0.6330,-4.1149,46.5122,0.2822,0,0.0330
2696,46.2760,-0.6331,-4.0482,46.5055,0.0667,0,0.0331
2697,46.2104,-0.6515,-4.3262,46.4688,0.2862,0,0.0515
2698,46.2104,-0.6517,-4.2595,46.4618,0.0667,0,0.0517
2699,46.1419,-0.6634,-4.5413,46.4238,0.2902,0,0.0634
2700,46.1419,-0.6635,-4.4746,46.4165,0.0667,0,0.0635
2701,46.0703,-0.6686,-4.7602,46.3773,0.2944,0,0.0686
2702,46.0703,-0.6688,-4.6935,46.3697,0.0667,0,0.0688
2703,45.9955,-0.6677,-4.9827,46.3291,0.2987,0,0.0677
2704,45.9955,-0.6678,-4.9161,46.3212,0.0667,0,0.0678
2705,45.9176,-0.6613,-5.2089,46.2794,0.3031,0,0.0613
2706,45.9176,-0.6614,-5.1422,46.2711,0.0667,0,0.0614
2707,45.8362,-0.6505,-5.4386,46.2280,0.3075,0,0.0505
2708,45.8362,-0.6506,-5.3720,46.2193,0.0667,0,0.0506
2709,45.7514,-0.6364,-5.6718,46.1748,0.3119,0,0.0364
2710,45.7514,-0.6365,-5.6051,46.1658,0.0667,0,0.0365
2711,45.6631,-0.6200,-5.9083,46.1199,0.3162,0,0.0200
2712,45.6631,-0.6201,-5.8417,46.1106,0.0667,0,0.0201
2713,45.5712,-0.6024,-6.1482,46.0632,0.3205,0,0.0024
2714,45.5712,-0.6025,-6.0815,46.0536,0.0667,0,0.0025
2715,45.4755,-0.5844,-6.3913,46.0047,0.3247,0,0.0000
2716,45.4755,-0.5845,-6.3246,45.9947,0.0667,0,0.0000
2717,45.3760,-0.5669,-6.6375,45.9444,0.3288,0,0.0000
2718,45.3760,-0.5670,-6.5708,45.9340,0.0667,0,0.0000
2719,45.2727,-0.5504,-6.8868,45.8821,0.3329,0,0.0000
2720,45.2727,-0.5505,-6.8201,45.8713,0.0667,0,0.0000
2721,45.1652,-0.5352,-7.1390,45.8179,0.3369,0,0.0000
2722,45.1652,-0.5353,-7.0724,45.8068,0.0667,0,0.0000
2723,45.0537,-0.5218,-7.3941,45.7517,0.3408,0,0.0000
2724,45.0538,-0.5219,-7.3274,45.7402,0.0667,0,0.0000
2725,44.9383,-0.5110,-7.6507,45.6836,0.3435,0,0.0000
2726,44.9383,-0.5111,-7.5841,45.6716,0.0667,0,0.0000
2727,44.8192,-0.5035,-7.9075,45.6134,0.3447,0,0.0000
2728,44.8192,-0.5036,-7.8408,45.6011,0.0667,0,0.0000
2729,44.6966,-0.4995,-8.1634,45.5413,0.3451,0,0.0000
2730,44.6966,-0.4996,-8.0967,45.5285,0.0667,0,0.0000
2731,44.5706,-0.4987,-8.4178,45.4672,0.3449,0,0.0000
2732,44.5706,-0.4989,-8.3511,45.4541,0.0667,0,0.0000
2733,44.4412,-0.5007,-8.6702,45.3911,0.3444,0,0.0000
2734,44.4412,-0.5009,-8.6036,45.3776,0.0667,0,0.0000
2735,44.3087,-0.5048,-8.9205,45.3131,0.3435,0,0.0000
2736,44.3087,-0.5049,-8.8538,45.2992,0.0667,0,0.0000
2737,44.1730,-0.5101,-9.1682,45.2330,0.3425,0,0.0000
2738,44.1730,-0.5102,-9.1015,45.2188,0.0667,0,0.0000
2739,44.0342,-0.5159,-9.4132,45.1510,0.3413,0,0.0000
2740,44.0342,-0.5160,-9.3466,45.1363,0.0667,0,0.0000
2741,43.8924,-0.5216,-9.6554,45.0670,0.3399,0,0.0000
2742,43.8924,-0.5217,-9.5888,45.0519,0.0667,0,0.0000
2743,43.7475,-0.5267,-9.8946,44.9810,0.3385,0,0.0000
2744,43.7475,-0.5268,-9.8280,44.9655,0.0667,0,0.0000
2745,43.5998,-0.5306,-10.1307,44.8930,0.3369,0,0.0000
2746,43.5998,-0.5307,-10.0641,44.8771,0.0667,0,0.0000
2747,43.4491,-0.5332,-10.3636,44.8029,0.3353,0,0.0000
2748,43.4491,-0.5333,-10.2970,44.7867,0.0667,0,0.0000
2749,43.2957,-0.5342,-10.5932,44.7109,0.3336,0,0.0000
2750,43.2957,-0.5344,-10.5265,44.6943,0.0667,0,0.0000
2751,43.1394,-0.5338,-10.8193,44.6168,0.3319,0,0.0000
2752,43.1394,-0.5340,-10.7527,44.5998,0.0667,0,0.0000
2753,42.9805,-0.5320,-11.0420,44.5206,0.3301,0,0.0000
2754,42.9805,-0.5321,-10.9753,44.5033,0.0667,0,0.0000
2755,42.8188,-0.5289,-11.2610,44.4224,0.3283,0,0.0000
2756,42.8188,-0.5290,-11.1944,44.4047,0.0667,0,0.0000
2757,42.6546,-0.5248,-11.4764,44.3222,0.3264,0,0.0000
2758,42.6546,-0.5249,-11.4098,44.3041,0.0667,0,0.0000
2759,42.4878,-0.5199,-11.6881,44.2199,0.3245,0,0.0000
2760,42.4878,-0.5200,-11.6214,44.2014,0.0667,0,0.0000
2761,42.3185,-0.5145,-11.8959,44.1155,0.3226,0,0.0000
2762,42.3185,-0.5146,-11.8292,44.0967,0.0667,0,0.0000
2763,42.1467,-0.5088,-12.0999,44.0090,0.3206,0,0.0000
2764,42.1467,-0.5089,-12.0332,43.9899,0.0667,0,0.0000
2765,41.9725,-0.5030,-12.2999,43.9005,0.3186,0,0.0000
2766,41.9725,-0.5031,-12.2333,43.8810,0.0667,0,0.0000
2767,41.7960,-0.4973,-12.4960,43.7899,0.3166,0,0.0000
2768,41.7960,-0.4974,-12.4294,43.7700,0.0667,0,0.0000
2769,41.6172,-0.4918,-12.6881,43.6772,0.3145,0,0.0000
2770,41.6172,-0.4919,-12.6214,43.6570,0.0667,0,0.0000
2771,41.4362,-0.4866,-12.8761,43.5623,0.3125,0,0.0000
2772,41.4362,-0.4868,-12.8094,43.5418,0.0667,0,0.0000
2773,41.2530,-0.4819,-13.0600,43.4454,0.3105,0,0.0000
2774,41.2530,-0.4820,-12.9933,43.4246,0.0667,0,0.0000
2775,41.0676,-0.4776,-13.2398,43.3264,0.3084,0,0.0000
2776,41.0676,-0.4777,-13.1731,43.3052,0.0667,0,0.0000
2777,40.8801,-0.4736,-13.4154,43.2053,0.3064,0,0.0000
2778,40.8801,-0.4738,-13.3488,43.1838,0.0667,0,0.0000
2779,40.6906,-0.4701,-13.5869,43.0821,0.3044,0,0.0000
2780,40.6906,-0.4702,-13.5202,43.0602,0.0667,0,0.0000
2781,40.4991,-0.4668,-13.7542,42.9568,0.3024,0,0.0000
2782,40.4991,-0.4669,-13.6875,42.9346,0.0667,0,0.0000
2783,40.3056,-0.4638,-13.9173,42.8293,0.3004,0,0.0000
2784,40.3056,-0.4639,-13.8507,42.8068,0.0667,0,0.0000
2785,40.1102,-0.4610,-14.0763,42.6997,0.2985,0,0.0000
2786,40.1102,-0.4611,-14.0096,42.6769,0.0667,0,0.0000
2787,39.9129,-0.4583,-14.2311,42.5680,0.2966,0,0.0000
2788,39.9129,-0.4584,-14.1645,42.5449,0.0667,0,0.0000
2789,39.7138,-0.4556,-14.3818,42.4342,0.2948,0,0.0000
2790,39.7138,-0.4558,-14.3151,42.4107,0.0667,0,0.0000
2791,39.5128,-0.4530,-14.5284,42.2982,0.2930,0,0.0000
2792,39.5128,-0.4531,-14.4617,42.2745,0.0667,0,0.0000
2793,39.3100,-0.4503,-14.6708,42.1601,0.2913,0,0.0000
2794,39.3100,-0.4504,-14.6041,42.1361,0.0667,0,0.0000
2795,39.1054,-0.4475,-14.8092,42.0199,0.2897,0,0.0000
2796,39.1054,-0.4476,-14.7425,41.9956,0.0667,0,0.0000
2797,38.8991,-0.4445,-14.9436,41.8775,0.2881,0,0.0000
2798,38.8991,-0.4447,-14.8769,41.8529,0.0667,0,0.0000
2799,38.6909,-0.4414,-15.0740,41.7330,0.2866,0,0.0000
2800,38.6909,-0.4416,-15.0074,41.7081,0.0667,0,0.0000
2801,38.4811,-0.4382,-15.2006,41.5864,0.2853,0,0.0000
2802,38.4811,-0.4383,-15.1339,41.5611,0.0667,0,0.0000
2803,38.2695,-0.4348,-15.3233,41.4376,0.2840,0,0.0000
2804,38.2695,-0.4349,-15.2566,41.4121,0.0667,0,0.0000
2805,38.0561,-0.4312,-15.4423,41.2866,0.2828,0,0.0000
2806,38.0561,-0.4314,-15.3756,41.2608,0.0667,0,0.0000
2807,37.8410,-0.4275,-15.5576,41.1335,0.2818,0,0.0000
2808,37.8410,-0.4276,-15.4909,41.1074,0.0667,0,0.0000
2809,37.6241,-0.4236,-15.6694,40.9782,0.2809,0,0.0000
2810,37.6241,-0.4237,-15.6027,40.9518,0.0667,0,0.0000
2811,37.4053,-0.4195,-15.7777,40.8207,0.2802,0,0.0000
2812,37.4053,-0.4196,-15.7110,40.7941,0.0667,0,0.0000
2813,37.1847,-0.4153,-15.8827,40.6611,0.2796,0,0.0000
2814,37.1847,-0.4154,-15.8160,40.6341,0.0667,0,0.0000
2815,36.9622,-0.4109,-15.9845,40.4992,0.2791,0,0.0000
2816,36.9622,-0.4110,-15.9179,40.4720,0.0667,0,0.0000
2817,36.7378,-0.4063,-16.0833,40.3351,0.2789,0,0.0000
2818,36.7378,-0.4064,-16.0167,40.3077,0.0667,0,0.0000
2819,36.5113,-0.4015,-16.1792,40.1689,0.2789,0,0.0000
2820,36.5113,-0.4017,-16.1126,40.1411,0.0667,0,0.0000
2821,36.2826,-0.3966,-16.2725,40.0003,0.2790,0,0.0000
2822,36.2826,-0.3967,-16.2058,39.9723,0.0667,0,0.0000
2823,36.0518,-0.3914,-16.3632,39.8296,0.2794,0,0.0000
2824,36.0518,-0.3915,-16.2965,39.8013,0.0667,0,0.0000
2825,35.8186,-0.3860,-16.4516,39.6566,0.2801,0,0.0000
2826,35.8186,-0.3861,-16.3850,39.6280,0.0667,0,0.0000
2827,35.5830,-0.3802,-16.5380,39.4812,0.2810,0,0.0000
2828,35.5830,-0.3804,-16.4713,39.4524,0.0667,0,0.0000
2829,35.3448,-0.3742,-16.6225,39.3036,0.2822,0,0.0000
2830,35.3448,-0.3743,-16.5559,39.2745,0.0667,0,0.0000
2831,35.1094,-0.3749,-16.6948,39.1239,0.2733,0,0.0000
2832,35.1094,-0.3751,-16.6282,39.0946,0.0667,0,0.0000
2833,34.8897,-0.3974,-16.7313,38.9429,0.2437,0,0.0000
2834,34.8897,-0.3976,-16.6646,38.9134,0.0667,0,0.0000
2835,34.6802,-0.4315,-16.7436,38.7607,0.2265,0,0.0000
2836,34.6802,-0.4316,-16.6770,38.7309,0.0667,0,0.0000
2837,34.4774,-0.4697,-16.7390,38.5771,0.2154,0,0.0000
2838,34.4774,-0.4699,-16.6723,38.5473,0.0667,0,0.0000
2839,34.2793,-0.5069,-16.7217,38.3923,0.2075,0,0.0000
2840,34.2793,-0.5070,-16.6551,38.3623,0.0667,0,0.0000
2841,34.0846,-0.5394,-16.6945,38.2062,0.2013,0,0.0000
2842,34.0846,-0.5396,-16.6279,38.1761,0.0667,0,0.0000
2843,33.8926,-0.5653,-16.6590,38.0188,0.1962,0,0.0000
2844,33.8926,-0.5654,-16.5923,37.9887,0.0667,0,0.0000
2845,33.7028,-0.5834,-16.6162,37.8303,0.1921,0,0.0000
2846,33.7028,-0.5836,-16.5495,37.8000,0.0667,0,0.0000
2847,33.5149,-0.5938,-16.5668,37.6405,0.1889,0,0.0000
2848,33.5149,-0.5939,-16.5001,37.6102,0.0667,0,0.0000
2849,33.3289,-0.5969,-16.5112,37.4495,0.1864,0,0.0000
2850,33.3289,-0.5971,-16.4445,37.4192,0.0667,0,0.0000
2851,33.1446,-0.5939,-16.4497,37.2575,0.1844,0,0.0000
2852,33.1446,-0.5940,-16.3830,37.2271,0.0667,0,0.0000
2853,32.9619,-0.5859,-16.3825,37.0643,0.1828,0,0.0000
2854,32.9619,-0.5861,-16.3158,37.0339,0.0667,0,0.0000
2855,32.7809,-0.5745,-16.3098,36.8701,0.1815,0,0.0000
2856,32.7809,-0.5747,-16.2431,36.8396,0.0667,0,0.0000
2857,32.6015,-0.5610,-16.2318,36.6749,0.1803,0,0.0000
2858,32.6015,-0.5612,-16.1651,36.6444,0.0667,0,0.0000
2859,32.4237,-0.5466,-16.1485,36.4787,0.1792,0,0.0000
2860,32.4237,-0.5468,-16.0818,36.4482,0.0667,0,0.0000
2861,32.2474,-0.5325,-16.0601,36.2816,0.1781,0,0.0000
2862,32.2474,-0.5327,-15.9935,36.2511,0.0667,0,0.0000
2863,32.0728,-0.5194,-15.9668,36.0836,0.1772,0,0.0000
2864,32.0728,-0.5196,-15.9002,36.0531,0.0667,0,0.0000
2865,31.8996,-0.5081,-15.8688,35.8848,0.1763,0,0.0000
2866,31.8996,-0.5082,-15.8021,35.8543,0.0667,0,0.0000
2867,31.7280,-0.4988,-15.7660,35.6852,0.1756,0,0.0000
2868,31.7280,-0.4989,-15.6993,35.6547,0.0667,0,0.0000
2869,31.5579,-0.4917,-15.6587,35.4848,0.1751,0,0.0000
2870,31.5579,-0.4918,-15.5920,35.4544,0.0667,0,0.0000
2871,31.3892,-0.4867,-15.5471,35.2838,0.1746,0,0.0000
2872,31.3892,-0.4869,-15.4804,35.2534,0.0667,0,0.0000
2873,31.2220,-0.4837,-15.4313,35.0822,0.1744,0,0.0000
2874,31.2220,-0.4839,-15.3646,35.0518,0.0667,0,0.0000
2875,31.0561,-0.4824,-15.3115,34.8799,0.1742,0,0.0000
2876,31.0561,-0.4826,-15.2448,34.8496,0.0667,0,0.0000
2877,30.8915,-0.4824,-15.1878,34.6771,0.1742,0,0.0000
2878,30.8915,-0.4826,-15.1211,34.6469,0.0667,0,0.0000
2879,30.7282,-0.4833,-15.0605,34.4738,0.1742,0,0.0000
2880,30.7282,-0.4834,-14.9939,34.4437,0.0667,0,0.0000
2881,30.5661,-0.4846,-14.9299,34.2701,0.1743,0,0.0000
2882,30.5661,-0.4848,-14.8632,34.2400,0.0667,0,0.0000
2883,30.4050,-0.4860,-14.7960,34.0659,0.1745,0,0.0000
2884,30.4050,-0.4862,-14.7293,34.0359,0.0667,0,0.0000
2885,30.2450,-0.4872,-14.6591,33.8614,0.1748,0,0.0000
2886,30.2450,-0.4874,-14.5925,33.8315,0.0667,0,0.0000
2887,30.0859,-0.4879,-14.5195,33.6566,0.1750,0,0.0000
2888,30.0859,-0.4881,-14.4529,33.6267,0.0667,0,0.0000
2889,29.9275,-0.4878,-14.3775,33.4514,0.1753,0,0.0000
2890,29.9275,-0.4879,-14.3109,33.4217,0.0667,0,0.0000
2891,29.7699,-0.4867,-14.2334,33.2460,0.1757,0,0.0000
2892,29.7699,-0.4869,-14.1667,33.2164,0.0667,0,0.0000
2893,29.6128,-0.4846,-14.0874,33.0404,0.1760,0,0.0000
2894,29.6128,-0.4848,-14.0207,33.0109,0.0667,0,0.0000
2895,29.4561,-0.4813,-13.9399,32.8347,0.1764,0,0.0000
2896,29.4561,-0.4815,-13.8732,32.8053,0.0667,0,0.0000
2897,29.2996,-0.4769,-13.7912,32.6287,0.1767,0,0.0000
2898,29.2996,-0.4770,-13.7246,32.5994,0.0667,0,0.0000
2899,29.1602,-0.4934,-13.6099,32.4238,0.1812,0,0.0000
2900,29.1602,-0.4936,-13.5432,32.3947,0.0667,0,0.0000
2901,29.0740,-0.5757,-13.3276,32.2234,0.2463,0,0.0000
2902,29.0740,-0.5758,-13.2610,32.1947,0.0667,0,0.0000
2903,29.0194,-0.6897,-12.9838,32.0274,0.3045,0,0.0897
2904,29.0194,-0.6899,-12.9172,31.9992,0.0667,0,0.0899
2905,28.9834,-0.8125,-12.6021,31.8355,0.3400,0,0.2125
2906,28.9834,-0.8127,-12.5354,31.8080,0.0667,0,0.2127
2907,28.9584,-0.9284,-12.1965,31.6480,0.3590,0,0.3284
2908,28.9584,-0.9286,-12.1298,31.6212,0.0667,0,0.3286
2909,28.9400,-1.0277,-11.7755,31.4649,0.3684,0,0.4277
2910,28.9400,-1.0279,-11.7088,31.4388,0.0667,0,0.4279
2911,28.9258,-1.1048,-11.3443,31.2862,0.3729,0,0.5048
2912,28.9258,-1.1050,-11.2776,31.2609,0.0667,0,0.5050
2913,28.9144,-1.1576,-10.9058,31.1123,0.3757,0,0.5576
2914,28.9144,-1.1578,-10.8391,31.0877,0.0667,0,0.5578
2915,28.9050,-1.1864,-10.4619,30.9431,0.3784,0,0.5864
2916,28.9050,-1.1866,-10.3952,30.9194,0.0667,0,0.5866
2917,28.8971,-1.1934,-10.0137,30.7789,0.3817,0,0.5934
2918,28.8971,-1.1936,-9.9470,30.7561,0.0667,0,0.5936
2919,28.8904,-1.1819,-9.5618,30.6199,0.3855,0,0.5819
2920,28.8904,-1.1822,-9.4951,30.5979,0.0667,0,0.5822
2921,28.8845,-1.1562,-9.1066,30.4663,0.3895,0,0.5562
2922,28.8845,-1.1564,-9.0399,30.4452,0.0667,0,0.5564
2923,28.8792,-1.1205,-8.6483,30.3183,0.3933,0,0.5205
2924,28.8792,-1.1207,-8.5816,30.2981,0.0667,0,0.5207
2925,28.8744,-1.0790,-8.1870,30.1760,0.3968,0,0.4790
2926,28.8744,-1.0792,-8.1204,30.1567,0.0667,0,0.4792
2927,28.8700,-1.0355,-7.7229,30.0397,0.3999,0,0.4355
2928,28.8700,-1.0358,-7.6562,30.0214,0.0667,0,0.4358
2929,28.8658,-0.9935,-7.2559,29.9096,0.4025,0,0.3935
2930,28.8658,-0.9937,-7.1893,29.8922,0.0667,0,0.3937
2931,28.8618,-0.9553,-6.7862,29.7858,0.4049,0,0.3553
2932,28.8618,-0.9555,-6.7195,29.7694,0.0667,0,0.3555
2933,28.8580,-0.9230,-6.3137,29.6687,0.4071,0,0.3230
2934,28.8580,-0.9232,-6.2470,29.6533,0.0667,0,0.3232
2935,28.8544,-0.8975,-5.8385,29.5583,0.4094,0,0.2975
2936,28.8544,-0.8977,-5.7718,29.5439,0.0667,0,0.2977
2937,28.8510,-0.8794,-5.3606,29.4549,0.4116,0,0.2794
2938,28.8510,-0.8796,-5.2940,29.4416,0.0667,0,0.2796
2939,28.8478,-0.8685,-4.8801,29.3588,0.4140,0,0.2685
2940,28.8478,-0.8687,-4.8135,29.3465,0.0667,0,0.2687
2941,28.8448,-0.8643,-4.3970,29.2700,0.4165,0,0.2643
2942,28.8448,-0.8646,-4.3304,29.2587,0.0667,0,0.2646
2943,28.8420,-0.8660,-3.9114,29.1888,0.4190,0,0.2660
2944,28.8420,-0.8662,-3.8447,29.1786,0.0667,0,0.2662
2945,28.8394,-0.8723,-3.4232,29.1153,0.4216,0,0.2723
2946,28.8394,-0.8725,-3.3565,29.1063,0.0667,0,0.2725
2947,28.8370,-0.8821,-2.9325,29.0499,0.4241,0,0.2821
2948,28.8370,-0.8823,-2.8659,29.0419,0.0667,0,0.2823
2949,28.8348,-0.8941,-2.4394,28.9926,0.4266,0,0.2941
2950,28.8348,-0.8943,-2.3728,28.9857,0.0667,0,0.2943
2951,28.8328,-0.9073,-1.9439,28.9436,0.4290,0,0.3073
2952,28.8328,-0.9075,-1.8772,28.9378,0.0667,0,0.3075
2953,28.8311,-0.9206,-1.4460,28.9030,0.4314,0,0.3206
2954,28.8311,-0.9208,-1.3794,28.8985,0.0667,0,0.3208
2955,28.8296,-0.9332,-0.9458,28.8712,0.4338,0,0.3332
2956,28.8296,-0.9335,-0.8791,28.8677,0.0667,0,0.3335
2957,28.8283,-0.9446,-0.4432,28.8481,0.4360,0,0.3446
2958,28.8283,-0.9448,-0.3766,28.8458,0.0667,0,0.3448
2959,28.8273,-0.9542,0.0616,28.8339,0.4383,0,0.3542
2960,28.8273,-0.9544,0.1283,28.8328,0.0667,0,0.3544
2961,28.8266,-0.9618,0.5687,28.8289,0.4405,0,0.3618
2962,28.8266,-0.9620,0.6354,28.8290,0.0667,0,0.3620
2963,28.8261,-0.9674,1.0780,28.8330,0.4427,0,0.3674
2964,28.8261,-0.9676,1.1447,28.8343,0.0667,0,0.3676
2965,28.8260,-0.9711,1.5896,28.8465,0.4449,0,0.3711
2966,28.8260,-0.9713,1.6562,28.8490,0.0667,0,0.3713
2967,28.8261,-0.9730,2.1032,28.8694,0.4470,0,0.3730
2968,28.8261,-0.9732,2.1699,28.8731,0.0667,0,0.3732
2969,28.8253,-0.9999,2.6566,28.9037,0.4874,0,0.3999
2970,28.8253,-0.9997,2.5899,28.8990,0.0667,0,0.3997
2971,28.8228,-1.0460,2.9783,28.9269,0.3911,0,0.4460
2972,28.8228,-1.0458,2.9116,28.9215,0.0667,0,0.4458
2973,28.8185,-1.1001,3.3214,28.9542,0.4134,0,0.5001
2974,28.8185,-1.0999,3.2548,28.9479,0.0667,0,0.4999
2975,28.8125,-1.1541,3.6779,28.9853,0.4266,0,0.5541
2976,28.8125,-1.1539,3.6112,28.9782,0.0667,0,0.5539
2977,28.8049,-1.2029,4.0427,29.0201,0.4343,0,0.6029
2978,28.8049,-1.2027,3.9760,29.0122,0.0667,0,0.6027
2979,28.7958,-1.2433,4.4128,29.0587,0.4388,0,0.6433
2980,28.7958,-1.2431,4.3462,29.0500,0.0667,0,0.6431
2981,28.7856,-1.2737,4.7865,29.1010,0.4416,0,0.6737
2982,28.7856,-1.2735,4.7199,29.0915,0.0667,0,0.6735
2983,28.7742,-1.2937,5.1628,29.1472,0.4435,0,0.6937
2984,28.7742,-1.2935,5.0961,29.1367,0.0667,0,0.6935
2985,28.7617,-1.3038,5.5409,29.1972,0.4451,0,0.7038
2986,28.7617,-1.3036,5.4743,29.1859,0.0667,0,0.7036
2987,28.7482,-1.3053,5.9207,29.2510,0.4466,0,0.7053
2988,28.7482,-1.3051,5.8540,29.2389,0.0667,0,0.7051
2989,28.7336,-1.2997,6.3018,29.3088,0.4481,0,0.6997
2990,28.7336,-1.2994,6.2351,29.2958,0.0667,0,0.6994
2991,28.7180,-1.2886,6.6843,29.3705,0.4496,0,0.6886
2992,28.7180,-1.2884,6.6176,29.3567,0.0667,0,0.6884
2993,28.7014,-1.2740,7.0681,29.4363,0.4510,0,0.6740
2994,28.7014,-1.2738,7.0014,29.4216,0.0667,0,0.6738
2995,28.6836,-1.2575,7.4533,29.5061,0.4525,0,0.6575
2996,28.6836,-1.2573,7.3866,29.4906,0.0667,0,0.6573
2997,28.6647,-1.2407,7.8399,29.5800,0.4539,0,0.6407
2998,28.6647,-1.2405,7.7732,29.5636,0.0667,0,0.6405
2999,28.6446,-1.2248,8.2279,29.6580,0.4554,0,0.6248
3000,28.6446,-1.2246,8.1612,29.6409,0.0667,0,0.6246
3001,28.6233,-1.2108,8.6175,29.7403,0.4570,0,0.6108
3002,28.6233,-1.2106,8.5508,29.7223,0.0667,0,0.6106
3003,28.6008,-1.1994,9.0087,29.8267,0.4586,0,0.5994
3004,28.6008,-1.1992,8.9420,29.8079,0.0667,0,0.5992
3005,28.5770,-1.1910,9.4016,29.9174,0.4603,0,0.5910
3006,28.5770,-1.1908,9.3350,29.8978,0.0667,0,0.5908
3007,28.5520,-1.1857,9.7963,30.0124,0.4621,0,0.5857
3008,28.5520,-1.1855,9.7297,29.9920,0.0667,0,0.5855
3009,28.5256,-1.1834,10.1929,30.1118,0.4640,0,0.5834
3010,28.5256,-1.1832,10.1263,30.0905,0.0667,0,0.5832
3011,28.4980,-1.1840,10.5915,30.2155,0.4661,0,0.5840
3012,28.4980,-1.1838,10.5249,30.1934,0.0667,0,0.5838
3013,28.4690,-1.1871,10.9922,30.3236,0.4683,0,0.5871
3014,28.4690,-1.1868,10.9256,30.3007,0.0667,0,0.5868
3015,28.4385,-1.1921,11.3952,30.4361,0.4706,0,0.5921
3016,28.4385,-1.1919,11.3285,30.4125,0.0667,0,0.5919
3017,28.4066,-1.1988,11.8006,30.5531,0.4732,0,0.5988
3018,28.4066,-1.1986,11.7339,30.5287,0.0667,0,0.5986
3019,28.3731,-1.2067,12.2085,30.6746,0.4758,0,0.6067
3020,28.3731,-1.2065,12.1418,30.6494,0.0667,0,0.6065
3021,28.3379,-1.2153,12.6192,30.8006,0.4787,0,0.6153
3022,28.3379,-1.2151,12.5525,30.7746,0.0667,0,0.6151
3023,28.3009,-1.2245,13.0328,30.9312,0.4818,0,0.6245
3024,28.3009,-1.2243,12.9662,30.9044,0.0667,0,0.6243
3025,28.2621,-1.2339,13.4497,31.0664,0.4852,0,0.6339
3026,28.2621,-1.2337,13.3831,31.0388,0.0667,0,0.6337
3027,28.2211,-1.2433,13.8700,31.2062,0.4888,0,0.6433
3028,28.2211,-1.2431,13.8034,31.1778,0.0667,0,0.6431
3029,28.2293,-1.1703,14.1788,31.3451,0.3825,0,0.5703
3030,28.2293,-1.1701,14.1122,31.3162,0.0667,0,0.5701
3031,28.2830,-1.0299,14.3885,31.4826,0.3145,0,0.4299
3032,28.2830,-1.0297,14.3219,31.4534,0.0667,0,0.4297
3033,28.3644,-0.8585,14.5389,31.6200,0.2881,0,0.2585
3034,28.3644,-0.8584,14.4722,31.5906,0.0667,0,0.2584
3035,28.4623,-0.6808,14.6539,31.7579,0.2723,0,0.0808
3036,28.4623,-0.6807,14.5873,31.7284,0.0667,0,0.0807
3037,28.5701,-0.5133,14.7484,31.8964,0.2561,0,0.0000
3038,28.5701,-0.5131,14.6818,31.8668,0.0667,0,0.0000
3039,28.6838,-0.3666,14.8313,32.0358,0.2382,0,0.0000
3040,28.6838,-0.3665,14.7646,32.0062,0.0667,0,0.0000
3041,28.8013,-0.2469,14.9077,32.1762,0.2204,0,0.0000
3042,28.8013,-0.2467,14.8410,32.1465,0.0667,0,0.0000
3043,28.9215,-0.1568,14.9808,32.3174,0.2051,0,0.0000
3044,28.9215,-0.1566,14.9142,32.2877,0.0667,0,0.0000
3045,29.0437,-0.0962,15.0523,32.4596,0.1941,0,0.0000
3046,29.0437,-0.0960,14.9856,32.4299,0.0667,0,0.0000
3047,29.1678,-0.0630,15.1229,32.6026,0.1880,0,0.0000
3048,29.1678,-0.0628,15.0562,32.5729,0.0667,0,0.0000
3049,29.2936,-0.0537,15.1929,32.7466,0.1859,0,0.0000
3050,29.2936,-0.0535,15.1262,32.7168,0.0667,0,0.0000
3051,29.4209,-0.0636,15.2622,32.8913,0.1866,0,0.0000
3052,29.4209,-0.0634,15.1955,32.8615,0.0667,0,0.0000
3053,29.5499,-0.0877,15.3305,33.0368,0.1883,0,0.0000
3054,29.5499,-0.0875,15.2638,33.0070,0.0667,0,0.0000
3055,29.6806,-0.1210,15.3972,33.1830,0.1897,0,0.0000
3056,29.6806,-0.1208,15.3306,33.1533,0.0667,0,0.0000
3057,29.8131,-0.1584,15.4618,33.3299,0.1903,0,0.0000
3058,29.8131,-0.1582,15.3951,33.3002,0.0667,0,0.0000
3059,29.9478,-0.1956,15.5234,33.4774,0.1897,0,0.0000
3060,29.9478,-0.1954,15.4567,33.4477,0.0667,0,0.0000
3061,30.0848,-0.2286,15.5811,33.6254,0.1880,0,0.0000
3062,30.0848,-0.2284,15.5144,33.5957,0.0667,0,0.0000
3063,30.2247,-0.2544,15.6338,33.7738,0.1857,0,0.0000
3064,30.2247,-0.2543,15.5671,33.7441,0.0667,0,0.0000
3065,30.3946,-0.2246,15.6185,33.9194,0.1799,0,0.0000
3066,30.3946,-0.2244,15.5518,33.8899,0.0667,0,0.0000
3067,30.6505,-0.0406,15.3958,34.0539,0.3516,0,0.0000
3068,30.6505,-0.0404,15.3292,34.0249,0.0667,0,0.0000
3069,30.9518,0.2275,15.0427,34.1797,0.4946,0,0.0000
3070,30.9518,0.2276,14.9760,34.1516,0.0667,0,0.0000
3071,31.2722,0.5305,14.6076,34.2983,0.5745,0,0.0000
3072,31.2722,0.5305,14.5409,34.2711,0.0667,0,0.0000
3073,31.5957,0.8335,14.1215,34.4104,0.6102,0,0.0000
3074,31.5957,0.8336,14.0548,34.3842,0.0667,0,0.0000
3075,31.9136,1.1126,13.6042,34.5165,0.6181,0,0.0000
3076,31.9136,1.1127,13.5375,34.4913,0.0667,0,0.0000
3077,32.2216,1.3518,13.0680,34.6167,0.6103,0,0.0000
3078,32.2216,1.3519,13.0014,34.5927,0.0667,0,0.0000
3079,32.5176,1.5420,12.5209,34.7114,0.5954,0,0.0000
3080,32.5176,1.5420,12.4543,34.6885,0.0667,0,0.0000
3081,32.8009,1.6792,11.9677,34.8005,0.5796,0,0.0000
3082,32.8009,1.6793,11.9010,34.7787,0.0667,0,0.0000
3083,33.0713,1.7640,11.4111,34.8840,0.5660,0,0.0000
3084,33.0713,1.7641,11.3444,34.8634,0.0667,0,0.0000
3085,33.3284,1.8004,10.8528,34.9621,0.5560,0,0.0000
3086,33.3284,1.8005,10.7861,34.9425,0.0667,0,0.0000
3087,33.5720,1.7949,10.2937,35.0346,0.5494,0,0.0000
3088,33.5720,1.7950,10.2271,35.0162,0.0667,0,0.0000
3089,33.8015,1.7556,9.7342,35.1017,0.5451,0,0.0000
3090,33.8015,1.7557,9.6676,35.0844,0.0667,0,0.0000
3091,34.0165,1.6915,9.1743,35.1633,0.5418,0,0.0000
3092,34.0165,1.6916,9.1077,35.1470,0.0667,0,0.0000
3093,34.2164,1.6117,8.6138,35.2194,0.5387,0,0.0000
3094,34.2164,1.6118,8.5472,35.2042,0.0667,0,0.0000
3095,34.4009,1.5249,8.0523,35.2699,0.5352,0,0.0000
3096,34.4009,1.5249,7.9856,35.2558,0.0667,0,0.0000
3097,34.5698,1.4388,7.4892,35.3149,0.5314,0,0.0000
3098,34.5698,1.4388,7.4225,35.3019,0.0667,0,0.0000
3099,34.7229,1.3598,6.9238,35.3543,0.5277,0,0.0000
3100,34.7229,1.3598,6.8571,35.3424,0.0667,0,0.0000
3101,34.8602,1.2929,6.3551,35.3881,0.5247,0,0.0000
3102,34.8602,1.2929,6.2884,35.3773,0.0667,0,0.0000
3103,34.9817,1.2417,5.7821,35.4162,0.5231,0,0.0000
3104,34.9817,1.2417,5.7155,35.4064,0.0667,0,0.0000
3105,35.0873,1.2081,5.2038,35.4385,0.5236,0,0.0000
3106,35.0873,1.2081,5.1371,35.4299,0.0667,0,0.0000
3107,35.1770,1.1930,4.6187,35.4550,0.5264,0,0.0000
3108,35.1770,1.1930,4.5520,35.4474,0.0667,0,0.0000
3109,35.2507,1.1959,4.0253,35.4654,0.5318,0,0.0000
3110,35.2507,1.1959,3.9586,35.4590,0.0667,0,0.0000
3111,35.3081,1.2158,3.4220,35.4698,0.5400,0,0.0000
3112,35.3081,1.2158,3.3554,35.4645,0.0667,0,0.0000
3113,35.3487,1.2508,2.8070,35.4679,0.5510,0,0.0000
3114,35.3487,1.2508,2.7403,35.4638,0.0667,0,0.0000
3115,35.3721,1.2982,2.1792,35.4597,0.5636,0,0.0000
3116,35.3721,1.2982,2.1125,35.4567,0.0667,0,0.0000
3117,35.3837,1.2685,1.6606,35.4499,0.4530,0,0.0000
3118,35.3837,1.2685,1.5939,35.4479,0.0667,0,0.0000
3119,35.3886,1.1676,1.2478,35.4392,0.3606,0,0.0000
3120,35.3886,1.1677,1.1812,35.4380,0.0667,0,0.0000
3121,35.3882,1.0260,0.9060,35.4271,0.3095,0,0.0000
3122,35.3882,1.0261,0.8393,35.4265,0.0667,0,0.0000
3123,35.3829,0.8657,0.6134,35.4132,0.2772,0,0.0000
3124,35.3829,0.8657,0.5467,35.4132,0.0667,0,0.0000
3125,35.3729,0.7024,0.3562,35.3974,0.2511,0,0.0000
3126,35.3729,0.7025,0.2895,35.3979,0.0667,0,0.0000
3127,35.3585,0.5477,0.1258,35.3798,0.2258,0,0.0000
3128,35.3585,0.5477,0.0592,35.3807,0.0667,0,0.0000
3129,35.3401,0.4091,-0.0832,35.3605,0.1995,0,0.0000
3130,35.3401,0.4092,-0.1499,35.3617,0.0667,0,0.0000
3131,35.3182,0.2916,-0.2744,35.3394,0.1727,0,0.0000
3132,35.3182,0.2917,-0.3411,35.3410,0.0667,0,0.0000
3133,35.2931,0.1973,-0.4501,35.3168,0.1464,0,0.0000
3134,35.2931,0.1974,-0.5168,35.3188,0.0667,0,0.0000
3135,35.2656,0.1266,-0.6120,35.2927,0.1218,0,0.0000
3136,35.2656,0.1267,-0.6787,35.2950,0.0667,0,0.0000
3137,35.2358,0.0782,-0.7610,35.2673,0.1001,0,0.0000
3138,35.2358,0.0783,-0.8277,35.2699,0.0667,0,0.0000
3139,35.2042,0.0496,-0.8981,35.2407,0.0824,0,0.0000
3140,35.2042,0.0497,-0.9648,35.2435,0.0667,0,0.0000
3141,35.1712,0.0376,-1.0239,35.2129,0.0688,0,0.0000
3142,35.1712,0.0378,-1.0906,35.2159,0.0667,0,0.0000
3143,35.1369,0.0387,-1.1390,35.1840,0.0593,0,0.0000
3144,35.1369,0.0388,-1.2057,35.1873,0.0667,0,0.0000
3145,35.1016,0.0491,-1.2438,35.1542,0.0529,0,0.0000
3146,35.1016,0.0492,-1.3104,35.1577,0.0667,0,0.0000
3147,35.0655,0.0652,-1.3387,35.1235,0.0485,0,0.0000
3148,35.0655,0.0654,-1.4054,35.1272,0.0667,0,0.0000
3149,35.0289,0.0840,-1.4243,35.0921,0.0453,0,0.0000
3150,35.0289,0.0842,-1.4910,35.0959,0.0667,0,0.0000
3151,34.9918,0.1027,-1.5010,35.0599,0.0426,0,0.0000
3152,34.9918,0.1029,-1.5676,35.0639,0.0667,0,0.0000
3153,34.9564,-0.0526,-1.6220,35.0291,0.1685,0,0.0000
3154,34.9564,-0.0527,-1.6886,35.0334,0.0667,0,0.0000
3155,34.9202,-0.4521,-1.7948,35.0003,0.4149,0,0.0000
3156,34.9203,-0.4529,-1.8614,35.0049,0.0667,0,0.0000
3157,34.8806,-0.7837,-1.9216,34.9697,0.3386,0,0.1837
3158,34.8806,-0.7850,-1.9882,34.9746,0.0667,0,0.1850
3159,34.8399,-1.0058,-2.0106,34.9375,0.2256,0,0.4058
3160,34.8399,-1.0079,-2.0772,34.9425,0.0666,0,0.4079
3161,34.7998,-1.1295,-2.0746,34.9039,0.1282,0,0.5295
3162,34.7998,-1.1323,-2.1412,34.9090,0.0666,0,0.5323
3163,34.7607,-1.1701,-2.1217,34.8692,0.0577,0,0.5701
3164,34.7607,-1.1737,-2.1882,34.8745,0.0666,0,0.5737
3165,34.7228,-1.1452,-2.1571,34.8337,0.0567,0,0.5452
3166,34.7228,-1.1495,-2.2235,34.8391,0.0665,0,0.5495
3167,34.6855,-1.0729,-2.1840,34.7976,0.0939,0,0.4729
3168,34.6855,-1.0780,-2.2503,34.8030,0.0665,0,0.4780
3169,34.6483,-0.9707,-2.2045,34.7609,0.1224,0,0.3707
3170,34.6484,-0.9766,-2.2706,34.7664,0.0664,0,0.3766
3171,34.6110,-0.8546,-2.2197,34.7239,0.1374,0,0.2546
3172,34.6111,-0.8613,-2.2857,34.7295,0.0663,0,0.2613
3173,34.5734,-0.7382,-2.2305,34.6866,0.1401,0,0.1382
3174,34.5736,-0.7457,-2.2963,34.6922,0.0662,0,0.1457
3175,34.5343,-0.7072,-2.2544,34.6495,0.0691,0,0.1072
3176,34.5345,-0.7154,-2.3201,34.6551,0.0662,0,0.1154
3177,34.4950,-0.7290,-2.2780,34.6123,0.0593,0,0.1290
3178,34.4952,-0.7378,-2.3435,34.6180,0.0661,0,0.1378
3179,34.4564,-0.7126,-2.2931,34.5750,0.0684,0,0.1126
3180,34.4567,-0.7220,-2.3584,34.5808,0.0660,0,0.1220
3181,34.4183,-0.6872,-2.3021,34.5378,0.0765,0,0.0872
3182,34.4186,-0.6969,-2.3673,34.5436,0.0659,0,0.0969
3183,34.3805,-0.6582,-2.3066,34.5005,0.0814,0,0.0582
3184,34.3809,-0.6680,-2.3718,34.5063,0.0659,0,0.0680
3185,34.3429,-0.6302,-2.3081,34.4631,0.0833,0,0.0302
3186,34.3433,-0.6399,-2.3733,34.4689,0.0659,0,0.0399
3187,34.3054,-0.6061,-2.3075,34.4256,0.0831,0,0.0061
3188,34.3058,-0.6158,-2.3727,34.4315,0.0659,0,0.0158
3189,34.2677,-0.5881,-2.3059,34.3879,0.0817,0,0.0000
3190,34.2682,-0.5976,-2.3712,34.3939,0.0660,0,0.0000
3191,34.2299,-0.5768,-2.3046,34.3501,0.0796,0,0.0000
3192,34.2303,-0.5862,-2.3699,34.3561,0.0660,0,0.0000
3193,34.1917,-0.5724,-2.3045,34.3121,0.0772,0,0.0000
3194,34.1922,-0.5816,-2.3698,34.3181,0.0660,0,0.0000
3195,34.1531,-0.5740,-2.3068,34.2738,0.0745,0,0.0000
3196,34.1536,-0.5830,-2.3722,34.2798,0.0660,0,0.0000
3197,34.1138,-0.5806,-2.3129,34.2352,0.0714,0,0.0000
3198,34.1143,-0.5895,-2.3784,34.2412,0.0661,0,0.0000
3199,34.0738,-0.5910,-2.3235,34.1962,0.0682,0,0.0000
3200,34.0743,-0.5998,-2.3890,34.2022,0.0661,0,0.0000
3201,34.0527,-0.7527,-2.1778,34.1635,0.2616,0,0.1527
3202,34.0532,-0.7614,-2.2433,34.1693,0.0661,0,0.1614
3203,34.0452,-0.9932,-1.9053,34.1371,0.4099,0,0.3932
3204,34.0456,-1.0017,-1.9709,34.1424,0.0661,0,0.4017
3205,34.0412,-1.2412,-1.5795,34.1148,0.4589,0,0.6412
3206,34.0415,-1.2493,-1.6451,34.1195,0.0662,0,0.6493
3207,34.0384,-1.4894,-1.2161,34.0967,0.4916,0,0.8894
3208,34.0386,-1.4971,-1.2819,34.1006,0.0662,0,0.8971
3209,34.0341,-1.7193,-0.8512,34.0820,0.4847,0,1.1193
3210,34.0342,-1.7263,-0.9171,34.0852,0.0663,0,1.1263
3211,34.0283,-1.9230,-0.4951,34.0706,0.4657,0,1.3230
3212,34.0284,-1.9293,-0.5611,34.0730,0.0664,0,1.3293
3213,34.0218,-2.0985,-0.1478,34.0623,0.4466,0,1.4985
3214,34.0219,-2.1039,-0.2141,34.0641,0.0664,0,1.5039
3215,34.0154,-2.2449,0.1906,34.0573,0.4286,0,1.6449
3216,34.0154,-2.2492,0.1243,34.0583,0.0665,0,1.6492
3217,34.0097,-2.3626,0.5208,34.0555,0.4125,0,1.7626
3218,34.0097,-2.3657,0.4543,34.0558,0.0666,0,1.7657
3219,34.0046,-2.4917,0.8901,34.0588,0.4538,0,1.8917
3220,34.0046,-2.4936,0.8235,34.0583,0.0666,0,1.8936
3221,34.0001,-2.6153,1.2972,34.0676,0.4891,0,2.0153
3222,34.0001,-2.6160,1.2306,34.0663,0.0667,0,2.0160
3223,33.9949,-2.7352,1.7267,34.0817,0.5103,0,2.1352
3224,33.9949,-2.7348,1.6600,34.0795,0.0667,0,2.1348
3225,33.9860,-2.8913,2.1699,34.1009,0.5335,0,2.2913
3226,33.9860,-2.8901,2.1033,34.0978,0.0667,0,2.2901
3227,33.9694,-3.1195,2.6230,34.1248,0.5683,0,2.5195
3228,33.9695,-3.1176,2.5564,34.1208,0.0666,0,2.5176
3229,33.9464,-3.3824,3.0791,34.1529,0.5864,0,2.7824
3230,33.9465,-3.3798,3.0125,34.1479,0.0666,0,2.7798
3231,33.9167,-3.6563,3.5452,34.1843,0.6009,0,3.0563
3232,33.9168,-3.6530,3.4787,34.1783,0.0666,0,3.0530
3233,33.8799,-3.9345,4.0230,34.2187,0.6139,0,3.3345
3234,33.8800,-3.9304,3.9566,34.2118,0.0665,0,3.3304
3235,33.8370,-4.2013,4.5116,34.2562,0.6191,0,3.6013
3236,33.8372,-4.1965,4.4453,34.2483,0.0665,0,3.5965
3237,33.7954,-4.4329,4.9833,34.2977,0.5891,0,3.8329
3238,33.7956,-4.4274,4.9170,34.2889,0.0664,0,3.8274
3239,33.7614,-4.5919,5.4380,34.3439,0.5474,0,3.9919
3240,33.7617,-4.5857,5.3719,34.3342,0.0664,0,3.9857
3241,33.7360,-4.6676,5.8929,34.3953,0.5280,0,4.0676
3242,33.7363,-4.6607,5.8270,34.3847,0.0663,0,4.0607
3243,33.7206,-4.6500,6.3501,34.4519,0.5235,0,4.0500
3244,33.7210,-4.6425,6.2843,34.4404,0.0662,0,4.0425
3245,33.7143,-4.5498,6.8086,34.5142,0.5325,0,3.9498
3246,33.7147,-4.5417,6.7430,34.5018,0.0662,0,3.9417
3247,33.7107,-4.4410,7.2608,34.5830,0.5275,0,3.8410
3248,33.7111,-4.4321,7.1953,34.5698,0.0661,0,3.8321
3249,33.7047,-4.3647,7.7086,34.6583,0.5178,0,3.7647
3250,33.7051,-4.3552,7.6434,34.6442,0.0660,0,3.7552
3251,33.6945,-4.3176,8.1619,34.7395,0.5200,0,3.7176
3252,33.6948,-4.3075,8.0968,34.7245,0.0659,0,3.7075
3253,33.6824,-4.2626,8.6256,34.8263,0.5309,0,3.6626
3254,33.6827,-4.2522,8.5606,34.8105,0.0658,0,3.6522
3255,33.6680,-4.1969,9.1008,34.9186,0.5432,0,3.5969
3256,33.6682,-4.1864,9.0358,34.9019,0.0658,0,3.5864
3257,33.6508,-4.1194,9.5869,35.0162,0.5555,0,3.5194
3258,33.6511,-4.1089,9.5220,34.9987,0.0658,0,3.5089
3259,33.6308,-4.0355,10.0814,35.1194,0.5646,0,3.4355
3260,33.6310,-4.0252,10.0164,35.1010,0.0658,0,3.4252
3261,33.6078,-3.9532,10.5811,35.2282,0.5698,0,3.3532
3262,33.6080,-3.9431,10.5160,35.2089,0.0659,0,3.3431
3263,33.5819,-3.8789,11.0836,35.3427,0.5718,0,3.2789
3264,33.5821,-3.8690,11.0184,35.3227,0.0659,0,3.2690
3265,33.5535,-3.8168,11.5873,35.4633,0.5720,0,3.2168
3266,33.5536,-3.8072,11.5221,35.4424,0.0659,0,3.2072
3267,33.5227,-3.7693,12.0913,35.5899,0.5713,0,3.1693
3268,33.5229,-3.7598,12.0260,35.5681,0.0660,0,3.1598
3269,33.4858,-3.4908,12.6547,35.7181,0.6848,0,2.8908
3270,33.4859,-3.4818,12.5893,35.6954,0.0660,0,2.8818
3271,33.4501,-2.9823,13.2340,35.8476,0.8164,0,2.3823
3272,33.4501,-2.9740,13.1684,35.8240,0.0661,0,2.3740
3273,33.4226,-2.6184,13.7436,35.9830,0.6768,0,2.0184
3274,33.4225,-2.6111,13.6778,35.9585,0.0663,0,2.0111
3275,33.3909,-2.3363,14.2424,36.1248,0.6288,0,1.7363
3276,33.3909,-2.3298,14.1764,36.0995,0.0664,0,1.7298
3277,33.3561,-2.1219,14.7354,36.2726,0.5974,0,1.5219
3278,33.3561,-2.1163,14.6692,36.2465,0.0664,0,1.5163
3279,33.3187,-1.9587,15.2256,36.4262,0.5795,0,1.3587
3280,33.3187,-1.9540,15.1593,36.3994,0.0665,0,1.3540
3281,33.2793,-1.8297,15.7151,36.5855,0.5709,0,1.2297
3282,33.2793,-1.8258,15.6486,36.5579,0.0666,0,1.2258
3283,33.2383,-1.7179,16.2048,36.7504,0.5680,0,1.1179
3284,33.2383,-1.7148,16.1383,36.7220,0.0666,0,1.1148
3285,33.1963,-1.6082,16.6951,36.9207,0.5685,0,1.0082
3286,33.1963,-1.6060,16.6285,36.8916,0.0666,0,1.0060
3287,33.1535,-1.4874,17.1860,37.0964,0.5715,0,0.8874
3288,33.1535,-1.4861,17.1193,37.0666,0.0667,0,0.8861
3289,33.1103,-1.3451,17.6770,37.2775,0.5768,0,0.7451
3290,33.1103,-1.3446,17.6103,37.2469,0.0667,0,0.7446
3291,33.0669,-1.1692,18.1677,37.4638,0.5859,0,0.5692
3292,33.0669,-1.1696,18.1010,37.4326,0.0667,0,0.5696
3293,33.0215,-1.0446,18.6582,37.6553,0.5729,0,0.4446
3294,33.0215,-1.0455,18.5916,37.6233,0.0667,0,0.4455
3295,32.9738,-0.9935,19.1498,37.8519,0.5627,0,0.3935
3296,32.9738,-0.9947,19.0832,37.8192,0.0667,0,0.3947
3297,32.9243,-0.9991,19.6429,38.0536,0.5619,0,0.3991
3298,32.9243,-1.0002,19.5762,38.0202,0.0667,0,0.4002
3299,32.8731,-1.0429,20.1376,38.2604,0.5653,0,0.4429
3300,32.8731,-1.0439,20.0710,38.2264,0.0667,0,0.4439
3301,32.8201,-1.1080,20.6343,38.4724,0.5694,0,0.5080
3302,32.8201,-1.1087,20.5676,38.4377,0.0667,0,0.5087
3303,32.7652,-1.1801,21.1333,38.6896,0.5728,0,0.5801
3304,32.7652,-1.1806,21.0666,38.6542,0.0667,0,0.5806
3305,32.7822,-1.1607,21.5136,38.9071,0.4477,0,0.5607
3306,32.7822,-1.1609,21.4470,38.8712,0.0667,0,0.5609
3307,32.8654,-1.0577,21.7887,39.1244,0.3666,0,0.4577
3308,32.8654,-1.0577,21.7221,39.0883,0.0667,0,0.4577
3309,32.9896,-0.9045,22.0005,39.3423,0.3412,0,0.3045
3310,32.9896,-0.9044,21.9338,39.3061,0.0667,0,0.3044
3311,33.1389,-0.7255,22.1743,39.5612,0.3348,0,0.1255
3312,33.1389,-0.7252,22.1076,39.5248,0.0667,0,0.1252
3313,33.3031,-0.5391,22.3253,39.7811,0.3302,0,0.0000
3314,33.3031,-0.5388,22.2586,39.7447,0.0667,0,0.0000
3315,33.4767,-0.3596,22.4623,40.0021,0.3221,0,0.0000
3316,33.4767,-0.3593,22.3957,39.9656,0.0667,0,0.0000
3317,33.6564,-0.1978,22.5907,40.2240,0.3105,0,0.0000
3318,33.6564,-0.1974,22.5241,40.1876,0.0667,0,0.0000
3319,33.8407,-0.0608,22.7132,40.4469,0.2973,0,0.0000
3320,33.8407,-0.0605,22.6466,40.4104,0.0667,0,0.0000
3321,34.0289,0.0470,22.8313,40.6706,0.2848,0,0.0000
3322,34.0289,0.0474,22.7646,40.6342,0.0667,0,0.0000
3323,34.2211,0.1246,22.9454,40.8951,0.2749,0,0.0000
3324,34.2211,0.1249,22.8787,40.8587,0.0667,0,0.0000
3325,34.4172,0.1731,23.0554,41.1203,0.2683,0,0.0000
3326,34.4172,0.1733,22.9887,41.0839,0.0667,0,0.0000
3327,34.6175,0.1959,23.1608,41.3461,0.2651,0,0.0000
3328,34.6175,0.1962,23.0941,41.3097,0.0667,0,0.0000
3329,34.8225,0.1981,23.2606,41.5723,0.2641,0,0.0000
3330,34.8225,0.1983,23.1940,41.5360,0.0667,0,0.0000
3331,35.0327,0.1853,23.3537,41.7990,0.2643,0,0.0000
3332,35.0327,0.1855,23.2870,41.7626,0.0667,0,0.0000
3333,35.2487,0.1640,23.4382,42.0258,0.2646,0,0.0000
3334,35.2487,0.1642,23.3716,41.9895,0.0667,0,0.0000
3335,35.4944,0.1699,23.4732,42.2511,0.2659,0,0.0000
3336,35.4944,0.1701,23.4065,42.2149,0.0667,0,0.0000
3337,35.8204,0.2719,23.3676,42.4705,0.3437,0,0.0000
3338,35.8204,0.2721,23.3010,42.4347,0.0667,0,0.0000
3339,36.1933,0.4291,23.1724,42.6852,0.4246,0,0.0000
3340,36.1933,0.4292,23.1057,42.6499,0.0667,0,0.0000
3341,36.5918,0.6142,22.9186,42.8957,0.4775,0,0.0000
3342,36.5918,0.6143,22.8519,42.8610,0.0667,0,0.0000
3343,37.0030,0.8082,22.6256,43.1022,0.5079,0,0.0000
3344,37.0030,0.8084,22.5589,43.0681,0.0667,0,0.0000
3345,37.4192,0.9983,22.3047,43.3046,0.5233,0,0.0000
3346,37.4192,0.9985,22.2381,43.2712,0.0667,0,0.0000
3347,37.8360,1.1755,21.9627,43.5029,0.5300,0,0.0000
3348,37.8360,1.1757,21.8961,43.4702,0.0667,0,0.0000
3349,38.2513,1.3341,21.6031,43.6970,0.5324,0,0.0000
3350,38.2513,1.3343,21.5364,43.6650,0.0667,0,0.0000
3351,38.6639,1.4712,21.2272,43.8867,0.5335,0,0.0000
3352,38.6639,1.4713,21.1605,43.8553,0.0667,0,0.0000
3353,39.0735,1.5859,20.8351,44.0718,0.5356,0,0.0000
3354,39.0735,1.5861,20.7684,44.0412,0.0667,0,0.0000
3355,39.4800,1.6795,20.4258,44.2521,0.5398,0,0.0000
3356,39.4800,1.6797,20.3591,44.2222,0.0667,0,0.0000
3357,39.8836,1.7547,19.9975,44.4274,0.5470,0,0.0000
3358,39.8835,1.7548,19.9308,44.3983,0.0667,0,0.0000
3359,40.2842,1.8154,19.5479,44.5975,0.5576,0,0.0000
3360,40.2842,1.8155,19.4812,44.5692,0.0667,0,0.0000
3361,40.6823,1.8665,19.0739,44.7621,0.5718,0,0.0000
3362,40.6823,1.8667,19.0072,44.7346,0.0667,0,0.0000
3363,41.0777,1.9136,18.5718,44.9208,0.5901,0,0.0000
3364,41.0777,1.9137,18.5052,44.8941,0.0667,0,0.0000
3365,41.4810,1.9853,18.0067,45.0722,0.6451,0,0.0000
3366,41.4809,1.9854,17.9400,45.0464,0.0667,0,0.0000
3367,41.9117,2.1372,17.3030,45.2126,0.7838,0,0.0000
3368,41.9117,2.1372,17.2364,45.1880,0.0667,0,0.0000
3369,42.3468,2.3287,16.5098,45.3432,0.8683,0,0.0000
3370,42.3468,2.3288,16.4431,45.3198,0.0667,0,0.0000
3371,42.7724,2.5332,15.6570,45.4643,0.9171,0,0.0000
3372,42.7724,2.5333,15.5903,45.4422,0.0667,0,0.0000
3373,43.1805,2.7328,14.7630,45.5762,0.9439,0,0.0000
3374,43.1805,2.7329,14.6963,45.5555,0.0667,0,0.0000
3375,43.5666,2.9156,13.8394,45.6789,0.9575,0,0.0000
3376,43.5666,2.9156,13.7727,45.6596,0.0667,0,0.0000
3377,43.9281,3.0737,12.8935,45.7724,0.9637,0,0.0000
3378,43.9281,3.0737,12.8268,45.7545,0.0667,0,0.0000
3379,44.2635,3.2028,11.9301,45.8567,0.9660,0,0.0000
3380,44.2635,3.2028,11.8635,45.8402,0.0667,0,0.0000
3381,44.5717,3.3011,10.9525,45.9316,0.9667,0,0.0000
3382,44.5717,3.3011,10.8858,45.9166,0.0667,0,0.0000
3383,44.8521,3.3689,9.9630,45.9973,0.9669,0,0.0000
3384,44.8521,3.3689,9.8963,45.9837,0.0667,0,0.0000
3385,45.1040,3.4082,8.9635,46.0536,0.9671,0,0.0000
3386,45.1040,3.4083,8.8968,46.0415,0.0667,0,0.0000
3387,45.3265,3.4224,7.9554,46.1005,0.9674,0,0.0000
3388,45.3265,3.4224,7.8888,46.0899,0.0667,0,0.0000
3389,45.5191,3.4154,6.9402,46.1381,0.9679,0,0.0000
3390,45.5191,3.4154,6.8736,46.1289,0.0667,0,0.0000
3391,45.6810,3.3916,5.9192,46.1663,0.9684,0,0.0000
3392,45.6810,3.3916,5.8525,46.1586,0.0667,0,0.0000
3393,45.8118,3.3556,4.8933,46.1852,0.9687,0,0.0000
3394,45.8118,3.3556,4.8267,46.1791,0.0667,0,0.0000
3395,45.9108,3.3116,3.8639,46.1949,0.9688,0,0.0000
3396,45.9108,3.3116,3.7973,46.1902,0.0667,0,0.0000
3397,45.9777,3.2634,2.8320,46.1952,0.9688,0,0.0000
3398,45.9777,3.2633,2.7653,46.1920,0.0667,0,0.0000
3399,46.0122,3.2140,1.7986,46.1864,0.9686,0,0.0000
3400,46.0122,3.2140,1.7320,46.1847,0.0667,0,0.0000
3401,46.0142,3.1660,0.7649,46.1684,0.9683,0,0.0000
3402,46.0142,3.1660,0.6982,46.1682,0.0667,0,0.0000
3403,45.9835,3.1210,-0.2683,46.1413,0.9680,0,0.0000
3404,45.9835,3.1209,-0.3349,46.1425,0.0667,0,0.0000
3405,45.9233,3.0623,-1.2749,46.1059,0.9437,0,0.0000
3406,45.9233,3.0623,-1.3416,46.1086,0.0667,0,0.0000
3407,45.8440,2.9515,-2.1953,46.0641,0.8645,0,0.0000
3408,45.8440,2.9514,-2.2619,46.0682,0.0667,0,0.0000
3409,45.7464,2.8105,-3.0534,46.0159,0.8099,0,0.0000
3410,45.7464,2.8105,-2.9868,46.0107,0.0667,0,0.0000
3411,45.6381,2.6561,-3.5983,45.9432,0.6400,0,0.0000
3412,45.6381,2.6561,-3.5317,45.9372,0.0667,0,0.0000
3413,45.5190,2.4998,-4.1070,45.8632,0.6080,0,0.0000
3414,45.5190,2.4998,-4.0403,45.8564,0.0667,0,0.0000
3415,45.3893,2.3501,-4.5863,45.7760,0.5808,0,0.0000
3416,45.3893,2.3501,-4.5196,45.7685,0.0667,0,0.0000
3417,45.2493,2.2130,-5.0409,45.6820,0.5569,0,0.0000
3418,45.2493,2.2130,-4.9742,45.6739,0.0667,0,0.0000
3419,45.0992,2.0925,-5.4742,45.5815,0.5358,0,0.0000
3420,45.0992,2.0925,-5.4075,45.5727,0.0667,0,0.0000
3421,44.9396,1.9906,-5.8888,45.4746,0.5172,0,0.0000
3422,44.9396,1.9906,-5.8221,45.4652,0.0667,0,0.0000
3423,44.7708,1.9080,-6.2867,45.3617,0.5011,0,0.0000
3424,44.7708,1.9080,-6.2200,45.3516,0.0667,0,0.0000
3425,44.5934,1.8441,-6.6696,45.2427,0.4875,0,0.0000
3426,44.5934,1.8441,-6.6029,45.2321,0.0667,0,0.0000
3427,44.4077,1.7975,-7.0390,45.1180,0.4763,0,0.0000
3428,44.4077,1.7975,-6.9723,45.1068,0.0667,0,0.0000
3429,44.2141,1.7662,-7.3963,44.9876,0.4672,0,0.0000
3430,44.2141,1.7662,-7.3297,44.9759,0.0667,0,0.0000
3431,44.0126,1.7478,-7.7431,44.8517,0.4602,0,0.0000
3432,44.0126,1.7477,-7.6764,44.8393,0.0667,0,0.0000
3433,43.8036,1.7398,-8.0806,44.7102,0.4551,0,0.0000
3434,43.8036,1.7397,-8.0139,44.6974,0.0667,0,0.0000
3435,43.5871,1.7398,-8.4104,44.5633,0.4517,0,0.0000
3436,43.5871,1.7397,-8.3437,44.5499,0.0667,0,0.0000
3437,43.3629,1.7457,-8.7339,44.4111,0.4500,0,0.0000
3438,43.3629,1.7456,-8.6672,44.3971,0.0667,0,0.0000
3439,43.1310,1.7556,-9.0527,44.2534,0.4500,0,0.0000
3440,43.1310,1.7556,-8.9861,44.2390,0.0667,0,0.0000
3441,42.8911,1.7683,-9.3686,44.0903,0.4518,0,0.0000
3442,42.8911,1.7683,-9.3020,44.0754,0.0667,0,0.0000
3443,42.6426,1.7828,-9.6833,43.9218,0.4554,0,0.0000
3444,42.6426,1.7828,-9.6167,43.9063,0.0667,0,0.0000
3445,42.3850,1.7987,-9.9988,43.7478,0.4612,0,0.0000
3446,42.3850,1.7986,-9.9322,43.7317,0.0667,0,0.0000
3447,42.1175,1.8160,-10.3173,43.5680,0.4692,0,0.0000
3448,42.1175,1.8159,-10.2506,43.5514,0.0667,0,0.0000
3449,41.8390,1.8349,-10.6410,43.3825,0.4799,0,0.0000
3450,41.8390,1.8349,-10.5743,43.3653,0.0667,0,0.0000
3451,41.5484,1.8564,-10.9726,43.1909,0.4935,0,0.0000
3452,41.5484,1.8563,-10.9060,43.1731,0.0667,0,0.0000
3453,41.2441,1.8814,-11.3151,42.9930,0.5105,0,0.0000
3454,41.2441,1.8813,-11.2484,42.9747,0.0667,0,0.0000
3455,40.9249,1.9099,-11.6698,42.7887,0.5294,0,0.0000
3456,40.9249,1.9098,-11.6032,42.7697,0.0667,0,0.0000
3457,40.6966,1.7480,-11.7564,42.5862,0.3190,0,0.0000
3458,40.6966,1.7480,-11.6897,42.5669,0.0667,0,0.0000
3459,40.5534,1.4271,-11.6017,42.3882,0.3622,0,0.0000
3460,40.5534,1.4271,-11.5350,42.3691,0.0667,0,0.0000
3461,40.4597,1.0270,-11.2984,42.1949,0.4741,0,0.0000
3462,40.4597,1.0270,-11.2318,42.1762,0.0667,0,0.0000
3463,40.3928,0.6019,-10.9030,42.0069,0.5415,0,0.0000
3464,40.3928,0.6019,-10.8364,41.9887,0.0667,0,0.0000
3465,40.3399,0.1892,-10.4500,41.8246,0.5678,0,0.0000
3466,40.3400,0.1891,-10.3833,41.8071,0.0667,0,0.0000
3467,40.2942,-0.1859,-9.9604,41.6487,0.5670,0,0.0000
3468,40.2942,-0.1860,-9.8938,41.6319,0.0667,0,0.0000
3469,40.2525,-0.5069,-9.4473,41.4796,0.5514,0,0.0000
3470,40.2525,-0.5070,-9.3807,41.4635,0.0667,0,0.0000
3471,40.2139,-0.7649,-8.9186,41.3177,0.5306,0,0.1649
3472,40.2139,-0.7650,-8.8519,41.3024,0.0667,0,0.1650
3473,40.1781,-0.9567,-8.3789,41.1634,0.5116,0,0.3567
3474,40.1781,-0.9568,-8.3122,41.1490,0.0667,0,0.3568
3475,40.1453,-1.0838,-7.8312,41.0172,0.4986,0,0.4838
3476,40.1453,-1.0840,-7.7646,41.0036,0.0667,0,0.4840
3477,40.1157,-1.1517,-7.2773,40.8791,0.4928,0,0.5517
3478,40.1157,-1.1519,-7.2107,40.8664,0.0667,0,0.5519
3479,40.0892,-1.1681,-6.7182,40.7496,0.4934,0,0.5681
3480,40.0892,-1.1683,-6.6516,40.7378,0.0667,0,0.5683
3481,40.0655,-1.1426,-6.1545,40.6289,0.4983,0,0.5426
3482,40.0655,-1.1428,-6.0878,40.6180,0.0667,0,0.5428
3483,40.0443,-1.0856,-5.5866,40.5173,0.5049,0,0.4856
3484,40.0443,-1.0858,-5.5200,40.5072,0.0667,0,0.4858
3485,40.0254,-1.0073,-5.0149,40.4148,0.5115,0,0.4073
3486,40.0254,-1.0075,-4.9483,40.4056,0.0667,0,0.4075
3487,40.0084,-0.9174,-4.4395,40.3217,0.5169,0,0.3174
3488,40.0084,-0.9176,-4.3728,40.3135,0.0667,0,0.3176
3489,39.9933,-0.8244,-3.8606,40.2382,0.5208,0,0.2244
3490,39.9933,-0.8246,-3.7940,40.2309,0.0667,0,0.2246
3491,39.9798,-0.7354,-3.2785,40.1645,0.5234,0,0.1354
3492,39.9798,-0.7356,-3.2118,40.1581,0.0667,0,0.1356
3493,39.9679,-0.6557,-2.6931,40.1007,0.5249,0,0.0557
3494,39.9679,-0.6559,-2.6265,40.0953,0.0667,0,0.0559
3495,39.9578,-0.5891,-2.1049,40.0470,0.5259,0,0.0000
3496,39.9578,-0.5893,-2.0382,40.0426,0.0667,0,0.0000
3497,39.9493,-0.5377,-1.5139,40.0035,0.5269,0,0.0000
3498,39.9493,-0.5379,-1.4473,40.0001,0.0667,0,0.0000
3499,39.9426,-0.5021,-0.9205,39.9704,0.5280,0,0.0000
3500,39.9426,-0.5023,-0.8538,39.9680,0.0667,0,0.0000
3501,39.9376,-0.4819,-0.3248,39.9477,0.5295,0,0.0000
3502,39.9376,-0.4821,-0.2581,39.9463,0.0667,0,0.0000
3503,39.9343,-0.4754,0.2730,39.9356,0.5311,0,0.0000
3504,39.9344,-0.4756,0.3396,39.9352,0.0667,0,0.0000
3505,39.9328,-0.4806,0.8724,39.9342,0.5328,0,0.0000
3506,39.9328,-0.4808,0.9391,39.9348,0.0667,0,0.0000
3507,39.9331,-0.4948,1.4733,39.9435,0.5344,0,0.0000
3508,39.9331,-0.4950,1.5400,39.9451,0.0667,0,0.0000
3509,39.9350,-0.5153,2.0753,39.9636,0.5357,0,0.0000
3510,39.9350,-0.5155,2.1420,39.9662,0.0667,0,0.0000
3511,39.9387,-0.5392,2.6780,39.9945,0.5366,0,0.0000
3512,39.9387,-0.5390,2.6114,39.9911,0.0667,0,0.0000
3513,39.9434,-0.5634,3.0145,40.0184,0.4039,0,0.0000
3514,39.9434,-0.5632,2.9478,40.0143,0.0667,0,0.0000
3515,39.9492,-0.5863,3.3509,40.0461,0.4038,0,0.0000
3516,39.9492,-0.5860,3.2843,40.0415,0.0667,0,0.0000
3517,39.9560,-0.6060,3.6868,40.0776,0.4031,0,0.0060
3518,39.9560,-0.6058,3.6202,40.0725,0.0667,0,0.0058
3519,39.9640,-0.6213,4.0216,40.1131,0.4018,0,0.0213
3520,39.9640,-0.6211,3.9550,40.1074,0.0667,0,0.0211
3521,39.9733,-0.6309,4.3547,40.1524,0.3999,0,0.0309
3522,39.9733,-0.6307,4.2880,40.1461,0.0667,0,0.0307
3523,39.9855,-0.6186,4.6632,40.1948,0.3756,0,0.0186
3524,39.9855,-0.6184,4.5965,40.1880,0.0667,0,0.0184
3525,40.0043,-0.5512,4.8986,40.2382,0.3100,0,0.0000
3526,40.0043,-0.5510,4.8319,40.2311,0.0667,0,0.0000
3527,40.0281,-0.4535,5.0910,40.2833,0.2778,0,0.0000
3528,40.0281,-0.4533,5.0243,40.2758,0.0667,0,0.0000
3529,40.0556,-0.3422,5.2587,40.3302,0.2608,0,0.0000
3530,40.0556,-0.3420,5.1920,40.3225,0.0667,0,0.0000
3531,40.0856,-0.2292,5.4129,40.3792,0.2498,0,0.0000
3532,40.0856,-0.2290,5.3462,40.3712,0.0667,0,0.0000
3533,40.1177,-0.1225,5.5601,40.4301,0.2411,0,0.0000
3534,40.1177,-0.1223,5.4934,40.4219,0.0667,0,0.0000
3535,40.1516,-0.0278,5.7043,40.4829,0.2335,0,0.0000
3536,40.1516,-0.0276,5.6376,40.4745,0.0667,0,0.0000
3537,40.1871,0.0516,5.8475,40.5378,0.2271,0,0.0000
3538,40.1870,0.0518,5.7808,40.5291,0.0667,0,0.0000
3539,40.2241,0.1142,5.9907,40.5945,0.2221,0,0.0000
3540,40.2241,0.1144,5.9240,40.5856,0.0667,0,0.0000
3541,40.2628,0.1596,6.1343,40.6530,0.2185,0,0.0000
3542,40.2628,0.1598,6.0676,40.6439,0.0667,0,0.0000
3543,40.3031,0.1891,6.2782,40.7134,0.2164,0,0.0000
3544,40.3031,0.1893,6.2115,40.7041,0.0667,0,0.0000
3545,40.3450,0.2045,6.4219,40.7756,0.2151,0,0.0000
3546,40.3450,0.2047,6.3553,40.7661,0.0667,0,0.0000
3547,40.3886,0.2086,6.5649,40.8396,0.2142,0,0.0000
3548,40.3886,0.2088,6.4983,40.8299,0.0667,0,0.0000
3549,40.4339,0.2044,6.7064,40.9053,0.2130,0,0.0000
3550,40.4339,0.2046,6.6397,40.8954,0.0667,0,0.0000
3551,40.4810,0.1951,6.8452,40.9727,0.2111,0,0.0000
3552,40.4810,0.1953,6.7786,40.9625,0.0667,0,0.0000
3553,40.5298,0.1839,6.9804,41.0416,0.2079,0,0.0000
3554,40.5298,0.1841,6.9137,41.0313,0.0667,0,0.0000
3555,40.5806,0.1738,7.1104,41.1121,0.2034,0,0.0000
3556,40.5806,0.1740,7.0438,41.1016,0.0667,0,0.0000
3557,40.6335,0.1678,7.2338,41.1840,0.1974,0,0.0000
3558,40.6335,0.1680,7.1671,41.1733,0.0667,0,0.0000
3559,40.6887,0.1684,7.3486,41.2572,0.1897,0,0.0000
3560,40.6887,0.1685,7.2819,41.2463,0.0667,0,0.0000
3561,40.7463,0.1770,7.4534,41.3314,0.1811,0,0.0000
3562,40.7463,0.1772,7.3868,41.3204,0.0667,0,0.0000
3563,40.8373,0.3865,7.2775,41.3968,0.2531,0,0.0000
3564,40.8373,0.3867,7.2109,41.3860,0.0667,0,0.0000
3565,40.9507,0.7679,6.8458,41.4519,0.5398,0,0.0000
3566,40.9507,0.7680,6.7791,41.4418,0.0667,0,0.0000
3567,41.0656,1.2400,6.2513,41.4979,0.7174,0,0.0000
3568,41.0656,1.2401,6.1846,41.4888,0.0667,0,0.0000
3569,41.1683,1.7456,5.5521,41.5353,0.8162,0,0.0000
3570,41.1683,1.7457,5.4854,41.5274,0.0667,0,0.0000
3571,41.2517,2.2426,4.7858,41.5642,0.8622,0,0.0000
3572,41.2517,2.2427,4.7191,41.5575,0.0667,0,0.0000
3573,41.3128,2.6989,3.9779,41.5844,0.8725,0,0.0000
3574,41.3128,2.6990,3.9112,41.5789,0.0667,0,0.0000
3575,41.3512,3.0939,3.1442,41.5957,0.8635,0,0.0000
3576,41.3512,3.0940,3.0776,41.5916,0.0667,0,0.0000
3577,41.3678,3.4158,2.2944,41.5981,0.8469,0,0.0000
3578,41.3678,3.4159,2.2277,41.5954,0.0667,0,0.0000
3579,41.3638,3.6582,1.4343,41.5914,0.8296,0,0.0000
3580,41.3638,3.6583,1.3676,41.5900,0.0667,0,0.0000
3581,41.3399,3.8192,0.5677,41.5753,0.8162,0,0.0000
3582,41.3399,3.8194,0.5011,41.5754,0.0667,0,0.0000
3583,41.2962,3.9032,-0.3026,41.5500,0.8093,0,0.0000
3584,41.2962,3.9033,-0.3693,41.5514,0.0667,0,0.0000
3585,41.2319,3.9185,-1.1749,41.5152,0.8083,0,0.0000
3586,41.2319,3.9186,-1.2415,41.5181,0.0667,0,0.0000
3587,41.1459,3.8765,-2.0472,41.4710,0.8114,0,0.0000
3588,41.1459,3.8765,-2.1139,41.4753,0.0667,0,0.0000
3589,41.0366,3.7895,-2.9182,41.4174,0.8163,0,0.0000
3590,41.0366,3.7895,-2.8515,41.4119,0.0667,0,0.0000
3591,40.9109,3.6716,-3.5197,41.3357,0.6901,0,0.0000
3592,40.9109,3.6716,-3.4530,41.3292,0.0667,0,0.0000
3593,40.7676,3.5351,-4.1172,41.2435,0.6930,0,0.0000
3594,40.7676,3.5351,-4.0505,41.2360,0.0667,0,0.0000
3595,40.6055,3.3911,-4.7096,41.1409,0.6938,0,0.0000
3596,40.6055,3.3911,-4.6429,41.1324,0.0667,0,0.0000
3597,40.4244,3.2476,-5.2946,41.0278,0.6915,0,0.0000
3598,40.4244,3.2477,-5.2280,41.0184,0.0667,0,0.0000
3599,40.2252,3.1080,-5.8661,40.9047,0.6829,0,0.0000
3600,40.2252,3.1081,-5.7994,40.8942,0.0667,0,0.0000
