tick,local_x,local_y,local_z,drift_m,slip_m,on_floor,below_depth_m
1,-0.0000,-0.5990,0.5666,0.0000,0.0000,1,0.0000
2,-0.0000,-0.5606,0.6397,0.0826,0.0826,1,0.0000
3,-0.0000,-0.5987,0.7064,0.1398,0.0767,1,0.0000
4,-0.0000,-0.5692,0.7832,0.2187,0.0823,1,0.0000
5,-0.0000,-0.5979,0.8499,0.2833,0.0726,1,0.0000
6,-0.0000,-0.5781,0.9304,0.3644,0.0829,1,0.0000
7,-0.0000,-0.5999,0.9970,0.4304,0.0701,1,0.0000
8,-0.0000,-0.5865,1.0811,0.5147,0.0852,1,0.0000
9,-0.0000,-0.5989,1.1478,0.5812,0.0678,1,0.0000
10,-0.0000,-0.5938,1.2355,0.6690,0.0879,1,0.0000
11,-0.0000,-0.5990,1.3022,0.7356,0.0668,1,0.0000
12,-0.0000,-0.5997,1.3936,0.8270,0.0914,1,0.0000
13,-0.0000,-0.5990,1.4602,0.8936,0.0666,1,0.0000
14,-0.0000,-0.6040,1.5552,0.9886,0.0951,1,0.0040
15,-0.0000,-0.5990,1.6218,1.0552,0.0668,1,0.0000
16,-0.0000,-0.6069,1.7204,1.1538,0.0989,1,0.0069
17,-0.0000,-0.5990,1.7870,1.2204,0.0671,1,0.0000
18,-0.0000,-0.6083,1.8892,1.3226,0.1026,1,0.0083
19,-0.0000,-0.5990,1.9558,1.3892,0.0673,1,0.0000
20,-0.0000,-0.6087,2.0616,1.4950,0.1062,1,0.0087
21,-0.0000,-0.5990,2.1282,1.5616,0.0673,1,0.0000
22,-0.0000,-0.6082,2.2375,1.6710,0.1097,1,0.0082
23,-0.0000,-0.5990,2.3042,1.7376,0.0673,1,0.0000
24,-0.0000,-0.6070,2.4170,1.8505,0.1132,1,0.0070
25,-0.0000,-0.5990,2.4837,1.9171,0.0671,1,0.0000
26,0.0000,-0.6055,2.6001,2.0335,0.1166,1,0.0055
27,0.0000,-0.5990,2.5334,1.9668,0.0670,1,0.0000
28,0.0000,-0.6039,2.5201,1.9535,0.0142,1,0.0039
29,0.0000,-0.5990,2.4534,1.8868,0.0669,1,0.0000
30,0.0000,-0.6023,2.4435,1.8769,0.0104,1,0.0023
31,0.0000,-0.5990,2.3768,1.8102,0.0668,1,0.0000
32,0.0000,-0.6009,2.3705,1.8039,0.0066,1,0.0009
33,0.0000,-0.5990,2.3038,1.7372,0.0667,1,0.0000
34,0.0000,-0.5997,2.3010,1.7344,0.0029,1,0.0000
35,0.0000,-0.5990,2.2343,1.6677,0.0667,1,0.0000
36,0.0000,-0.5987,2.2350,1.6684,0.0007,1,0.0000
37,0.0000,-0.5990,2.1683,1.6017,0.0667,1,0.0000
38,-0.0000,-0.5980,2.1725,1.6059,0.0043,1,0.0000
39,-0.0000,-0.5990,2.1058,1.5392,0.0667,1,0.0000
40,-0.0000,-0.5976,2.1134,1.5468,0.0078,1,0.0000
41,-0.0000,-0.5990,2.0467,1.4801,0.0667,1,0.0000
42,-0.0000,-0.5975,2.0578,1.4912,0.0112,1,0.0000
43,-0.0000,-0.5990,1.9911,1.4245,0.0667,1,0.0000
44,-0.0000,-0.5975,2.0056,1.4390,0.0146,1,0.0000
45,-0.0000,-0.5990,1.9389,1.3723,0.0667,1,0.0000
46,-0.0000,-0.5977,1.9569,1.3903,0.0180,1,0.0000
47,-0.0000,-0.5990,1.8902,1.3236,0.0667,1,0.0000
48,0.0000,-0.5979,1.9116,1.3450,0.0214,1,0.0000
49,0.0000,-0.5990,1.8449,1.2783,0.0667,1,0.0000
50,-0.0000,-0.5982,1.8696,1.3031,0.0248,1,0.0000
51,-0.0000,-0.5990,1.8030,1.2364,0.0667,1,0.0000
52,0.0000,-0.5986,1.8311,1.2645,0.0282,1,0.0000
53,0.0000,-0.5990,1.7644,1.1978,0.0667,1,0.0000
54,-0.0000,-0.5989,1.7960,1.2294,0.0316,1,0.0000
55,-0.0000,-0.5990,1.7293,1.1627,0.0667,1,0.0000
56,-0.0000,-0.5991,1.7642,1.1976,0.0349,1,0.0000
57,-0.0000,-0.5990,1.6975,1.1309,0.0667,1,0.0000
58,-0.0000,-0.5994,1.7358,1.1692,0.0383,1,0.0000
59,-0.0000,-0.5990,1.6691,1.1025,0.0667,1,0.0000
60,0.0000,-0.5995,1.7108,1.1442,0.0416,1,0.0000
61,0.0000,-0.5990,1.6441,1.0775,0.0667,1,0.0000
62,-0.0000,-0.5996,1.6890,1.1225,0.0450,1,0.0000
63,-0.0000,-0.5990,1.6224,1.0558,0.0667,1,0.0000
64,-0.0000,-0.5997,1.6707,1.1041,0.0483,1,0.0000
65,-0.0000,-0.5990,1.6040,1.0374,0.0667,1,0.0000
66,-0.0000,-0.5997,1.6556,1.0890,0.0516,1,0.0000
67,-0.0000,-0.5990,1.5889,1.0223,0.0667,1,0.0000
68,-0.0000,-0.5997,1.6438,1.0772,0.0549,1,0.0000
69,-0.0000,-0.5990,1.5771,1.0105,0.0667,1,0.0000
70,-0.0000,-0.5997,1.6354,1.0688,0.0582,1,0.0000
71,-0.0000,-0.5990,1.5687,1.0021,0.0667,1,0.0000
72,-0.0000,-0.5997,1.6302,1.0636,0.0615,1,0.0000
73,-0.0000,-0.5990,1.5635,0.9969,0.0667,1,0.0000
74,-0.0000,-0.5996,1.6283,1.0617,0.0648,1,0.0000
75,-0.0000,-0.5990,1.5616,0.9950,0.0667,1,0.0000
76,-0.0000,-0.5996,1.6296,1.0630,0.0681,1,0.0000
77,-0.0000,-0.5990,1.5629,0.9963,0.0667,1,0.0000
78,-0.0000,-0.5995,1.6342,1.0676,0.0713,1,0.0000
79,-0.0000,-0.5990,1.5675,1.0009,0.0667,1,0.0000
80,0.0000,-0.5995,1.6421,1.0755,0.0745,1,0.0000
81,0.0000,-0.5990,1.5754,1.0088,0.0667,1,0.0000
82,0.0000,-0.5995,1.6531,1.0866,0.0778,1,0.0000
83,0.0000,-0.5990,1.5865,1.0199,0.0667,1,0.0000
84,0.0000,-0.5995,1.6674,1.1009,0.0810,1,0.0000
85,0.0000,-0.5990,1.6008,1.0342,0.0667,1,0.0000
86,0.0000,-0.5994,1.6850,1.1184,0.0842,1,0.0000
87,0.0000,-0.5990,1.6183,1.0517,0.0667,1,0.0000
88,0.0000,-0.5995,1.7057,1.1391,0.0874,1,0.0000
89,0.0000,-0.5990,1.6390,1.0724,0.0667,1,0.0000
90,0.0000,-0.5995,1.7296,1.1630,0.0906,1,0.0000
91,0.0000,-0.5990,1.6629,1.0963,0.0667,1,0.0000
92,0.0000,-0.5995,1.7566,1.1900,0.0938,1,0.0000
93,0.0000,-0.5990,1.6899,1.1233,0.0667,1,0.0000
94,0.0000,-0.5995,1.7869,1.2203,0.0969,1,0.0000
95,0.0000,-0.5990,1.7202,1.1536,0.0667,1,0.0000
96,0.0000,-0.5995,1.8202,1.2537,0.1001,1,0.0000
97,0.0000,-0.5990,1.7535,1.1870,0.0667,1,0.0000
98,0.0000,-0.5995,1.8568,1.2902,0.1032,1,0.0000
99,0.0000,-0.5990,1.7901,1.2235,0.0667,1,0.0000
100,0.0000,-0.5996,1.8964,1.3299,0.1064,1,0.0000
101,0.0000,-0.5990,1.8298,1.2632,0.0667,1,0.0000
102,0.0000,-0.5996,1.9392,1.3727,0.1095,1,0.0000
103,0.0000,-0.5990,1.8725,1.3060,0.0667,1,0.0000
104,0.0000,-0.5996,1.9851,1.4186,0.1126,1,0.0000
105,0.0000,-0.5990,1.9185,1.3519,0.0667,1,0.0000
106,0.0000,-0.5996,2.0342,1.4676,0.1157,1,0.0000
107,0.0000,-0.5990,1.9675,1.4009,0.0667,1,0.0000
108,0.0000,-0.5996,2.0863,1.5197,0.1188,1,0.0000
109,0.0000,-0.5990,2.0196,1.4530,0.0667,1,0.0000
110,0.0000,-0.5996,2.1415,1.5749,0.1219,1,0.0000
111,0.0000,-0.5990,2.0748,1.5082,0.0667,1,0.0000
112,0.0000,-0.5997,2.1997,1.6331,0.1250,1,0.0000
113,0.0000,-0.5990,2.1330,1.5664,0.0667,1,0.0000
114,0.0000,-0.5997,2.2610,1.6944,0.1280,1,0.0000
115,0.0000,-0.5990,2.1943,1.6278,0.0667,1,0.0000
116,0.0000,-0.5997,2.3254,1.7588,0.1311,1,0.0000
117,0.0000,-0.5990,2.2587,1.6921,0.0667,1,0.0000
118,0.0000,-0.5997,2.3928,1.8262,0.1341,1,0.0000
119,0.0000,-0.5990,2.3261,1.7595,0.0667,1,0.0000
120,0.0000,-0.5997,2.4633,1.8967,0.1371,1,0.0000
121,0.0000,-0.5990,2.3966,1.8300,0.0667,1,0.0000
122,0.0000,-0.5997,2.5367,1.9702,0.1402,1,0.0000
123,0.0000,-0.5990,2.4700,1.9035,0.0667,1,0.0000
124,0.0000,-0.5997,2.6132,2.0466,0.1432,1,0.0000
125,0.0000,-0.5990,2.5465,1.9799,0.0667,1,0.0000
126,0.0000,-0.5997,2.6927,2.1261,0.1462,1,0.0000
127,0.0000,-0.5990,2.6260,2.0594,0.0667,1,0.0000
128,0.0000,-0.5997,2.7752,2.2086,0.1492,1,0.0000
129,0.0000,-0.5990,2.7085,2.1419,0.0667,1,0.0000
130,0.0000,-0.5997,2.8606,2.2940,0.1522,1,0.0000
131,0.0000,-0.5990,2.7939,2.2274,0.0667,1,0.0000
132,0.0000,-0.5997,2.9491,2.3825,0.1551,1,0.0000
133,0.0000,-0.5990,2.8824,2.3158,0.0667,1,0.0000
134,0.0000,-0.5997,3.0405,2.4739,0.1581,1,0.0000
135,0.0000,-0.5990,2.9738,2.4072,0.0667,1,0.0000
136,0.0000,-0.5998,3.1348,2.5682,0.1610,1,0.0000
137,0.0000,-0.5990,3.0681,2.5015,0.0667,1,0.0000
138,0.0000,-0.5998,3.2321,2.6655,0.1640,1,0.0000
139,0.0000,-0.5990,3.1654,2.5988,0.0667,1,0.0000
140,0.0000,-0.5998,3.3323,2.7657,0.1669,1,0.0000
141,0.0000,-0.5990,3.2656,2.6990,0.0667,1,0.0000
142,0.0000,-0.5998,3.4354,2.8688,0.1698,1,0.0000
143,0.0000,-0.5990,3.3687,2.8021,0.0667,1,0.0000
144,-0.0000,-0.5998,3.5415,2.9749,0.1727,1,0.0000
145,-0.0000,-0.5990,3.4748,2.9082,0.0667,1,0.0000
146,-0.0000,-0.5998,3.6504,3.0838,0.1756,1,0.0000
147,-0.0000,-0.5990,3.5837,3.0172,0.0667,1,0.0000
148,-0.0000,-0.5998,3.7623,3.1957,0.1785,1,0.0000
149,-0.0000,-0.5990,3.6956,3.1290,0.0667,1,0.0000
150,-0.0000,-0.5998,3.8770,3.3104,0.1814,1,0.0000
151,-0.0000,-0.5990,3.8103,3.2437,0.0667,1,0.0000
152,-0.0000,-0.5998,3.9946,3.4280,0.1843,1,0.0000
153,-0.0000,-0.5991,3.9279,3.3613,0.0667,1,0.0000
154,-0.0000,-0.5999,4.1151,3.5485,0.1872,1,0.0000
155,-0.0000,-0.6046,4.0491,3.4826,0.0661,1,0.0046
156,-0.0000,-0.5945,4.2425,3.6759,0.1936,1,0.0000
157,-0.0000,-0.6604,4.1756,3.6095,0.0939,1,0.0604
158,-0.0000,-0.6322,4.3958,3.8293,0.2220,1,0.0322
159,-0.0000,-0.6403,4.3291,3.7627,0.0672,0,0.0403
160,0.0000,-0.6520,4.5248,3.9585,0.1960,0,0.0520
161,0.0000,-0.6656,4.4581,3.8920,0.0681,0,0.0656
162,0.0000,-0.6827,4.6566,4.0908,0.1992,0,0.0827
163,0.0000,-0.7017,4.5898,4.0246,0.0694,0,0.1017
164,0.0000,-0.7243,4.7911,4.2264,0.2026,0,0.1243
165,0.0000,-0.7488,4.7244,4.1605,0.0711,0,0.1488
166,0.0000,-0.7768,4.9285,4.3655,0.2060,0,0.1768
167,0.0000,-0.8067,4.8617,4.3001,0.0732,0,0.2067
168,0.0000,-0.8402,5.0686,4.5085,0.2096,0,0.2402
169,0.0000,-0.8756,5.0018,4.4438,0.0756,0,0.2756
170,0.0000,-0.9145,5.2114,4.6556,0.2132,0,0.3145
171,0.0000,-0.9553,5.1446,4.5919,0.0783,0,0.3553
172,0.0000,-0.9941,5.3571,4.8067,0.2159,1,0.3941
173,0.0000,-0.9939,5.2904,4.7403,0.0667,1,0.3939
174,0.0000,-0.9946,5.5057,4.9549,0.2153,1,0.3946
175,0.0000,-0.9944,5.4390,4.8885,0.0667,1,0.3944
176,0.0000,-0.9951,5.6571,5.1059,0.2181,1,0.3951
177,0.0000,-0.9949,5.5905,5.0394,0.0667,1,0.3949
178,0.0000,-0.9956,5.8113,5.2597,0.2208,1,0.3956
179,0.0000,-0.9954,5.7446,5.1932,0.0667,1,0.3954
180,0.0000,-0.9962,5.9682,5.4162,0.2236,1,0.3962
181,0.0000,-0.9959,5.9015,5.3497,0.0667,1,0.3959
182,0.0000,-0.9967,6.1278,5.5754,0.2263,1,0.3967
183,0.0000,-0.9965,6.0612,5.5089,0.0667,1,0.3965
184,0.0000,-0.9972,6.2902,5.7374,0.2290,1,0.3972
185,0.0000,-0.9970,6.2235,5.6709,0.0667,1,0.3970
186,0.0000,-0.9978,6.4553,5.9022,0.2317,1,0.3978
187,0.0000,-0.9975,6.3886,5.8356,0.0667,1,0.3975
188,0.0000,-0.9983,6.6231,6.0696,0.2345,1,0.3983
189,0.0000,-0.9981,6.5564,6.0031,0.0667,1,0.3981
190,0.0000,-0.9989,6.7935,6.2398,0.2372,1,0.3989
191,0.0000,-0.9986,6.7269,6.1732,0.0667,1,0.3986
192,0.0000,-0.9994,6.9667,6.4126,0.2398,1,0.3994
193,0.0000,-0.9992,6.9000,6.3461,0.0667,1,0.3992
194,0.0000,-1.0000,7.1426,6.5882,0.2425,1,0.4000
195,0.0000,-0.9998,7.0759,6.5216,0.0667,1,0.3998
196,0.0000,-1.0006,7.3211,6.7664,0.2452,1,0.4006
197,0.0000,-1.0004,7.2544,6.6999,0.0667,1,0.4004
198,0.0000,-1.0012,7.5023,6.9473,0.2479,1,0.4012
199,0.0000,-1.0010,7.4356,6.8808,0.0667,1,0.4010
200,0.0000,-1.0018,7.6861,7.1309,0.2505,1,0.4018
201,0.0000,-1.0016,7.6194,7.0643,0.0667,1,0.4016
202,0.0004,-0.9771,7.8665,7.3097,0.2482,1,0.3771
203,0.0004,-0.9771,7.7998,7.2431,0.0667,1,0.3771
204,0.0009,-0.9283,8.0418,7.4824,0.2468,1,0.3283
205,0.0009,-0.9289,7.9751,7.4159,0.0667,1,0.3289
206,0.0012,-0.8793,8.2185,7.6570,0.2484,1,0.2793
207,0.0012,-0.8804,8.1518,7.5905,0.0667,1,0.2804
208,0.0014,-0.8297,8.3967,7.8335,0.2501,1,0.2297
209,0.0014,-0.8313,8.3301,7.7670,0.0666,1,0.2313
210,0.0015,-0.7789,8.5764,8.0119,0.2519,1,0.1789
211,0.0015,-0.7811,8.5098,7.9453,0.0666,1,0.1811
212,0.0016,-0.7266,8.7577,8.1921,0.2538,1,0.1266
213,0.0016,-0.7292,8.6912,8.1256,0.0666,1,0.1292
214,0.0016,-0.6721,8.9406,8.3743,0.2559,1,0.0721
215,0.0016,-0.6752,8.8741,8.3078,0.0666,1,0.0752
216,0.0016,-0.6148,9.1250,8.5584,0.2581,1,0.0148
217,0.0016,-0.6185,9.0585,8.4919,0.0666,1,0.0185
218,0.0016,-0.5543,9.3109,8.7444,0.2604,1,0.0000
219,0.0016,-0.5586,9.2445,8.6780,0.0665,1,0.0000
220,0.0016,-0.4902,9.4983,8.9324,0.2628,1,0.0000
221,0.0016,-0.4950,9.4320,8.8660,0.0665,1,0.0000
222,0.0016,-0.4222,9.6871,9.1223,0.2653,1,0.0000
223,0.0016,-0.4276,9.6209,9.0559,0.0665,1,0.0000
224,0.0015,-0.3501,9.8774,9.3141,0.2679,1,0.0000
225,0.0015,-0.3560,9.8112,9.2478,0.0664,1,0.0000
226,0.0015,-0.2736,10.0689,9.5079,0.2705,1,0.0000
227,0.0015,-0.2800,10.0029,9.4417,0.0664,1,0.0000
228,0.0015,-0.1928,10.2617,9.7036,0.2732,1,0.0000
229,0.0015,-0.1997,10.1958,9.6375,0.0663,1,0.0000
230,0.0015,-0.1075,10.4557,9.9013,0.2758,1,0.0000
231,0.0015,-0.1150,10.3899,9.8352,0.0662,1,0.0000
232,0.0014,-0.0178,10.6508,10.1009,0.2784,1,0.0000
233,0.0014,-0.0258,10.5851,10.0349,0.0662,1,0.0000
234,0.0014,0.0764,10.8470,10.3025,0.2811,1,0.0000
235,0.0014,0.0677,10.7814,10.2366,0.0661,1,0.0000
236,0.0014,0.1749,11.0441,10.5061,0.2837,1,0.0000
237,0.0014,0.1657,10.9788,10.4402,0.0660,1,0.0000
238,0.0012,0.2486,11.2437,10.7107,0.2776,1,0.0000
239,0.0012,0.2390,11.1784,10.6449,0.0660,1,0.0000
240,0.0010,0.2807,11.4469,10.9158,0.2717,1,0.0000
241,0.0010,0.2709,11.3817,10.8500,0.0659,1,0.0000
242,0.0008,0.2786,11.6535,11.1216,0.2719,1,0.0000
243,0.0008,0.2688,11.5883,11.0558,0.0659,1,0.0000
244,0.0006,0.2510,11.8627,11.3280,0.2750,1,0.0000
245,0.0006,0.2413,11.7975,11.2623,0.0659,1,0.0000
246,0.0004,0.2066,12.0737,11.5353,0.2784,1,0.0000
247,0.0004,0.1970,12.0085,11.4696,0.0660,1,0.0000
248,0.0003,0.1531,12.2860,11.7436,0.2810,1,0.0000
249,0.0003,0.1436,12.2207,11.6778,0.0660,1,0.0000
250,0.0002,0.0968,12.4992,11.9528,0.2823,1,0.0000
251,0.0001,0.0875,12.4338,11.8871,0.0660,1,0.0000
252,0.0001,0.0423,12.7129,12.1632,0.2827,1,0.0000
253,0.0001,0.0332,12.6475,12.0974,0.0660,1,0.0000
254,0.0000,-0.0073,12.9272,12.3747,0.2826,1,0.0000
255,0.0000,-0.0163,12.8617,12.3090,0.0660,1,0.0000
256,-0.0000,-0.0504,13.1421,12.5874,0.2824,1,0.0000
257,-0.0000,-0.0593,13.0766,12.5217,0.0661,1,0.0000
258,-0.0000,-0.0866,13.3576,12.8013,0.2823,1,0.0000
259,-0.0001,-0.0955,13.2922,12.7356,0.0661,1,0.0000
260,-0.0001,-0.1164,13.5740,13.0164,0.2826,1,0.0000
261,-0.0001,-0.1252,13.5085,12.9506,0.0661,1,0.0000
262,-0.0001,-0.1405,13.7912,13.2326,0.2831,1,0.0000
263,-0.0001,-0.1494,13.7257,13.1668,0.0661,1,0.0000
264,-0.0001,-0.1604,14.0094,13.4499,0.2838,1,0.0000
265,-0.0001,-0.1692,13.9439,13.3842,0.0661,1,0.0000
266,-0.0001,-0.1771,14.2285,13.6684,0.2847,1,0.0000
267,-0.0001,-0.1860,14.1630,13.6027,0.0661,1,0.0000
268,-0.0002,-0.2009,14.4489,13.8880,0.2863,1,0.0000
269,-0.0002,-0.2098,14.3834,13.8223,0.0661,1,0.0000
270,-0.0004,-0.2595,14.6713,14.1088,0.2922,1,0.0000
271,-0.0004,-0.2682,14.6058,14.0431,0.0661,1,0.0000
272,-0.0006,-0.3531,14.8953,14.3308,0.3017,1,0.0000
273,-0.0006,-0.3614,14.8297,14.2651,0.0661,1,0.0000
274,-0.0009,-0.4817,15.1200,14.5539,0.3143,1,0.0000
275,-0.0009,-0.4895,15.0543,14.4881,0.0662,1,0.0000
276,-0.0013,-0.6391,15.3448,14.7783,0.3268,1,0.0391
277,-0.0013,-0.6462,15.2789,14.7124,0.0663,1,0.0462
278,-0.0015,-0.8153,15.5691,15.0040,0.3359,1,0.2153
279,-0.0015,-0.8216,15.5030,14.9381,0.0664,1,0.2216
280,-0.0017,-1.0020,15.7926,15.2314,0.3412,1,0.4020
281,-0.0017,-1.0075,15.7264,15.1653,0.0664,1,0.4075
282,-0.0019,-1.1927,16.0156,15.4604,0.3434,1,0.5927
283,-0.0019,-1.1974,15.9492,15.3943,0.0665,1,0.5974
284,-0.0019,-1.3833,16.2382,15.6912,0.3436,1,0.7833
285,-0.0019,-1.3872,16.1718,15.6251,0.0666,1,0.7872
286,-0.0018,-1.5716,16.4608,15.9239,0.3428,1,0.9716
287,-0.0018,-1.5747,16.3943,15.8577,0.0666,1,0.9747
288,-0.0016,-1.7567,16.6835,16.1585,0.3418,1,1.1567
289,-0.0016,-1.7592,16.6170,16.0922,0.0666,1,1.1592
290,-0.0014,-1.9393,16.9066,16.3949,0.3411,1,1.3393
291,-0.0014,-1.9411,16.8400,16.3287,0.0666,1,1.3411
292,-0.0012,-2.1207,17.1301,16.6333,0.3412,1,1.5207
293,-0.0012,-2.1218,17.0635,16.5670,0.0667,1,1.5218
294,-0.0009,-2.3024,17.3539,16.8735,0.3420,1,1.7024
295,-0.0009,-2.3029,17.2872,16.8072,0.0667,1,1.7029
296,-0.0007,-2.4862,17.5778,17.1156,0.3436,1,1.8862
297,-0.0007,-2.4861,17.5111,17.0493,0.0667,1,1.8861
298,-0.0005,-2.6678,17.8025,17.3596,0.3434,1,2.0678
299,-0.0005,-2.6671,17.7358,17.2933,0.0667,1,2.0671
300,0.0000,-2.8071,18.0331,17.6055,0.3286,1,2.2071
301,0.0000,-2.8060,17.9664,17.5392,0.0667,1,2.2060
302,0.0004,-2.9333,18.2661,17.8528,0.3257,1,2.3333
303,0.0004,-2.9318,18.1995,17.7866,0.0666,1,2.3318
304,0.0007,-3.0609,18.4998,18.1014,0.3269,1,2.4609
305,0.0007,-3.0590,18.4332,18.0352,0.0666,1,2.4590
306,0.0009,-3.1892,18.7338,18.3509,0.3276,1,2.5892
307,0.0009,-3.1868,18.6672,18.2847,0.0666,1,2.5868
308,0.0010,-3.3150,18.9672,18.5999,0.3262,1,2.7150
309,0.0010,-3.3121,18.9006,18.5337,0.0666,1,2.7121
310,0.0011,-3.4385,19.2001,18.8486,0.3250,1,2.8385
311,0.0011,-3.4351,19.1336,18.7824,0.0666,1,2.8351
312,0.0009,-3.5756,19.4319,19.0987,0.3298,1,2.9756
313,0.0009,-3.5716,19.3655,19.0325,0.0665,1,2.9716
314,0.0004,-3.7333,19.6625,19.3515,0.3382,1,3.1333
315,0.0004,-3.7287,19.5962,19.2853,0.0665,1,3.1287
316,-0.0002,-3.9090,19.8926,19.6074,0.3469,1,3.3090
317,-0.0002,-3.9037,19.8263,19.5412,0.0665,1,3.3037
318,-0.0007,-4.0996,20.1226,19.8668,0.3552,1,3.4996
319,-0.0007,-4.0936,20.0564,19.8007,0.0664,1,3.4936
320,-0.0013,-4.3025,20.3531,20.1301,0.3628,1,3.7025
321,-0.0013,-4.2958,20.2871,20.0640,0.0663,1,3.6958
322,-0.0018,-4.5153,20.5844,20.3973,0.3696,1,3.9153
323,-0.0018,-4.5078,20.5186,20.3313,0.0662,1,3.9078
324,-0.0021,-4.7363,20.8169,20.6686,0.3757,1,4.1363
325,-0.0021,-4.7282,20.7513,20.6027,0.0662,1,4.1282
326,-0.0024,-4.9646,21.0505,20.9440,0.3814,1,4.3646
327,-0.0024,-4.9557,20.9851,20.8781,0.0661,1,4.3557
328,-0.0025,-5.1994,21.2853,21.2233,0.3867,1,4.5994
329,-0.0025,-5.1898,21.2201,21.1575,0.0660,1,4.5898
330,-0.0022,-5.3899,21.5322,21.5060,0.3707,1,4.7899
331,-0.0022,-5.3798,21.4671,21.4403,0.0659,1,4.7798
332,-0.0013,-5.5142,21.7966,21.7915,0.3559,1,4.9142
333,-0.0013,-5.5037,21.7316,21.7259,0.0658,1,4.9037
334,-0.0001,-5.5768,22.0779,22.0798,0.3540,1,4.9768
335,-0.0001,-5.5662,22.0130,22.0141,0.0658,1,4.9662
336,0.0013,-5.5815,22.3753,22.3706,0.3626,1,4.9815
337,0.0013,-5.5709,22.3103,22.3049,0.0658,1,4.9709
338,0.0027,-5.5323,22.6871,22.6640,0.3788,1,4.9323
339,0.0027,-5.5218,22.6222,22.5983,0.0658,1,4.9218
340,0.0039,-5.4443,23.0097,22.9602,0.3952,1,4.8443
341,0.0039,-5.4340,22.9447,22.8945,0.0658,1,4.8340
342,0.0047,-5.3372,23.3385,23.2596,0.4055,1,4.7372
343,0.0046,-5.3271,23.2734,23.1938,0.0659,1,4.7271
344,0.0050,-5.2264,23.6703,23.5626,0.4095,1,4.6264
345,0.0050,-5.2165,23.6051,23.4967,0.0659,1,4.6165
346,0.0049,-5.1229,24.0033,23.8693,0.4090,1,4.5229
347,0.0049,-5.1132,23.9381,23.8034,0.0659,1,4.5132
348,0.0045,-5.0334,24.3365,24.1801,0.4064,1,4.4334
349,0.0045,-5.0240,24.2713,24.1141,0.0660,1,4.4240
350,0.0039,-4.9612,24.6699,24.4949,0.4036,1,4.3612
351,0.0039,-4.9518,24.6046,24.4290,0.0660,1,4.3518
352,0.0058,-4.8396,25.0104,24.8089,0.4210,1,4.2396
353,0.0058,-4.8305,24.9450,24.7429,0.0660,1,4.2305
354,0.0066,-4.5235,25.3694,25.1114,0.5238,1,3.9235
355,0.0066,-4.5151,25.3038,25.0453,0.0661,1,3.9151
356,0.0069,-4.2172,25.7252,25.4174,0.5161,1,3.6172
357,0.0069,-4.2096,25.6594,25.3512,0.0662,1,3.6096
358,0.0070,-3.9176,26.0787,25.7270,0.5110,1,3.3176
359,0.0070,-3.9108,26.0127,25.6607,0.0663,1,3.3108
360,0.0069,-3.6209,26.4306,26.0400,0.5087,1,3.0209
361,0.0069,-3.6095,26.3660,25.9744,0.0657,1,3.0095
362,0.0067,-3.3095,26.7860,26.3592,0.5162,1,2.7095
363,0.0067,-3.2954,26.7229,26.2950,0.0646,1,2.6954
364,0.0065,-2.9890,27.1424,26.6830,0.5194,1,2.3890
365,0.0065,-2.9756,27.0791,26.6188,0.0647,1,2.3756
366,0.0063,-2.6604,27.4978,27.0100,0.5241,1,2.0604
367,0.0063,-2.6477,27.4343,26.9457,0.0647,1,2.0477
368,0.0061,-2.3211,27.8522,27.3399,0.5304,1,1.7211
369,0.0061,-2.3091,27.7886,27.2756,0.0648,1,1.7091
370,0.0059,-1.9693,28.2054,27.6728,0.5378,1,1.3693
371,0.0059,-1.9580,28.1416,27.6085,0.0648,1,1.3580
372,0.0057,-1.6039,28.5571,28.0086,0.5459,1,1.0039
373,0.0057,-1.5934,28.4932,27.9443,0.0648,1,0.9934
374,0.0054,-1.2245,28.9069,28.3472,0.5543,1,0.6245
375,0.0054,-1.2147,28.8428,28.2829,0.0649,1,0.6147
376,0.0052,-0.8309,29.2544,28.6888,0.5628,1,0.2309
377,0.0052,-0.8219,29.1902,28.6245,0.0649,1,0.2219
378,0.0046,-0.5146,29.5993,29.0328,0.5116,1,0.0000
379,0.0046,-0.5061,29.5350,28.9685,0.0649,1,0.0000
380,0.0035,-0.3367,29.9445,29.3791,0.4432,1,0.0000
381,0.0035,-0.3286,29.8802,29.3149,0.0649,1,0.0000
382,0.0024,-0.2704,30.2924,29.7276,0.4163,1,0.0000
383,0.0024,-0.2623,30.2281,29.6634,0.0649,1,0.0000
384,0.0013,-0.2853,30.6433,30.0783,0.4158,1,0.0000
385,0.0013,-0.2772,30.5789,30.0141,0.0649,1,0.0000
386,0.0004,-0.3520,30.9967,30.4311,0.4244,1,0.0000
387,0.0004,-0.3437,30.9324,30.3668,0.0649,1,0.0000
388,-0.0004,-0.4450,31.3522,30.7860,0.4319,1,0.0000
389,-0.0003,-0.4364,31.2879,30.7217,0.0649,1,0.0000
390,-0.0008,-0.5440,31.7095,31.1430,0.4351,1,0.0000
391,-0.0008,-0.5352,31.6452,31.0787,0.0649,1,0.0000
392,0.0995,-0.6301,32.0674,31.5010,0.4442,1,0.0301
393,0.0995,-0.6212,32.0031,31.4367,0.0649,1,0.0212
394,0.2918,-0.6957,32.4249,31.8598,0.4695,1,0.0957
395,0.2917,-0.6866,32.3607,31.7956,0.0649,1,0.0866
396,0.5418,-0.7381,32.7814,32.2197,0.4921,1,0.1381
397,0.5417,-0.7289,32.7172,32.1555,0.0649,1,0.1289
398,0.8281,-0.7575,33.1364,32.5807,0.5085,1,0.1575
399,0.8279,-0.7482,33.0722,32.5165,0.0649,1,0.1482
400,1.1374,-0.7559,33.4895,32.9429,0.5196,1,0.1559
401,1.1372,-0.7465,33.4253,32.8787,0.0649,1,0.1465
402,1.4615,-0.7368,33.8405,33.3063,0.5270,1,0.1368
403,1.4612,-0.7275,33.7764,33.2422,0.0649,1,0.1275
404,1.7955,-0.7045,34.1894,33.6709,0.5319,1,0.1045
405,1.7953,-0.6952,34.1252,33.6068,0.0649,1,0.0952
406,2.1369,-0.6634,34.5360,34.0366,0.5352,1,0.0634
407,2.1366,-0.6541,34.4718,33.9725,0.0649,1,0.0541
408,2.4841,-0.6174,34.8803,34.4035,0.5376,1,0.0174
409,2.4838,-0.6081,34.8161,34.3395,0.0649,1,0.0081
410,2.8367,-0.5699,35.2221,34.7715,0.5393,1,0.0000
411,2.8364,-0.5606,35.1579,34.7075,0.0649,1,0.0000
412,3.1947,-0.5234,35.5615,35.1405,0.5409,1,0.0000
413,3.1944,-0.5142,35.4973,35.0765,0.0649,1,0.0000
414,3.5584,-0.4798,35.8982,35.5105,0.5426,1,0.0000
415,3.5581,-0.4706,35.8339,35.4466,0.0649,1,0.0000
416,3.9284,-0.4399,36.2320,35.8815,0.5446,1,0.0000
417,3.9281,-0.4307,36.1678,35.8176,0.0649,1,0.0000
418,4.3055,-0.4039,36.5628,36.2533,0.5470,1,0.0000
419,4.3052,-0.3947,36.4986,36.1896,0.0649,1,0.0000
420,4.6908,-0.3714,36.8902,36.6260,0.5501,1,0.0000
421,4.6905,-0.3623,36.8260,36.5623,0.0649,1,0.0000
422,5.0854,-0.3417,37.2139,36.9994,0.5539,1,0.0000
423,5.0851,-0.3326,37.1497,36.9358,0.0649,1,0.0000
424,5.4907,-0.3137,37.5334,37.3735,0.5587,1,0.0000
425,5.4905,-0.3047,37.4692,37.3099,0.0649,1,0.0000
426,5.9078,-0.2864,37.8482,37.7481,0.5640,1,0.0000
427,5.9075,-0.2774,37.7839,37.6847,0.0649,1,0.0000
428,6.4335,-0.2391,38.1390,38.1209,0.6357,1,0.0000
429,6.4332,-0.2301,38.0747,38.0576,0.0649,1,0.0000
430,7.0556,-0.1730,38.4037,38.4917,0.7063,1,0.0000
431,7.0554,-0.1640,38.3395,38.4286,0.0649,1,0.0000
432,7.7380,-0.0946,38.6459,38.8609,0.7515,1,0.0000
433,7.7377,-0.0857,38.5816,38.7979,0.0649,1,0.0000
434,8.4580,-0.0084,38.8679,39.2285,0.7789,1,0.0000
435,8.4576,0.0005,38.8036,39.1658,0.0649,1,0.0000
436,9.2016,0.0824,39.0712,39.5947,0.7949,1,0.0000
437,9.2013,0.0912,39.0069,39.5322,0.0649,1,0.0000
438,9.9607,0.1751,39.2569,39.9594,0.8039,1,0.0000
439,9.9603,0.1839,39.1925,39.8972,0.0650,1,0.0000
440,10.7303,0.2677,39.4255,40.3226,0.8089,1,0.0000
441,10.7299,0.2765,39.3612,40.2606,0.0650,1,0.0000
442,11.5081,0.3585,39.5774,40.6841,0.8118,1,0.0000
443,11.5076,0.3672,39.5130,40.6224,0.0650,1,0.0000
444,12.2928,0.4460,39.7123,41.0438,0.8139,1,0.0000
445,12.2924,0.4547,39.6479,40.9824,0.0650,1,0.0000
446,13.0844,0.5295,39.8300,41.4016,0.8162,1,0.0000
447,13.0840,0.5381,39.7655,41.3405,0.0650,1,0.0000
448,13.8834,0.6086,39.9298,41.7573,0.8191,1,0.0000
449,13.8829,0.6171,39.8653,41.6966,0.0650,1,0.0000
450,14.6905,0.6833,40.0109,42.1107,0.8233,1,0.0000
451,14.6901,0.6917,39.9464,42.0504,0.0651,1,0.0000
452,15.5070,0.7545,40.0722,42.4616,0.8290,1,0.0000
453,15.5066,0.7628,40.0076,42.4017,0.0651,1,0.0000
454,16.3343,0.8234,40.1122,42.8099,0.8365,1,0.0000
455,16.3339,0.8316,40.0477,42.7504,0.0651,1,0.0000
456,17.1742,0.8916,40.1293,43.1553,0.8463,1,0.0000
457,17.1737,0.8998,40.0647,43.0962,0.0651,1,0.0000
458,18.0285,0.9613,40.1213,43.4975,0.8588,1,0.0000
459,18.0281,0.9694,40.0566,43.4388,0.0652,1,0.0000
460,18.9258,1.0479,40.0713,43.8352,0.9013,1,0.0000
461,18.9254,1.0558,40.0066,43.7770,0.0652,1,0.0000
462,19.9260,1.1830,39.9410,44.1652,1.0108,1,0.0000
463,19.9256,1.1908,39.8763,44.1077,0.0652,1,0.0000
464,20.9845,1.3468,39.7469,44.4885,1.0781,1,0.0000
465,20.9840,1.3545,39.6821,44.4316,0.0652,1,0.0000
466,22.0737,1.5255,39.4994,44.8054,1.1181,1,0.0000
467,22.0733,1.5330,39.4345,44.7492,0.0653,1,0.0000
468,23.1772,1.7095,39.2053,45.1160,1.1412,1,0.0000
469,23.1768,1.7168,39.1404,45.0606,0.0653,1,0.0000
470,24.2836,1.8908,38.8697,45.4204,1.1526,1,0.0000
471,24.2831,1.8980,38.8047,45.3658,0.0654,1,0.0000
472,25.3850,2.0632,38.4969,45.7186,1.1559,1,0.0000
473,25.3845,2.0703,38.4319,45.6649,0.0654,1,0.0000
474,26.4767,2.2223,38.0898,46.0105,1.1546,1,0.0000
475,26.4763,2.2292,38.0247,45.9576,0.0654,1,0.0000
476,27.5561,2.3654,37.6501,46.2960,1.1511,1,0.0000
477,27.5557,2.3721,37.5850,46.2440,0.0655,1,0.0000
478,28.6218,2.4913,37.1790,46.5750,1.1470,1,0.0000
479,28.6214,2.4978,37.1138,46.5239,0.0655,1,0.0000
480,29.6729,2.6003,36.6769,46.8473,1.1432,1,0.0000
481,29.6725,2.6065,36.6117,46.7972,0.0656,1,0.0000
482,30.7090,2.6937,36.1439,47.1129,1.1405,1,0.0000
483,30.7087,2.6998,36.0786,47.0638,0.0656,1,0.0000
484,31.7299,2.7740,35.5796,47.3717,1.1391,1,0.0000
485,31.7296,2.7799,35.5142,47.3235,0.0657,1,0.0000
486,32.7355,2.8441,34.9832,47.6232,1.1392,1,0.0000
487,32.7352,2.8498,34.9177,47.5762,0.0657,1,0.0000
488,33.7257,2.9078,34.3538,47.8675,1.1413,1,0.0000
489,33.7255,2.9133,34.2883,47.8215,0.0658,1,0.0000
490,34.7004,2.9684,33.6904,48.1044,1.1450,1,0.0000
491,34.7001,2.9737,33.6248,48.0594,0.0658,1,0.0000
492,35.6571,3.0275,32.9943,48.3336,1.1472,1,0.0000
493,35.6568,3.0325,32.9287,48.2898,0.0658,1,0.0000
494,36.5935,3.0856,32.2675,48.5552,1.1477,1,0.0000
495,36.5933,3.0904,32.2018,48.5126,0.0659,1,0.0000
496,37.5079,3.1437,31.5115,48.7692,1.1471,1,0.0000
497,37.5077,3.1483,31.4457,48.7277,0.0659,1,0.0000
498,38.3987,3.2025,30.7274,48.9754,1.1458,1,0.0000
499,38.3986,3.2068,30.6615,48.9351,0.0660,1,0.0000
500,39.2651,3.2624,29.9162,49.1738,1.1442,1,0.0000
501,39.2649,3.2664,29.8503,49.1347,0.0660,1,0.0000
502,40.0545,3.2566,29.1664,49.3678,1.0446,1,0.0000
503,40.0544,3.2605,29.1005,49.3298,0.0661,1,0.0000
504,40.7732,3.1898,28.4806,49.5580,0.9518,1,0.0000
505,40.7731,3.1934,28.4146,49.5211,0.0661,1,0.0000
506,41.4395,3.0867,27.8365,49.7440,0.8886,1,0.0000
507,41.4395,3.0902,27.7704,49.7081,0.0662,1,0.0000
508,42.0649,2.9661,27.2199,49.9256,0.8424,1,0.0000
509,42.0648,2.9694,27.1538,49.8905,0.0662,1,0.0000
510,42.6564,2.8422,26.6214,50.1025,0.8059,1,0.0000
511,42.6564,2.8452,26.5552,50.0684,0.0662,1,0.0000
512,43.2190,2.7254,26.0350,50.2750,0.7756,1,0.0000
513,43.2190,2.7282,25.9688,50.2417,0.0663,1,0.0000
514,43.7559,2.6232,25.4569,50.4429,0.7493,1,0.0000
515,43.7560,2.6258,25.3906,50.4105,0.0663,1,0.0000
516,44.2697,2.5403,24.8843,50.6064,0.7263,1,0.0000
517,44.2697,2.5428,24.8180,50.5748,0.0663,1,0.0000
518,44.7621,2.4795,24.3154,50.7655,0.7064,1,0.0000
519,44.7622,2.4818,24.2491,50.7347,0.0664,1,0.0000
520,45.2349,2.4413,23.7490,50.9201,0.6893,1,0.0000
521,45.2350,2.4434,23.6826,50.8902,0.0664,1,0.0000
522,45.6892,2.4248,23.1839,51.0705,0.6749,1,0.0000
523,45.6893,2.4268,23.1175,51.0413,0.0664,1,0.0000
524,46.1264,2.4280,22.6193,51.2165,0.6628,1,0.0000
525,46.1265,2.4298,22.5528,51.1881,0.0664,1,0.0000
526,46.5475,2.4481,22.0542,51.3583,0.6529,1,0.0000
527,46.5476,2.4497,21.9877,51.3307,0.0665,1,0.0000
528,46.9534,2.4818,21.4878,51.4957,0.6447,1,0.0000
529,46.9535,2.4832,21.4213,51.4689,0.0665,1,0.0000
530,47.3451,2.5257,20.9191,51.6289,0.6382,1,0.0000
531,47.3452,2.5270,20.8526,51.6029,0.0665,1,0.0000
532,47.7233,2.5766,20.3471,51.7578,0.6332,1,0.0000
533,47.7234,2.5777,20.2806,51.7326,0.0665,1,0.0000
534,48.0889,2.6316,19.7708,51.8824,0.6296,1,0.0000
535,48.0890,2.6325,19.7042,51.8579,0.0666,1,0.0000
536,48.4425,2.6882,19.1887,52.0025,0.6275,1,0.0000
537,48.4427,2.6890,19.1221,51.9789,0.0666,1,0.0000
538,48.7848,2.7448,18.5996,52.1183,0.6271,1,0.0000
539,48.7850,2.7453,18.5330,52.0956,0.0666,1,0.0000
540,49.1163,2.8001,18.0017,52.2297,0.6285,1,0.0000
541,49.1165,2.8004,17.9351,52.2078,0.0666,1,0.0000
542,49.4373,2.8537,17.3933,52.3365,0.6319,1,0.0000
543,49.4376,2.8539,17.3266,52.3154,0.0667,1,0.0000
544,49.7483,2.9059,16.7723,52.4386,0.6377,1,0.0000
545,49.7486,2.9059,16.7056,52.4182,0.0667,1,0.0000
546,50.0495,2.9574,16.1362,52.5358,0.6460,1,0.0000
547,50.0497,2.9572,16.0695,52.5163,0.0667,1,0.0000
548,50.3408,3.0095,15.4824,52.6280,0.6574,1,0.0000
549,50.3411,3.0091,15.4157,52.6093,0.0667,1,0.0000
550,50.6225,3.0638,14.8078,52.7149,0.6721,1,0.0000
551,50.6228,3.0621,14.7409,52.6971,0.0669,1,0.0000
552,50.8951,3.0970,14.1101,52.7959,0.6880,1,0.0000
553,50.8971,3.0622,14.0432,52.7782,0.0755,1,0.0000
554,51.1098,2.9190,13.6648,52.8787,0.4571,0,0.0000
555,51.1104,2.9081,13.5981,52.8620,0.0676,0,0.0000
556,51.2742,2.5921,13.4530,52.9650,0.3844,0,0.0000
557,51.2750,2.5757,13.3863,52.9485,0.0687,0,0.0000
558,51.4063,2.1665,13.3872,53.0530,0.4297,0,0.0000
559,51.4072,2.1447,13.3205,53.0367,0.0702,0,0.0000
560,51.5151,1.6987,13.4130,53.1424,0.4681,0,0.0000
561,51.5160,1.6714,13.3463,53.1260,0.0721,0,0.0000
562,51.6062,1.2286,13.4970,53.2329,0.4764,0,0.0000
563,51.6070,1.1958,13.4303,53.2163,0.0743,0,0.0000
564,51.6840,0.7840,13.6184,53.3244,0.4593,0,0.0000
565,51.6846,0.7458,13.5517,53.3078,0.0769,0,0.0000
566,51.7518,0.3830,13.7645,53.4173,0.4260,0,0.0000
567,51.7523,0.3394,13.6978,53.4005,0.0797,0,0.0000
568,51.8127,0.0358,13.9275,53.5115,0.3855,0,0.0000
569,51.8130,-0.0132,13.8608,53.4945,0.0828,0,0.0000
570,51.8690,-0.2541,14.1026,53.6072,0.3459,0,0.0000
571,51.8691,-0.3085,14.0358,53.5902,0.0862,0,0.0000
572,51.9223,-0.4883,14.2869,53.7046,0.3134,0,0.0000
573,51.9223,-0.5482,14.2201,53.6875,0.0897,0,0.0000
574,51.9741,-0.6725,14.4786,53.8039,0.2915,0,0.0725
575,51.9741,-0.7378,14.4117,53.7867,0.0935,0,0.1378
576,52.0253,-0.8151,14.6766,53.9052,0.2807,0,0.2151
577,52.0252,-0.8858,14.6097,53.8880,0.0974,0,0.2858
578,52.0763,-0.9263,14.8803,54.0086,0.2783,0,0.3263
579,52.0762,-1.0025,14.8134,53.9914,0.1014,0,0.4025
580,52.1274,-0.9941,15.0893,54.1141,0.2807,1,0.3941
581,52.1274,-0.9939,15.0226,54.0962,0.0667,1,0.3939
582,52.1786,-0.9088,15.3037,54.2207,0.2981,1,0.3088
583,52.1786,-0.9086,15.2370,54.2026,0.0667,1,0.3086
584,52.2296,-0.8130,15.5228,54.3292,0.3056,1,0.2130
585,52.2296,-0.8128,15.4561,54.3109,0.0667,1,0.2128
586,52.2803,-0.7154,15.7464,54.4396,0.3103,1,0.1154
587,52.2803,-0.7152,15.6797,54.4211,0.0667,1,0.1152
588,52.3310,-0.6232,15.9742,54.5520,0.3127,1,0.0232
589,52.3310,-0.6229,15.9075,54.5333,0.0667,1,0.0229
590,52.3816,-0.5417,16.2061,54.6665,0.3135,1,0.0000
591,52.3816,-0.5415,16.1395,54.6475,0.0667,1,0.0000
592,52.4322,-0.4746,16.4418,54.7830,0.3138,1,0.0000
593,52.4322,-0.4744,16.3751,54.7637,0.0667,1,0.0000
594,52.4830,-0.4238,16.6811,54.9015,0.3142,1,0.0000
595,52.4830,-0.4236,16.6144,54.8820,0.0667,1,0.0000
596,52.5342,-0.3897,16.9237,55.0221,0.3153,1,0.0000
597,52.5342,-0.3895,16.8570,55.0024,0.0667,1,0.0000
598,52.5857,-0.3716,17.1692,55.1449,0.3170,1,0.0000
599,52.5857,-0.3714,17.1026,55.1248,0.0667,1,0.0000
600,52.6378,-0.3677,17.4175,55.2698,0.3193,1,0.0000
601,52.6378,-0.3675,17.3509,55.2495,0.0667,1,0.0000
602,52.6905,-0.3756,17.6683,55.3968,0.3218,1,0.0000
603,52.6905,-0.3754,17.6016,55.3762,0.0667,1,0.0000
604,52.7438,-0.3924,17.9211,55.5260,0.3244,1,0.0000
605,52.7438,-0.3922,17.8544,55.5052,0.0667,1,0.0000
606,52.7980,-0.4153,18.1756,55.6573,0.3265,1,0.0000
607,52.7980,-0.4151,18.1089,55.6363,0.0667,1,0.0000
608,52.8530,-0.4414,18.4315,55.7908,0.3283,1,0.0000
609,52.8530,-0.4412,18.3648,55.7695,0.0667,1,0.0000
610,52.9090,-0.4680,18.6884,55.9265,0.3295,1,0.0000
611,52.9090,-0.4678,18.6217,55.9050,0.0667,1,0.0000
612,52.9661,-0.4930,18.9458,56.0644,0.3300,1,0.0000
613,52.9661,-0.4927,18.8791,56.0426,0.0667,1,0.0000
614,53.0246,-0.5144,19.2032,56.2044,0.3301,1,0.0000
615,53.0246,-0.5141,19.1366,56.1824,0.0667,1,0.0000
616,53.0845,-0.5308,19.4602,56.3466,0.3295,1,0.0000
617,53.0845,-0.5306,19.3935,56.3243,0.0667,1,0.0000
618,53.1462,-0.5413,19.7161,56.4909,0.3285,1,0.0000
619,53.1462,-0.5411,19.6494,56.4684,0.0667,1,0.0000
620,53.2099,-0.5453,19.9701,56.6373,0.3270,1,0.0000
621,53.2099,-0.5451,19.9034,56.6145,0.0667,1,0.0000
622,53.2758,-0.5426,20.2214,56.7858,0.3248,1,0.0000
623,53.2758,-0.5424,20.1548,56.7628,0.0667,1,0.0000
624,53.3443,-0.5333,20.4696,56.9364,0.3223,1,0.0000
625,53.3443,-0.5331,20.4029,56.9131,0.0667,1,0.0000
626,53.4462,-0.4544,20.6253,57.0865,0.2570,1,0.0000
627,53.4462,-0.4542,20.5586,57.0631,0.0667,1,0.0000
628,53.5771,-0.3194,20.7008,57.2361,0.2356,1,0.0000
629,53.5771,-0.3193,20.6341,57.2127,0.0667,1,0.0000
630,53.7251,-0.1579,20.7290,57.3855,0.2386,1,0.0000
631,53.7251,-0.1577,20.6623,57.3621,0.0667,1,0.0000
632,53.8826,0.0101,20.7302,57.5350,0.2400,1,0.0000
633,53.8826,0.0103,20.6635,57.5117,0.0667,1,0.0000
634,54.0453,0.1708,20.7164,57.6845,0.2346,1,0.0000
635,54.0453,0.1710,20.6497,57.6613,0.0667,1,0.0000
636,54.2107,0.3149,20.6948,57.8341,0.2238,1,0.0000
637,54.2107,0.3151,20.6281,57.8109,0.0667,1,0.0000
638,54.3775,0.4366,20.6696,57.9838,0.2105,1,0.0000
639,54.3775,0.4368,20.6030,57.9607,0.0667,1,0.0000
640,54.5449,0.5331,20.6430,58.1334,0.1973,1,0.0000
641,54.5449,0.5333,20.5764,58.1104,0.0667,1,0.0000
642,54.7127,0.6038,20.6160,58.2830,0.1863,1,0.0000
643,54.7127,0.6040,20.5493,58.2601,0.0667,1,0.0000
644,54.8810,0.6501,20.5888,58.4326,0.1788,1,0.0000
645,54.8809,0.6503,20.5221,58.4098,0.0667,1,0.0000
646,55.0496,0.6747,20.5610,58.5821,0.1748,1,0.0000
647,55.0496,0.6749,20.4944,58.5593,0.0667,1,0.0000
648,55.2188,0.6813,20.5322,58.7314,0.1735,1,0.0000
649,55.2188,0.6815,20.4655,58.7088,0.0667,1,0.0000
650,55.3886,0.6744,20.5013,58.8805,0.1738,1,0.0000
651,55.3886,0.6746,20.4346,58.8580,0.0667,1,0.0000
652,55.5595,0.6586,20.4672,59.0295,0.1747,1,0.0000
653,55.5595,0.6588,20.4005,59.0070,0.0667,1,0.0000
654,55.7316,0.6387,20.4286,59.1781,0.1755,1,0.0000
655,55.7316,0.6389,20.3619,59.1557,0.0667,1,0.0000
656,55.9053,0.6191,20.3839,59.3263,0.1762,1,0.0000
657,55.9053,0.6193,20.3172,59.3041,0.0667,1,0.0000
658,56.0810,0.6038,20.3313,59.4741,0.1770,1,0.0000
659,56.0810,0.6040,20.2646,59.4520,0.0667,1,0.0000
660,56.2593,0.5965,20.2685,59.6214,0.1785,1,0.0000
661,56.2593,0.5967,20.2019,59.5994,0.0667,1,0.0000
662,56.4408,0.6003,20.1931,59.7679,0.1817,1,0.0000
663,56.4408,0.6005,20.1264,59.7461,0.0667,1,0.0000
664,56.6263,0.6177,20.1018,59.9136,0.1879,1,0.0000
665,56.6263,0.6179,20.0352,59.8919,0.0667,1,0.0000
666,56.8545,0.7456,19.8626,60.0548,0.3133,1,0.0000
667,56.8545,0.7458,19.7960,60.0334,0.0667,1,0.0000
668,57.2033,1.1900,19.1809,60.1823,0.8351,1,0.0000
669,57.2033,1.1902,19.1142,60.1617,0.0667,1,0.0000
670,57.6071,1.8138,18.2145,60.2980,1.1668,1,0.0000
671,57.6071,1.8139,18.1479,60.2786,0.0667,1,0.0000
672,58.0222,2.5184,17.0667,60.4032,1.3556,1,0.0000
673,58.0222,2.5185,17.0000,60.3850,0.0667,1,0.0000
674,58.4223,3.2322,15.8044,60.4982,1.4488,1,0.0000
675,58.4223,3.2323,15.7377,60.4815,0.0667,1,0.0000
676,58.7942,3.9051,14.4685,60.5831,1.4839,1,0.0000
677,58.7942,3.9052,14.4018,60.5678,0.0667,1,0.0000
678,59.1325,4.5025,13.0837,60.6577,1.4861,1,0.0000
679,59.1325,4.5026,13.0171,60.6440,0.0667,1,0.0000
680,59.4357,5.0025,11.6654,60.7220,1.4727,1,0.0000
681,59.4357,5.0026,11.5987,60.7099,0.0667,1,0.0000
682,59.7039,5.3929,10.2230,60.7758,1.4550,1,0.0000
683,59.7039,5.3930,10.1563,60.7653,0.0667,1,0.0000
684,59.9372,5.6705,8.7627,60.8190,1.4400,1,0.0000
685,59.9372,5.6706,8.6961,60.8101,0.0667,1,0.0000
686,60.1354,5.8393,7.2889,60.8515,1.4310,1,0.0000
687,60.1354,5.8394,7.2222,60.8442,0.0667,1,0.0000
688,60.2972,5.9091,5.8047,60.8732,1.4284,1,0.0000
689,60.2972,5.9092,5.7381,60.8675,0.0667,1,0.0000
690,60.4208,5.8938,4.3132,60.8840,1.4304,1,0.0000
691,60.4208,5.8939,4.2465,60.8800,0.0667,1,0.0000
692,60.5040,5.8100,2.8166,60.8841,1.4348,1,0.0000
693,60.5040,5.8101,2.7499,60.8816,0.0667,1,0.0000
694,60.5444,5.6752,1.3173,60.8733,1.4395,1,0.0000
695,60.5444,5.6752,1.2507,60.8725,0.0667,1,0.0000
696,60.5399,5.5068,-0.1825,60.8516,1.4430,1,0.0000
697,60.5399,5.5067,-0.2492,60.8525,0.0667,1,0.0000
698,60.4888,5.3205,-1.6805,60.8193,1.4443,1,0.0000
699,60.4888,5.3205,-1.7472,60.8218,0.0667,1,0.0000
700,60.3898,5.1302,-3.1744,60.7762,1.4433,1,0.0000
701,60.3898,5.1303,-3.1077,60.7721,0.0667,1,0.0000
702,60.2516,4.9439,-4.3897,60.7087,1.3028,1,0.0000
703,60.2516,4.9439,-4.3230,60.7033,0.0667,1,0.0000
704,60.0757,4.7644,-5.5841,60.6275,1.2859,1,0.0000
705,60.0757,4.7645,-5.5174,60.6207,0.0667,1,0.0000
706,59.8638,4.5951,-6.7527,60.5329,1.2647,1,0.0000
707,59.8638,4.5952,-6.6860,60.5248,0.0667,1,0.0000
708,59.6176,4.4387,-7.8926,60.4251,1.2414,1,0.0000
709,59.6176,4.4388,-7.8260,60.4158,0.0667,1,0.0000
710,59.3388,4.2968,-9.0029,60.3045,1.2178,1,0.0000
711,59.3388,4.2968,-8.9362,60.2940,0.0667,1,0.0000
712,59.0291,4.1699,-10.0834,60.1714,1.1949,1,0.0000
713,59.0291,4.1700,-10.0167,60.1597,0.0667,1,0.0000
714,58.6901,4.0580,-11.1345,60.0260,1.1734,1,0.0000
715,58.6901,4.0580,-11.0678,60.0131,0.0667,1,0.0000
716,58.3230,3.9599,-12.1572,59.8686,1.1537,1,0.0000
717,58.3230,3.9599,-12.0905,59.8545,0.0667,1,0.0000
718,57.9291,3.8742,-13.1527,59.6994,1.1361,1,0.0000
719,57.9291,3.8742,-13.0860,59.6841,0.0667,1,0.0000
720,57.5095,3.7991,-14.1223,59.5185,1.1205,1,0.0000
721,57.5095,3.7991,-14.0557,59.5021,0.0667,1,0.0000
722,57.0650,3.7329,-15.0676,59.3263,1.1072,1,0.0000
723,57.0650,3.7329,-15.0009,59.3088,0.0667,1,0.0000
724,56.5962,3.6737,-15.9900,59.1228,1.0962,1,0.0000
725,56.5962,3.6737,-15.9233,59.1042,0.0667,1,0.0000
726,56.1035,3.6201,-16.8912,58.9083,1.0874,1,0.0000
727,56.1035,3.6201,-16.8246,58.8885,0.0667,1,0.0000
728,55.5872,3.5708,-17.7730,58.6827,1.0810,1,0.0000
729,55.5872,3.5708,-17.7063,58.6619,0.0667,1,0.0000
730,55.0471,3.5248,-18.6371,58.4463,1.0770,1,0.0000
731,55.0471,3.5247,-18.5704,58.4244,0.0667,1,0.0000
732,54.4831,3.4815,-19.4852,58.1991,1.0756,1,0.0000
733,54.4831,3.4815,-19.4186,58.1762,0.0667,1,0.0000
734,53.8946,3.4407,-20.3194,57.9411,1.0768,1,0.0000
735,53.8946,3.4406,-20.2528,57.9172,0.0667,1,0.0000
736,53.2809,3.4023,-21.1417,57.6725,1.0809,1,0.0000
737,53.2809,3.4023,-21.0750,57.6474,0.0667,1,0.0000
738,52.6408,3.3665,-21.9541,57.3930,1.0880,1,0.0000
739,52.6408,3.3665,-21.8874,57.3669,0.0667,1,0.0000
740,51.9730,3.3339,-22.7588,57.1028,1.0984,1,0.0000
741,51.9730,3.3338,-22.6921,57.0756,0.0667,1,0.0000
742,51.2757,3.3048,-23.5582,56.8017,1.1123,1,0.0000
743,51.2757,3.3048,-23.4915,56.7735,0.0667,1,0.0000
744,50.5468,3.2799,-24.3547,56.4898,1.1300,1,0.0000
745,50.5468,3.2798,-24.2880,56.4604,0.0667,1,0.0000
746,49.7837,3.2597,-25.1510,56.1667,1.1521,1,0.0000
747,49.7837,3.2597,-25.0843,56.1362,0.0667,1,0.0000
748,48.9834,3.2450,-25.9498,55.8325,1.1789,1,0.0000
749,48.9834,3.2449,-25.8831,55.8008,0.0667,1,0.0000
750,48.1440,3.2342,-26.7511,55.4869,1.2075,1,0.0000
751,48.1440,3.2342,-26.6844,55.4541,0.0667,1,0.0000
752,47.6088,2.8725,-27.0372,55.1418,0.7360,1,0.0000
753,47.6088,2.8725,-26.9706,55.1085,0.0667,1,0.0000
754,47.3510,2.2325,-26.8738,54.8007,0.6967,1,0.0000
755,47.3510,2.2326,-26.8071,54.7673,0.0667,1,0.0000
756,47.2510,1.4667,-26.4404,54.4637,0.8551,1,0.0000
757,47.2509,1.4668,-26.3737,54.4307,0.0667,1,0.0000
758,47.2341,0.6734,-25.8445,54.1315,0.9539,1,0.0000
759,47.2341,0.6735,-25.7778,54.0990,0.0667,1,0.0000
760,47.2575,-0.0826,-25.1513,53.8047,0.9822,1,0.0000
761,47.2575,-0.0826,-25.0846,53.7729,0.0667,1,0.0000
762,47.2985,-0.7588,-24.4005,53.4839,0.9628,1,0.1588
763,47.2985,-0.7588,-24.3338,53.4528,0.0667,1,0.1588
764,47.3463,-1.3290,-23.6164,53.1698,0.9176,1,0.7290
765,47.3463,-1.3290,-23.5497,53.1395,0.0667,1,0.7290
766,47.3967,-1.7791,-22.8135,52.8627,0.8644,1,1.1791
767,47.3967,-1.7792,-22.7469,52.8333,0.0667,1,1.1792
768,47.4485,-2.1053,-22.0005,52.5633,0.8162,1,1.5053
769,47.4485,-2.1055,-21.9338,52.5347,0.0667,1,1.5055
770,47.5016,-2.3116,-21.1823,52.2718,0.7811,1,1.7116
771,47.5016,-2.3118,-21.1156,52.2441,0.0667,1,1.7118
772,47.5557,-2.4083,-20.3619,51.9886,0.7618,1,1.8083
773,47.5557,-2.4085,-20.2952,51.9618,0.0667,1,1.8085
774,47.6103,-2.4102,-19.5408,51.7140,0.7564,1,1.8102
775,47.6103,-2.4104,-19.4741,51.6881,0.0667,1,1.8104
776,47.6646,-2.3351,-18.7201,51.4481,0.7598,1,1.7351
777,47.6646,-2.3354,-18.6534,51.4231,0.0667,1,1.7354
778,47.7174,-2.2023,-17.9002,51.1912,0.7667,1,1.6023
779,47.7174,-2.2025,-17.8335,51.1672,0.0667,1,1.6025
780,47.7677,-2.0310,-17.0815,50.9436,0.7730,1,1.4310
781,47.7677,-2.0313,-17.0148,50.9206,0.0667,1,1.4313
782,47.8146,-1.8394,-16.2640,50.7055,0.7763,1,1.2394
783,47.8146,-1.8396,-16.1974,50.6834,0.0667,1,1.2396
784,47.8578,-1.6436,-15.4479,50.4770,0.7758,1,1.0436
785,47.8578,-1.6438,-15.3813,50.4559,0.0667,1,1.0438
786,47.8970,-1.4568,-14.6332,50.2583,0.7720,1,0.8568
787,47.8970,-1.4570,-14.5666,50.2382,0.0667,1,0.8570
788,47.9324,-1.2895,-13.8199,50.0496,0.7661,1,0.6895
789,47.9324,-1.2897,-13.7532,50.0305,0.0667,1,0.6897
790,47.9642,-1.1486,-13.0079,49.8511,0.7593,1,0.5486
791,47.9642,-1.1488,-12.9412,49.8330,0.0667,1,0.5488
792,47.9927,-1.0383,-12.1971,49.6629,0.7528,1,0.4383
793,47.9927,-1.0385,-12.1305,49.6458,0.0667,1,0.4385
794,48.0183,-0.9598,-11.3876,49.4853,0.7474,1,0.3598
795,48.0183,-0.9600,-11.3210,49.4692,0.0667,1,0.3600
796,48.0412,-0.9120,-10.5793,49.3183,0.7435,1,0.3120
797,48.0412,-0.9122,-10.5127,49.3032,0.0667,1,0.3122
798,48.0618,-0.8921,-9.7722,49.1621,0.7410,1,0.2921
799,48.0618,-0.8923,-9.7055,49.1481,0.0667,1,0.2923
800,48.0801,-0.8959,-8.9661,49.0169,0.7396,1,0.2959
801,48.0801,-0.8962,-8.8995,49.0039,0.0667,1,0.2962
802,48.0962,-0.9185,-8.1612,48.8828,0.7388,1,0.3185
803,48.0962,-0.9188,-8.0945,48.8709,0.0667,1,0.3188
804,48.1247,-0.6975,-7.2765,48.7598,0.8478,1,0.0975
805,48.1247,-0.6973,-7.2099,48.7491,0.0667,1,0.0973
806,48.1450,-0.3375,-6.4209,48.6501,0.8674,1,0.0000
807,48.1450,-0.3364,-6.3543,48.6406,0.0667,1,0.0000
808,48.1527,-0.2038,-5.6469,48.5535,0.7197,1,0.0000
809,48.1527,-0.2017,-5.5803,48.5450,0.0666,1,0.0000
810,48.1590,-0.1670,-4.8845,48.4684,0.6967,1,0.0000
811,48.1589,-0.1639,-4.8180,48.4610,0.0666,1,0.0000
812,48.1648,-0.2096,-4.1278,48.3946,0.6917,1,0.0000
813,48.1647,-0.2056,-4.0614,48.3881,0.0665,1,0.0000
814,48.1701,-0.3117,-3.3731,48.3318,0.6964,1,0.0000
815,48.1700,-0.3067,-3.3068,48.3264,0.0665,1,0.0000
816,48.1747,-0.4521,-2.6185,48.2801,0.7035,1,0.0000
817,48.1746,-0.4462,-2.5524,48.2757,0.0664,1,0.0000
818,48.1781,-0.6103,-1.8631,48.2393,0.7086,1,0.0103
819,48.1780,-0.6035,-1.7971,48.2359,0.0663,1,0.0035
820,48.1802,-0.7672,-1.1066,48.2095,0.7096,1,0.1672
821,48.1801,-0.7595,-1.0408,48.2071,0.0662,1,0.1595
822,48.1809,-0.9087,-0.3500,48.1907,0.7067,1,0.3087
823,48.1809,-0.9001,-0.2845,48.1893,0.0661,1,0.3001
824,48.1804,-1.0467,0.3972,48.1828,0.6972,1,0.4467
825,48.1803,-1.0373,0.4625,48.1824,0.0660,1,0.4373
826,48.1795,-1.1052,1.1484,48.1856,0.6893,1,0.5052
827,48.1794,-1.0953,1.2135,48.1863,0.0659,1,0.4953
828,48.1779,-1.1346,1.9001,48.1993,0.6878,1,0.5346
829,48.1779,-1.1244,1.9652,48.2010,0.0659,1,0.5244
830,48.1757,-1.1416,2.6508,48.2239,0.6858,1,0.5416
831,48.1757,-1.1519,2.5858,48.2212,0.0659,1,0.5519
832,48.1734,-1.1721,3.1393,48.2454,0.5539,1,0.5721
833,48.1734,-1.1822,3.0742,48.2421,0.0659,1,0.5822
834,48.1709,-1.1876,3.6252,48.2715,0.5511,1,0.5876
835,48.1709,-1.1975,3.5601,48.2675,0.0659,1,0.5975
836,48.1683,-1.1903,4.1088,48.3020,0.5488,1,0.5903
837,48.1683,-1.1999,4.0436,48.2973,0.0660,1,0.5999
838,48.1656,-1.1825,4.5904,48.3369,0.5471,1,0.5825
839,48.1656,-1.1919,4.5250,48.3316,0.0660,1,0.5919
840,48.1628,-1.1663,5.0703,48.3762,0.5459,1,0.5663
841,48.1628,-1.1755,5.0050,48.3703,0.0660,1,0.5755
842,48.1598,-1.1443,5.5492,48.4200,0.5451,1,0.5443
843,48.1599,-1.1533,5.4838,48.4134,0.0660,1,0.5533
844,48.1561,-1.1522,6.0282,48.4680,0.5444,1,0.5522
845,48.1562,-1.1610,5.9627,48.4608,0.0661,1,0.5610
846,48.1521,-1.1746,6.5053,48.5203,0.5427,1,0.5746
847,48.1521,-1.1830,6.4397,48.5125,0.0661,1,0.5830
848,48.1482,-1.2086,6.9747,48.5766,0.5356,1,0.6086
849,48.1483,-1.2165,6.9090,48.5681,0.0662,1,0.6165
850,48.1447,-1.2552,7.4351,48.6366,0.5275,1,0.6552
851,48.1448,-1.2625,7.3692,48.6275,0.0663,1,0.6625
852,48.1416,-1.3176,7.8869,48.7003,0.5206,1,0.7176
853,48.1416,-1.3243,7.8209,48.6905,0.0663,1,0.7243
854,48.1389,-1.3996,8.3305,48.7676,0.5152,1,0.7996
855,48.1390,-1.4054,8.2644,48.7572,0.0664,1,0.8054
856,48.1367,-1.5050,8.7660,48.8384,0.5114,1,0.9050
857,48.1367,-1.5099,8.6997,48.8275,0.0665,1,0.9099
858,48.1348,-1.6379,9.1930,48.9127,0.5097,1,1.0379
859,48.1348,-1.6417,9.1266,48.9012,0.0666,1,1.0417
860,48.1333,-1.8020,9.6111,48.9905,0.5104,1,1.2020
861,48.1333,-1.8046,9.5446,48.9783,0.0666,1,1.2046
862,48.1318,-2.0140,10.0191,49.0716,0.5187,1,1.4140
863,48.1318,-2.0152,9.9524,49.0589,0.0667,1,1.4152
864,48.1303,-2.2552,10.4181,49.1561,0.5240,1,1.6552
865,48.1303,-2.2550,10.3515,49.1427,0.0667,1,1.6550
866,48.1286,-2.5030,10.8101,49.2434,0.5214,1,1.9030
867,48.1286,-2.5014,10.7435,49.2295,0.0666,1,1.9014
868,48.1266,-2.7562,11.1954,49.3335,0.5188,1,2.1562
869,48.1266,-2.7531,11.1289,49.3191,0.0666,1,2.1531
870,48.1245,-3.0145,11.5742,49.4264,0.5164,1,2.4145
871,48.1244,-3.0101,11.5078,49.4114,0.0665,1,2.4101
872,48.1220,-3.2777,11.9468,49.5219,0.5142,1,2.6777
873,48.1220,-3.2719,11.8807,49.5064,0.0664,1,2.6719
874,48.1194,-3.5457,12.3135,49.6200,0.5122,1,2.9457
875,48.1193,-3.5386,12.2477,49.6040,0.0663,1,2.9386
876,48.1165,-3.8183,12.6746,49.7209,0.5104,1,3.2183
877,48.1165,-3.8098,12.6090,49.7044,0.0661,1,3.2098
878,48.1134,-4.0952,13.0302,49.8243,0.5088,1,3.4952
879,48.1133,-4.0854,12.9650,49.8073,0.0659,1,3.4854
880,48.1101,-4.3765,13.3807,49.9305,0.5075,1,3.7765
881,48.1101,-4.3653,13.3160,49.9130,0.0657,1,3.7653
882,48.1066,-4.6618,13.7264,50.0393,0.5063,1,4.0618
883,48.1065,-4.6495,13.6621,50.0214,0.0655,1,4.0495
884,48.1029,-4.9513,14.0675,50.1508,0.5054,1,4.3513
885,48.1028,-4.9376,14.0037,50.1324,0.0652,1,4.3376
886,48.0990,-5.2447,14.4042,50.2650,0.5047,1,4.6447
887,48.0989,-5.2298,14.3410,50.2463,0.0649,1,4.6298
888,48.0991,-5.1321,14.7844,50.3609,0.4541,1,4.5321
889,48.0990,-5.1172,14.7213,50.3417,0.0649,1,4.5172
890,48.1214,-4.6950,15.1035,50.4358,0.5699,1,4.0950
891,48.1213,-4.6816,15.0396,50.4162,0.0652,1,4.0816
892,48.1527,-4.2781,15.3690,50.5107,0.5218,1,3.6781
893,48.1526,-4.2663,15.3045,50.4909,0.0656,1,3.6663
894,48.1876,-3.8258,15.6137,50.5852,0.5393,1,3.2258
895,48.1875,-3.8156,15.5486,50.5652,0.0659,1,3.2156
896,48.2251,-3.3288,15.8395,50.6594,0.5683,1,2.7288
897,48.2251,-3.3204,15.7739,50.6392,0.0661,1,2.7204
898,48.2655,-2.7872,16.0429,50.7333,0.5986,1,2.1872
899,48.2654,-2.7807,15.9769,50.7128,0.0663,1,2.1807
900,48.3003,-2.2054,16.2507,50.8084,0.6381,1,1.6054
901,48.3003,-2.2010,16.1843,50.7878,0.0665,1,1.6010
902,48.3210,-1.5754,16.4892,50.8861,0.6962,1,0.9754
903,48.3209,-1.5733,16.4226,50.8653,0.0666,1,0.9733
904,48.3267,-0.9881,16.7503,50.9660,0.6708,1,0.3881
905,48.3267,-0.9885,16.6837,50.9449,0.0667,1,0.3885
906,48.3336,-1.5719,16.9255,51.0362,0.6316,1,0.9719
907,48.3336,-1.5732,16.8589,51.0149,0.0667,1,0.9732
908,48.2880,-1.5576,17.2542,51.0992,0.3982,1,0.9576
909,48.2880,-1.5596,17.1876,51.0775,0.0666,1,0.9596
910,48.2484,-1.3693,17.5720,51.1633,0.4308,1,0.7693
911,48.2483,-1.3722,17.5055,51.1412,0.0666,1,0.7722
912,48.2114,-1.0193,17.8820,51.2283,0.5173,1,0.4193
913,48.2113,-1.0231,17.8155,51.2059,0.0666,1,0.4231
914,48.1860,-0.7391,18.1500,51.2941,0.4395,1,0.1391
915,48.1859,-0.7438,18.0837,51.2714,0.0665,1,0.1438
916,48.1653,-0.4753,18.3988,51.3605,0.4145,1,0.0000
917,48.1653,-0.4808,18.3326,51.3375,0.0664,1,0.0000
918,48.1467,-0.2054,18.6362,51.4274,0.4103,1,0.0000
919,48.1467,-0.2118,18.5702,51.4041,0.0664,1,0.0000
920,48.1295,0.0703,18.8631,51.4942,0.4071,1,0.0000
921,48.1294,0.0630,18.7972,51.4707,0.0663,1,0.0000
922,48.1141,0.4064,19.0765,51.5616,0.4428,1,0.0000
923,48.1140,0.3982,19.0108,51.5378,0.0662,1,0.0000
924,48.0947,0.7576,19.2939,51.6299,0.4578,1,0.0000
925,48.0946,0.7487,19.2284,51.6059,0.0661,1,0.0000
926,48.0726,1.0554,19.5166,51.6993,0.4214,1,0.0000
927,48.0725,1.0461,19.4513,51.6750,0.0660,1,0.0000
928,48.0492,1.2912,19.7445,51.7696,0.3829,1,0.0000
929,48.0492,1.2816,19.6792,51.7451,0.0660,1,0.0000
930,48.0255,1.4644,19.9770,51.8408,0.3502,1,0.0000
931,48.0255,1.4548,19.9118,51.8161,0.0659,1,0.0000
932,48.0025,1.5802,20.2132,51.9132,0.3273,1,0.0000
933,48.0025,1.5705,20.1479,51.8881,0.0659,1,0.0000
934,47.9806,1.6467,20.4517,51.9866,0.3140,1,0.0000
935,47.9807,1.6371,20.3865,51.9613,0.0660,1,0.0000
936,47.9602,1.6733,20.6916,52.0611,0.3080,1,0.0000
937,47.9602,1.6639,20.6263,52.0355,0.0660,1,0.0000
938,47.9411,1.6694,20.9318,52.1368,0.3062,1,0.0000
939,47.9412,1.6601,20.8665,52.1110,0.0660,1,0.0000
940,47.9235,1.6435,21.1719,52.2137,0.3063,1,0.0000
941,47.9236,1.6343,21.1065,52.1876,0.0660,1,0.0000
942,47.9070,1.6025,21.4113,52.2918,0.3069,1,0.0000
943,47.9071,1.5934,21.3459,52.2655,0.0660,1,0.0000
944,47.8915,1.5520,21.6501,52.3712,0.3074,1,0.0000
945,47.8916,1.5431,21.5846,52.3446,0.0660,1,0.0000
946,47.8768,1.4965,21.8882,52.4518,0.3075,1,0.0000
947,47.8769,1.4876,21.8227,52.4250,0.0661,1,0.0000
948,47.8627,1.4392,22.1259,52.5338,0.3073,1,0.0000
949,47.8628,1.4303,22.0604,52.5067,0.0661,1,0.0000
950,47.8496,1.3640,22.3635,52.6170,0.3105,1,0.0000
951,47.8497,1.3552,22.2980,52.5896,0.0661,1,0.0000
952,47.8373,1.2250,22.6058,52.7016,0.3344,1,0.0000
953,47.8374,1.2163,22.5403,52.6740,0.0661,1,0.0000
954,47.8247,1.0349,22.8527,52.7877,0.3615,1,0.0000
955,47.8247,1.0265,22.7871,52.7598,0.0661,1,0.0000
956,47.8116,0.7957,23.1030,52.8751,0.3914,1,0.0000
957,47.8116,0.7878,23.0373,52.8470,0.0662,1,0.0000
958,47.7979,0.5162,23.3547,52.9640,0.4180,1,0.0000
959,47.7979,0.5089,23.2889,52.9356,0.0663,1,0.0000
960,47.7837,0.2149,23.6061,53.0543,0.4327,1,0.0000
961,47.7837,0.2083,23.5401,53.0256,0.0663,1,0.0000
962,47.7690,-0.0926,23.8558,53.1462,0.4363,1,0.0000
963,47.7690,-0.0985,23.7896,53.1172,0.0664,1,0.0000
964,47.7539,-0.3948,24.1034,53.2396,0.4318,1,0.0000
965,47.7539,-0.3999,24.0371,53.2103,0.0665,1,0.0000
966,47.7385,-0.6844,24.3489,53.3346,0.4224,1,0.0844
967,47.7385,-0.6888,24.2826,53.3050,0.0665,1,0.0888
968,47.7229,-0.9869,24.5930,53.4312,0.4306,1,0.3869
969,47.7229,-0.9906,24.5265,53.4013,0.0666,1,0.3906
970,47.7064,-1.3634,24.8338,53.5292,0.4834,1,0.7634
971,47.7064,-1.3662,24.7672,53.4991,0.0666,1,0.7662
972,47.6893,-1.7996,25.0685,53.6288,0.5281,1,1.1996
973,47.6893,-1.8013,25.0019,53.5985,0.0666,1,1.2013
974,47.6718,-2.2793,25.2951,53.7301,0.5610,1,1.6793
975,47.6718,-2.2798,25.2285,53.6995,0.0667,1,1.6798
976,47.6543,-2.7868,25.5127,53.8333,0.5815,1,2.1868
977,47.6543,-2.7860,25.4460,53.8024,0.0667,1,2.1860
978,47.6369,-3.3091,25.7211,53.9385,0.5913,1,2.7091
979,47.6369,-3.3070,25.6545,53.9074,0.0666,1,2.7070
980,47.6194,-3.8335,25.9217,54.0459,0.5907,1,3.2335
981,47.6194,-3.8300,25.8552,54.0145,0.0666,1,3.2300
982,47.6027,-4.3629,26.1134,54.1555,0.5924,1,3.7629
983,47.6027,-4.3581,26.0470,54.1239,0.0665,1,3.7581
984,47.5864,-4.8507,26.3044,54.2676,0.5560,1,4.2507
985,47.5864,-4.8448,26.2382,54.2358,0.0664,1,4.2448
986,47.5701,-5.2752,26.5019,54.3822,0.5050,1,4.6752
987,47.5702,-5.2682,26.4359,54.3502,0.0663,1,4.6682
988,47.5537,-5.6351,26.7093,54.4992,0.4578,1,5.0351
989,47.5537,-5.6273,26.6436,54.4670,0.0662,1,5.0273
990,47.5383,-5.9282,26.9272,54.6184,0.4138,1,5.3282
991,47.5383,-5.9198,26.8616,54.5860,0.0661,1,5.3198
992,47.5262,-6.1498,27.1539,54.7397,0.3721,1,5.5498
993,47.5262,-6.1409,27.0885,54.7071,0.0661,1,5.5409
994,47.5129,-6.3329,27.3928,54.8635,0.3601,1,5.7329
995,47.5130,-6.3236,27.3274,54.8306,0.0660,1,5.7236
996,47.4988,-6.5023,27.6385,54.9898,0.3590,1,5.9023
997,47.4988,-6.4926,27.5733,54.9567,0.0659,1,5.8926
998,47.4838,-6.6791,27.8868,55.1187,0.3651,1,6.0791
999,47.4839,-6.6691,27.8216,55.0854,0.0659,1,6.0691
1000,47.4678,-6.8159,28.1481,55.2501,0.3583,1,6.2159
1001,47.4678,-6.8055,28.0831,55.2166,0.0658,1,6.2055
1002,47.4513,-6.8850,28.4278,55.3840,0.3541,1,6.2850
1003,47.4513,-6.8745,28.3628,55.3502,0.0658,1,6.2745
1004,47.4345,-6.8866,28.7255,55.5201,0.3632,1,6.2866
1005,47.4345,-6.8761,28.6605,55.4861,0.0658,1,6.2761
1006,47.4175,-6.8300,29.0385,55.6587,0.3812,1,6.2300
1007,47.4176,-6.8196,28.9735,55.6244,0.0658,1,6.2196
1008,47.4004,-6.7382,29.3617,55.8000,0.3970,1,6.1382
1009,47.4004,-6.7281,29.2966,55.7654,0.0659,1,6.1281
1010,47.3830,-6.6315,29.6907,55.9442,0.4061,1,6.0315
1011,47.3831,-6.6215,29.6256,55.9093,0.0659,1,6.0215
1012,47.3655,-6.5249,30.0226,56.0915,0.4090,1,5.9249
1013,47.3655,-6.5151,29.9573,56.0563,0.0659,1,5.9151
1014,47.3476,-6.4285,30.3555,56.2420,0.4079,1,5.8285
1015,47.3477,-6.4189,30.2903,56.2065,0.0660,1,5.8189
1016,47.3296,-6.3478,30.6889,56.3959,0.4053,1,5.7478
1017,47.3297,-6.3384,30.6236,56.3601,0.0660,1,5.7384
1018,47.5943,-5.9321,30.6044,56.5325,0.4852,1,5.3321
1019,47.5943,-5.9229,30.5390,56.4970,0.0660,1,5.3229
1020,48.0892,-5.2582,30.1449,56.6494,0.9177,1,4.6582
1021,48.0892,-5.2492,30.0794,56.6145,0.0661,1,4.6492
1022,48.6942,-4.4918,29.4508,56.7501,1.1554,1,3.8918
1023,48.6940,-4.4832,29.3853,56.7161,0.0661,1,3.8832
1024,49.3371,-3.7483,28.6087,56.8369,1.2477,1,3.1483
1025,49.3369,-3.7398,28.5431,56.8039,0.0661,1,3.1398
1026,50.0013,-3.1468,27.6196,56.9077,1.2830,1,2.5468
1027,50.0010,-3.1390,27.5538,56.8759,0.0662,1,2.5390
1028,50.6308,-2.5739,26.6020,56.9668,1.2735,1,1.9739
1029,50.6306,-2.5667,26.5361,56.9363,0.0663,1,1.9667
1030,51.2248,-2.2271,25.5467,57.0143,1.2030,1,1.6271
1031,51.2245,-2.2203,25.4808,56.9851,0.0663,1,1.6203
1032,51.7748,-2.0221,24.4873,57.0513,1.1528,1,1.4221
1033,51.7746,-2.0157,24.4212,57.0233,0.0664,1,1.4157
1034,52.2796,-1.8640,23.4420,57.0793,1.1122,1,1.2640
1035,52.2795,-1.8580,23.3759,57.0525,0.0664,1,1.2580
1036,52.7421,-1.7609,22.4119,57.0990,1.0737,1,1.1609
1037,52.7420,-1.7553,22.3457,57.0735,0.0664,1,1.1553
1038,53.1646,-1.7159,21.3986,57.1113,1.0378,1,1.1159
1039,53.1645,-1.7107,21.3324,57.0869,0.0665,1,1.1107
1040,53.5492,-1.7274,20.4044,57.1168,1.0046,1,1.1274
1041,53.5491,-1.7226,20.3381,57.0936,0.0665,1,1.1226
1042,53.8977,-1.7902,19.4316,57.1163,0.9736,1,1.1902
1043,53.8976,-1.7858,19.3652,57.0942,0.0665,1,1.1858
1044,54.2120,-1.8966,18.4823,57.1104,0.9438,1,1.2966
1045,54.2120,-1.8925,18.4159,57.0895,0.0665,1,1.2925
1046,54.4940,-2.0371,17.5586,57.0998,0.9140,1,1.4371
1047,54.4940,-2.0334,17.4921,57.0800,0.0666,1,1.4334
1048,54.7455,-2.2019,16.6623,57.0852,0.8833,1,1.6019
1049,54.7456,-2.1985,16.5958,57.0664,0.0666,1,1.5985
1050,54.9686,-2.3811,15.7952,57.0670,0.8509,1,1.7811
1051,54.9687,-2.3780,15.7287,57.0492,0.0666,1,1.7780
1052,55.1653,-2.5659,14.9589,57.0458,0.8164,1,1.9659
1053,55.1654,-2.5630,14.8923,57.0290,0.0666,1,1.9630
1054,55.3377,-2.7484,14.1547,57.0221,0.7798,1,2.1484
1055,55.3378,-2.7458,14.0882,57.0063,0.0666,1,2.1458
1056,55.4879,-2.9227,13.3841,56.9965,0.7413,1,2.3227
1057,55.4880,-2.9202,13.3175,56.9815,0.0666,1,2.3202
1058,55.6180,-3.0840,12.6483,56.9693,0.7011,1,2.4840
1059,55.6180,-3.0817,12.5817,56.9552,0.0666,1,2.4817
1060,55.7298,-3.2294,11.9486,56.9410,0.6597,1,2.6294
1061,55.7299,-3.2273,11.8820,56.9277,0.0666,1,2.6273
1062,55.8253,-3.3574,11.2861,56.9121,0.6173,1,2.7574
1063,55.8254,-3.3555,11.2195,56.8995,0.0666,1,2.7555
1064,55.9062,-3.4677,10.6620,56.8828,0.5743,1,2.8677
1065,55.9063,-3.4658,10.5954,56.8710,0.0666,1,2.8658
1066,55.9740,-3.5607,10.0775,56.8535,0.5309,1,2.9607
1067,55.9741,-3.5589,10.0109,56.8424,0.0666,1,2.9589
1068,56.0303,-3.6377,9.5336,56.8246,0.4870,1,3.0377
1069,56.0303,-3.6360,9.4670,56.8141,0.0666,1,3.0360
1070,56.0762,-3.7002,9.0314,56.7962,0.4427,1,3.1002
1071,56.0763,-3.6986,8.9648,56.7863,0.0666,1,3.0986
1072,56.1131,-3.7503,8.5718,56.7688,0.3981,1,3.1503
1073,56.1132,-3.7487,8.5052,56.7594,0.0666,1,3.1487
1074,56.1419,-3.7910,8.1558,56.7424,0.3530,1,3.1910
1075,56.1420,-3.7894,8.0892,56.7335,0.0666,1,3.1894
1076,56.1635,-3.8251,7.7845,56.7173,0.3075,1,3.2251
1077,56.1636,-3.8236,7.7179,56.7088,0.0667,1,3.2236
1078,56.1780,-3.8568,7.4675,56.6940,0.2530,1,3.2568
1079,56.1781,-3.8552,7.4009,56.6859,0.0666,1,3.2552
1080,56.1893,-3.8804,7.1914,56.6735,0.2113,1,3.2804
1081,56.1894,-3.8787,7.1248,56.6658,0.0666,1,3.2787
1082,56.2003,-3.8775,6.9372,56.6551,0.1879,1,3.2775
1083,56.2004,-3.8758,6.8706,56.6477,0.0666,1,3.2758
1084,56.2125,-3.8404,6.6939,56.6383,0.1807,1,3.2404
1085,56.2126,-3.8385,6.6273,56.6311,0.0666,1,3.2385
1086,56.2263,-3.7666,6.4518,56.6222,0.1901,1,3.1666
1087,56.2264,-3.7647,6.3852,56.6153,0.0666,1,3.1647
1088,56.2398,-3.6709,6.2150,56.6062,0.1947,1,3.0709
1089,56.2399,-3.6689,6.1484,56.5996,0.0666,1,3.0689
1090,56.2520,-3.5724,5.9963,56.5917,0.1805,1,2.9724
1091,56.2521,-3.5704,5.9297,56.5853,0.0666,1,2.9704
1092,56.2637,-3.4698,5.7854,56.5781,0.1763,1,2.8698
1093,56.2638,-3.4678,5.7188,56.5720,0.0666,1,2.8678
1094,56.2752,-3.3646,5.5761,56.5654,0.1765,1,2.7646
1095,56.2753,-3.3626,5.5095,56.5595,0.0666,1,2.7626
1096,56.2865,-3.2597,5.3645,56.5533,0.1782,1,2.6597
1097,56.2866,-3.2577,5.2979,56.5476,0.0666,1,2.6577
1098,56.2973,-3.1576,5.1424,56.5408,0.1852,1,2.5576
1099,56.2973,-3.1557,5.0758,56.5355,0.0666,1,2.5557
1100,56.3056,-3.0817,4.9330,56.5292,0.1610,1,2.4817
1101,56.3056,-3.0798,4.8664,56.5241,0.0666,1,2.4798
1102,56.3123,-3.0290,4.7323,56.5185,0.1435,1,2.4290
1103,56.3124,-3.0271,4.6657,56.5136,0.0666,1,2.4271
1104,56.3182,-2.9926,4.5332,56.5084,0.1370,1,2.3926
1105,56.3182,-2.9907,4.4666,56.5038,0.0666,1,2.3907
1106,56.3235,-2.9673,4.3314,56.4989,0.1374,1,2.3673
1107,56.3236,-2.9654,4.2648,56.4945,0.0666,1,2.3654
1108,56.3286,-2.9494,4.1241,56.4897,0.1416,1,2.3494
1109,56.3286,-2.9475,4.0575,56.4856,0.0666,1,2.3475
1110,56.3332,-2.9360,3.9040,56.4804,0.1540,1,2.3360
1111,56.3333,-2.9342,3.8374,56.4764,0.0666,1,2.3342
1112,56.3362,-2.9439,3.6951,56.4717,0.1427,1,2.3439
1113,56.3363,-2.9421,3.6285,56.4680,0.0666,1,2.3421
1114,56.3382,-2.9655,3.4941,56.4639,0.1364,1,2.3655
1115,56.3383,-2.9637,3.4275,56.4604,0.0666,1,2.3637
1116,56.3399,-2.9911,3.2940,56.4566,0.1362,1,2.3911
1117,56.3400,-2.9894,3.2274,56.4534,0.0666,1,2.3894
1118,56.3415,-3.0143,3.0908,56.4497,0.1389,1,2.4143
1119,56.3416,-3.0126,3.0241,56.4468,0.0666,1,2.4126
1120,56.3432,-3.0311,2.8819,56.4432,0.1434,1,2.4311
1121,56.3433,-3.0294,2.8153,56.4405,0.0666,1,2.4294
1122,56.3449,-3.0400,2.6602,56.4366,0.1555,1,2.4400
1123,56.3450,-3.0384,2.5935,56.4341,0.0666,1,2.4384
1124,56.3457,-3.0579,2.4496,56.4307,0.1452,1,2.4579
1125,56.3457,-3.0563,2.3830,56.4285,0.0666,1,2.4563
1126,56.3460,-3.0788,2.2469,56.4256,0.1379,1,2.4788
1127,56.3461,-3.0772,2.1803,56.4236,0.0666,1,2.4772
1128,56.3463,-3.0953,2.0452,56.4210,0.1363,1,2.4953
1129,56.3464,-3.0937,1.9786,56.4192,0.0666,1,2.4937
1130,56.3467,-3.1034,1.8404,56.4167,0.1386,1,2.5034
1131,56.3468,-3.1018,1.7737,56.4152,0.0667,1,2.5018
1132,56.3471,-3.1012,1.6299,56.4127,0.1438,1,2.5012
1133,56.3472,-3.0996,1.5633,56.4115,0.0666,1,2.4996
1134,56.3475,-3.0906,1.4068,56.4088,0.1568,1,2.4906
1135,56.3475,-3.0891,1.3401,56.4078,0.0666,1,2.4891
1136,56.3472,-3.0888,1.1948,56.4057,0.1453,1,2.4888
1137,56.3473,-3.0873,1.1282,56.4050,0.0666,1,2.4873
1138,56.3466,-3.0908,0.9907,56.4033,0.1375,1,2.4908
1139,56.3466,-3.0893,0.9241,56.4028,0.0666,1,2.4893
1140,56.3458,-3.0906,0.7877,56.4013,0.1365,1,2.4906
1141,56.3458,-3.0891,0.7210,56.4010,0.0666,1,2.4891
1142,56.3448,-3.0848,0.5815,56.3996,0.1396,1,2.4848
1143,56.3448,-3.0833,0.5148,56.3996,0.0666,1,2.4833
1144,56.3435,-3.0721,0.3665,56.3981,0.1488,1,2.4721
1145,56.3436,-3.0707,0.2999,56.3984,0.0666,1,2.4707
1146,56.3419,-3.0638,0.1492,56.3973,0.1509,1,2.4638
1147,56.3419,-3.0624,0.0825,56.3978,0.0667,1,2.4624
1148,56.3398,-3.0654,-0.0550,56.3972,0.1375,1,2.4654
1149,56.3399,-3.0640,-0.1216,56.3980,0.0666,1,2.4640
1150,56.3376,-3.0687,-0.2549,56.3976,0.1334,1,2.4687
1151,56.3376,-3.0673,-0.3216,56.3986,0.0667,1,2.4673
1152,56.3350,-3.0688,-0.4561,56.3984,0.1346,1,2.4688
1153,56.3351,-3.0675,-0.5227,56.3997,0.0667,1,2.4675
1154,56.3322,-3.0632,-0.6617,56.3994,0.1391,1,2.4632
1155,56.3322,-3.0618,-0.7283,56.4009,0.0667,1,2.4618
1156,56.3287,-3.0511,-0.8737,56.4005,0.1458,1,2.4511
1157,56.3288,-3.0497,-0.9403,56.4022,0.0667,1,2.4497
1158,56.3247,-3.0330,-1.0931,56.4017,0.1538,1,2.4330
1159,56.3247,-3.0317,-1.1598,56.4036,0.0667,1,2.4317
1160,56.3196,-3.0103,-1.3207,56.4028,0.1625,1,2.4103
1161,56.3197,-3.0090,-1.3874,56.4051,0.0667,1,2.4090
1162,56.3134,-2.9847,-1.5570,56.4039,0.1714,1,2.3847
1163,56.3135,-2.9834,-1.6236,56.4065,0.0667,1,2.3834
1164,56.3059,-2.9581,-1.8021,56.4050,0.1804,1,2.3581
1165,56.3059,-2.9568,-1.8687,56.4079,0.0667,1,2.3568
1166,56.2967,-2.9322,-2.0563,56.4061,0.1894,1,2.3322
1167,56.2968,-2.9309,-2.1229,56.4092,0.0667,1,2.3309
1168,56.2859,-2.9085,-2.3196,56.4071,0.1983,1,2.3085
1169,56.2859,-2.9073,-2.3862,56.4105,0.0667,1,2.3073
1170,56.2730,-2.8883,-2.5921,56.4080,0.2072,1,2.2883
1171,56.2729,-2.8895,-2.5255,56.4044,0.0667,1,2.2895
1172,56.2593,-2.8654,-2.6039,56.3941,0.0831,1,2.2654
1173,56.2592,-2.8665,-2.5372,56.3904,0.0667,1,2.2665
1174,56.2450,-2.8295,-2.6217,56.3795,0.0933,1,2.2295
1175,56.2450,-2.8306,-2.5551,56.3757,0.0667,1,2.2306
1176,56.2302,-2.7819,-2.6468,56.3642,0.1049,1,2.1819
1177,56.2302,-2.7830,-2.5801,56.3605,0.0667,1,2.1830
1178,56.2146,-2.7243,-2.6797,56.3484,0.1166,1,2.1243
1179,56.2146,-2.7253,-2.6130,56.3446,0.0667,1,2.1253
1180,56.1981,-2.6582,-2.7207,56.3318,0.1279,1,2.0582
1181,56.1981,-2.6592,-2.6541,56.3280,0.0667,1,2.0592
1182,56.1807,-2.5853,-2.7700,56.3147,0.1386,1,1.9853
1183,56.1806,-2.5862,-2.7033,56.3108,0.0667,1,1.9862
1184,56.1621,-2.5070,-2.8274,56.2969,0.1484,1,1.9070
1185,56.1621,-2.5079,-2.7608,56.2929,0.0667,1,1.9079
1186,56.1423,-2.4248,-2.8931,56.2784,0.1575,1,1.8248
1187,56.1423,-2.4257,-2.8264,56.2744,0.0667,1,1.8257
1188,56.1211,-2.3398,-2.9668,56.2592,0.1659,1,1.7398
1189,56.1211,-2.3407,-2.9002,56.2551,0.0667,1,1.7407
1190,56.0986,-2.2530,-3.0486,56.2393,0.1738,1,1.6530
1191,56.0985,-2.2539,-2.9819,56.2350,0.0667,1,1.6539
1192,56.0745,-2.1653,-3.1383,56.2186,0.1813,1,1.5653
1193,56.0745,-2.1661,-3.0717,56.2142,0.0667,1,1.5661
1194,56.0488,-2.0771,-3.2359,56.1971,0.1886,1,1.4771
1195,56.0488,-2.0779,-3.1692,56.1926,0.0667,1,1.4779
1196,56.0215,-1.9887,-3.3413,56.1748,0.1957,1,1.3887
1197,56.0215,-1.9894,-3.2746,56.1702,0.0667,1,1.3894
1198,55.9924,-1.9003,-3.4544,56.1517,0.2027,1,1.3003
1199,55.9924,-1.9010,-3.3877,56.1469,0.0667,1,1.3010
1200,55.9615,-1.8119,-3.5751,56.1276,0.2098,1,1.2119
1201,55.9615,-1.8126,-3.5084,56.1228,0.0667,1,1.2126
1202,55.9287,-1.7233,-3.7033,56.1027,0.2169,1,1.1233
1203,55.9287,-1.7240,-3.6367,56.0977,0.0667,1,1.1240
1204,55.8940,-1.6344,-3.8391,56.0769,0.2241,1,1.0344
1205,55.8939,-1.6350,-3.7724,56.0717,0.0667,1,1.0350
1206,55.8572,-1.5448,-3.9822,56.0501,0.2313,1,0.9448
1207,55.8572,-1.5453,-3.9155,56.0447,0.0667,1,0.9453
1208,55.8183,-1.4543,-4.1326,56.0223,0.2386,1,0.8543
1209,55.8183,-1.4548,-4.0660,56.0167,0.0667,1,0.8548
1210,55.7771,-1.3626,-4.2903,55.9934,0.2460,1,0.7626
1211,55.7771,-1.3631,-4.2236,55.9877,0.0667,1,0.7631
1212,55.7337,-1.2695,-4.4551,55.9635,0.2534,1,0.6695
1213,55.7337,-1.2700,-4.3884,55.9576,0.0667,1,0.6700
1214,55.6879,-1.1749,-4.6270,55.9325,0.2608,1,0.5749
1215,55.6879,-1.1752,-4.5603,55.9263,0.0667,1,0.5752
1216,55.6396,-1.0784,-4.8058,55.9004,0.2683,1,0.4784
1217,55.6396,-1.0788,-4.7391,55.8940,0.0667,1,0.4788
1218,55.5886,-0.9802,-4.9914,55.8671,0.2757,1,0.3802
1219,55.5886,-0.9805,-4.9248,55.8605,0.0667,1,0.3805
1220,55.5350,-0.8802,-5.1839,55.8326,0.2830,1,0.2802
1221,55.5350,-0.8804,-5.1172,55.8258,0.0667,1,0.2804
1222,55.4785,-0.7783,-5.3830,55.7969,0.2903,1,0.1783
1223,55.4785,-0.7785,-5.3164,55.7898,0.0667,1,0.1785
1224,55.4190,-0.6748,-5.5888,55.7599,0.2975,1,0.0748
1225,55.4190,-0.6749,-5.5221,55.7526,0.0667,1,0.0749
1226,55.3566,-0.5704,-5.8000,55.7215,0.3034,1,0.0000
1227,55.3566,-0.5704,-5.7334,55.7139,0.0667,1,0.0000
1228,55.2912,-0.4827,-6.0146,55.6816,0.3017,1,0.0000
1229,55.2912,-0.4828,-5.9479,55.6738,0.0667,1,0.0000
1230,55.2229,-0.4191,-6.2333,55.6402,0.3003,1,0.0000
1231,55.2229,-0.4192,-6.1667,55.6321,0.0667,1,0.0000
1232,55.1516,-0.3798,-6.4567,55.5974,0.3012,1,0.0000
1233,55.1516,-0.3798,-6.3900,55.5890,0.0667,1,0.0000
1234,55.0773,-0.3629,-6.6849,55.5531,0.3046,1,0.0000
1235,55.0773,-0.3630,-6.6183,55.5445,0.0667,1,0.0000
1236,54.9999,-0.3655,-6.9182,55.5074,0.3098,1,0.0000
1237,54.9999,-0.3656,-6.8515,55.4984,0.0667,1,0.0000
1238,54.9193,-0.3836,-7.1565,55.4601,0.3160,1,0.0000
1239,54.9193,-0.3837,-7.0899,55.4509,0.0667,1,0.0000
1240,54.8354,-0.4128,-7.4000,55.4114,0.3226,1,0.0000
1241,54.8354,-0.4129,-7.3333,55.4019,0.0667,1,0.0000
1242,54.7481,-0.4489,-7.6484,55.3612,0.3290,1,0.0000
1243,54.7481,-0.4490,-7.5818,55.3513,0.0667,1,0.0000
1244,54.6572,-0.4878,-7.9019,55.3094,0.3351,1,0.0000
1245,54.6572,-0.4879,-7.8353,55.2993,0.0667,1,0.0000
1246,54.5625,-0.5259,-8.1603,55.2561,0.3407,1,0.0000
1247,54.5625,-0.5260,-8.0937,55.2456,0.0667,1,0.0000
1248,54.4641,-0.5606,-8.4236,55.2011,0.3460,1,0.0000
1249,54.4641,-0.5607,-8.3569,55.1903,0.0667,1,0.0000
1250,54.3617,-0.5896,-8.6916,55.1445,0.3512,1,0.0000
1251,54.3617,-0.5898,-8.6250,55.1333,0.0667,1,0.0000
1252,54.2554,-0.6118,-8.9644,55.0861,0.3564,1,0.0118
1253,54.2554,-0.6119,-8.8977,55.0746,0.0667,1,0.0119
1254,54.1449,-0.6264,-9.2417,55.0261,0.3616,1,0.0264
1255,54.1449,-0.6265,-9.1750,55.0143,0.0667,1,0.0265
1256,54.0302,-0.6335,-9.5235,54.9643,0.3669,1,0.0335
1257,54.0302,-0.6336,-9.4568,54.9521,0.0667,1,0.0336
1258,53.9112,-0.6334,-9.8097,54.9007,0.3724,1,0.0334
1259,53.9112,-0.6335,-9.7430,54.8882,0.0667,1,0.0335
1260,53.7878,-0.6270,-10.1002,54.8353,0.3779,1,0.0270
1261,53.7878,-0.6272,-10.0335,54.8223,0.0667,1,0.0272
1262,53.6598,-0.6156,-10.3948,54.7679,0.3835,1,0.0156
1263,53.6598,-0.6157,-10.3282,54.7546,0.0667,1,0.0157
1264,53.5271,-0.6001,-10.6936,54.6987,0.3891,1,0.0001
1265,53.5271,-0.6002,-10.6270,54.6850,0.0667,1,0.0002
1266,53.3897,-0.5820,-10.9964,54.6275,0.3946,1,0.0000
1267,53.3897,-0.5821,-10.9297,54.6134,0.0667,1,0.0000
1268,53.2474,-0.5624,-11.3030,54.5543,0.4000,1,0.0000
1269,53.2474,-0.5625,-11.2363,54.5398,0.0667,1,0.0000
1270,53.1000,-0.5423,-11.6134,54.4791,0.4053,1,0.0000
1271,53.1000,-0.5424,-11.5468,54.4642,0.0667,1,0.0000
1272,52.9475,-0.5227,-11.9275,54.4017,0.4106,1,0.0000
1273,52.9475,-0.5228,-11.8608,54.3865,0.0667,1,0.0000
1274,52.7898,-0.5042,-12.2451,54.3223,0.4158,1,0.0000
1275,52.7898,-0.5043,-12.1785,54.3066,0.0667,1,0.0000
1276,52.6267,-0.4872,-12.5662,54.2407,0.4210,1,0.0000
1277,52.6267,-0.4873,-12.4995,54.2246,0.0667,1,0.0000
1278,52.4582,-0.4721,-12.8906,54.1569,0.4261,1,0.0000
1279,52.4582,-0.4722,-12.8239,54.1404,0.0667,1,0.0000
1280,52.2840,-0.4590,-13.2182,54.0709,0.4312,1,0.0000
1281,52.2840,-0.4591,-13.1515,54.0539,0.0667,1,0.0000
1282,52.1042,-0.4478,-13.5489,53.9825,0.4363,1,0.0000
1283,52.1042,-0.4479,-13.4822,53.9651,0.0667,1,0.0000
1284,51.9185,-0.4383,-13.8825,53.8919,0.4414,1,0.0000
1285,51.9185,-0.4384,-13.8158,53.8740,0.0667,1,0.0000
1286,51.7272,-0.4309,-14.2181,53.7989,0.4456,1,0.0000
1287,51.7272,-0.4310,-14.1515,53.7806,0.0667,1,0.0000
1288,51.5306,-0.4263,-14.5539,53.7035,0.4479,1,0.0000
1289,51.5306,-0.4264,-14.4872,53.6847,0.0667,1,0.0000
1290,51.3291,-0.4248,-14.8886,53.6057,0.4491,1,0.0000
1291,51.3291,-0.4249,-14.8219,53.5865,0.0667,1,0.0000
1292,51.1230,-0.4262,-15.2214,53.5056,0.4495,1,0.0000
1293,51.1230,-0.4263,-15.1547,53.4860,0.0667,1,0.0000
1294,50.9124,-0.4298,-15.5516,53.4032,0.4493,1,0.0000
1295,50.9124,-0.4300,-15.4849,53.3831,0.0667,1,0.0000
1296,50.6975,-0.4352,-15.8789,53.2983,0.4488,1,0.0000
1297,50.6975,-0.4353,-15.8122,53.2778,0.0667,1,0.0000
1298,50.4782,-0.4414,-16.2029,53.1911,0.4480,1,0.0000
1299,50.4782,-0.4415,-16.1363,53.1701,0.0667,1,0.0000
1300,50.2549,-0.4478,-16.5235,53.0815,0.4471,1,0.0000
1301,50.2549,-0.4479,-16.4568,53.0601,0.0667,1,0.0000
1302,50.0274,-0.4538,-16.8403,52.9695,0.4459,1,0.0000
1303,50.0274,-0.4539,-16.7736,52.9476,0.0667,1,0.0000
1304,49.7960,-0.4589,-17.1533,52.8550,0.4446,1,0.0000
1305,49.7960,-0.4590,-17.0866,52.8327,0.0667,1,0.0000
1306,49.5606,-0.4628,-17.4622,52.7381,0.4433,1,0.0000
1307,49.5606,-0.4629,-17.3955,52.7154,0.0667,1,0.0000
1308,49.3214,-0.4651,-17.7669,52.6188,0.4418,1,0.0000
1309,49.3214,-0.4652,-17.7003,52.5956,0.0667,1,0.0000
1310,49.0784,-0.4658,-18.0674,52.4970,0.4402,1,0.0000
1311,49.0785,-0.4660,-18.0007,52.4734,0.0667,1,0.0000
1312,48.8318,-0.4651,-18.3634,52.3727,0.4387,1,0.0000
1313,48.8318,-0.4652,-18.2968,52.3487,0.0667,1,0.0000
1314,48.5815,-0.4629,-18.6550,52.2460,0.4370,1,0.0000
1315,48.5815,-0.4630,-18.5883,52.2215,0.0667,1,0.0000
1316,48.3276,-0.4595,-18.9419,52.1168,0.4353,1,0.0000
1317,48.3276,-0.4596,-18.8752,52.0918,0.0667,1,0.0000
1318,48.0702,-0.4552,-19.2241,51.9850,0.4335,1,0.0000
1319,48.0702,-0.4553,-19.1574,51.9596,0.0667,1,0.0000
1320,47.8095,-0.4501,-19.5015,51.8507,0.4317,1,0.0000
1321,47.8095,-0.4503,-19.4348,51.8249,0.0667,1,0.0000
1322,47.5454,-0.4446,-19.7740,51.7139,0.4299,1,0.0000
1323,47.5454,-0.4448,-19.7073,51.6877,0.0667,1,0.0000
1324,47.2780,-0.4390,-20.0416,51.5745,0.4280,1,0.0000
1325,47.2780,-0.4391,-19.9749,51.5479,0.0667,1,0.0000
1326,47.0074,-0.4333,-20.3041,51.4326,0.4262,1,0.0000
1327,47.0074,-0.4334,-20.2374,51.4056,0.0667,1,0.0000
1328,46.7337,-0.4278,-20.5615,51.2881,0.4242,1,0.0000
1329,46.7337,-0.4280,-20.4949,51.2607,0.0667,1,0.0000
1330,46.4570,-0.4227,-20.8138,51.1410,0.4223,1,0.0000
1331,46.4570,-0.4228,-20.7471,51.1132,0.0667,1,0.0000
1332,46.1772,-0.4179,-21.0609,50.9914,0.4204,1,0.0000
1333,46.1772,-0.4181,-20.9942,50.9631,0.0667,1,0.0000
1334,45.8946,-0.4136,-21.3027,50.8391,0.4184,1,0.0000
1335,45.8946,-0.4138,-21.2360,50.8104,0.0667,1,0.0000
1336,45.6090,-0.4098,-21.5393,50.6842,0.4165,1,0.0000
1337,45.6090,-0.4099,-21.4726,50.6552,0.0667,1,0.0000
1338,45.3207,-0.4064,-21.7705,50.5267,0.4146,1,0.0000
1339,45.3207,-0.4065,-21.7038,50.4973,0.0667,1,0.0000
1340,45.0296,-0.4034,-21.9964,50.3666,0.4127,1,0.0000
1341,45.0296,-0.4035,-21.9297,50.3368,0.0667,1,0.0000
1342,44.7359,-0.4007,-22.2169,50.2038,0.4108,1,0.0000
1343,44.7359,-0.4008,-22.1502,50.1736,0.0667,1,0.0000
1344,44.4394,-0.3983,-22.4320,50.0384,0.4090,1,0.0000
1345,44.4394,-0.3984,-22.3654,50.0078,0.0667,1,0.0000
1346,44.1404,-0.3960,-22.6418,49.8703,0.4072,1,0.0000
1347,44.1404,-0.3962,-22.5752,49.8394,0.0667,1,0.0000
1348,43.8389,-0.3939,-22.8463,49.6996,0.4055,1,0.0000
1349,43.8389,-0.3941,-22.7796,49.6682,0.0667,1,0.0000
1350,43.5348,-0.3919,-23.0454,49.5262,0.4039,1,0.0000
1351,43.5348,-0.3920,-22.9787,49.4945,0.0667,1,0.0000
1352,43.2282,-0.3899,-23.2391,49.3501,0.4022,1,0.0000
1353,43.2282,-0.3900,-23.1724,49.3180,0.0667,1,0.0000
1354,42.9192,-0.3878,-23.4275,49.1713,0.4007,1,0.0000
1355,42.9192,-0.3879,-23.3608,49.1388,0.0667,1,0.0000
1356,42.6077,-0.3856,-23.6106,48.9898,0.3993,1,0.0000
1357,42.6077,-0.3858,-23.5440,48.9569,0.0667,1,0.0000
1358,42.2938,-0.3834,-23.7885,48.8056,0.3979,1,0.0000
1359,42.2938,-0.3835,-23.7218,48.7724,0.0667,1,0.0000
1360,41.9775,-0.3810,-23.9612,48.6187,0.3967,1,0.0000
1361,41.9775,-0.3811,-23.8945,48.5851,0.0667,1,0.0000
1362,41.6588,-0.3785,-24.1288,48.4290,0.3955,1,0.0000
1363,41.6588,-0.3786,-24.0621,48.3950,0.0667,1,0.0000
1364,41.3377,-0.3759,-24.2913,48.2366,0.3945,1,0.0000
1365,41.3377,-0.3760,-24.2246,48.2022,0.0667,1,0.0000
1366,41.0141,-0.3731,-24.4488,48.0414,0.3937,1,0.0000
1367,41.0141,-0.3732,-24.3821,48.0067,0.0667,1,0.0000
1368,40.6881,-0.3702,-24.6014,47.8434,0.3929,1,0.0000
1369,40.6881,-0.3704,-24.5347,47.8084,0.0667,1,0.0000
1370,40.3595,-0.3672,-24.7491,47.6427,0.3924,1,0.0000
1371,40.3595,-0.3674,-24.6825,47.6073,0.0667,1,0.0000
1372,40.0284,-0.3641,-24.8922,47.4392,0.3919,1,0.0000
1373,40.0284,-0.3643,-24.8255,47.4035,0.0667,1,0.0000
1374,39.6947,-0.3609,-25.0307,47.2329,0.3917,1,0.0000
1375,39.6947,-0.3610,-24.9640,47.1968,0.0667,1,0.0000
1376,39.3583,-0.3575,-25.1647,47.0237,0.3917,1,0.0000
1377,39.3583,-0.3577,-25.0980,46.9873,0.0667,1,0.0000
1378,39.0191,-0.3541,-25.2944,46.8118,0.3919,1,0.0000
1379,39.0191,-0.3542,-25.2277,46.7750,0.0667,1,0.0000
1380,38.6770,-0.3505,-25.4199,46.5969,0.3924,1,0.0000
1381,38.6770,-0.3506,-25.3532,46.5598,0.0667,1,0.0000
1382,38.3320,-0.3467,-25.5414,46.3792,0.3931,1,0.0000
1383,38.3320,-0.3469,-25.4747,46.3417,0.0667,1,0.0000
1384,37.9837,-0.3428,-25.6591,46.1586,0.3940,1,0.0000
1385,37.9837,-0.3429,-25.5925,46.1208,0.0667,1,0.0000
1386,37.6322,-0.3387,-25.7732,45.9351,0.3953,1,0.0000
1387,37.6322,-0.3388,-25.7065,45.8969,0.0667,1,0.0000
1388,37.2772,-0.3344,-25.8838,45.7087,0.3969,1,0.0000
1389,37.2772,-0.3345,-25.8172,45.6701,0.0667,1,0.0000
1390,36.9184,-0.3298,-25.9913,45.4792,0.3988,1,0.0000
1391,36.9184,-0.3300,-25.9247,45.4403,0.0667,1,0.0000
1392,36.5646,-0.3326,-26.0841,45.2471,0.3881,1,0.0000
1393,36.5646,-0.3327,-26.0174,45.2078,0.0667,1,0.0000
1394,36.2359,-0.3586,-26.1363,45.0127,0.3505,1,0.0000
1395,36.2359,-0.3588,-26.0697,44.9732,0.0667,1,0.0000
1396,35.9234,-0.3969,-26.1613,44.7763,0.3279,1,0.0000
1397,35.9234,-0.3970,-26.0947,44.7365,0.0667,1,0.0000
1398,35.6214,-0.4394,-26.1672,44.5376,0.3135,1,0.0000
1399,35.6214,-0.4395,-26.1005,44.4977,0.0667,1,0.0000
1400,35.3265,-0.4804,-26.1587,44.2969,0.3033,1,0.0000
1401,35.3265,-0.4806,-26.0920,44.2567,0.0667,1,0.0000
1402,35.0367,-0.5163,-26.1388,44.0540,0.2958,1,0.0000
1403,35.0367,-0.5164,-26.0722,44.0136,0.0667,1,0.0000
1404,34.7506,-0.5446,-26.1096,43.8090,0.2898,1,0.0000
1405,34.7506,-0.5448,-26.0429,43.7684,0.0667,1,0.0000
1406,34.4677,-0.5646,-26.0719,43.5618,0.2851,1,0.0000
1407,34.4677,-0.5647,-26.0053,43.5211,0.0667,1,0.0000
1408,34.1873,-0.5760,-26.0267,43.3126,0.2814,1,0.0000
1409,34.1873,-0.5762,-25.9600,43.2717,0.0667,1,0.0000
1410,33.9094,-0.5797,-25.9743,43.0612,0.2784,1,0.0000
1411,33.9094,-0.5798,-25.9077,43.0201,0.0667,1,0.0000
1412,33.6336,-0.5767,-25.9152,42.8077,0.2759,1,0.0000
1413,33.6336,-0.5769,-25.8485,42.7665,0.0667,1,0.0000
1414,33.3599,-0.5685,-25.8495,42.5522,0.2738,1,0.0000
1415,33.3599,-0.5687,-25.7828,42.5109,0.0667,1,0.0000
1416,33.0882,-0.5567,-25.7774,42.2947,0.2720,1,0.0000
1417,33.0883,-0.5569,-25.7107,42.2532,0.0667,1,0.0000
1418,32.8186,-0.5428,-25.6991,42.0351,0.2703,1,0.0000
1419,32.8186,-0.5430,-25.6324,41.9935,0.0667,1,0.0000
1420,32.5509,-0.5282,-25.6148,41.7735,0.2687,1,0.0000
1421,32.5509,-0.5283,-25.5481,41.7318,0.0667,1,0.0000
1422,32.2851,-0.5139,-25.5245,41.5100,0.2672,1,0.0000
1423,32.2851,-0.5141,-25.4578,41.4681,0.0667,1,0.0000
1424,32.0211,-0.5010,-25.4285,41.2445,0.2659,1,0.0000
1425,32.0211,-0.5012,-25.3618,41.2025,0.0667,1,0.0000
1426,31.7591,-0.4901,-25.3268,40.9771,0.2647,1,0.0000
1427,31.7591,-0.4902,-25.2602,40.9350,0.0667,1,0.0000
1428,31.4987,-0.4814,-25.2197,40.7077,0.2636,1,0.0000
1429,31.4987,-0.4816,-25.1531,40.6655,0.0667,1,0.0000
1430,31.2402,-0.4752,-25.1073,40.4365,0.2627,1,0.0000
1431,31.2402,-0.4754,-25.0406,40.3942,0.0667,1,0.0000
1432,30.9833,-0.4714,-24.9897,40.1635,0.2619,1,0.0000
1433,30.9833,-0.4716,-24.9230,40.1211,0.0667,1,0.0000
1434,30.7279,-0.4697,-24.8671,39.8886,0.2614,1,0.0000
1435,30.7279,-0.4699,-24.8005,39.8461,0.0667,1,0.0000
1436,30.4741,-0.4699,-24.7398,39.6119,0.2610,1,0.0000
1437,30.4741,-0.4700,-24.6731,39.5693,0.0667,1,0.0000
1438,30.2217,-0.4714,-24.6078,39.3334,0.2608,1,0.0000
1439,30.2217,-0.4715,-24.5411,39.2907,0.0667,1,0.0000
1440,29.9705,-0.4738,-24.4713,39.0531,0.2607,1,0.0000
1441,29.9705,-0.4740,-24.4047,39.0104,0.0667,1,0.0000
1442,29.7206,-0.4768,-24.3307,38.7711,0.2607,1,0.0000
1443,29.7206,-0.4770,-24.2640,38.7284,0.0667,1,0.0000
1444,29.4717,-0.4799,-24.1860,38.4874,0.2609,1,0.0000
1445,29.4717,-0.4801,-24.1193,38.4446,0.0667,1,0.0000
1446,29.2236,-0.4827,-24.0375,38.2020,0.2612,1,0.0000
1447,29.2236,-0.4829,-23.9708,38.1591,0.0667,1,0.0000
1448,28.9763,-0.4850,-23.8854,37.9149,0.2616,1,0.0000
1449,28.9763,-0.4852,-23.8188,37.8720,0.0667,1,0.0000
1450,28.7296,-0.4866,-23.7301,37.6262,0.2622,1,0.0000
1451,28.7296,-0.4868,-23.6634,37.5832,0.0667,1,0.0000
1452,28.4832,-0.4872,-23.5716,37.3358,0.2629,1,0.0000
1453,28.4832,-0.4874,-23.5050,37.2927,0.0667,1,0.0000
1454,28.2369,-0.4868,-23.4104,37.0437,0.2638,1,0.0000
1455,28.2370,-0.4870,-23.3438,37.0006,0.0667,1,0.0000
1456,27.9906,-0.4854,-23.2468,36.7500,0.2648,1,0.0000
1457,27.9906,-0.4855,-23.1801,36.7068,0.0667,1,0.0000
1458,27.7438,-0.4828,-23.0811,36.4547,0.2659,1,0.0000
1459,27.7438,-0.4830,-23.0144,36.4115,0.0667,1,0.0000
1460,27.5237,-0.4999,-22.8832,36.1587,0.2569,1,0.0000
1461,27.5237,-0.5000,-22.8165,36.1155,0.0667,1,0.0000
1462,27.3881,-0.5780,-22.5889,35.8648,0.2762,1,0.0000
1463,27.3881,-0.5782,-22.5222,35.8218,0.0667,1,0.0000
1464,27.3030,-0.6854,-22.2360,35.5728,0.3172,1,0.0854
1465,27.3030,-0.6856,-22.1694,35.5301,0.0667,1,0.0856
1466,27.2479,-0.8004,-21.8471,35.2826,0.3466,1,0.2004
1467,27.2479,-0.8006,-21.7804,35.2403,0.0667,1,0.2006
1468,27.2106,-0.9088,-21.4354,34.9943,0.3635,1,0.3088
1469,27.2106,-0.9090,-21.3688,34.9524,0.0667,1,0.3090
1470,27.1839,-1.0014,-21.0092,34.7079,0.3723,1,0.4014
1471,27.1839,-1.0016,-20.9425,34.6665,0.0667,1,0.4016
1472,27.1639,-1.0732,-20.5731,34.4236,0.3768,1,0.4732
1473,27.1639,-1.0734,-20.5064,34.3827,0.0667,1,0.4734
1474,27.1480,-1.1222,-20.1300,34.1414,0.3799,1,0.5222
1475,27.1480,-1.1224,-20.0634,34.1010,0.0667,1,0.5224
1476,27.1349,-1.1488,-19.6818,33.8615,0.3827,1,0.5488
1477,27.1349,-1.1491,-19.6151,33.8217,0.0667,1,0.5491
1478,27.1238,-1.1551,-19.2293,33.5840,0.3860,1,0.5551
1479,27.1238,-1.1553,-19.1626,33.5448,0.0667,1,0.5553
1480,27.1141,-1.1441,-18.7732,33.3092,0.3897,1,0.5441
1481,27.1141,-1.1443,-18.7065,33.2705,0.0667,1,0.5443
1482,27.1054,-1.1198,-18.3139,33.0370,0.3935,1,0.5198
1483,27.1054,-1.1200,-18.2472,32.9990,0.0667,1,0.5200
1484,27.0974,-1.0861,-17.8515,32.7679,0.3972,1,0.4861
1485,27.0974,-1.0863,-17.7849,32.7305,0.0667,1,0.4863
1486,27.0899,-1.0471,-17.3863,32.5018,0.4006,1,0.4471
1487,27.0899,-1.0473,-17.3196,32.4651,0.0667,1,0.4473
1488,27.0828,-1.0062,-16.9182,32.2391,0.4036,1,0.4062
1489,27.0828,-1.0065,-16.8515,32.2030,0.0667,1,0.4065
1490,27.0760,-0.9667,-16.4473,31.9800,0.4062,1,0.3667
1491,27.0760,-0.9669,-16.3806,31.9445,0.0667,1,0.3669
1492,27.0694,-0.9309,-15.9736,31.7245,0.4086,1,0.3309
1493,27.0694,-0.9311,-15.9070,31.6898,0.0667,1,0.3311
1494,27.0631,-0.9006,-15.4972,31.4730,0.4109,1,0.3006
1495,27.0631,-0.9008,-15.4306,31.4390,0.0667,1,0.3008
1496,27.0569,-0.8767,-15.0182,31.2256,0.4131,1,0.2767
1497,27.0569,-0.8769,-14.9515,31.1924,0.0667,1,0.2769
1498,27.0509,-0.8598,-14.5365,30.9826,0.4154,1,0.2598
1499,27.0509,-0.8600,-14.4698,30.9502,0.0667,1,0.2600
1500,27.0451,-0.8497,-14.0522,30.7443,0.4178,1,0.2497
1501,27.0451,-0.8499,-13.9855,30.7126,0.0667,1,0.2499
1502,27.0395,-0.8459,-13.5653,30.5108,0.4203,1,0.2459
1503,27.0395,-0.8462,-13.4986,30.4799,0.0667,1,0.2462
1504,27.0341,-0.8476,-13.0758,30.2823,0.4228,1,0.2476
1505,27.0341,-0.8479,-13.0092,30.2523,0.0667,1,0.2479
1506,27.0288,-0.8538,-12.5839,30.0592,0.4254,1,0.2538
1507,27.0288,-0.8540,-12.5172,30.0301,0.0667,1,0.2540
1508,27.0237,-0.8632,-12.0894,29.8416,0.4279,1,0.2632
1509,27.0237,-0.8634,-12.0227,29.8134,0.0667,1,0.2634
1510,27.0187,-0.8747,-11.5925,29.6299,0.4304,1,0.2747
1511,27.0187,-0.8749,-11.5259,29.6026,0.0667,1,0.2749
1512,27.0139,-0.8873,-11.0932,29.4242,0.4328,1,0.2873
1513,27.0139,-0.8875,-11.0265,29.3979,0.0667,1,0.2875
1514,27.0092,-0.9000,-10.5915,29.2248,0.4352,1,0.3000
1515,27.0092,-0.9003,-10.5248,29.1995,0.0667,1,0.3003
1516,27.0047,-0.9121,-10.0874,29.0321,0.4376,1,0.3121
1517,27.0047,-0.9124,-10.0208,29.0077,0.0667,1,0.3124
1518,27.0004,-0.9230,-9.5810,28.8461,0.4399,1,0.3230
1519,27.0004,-0.9232,-9.5144,28.8228,0.0667,1,0.3232
1520,26.9962,-0.9323,-9.0723,28.6673,0.4422,1,0.3323
1521,26.9962,-0.9325,-9.0056,28.6450,0.0667,1,0.3325
1522,26.9922,-0.9397,-8.5613,28.4959,0.4444,1,0.3397
1523,26.9922,-0.9399,-8.4946,28.4746,0.0667,1,0.3399
1524,26.9884,-0.9452,-8.0480,28.3321,0.4467,1,0.3452
1525,26.9884,-0.9454,-7.9813,28.3119,0.0667,1,0.3454
1526,26.9848,-0.9488,-7.5324,28.1761,0.4489,1,0.3488
1527,26.9848,-0.9490,-7.4658,28.1571,0.0667,1,0.3490
1528,26.9813,-0.9508,-7.0147,28.0284,0.4511,1,0.3508
1529,26.9813,-0.9511,-6.9480,28.0104,0.0667,1,0.3511
1530,26.9886,-0.9761,-6.4601,27.8909,0.4886,1,0.3761
1531,26.9886,-0.9763,-6.3934,27.8742,0.0667,1,0.3763
1532,27.0039,-1.0199,-5.8731,27.7643,0.5224,1,0.4199
1533,27.0039,-1.0201,-5.8064,27.7490,0.0667,1,0.4201
1534,27.0226,-1.0711,-5.2660,27.6489,0.5431,1,0.4711
1535,27.0226,-1.0713,-5.1993,27.6350,0.0667,1,0.4713
1536,27.0420,-1.1222,-4.6464,27.5449,0.5556,1,0.5222
1537,27.0420,-1.1225,-4.5798,27.5323,0.0667,1,0.5225
1538,27.0607,-1.1686,-4.0190,27.4524,0.5630,1,0.5686
1539,27.0607,-1.1688,-3.9523,27.4413,0.0667,1,0.5688
1540,27.0779,-1.2071,-3.3863,27.3717,0.5675,1,0.6071
1541,27.0779,-1.2073,-3.3197,27.3622,0.0667,1,0.6073
1542,27.0934,-1.2364,-2.7502,27.3031,0.5704,1,0.6364
1543,27.0934,-1.2366,-2.6835,27.2950,0.0667,1,0.6366
1544,27.1068,-1.2560,-2.1115,27.2467,0.5725,1,0.6560
1545,27.1068,-1.2562,-2.0448,27.2402,0.0667,1,0.6562
1546,27.1182,-1.2665,-1.4708,27.2028,0.5742,1,0.6665
1547,27.1182,-1.2667,-1.4041,27.1979,0.0667,1,0.6667
1548,27.1275,-1.2689,-0.8285,27.1716,0.5757,1,0.6689
1549,27.1275,-1.2691,-0.7618,27.1682,0.0667,1,0.6691
1550,27.1346,-1.2646,-0.1847,27.1532,0.5772,1,0.6646
1551,27.1346,-1.2649,-0.1180,27.1514,0.0667,1,0.6649
1552,27.1397,-1.2554,0.4606,27.1478,0.5787,1,0.6554
1553,27.1397,-1.2556,0.5273,27.1476,0.0667,1,0.6556
1554,27.1426,-1.2428,1.1073,27.1556,0.5802,1,0.6428
1555,27.1426,-1.2430,1.1740,27.1570,0.0667,1,0.6430
1556,27.1433,-1.2284,1.7554,27.1766,0.5816,1,0.6284
1557,27.1433,-1.2286,1.8221,27.1796,0.0667,1,0.6286
1558,27.1419,-1.2137,2.4050,27.2110,0.5831,1,0.6137
1559,27.1419,-1.2139,2.4717,27.2156,0.0667,1,0.6139
1560,27.1383,-1.1998,3.0562,27.2589,0.5847,1,0.5998
1561,27.1383,-1.1996,2.9895,27.2529,0.0667,1,0.5996
1562,27.1334,-1.1869,3.4423,27.2917,0.4530,1,0.5869
1563,27.1334,-1.1867,3.3756,27.2848,0.0667,1,0.5867
1564,27.1272,-1.1764,3.8301,27.3289,0.4546,1,0.5764
1565,27.1272,-1.1762,3.7634,27.3210,0.0667,1,0.5762
1566,27.1197,-1.1687,4.2196,27.3706,0.4563,1,0.5687
1567,27.1197,-1.1685,4.1530,27.3618,0.0667,1,0.5685
1568,27.1109,-1.1639,4.6110,27.4168,0.4582,1,0.5639
1569,27.1109,-1.1637,4.5444,27.4070,0.0667,1,0.5637
1570,27.1008,-1.1620,5.0044,27.4675,0.4601,1,0.5620
1571,27.1008,-1.1618,4.9377,27.4568,0.0667,1,0.5618
1572,27.0893,-1.1627,5.3997,27.5229,0.4622,1,0.5627
1573,27.0893,-1.1625,5.3331,27.5112,0.0667,1,0.5625
1574,27.0765,-1.1658,5.7973,27.5829,0.4644,1,0.5658
1575,27.0765,-1.1656,5.7306,27.5703,0.0667,1,0.5656
1576,27.0623,-1.1708,6.1971,27.6477,0.4667,1,0.5708
1577,27.0623,-1.1706,6.1304,27.6342,0.0667,1,0.5706
1578,27.0466,-1.1773,6.5993,27.7173,0.4692,1,0.5773
1579,27.0466,-1.1771,6.5327,27.7029,0.0667,1,0.5771
1580,27.0295,-1.1849,7.0042,27.7918,0.4719,1,0.5849
1581,27.0295,-1.1847,6.9375,27.7764,0.0667,1,0.5847
1582,27.0109,-1.1933,7.4118,27.8711,0.4747,1,0.5933
1583,27.0109,-1.1931,7.3451,27.8548,0.0667,1,0.5931
1584,26.9907,-1.2021,7.8224,27.9555,0.4778,1,0.6021
1585,26.9907,-1.2019,7.7558,27.9383,0.0667,1,0.6019
1586,26.9688,-1.2113,8.2363,28.0449,0.4811,1,0.6113
1587,26.9688,-1.2111,8.1696,28.0267,0.0667,1,0.6111
1588,26.9451,-1.2205,8.6536,28.1393,0.4846,1,0.6205
1589,26.9451,-1.2203,8.5869,28.1202,0.0667,1,0.6203
1590,26.9497,-1.1512,8.9640,28.2331,0.3834,1,0.5512
1591,26.9497,-1.1510,8.8974,28.2134,0.0667,1,0.5510
1592,26.9814,-1.0177,9.1797,28.3259,0.3138,1,0.4177
1593,26.9814,-1.0175,9.1130,28.3057,0.0667,1,0.4175
1594,27.0299,-0.8546,9.3386,28.4188,0.2825,1,0.2546
1595,27.0299,-0.8544,9.2719,28.3983,0.0667,1,0.2544
1596,27.0885,-0.6854,9.4641,28.5124,0.2625,1,0.0854
1597,27.0885,-0.6853,9.3974,28.4917,0.0667,1,0.0853
1598,27.1532,-0.5261,9.5703,28.6071,0.2437,1,0.0000
1599,27.1532,-0.5259,9.5036,28.5862,0.0667,1,0.0000
1600,27.2217,-0.3868,9.6657,28.7030,0.2243,1,0.0000
1601,27.2217,-0.3867,9.5990,28.6819,0.0667,1,0.0000
1602,27.2929,-0.2735,9.7555,28.8001,0.2058,1,0.0000
1603,27.2929,-0.2733,9.6888,28.7789,0.0667,1,0.0000
1604,27.3662,-0.1886,9.8426,28.8985,0.1902,1,0.0000
1605,27.3662,-0.1884,9.7759,28.8772,0.0667,1,0.0000
1606,27.4414,-0.1321,9.9286,28.9982,0.1792,1,0.0000
1607,27.4414,-0.1319,9.8619,28.9767,0.0667,1,0.0000
1608,27.5182,-0.1018,10.0142,29.0991,0.1732,1,0.0000
1609,27.5182,-0.1016,9.9475,29.0775,0.0667,1,0.0000
1610,27.5967,-0.0943,10.0997,29.2012,0.1714,1,0.0000
1611,27.5967,-0.0941,10.0330,29.1795,0.0667,1,0.0000
1612,27.6767,-0.1052,10.1850,29.3045,0.1721,1,0.0000
1613,27.6767,-0.1050,10.1183,29.2827,0.0667,1,0.0000
1614,27.7582,-0.1295,10.2698,29.4090,0.1738,1,0.0000
1615,27.7582,-0.1293,10.2031,29.3871,0.0667,1,0.0000
1616,27.8412,-0.1624,10.3536,29.5146,0.1750,1,0.0000
1617,27.8412,-0.1622,10.2869,29.4925,0.0667,1,0.0000
1618,27.9258,-0.1992,10.4359,29.6212,0.1752,1,0.0000
1619,27.9258,-0.1990,10.3692,29.5990,0.0667,1,0.0000
1620,28.0122,-0.2357,10.5158,29.7288,0.1741,1,0.0000
1621,28.0122,-0.2355,10.4492,29.7066,0.0667,1,0.0000
1622,28.1005,-0.2681,10.5926,29.8373,0.1716,1,0.0000
1623,28.1004,-0.2679,10.5260,29.8150,0.0667,1,0.0000
1624,28.1909,-0.2937,10.6653,29.9467,0.1681,1,0.0000
1625,28.1909,-0.2935,10.5986,29.9243,0.0667,1,0.0000
1626,28.3008,-0.2680,10.6749,30.0537,0.1362,1,0.0000
1627,28.3008,-0.2678,10.6083,30.0313,0.0667,1,0.0000
1628,28.4651,-0.1010,10.4920,30.1501,0.2615,1,0.0000
1629,28.4651,-0.1008,10.4253,30.1282,0.0667,1,0.0000
1630,28.6567,0.1428,10.1892,30.2383,0.3896,1,0.0000
1631,28.6567,0.1429,10.1225,30.2171,0.0667,1,0.0000
1632,28.8576,0.4177,9.8125,30.3197,0.4604,1,0.0000
1633,28.8576,0.4178,9.7458,30.2994,0.0667,1,0.0000
1634,29.0572,0.6916,9.3911,30.3950,0.4906,1,0.0000
1635,29.0571,0.6917,9.3244,30.3757,0.0667,1,0.0000
1636,29.2498,0.9423,8.9435,30.4647,0.4950,1,0.0000
1637,29.2498,0.9423,8.8768,30.4464,0.0667,1,0.0000
1638,29.4330,1.1552,8.4814,30.5290,0.4850,1,0.0000
1639,29.4330,1.1552,8.4147,30.5118,0.0667,1,0.0000
1640,29.6059,1.3221,8.0119,30.5881,0.4691,1,0.0000
1641,29.6059,1.3222,7.9452,30.5720,0.0667,1,0.0000
1642,29.7684,1.4398,7.5393,30.6420,0.4527,1,0.0000
1643,29.7684,1.4399,7.4727,30.6269,0.0667,1,0.0000
1644,29.9205,1.5092,7.0664,30.6908,0.4393,1,0.0000
1645,29.9205,1.5093,6.9997,30.6768,0.0667,1,0.0000
1646,30.0620,1.5344,6.5944,30.7345,0.4300,1,0.0000
1647,30.0620,1.5345,6.5278,30.7215,0.0667,1,0.0000
1648,30.1927,1.5216,6.1242,30.7731,0.4244,1,0.0000
1649,30.1927,1.5217,6.0575,30.7611,0.0667,1,0.0000
1650,30.3123,1.4785,5.6559,30.8067,0.4212,1,0.0000
1651,30.3123,1.4785,5.5892,30.7957,0.0667,1,0.0000
1652,30.4201,1.4134,5.1896,30.8351,0.4190,1,0.0000
1653,30.4201,1.4135,5.1229,30.8252,0.0667,1,0.0000
1654,30.5158,1.3349,4.7249,30.8585,0.4168,1,0.0000
1655,30.5158,1.3349,4.6583,30.8496,0.0667,1,0.0000
1656,30.5991,1.2507,4.2616,30.8768,0.4140,1,0.0000
1657,30.5991,1.2507,4.1949,30.8689,0.0667,1,0.0000
1658,30.6696,1.1678,3.7989,30.8901,0.4107,1,0.0000
1659,30.6696,1.1678,3.7322,30.8832,0.0667,1,0.0000
1660,30.7273,1.0918,3.3362,30.8982,0.4073,1,0.0000
1661,30.7273,1.0918,3.2696,30.8922,0.0667,1,0.0000
1662,30.7719,1.0272,2.8728,30.9011,0.4045,1,0.0000
1663,30.7719,1.0272,2.8061,30.8962,0.0667,1,0.0000
1664,30.8036,0.9770,2.4075,30.8988,0.4030,1,0.0000
1665,30.8036,0.9770,2.3408,30.8949,0.0667,1,0.0000
1666,30.8221,0.9427,1.9395,30.8912,0.4033,1,0.0000
1667,30.8221,0.9427,1.8728,30.8883,0.0667,1,0.0000
1668,30.8274,0.9249,1.4674,30.8782,0.4058,1,0.0000
1669,30.8274,0.9249,1.4008,30.8763,0.0667,1,0.0000
1670,30.8193,0.9231,0.9901,30.8598,0.4107,1,0.0000
1671,30.8193,0.9231,0.9234,30.8589,0.0667,1,0.0000
1672,30.7975,0.9362,0.5060,30.8358,0.4182,1,0.0000
1673,30.7975,0.9362,0.4394,30.8360,0.0667,1,0.0000
1674,30.7615,0.9624,0.0136,30.8060,0.4281,1,0.0000
1675,30.7615,0.9624,-0.0530,30.8073,0.0667,1,0.0000
1676,30.7108,0.9991,-0.4880,30.7704,0.4394,1,0.0000
1677,30.7108,0.9992,-0.5546,30.7728,0.0667,1,0.0000
1678,30.6589,0.9698,-0.8930,30.7337,0.3436,1,0.0000
1679,30.6589,0.9699,-0.9596,30.7369,0.0667,1,0.0000
1680,30.6096,0.8797,-1.2049,30.6964,0.2659,1,0.0000
1681,30.6095,0.8797,-1.2716,30.7003,0.0667,1,0.0000
1682,30.5614,0.7550,-1.4543,30.6580,0.2264,1,0.0000
1683,30.5614,0.7551,-1.5209,30.6625,0.0667,1,0.0000
1684,30.5131,0.6148,-1.6602,30.6183,0.2035,1,0.0000
1685,30.5131,0.6148,-1.7269,30.6232,0.0667,1,0.0000
1686,30.4638,0.4725,-1.8346,30.5771,0.1852,1,0.0000
1687,30.4638,0.4726,-1.9013,30.5824,0.0667,1,0.0000
1688,30.4132,0.3380,-1.9852,30.5344,0.1664,1,0.0000
1689,30.4132,0.3381,-2.0518,30.5401,0.0667,1,0.0000
1690,30.3612,0.2178,-2.1165,30.4905,0.1462,1,0.0000
1691,30.3612,0.2179,-2.1832,30.4964,0.0667,1,0.0000
1692,30.3079,0.1159,-2.2319,30.4453,0.1249,1,0.0000
1693,30.3079,0.1160,-2.2986,30.4515,0.0667,1,0.0000
1694,30.2537,0.0342,-2.3333,30.3990,0.1041,1,0.0000
1695,30.2537,0.0343,-2.4000,30.4054,0.0667,1,0.0000
1696,30.1987,-0.0272,-2.4221,30.3517,0.0854,1,0.0000
1697,30.1987,-0.0271,-2.4888,30.3583,0.0667,1,0.0000
1698,30.1433,-0.0695,-2.4993,30.3035,0.0705,1,0.0000
1699,30.1433,-0.0693,-2.5660,30.3103,0.0667,1,0.0000
1700,30.0896,-0.0949,-2.4324,30.2429,0.1463,1,0.0000
1701,30.0896,-0.0950,-2.3657,30.2363,0.0667,1,0.0000
1702,30.0395,-0.1062,-2.2219,30.1727,0.1527,1,0.0000
1703,30.0395,-0.1064,-2.1552,30.1666,0.0667,1,0.0000
1704,29.9931,-0.1064,-2.0018,30.1069,0.1603,1,0.0000
1705,29.9931,-0.1066,-1.9351,30.1013,0.0667,1,0.0000
1706,29.9504,-0.0987,-1.7725,30.0457,0.1683,1,0.0000
1707,29.9504,-0.0988,-1.7058,30.0406,0.0667,1,0.0000
1708,29.9114,-0.0859,-1.5344,29.9895,0.1762,1,0.0000
1709,29.9114,-0.0860,-1.4678,29.9849,0.0667,1,0.0000
1710,29.8761,-0.0708,-1.2881,29.9383,0.1837,1,0.0000
1711,29.8761,-0.0710,-1.2215,29.9342,0.0667,1,0.0000
1712,29.8446,-0.0557,-1.0339,29.8924,0.1908,1,0.0000
1713,29.8446,-0.0559,-0.9673,29.8889,0.0667,1,0.0000
1714,29.8189,-0.1802,-0.8161,29.8539,0.1974,1,0.0000
1715,29.8189,-0.1801,-0.7495,29.8509,0.0667,1,0.0000
1716,29.7980,-0.5136,-0.6470,29.8228,0.3495,1,0.0000
1717,29.7980,-0.5128,-0.5803,29.8202,0.0667,1,0.0000
1718,29.7775,-0.7859,-0.4391,29.7951,0.3081,1,0.1859
1719,29.7775,-0.7846,-0.3725,29.7929,0.0667,1,0.1846
1720,29.7591,-0.9589,-0.1991,29.7712,0.2465,1,0.3589
1721,29.7591,-0.9568,-0.1325,29.7695,0.0666,1,0.3568
1722,29.7441,-1.0408,0.0620,29.7517,0.2124,1,0.4408
1723,29.7441,-1.0381,0.1285,29.7506,0.0666,1,0.4381
1724,29.7329,-1.0442,0.3369,29.7371,0.2088,1,0.4442
1725,29.7329,-1.0407,0.4034,29.7366,0.0666,1,0.4407
1726,29.7253,-0.9835,0.6210,29.7279,0.2252,1,0.3835
1727,29.7253,-0.9792,0.6874,29.7280,0.0665,1,0.3792
1728,29.7209,-0.8738,0.9114,29.7242,0.2475,1,0.2738
1729,29.7209,-0.8687,0.9776,29.7250,0.0665,1,0.2687
1730,29.7192,-0.7300,1.2059,29.7263,0.2671,1,0.1300
1731,29.7191,-0.7241,1.2720,29.7277,0.0664,1,0.1241
1732,29.7197,-0.5656,1.5033,29.7344,0.2804,1,0.0000
1733,29.7195,-0.5589,1.5693,29.7365,0.0663,1,0.0000
1734,29.7222,-0.3923,1.8029,29.7487,0.2869,1,0.0000
1735,29.7221,-0.3848,1.8687,29.7513,0.0662,1,0.0000
1736,29.7285,-0.2906,2.0900,29.7691,0.2407,1,0.0000
1737,29.7282,-0.2824,2.1557,29.7724,0.0662,1,0.0000
1738,29.7382,-0.2318,2.3753,29.7954,0.2255,1,0.0000
1739,29.7380,-0.2230,2.4407,29.7993,0.0661,1,0.0000
1740,29.7501,-0.1404,2.6664,29.8277,0.2407,1,0.0000
1741,29.7504,-0.1497,2.6011,29.8233,0.0660,1,0.0000
1742,29.7630,-0.0938,2.7024,29.8438,0.1164,1,0.0000
1743,29.7633,-0.1035,2.6371,29.8394,0.0659,1,0.0000
1744,29.7760,-0.0588,2.7434,29.8604,0.1159,1,0.0000
1745,29.7764,-0.0687,2.6782,29.8558,0.0659,1,0.0000
1746,29.7892,-0.0358,2.7879,29.8772,0.1153,1,0.0000
1747,29.7896,-0.0456,2.7227,29.8727,0.0659,1,0.0000
1748,29.8028,-0.0239,2.8347,29.8945,0.1148,1,0.0000
1749,29.8032,-0.0336,2.7695,29.8898,0.0659,1,0.0000
1750,29.8167,-0.0214,2.8822,29.9120,0.1142,1,0.0000
1751,29.8171,-0.0309,2.8170,29.9073,0.0660,1,0.0000
1752,29.8310,-0.0265,2.9293,29.9299,0.1133,1,0.0000
1753,29.8314,-0.0358,2.8640,29.9251,0.0660,1,0.0000
1754,29.8458,-0.0371,2.9747,29.9481,0.1116,1,0.0000
1755,29.8463,-0.0462,2.9093,29.9432,0.0660,1,0.0000
1756,29.8611,-0.0512,3.0172,29.9665,0.1090,1,0.0000
1757,29.8615,-0.0603,2.9518,29.9615,0.0660,1,0.0000
1758,29.8769,-0.0673,3.0557,29.9851,0.1053,1,0.0000
1759,29.8774,-0.0762,2.9902,29.9801,0.0661,1,0.0000
1760,29.8932,-0.0840,3.0894,30.0039,0.1008,1,0.0000
1761,29.8937,-0.0928,3.0239,29.9988,0.0661,1,0.0000
1762,29.9063,-0.2354,3.2600,30.0296,0.2761,1,0.0000
1763,29.9067,-0.2441,3.1945,30.0241,0.0661,1,0.0000
1764,29.9141,-0.4656,3.5428,30.0621,0.4128,1,0.0000
1765,29.9145,-0.4741,3.4772,30.0560,0.0661,1,0.0000
1766,29.9168,-0.7135,3.8732,30.0992,0.4627,1,0.1135
1767,29.9171,-0.7216,3.8075,30.0923,0.0662,1,0.1216
1768,29.9141,-0.9726,4.2372,30.1408,0.4976,1,0.3726
1769,29.9144,-0.9803,4.1714,30.1332,0.0662,1,0.3803
1770,29.9086,-1.2263,4.6029,30.1862,0.4967,1,0.6263
1771,29.9087,-1.2333,4.5370,30.1778,0.0663,1,0.6333
1772,29.9014,-1.4679,4.9609,30.2351,0.4846,1,0.8679
1773,29.9015,-1.4742,4.8949,30.2258,0.0664,1,0.8742
1774,29.8934,-1.6962,5.3107,30.2874,0.4715,1,1.0962
1775,29.8934,-1.7016,5.2445,30.2773,0.0664,1,1.1016
1776,29.8851,-1.9110,5.6520,30.3431,0.4583,1,1.3110
1777,29.8851,-1.9154,5.5856,30.3322,0.0665,1,1.3154
1778,29.8772,-2.1134,5.9846,30.4022,0.4455,1,1.5134
1779,29.8772,-2.1165,5.9181,30.3906,0.0666,1,1.5165
1780,29.8627,-2.3302,6.3501,30.4668,0.4822,1,1.7302
1781,29.8627,-2.3321,6.2835,30.4544,0.0666,1,1.7321
1782,29.8427,-2.5368,6.7469,30.5375,0.5071,1,1.9368
1783,29.8427,-2.5375,6.6803,30.5241,0.0667,1,1.9375
1784,29.8188,-2.7309,7.1620,30.6138,0.5197,1,2.1309
1785,29.8188,-2.7306,7.0954,30.5995,0.0667,1,2.1306
1786,29.7899,-2.9385,7.5889,30.6956,0.5363,1,2.3385
1787,29.7899,-2.9373,7.5222,30.6804,0.0667,1,2.3373
1788,29.7526,-3.1944,8.0248,30.7827,0.5657,1,2.5944
1789,29.7526,-3.1925,7.9581,30.7665,0.0666,1,2.5925
1790,29.7079,-3.4813,8.4630,30.8743,0.5833,1,2.8813
1791,29.7080,-3.4787,8.3964,30.8571,0.0666,1,2.8787
1792,29.6544,-3.7787,8.9092,30.9692,0.5965,1,3.1787
1793,29.6545,-3.7754,8.8427,30.9511,0.0666,1,3.1754
1794,29.5912,-4.0818,9.3648,31.0673,0.6086,1,3.4818
1795,29.5914,-4.0778,9.2983,31.0483,0.0665,1,3.4778
1796,29.5198,-4.3759,9.8290,31.1685,0.6129,1,3.7759
1797,29.5200,-4.3711,9.7627,31.1485,0.0665,1,3.7711
1798,29.4518,-4.6403,10.2779,31.2738,0.5853,1,4.0403
1799,29.4521,-4.6349,10.2117,31.2529,0.0664,1,4.0349
1800,29.3957,-4.8411,10.7075,31.3838,0.5399,1,4.2411
1801,29.3960,-4.8350,10.6414,31.3620,0.0664,1,4.2350
1802,29.3498,-4.9680,11.1348,31.4990,0.5131,1,4.3680
1803,29.3501,-4.9612,11.0688,31.4763,0.0663,1,4.3612
1804,29.3144,-5.0133,11.5657,31.6196,0.5009,1,4.4133
1805,29.3148,-5.0059,11.4999,31.5961,0.0662,1,4.4059
1806,29.2895,-4.9859,11.9990,31.7462,0.5001,1,4.3859
1807,29.2899,-4.9778,11.9333,31.7218,0.0662,1,4.3778
1808,29.2687,-4.9564,12.4268,31.8796,0.4944,1,4.3564
1809,29.2691,-4.9476,12.3613,31.8544,0.0661,1,4.3476
1810,29.2469,-4.9566,12.8507,32.0198,0.4900,1,4.3566
1811,29.2472,-4.9471,12.7854,31.9938,0.0660,1,4.3471
1812,29.2212,-4.9706,13.2819,32.1663,0.4977,1,4.3706
1813,29.2215,-4.9606,13.2168,32.1395,0.0659,1,4.3606
1814,29.1943,-4.9578,13.7263,32.3185,0.5102,1,4.3578
1815,29.1946,-4.9475,13.6613,32.2909,0.0658,1,4.3475
1816,29.1653,-4.9170,14.1845,32.4763,0.5250,1,4.3170
1817,29.1656,-4.9065,14.1196,32.4479,0.0658,1,4.3065
1818,29.1337,-4.8480,14.6562,32.6396,0.5407,1,4.2480
1819,29.1339,-4.8376,14.5912,32.6104,0.0658,1,4.2376
1820,29.0991,-4.7600,15.1379,32.8084,0.5533,1,4.1600
1821,29.0993,-4.7497,15.0729,32.7785,0.0658,1,4.1497
1822,29.0613,-4.6656,15.6259,32.9830,0.5606,1,4.0656
1823,29.0615,-4.6555,15.5608,32.9523,0.0659,1,4.0555
1824,29.0206,-4.5750,16.1171,33.1636,0.5635,1,3.9750
1825,29.0208,-4.5651,16.0519,33.1320,0.0659,1,3.9651
1826,28.9772,-4.4955,16.6093,33.3501,0.5635,1,3.8955
1827,28.9774,-4.4859,16.5441,33.3178,0.0659,1,3.8859
1828,28.9315,-4.4315,17.1016,33.5429,0.5620,1,3.8315
1829,28.9317,-4.4220,17.0363,33.5098,0.0660,1,3.8220
1830,28.8753,-4.1396,17.6486,33.7359,0.6766,1,3.5396
1831,28.8754,-4.1305,17.5831,33.7020,0.0660,1,3.5305
1832,28.8180,-3.6109,18.2190,33.9287,0.8232,1,3.0109
1833,28.8180,-3.6026,18.1534,33.8938,0.0661,1,3.0026
1834,28.7791,-3.1978,18.7218,34.1263,0.6989,1,2.5978
1835,28.7791,-3.1904,18.6559,34.0907,0.0663,1,2.5904
1836,28.7355,-2.8599,19.2139,34.3302,0.6500,1,2.2599
1837,28.7354,-2.8534,19.1479,34.2939,0.0663,1,2.2534
1838,28.6878,-2.5838,19.6998,34.5400,0.6161,1,1.9838
1839,28.6878,-2.5782,19.6336,34.5030,0.0664,1,1.9782
1840,28.6371,-2.3540,20.1825,34.7556,0.5951,1,1.7540
1841,28.6371,-2.3492,20.1162,34.7179,0.0665,1,1.7492
1842,28.5842,-2.1539,20.6636,34.9766,0.5837,1,1.5539
1843,28.5841,-2.1500,20.5972,34.9383,0.0666,1,1.5500
1844,28.5296,-1.9679,21.1442,35.2030,0.5790,1,1.3679
1845,28.5296,-1.9649,21.0776,35.1640,0.0666,1,1.3649
1846,28.4742,-1.7818,21.6244,35.4346,0.5792,1,1.1818
1847,28.4742,-1.7796,21.5578,35.3950,0.0666,1,1.1796
1848,28.4183,-1.5836,22.1042,35.6713,0.5832,1,0.9836
1849,28.4183,-1.5822,22.0376,35.6311,0.0667,1,0.9822
1850,28.3624,-1.3636,22.5833,35.9131,0.5905,1,0.7636
1851,28.3625,-1.3631,22.5166,35.8722,0.0667,1,0.7631
1852,28.3067,-1.1120,23.0610,36.1598,0.6021,1,0.5120
1853,28.3067,-1.1124,22.9943,36.1183,0.0667,1,0.5124
1854,28.2486,-0.9354,23.5377,36.4111,0.5744,1,0.3354
1855,28.2486,-0.9363,23.4710,36.3691,0.0667,1,0.3363
1856,28.1881,-0.8581,24.0154,36.6672,0.5532,1,0.2581
1857,28.1881,-0.8592,23.9487,36.6246,0.0667,1,0.2592
1858,28.1255,-0.8573,24.4947,36.9279,0.5496,1,0.2573
1859,28.1255,-0.8584,24.4281,36.8847,0.0667,1,0.2584
1860,28.0610,-0.9088,24.9759,37.1932,0.5539,1,0.3088
1861,28.0610,-0.9098,24.9093,37.1495,0.0667,1,0.3098
1862,27.9947,-0.9900,25.4589,37.4631,0.5594,1,0.3900
1863,27.9947,-0.9908,25.3923,37.4188,0.0667,1,0.3908
1864,27.9264,-1.0822,25.9440,37.7376,0.5634,1,0.4822
1865,27.9263,-1.0827,25.8773,37.6928,0.0667,1,0.4827
1866,27.9469,-1.0959,26.3283,38.0123,0.4516,1,0.4959
1867,27.9469,-1.0962,26.2616,37.9672,0.0667,1,0.4962
1868,28.0491,-1.0348,26.6232,38.2869,0.3807,1,0.4348
1869,28.0491,-1.0349,26.5565,38.2415,0.0667,1,0.4349
1870,28.2020,-0.9258,26.8642,38.5619,0.3605,1,0.3258
1871,28.2020,-0.9257,26.7975,38.5165,0.0667,1,0.3257
1872,28.3859,-0.7887,27.0727,38.8378,0.3583,1,0.1887
1873,28.3859,-0.7885,27.0061,38.7923,0.0667,1,0.1885
1874,28.5888,-0.6394,27.2616,39.1146,0.3587,1,0.0394
1875,28.5888,-0.6391,27.1950,39.0691,0.0667,1,0.0391
1876,28.8034,-0.4907,27.4384,39.3922,0.3569,1,0.0000
1877,28.8034,-0.4903,27.3718,39.3468,0.0667,1,0.0000
1878,29.0257,-0.3526,27.6075,39.6707,0.3521,1,0.0000
1879,29.0257,-0.3522,27.5408,39.6253,0.0667,1,0.0000
1880,29.2537,-0.2325,27.7712,39.9500,0.3455,1,0.0000
1881,29.2537,-0.2322,27.7046,39.9047,0.0667,1,0.0000
1882,29.4864,-0.1352,27.9307,40.2301,0.3387,1,0.0000
1883,29.4864,-0.1348,27.8641,40.1848,0.0667,1,0.0000
1884,29.7236,-0.0626,28.0865,40.5108,0.3331,1,0.0000
1885,29.7236,-0.0623,28.0198,40.4655,0.0667,1,0.0000
1886,29.9654,-0.0146,28.2383,40.7921,0.3294,1,0.0000
1887,29.9654,-0.0144,28.1716,40.7469,0.0667,1,0.0000
1888,30.2123,0.0111,28.3857,41.0738,0.3278,1,0.0000
1889,30.2123,0.0114,28.3190,41.0287,0.0667,1,0.0000
1890,30.4648,0.0184,28.5279,41.3560,0.3277,1,0.0000
1891,30.4648,0.0187,28.4612,41.3110,0.0667,1,0.0000
1892,30.7236,0.0121,28.6637,41.6384,0.3287,1,0.0000
1893,30.7236,0.0123,28.5970,41.5935,0.0667,1,0.0000
1894,30.9897,-0.0024,28.7917,41.9210,0.3300,1,0.0000
1895,30.9897,-0.0022,28.7250,41.8762,0.0667,1,0.0000
1896,31.2636,-0.0200,28.9108,42.2036,0.3315,1,0.0000
1897,31.2636,-0.0198,28.8441,42.1588,0.0667,1,0.0000
1898,31.6294,0.0402,28.9188,42.4815,0.3782,1,0.0000
1899,31.6294,0.0403,28.8522,42.4371,0.0667,1,0.0000
1900,32.0750,0.1688,28.8250,42.7544,0.4646,1,0.0000
1901,32.0750,0.1690,28.7583,42.7103,0.0667,1,0.0000
1902,32.5673,0.3359,28.6639,43.0228,0.5284,1,0.0000
1903,32.5673,0.3360,28.5972,42.9793,0.0667,1,0.0000
1904,33.0858,0.5208,28.4567,43.2873,0.5681,1,0.0000
1905,33.0858,0.5210,28.3901,43.2443,0.0667,1,0.0000
1906,33.6181,0.7093,28.2165,43.5477,0.5907,1,0.0000
1907,33.6181,0.7094,28.1498,43.5054,0.0667,1,0.0000
1908,34.1569,0.8912,27.9507,43.8042,0.6025,1,0.0000
1909,34.1569,0.8914,27.8841,43.7625,0.0667,1,0.0000
1910,34.6982,1.0598,27.6637,44.0565,0.6083,1,0.0000
1911,34.6982,1.0600,27.5970,44.0155,0.0667,1,0.0000
1912,35.2402,1.2109,27.3573,44.3045,0.6115,1,0.0000
1913,35.2402,1.2110,27.2906,44.2642,0.0667,1,0.0000
1914,35.7819,1.3424,27.0319,44.5480,0.6145,1,0.0000
1915,35.7819,1.3425,26.9652,44.5084,0.0667,1,0.0000
1916,36.3233,1.4542,26.6868,44.7868,0.6190,1,0.0000
1917,36.3233,1.4544,26.6201,44.7480,0.0667,1,0.0000
1918,36.8646,1.5481,26.3205,45.0208,0.6258,1,0.0000
1919,36.8646,1.5483,26.2538,44.9827,0.0667,1,0.0000
1920,37.4064,1.6270,25.9307,45.2496,0.6357,1,0.0000
1921,37.4064,1.6271,25.8640,45.2123,0.0667,1,0.0000
1922,37.9491,1.6949,25.5145,45.4730,0.6491,1,0.0000
1923,37.9491,1.6951,25.4479,45.4365,0.0667,1,0.0000
1924,38.4935,1.7569,25.0684,45.6907,0.6665,1,0.0000
1925,38.4935,1.7570,25.0017,45.6550,0.0667,1,0.0000
1926,39.0393,1.8171,24.5898,45.9023,0.6864,1,0.0000
1927,39.0393,1.8172,24.5231,45.8674,0.0667,1,0.0000
1928,39.6278,1.9432,23.9918,46.1039,0.8029,1,0.0000
1929,39.6278,1.9433,23.9251,46.0701,0.0667,1,0.0000
1930,40.2445,2.1225,23.2872,46.2953,0.9051,1,0.0000
1931,40.2445,2.1226,23.2206,46.2626,0.0667,1,0.0000
1932,40.8665,2.3251,22.5098,46.4771,0.9659,1,0.0000
1933,40.8665,2.3251,22.4432,46.4457,0.0667,1,0.0000
1934,41.4802,2.5312,21.6803,46.6497,1.0005,1,0.0000
1935,41.4802,2.5313,21.6137,46.6195,0.0667,1,0.0000
1936,42.0776,2.7275,20.8118,46.8130,1.0190,1,0.0000
1937,42.0776,2.7275,20.7452,46.7842,0.0667,1,0.0000
1938,42.6541,2.9049,19.9125,46.9672,1.0282,1,0.0000
1939,42.6541,2.9049,19.8459,46.9398,0.0667,1,0.0000
1940,43.2069,3.0578,18.9878,47.1121,1.0321,1,0.0000
1941,43.2069,3.0578,18.9211,47.0861,0.0667,1,0.0000
1942,43.7341,3.1833,18.0413,47.2477,1.0334,1,0.0000
1943,43.7341,3.1833,17.9746,47.2230,0.0667,1,0.0000
1944,44.2345,3.2805,17.0755,47.3739,1.0335,1,0.0000
1945,44.2345,3.2805,17.0089,47.3507,0.0667,1,0.0000
1946,44.7070,3.3503,16.0925,47.4907,1.0334,1,0.0000
1947,44.7070,3.3504,16.0258,47.4689,0.0667,1,0.0000
1948,45.1506,3.3950,15.0938,47.5981,1.0332,1,0.0000
1949,45.1506,3.3950,15.0272,47.5778,0.0667,1,0.0000
1950,45.5646,3.4178,14.0809,47.6959,1.0331,1,0.0000
1951,45.5646,3.4177,14.0143,47.6771,0.0667,1,0.0000
1952,45.9479,3.4223,13.0551,47.7843,1.0330,1,0.0000
1953,45.9479,3.4223,12.9884,47.7669,0.0667,1,0.0000
1954,46.2998,3.4128,12.0175,47.8632,1.0328,1,0.0000
1955,46.2998,3.4128,11.9508,47.8473,0.0667,1,0.0000
1956,46.6195,3.3933,10.9693,47.9326,1.0325,1,0.0000
1957,46.6195,3.3932,10.9026,47.9182,0.0667,1,0.0000
1958,46.9065,3.3674,9.9117,47.9925,1.0320,1,0.0000
1959,46.9065,3.3674,9.8450,47.9796,0.0667,1,0.0000
1960,47.1601,3.3385,8.8458,48.0430,1.0314,1,0.0000
1961,47.1601,3.3384,8.7791,48.0315,0.0667,1,0.0000
1962,47.3800,3.3091,7.7726,48.0840,1.0306,1,0.0000
1963,47.3801,3.3090,7.7060,48.0740,0.0667,1,0.0000
1964,47.5659,3.2812,6.6933,48.1156,1.0299,1,0.0000
1965,47.5659,3.2812,6.6267,48.1071,0.0667,1,0.0000
1966,47.7171,3.2388,5.6332,48.1385,1.0058,1,0.0000
1967,47.7171,3.2388,5.5665,48.1316,0.0667,1,0.0000
1968,47.8352,3.1432,4.6510,48.1549,0.9280,1,0.0000
1969,47.8352,3.1432,4.5844,48.1493,0.0667,1,0.0000
1970,47.9247,3.0157,3.7251,48.1645,0.8732,1,0.0000
1971,47.9247,3.0157,3.6585,48.1602,0.0667,1,0.0000
1972,47.9882,2.8721,2.8412,48.1673,0.8322,1,0.0000
1973,47.9882,2.8721,2.7746,48.1642,0.0667,1,0.0000
1974,48.0274,2.7242,1.9900,48.1633,0.7993,1,0.0000
1975,48.0274,2.7242,1.9234,48.1613,0.0667,1,0.0000
1976,48.0437,2.5808,1.1654,48.1526,0.7716,1,0.0000
1977,48.0437,2.5808,1.0987,48.1518,0.0667,1,0.0000
1978,48.0383,2.4483,0.3630,48.1353,0.7475,1,0.0000
1979,48.0383,2.4482,0.2963,48.1356,0.0667,1,0.0000
1980,48.0122,2.3309,-0.4200,48.1116,0.7264,1,0.0000
1981,48.0122,2.3308,-0.4867,48.1130,0.0667,1,0.0000
1982,47.9662,2.2311,-1.1859,48.0816,0.7078,1,0.0000
1983,47.9662,2.2311,-1.2526,48.0840,0.0667,1,0.0000
1984,47.9013,2.1498,-1.9365,48.0453,0.6918,1,0.0000
1985,47.9013,2.1499,-2.0032,48.0488,0.0667,1,0.0000
1986,47.8181,2.0869,-2.6733,48.0029,0.6782,1,0.0000
1987,47.8181,2.0869,-2.6066,47.9985,0.0667,1,0.0000
1988,47.7237,2.0414,-3.1310,47.9395,0.5347,1,0.0000
1989,47.7237,2.0414,-3.0643,47.9344,0.0667,1,0.0000
1990,47.6185,2.0114,-3.5777,47.8697,0.5249,1,0.0000
1991,47.6185,2.0114,-3.5110,47.8640,0.0667,1,0.0000
1992,47.5028,1.9947,-4.0149,47.7937,0.5172,1,0.0000
1993,47.5028,1.9946,-3.9482,47.7873,0.0667,1,0.0000
1994,47.3770,1.9889,-4.4439,47.7115,0.5115,1,0.0000
1995,47.3770,1.9888,-4.3772,47.7045,0.0667,1,0.0000
1996,47.2413,1.9915,-4.8663,47.6232,0.5075,1,0.0000
1997,47.2413,1.9915,-4.7996,47.6157,0.0667,1,0.0000
1998,47.0958,2.0005,-5.2836,47.5289,0.5055,1,0.0000
1999,47.0958,2.0005,-5.2169,47.5207,0.0667,1,0.0000
2000,46.9403,2.0141,-5.6975,47.4285,0.5053,1,0.0000
2001,46.9403,2.0141,-5.6308,47.4197,0.0667,1,0.0000
2002,46.7748,2.0309,-6.1097,47.3220,0.5070,1,0.0000
2003,46.7748,2.0308,-6.0431,47.3126,0.0667,1,0.0000
2004,46.5988,2.0499,-6.5223,47.2093,0.5108,1,0.0000
2005,46.5988,2.0498,-6.4556,47.1993,0.0667,1,0.0000
2006,46.4120,2.0707,-6.9371,47.0904,0.5169,1,0.0000
2007,46.4120,2.0706,-6.8704,47.0798,0.0667,1,0.0000
2008,46.2136,2.0932,-7.3566,46.9652,0.5255,1,0.0000
2009,46.2136,2.0931,-7.2899,46.9540,0.0667,1,0.0000
2010,46.0028,2.1179,-7.7832,46.8334,0.5370,1,0.0000
2011,46.0028,2.1178,-7.7166,46.8215,0.0667,1,0.0000
2012,45.7785,2.1455,-8.2198,46.6948,0.5517,1,0.0000
2013,45.7785,2.1454,-8.1532,46.6823,0.0667,1,0.0000
2014,45.5392,2.1772,-8.6695,46.5493,0.5700,1,0.0000
2015,45.5392,2.1771,-8.6029,46.5361,0.0667,1,0.0000
2016,45.2838,2.2129,-9.1340,46.3965,0.5905,1,0.0000
2017,45.2838,2.2128,-9.0673,46.3826,0.0667,1,0.0000
2018,45.1020,2.0386,-9.3057,46.2451,0.3467,1,0.0000
2019,45.1020,2.0386,-9.2390,46.2309,0.0667,1,0.0000
2020,44.9904,1.6879,-9.2130,46.0978,0.3689,1,0.0000
2021,44.9904,1.6878,-9.1463,46.0837,0.0667,1,0.0000
2022,44.9191,1.2485,-8.9571,45.9548,0.4837,1,0.0000
2023,44.9191,1.2484,-8.8904,45.9410,0.0667,1,0.0000
2024,44.8690,0.7803,-8.5999,45.8165,0.5532,1,0.0000
2025,44.8690,0.7803,-8.5332,45.8032,0.0667,1,0.0000
2026,44.8289,0.3249,-8.1792,45.6834,0.5782,1,0.0000
2027,44.8289,0.3248,-8.1126,45.6707,0.0667,1,0.0000
2028,44.7935,-0.0894,-7.7184,45.5561,0.5729,1,0.0000
2029,44.7935,-0.0895,-7.6517,45.5440,0.0667,1,0.0000
2030,44.7605,-0.4444,-7.2316,45.4349,0.5509,1,0.0000
2031,44.7605,-0.4445,-7.1649,45.4235,0.0667,1,0.0000
2032,44.7294,-0.7297,-6.7275,45.3204,0.5231,1,0.1297
2033,44.7294,-0.7299,-6.6609,45.3097,0.0667,1,0.1299
2034,44.7005,-0.9420,-6.2115,45.2128,0.4977,1,0.3420
2035,44.7005,-0.9421,-6.1449,45.2028,0.0667,1,0.3421
2036,44.6742,-1.0827,-5.6867,45.1124,0.4799,1,0.4827
2037,44.6742,-1.0829,-5.6201,45.1032,0.0667,1,0.4829
2038,44.6509,-1.1578,-5.1551,45.0194,0.4716,1,0.5578
2039,44.6509,-1.1580,-5.0884,45.0110,0.0667,1,0.5580
2040,44.6304,-1.1760,-4.6177,44.9342,0.4715,1,0.5760
2041,44.6304,-1.1762,-4.5511,44.9266,0.0667,1,0.5762
2042,44.6127,-1.1477,-4.0754,44.8569,0.4769,1,0.5477
2043,44.6127,-1.1480,-4.0087,44.8500,0.0667,1,0.5480
2044,44.5974,-1.0846,-3.5285,44.7877,0.4846,1,0.4846
2045,44.5974,-1.0848,-3.4619,44.7816,0.0667,1,0.4848
2046,44.5842,-0.9979,-2.9775,44.7266,0.4923,1,0.3979
2047,44.5842,-0.9982,-2.9108,44.7214,0.0667,1,0.3982
2048,44.5729,-0.8984,-2.4224,44.6740,0.4986,1,0.2984
2049,44.5729,-0.8987,-2.3557,44.6696,0.0667,1,0.2987
2050,44.5633,-0.7955,-1.8636,44.6300,0.5029,1,0.1955
2051,44.5633,-0.7958,-1.7969,44.6264,0.0667,1,0.1958
2052,44.5553,-0.6970,-1.3013,44.5946,0.5055,1,0.0970
2053,44.5553,-0.6973,-1.2346,44.5918,0.0667,1,0.0973
2054,44.5489,-0.6089,-0.7355,44.5680,0.5069,1,0.0089
2055,44.5489,-0.6091,-0.6689,44.5661,0.0667,1,0.0091
2056,44.5442,-0.5352,-0.1667,44.5503,0.5076,1,0.0000
2057,44.5442,-0.5355,-0.1000,44.5492,0.0667,1,0.0000
2058,44.5411,-0.4784,0.4050,44.5415,0.5083,1,0.0000
2059,44.5411,-0.4786,0.4717,44.5414,0.0667,1,0.0000
2060,44.5397,-0.4391,0.9794,44.5419,0.5093,1,0.0000
2061,44.5397,-0.4393,1.0461,44.5426,0.0667,1,0.0000
2062,44.5401,-0.4167,1.5562,44.5515,0.5106,1,0.0000
2063,44.5401,-0.4169,1.6229,44.5530,0.0667,1,0.0000
2064,44.5423,-0.4095,2.1351,44.5703,0.5123,1,0.0000
2065,44.5423,-0.4097,2.2018,44.5727,0.0667,1,0.0000
2066,44.5462,-0.4152,2.7157,44.5984,0.5140,1,0.0000
2067,44.5462,-0.4149,2.6491,44.5952,0.0667,1,0.0000
2068,44.5511,-0.4299,3.0312,44.6195,0.3824,1,0.0000
2069,44.5511,-0.4297,2.9645,44.6159,0.0667,1,0.0000
2070,44.5569,-0.4516,3.3477,44.6439,0.3839,1,0.0000
2071,44.5569,-0.4514,3.2810,44.6398,0.0667,1,0.0000
2072,44.5638,-0.4772,3.6649,44.6715,0.3848,1,0.0000
2073,44.5638,-0.4770,3.5983,44.6669,0.0667,1,0.0000
2074,44.5716,-0.5038,3.9824,44.7024,0.3852,1,0.0000
2075,44.5716,-0.5036,3.9158,44.6974,0.0667,1,0.0000
2076,44.5805,-0.5290,4.2997,44.7366,0.3849,1,0.0000
2077,44.5805,-0.5288,4.2331,44.7311,0.0667,1,0.0000
2078,44.5906,-0.5507,4.6163,44.7741,0.3840,1,0.0000
2079,44.5906,-0.5505,4.5496,44.7682,0.0667,1,0.0000
2080,44.6018,-0.5674,4.9315,44.8149,0.3824,1,0.0000
2081,44.6018,-0.5672,4.8648,44.8084,0.0667,1,0.0000
2082,44.6143,-0.5779,5.2446,44.8589,0.3801,1,0.0000
2083,44.6143,-0.5777,5.1779,44.8520,0.0667,1,0.0000
2084,44.6283,-0.5816,5.5551,44.9062,0.3774,1,0.0000
2085,44.6283,-0.5814,5.4884,44.8989,0.0667,1,0.0000
2086,44.6494,-0.5307,5.7950,44.9545,0.3115,1,0.0000
2087,44.6494,-0.5305,5.7283,44.9468,0.0667,1,0.0000
2088,44.6774,-0.4352,5.9739,45.0037,0.2649,1,0.0000
2089,44.6774,-0.4350,5.9072,44.9958,0.0667,1,0.0000
2090,44.7100,-0.3171,6.1172,45.0542,0.2430,1,0.0000
2091,44.7100,-0.3169,6.0505,45.0460,0.0667,1,0.0000
2092,44.7458,-0.1917,6.2405,45.1059,0.2303,1,0.0000
2093,44.7458,-0.1916,6.1738,45.0976,0.0667,1,0.0000
2094,44.7838,-0.0698,6.3530,45.1592,0.2199,1,0.0000
2095,44.7838,-0.0696,6.2863,45.1507,0.0667,1,0.0000
2096,44.8234,0.0414,6.4602,45.2138,0.2101,1,0.0000
2097,44.8234,0.0416,6.3935,45.2051,0.0667,1,0.0000
2098,44.8645,0.1372,6.5652,45.2698,0.2007,1,0.0000
2099,44.8645,0.1373,6.4985,45.2610,0.0667,1,0.0000
2100,44.9070,0.2148,6.6695,45.3271,0.1925,1,0.0000
2101,44.9070,0.2150,6.6029,45.3182,0.0667,1,0.0000
2102,44.9508,0.2736,6.7739,45.3858,0.1861,1,0.0000
2103,44.9508,0.2738,6.7073,45.3767,0.0667,1,0.0000
2104,44.9960,0.3141,6.8785,45.4457,0.1816,1,0.0000
2105,44.9960,0.3143,6.8118,45.4365,0.0667,1,0.0000
2106,45.0425,0.3382,6.9828,45.5068,0.1788,1,0.0000
2107,45.0425,0.3384,6.9161,45.4975,0.0667,1,0.0000
2108,45.0904,0.3484,7.0863,45.5692,0.1771,1,0.0000
2109,45.0904,0.3486,7.0196,45.5597,0.0667,1,0.0000
2110,45.1398,0.3480,7.1881,45.6327,0.1756,1,0.0000
2111,45.1398,0.3482,7.1215,45.6231,0.0667,1,0.0000
2112,45.1907,0.3405,7.2873,45.6973,0.1736,1,0.0000
2113,45.1907,0.3407,7.2206,45.6876,0.0667,1,0.0000
2114,45.2430,0.3295,7.3825,45.7630,0.1705,1,0.0000
2115,45.2430,0.3297,7.3158,45.7531,0.0667,1,0.0000
2116,45.2970,0.3185,7.4723,45.8296,0.1659,1,0.0000
2117,45.2970,0.3187,7.4056,45.8196,0.0667,1,0.0000
2118,45.3528,0.3108,7.5550,45.8971,0.1597,1,0.0000
2119,45.3528,0.3110,7.4883,45.8870,0.0667,1,0.0000
2120,45.4105,0.3093,7.6286,45.9653,0.1517,1,0.0000
2121,45.4105,0.3095,7.5619,45.9551,0.0667,1,0.0000
2122,45.4702,0.3167,7.6906,46.0340,0.1421,1,0.0000
2123,45.4702,0.3169,7.6239,46.0238,0.0667,1,0.0000
2124,45.5439,0.4109,7.6329,46.0999,0.1197,1,0.0000
2125,45.5439,0.4110,7.5662,46.0897,0.0667,1,0.0000
2126,45.6521,0.7567,7.2157,46.1537,0.5040,1,0.0000
2127,45.6521,0.7569,7.1491,46.1441,0.0667,1,0.0000
2128,45.7684,1.2450,6.5705,46.1973,0.7659,1,0.0000
2129,45.7684,1.2451,6.5038,46.1887,0.0667,1,0.0000
2130,45.8741,1.7997,5.7796,46.2316,0.9183,1,0.0000
2131,45.8741,1.7998,5.7129,46.2242,0.0667,1,0.0000
2132,45.9582,2.3643,4.8972,46.2568,0.9956,1,0.0000
2133,45.9582,2.3644,4.8305,46.2506,0.0667,1,0.0000
2134,46.0157,2.8969,3.9591,46.2729,1.0228,1,0.0000
2135,46.0157,2.8970,3.8925,46.2680,0.0667,1,0.0000
2136,46.0457,3.3690,2.9871,46.2797,1.0215,1,0.0000
2137,46.0457,3.3691,2.9204,46.2763,0.0667,1,0.0000
2138,46.0489,3.7637,1.9942,46.2771,1.0068,1,0.0000
2139,46.0489,3.7639,1.9275,46.2751,0.0667,1,0.0000
2140,46.0267,4.0717,0.9885,46.2650,0.9884,1,0.0000
2141,46.0266,4.0718,0.9218,46.2644,0.0667,1,0.0000
2142,45.9803,4.2885,-0.0248,46.2431,0.9722,1,0.0000
2143,45.9803,4.2886,-0.0915,46.2440,0.0667,1,0.0000
2144,45.9104,4.4158,-1.0424,46.2115,0.9619,1,0.0000
2145,45.9104,4.4160,-1.1091,46.2139,0.0667,1,0.0000
2146,45.8165,4.4615,-2.0617,46.1700,0.9583,1,0.0000
2147,45.8165,4.4617,-2.1284,46.1739,0.0667,1,0.0000
2148,45.6975,4.4371,-3.0807,46.1187,0.9601,1,0.0000
2149,45.6976,4.4371,-3.0140,46.1134,0.0667,1,0.0000
2150,45.5605,4.3570,-3.8310,46.0397,0.8323,1,0.0000
2151,45.5605,4.3569,-3.7644,46.0334,0.0667,1,0.0000
2152,45.4035,4.2360,-4.5780,45.9491,0.8374,1,0.0000
2153,45.4035,4.2359,-4.5113,45.9417,0.0667,1,0.0000
2154,45.2252,4.0882,-5.3200,45.8469,0.8412,1,0.0000
2155,45.2251,4.0882,-5.2534,45.8384,0.0667,1,0.0000
2156,45.0241,3.9267,-6.0558,45.7330,0.8428,1,0.0000
2157,45.0241,3.9268,-5.9891,45.7234,0.0667,1,0.0000
2158,44.7993,3.7627,-6.7841,45.6074,0.8423,1,0.0000
2159,44.7993,3.7628,-6.7175,45.5967,0.0667,1,0.0000
2160,44.5514,3.6026,-7.5006,45.4704,0.8369,1,0.0000
2161,44.5514,3.6027,-7.4339,45.4586,0.0667,1,0.0000
2162,44.2818,3.4494,-8.1989,45.3222,0.8254,1,0.0000
2163,44.2818,3.4495,-8.1322,45.3094,0.0667,1,0.0000
2164,43.9921,3.3058,-8.8753,45.1631,0.8105,1,0.0000
2165,43.9921,3.3059,-8.8087,45.1492,0.0667,1,0.0000
2166,43.6836,3.1740,-9.5283,44.9933,0.7940,1,0.0000
2167,43.6836,3.1741,-9.4616,44.9784,0.0667,1,0.0000
2168,43.3574,3.0551,-10.1572,44.8131,0.7774,1,0.0000
2169,43.3574,3.0552,-10.0905,44.7972,0.0667,1,0.0000
2170,43.0146,2.9495,-10.7622,44.6228,0.7615,1,0.0000
2171,43.0146,2.9496,-10.6956,44.6059,0.0667,1,0.0000
2172,42.6563,2.8568,-11.3441,44.4226,0.7467,1,0.0000
2173,42.6563,2.8569,-11.2774,44.4047,0.0667,1,0.0000
2174,42.2831,2.7761,-11.9036,44.2127,0.7334,1,0.0000
2175,42.2831,2.7762,-11.8369,44.1939,0.0667,1,0.0000
2176,41.8959,2.7061,-12.4421,43.9933,0.7218,1,0.0000
2177,41.8959,2.7061,-12.3754,43.9737,0.0667,1,0.0000
2178,41.4951,2.6451,-12.9606,43.7647,0.7120,1,0.0000
2179,41.4951,2.6451,-12.8940,43.7442,0.0667,1,0.0000
2180,41.0811,2.5916,-13.4607,43.5270,0.7039,1,0.0000
2181,41.0811,2.5916,-13.3941,43.5056,0.0667,1,0.0000
2182,40.6542,2.5441,-13.9437,43.2804,0.6975,1,0.0000
2183,40.6542,2.5441,-13.8770,43.2581,0.0667,1,0.0000
2184,40.2145,2.5014,-14.4109,43.0249,0.6930,1,0.0000
2185,40.2145,2.5014,-14.3443,43.0017,0.0667,1,0.0000
2186,39.7618,2.4624,-14.8639,42.7607,0.6903,1,0.0000
2187,39.7618,2.4624,-14.7973,42.7367,0.0667,1,0.0000
2188,39.2960,2.4263,-15.3043,42.4878,0.6894,1,0.0000
2189,39.2960,2.4263,-15.2376,42.4629,0.0667,1,0.0000
2190,38.8166,2.3926,-15.7334,42.2063,0.6905,1,0.0000
2191,38.8166,2.3926,-15.6668,42.1806,0.0667,1,0.0000
2192,38.3230,2.3610,-16.1531,41.9161,0.6937,1,0.0000
2193,38.3230,2.3610,-16.0865,41.8896,0.0667,1,0.0000
2194,37.8143,2.3316,-16.5650,41.6173,0.6990,1,0.0000
2195,37.8143,2.3316,-16.4983,41.5899,0.0667,1,0.0000
2196,37.2896,2.3046,-16.9708,41.3098,0.7066,1,0.0000
2197,37.2896,2.3046,-16.9041,41.2816,0.0667,1,0.0000
2198,36.7474,2.2802,-17.3724,40.9935,0.7168,1,0.0000
2199,36.7474,2.2802,-17.3057,40.9644,0.0667,1,0.0000
2200,36.1864,2.2588,-17.7718,40.6684,0.7297,1,0.0000
2201,36.1864,2.2588,-17.7051,40.6384,0.0667,1,0.0000
2202,35.6045,2.2410,-18.1709,40.3341,0.7456,1,0.0000
2203,35.6045,2.2410,-18.1043,40.3032,0.0667,1,0.0000
2204,35.0016,2.2251,-18.5690,39.9907,0.7614,1,0.0000
2205,35.0016,2.2251,-18.5024,39.9589,0.0667,1,0.0000
2206,34.3812,2.2059,-18.9591,39.6382,0.7706,1,0.0000
2207,34.3812,2.2059,-18.8924,39.6054,0.0667,1,0.0000
2208,33.9911,1.9318,-18.9728,39.2884,0.4835,1,0.0000
2209,33.9911,1.9318,-18.9061,39.2553,0.0667,1,0.0000
2210,33.8059,1.4570,-18.6598,38.9451,0.5660,1,0.0000
2211,33.8059,1.4570,-18.5932,38.9123,0.0667,1,0.0000
2212,33.7354,0.8913,-18.1505,38.6086,0.7218,1,0.0000
2213,33.7354,0.8914,-18.0838,38.5764,0.0667,1,0.0000
2214,33.7239,0.3054,-17.5226,38.2798,0.8115,1,0.0000
2215,33.7239,0.3055,-17.4560,38.2483,0.0667,1,0.0000
2216,33.7399,-0.2541,-16.8235,37.9594,0.8446,1,0.0000
2217,33.7399,-0.2540,-16.7568,37.9289,0.0667,1,0.0000
2218,33.7668,-0.7565,-16.0820,37.6484,0.8418,1,0.1565
2219,33.7668,-0.7564,-16.0153,37.6189,0.0667,1,0.1564
2220,33.7971,-1.1823,-15.3157,37.3475,0.8196,1,0.5823
2221,33.7971,-1.1824,-15.2490,37.3192,0.0667,1,0.5824
2222,33.8281,-1.5212,-14.5352,37.0575,0.7908,1,0.9212
2223,33.8281,-1.5213,-14.4685,37.0304,0.0667,1,0.9213
2224,33.8593,-1.7698,-13.7468,36.7790,0.7640,1,1.1698
2225,33.8593,-1.7699,-13.6801,36.7531,0.0667,1,1.1699
2226,33.8908,-1.9304,-12.9540,36.5125,0.7443,1,1.3304
2227,33.8908,-1.9306,-12.8874,36.4879,0.0667,1,1.3306
2228,33.9228,-2.0103,-12.1591,36.2587,0.7333,1,1.4103
2229,33.9228,-2.0105,-12.0924,36.2353,0.0667,1,1.4105
2230,33.9550,-2.0197,-11.3632,36.0178,0.7300,1,1.4197
2231,33.9550,-2.0200,-11.2965,35.9958,0.0667,1,1.4200
2232,33.9869,-1.9717,-10.5669,35.7903,0.7319,1,1.3717
2233,33.9869,-1.9719,-10.5002,35.7697,0.0667,1,1.3719
2234,34.0177,-1.8800,-9.7707,35.5767,0.7360,1,1.2800
2235,34.0177,-1.8803,-9.7040,35.5574,0.0667,1,1.2803
2236,34.0465,-1.7589,-8.9747,35.3772,0.7399,1,1.1589
2237,34.0465,-1.7591,-8.9081,35.3593,0.0667,1,1.1591
2238,34.0729,-1.6216,-8.1792,35.1923,0.7422,1,1.0216
2239,34.0729,-1.6218,-8.1125,35.1758,0.0667,1,1.0218
2240,34.0964,-1.4801,-7.3841,35.0222,0.7425,1,0.8801
2241,34.0964,-1.4803,-7.3174,35.0071,0.0667,1,0.8803
2242,34.1168,-1.3443,-6.5894,34.8672,0.7408,1,0.7443
2243,34.1168,-1.3445,-6.5228,34.8536,0.0667,1,0.7445
2244,34.1343,-1.2220,-5.7953,34.7277,0.7380,1,0.6220
2245,34.1343,-1.2222,-5.7286,34.7155,0.0667,1,0.6222
2246,34.1489,-1.1186,-5.0015,34.6038,0.7346,1,0.5186
2247,34.1489,-1.1188,-4.9349,34.5932,0.0667,1,0.5188
2248,34.1610,-1.0371,-4.2082,34.4959,0.7313,1,0.4371
2249,34.1610,-1.0373,-4.1415,34.4867,0.0667,1,0.4373
2250,34.1708,-0.9788,-3.4153,34.4042,0.7287,1,0.3788
2251,34.1708,-0.9790,-3.3486,34.3965,0.0667,1,0.3790
2252,34.1786,-0.9429,-2.6227,34.3288,0.7269,1,0.3429
2253,34.1786,-0.9431,-2.5560,34.3227,0.0667,1,0.3431
2254,34.1844,-0.9275,-1.8304,34.2699,0.7258,1,0.3275
2255,34.1844,-0.9277,-1.7637,34.2654,0.0667,1,0.3277
2256,34.1886,-0.9297,-1.0384,34.2278,0.7253,1,0.3297
2257,34.1886,-0.9299,-0.9717,34.2248,0.0667,1,0.3299
2258,34.1911,-0.9457,-0.2467,34.2025,0.7252,1,0.3457
2259,34.1911,-0.9459,-0.1800,34.2010,0.0667,1,0.3459
2260,34.1913,-0.6441,0.5858,34.1913,0.8232,1,0.0441
2261,34.1913,-0.6433,0.6525,34.1914,0.0667,1,0.0433
2262,34.1886,-0.4682,1.3513,34.1978,0.7204,1,0.0000
2263,34.1885,-0.4664,1.4179,34.1994,0.0666,1,0.0000
2264,34.1851,-0.3458,2.1079,34.2208,0.7005,1,0.0000
2265,34.1851,-0.3430,2.1745,34.2238,0.0666,1,0.0000
2266,34.1814,-0.2678,2.8596,34.2599,0.6892,1,0.0000
2267,34.1815,-0.2715,2.7931,34.2555,0.0666,1,0.0000
2268,34.1783,-0.2418,3.3429,34.2927,0.5506,1,0.0000
2269,34.1784,-0.2466,3.2766,34.2875,0.0665,1,0.0000
2270,34.1754,-0.2443,3.8257,34.3323,0.5491,1,0.0000
2271,34.1755,-0.2500,3.7595,34.3261,0.0664,1,0.0000
2272,34.1724,-0.2624,4.3085,34.3783,0.5491,1,0.0000
2273,34.1725,-0.2690,4.2425,34.3712,0.0663,1,0.0000
2274,34.1692,-0.2840,4.7916,34.4309,0.5493,1,0.0000
2275,34.1693,-0.2916,4.7258,34.4229,0.0662,1,0.0000
2276,34.1658,-0.3044,5.2738,34.4898,0.5482,1,0.0000
2277,34.1659,-0.3129,5.2083,34.4810,0.0661,1,0.0000
2278,34.1631,-0.3428,5.7498,34.5550,0.5424,1,0.0000
2279,34.1632,-0.3522,5.6845,34.5453,0.0660,1,0.0000
2280,34.1587,-0.3423,6.2311,34.6262,0.5468,1,0.0000
2281,34.1588,-0.3523,6.1660,34.6156,0.0659,1,0.0000
2282,34.1531,-0.3553,6.7164,34.7033,0.5504,1,0.0000
2283,34.1532,-0.3655,6.6513,34.6917,0.0659,1,0.0000
2284,34.1466,-0.3795,7.2035,34.7863,0.5524,1,0.0000
2285,34.1466,-0.3897,7.1384,34.7739,0.0659,1,0.0000
2286,34.1393,-0.4111,7.6908,34.8753,0.5528,1,0.0000
2287,34.1393,-0.4212,7.6257,34.8620,0.0659,1,0.0000
2288,34.1317,-0.4459,8.1772,34.9702,0.5521,1,0.0000
2289,34.1317,-0.4558,8.1121,34.9561,0.0659,1,0.0000
2290,34.1238,-0.4797,8.6621,35.0712,0.5506,1,0.0000
2291,34.1238,-0.4894,8.5969,35.0562,0.0659,1,0.0000
2292,34.1159,-0.5095,9.1453,35.1781,0.5489,1,0.0000
2293,34.1159,-0.5189,9.0800,35.1622,0.0660,1,0.0000
2294,34.1079,-0.5330,9.6270,35.2909,0.5472,1,0.0000
2295,34.1080,-0.5422,9.5616,35.2742,0.0660,1,0.0000
2296,34.0999,-0.5494,10.1073,35.4095,0.5458,1,0.0000
2297,34.1000,-0.5585,10.0419,35.3920,0.0660,1,0.0000
2298,34.0916,-0.5887,10.5878,35.5339,0.5468,1,0.0000
2299,34.0916,-0.5975,10.5223,35.5156,0.0661,1,0.0000
2300,34.0831,-0.6510,11.0675,35.6641,0.5479,1,0.0510
2301,34.0831,-0.6594,11.0019,35.6449,0.0661,1,0.0594
2302,34.0753,-0.7321,11.5414,35.7993,0.5444,1,0.1321
2303,34.0753,-0.7400,11.4757,35.7793,0.0662,1,0.1400
2304,34.0686,-0.8328,12.0081,35.9392,0.5404,1,0.2328
2305,34.0686,-0.8401,11.9422,35.9184,0.0663,1,0.2401
2306,34.0629,-0.9564,12.4676,36.0838,0.5381,1,0.3564
2307,34.0629,-0.9630,12.4016,36.0622,0.0663,1,0.3630
2308,34.0581,-1.1070,12.9199,36.2329,0.5380,1,0.5070
2309,34.0582,-1.1128,12.8537,36.2105,0.0664,1,0.5128
2310,34.0543,-1.2891,13.3646,36.3863,0.5404,1,0.6891
2311,34.0543,-1.2939,13.2983,36.3631,0.0665,1,0.6939
2312,34.0513,-1.5072,13.8009,36.5439,0.5460,1,0.9072
2313,34.0513,-1.5109,13.7344,36.5200,0.0666,1,0.9109
2314,34.0489,-1.7657,14.2277,36.7058,0.5552,1,1.1657
2315,34.0489,-1.7682,14.1611,36.6812,0.0666,1,1.1682
2316,34.0470,-2.0675,14.6439,36.8717,0.5681,1,1.4675
2317,34.0470,-2.0686,14.5773,36.8464,0.0667,1,1.4686
2318,34.0446,-2.3865,15.0527,37.0416,0.5720,1,1.7865
2319,34.0446,-2.3862,14.9861,37.0156,0.0667,1,1.7862
2320,34.0413,-2.7116,15.4546,37.2146,0.5704,1,2.1116
2321,34.0413,-2.7100,15.3880,37.1879,0.0666,1,2.1100
2322,34.0378,-3.0420,15.8482,37.3907,0.5675,1,2.4420
2323,34.0377,-3.0390,15.7816,37.3633,0.0666,1,2.4390
2324,34.0339,-3.3774,16.2337,37.5697,0.5648,1,2.7774
2325,34.0338,-3.3730,16.1674,37.5417,0.0665,1,2.7730
2326,34.0297,-3.7176,16.6116,37.7516,0.5622,1,3.1176
2327,34.0296,-3.7118,16.5454,37.7230,0.0664,1,3.1118
2328,34.0252,-4.0622,16.9819,37.9364,0.5598,1,3.4622
2329,34.0251,-4.0551,16.9160,37.9072,0.0663,1,3.4551
2330,34.0204,-4.4112,17.3451,38.1240,0.5576,1,3.8112
2331,34.0203,-4.4028,17.2795,38.0942,0.0661,1,3.8028
2332,34.0153,-4.7643,17.7014,38.3143,0.5556,1,4.1643
2333,34.0152,-4.7546,17.6361,38.2841,0.0659,1,4.1546
2334,34.0099,-5.1214,18.0510,38.5075,0.5538,1,4.5214
2335,34.0098,-5.1104,17.9862,38.4768,0.0657,1,4.5104
2336,34.0042,-5.4824,18.3942,38.7035,0.5522,1,4.8824
2337,34.0041,-5.4701,18.3299,38.6723,0.0655,1,4.8701
2338,33.9983,-5.8470,18.7314,38.9023,0.5507,1,5.2470
2339,33.9982,-5.8335,18.6676,38.8706,0.0652,1,5.2335
2340,33.9921,-6.2152,19.0628,39.1039,0.5495,1,5.6152
2341,33.9920,-6.2005,18.9996,39.0718,0.0649,1,5.6005
2342,34.0099,-6.1909,19.3954,39.2743,0.3963,1,5.5909
2343,34.0098,-6.1763,19.3321,39.2418,0.0649,1,5.5763
2344,34.0532,-5.7283,19.7296,39.4100,0.6005,1,5.1283
2345,34.0531,-5.7151,19.6657,39.3772,0.0653,1,5.1151
2346,34.0998,-5.2129,20.0511,39.5441,0.6347,1,4.6129
2347,34.0998,-5.2013,19.9866,39.5109,0.0656,1,4.6013
2348,34.1500,-4.6440,20.3565,39.6765,0.6707,1,4.0440
2349,34.1500,-4.6341,20.2914,39.6430,0.0659,1,4.0341
2350,34.2039,-4.0209,20.6419,39.8075,0.7084,1,3.4209
2351,34.2038,-4.0127,20.5763,39.7737,0.0662,1,3.4127
2352,34.2615,-3.3431,20.9034,39.9371,0.7475,1,2.7431
2353,34.2615,-3.3369,20.8373,39.9030,0.0664,1,2.7369
2354,34.3030,-2.6052,21.1763,40.0685,0.8074,1,2.0052
2355,34.3030,-2.6011,21.1099,40.0341,0.0665,1,2.0011
2356,34.3289,-1.7849,21.4550,40.2020,0.8865,1,1.1849
2357,34.3289,-1.7832,21.3883,40.1674,0.0666,1,1.1832
2358,34.3418,-0.9033,21.7249,40.3377,0.9422,1,0.3033
2359,34.3418,-0.9041,21.6582,40.3027,0.0667,1,0.3041
2360,34.3205,-0.5303,22.0112,40.4694,0.5145,1,0.0000
2361,34.3205,-0.5325,21.9446,40.4341,0.0666,1,0.0000
2362,34.2736,-0.3967,22.3072,40.5879,0.3900,1,0.0000
2363,34.2736,-0.3994,22.2406,40.5522,0.0666,1,0.0000
2364,34.2403,-0.2040,22.5718,40.7037,0.3860,1,0.0000
2365,34.2403,-0.2076,22.5054,40.6677,0.0666,1,0.0000
2366,34.2148,0.0172,22.8199,40.8196,0.3874,1,0.0000
2367,34.2148,0.0127,22.7535,40.7834,0.0665,1,0.0000
2368,34.1786,0.3480,23.0742,40.9349,0.4654,1,0.0000
2369,34.1786,0.3426,23.0080,40.8984,0.0664,1,0.0000
2370,34.1462,0.7047,23.3142,41.0502,0.4753,1,0.0000
2371,34.1462,0.6982,23.2481,41.0134,0.0664,1,0.0000
2372,34.1153,1.0783,23.5431,41.1654,0.4821,1,0.0000
2373,34.1153,1.0708,23.4773,41.1284,0.0662,1,0.0000
2374,34.0845,1.4852,23.7633,41.2818,0.5044,1,0.0000
2375,34.0845,1.4768,23.6977,41.2445,0.0661,1,0.0000
2376,34.0531,1.8071,23.9866,41.3992,0.4399,1,0.0000
2377,34.0531,1.7981,23.9212,41.3617,0.0660,1,0.0000
2378,34.0216,2.0381,24.2161,41.5177,0.3816,1,0.0000
2379,34.0216,2.0287,24.1508,41.4800,0.0660,1,0.0000
2380,33.9908,2.1836,24.4526,41.6372,0.3407,1,0.0000
2381,33.9908,2.1739,24.3874,41.5992,0.0659,1,0.0000
2382,33.9612,2.2559,24.6955,41.7579,0.3202,1,0.0000
2383,33.9613,2.2462,24.6303,41.7196,0.0659,1,0.0000
2384,33.9332,2.2708,24.9431,41.8797,0.3150,1,0.0000
2385,33.9333,2.2611,24.8778,41.8412,0.0659,1,0.0000
2386,33.9067,2.2445,25.1935,42.0028,0.3172,1,0.0000
2387,33.9068,2.2350,25.1282,41.9640,0.0660,1,0.0000
2388,33.8818,2.1920,25.4452,42.1273,0.3208,1,0.0000
2389,33.8819,2.1826,25.3799,42.0882,0.0660,1,0.0000
2390,33.8582,2.1256,25.6970,42.2533,0.3230,1,0.0000
2391,33.8583,2.1163,25.6316,42.2139,0.0660,1,0.0000
2392,33.8358,2.0547,25.9481,42.3807,0.3232,1,0.0000
2393,33.8359,2.0455,25.8827,42.3411,0.0660,1,0.0000
2394,33.8143,1.9859,26.1984,42.5097,0.3219,1,0.0000
2395,33.8144,1.9768,26.1329,42.4698,0.0660,1,0.0000
2396,33.7936,1.9231,26.4476,42.6403,0.3199,1,0.0000
2397,33.7937,1.9141,26.3822,42.6001,0.0661,1,0.0000
2398,33.7734,1.8682,26.6961,42.7724,0.3179,1,0.0000
2399,33.7735,1.8593,26.6306,42.7320,0.0661,1,0.0000
2400,33.7546,1.7996,26.9448,42.9061,0.3203,1,0.0000
2401,33.7547,1.7907,26.8793,42.8655,0.0661,1,0.0000
2402,33.7367,1.6649,27.1990,43.0416,0.3440,1,0.0000
2403,33.7368,1.6563,27.1335,43.0007,0.0661,1,0.0000
2404,33.7185,1.4703,27.4587,43.1788,0.3751,1,0.0000
2405,33.7186,1.4620,27.3931,43.1376,0.0661,1,0.0000
2406,33.6999,1.2164,27.7226,43.3177,0.4113,1,0.0000
2407,33.6999,1.2086,27.6568,43.2763,0.0662,1,0.0000
2408,33.6808,0.9089,27.9886,43.4584,0.4475,1,0.0000
2409,33.6808,0.9017,27.9227,43.4166,0.0663,1,0.0000
2410,33.6611,0.5676,28.2542,43.6009,0.4711,1,0.0000
2411,33.6611,0.5611,28.1882,43.5588,0.0663,1,0.0000
2412,33.6410,0.2112,28.5178,43.7452,0.4812,1,0.0000
2413,33.6410,0.2055,28.4517,43.7029,0.0664,1,0.0000
2414,33.6205,-0.1463,28.7787,43.8915,0.4807,1,0.0000
2415,33.6205,-0.1513,28.7123,43.8488,0.0665,1,0.0000
2416,33.5997,-0.4956,29.0365,44.0397,0.4734,1,0.0000
2417,33.5997,-0.4997,28.9701,43.9967,0.0665,1,0.0000
2418,33.5783,-0.9047,29.2917,44.1897,0.5176,1,0.3047
2419,33.5783,-0.9080,29.2252,44.1465,0.0666,1,0.3080
2420,33.5562,-1.3940,29.5411,44.3415,0.5800,1,0.7940
2421,33.5562,-1.3962,29.4745,44.2981,0.0666,1,0.7962
2422,33.5334,-1.9528,29.7814,44.4953,0.6360,1,1.3528
2423,33.5334,-1.9538,29.7148,44.4516,0.0667,1,1.3538
2424,33.5102,-2.5597,30.0106,44.6512,0.6747,1,1.9597
2425,33.5102,-2.5594,29.9440,44.6073,0.0667,1,1.9594
2426,33.4868,-3.1960,30.2277,44.8095,0.6973,1,2.5960
2427,33.4868,-3.1944,30.1611,44.7654,0.0666,1,2.5944
2428,33.4636,-3.8468,30.4327,44.9705,0.7071,1,3.2468
2429,33.4636,-3.8437,30.3662,44.9261,0.0666,1,3.2437
2430,33.4406,-4.5016,30.6264,45.1342,0.7079,1,3.9016
2431,33.4406,-4.4972,30.5600,45.0897,0.0665,1,3.8972
2432,33.4165,-5.1320,30.8151,45.3010,0.6846,1,4.5320
2433,33.4165,-5.1263,30.7489,45.2563,0.0664,1,4.5263
2434,33.3927,-5.6834,31.0079,45.4708,0.6149,1,5.0834
2435,33.3927,-5.6766,30.9420,45.4260,0.0663,1,5.0766
2436,33.3690,-6.1540,31.2096,45.6437,0.5478,1,5.5540
2437,33.3691,-6.1462,31.1439,45.5987,0.0662,1,5.5462
2438,33.3494,-6.5377,31.4201,45.8191,0.4795,1,5.9377
2439,33.3494,-6.5292,31.3545,45.7739,0.0661,1,5.9292
2440,33.3341,-6.8341,31.6416,45.9967,0.4191,1,6.2341
2441,33.3342,-6.8251,31.5762,45.9514,0.0660,1,6.2251
2442,33.3230,-7.0456,31.8766,46.1768,0.3728,1,6.4456
2443,33.3231,-7.0362,31.8113,46.1313,0.0660,1,6.4362
2444,33.3096,-7.2255,32.1228,46.3598,0.3647,1,6.6255
2445,33.3097,-7.2156,32.0576,46.3141,0.0659,1,6.6156
2446,33.2934,-7.4099,32.3737,46.5460,0.3713,1,6.8099
2447,33.2935,-7.3996,32.3086,46.5001,0.0659,1,6.7996
2448,33.2750,-7.5411,32.6407,46.7350,0.3614,1,6.9411
2449,33.2750,-7.5307,32.5757,46.6890,0.0658,1,6.9307
2450,33.2554,-7.5958,32.9278,46.9268,0.3587,1,6.9958
2451,33.2554,-7.5853,32.8629,46.8805,0.0658,1,6.9853
2452,33.2313,-7.5708,33.2381,47.1206,0.3762,1,6.9708
2453,33.2313,-7.5603,33.1731,47.0740,0.0658,1,6.9603
2454,33.2071,-7.4804,33.5638,47.3168,0.3995,1,6.8804
2455,33.2072,-7.4700,33.4988,47.2701,0.0658,1,6.8700
2456,33.1832,-7.3552,33.8986,47.5162,0.4166,1,6.7552
2457,33.1833,-7.3450,33.8335,47.4692,0.0659,1,6.7450
2458,33.1592,-7.2188,34.2378,47.7190,0.4242,1,6.6188
2459,33.1593,-7.2089,34.1726,47.6718,0.0659,1,6.6089
2460,33.1350,-7.0884,34.5785,47.9255,0.4241,1,6.4884
2461,33.1351,-7.0786,34.5133,47.8780,0.0659,1,6.4786
2462,33.1105,-6.9746,34.9191,48.1358,0.4197,1,6.3746
2463,33.1106,-6.9651,34.8539,48.0880,0.0660,1,6.3651
2464,33.2055,-6.7814,35.1520,48.3423,0.3628,1,6.1814
2465,33.2056,-6.7721,35.0867,48.2944,0.0660,1,6.1721
2466,33.6693,-6.3062,35.0406,48.5248,0.6589,1,5.7062
2467,33.6692,-6.2971,34.9752,48.4772,0.0660,1,5.6971
2468,34.3326,-5.7062,34.7084,48.6875,0.9276,1,5.1062
2469,34.3325,-5.6974,34.6429,48.6406,0.0661,1,5.0974
2470,35.0907,-5.0854,34.2298,48.8334,1.0583,1,4.4854
2471,35.0905,-5.0769,34.1643,48.7873,0.0661,1,4.4769
2472,35.8949,-4.5023,33.6352,48.9614,1.1211,1,3.9023
2473,35.8947,-4.4942,33.5696,48.9162,0.0662,1,3.8942
2474,36.7044,-3.9370,32.9647,49.0713,1.1541,1,3.3370
2475,36.7042,-3.9295,32.8989,49.0272,0.0662,1,3.3295
2476,37.4820,-3.4744,32.2567,49.1673,1.1066,1,2.8744
2477,37.4817,-3.4674,32.1907,49.1243,0.0663,1,2.8674
2478,38.2225,-3.2335,31.5107,49.2488,1.0324,1,2.6335
2479,38.2223,-3.2269,31.4447,49.2068,0.0663,1,2.6269
2480,38.9171,-3.0121,30.7645,49.3181,0.9958,1,2.4121
2481,38.9169,-3.0058,30.6984,49.2773,0.0664,1,2.4058
2482,39.5682,-2.8220,30.0185,49.3761,0.9594,1,2.2220
2483,39.5681,-2.8161,29.9523,49.3363,0.0664,1,2.2161
2484,40.1779,-2.6712,29.2740,49.4234,0.9236,1,2.0712
2485,40.1778,-2.6658,29.2078,49.3846,0.0664,1,2.0658
2486,40.7478,-2.5641,28.5330,49.4607,0.8892,1,1.9641
2487,40.7477,-2.5591,28.4667,49.4230,0.0665,1,1.9591
2488,41.2793,-2.5013,27.7977,49.4887,0.8565,1,1.9013
2489,41.2793,-2.4967,27.7313,49.4520,0.0665,1,1.8967
2490,41.7739,-2.4807,27.0703,49.5081,0.8258,1,1.8807
2491,41.7739,-2.4765,27.0039,49.4724,0.0665,1,1.8765
2492,42.2329,-2.4977,26.3532,49.5194,0.7966,1,1.8977
2493,42.2328,-2.4938,26.2868,49.4847,0.0666,1,1.8938
2494,42.6574,-2.5461,25.6486,49.5233,0.7683,1,1.9461
2495,42.6574,-2.5426,25.5822,49.4895,0.0666,1,1.9426
2496,43.0490,-2.6190,24.9586,49.5204,0.7402,1,2.0190
2497,43.0490,-2.6157,24.8921,49.4875,0.0666,1,2.0157
2498,43.4089,-2.7091,24.2851,49.5112,0.7118,1,2.1091
2499,43.4090,-2.7061,24.2186,49.4792,0.0666,1,2.1061
2500,43.7387,-2.8096,23.6299,49.4962,0.6826,1,2.2096
2501,43.7387,-2.8069,23.5634,49.4651,0.0666,1,2.2069
2502,44.0396,-2.9143,22.9948,49.4760,0.6522,1,2.3143
2503,44.0397,-2.9119,22.9282,49.4458,0.0666,1,2.3119
2504,44.3133,-3.0183,22.3814,49.4511,0.6207,1,2.4183
2505,44.3134,-3.0160,22.3148,49.4217,0.0666,1,2.4160
2506,44.5612,-3.1174,21.7911,49.4219,0.5881,1,2.5174
2507,44.5612,-3.1153,21.7245,49.3932,0.0666,1,2.5153
2508,44.7845,-3.2089,21.2255,49.3887,0.5546,1,2.6089
2509,44.7845,-3.2069,21.1589,49.3609,0.0666,1,2.6069
2510,44.9845,-3.2910,20.6859,49.3522,0.5203,1,2.6910
2511,44.9846,-3.2892,20.6193,49.3251,0.0666,1,2.6892
2512,45.1625,-3.3630,20.1738,49.3126,0.4854,1,2.7630
2513,45.1626,-3.3612,20.1071,49.2861,0.0666,1,2.7612
2514,45.3196,-3.4247,19.6902,49.2703,0.4500,1,2.8247
2515,45.3196,-3.4231,19.6236,49.2445,0.0666,1,2.8231
2516,45.4567,-3.4768,19.2366,49.2257,0.4141,1,2.8768
2517,45.4568,-3.4752,19.1700,49.2004,0.0666,1,2.8752
2518,45.5748,-3.5200,18.8140,49.1789,0.3777,1,2.9200
2519,45.5749,-3.5185,18.7473,49.1542,0.0667,1,2.9185
2520,45.6748,-3.5555,18.4234,49.1304,0.3410,1,2.9555
2521,45.6749,-3.5541,18.3568,49.1062,0.0666,1,2.9541
2522,45.7574,-3.5844,18.0659,49.0803,0.3039,1,2.9844
2523,45.7575,-3.5830,17.9993,49.0566,0.0667,1,2.9830
2524,45.8233,-3.6086,17.7425,49.0290,0.2664,1,3.0086
2525,45.8233,-3.6072,17.6758,49.0056,0.0667,1,3.0072
2526,45.8705,-3.6356,17.4636,48.9779,0.2192,1,3.0356
2527,45.8706,-3.6342,17.3970,48.9549,0.0667,1,3.0342
2528,45.9077,-3.6663,17.2174,48.9303,0.1862,1,3.0663
2529,45.9078,-3.6648,17.1507,48.9077,0.0667,1,3.0648
2530,45.9414,-3.6795,16.9887,48.8855,0.1661,1,3.0795
2531,45.9415,-3.6778,16.9221,48.8631,0.0666,1,3.0778
2532,45.9750,-3.6641,16.7689,48.8427,0.1574,1,3.0641
2533,45.9750,-3.6624,16.7023,48.8206,0.0666,1,3.0624
2534,46.0101,-3.6125,16.5498,48.8003,0.1642,1,3.0125
2535,46.0102,-3.6107,16.4832,48.7785,0.0666,1,3.0107
2536,46.0431,-3.5326,16.3337,48.7563,0.1718,1,2.9326
2537,46.0432,-3.5308,16.2671,48.7347,0.0666,1,2.9308
2538,46.0720,-3.4524,16.1327,48.7142,0.1582,1,2.8524
2539,46.0721,-3.4506,16.0661,48.6930,0.0666,1,2.8506
2540,46.0996,-3.3693,15.9385,48.6738,0.1538,1,2.7693
2541,46.0996,-3.3675,15.8719,48.6528,0.0666,1,2.7675
2542,46.1272,-3.2834,15.7459,48.6347,0.1539,1,2.6834
2543,46.1273,-3.2816,15.6793,48.6139,0.0666,1,2.6816
2544,46.1556,-3.1968,15.5518,48.5968,0.1557,1,2.5968
2545,46.1557,-3.1949,15.4852,48.5762,0.0666,1,2.5949
2546,46.1842,-3.1021,15.3479,48.5565,0.1681,1,2.5021
2547,46.1843,-3.1003,15.2813,48.5363,0.0666,1,2.5003
2548,46.2080,-3.0309,15.1541,48.5169,0.1468,1,2.4309
2549,46.2081,-3.0292,15.0875,48.4969,0.0666,1,2.4292
2550,46.2290,-2.9833,14.9678,48.4788,0.1299,1,2.3833
2551,46.2290,-2.9816,14.9011,48.4591,0.0666,1,2.3816
2552,46.2491,-2.9519,14.7830,48.4420,0.1235,1,2.3519
2553,46.2492,-2.9502,14.7164,48.4224,0.0666,1,2.3502
2554,46.2697,-2.9312,14.5963,48.4062,0.1233,1,2.3312
2555,46.2698,-2.9295,14.5297,48.3869,0.0666,1,2.3295
2556,46.2915,-2.9169,14.4055,48.3713,0.1267,1,2.3169
2557,46.2915,-2.9152,14.3388,48.3523,0.0666,1,2.3152
2558,46.3139,-2.8971,14.2027,48.3343,0.1391,1,2.2971
2559,46.3139,-2.8955,14.1361,48.3155,0.0666,1,2.2955
2560,46.3325,-2.8971,14.0089,48.2978,0.1286,1,2.2971
2561,46.3325,-2.8955,13.9423,48.2793,0.0666,1,2.2955
2562,46.3490,-2.9128,13.8218,48.2627,0.1228,1,2.3128
2563,46.3491,-2.9112,13.7552,48.2444,0.0666,1,2.3112
2564,46.3654,-2.9344,13.6358,48.2287,0.1227,1,2.3344
2565,46.3655,-2.9328,13.5692,48.2107,0.0666,1,2.3328
2566,46.3828,-2.9549,13.4475,48.1957,0.1249,1,2.3549
2567,46.3828,-2.9533,13.3809,48.1780,0.0666,1,2.3533
2568,46.4017,-2.9699,13.2549,48.1636,0.1284,1,2.3699
2569,46.4018,-2.9683,13.1883,48.1461,0.0666,1,2.3683
2570,46.4218,-2.9689,13.0504,48.1295,0.1394,1,2.3689
2571,46.4219,-2.9673,12.9837,48.1122,0.0666,1,2.3673
2572,46.4388,-2.9770,12.8548,48.0959,0.1304,1,2.3770
2573,46.4388,-2.9755,12.7881,48.0789,0.0667,1,2.3755
2574,46.4542,-2.9916,12.6659,48.0636,0.1242,1,2.3916
2575,46.4543,-2.9901,12.5993,48.0469,0.0667,1,2.3901
2576,46.4699,-3.0049,12.4781,48.0325,0.1230,1,2.4049
2577,46.4699,-3.0035,12.4115,48.0160,0.0667,1,2.4035
2578,46.4865,-3.0121,12.2881,48.0023,0.1248,1,2.4121
2579,46.4866,-3.0107,12.2215,47.9860,0.0667,1,2.4107
2580,46.5048,-3.0107,12.0939,47.9728,0.1289,1,2.4107
2581,46.5049,-3.0092,12.0272,47.9568,0.0667,1,2.4092
2582,46.5248,-3.0000,11.8942,47.9441,0.1349,1,2.4000
2583,46.5248,-2.9986,11.8275,47.9284,0.0667,1,2.3986
2584,46.5465,-2.9809,11.6883,47.9160,0.1420,1,2.3809
2585,46.5465,-2.9795,11.6217,47.9005,0.0667,1,2.3795
2586,46.5698,-2.9549,11.4759,47.8885,0.1497,1,2.3549
2587,46.5699,-2.9535,11.4093,47.8734,0.0667,1,2.3535
2588,46.5945,-2.9241,11.2566,47.8616,0.1574,1,2.3241
2589,46.5946,-2.9227,11.1899,47.8467,0.0667,1,2.3227
2590,46.6205,-2.8907,11.0302,47.8352,0.1650,1,2.2907
2591,46.6205,-2.8893,10.9635,47.8207,0.0667,1,2.2893
2592,46.6475,-2.8567,10.7965,47.8094,0.1723,1,2.2567
2593,46.6476,-2.8554,10.7299,47.7952,0.0667,1,2.2554
2594,46.6754,-2.8240,10.5556,47.7841,0.1793,1,2.2240
2595,46.6754,-2.8227,10.4889,47.7702,0.0667,1,2.2227
2596,46.7039,-2.7939,10.3072,47.7594,0.1862,1,2.1939
2597,46.7040,-2.7927,10.2406,47.7458,0.0667,1,2.1927
2598,46.7328,-2.7661,10.0525,47.7351,0.1922,1,2.1661
2599,46.7329,-2.7650,9.9858,47.7218,0.0667,1,2.1650
2600,46.7618,-2.7315,9.7935,47.7111,0.1974,1,2.1315
2601,46.7618,-2.7304,9.7268,47.6983,0.0667,1,2.1304
2602,46.7911,-2.6885,9.5291,47.6875,0.2043,1,2.0885
2603,46.7912,-2.6874,9.4624,47.6751,0.0667,1,2.0874
2604,46.8208,-2.6376,9.2585,47.6644,0.2120,1,2.0376
2605,46.8209,-2.6366,9.1918,47.6523,0.0667,1,2.0366
2606,46.8508,-2.5796,8.9814,47.6417,0.2201,1,1.9796
2607,46.8509,-2.5786,8.9147,47.6300,0.0667,1,1.9786
2608,46.8810,-2.5150,8.6976,47.6194,0.2282,1,1.9150
2609,46.8810,-2.5140,8.6310,47.6081,0.0667,1,1.9140
2610,46.9111,-2.4448,8.4071,47.5976,0.2362,1,1.8448
2611,46.9111,-2.4439,8.3405,47.5867,0.0667,1,1.8439
2612,46.9410,-2.3700,8.1100,47.5762,0.2439,1,1.7700
2613,46.9410,-2.3691,8.0433,47.5657,0.0667,1,1.7691
2614,46.9704,-2.2915,7.8061,47.5552,0.2513,1,1.6915
2615,46.9705,-2.2906,7.7395,47.5451,0.0667,1,1.6906
2616,46.9993,-2.2102,7.4957,47.5346,0.2583,1,1.6102
2617,46.9993,-2.2093,7.4291,47.5249,0.0667,1,1.6093
2618,47.0273,-2.1269,7.1787,47.5145,0.2650,1,1.5269
2619,47.0273,-2.1261,7.1121,47.5052,0.0667,1,1.5261
2620,47.0544,-2.0424,6.8553,47.4947,0.2715,1,1.4424
2621,47.0544,-2.0416,6.7886,47.4859,0.0667,1,1.4416
2622,47.0803,-1.9571,6.5254,47.4753,0.2777,1,1.3571
2623,47.0803,-1.9563,6.4587,47.4670,0.0667,1,1.3563
2624,47.1049,-1.8714,6.1890,47.4563,0.2838,1,1.2714
2625,47.1049,-1.8707,6.1224,47.4485,0.0667,1,1.2707
2626,47.1280,-1.7856,5.8463,47.4377,0.2898,1,1.1856
2627,47.1280,-1.7849,5.7797,47.4303,0.0667,1,1.1849
2628,47.1495,-1.6997,5.4973,47.4194,0.2957,1,1.0997
2629,47.1495,-1.6991,5.4306,47.4125,0.0667,1,1.0991
2630,47.1692,-1.6138,5.1420,47.4014,0.3016,1,1.0138
2631,47.1692,-1.6132,5.0754,47.3950,0.0667,1,1.0132
2632,47.1869,-1.5276,4.7805,47.3838,0.3075,1,0.9276
2633,47.1869,-1.5271,4.7138,47.3779,0.0667,1,0.9271
2634,47.2025,-1.4412,4.4128,47.3665,0.3134,1,0.8412
2635,47.2025,-1.4407,4.3461,47.3611,0.0667,1,0.8407
2636,47.2159,-1.3541,4.0390,47.3494,0.3194,1,0.7541
2637,47.2159,-1.3537,3.9724,47.3446,0.0667,1,0.7537
2638,47.2268,-1.2664,3.6592,47.3326,0.3253,1,0.6664
2639,47.2268,-1.2660,3.5925,47.3283,0.0667,1,0.6660
2640,47.2351,-1.1777,3.2733,47.3161,0.3313,1,0.5777
2641,47.2351,-1.1773,3.2067,47.3124,0.0667,1,0.5773
2642,47.2406,-1.0879,2.8816,47.2999,0.3372,1,0.4879
2643,47.2406,-1.0876,2.8149,47.2966,0.0667,1,0.4876
2644,47.2432,-0.9970,2.4839,47.2838,0.3432,1,0.3970
2645,47.2432,-0.9967,2.4173,47.2811,0.0667,1,0.3967
2646,47.2427,-0.9047,2.0805,47.2679,0.3491,1,0.3047
2647,47.2427,-0.9045,2.0138,47.2658,0.0667,1,0.3045
2648,47.2389,-0.8112,1.6714,47.2522,0.3550,1,0.2112
2649,47.2389,-0.8111,1.6047,47.2507,0.0667,1,0.2111
2650,47.2315,-0.7165,1.2566,47.2367,0.3608,1,0.1165
2651,47.2315,-0.7164,1.1899,47.2358,0.0667,1,0.1164
2652,47.2205,-0.6222,0.8370,47.2213,0.3654,1,0.0222
2653,47.2205,-0.6221,0.7704,47.2209,0.0667,1,0.0221
2654,47.2054,-0.5451,0.4146,47.2057,0.3643,1,0.0000
2655,47.2054,-0.5450,0.3480,47.2059,0.0667,1,0.0000
2656,47.1864,-0.4903,-0.0114,47.1900,0.3640,1,0.0000
2657,47.1864,-0.4903,-0.0780,47.1909,0.0667,1,0.0000
2658,47.1634,-0.4575,-0.4414,47.1744,0.3656,1,0.0000
2659,47.1634,-0.4575,-0.5081,47.1759,0.0667,1,0.0000
2660,47.1364,-0.4446,-0.8757,47.1587,0.3688,1,0.0000
2661,47.1364,-0.4446,-0.9423,47.1608,0.0667,1,0.0000
2662,47.1053,-0.4486,-1.3143,47.1430,0.3733,1,0.0000
2663,47.1053,-0.4485,-1.3809,47.1457,0.0667,1,0.0000
2664,47.0698,-0.4656,-1.7572,47.1274,0.3784,1,0.0000
2665,47.0698,-0.4656,-1.8239,47.1307,0.0667,1,0.0000
2666,47.0300,-0.4920,-2.2046,47.1117,0.3837,1,0.0000
2667,47.0300,-0.4919,-2.2713,47.1156,0.0667,1,0.0000
2668,46.9855,-0.5237,-2.6563,47.0960,0.3889,1,0.0000
2669,46.9855,-0.5238,-2.5896,47.0914,0.0667,1,0.0000
2670,46.9386,-0.5578,-2.8457,47.0625,0.2625,1,0.0000
2671,46.9386,-0.5579,-2.7790,47.0577,0.0667,1,0.0000
2672,46.8893,-0.5910,-3.0393,47.0278,0.2670,1,0.0000
2673,46.8893,-0.5911,-2.9726,47.0227,0.0667,1,0.0000
2674,46.8375,-0.6208,-3.2371,46.9917,0.2712,1,0.0208
2675,46.8375,-0.6209,-3.1705,46.9863,0.0667,1,0.0209
2676,46.7830,-0.6455,-3.4391,46.9542,0.2752,1,0.0455
2677,46.7830,-0.6456,-3.3724,46.9485,0.0667,1,0.0456
2678,46.7258,-0.6641,-3.6452,46.9153,0.2793,1,0.0641
2679,46.7258,-0.6642,-3.5785,46.9094,0.0667,1,0.0642
2680,46.6658,-0.6760,-3.8553,46.8749,0.2834,1,0.0760
2681,46.6659,-0.6761,-3.7887,46.8687,0.0667,1,0.0761
2682,46.6031,-0.6813,-4.0694,46.8331,0.2877,1,0.0813
2683,46.6031,-0.6815,-4.0027,46.8266,0.0667,1,0.0815
2684,46.5373,-0.6805,-4.2874,46.7898,0.2922,1,0.0805
2685,46.5373,-0.6806,-4.2207,46.7829,0.0667,1,0.0806
2686,46.4685,-0.6743,-4.5092,46.7449,0.2966,1,0.0743
2687,46.4685,-0.6744,-4.4425,46.7377,0.0667,1,0.0744
2688,46.3965,-0.6637,-4.7347,46.6985,0.3012,1,0.0637
2689,46.3965,-0.6638,-4.6681,46.6909,0.0667,1,0.0638
2690,46.3213,-0.6497,-4.9640,46.6504,0.3056,1,0.0497
2691,46.3213,-0.6498,-4.8973,46.6425,0.0667,1,0.0498
2692,46.2428,-0.6334,-5.1969,46.6006,0.3101,1,0.0334
2693,46.2428,-0.6335,-5.1302,46.5924,0.0667,1,0.0335
2694,46.1608,-0.6159,-5.4333,46.5491,0.3144,1,0.0159
2695,46.1608,-0.6160,-5.3666,46.5406,0.0667,1,0.0160
2696,46.0753,-0.5980,-5.6731,46.4959,0.3187,1,0.0000
2697,46.0753,-0.5981,-5.6065,46.4870,0.0667,1,0.0000
2698,45.9862,-0.5806,-5.9164,46.4410,0.3230,1,0.0000
2699,45.9862,-0.5807,-5.8497,46.4317,0.0667,1,0.0000
2700,45.8934,-0.5641,-6.1630,46.3842,0.3271,1,0.0000
2701,45.8934,-0.5642,-6.0963,46.3745,0.0667,1,0.0000
2702,45.7967,-0.5490,-6.4128,46.3255,0.3313,1,0.0000
2703,45.7967,-0.5491,-6.3461,46.3155,0.0667,1,0.0000
2704,45.6961,-0.5355,-6.6658,46.2649,0.3354,1,0.0000
2705,45.6961,-0.5356,-6.5991,46.2546,0.0667,1,0.0000
2706,45.5915,-0.5237,-6.9218,46.2025,0.3395,1,0.0000
2707,45.5915,-0.5238,-6.8552,46.1917,0.0667,1,0.0000
2708,45.4828,-0.5135,-7.1809,46.1380,0.3435,1,0.0000
2709,45.4828,-0.5136,-7.1142,46.1269,0.0667,1,0.0000
2710,45.3701,-0.5054,-7.4420,46.0716,0.3468,1,0.0000
2711,45.3701,-0.5055,-7.3754,46.0600,0.0667,1,0.0000
2712,45.2535,-0.4999,-7.7038,46.0031,0.3485,1,0.0000
2713,45.2535,-0.5001,-7.6371,45.9912,0.0667,1,0.0000
2714,45.1333,-0.4975,-7.9650,45.9327,0.3492,1,0.0000
2715,45.1333,-0.4976,-7.8983,45.9203,0.0667,1,0.0000
2716,45.0096,-0.4978,-8.2250,45.8603,0.3493,1,0.0000
2717,45.0096,-0.4980,-8.1583,45.8475,0.0667,1,0.0000
2718,44.8825,-0.5005,-8.4832,45.7859,0.3488,1,0.0000
2719,44.8825,-0.5006,-8.4165,45.7728,0.0667,1,0.0000
2720,44.7521,-0.5047,-8.7392,45.7095,0.3481,1,0.0000
2721,44.7521,-0.5049,-8.6726,45.6960,0.0667,1,0.0000
2722,44.6185,-0.5100,-8.9929,45.6312,0.3471,1,0.0000
2723,44.6185,-0.5101,-8.9263,45.6172,0.0667,1,0.0000
2724,44.4817,-0.5155,-9.2440,45.5508,0.3460,1,0.0000
2725,44.4817,-0.5157,-9.1773,45.5365,0.0667,1,0.0000
2726,44.3418,-0.5208,-9.4923,45.4685,0.3447,1,0.0000
2727,44.3418,-0.5209,-9.4257,45.4538,0.0667,1,0.0000
2728,44.1988,-0.5253,-9.7378,45.3841,0.3433,1,0.0000
2729,44.1988,-0.5254,-9.6711,45.3690,0.0667,1,0.0000
2730,44.0527,-0.5286,-9.9801,45.2977,0.3418,1,0.0000
2731,44.0527,-0.5287,-9.9135,45.2822,0.0667,1,0.0000
2732,43.9038,-0.5306,-10.2193,45.2093,0.3402,1,0.0000
2733,43.9037,-0.5307,-10.1527,45.1934,0.0667,1,0.0000
2734,43.7518,-0.5311,-10.4553,45.1188,0.3386,1,0.0000
2735,43.7518,-0.5312,-10.3886,45.1026,0.0667,1,0.0000
2736,43.5971,-0.5302,-10.6879,45.0264,0.3369,1,0.0000
2737,43.5971,-0.5303,-10.6212,45.0097,0.0667,1,0.0000
2738,43.4395,-0.5279,-10.9170,44.9318,0.3352,1,0.0000
2739,43.4395,-0.5281,-10.8504,44.9148,0.0667,1,0.0000
2740,43.2791,-0.5245,-11.1426,44.8352,0.3334,1,0.0000
2741,43.2791,-0.5246,-11.0760,44.8178,0.0667,1,0.0000
2742,43.1161,-0.5202,-11.3646,44.7366,0.3316,1,0.0000
2743,43.1161,-0.5203,-11.2980,44.7188,0.0667,1,0.0000
2744,42.9504,-0.5151,-11.5829,44.6358,0.3297,1,0.0000
2745,42.9504,-0.5152,-11.5163,44.6177,0.0667,1,0.0000
2746,42.7821,-0.5096,-11.7975,44.5330,0.3278,1,0.0000
2747,42.7821,-0.5097,-11.7308,44.5145,0.0667,1,0.0000
2748,42.6113,-0.5038,-12.0082,44.4281,0.3258,1,0.0000
2749,42.6113,-0.5039,-11.9415,44.4093,0.0667,1,0.0000
2750,42.4379,-0.4980,-12.2150,44.3211,0.3239,1,0.0000
2751,42.4379,-0.4981,-12.1484,44.3019,0.0667,1,0.0000
2752,42.2622,-0.4923,-12.4179,44.2120,0.3219,1,0.0000
2753,42.2622,-0.4924,-12.3513,44.1925,0.0667,1,0.0000
2754,42.0840,-0.4868,-12.6169,44.1008,0.3199,1,0.0000
2755,42.0840,-0.4870,-12.5502,44.0809,0.0667,1,0.0000
2756,41.9035,-0.4817,-12.8118,43.9875,0.3179,1,0.0000
2757,41.9035,-0.4819,-12.7451,43.9673,0.0667,1,0.0000
2758,41.7207,-0.4770,-13.0026,43.8721,0.3158,1,0.0000
2759,41.7207,-0.4772,-12.9359,43.8515,0.0667,1,0.0000
2760,41.5357,-0.4727,-13.1894,43.7545,0.3138,1,0.0000
2761,41.5357,-0.4728,-13.1227,43.7336,0.0667,1,0.0000
2762,41.3485,-0.4688,-13.3720,43.6348,0.3118,1,0.0000
2763,41.3485,-0.4689,-13.3053,43.6136,0.0667,1,0.0000
2764,41.1591,-0.4652,-13.5505,43.5130,0.3098,1,0.0000
2765,41.1591,-0.4653,-13.4839,43.4915,0.0667,1,0.0000
2766,40.9677,-0.4619,-13.7249,43.3891,0.3079,1,0.0000
2767,40.9677,-0.4620,-13.6582,43.3672,0.0667,1,0.0000
2768,40.7741,-0.4588,-13.8951,43.2631,0.3059,1,0.0000
2769,40.7741,-0.4590,-13.8285,43.2408,0.0667,1,0.0000
2770,40.5786,-0.4559,-14.0612,43.1348,0.3040,1,0.0000
2771,40.5786,-0.4561,-13.9946,43.1123,0.0667,1,0.0000
2772,40.3810,-0.4531,-14.2232,43.0045,0.3022,1,0.0000
2773,40.3810,-0.4533,-14.1565,42.9816,0.0667,1,0.0000
2774,40.1815,-0.4504,-14.3810,42.8720,0.3004,1,0.0000
2775,40.1815,-0.4505,-14.3144,42.8488,0.0667,1,0.0000
2776,39.9801,-0.4476,-14.5348,42.7373,0.2986,1,0.0000
2777,39.9801,-0.4477,-14.4681,42.7138,0.0667,1,0.0000
2778,39.7767,-0.4447,-14.6845,42.6005,0.2969,1,0.0000
2779,39.7767,-0.4449,-14.6178,42.5767,0.0667,1,0.0000
2780,39.5715,-0.4418,-14.8301,42.4616,0.2953,1,0.0000
2781,39.5715,-0.4419,-14.7635,42.4375,0.0667,1,0.0000
2782,39.3644,-0.4387,-14.9718,42.3204,0.2938,1,0.0000
2783,39.3644,-0.4389,-14.9051,42.2960,0.0667,1,0.0000
2784,39.1554,-0.4355,-15.1095,42.1772,0.2923,1,0.0000
2785,39.1554,-0.4357,-15.0429,42.1524,0.0667,1,0.0000
2786,38.9446,-0.4321,-15.2434,42.0317,0.2910,1,0.0000
2787,38.9446,-0.4323,-15.1767,42.0067,0.0667,1,0.0000
2788,38.7319,-0.4286,-15.3734,41.8841,0.2897,1,0.0000
2789,38.7319,-0.4287,-15.3068,41.8587,0.0667,1,0.0000
2790,38.5173,-0.4249,-15.4998,41.7342,0.2886,1,0.0000
2791,38.5174,-0.4251,-15.4331,41.7086,0.0667,1,0.0000
2792,38.3009,-0.4211,-15.6225,41.5822,0.2876,1,0.0000
2793,38.3009,-0.4212,-15.5558,41.5563,0.0667,1,0.0000
2794,38.0826,-0.4170,-15.7416,41.4280,0.2867,1,0.0000
2795,38.0826,-0.4172,-15.6750,41.4018,0.0667,1,0.0000
2796,37.8624,-0.4129,-15.8574,41.2715,0.2860,1,0.0000
2797,37.8624,-0.4130,-15.7907,41.2450,0.0667,1,0.0000
2798,37.6401,-0.4085,-15.9698,41.1129,0.2854,1,0.0000
2799,37.6401,-0.4087,-15.9032,41.0861,0.0667,1,0.0000
2800,37.4159,-0.4040,-16.0791,40.9520,0.2851,1,0.0000
2801,37.4159,-0.4042,-16.0124,40.9249,0.0667,1,0.0000
2802,37.1896,-0.3994,-16.1854,40.7889,0.2849,1,0.0000
2803,37.1896,-0.3995,-16.1187,40.7615,0.0667,1,0.0000
2804,36.9611,-0.3945,-16.2888,40.6235,0.2849,1,0.0000
2805,36.9611,-0.3946,-16.2221,40.5959,0.0667,1,0.0000
2806,36.7304,-0.3894,-16.3895,40.4559,0.2851,1,0.0000
2807,36.7304,-0.3896,-16.3229,40.4280,0.0667,1,0.0000
2808,36.4974,-0.3841,-16.4878,40.2859,0.2855,1,0.0000
2809,36.4974,-0.3843,-16.4211,40.2578,0.0667,1,0.0000
2810,36.2619,-0.3786,-16.5838,40.1137,0.2863,1,0.0000
2811,36.2619,-0.3787,-16.5171,40.0852,0.0667,1,0.0000
2812,36.0238,-0.3728,-16.6777,39.9391,0.2872,1,0.0000
2813,36.0238,-0.3729,-16.6111,39.9104,0.0667,1,0.0000
2814,35.7831,-0.3666,-16.7699,39.7622,0.2885,1,0.0000
2815,35.7831,-0.3667,-16.7033,39.7332,0.0667,1,0.0000
2816,35.5453,-0.3676,-16.8493,39.5832,0.2790,1,0.0000
2817,35.5453,-0.3678,-16.7826,39.5540,0.0667,1,0.0000
2818,35.3240,-0.3917,-16.8909,39.4030,0.2475,1,0.0000
2819,35.3240,-0.3918,-16.8242,39.3735,0.0667,1,0.0000
2820,35.1135,-0.4278,-16.9072,39.2214,0.2292,1,0.0000
2821,35.1135,-0.4280,-16.8405,39.1917,0.0667,1,0.0000
2822,34.9099,-0.4683,-16.9059,39.0385,0.2175,1,0.0000
2823,34.9099,-0.4685,-16.8392,39.0087,0.0667,1,0.0000
2824,34.7112,-0.5075,-16.8915,38.8544,0.2092,1,0.0000
2825,34.7112,-0.5077,-16.8249,38.8245,0.0667,1,0.0000
2826,34.5160,-0.5417,-16.8670,38.6690,0.2026,1,0.0000
2827,34.5160,-0.5419,-16.8004,38.6390,0.0667,1,0.0000
2828,34.3235,-0.5688,-16.8341,38.4823,0.1973,1,0.0000
2829,34.3235,-0.5689,-16.7674,38.4522,0.0667,1,0.0000
2830,34.1332,-0.5876,-16.7938,38.2944,0.1930,1,0.0000
2831,34.1332,-0.5877,-16.7271,38.2642,0.0667,1,0.0000
2832,33.9449,-0.5981,-16.7469,38.1053,0.1896,1,0.0000
2833,33.9449,-0.5983,-16.6802,38.0750,0.0667,1,0.0000
2834,33.7583,-0.6010,-16.6937,37.9150,0.1871,1,0.0010
2835,33.7584,-0.6012,-16.6270,37.8847,0.0667,1,0.0012
2836,33.5735,-0.5973,-16.6347,37.7235,0.1851,1,0.0000
2837,33.5735,-0.5975,-16.5680,37.6931,0.0667,1,0.0000
2838,33.3903,-0.5886,-16.5699,37.5309,0.1835,1,0.0000
2839,33.3903,-0.5887,-16.5033,37.5005,0.0667,1,0.0000
2840,33.2086,-0.5761,-16.4997,37.3373,0.1821,1,0.0000
2841,33.2086,-0.5763,-16.4330,37.3069,0.0667,1,0.0000
2842,33.0286,-0.5615,-16.4241,37.1426,0.1809,1,0.0000
2843,33.0286,-0.5617,-16.3575,37.1122,0.0667,1,0.0000
2844,32.8501,-0.5460,-16.3434,36.9469,0.1797,1,0.0000
2845,32.8501,-0.5462,-16.2767,36.9165,0.0667,1,0.0000
2846,32.6731,-0.5309,-16.2575,36.7503,0.1787,1,0.0000
2847,32.6731,-0.5311,-16.1909,36.7199,0.0667,1,0.0000
2848,32.4977,-0.5170,-16.1667,36.5528,0.1777,1,0.0000
2849,32.4977,-0.5171,-16.1001,36.5224,0.0667,1,0.0000
2850,32.3237,-0.5049,-16.0712,36.3545,0.1768,1,0.0000
2851,32.3237,-0.5050,-16.0045,36.3240,0.0667,1,0.0000
2852,32.1513,-0.4950,-15.9709,36.1553,0.1760,1,0.0000
2853,32.1513,-0.4952,-15.9043,36.1248,0.0667,1,0.0000
2854,31.9803,-0.4875,-15.8662,35.9553,0.1754,1,0.0000
2855,31.9803,-0.4876,-15.7995,35.9249,0.0667,1,0.0000
2856,31.8107,-0.4823,-15.7571,35.7547,0.1749,1,0.0000
2857,31.8107,-0.4824,-15.6904,35.7243,0.0667,1,0.0000
2858,31.6425,-0.4792,-15.6439,35.5533,0.1746,1,0.0000
2859,31.6425,-0.4794,-15.5772,35.5230,0.0667,1,0.0000
2860,31.4756,-0.4779,-15.5266,35.3514,0.1744,1,0.0000
2861,31.4756,-0.4780,-15.4600,35.3211,0.0667,1,0.0000
2862,31.3100,-0.4779,-15.4056,35.1488,0.1743,1,0.0000
2863,31.3100,-0.4781,-15.3389,35.1186,0.0667,1,0.0000
2864,31.1456,-0.4789,-15.2809,34.9458,0.1743,1,0.0000
2865,31.1456,-0.4791,-15.2142,34.9156,0.0667,1,0.0000
2866,30.9824,-0.4805,-15.1528,34.7422,0.1744,1,0.0000
2867,30.9824,-0.4806,-15.0862,34.7121,0.0667,1,0.0000
2868,30.8201,-0.4821,-15.0216,34.5382,0.1746,1,0.0000
2869,30.8201,-0.4823,-14.9549,34.5081,0.0667,1,0.0000
2870,30.6589,-0.4834,-14.8874,34.3337,0.1748,1,0.0000
2871,30.6589,-0.4836,-14.8207,34.3038,0.0667,1,0.0000
2872,30.4985,-0.4842,-14.7504,34.1289,0.1751,1,0.0000
2873,30.4985,-0.4844,-14.6838,34.0991,0.0667,1,0.0000
2874,30.3389,-0.4842,-14.6111,33.9238,0.1754,1,0.0000
2875,30.3389,-0.4844,-14.5444,33.8940,0.0667,1,0.0000
2876,30.1799,-0.4833,-14.4696,33.7183,0.1757,1,0.0000
2877,30.1799,-0.4834,-14.4030,33.6887,0.0667,1,0.0000
2878,30.0214,-0.4811,-14.3263,33.5126,0.1761,1,0.0000
2879,30.0214,-0.4813,-14.2597,33.4831,0.0667,1,0.0000
2880,29.8632,-0.4779,-14.1816,33.3067,0.1764,1,0.0000
2881,29.8632,-0.4780,-14.1149,33.2772,0.0667,1,0.0000
2882,29.7052,-0.4733,-14.0357,33.1005,0.1768,1,0.0000
2883,29.7052,-0.4735,-13.9691,33.0711,0.0667,1,0.0000
2884,29.5646,-0.4902,-13.8566,32.8953,0.1808,1,0.0000
2885,29.5646,-0.4904,-13.7899,32.8662,0.0667,1,0.0000
2886,29.4781,-0.5739,-13.5748,32.6946,0.2465,1,0.0000
2887,29.4781,-0.5741,-13.5081,32.6659,0.0667,1,0.0000
2888,29.4239,-0.6900,-13.2304,32.4982,0.3058,1,0.0900
2889,29.4239,-0.6902,-13.1637,32.4700,0.0667,1,0.0902
2890,29.3886,-0.8150,-12.8474,32.3060,0.3418,1,0.2150
2891,29.3886,-0.8151,-12.7808,32.2783,0.0667,1,0.2151
2892,29.3645,-0.9329,-12.4402,32.1180,0.3611,1,0.3329
2893,29.3645,-0.9331,-12.3736,32.0910,0.0667,1,0.3331
2894,29.3471,-1.0338,-12.0175,31.9343,0.3705,1,0.4338
2895,29.3471,-1.0340,-11.9508,31.9081,0.0667,1,0.4340
2896,29.3339,-1.1122,-11.5843,31.7551,0.3750,1,0.5122
2897,29.3339,-1.1124,-11.5177,31.7296,0.0667,1,0.5124
2898,29.3235,-1.1658,-11.1439,31.5804,0.3777,1,0.5658
2899,29.3234,-1.1660,-11.0772,31.5557,0.0667,1,0.5660
2900,29.3150,-1.1950,-10.6980,31.4105,0.3804,1,0.5950
2901,29.3150,-1.1952,-10.6313,31.3866,0.0667,1,0.5952
2902,29.3081,-1.2020,-10.2478,31.2455,0.3837,1,0.6020
2903,29.3081,-1.2022,-10.1811,31.2225,0.0667,1,0.6022
2904,29.3023,-1.1902,-9.7939,31.0856,0.3875,1,0.5902
2905,29.3023,-1.1904,-9.7272,31.0634,0.0667,1,0.5904
2906,29.2973,-1.1638,-9.3367,30.9309,0.3915,1,0.5638
2907,29.2973,-1.1641,-9.2700,30.9097,0.0667,1,0.5641
2908,29.2928,-1.1273,-8.8764,30.7818,0.3954,1,0.5273
2909,29.2928,-1.1276,-8.8097,30.7614,0.0667,1,0.5276
2910,29.2888,-1.0850,-8.4131,30.6383,0.3989,1,0.4850
2911,29.2888,-1.0852,-8.3465,30.6189,0.0667,1,0.4852
2912,29.2851,-1.0407,-7.9470,30.5008,0.4019,1,0.4407
2913,29.2851,-1.0409,-7.8804,30.4822,0.0667,1,0.4409
2914,29.2817,-0.9978,-7.4781,30.3692,0.4046,1,0.3978
2915,29.2817,-0.9980,-7.4114,30.3517,0.0667,1,0.3980
2916,29.2783,-0.9589,-7.0064,30.2440,0.4069,1,0.3589
2917,29.2783,-0.9592,-6.9397,30.2274,0.0667,1,0.3592
2918,29.2752,-0.9260,-6.5320,30.1253,0.4091,1,0.3260
2919,29.2752,-0.9262,-6.4653,30.1096,0.0667,1,0.3262
2920,29.2722,-0.9000,-6.0548,30.0132,0.4113,1,0.3000
2921,29.2722,-0.9002,-5.9882,29.9986,0.0667,1,0.3002
2922,29.2693,-0.8816,-5.5750,29.9080,0.4136,1,0.2816
2923,29.2693,-0.8818,-5.5083,29.8944,0.0667,1,0.2818
2924,29.2666,-0.8705,-5.0926,29.8099,0.4159,1,0.2705
2925,29.2666,-0.8708,-5.0259,29.7973,0.0667,1,0.2708
2926,29.2640,-0.8663,-4.6075,29.7191,0.4184,1,0.2663
2927,29.2640,-0.8665,-4.5409,29.7076,0.0667,1,0.2665
2928,29.2616,-0.8680,-4.1200,29.6357,0.4209,1,0.2680
2929,29.2616,-0.8682,-4.0533,29.6253,0.0667,1,0.2682
2930,29.2593,-0.8745,-3.6299,29.5600,0.4235,1,0.2745
2931,29.2593,-0.8747,-3.5632,29.5506,0.0667,1,0.2747
2932,29.2572,-0.8845,-3.1373,29.4921,0.4260,1,0.2845
2933,29.2572,-0.8847,-3.0706,29.4838,0.0667,1,0.2847
2934,29.2553,-0.8968,-2.6422,29.4323,0.4285,1,0.2968
2935,29.2553,-0.8970,-2.5756,29.4251,0.0667,1,0.2970
2936,29.2536,-0.9102,-2.1448,29.3806,0.4310,1,0.3102
2937,29.2536,-0.9105,-2.0781,29.3746,0.0667,1,0.3105
2938,29.2520,-0.9238,-1.6449,29.3373,0.4334,1,0.3238
2939,29.2520,-0.9241,-1.5783,29.3324,0.0667,1,0.3241
2940,29.2507,-0.9367,-1.1428,29.3025,0.4357,1,0.3367
2941,29.2507,-0.9370,-1.0761,29.2987,0.0667,1,0.3370
2942,29.2496,-0.9483,-0.6382,29.2764,0.4380,1,0.3483
2943,29.2496,-0.9485,-0.5716,29.2738,0.0667,1,0.3485
2944,29.2486,-0.9581,-0.1314,29.2592,0.4403,1,0.3581
2945,29.2486,-0.9584,-0.0648,29.2577,0.0667,1,0.3584
2946,29.2479,-0.9660,0.3777,29.2509,0.4425,1,0.3660
2947,29.2479,-0.9662,0.4444,29.2505,0.0667,1,0.3662
2948,29.2475,-0.9717,0.8890,29.2516,0.4447,1,0.3717
2949,29.2475,-0.9720,0.9557,29.2524,0.0667,1,0.3720
2950,29.2472,-0.9755,1.4026,29.2616,0.4469,1,0.3755
2951,29.2472,-0.9757,1.4693,29.2636,0.0667,1,0.3757
2952,29.2473,-0.9775,1.9184,29.2809,0.4491,1,0.3775
2953,29.2473,-0.9777,1.9850,29.2841,0.0667,1,0.3777
2954,29.2465,-1.0047,2.4740,29.3115,0.4897,1,0.4047
2955,29.2465,-1.0049,2.5407,29.3159,0.0667,1,0.4049
2956,29.2441,-1.0515,2.9314,29.3430,0.3935,1,0.4515
2957,29.2441,-1.0512,2.8648,29.3377,0.0667,1,0.4512
2958,29.2398,-1.1058,3.2771,29.3696,0.4160,1,0.5058
2959,29.2398,-1.1056,3.2104,29.3635,0.0667,1,0.5056
2960,29.2338,-1.1601,3.6361,29.3999,0.4292,1,0.5601
2961,29.2338,-1.1599,3.5694,29.3930,0.0667,1,0.5599
2962,29.2263,-1.2091,4.0034,29.4340,0.4368,1,0.6091
2963,29.2263,-1.2089,3.9368,29.4263,0.0667,1,0.6089
2964,29.2173,-1.2495,4.3761,29.4717,0.4413,1,0.6495
2965,29.2173,-1.2493,4.3094,29.4632,0.0667,1,0.6493
2966,29.2070,-1.2799,4.7523,29.5132,0.4441,1,0.6799
2967,29.2070,-1.2797,4.6857,29.5039,0.0667,1,0.6797
2968,29.1955,-1.2999,5.1311,29.5585,0.4460,1,0.6999
2969,29.1955,-1.2997,5.0644,29.5483,0.0667,1,0.6997
2970,29.1830,-1.3100,5.5116,29.6075,0.4476,1,0.7100
2971,29.1830,-1.3098,5.4450,29.5965,0.0667,1,0.7098
2972,29.1694,-1.3114,5.8938,29.6604,0.4490,1,0.7114
2973,29.1694,-1.3112,5.8271,29.6485,0.0667,1,0.7112
2974,29.1548,-1.3056,6.2773,29.7172,0.4505,1,0.7056
2975,29.1548,-1.3054,6.2107,29.7045,0.0667,1,0.7054
2976,29.1391,-1.2944,6.6622,29.7779,0.4519,1,0.6944
2977,29.1391,-1.2942,6.5955,29.7644,0.0667,1,0.6942
2978,29.1223,-1.2796,7.0483,29.8426,0.4534,1,0.6796
2979,29.1223,-1.2794,6.9817,29.8282,0.0667,1,0.6794
2980,29.1043,-1.2630,7.4358,29.9113,0.4548,1,0.6630
2981,29.1043,-1.2628,7.3691,29.8961,0.0667,1,0.6628
2982,29.0852,-1.2461,7.8247,29.9841,0.4562,1,0.6461
2983,29.0852,-1.2459,7.7580,29.9681,0.0667,1,0.6459
2984,29.0649,-1.2301,8.2150,30.0610,0.4577,1,0.6301
2985,29.0649,-1.2299,8.1483,30.0441,0.0667,1,0.6299
2986,29.0434,-1.2160,8.6068,30.1421,0.4592,1,0.6160
2987,29.0434,-1.2158,8.5402,30.1243,0.0667,1,0.6158
2988,29.0206,-1.2046,9.0003,30.2273,0.4608,1,0.6046
2989,29.0206,-1.2044,8.9336,30.2088,0.0667,1,0.6044
2990,28.9966,-1.1961,9.3954,30.3168,0.4625,1,0.5961
2991,28.9966,-1.1959,9.3287,30.2974,0.0667,1,0.5959
2992,28.9712,-1.1908,9.7923,30.4105,0.4643,1,0.5908
2993,28.9712,-1.1906,9.7256,30.3903,0.0667,1,0.5906
2994,28.9446,-1.1886,10.1911,30.5085,0.4662,1,0.5886
2995,28.9446,-1.1884,10.1244,30.4875,0.0667,1,0.5884
2996,28.9166,-1.1892,10.5919,30.6108,0.4683,1,0.5892
2997,28.9166,-1.1890,10.5252,30.5891,0.0667,1,0.5890
2998,28.8872,-1.1923,10.9948,30.7176,0.4705,1,0.5923
2999,28.8872,-1.1921,10.9281,30.6950,0.0667,1,0.5921
3000,28.8563,-1.1975,11.3999,30.8287,0.4729,1,0.5975
3001,28.8563,-1.1973,11.3333,30.8053,0.0667,1,0.5973
3002,28.8240,-1.2043,11.8075,30.9443,0.4754,1,0.6043
3003,28.8240,-1.2040,11.7408,30.9201,0.0667,1,0.6040
3004,28.7901,-1.2122,12.2176,31.0643,0.4781,1,0.6122
3005,28.7901,-1.2120,12.1510,31.0393,0.0667,1,0.6120
3006,28.7544,-1.2210,12.6305,31.1888,0.4810,1,0.6210
3007,28.7544,-1.2208,12.5639,31.1631,0.0667,1,0.6208
3008,28.7170,-1.2302,13.0464,31.3179,0.4841,1,0.6302
3009,28.7170,-1.2300,12.9797,31.2914,0.0667,1,0.6300
3010,28.6776,-1.2397,13.4656,31.4515,0.4875,1,0.6397
3011,28.6776,-1.2395,13.3989,31.4242,0.0667,1,0.6395
3012,28.6361,-1.2493,13.8882,31.5898,0.4911,1,0.6493
3013,28.6361,-1.2491,13.8215,31.5617,0.0667,1,0.6491
3014,28.6439,-1.1750,14.1974,31.7270,0.3832,1,0.5750
3015,28.6439,-1.1748,14.1307,31.6984,0.0667,1,0.5748
3016,28.6973,-1.0323,14.4058,31.8630,0.3144,1,0.4323
3017,28.6973,-1.0321,14.3391,31.8341,0.0667,1,0.4321
3018,28.7786,-0.8581,14.5538,31.9987,0.2880,1,0.2581
3019,28.7786,-0.8579,14.4871,31.9696,0.0667,1,0.2579
3020,28.8764,-0.6775,14.6659,32.1348,0.2722,1,0.0775
3021,28.8764,-0.6773,14.5993,32.1056,0.0667,1,0.0773
3022,28.9841,-0.5072,14.7572,32.2716,0.2558,1,0.0000
3023,28.9840,-0.5071,14.6905,32.2423,0.0667,1,0.0000
3024,29.0976,-0.3582,14.8365,32.4092,0.2374,1,0.0000
3025,29.0976,-0.3580,14.7699,32.3799,0.0667,1,0.0000
3026,29.2149,-0.2366,14.9094,32.5478,0.2190,1,0.0000
3027,29.2149,-0.2364,14.8428,32.5184,0.0667,1,0.0000
3028,29.3348,-0.1451,14.9789,32.6872,0.2031,1,0.0000
3029,29.3348,-0.1449,14.9122,32.6578,0.0667,1,0.0000
3030,29.4568,-0.0836,15.0467,32.8275,0.1916,1,0.0000
3031,29.4568,-0.0834,14.9800,32.7981,0.0667,1,0.0000
3032,29.5806,-0.0500,15.1136,32.9686,0.1852,1,0.0000
3033,29.5806,-0.0498,15.0470,32.9393,0.0667,1,0.0000
3034,29.7061,-0.0407,15.1800,33.1106,0.1831,1,0.0000
3035,29.7061,-0.0405,15.1133,33.0812,0.0667,1,0.0000
3036,29.8331,-0.0509,15.2456,33.2534,0.1837,1,0.0000
3037,29.8331,-0.0507,15.1789,33.2240,0.0667,1,0.0000
3038,29.9617,-0.0756,15.3102,33.3969,0.1855,1,0.0000
3039,29.9617,-0.0754,15.2435,33.3675,0.0667,1,0.0000
3040,30.0920,-0.1095,15.3732,33.5411,0.1870,1,0.0000
3041,30.0920,-0.1094,15.3066,33.5117,0.0667,1,0.0000
3042,30.2241,-0.1477,15.4341,33.6859,0.1876,1,0.0000
3043,30.2241,-0.1476,15.3674,33.6566,0.0667,1,0.0000
3044,30.3582,-0.1857,15.4919,33.8314,0.1870,1,0.0000
3045,30.3582,-0.1855,15.4253,33.8020,0.0667,1,0.0000
3046,30.4948,-0.2194,15.5459,33.9773,0.1853,1,0.0000
3047,30.4948,-0.2192,15.4792,33.9479,0.0667,1,0.0000
3048,30.6340,-0.2458,15.5948,34.1236,0.1830,1,0.0000
3049,30.6340,-0.2456,15.5282,34.0943,0.0667,1,0.0000
3050,30.8032,-0.2158,15.5748,34.2670,0.1779,1,0.0000
3051,30.8032,-0.2156,15.5081,34.2379,0.0667,1,0.0000
3052,31.0580,-0.0295,15.3446,34.3993,0.3554,1,0.0000
3053,31.0580,-0.0294,15.2779,34.3707,0.0667,1,0.0000
3054,31.3578,0.2419,14.9822,34.5229,0.5010,1,0.0000
3055,31.3578,0.2420,14.9155,34.4951,0.0667,1,0.0000
3056,31.6763,0.5487,14.5369,34.6392,0.5821,1,0.0000
3057,31.6763,0.5487,14.4702,34.6124,0.0667,1,0.0000
3058,31.9976,0.8554,14.0400,34.7490,0.6184,1,0.0000
3059,31.9976,0.8555,13.9733,34.7232,0.0667,1,0.0000
3060,32.3129,1.1378,13.5116,34.8528,0.6263,1,0.0000
3061,32.3129,1.1379,13.4449,34.8280,0.0667,1,0.0000
3062,32.6179,1.3797,12.9644,34.9507,0.6184,1,0.0000
3063,32.6179,1.3798,12.8977,34.9271,0.0667,1,0.0000
3064,32.9108,1.5718,12.4063,35.0430,0.6034,1,0.0000
3065,32.9108,1.5718,12.3396,35.0205,0.0667,1,0.0000
3066,33.1907,1.7101,11.8421,35.1296,0.5874,1,0.0000
3067,33.1907,1.7102,11.7755,35.1083,0.0667,1,0.0000
3068,33.4574,1.7954,11.2748,35.2107,0.5737,1,0.0000
3069,33.4574,1.7955,11.2081,35.1905,0.0667,1,0.0000
3070,33.7107,1.8316,10.7059,35.2863,0.5636,1,0.0000
3071,33.7107,1.8317,10.6393,35.2672,0.0667,1,0.0000
3072,33.9502,1.8253,10.1365,35.3564,0.5569,1,0.0000
3073,33.9502,1.8254,10.0698,35.3384,0.0667,1,0.0000
3074,34.1754,1.7849,9.5668,35.4209,0.5526,1,0.0000
3075,34.1754,1.7849,9.5001,35.4041,0.0667,1,0.0000
3076,34.3858,1.7193,8.9969,35.4800,0.5494,1,0.0000
3077,34.3858,1.7194,8.9303,35.4642,0.0667,1,0.0000
3078,34.5810,1.6379,8.4267,35.5335,0.5462,1,0.0000
3079,34.5810,1.6379,8.3600,35.5188,0.0667,1,0.0000
3080,34.7605,1.5494,7.8556,35.5814,0.5427,1,0.0000
3081,34.7605,1.5495,7.7889,35.5678,0.0667,1,0.0000
3082,34.9241,1.4617,7.2831,35.6238,0.5388,1,0.0000
3083,34.9241,1.4617,7.2164,35.6113,0.0667,1,0.0000
3084,35.0718,1.3813,6.7084,35.6605,0.5351,1,0.0000
3085,35.0718,1.3813,6.6417,35.6491,0.0667,1,0.0000
3086,35.2034,1.3131,6.1307,35.6916,0.5321,1,0.0000
3087,35.2034,1.3131,6.0641,35.6813,0.0667,1,0.0000
3088,35.3189,1.2608,5.5489,35.7170,0.5305,1,0.0000
3089,35.3189,1.2608,5.4823,35.7078,0.0667,1,0.0000
3090,35.4183,1.2264,4.9619,35.7366,0.5309,1,0.0000
3091,35.4183,1.2264,4.8953,35.7285,0.0667,1,0.0000
3092,35.5015,1.2106,4.3683,35.7503,0.5337,1,0.0000
3093,35.5015,1.2106,4.3017,35.7433,0.0667,1,0.0000
3094,35.5684,1.2130,3.7667,35.7580,0.5392,1,0.0000
3095,35.5684,1.2130,3.7000,35.7521,0.0667,1,0.0000
3096,35.6187,1.2325,3.1553,35.7596,0.5474,1,0.0000
3097,35.6187,1.2325,3.0886,35.7548,0.0667,1,0.0000
3098,35.6520,1.2673,2.5323,35.7549,0.5584,1,0.0000
3099,35.6520,1.2673,2.4656,35.7513,0.0667,1,0.0000
3100,35.6678,1.3144,1.8966,35.7438,0.5711,1,0.0000
3101,35.6678,1.3145,1.8300,35.7414,0.0667,1,0.0000
3102,35.6724,1.2844,1.3709,35.7312,0.4601,1,0.0000
3103,35.6724,1.2844,1.3042,35.7297,0.0667,1,0.0000
3104,35.6711,1.1829,0.9515,35.7176,0.3670,1,0.0000
3105,35.6711,1.1829,0.8848,35.7170,0.0667,1,0.0000
3106,35.6648,1.0406,0.6035,35.7025,0.3153,1,0.0000
3107,35.6648,1.0407,0.5369,35.7025,0.0667,1,0.0000
3108,35.6540,0.8795,0.3051,35.6856,0.2825,1,0.0000
3109,35.6540,0.8796,0.2384,35.6862,0.0667,1,0.0000
3110,35.6387,0.7155,0.0424,35.6668,0.2561,1,0.0000
3111,35.6387,0.7156,-0.0243,35.6678,0.0667,1,0.0000
3112,35.6191,0.5601,-0.1933,35.6461,0.2305,1,0.0000
3113,35.6191,0.5601,-0.2599,35.6476,0.0667,1,0.0000
3114,35.5956,0.4209,-0.4073,35.6236,0.2041,1,0.0000
3115,35.5956,0.4210,-0.4740,35.6254,0.0667,1,0.0000
3116,35.5686,0.3028,-0.6034,35.5993,0.1773,1,0.0000
3117,35.5686,0.3029,-0.6701,35.6016,0.0667,1,0.0000
3118,35.5387,0.2080,-0.7839,35.5735,0.1511,1,0.0000
3119,35.5386,0.2081,-0.8505,35.5760,0.0667,1,0.0000
3120,35.5061,0.1369,-0.9502,35.5461,0.1268,1,0.0000
3121,35.5061,0.1370,-1.0169,35.5490,0.0667,1,0.0000
3122,35.4714,0.0881,-1.1036,35.5174,0.1054,1,0.0000
3123,35.4714,0.0882,-1.1703,35.5206,0.0667,1,0.0000
3124,35.4350,0.0592,-1.2449,35.4873,0.0880,1,0.0000
3125,35.4350,0.0593,-1.3116,35.4908,0.0667,1,0.0000
3126,35.3971,0.0469,-1.3748,35.4561,0.0747,1,0.0000
3127,35.3971,0.0471,-1.4414,35.4599,0.0667,1,0.0000
3128,35.3580,0.0477,-1.4937,35.4238,0.0653,1,0.0000
3129,35.3579,0.0479,-1.5604,35.4278,0.0667,1,0.0000
3130,35.3179,0.0579,-1.6023,35.3905,0.0588,1,0.0000
3131,35.3179,0.0580,-1.6689,35.3947,0.0667,1,0.0000
3132,35.2771,0.0738,-1.7009,35.3563,0.0542,1,0.0000
3133,35.2771,0.0740,-1.7675,35.3606,0.0667,1,0.0000
3134,35.2357,0.0924,-1.7899,35.3212,0.0505,1,0.0000
3135,35.2357,0.0925,-1.8566,35.3257,0.0667,1,0.0000
3136,35.1940,0.1109,-1.8700,35.2854,0.0475,1,0.0000
3137,35.1940,0.1111,-1.9366,35.2900,0.0667,1,0.0000
3138,35.1534,-0.0357,-1.9910,35.2509,0.1617,1,0.0000
3139,35.1534,-0.0358,-2.0577,35.2558,0.0667,1,0.0000
3140,35.1118,-0.4399,-2.1681,35.2185,0.4210,1,0.0000
3141,35.1119,-0.4406,-2.2348,35.2238,0.0667,1,0.0000
3142,35.0671,-0.7792,-2.2991,35.1844,0.3475,1,0.1792
3143,35.0671,-0.7805,-2.3657,35.1900,0.0667,1,0.1805
3144,35.0216,-1.0088,-2.3915,35.1487,0.2343,1,0.4088
3145,35.0216,-1.0109,-2.4581,35.1544,0.0666,1,0.4109
3146,34.9767,-1.1398,-2.4585,35.1115,0.1365,1,0.5398
3147,34.9767,-1.1425,-2.5251,35.1173,0.0666,1,0.5425
3148,34.9347,-1.1801,-2.3753,35.0632,0.1601,1,0.5801
3149,34.9347,-1.1767,-2.3088,35.0576,0.0666,1,0.5767
3150,34.8968,-1.1428,-2.1474,35.0064,0.1692,1,0.5428
3151,34.8968,-1.1386,-2.0810,35.0012,0.0665,1,0.5386
3152,34.8623,-1.0512,-1.9116,34.9532,0.1937,1,0.4512
3153,34.8622,-1.0461,-1.8453,34.9484,0.0665,1,0.4461
3154,34.8305,-0.9225,-1.6701,34.9037,0.2168,1,0.3225
3155,34.8304,-0.9166,-1.6039,34.8994,0.0664,1,0.3166
3156,34.8010,-0.7728,-1.4243,34.8583,0.2320,1,0.1728
3157,34.8009,-0.7661,-1.3583,34.8545,0.0663,1,0.1661
3158,34.7734,-0.6158,-1.1752,34.8171,0.2385,1,0.0158
3159,34.7733,-0.6083,-1.1094,34.8136,0.0662,1,0.0083
3160,34.7476,-0.5372,-0.9398,34.7803,0.1857,1,0.0000
3161,34.7474,-0.5290,-0.8742,34.7773,0.0662,1,0.0000
3162,34.7244,-0.5096,-0.7059,34.7478,0.1710,1,0.0000
3163,34.7242,-0.5008,-0.6404,34.7453,0.0661,1,0.0000
3164,34.7038,-0.4422,-0.4647,34.7195,0.1863,1,0.0000
3165,34.7036,-0.4328,-0.3994,34.7174,0.0660,1,0.0000
3166,34.6859,-0.3686,-0.2173,34.6955,0.1938,1,0.0000
3167,34.6856,-0.3589,-0.1521,34.6939,0.0659,1,0.0000
3168,34.6704,-0.2956,0.0348,34.6758,0.1979,1,0.0000
3169,34.6701,-0.2858,0.0999,34.6746,0.0659,1,0.0000
3170,34.6573,-0.2280,0.2905,34.6604,0.1995,1,0.0000
3171,34.6570,-0.2182,0.3557,34.6597,0.0659,1,0.0000
3172,34.6467,-0.1685,0.5486,34.6494,0.1996,1,0.0000
3173,34.6463,-0.1588,0.6139,34.6491,0.0659,1,0.0000
3174,34.6384,-0.1179,0.8081,34.6426,0.1986,1,0.0000
3175,34.6380,-0.1084,0.8734,34.6428,0.0660,1,0.0000
3176,34.6326,-0.0761,1.0675,34.6402,0.1969,1,0.0000
3177,34.6322,-0.0668,1.1328,34.6409,0.0660,1,0.0000
3178,34.6292,-0.0419,1.3255,34.6420,0.1943,1,0.0000
3179,34.6288,-0.0328,1.3909,34.6432,0.0660,1,0.0000
3180,34.6283,-0.0136,1.5807,34.6480,0.1908,1,0.0000
3181,34.6278,-0.0046,1.6461,34.6497,0.0660,1,0.0000
3182,34.6298,0.0107,1.8318,34.6583,0.1863,1,0.0000
3183,34.6293,0.0196,1.8972,34.6604,0.0661,1,0.0000
3184,34.6339,0.0326,2.0777,34.6726,0.1810,1,0.0000
3185,34.6334,0.0414,2.1431,34.6752,0.0661,1,0.0000
3186,34.6412,-0.1019,2.4823,34.6976,0.3683,1,0.0000
3187,34.6407,-0.0932,2.5478,34.7010,0.0661,1,0.0000
3188,34.6476,-0.3442,2.8861,34.7261,0.4213,1,0.0000
3189,34.6479,-0.3527,2.8205,34.7220,0.0661,1,0.0000
3190,34.6507,-0.6222,3.2145,34.7517,0.4774,1,0.0222
3191,34.6510,-0.6304,3.1489,34.7471,0.0662,1,0.0304
3192,34.6491,-0.9111,3.5822,34.7814,0.5163,1,0.3111
3193,34.6493,-0.9187,3.5164,34.7761,0.0662,1,0.3187
3194,34.6444,-1.1911,3.9524,34.8145,0.5141,1,0.5911
3195,34.6446,-1.1981,3.8865,34.8084,0.0663,1,0.5981
3196,34.6379,-1.4544,4.3143,34.8506,0.4988,1,0.8544
3197,34.6380,-1.4607,4.2483,34.8438,0.0664,1,0.8607
3198,34.6304,-1.6991,4.6675,34.8897,0.4823,1,1.0991
3199,34.6304,-1.7045,4.6013,34.8822,0.0664,1,1.1045
3200,34.6225,-1.9246,5.0117,34.9318,0.4658,1,1.3246
3201,34.6225,-1.9289,4.9453,34.9236,0.0665,1,1.3289
3202,34.6149,-2.1315,5.3467,34.9770,0.4498,1,1.5315
3203,34.6149,-2.1347,5.2802,34.9681,0.0666,1,1.5347
3204,34.6016,-2.3529,5.7205,35.0272,0.4916,1,1.7529
3205,34.6016,-2.3548,5.6539,35.0176,0.0666,1,1.7548
3206,34.5832,-2.5625,6.1306,35.0830,0.5203,1,1.9625
3207,34.5832,-2.5632,6.0639,35.0725,0.0667,1,1.9632
3208,34.5614,-2.7580,6.5617,35.1439,0.5350,1,2.1580
3209,34.5614,-2.7577,6.4951,35.1326,0.0667,1,2.1577
3210,34.5347,-2.9730,7.0056,35.2100,0.5548,1,2.3730
3211,34.5347,-2.9718,6.9390,35.1978,0.0667,1,2.3718
3212,34.4995,-3.2475,7.4592,35.2808,0.5899,1,2.6475
3213,34.4995,-3.2456,7.3926,35.2677,0.0666,1,2.6456
3214,34.4566,-3.5588,7.9156,35.3557,0.6110,1,2.9588
3215,34.4567,-3.5562,7.8490,35.3418,0.0666,1,2.9562
3216,34.4049,-3.8824,8.3814,35.4338,0.6265,1,3.2824
3217,34.4050,-3.8791,8.3149,35.4190,0.0666,1,3.2791
3218,34.3435,-4.2132,8.8583,35.5147,0.6409,1,3.6132
3219,34.3436,-4.2092,8.7919,35.4989,0.0665,1,3.6092
3220,34.2737,-4.5347,9.3454,35.5983,0.6459,1,3.9347
3221,34.2739,-4.5300,9.2790,35.5817,0.0665,1,3.9300
3222,34.2069,-4.8233,9.8145,35.6858,0.6142,1,4.2233
3223,34.2071,-4.8178,9.7483,35.6683,0.0664,1,4.2178
3224,34.1518,-5.0380,10.2613,35.7776,0.5610,1,4.4380
3225,34.1521,-5.0319,10.1952,35.7593,0.0664,1,4.4319
3226,34.1074,-5.1665,10.7053,35.8743,0.5294,1,4.5665
3227,34.1077,-5.1597,10.6393,35.8552,0.0663,1,4.5597
3228,34.0740,-5.2005,11.1530,35.9761,0.5164,1,4.6005
3229,34.0743,-5.1931,11.0872,35.9562,0.0662,1,4.5931
3230,34.0514,-5.1495,11.6032,36.0834,0.5184,1,4.5495
3231,34.0518,-5.1414,11.5375,36.0627,0.0662,1,4.5414
3232,34.0329,-5.0922,12.0473,36.1971,0.5125,1,4.4922
3233,34.0332,-5.0834,11.9818,36.1757,0.0661,1,4.4834
3234,34.0130,-5.0664,12.4870,36.3172,0.5058,1,4.4664
3235,34.0134,-5.0569,12.4217,36.2950,0.0660,1,4.4569
3236,33.9889,-5.0623,12.9332,36.4431,0.5121,1,4.4623
3237,33.9892,-5.0523,12.8681,36.4201,0.0659,1,4.4523
3238,33.9634,-5.0349,13.3923,36.5745,0.5252,1,4.4349
3239,33.9637,-5.0246,13.3273,36.5507,0.0658,1,4.4246
3240,33.9357,-4.9826,13.8653,36.7111,0.5403,1,4.3826
3241,33.9360,-4.9721,13.8003,36.6866,0.0658,1,4.3721
3242,33.9052,-4.9052,14.3515,36.8528,0.5561,1,4.3052
3243,33.9054,-4.8947,14.2866,36.8276,0.0658,1,4.2947
3244,33.8717,-4.8114,14.8479,36.9998,0.5685,1,4.2114
3245,33.8719,-4.8011,14.7828,36.9738,0.0658,1,4.2011
3246,33.8349,-4.7135,15.3504,37.1522,0.5754,1,4.1135
3247,33.8351,-4.7034,15.2853,37.1254,0.0659,1,4.1034
3248,33.7951,-4.6215,15.8559,37.3102,0.5779,1,4.0215
3249,33.7952,-4.6116,15.7908,37.2826,0.0659,1,4.0116
3250,33.7525,-4.5424,16.3625,37.4739,0.5775,1,3.9424
3251,33.7527,-4.5327,16.2973,37.4456,0.0659,1,3.9327
3252,33.7076,-4.4800,16.8689,37.6434,0.5758,1,3.8800
3253,33.7077,-4.4705,16.8036,37.6144,0.0660,1,3.8705
3254,33.6526,-4.1651,17.4377,37.8133,0.7059,1,3.5651
3255,33.6527,-4.1561,17.3722,37.7834,0.0660,1,3.5561
3256,33.5963,-3.5874,18.0333,37.9833,0.8738,1,2.9874
3257,33.5963,-3.5791,17.9677,37.9525,0.0661,1,2.9791
3258,33.5578,-3.1518,18.5501,38.1582,0.7233,1,2.5518
3259,33.5577,-3.1445,18.4842,38.1267,0.0663,1,2.5445
3260,33.5144,-2.8031,19.0549,38.3391,0.6664,1,2.2031
3261,33.5143,-2.7966,18.9889,38.3069,0.0663,1,2.1966
3262,33.4671,-2.5261,19.5528,38.5258,0.6273,1,1.9261
3263,33.4671,-2.5205,19.4866,38.4929,0.0664,1,1.9205
3264,33.4169,-2.3032,20.0472,38.7180,0.6033,1,1.7032
3265,33.4168,-2.2984,19.9809,38.6844,0.0665,1,1.6984
3266,33.3643,-2.1159,20.5401,38.9155,0.5905,1,1.5159
3267,33.3643,-2.1120,20.4736,38.8813,0.0666,1,1.5120
3268,33.3102,-1.9465,21.0324,39.1183,0.5853,1,1.3465
3269,33.3102,-1.9434,20.9659,39.0834,0.0666,1,1.3434
3270,33.2551,-1.7790,21.5247,39.3260,0.5851,1,1.1790
3271,33.2551,-1.7767,21.4581,39.2905,0.0666,1,1.1767
3272,33.1996,-1.5996,22.0167,39.5388,0.5887,1,0.9996
3273,33.1996,-1.5983,21.9500,39.5027,0.0667,1,0.9983
3274,33.1439,-1.3976,22.5081,39.7566,0.5957,1,0.7976
3275,33.1439,-1.3971,22.4415,39.7198,0.0667,1,0.7971
3276,33.0883,-1.1591,22.9984,39.9792,0.6082,1,0.5591
3277,33.0883,-1.1594,22.9318,39.9418,0.0667,1,0.5594
3278,33.0304,-0.9900,23.4880,40.2064,0.5844,1,0.3900
3279,33.0304,-0.9908,23.4214,40.1684,0.0667,1,0.3908
3280,32.9700,-0.9174,23.9787,40.4382,0.5653,1,0.3174
3281,32.9700,-0.9186,23.9120,40.3997,0.0667,1,0.3186
3282,32.9076,-0.9191,24.4710,40.6747,0.5624,1,0.3191
3283,32.9076,-0.9202,24.4043,40.6356,0.0667,1,0.3202
3284,32.8432,-0.9710,24.9650,40.9158,0.5667,1,0.3710
3285,32.8432,-0.9720,24.8984,40.8761,0.0667,1,0.3720
3286,32.7770,-1.0511,25.4610,41.1615,0.5720,1,0.4511
3287,32.7770,-1.0519,25.3943,41.1212,0.0667,1,0.4519
3288,32.7088,-1.1411,25.9592,41.4119,0.5759,1,0.5411
3289,32.7088,-1.1416,25.8925,41.3711,0.0667,1,0.5416
3290,32.7296,-1.1395,26.3392,41.6623,0.4472,1,0.5395
3291,32.7296,-1.1397,26.2725,41.6211,0.0667,1,0.5397
3292,32.8321,-1.0523,26.6145,41.9123,0.3675,1,0.4523
3293,32.8321,-1.0523,26.5479,41.8709,0.0667,1,0.4523
3294,32.9849,-0.9119,26.8267,42.1627,0.3476,1,0.3119
3295,32.9849,-0.9118,26.7600,42.1213,0.0667,1,0.3118
3296,33.1683,-0.7422,27.0009,42.4138,0.3470,1,0.1422
3297,33.1683,-0.7419,26.9342,42.3723,0.0667,1,0.1419
3298,33.3701,-0.5616,27.1521,42.6656,0.3474,1,0.0000
3299,33.3701,-0.5613,27.0854,42.6241,0.0667,1,0.0000
3300,33.5832,-0.3848,27.2891,42.9182,0.3436,1,0.0000
3301,33.5832,-0.3844,27.2225,42.8767,0.0667,1,0.0000
3302,33.8035,-0.2231,27.4173,43.1715,0.3355,1,0.0000
3303,33.8035,-0.2227,27.3506,43.1301,0.0667,1,0.0000
3304,34.0291,-0.0844,27.5393,43.4255,0.3250,1,0.0000
3305,34.0291,-0.0841,27.4726,43.3841,0.0667,1,0.0000
3306,34.2592,0.0263,27.6565,43.6800,0.3145,1,0.0000
3307,34.2591,0.0266,27.5898,43.6387,0.0667,1,0.0000
3308,34.4935,0.1073,27.7694,43.9351,0.3061,1,0.0000
3309,34.4934,0.1076,27.7028,43.8938,0.0667,1,0.0000
3310,34.7321,0.1593,27.8780,44.1906,0.3006,1,0.0000
3311,34.7321,0.1596,27.8113,44.1494,0.0667,1,0.0000
3312,34.9755,0.1855,27.9816,44.4465,0.2982,1,0.0000
3313,34.9755,0.1857,27.9149,44.4054,0.0667,1,0.0000
3314,35.2242,0.1905,28.0794,44.7026,0.2981,1,0.0000
3315,35.2242,0.1907,28.0127,44.6616,0.0667,1,0.0000
3316,35.4787,0.1800,28.1700,44.9588,0.2994,1,0.0000
3317,35.4787,0.1802,28.1033,44.9179,0.0667,1,0.0000
3318,35.7400,0.1605,28.2518,45.2150,0.3012,1,0.0000
3319,35.7400,0.1606,28.1852,45.1742,0.0667,1,0.0000
3320,36.0085,0.1377,28.3237,45.4710,0.3031,1,0.0000
3321,36.0085,0.1379,28.2570,45.4304,0.0667,1,0.0000
3322,36.3659,0.2037,28.2684,45.7221,0.3636,1,0.0000
3323,36.3659,0.2039,28.2017,45.6818,0.0667,1,0.0000
3324,36.7997,0.3477,28.0971,45.9679,0.4688,1,0.0000
3325,36.7997,0.3479,28.0305,45.9280,0.0667,1,0.0000
3326,37.2772,0.5350,27.8501,46.2090,0.5437,1,0.0000
3327,37.2772,0.5352,27.7835,46.1696,0.0667,1,0.0000
3328,37.7781,0.7421,27.5521,46.4457,0.5893,1,0.0000
3329,37.7781,0.7422,27.4854,46.4070,0.0667,1,0.0000
3330,38.2903,0.9524,27.2181,46.6782,0.6148,1,0.0000
3331,38.2903,0.9525,27.1515,46.6402,0.0667,1,0.0000
3332,38.8066,1.1544,26.8570,46.9064,0.6277,1,0.0000
3333,38.8066,1.1546,26.7903,46.8691,0.0667,1,0.0000
3334,39.3232,1.3404,26.4737,47.1302,0.6338,1,0.0000
3335,39.3232,1.3405,26.4070,47.0935,0.0667,1,0.0000
3336,39.8382,1.5056,26.0704,47.3493,0.6370,1,0.0000
3337,39.8382,1.5057,26.0037,47.3135,0.0667,1,0.0000
3338,40.3509,1.6478,25.6477,47.5637,0.6402,1,0.0000
3339,40.3509,1.6480,25.5810,47.5286,0.0667,1,0.0000
3340,40.8611,1.7672,25.2049,47.7732,0.6450,1,0.0000
3341,40.8611,1.7673,25.1382,47.7388,0.0667,1,0.0000
3342,41.3689,1.8655,24.7403,47.9774,0.6526,1,0.0000
3343,41.3689,1.8657,24.6737,47.9439,0.0667,1,0.0000
3344,41.8746,1.9465,24.2517,48.1762,0.6636,1,0.0000
3345,41.8746,1.9466,24.1850,48.1435,0.0667,1,0.0000
3346,42.3786,2.0147,23.7357,48.3693,0.6786,1,0.0000
3347,42.3786,2.0148,23.6691,48.3374,0.0667,1,0.0000
3348,42.8812,2.0757,23.1887,48.5563,0.6979,1,0.0000
3349,42.8812,2.0759,23.1220,48.5253,0.0667,1,0.0000
3350,43.3820,2.1345,22.6079,48.7370,0.7201,1,0.0000
3351,43.3820,2.1346,22.5413,48.7069,0.0667,1,0.0000
3352,43.9173,2.2649,21.8975,48.9074,0.8473,1,0.0000
3353,43.9173,2.2649,21.8309,48.8784,0.0667,1,0.0000
3354,44.4724,2.4525,21.0726,49.0674,0.9583,1,0.0000
3355,44.4724,2.4526,21.0060,49.0396,0.0667,1,0.0000
3356,45.0263,2.6646,20.1712,49.2175,1.0241,1,0.0000
3357,45.0263,2.6647,20.1045,49.1910,0.0667,1,0.0000
3358,45.5664,2.8795,19.2165,49.3581,1.0613,1,0.0000
3359,45.5664,2.8795,19.1499,49.3329,0.0667,1,0.0000
3360,46.0854,3.0824,18.2232,49.4892,1.0813,1,0.0000
3361,46.0854,3.0824,18.1566,49.4654,0.0667,1,0.0000
3362,46.5792,3.2637,17.2006,49.6108,1.0911,1,0.0000
3363,46.5792,3.2637,17.1339,49.5885,0.0667,1,0.0000
3364,47.0453,3.4174,16.1545,49.7230,1.0955,1,0.0000
3365,47.0453,3.4174,16.0879,49.7021,0.0667,1,0.0000
3366,47.4821,3.5406,15.0891,49.8256,1.0970,1,0.0000
3367,47.4821,3.5406,15.0225,49.8062,0.0667,1,0.0000
3368,47.8885,3.6324,14.0072,49.9186,1.0974,1,0.0000
3369,47.8885,3.6325,13.9405,49.9007,0.0667,1,0.0000
3370,48.2636,3.6943,12.9110,50.0019,1.0975,1,0.0000
3371,48.2636,3.6943,12.8443,49.9855,0.0667,1,0.0000
3372,48.6066,3.7288,11.8022,50.0757,1.0977,1,0.0000
3373,48.6066,3.7288,11.7355,50.0608,0.0667,1,0.0000
3374,48.9167,3.7396,10.6824,50.1398,1.0979,1,0.0000
3375,48.9167,3.7396,10.6157,50.1264,0.0667,1,0.0000
3376,49.1930,3.7310,9.5530,50.1942,1.0981,1,0.0000
3377,49.1930,3.7309,9.4864,50.1823,0.0667,1,0.0000
3378,49.4348,3.7074,8.4154,50.2390,1.0982,1,0.0000
3379,49.4348,3.7074,8.3487,50.2286,0.0667,1,0.0000
3380,49.6416,3.6734,7.2707,50.2741,1.0981,1,0.0000
3381,49.6416,3.6734,7.2041,50.2653,0.0667,1,0.0000
3382,49.8126,3.6330,6.1203,50.2996,1.0979,1,0.0000
3383,49.8126,3.6330,6.0537,50.2923,0.0667,1,0.0000
3384,49.9476,3.5897,4.9654,50.3156,1.0975,1,0.0000
3385,49.9476,3.5896,4.8987,50.3098,0.0667,1,0.0000
3386,50.0462,3.5462,3.8070,50.3220,1.0970,1,0.0000
3387,50.0462,3.5461,3.7403,50.3178,0.0667,1,0.0000
3388,50.1082,3.5046,2.6464,50.3190,1.0965,1,0.0000
3389,50.1082,3.5045,2.5797,50.3162,0.0667,1,0.0000
3390,50.1352,3.4483,1.5101,50.3072,1.0714,1,0.0000
3391,50.1353,3.4482,1.4435,50.3060,0.0667,1,0.0000
3392,50.1343,3.3373,0.4597,50.2887,0.9900,1,0.0000
3393,50.1343,3.3372,0.3930,50.2889,0.0667,1,0.0000
3394,50.1079,3.1941,-0.5284,50.2632,0.9328,1,0.0000
3395,50.1079,3.1941,-0.5950,50.2647,0.0667,1,0.0000
3396,50.0578,3.0351,-1.4693,50.2308,0.8900,1,0.0000
3397,50.0578,3.0351,-1.5360,50.2335,0.0667,1,0.0000
3398,49.9848,2.8727,-2.3730,50.1914,0.8558,1,0.0000
3399,49.9848,2.8727,-2.4397,50.1954,0.0667,1,0.0000
3400,49.8901,2.7158,-3.2463,50.1453,0.8271,1,0.0000
3401,49.8901,2.7159,-3.1796,50.1402,0.0667,1,0.0000
3402,49.7810,2.5716,-3.8269,50.0750,0.6721,1,0.0000
3403,49.7810,2.5716,-3.7603,50.0692,0.0667,1,0.0000
3404,49.6582,2.4440,-4.3851,49.9971,0.6494,1,0.0000
3405,49.6582,2.4441,-4.3184,49.9906,0.0667,1,0.0000
3406,49.5222,2.3355,-4.9233,49.9119,0.6294,1,0.0000
3407,49.5222,2.3355,-4.8567,49.9047,0.0667,1,0.0000
3408,49.3738,2.2469,-5.4437,49.8196,0.6120,1,0.0000
3409,49.3738,2.2469,-5.3770,49.8116,0.0667,1,0.0000
3410,49.2135,2.1777,-5.9479,49.7204,0.5970,1,0.0000
3411,49.2135,2.1777,-5.8813,49.7117,0.0667,1,0.0000
3412,49.0417,2.1267,-6.4376,49.6143,0.5845,1,0.0000
3413,49.0417,2.1266,-6.3710,49.6049,0.0667,1,0.0000
3414,48.8590,2.0916,-6.9143,49.5016,0.5743,1,0.0000
3415,48.8590,2.0916,-6.8477,49.4916,0.0667,1,0.0000
3416,48.6657,2.0702,-7.3795,49.3823,0.5663,1,0.0000
3417,48.6657,2.0702,-7.3128,49.3716,0.0667,1,0.0000
3418,48.4619,2.0600,-7.8346,49.2565,0.5603,1,0.0000
3419,48.4619,2.0599,-7.7679,49.2452,0.0667,1,0.0000
3420,48.2478,2.0583,-8.2812,49.1243,0.5561,1,0.0000
3421,48.2478,2.0583,-8.2145,49.1123,0.0667,1,0.0000
3422,48.0235,2.0631,-8.7208,48.9857,0.5538,1,0.0000
3423,48.0235,2.0630,-8.6542,48.9731,0.0667,1,0.0000
3424,47.7888,2.0723,-9.1553,48.8408,0.5534,1,0.0000
3425,47.7888,2.0723,-9.0886,48.8275,0.0667,1,0.0000
3426,47.5434,2.0847,-9.5863,48.6894,0.5550,1,0.0000
3427,47.5434,2.0846,-9.5196,48.6755,0.0667,1,0.0000
3428,47.2869,2.0991,-10.0157,48.5316,0.5587,1,0.0000
3429,47.2869,2.0990,-9.9491,48.5171,0.0667,1,0.0000
3430,47.0186,2.1151,-10.4458,48.3672,0.5647,1,0.0000
3431,47.0186,2.1150,-10.3791,48.3521,0.0667,1,0.0000
3432,46.7378,2.1327,-10.8787,48.1962,0.5734,1,0.0000
3433,46.7378,2.1326,-10.8120,48.1805,0.0667,1,0.0000
3434,46.4434,2.1523,-11.3169,48.0185,0.5848,1,0.0000
3435,46.4434,2.1522,-11.2503,48.0020,0.0667,1,0.0000
3436,46.1340,2.1745,-11.7633,47.8337,0.5995,1,0.0000
3437,46.1340,2.1744,-11.6966,47.8166,0.0667,1,0.0000
3438,45.8080,2.2005,-12.2208,47.6417,0.6178,1,0.0000
3439,45.8081,2.2004,-12.1541,47.6239,0.0667,1,0.0000
3440,45.4642,2.2303,-12.6911,47.4422,0.6383,1,0.0000
3441,45.4642,2.2302,-12.6244,47.4236,0.0667,1,0.0000
3442,45.2164,2.0503,-12.8656,47.2437,0.3898,1,0.0000
3443,45.2164,2.0502,-12.7989,47.2247,0.0667,1,0.0000
3444,45.0592,1.6951,-12.7739,47.0485,0.3892,1,0.0000
3445,45.0592,1.6950,-12.7073,47.0297,0.0667,1,0.0000
3446,44.9549,1.2528,-12.5184,46.8571,0.4920,1,0.0000
3447,44.9549,1.2527,-12.4517,46.8385,0.0667,1,0.0000
3448,44.8795,0.7833,-12.1612,46.6698,0.5572,1,0.0000
3449,44.8795,0.7832,-12.0945,46.6517,0.0667,1,0.0000
3450,44.8190,0.3277,-11.7403,46.4873,0.5802,1,0.0000
3451,44.8190,0.3277,-11.6737,46.4697,0.0667,1,0.0000
3452,44.7662,-0.0859,-11.2792,46.3098,0.5740,1,0.0000
3453,44.7662,-0.0859,-11.2125,46.2928,0.0667,1,0.0000
3454,44.7178,-0.4396,-10.7920,46.1381,0.5516,1,0.0000
3455,44.7178,-0.4397,-10.7253,46.1217,0.0667,1,0.0000
3456,44.6724,-0.7235,-10.2875,45.9723,0.5237,1,0.1235
3457,44.6724,-0.7237,-10.2209,45.9566,0.0667,1,0.1237
3458,44.6302,-0.9343,-9.7711,45.8130,0.4985,1,0.3343
3459,44.6302,-0.9345,-9.7044,45.7980,0.0667,1,0.3345
3460,44.5910,-1.0738,-9.2458,45.6604,0.4809,1,0.4738
3461,44.5910,-1.0740,-9.1791,45.6461,0.0667,1,0.4740
3462,44.5552,-1.1479,-8.7136,45.5147,0.4727,1,0.5479
3463,44.5552,-1.1481,-8.6469,45.5012,0.0667,1,0.5481
3464,44.5226,-1.1654,-8.1757,45.3763,0.4727,1,0.5654
3465,44.5226,-1.1656,-8.1090,45.3635,0.0667,1,0.5656
3466,44.4929,-1.1367,-7.6327,45.2453,0.4781,1,0.5367
3467,44.4929,-1.1369,-7.5661,45.2333,0.0667,1,0.5369
3468,44.4659,-1.0734,-7.0852,45.1220,0.4858,1,0.4734
3469,44.4659,-1.0736,-7.0186,45.1107,0.0667,1,0.4736
3470,44.4412,-0.9868,-6.5335,45.0065,0.4934,1,0.3868
3471,44.4412,-0.9871,-6.4669,44.9960,0.0667,1,0.3871
3472,44.4185,-0.8876,-5.9778,44.8990,0.4996,1,0.2876
3473,44.4185,-0.8878,-5.9111,44.8893,0.0667,1,0.2878
3474,44.3978,-0.7851,-5.4183,44.7997,0.5039,1,0.1851
3475,44.3978,-0.7853,-5.3516,44.7909,0.0667,1,0.1853
3476,44.3787,-0.6870,-4.8552,44.7088,0.5064,1,0.0870
3477,44.3787,-0.6872,-4.7885,44.7007,0.0667,1,0.0872
3478,44.3614,-0.5993,-4.2887,44.6263,0.5078,1,0.0000
3479,44.3614,-0.5995,-4.2221,44.6191,0.0667,1,0.0000
3480,44.3458,-0.5261,-3.7191,44.5525,0.5085,1,0.0000
3481,44.3459,-0.5263,-3.6525,44.5462,0.0667,1,0.0000
3482,44.3321,-0.4697,-3.1466,44.4875,0.5092,1,0.0000
3483,44.3321,-0.4699,-3.0799,44.4820,0.0667,1,0.0000
3484,44.3201,-0.4307,-2.5713,44.4314,0.5102,1,0.0000
3485,44.3201,-0.4309,-2.5047,44.4267,0.0667,1,0.0000
3486,44.3100,-0.4086,-1.9937,44.3843,0.5116,1,0.0000
3487,44.3100,-0.4088,-1.9270,44.3805,0.0667,1,0.0000
3488,44.3016,-0.4016,-1.4140,44.3463,0.5132,1,0.0000
3489,44.3016,-0.4018,-1.3473,44.3434,0.0667,1,0.0000
3490,44.2950,-0.4074,-0.8324,44.3175,0.5150,1,0.0000
3491,44.2950,-0.4077,-0.7657,44.3155,0.0667,1,0.0000
3492,44.2902,-0.4232,-0.2494,44.2981,0.5166,1,0.0000
3493,44.2902,-0.4234,-0.1827,44.2969,0.0667,1,0.0000
3494,44.2871,-0.4457,0.3348,44.2880,0.5180,1,0.0000
3495,44.2871,-0.4459,0.4015,44.2877,0.0667,1,0.0000
3496,44.2858,-0.4721,0.9197,44.2873,0.5189,1,0.0000
3497,44.2858,-0.4723,0.9864,44.2879,0.0667,1,0.0000
3498,44.2861,-0.4995,1.5049,44.2962,0.5192,1,0.0000
3499,44.2861,-0.4997,1.5715,44.2977,0.0667,1,0.0000
3500,44.2883,-0.5255,2.0899,44.3146,0.5190,1,0.0000
3501,44.2883,-0.5257,2.1566,44.3169,0.0667,1,0.0000
3502,44.2923,-0.5480,2.6742,44.3424,0.5182,1,0.0000
3503,44.2923,-0.5478,2.6076,44.3393,0.0667,1,0.0000
3504,44.2973,-0.5647,2.9906,44.3636,0.3834,1,0.0000
3505,44.2973,-0.5645,2.9239,44.3600,0.0667,1,0.0000
3506,44.3035,-0.5751,3.3048,44.3881,0.3811,1,0.0000
3507,44.3035,-0.5749,3.2382,44.3840,0.0667,1,0.0000
3508,44.3110,-0.5789,3.6165,44.4158,0.3785,1,0.0000
3509,44.3110,-0.5787,3.5498,44.4113,0.0667,1,0.0000
3510,44.3225,-0.5285,3.8582,44.4446,0.3126,1,0.0000
3511,44.3225,-0.5283,3.7915,44.4397,0.0667,1,0.0000
3512,44.3382,-0.4339,4.0393,44.4743,0.2656,1,0.0000
3513,44.3382,-0.4337,3.9726,44.4691,0.0667,1,0.0000
3514,44.3569,-0.3170,4.1852,44.5052,0.2432,1,0.0000
3515,44.3569,-0.3168,4.1185,44.4998,0.0667,1,0.0000
3516,44.3780,-0.1929,4.3113,44.5375,0.2301,1,0.0000
3517,44.3780,-0.1927,4.2446,44.5320,0.0667,1,0.0000
3518,44.4007,-0.0722,4.4268,44.5713,0.2196,1,0.0000
3519,44.4007,-0.0720,4.3601,44.5656,0.0667,1,0.0000
3520,44.4249,0.0377,4.5372,44.6065,0.2097,1,0.0000
3521,44.4249,0.0379,4.4705,44.6007,0.0667,1,0.0000
3522,44.4504,0.1323,4.6455,44.6432,0.2004,1,0.0000
3523,44.4504,0.1325,4.5788,44.6371,0.0667,1,0.0000
3524,44.4773,0.2089,4.7533,44.6812,0.1924,1,0.0000
3525,44.4773,0.2091,4.6867,44.6750,0.0667,1,0.0000
3526,44.5055,0.2668,4.8613,44.7206,0.1861,1,0.0000
3527,44.5055,0.2670,4.7947,44.7142,0.0667,1,0.0000
3528,44.5350,0.3065,4.9696,44.7613,0.1818,1,0.0000
3529,44.5350,0.3067,4.9029,44.7548,0.0667,1,0.0000
3530,44.5659,0.3298,5.0778,44.8033,0.1791,1,0.0000
3531,44.5659,0.3300,5.0111,44.7966,0.0667,1,0.0000
3532,44.5982,0.3395,5.1853,44.8465,0.1774,1,0.0000
3533,44.5982,0.3397,5.1186,44.8397,0.0667,1,0.0000
3534,44.6318,0.3386,5.2913,44.8910,0.1759,1,0.0000
3535,44.6318,0.3388,5.2246,44.8841,0.0667,1,0.0000
3536,44.6668,0.3307,5.3947,44.9366,0.1739,1,0.0000
3537,44.6668,0.3309,5.3280,44.9295,0.0667,1,0.0000
3538,44.7032,0.3194,5.4944,44.9834,0.1707,1,0.0000
3539,44.7032,0.3196,5.4277,44.9761,0.0667,1,0.0000
3540,44.7410,0.3080,5.5889,45.0311,0.1659,1,0.0000
3541,44.7410,0.3082,5.5222,45.0238,0.0667,1,0.0000
3542,44.7802,0.2998,5.6765,45.0798,0.1594,1,0.0000
3543,44.7802,0.3000,5.6099,45.0723,0.0667,1,0.0000
3544,44.8210,0.2979,5.7553,45.1293,0.1511,1,0.0000
3545,44.8210,0.2981,5.6886,45.1217,0.0667,1,0.0000
3546,44.8635,0.3047,5.8228,45.1794,0.1409,1,0.0000
3547,44.8635,0.3049,5.7561,45.1717,0.0667,1,0.0000
3548,44.9151,0.3968,5.7723,45.2267,0.1066,1,0.0000
3549,44.9151,0.3969,5.7056,45.2191,0.0667,1,0.0000
3550,44.9871,0.7359,5.3676,45.2622,0.4840,1,0.0000
3551,44.9871,0.7360,5.3009,45.2552,0.0667,1,0.0000
3552,45.0587,1.2144,4.7389,45.2878,0.7415,1,0.0000
3553,45.0587,1.2145,4.6722,45.2817,0.0667,1,0.0000
3554,45.1148,1.7573,3.9680,45.3042,0.8910,1,0.0000
3555,45.1148,1.7574,3.9013,45.2992,0.0667,1,0.0000
3556,45.1467,2.3089,3.1085,45.3116,0.9663,1,0.0000
3557,45.1467,2.3090,3.0418,45.3079,0.0667,1,0.0000
3558,45.1509,2.8280,2.1959,45.3101,0.9924,1,0.0000
3559,45.1509,2.8281,2.1293,45.3077,0.0667,1,0.0000
3560,45.1273,3.2865,1.2517,45.2995,0.9904,1,0.0000
3561,45.1273,3.2866,1.1850,45.2985,0.0667,1,0.0000
3562,45.0772,3.6682,0.2886,45.2796,0.9755,1,0.0000
3563,45.0772,3.6683,0.2220,45.2801,0.0667,1,0.0000
3564,45.0023,3.9639,-0.6852,45.2504,0.9571,1,0.0000
3565,45.0023,3.9641,-0.7519,45.2522,0.0667,1,0.0000
3566,44.9039,4.1698,-1.6648,45.2116,0.9410,1,0.0000
3567,44.9039,4.1700,-1.7315,45.2149,0.0667,1,0.0000
3568,44.7829,4.2876,-2.6469,45.1632,0.9308,1,0.0000
3569,44.7829,4.2875,-2.5802,45.1585,0.0667,1,0.0000
3570,44.6473,4.3260,-3.3625,45.0896,0.7949,1,0.0000
3571,44.6473,4.3258,-3.2958,45.0838,0.0667,1,0.0000
3572,44.4961,4.2970,-4.0765,45.0048,0.7958,1,0.0000
3573,44.4961,4.2969,-4.0099,44.9979,0.0667,1,0.0000
3574,44.3277,4.2143,-4.7875,44.9086,0.8000,1,0.0000
3575,44.3277,4.2142,-4.7209,44.9007,0.0667,1,0.0000
3576,44.1407,4.0920,-5.4941,44.8011,0.8049,1,0.0000
3577,44.1407,4.0920,-5.4275,44.7921,0.0667,1,0.0000
3578,43.9334,3.9440,-6.1949,44.6822,0.8086,1,0.0000
3579,43.9334,3.9440,-6.1283,44.6722,0.0667,1,0.0000
3580,43.7047,3.7831,-6.8885,44.5521,0.8101,1,0.0000
3581,43.7047,3.7831,-6.8219,44.5409,0.0667,1,0.0000
3582,43.4538,3.6201,-7.5740,44.4106,0.8095,1,0.0000
3583,43.4538,3.6201,-7.5073,44.3984,0.0667,1,0.0000
3584,43.1810,3.4613,-8.2470,44.2579,0.8042,1,0.0000
3585,43.1810,3.4614,-8.1803,44.2447,0.0667,1,0.0000
3586,42.8882,3.3097,-8.9014,44.0944,0.7929,1,0.0000
3587,42.8882,3.3098,-8.8348,44.0802,0.0667,1,0.0000
3588,42.5768,3.1678,-9.5339,43.9203,0.7784,1,0.0000
3589,42.5768,3.1679,-9.4672,43.9050,0.0667,1,0.0000
3590,42.2482,3.0375,-10.1427,43.7358,0.7624,1,0.0000
3591,42.2482,3.0376,-10.0761,43.7196,0.0667,1,0.0000
3592,41.9035,2.9201,-10.7274,43.5413,0.7462,1,0.0000
3593,41.9035,2.9202,-10.6607,43.5241,0.0667,1,0.0000
3594,41.5439,2.8157,-11.2882,43.3369,0.7307,1,0.0000
3595,41.5439,2.8158,-11.2215,43.3188,0.0667,1,0.0000
3596,41.1701,2.7240,-11.8257,43.1230,0.7163,1,0.0000
3597,41.1701,2.7241,-11.7590,43.1039,0.0667,1,0.0000
3598,40.7831,2.6440,-12.3410,42.8997,0.7035,1,0.0000
3599,40.7831,2.6441,-12.2743,42.8797,0.0667,1,0.0000
3600,40.5853,2.6081,-12.5239,42.7646,0.3205,1,0.0000
