tick,local_x,local_y,local_z,on_floor,bus_support,inside_hull,velocity_x,velocity_y,velocity_z,platform_speed,jump_command,walk_dx,walk_dy,walk_dz
1,0.000001907,-0.599576354,2.500000000,1,1,1,0.000000000,0.000000000,0.000000000,0.000000000,0,0.000000000,0.000000000,0.000000000
2,0.000000000,-0.600085258,2.500930786,1,1,1,0.000000000,0.000000000,0.000000000,0.000000000,0,0.000000000,0.000000000,0.000000000
3,0.000001907,-0.600241661,2.501846313,1,1,1,0.000000000,0.000000000,0.000000000,0.063650124,0,0.000000000,0.000000000,0.000000000
4,0.000000000,-0.600347877,2.502777100,1,1,1,0.000000000,0.000000000,0.000000000,0.117749549,0,0.000000000,0.000000000,0.000000000
5,-0.000001907,-0.600409865,2.503707886,1,1,1,0.000000000,0.000000000,0.000000000,0.172938690,0,0.000000000,0.000000000,0.000000000
6,0.000000000,-0.600433707,2.504623413,1,1,1,0.000000000,0.000000000,0.000000000,0.227141187,0,0.000000000,0.000000000,0.000000000
7,0.000000000,-0.600425541,2.505538940,1,1,1,0.000000000,0.000000000,0.000000000,0.281252176,0,0.000000000,0.000000000,0.000000000
8,0.000001907,-0.600391984,2.506469727,1,1,1,0.000000000,0.000000000,0.000000000,0.336248994,0,0.000000000,0.000000000,0.000000000
9,0.000001907,-0.600338340,2.507385254,1,1,1,0.000000000,0.000000000,0.000000000,0.390386105,0,0.000000000,0.000000000,0.000000000
10,0.000001907,-0.600270271,2.508285522,1,1,1,0.000000000,0.000000000,0.000000000,0.444602519,0,0.000000000,0.000000000,0.000000000
11,0.000000000,-0.600192547,2.509201050,1,1,1,0.000000000,0.000000000,0.000000000,0.498923719,0,0.000000000,0.000000000,0.000000000
12,0.000001907,-0.600109696,2.510101318,1,1,1,0.000000000,0.000000000,0.000000000,0.552440882,0,0.000000000,0.000000000,0.000000000
13,0.000001907,-0.600025296,2.511016846,1,1,1,0.000000000,0.000000000,0.000000000,0.606978178,0,0.000000000,0.000000000,0.000000000
14,0.000003815,-0.599942327,2.511932373,1,1,1,0.000000000,0.000000000,0.000000000,0.661612034,0,0.000000000,0.000000000,0.000000000
15,0.000003815,-0.599863529,2.512832642,1,1,1,0.000000000,0.000000000,0.000000000,0.715412796,0,0.000000000,0.000000000,0.000000000
16,0.000001907,-0.599790692,2.513748169,1,1,1,0.000000000,0.000000000,0.000000000,0.769279301,0,0.000000000,0.000000000,0.000000000
17,0.000001907,-0.599724889,2.514648438,1,1,1,0.000000000,0.000000000,0.000000000,0.824112236,0,0.000000000,0.000000000,0.000000000
18,0.000001907,-0.599667430,2.515563965,1,1,1,0.000000000,0.000000000,0.000000000,0.878066897,0,0.000000000,0.000000000,0.000000000
19,0.000001907,-0.599618673,2.516464233,1,1,1,0.000000000,0.000000000,0.000000000,0.932047486,0,-0.000000000,0.000000000,0.000000000
20,0.000001907,-0.599578738,2.517349243,1,1,1,0.000000000,0.000000000,0.000000000,0.986044824,0,-0.000000000,0.000000000,0.000000000
21,0.000000000,-0.599547446,2.518249512,1,1,1,0.000000000,0.000000000,0.000000000,1.040052533,0,-0.000000000,0.000000000,0.000000000
22,-0.000001907,-0.599524379,2.519149780,1,1,1,0.000000000,0.000000000,0.000000000,1.094065428,0,-0.000000000,0.000000000,0.000000000
23,-0.000001907,-0.599508822,2.520034790,1,1,1,0.000000000,0.000000000,0.000000000,1.147164702,0,-0.000000000,0.000000000,0.000000000
24,-0.000001907,-0.599500060,2.520919800,1,1,1,0.000000000,0.000000000,0.000000000,1.201180339,0,-0.000000000,0.000000000,0.000000000
25,-0.000001907,-0.599497437,2.521804810,1,1,1,0.000000000,0.000000000,0.000000000,1.254279733,0,-0.000000000,0.000000000,0.000000000
26,0.000000000,-0.599500000,2.522705078,1,1,1,0.000000000,0.000000000,0.000000000,1.308294177,0,-0.000000000,0.000000000,0.000000000
27,0.000000000,-0.599506617,2.523590088,1,1,1,0.000000000,0.000000000,0.000000000,1.361392260,0,-0.000000000,0.000000000,0.000000000
28,0.000001907,-0.599516869,2.524475098,1,1,1,0.000000000,0.000000000,0.000000000,1.414489985,0,-0.000000000,0.000000000,0.000000000
29,0.000001907,-0.599529743,2.525360107,1,1,1,0.000000000,0.000000000,0.000000000,1.467587829,0,-0.000000000,0.000000000,0.000000000
30,0.000001907,-0.599544346,2.526260376,1,1,1,0.000000000,0.000000000,0.000000000,1.520686030,0,-0.000000000,0.000000000,0.000000000
31,0.000000000,-0.599560082,2.527130127,1,1,1,0.000000000,0.000000000,0.000000000,1.573784471,0,-0.000000000,0.000000000,0.000000000
32,0.000000000,-0.599576592,2.528015137,1,1,1,0.000000000,0.000000000,0.000000000,1.626883626,0,-0.000000000,0.000000000,0.000000000
33,0.000001907,-0.599592865,2.528869629,1,1,1,0.000000000,0.000000000,0.000000000,1.679983377,0,-0.000000000,0.000000000,0.000000000
34,0.000001907,-0.599608898,2.529769897,1,1,1,0.000000000,0.000000000,0.000000000,1.732168436,0,-0.000000000,0.000000000,0.000000000
35,-0.000001907,-0.599624276,2.530639648,1,1,1,0.000000000,0.000000000,0.000000000,1.785269380,0,-0.000000000,0.000000000,0.000000000
36,0.000000000,-0.599638700,2.531524658,1,1,1,0.000000000,0.000000000,0.000000000,1.837455392,0,-0.000000000,0.000000000,0.000000000
37,0.000000000,-0.599651694,2.532394409,1,1,1,0.000000000,0.000000000,0.000000000,1.890557051,0,-0.000000000,0.000000000,0.000000000
38,0.000000000,-0.599663377,2.533264160,1,1,1,0.000000000,0.000000000,0.000000000,1.942743421,0,-0.000000000,0.000000000,0.000000000
39,0.000000000,-0.599673986,2.534118652,1,1,1,0.000000000,0.000000000,0.000000000,1.994929910,0,-0.000000000,0.000000000,0.000000000
40,0.000000000,-0.599683046,2.535003662,1,1,1,0.000000000,0.000000000,0.000000000,2.047116280,0,-0.000000000,0.000000000,0.000000000
41,0.000000000,-0.599690914,2.535873413,1,1,1,0.000000000,0.000000000,0.000000000,2.099302530,0,-0.000000000,0.000000000,0.000000000
42,0.000000000,-0.599697411,2.536743164,1,1,1,0.000000000,0.000000000,0.000000000,2.151489019,0,-0.000000000,0.000000000,0.000000000
43,0.000000000,-0.599702716,2.537597656,1,1,1,0.000000000,0.000000000,0.000000000,2.203674793,0,0.000000000,0.000000000,0.000000000
44,0.000000000,-0.599707127,2.538467407,1,1,1,0.000000000,0.000000000,0.000000000,2.254945040,0,0.000000000,0.000000000,0.000000000
45,-0.000001907,-0.599710464,2.539337158,1,1,1,0.000000000,0.000000000,0.000000000,2.307130575,0,0.000000000,0.000000000,0.000000000
46,0.000000000,-0.599713087,2.540176392,1,1,1,0.000000000,0.000000000,0.000000000,2.359316111,0,0.000000000,0.000000000,0.000000000
47,0.000000000,-0.599714994,2.541046143,1,1,1,0.000000000,0.000000000,0.000000000,2.410585880,0,0.000000000,0.000000000,0.000000000
48,-0.000001907,-0.599716485,2.541900635,1,1,1,0.000000000,0.000000000,0.000000000,2.461855173,0,0.000000000,0.000000000,0.000000000
49,0.000000000,-0.599717379,2.542755127,1,1,1,0.000000000,0.000000000,0.000000000,2.513124943,0,0.000000000,0.000000000,0.000000000
50,0.000001907,-0.599718213,2.543624878,1,1,1,0.000000000,0.000000000,0.000000000,2.564394236,0,0.000000000,0.000000000,0.000000000
51,0.000001907,-0.599718571,2.544464111,1,1,1,0.000000000,0.000000000,0.000000000,2.616579294,0,0.000000000,0.000000000,0.000000000
52,0.000000000,-0.599719167,2.545318604,1,1,1,0.000000000,0.000000000,0.000000000,2.666933060,0,0.000000000,0.000000000,0.000000000
53,0.000000000,-0.599719644,2.546188354,1,1,1,0.000000000,0.000000000,0.000000000,2.718202353,0,0.000000000,0.000000000,0.000000000
54,0.000001907,-0.599720001,2.547027588,1,1,1,0.000000000,0.000000000,0.000000000,2.769471645,0,0.000000000,0.000000000,0.000000000
55,0.000000000,-0.599720836,2.547866821,1,1,1,0.000000000,0.000000000,0.000000000,2.820740938,0,0.000000000,0.000000000,0.000000000
56,0.000000000,-0.599721551,2.548721313,1,1,1,0.000000000,0.000000000,0.000000000,2.871094704,0,0.000000000,0.000000000,0.000000000
57,-0.000001907,-0.599722624,2.549560547,1,1,1,0.000000000,0.000000000,0.000000000,2.922363997,0,0.000000000,0.000000000,0.000000000
58,0.000000000,-0.599723816,2.550399780,1,1,1,0.000000000,0.000000000,0.000000000,2.972717762,0,0.000000000,0.000000000,0.000000000
59,0.000000000,-0.599725187,2.551239014,1,1,1,0.000000000,0.000000000,0.000000000,3.023071527,0,0.000000000,0.000000000,0.000000000
60,0.000000000,-0.599725604,2.552093506,1,1,1,0.000000000,0.000000000,0.000000000,3.073425531,0,0.000000000,0.000000000,0.000000000
61,-0.000001907,-0.599728107,2.552932739,1,1,1,0.000000000,0.000000000,0.000000000,3.124694586,0,0.000000000,0.000000000,0.000000000
62,0.000000000,-0.599730790,2.553771973,1,1,1,0.000000000,0.000000000,0.000000000,3.175048590,0,0.000000000,0.000000000,0.000000000
63,0.000000000,-0.599733472,2.554611206,1,1,1,0.000000000,0.000000000,0.000000000,3.224487066,0,0.000000000,0.000000000,0.000000000
64,0.000000000,-0.599735856,2.555450439,1,1,1,0.000000000,0.000000000,0.000000000,3.274841070,0,0.000000000,0.000000000,0.000000000
65,0.000000000,-0.599738419,2.556289673,1,1,1,0.000000000,0.000000000,0.000000000,3.325195074,0,0.000000000,0.000000000,0.000000000
66,-0.000001907,-0.599740982,2.557113647,1,1,1,0.000000000,0.000000000,0.000000000,3.375548840,0,0.000000000,0.000000000,0.000000000
67,-0.000001907,-0.599743843,2.557952881,1,1,1,0.000000000,0.000000000,0.000000000,3.424987316,0,0.000000000,0.000000000,0.000000000
68,-0.000001907,-0.599748015,2.558761597,1,1,1,0.000000000,0.000000000,0.000000000,3.475341320,0,0.000000000,0.000000000,0.000000000
69,0.000000000,-0.599749327,2.559585571,1,1,1,0.000000000,0.000000000,0.000000000,3.524780035,0,0.000000000,0.000000000,0.000000000
70,0.000000000,-0.599754035,2.560409546,1,1,1,0.000000000,0.000000000,0.000000000,3.574218273,0,0.000000000,0.000000000,0.000000000
71,0.000000000,-0.599755168,2.561233521,1,1,1,0.000000000,0.000000000,0.000000000,3.623656988,0,-0.000000000,0.000000000,0.000000000
72,0.000000000,-0.599760056,2.562057495,1,1,1,0.000000000,0.000000000,0.000000000,3.673095226,0,-0.000000000,0.000000000,0.000000000
73,0.000000000,-0.599762917,2.562881470,1,1,1,0.000000000,0.000000000,0.000000000,3.722533941,0,-0.000000000,0.000000000,0.000000000
74,0.000001907,-0.599763870,2.563705444,1,1,1,0.000000000,0.000000000,0.000000000,3.771972418,0,-0.000000000,0.000000000,0.000000000
75,0.000001907,-0.599768937,2.564529419,1,1,1,0.000000000,0.000000000,0.000000000,3.821410418,0,-0.000000000,0.000000000,0.000000000
76,0.000001907,-0.599771798,2.565353394,1,1,1,0.000000000,0.000000000,0.000000000,3.870849371,0,-0.000000000,0.000000000,0.000000000
77,0.000001907,-0.599774778,2.566162109,1,1,1,0.000000000,0.000000000,0.000000000,3.920287848,0,-0.000000000,0.000000000,0.000000000
78,0.000000000,-0.599775314,2.567001343,1,1,1,0.000000000,0.000000000,0.000000000,3.968810797,0,-0.000000000,0.000000000,0.000000000
79,0.000000000,-0.599780500,2.567794800,1,1,1,0.000000000,0.000000000,0.000000000,4.018249035,0,-0.000000000,0.000000000,0.000000000
80,0.000000000,-0.599783242,2.568603516,1,1,1,0.000000000,0.000000000,0.000000000,4.066772461,0,-0.000000000,0.000000000,0.000000000
81,0.000000000,-0.599785924,2.569412231,1,1,1,0.000000000,0.000000000,0.000000000,4.115295410,0,-0.000000000,0.000000000,0.000000000
82,0.000000000,-0.599788666,2.570220947,1,1,1,0.000000000,0.000000000,0.000000000,4.163818359,0,-0.000000000,0.000000000,0.000000000
83,0.000000000,-0.599791408,2.571029663,1,1,1,0.000000000,0.000000000,0.000000000,4.212341309,0,-0.000000000,0.000000000,0.000000000
84,0.000000000,-0.599794030,2.571838379,1,1,1,0.000000000,0.000000000,0.000000000,4.260864258,0,-0.000000000,0.000000000,0.000000000
85,0.000000000,-0.599796653,2.572647095,1,1,1,0.000000000,0.000000000,0.000000000,4.309387207,0,-0.000000000,0.000000000,0.000000000
86,0.000000000,-0.599799454,2.573455811,1,1,1,0.000000000,0.000000000,0.000000000,4.357910156,0,-0.000000000,0.000000000,0.000000000
87,0.000000000,-0.599802017,2.574264526,1,1,1,0.000000000,0.000000000,0.000000000,4.406433105,0,-0.000000000,0.000000000,0.000000000
88,0.000000000,-0.599802017,2.575057983,1,1,1,0.000000000,0.000000000,0.000000000,4.454956055,0,-0.000000000,0.000000000,0.000000000
89,0.000000000,-0.599807262,2.575866699,1,1,1,0.000000000,0.000000000,0.000000000,4.502563000,0,-0.000000000,0.000000000,0.000000000
90,0.000000000,-0.599809706,2.576660156,1,1,1,0.000000000,0.000000000,0.000000000,4.551086426,0,-0.000000000,0.000000000,0.000000000
91,0.000000000,-0.599812388,2.577453613,1,1,1,0.000000000,0.000000000,0.000000000,4.598693371,0,-0.000000000,0.000000000,0.000000000
92,0.000000000,-0.599814892,2.578262329,1,1,1,0.000000000,0.000000000,0.000000000,4.646300793,0,-0.000000000,0.000000000,0.000000000
93,0.000000000,-0.599817455,2.579055786,1,1,1,0.000000000,0.000000000,0.000000000,4.694823742,0,-0.000000000,0.000000000,0.000000000
94,0.000000000,-0.599819958,2.579849243,1,1,1,0.000000000,0.000000000,0.000000000,4.742431164,0,-0.000000000,0.000000000,0.000000000
95,-0.000001907,-0.599822521,2.580642700,1,1,1,0.000000000,0.000000000,0.000000000,4.790038586,0,-0.000000000,0.000000000,0.000000000
96,-0.000001907,-0.599825144,2.581436157,1,1,1,0.000000000,0.000000000,0.000000000,4.837646008,0,-0.000000000,0.000000000,0.000000000
97,-0.000001907,-0.599827588,2.582214355,1,1,1,0.000000000,0.000000000,0.000000000,4.885253429,0,-0.000000000,0.000000000,0.000000000
98,-0.000001907,-0.599830151,2.583007813,1,1,1,0.000000000,0.000000000,0.000000000,4.931945324,0,-0.000000000,0.000000000,0.000000000
99,-0.000001907,-0.599832714,2.583801270,1,1,1,0.000000000,0.000000000,0.000000000,4.979552746,0,-0.000000000,0.000000000,0.000000000
100,-0.000001907,-0.599835157,2.584579468,1,1,1,0.000000000,0.000000000,0.000000000,5.027160168,0,-0.000000000,0.000000000,0.000000000
101,-0.000001907,-0.599837720,2.585372925,1,1,1,0.000000000,0.000000000,0.000000000,5.073852062,0,-0.000000000,0.000000000,0.000000000
102,-0.000001907,-0.599840283,2.586151123,1,1,1,0.000000000,0.000000000,0.000000000,5.121459484,0,-0.000000000,0.000000000,0.000000000
103,-0.000001907,-0.599842727,2.586929321,1,1,1,0.000000000,0.000000000,0.000000000,5.168151379,0,-0.000000000,0.000000000,0.000000000
104,-0.000001907,-0.599845350,2.587722778,1,1,1,0.000000000,0.000000000,0.000000000,5.214843273,0,-0.000000000,0.000000000,0.000000000
105,0.000000000,-0.599847913,2.588500977,1,1,1,0.000000000,0.000000000,0.000000000,5.262450695,0,-0.000000000,0.000000000,0.000000000
106,-0.000001907,-0.599850476,2.589279175,1,1,1,0.000000000,0.000000000,0.000000000,5.309142590,0,-0.000000000,0.000000000,0.000000000
107,-0.000001907,-0.599852979,2.590057373,1,1,1,0.000000000,0.000000000,0.000000000,5.355834484,0,-0.000000000,0.000000000,0.000000000
108,-0.000001907,-0.599855483,2.590820313,1,1,1,0.000000000,0.000000000,0.000000000,5.402526379,0,-0.000000000,0.000000000,0.000000000
109,-0.000001907,-0.599858046,2.591598511,1,1,1,0.000000000,0.000000000,0.000000000,5.448302746,0,-0.000000000,0.000000000,0.000000000
110,-0.000001907,-0.599860549,2.592376709,1,1,1,0.000000000,0.000000000,0.000000000,5.494994640,0,-0.000000000,0.000000000,0.000000000
111,-0.000001907,-0.599863052,2.593154907,1,1,1,0.000000000,0.000000000,0.000000000,5.541686535,0,-0.000000000,0.000000000,0.000000000
112,0.000000000,-0.599865615,2.593933105,1,1,1,0.000000000,0.000000000,0.000000000,5.587462902,0,-0.000000000,0.000000000,0.000000000
113,-0.000001907,-0.599868119,2.594680786,1,1,1,0.000000000,0.000000000,0.000000000,5.634154797,0,-0.000000000,0.000000000,0.000000000
114,0.000000000,-0.599868774,2.595458984,1,1,1,0.000000000,0.000000000,0.000000000,5.679931164,0,-0.000000000,0.000000000,0.000000000
115,0.000000000,-0.599873185,2.596221924,1,1,1,0.000000000,0.000000000,0.000000000,5.726622581,0,-0.000000000,0.000000000,0.000000000
116,0.000000000,-0.599875808,2.596984863,1,1,1,0.000000000,0.000000000,0.000000000,5.772399426,0,-0.000000000,0.000000000,0.000000000
117,0.000000000,-0.599878192,2.597747803,1,1,1,0.000000000,0.000000000,0.000000000,5.818175793,0,-0.000000000,0.000000000,0.000000000
118,0.000001907,-0.599880815,2.598510742,1,1,1,0.000000000,0.000000000,0.000000000,5.863952160,0,-0.000000000,0.000000000,0.000000000
119,0.000000000,-0.599883139,2.599273682,1,1,1,0.000000000,0.000000000,0.000000000,5.909728527,0,-0.000000000,0.000000000,0.000000000
120,0.000000000,-0.599885821,2.600036621,1,1,1,0.000000000,0.000000000,0.000000000,5.955504894,0,-0.000000000,0.000000000,0.000000000
121,0.000000000,-0.599888265,2.600799561,1,1,1,0.000000000,0.000000000,0.000000000,6.001281261,0,-0.000000000,0.000000000,0.000000000
122,0.000000000,-0.599890769,2.601547241,1,1,1,0.000000000,0.000000000,0.000000000,6.047057629,0,-0.000000000,0.000000000,0.000000000
123,0.000000000,-0.599893212,2.602310181,1,1,1,0.000000000,0.000000000,0.000000000,6.091918468,0,-0.000000000,0.000000000,0.000000000
124,0.000000000,-0.599895775,2.603073120,1,1,1,0.000000000,0.000000000,0.000000000,6.137694836,0,-0.000000000,0.000000000,0.000000000
125,0.000000000,-0.599898219,2.603820801,1,1,1,0.000000000,0.000000000,0.000000000,6.183471203,0,-0.000000000,0.000000000,0.000000000
126,0.000001907,-0.599900603,2.604568481,1,1,1,0.000000000,0.000000000,0.000000000,6.228332043,0,-0.000000000,0.000000000,0.000000000
127,0.000000000,-0.599903166,2.605331421,1,1,1,0.000000000,0.000000000,0.000000000,6.273192883,0,-0.000000000,0.000000000,0.000000000
128,0.000000000,-0.599905670,2.606079102,1,1,1,0.000000000,0.000000000,0.000000000,6.318969250,0,-0.000000000,0.000000000,0.000000000
129,0.000001907,-0.599908054,2.606826782,1,1,1,0.000000000,0.000000000,0.000000000,6.363830090,0,-0.000000000,0.000000000,0.000000000
130,0.000000000,-0.599910498,2.607574463,1,1,1,0.000000000,0.000000000,0.000000000,6.408690929,0,-0.000000000,0.000000000,0.000000000
131,0.000000000,-0.599912882,2.608322144,1,1,1,0.000000000,0.000000000,0.000000000,6.453551769,0,-0.000000000,0.000000000,0.000000000
132,0.000001907,-0.599915445,2.609069824,1,1,1,0.000000000,0.000000000,0.000000000,6.498412609,0,-0.000000000,0.000000000,0.000000000
133,-0.000001907,-0.599917412,2.609802246,1,1,1,0.000000000,0.000000000,0.000000000,6.543273449,0,-0.000000000,0.000000000,0.000000000
134,-0.000001907,-0.599920273,2.610549927,1,1,1,0.000000000,0.000000000,0.000000000,6.587218761,0,-0.000000000,0.000000000,0.000000000
135,-0.000001907,-0.599922657,2.611297607,1,1,1,0.000000000,0.000000000,0.000000000,6.632079601,0,-0.000000000,0.000000000,0.000000000
136,-0.000001907,-0.599924982,2.612030029,1,1,1,0.000000000,0.000000000,0.000000000,6.676940441,0,-0.000000000,0.000000000,0.000000000
137,0.000000000,-0.599927425,2.612777710,1,1,1,0.000000000,0.000000000,0.000000000,6.720885754,0,-0.000000000,0.000000000,0.000000000
138,-0.000001907,-0.599929929,2.613525391,1,1,1,0.000000000,0.000000000,0.000000000,6.765746593,0,-0.000000000,0.000000000,0.000000000
139,-0.000001907,-0.599932253,2.614257813,1,1,1,0.000000000,0.000000000,0.000000000,6.809691906,0,-0.000000000,0.000000000,0.000000000
140,0.000000000,-0.599934697,2.614990234,1,1,1,0.000000000,0.000000000,0.000000000,6.853637218,0,-0.000000000,0.000000000,0.000000000
141,-0.000001907,-0.599937081,2.615722656,1,1,1,0.000000000,0.000000000,0.000000000,6.898498058,0,-0.000000000,0.000000000,0.000000000
142,-0.000001907,-0.599939525,2.616455078,1,1,1,0.000000000,0.000000000,0.000000000,6.942443371,0,-0.000000000,0.000000000,0.000000000
143,-0.000001907,-0.599941969,2.617187500,1,1,1,0.000000000,0.000000000,0.000000000,6.986388683,0,-0.000000000,0.000000000,0.000000000
144,0.000000000,-0.599944293,2.617919922,1,1,1,0.000000000,0.000000000,0.000000000,7.030333996,0,-0.000000000,0.000000000,0.000000000
145,-0.000001907,-0.599946618,2.618637085,1,1,1,0.000000000,0.000000000,0.000000000,7.074279308,0,-0.000000000,0.000000000,0.000000000
146,-0.000001907,-0.599949062,2.619369507,1,1,1,0.000000000,0.000000000,0.000000000,7.117309093,0,-0.000000000,0.000000000,0.000000000
147,-0.000001907,-0.599951446,2.620101929,1,1,1,0.000000000,0.000000000,0.000000000,7.161254406,0,-0.000000000,0.000000000,0.000000000
148,0.000000000,-0.599953830,2.620819092,1,1,1,0.000000000,0.000000000,0.000000000,7.205199718,0,-0.000000000,0.000000000,0.000000000
149,-0.000001907,-0.599956214,2.621551514,1,1,1,0.000000000,0.000000000,0.000000000,7.248229504,0,-0.000000000,0.000000000,0.000000000
150,-0.000001907,-0.599958539,2.622268677,1,1,1,0.000000000,0.000000000,0.000000000,7.292174816,0,-0.000000000,0.000000000,0.000000000
151,-0.000001907,-0.599961936,2.623001099,1,1,1,0.000000000,0.000000000,0.000000000,7.335204601,0,0.000000000,0.000000000,0.000000000
152,-0.000001907,-0.599963307,2.623718262,1,1,1,0.000000000,0.000000000,0.000000000,7.379149914,0,0.000000000,0.000000000,0.000000000
153,0.000000000,-0.599965692,2.624435425,1,1,1,0.000000000,0.000000000,0.000000000,7.422179699,0,0.000000000,0.000000000,0.000000000
154,0.000000000,-0.599967957,2.625152588,1,1,1,0.000000000,0.000000000,0.000000000,7.465209484,0,0.000000000,0.000000000,0.000000000
155,-0.000001907,-0.599970341,2.625869751,1,1,1,0.000000000,0.000000000,0.000000000,7.508239269,0,0.000000000,0.000000000,0.000000000
156,-0.000001907,-0.599972725,2.626586914,1,1,1,0.000000000,0.000000000,0.000000000,7.551269054,0,0.000000000,0.000000000,0.000000000
157,-0.000001907,-0.599974990,2.627304077,1,1,1,0.000000000,0.000000000,0.000000000,7.594298840,0,0.000000000,0.000000000,0.000000000
158,0.000000000,-0.599977374,2.628021240,1,1,1,0.000000000,0.000000000,0.000000000,7.637328625,0,0.000000000,0.000000000,0.000000000
159,-0.000001907,-0.599979639,2.628723145,1,1,1,0.000000000,0.000000000,0.000000000,7.680358410,0,0.000000000,0.000000000,0.000000000
160,-0.000001907,-0.599982023,2.629440308,1,1,1,0.000000000,0.000000000,0.000000000,7.722472668,0,0.000000000,0.000000000,0.000000000
161,-0.000001907,-0.599984288,2.630157471,1,1,1,0.000000000,0.000000000,0.000000000,7.765502453,0,0.000000000,0.000000000,0.000000000
162,-0.000001907,-0.599986672,2.630859375,1,1,1,0.000000000,0.000000000,0.000000000,7.807616711,0,0.000000000,0.000000000,0.000000000
163,0.000000000,-0.599988937,2.631561279,1,1,1,0.000000000,0.000000000,0.000000000,7.850646496,0,0.000000000,0.000000000,0.000000000
164,0.000000000,-0.599991322,2.632278442,1,1,1,0.000000000,0.000000000,0.000000000,7.892760754,0,0.000000000,0.000000000,0.000000000
165,-0.000001907,-0.599993587,2.632980347,1,1,1,0.000000000,0.000000000,0.000000000,7.935790539,0,0.000000000,0.000000000,0.000000000
166,-0.000001907,-0.599995852,2.633682251,1,1,1,0.000000000,0.000000000,0.000000000,7.977904797,0,0.000000000,0.000000000,0.000000000
167,-0.000001907,-0.599998236,2.634384155,1,1,1,0.000000000,0.000000000,0.000000000,8.020019531,0,0.000000000,0.000000000,0.000000000
168,-0.000001907,-0.600000501,2.635086060,1,1,1,0.000000000,0.000000000,0.000000000,8.062133789,0,0.000000000,0.000000000,0.000000000
169,0.000000000,-0.600002766,2.635787964,1,1,1,0.000000000,0.000000000,0.000000000,8.104248047,0,0.000000000,0.000000000,0.000000000
170,0.000000000,-0.600005150,2.636489868,1,1,1,0.000000000,0.000000000,0.000000000,8.146362305,0,0.000000000,0.000000000,0.000000000
171,-0.000001907,-0.600007415,2.637191772,1,1,1,0.000000000,0.000000000,0.000000000,8.188476563,0,0.000000000,0.000000000,0.000000000
172,-0.000001907,-0.600009561,2.637878418,1,1,1,0.000000000,0.000000000,0.000000000,8.230590820,0,0.000000000,0.000000000,0.000000000
173,-0.000001907,-0.600011945,2.638580322,1,1,1,0.000000000,0.000000000,0.000000000,8.271789551,0,0.000000000,0.000000000,0.000000000
174,-0.000001907,-0.600014210,2.639282227,1,1,1,0.000000000,0.000000000,0.000000000,8.313903809,0,0.000000000,0.000000000,0.000000000
175,0.000000000,-0.600016475,2.639968872,1,1,1,0.000000000,0.000000000,0.000000000,8.356018066,0,0.000000000,0.000000000,0.000000000
176,0.000000000,-0.600018740,2.640655518,1,1,1,0.000000000,0.000000000,0.000000000,8.397216797,0,0.000000000,0.000000000,0.000000000
177,0.000000000,-0.600021005,2.641357422,1,1,1,0.000000000,0.000000000,0.000000000,8.438415527,0,0.000000000,0.000000000,0.000000000
178,0.000000000,-0.600023270,2.642044067,1,1,1,0.000000000,0.000000000,0.000000000,8.480529785,0,0.000000000,0.000000000,0.000000000
179,-0.000001907,-0.600025535,2.642730713,1,1,1,0.000000000,0.000000000,0.000000000,8.521728516,0,0.000000000,0.000000000,0.000000000
180,-0.000001907,-0.600027680,2.643417358,1,1,1,0.000000000,0.000000000,0.000000000,8.562927246,0,0.000000000,0.000000000,0.000000000
181,-0.000001907,-0.600030065,2.644119263,1,1,1,0.000000000,0.000000000,0.000000000,8.604125977,0,0.000000000,0.000000000,0.000000000
182,-0.000001907,-0.600032210,2.644790649,1,1,1,0.000000000,0.000000000,0.000000000,8.645324707,0,0.000000000,0.000000000,0.000000000
183,-0.000001907,-0.600034475,2.645477295,1,1,1,0.000000000,0.000000000,0.000000000,8.686523438,0,0.000000000,0.000000000,0.000000000
184,0.000000000,-0.600036740,2.646163940,1,1,1,0.000000000,0.000000000,0.000000000,8.727722168,0,0.000000000,0.000000000,0.000000000
185,0.000000000,-0.600039005,2.646850586,1,1,1,0.000000000,0.000000000,0.000000000,8.768920898,0,0.000000000,0.000000000,0.000000000
186,0.000000000,-0.600041270,2.647521973,1,1,1,0.000000000,0.000000000,0.000000000,8.810119629,0,0.000000000,0.000000000,0.000000000
187,0.000000000,-0.600043416,2.648208618,1,1,1,0.000000000,0.000000000,0.000000000,8.850402832,0,0.000000000,0.000000000,0.000000000
188,0.000000000,-0.600045681,2.648880005,1,1,1,0.000000000,0.000000000,0.000000000,8.891601563,0,0.000000000,0.000000000,0.000000000
189,0.000000000,-0.600047946,2.649566650,1,1,1,0.000000000,0.000000000,0.000000000,8.931884766,0,0.000000000,0.000000000,0.000000000
190,-0.000001907,-0.600050092,2.650238037,1,1,1,0.000000000,0.000000000,0.000000000,8.973083496,0,0.000000000,0.000000000,0.000000000
191,-0.000001907,-0.600052357,2.650909424,1,1,1,0.000000000,0.000000000,0.000000000,9.013366699,0,0.000000000,0.000000000,0.000000000
192,-0.000001907,-0.600054502,2.651596069,1,1,1,0.000000000,0.000000000,0.000000000,9.053649902,0,0.000000000,0.000000000,0.000000000
193,-0.000001907,-0.600056767,2.652267456,1,1,1,0.000000000,0.000000000,0.000000000,9.094848633,0,0.000000000,0.000000000,0.000000000
194,-0.000001907,-0.600058913,2.652938843,1,1,1,0.000000000,0.000000000,0.000000000,9.135131836,0,0.000000000,0.000000000,0.000000000
195,-0.000003815,-0.600063682,2.653610229,1,1,1,0.000000000,0.000000000,0.000000000,9.175414085,0,0.000000000,0.000000000,0.000000000
196,-0.000003815,-0.600063324,2.654281616,1,1,1,0.000000000,0.000000000,0.000000000,9.215698242,0,0.000000000,0.000000000,0.000000000
197,-0.000003815,-0.600065470,2.654937744,1,1,1,0.000000000,0.000000000,0.000000000,9.255980492,0,0.000000000,0.000000000,0.000000000
198,-0.000003815,-0.600067675,2.655609131,1,1,1,0.000000000,0.000000000,0.000000000,9.295348167,0,0.000000000,0.000000000,0.000000000
199,-0.000003815,-0.600069880,2.656280518,1,1,1,0.000000000,0.000000000,0.000000000,9.335631371,0,0.000000000,0.000000000,0.000000000
200,-0.000003815,-0.600072026,2.656951904,1,1,1,0.000000000,0.000000000,0.000000000,9.375914574,0,0.000000000,0.000000000,0.000000000
201,-0.000003815,-0.600074232,2.657608032,1,1,1,0.000000000,0.000000000,0.000000000,9.415282249,0,0.000000000,0.000000000,0.000000000
202,-0.000003815,-0.600076377,2.658264160,1,1,1,0.000000000,0.000000000,0.000000000,9.455565453,0,0.000000000,0.000000000,0.000000000
203,-0.000003815,-0.600078583,2.658935547,1,1,1,0.000000000,0.000000000,0.000000000,9.494933128,0,0.000000000,0.000000000,0.000000000
204,-0.000003815,-0.600080729,2.659591675,1,1,1,0.000000000,0.000000000,0.000000000,9.535216331,0,0.000000000,0.000000000,0.000000000
205,-0.000003815,-0.600082874,2.660247803,1,1,1,0.000000000,0.000000000,0.000000000,9.574584007,0,0.000000000,0.000000000,0.000000000
206,-0.000003815,-0.600085020,2.660919189,1,1,1,0.000000000,0.000000000,0.000000000,9.613951683,0,0.000000000,0.000000000,0.000000000
207,-0.000003815,-0.600087225,2.661575317,1,1,1,0.000000000,0.000000000,0.000000000,9.654234886,0,0.000000000,0.000000000,0.000000000
208,-0.000003815,-0.600089371,2.662231445,1,1,1,0.000000000,0.000000000,0.000000000,9.693602562,0,0.000000000,0.000000000,0.000000000
209,-0.000003815,-0.600091517,2.662887573,1,1,1,0.000000000,0.000000000,0.000000000,9.732970238,0,0.000000000,0.000000000,0.000000000
210,-0.000003815,-0.600093663,2.663543701,1,1,1,0.000000000,0.000000000,0.000000000,9.772337914,0,0.000000000,0.000000000,0.000000000
211,-0.000003815,-0.600095749,2.664184570,1,1,1,0.000000000,0.000000000,0.000000000,9.811705589,0,0.000000000,0.000000000,0.000000000
212,-0.000003815,-0.600097895,2.664840698,1,1,1,0.000000000,0.000000000,0.000000000,9.850157738,0,0.000000000,0.000000000,0.000000000
213,-0.000003815,-0.600100040,2.665496826,1,1,1,0.000000000,0.000000000,0.000000000,9.889525414,0,0.000000000,0.000000000,0.000000000
214,-0.000003815,-0.600102127,2.666137695,1,1,1,0.000000000,0.000000000,0.000000000,9.928893089,0,0.000000000,0.000000000,0.000000000
215,-0.000003815,-0.600104272,2.666793823,1,1,1,0.000000000,0.000000000,0.000000000,9.967345238,0,0.000000000,0.000000000,0.000000000
216,-0.000003815,-0.600106359,2.667434692,1,1,1,0.000000000,0.000000000,0.000000000,10.006712914,0,0.000000000,0.000000000,0.000000000
217,-0.000003815,-0.600108564,2.668106079,1,1,1,0.000000000,0.000000000,0.000000000,10.045165062,0,0.000000000,0.000000000,0.000000000
218,-0.000003815,-0.600110650,2.668731689,1,1,1,0.000000000,0.000000000,0.000000000,10.084532738,0,0.000000000,0.000000000,0.000000000
219,-0.000003815,-0.600112796,2.669372559,1,1,1,0.000000000,0.000000000,0.000000000,10.122984886,0,0.000000000,0.000000000,0.000000000
220,-0.000003815,-0.600114882,2.670028687,1,1,1,0.000000000,0.000000000,0.000000000,10.161437035,0,0.000000000,0.000000000,0.000000000
221,-0.000001907,-0.600117028,2.670669556,1,1,1,0.000000000,0.000000000,0.000000000,10.200804710,0,0.000000000,0.000000000,0.000000000
222,-0.000001907,-0.600119114,2.671310425,1,1,1,0.000000000,0.000000000,0.000000000,10.239256859,0,0.000000000,0.000000000,0.000000000
223,-0.000001907,-0.600121200,2.671951294,1,1,1,0.000000000,0.000000000,0.000000000,10.277709007,0,0.000000000,0.000000000,0.000000000
224,-0.000001907,-0.600123346,2.672592163,1,1,1,0.000000000,0.000000000,0.000000000,10.316161156,0,0.000000000,0.000000000,0.000000000
225,-0.000001907,-0.600125372,2.673217773,1,1,1,0.000000000,0.000000000,0.000000000,10.354613304,0,0.000000000,0.000000000,0.000000000
226,-0.000001907,-0.600127459,2.673858643,1,1,1,0.000000000,0.000000000,0.000000000,10.392149925,0,0.000000000,0.000000000,0.000000000
227,-0.000001907,-0.600129545,2.674499512,1,1,1,0.000000000,0.000000000,0.000000000,10.430602074,0,0.000000000,0.000000000,0.000000000
228,-0.000001907,-0.600131631,2.675140381,1,1,1,0.000000000,0.000000000,0.000000000,10.469054222,0,0.000000000,0.000000000,0.000000000
229,-0.000003815,-0.600133657,2.675765991,1,1,1,0.000000000,0.000000000,0.000000000,10.507506371,0,0.000000000,0.000000000,0.000000000
230,-0.000003815,-0.600135803,2.676406860,1,1,1,0.000000000,0.000000000,0.000000000,10.545042992,0,0.000000000,0.000000000,0.000000000
231,-0.000003815,-0.600137830,2.677032471,1,1,1,0.000000000,0.000000000,0.000000000,10.583495140,0,0.000000000,0.000000000,0.000000000
232,-0.000003815,-0.600139856,2.677658081,1,1,1,0.000000000,0.000000000,0.000000000,10.621031761,0,0.000000000,0.000000000,0.000000000
233,-0.000001907,-0.600142002,2.678314209,1,1,1,0.000000000,0.000000000,0.000000000,10.658568382,0,0.000000000,0.000000000,0.000000000
234,-0.000001907,-0.600144029,2.678924561,1,1,1,0.000000000,0.000000000,0.000000000,10.697020531,0,0.000000000,0.000000000,0.000000000
235,-0.000001907,-0.600146055,2.679550171,1,1,1,0.000000000,0.000000000,0.000000000,10.734557152,0,0.000000000,0.000000000,0.000000000
236,-0.000001907,-0.600148141,2.680175781,1,1,1,0.000000000,0.000000000,0.000000000,10.772093773,0,0.000000000,0.000000000,0.000000000
237,-0.000001907,-0.600150168,2.680801392,1,1,1,0.000000000,0.000000000,0.000000000,10.809630394,0,0.000000000,0.000000000,0.000000000
238,-0.000001907,-0.600152194,2.681427002,1,1,1,0.000000000,0.000000000,0.000000000,10.847167015,0,0.000000000,0.000000000,0.000000000
239,-0.000003815,-0.600154221,2.682052612,1,1,1,0.000000000,0.000000000,0.000000000,10.884703636,0,0.000000000,0.000000000,0.000000000
240,-0.000003815,-0.600156307,2.682678223,1,1,1,0.000000000,0.000000000,0.000000000,10.922240257,0,0.000000000,0.000000000,0.000000000
241,-0.000001907,-0.600158334,2.683288574,1,1,1,0.000000000,0.000000000,0.000000000,10.959776878,0,0.000000000,0.000000000,0.000000000
242,-0.000001907,-0.600160360,2.683914185,1,1,1,0.000000000,0.000000000,0.000000000,10.996397972,0,0.000000000,0.000000000,0.000000000
243,-0.000001907,-0.600162387,2.684539795,1,1,1,0.000000000,0.000000000,0.000000000,11.033934593,0,0.000000000,0.000000000,0.000000000
244,-0.000001907,-0.600164413,2.685150146,1,1,1,0.000000000,0.000000000,0.000000000,11.071471214,0,0.000000000,0.000000000,0.000000000
245,-0.000001907,-0.600166440,2.685775757,1,1,1,0.000000000,0.000000000,0.000000000,11.108092308,0,0.000000000,0.000000000,0.000000000
246,-0.000003815,-0.600168407,2.686386108,1,1,1,0.000000000,0.000000000,0.000000000,11.145628929,0,0.000000000,0.000000000,0.000000000
247,-0.000003815,-0.600170434,2.686996460,1,1,1,0.000000000,0.000000000,0.000000000,11.182250023,0,0.000000000,0.000000000,0.000000000
248,-0.000001907,-0.600172460,2.687622070,1,1,1,0.000000000,0.000000000,0.000000000,11.218871117,0,0.000000000,0.000000000,0.000000000
249,-0.000001907,-0.600174487,2.688232422,1,1,1,0.000000000,0.000000000,0.000000000,11.256407738,0,0.000000000,0.000000000,0.000000000
250,-0.000001907,-0.600176513,2.688842773,1,1,1,0.000000000,0.000000000,0.000000000,11.293028831,0,0.000000000,0.000000000,0.000000000
251,-0.000001907,-0.600178540,2.689453125,1,1,1,0.000000000,0.000000000,0.000000000,11.329649925,0,0.000000000,0.000000000,0.000000000
252,-0.000003815,-0.600180507,2.690063477,1,1,1,0.000000000,0.000000000,0.000000000,11.366271019,0,0.000000000,0.000000000,0.000000000
253,-0.000001907,-0.600182533,2.690673828,1,1,1,0.000000000,0.000000000,0.000000000,11.402892113,0,0.000000000,0.000000000,0.000000000
254,-0.000001907,-0.600184500,2.691284180,1,1,1,0.000000000,0.000000000,0.000000000,11.439513206,0,0.000000000,0.000000000,0.000000000
255,-0.000001907,-0.600186527,2.691894531,1,1,1,0.000000000,0.000000000,0.000000000,11.476134300,0,0.000000000,0.000000000,0.000000000
256,-0.000001907,-0.600188434,2.692489624,1,1,1,0.000000000,0.000000000,0.000000000,11.512755394,0,0.000000000,0.000000000,0.000000000
257,-0.000003815,-0.600190401,2.693099976,1,1,1,0.000000000,0.000000000,0.000000000,11.548460960,0,0.000000000,0.000000000,0.000000000
258,-0.000001907,-0.600192428,2.693710327,1,1,1,0.000000000,0.000000000,0.000000000,11.585082054,0,0.000000000,0.000000000,0.000000000
259,-0.000001907,-0.600194395,2.694305420,1,1,1,0.000000000,0.000000000,0.000000000,11.621703148,0,0.000000000,0.000000000,0.000000000
260,-0.000001907,-0.600196362,2.694915771,1,1,1,0.000000000,0.000000000,0.000000000,11.657408714,0,0.000000000,0.000000000,0.000000000
261,-0.000001907,-0.600198388,2.695510864,1,1,1,0.000000000,0.000000000,0.000000000,11.694029808,0,0.000000000,0.000000000,0.000000000
262,-0.000003815,-0.600200295,2.696105957,1,1,1,0.000000000,0.000000000,0.000000000,11.729735374,0,0.000000000,0.000000000,0.000000000
263,-0.000001907,-0.600202262,2.696716309,1,1,1,0.000000000,0.000000000,0.000000000,11.765440941,0,0.000000000,0.000000000,0.000000000
264,-0.000001907,-0.600204229,2.697311401,1,1,1,0.000000000,0.000000000,0.000000000,11.801146507,0,0.000000000,0.000000000,0.000000000
265,-0.000001907,-0.600206196,2.697906494,1,1,1,0.000000000,0.000000000,0.000000000,11.837767601,0,0.000000000,0.000000000,0.000000000
266,0.000000000,-0.600207210,2.698501587,1,1,1,0.000000000,0.000000000,0.000000000,11.873473167,0,0.000000000,0.000000000,0.000000000
267,0.000000000,-0.600210071,2.699096680,1,1,1,0.000000000,0.000000000,0.000000000,11.909178734,0,0.000000000,0.000000000,0.000000000
268,-0.000001907,-0.600211978,2.699691772,1,1,1,0.000000000,0.000000000,0.000000000,11.944884300,0,0.000000000,0.000000000,0.000000000
269,0.000000000,-0.600214005,2.700286865,1,1,1,0.000000000,0.000000000,0.000000000,11.980589867,0,0.000000000,0.000000000,0.000000000
270,0.000000000,-0.600215912,2.700866699,1,1,1,0.000000000,0.000000000,0.000000000,12.016295433,0,0.000000000,0.000000000,0.000000000
271,0.000000000,-0.600217819,2.701461792,1,1,1,0.000000000,0.000000000,0.000000000,12.051085472,0,0.000000000,0.000000000,0.000000000
272,-0.000001907,-0.600219727,2.702056885,1,1,1,0.000000000,0.000000000,0.000000000,12.086791039,0,0.000000000,0.000000000,0.000000000
273,0.000000000,-0.600221753,2.702651978,1,1,1,0.000000000,0.000000000,0.000000000,12.122496605,0,0.000000000,0.000000000,0.000000000
274,0.000000000,-0.600223660,2.703231812,1,1,1,0.000000000,0.000000000,0.000000000,12.158202171,0,0.000000000,0.000000000,0.000000000
275,0.000000000,-0.600225568,2.703826904,1,1,1,0.000000000,0.000000000,0.000000000,12.192992210,0,0.000000000,0.000000000,0.000000000
276,-0.000001907,-0.600227475,2.704406738,1,1,1,0.000000000,0.000000000,0.000000000,12.228697777,0,0.000000000,0.000000000,0.000000000
277,0.000000000,-0.600229383,2.704986572,1,1,1,0.000000000,0.000000000,0.000000000,12.263487816,0,0.000000000,0.000000000,0.000000000
278,0.000000000,-0.600231290,2.705581665,1,1,1,0.000000000,0.000000000,0.000000000,12.298277855,0,0.000000000,0.000000000,0.000000000
279,0.000000000,-0.600233197,2.706161499,1,1,1,0.000000000,0.000000000,0.000000000,12.333983421,0,0.000000000,0.000000000,0.000000000
280,0.000000000,-0.600235105,2.706741333,1,1,1,0.000000000,0.000000000,0.000000000,12.368773460,0,0.000000000,0.000000000,0.000000000
281,0.000000000,-0.600237012,2.707321167,1,1,1,0.000000000,0.000000000,0.000000000,12.403563499,0,0.000000000,0.000000000,0.000000000
282,0.000000000,-0.600238919,2.707901001,1,1,1,0.000000000,0.000000000,0.000000000,12.438353539,0,0.000000000,0.000000000,0.000000000
283,-0.000001907,-0.600240827,2.708480835,1,1,1,0.000000000,0.000000000,0.000000000,12.473143578,0,0.000000000,0.000000000,0.000000000
284,0.000000000,-0.600242734,2.709060669,1,1,1,0.000000000,0.000000000,0.000000000,12.507933617,0,0.000000000,0.000000000,0.000000000
285,0.000000000,-0.600244641,2.709640503,1,1,1,0.000000000,0.000000000,0.000000000,12.542723656,0,0.000000000,0.000000000,0.000000000
286,-0.000001907,-0.600246549,2.710220337,1,1,1,0.000000000,0.000000000,0.000000000,12.577513695,0,0.000000000,0.000000000,0.000000000
287,0.000000000,-0.600248337,2.710784912,1,1,1,0.000000000,0.000000000,0.000000000,12.612303734,0,0.000000000,0.000000000,0.000000000
288,0.000000000,-0.600250244,2.711364746,1,1,1,0.000000000,0.000000000,0.000000000,12.646178246,0,0.000000000,0.000000000,0.000000000
289,0.000000000,-0.600252151,2.711944580,1,1,1,0.000000000,0.000000000,0.000000000,12.680968285,0,0.000000000,0.000000000,0.000000000
290,0.000000000,-0.600254059,2.712524414,1,1,1,0.000000000,0.000000000,0.000000000,12.715758324,0,0.000000000,0.000000000,0.000000000
291,0.000000000,-0.600255966,2.713088989,1,1,1,0.000000000,0.000000000,0.000000000,12.749632835,0,0.000000000,0.000000000,0.000000000
292,0.000000000,-0.600257754,2.713653564,1,1,1,0.000000000,0.000000000,0.000000000,12.784422874,0,0.000000000,0.000000000,0.000000000
293,0.000000000,-0.600259542,2.714218140,1,1,1,0.000000000,0.000000000,0.000000000,12.818297386,0,0.000000000,0.000000000,0.000000000
294,0.000000000,-0.600261450,2.714797974,1,1,1,0.000000000,0.000000000,0.000000000,12.852171898,0,0.000000000,0.000000000,0.000000000
295,0.000000000,-0.600263357,2.715362549,1,1,1,0.000000000,0.000000000,0.000000000,12.886961937,0,0.000000000,0.000000000,0.000000000
296,0.000000000,-0.600265145,2.715927124,1,1,1,0.000000000,0.000000000,0.000000000,12.920836449,0,0.000000000,0.000000000,0.000000000
297,0.000000000,-0.600267053,2.716491699,1,1,1,0.000000000,0.000000000,0.000000000,12.954710960,0,0.000000000,0.000000000,0.000000000
298,0.000000000,-0.600268841,2.717056274,1,1,1,0.000000000,0.000000000,0.000000000,12.988585472,0,0.000000000,0.000000000,0.000000000
299,0.000000000,-0.600270748,2.717620850,1,1,1,0.000000000,0.000000000,0.000000000,13.022459984,0,0.000000000,0.000000000,0.000000000
300,0.000000000,-0.600272536,2.718185425,1,1,1,0.000000000,0.000000000,0.000000000,13.056334496,0,0.000000000,0.000000000,0.000000000
301,0.000000000,-0.600274444,2.718750000,1,1,1,0.000000000,0.000000000,0.000000000,13.090209007,0,0.000000000,0.000000000,0.000000000
302,0.000000000,-0.600276232,2.719314575,1,1,1,0.000000000,0.000000000,0.000000000,13.124083519,0,0.000000000,0.000000000,0.000000000
303,0.000000000,-0.600278139,2.719879150,1,1,1,0.000000000,0.000000000,0.000000000,13.157958031,0,0.000000000,0.000000000,0.000000000
304,-0.000001907,-0.600279927,2.720428467,1,1,1,0.000000000,0.000000000,0.000000000,13.190917015,0,0.000000000,0.000000000,0.000000000
305,0.000000000,-0.600281715,2.720993042,1,1,1,0.000000000,0.000000000,0.000000000,13.224791527,0,0.000000000,0.000000000,0.000000000
306,0.000000000,-0.600283504,2.721542358,1,1,1,0.000000000,0.000000000,0.000000000,13.258666039,0,0.000000000,0.000000000,0.000000000
307,0.000000000,-0.600285411,2.722106934,1,1,1,0.000000000,0.000000000,0.000000000,13.291625023,0,0.000000000,0.000000000,0.000000000
308,0.000000000,-0.600287199,2.722656250,1,1,1,0.000000000,0.000000000,0.000000000,13.325499535,0,0.000000000,0.000000000,0.000000000
309,0.000000000,-0.600288987,2.723220825,1,1,1,0.000000000,0.000000000,0.000000000,13.358458519,0,0.000000000,0.000000000,0.000000000
310,0.000000000,-0.600290895,2.723770142,1,1,1,0.000000000,0.000000000,0.000000000,13.392333031,0,0.000000000,0.000000000,0.000000000
311,0.000000000,-0.600292683,2.724319458,1,1,1,0.000000000,0.000000000,0.000000000,13.425292015,0,0.000000000,0.000000000,0.000000000
312,0.000000000,-0.600294471,2.724868774,1,1,1,0.000000000,0.000000000,0.000000000,13.458250999,0,0.000000000,0.000000000,0.000000000
313,0.000000000,-0.600296259,2.725418091,1,1,1,0.000000000,0.000000000,0.000000000,13.491209984,0,0.000000000,0.000000000,0.000000000
314,0.000000000,-0.600298047,2.725967407,1,1,1,0.000000000,0.000000000,0.000000000,13.524168968,0,0.000000000,0.000000000,0.000000000
315,0.000000000,-0.600299835,2.726516724,1,1,1,0.000000000,0.000000000,0.000000000,13.557127953,0,0.000000000,0.000000000,0.000000000
316,0.000000000,-0.600301623,2.727066040,1,1,1,0.000000000,0.000000000,0.000000000,13.590086937,0,0.000000000,0.000000000,0.000000000
317,0.000000000,-0.600303411,2.727615356,1,1,1,0.000000000,0.000000000,0.000000000,13.623045921,0,0.000000000,0.000000000,0.000000000
318,0.000000000,-0.600305200,2.728164673,1,1,1,0.000000000,0.000000000,0.000000000,13.656004906,0,0.000000000,0.000000000,0.000000000
319,0.000000000,-0.600306988,2.728713989,1,1,1,0.000000000,0.000000000,0.000000000,13.688963890,0,0.000000000,0.000000000,0.000000000
320,0.000000000,-0.600308895,2.729263306,1,1,1,0.000000000,0.000000000,0.000000000,13.721922874,0,0.000000000,0.000000000,0.000000000
321,0.000000000,-0.600310564,2.729797363,1,1,1,0.000000000,0.000000000,0.000000000,13.754881859,0,0.000000000,0.000000000,0.000000000
322,0.000000000,-0.600312352,2.730346680,1,1,1,0.000000000,0.000000000,0.000000000,13.786925316,0,0.000000000,0.000000000,0.000000000
323,0.000000000,-0.600314140,2.730880737,1,1,1,0.000000000,0.000000000,0.000000000,13.819884300,0,0.000000000,0.000000000,0.000000000
324,0.000000000,-0.600315928,2.731430054,1,1,1,0.000000000,0.000000000,0.000000000,13.851927757,0,0.000000000,0.000000000,0.000000000
325,0.000000000,-0.600317717,2.731964111,1,1,1,0.000000000,0.000000000,0.000000000,13.884886742,0,0.000000000,0.000000000,0.000000000
326,0.000000000,-0.600319505,2.732513428,1,1,1,0.000000000,0.000000000,0.000000000,13.916930199,0,0.000000000,0.000000000,0.000000000
327,0.000000000,-0.600321293,2.733047485,1,1,1,0.000000000,0.000000000,0.000000000,13.949889183,0,0.000000000,0.000000000,0.000000000
328,0.000000000,-0.600322962,2.733581543,1,1,1,0.000000000,0.000000000,0.000000000,13.981932640,0,0.000000000,0.000000000,0.000000000
329,0.000000000,-0.600324750,2.734115601,1,1,1,0.000000000,0.000000000,0.000000000,14.013976097,0,0.000000000,0.000000000,0.000000000
330,0.000000000,-0.600326538,2.734649658,1,1,1,0.000000000,0.000000000,0.000000000,14.046019554,0,0.000000000,0.000000000,0.000000000
331,0.000000000,-0.600328207,2.735183716,1,1,1,0.000000000,0.000000000,0.000000000,14.078063011,0,0.000000000,0.000000000,0.000000000
332,0.000000000,-0.600329995,2.735717773,1,1,1,0.000000000,0.000000000,0.000000000,14.110106468,0,0.000000000,0.000000000,0.000000000
333,0.000000000,-0.600331783,2.736251831,1,1,1,0.000000000,0.000000000,0.000000000,14.142149925,0,0.000000000,0.000000000,0.000000000
334,0.000000000,-0.600333452,2.736785889,1,1,1,0.000000000,0.000000000,0.000000000,14.174193382,0,0.000000000,0.000000000,0.000000000
335,0.000000000,-0.600335240,2.737319946,1,1,1,0.000000000,0.000000000,0.000000000,14.206236839,0,0.000000000,0.000000000,0.000000000
336,0.000000000,-0.600336909,2.737854004,1,1,1,0.000000000,0.000000000,0.000000000,14.238280296,0,0.000000000,0.000000000,0.000000000
337,0.000000000,-0.600338697,2.738372803,1,1,1,0.000000000,0.000000000,0.000000000,14.270323753,0,0.000000000,0.000000000,0.000000000
338,0.000000000,-0.600340366,2.738906860,1,1,1,0.000000000,0.000000000,0.000000000,14.301451683,0,0.000000000,0.000000000,0.000000000
339,0.000000000,-0.600342155,2.739440918,1,1,1,0.000000000,0.000000000,0.000000000,14.333495140,0,0.000000000,0.000000000,0.000000000
340,0.000000000,-0.600343823,2.739959717,1,1,1,0.000000000,0.000000000,0.000000000,14.365538597,0,0.000000000,0.000000000,0.000000000
341,0.000000000,-0.600345612,2.740493774,1,1,1,0.000000000,0.000000000,0.000000000,14.396666527,0,0.000000000,0.000000000,0.000000000
342,0.000000000,-0.600347281,2.741012573,1,1,1,0.000000000,0.000000000,0.000000000,14.428709984,0,0.000000000,0.000000000,0.000000000
343,-0.000001907,-0.600349069,2.741531372,1,1,1,0.000000000,0.000000000,0.000000000,14.459837914,0,0.000000000,0.000000000,0.000000000
344,-0.000001907,-0.600350738,2.742065430,1,1,1,0.000000000,0.000000000,0.000000000,14.490965843,0,0.000000000,0.000000000,0.000000000
345,-0.000001907,-0.600352407,2.742584229,1,1,1,0.000000000,0.000000000,0.000000000,14.523009300,0,0.000000000,0.000000000,0.000000000
346,-0.000001907,-0.600354195,2.743103027,1,1,1,0.000000000,0.000000000,0.000000000,14.554137230,0,0.000000000,0.000000000,0.000000000
347,-0.000001907,-0.600355864,2.743621826,1,1,1,0.000000000,0.000000000,0.000000000,14.585265160,0,0.000000000,0.000000000,0.000000000
348,-0.000001907,-0.600357533,2.744140625,1,1,1,0.000000000,0.000000000,0.000000000,14.616393089,0,0.000000000,0.000000000,0.000000000
349,-0.000001907,-0.600359201,2.744659424,1,1,1,0.000000000,0.000000000,0.000000000,14.647521019,0,0.000000000,0.000000000,0.000000000
350,-0.000001907,-0.600360990,2.745178223,1,1,1,0.000000000,0.000000000,0.000000000,14.678648949,0,0.000000000,0.000000000,0.000000000
351,-0.000001907,-0.600362659,2.745697021,1,1,1,0.000000000,0.000000000,0.000000000,14.709776878,0,0.000000000,0.000000000,0.000000000
352,-0.000001907,-0.600364327,2.746215820,1,1,1,0.000000000,0.000000000,0.000000000,14.740904808,0,0.000000000,0.000000000,0.000000000
353,-0.000001907,-0.600365996,2.746734619,1,1,1,0.000000000,0.000000000,0.000000000,14.772032738,0,0.000000000,0.000000000,0.000000000
354,-0.000001907,-0.600367785,2.747253418,1,1,1,0.000000000,0.000000000,0.000000000,14.803160667,0,0.000000000,0.000000000,0.000000000
355,-0.000001907,-0.600369334,2.747756958,1,1,1,0.000000000,0.000000000,0.000000000,14.834288597,0,0.000000000,0.000000000,0.000000000
356,-0.000001907,-0.600371122,2.748275757,1,1,1,0.000000000,0.000000000,0.000000000,14.864500999,0,0.000000000,0.000000000,0.000000000
357,-0.000001907,-0.600372791,2.748794556,1,1,1,0.000000000,0.000000000,0.000000000,14.895628929,0,0.000000000,0.000000000,0.000000000
358,-0.000001907,-0.600374460,2.749298096,1,1,1,0.000000000,0.000000000,0.000000000,14.926756859,0,0.000000000,0.000000000,0.000000000
359,-0.000001907,-0.600376129,2.749801636,1,1,1,0.000000000,0.000000000,0.000000000,14.956969261,0,0.000000000,0.000000000,0.000000000
360,0.000000000,-0.600377798,2.750320435,1,1,1,0.000000000,0.000000000,0.000000000,14.987181664,0,0.000000000,0.000000000,0.000000000
361,-0.000001907,-0.600379348,2.750823975,1,1,1,0.000000000,0.000000000,0.000000000,15.018309593,0,0.000000000,0.000000000,0.000000000
362,-0.000001907,-0.600381136,2.751342773,1,1,1,0.000000000,0.000000000,0.000000000,15.048521996,0,0.000000000,0.000000000,0.000000000
363,-0.000001907,-0.600382805,2.751846313,1,1,1,0.000000000,0.000000000,0.000000000,15.079649925,0,0.000000000,0.000000000,0.000000000
364,-0.000001907,-0.600384355,2.752349854,1,1,1,0.000000000,0.000000000,0.000000000,15.109862328,0,0.000000000,0.000000000,0.000000000
365,-0.000001907,-0.600386143,2.752853394,1,1,1,0.000000000,0.000000000,0.000000000,15.140074730,0,0.000000000,0.000000000,0.000000000
366,-0.000001907,-0.600387692,2.753356934,1,1,1,0.000000000,0.000000000,0.000000000,15.170287132,0,0.000000000,0.000000000,0.000000000
367,0.000000000,-0.600389361,2.753860474,1,1,1,0.000000000,0.000000000,0.000000000,15.200499535,0,0.000000000,0.000000000,0.000000000
368,-0.000001907,-0.600391030,2.754364014,1,1,1,0.000000000,0.000000000,0.000000000,15.230711937,0,0.000000000,0.000000000,0.000000000
369,-0.000001907,-0.600392699,2.754867554,1,1,1,0.000000000,0.000000000,0.000000000,15.260924339,0,0.000000000,0.000000000,0.000000000
370,-0.000001907,-0.600394368,2.755371094,1,1,1,0.000000000,0.000000000,0.000000000,15.291136742,0,0.000000000,0.000000000,0.000000000
371,-0.000001907,-0.600395918,2.755874634,1,1,1,0.000000000,0.000000000,0.000000000,15.321349144,0,0.000000000,0.000000000,0.000000000
372,-0.000001907,-0.600397587,2.756362915,1,1,1,0.000000000,0.000000000,0.000000000,15.351561546,0,0.000000000,0.000000000,0.000000000
373,-0.000001907,-0.600399256,2.756866455,1,1,1,0.000000000,0.000000000,0.000000000,15.380858421,0,0.000000000,0.000000000,0.000000000
374,-0.000001907,-0.600400925,2.757369995,1,1,1,0.000000000,0.000000000,0.000000000,15.411070824,0,0.000000000,0.000000000,0.000000000
375,-0.000001907,-0.600402474,2.757858276,1,1,1,0.000000000,0.000000000,0.000000000,15.441283226,0,0.000000000,0.000000000,0.000000000
376,-0.000001907,-0.600404143,2.758361816,1,1,1,0.000000000,0.000000000,0.000000000,15.470580101,0,0.000000000,0.000000000,0.000000000
377,-0.000001907,-0.600405693,2.758850098,1,1,1,0.000000000,0.000000000,0.000000000,15.500792503,0,0.000000000,0.000000000,0.000000000
378,-0.000001907,-0.600407362,2.759353638,1,1,1,0.000000000,0.000000000,0.000000000,15.530089378,0,0.000000000,0.000000000,0.000000000
379,-0.000001907,-0.600408912,2.759841919,1,1,1,0.000000000,0.000000000,0.000000000,15.560301781,0,0.000000000,0.000000000,0.000000000
380,-0.000001907,-0.600410581,2.760330200,1,1,1,0.000000000,0.000000000,0.000000000,15.589598656,0,0.000000000,0.000000000,0.000000000
381,-0.000001907,-0.600412130,2.760833740,1,1,1,0.000000000,0.000000000,0.000000000,15.618895531,0,0.000000000,0.000000000,0.000000000
382,0.000000000,-0.600413799,2.761322021,1,1,1,0.000000000,0.000000000,0.000000000,15.649107933,0,0.000000000,0.000000000,0.000000000
383,-0.000001907,-0.600415468,2.761810303,1,1,1,0.000000000,0.000000000,0.000000000,15.678404808,0,0.000000000,0.000000000,0.000000000
384,-0.000001907,-0.600417018,2.762298584,1,1,1,0.000000000,0.000000000,0.000000000,15.707701683,0,0.000000000,0.000000000,0.000000000
385,-0.000001907,-0.600418687,2.762786865,1,1,1,0.000000000,0.000000000,0.000000000,15.736998558,0,0.000000000,0.000000000,0.000000000
386,-0.000001907,-0.600420237,2.763275146,1,1,1,0.000000000,0.000000000,0.000000000,15.766295433,0,0.000000000,0.000000000,0.000000000
387,-0.000001907,-0.600421786,2.763763428,1,1,1,0.000000000,0.000000000,0.000000000,15.795592308,0,0.000000000,0.000000000,0.000000000
388,-0.000001907,-0.600423455,2.764251709,1,1,1,0.000000000,0.000000000,0.000000000,15.824889183,0,0.000000000,0.000000000,0.000000000
389,-0.000001907,-0.600425005,2.764739990,1,1,1,0.000000000,0.000000000,0.000000000,15.854186058,0,0.000000000,0.000000000,0.000000000
390,0.000000000,-0.600426555,2.765213013,1,1,1,0.000000000,0.000000000,0.000000000,15.883482933,0,0.000000000,0.000000000,0.000000000
391,-0.000001907,-0.600428164,2.765701294,1,1,1,0.000000000,0.000000000,0.000000000,15.911864281,0,0.000000000,0.000000000,0.000000000
392,-0.000001907,-0.600429773,2.766189575,1,1,1,0.000000000,0.000000000,0.000000000,15.941161156,0,0.000000000,0.000000000,0.000000000
393,0.000000000,-0.600431323,2.766662598,1,1,1,0.000000000,0.000000000,0.000000000,15.970458031,0,0.000000000,0.000000000,0.000000000
394,-0.000001907,-0.600432873,2.767150879,1,1,1,0.000000000,0.000000000,0.000000000,15.998839378,0,0.000000000,0.000000000,0.000000000
395,-0.000001907,-0.600434422,2.767623901,1,1,1,0.000000000,0.000000000,0.000000000,16.028137207,0,0.000000000,0.000000000,0.000000000
396,0.000000000,-0.600435972,2.768112183,1,1,1,0.000000000,0.000000000,0.000000000,16.056518555,0,0.000000000,0.000000000,0.000000000
397,-0.000001907,-0.600437582,2.768585205,1,1,1,0.000000000,0.000000000,0.000000000,16.085815430,0,0.000000000,0.000000000,0.000000000
398,-0.000001907,-0.600439191,2.769073486,1,1,1,0.000000000,0.000000000,0.000000000,16.114196777,0,0.000000000,0.000000000,0.000000000
399,0.000000000,-0.600440741,2.769546509,1,1,1,0.000000000,0.000000000,0.000000000,16.143493652,0,0.000000000,0.000000000,0.000000000
400,-0.000001907,-0.600442290,2.770019531,1,1,1,0.000000000,0.000000000,0.000000000,16.171875000,0,0.000000000,0.000000000,0.000000000
401,-0.000001907,-0.600443840,2.770492554,1,1,1,0.000000000,0.000000000,0.000000000,16.200256348,0,0.000000000,0.000000000,0.000000000
402,0.000000000,-0.600445390,2.770965576,1,1,1,0.000000000,0.000000000,0.000000000,16.228637695,0,0.000000000,0.000000000,0.000000000
403,-0.000001907,-0.600446999,2.771453857,1,1,1,0.000000000,0.000000000,0.000000000,16.257019043,0,0.000000000,0.000000000,0.000000000
404,-0.000001907,-0.600448549,2.771926880,1,1,1,0.000000000,0.000000000,0.000000000,16.286315918,0,0.000000000,0.000000000,0.000000000
405,-0.000001907,-0.600450039,2.772399902,1,1,1,0.000000000,0.000000000,0.000000000,16.314697266,0,0.000000000,0.000000000,0.000000000
406,-0.000001907,-0.600451589,2.772857666,1,1,1,0.000000000,0.000000000,0.000000000,16.343078613,0,0.000000000,0.000000000,0.000000000
407,-0.000001907,-0.600453138,2.773330688,1,1,1,0.000000000,0.000000000,0.000000000,16.370544434,0,0.000000000,0.000000000,0.000000000
408,-0.000001907,-0.600454688,2.773803711,1,1,1,0.000000000,0.000000000,0.000000000,16.398925781,0,0.000000000,0.000000000,0.000000000
409,0.000000000,-0.600456238,2.774276733,1,1,1,0.000000000,0.000000000,0.000000000,16.427307129,0,0.000000000,0.000000000,0.000000000
410,-0.000001907,-0.600457788,2.774749756,1,1,1,0.000000000,0.000000000,0.000000000,16.455688477,0,0.000000000,0.000000000,0.000000000
411,-0.000001907,-0.600459278,2.775207520,1,1,1,0.000000000,0.000000000,0.000000000,16.484069824,0,0.000000000,0.000000000,0.000000000
412,0.000000000,-0.600460827,2.775680542,1,1,1,0.000000000,0.000000000,0.000000000,16.511535645,0,0.000000000,0.000000000,0.000000000
413,-0.000001907,-0.600462377,2.776153564,1,1,1,0.000000000,0.000000000,0.000000000,16.539916992,0,0.000000000,0.000000000,0.000000000
414,-0.000001907,-0.600463867,2.776611328,1,1,1,0.000000000,0.000000000,0.000000000,16.568298340,0,0.000000000,0.000000000,0.000000000
415,-0.000001907,-0.600465417,2.777084351,1,1,1,0.000000000,0.000000000,0.000000000,16.595764160,0,0.000000000,0.000000000,0.000000000
416,0.000000000,-0.600466907,2.777542114,1,1,1,0.000000000,0.000000000,0.000000000,16.624145508,0,0.000000000,0.000000000,0.000000000
417,-0.000001907,-0.600468457,2.777999878,1,1,1,0.000000000,0.000000000,0.000000000,16.651611328,0,0.000000000,0.000000000,0.000000000
418,-0.000001907,-0.600469947,2.778472900,1,1,1,0.000000000,0.000000000,0.000000000,16.679077148,0,0.000000000,0.000000000,0.000000000
419,0.000000000,-0.600471497,2.778930664,1,1,1,0.000000000,0.000000000,0.000000000,16.707458496,0,0.000000000,0.000000000,0.000000000
420,0.000000000,-0.600472927,2.779388428,1,1,1,0.000000000,0.000000000,0.000000000,16.734924316,0,0.000000000,0.000000000,0.000000000
421,-0.000001907,-0.600474477,2.779846191,1,1,1,0.000000000,0.000000000,0.000000000,16.762390137,0,0.000000000,0.000000000,0.000000000
422,-0.000001907,-0.600475967,2.780303955,1,1,1,0.000000000,0.000000000,0.000000000,16.789855957,0,0.000000000,0.000000000,0.000000000
423,0.000000000,-0.600477457,2.780761719,1,1,1,0.000000000,0.000000000,0.000000000,16.817321777,0,0.000000000,0.000000000,0.000000000
424,-0.000001907,-0.600478947,2.781219482,1,1,1,0.000000000,0.000000000,0.000000000,16.844787598,0,0.000000000,0.000000000,0.000000000
425,-0.000001907,-0.600478470,2.781677246,1,1,1,0.000000000,0.000000000,0.000000000,16.872253418,0,-0.000000000,0.000000000,0.000000000
426,-0.000001907,-0.600481927,2.782135010,1,1,1,0.000000000,0.000000000,0.000000000,16.899719238,0,-0.000000000,0.000000000,0.000000000
427,0.000000000,-0.600483418,2.782592773,1,1,1,0.000000000,0.000000000,0.000000000,16.927185059,0,-0.000000000,0.000000000,0.000000000
428,-0.000001907,-0.600484967,2.783050537,1,1,1,0.000000000,0.000000000,0.000000000,16.954650879,0,-0.000000000,0.000000000,0.000000000
429,-0.000001907,-0.600486398,2.783508301,1,1,1,0.000000000,0.000000000,0.000000000,16.982116699,0,-0.000000000,0.000000000,0.000000000
430,-0.000001907,-0.600487947,2.783966064,1,1,1,0.000000000,0.000000000,0.000000000,17.009582520,0,-0.000000000,0.000000000,0.000000000
431,0.000000000,-0.600489378,2.784408569,1,1,1,0.000000000,0.000000000,0.000000000,17.037048340,0,-0.000000000,0.000000000,0.000000000
432,-0.000001907,-0.600490928,2.784866333,1,1,1,0.000000000,0.000000000,0.000000000,17.063598633,0,-0.000000000,0.000000000,0.000000000
433,-0.000001907,-0.600492358,2.785308838,1,1,1,0.000000000,0.000000000,0.000000000,17.091064453,0,-0.000000000,0.000000000,0.000000000
434,-0.000001907,-0.600493908,2.785766602,1,1,1,0.000000000,0.000000000,0.000000000,17.117614746,0,-0.000000000,0.000000000,0.000000000
435,0.000000000,-0.600495219,2.786209106,1,1,1,0.000000000,0.000000000,0.000000000,17.145080566,0,-0.000000000,0.000000000,0.000000000
436,0.000000000,-0.600496769,2.786666870,1,1,1,0.000000000,0.000000000,0.000000000,17.171630859,0,-0.000000000,0.000000000,0.000000000
437,-0.000001907,-0.600498199,2.787109375,1,1,1,0.000000000,0.000000000,0.000000000,17.199096680,0,-0.000000000,0.000000000,0.000000000
438,-0.000001907,-0.600499630,2.787551880,1,1,1,0.000000000,0.000000000,0.000000000,17.225646973,0,-0.000000000,0.000000000,0.000000000
439,-0.000001907,-0.600501180,2.788009644,1,1,1,0.000000000,0.000000000,0.000000000,17.252197266,0,-0.000000000,0.000000000,0.000000000
440,0.000000000,-0.600502610,2.788452148,1,1,1,0.000000000,0.000000000,0.000000000,17.279663086,0,-0.000000000,0.000000000,0.000000000
441,-0.000001907,-0.600504041,2.788894653,1,1,1,0.000000000,0.000000000,0.000000000,17.306213379,0,-0.000000000,0.000000000,0.000000000
442,-0.000001907,-0.600505531,2.789337158,1,1,1,0.000000000,0.000000000,0.000000000,17.332763672,0,-0.000000000,0.000000000,0.000000000
443,-0.000001907,-0.600507021,2.789779663,1,1,1,0.000000000,0.000000000,0.000000000,17.359313965,0,-0.000000000,0.000000000,0.000000000
444,-0.000001907,-0.600508451,2.790222168,1,1,1,0.000000000,0.000000000,0.000000000,17.385864258,0,-0.000000000,0.000000000,0.000000000
445,0.000000000,-0.600509882,2.790664673,1,1,1,0.000000000,0.000000000,0.000000000,17.412414551,0,-0.000000000,0.000000000,0.000000000
446,-0.000001907,-0.600511312,2.791107178,1,1,1,0.000000000,0.000000000,0.000000000,17.438964844,0,-0.000000000,0.000000000,0.000000000
447,-0.000001907,-0.600512743,2.791549683,1,1,1,0.000000000,0.000000000,0.000000000,17.465515137,0,-0.000000000,0.000000000,0.000000000
448,-0.000001907,-0.600514174,2.791992188,1,1,1,0.000000000,0.000000000,0.000000000,17.492065430,0,-0.000000000,0.000000000,0.000000000
449,-0.000001907,-0.600515604,2.792434692,1,1,1,0.000000000,0.000000000,0.000000000,17.518615723,0,-0.000000000,0.000000000,0.000000000
450,0.000000000,-0.600517154,2.792877197,1,1,1,0.000000000,0.000000000,0.000000000,17.545166016,0,-0.000000000,0.000000000,0.000000000
451,0.000000000,-0.600518465,2.793304443,1,1,1,0.000000000,0.000000000,0.000000000,17.571716309,0,-0.000000000,0.000000000,0.000000000
452,-0.000001907,-0.600519955,2.793746948,1,1,1,0.000000000,0.000000000,0.000000000,17.597351074,0,-0.000000000,0.000000000,0.000000000
453,-0.000001907,-0.600521386,2.794174194,1,1,1,0.000000000,0.000000000,0.000000000,17.623901367,0,-0.000000000,0.000000000,0.000000000
454,-0.000001907,-0.600522816,2.794616699,1,1,1,0.000000000,0.000000000,0.000000000,17.649536133,0,-0.000000000,0.000000000,0.000000000
455,0.000000000,-0.600524247,2.795059204,1,1,1,0.000000000,0.000000000,0.000000000,17.676086426,0,-0.000000000,0.000000000,0.000000000
456,0.000000000,-0.600525618,2.795486450,1,1,1,0.000000000,0.000000000,0.000000000,17.702636719,0,-0.000000000,0.000000000,0.000000000
457,0.000000000,-0.600527048,2.795913696,1,1,1,0.000000000,0.000000000,0.000000000,17.728271484,0,-0.000000000,0.000000000,0.000000000
458,-0.000001907,-0.600528479,2.796356201,1,1,1,0.000000000,0.000000000,0.000000000,17.753906250,0,-0.000000000,0.000000000,0.000000000
459,-0.000001907,-0.600529850,2.796783447,1,1,1,0.000000000,0.000000000,0.000000000,17.780456543,0,-0.000000000,0.000000000,0.000000000
460,-0.000001907,-0.600531340,2.797210693,1,1,1,0.000000000,0.000000000,0.000000000,17.806091309,0,-0.000000000,0.000000000,0.000000000
461,-0.000001907,-0.600532770,2.797653198,1,1,1,0.000000000,0.000000000,0.000000000,17.831726074,0,-0.000000000,0.000000000,0.000000000
462,0.000000000,-0.600534141,2.798080444,1,1,1,0.000000000,0.000000000,0.000000000,17.858276367,0,-0.000000000,0.000000000,0.000000000
463,0.000000000,-0.600535512,2.798507690,1,1,1,0.000000000,0.000000000,0.000000000,17.883911133,0,-0.000000000,0.000000000,0.000000000
464,0.000000000,-0.600536942,2.798934937,1,1,1,0.000000000,0.000000000,0.000000000,17.909545898,0,-0.000000000,0.000000000,0.000000000
465,-0.000001907,-0.600538373,2.799362183,1,1,1,0.000000000,0.000000000,0.000000000,17.935180664,0,-0.000000000,0.000000000,0.000000000
466,-0.000001907,-0.600539804,2.799789429,1,1,1,0.000000000,0.000000000,0.000000000,17.960815430,0,-0.000000000,0.000000000,0.000000000
467,-0.000001907,-0.600541115,2.800216675,1,1,1,0.000000000,0.000000000,0.000000000,17.986450195,0,-0.000000000,0.000000000,0.000000000
468,-0.000001907,-0.600542545,2.800643921,1,1,1,0.000000000,0.000000000,0.000000000,18.012084961,0,-0.000000000,0.000000000,0.000000000
469,0.000000000,-0.600543916,2.801071167,1,1,1,0.000000000,0.000000000,0.000000000,18.037719727,0,-0.000000000,0.000000000,0.000000000
470,0.000000000,-0.600545287,2.801483154,1,1,1,0.000000000,0.000000000,0.000000000,18.063354492,0,-0.000000000,0.000000000,0.000000000
471,0.000000000,-0.600546718,2.801910400,1,1,1,0.000000000,0.000000000,0.000000000,18.088073730,0,-0.000000000,0.000000000,0.000000000
472,-0.000001907,-0.600548089,2.802337646,1,1,1,0.000000000,0.000000000,0.000000000,18.113708496,0,-0.000000000,0.000000000,0.000000000
473,-0.000001907,-0.600549459,2.802764893,1,1,1,0.000000000,0.000000000,0.000000000,18.139343262,0,-0.000000000,0.000000000,0.000000000
474,-0.000001907,-0.600550771,2.803176880,1,1,1,0.000000000,0.000000000,0.000000000,18.164978027,0,-0.000000000,0.000000000,0.000000000
475,-0.000001907,-0.600552201,2.803604126,1,1,1,0.000000000,0.000000000,0.000000000,18.189697266,0,-0.000000000,0.000000000,0.000000000
476,-0.000001907,-0.600553513,2.804016113,1,1,1,0.000000000,0.000000000,0.000000000,18.215332031,0,-0.000000000,0.000000000,0.000000000
477,0.000000000,-0.600554883,2.804428101,1,1,1,0.000000000,0.000000000,0.000000000,18.240051270,0,-0.000000000,0.000000000,0.000000000
478,0.000000000,-0.600556254,2.804840088,1,1,1,0.000000000,0.000000000,0.000000000,18.265228271,0,-0.000000000,0.000000000,0.000000000
479,0.000000000,-0.600557685,2.805252075,1,1,1,0.000000000,0.000000000,0.000000000,18.290403366,0,-0.000000000,0.000000000,0.000000000
480,0.000000000,-0.600558996,2.805679321,1,1,1,0.000000000,0.000000000,0.000000000,18.315580368,0,-0.000000000,0.000000000,0.000000000
481,0.000000000,-0.600560427,2.806091309,1,1,1,0.000000000,0.000000000,0.000000000,18.340757370,0,-0.000000000,0.000000000,0.000000000
482,-0.000001907,-0.600561738,2.806526184,1,1,1,0.000000000,0.000000000,0.000000000,18.365476608,0,-0.000000000,0.000000000,0.000000000
483,-0.000001907,-0.600563169,2.806945801,1,1,1,0.000000000,0.000000000,0.000000000,18.390653610,0,-0.000000000,0.000000000,0.000000000
484,-0.000001907,-0.600564539,2.807365417,1,1,1,0.000000000,0.000000000,0.000000000,18.415372849,0,-0.000000000,0.000000000,0.000000000
485,-0.000001907,-0.600565910,2.807777405,1,1,1,0.000000000,0.000000000,0.000000000,18.440549850,0,-0.000000000,0.000000000,0.000000000
486,-0.000001907,-0.600567222,2.808189392,1,1,1,0.000000000,0.000000000,0.000000000,18.465269089,0,-0.000000000,0.000000000,0.000000000
487,-0.000001907,-0.600568533,2.808601379,1,1,1,0.000000000,0.000000000,0.000000000,18.489988327,0,-0.000000000,0.000000000,0.000000000
488,0.000000000,-0.600569904,2.809013367,1,1,1,0.000000000,0.000000000,0.000000000,18.514707565,0,-0.000000000,0.000000000,0.000000000
489,0.000000000,-0.600571275,2.809425354,1,1,1,0.000000000,0.000000000,0.000000000,18.539426804,0,-0.000000000,0.000000000,0.000000000
490,0.000000000,-0.600572586,2.809837341,1,1,1,0.000000000,0.000000000,0.000000000,18.564146042,0,-0.000000000,0.000000000,0.000000000
491,0.000000000,-0.600573957,2.810241699,1,1,1,0.000000000,0.000000000,0.000000000,18.588865280,0,-0.000000000,0.000000000,0.000000000
492,0.000000000,-0.600575328,2.810653687,1,1,1,0.000000000,0.000000000,0.000000000,18.613126755,0,-0.000000000,0.000000000,0.000000000
493,0.000000000,-0.600576580,2.811058044,1,1,1,0.000000000,0.000000000,0.000000000,18.637845993,0,-0.000000000,0.000000000,0.000000000
494,-0.000001907,-0.600577950,2.811470032,1,1,1,0.000000000,0.000000000,0.000000000,18.662107468,0,-0.000000000,0.000000000,0.000000000
495,-0.000001907,-0.600579262,2.811874390,1,1,1,0.000000000,0.000000000,0.000000000,18.686826706,0,-0.000000000,0.000000000,0.000000000
496,-0.000001907,-0.600580573,2.812278748,1,1,1,0.000000000,0.000000000,0.000000000,18.711088181,0,-0.000000000,0.000000000,0.000000000
497,-0.000001907,-0.600581884,2.812675476,1,1,1,0.000000000,0.000000000,0.000000000,18.735349655,0,-0.000000000,0.000000000,0.000000000
498,-0.000001907,-0.600583315,2.813095093,1,1,1,0.000000000,0.000000000,0.000000000,18.759611130,0,-0.000000000,0.000000000,0.000000000
499,-0.000001907,-0.600584567,2.813491821,1,1,1,0.000000000,0.000000000,0.000000000,18.784330368,0,-0.000000000,0.000000000,0.000000000
500,-0.000001907,-0.600585938,2.813896179,1,1,1,0.000000000,0.000000000,0.000000000,18.808134079,0,-0.000000000,0.000000000,0.000000000
501,-0.000001907,-0.600587249,2.814300537,1,1,1,0.000000000,0.000000000,0.000000000,18.832395554,0,-0.000000000,0.000000000,0.000000000
502,-0.000001907,-0.600588500,2.814704895,1,1,1,0.000000000,0.000000000,0.000000000,18.856657028,0,-0.000000000,0.000000000,0.000000000
503,0.000000000,-0.600589871,2.815109253,1,1,1,0.000000000,0.000000000,0.000000000,18.880918503,0,-0.000000000,0.000000000,0.000000000
504,0.000000000,-0.600591183,2.815505981,1,1,1,0.000000000,0.000000000,0.000000000,18.905179977,0,-0.000000000,0.000000000,0.000000000
505,0.000000000,-0.600592434,2.815902710,1,1,1,0.000000000,0.000000000,0.000000000,18.928983688,0,-0.000000000,0.000000000,0.000000000
506,0.000000000,-0.600593805,2.816307068,1,1,1,0.000000000,0.000000000,0.000000000,18.952787399,0,-0.000000000,0.000000000,0.000000000
507,0.000000000,-0.600597739,2.816703796,1,1,1,0.000000000,0.000000000,0.000000000,18.977048874,0,-0.000000000,0.000000000,0.000000000
508,0.000000000,-0.600596428,2.817100525,1,1,1,0.000000000,0.000000000,0.000000000,19.000852585,0,-0.000000000,0.000000000,0.000000000
509,0.000000000,-0.600597620,2.817497253,1,1,1,0.000000000,0.000000000,0.000000000,19.024656296,0,-0.000000000,0.000000000,0.000000000
510,0.000000000,-0.600598931,2.817893982,1,1,1,0.000000000,0.000000000,0.000000000,19.048460007,0,-0.000000000,0.000000000,0.000000000
511,0.000000000,-0.600600243,2.818290710,1,1,1,0.000000000,0.000000000,0.000000000,19.072263718,0,-0.000000000,0.000000000,0.000000000
512,0.000000000,-0.600601554,2.818687439,1,1,1,0.000000000,0.000000000,0.000000000,19.096067429,0,-0.000000000,0.000000000,0.000000000
513,0.000000000,-0.600602865,2.819084167,1,1,1,0.000000000,0.000000000,0.000000000,19.119871140,0,-0.000000000,0.000000000,0.000000000
514,0.000000000,-0.600604117,2.819480896,1,1,1,0.000000000,0.000000000,0.000000000,19.143674850,0,-0.000000000,0.000000000,0.000000000
515,0.000000000,-0.600605428,2.819869995,1,1,1,0.000000000,0.000000000,0.000000000,19.167478561,0,-0.000000000,0.000000000,0.000000000
516,0.000000000,-0.600606680,2.820266724,1,1,1,0.000000000,0.000000000,0.000000000,19.190824509,0,-0.000000000,0.000000000,0.000000000
517,0.000000000,-0.600607991,2.820655823,1,1,1,0.000000000,0.000000000,0.000000000,19.214628220,0,-0.000000000,0.000000000,0.000000000
518,0.000000000,-0.600609243,2.821044922,1,1,1,0.000000000,0.000000000,0.000000000,19.237974167,0,-0.000000000,0.000000000,0.000000000
519,0.000000000,-0.600610614,2.821434021,1,1,1,0.000000000,0.000000000,0.000000000,19.261320114,0,-0.000000000,0.000000000,0.000000000
520,0.000000000,-0.600611806,2.821830750,1,1,1,0.000000000,0.000000000,0.000000000,19.285123825,0,-0.000000000,0.000000000,0.000000000
521,0.000000000,-0.600613117,2.822219849,1,1,1,0.000000000,0.000000000,0.000000000,19.308469772,0,-0.000000000,0.000000000,0.000000000
522,0.000000000,-0.600614369,2.822608948,1,1,1,0.000000000,0.000000000,0.000000000,19.331815720,0,-0.000000000,0.000000000,0.000000000
523,0.000000000,-0.600615621,2.822998047,1,1,1,0.000000000,0.000000000,0.000000000,19.355161667,0,-0.000000000,0.000000000,0.000000000
524,0.000000000,-0.600616932,2.823379517,1,1,1,0.000000000,0.000000000,0.000000000,19.378507614,0,-0.000000000,0.000000000,0.000000000
525,0.000000000,-0.600618243,2.823768616,1,1,1,0.000000000,0.000000000,0.000000000,19.401395798,0,-0.000000000,0.000000000,0.000000000
526,0.000000000,-0.600619435,2.824157715,1,1,1,0.000000000,0.000000000,0.000000000,19.424741745,0,-0.000000000,0.000000000,0.000000000
527,0.000000000,-0.600620687,2.824539185,1,1,1,0.000000000,0.000000000,0.000000000,19.448087692,0,-0.000000000,0.000000000,0.000000000
528,0.000000000,-0.600621939,2.824928284,1,1,1,0.000000000,0.000000000,0.000000000,19.470975876,0,-0.000000000,0.000000000,0.000000000
529,0.000000000,-0.600623250,2.825309753,1,1,1,0.000000000,0.000000000,0.000000000,19.494321823,0,-0.000000000,0.000000000,0.000000000
530,0.000000000,-0.600624561,2.825698853,1,1,1,0.000000000,0.000000000,0.000000000,19.517210007,0,-0.000000000,0.000000000,0.000000000
531,0.000000000,-0.600625753,2.826080322,1,1,1,0.000000000,0.000000000,0.000000000,19.540555954,0,-0.000000000,0.000000000,0.000000000
532,0.000000000,-0.600627005,2.826461792,1,1,1,0.000000000,0.000000000,0.000000000,19.563444138,0,-0.000000000,0.000000000,0.000000000
533,0.000000000,-0.600628257,2.826843262,1,1,1,0.000000000,0.000000000,0.000000000,19.586332321,0,-0.000000000,0.000000000,0.000000000
534,0.000000000,-0.600629449,2.827224731,1,1,1,0.000000000,0.000000000,0.000000000,19.609220505,0,-0.000000000,0.000000000,0.000000000
535,0.000000000,-0.600630760,2.827606201,1,1,1,0.000000000,0.000000000,0.000000000,19.632108688,0,-0.000000000,0.000000000,0.000000000
536,-0.000001907,-0.600632071,2.827987671,1,1,1,0.000000000,0.000000000,0.000000000,19.654996872,0,-0.000000000,0.000000000,0.000000000
537,-0.000001907,-0.600633264,2.828361511,1,1,1,0.000000000,0.000000000,0.000000000,19.677885056,0,-0.000000000,0.000000000,0.000000000
538,-0.000001907,-0.600634515,2.828742981,1,1,1,0.000000000,0.000000000,0.000000000,19.700315475,0,-0.000000000,0.000000000,0.000000000
539,-0.000001907,-0.600635767,2.829124451,1,1,1,0.000000000,0.000000000,0.000000000,19.723203659,0,-0.000000000,0.000000000,0.000000000
540,-0.000001907,-0.600636899,2.829498291,1,1,1,0.000000000,0.000000000,0.000000000,19.746091843,0,-0.000000000,0.000000000,0.000000000
541,-0.000001907,-0.600638151,2.829872131,1,1,1,0.000000000,0.000000000,0.000000000,19.768522263,0,-0.000000000,0.000000000,0.000000000
542,-0.000001907,-0.600639343,2.830253601,1,1,1,0.000000000,0.000000000,0.000000000,19.790952682,0,-0.000000000,0.000000000,0.000000000
543,-0.000001907,-0.600640655,2.830627441,1,1,1,0.000000000,0.000000000,0.000000000,19.813840866,0,-0.000000000,0.000000000,0.000000000
544,0.000000000,-0.600641906,2.831001282,1,1,1,0.000000000,0.000000000,0.000000000,19.836271286,0,-0.000000000,0.000000000,0.000000000
545,0.000000000,-0.600643158,2.831375122,1,1,1,0.000000000,0.000000000,0.000000000,19.858701706,0,-0.000000000,0.000000000,0.000000000
546,0.000000000,-0.600644350,2.831748962,1,1,1,0.000000000,0.000000000,0.000000000,19.881132126,0,-0.000000000,0.000000000,0.000000000
547,0.000000000,-0.600645542,2.832122803,1,1,1,0.000000000,0.000000000,0.000000000,19.903562546,0,-0.000000000,0.000000000,0.000000000
548,0.000000000,-0.600646734,2.832496643,1,1,1,0.000000000,0.000000000,0.000000000,19.925992966,0,-0.000000000,0.000000000,0.000000000
549,0.000000000,-0.600647986,2.832870483,1,1,1,0.000000000,0.000000000,0.000000000,19.948423386,0,-0.000000000,0.000000000,0.000000000
550,0.000000000,-0.600649238,2.833236694,1,1,1,0.000000000,0.000000000,0.000000000,19.970853806,0,-0.000000000,0.000000000,0.000000000
551,0.000000000,-0.600650430,2.833610535,1,1,1,0.000000000,0.000000000,0.000000000,19.992826462,0,-0.000000000,0.000000000,0.000000000
552,0.000000000,-0.600651622,2.833976746,1,1,1,0.000000000,0.000000000,0.000000000,20.015256882,0,-0.000000000,0.000000000,0.000000000
553,0.000000000,-0.600652814,2.834350586,1,1,1,0.000000000,0.000000000,0.000000000,20.037229538,0,-0.000000000,0.000000000,0.000000000
554,-0.000001907,-0.600654006,2.834716797,1,1,1,0.000000000,0.000000000,0.000000000,20.059659958,0,-0.000000000,0.000000000,0.000000000
555,-0.000001907,-0.600655198,2.835083008,1,1,1,0.000000000,0.000000000,0.000000000,20.081632614,0,-0.000000000,0.000000000,0.000000000
556,-0.000001907,-0.600656390,2.835449219,1,1,1,0.000000000,0.000000000,0.000000000,20.103605270,0,-0.000000000,0.000000000,0.000000000
557,-0.000001907,-0.600657642,2.835807800,1,1,1,0.000000000,0.000000000,0.000000000,20.125577927,0,-0.000000000,0.000000000,0.000000000
558,0.000000000,-0.600658834,2.836181641,1,1,1,0.000000000,0.000000000,0.000000000,20.147550583,0,-0.000000000,0.000000000,0.000000000
559,0.000000000,-0.600659966,2.836547852,1,1,1,0.000000000,0.000000000,0.000000000,20.169523239,0,-0.000000000,0.000000000,0.000000000
560,0.000000000,-0.600661159,2.836914063,1,1,1,0.000000000,0.000000000,0.000000000,20.191495895,0,-0.000000000,0.000000000,0.000000000
561,0.000000000,-0.600662410,2.837280273,1,1,1,0.000000000,0.000000000,0.000000000,20.213468552,0,-0.000000000,0.000000000,0.000000000
562,0.000000000,-0.600663662,2.837646484,1,1,1,0.000000000,0.000000000,0.000000000,20.235441208,0,-0.000000000,0.000000000,0.000000000
563,0.000000000,-0.600664794,2.838005066,1,1,1,0.000000000,0.000000000,0.000000000,20.257413864,0,-0.000000000,0.000000000,0.000000000
564,0.000000000,-0.600665987,2.838371277,1,1,1,0.000000000,0.000000000,0.000000000,20.278928757,0,-0.000000000,0.000000000,0.000000000
565,-0.000001907,-0.600667119,2.838729858,1,1,1,0.000000000,0.000000000,0.000000000,20.300901413,0,-0.000000000,0.000000000,0.000000000
566,-0.000001907,-0.600668430,2.839096069,1,1,1,0.000000000,0.000000000,0.000000000,20.322416306,0,-0.000000000,0.000000000,0.000000000
567,-0.000001907,-0.600669503,2.839454651,1,1,1,0.000000000,0.000000000,0.000000000,20.344388962,0,-0.000000000,0.000000000,0.000000000
568,0.000000000,-0.600670815,2.839813232,1,1,1,0.000000000,0.000000000,0.000000000,20.365903854,0,-0.000000000,0.000000000,0.000000000
569,0.000000000,-0.600671887,2.840171814,1,1,1,0.000000000,0.000000000,0.000000000,20.387418747,0,-0.000000000,0.000000000,0.000000000
570,0.000000000,-0.600673079,2.840530396,1,1,1,0.000000000,0.000000000,0.000000000,20.408933640,0,-0.000000000,0.000000000,0.000000000
571,0.000000000,-0.600674212,2.840888977,1,1,1,0.000000000,0.000000000,0.000000000,20.430448532,0,-0.000000000,0.000000000,0.000000000
572,0.000000000,-0.600675344,2.841247559,1,1,1,0.000000000,0.000000000,0.000000000,20.451963425,0,-0.000000000,0.000000000,0.000000000
573,0.000000000,-0.600676596,2.841606140,1,1,1,0.000000000,0.000000000,0.000000000,20.473478317,0,-0.000000000,0.000000000,0.000000000
574,-0.000001907,-0.600677729,2.841964722,1,1,1,0.000000000,0.000000000,0.000000000,20.494993210,0,-0.000000000,0.000000000,0.000000000
575,-0.000001907,-0.600678921,2.842315674,1,1,1,0.000000000,0.000000000,0.000000000,20.516508102,0,-0.000000000,0.000000000,0.000000000
576,0.000000000,-0.600680053,2.842674255,1,1,1,0.000000000,0.000000000,0.000000000,20.537565231,0,-0.000000000,0.000000000,0.000000000
577,0.000000000,-0.600681305,2.843032837,1,1,1,0.000000000,0.000000000,0.000000000,20.559080124,0,-0.000000000,0.000000000,0.000000000
578,0.000000000,-0.600682378,2.843383789,1,1,1,0.000000000,0.000000000,0.000000000,20.580595016,0,-0.000000000,0.000000000,0.000000000
579,0.000000000,-0.600683570,2.843734741,1,1,1,0.000000000,0.000000000,0.000000000,20.601652145,0,-0.000000000,0.000000000,0.000000000
580,0.000000000,-0.600684702,2.844093323,1,1,1,0.000000000,0.000000000,0.000000000,20.622709274,0,-0.000000000,0.000000000,0.000000000
581,-0.000001907,-0.600685835,2.844444275,1,1,1,0.000000000,0.000000000,0.000000000,20.644224167,0,-0.000000000,0.000000000,0.000000000
582,-0.000001907,-0.600687027,2.844795227,1,1,1,0.000000000,0.000000000,0.000000000,20.665281296,0,-0.000000000,0.000000000,0.000000000
583,0.000000000,-0.600688159,2.845146179,1,1,1,0.000000000,0.000000000,0.000000000,20.686338425,0,-0.000000000,0.000000000,0.000000000
584,0.000000000,-0.600689292,2.845497131,1,1,1,0.000000000,0.000000000,0.000000000,20.707395554,0,-0.000000000,0.000000000,0.000000000
585,0.000000000,-0.600690484,2.845848083,1,1,1,0.000000000,0.000000000,0.000000000,20.728452682,0,-0.000000000,0.000000000,0.000000000
586,0.000000000,-0.600691676,2.846199036,1,1,1,0.000000000,0.000000000,0.000000000,20.749509811,0,-0.000000000,0.000000000,0.000000000
587,0.000000000,-0.600692749,2.846542358,1,1,1,0.000000000,0.000000000,0.000000000,20.770566940,0,-0.000000000,0.000000000,0.000000000
588,-0.000001907,-0.600693941,2.846893311,1,1,1,0.000000000,0.000000000,0.000000000,20.791166306,0,-0.000000000,0.000000000,0.000000000
589,-0.000001907,-0.600695014,2.847244263,1,1,1,0.000000000,0.000000000,0.000000000,20.812223434,0,-0.000000000,0.000000000,0.000000000
590,0.000000000,-0.600696206,2.847587585,1,1,1,0.000000000,0.000000000,0.000000000,20.833280563,0,-0.000000000,0.000000000,0.000000000
591,0.000000000,-0.600697339,2.847938538,1,1,1,0.000000000,0.000000000,0.000000000,20.853879929,0,-0.000000000,0.000000000,0.000000000
592,0.000000000,-0.600698411,2.848281860,1,1,1,0.000000000,0.000000000,0.000000000,20.874937057,0,-0.000000000,0.000000000,0.000000000
593,0.000000000,-0.600699544,2.848625183,1,1,1,0.000000000,0.000000000,0.000000000,20.895536423,0,-0.000000000,0.000000000,0.000000000
594,-0.000001907,-0.600700736,2.848968506,1,1,1,0.000000000,0.000000000,0.000000000,20.916135788,0,-0.000000000,0.000000000,0.000000000
595,-0.000001907,-0.600701869,2.849319458,1,1,1,0.000000000,0.000000000,0.000000000,20.936735153,0,-0.000000000,0.000000000,0.000000000
596,0.000000000,-0.600702941,2.849662781,1,1,1,0.000000000,0.000000000,0.000000000,20.957792282,0,-0.000000000,0.000000000,0.000000000
597,0.000000000,-0.600704074,2.850006104,1,1,1,0.000000000,0.000000000,0.000000000,20.978391647,0,-0.000000000,0.000000000,0.000000000
598,0.000000000,-0.600705206,2.850349426,1,1,1,0.000000000,0.000000000,0.000000000,20.998991013,0,-0.000000000,0.000000000,0.000000000
599,0.000000000,-0.600706339,2.850685120,1,1,1,0.000000000,0.000000000,0.000000000,21.019590378,0,-0.000000000,0.000000000,0.000000000
600,-0.000001907,-0.600707471,2.851028442,1,1,1,0.000000000,0.000000000,0.000000000,21.039731979,0,-0.000000000,0.000000000,0.000000000
601,-0.000001907,-0.600708604,2.851371765,1,1,1,0.000000000,0.000000000,0.000000000,21.060331345,0,-0.000000000,0.000000000,0.000000000
602,0.000000000,-0.600709677,2.851707458,1,1,1,0.000000000,0.000000000,0.000000000,21.080930710,0,-0.000000000,0.000000000,0.000000000
603,0.000000000,-0.600710750,2.852050781,1,1,1,0.000000000,0.000000000,0.000000000,21.101072311,0,-0.000000000,0.000000000,0.000000000
604,0.000000000,-0.600711823,2.852386475,1,1,1,0.000000000,0.000000000,0.000000000,21.121671677,0,-0.000000000,0.000000000,0.000000000
605,-0.000001907,-0.600713015,2.852729797,1,1,1,0.000000000,0.000000000,0.000000000,21.141813278,0,-0.000000000,0.000000000,0.000000000
606,-0.000001907,-0.600714087,2.853065491,1,1,1,0.000000000,0.000000000,0.000000000,21.162412643,0,-0.000000000,0.000000000,0.000000000
607,0.000000000,-0.600715160,2.853401184,1,1,1,0.000000000,0.000000000,0.000000000,21.182554245,0,-0.000000000,0.000000000,0.000000000
608,0.000000000,-0.600716352,2.853744507,1,1,1,0.000000000,0.000000000,0.000000000,21.202695847,0,-0.000000000,0.000000000,0.000000000
609,0.000000000,-0.600717425,2.854080200,1,1,1,0.000000000,0.000000000,0.000000000,21.223295212,0,-0.000000000,0.000000000,0.000000000
610,0.000000000,-0.600718498,2.854415894,1,1,1,0.000000000,0.000000000,0.000000000,21.243436813,0,-0.000000000,0.000000000,0.000000000
611,-0.000001907,-0.600719690,2.854751587,1,1,1,0.000000000,0.000000000,0.000000000,21.263578415,0,-0.000000000,0.000000000,0.000000000
612,0.000000000,-0.600720763,2.855079651,1,1,1,0.000000000,0.000000000,0.000000000,21.283720016,0,-0.000000000,0.000000000,0.000000000
613,0.000000000,-0.600721776,2.855415344,1,1,1,0.000000000,0.000000000,0.000000000,21.303403854,0,-0.000000000,0.000000000,0.000000000
614,0.000000000,-0.600722909,2.855751038,1,1,1,0.000000000,0.000000000,0.000000000,21.323545456,0,-0.000000000,0.000000000,0.000000000
615,-0.000001907,-0.600723982,2.856086731,1,1,1,0.000000000,0.000000000,0.000000000,21.343687057,0,-0.000000000,0.000000000,0.000000000
616,0.000000000,-0.600725055,2.856414795,1,1,1,0.000000000,0.000000000,0.000000000,21.363828659,0,-0.000000000,0.000000000,0.000000000
617,0.000000000,-0.600726128,2.856750488,1,1,1,0.000000000,0.000000000,0.000000000,21.383512497,0,-0.000000000,0.000000000,0.000000000
618,0.000000000,-0.600727201,2.857078552,1,1,1,0.000000000,0.000000000,0.000000000,21.403654099,0,-0.000000000,0.000000000,0.000000000
619,0.000000000,-0.600728333,2.857414246,1,1,1,0.000000000,0.000000000,0.000000000,21.423337936,0,-0.000000000,0.000000000,0.000000000
620,-0.000001907,-0.600729465,2.857742310,1,1,1,0.000000000,0.000000000,0.000000000,21.443479538,0,-0.000000000,0.000000000,0.000000000
621,0.000000000,-0.600730479,2.858070374,1,1,1,0.000000000,0.000000000,0.000000000,21.463163376,0,-0.000000000,0.000000000,0.000000000
622,0.000000000,-0.600731492,2.858398438,1,1,1,0.000000000,0.000000000,0.000000000,21.482847214,0,-0.000000000,0.000000000,0.000000000
623,0.000000000,-0.600732625,2.858726501,1,1,1,0.000000000,0.000000000,0.000000000,21.502531052,0,-0.000000000,0.000000000,0.000000000
624,-0.000001907,-0.600733757,2.859054565,1,1,1,0.000000000,0.000000000,0.000000000,21.522214890,0,-0.000000000,0.000000000,0.000000000
625,0.000000000,-0.600734770,2.859375000,1,1,1,0.000000000,0.000000000,0.000000000,21.541898727,0,-0.000000000,0.000000000,0.000000000
626,0.000000000,-0.600735903,2.859710693,1,1,1,0.000000000,0.000000000,0.000000000,21.561582565,0,-0.000000000,0.000000000,0.000000000
627,0.000000000,-0.600736976,2.860038757,1,1,1,0.000000000,0.000000000,0.000000000,21.581266403,0,-0.000000000,0.000000000,0.000000000
628,0.000000000,-0.600737989,2.860366821,1,1,1,0.000000000,0.000000000,0.000000000,21.600950241,0,-0.000000000,0.000000000,0.000000000
629,-0.000001907,-0.600739002,2.860679626,1,1,1,0.000000000,0.000000000,0.000000000,21.620634079,0,-0.000000000,0.000000000,0.000000000
630,0.000000000,-0.600740135,2.861015320,1,1,1,0.000000000,0.000000000,0.000000000,21.639860153,0,-0.000000000,0.000000000,0.000000000
631,0.000000000,-0.600741208,2.861335754,1,1,1,0.000000000,0.000000000,0.000000000,21.659543991,0,-0.000000000,0.000000000,0.000000000
632,0.000000000,-0.600742280,2.861663818,1,1,1,0.000000000,0.000000000,0.000000000,21.678770065,0,-0.000000000,0.000000000,0.000000000
633,-0.000001907,-0.600743294,2.861984253,1,1,1,0.000000000,0.000000000,0.000000000,21.698453903,0,-0.000000000,0.000000000,0.000000000
634,0.000000000,-0.600744367,2.862304688,1,1,1,0.000000000,0.000000000,0.000000000,21.717679977,0,-0.000000000,0.000000000,0.000000000
635,0.000000000,-0.600745559,2.862632751,1,1,1,0.000000000,0.000000000,0.000000000,21.736906052,0,-0.000000000,0.000000000,0.000000000
636,0.000000000,-0.600746512,2.862953186,1,1,1,0.000000000,0.000000000,0.000000000,21.756589890,0,-0.000000000,0.000000000,0.000000000
637,-0.000001907,-0.600747585,2.863273621,1,1,1,0.000000000,0.000000000,0.000000000,21.775815964,0,-0.000000000,0.000000000,0.000000000
638,0.000000000,-0.600748539,2.863594055,1,1,1,0.000000000,0.000000000,0.000000000,21.795042038,0,-0.000000000,0.000000000,0.000000000
639,0.000000000,-0.600749612,2.863914490,1,1,1,0.000000000,0.000000000,0.000000000,21.814268112,0,-0.000000000,0.000000000,0.000000000
640,0.000000000,-0.600750685,2.864234924,1,1,1,0.000000000,0.000000000,0.000000000,21.833494186,0,-0.000000000,0.000000000,0.000000000
641,0.000000000,-0.600751758,2.864547729,1,1,1,0.000000000,0.000000000,0.000000000,21.852720261,0,-0.000000000,0.000000000,0.000000000
642,0.000000000,-0.600752771,2.864868164,1,1,1,0.000000000,0.000000000,0.000000000,21.871488571,0,-0.000000000,0.000000000,0.000000000
643,0.000000000,-0.600753784,2.865188599,1,1,1,0.000000000,0.000000000,0.000000000,21.890714645,0,-0.000000000,0.000000000,0.000000000
644,-0.000001907,-0.600754857,2.865501404,1,1,1,0.000000000,0.000000000,0.000000000,21.909940720,0,-0.000000000,0.000000000,0.000000000
645,0.000000000,-0.600755870,2.865821838,1,1,1,0.000000000,0.000000000,0.000000000,21.928709030,0,-0.000000000,0.000000000,0.000000000
646,0.000000000,-0.600756943,2.866134644,1,1,1,0.000000000,0.000000000,0.000000000,21.947935104,0,-0.000000000,0.000000000,0.000000000
647,0.000000000,-0.600757957,2.866455078,1,1,1,0.000000000,0.000000000,0.000000000,21.966703415,0,-0.000000000,0.000000000,0.000000000
648,-0.000001907,-0.600758970,2.866760254,1,1,1,0.000000000,0.000000000,0.000000000,21.985929489,0,-0.000000000,0.000000000,0.000000000
649,0.000000000,-0.600760043,2.867080688,1,1,1,0.000000000,0.000000000,0.000000000,22.004697800,0,-0.000000000,0.000000000,0.000000000
650,0.000000000,-0.600760996,2.867393494,1,1,1,0.000000000,0.000000000,0.000000000,22.023466110,0,-0.000000000,0.000000000,0.000000000
651,0.000000000,-0.600762129,2.867713928,1,1,1,0.000000000,0.000000000,0.000000000,22.042234421,0,-0.000000000,0.000000000,0.000000000
652,0.000000000,-0.600763083,2.868026733,1,1,1,0.000000000,0.000000000,0.000000000,22.061460495,0,-0.000000000,0.000000000,0.000000000
653,0.000000000,-0.600764155,2.868339539,1,1,1,0.000000000,0.000000000,0.000000000,22.080228806,0,-0.000000000,0.000000000,0.000000000
654,0.000000000,-0.600765169,2.868652344,1,1,1,0.000000000,0.000000000,0.000000000,22.098997116,0,-0.000000000,0.000000000,0.000000000
655,-0.000001907,-0.600766122,2.868957520,1,1,1,0.000000000,0.000000000,0.000000000,22.117765427,0,-0.000000000,0.000000000,0.000000000
656,0.000000000,-0.600767195,2.869270325,1,1,1,0.000000000,0.000000000,0.000000000,22.136075974,0,-0.000000000,0.000000000,0.000000000
657,0.000000000,-0.600768209,2.869583130,1,1,1,0.000000000,0.000000000,0.000000000,22.154844284,0,-0.000000000,0.000000000,0.000000000
658,-0.000001907,-0.600769162,2.869888306,1,1,1,0.000000000,0.000000000,0.000000000,22.173612595,0,-0.000000000,0.000000000,0.000000000
659,0.000000000,-0.600770235,2.870201111,1,1,1,0.000000000,0.000000000,0.000000000,22.191923141,0,-0.000000000,0.000000000,0.000000000
660,0.000000000,-0.600771189,2.870513916,1,1,1,0.000000000,0.000000000,0.000000000,22.210691452,0,-0.000000000,0.000000000,0.000000000
661,0.000000000,-0.600772262,2.870819092,1,1,1,0.000000000,0.000000000,0.000000000,22.229459763,0,-0.000000000,0.000000000,0.000000000
662,0.000000000,-0.600773215,2.871124268,1,1,1,0.000000000,0.000000000,0.000000000,22.247770309,0,-0.000000000,0.000000000,0.000000000
663,0.000000000,-0.600774288,2.871437073,1,1,1,0.000000000,0.000000000,0.000000000,22.266080856,0,-0.000000000,0.000000000,0.000000000
664,0.000000000,-0.600775242,2.871742249,1,1,1,0.000000000,0.000000000,0.000000000,22.284849167,0,-0.000000000,0.000000000,0.000000000
665,0.000000000,-0.600776315,2.872051239,1,1,1,0.000000000,0.000000000,0.000000000,22.303159714,0,-0.000000000,0.000000000,0.000000000
666,0.000000000,-0.600777268,2.872352600,1,1,1,0.000000000,0.000000000,0.000000000,22.321470261,0,-0.000000000,0.000000000,0.000000000
667,0.000000000,-0.600778282,2.872665405,1,1,1,0.000000000,0.000000000,0.000000000,22.339780807,0,-0.000000000,0.000000000,0.000000000
668,-0.000001907,-0.600779235,2.872966766,1,1,1,0.000000000,0.000000000,0.000000000,22.358091354,0,-0.000000000,0.000000000,0.000000000
669,0.000000000,-0.600780308,2.873271942,1,1,1,0.000000000,0.000000000,0.000000000,22.376401901,0,-0.000000000,0.000000000,0.000000000
670,0.000000000,-0.600780129,2.873573303,1,1,1,0.000000000,0.000000000,0.000000000,22.394712448,0,0.000000000,0.000000000,0.000000000
671,0.000000000,-0.600782275,2.873882294,1,1,1,0.000000000,0.000000000,0.000000000,22.413022995,0,0.000000000,0.000000000,0.000000000
672,0.000000000,-0.600783288,2.874183655,1,1,1,0.000000000,0.000000000,0.000000000,22.431104660,0,0.000000000,0.000000000,0.000000000
673,0.000000000,-0.600784302,2.874492645,1,1,1,0.000000000,0.000000000,0.000000000,22.449186325,0,0.000000000,0.000000000,0.000000000
674,-0.000001907,-0.600785255,2.874794006,1,1,1,0.000000000,0.000000000,0.000000000,22.467496872,0,0.000000000,0.000000000,0.000000000
675,0.000000000,-0.600786269,2.875095367,1,1,1,0.000000000,0.000000000,0.000000000,22.485578537,0,0.000000000,0.000000000,0.000000000
676,0.000000000,-0.600787282,2.875396729,1,1,1,0.000000000,0.000000000,0.000000000,22.503660202,0,0.000000000,0.000000000,0.000000000
677,-0.000001907,-0.600788236,2.875690460,1,1,1,0.000000000,0.000000000,0.000000000,22.521741867,0,0.000000000,0.000000000,0.000000000
678,0.000000000,-0.600789189,2.875995636,1,1,1,0.000000000,0.000000000,0.000000000,22.539594650,0,0.000000000,0.000000000,0.000000000
679,0.000000000,-0.600790203,2.876289368,1,1,1,0.000000000,0.000000000,0.000000000,22.557676315,0,0.000000000,0.000000000,0.000000000
680,0.000000000,-0.600791156,2.876594543,1,1,1,0.000000000,0.000000000,0.000000000,22.575529099,0,0.000000000,0.000000000,0.000000000
681,0.000000000,-0.600792170,2.876892090,1,1,1,0.000000000,0.000000000,0.000000000,22.593610764,0,0.000000000,0.000000000,0.000000000
682,0.000000000,-0.600793123,2.877189636,1,1,1,0.000000000,0.000000000,0.000000000,22.611463547,0,0.000000000,0.000000000,0.000000000
683,0.000000000,-0.600794077,2.877487183,1,1,1,0.000000000,0.000000000,0.000000000,22.629316330,0,0.000000000,0.000000000,0.000000000
684,0.000000000,-0.600795031,2.877784729,1,1,1,0.000000000,0.000000000,0.000000000,22.647169113,0,0.000000000,0.000000000,0.000000000
685,0.000000000,-0.600796044,2.878082275,1,1,1,0.000000000,0.000000000,0.000000000,22.665021896,0,0.000000000,0.000000000,0.000000000
686,0.000000000,-0.600796998,2.878376007,1,1,1,0.000000000,0.000000000,0.000000000,22.682874680,0,0.000000000,0.000000000,0.000000000
687,0.000000000,-0.600798011,2.878673553,1,1,1,0.000000000,0.000000000,0.000000000,22.700498581,0,0.000000000,0.000000000,0.000000000
688,0.000000000,-0.600798965,2.878967285,1,1,1,0.000000000,0.000000000,0.000000000,22.718351364,0,0.000000000,0.000000000,0.000000000
689,0.000000000,-0.600799918,2.879261017,1,1,1,0.000000000,0.000000000,0.000000000,22.735975266,0,0.000000000,0.000000000,0.000000000
690,0.000000000,-0.600800872,2.879550934,1,1,1,0.000000000,0.000000000,0.000000000,22.753599167,0,0.000000000,0.000000000,0.000000000
691,0.000000000,-0.600801826,2.879848480,1,1,1,0.000000000,0.000000000,0.000000000,22.771223068,0,0.000000000,0.000000000,0.000000000
692,0.000000000,-0.600802779,2.880142212,1,1,1,0.000000000,0.000000000,0.000000000,22.788846970,0,0.000000000,0.000000000,0.000000000
693,0.000000000,-0.600803733,2.880432129,1,1,1,0.000000000,0.000000000,0.000000000,22.806470871,0,0.000000000,0.000000000,0.000000000
694,-0.000001907,-0.600804687,2.880725861,1,1,1,0.000000000,0.000000000,0.000000000,22.823865891,0,0.000000000,0.000000000,0.000000000
695,0.000000000,-0.600805640,2.881015778,1,1,1,0.000000000,0.000000000,0.000000000,22.841489792,0,0.000000000,0.000000000,0.000000000
696,0.000000000,-0.600806594,2.881309509,1,1,1,0.000000000,0.000000000,0.000000000,22.858884811,0,0.000000000,0.000000000,0.000000000
697,0.000000000,-0.600807548,2.881599426,1,1,1,0.000000000,0.000000000,0.000000000,22.876508713,0,0.000000000,0.000000000,0.000000000
698,0.000000000,-0.600808501,2.881889343,1,1,1,0.000000000,0.000000000,0.000000000,22.893903732,0,0.000000000,0.000000000,0.000000000
699,0.000000000,-0.600809455,2.882175446,1,1,1,0.000000000,0.000000000,0.000000000,22.911298752,0,0.000000000,0.000000000,0.000000000
700,0.000000000,-0.600810409,2.882465363,1,1,1,0.000000000,0.000000000,0.000000000,22.928693771,0,0.000000000,0.000000000,0.000000000
701,0.000000000,-0.600811362,2.882751465,1,1,1,0.000000000,0.000000000,0.000000000,22.945859909,0,0.000000000,0.000000000,0.000000000
702,-0.000001907,-0.600812256,2.883045197,1,1,1,0.000000000,0.000000000,0.000000000,22.963254929,0,0.000000000,0.000000000,0.000000000
703,0.000000000,-0.600813210,2.883331299,1,1,1,0.000000000,0.000000000,0.000000000,22.980649948,0,0.000000000,0.000000000,0.000000000
704,0.000000000,-0.600814164,2.883617401,1,1,1,0.000000000,0.000000000,0.000000000,22.997816086,0,0.000000000,0.000000000,0.000000000
705,0.000000000,-0.600815058,2.883903503,1,1,1,0.000000000,0.000000000,0.000000000,23.014982224,0,0.000000000,0.000000000,0.000000000
706,0.000000000,-0.600816011,2.884189606,1,1,1,0.000000000,0.000000000,0.000000000,23.032148361,0,0.000000000,0.000000000,0.000000000
707,0.000000000,-0.600816965,2.884475708,1,1,1,0.000000000,0.000000000,0.000000000,23.049314499,0,0.000000000,0.000000000,0.000000000
708,0.000000000,-0.600817919,2.884761810,1,1,1,0.000000000,0.000000000,0.000000000,23.066480637,0,0.000000000,0.000000000,0.000000000
709,0.000000000,-0.600818872,2.885047913,1,1,1,0.000000000,0.000000000,0.000000000,23.083646774,0,0.000000000,0.000000000,0.000000000
710,0.000000000,-0.600819767,2.885326385,1,1,1,0.000000000,0.000000000,0.000000000,23.100812912,0,0.000000000,0.000000000,0.000000000
711,0.000000000,-0.600820661,2.885612488,1,1,1,0.000000000,0.000000000,0.000000000,23.117750168,0,0.000000000,0.000000000,0.000000000
712,0.000000000,-0.600821614,2.885898590,1,1,1,0.000000000,0.000000000,0.000000000,23.134687424,0,0.000000000,0.000000000,0.000000000
713,0.000000000,-0.600822568,2.886180878,1,1,1,0.000000000,0.000000000,0.000000000,23.151853561,0,0.000000000,0.000000000,0.000000000
714,0.000000000,-0.600823462,2.886463165,1,1,1,0.000000000,0.000000000,0.000000000,23.168790817,0,0.000000000,0.000000000,0.000000000
715,0.000000000,-0.600824416,2.886745453,1,1,1,0.000000000,0.000000000,0.000000000,23.185728073,0,0.000000000,0.000000000,0.000000000
716,0.000000000,-0.600825310,2.887027740,1,1,1,0.000000000,0.000000000,0.000000000,23.202665329,0,0.000000000,0.000000000,0.000000000
717,0.000000000,-0.600826263,2.887306213,1,1,1,0.000000000,0.000000000,0.000000000,23.219602585,0,0.000000000,0.000000000,0.000000000
718,0.000000000,-0.600827217,2.887588501,1,1,1,0.000000000,0.000000000,0.000000000,23.236310959,0,0.000000000,0.000000000,0.000000000
719,0.000000000,-0.600828111,2.887863159,1,1,1,0.000000000,0.000000000,0.000000000,23.253248215,0,0.000000000,0.000000000,0.000000000
720,0.000000000,-0.600829005,2.888145447,1,1,1,0.000000000,0.000000000,0.000000000,23.269956589,0,0.000000000,0.000000000,0.000000000
721,0.000000000,-0.600829899,2.888427734,1,1,1,0.000000000,0.000000000,0.000000000,23.286664963,0,0.000000000,0.000000000,0.000000000
722,0.000000000,-0.600830793,2.888706207,1,1,1,0.000000000,0.000000000,0.000000000,23.303602219,0,0.000000000,0.000000000,0.000000000
723,0.000000000,-0.600831747,2.888984680,1,1,1,0.000000000,0.000000000,0.000000000,23.320310593,0,0.000000000,0.000000000,0.000000000
724,0.000000000,-0.600832641,2.889259338,1,1,1,0.000000000,0.000000000,0.000000000,23.337018967,0,0.000000000,0.000000000,0.000000000
725,0.000000000,-0.600833535,2.889537811,1,1,1,0.000000000,0.000000000,0.000000000,23.353498459,0,0.000000000,0.000000000,0.000000000
726,0.000000000,-0.600834489,2.889816284,1,1,1,0.000000000,0.000000000,0.000000000,23.370206833,0,0.000000000,0.000000000,0.000000000
727,0.000000000,-0.600835383,2.890090942,1,1,1,0.000000000,0.000000000,0.000000000,23.386915207,0,0.000000000,0.000000000,0.000000000
728,0.000000000,-0.600836277,2.890361786,1,1,1,0.000000000,0.000000000,0.000000000,23.403394699,0,0.000000000,0.000000000,0.000000000
729,0.000000000,-0.600837052,2.890640259,1,1,1,0.000000000,0.000000000,0.000000000,23.419874191,0,0.000000000,0.000000000,0.000000000
730,0.000000000,-0.600838065,2.890918732,1,1,1,0.000000000,0.000000000,0.000000000,23.436353683,0,0.000000000,0.000000000,0.000000000
731,0.000000000,-0.600838900,2.891189575,1,1,1,0.000000000,0.000000000,0.000000000,23.453062057,0,0.000000000,0.000000000,0.000000000
732,0.000000000,-0.600839853,2.891464233,1,1,1,0.000000000,0.000000000,0.000000000,23.469312668,0,0.000000000,0.000000000,0.000000000
733,0.000000000,-0.600840747,2.891738892,1,1,1,0.000000000,0.000000000,0.000000000,23.485792160,0,0.000000000,0.000000000,0.000000000
734,0.000000000,-0.600841641,2.892013550,1,1,1,0.000000000,0.000000000,0.000000000,23.502271652,0,0.000000000,0.000000000,0.000000000
735,0.000000000,-0.600842535,2.892280579,1,1,1,0.000000000,0.000000000,0.000000000,23.518751144,0,0.000000000,0.000000000,0.000000000
736,0.000000000,-0.600843430,2.892555237,1,1,1,0.000000000,0.000000000,0.000000000,23.535001755,0,0.000000000,0.000000000,0.000000000
737,0.000000000,-0.600844324,2.892829895,1,1,1,0.000000000,0.000000000,0.000000000,23.551252365,0,0.000000000,0.000000000,0.000000000
738,0.000000000,-0.600845218,2.893100739,1,1,1,0.000000000,0.000000000,0.000000000,23.567731857,0,0.000000000,0.000000000,0.000000000
739,0.000000000,-0.600846112,2.893371582,1,1,1,0.000000000,0.000000000,0.000000000,23.583982468,0,0.000000000,0.000000000,0.000000000
740,0.000000000,-0.600847006,2.893642426,1,1,1,0.000000000,0.000000000,0.000000000,23.600233078,0,0.000000000,0.000000000,0.000000000
741,0.000000000,-0.600847840,2.893909454,1,1,1,0.000000000,0.000000000,0.000000000,23.616483688,0,0.000000000,0.000000000,0.000000000
742,0.000000000,-0.600848734,2.894176483,1,1,1,0.000000000,0.000000000,0.000000000,23.632505417,0,0.000000000,0.000000000,0.000000000
743,0.000000000,-0.600849628,2.894451141,1,1,1,0.000000000,0.000000000,0.000000000,23.648756027,0,0.000000000,0.000000000,0.000000000
744,0.000000000,-0.600850523,2.894714355,1,1,1,0.000000000,0.000000000,0.000000000,23.665006638,0,0.000000000,0.000000000,0.000000000
745,0.000000000,-0.600851417,2.894985199,1,1,1,0.000000000,0.000000000,0.000000000,23.681028366,0,0.000000000,0.000000000,0.000000000
746,0.000000000,-0.600852251,2.895252228,1,1,1,0.000000000,0.000000000,0.000000000,23.697050095,0,0.000000000,0.000000000,0.000000000
747,0.000000000,-0.600853145,2.895519257,1,1,1,0.000000000,0.000000000,0.000000000,23.713071823,0,0.000000000,0.000000000,0.000000000
748,0.000000000,-0.600854039,2.895786285,1,1,1,0.000000000,0.000000000,0.000000000,23.729093552,0,0.000000000,0.000000000,0.000000000
749,0.000000000,-0.600854874,2.896051407,1,1,1,0.000000000,0.000000000,0.000000000,23.745115280,0,0.000000000,0.000000000,0.000000000
750,0.000000000,-0.600855768,2.896320343,1,1,1,0.000000000,0.000000000,0.000000000,23.761137009,0,0.000000000,0.000000000,0.000000000
751,0.000000000,-0.600856662,2.896583557,1,1,1,0.000000000,0.000000000,0.000000000,23.777158737,0,0.000000000,0.000000000,0.000000000
752,0.000000000,-0.600857496,2.896852493,1,1,1,0.000000000,0.000000000,0.000000000,23.793066025,0,0.000000000,0.000000000,0.000000000
753,0.000000000,-0.600858331,2.897117615,1,1,1,0.000000000,0.000000000,0.000000000,23.808973312,0,0.000000000,0.000000000,0.000000000
754,0.000000000,-0.600859284,2.897377014,1,1,1,0.000000000,0.000000000,0.000000000,23.824880600,0,0.000000000,0.000000000,0.000000000
755,0.000000000,-0.600860059,2.897640228,1,1,1,0.000000000,0.000000000,0.000000000,23.840673447,0,0.000000000,0.000000000,0.000000000
756,0.000000000,-0.600860953,2.897901535,1,1,1,0.000000000,0.000000000,0.000000000,23.856466293,0,0.000000000,0.000000000,0.000000000
757,0.000000000,-0.600861788,2.898164749,1,1,1,0.000000000,0.000000000,0.000000000,23.872259140,0,0.000000000,0.000000000,0.000000000
758,0.000000000,-0.600862682,2.898427963,1,1,1,0.000000000,0.000000000,0.000000000,23.888051987,0,0.000000000,0.000000000,0.000000000
759,0.000000000,-0.600863576,2.898689270,1,1,1,0.000000000,0.000000000,0.000000000,23.903844833,0,0.000000000,0.000000000,0.000000000
760,0.000000000,-0.600864351,2.898948669,1,1,1,0.000000000,0.000000000,0.000000000,23.919523239,0,0.000000000,0.000000000,0.000000000
761,0.000000000,-0.600865245,2.899209976,1,1,1,0.000000000,0.000000000,0.000000000,23.935201645,0,0.000000000,0.000000000,0.000000000
762,0.000000000,-0.600866079,2.899473190,1,1,1,0.000000000,0.000000000,0.000000000,23.950880051,0,0.000000000,0.000000000,0.000000000
763,0.000000000,-0.600866914,2.899732590,1,1,1,0.000000000,0.000000000,0.000000000,23.966558456,0,0.000000000,0.000000000,0.000000000
764,0.000000000,-0.600867808,2.899991989,1,1,1,0.000000000,0.000000000,0.000000000,23.982122421,0,0.000000000,0.000000000,0.000000000
765,0.000000000,-0.600868583,2.900251389,1,1,1,0.000000000,0.000000000,0.000000000,23.997686386,0,0.000000000,0.000000000,0.000000000
766,0.000000000,-0.600869477,2.900510788,1,1,1,0.000000000,0.000000000,0.000000000,24.013250351,0,0.000000000,0.000000000,0.000000000
767,0.000000000,-0.600870371,2.900766373,1,1,1,0.000000000,0.000000000,0.000000000,24.028814316,0,0.000000000,0.000000000,0.000000000
768,0.000000000,-0.600871205,2.901025772,1,1,1,0.000000000,0.000000000,0.000000000,24.044263840,0,0.000000000,0.000000000,0.000000000
769,0.000000000,-0.600872040,2.901285172,1,1,1,0.000000000,0.000000000,0.000000000,24.059827805,0,0.000000000,0.000000000,0.000000000
770,0.000000000,-0.600872874,2.901542664,1,1,1,0.000000000,0.000000000,0.000000000,24.075277328,0,0.000000000,0.000000000,0.000000000
771,0.000000000,-0.600873709,2.901798248,1,1,1,0.000000000,0.000000000,0.000000000,24.090726852,0,0.000000000,0.000000000,0.000000000
772,0.000000000,-0.600874543,2.902053833,1,1,1,0.000000000,0.000000000,0.000000000,24.106061935,0,0.000000000,0.000000000,0.000000000
773,0.000000000,-0.600875378,2.902309418,1,1,1,0.000000000,0.000000000,0.000000000,24.121397018,0,0.000000000,0.000000000,0.000000000
774,-0.000001907,-0.600876212,2.902565002,1,1,1,0.000000000,0.000000000,0.000000000,24.136846542,0,0.000000000,0.000000000,0.000000000
775,-0.000001907,-0.600877047,2.902818680,1,1,1,0.000000000,0.000000000,0.000000000,24.152181625,0,0.000000000,0.000000000,0.000000000
776,-0.000001907,-0.600877881,2.903076172,1,1,1,0.000000000,0.000000000,0.000000000,24.167402267,0,0.000000000,0.000000000,0.000000000
777,-0.000001907,-0.600878716,2.903329849,1,1,1,0.000000000,0.000000000,0.000000000,24.182737350,0,0.000000000,0.000000000,0.000000000
778,-0.000001907,-0.600879550,2.903583527,1,1,1,0.000000000,0.000000000,0.000000000,24.197957993,0,0.000000000,0.000000000,0.000000000
779,-0.000001907,-0.600880384,2.903837204,1,1,1,0.000000000,0.000000000,0.000000000,24.213178635,0,0.000000000,0.000000000,0.000000000
780,-0.000001907,-0.600881219,2.904088974,1,1,1,0.000000000,0.000000000,0.000000000,24.228399277,0,0.000000000,0.000000000,0.000000000
781,-0.000001907,-0.600881994,2.904340744,1,1,1,0.000000000,0.000000000,0.000000000,24.243619919,0,0.000000000,0.000000000,0.000000000
782,-0.000001907,-0.600882828,2.904594421,1,1,1,0.000000000,0.000000000,0.000000000,24.258726120,0,0.000000000,0.000000000,0.000000000
783,-0.000001907,-0.600883663,2.904846191,1,1,1,0.000000000,0.000000000,0.000000000,24.273832321,0,0.000000000,0.000000000,0.000000000
784,-0.000001907,-0.600884497,2.905097961,1,1,1,0.000000000,0.000000000,0.000000000,24.288938522,0,0.000000000,0.000000000,0.000000000
785,-0.000001907,-0.600885272,2.905347824,1,1,1,0.000000000,0.000000000,0.000000000,24.304044724,0,0.000000000,0.000000000,0.000000000
786,-0.000001907,-0.600886106,2.905595779,1,1,1,0.000000000,0.000000000,0.000000000,24.319036484,0,0.000000000,0.000000000,0.000000000
787,-0.000001907,-0.600886941,2.905847549,1,1,1,0.000000000,0.000000000,0.000000000,24.334028244,0,0.000000000,0.000000000,0.000000000
788,0.000000000,-0.600887775,2.906097412,1,1,1,0.000000000,0.000000000,0.000000000,24.349134445,0,0.000000000,0.000000000,0.000000000
789,-0.000001907,-0.600888610,2.906347275,1,1,1,0.000000000,0.000000000,0.000000000,24.364011765,0,0.000000000,0.000000000,0.000000000
790,0.000000000,-0.600889444,2.906595230,1,1,1,0.000000000,0.000000000,0.000000000,24.379003525,0,0.000000000,0.000000000,0.000000000
791,-0.000001907,-0.600890160,2.906844139,1,1,1,0.000000000,0.000000000,0.000000000,24.393938065,0,0.000000000,0.000000000,0.000000000
792,-0.000001907,-0.600890994,2.907091141,1,1,1,0.000000000,0.000000000,0.000000000,24.408815384,0,0.000000000,0.000000000,0.000000000
793,-0.000001907,-0.600891829,2.907337189,1,1,1,0.000000000,0.000000000,0.000000000,24.423692703,0,0.000000000,0.000000000,0.000000000
794,-0.000001907,-0.600892663,2.907585144,1,1,1,0.000000000,0.000000000,0.000000000,24.438570023,0,0.000000000,0.000000000,0.000000000
795,-0.000001907,-0.600893378,2.907831192,1,1,1,0.000000000,0.000000000,0.000000000,24.453390121,0,0.000000000,0.000000000,0.000000000
796,-0.000001907,-0.600894213,2.908076286,1,1,1,0.000000000,0.000000000,0.000000000,24.468153000,0,0.000000000,0.000000000,0.000000000
797,-0.000001907,-0.600895047,2.908322334,1,1,1,0.000000000,0.000000000,0.000000000,24.482915878,0,0.000000000,0.000000000,0.000000000
798,-0.000001907,-0.600895882,2.908569336,1,1,1,0.000000000,0.000000000,0.000000000,24.497678757,0,0.000000000,0.000000000,0.000000000
799,-0.000001907,-0.600896657,2.908813477,1,1,1,0.000000000,0.000000000,0.000000000,24.512441635,0,0.000000000,0.000000000,0.000000000
800,-0.000001907,-0.600897431,2.909057617,1,1,1,0.000000000,0.000000000,0.000000000,24.527147293,0,0.000000000,0.000000000,0.000000000
801,-0.000001907,-0.600898266,2.909302711,1,1,1,0.000000000,0.000000000,0.000000000,24.541795731,0,0.000000000,0.000000000,0.000000000
802,-0.000001907,-0.600899041,2.909545898,1,1,1,0.000000000,0.000000000,0.000000000,24.556444168,0,0.000000000,0.000000000,0.000000000
803,0.000000000,-0.600899875,2.909789085,1,1,1,0.000000000,0.000000000,0.000000000,24.571092606,0,0.000000000,0.000000000,0.000000000
804,-0.000001907,-0.600900650,2.910033226,1,1,1,0.000000000,0.000000000,0.000000000,24.585683823,0,0.000000000,0.000000000,0.000000000
805,-0.000001907,-0.600901425,2.910274506,1,1,1,0.000000000,0.000000000,0.000000000,24.600275040,0,0.000000000,0.000000000,0.000000000
806,-0.000001907,-0.600902259,2.910516739,1,1,1,0.000000000,0.000000000,0.000000000,24.614809036,0,0.000000000,0.000000000,0.000000000
807,-0.000001907,-0.600903034,2.910758972,1,1,1,0.000000000,0.000000000,0.000000000,24.629343033,0,0.000000000,0.000000000,0.000000000
808,-0.000001907,-0.600903749,2.910998821,1,1,1,0.000000000,0.000000000,0.000000000,24.643877029,0,0.000000000,0.000000000,0.000000000
809,-0.000001907,-0.600904584,2.911240101,1,1,1,0.000000000,0.000000000,0.000000000,24.658325195,0,0.000000000,0.000000000,0.000000000
810,-0.000001907,-0.600905418,2.911480904,1,1,1,0.000000000,0.000000000,0.000000000,24.672801971,0,0.000000000,0.000000000,0.000000000
811,-0.000001907,-0.600906193,2.911721230,1,1,1,0.000000000,0.000000000,0.000000000,24.687221527,0,0.000000000,0.000000000,0.000000000
812,0.000000000,-0.600906968,2.911962032,1,1,1,0.000000000,0.000000000,0.000000000,24.701641083,0,0.000000000,0.000000000,0.000000000
813,-0.000001907,-0.600907683,2.912200928,1,1,1,0.000000000,0.000000000,0.000000000,24.716032028,0,0.000000000,0.000000000,0.000000000
814,-0.000001907,-0.600908518,2.912439823,1,1,1,0.000000000,0.000000000,0.000000000,24.730394363,0,0.000000000,0.000000000,0.000000000
815,-0.000001907,-0.600909352,2.912679195,1,1,1,0.000000000,0.000000000,0.000000000,24.744728088,0,0.000000000,0.000000000,0.000000000
816,-0.000001907,-0.600910068,2.912917137,1,1,1,0.000000000,0.000000000,0.000000000,24.759033203,0,0.000000000,0.000000000,0.000000000
817,-0.000001907,-0.600910902,2.913154602,1,1,1,0.000000000,0.000000000,0.000000000,24.773338318,0,0.000000000,0.000000000,0.000000000
818,-0.000001907,-0.600911617,2.913392544,1,1,1,0.000000000,0.000000000,0.000000000,24.787586212,0,0.000000000,0.000000000,0.000000000
819,-0.000001907,-0.600912452,2.913629293,1,1,1,0.000000000,0.000000000,0.000000000,24.801834106,0,0.000000000,0.000000000,0.000000000
820,-0.000001907,-0.600913167,2.913865805,1,1,1,0.000000000,0.000000000,0.000000000,24.816053391,0,0.000000000,0.000000000,0.000000000
821,-0.000001907,-0.600914001,2.914102316,1,1,1,0.000000000,0.000000000,0.000000000,24.830244064,0,0.000000000,0.000000000,0.000000000
822,-0.000001907,-0.600914717,2.914338350,1,1,1,0.000000000,0.000000000,0.000000000,24.844421387,0,0.000000000,0.000000000,0.000000000
823,-0.000001907,-0.600915551,2.914574146,1,1,1,0.000000000,0.000000000,0.000000000,24.858568192,0,0.000000000,0.000000000,0.000000000
824,-0.000001907,-0.600916266,2.914808512,1,1,1,0.000000000,0.000000000,0.000000000,24.872695923,0,0.000000000,0.000000000,0.000000000
825,-0.000001907,-0.600917041,2.915043354,1,1,1,0.000000000,0.000000000,0.000000000,24.886793137,0,0.000000000,0.000000000,0.000000000
826,0.000358582,-0.586193144,2.895380974,1,1,1,0.000000000,0.000000000,0.000000000,24.900873184,0,0.000000000,0.000000000,0.000000000
827,0.000259399,-0.584498465,2.895469904,1,1,1,0.000000000,0.000000000,0.000000000,23.742589951,0,0.000000000,0.000000000,0.000000000
828,0.000181198,-0.582441568,2.895477772,1,1,1,0.000000000,0.000000000,0.000000000,23.752346039,0,0.000000000,0.000000000,0.000000000
829,0.000120163,-0.580292225,2.895469189,1,1,1,0.000000000,0.000000000,0.000000000,23.760118484,0,0.000000000,0.000000000,0.000000000
830,0.000068665,-0.578015029,2.895441055,1,1,1,0.000000000,0.000000000,0.000000000,23.768892288,0,0.000000000,0.000000000,0.000000000
831,0.000022888,-0.575581908,2.895391226,1,1,1,0.000000000,0.000000000,0.000000000,23.778753281,0,0.000000000,0.000000000,0.000000000
832,-0.000017166,-0.572971761,2.895316839,1,1,1,0.000000000,0.000000000,0.000000000,23.789707184,0,0.000000000,0.000000000,0.000000000
833,-0.000045776,-0.570168257,2.895212412,1,1,1,0.000000000,0.000000000,0.000000000,23.801742554,0,0.000000000,0.000000000,0.000000000
834,-0.000076294,-0.567160249,2.895075083,1,1,1,0.000000000,0.000000000,0.000000000,23.814767838,0,0.000000000,0.000000000,0.000000000
835,-0.000114441,-0.489984334,2.887705088,0,0,1,-0.003210846,4.541713715,23.814493179,0.000000000,1,0.000000000,0.000000000,0.000000000
836,-0.000192642,-0.418197155,2.879904747,0,0,1,-0.003210846,4.378380299,23.814493179,0.000000000,0,0.000000000,0.000000000,0.000000000
837,-0.000017166,-0.446789712,2.879174709,0,0,1,-0.003210846,0.000000000,23.814493179,0.000000000,0,0.000000000,0.000000000,0.000000000
838,-0.000165939,-0.458705962,2.878153324,0,0,1,-0.003210846,-0.163333327,23.814493179,0.000000000,0,0.000000000,0.000000000,0.000000000
839,-0.000308990,-0.473439276,2.877588272,0,0,1,-0.003210846,-0.326666653,23.814493179,0.000000000,0,0.000000000,0.000000000,0.000000000
840,-0.000450134,-0.490939617,2.877599955,0,0,1,-0.003210846,-0.489999980,23.814493179,0.000000000,0,0.000000000,0.000000000,0.000000000
841,-0.000617981,-0.520286798,2.878615618,0,0,1,-0.003210846,-0.653333306,23.814493179,0.000000000,0,0.000000000,0.000000000,0.000000000
842,-0.000808716,-0.560965180,2.880606651,0,0,1,-0.003210846,-0.816666663,23.814493179,0.000000000,0,0.000000000,0.000000000,0.000000000
843,-0.001010895,-0.569855809,2.883317947,1,1,1,-0.003210846,0.000000000,23.814493179,23.634601593,0,0.000000000,0.000000000,0.000000000
844,-0.001247406,-0.577163517,2.882847309,1,1,1,0.000000000,0.000000000,0.000000000,23.597076416,0,0.000000000,0.000000000,0.000000000
845,-0.001180649,-0.588461220,2.881325722,1,1,1,0.000000000,0.000000000,0.000000000,23.549978256,0,0.000000000,0.000000000,0.000000000
846,-0.001123428,-0.592775762,2.881275654,1,1,1,0.000000000,0.000000000,0.000000000,23.434587479,0,0.000000000,0.000000000,0.000000000
847,-0.001073837,-0.596295059,2.881211281,1,1,1,0.000000000,0.000000000,0.000000000,23.427486420,0,0.000000000,0.000000000,0.000000000
848,-0.001031876,-0.599058330,2.881138802,1,1,1,0.000000000,0.000000000,0.000000000,23.422805786,0,0.000000000,0.000000000,0.000000000
849,-0.000991821,-0.602404833,2.881257534,1,1,1,0.000000000,0.000000000,0.000000000,23.419395447,0,0.000000000,0.000000000,0.000000000
850,-0.000959396,-0.603823543,2.881171703,1,1,1,0.000000000,0.000000000,0.000000000,23.416389465,0,0.000000000,0.000000000,0.000000000
851,-0.000930786,-0.606730521,2.881390572,1,1,1,0.000000000,0.000000000,0.000000000,23.413198471,0,0.000000000,0.000000000,0.000000000
852,-0.000898361,-0.607076406,2.881296158,1,1,1,0.000000000,0.000000000,0.000000000,23.409370422,0,0.000000000,0.000000000,0.000000000
853,-0.000881195,-0.608283043,2.881390095,1,1,1,0.000000000,0.000000000,0.000000000,23.404731750,0,0.000000000,0.000000000,0.000000000
854,-0.000871658,-0.609890938,2.881463051,1,1,1,0.000000000,0.000000000,0.000000000,23.399240494,0,0.000000000,0.000000000,0.000000000
855,-0.000862122,-0.611059546,2.881545067,1,1,1,0.000000000,0.000000000,0.000000000,23.393520355,0,0.000000000,0.000000000,0.000000000
856,-0.000854492,-0.611863375,2.881631851,1,1,1,0.000000000,0.000000000,0.000000000,23.387891769,0,0.000000000,0.000000000,0.000000000
857,-0.000844955,-0.612976551,2.881373405,1,1,1,0.000000000,0.000000000,0.000000000,23.382392883,0,0.000000000,0.000000000,0.000000000
858,-0.000831604,-0.613124371,2.881025314,1,1,1,0.000000000,0.000000000,0.000000000,23.349437714,0,0.000000000,0.000000000,0.000000000
859,-0.000823975,-0.613921404,2.880780220,1,1,1,0.000000000,0.000000000,0.000000000,23.317132950,0,0.000000000,0.000000000,0.000000000
860,-0.000816345,-0.614646196,2.880541801,1,1,1,0.000000000,0.000000000,0.000000000,23.285535812,0,0.000000000,0.000000000,0.000000000
861,-0.000810623,-0.615865231,2.880367279,1,1,1,0.000000000,0.000000000,0.000000000,23.254850388,0,0.000000000,0.000000000,0.000000000
862,-0.000802994,-0.616584182,2.880141258,1,1,1,0.000000000,0.000000000,0.000000000,23.225215912,0,0.000000000,0.000000000,0.000000000
863,-0.000797272,-0.617872238,2.879970551,1,1,1,0.000000000,0.000000000,0.000000000,23.196765900,0,0.000000000,0.000000000,0.000000000
864,-0.000797272,-0.619238257,2.879802704,1,1,1,0.000000000,0.000000000,0.000000000,23.169544220,0,0.000000000,0.000000000,0.000000000
865,-0.000793457,-0.620702624,2.879631996,1,1,1,0.000000000,0.000000000,0.000000000,23.143754959,0,0.000000000,0.000000000,0.000000000
866,-0.000789642,-0.622279584,2.879464149,1,1,1,0.000000000,0.000000000,0.000000000,23.119398117,0,0.000000000,0.000000000,0.000000000
867,-0.000793457,-0.624497533,2.879331589,1,1,1,0.000000000,0.000000000,0.000000000,23.096635818,0,0.000000000,0.000000000,0.000000000
868,-0.000783920,-0.624919176,2.879261017,1,1,1,0.000000000,0.000000000,0.000000000,23.075574875,0,0.000000000,0.000000000,0.000000000
869,-0.000780106,-0.625349641,2.879188538,1,1,1,0.000000000,0.000000000,0.000000000,23.052047729,0,0.000000000,0.000000000,0.000000000
870,-0.000778198,-0.625700235,2.878653526,1,1,1,0.000000000,0.000000000,0.000000000,23.029718399,0,0.000000000,0.000000000,0.000000000
871,-0.000776291,-0.625530243,2.878095627,1,1,1,0.000000000,0.000000000,0.000000000,22.980642319,0,0.000000000,0.000000000,0.000000000
872,-0.000778198,-0.625879765,2.877552986,1,1,1,0.000000000,0.000000000,0.000000000,22.932819366,0,0.000000000,0.000000000,0.000000000
873,-0.000776291,-0.626230478,2.877011299,1,1,1,0.000000000,0.000000000,0.000000000,22.886140823,0,0.000000000,0.000000000,0.000000000
874,-0.000776291,-0.626059294,2.876460075,1,1,1,0.000000000,0.000000000,0.000000000,22.840721130,0,0.000000000,0.000000000,0.000000000
875,-0.000774384,-0.626409531,2.875914574,1,1,1,0.000000000,0.000000000,0.000000000,22.796562195,0,0.000000000,0.000000000,0.000000000
876,-0.000776291,-0.626759291,2.875366211,1,1,1,0.000000000,0.000000000,0.000000000,22.753553391,0,0.000000000,0.000000000,0.000000000
877,-0.000774384,-0.626588106,2.874816895,1,1,1,0.000000000,0.000000000,0.000000000,22.711694717,0,0.000000000,0.000000000,0.000000000
878,-0.000776291,-0.626416922,2.874275208,1,1,1,0.000000000,0.000000000,0.000000000,22.671098709,0,0.000000000,0.000000000,0.000000000
879,-0.000772476,-0.626767159,2.873720169,1,1,1,0.000000000,0.000000000,0.000000000,22.631772995,0,0.000000000,0.000000000,0.000000000
880,-0.000772476,-0.626595736,2.873178482,1,1,1,0.000000000,0.000000000,0.000000000,22.593601227,0,0.000000000,0.000000000,0.000000000
881,-0.000772476,-0.626424789,2.872638702,1,1,1,0.000000000,0.000000000,0.000000000,22.556701660,0,0.000000000,0.000000000,0.000000000
882,-0.000774384,-0.626774073,2.872077942,1,1,1,0.000000000,0.000000000,0.000000000,22.520957947,0,0.000000000,0.000000000,0.000000000
883,-0.000770569,-0.626603365,2.871538162,1,1,1,0.000000000,0.000000000,0.000000000,22.486482620,0,0.000000000,0.000000000,0.000000000
884,-0.000770569,-0.626432657,2.871006012,1,1,1,0.000000000,0.000000000,0.000000000,22.453168869,0,0.000000000,0.000000000,0.000000000
885,-0.000772476,-0.626261234,2.870470047,1,1,1,0.000000000,0.000000000,0.000000000,22.421123505,0,0.000000000,0.000000000,0.000000000
886,-0.000770569,-0.626091003,2.869935989,1,1,1,0.000000000,0.000000000,0.000000000,22.390352249,0,0.000000000,0.000000000,0.000000000
887,-0.000770569,-0.625919819,2.869405746,1,1,1,0.000000000,0.000000000,0.000000000,22.360738754,0,0.000000000,0.000000000,0.000000000
888,-0.000768661,-0.625749588,2.868875504,1,1,1,0.000000000,0.000000000,0.000000000,22.332283020,0,0.000000000,0.000000000,0.000000000
889,-0.000768661,-0.625579357,2.868345261,1,1,1,0.000000000,0.000000000,0.000000000,22.305099487,0,0.000000000,0.000000000,0.000000000
890,-0.000766754,-0.625409126,2.867818832,1,1,1,0.000000000,0.000000000,0.000000000,22.279186249,0,0.000000000,0.000000000,0.000000000
891,-0.000764847,-0.625239372,2.867294312,1,1,1,0.000000000,0.000000000,0.000000000,22.254428864,0,0.000000000,0.000000000,0.000000000
892,-0.000764847,-0.624552250,2.866830826,1,1,1,0.000000000,0.000000000,0.000000000,22.230941772,0,0.000000000,0.000000000,0.000000000
893,-0.000761032,-0.624382496,2.866304398,1,1,1,0.000000000,0.000000000,0.000000000,22.208606720,0,0.000000000,0.000000000,0.000000000
894,-0.000762939,-0.624212742,2.865777969,1,1,1,0.000000000,0.000000000,0.000000000,22.187540054,0,0.000000000,0.000000000,0.000000000
895,-0.000759125,-0.623527527,2.865333557,1,1,1,0.000000000,0.000000000,0.000000000,22.167621613,0,0.000000000,0.000000000,0.000000000
896,-0.000757217,-0.623358727,2.864814758,1,1,1,0.000000000,0.000000000,0.000000000,22.148969650,0,0.000000000,0.000000000,0.000000000
897,-0.000755310,-0.623189926,2.864294052,1,1,1,0.000000000,0.000000000,0.000000000,22.131460190,0,0.000000000,0.000000000,0.000000000
898,-0.000753403,-0.622506618,2.863857269,1,1,1,0.000000000,0.000000000,0.000000000,22.115215302,0,0.000000000,0.000000000,0.000000000
899,-0.000751495,-0.622338772,2.863340378,1,1,1,0.000000000,0.000000000,0.000000000,22.100107193,0,0.000000000,0.000000000,0.000000000
900,-0.000749588,-0.621658325,2.862916946,1,1,1,0.000000000,0.000000000,0.000000000,22.086261749,0,0.000000000,0.000000000,0.000000000
901,0.000215530,-0.581869125,2.794385910,1,1,1,0.000000000,0.000000000,0.000000000,22.073657990,0,0.000000000,0.000000000,0.000000000
902,0.000137329,-0.578178406,2.796384811,1,1,1,0.000000000,0.000000000,0.000000000,17.986627579,0,0.000000000,0.000000000,0.000000000
903,0.000152588,-0.572495461,2.796943665,1,1,1,0.000000000,0.000000000,0.000000000,18.073844910,0,0.000000000,0.000000000,0.000000000
904,0.000377655,-0.565868855,2.797180176,1,1,1,0.000000000,0.000000000,0.000000000,18.096298218,0,0.000000000,0.000000000,0.000000000
905,0.000377655,-0.558770657,2.797977448,1,1,1,0.000000000,0.000000000,0.000000000,18.114299774,0,0.000000000,0.000000000,0.000000000
906,0.000417709,-0.550922871,2.798480988,1,1,1,0.000000000,0.000000000,0.000000000,18.178070068,0,0.000000000,0.000000000,0.000000000
907,0.000434875,-0.542558670,2.798845291,1,1,1,0.000000000,0.000000000,0.000000000,18.239597321,0,0.000000000,0.000000000,0.000000000
908,0.000453949,-0.533850431,2.799139023,1,1,1,0.000000000,0.000000000,0.000000000,18.306997299,0,0.000000000,0.000000000,0.000000000
909,0.000473022,-0.524800062,2.799352646,1,1,1,0.000000000,0.000000000,0.000000000,18.382898331,0,0.000000000,0.000000000,0.000000000
910,0.000494003,-0.515411139,2.799470901,1,1,1,0.000000000,0.000000000,0.000000000,18.467691422,0,0.000000000,0.000000000,0.000000000
911,0.000514984,-0.505689740,2.799474716,1,1,1,0.000000000,0.000000000,0.000000000,18.561386108,0,0.000000000,0.000000000,0.000000000
912,0.000537872,-0.495644093,2.799343109,1,1,1,0.000000000,0.000000000,0.000000000,18.663679123,0,0.000000000,0.000000000,0.000000000
913,0.000558853,-0.485283613,2.799047470,1,1,1,0.000000000,0.000000000,0.000000000,18.774066925,0,0.000000000,0.000000000,0.000000000
914,0.000576019,-0.474618673,2.798566818,1,1,1,0.000000000,0.000000000,0.000000000,18.891914368,0,0.000000000,0.000000000,0.000000000
915,0.000587463,-0.463662624,2.797866821,1,1,1,0.000000000,0.000000000,0.000000000,19.016384125,0,0.000000000,0.000000000,0.000000000
916,-0.000040054,-0.472634792,2.798133850,1,1,1,0.000000000,0.000000000,0.000000000,19.146717072,0,0.000000000,0.000000000,0.000000000
917,-0.000549316,-0.488741875,2.798521042,1,1,1,0.000000000,0.000000000,0.000000000,18.828485489,0,0.000000000,0.000000000,0.000000000
918,-0.001688004,-0.602673292,2.778148651,1,1,1,0.000000000,0.000000000,0.000000000,18.406101227,0,0.000000000,0.000000000,0.000000000
919,-0.001756668,-0.595276833,2.778972626,1,1,1,0.000000000,0.000000000,0.000000000,15.996593475,0,0.000000000,0.000000000,0.000000000
920,-0.001876831,-0.593700647,2.779720306,1,1,1,0.000000000,0.000000000,0.000000000,16.005226135,0,0.000000000,0.000000000,0.000000000
921,-0.001970291,-0.597204685,2.780244827,1,1,1,0.000000000,0.000000000,0.000000000,16.034286499,0,0.000000000,0.000000000,0.000000000
922,-0.002058029,-0.603880405,2.780857086,1,1,1,0.000000000,0.000000000,0.000000000,16.056522369,0,0.000000000,0.000000000,0.000000000
923,-0.001964569,-0.613429785,2.766096115,1,1,1,0.000000000,0.000000000,0.000000000,16.084129333,0,0.000000000,0.000000000,0.000000000
924,-0.002044678,-0.616062641,2.765790939,1,1,1,0.000000000,0.000000000,0.000000000,15.200997353,0,0.000000000,0.000000000,0.000000000
925,-0.002130508,-0.619689465,2.766191483,1,1,1,0.000000000,0.000000000,0.000000000,15.195196152,0,0.000000000,0.000000000,0.000000000
926,-0.002191544,-0.622529507,2.766620636,1,1,1,0.000000000,0.000000000,0.000000000,15.214088440,0,0.000000000,0.000000000,0.000000000
927,-0.002244949,-0.623914480,2.766971588,1,1,1,0.000000000,0.000000000,0.000000000,15.231642723,0,0.000000000,0.000000000,0.000000000
928,-0.002285004,-0.626021385,2.767490387,1,1,1,0.000000000,0.000000000,0.000000000,15.248139381,0,0.000000000,0.000000000,0.000000000
929,-0.002313614,-0.627143264,2.767978668,1,1,1,0.000000000,0.000000000,0.000000000,15.263686180,0,0.000000000,0.000000000,0.000000000
930,-0.002338409,-0.627899408,2.768478394,1,1,1,0.000000000,0.000000000,0.000000000,15.278577805,0,0.000000000,0.000000000,0.000000000
931,-0.002489090,-0.628833652,2.768806458,1,1,1,0.000000000,0.000000000,0.000000000,15.293186188,0,0.000000000,0.000000000,0.000000000
932,-0.002477646,-0.628983617,2.768878937,1,1,1,0.000000000,0.000000000,0.000000000,15.293659210,0,0.000000000,0.000000000,0.000000000
933,-0.002460480,-0.629569292,2.768997192,1,1,1,0.000000000,0.000000000,0.000000000,15.280760765,0,0.000000000,0.000000000,0.000000000
934,-0.002445221,-0.630136371,2.769123077,1,1,1,0.000000000,0.000000000,0.000000000,15.269246101,0,0.000000000,0.000000000,0.000000000
935,-0.002431870,-0.630742550,2.769245148,1,1,1,0.000000000,0.000000000,0.000000000,15.259467125,0,0.000000000,0.000000000,0.000000000
936,-0.002414703,-0.630910873,2.769351959,1,1,1,0.000000000,0.000000000,0.000000000,15.251460075,0,0.000000000,0.000000000,0.000000000
937,-0.002403259,-0.631718755,2.769474030,1,1,1,0.000000000,0.000000000,0.000000000,15.245370865,0,0.000000000,0.000000000,0.000000000
938,-0.002391815,-0.632673502,2.769592285,1,1,1,0.000000000,0.000000000,0.000000000,15.241726875,0,0.000000000,0.000000000,0.000000000
939,-0.002376556,-0.633793235,2.769699097,1,1,1,0.000000000,0.000000000,0.000000000,15.240552902,0,0.000000000,0.000000000,0.000000000
940,-0.002367020,-0.635089636,2.769802094,1,1,1,0.000000000,0.000000000,0.000000000,15.242044449,0,-0.000000000,0.000000000,0.000000000
941,-0.002355576,-0.635672092,2.769989014,1,1,1,0.000000000,0.000000000,0.000000000,15.246155739,0,-0.000000000,0.000000000,0.000000000
942,-0.002334595,-0.635657072,2.770195007,1,1,1,0.000000000,0.000000000,0.000000000,15.250839233,0,-0.000000000,0.000000000,0.000000000
943,-0.002336502,-0.635473013,2.769939423,1,1,1,0.000000000,0.000000000,0.000000000,15.252709389,0,-0.000000000,0.000000000,0.000000000
944,-0.002328873,-0.635289669,2.769691467,1,1,1,0.000000000,0.000000000,0.000000000,15.227586746,0,-0.000000000,0.000000000,0.000000000
945,-0.002328873,-0.635106087,2.769443512,1,1,1,0.000000000,0.000000000,0.000000000,15.204166412,0,-0.000000000,0.000000000,0.000000000
946,-0.002328873,-0.634922981,2.769191742,1,1,1,0.000000000,0.000000000,0.000000000,15.182674408,0,0.000000000,0.000000000,0.000000000
947,-0.002325058,-0.634739399,2.768947601,1,1,1,0.000000000,0.000000000,0.000000000,15.162663460,0,0.000000000,0.000000000,0.000000000
948,-0.002325058,-0.634038448,2.768753052,1,1,1,0.000000000,0.000000000,0.000000000,15.144593239,0,0.000000000,0.000000000,0.000000000
949,-0.002317429,-0.633856297,2.768512726,1,1,1,0.000000000,0.000000000,0.000000000,15.128228188,0,0.000000000,0.000000000,0.000000000
950,-0.002321243,-0.633674145,2.768260956,1,1,1,0.000000000,0.000000000,0.000000000,15.113576889,0,0.000000000,0.000000000,0.000000000
951,-0.002313614,-0.632975578,2.768085480,1,1,1,0.000000000,0.000000000,0.000000000,15.100643158,0,0.000000000,0.000000000,0.000000000
952,-0.002311707,-0.632277489,2.767913818,1,1,1,0.000000000,0.000000000,0.000000000,15.089650154,0,0.000000000,0.000000000,0.000000000
953,-0.002309799,-0.632095814,2.767673492,1,1,1,0.000000000,0.000000000,0.000000000,15.080361366,0,0.000000000,0.000000000,0.000000000
954,-0.002309799,-0.631400108,2.767513275,1,1,1,0.000000000,0.000000000,0.000000000,15.072561264,0,0.000000000,0.000000000,0.000000000
955,-0.002304077,-0.630706787,2.767364502,1,1,1,0.000000000,0.000000000,0.000000000,15.066699982,0,0.000000000,0.000000000,0.000000000
956,-0.002302170,-0.630015373,2.767211914,1,1,1,0.000000000,0.000000000,0.000000000,15.062771797,0,0.000000000,0.000000000,0.000000000
957,-0.002298355,-0.629323959,2.767070770,1,1,1,0.000000000,0.000000000,0.000000000,15.060317039,0,0.000000000,0.000000000,0.000000000
958,-0.002296448,-0.628632545,2.766941071,1,1,1,0.000000000,0.000000000,0.000000000,15.059562683,0,0.000000000,0.000000000,0.000000000
959,-0.002292633,-0.627945900,2.766815186,1,1,1,0.000000000,0.000000000,0.000000000,15.060729027,0,0.000000000,0.000000000,0.000000000
960,-0.002273560,-0.626347542,2.766994476,1,1,1,0.000000000,0.000000000,0.000000000,15.063587189,0,0.000000000,0.000000000,0.000000000
961,-0.002248764,-0.623718262,2.767246246,1,1,1,0.000000000,0.000000000,0.000000000,15.076110840,0,0.000000000,0.000000000,0.000000000
962,-0.002225876,-0.621835709,2.767261505,1,1,1,0.000000000,0.000000000,0.000000000,15.080890656,0,0.000000000,0.000000000,0.000000000
963,-0.002197266,-0.617939949,2.767719269,1,1,1,0.000000000,0.000000000,0.000000000,15.083342552,0,0.000000000,0.000000000,0.000000000
964,-0.002178192,-0.615341187,2.767845154,1,1,1,0.000000000,0.000000000,0.000000000,15.084895134,0,0.000000000,0.000000000,0.000000000
965,-0.002914429,-0.610630035,2.767074585,1,1,1,0.000000000,0.000000000,0.000000000,15.087501526,0,0.000000000,0.000000000,0.000000000
966,-0.001930237,-0.606945038,2.765441895,1,1,1,0.000000000,0.000000000,0.000000000,15.015772820,0,0.000000000,0.000000000,0.000000000
967,-0.001930237,-0.603522301,2.765937805,1,1,1,0.000000000,0.000000000,0.000000000,14.915801048,0,0.000000000,0.000000000,0.000000000
968,-0.001930237,-0.600169182,2.766448975,1,1,1,0.000000000,0.000000000,0.000000000,14.935003281,0,0.000000000,0.000000000,0.000000000
969,-0.001920700,-0.595348358,2.767337799,1,1,1,0.000000000,0.000000000,0.000000000,14.959053040,0,0.000000000,0.000000000,0.000000000
970,-0.001714706,-0.586818695,2.757884979,1,1,1,0.000000000,0.000000000,0.000000000,14.987987518,0,0.000000000,0.000000000,0.000000000
971,-0.001720428,-0.581358910,2.758079529,1,1,1,0.000000000,0.000000000,0.000000000,14.433702469,0,0.000000000,0.000000000,0.000000000
972,-0.001712799,-0.576468468,2.758060455,1,1,1,0.000000000,0.000000000,0.000000000,14.429862976,0,0.000000000,0.000000000,0.000000000
973,-0.001703262,-0.571519852,2.758037567,1,1,1,0.000000000,0.000000000,0.000000000,14.427057266,0,0.000000000,0.000000000,0.000000000
974,-0.001686096,-0.566469193,2.758022308,1,1,1,0.000000000,0.000000000,0.000000000,14.429364204,0,0.000000000,0.000000000,0.000000000
975,-0.001625061,-0.561454773,2.758605957,1,1,1,0.000000000,0.000000000,0.000000000,14.437056541,0,0.000000000,0.000000000,0.000000000
976,-0.001611710,-0.555918694,2.759262085,1,1,1,0.000000000,0.000000000,0.000000000,14.484456062,0,0.000000000,0.000000000,0.000000000
977,-0.001600266,-0.550168037,2.759933472,1,1,1,0.000000000,0.000000000,0.000000000,14.546771049,0,0.000000000,0.000000000,0.000000000
978,-0.001583099,-0.544203281,2.760631561,1,1,1,0.000000000,0.000000000,0.000000000,14.616722107,0,0.000000000,0.000000000,0.000000000
979,-0.001768112,-0.543188095,2.761928558,1,1,1,0.000000000,0.000000000,0.000000000,14.694303513,0,0.000000000,0.000000000,0.000000000
980,-0.001932144,-0.547342777,2.763339996,1,1,1,0.000000000,0.000000000,0.000000000,14.739034653,0,0.000000000,0.000000000,0.000000000
981,-0.002061844,-0.551698208,2.764686584,1,1,1,0.000000000,0.000000000,0.000000000,14.721022606,0,0.000000000,0.000000000,0.000000000
982,-0.002166748,-0.556086063,2.765953064,1,1,1,0.000000000,0.000000000,0.000000000,14.707033157,0,0.000000000,0.000000000,0.000000000
983,-0.002248764,-0.560355663,2.767158508,1,1,1,0.000000000,0.000000000,0.000000000,14.699584007,0,0.000000000,0.000000000,0.000000000
984,-0.001979828,-0.585355997,2.762653351,1,1,1,0.000000000,0.000000000,0.000000000,14.700073242,0,0.000000000,0.000000000,0.000000000
985,-0.002164841,-0.587088108,2.763286591,1,1,1,0.000000000,0.000000000,0.000000000,14.240256310,0,0.000000000,0.000000000,0.000000000
986,-0.002254486,-0.586711407,2.764068604,1,1,1,0.000000000,0.000000000,0.000000000,14.272981644,0,0.000000000,0.000000000,0.000000000
987,-0.002336502,-0.587469578,2.764770508,1,1,1,0.000000000,0.000000000,0.000000000,14.312441826,0,0.000000000,0.000000000,0.000000000
988,-0.002393723,-0.586276054,2.765560150,1,1,1,0.000000000,0.000000000,0.000000000,14.353080750,0,0.000000000,0.000000000,0.000000000
989,-0.002447128,-0.586511612,2.766269684,1,1,1,0.000000000,0.000000000,0.000000000,14.394941330,0,0.000000000,0.000000000,0.000000000
990,-0.002487183,-0.584550142,2.767063141,1,1,1,0.000000000,0.000000000,0.000000000,14.437860489,0,0.000000000,0.000000000,0.000000000
991,-0.002517700,-0.583259344,2.767807007,1,1,1,0.000000000,0.000000000,0.000000000,14.481917381,0,0.000000000,0.000000000,0.000000000
992,-0.002544403,-0.581755161,2.768562317,1,1,1,0.000000000,0.000000000,0.000000000,14.526954651,0,0.000000000,0.000000000,0.000000000
993,-0.002565384,-0.580050468,2.769309998,1,1,1,0.000000000,0.000000000,0.000000000,14.572818756,0,0.000000000,0.000000000,0.000000000
994,-0.002584457,-0.578173518,2.770046234,1,1,1,0.000000000,0.000000000,0.000000000,14.619789124,0,0.000000000,0.000000000,0.000000000
995,-0.002599716,-0.576152563,2.770778656,1,1,1,0.000000000,0.000000000,0.000000000,14.667456627,0,0.000000000,0.000000000,0.000000000
996,-0.002613068,-0.574012995,2.771492004,1,1,1,0.000000000,0.000000000,0.000000000,14.716080666,0,0.000000000,0.000000000,0.000000000
997,-0.002660751,-0.571874142,2.772132874,1,1,1,0.000000000,0.000000000,0.000000000,14.765010834,0,0.000000000,0.000000000,0.000000000
998,-0.002696991,-0.576000214,2.772747040,1,1,1,0.000000000,0.000000000,0.000000000,14.809773445,0,0.000000000,0.000000000,0.000000000
999,-0.002719879,-0.580293179,2.773330688,1,1,1,0.000000000,0.000000000,0.000000000,14.811880112,0,0.000000000,0.000000000,0.000000000
1000,-0.002731323,-0.585443199,2.773910522,1,1,1,0.000000000,0.000000000,0.000000000,14.818778038,0,0.000000000,0.000000000,0.000000000
1001,-0.002737045,-0.588406205,2.774448395,1,1,1,0.000000000,0.000000000,0.000000000,14.831960678,0,0.000000000,0.000000000,0.000000000
1002,-0.002738953,-0.592524946,2.775005341,1,1,1,0.000000000,0.000000000,0.000000000,14.850854874,0,0.000000000,0.000000000,0.000000000
1003,-0.002737045,-0.596082985,2.775543213,1,1,1,0.000000000,0.000000000,0.000000000,14.874560356,0,0.000000000,0.000000000,0.000000000
1004,-0.002731323,-0.599076927,2.776077271,1,1,1,0.000000000,0.000000000,0.000000000,14.901791573,0,0.000000000,0.000000000,0.000000000
1005,-0.002721786,-0.601519883,2.776603699,1,1,1,0.000000000,0.000000000,0.000000000,14.931944847,0,0.000000000,0.000000000,0.000000000
1006,-0.002712250,-0.603437662,2.777118683,1,1,1,0.000000000,0.000000000,0.000000000,14.963586807,0,0.000000000,0.000000000,0.000000000
1007,-0.002704620,-0.604865789,2.777637482,1,1,1,0.000000000,0.000000000,0.000000000,14.995896339,0,0.000000000,0.000000000,0.000000000
1008,-0.002693176,-0.605847657,2.778152466,1,1,1,0.000000000,0.000000000,0.000000000,15.028700829,0,0.000000000,0.000000000,0.000000000
1009,-0.002685547,-0.606430888,2.778667450,1,1,1,0.000000000,0.000000000,0.000000000,15.061094284,0,0.000000000,0.000000000,0.000000000
1010,-0.002677917,-0.607968211,2.779190063,1,1,1,0.000000000,0.000000000,0.000000000,15.093032837,0,0.000000000,0.000000000,0.000000000
1011,-0.002672195,-0.607906878,2.779697418,1,1,1,0.000000000,0.000000000,0.000000000,15.124387741,0,0.000000000,0.000000000,0.000000000
1012,-0.002664566,-0.607599258,2.780208588,1,1,1,0.000000000,0.000000000,0.000000000,15.155142784,0,0.000000000,0.000000000,0.000000000
1013,-0.002656937,-0.608396530,2.780723572,1,1,1,0.000000000,0.000000000,0.000000000,15.185128212,0,0.000000000,0.000000000,0.000000000
1014,-0.002653122,-0.607739687,2.781223297,1,1,1,0.000000000,0.000000000,0.000000000,15.214911461,0,-0.000000000,0.000000000,0.000000000
1015,-0.002651215,-0.606973410,2.781730652,1,1,1,0.000000000,0.000000000,0.000000000,15.243931770,0,-0.000000000,0.000000000,0.000000000
1016,-0.002647400,-0.606135249,2.782238007,1,1,1,0.000000000,0.000000000,0.000000000,15.273004532,0,-0.000000000,0.000000000,0.000000000
1017,-0.002645493,-0.605258584,2.782741547,1,1,1,0.000000000,0.000000000,0.000000000,15.302017212,0,-0.000000000,0.000000000,0.000000000
1018,-0.002647400,-0.605674565,2.783237457,1,1,1,0.000000000,0.000000000,0.000000000,15.330832481,0,-0.000000000,0.000000000,0.000000000
1019,-0.002643585,-0.604802847,2.783744812,1,1,1,0.000000000,0.000000000,0.000000000,15.359751701,0,-0.000000000,0.000000000,0.000000000
1020,-0.002641678,-0.603966057,2.784248352,1,1,1,0.000000000,0.000000000,0.000000000,15.388814926,0,-0.000000000,0.000000000,0.000000000
1021,-0.002643585,-0.603179574,2.784744263,1,1,1,0.000000000,0.000000000,0.000000000,15.418045998,0,-0.000000000,0.000000000,0.000000000
1022,-0.002639771,-0.602455020,2.785243988,1,1,1,0.000000000,0.000000000,0.000000000,15.447217941,0,-0.000000000,0.000000000,0.000000000
1023,-0.002641678,-0.601800978,2.785743713,1,1,1,0.000000000,0.000000000,0.000000000,15.476777077,0,-0.000000000,0.000000000,0.000000000
1024,-0.002641678,-0.601222217,2.786235809,1,1,1,0.000000000,0.000000000,0.000000000,15.506244659,0,-0.000000000,0.000000000,0.000000000
1025,-0.002641678,-0.600721657,2.786739349,1,1,1,0.000000000,0.000000000,0.000000000,15.535598755,0,-0.000000000,0.000000000,0.000000000
1026,-0.002639771,-0.600298762,2.787231445,1,1,1,0.000000000,0.000000000,0.000000000,15.565269470,0,-0.000000000,0.000000000,0.000000000
1027,-0.002641678,-0.599951744,2.787727356,1,1,1,0.000000000,0.000000000,0.000000000,15.594771385,0,-0.000000000,0.000000000,0.000000000
1028,-0.002641678,-0.599677384,2.788215637,1,1,1,0.000000000,0.000000000,0.000000000,15.624543190,0,-0.000000000,0.000000000,0.000000000
1029,-0.002643585,-0.599470377,2.788711548,1,1,1,0.000000000,0.000000000,0.000000000,15.654108047,0,-0.000000000,0.000000000,0.000000000
1030,-0.002641678,-0.599325776,2.789199829,1,1,1,0.000000000,0.000000000,0.000000000,15.683452606,0,-0.000000000,0.000000000,0.000000000
1031,-0.002645493,-0.599237025,2.789688110,1,1,1,0.000000000,0.000000000,0.000000000,15.713023186,0,-0.000000000,0.000000000,0.000000000
1032,-0.002643585,-0.599197090,2.790180206,1,1,1,0.000000000,0.000000000,0.000000000,15.742357254,0,-0.000000000,0.000000000,0.000000000
1033,-0.002643585,-0.599199593,2.790672302,1,1,1,0.000000000,0.000000000,0.000000000,15.771679878,0,-0.000000000,0.000000000,0.000000000
1034,-0.002643585,-0.599237978,2.791160583,1,1,1,0.000000000,0.000000000,0.000000000,15.800991058,0,-0.000000000,0.000000000,0.000000000
1035,-0.002643585,-0.599305272,2.791645050,1,1,1,0.000000000,0.000000000,0.000000000,15.830291748,0,-0.000000000,0.000000000,0.000000000
1036,-0.002647400,-0.599395692,2.792125702,1,1,1,0.000000000,0.000000000,0.000000000,15.859354973,0,-0.000000000,0.000000000,0.000000000
1037,-0.002645493,-0.599503398,2.792610168,1,1,1,0.000000000,0.000000000,0.000000000,15.888410568,0,-0.000000000,0.000000000,0.000000000
1038,-0.002647400,-0.599622965,2.793094635,1,1,1,0.000000000,0.000000000,0.000000000,15.917464256,0,0.000000000,0.000000000,0.000000000
1039,-0.002647400,-0.599750221,2.793579102,1,1,1,0.000000000,0.000000000,0.000000000,15.946515083,0,0.000000000,0.000000000,0.000000000
1040,-0.002645493,-0.599880517,2.794055939,1,1,1,0.000000000,0.000000000,0.000000000,15.975566864,0,0.000000000,0.000000000,0.000000000
1041,-0.002647400,-0.600010514,2.794536591,1,1,1,0.000000000,0.000000000,0.000000000,16.004390717,0,0.000000000,0.000000000,0.000000000
1042,-0.002647400,-0.600137353,2.795024872,1,1,1,0.000000000,0.000000000,0.000000000,16.033216476,0,0.000000000,0.000000000,0.000000000
1043,-0.002649307,-0.600258470,2.795494080,1,1,1,0.000000000,0.000000000,0.000000000,16.062274933,0,0.000000000,0.000000000,0.000000000
1044,-0.002649307,-0.600372076,2.795970917,1,1,1,0.000000000,0.000000000,0.000000000,16.090879440,0,0.000000000,0.000000000,0.000000000
1045,-0.002651215,-0.600476384,2.796455383,1,1,1,0.000000000,0.000000000,0.000000000,16.119714737,0,0.000000000,0.000000000,0.000000000
1046,-0.002653122,-0.600570798,2.796932220,1,1,1,0.000000000,0.000000000,0.000000000,16.148551941,0,0.000000000,0.000000000,0.000000000
1047,-0.002653122,-0.600654483,2.797405243,1,1,1,0.000000000,0.000000000,0.000000000,16.176931381,0,0.000000000,0.000000000,0.000000000
1048,-0.002653122,-0.600727320,2.797889709,1,1,1,0.000000000,0.000000000,0.000000000,16.205772400,0,0.000000000,0.000000000,0.000000000
1049,-0.002651215,-0.600789368,2.798355103,1,1,1,0.000000000,0.000000000,0.000000000,16.234155655,0,0.000000000,0.000000000,0.000000000
1050,-0.002653122,-0.600840569,2.798835754,1,1,1,0.000000000,0.000000000,0.000000000,16.262538910,0,0.000000000,0.000000000,0.000000000
1051,-0.002651215,-0.600881636,2.799308777,1,1,1,0.000000000,0.000000000,0.000000000,16.290922165,0,0.000000000,0.000000000,0.000000000
1052,-0.002653122,-0.600913167,2.799781799,1,1,1,0.000000000,0.000000000,0.000000000,16.319307327,0,0.000000000,0.000000000,0.000000000
1053,-0.002653122,-0.600936055,2.800239563,1,1,1,0.000000000,0.000000000,0.000000000,16.347688675,0,0.000000000,0.000000000,0.000000000
1054,-0.002655029,-0.600950837,2.800720215,1,1,1,0.000000000,0.000000000,0.000000000,16.376073837,0,0.000000000,0.000000000,0.000000000
1055,-0.002655029,-0.600958824,2.801193237,1,1,1,0.000000000,0.000000000,0.000000000,16.404453278,0,0.000000000,0.000000000,0.000000000
1056,-0.002653122,-0.600960374,2.801666260,1,1,1,0.000000000,0.000000000,0.000000000,16.432836533,0,0.000000000,0.000000000,0.000000000
1057,-0.002649307,-0.600956678,2.802116394,1,1,1,0.000000000,0.000000000,0.000000000,16.460758209,0,0.000000000,0.000000000,0.000000000
1058,-0.002651215,-0.600948989,2.802604675,1,1,1,0.000000000,0.000000000,0.000000000,16.488681793,0,0.000000000,0.000000000,0.000000000
1059,-0.002653122,-0.600937486,2.803062439,1,1,1,0.000000000,0.000000000,0.000000000,16.517063141,0,0.000000000,0.000000000,0.000000000
1060,-0.002653122,-0.600923359,2.803527832,1,1,1,0.000000000,0.000000000,0.000000000,16.544986725,0,0.000000000,0.000000000,0.000000000
1061,-0.002651215,-0.600907326,2.803993225,1,1,1,0.000000000,0.000000000,0.000000000,16.572908401,0,0.000000000,0.000000000,0.000000000
1062,-0.002649307,-0.600890040,2.804466248,1,1,1,0.000000000,0.000000000,0.000000000,16.600830078,0,0.000000000,0.000000000,0.000000000
1063,-0.002653122,-0.600871980,2.804924011,1,1,1,0.000000000,0.000000000,0.000000000,16.628753662,0,-0.000000000,0.000000000,0.000000000
1064,-0.002651215,-0.600853920,2.805389404,1,1,1,0.000000000,0.000000000,0.000000000,16.656677246,0,-0.000000000,0.000000000,0.000000000
