tick,local_x,local_y,local_z,on_floor,bus_support,inside_hull,velocity_x,velocity_y,velocity_z,platform_speed,jump_command,walk_dx,walk_dy,walk_dz
1,0.000000000,-0.599008143,2.466674805,1,1,1,-0.000022980,0.000000000,2.000000000,0.000000000,0,-0.000000013,0.000000000,-0.033333335
2,0.000000000,-0.599510193,2.434265137,1,1,1,-0.000022749,0.000000000,2.000000000,0.000000000,0,0.000000000,0.000003406,-0.033333335
3,0.000000000,-0.599655271,2.401840210,1,1,1,-0.000021989,0.000000000,2.000000000,0.063430943,0,0.000000013,0.000009475,-0.033333331
4,0.000000000,-0.599747896,2.369430542,1,1,1,-0.000020255,0.000000000,1.999999523,0.117353760,0,0.000000013,0.000017518,-0.033333328
5,-0.000001907,-0.599795640,2.337020874,1,1,1,-0.000019328,0.000000000,1.999999523,0.172400787,0,0.000000026,0.000026916,-0.033333313
6,-0.000001907,-0.599806070,2.304595947,1,1,1,-0.000017805,0.000000000,1.999998569,0.226506978,0,0.000000027,0.000037122,-0.033333294
7,-0.000001907,-0.599786699,2.272171021,1,1,1,-0.000016557,0.000000000,1.999998093,0.280575693,0,0.000000027,0.000047665,-0.033333264
8,0.000000000,-0.599744678,2.239730835,1,1,1,-0.000014836,0.000000000,1.999997139,0.335581541,0,0.000000015,0.000058153,-0.033333231
9,0.000000000,-0.599685669,2.207290649,1,1,1,-0.000014248,0.000000000,1.999995708,0.389764875,0,0.000000015,0.000068270,-0.033333197
10,0.000000000,-0.599615812,2.174835205,1,1,1,-0.000013182,0.000000000,1.999994755,0.444054544,0,0.000000002,0.000077769,-0.033333153
11,-0.000001907,-0.599539638,2.142395020,1,1,1,-0.000014038,0.000000000,1.999993324,0.498463243,0,0.000000016,0.000086469,-0.033333112
12,0.000000000,-0.599461317,2.109939575,1,1,1,-0.000013530,0.000000000,1.999991894,0.552071214,0,0.000000002,0.000094249,-0.033333071
13,0.000000000,-0.599384189,2.077514648,1,1,1,-0.000014058,0.000000000,1.999990940,0.606695354,0,0.000000002,0.000101037,-0.033333026
14,0.000000000,-0.599310517,2.045028687,1,1,1,-0.000014760,0.000000000,1.999989510,0.661406040,0,0.000000002,0.000106807,-0.033332992
15,0.000000000,-0.599243045,2.012588501,1,1,1,-0.000015591,0.000000000,1.999989033,0.715270460,0,0.000000002,0.000111570,-0.033332963
16,0.000000000,-0.599182487,1.980117798,1,1,1,-0.000016506,0.000000000,1.999988079,0.769186914,0,0.000000001,0.000115365,-0.033332936
17,0.000001907,-0.599129915,1.947662354,1,1,1,-0.000016618,0.000000000,1.999987602,0.824056625,0,-0.000000013,0.000118256,-0.033332914
18,0.000001907,-0.599085569,1.915176392,1,1,1,-0.000017582,0.000000000,1.999987125,0.878036559,0,-0.000000014,0.000120320,-0.033332899
19,0.000001907,-0.599049568,1.882705688,1,1,1,-0.000017665,0.000000000,1.999986649,0.932033181,0,-0.000000029,0.000121649,-0.033332895
20,0.000003815,-0.599021673,1.850250244,1,1,1,-0.000018559,0.000000000,1.999986649,0.986039639,0,-0.000000030,0.000122338,-0.033332888
21,0.000003815,-0.599001348,1.817764282,1,1,1,-0.000018516,0.000000000,1.999986649,1.040051341,0,-0.000000045,0.000122486,-0.033332884
22,0.000003815,-0.598988175,1.785293579,1,1,1,-0.000020143,0.000000000,1.999986649,1.094065428,0,-0.000000031,0.000122190,-0.033332888
23,0.000005722,-0.598980784,1.752792358,1,1,1,-0.000019924,0.000000000,1.999986649,1.147164345,0,-0.000000046,0.000121541,-0.033332895
24,0.000003815,-0.598978698,1.720306396,1,1,1,-0.000020493,0.000000000,1.999987125,1.201178789,0,-0.000000047,0.000120627,-0.033332899
25,0.000003815,-0.598981261,1.687850952,1,1,1,-0.000020969,0.000000000,1.999987125,1.254277349,0,-0.000000048,0.000119525,-0.033332907
26,0.000005722,-0.598987222,1.655364990,1,1,1,-0.000021354,0.000000000,1.999987602,1.308291197,0,-0.000000048,0.000118305,-0.033332914
27,0.000005722,-0.598995805,1.622863770,1,1,1,-0.000021651,0.000000000,1.999987602,1.361389399,0,-0.000000049,0.000117026,-0.033332925
28,0.000005722,-0.599006772,1.590393066,1,1,1,-0.000021868,0.000000000,1.999988079,1.414487600,0,-0.000000049,0.000115741,-0.033332933
29,0.000003815,-0.599018991,1.557907104,1,1,1,-0.000022010,0.000000000,1.999988079,1.467586398,0,-0.000000049,0.000114490,-0.033332944
30,0.000003815,-0.599031687,1.525421143,1,1,1,-0.000023020,0.000000000,1.999988556,1.520685554,0,-0.000000034,0.000113305,-0.033332951
31,0.000003815,-0.599045157,1.492919922,1,1,1,-0.000023046,0.000000000,1.999988556,1.573785067,0,-0.000000034,0.000112212,-0.033332959
32,0.000001907,-0.599058330,1.460449219,1,1,1,-0.000023024,0.000000000,1.999989033,1.626885295,0,-0.000000034,0.000111228,-0.033332963
33,0.000003815,-0.599071026,1.427932739,1,1,1,-0.000022964,0.000000000,1.999989033,1.679985881,0,-0.000000034,0.000110362,-0.033332970
34,0.000001907,-0.599082828,1.395462036,1,1,1,-0.000022873,0.000000000,1.999989033,1.732171416,0,-0.000000034,0.000109620,-0.033332974
35,0.000000000,-0.599093914,1.362945557,1,1,1,-0.000024702,0.000000000,1.999989510,1.785272717,0,-0.000000002,0.000109002,-0.033332977
36,0.000000000,-0.599104047,1.330474854,1,1,1,-0.000023608,0.000000000,1.999989510,1.837458611,0,-0.000000018,0.000108503,-0.033332985
37,0.000000000,-0.599113107,1.297973633,1,1,1,-0.000023477,0.000000000,1.999989510,1.890560031,0,-0.000000018,0.000108117,-0.033332985
38,0.000000000,-0.599120796,1.265472412,1,1,1,-0.000024338,0.000000000,1.999989510,1.942746043,0,-0.000000001,0.000107835,-0.033332985
39,0.000000000,-0.599127769,1.232955933,1,1,1,-0.000024213,0.000000000,1.999989510,1.994932055,0,-0.000000001,0.000107647,-0.033332989
40,0.000000000,-0.599133611,1.200454712,1,1,1,-0.000024092,0.000000000,1.999989510,2.047118187,0,-0.000000001,0.000107539,-0.033332989
41,-0.000001907,-0.599138737,1.167953491,1,1,1,-0.000023979,0.000000000,1.999989510,2.099303722,0,-0.000000000,0.000107502,-0.033332989
42,-0.000001907,-0.599142671,1.135467529,1,1,1,-0.000023876,0.000000000,1.999989510,2.151489258,0,-0.000000000,0.000107522,-0.033332989
43,-0.000001907,-0.599146008,1.102951050,1,1,1,-0.000023785,0.000000000,1.999989510,2.203674793,0,0.000000000,0.000107589,-0.033332989
44,-0.000001907,-0.599148989,1.070434570,1,1,1,-0.000024754,0.000000000,1.999989510,2.254944563,0,0.000000018,0.000107691,-0.033332989
45,-0.000003815,-0.599150896,1.037948608,1,1,1,-0.000024698,0.000000000,1.999989510,2.307129622,0,0.000000018,0.000107819,-0.033332985
46,-0.000003815,-0.599152863,1.005416870,1,1,1,-0.000024654,0.000000000,1.999989510,2.359314680,0,0.000000018,0.000107964,-0.033332985
47,-0.000003815,-0.599154353,0.972915649,1,1,1,-0.000024624,0.000000000,1.999989510,2.410584211,0,0.000000019,0.000108119,-0.033332985
48,-0.000005722,-0.599155664,0.940399170,1,1,1,-0.000026775,0.000000000,1.999989510,2.461853743,0,0.000000055,0.000108276,-0.033332985
49,-0.000003815,-0.599156618,0.907882690,1,1,1,-0.000025691,0.000000000,1.999989510,2.513123035,0,0.000000037,0.000108430,-0.033332985
50,-0.000001907,-0.599157870,0.875350952,1,1,1,-0.000024596,0.000000000,1.999989510,2.564392805,0,0.000000019,0.000108577,-0.033332981
51,-0.000003815,-0.599158943,0.842834473,1,1,1,-0.000024605,0.000000000,1.999989510,2.616577625,0,0.000000020,0.000108714,-0.033332981
52,-0.000005722,-0.599160194,0.810317993,1,1,1,-0.000026873,0.000000000,1.999989510,2.666931629,0,0.000000057,0.000108838,-0.033332981
53,-0.000005722,-0.599161506,0.777832031,1,1,1,-0.000026916,0.000000000,1.999989510,2.718200922,0,0.000000058,0.000108948,-0.033332977
54,-0.000005722,-0.599162817,0.745300293,1,1,1,-0.000025817,0.000000000,1.999989510,2.769470453,0,0.000000039,0.000109044,-0.033332977
55,-0.000005722,-0.599164486,0.712768555,1,1,1,-0.000025858,0.000000000,1.999989510,2.820739985,0,0.000000040,0.000109124,-0.033332977
56,-0.000007629,-0.599166155,0.680252075,1,1,1,-0.000028242,0.000000000,1.999989033,2.871093750,0,0.000000079,0.000109189,-0.033332977
57,-0.000009537,-0.599167824,0.647720337,1,1,1,-0.000029491,0.000000000,1.999989033,2.922363281,0,0.000000099,0.000109240,-0.033332977
58,-0.000007629,-0.599169850,0.615188599,1,1,1,-0.000028379,0.000000000,1.999989033,2.972717285,0,0.000000080,0.000109278,-0.033332977
59,-0.000007629,-0.599171877,0.582656860,1,1,1,-0.000028449,0.000000000,1.999989033,3.023071289,0,0.000000081,0.000109304,-0.033332977
60,-0.000009537,-0.599174023,0.550140381,1,1,1,-0.000028498,0.000000000,1.999989033,3.073425055,0,0.000000082,0.000109304,-0.033332977
61,-0.000009537,-0.599176645,0.517608643,1,1,1,-0.000029777,0.000000000,1.999989033,3.124694586,0,0.000000103,0.000109304,-0.033332977
62,-0.000009537,-0.599179268,0.485061646,1,1,1,-0.000028599,0.000000000,1.999989033,3.175048590,0,0.000000083,0.000109304,-0.033332977
63,-0.000009537,-0.599181890,0.452529907,1,1,1,-0.000028668,0.000000000,1.999989033,3.224487066,0,0.000000084,0.000109304,-0.033332977
64,-0.000009537,-0.599184632,0.419998169,1,1,1,-0.000030005,0.000000000,1.999989033,3.274841070,0,0.000000106,0.000109298,-0.033332977
65,-0.000011444,-0.599187493,0.387466431,1,1,1,-0.000030087,0.000000000,1.999989033,3.325195074,0,0.000000107,0.000109288,-0.033332977
66,-0.000011444,-0.599190235,0.354919434,1,1,1,-0.000031464,0.000000000,1.999989033,3.375549078,0,0.000000130,0.000109275,-0.033332977
67,-0.000013351,-0.599193096,0.322387695,1,1,1,-0.000031558,0.000000000,1.999989033,3.424987555,0,0.000000131,0.000109260,-0.033332977
68,-0.000013351,-0.599196315,0.289825439,1,1,1,-0.000032969,0.000000000,1.999989033,3.475341558,0,0.000000155,0.000109260,-0.033332977
69,-0.000011444,-0.599199176,0.257278442,1,1,1,-0.000031740,0.000000000,1.999989033,3.524780035,0,0.000000134,0.000109240,-0.033332977
70,-0.000013351,-0.599202275,0.224731445,1,1,1,-0.000031831,0.000000000,1.999989033,3.574218512,0,0.000000135,0.000109240,-0.033332977
71,-0.000013351,-0.599205256,0.192199707,1,1,1,-0.000031928,0.000000000,1.999989033,3.623656988,0,0.000000137,0.000109216,-0.033332977
72,-0.000013351,-0.599208236,0.159652710,1,1,1,-0.000032023,0.000000000,1.999989033,3.673095465,0,0.000000138,0.000109216,-0.033332977
73,-0.000013351,-0.599211156,0.127105713,1,1,1,-0.000033521,0.000000000,1.999989033,3.722533941,0,0.000000163,0.000109216,-0.033332977
74,-0.000011444,-0.599214017,0.094558716,1,1,1,-0.000032221,0.000000000,1.999989033,3.771972418,0,0.000000142,0.000109189,-0.033332977
75,-0.000013351,-0.599217117,0.062011719,1,1,1,-0.000032323,0.000000000,1.999989033,3.821410894,0,0.000000143,0.000109189,-0.033332977
76,-0.000013351,-0.599219739,0.029464722,1,1,1,-0.000032427,0.000000000,1.999989033,3.870849371,0,0.000000145,0.000109189,-0.033332977
77,-0.000013351,-0.599222958,-0.003097534,1,1,1,-0.000034003,0.000000000,1.999989033,3.920287848,0,0.000000171,0.000109189,-0.033332977
78,-0.000017166,-0.599225640,-0.035644531,1,1,1,-0.000035620,0.000000000,1.999989510,3.968810797,0,0.000000198,0.000109160,-0.033332977
79,-0.000015259,-0.599228501,-0.068222046,1,1,1,-0.000035769,0.000000000,1.999989510,4.018249512,0,0.000000201,0.000109160,-0.033332977
80,-0.000017166,-0.599231362,-0.100784302,1,1,1,-0.000035922,0.000000000,1.999989510,4.066772461,0,0.000000203,0.000109160,-0.033332977
81,-0.000015259,-0.599233985,-0.133346558,1,1,1,-0.000036079,0.000000000,1.999989510,4.115295410,0,0.000000206,0.000109160,-0.033332977
82,-0.000017166,-0.599236846,-0.165908813,1,1,1,-0.000036240,0.000000000,1.999989510,4.163818359,0,0.000000209,0.000109160,-0.033332977
83,-0.000017166,-0.599239469,-0.198471069,1,1,1,-0.000036405,0.000000000,1.999989510,4.212341309,0,0.000000211,0.000109160,-0.033332977
84,-0.000017166,-0.599241853,-0.231033325,1,1,1,-0.000038182,0.000000000,1.999989510,4.260864258,0,0.000000241,0.000109160,-0.033332977
85,-0.000019073,-0.599244654,-0.263595581,1,1,1,-0.000038379,0.000000000,1.999989510,4.309387207,0,0.000000244,0.000109160,-0.033332977
86,-0.000019073,-0.599247456,-0.296157837,1,1,1,-0.000038580,0.000000000,1.999989510,4.357910156,0,0.000000248,0.000109160,-0.033332977
87,-0.000019073,-0.599250078,-0.328720093,1,1,1,-0.000040462,0.000000000,1.999989510,4.406433105,0,0.000000279,0.000109160,-0.033332977
88,-0.000019073,-0.599253058,-0.361297607,1,1,1,-0.000038998,0.000000000,1.999989510,4.454956055,0,0.000000255,0.000109127,-0.033332977
89,-0.000020981,-0.599255204,-0.393859863,1,1,1,-0.000040940,0.000000000,1.999989510,4.502563477,0,0.000000287,0.000109127,-0.033332977
90,-0.000019073,-0.599257827,-0.426437378,1,1,1,-0.000041191,0.000000000,1.999989510,4.551086426,0,0.000000291,0.000109127,-0.033332977
91,-0.000020981,-0.599260330,-0.459014893,1,1,1,-0.000041449,0.000000000,1.999989510,4.598693371,0,0.000000295,0.000109127,-0.033332977
92,-0.000020981,-0.599262953,-0.491577148,1,1,1,-0.000041715,0.000000000,1.999989510,4.646300793,0,0.000000300,0.000109127,-0.033332977
93,-0.000022888,-0.599265575,-0.524154663,1,1,1,-0.000043816,0.000000000,1.999989510,4.694823742,0,0.000000335,0.000109127,-0.033332977
94,-0.000020981,-0.599268019,-0.556732178,1,1,1,-0.000044127,0.000000000,1.999989510,4.742431164,0,0.000000340,0.000109127,-0.033332977
95,-0.000024796,-0.599270582,-0.589309692,1,1,1,-0.000046332,0.000000000,1.999989510,4.790038586,0,0.000000377,0.000109127,-0.033332977
96,-0.000024796,-0.599273086,-0.621887207,1,1,1,-0.000048608,0.000000000,1.999989510,4.837646008,0,0.000000415,0.000109127,-0.033332977
97,-0.000024796,-0.599275470,-0.654479980,1,1,1,-0.000050958,0.000000000,1.999989510,4.885253429,0,0.000000454,0.000109127,-0.033332977
98,-0.000024796,-0.599278092,-0.687057495,1,1,1,-0.000049429,0.000000000,1.999989510,4.931945324,0,0.000000428,0.000109127,-0.033332977
99,-0.000026703,-0.599280775,-0.719635010,1,1,1,-0.000051871,0.000000000,1.999989510,4.979552746,0,0.000000469,0.000109127,-0.033332977
100,-0.000026703,-0.599283099,-0.752227783,1,1,1,-0.000052351,0.000000000,1.999989510,5.027160168,0,0.000000477,0.000109127,-0.033332977
101,-0.000026703,-0.599285722,-0.784805298,1,1,1,-0.000054929,0.000000000,1.999989510,5.073852062,0,0.000000520,0.000109127,-0.033332977
102,-0.000026703,-0.599288344,-0.817398071,1,1,1,-0.000053362,0.000000000,1.999989510,5.121459484,0,0.000000494,0.000109127,-0.033332977
103,-0.000028610,-0.599290788,-0.849990845,1,1,1,-0.000056051,0.000000000,1.999989510,5.168151379,0,0.000000539,0.000109127,-0.033332977
104,-0.000026703,-0.599293351,-0.882553101,1,1,1,-0.000056643,0.000000000,1.999989510,5.214843273,0,0.000000549,0.000109127,-0.033332977
105,-0.000026703,-0.599296033,-0.915145874,1,1,1,-0.000055020,0.000000000,1.999989510,5.262450695,0,0.000000522,0.000109127,-0.033332977
106,-0.000028610,-0.599298477,-0.947738647,1,1,1,-0.000057894,0.000000000,1.999989510,5.309142590,0,0.000000569,0.000109127,-0.033332977
107,-0.000028610,-0.599301100,-0.980331421,1,1,1,-0.000058556,0.000000000,1.999989510,5.355834484,0,0.000000580,0.000109127,-0.033332977
108,-0.000030518,-0.599303484,-1.012939453,1,1,1,-0.000061613,0.000000000,1.999989510,5.402526379,0,0.000000631,0.000109127,-0.033332977
109,-0.000028610,-0.599305987,-1.045532227,1,1,1,-0.000062377,0.000000000,1.999989510,5.448302746,0,0.000000644,0.000109127,-0.033332977
110,-0.000030518,-0.599308670,-1.078125000,1,1,1,-0.000063173,0.000000000,1.999989510,5.494994640,0,0.000000657,0.000109127,-0.033332977
111,-0.000030518,-0.599311054,-1.110733032,1,1,1,-0.000064002,0.000000000,1.999989510,5.541686535,0,0.000000671,0.000109127,-0.033332977
112,-0.000030518,-0.599313557,-1.143325806,1,1,1,-0.000064866,0.000000000,1.999989510,5.587462902,0,0.000000686,0.000109127,-0.033332977
113,-0.000030518,-0.599316001,-1.175949097,1,1,1,-0.000068398,0.000000000,1.999989510,5.634154797,0,0.000000745,0.000109127,-0.033332977
114,-0.000030518,-0.599319577,-1.208541870,1,1,1,-0.000066709,0.000000000,1.999989510,5.679931164,0,0.000000717,0.000109103,-0.033332977
115,-0.000028610,-0.599321008,-1.241149902,1,1,1,-0.000067695,0.000000000,1.999989510,5.726623058,0,0.000000733,0.000109103,-0.033332977
116,-0.000028610,-0.599323630,-1.273757935,1,1,1,-0.000068728,0.000000000,1.999989510,5.772399426,0,0.000000750,0.000109103,-0.033332977
117,-0.000028610,-0.599326253,-1.306365967,1,1,1,-0.000066929,0.000000000,1.999989510,5.818175793,0,0.000000720,0.000109103,-0.033332977
118,-0.000028610,-0.599328578,-1.338989258,1,1,1,-0.000067995,0.000000000,1.999989510,5.863952160,0,0.000000738,0.000109103,-0.033332977
119,-0.000028610,-0.599331021,-1.371597290,1,1,1,-0.000072141,0.000000000,1.999989510,5.909728527,0,0.000000807,0.000109103,-0.033332977
120,-0.000026703,-0.599333763,-1.404205322,1,1,1,-0.000070291,0.000000000,1.999989510,5.955504894,0,0.000000776,0.000109103,-0.033332977
121,-0.000024796,-0.599336267,-1.436813354,1,1,1,-0.000071531,0.000000000,1.999989510,6.001281261,0,0.000000797,0.000109103,-0.033332977
122,-0.000024796,-0.599338830,-1.469436646,1,1,1,-0.000066288,0.000000000,1.999989510,6.047057629,0,0.000000710,0.000109103,-0.033332977
123,-0.000024796,-0.599341154,-1.502044678,1,1,1,-0.000067486,0.000000000,1.999989510,6.091918468,0,0.000000729,0.000109103,-0.033332977
124,-0.000024796,-0.599343717,-1.534652710,1,1,1,-0.000072217,0.000000000,1.999989510,6.137694836,0,0.000000808,0.000109103,-0.033332977
125,-0.000022888,-0.599345982,-1.567260742,1,1,1,-0.000070094,0.000000000,1.999989510,6.183471203,0,0.000000773,0.000109103,-0.033332977
126,-0.000022888,-0.599348426,-1.599884033,1,1,1,-0.000067841,0.000000000,1.999989510,6.228332043,0,0.000000735,0.000109103,-0.033332977
127,-0.000020981,-0.599350989,-1.632492065,1,1,1,-0.000073034,0.000000000,1.999989510,6.273192883,0,0.000000822,0.000109103,-0.033332977
128,-0.000020981,-0.599353552,-1.665115356,1,1,1,-0.000066811,0.000000000,1.999989510,6.318969250,0,0.000000718,0.000109103,-0.033332977
129,-0.000020981,-0.599356055,-1.697738647,1,1,1,-0.000068270,0.000000000,1.999989510,6.363830090,0,0.000000743,0.000109103,-0.033332977
130,-0.000020981,-0.599358320,-1.730361938,1,1,1,-0.000074024,0.000000000,1.999989510,6.408690929,0,0.000000838,0.000109103,-0.033332977
131,-0.000019073,-0.599360943,-1.762985229,1,1,1,-0.000071506,0.000000000,1.999989510,6.453551769,0,0.000000796,0.000109103,-0.033332977
132,-0.000017166,-0.599363446,-1.795608521,1,1,1,-0.000068798,0.000000000,1.999989510,6.498412609,0,0.000000751,0.000109103,-0.033332977
133,-0.000017166,-0.599365771,-1.828247070,1,1,1,-0.000070563,0.000000000,1.999989510,6.543273449,0,0.000000781,0.000109099,-0.033332977
134,-0.000017166,-0.599368215,-1.860870361,1,1,1,-0.000072473,0.000000000,1.999989510,6.587218761,0,0.000000813,0.000109099,-0.033332977
135,-0.000015259,-0.599370599,-1.893493652,1,1,1,-0.000069461,0.000000000,1.999989510,6.632079601,0,0.000000763,0.000109099,-0.033332977
136,-0.000015259,-0.599372804,-1.926132202,1,1,1,-0.000066182,0.000000000,1.999989510,6.676940441,0,0.000000708,0.000109099,-0.033332977
137,-0.000015259,-0.599375188,-1.958755493,1,1,1,-0.000068155,0.000000000,1.999989510,6.720885754,0,0.000000741,0.000109099,-0.033332977
138,-0.000015259,-0.599377811,-1.991394043,1,1,1,-0.000076146,0.000000000,1.999989510,6.765746593,0,0.000000874,0.000109099,-0.033332977
139,-0.000013351,-0.599380136,-2.024032593,1,1,1,-0.000072707,0.000000000,1.999989510,6.809691906,0,0.000000817,0.000109099,-0.033332977
140,-0.000009537,-0.599382520,-2.056671143,1,1,1,-0.000068897,0.000000000,1.999989510,6.853637218,0,0.000000753,0.000109099,-0.033332977
141,-0.000011444,-0.599385142,-2.089309692,1,1,1,-0.000064652,0.000000000,1.999989510,6.898498058,0,0.000000682,0.000109099,-0.033332977
142,-0.000011444,-0.599387288,-2.121948242,1,1,1,-0.000067130,0.000000000,1.999989510,6.942443371,0,0.000000724,0.000109099,-0.033332977
143,-0.000009537,-0.599389851,-2.154586792,1,1,1,-0.000069927,0.000000000,1.999989510,6.986388683,0,0.000000770,0.000109099,-0.033332977
144,-0.000009537,-0.599391997,-2.187225342,1,1,1,-0.000064876,0.000000000,1.999989510,7.030333996,0,0.000000686,0.000109099,-0.033332977
145,-0.000009537,-0.599394441,-2.219863892,1,1,1,-0.000076765,0.000000000,1.999989510,7.074279308,0,0.000000884,0.000109099,-0.033332977
146,-0.000007629,-0.599396944,-2.252502441,1,1,1,-0.000071454,0.000000000,1.999989510,7.117309093,0,0.000000796,0.000109099,-0.033332977
147,-0.000007629,-0.599399328,-2.285140991,1,1,1,-0.000065220,0.000000000,1.999989510,7.161254406,0,0.000000692,0.000109099,-0.033332977
148,-0.000005722,-0.599401832,-2.317794800,1,1,1,-0.000069168,0.000000000,1.999989510,7.205199718,0,0.000000758,0.000109099,-0.033332977
149,-0.000005722,-0.599404097,-2.350433350,1,1,1,-0.000073945,0.000000000,1.999989510,7.248229504,0,0.000000837,0.000109099,-0.033332977
150,-0.000005722,-0.599406481,-2.383087158,1,1,1,-0.000065811,0.000000000,1.999989510,7.292174816,0,0.000000702,0.000109099,-0.033332977
151,-0.000003815,-0.599407792,-2.415725708,1,1,1,-0.000071412,0.000000000,1.999989510,7.335204601,0,0.000000795,0.000109112,-0.033332977
152,-0.000003815,-0.599411249,-2.448379517,1,1,1,-0.000060392,0.000000000,1.999989510,7.379149914,0,0.000000611,0.000109112,-0.033332977
153,-0.000003815,-0.599413931,-2.414367676,1,1,1,0.000022127,0.000000000,-1.999989510,7.422179699,0,0.000000026,-0.000109112,0.033332977
154,-0.000001907,-0.599416018,-2.380355835,1,1,1,0.000022115,0.000000000,-1.999989510,7.465209484,0,0.000000026,-0.000109112,0.033332977
155,-0.000003815,-0.599418640,-2.346343994,1,1,1,0.000022103,0.000000000,-1.999989510,7.508239269,0,0.000000027,-0.000109112,0.033332977
156,-0.000001907,-0.599420905,-2.312332153,1,1,1,0.000022092,0.000000000,-1.999989510,7.551269054,0,0.000000027,-0.000109112,0.033332977
157,-0.000001907,-0.599423170,-2.278320313,1,1,1,0.000022894,0.000000000,-1.999989510,7.594298840,0,0.000000013,-0.000109112,0.033332977
158,-0.000001907,-0.599425554,-2.244308472,1,1,1,0.000022888,0.000000000,-1.999989510,7.637328625,0,0.000000014,-0.000109112,0.033332977
159,-0.000001907,-0.599427938,-2.210311890,1,1,1,0.000022055,0.000000000,-1.999989510,7.680358410,0,0.000000027,-0.000109112,0.033332977
160,-0.000001907,-0.599430084,-2.176300049,1,1,1,0.000022875,0.000000000,-1.999989510,7.722472668,0,0.000000014,-0.000109112,0.033332977
161,0.000000000,-0.599432588,-2.142303467,1,1,1,0.000022869,0.000000000,-1.999989510,7.765502453,0,0.000000014,-0.000109112,0.033332977
162,0.000000000,-0.599434733,-2.108306885,1,1,1,0.000023708,0.000000000,-1.999989510,7.807616711,0,-0.000000000,-0.000109112,0.033332977
163,0.000000000,-0.599437177,-2.074310303,1,1,1,0.000023708,0.000000000,-1.999989510,7.850646496,0,-0.000000000,-0.000109112,0.033332977
164,0.000001907,-0.599439502,-2.040298462,1,1,1,0.000023708,0.000000000,-1.999989510,7.892760754,0,-0.000000000,-0.000109112,0.033332977
165,0.000000000,-0.599441886,-2.006301880,1,1,1,0.000023708,0.000000000,-1.999989510,7.935790539,0,-0.000000000,-0.000109112,0.033332977
166,0.000001907,-0.599443913,-1.972305298,1,1,1,0.000023708,0.000000000,-1.999989510,7.977904797,0,-0.000000000,-0.000109112,0.033332977
167,0.000001907,-0.599446416,-1.938308716,1,1,1,0.000024587,0.000000000,-1.999989510,8.020019531,0,-0.000000015,-0.000109112,0.033332977
168,0.000001907,-0.599448562,-1.904312134,1,1,1,0.000024595,0.000000000,-1.999989510,8.062133789,0,-0.000000015,-0.000109112,0.033332977
169,0.000003815,-0.599451065,-1.870300293,1,1,1,0.000024602,0.000000000,-1.999989510,8.104248047,0,-0.000000015,-0.000109112,0.033332977
170,0.000003815,-0.599453211,-1.836303711,1,1,1,0.000025510,0.000000000,-1.999989510,8.146362305,0,-0.000000030,-0.000109112,0.033332977
171,0.000001907,-0.599455476,-1.802307129,1,1,1,0.000024617,0.000000000,-1.999989510,8.188476563,0,-0.000000015,-0.000109112,0.033332977
172,0.000003815,-0.599457622,-1.768325806,1,1,1,0.000024624,0.000000000,-1.999989510,8.230590820,0,-0.000000015,-0.000109112,0.033332977
173,0.000003815,-0.599460125,-1.734329224,1,1,1,0.000025556,0.000000000,-1.999989510,8.271789551,0,-0.000000031,-0.000109112,0.033332977
174,0.000003815,-0.599462390,-1.700332642,1,1,1,0.000025571,0.000000000,-1.999989510,8.313903809,0,-0.000000031,-0.000109112,0.033332977
175,0.000005722,-0.599464655,-1.666351318,1,1,1,0.000025587,0.000000000,-1.999989510,8.356018066,0,-0.000000031,-0.000109112,0.033332977
176,0.000005722,-0.599466920,-1.632369995,1,1,1,0.000026551,0.000000000,-1.999989510,8.397216797,0,-0.000000047,-0.000109112,0.033332977
177,0.000005722,-0.599469066,-1.598373413,1,1,1,0.000026576,0.000000000,-1.999989510,8.438415527,0,-0.000000048,-0.000109112,0.033332977
178,0.000007629,-0.599471450,-1.564392090,1,1,1,0.000026601,0.000000000,-1.999989510,8.480529785,0,-0.000000048,-0.000109112,0.033332977
179,0.000005722,-0.599473715,-1.530410767,1,1,1,0.000026626,0.000000000,-1.999989510,8.521728516,0,-0.000000049,-0.000109112,0.033332977
180,0.000005722,-0.599475861,-1.496429443,1,1,1,0.000026652,0.000000000,-1.999989510,8.562927246,0,-0.000000049,-0.000109112,0.033332977
181,0.000007629,-0.599478245,-1.462448120,1,1,1,0.000026679,0.000000000,-1.999989510,8.604125977,0,-0.000000050,-0.000109112,0.033332977
182,0.000007629,-0.599480450,-1.428482056,1,1,1,0.000027705,0.000000000,-1.999989510,8.645324707,0,-0.000000067,-0.000109112,0.033332977
183,0.000007629,-0.599482656,-1.394500732,1,1,1,0.000027742,0.000000000,-1.999989510,8.686523438,0,-0.000000067,-0.000109112,0.033332977
184,0.000009537,-0.599484801,-1.360519409,1,1,1,0.000027779,0.000000000,-1.999989510,8.727722168,0,-0.000000068,-0.000109112,0.033332977
185,0.000009537,-0.599487126,-1.326538086,1,1,1,0.000028844,0.000000000,-1.999989510,8.768920898,0,-0.000000086,-0.000109112,0.033332977
186,0.000009537,-0.599489331,-1.292572021,1,1,1,0.000028892,0.000000000,-1.999989510,8.810119629,0,-0.000000086,-0.000109112,0.033332977
187,0.000011444,-0.599491596,-1.258575439,1,1,1,0.000028942,0.000000000,-1.999989510,8.850402832,0,-0.000000087,-0.000109112,0.033332977
188,0.000011444,-0.599493742,-1.224609375,1,1,1,0.000030049,0.000000000,-1.999989510,8.891601563,0,-0.000000106,-0.000109112,0.033332977
189,0.000011444,-0.599496126,-1.190628052,1,1,1,0.000030110,0.000000000,-1.999989510,8.931884766,0,-0.000000107,-0.000109112,0.033332977
190,0.000009537,-0.599498272,-1.156661987,1,1,1,0.000029095,0.000000000,-1.999989510,8.973083496,0,-0.000000090,-0.000109112,0.033332977
191,0.000011444,-0.599500418,-1.122695923,1,1,1,0.000029149,0.000000000,-1.999989510,9.013366699,0,-0.000000091,-0.000109112,0.033332977
192,0.000011444,-0.599502623,-1.088714600,1,1,1,0.000030302,0.000000000,-1.999989510,9.053649902,0,-0.000000110,-0.000109112,0.033332977
193,0.000011444,-0.599504948,-1.054748535,1,1,1,0.000030368,0.000000000,-1.999989510,9.094848633,0,-0.000000111,-0.000109112,0.033332977
194,0.000011444,-0.599507093,-1.020767212,1,1,1,0.000030436,0.000000000,-1.999989510,9.135131836,0,-0.000000112,-0.000109112,0.033332977
195,0.000011444,-0.599508226,-0.986801147,1,1,1,0.000029372,0.000000000,-1.999989510,9.175414085,0,-0.000000095,-0.000109145,0.033332977
196,0.000011444,-0.599511623,-0.952835083,1,1,1,0.000030576,0.000000000,-1.999989510,9.215697289,0,-0.000000115,-0.000109145,0.033332977
197,0.000011444,-0.599513650,-0.918884277,1,1,1,0.000030648,0.000000000,-1.999989510,9.255980492,0,-0.000000116,-0.000109145,0.033332977
198,0.000011444,-0.599516034,-0.884918213,1,1,1,0.000030722,0.000000000,-1.999989510,9.295348167,0,-0.000000117,-0.000109145,0.033332977
199,0.000013351,-0.599518239,-0.850952148,1,1,1,0.000030797,0.000000000,-1.999989510,9.335631371,0,-0.000000118,-0.000109145,0.033332977
200,0.000013351,-0.599520445,-0.817001343,1,1,1,0.000032068,0.000000000,-1.999989510,9.375914574,0,-0.000000139,-0.000109145,0.033332977
201,0.000013351,-0.599522471,-0.783050537,1,1,1,0.000032160,0.000000000,-1.999989510,9.415282249,0,-0.000000141,-0.000109145,0.033332977
202,0.000013351,-0.599524736,-0.749099731,1,1,1,0.000032253,0.000000000,-1.999989510,9.455565453,0,-0.000000143,-0.000109145,0.033332977
203,0.000015259,-0.599527001,-0.715133667,1,1,1,0.000032349,0.000000000,-1.999989510,9.494933128,0,-0.000000144,-0.000109145,0.033332977
204,0.000015259,-0.599529028,-0.681182861,1,1,1,0.000033695,0.000000000,-1.999989510,9.535216331,0,-0.000000167,-0.000109145,0.033332977
205,0.000015259,-0.599531174,-0.647232056,1,1,1,0.000033810,0.000000000,-1.999989510,9.574584007,0,-0.000000168,-0.000109145,0.033332977
206,0.000015259,-0.599533319,-0.613265991,1,1,1,0.000033927,0.000000000,-1.999989510,9.613951683,0,-0.000000170,-0.000109145,0.033332977
207,0.000015259,-0.599535584,-0.579315186,1,1,1,0.000034047,0.000000000,-1.999989510,9.654234886,0,-0.000000172,-0.000109145,0.033332977
208,0.000017166,-0.599537730,-0.545364380,1,1,1,0.000034169,0.000000000,-1.999989510,9.693602562,0,-0.000000174,-0.000109145,0.033332977
209,0.000017166,-0.599539816,-0.511413574,1,1,1,0.000035618,0.000000000,-1.999989510,9.732970238,0,-0.000000199,-0.000109145,0.033332977
210,0.000017166,-0.599542022,-0.477462769,1,1,1,0.000035763,0.000000000,-1.999989510,9.772337914,0,-0.000000201,-0.000109145,0.033332977
211,0.000017166,-0.599544108,-0.443527222,1,1,1,0.000035911,0.000000000,-1.999989510,9.811705589,0,-0.000000204,-0.000109145,0.033332977
212,0.000017166,-0.599546194,-0.409576416,1,1,1,0.000036063,0.000000000,-1.999989510,9.850157738,0,-0.000000206,-0.000109145,0.033332977
213,0.000019073,-0.599548340,-0.375625610,1,1,1,0.000036219,0.000000000,-1.999989510,9.889525414,0,-0.000000209,-0.000109145,0.033332977
214,0.000019073,-0.599550486,-0.341690063,1,1,1,0.000037787,0.000000000,-1.999989510,9.928893089,0,-0.000000235,-0.000109145,0.033332977
215,0.000019073,-0.599552631,-0.307739258,1,1,1,0.000037969,0.000000000,-1.999989510,9.967345238,0,-0.000000238,-0.000109145,0.033332977
216,0.000019073,-0.599554718,-0.273788452,1,1,1,0.000038156,0.000000000,-1.999989510,10.006712914,0,-0.000000241,-0.000109145,0.033332977
217,0.000019073,-0.599556863,-0.239837646,1,1,1,0.000038347,0.000000000,-1.999989510,10.045165062,0,-0.000000244,-0.000109145,0.033332977
218,0.000019073,-0.599558949,-0.205917358,1,1,1,0.000038544,0.000000000,-1.999989510,10.084532738,0,-0.000000247,-0.000109145,0.033332977
219,0.000020981,-0.599561095,-0.171981812,1,1,1,0.000038747,0.000000000,-1.999989510,10.122984886,0,-0.000000251,-0.000109145,0.033332977
220,0.000020981,-0.599563241,-0.138031006,1,1,1,0.000040479,0.000000000,-1.999989510,10.161437035,0,-0.000000280,-0.000109145,0.033332977
221,0.000022888,-0.599565327,-0.104095459,1,1,1,0.000042260,0.000000000,-1.999989510,10.200804710,0,-0.000000309,-0.000109145,0.033332977
222,0.000022888,-0.599567294,-0.070159912,1,1,1,0.000042524,0.000000000,-1.999989510,10.239256859,0,-0.000000314,-0.000109145,0.033332977
223,0.000022888,-0.599569559,-0.036224365,1,1,1,0.000042795,0.000000000,-1.999989510,10.277709007,0,-0.000000318,-0.000109145,0.033332977
224,0.000022888,-0.599571764,-0.002288818,1,1,1,0.000043075,0.000000000,-1.999989510,10.316161156,0,-0.000000323,-0.000109145,0.033332977
225,0.000022888,-0.599573731,0.031631470,1,1,1,0.000043362,0.000000000,-1.999989510,10.354613304,0,-0.000000328,-0.000109145,0.033332977
226,0.000024796,-0.599575698,0.065567017,1,1,1,0.000043658,0.000000000,-1.999989510,10.392149925,0,-0.000000333,-0.000109145,0.033332977
227,0.000024796,-0.599577844,0.099502563,1,1,1,0.000045651,0.000000000,-1.999989510,10.430602074,0,-0.000000366,-0.000109145,0.033332977
228,0.000024796,-0.599579930,0.133438110,1,1,1,0.000045992,0.000000000,-1.999989510,10.469054222,0,-0.000000372,-0.000109145,0.033332977
229,0.000024796,-0.599581838,0.167373657,1,1,1,0.000046344,0.000000000,-1.999989510,10.507506371,0,-0.000000377,-0.000109145,0.033332977
230,0.000024796,-0.599584103,0.201309204,1,1,1,0.000046707,0.000000000,-1.999989510,10.545042992,0,-0.000000383,-0.000109145,0.033332977
231,0.000024796,-0.599586189,0.235229492,1,1,1,0.000047081,0.000000000,-1.999989510,10.583495140,0,-0.000000390,-0.000109145,0.033332977
232,0.000024796,-0.599588156,0.269149780,1,1,1,0.000047468,0.000000000,-1.999989510,10.621031761,0,-0.000000396,-0.000109145,0.033332977
233,0.000026703,-0.599590182,0.303085327,1,1,1,0.000049727,0.000000000,-1.999989510,10.658568382,0,-0.000000434,-0.000109145,0.033332977
234,0.000026703,-0.599592388,0.336990356,1,1,1,0.000050172,0.000000000,-1.999989510,10.697020531,0,-0.000000441,-0.000109145,0.033332977
235,0.000028610,-0.599594474,0.370910645,1,1,1,0.000050633,0.000000000,-1.999989510,10.734557152,0,-0.000000449,-0.000109145,0.033332977
236,0.000028610,-0.599596262,0.404846191,1,1,1,0.000053068,0.000000000,-1.999989510,10.772093773,0,-0.000000489,-0.000109145,0.033332977
237,0.000028610,-0.599598408,0.438766479,1,1,1,0.000053598,0.000000000,-1.999989510,10.809630394,0,-0.000000498,-0.000109145,0.033332977
238,0.000028610,-0.599600613,0.472686768,1,1,1,0.000054147,0.000000000,-1.999989510,10.847167015,0,-0.000000507,-0.000109145,0.033332977
239,0.000028610,-0.599602461,0.506607056,1,1,1,0.000054717,0.000000000,-1.999989510,10.884703636,0,-0.000000517,-0.000109145,0.033332977
240,0.000028610,-0.599604607,0.540527344,1,1,1,0.000055309,0.000000000,-1.999989510,10.922240257,0,-0.000000527,-0.000109145,0.033332977
241,0.000030518,-0.599606633,0.574432373,1,1,1,0.000058071,0.000000000,-1.999989510,10.959776878,0,-0.000000573,-0.000109145,0.033332977
242,0.000030518,-0.599608660,0.608352661,1,1,1,0.000058752,0.000000000,-1.999989510,10.996397972,0,-0.000000584,-0.000109145,0.033332977
243,0.000030518,-0.599610567,0.642272949,1,1,1,0.000059461,0.000000000,-1.999989510,11.033934593,0,-0.000000596,-0.000109145,0.033332977
244,0.000030518,-0.599612653,0.676177979,1,1,1,0.000060199,0.000000000,-1.999989510,11.071471214,0,-0.000000608,-0.000109145,0.033332977
245,0.000030518,-0.599614739,0.710098267,1,1,1,0.000060968,0.000000000,-1.999989510,11.108092308,0,-0.000000621,-0.000109145,0.033332977
246,0.000030518,-0.599616766,0.744003296,1,1,1,0.000061771,0.000000000,-1.999989510,11.145628929,0,-0.000000634,-0.000109145,0.033332977
247,0.000030518,-0.599618673,0.777908325,1,1,1,0.000062608,0.000000000,-1.999989510,11.182250023,0,-0.000000648,-0.000109145,0.033332977
248,0.000032425,-0.599620700,0.811828613,1,1,1,0.000065969,0.000000000,-1.999989510,11.218871117,0,-0.000000704,-0.000109145,0.033332977
249,0.000032425,-0.599622846,0.845718384,1,1,1,0.000066942,0.000000000,-1.999989510,11.256407738,0,-0.000000721,-0.000109145,0.033332977
250,0.000032425,-0.599624753,0.879623413,1,1,1,0.000067960,0.000000000,-1.999989510,11.293028831,0,-0.000000738,-0.000109145,0.033332977
251,0.000032425,-0.599626780,0.913528442,1,1,1,0.000069028,0.000000000,-1.999989510,11.329649925,0,-0.000000755,-0.000109145,0.033332977
252,0.000030518,-0.599628747,0.947433472,1,1,1,0.000070148,0.000000000,-1.999989510,11.366271019,0,-0.000000774,-0.000109145,0.033332977
253,0.000030518,-0.599630833,0.981338501,1,1,1,0.000071325,0.000000000,-1.999989510,11.402892113,0,-0.000000794,-0.000109145,0.033332977
254,0.000028610,-0.599632740,1.015258789,1,1,1,0.000069689,0.000000000,-1.999989510,11.439513206,0,-0.000000766,-0.000109145,0.033332977
255,0.000028610,-0.599634767,1.049163818,1,1,1,0.000067966,0.000000000,-1.999989510,11.476134300,0,-0.000000738,-0.000109145,0.033332977
256,0.000026703,-0.599636734,1.083053589,1,1,1,0.000069180,0.000000000,-1.999989510,11.512755394,0,-0.000000758,-0.000109145,0.033332977
257,0.000026703,-0.599638820,1.116958618,1,1,1,0.000067345,0.000000000,-1.999989510,11.548460960,0,-0.000000727,-0.000109145,0.033332977
258,0.000026703,-0.599640727,1.150863647,1,1,1,0.000071819,0.000000000,-1.999989510,11.585082054,0,-0.000000802,-0.000109145,0.033332977
259,0.000024796,-0.599642634,1.184753418,1,1,1,0.000069953,0.000000000,-1.999989510,11.621703148,0,-0.000000771,-0.000109145,0.033332977
260,0.000024796,-0.599644661,1.218658447,1,1,1,0.000067972,0.000000000,-1.999989510,11.657408714,0,-0.000000738,-0.000109145,0.033332977
261,0.000022888,-0.599646747,1.252548218,1,1,1,0.000069378,0.000000000,-1.999989510,11.694029808,0,-0.000000761,-0.000109145,0.033332977
262,0.000022888,-0.599648654,1.286437988,1,1,1,0.000067248,0.000000000,-1.999989510,11.729735374,0,-0.000000726,-0.000109145,0.033332977
263,0.000022888,-0.599650502,1.320327759,1,1,1,0.000072476,0.000000000,-1.999989510,11.765440941,0,-0.000000813,-0.000109145,0.033332977
264,0.000020981,-0.599652529,1.354217529,1,1,1,0.000070305,0.000000000,-1.999989510,11.801146507,0,-0.000000777,-0.000109145,0.033332977
265,0.000020981,-0.599654555,1.388107300,1,1,1,0.000067976,0.000000000,-1.999989510,11.837767601,0,-0.000000738,-0.000109145,0.033332977
266,0.000020981,-0.599655867,1.421997070,1,1,1,0.000073825,0.000000000,-1.999989510,11.873473167,0,-0.000000835,-0.000109133,0.033332977
267,0.000019073,-0.599658251,1.455886841,1,1,1,0.000071451,0.000000000,-1.999989510,11.909178734,0,-0.000000796,-0.000109133,0.033332977
268,0.000017166,-0.599660158,1.489776611,1,1,1,0.000068883,0.000000000,-1.999989510,11.944884300,0,-0.000000753,-0.000109133,0.033332977
269,0.000017166,-0.599662304,1.523666382,1,1,1,0.000070807,0.000000000,-1.999989510,11.980589867,0,-0.000000785,-0.000109133,0.033332977
270,0.000017166,-0.599664211,1.557540894,1,1,1,0.000067981,0.000000000,-1.999989510,12.016295433,0,-0.000000738,-0.000109133,0.033332977
271,0.000015259,-0.599665999,1.591445923,1,1,1,0.000070040,0.000000000,-1.999989510,12.051085472,0,-0.000000772,-0.000109133,0.033332977
272,0.000015259,-0.599668026,1.625350952,1,1,1,0.000066903,0.000000000,-1.999989510,12.086791039,0,-0.000000720,-0.000109133,0.033332977
273,0.000015259,-0.599669933,1.659240723,1,1,1,0.000074798,0.000000000,-1.999989510,12.122496605,0,-0.000000851,-0.000109133,0.033332977
274,0.000013351,-0.599671900,1.693115234,1,1,1,0.000071576,0.000000000,-1.999989510,12.158202171,0,-0.000000798,-0.000109133,0.033332977
275,0.000013351,-0.599673867,1.727005005,1,1,1,0.000067987,0.000000000,-1.999989510,12.192992210,0,-0.000000738,-0.000109133,0.033332977
276,0.000009537,-0.599675775,1.760879517,1,1,1,0.000070671,0.000000000,-1.999989510,12.228697777,0,-0.000000783,-0.000109133,0.033332977
277,0.000011444,-0.599677622,1.794738770,1,1,1,0.000066557,0.000000000,-1.999989510,12.263487816,0,-0.000000714,-0.000109133,0.033332977
278,0.000009537,-0.599679470,1.828628540,1,1,1,0.000069513,0.000000000,-1.999989510,12.298277855,0,-0.000000763,-0.000109133,0.033332977
279,0.000009537,-0.599681377,1.862503052,1,1,1,0.000064707,0.000000000,-1.999989510,12.333983421,0,-0.000000683,-0.000109133,0.033332977
280,0.000009537,-0.599683285,1.896377563,1,1,1,0.000076842,0.000000000,-1.999989510,12.368773460,0,-0.000000886,-0.000109133,0.033332977
281,0.000007629,-0.599685252,1.930252075,1,1,1,0.000071836,0.000000000,-1.999989510,12.403563499,0,-0.000000802,-0.000109133,0.033332977
282,0.000007629,-0.599687219,1.964126587,1,1,1,0.000065876,0.000000000,-1.999989510,12.438353539,0,-0.000000703,-0.000109133,0.033332977
283,0.000005722,-0.599689007,1.998001099,1,1,1,0.000070314,0.000000000,-1.999989510,12.473143578,0,-0.000000777,-0.000109133,0.033332977
284,0.000005722,-0.599691033,2.031875610,1,1,1,0.000075795,0.000000000,-1.999989510,12.507933617,0,-0.000000868,-0.000109133,0.033332977
285,0.000005722,-0.599692822,2.065750122,1,1,1,0.000067980,0.000000000,-1.999989510,12.542723656,0,-0.000000738,-0.000109133,0.033332977
286,0.000003815,-0.599694788,2.099624634,1,1,1,0.000074788,0.000000000,-1.999989510,12.577513695,0,-0.000000851,-0.000109133,0.033332977
287,0.000003815,-0.599696755,2.133483887,1,1,1,0.000084066,0.000000000,-1.999989510,12.612303734,0,-0.000001006,-0.000109133,0.033332977
288,0.000001907,-0.599698305,2.100708008,1,1,1,-0.000022134,0.000000000,1.999989510,12.646178246,0,-0.000000026,0.000109133,-0.033332977
289,0.000001907,-0.599700212,2.067916870,1,1,1,-0.000022916,0.000000000,1.999989510,12.680968285,0,-0.000000013,0.000109133,-0.033332977
290,0.000001907,-0.599702060,2.035110474,1,1,1,-0.000022113,0.000000000,1.999989510,12.715758324,0,-0.000000027,0.000109133,-0.033332977
291,0.000001907,-0.599703908,2.002304077,1,1,1,-0.000022905,0.000000000,1.999989510,12.749632835,0,-0.000000013,0.000109133,-0.033332977
292,0.000000000,-0.599705696,1.969497681,1,1,1,-0.000022900,0.000000000,1.999989510,12.784422874,0,-0.000000013,0.000109133,-0.033332977
293,0.000000000,-0.599707544,1.936691284,1,1,1,-0.000022894,0.000000000,1.999989510,12.818297386,0,-0.000000014,0.000109133,-0.033332977
294,0.000000000,-0.599709511,1.903900146,1,1,1,-0.000023709,0.000000000,1.999989510,12.852171898,0,0.000000000,0.000109133,-0.033332977
295,-0.000001907,-0.599711299,1.871093750,1,1,1,-0.000023709,0.000000000,1.999989510,12.886961937,0,0.000000000,0.000109133,-0.033332977
296,0.000000000,-0.599713326,1.838287354,1,1,1,-0.000023709,0.000000000,1.999989510,12.920836449,0,0.000000000,0.000109133,-0.033332977
297,-0.000001907,-0.599715114,1.805480957,1,1,1,-0.000023709,0.000000000,1.999989510,12.954710960,0,0.000000000,0.000109133,-0.033332977
298,-0.000001907,-0.599717021,1.772674561,1,1,1,-0.000024552,0.000000000,1.999989510,12.988585472,0,0.000000014,0.000109133,-0.033332977
299,-0.000001907,-0.599718690,1.739883423,1,1,1,-0.000023709,0.000000000,1.999989510,13.022459984,0,0.000000000,0.000109133,-0.033332977
300,-0.000001907,-0.599720657,1.707077026,1,1,1,-0.000024564,0.000000000,1.999989510,13.056334496,0,0.000000014,0.000109133,-0.033332977
301,-0.000003815,-0.599722385,1.674270630,1,1,1,-0.000024571,0.000000000,1.999989510,13.090209007,0,0.000000014,0.000109133,-0.033332977
302,-0.000003815,-0.599724412,1.641464233,1,1,1,-0.000024577,0.000000000,1.999989510,13.124083519,0,0.000000014,0.000109133,-0.033332977
303,-0.000003815,-0.599726081,1.608627319,1,1,1,-0.000025458,0.000000000,1.999989510,13.157958031,0,0.000000029,0.000109133,-0.033332977
304,-0.000005722,-0.599727988,1.575805664,1,1,1,-0.000025471,0.000000000,1.999989510,13.190917015,0,0.000000029,0.000109133,-0.033332977
305,-0.000003815,-0.599729776,1.542999268,1,1,1,-0.000025484,0.000000000,1.999989510,13.224791527,0,0.000000030,0.000109133,-0.033332977
306,-0.000005722,-0.599731684,1.510177612,1,1,1,-0.000025498,0.000000000,1.999989510,13.258666039,0,0.000000030,0.000109133,-0.033332977
307,-0.000003815,-0.599733353,1.477371216,1,1,1,-0.000025511,0.000000000,1.999989510,13.291625023,0,0.000000030,0.000109133,-0.033332977
308,-0.000005722,-0.599735379,1.444549561,1,1,1,-0.000025525,0.000000000,1.999989510,13.325499535,0,0.000000030,0.000109133,-0.033332977
309,-0.000007629,-0.599736929,1.411743164,1,1,1,-0.000026455,0.000000000,1.999989510,13.358458519,0,0.000000046,0.000109133,-0.033332977
310,-0.000005722,-0.599738836,1.378936768,1,1,1,-0.000026476,0.000000000,1.999989510,13.392333031,0,0.000000046,0.000109133,-0.033332977
311,-0.000007629,-0.599740863,1.346115112,1,1,1,-0.000026498,0.000000000,1.999989510,13.425292015,0,0.000000046,0.000109133,-0.033332977
312,-0.000005722,-0.599742353,1.313293457,1,1,1,-0.000026520,0.000000000,1.999989510,13.458250999,0,0.000000047,0.000109133,-0.033332977
313,-0.000007629,-0.599744260,1.280471802,1,1,1,-0.000026542,0.000000000,1.999989510,13.491209984,0,0.000000047,0.000109133,-0.033332977
314,-0.000009537,-0.599745929,1.247650146,1,1,1,-0.000027517,0.000000000,1.999989510,13.524168968,0,0.000000063,0.000109133,-0.033332977
315,-0.000007629,-0.599747896,1.214828491,1,1,1,-0.000027548,0.000000000,1.999989510,13.557127953,0,0.000000064,0.000109133,-0.033332977
316,-0.000009537,-0.599749565,1.181991577,1,1,1,-0.000027580,0.000000000,1.999989510,13.590086937,0,0.000000065,0.000109133,-0.033332977
317,-0.000007629,-0.599751532,1.149169922,1,1,1,-0.000027612,0.000000000,1.999989510,13.623045921,0,0.000000065,0.000109133,-0.033332977
318,-0.000009537,-0.599753261,1.116348267,1,1,1,-0.000027644,0.000000000,1.999989510,13.656004906,0,0.000000066,0.000109133,-0.033332977
319,-0.000011444,-0.599755049,1.083526611,1,1,1,-0.000028669,0.000000000,1.999989510,13.688963890,0,0.000000083,0.000109133,-0.033332977
320,-0.000009537,-0.599756837,1.050704956,1,1,1,-0.000028711,0.000000000,1.999989510,13.721922874,0,0.000000083,0.000109133,-0.033332977
321,-0.000011444,-0.599758625,1.017883301,1,1,1,-0.000028754,0.000000000,1.999989510,13.754881859,0,0.000000084,0.000109133,-0.033332977
322,-0.000011444,-0.599760413,0.985061646,1,1,1,-0.000028797,0.000000000,1.999989510,13.786925316,0,0.000000085,0.000109133,-0.033332977
323,-0.000011444,-0.599762201,0.952224731,1,1,1,-0.000029868,0.000000000,1.999989510,13.819884300,0,0.000000103,0.000109133,-0.033332977
324,-0.000011444,-0.599763989,0.919403076,1,1,1,-0.000028887,0.000000000,1.999989510,13.851927757,0,0.000000086,0.000109133,-0.033332977
325,-0.000013351,-0.599765778,0.886566162,1,1,1,-0.000029977,0.000000000,1.999989510,13.884886742,0,0.000000104,0.000109133,-0.033332977
326,-0.000013351,-0.599767506,0.853744507,1,1,1,-0.000031087,0.000000000,1.999989510,13.916930199,0,0.000000123,0.000109133,-0.033332977
327,-0.000013351,-0.599769175,0.820907593,1,1,1,-0.000030090,0.000000000,1.999989510,13.949889183,0,0.000000106,0.000109133,-0.033332977
328,-0.000013351,-0.599771082,0.788055420,1,1,1,-0.000031221,0.000000000,1.999989510,13.981932640,0,0.000000125,0.000109133,-0.033332977
329,-0.000013351,-0.599772930,0.755218506,1,1,1,-0.000030207,0.000000000,1.999989510,14.013976097,0,0.000000108,0.000109133,-0.033332977
330,-0.000015259,-0.599774480,0.722381592,1,1,1,-0.000031360,0.000000000,1.999989510,14.046019554,0,0.000000128,0.000109133,-0.033332977
331,-0.000013351,-0.599776268,0.689559937,1,1,1,-0.000031432,0.000000000,1.999989510,14.078063011,0,0.000000129,0.000109133,-0.033332977
332,-0.000015259,-0.599778116,0.656723022,1,1,1,-0.000031505,0.000000000,1.999989510,14.110106468,0,0.000000130,0.000109133,-0.033332977
333,-0.000015259,-0.599779665,0.623886108,1,1,1,-0.000031579,0.000000000,1.999989510,14.142149925,0,0.000000131,0.000109133,-0.033332977
334,-0.000015259,-0.599781513,0.591049194,1,1,1,-0.000032790,0.000000000,1.999989510,14.174193382,0,0.000000151,0.000109133,-0.033332977
335,-0.000015259,-0.599783182,0.558212280,1,1,1,-0.000031732,0.000000000,1.999989510,14.206236839,0,0.000000134,0.000109133,-0.033332977
336,-0.000017166,-0.599785030,0.525375366,1,1,1,-0.000032968,0.000000000,1.999989510,14.238280296,0,0.000000154,0.000109133,-0.033332977
337,-0.000017166,-0.599786639,0.492523193,1,1,1,-0.000033059,0.000000000,1.999989510,14.270323753,0,0.000000156,0.000109133,-0.033332977
338,-0.000017166,-0.599788487,0.459686279,1,1,1,-0.000034333,0.000000000,1.999989510,14.301451683,0,0.000000177,0.000109133,-0.033332977
339,-0.000017166,-0.599790156,0.426849365,1,1,1,-0.000033248,0.000000000,1.999989510,14.333495140,0,0.000000159,0.000109133,-0.033332977
340,-0.000019073,-0.599791765,0.393981934,1,1,1,-0.000034550,0.000000000,1.999989510,14.365538597,0,0.000000181,0.000109133,-0.033332977
341,-0.000017166,-0.599793673,0.361160278,1,1,1,-0.000034662,0.000000000,1.999989510,14.396666527,0,0.000000183,0.000109133,-0.033332977
342,-0.000019073,-0.599795341,0.328308105,1,1,1,-0.000034776,0.000000000,1.999989510,14.428709984,0,0.000000184,0.000109133,-0.033332977
343,-0.000020981,-0.599797010,0.295455933,1,1,1,-0.000036135,0.000000000,1.999989510,14.459837914,0,0.000000207,0.000109133,-0.033332977
344,-0.000020981,-0.599798679,0.262619019,1,1,1,-0.000038779,0.000000000,1.999989510,14.490965843,0,0.000000251,0.000109133,-0.033332977
345,-0.000020981,-0.599800527,0.229766846,1,1,1,-0.000037672,0.000000000,1.999989510,14.523009300,0,0.000000233,0.000109133,-0.033332977
346,-0.000022888,-0.599802256,0.196899414,1,1,1,-0.000039107,0.000000000,1.999989510,14.554137230,0,0.000000257,0.000109133,-0.033332977
347,-0.000022888,-0.599803865,0.164047241,1,1,1,-0.000039276,0.000000000,1.999989510,14.585265160,0,0.000000259,0.000109133,-0.033332977
348,-0.000022888,-0.599805593,0.131195068,1,1,1,-0.000040761,0.000000000,1.999989510,14.616393089,0,0.000000284,0.000109133,-0.033332977
349,-0.000022888,-0.599807262,0.098342896,1,1,1,-0.000039626,0.000000000,1.999989510,14.647521019,0,0.000000265,0.000109133,-0.033332977
350,-0.000024796,-0.599809051,0.065490723,1,1,1,-0.000041149,0.000000000,1.999989510,14.678648949,0,0.000000291,0.000109133,-0.033332977
351,-0.000022888,-0.599810719,0.032638550,1,1,1,-0.000041350,0.000000000,1.999989510,14.709776878,0,0.000000294,0.000109133,-0.033332977
352,-0.000024796,-0.599812329,-0.000213623,1,1,1,-0.000041555,0.000000000,1.999989510,14.740904808,0,0.000000297,0.000109133,-0.033332977
353,-0.000024796,-0.599814117,-0.033065796,1,1,1,-0.000041765,0.000000000,1.999989510,14.772032738,0,0.000000301,0.000109133,-0.033332977
354,-0.000026703,-0.599815726,-0.065917969,1,1,1,-0.000043385,0.000000000,1.999989510,14.803160667,0,0.000000328,0.000109133,-0.033332977
355,-0.000024796,-0.599817395,-0.098785400,1,1,1,-0.000043623,0.000000000,1.999989510,14.834288597,0,0.000000332,0.000109133,-0.033332977
356,-0.000026703,-0.599819064,-0.131637573,1,1,1,-0.000043866,0.000000000,1.999989510,14.864500999,0,0.000000336,0.000109133,-0.033332977
357,-0.000026703,-0.599820852,-0.164489746,1,1,1,-0.000044115,0.000000000,1.999989510,14.895628929,0,0.000000340,0.000109133,-0.033332977
358,-0.000028610,-0.599822521,-0.197357178,1,1,1,-0.000045846,0.000000000,1.999989510,14.926756859,0,0.000000369,0.000109133,-0.033332977
359,-0.000026703,-0.599824190,-0.230224609,1,1,1,-0.000046127,0.000000000,1.999989510,14.956969261,0,0.000000374,0.000109133,-0.033332977
360,-0.000026703,-0.599825740,-0.263076782,1,1,1,-0.000044901,0.000000000,1.999989510,14.987181664,0,0.000000353,0.000109133,-0.033332977
361,-0.000028610,-0.599827409,-0.295928955,1,1,1,-0.000046710,0.000000000,1.999989510,15.018309593,0,0.000000383,0.000109133,-0.033332977
362,-0.000028610,-0.599829078,-0.328796387,1,1,1,-0.000047013,0.000000000,1.999989510,15.048521996,0,0.000000388,0.000109133,-0.033332977
363,-0.000028610,-0.599830747,-0.361663818,1,1,1,-0.000048898,0.000000000,1.999989510,15.079649925,0,0.000000420,0.000109133,-0.033332977
364,-0.000028610,-0.599832416,-0.394531250,1,1,1,-0.000047644,0.000000000,1.999989510,15.109862328,0,0.000000399,0.000109133,-0.033332977
365,-0.000030518,-0.599834204,-0.427398682,1,1,1,-0.000049590,0.000000000,1.999989510,15.140074730,0,0.000000431,0.000109133,-0.033332977
366,-0.000030518,-0.599835634,-0.460266113,1,1,1,-0.000049950,0.000000000,1.999989510,15.170287132,0,0.000000437,0.000109133,-0.033332977
367,-0.000030518,-0.599837303,-0.493133545,1,1,1,-0.000050320,0.000000000,1.999989510,15.200499535,0,0.000000444,0.000109133,-0.033332977
368,-0.000030518,-0.599839091,-0.526000977,1,1,1,-0.000052388,0.000000000,1.999989510,15.230711937,0,0.000000478,0.000109133,-0.033332977
369,-0.000030518,-0.599840760,-0.558868408,1,1,1,-0.000051093,0.000000000,1.999989510,15.260924339,0,0.000000456,0.000109133,-0.033332977
370,-0.000032425,-0.599842310,-0.591735840,1,1,1,-0.000053233,0.000000000,1.999989510,15.291136742,0,0.000000492,0.000109133,-0.033332977
371,-0.000032425,-0.599844098,-0.624588013,1,1,1,-0.000053675,0.000000000,1.999989510,15.321349144,0,0.000000499,0.000109133,-0.033332977
372,-0.000034332,-0.599845648,-0.657470703,1,1,1,-0.000055919,0.000000000,1.999989510,15.351561546,0,0.000000537,0.000109133,-0.033332977
373,-0.000032425,-0.599847317,-0.690353394,1,1,1,-0.000056416,0.000000000,1.999989510,15.380858421,0,0.000000545,0.000109133,-0.033332977
374,-0.000032425,-0.599848866,-0.723220825,1,1,1,-0.000055083,0.000000000,1.999989510,15.411070824,0,0.000000523,0.000109133,-0.033332977
375,-0.000034332,-0.599850416,-0.756103516,1,1,1,-0.000057457,0.000000000,1.999989510,15.441283226,0,0.000000562,0.000109133,-0.033332977
376,-0.000034332,-0.599852145,-0.788970947,1,1,1,-0.000058003,0.000000000,1.999989510,15.470580101,0,0.000000572,0.000109133,-0.033332977
377,-0.000036240,-0.599853754,-0.821853638,1,1,1,-0.000060503,0.000000000,1.999989510,15.500792503,0,0.000000613,0.000109133,-0.033332977
378,-0.000034332,-0.599855304,-0.854721069,1,1,1,-0.000061118,0.000000000,1.999989510,15.530089378,0,0.000000623,0.000109133,-0.033332977
379,-0.000034332,-0.599857092,-0.887603760,1,1,1,-0.000059751,0.000000000,1.999989510,15.560301781,0,0.000000601,0.000109133,-0.033332977
380,-0.000036240,-0.599858522,-0.920486450,1,1,1,-0.000062412,0.000000000,1.999989510,15.589598656,0,0.000000645,0.000109133,-0.033332977
381,-0.000036240,-0.599860191,-0.953338623,1,1,1,-0.000063093,0.000000000,1.999989510,15.618895531,0,0.000000656,0.000109133,-0.033332977
382,-0.000036240,-0.599861860,-0.986221313,1,1,1,-0.000063798,0.000000000,1.999989510,15.649107933,0,0.000000668,0.000109133,-0.033332977
383,-0.000038147,-0.599863529,-1.019104004,1,1,1,-0.000066677,0.000000000,1.999989510,15.678404808,0,0.000000716,0.000109133,-0.033332977
384,-0.000036240,-0.599865079,-1.052001953,1,1,1,-0.000067476,0.000000000,1.999989510,15.707701683,0,0.000000729,0.000109133,-0.033332977
385,-0.000038147,-0.599866748,-1.084884644,1,1,1,-0.000068305,0.000000000,1.999989510,15.736998558,0,0.000000743,0.000109133,-0.033332977
386,-0.000036240,-0.599868178,-1.117767334,1,1,1,-0.000069166,0.000000000,1.999989510,15.766295433,0,0.000000758,0.000109133,-0.033332977
387,-0.000036240,-0.599869967,-1.150650024,1,1,1,-0.000067743,0.000000000,1.999989510,15.795592308,0,0.000000734,0.000109133,-0.033332977
388,-0.000036240,-0.599871337,-1.183532715,1,1,1,-0.000070991,0.000000000,1.999989510,15.824889183,0,0.000000788,0.000109133,-0.033332977
389,-0.000034332,-0.599873126,-1.216430664,1,1,1,-0.000069547,0.000000000,1.999989510,15.854186058,0,0.000000764,0.000109133,-0.033332977
390,-0.000032425,-0.599874616,-1.249313354,1,1,1,-0.000068044,0.000000000,1.999989510,15.883482933,0,0.000000739,0.000109133,-0.033332977
391,-0.000032425,-0.599876165,-1.282196045,1,1,1,-0.000068991,0.000000000,1.999989510,15.911864281,0,0.000000755,0.000109133,-0.033332977
392,-0.000032425,-0.599877834,-1.315078735,1,1,1,-0.000067409,0.000000000,1.999989510,15.941161156,0,0.000000728,0.000109133,-0.033332977
393,-0.000032425,-0.599879265,-1.347976685,1,1,1,-0.000068385,0.000000000,1.999989510,15.970458031,0,0.000000745,0.000109133,-0.033332977
394,-0.000032425,-0.599880993,-1.380859375,1,1,1,-0.000072093,0.000000000,1.999989510,15.998839378,0,0.000000806,0.000109133,-0.033332977
395,-0.000030518,-0.599882364,-1.413772583,1,1,1,-0.000070473,0.000000000,1.999989510,16.028137207,0,0.000000779,0.000109133,-0.033332977
396,-0.000028610,-0.599884033,-1.446655273,1,1,1,-0.000068776,0.000000000,1.999989510,16.056518555,0,0.000000751,0.000109133,-0.033332977
397,-0.000026703,-0.599885583,-1.479553223,1,1,1,-0.000069881,0.000000000,1.999989510,16.085815430,0,0.000000770,0.000109133,-0.033332977
398,-0.000026703,-0.599887133,-1.512435913,1,1,1,-0.000065125,0.000000000,1.999989510,16.114196777,0,0.000000690,0.000109133,-0.033332977
399,-0.000026703,-0.599888921,-1.545318604,1,1,1,-0.000066192,0.000000000,1.999989510,16.143493652,0,0.000000708,0.000109133,-0.033332977
400,-0.000026703,-0.599890351,-1.578216553,1,1,1,-0.000070431,0.000000000,1.999989510,16.171875000,0,0.000000779,0.000109133,-0.033332977
401,-0.000024796,-0.599891841,-1.611114502,1,1,1,-0.000068503,0.000000000,1.999989510,16.200256348,0,0.000000747,0.000109133,-0.033332977
402,-0.000024796,-0.599893570,-1.644012451,1,1,1,-0.000066466,0.000000000,1.999989510,16.228637695,0,0.000000713,0.000109133,-0.033332977
403,-0.000024796,-0.599894941,-1.676895142,1,1,1,-0.000071078,0.000000000,1.999989510,16.257019043,0,0.000000789,0.000109133,-0.033332977
404,-0.000022888,-0.599896491,-1.709793091,1,1,1,-0.000068997,0.000000000,1.999989510,16.286315918,0,0.000000755,0.000109133,-0.033332977
405,-0.000022888,-0.599898100,-1.742706299,1,1,1,-0.000066789,0.000000000,1.999989510,16.314697266,0,0.000000718,0.000109133,-0.033332977
406,-0.000020981,-0.599899530,-1.775619507,1,1,1,-0.000071849,0.000000000,1.999989510,16.343078613,0,0.000000802,0.000109133,-0.033332977
407,-0.000020981,-0.599901199,-1.808517456,1,1,1,-0.000065767,0.000000000,1.999989510,16.370544434,0,0.000000701,0.000109133,-0.033332977
408,-0.000020981,-0.599902570,-1.841400146,1,1,1,-0.000067180,0.000000000,1.999989510,16.398925781,0,0.000000725,0.000109133,-0.033332977
409,-0.000019073,-0.599904299,-1.874298096,1,1,1,-0.000068690,0.000000000,1.999989510,16.427307129,0,0.000000750,0.000109133,-0.033332977
410,-0.000019073,-0.599905729,-1.907196045,1,1,1,-0.000070310,0.000000000,1.999989510,16.455688477,0,0.000000777,0.000109133,-0.033332977
411,-0.000019073,-0.599907279,-1.940109253,1,1,1,-0.000067657,0.000000000,1.999989510,16.484069824,0,0.000000732,0.000109133,-0.033332977
412,-0.000017166,-0.599908769,-1.973007202,1,1,1,-0.000069363,0.000000000,1.999989510,16.511535645,0,0.000000761,0.000109133,-0.033332977
413,-0.000017166,-0.599910557,-2.005905151,1,1,1,-0.000071207,0.000000000,1.999989510,16.539916992,0,0.000000792,0.000109133,-0.033332977
414,-0.000017166,-0.599911928,-2.038818359,1,1,1,-0.000068256,0.000000000,1.999989510,16.568298340,0,0.000000742,0.000109133,-0.033332977
415,-0.000015259,-0.599913538,-2.071731567,1,1,1,-0.000070215,0.000000000,1.999989510,16.595764160,0,0.000000775,0.000109133,-0.033332977
416,-0.000015259,-0.599914908,-2.104644775,1,1,1,-0.000066947,0.000000000,1.999989510,16.624145508,0,0.000000721,0.000109133,-0.033332977
417,-0.000015259,-0.599916577,-2.137542725,1,1,1,-0.000074697,0.000000000,1.999989510,16.651611328,0,0.000000850,0.000109133,-0.033332977
418,-0.000013351,-0.599918008,-2.170440674,1,1,1,-0.000071324,0.000000000,1.999989510,16.679077148,0,0.000000794,0.000109133,-0.033332977
419,-0.000011444,-0.599919498,-2.203353882,1,1,1,-0.000067594,0.000000000,1.999989510,16.707458496,0,0.000000731,0.000109133,-0.033332977
420,-0.000011444,-0.599921107,-2.236267090,1,1,1,-0.000063444,0.000000000,1.999989510,16.734924316,0,0.000000662,0.000109133,-0.033332977
421,-0.000011444,-0.599922538,-2.269180298,1,1,1,-0.000072834,0.000000000,1.999989510,16.762390137,0,0.000000819,0.000109133,-0.033332977
422,-0.000009537,-0.599923968,-2.302093506,1,1,1,-0.000068490,0.000000000,1.999989510,16.789855957,0,0.000000746,0.000109133,-0.033332977
423,-0.000009537,-0.599925518,-2.335006714,1,1,1,-0.000063557,0.000000000,1.999989510,16.817321777,0,0.000000664,0.000109133,-0.033332977
424,-0.000009537,-0.599927008,-2.367919922,1,1,1,-0.000075005,0.000000000,1.999989510,16.844787598,0,0.000000855,0.000109133,-0.033332977
425,-0.000007629,-0.599930286,-2.400848389,1,1,1,-0.000069811,0.000000000,1.999989510,16.872253418,0,0.000000768,0.000109109,-0.033332977
426,-0.000007629,-0.599929810,-2.433746338,1,1,1,-0.000063730,0.000000000,1.999989510,16.899719238,0,0.000000667,0.000109109,-0.033332977
427,-0.000007629,-0.599931240,-2.466659546,1,1,1,-0.000067452,0.000000000,1.999989510,16.927185059,0,0.000000729,0.000109109,-0.033332977
428,-0.000007629,-0.599932849,-2.499572754,1,1,1,-0.000083996,0.000000000,1.999989510,16.954650879,0,0.000001005,0.000109109,-0.033332977
429,-0.000005722,-0.599934280,-2.532485962,1,1,1,-0.000077452,0.000000000,1.999989510,16.982116699,0,0.000000896,0.000109109,-0.033332977
430,-0.000003815,-0.599935651,-2.565414429,1,1,1,-0.000069219,0.000000000,1.999989510,17.009582520,0,0.000000758,0.000109109,-0.033332977
431,-0.000003815,-0.599937260,-2.598342896,1,1,1,-0.000058550,0.000000000,1.999989510,17.037048340,0,0.000000581,0.000109109,-0.033332977
432,-0.000003815,-0.599938631,-2.631256104,1,1,1,-0.000085069,0.000000000,1.999989510,17.063598633,0,0.000001023,0.000109109,-0.033332977
433,-0.000001907,-0.599940419,-2.597518921,1,1,1,0.000022135,0.000000000,-1.999989510,17.091064453,0,0.000000026,-0.000109109,0.033332977
434,-0.000001907,-0.599941969,-2.563766479,1,1,1,0.000022916,0.000000000,-1.999989510,17.117614746,0,0.000000013,-0.000109109,0.033332977
435,0.000000000,-0.599943280,-2.530029297,1,1,1,0.000022911,0.000000000,-1.999989510,17.145080566,0,0.000000013,-0.000109109,0.033332977
436,0.000000000,-0.599944830,-2.496261597,1,1,1,0.000023709,0.000000000,-1.999989510,17.171630859,0,0.000000000,-0.000109109,0.033332977
437,-0.000001907,-0.599946260,-2.462524414,1,1,1,0.000022899,0.000000000,-1.999989510,17.199096680,0,0.000000014,-0.000109109,0.033332977
438,0.000000000,-0.599947691,-2.428787231,1,1,1,0.000022893,0.000000000,-1.999989510,17.225646973,0,0.000000014,-0.000109109,0.033332977
439,0.000000000,-0.599949360,-2.395034790,1,1,1,0.000023709,0.000000000,-1.999989510,17.252197266,0,0.000000000,-0.000109109,0.033332977
440,0.000001907,-0.599950671,-2.361297607,1,1,1,0.000023709,0.000000000,-1.999989510,17.279663086,0,0.000000000,-0.000109109,0.033332977
441,0.000000000,-0.599952042,-2.327560425,1,1,1,0.000023709,0.000000000,-1.999989510,17.306213379,0,0.000000000,-0.000109109,0.033332977
442,0.000000000,-0.599953592,-2.293823242,1,1,1,0.000023709,0.000000000,-1.999989510,17.332763672,0,0.000000000,-0.000109109,0.033332977
443,0.000001907,-0.599955082,-2.260086060,1,1,1,0.000023709,0.000000000,-1.999989510,17.359313965,0,0.000000000,-0.000109109,0.033332977
444,0.000001907,-0.599956512,-2.226364136,1,1,1,0.000024562,0.000000000,-1.999989510,17.385864258,0,-0.000000014,-0.000109109,0.033332977
445,0.000003815,-0.599957883,-2.192626953,1,1,1,0.000024569,0.000000000,-1.999989510,17.412414551,0,-0.000000014,-0.000109109,0.033332977
446,0.000001907,-0.599959373,-2.158889771,1,1,1,0.000024576,0.000000000,-1.999989510,17.438964844,0,-0.000000014,-0.000109109,0.033332977
447,0.000003815,-0.599960923,-2.125137329,1,1,1,0.000024582,0.000000000,-1.999989510,17.465515137,0,-0.000000014,-0.000109109,0.033332977
448,0.000003815,-0.599962354,-2.091400146,1,1,1,0.000025470,0.000000000,-1.999989510,17.492065430,0,-0.000000029,-0.000109109,0.033332977
449,0.000003815,-0.599963665,-2.057662964,1,1,1,0.000025484,0.000000000,-1.999989510,17.518615723,0,-0.000000030,-0.000109109,0.033332977
450,0.000005722,-0.599965096,-2.023925781,1,1,1,0.000025498,0.000000000,-1.999989510,17.545166016,0,-0.000000030,-0.000109109,0.033332977
451,0.000005722,-0.599966586,-1.990203857,1,1,1,0.000026414,0.000000000,-1.999989510,17.571716309,0,-0.000000045,-0.000109109,0.033332977
452,0.000003815,-0.599967957,-1.956466675,1,1,1,0.000025527,0.000000000,-1.999989510,17.597351074,0,-0.000000030,-0.000109109,0.033332977
453,0.000005722,-0.599969506,-1.922744751,1,1,1,0.000025542,0.000000000,-1.999989510,17.623901367,0,-0.000000030,-0.000109109,0.033332977
454,0.000005722,-0.599970818,-1.889022827,1,1,1,0.000026481,0.000000000,-1.999989510,17.649536133,0,-0.000000046,-0.000109109,0.033332977
455,0.000007629,-0.599972248,-1.855285645,1,1,1,0.000026504,0.000000000,-1.999989510,17.676086426,0,-0.000000047,-0.000109109,0.033332977
456,0.000007629,-0.599973738,-1.821563721,1,1,1,0.000027467,0.000000000,-1.999989510,17.702636719,0,-0.000000063,-0.000109109,0.033332977
457,0.000007629,-0.599975109,-1.787826538,1,1,1,0.000027499,0.000000000,-1.999989510,17.728271484,0,-0.000000063,-0.000109109,0.033332977
458,0.000007629,-0.599976540,-1.754089355,1,1,1,0.000026576,0.000000000,-1.999989510,17.753906250,0,-0.000000048,-0.000109109,0.033332977
459,0.000007629,-0.599977791,-1.720367432,1,1,1,0.000027565,0.000000000,-1.999989510,17.780456543,0,-0.000000064,-0.000109109,0.033332977
460,0.000007629,-0.599979401,-1.686645508,1,1,1,0.000027598,0.000000000,-1.999989510,17.806091309,0,-0.000000065,-0.000109109,0.033332977
461,0.000009537,-0.599980831,-1.652908325,1,1,1,0.000027633,0.000000000,-1.999989510,17.831726074,0,-0.000000065,-0.000109109,0.033332977
462,0.000009537,-0.599982262,-1.619186401,1,1,1,0.000028657,0.000000000,-1.999989510,17.858276367,0,-0.000000082,-0.000109109,0.033332977
463,0.000011444,-0.599983454,-1.585479736,1,1,1,0.000028701,0.000000000,-1.999989510,17.883911133,0,-0.000000083,-0.000109109,0.033332977
464,0.000011444,-0.599985003,-1.551757813,1,1,1,0.000029754,0.000000000,-1.999989510,17.909545898,0,-0.000000101,-0.000109109,0.033332977
465,0.000009537,-0.599986315,-1.518035889,1,1,1,0.000028792,0.000000000,-1.999989510,17.935180664,0,-0.000000085,-0.000109109,0.033332977
466,0.000011444,-0.599987864,-1.484313965,1,1,1,0.000028839,0.000000000,-1.999989510,17.960815430,0,-0.000000085,-0.000109109,0.033332977
467,0.000011444,-0.599989235,-1.450592041,1,1,1,0.000029922,0.000000000,-1.999989510,17.986450195,0,-0.000000103,-0.000109109,0.033332977
468,0.000011444,-0.599990487,-1.416854858,1,1,1,0.000029980,0.000000000,-1.999989510,18.012084961,0,-0.000000104,-0.000109109,0.033332977
469,0.000013351,-0.599992037,-1.383132935,1,1,1,0.000030039,0.000000000,-1.999989510,18.037719727,0,-0.000000105,-0.000109109,0.033332977
470,0.000013351,-0.599993229,-1.349426270,1,1,1,0.000031164,0.000000000,-1.999989510,18.063354492,0,-0.000000124,-0.000109109,0.033332977
471,0.000013351,-0.599994719,-1.315704346,1,1,1,0.000031236,0.000000000,-1.999989510,18.088073730,0,-0.000000125,-0.000109109,0.033332977
472,0.000013351,-0.599996090,-1.281982422,1,1,1,0.000030224,0.000000000,-1.999989510,18.113708496,0,-0.000000109,-0.000109109,0.033332977
473,0.000013351,-0.599997640,-1.248252869,1,1,1,0.000031384,0.000000000,-1.999989510,18.139343262,0,-0.000000128,-0.000109109,0.033332977
474,0.000013351,-0.599998832,-1.214530945,1,1,1,0.000031460,0.000000000,-1.999989510,18.164978027,0,-0.000000129,-0.000109109,0.033332977
475,0.000015259,-0.600000143,-1.180793762,1,1,1,0.000031538,0.000000000,-1.999989510,18.189697266,0,-0.000000130,-0.000109109,0.033332977
476,0.000015259,-0.600001633,-1.147064209,1,1,1,0.000032746,0.000000000,-1.999989510,18.215332031,0,-0.000000151,-0.000109109,0.033332977
477,0.000015259,-0.600002766,-1.113342285,1,1,1,0.000032839,0.000000000,-1.999989510,18.240051270,0,-0.000000152,-0.000109109,0.033332977
478,0.000015259,-0.600004375,-1.079612732,1,1,1,0.000032933,0.000000000,-1.999989510,18.265228271,0,-0.000000154,-0.000109109,0.033332977
479,0.000017166,-0.600005686,-1.045890808,1,1,1,0.000033029,0.000000000,-1.999989510,18.290403366,0,-0.000000155,-0.000109109,0.033332977
480,0.000017166,-0.600007176,-1.012161255,1,1,1,0.000034305,0.000000000,-1.999989510,18.315580368,0,-0.000000177,-0.000109109,0.033332977
481,0.000017166,-0.600008428,-0.978431702,1,1,1,0.000034418,0.000000000,-1.999989510,18.340757370,0,-0.000000178,-0.000109109,0.033332977
482,0.000017166,-0.600009799,-0.944702148,1,1,1,0.000033330,0.000000000,-1.999989510,18.365476608,0,-0.000000160,-0.000109109,0.033332977
483,0.000017166,-0.600011110,-0.910980225,1,1,1,0.000034651,0.000000000,-1.999989510,18.390653610,0,-0.000000182,-0.000109109,0.033332977
484,0.000017166,-0.600012422,-0.877258301,1,1,1,0.000034771,0.000000000,-1.999989510,18.415372849,0,-0.000000184,-0.000109109,0.033332977
485,0.000019073,-0.600013971,-0.843536377,1,1,1,0.000034894,0.000000000,-1.999989510,18.440549850,0,-0.000000186,-0.000109109,0.033332977
486,0.000019073,-0.600015104,-0.809806824,1,1,1,0.000036276,0.000000000,-1.999989510,18.465269089,0,-0.000000209,-0.000109109,0.033332977
487,0.000019073,-0.600016475,-0.776084900,1,1,1,0.000036419,0.000000000,-1.999989510,18.489988327,0,-0.000000212,-0.000109109,0.033332977
488,0.000020981,-0.600017786,-0.742355347,1,1,1,0.000036566,0.000000000,-1.999989510,18.514707565,0,-0.000000214,-0.000109109,0.033332977
489,0.000020981,-0.600019217,-0.708641052,1,1,1,0.000038016,0.000000000,-1.999989510,18.539426804,0,-0.000000238,-0.000109109,0.033332977
490,0.000020981,-0.600020647,-0.674919128,1,1,1,0.000038184,0.000000000,-1.999989510,18.564146042,0,-0.000000241,-0.000109109,0.033332977
491,0.000020981,-0.600021958,-0.641197205,1,1,1,0.000038357,0.000000000,-1.999989510,18.588865280,0,-0.000000244,-0.000109109,0.033332977
492,0.000022888,-0.600023389,-0.607475281,1,1,1,0.000038533,0.000000000,-1.999989510,18.613126755,0,-0.000000247,-0.000109109,0.033332977
493,0.000022888,-0.600024521,-0.573768616,1,1,1,0.000040078,0.000000000,-1.999989510,18.637845993,0,-0.000000273,-0.000109109,0.033332977
494,0.000020981,-0.600025952,-0.540046692,1,1,1,0.000038900,0.000000000,-1.999989510,18.662107468,0,-0.000000253,-0.000109109,0.033332977
495,0.000020981,-0.600027204,-0.506332397,1,1,1,0.000039090,0.000000000,-1.999989510,18.686826706,0,-0.000000256,-0.000109109,0.033332977
496,0.000022888,-0.600028515,-0.472610474,1,1,1,0.000039285,0.000000000,-1.999989510,18.711088181,0,-0.000000260,-0.000109109,0.033332977
497,0.000022888,-0.600029826,-0.438903809,1,1,1,0.000040918,0.000000000,-1.999989510,18.735349655,0,-0.000000287,-0.000109109,0.033332977
498,0.000022888,-0.600031316,-0.405181885,1,1,1,0.000041142,0.000000000,-1.999989510,18.759611130,0,-0.000000290,-0.000109109,0.033332977
499,0.000024796,-0.600032568,-0.371475220,1,1,1,0.000041372,0.000000000,-1.999989510,18.784330368,0,-0.000000294,-0.000109109,0.033332977
500,0.000024796,-0.600033879,-0.337760925,1,1,1,0.000043099,0.000000000,-1.999989510,18.808134079,0,-0.000000323,-0.000109109,0.033332977
501,0.000024796,-0.600035250,-0.304039001,1,1,1,0.000043361,0.000000000,-1.999989510,18.832395554,0,-0.000000327,-0.000109109,0.033332977
502,0.000024796,-0.600036502,-0.270332336,1,1,1,0.000043630,0.000000000,-1.999989510,18.856657028,0,-0.000000332,-0.000109109,0.033332977
503,0.000026703,-0.600037932,-0.236618042,1,1,1,0.000043907,0.000000000,-1.999989510,18.880918503,0,-0.000000337,-0.000109109,0.033332977
504,0.000026703,-0.600039124,-0.202911377,1,1,1,0.000045767,0.000000000,-1.999989510,18.905179977,0,-0.000000368,-0.000109109,0.033332977
505,0.000026703,-0.600040436,-0.169204712,1,1,1,0.000046082,0.000000000,-1.999989510,18.928983688,0,-0.000000373,-0.000109109,0.033332977
506,0.000026703,-0.600041866,-0.135490417,1,1,1,0.000046407,0.000000000,-1.999989510,18.952787399,0,-0.000000378,-0.000109109,0.033332977
507,0.000026703,-0.600042939,-0.101783752,1,1,1,0.000046739,0.000000000,-1.999989510,18.977048874,0,-0.000000384,-0.000109141,0.033332977
508,0.000028610,-0.600044668,-0.068069458,1,1,1,0.000047083,0.000000000,-1.999989510,19.000852585,0,-0.000000390,-0.000109141,0.033332977
509,0.000028610,-0.600046039,-0.034362793,1,1,1,0.000049132,0.000000000,-1.999989510,19.024656296,0,-0.000000424,-0.000109141,0.033332977
510,0.000028610,-0.600047112,-0.000656128,1,1,1,0.000049524,0.000000000,-1.999989510,19.048460007,0,-0.000000430,-0.000109141,0.033332977
511,0.000028610,-0.600048542,0.033050537,1,1,1,0.000049927,0.000000000,-1.999989510,19.072263718,0,-0.000000437,-0.000109141,0.033332977
512,0.000030518,-0.600049853,0.066757202,1,1,1,0.000050343,0.000000000,-1.999989510,19.096067429,0,-0.000000444,-0.000109141,0.033332977
513,0.000030518,-0.600051045,0.100463867,1,1,1,0.000052577,0.000000000,-1.999989510,19.119871140,0,-0.000000481,-0.000109141,0.033332977
514,0.000030518,-0.600052297,0.134170532,1,1,1,0.000053051,0.000000000,-1.999989510,19.143674850,0,-0.000000489,-0.000109141,0.033332977
515,0.000030518,-0.600053668,0.167861938,1,1,1,0.000053539,0.000000000,-1.999989510,19.167478561,0,-0.000000497,-0.000109141,0.033332977
516,0.000030518,-0.600054860,0.201576233,1,1,1,0.000054045,0.000000000,-1.999989510,19.190824509,0,-0.000000506,-0.000109141,0.033332977
517,0.000032425,-0.600056410,0.235275269,1,1,1,0.000054568,0.000000000,-1.999989510,19.214628220,0,-0.000000514,-0.000109141,0.033332977
518,0.000032425,-0.600057602,0.268974304,1,1,1,0.000057072,0.000000000,-1.999989510,19.237974167,0,-0.000000556,-0.000109141,0.033332977
519,0.000032425,-0.600058913,0.302673340,1,1,1,0.000057668,0.000000000,-1.999989510,19.261320114,0,-0.000000566,-0.000109141,0.033332977
520,0.000032425,-0.600060105,0.336380005,1,1,1,0.000058285,0.000000000,-1.999989510,19.285123825,0,-0.000000576,-0.000109141,0.033332977
521,0.000034332,-0.600061476,0.370079041,1,1,1,0.000058925,0.000000000,-1.999989510,19.308469772,0,-0.000000587,-0.000109141,0.033332977
522,0.000034332,-0.600062668,0.403778076,1,1,1,0.000061700,0.000000000,-1.999989510,19.331815720,0,-0.000000633,-0.000109141,0.033332977
523,0.000034332,-0.600063920,0.437477112,1,1,1,0.000062430,0.000000000,-1.999989510,19.355161667,0,-0.000000645,-0.000109141,0.033332977
524,0.000034332,-0.600065112,0.471160889,1,1,1,0.000063189,0.000000000,-1.999989510,19.378507614,0,-0.000000658,-0.000109141,0.033332977
525,0.000034332,-0.600066423,0.504867554,1,1,1,0.000063978,0.000000000,-1.999989510,19.401395798,0,-0.000000671,-0.000109141,0.033332977
526,0.000036240,-0.600067735,0.538566589,1,1,1,0.000064800,0.000000000,-1.999989510,19.424741745,0,-0.000000685,-0.000109141,0.033332977
527,0.000036240,-0.600068927,0.572257996,1,1,1,0.000067986,0.000000000,-1.999989510,19.448087692,0,-0.000000738,-0.000109141,0.033332977
528,0.000034332,-0.600070357,0.605949402,1,1,1,0.000068927,0.000000000,-1.999989510,19.470975876,0,-0.000000754,-0.000109141,0.033332977
529,0.000034332,-0.600071549,0.639640808,1,1,1,0.000067478,0.000000000,-1.999989510,19.494321823,0,-0.000000729,-0.000109141,0.033332977
530,0.000034332,-0.600072742,0.673355103,1,1,1,0.000068450,0.000000000,-1.999989510,19.517210007,0,-0.000000746,-0.000109141,0.033332977
531,0.000032425,-0.600074053,0.707046509,1,1,1,0.000069466,0.000000000,-1.999989510,19.540555954,0,-0.000000763,-0.000109141,0.033332977
532,0.000034332,-0.600075245,0.740730286,1,1,1,0.000067928,0.000000000,-1.999989510,19.563444138,0,-0.000000737,-0.000109141,0.033332977
533,0.000032425,-0.600076437,0.774421692,1,1,1,0.000071643,0.000000000,-1.999989510,19.586332321,0,-0.000000799,-0.000109141,0.033332977
534,0.000030518,-0.600077748,0.808113098,1,1,1,0.000070083,0.000000000,-1.999989510,19.609220505,0,-0.000000773,-0.000109141,0.033332977
535,0.000030518,-0.600079060,0.841812134,1,1,1,0.000068445,0.000000000,-1.999989510,19.632108688,0,-0.000000746,-0.000109141,0.033332977
536,0.000028610,-0.600080252,0.875503540,1,1,1,0.000069591,0.000000000,-1.999989510,19.654996872,0,-0.000000765,-0.000109141,0.033332977
537,0.000030518,-0.600081563,0.909179688,1,1,1,0.000067854,0.000000000,-1.999989510,19.677885056,0,-0.000000736,-0.000109141,0.033332977
538,0.000028610,-0.600082874,0.942871094,1,1,1,0.000072068,0.000000000,-1.999989510,19.700315475,0,-0.000000806,-0.000109141,0.033332977
539,0.000026703,-0.600084066,0.976562500,1,1,1,0.000070303,0.000000000,-1.999989510,19.723203659,0,-0.000000777,-0.000109141,0.033332977
540,0.000026703,-0.600085199,1.010253906,1,1,1,0.000068438,0.000000000,-1.999989510,19.746091843,0,-0.000000745,-0.000109141,0.033332977
541,0.000024796,-0.600086331,1.043930054,1,1,1,0.000069751,0.000000000,-1.999989510,19.768522263,0,-0.000000767,-0.000109141,0.033332977
542,0.000024796,-0.600087702,1.077621460,1,1,1,0.000067756,0.000000000,-1.999989510,19.790952682,0,-0.000000734,-0.000109141,0.033332977
543,0.000022888,-0.600089073,1.111305237,1,1,1,0.000069130,0.000000000,-1.999989510,19.813840866,0,-0.000000757,-0.000109141,0.033332977
544,0.000024796,-0.600090265,1.144996643,1,1,1,0.000070593,0.000000000,-1.999989510,19.836271286,0,-0.000000781,-0.000109141,0.033332977
545,0.000022888,-0.600091338,1.178672791,1,1,1,0.000072153,0.000000000,-1.999989510,19.858701706,0,-0.000000807,-0.000109141,0.033332977
546,0.000020981,-0.600092649,1.212356567,1,1,1,0.000069965,0.000000000,-1.999989510,19.881132126,0,-0.000000771,-0.000109141,0.033332977
547,0.000020981,-0.600093901,1.246040344,1,1,1,0.000067622,0.000000000,-1.999989510,19.903562546,0,-0.000000732,-0.000109141,0.033332977
548,0.000019073,-0.600095093,1.279724121,1,1,1,0.000069245,0.000000000,-1.999989510,19.925992966,0,-0.000000759,-0.000109141,0.033332977
549,0.000019073,-0.600096107,1.313407898,1,1,1,0.000066693,0.000000000,-1.999989510,19.948423386,0,-0.000000716,-0.000109141,0.033332977
550,0.000019073,-0.600097477,1.347084045,1,1,1,0.000068409,0.000000000,-1.999989510,19.970853806,0,-0.000000745,-0.000109141,0.033332977
551,0.000019073,-0.600098610,1.380775452,1,1,1,0.000070267,0.000000000,-1.999989510,19.992826462,0,-0.000000776,-0.000109141,0.033332977
552,0.000017166,-0.600099802,1.414451599,1,1,1,0.000072286,0.000000000,-1.999989510,20.015256882,0,-0.000000810,-0.000109141,0.033332977
553,0.000015259,-0.600101113,1.448135376,1,1,1,0.000069409,0.000000000,-1.999989510,20.037229538,0,-0.000000762,-0.000109141,0.033332977
554,0.000015259,-0.600102246,1.481811523,1,1,1,0.000066261,0.000000000,-1.999989510,20.059659958,0,-0.000000709,-0.000109141,0.033332977
555,0.000015259,-0.600103498,1.515487671,1,1,1,0.000068381,0.000000000,-1.999989510,20.081632614,0,-0.000000745,-0.000109141,0.033332977
556,0.000013351,-0.600104690,1.549163818,1,1,1,0.000070724,0.000000000,-1.999989510,20.103605270,0,-0.000000784,-0.000109141,0.033332977
557,0.000013351,-0.600105882,1.582832336,1,1,1,0.000067124,0.000000000,-1.999989510,20.125577927,0,-0.000000724,-0.000109141,0.033332977
558,0.000015259,-0.600107074,1.616516113,1,1,1,0.000076233,0.000000000,-1.999989510,20.147550583,0,-0.000000875,-0.000109141,0.033332977
559,0.000013351,-0.600108385,1.650192261,1,1,1,0.000079503,0.000000000,-1.999989510,20.169523239,0,-0.000000930,-0.000109141,0.033332977
560,0.000011444,-0.600109458,1.683868408,1,1,1,0.000075769,0.000000000,-1.999989510,20.191495895,0,-0.000000868,-0.000109141,0.033332977
561,0.000009537,-0.600110710,1.717544556,1,1,1,0.000071504,0.000000000,-1.999989510,20.213468552,0,-0.000000797,-0.000109141,0.033332977
562,0.000009537,-0.600111961,1.751213074,1,1,1,0.000066585,0.000000000,-1.999989510,20.235441208,0,-0.000000715,-0.000109141,0.033332977
563,0.000007629,-0.600112915,1.784889221,1,1,1,0.000070137,0.000000000,-1.999989510,20.257413864,0,-0.000000774,-0.000109141,0.033332977
564,0.000007629,-0.600114286,1.818565369,1,1,1,0.000064208,0.000000000,-1.999989510,20.278928757,0,-0.000000675,-0.000109141,0.033332977
565,0.000007629,-0.600115418,1.852233887,1,1,1,0.000068229,0.000000000,-1.999989510,20.300901413,0,-0.000000742,-0.000109141,0.033332977
566,0.000005722,-0.600116611,1.885902405,1,1,1,0.000073137,0.000000000,-1.999989510,20.322416306,0,-0.000000824,-0.000109141,0.033332977
567,0.000005722,-0.600117803,1.919578552,1,1,1,0.000065373,0.000000000,-1.999989510,20.344388962,0,-0.000000694,-0.000109141,0.033332977
568,0.000007629,-0.600118995,1.953247070,1,1,1,0.000087119,0.000000000,-1.999989510,20.365903854,0,-0.000001057,-0.000109141,0.033332977
569,0.000005722,-0.600120068,1.986915588,1,1,1,0.000097563,0.000000000,-1.999989510,20.387418747,0,-0.000001231,-0.000109141,0.033332977
570,0.000003815,-0.600121140,1.953903198,1,1,1,-0.000021337,0.000000000,1.999989510,20.408933640,0,-0.000000040,0.000109141,-0.033332977
571,0.000003815,-0.600122213,1.920906067,1,1,1,-0.000022117,0.000000000,1.999989510,20.430448532,0,-0.000000027,0.000109141,-0.033332977
572,0.000003815,-0.600123644,1.887901306,1,1,1,-0.000022106,0.000000000,1.999989510,20.451963425,0,-0.000000027,0.000109141,-0.033332977
573,0.000001907,-0.600124717,1.854896545,1,1,1,-0.000022095,0.000000000,1.999989510,20.473478317,0,-0.000000027,0.000109141,-0.033332977
574,0.000001907,-0.600125730,1.821884155,1,1,1,-0.000022896,0.000000000,1.999989510,20.494993210,0,-0.000000014,0.000109141,-0.033332977
575,0.000001907,-0.600126922,1.788879395,1,1,1,-0.000022890,0.000000000,1.999989510,20.516508102,0,-0.000000014,0.000109141,-0.033332977
576,0.000001907,-0.600128114,1.755874634,1,1,1,-0.000022061,0.000000000,1.999989510,20.537565231,0,-0.000000027,0.000109141,-0.033332977
577,0.000001907,-0.600129306,1.722869873,1,1,1,-0.000022878,0.000000000,1.999989510,20.559080124,0,-0.000000014,0.000109141,-0.033332977
578,0.000001907,-0.600130320,1.689849854,1,1,1,-0.000022872,0.000000000,1.999989510,20.580595016,0,-0.000000014,0.000109141,-0.033332977
579,0.000000000,-0.600131571,1.656845093,1,1,1,-0.000022866,0.000000000,1.999989510,20.601652145,0,-0.000000014,0.000109141,-0.033332977
580,0.000000000,-0.600132763,1.623840332,1,1,1,-0.000023708,0.000000000,1.999989510,20.622709274,0,-0.000000000,0.000109141,-0.033332977
581,0.000000000,-0.600133955,1.590827942,1,1,1,-0.000023708,0.000000000,1.999989510,20.644224167,0,-0.000000000,0.000109141,-0.033332977
582,-0.000001907,-0.600135207,1.557815552,1,1,1,-0.000023708,0.000000000,1.999989510,20.665281296,0,-0.000000000,0.000109141,-0.033332977
583,0.000000000,-0.600136280,1.524803162,1,1,1,-0.000023708,0.000000000,1.999989510,20.686338425,0,-0.000000000,0.000109141,-0.033332977
584,0.000000000,-0.600137472,1.491790771,1,1,1,-0.000023708,0.000000000,1.999989510,20.707395554,0,-0.000000000,0.000109141,-0.033332977
585,-0.000001907,-0.600138605,1.458778381,1,1,1,-0.000023708,0.000000000,1.999989510,20.728452682,0,-0.000000000,0.000109141,-0.033332977
586,-0.000001907,-0.600139678,1.425765991,1,1,1,-0.000024594,0.000000000,1.999989510,20.749509811,0,0.000000015,0.000109141,-0.033332977
587,-0.000001907,-0.600140929,1.392745972,1,1,1,-0.000024601,0.000000000,1.999989510,20.770566940,0,0.000000015,0.000109141,-0.033332977
588,-0.000003815,-0.600141943,1.359725952,1,1,1,-0.000024608,0.000000000,1.999989510,20.791166306,0,0.000000015,0.000109141,-0.033332977
589,-0.000003815,-0.600143075,1.326713562,1,1,1,-0.000025521,0.000000000,1.999989510,20.812223434,0,0.000000030,0.000109141,-0.033332977
590,-0.000003815,-0.600144207,1.293693542,1,1,1,-0.000024622,0.000000000,1.999989510,20.833280563,0,0.000000015,0.000109141,-0.033332977
591,-0.000003815,-0.600145459,1.260681152,1,1,1,-0.000025550,0.000000000,1.999989510,20.853879929,0,0.000000031,0.000109141,-0.033332977
592,-0.000003815,-0.600146413,1.227661133,1,1,1,-0.000025565,0.000000000,1.999989510,20.874937057,0,0.000000031,0.000109141,-0.033332977
593,-0.000005722,-0.600147605,1.194648743,1,1,1,-0.000025580,0.000000000,1.999989510,20.895536423,0,0.000000031,0.000109141,-0.033332977
594,-0.000005722,-0.600148916,1.161621094,1,1,1,-0.000026538,0.000000000,1.999989510,20.916135788,0,0.000000047,0.000109141,-0.033332977
595,-0.000005722,-0.600149989,1.128608704,1,1,1,-0.000026561,0.000000000,1.999989510,20.936735153,0,0.000000048,0.000109141,-0.033332977
596,-0.000005722,-0.600151062,1.095588684,1,1,1,-0.000025626,0.000000000,1.999989510,20.957792282,0,0.000000032,0.000109141,-0.033332977
597,-0.000005722,-0.600152314,1.062576294,1,1,1,-0.000026608,0.000000000,1.999989510,20.978391647,0,0.000000048,0.000109141,-0.033332977
598,-0.000007629,-0.600153208,1.029548645,1,1,1,-0.000026633,0.000000000,1.999989510,20.998991013,0,0.000000049,0.000109141,-0.033332977
599,-0.000007629,-0.600154281,0.996520996,1,1,1,-0.000027640,0.000000000,1.999989510,21.019590378,0,0.000000066,0.000109141,-0.033332977
600,-0.000007629,-0.600155532,0.963500977,1,1,1,-0.000027674,0.000000000,1.999989510,21.039731979,0,0.000000066,0.000109141,-0.033332977
601,-0.000009537,-0.600156665,0.930488586,1,1,1,-0.000027708,0.000000000,1.999989510,21.060331345,0,0.000000067,0.000109141,-0.033332977
602,-0.000007629,-0.600157678,0.897453308,1,1,1,-0.000027742,0.000000000,1.999989510,21.080930710,0,0.000000067,0.000109141,-0.033332977
603,-0.000007629,-0.600158751,0.864433289,1,1,1,-0.000027777,0.000000000,1.999989510,21.101072311,0,0.000000068,0.000109141,-0.033332977
604,-0.000009537,-0.600159883,0.831413269,1,1,1,-0.000027813,0.000000000,1.999989510,21.121671677,0,0.000000068,0.000109141,-0.033332977
605,-0.000009537,-0.600161076,0.798393250,1,1,1,-0.000028885,0.000000000,1.999989510,21.141813278,0,0.000000086,0.000109141,-0.033332977
606,-0.000011444,-0.600162029,0.765357971,1,1,1,-0.000028931,0.000000000,1.999989510,21.162412643,0,0.000000087,0.000109141,-0.033332977
607,-0.000009537,-0.600163341,0.732330322,1,1,1,-0.000028979,0.000000000,1.999989510,21.182554245,0,0.000000088,0.000109141,-0.033332977
608,-0.000009537,-0.600164294,0.699317932,1,1,1,-0.000029027,0.000000000,1.999989510,21.202695847,0,0.000000089,0.000109141,-0.033332977
609,-0.000011444,-0.600165486,0.666282654,1,1,1,-0.000029076,0.000000000,1.999989510,21.223295212,0,0.000000089,0.000109141,-0.033332977
610,-0.000011444,-0.600166559,0.633247375,1,1,1,-0.000030209,0.000000000,1.999989510,21.243436813,0,0.000000108,0.000109141,-0.033332977
611,-0.000013351,-0.600167632,0.600219727,1,1,1,-0.000030270,0.000000000,1.999989510,21.263578415,0,0.000000109,0.000109141,-0.033332977
612,-0.000011444,-0.600168705,0.567192078,1,1,1,-0.000030332,0.000000000,1.999989510,21.283720016,0,0.000000110,0.000109141,-0.033332977
613,-0.000013351,-0.600169778,0.534164429,1,1,1,-0.000030395,0.000000000,1.999989510,21.303403854,0,0.000000111,0.000109141,-0.033332977
614,-0.000013351,-0.600170851,0.501129150,1,1,1,-0.000031585,0.000000000,1.999989510,21.323545456,0,0.000000131,0.000109141,-0.033332977
615,-0.000013351,-0.600172043,0.468109131,1,1,1,-0.000031662,0.000000000,1.999989510,21.343687057,0,0.000000133,0.000109141,-0.033332977
616,-0.000013351,-0.600172997,0.435073853,1,1,1,-0.000030593,0.000000000,1.999989510,21.363828659,0,0.000000115,0.000109141,-0.033332977
617,-0.000013351,-0.600174069,0.402046204,1,1,1,-0.000031820,0.000000000,1.999989510,21.383512497,0,0.000000135,0.000109141,-0.033332977
618,-0.000015259,-0.600175321,0.369003296,1,1,1,-0.000031901,0.000000000,1.999989510,21.403654099,0,0.000000137,0.000109141,-0.033332977
619,-0.000015259,-0.600176513,0.335983276,1,1,1,-0.000033167,0.000000000,1.999989510,21.423337936,0,0.000000158,0.000109141,-0.033332977
620,-0.000015259,-0.600177407,0.302947998,1,1,1,-0.000033263,0.000000000,1.999989510,21.443479538,0,0.000000159,0.000109141,-0.033332977
621,-0.000015259,-0.600178599,0.269912720,1,1,1,-0.000032156,0.000000000,1.999989510,21.463163376,0,0.000000141,0.000109141,-0.033332977
622,-0.000015259,-0.600179553,0.236877441,1,1,1,-0.000033463,0.000000000,1.999989510,21.482847214,0,0.000000163,0.000109141,-0.033332977
623,-0.000017166,-0.600180626,0.203842163,1,1,1,-0.000033566,0.000000000,1.999989510,21.502531052,0,0.000000164,0.000109141,-0.033332977
624,-0.000017166,-0.600181818,0.170806885,1,1,1,-0.000034917,0.000000000,1.999989510,21.522214890,0,0.000000187,0.000109141,-0.033332977
625,-0.000017166,-0.600182712,0.137763977,1,1,1,-0.000033779,0.000000000,1.999989510,21.541898727,0,0.000000168,0.000109141,-0.033332977
626,-0.000017166,-0.600183964,0.104736328,1,1,1,-0.000035162,0.000000000,1.999989510,21.561582565,0,0.000000191,0.000109141,-0.033332977
627,-0.000019073,-0.600184977,0.071701050,1,1,1,-0.000035288,0.000000000,1.999989510,21.581266403,0,0.000000193,0.000109141,-0.033332977
628,-0.000019073,-0.600186050,0.038665771,1,1,1,-0.000036718,0.000000000,1.999989510,21.600950241,0,0.000000217,0.000109141,-0.033332977
629,-0.000019073,-0.600187123,0.005622864,1,1,1,-0.000036865,0.000000000,1.999989510,21.620634079,0,0.000000219,0.000109141,-0.033332977
630,-0.000019073,-0.600188136,-0.027420044,1,1,1,-0.000035684,0.000000000,1.999989510,21.639860153,0,0.000000200,0.000109141,-0.033332977
631,-0.000019073,-0.600189209,-0.060462952,1,1,1,-0.000037169,0.000000000,1.999989510,21.659543991,0,0.000000224,0.000109141,-0.033332977
632,-0.000020981,-0.600190401,-0.093498230,1,1,1,-0.000037326,0.000000000,1.999989510,21.678770065,0,0.000000227,0.000109141,-0.033332977
633,-0.000020981,-0.600191414,-0.126541138,1,1,1,-0.000038865,0.000000000,1.999989510,21.698453903,0,0.000000253,0.000109141,-0.033332977
634,-0.000020981,-0.600192487,-0.159584045,1,1,1,-0.000037652,0.000000000,1.999989510,21.717679977,0,0.000000232,0.000109141,-0.033332977
635,-0.000020981,-0.600193620,-0.192619324,1,1,1,-0.000039232,0.000000000,1.999989510,21.736906052,0,0.000000259,0.000109141,-0.033332977
636,-0.000022888,-0.600194573,-0.225654602,1,1,1,-0.000039422,0.000000000,1.999989510,21.756589890,0,0.000000262,0.000109141,-0.033332977
637,-0.000022888,-0.600195646,-0.258705139,1,1,1,-0.000041063,0.000000000,1.999989510,21.775815964,0,0.000000289,0.000109141,-0.033332977
638,-0.000022888,-0.600196719,-0.291748047,1,1,1,-0.000039817,0.000000000,1.999989510,21.795042038,0,0.000000268,0.000109141,-0.033332977
639,-0.000022888,-0.600197792,-0.324790955,1,1,1,-0.000041505,0.000000000,1.999989510,21.814268112,0,0.000000297,0.000109141,-0.033332977
640,-0.000022888,-0.600198627,-0.357826233,1,1,1,-0.000041734,0.000000000,1.999989510,21.833494186,0,0.000000300,0.000109141,-0.033332977
641,-0.000022888,-0.600199938,-0.390884399,1,1,1,-0.000040448,0.000000000,1.999989510,21.852720261,0,0.000000279,0.000109141,-0.033332977
642,-0.000022888,-0.600200832,-0.423927307,1,1,1,-0.000042211,0.000000000,1.999989510,21.871488571,0,0.000000308,0.000109141,-0.033332977
643,-0.000024796,-0.600201845,-0.456962585,1,1,1,-0.000042459,0.000000000,1.999989510,21.890714645,0,0.000000312,0.000109141,-0.033332977
644,-0.000024796,-0.600203037,-0.490013123,1,1,1,-0.000044298,0.000000000,1.999989510,21.909940720,0,0.000000343,0.000109141,-0.033332977
645,-0.000024796,-0.600203931,-0.523063660,1,1,1,-0.000042976,0.000000000,1.999989510,21.928709030,0,0.000000321,0.000109141,-0.033332977
646,-0.000024796,-0.600205064,-0.556114197,1,1,1,-0.000044873,0.000000000,1.999989510,21.947935104,0,0.000000353,0.000109141,-0.033332977
647,-0.000026703,-0.600206077,-0.589149475,1,1,1,-0.000045173,0.000000000,1.999989510,21.966703415,0,0.000000358,0.000109141,-0.033332977
648,-0.000026703,-0.600207090,-0.622207642,1,1,1,-0.000047156,0.000000000,1.999989510,21.985929489,0,0.000000391,0.000109141,-0.033332977
649,-0.000026703,-0.600208044,-0.655258179,1,1,1,-0.000045799,0.000000000,1.999989510,22.004697800,0,0.000000368,0.000109141,-0.033332977
650,-0.000026703,-0.600209057,-0.688301086,1,1,1,-0.000047850,0.000000000,1.999989510,22.023466110,0,0.000000402,0.000109141,-0.033332977
651,-0.000028610,-0.600210130,-0.721343994,1,1,1,-0.000048213,0.000000000,1.999989510,22.042234421,0,0.000000408,0.000109141,-0.033332977
652,-0.000026703,-0.600211143,-0.754409790,1,1,1,-0.000048587,0.000000000,1.999989510,22.061460495,0,0.000000415,0.000109141,-0.033332977
653,-0.000028610,-0.600212157,-0.787460327,1,1,1,-0.000048972,0.000000000,1.999989510,22.080228806,0,0.000000421,0.000109141,-0.033332977
654,-0.000028610,-0.600213289,-0.820503235,1,1,1,-0.000051202,0.000000000,1.999989510,22.098997116,0,0.000000458,0.000109141,-0.033332977
655,-0.000030518,-0.600214243,-0.853561401,1,1,1,-0.000051642,0.000000000,1.999989510,22.117765427,0,0.000000466,0.000109141,-0.033332977
656,-0.000028610,-0.600215197,-0.886619568,1,1,1,-0.000052096,0.000000000,1.999989510,22.136075974,0,0.000000473,0.000109141,-0.033332977
657,-0.000030518,-0.600216389,-0.919662476,1,1,1,-0.000052564,0.000000000,1.999989510,22.154844284,0,0.000000481,0.000109141,-0.033332977
658,-0.000030518,-0.600217164,-0.952720642,1,1,1,-0.000055005,0.000000000,1.999989510,22.173612595,0,0.000000522,0.000109141,-0.033332977
659,-0.000030518,-0.600218475,-0.985771179,1,1,1,-0.000053550,0.000000000,1.999989510,22.191923141,0,0.000000497,0.000109141,-0.033332977
660,-0.000030518,-0.526317477,-1.018554688,0,0,1,-0.000284974,4.427188873,24.191913605,0.000000000,1,0.000000540,0.000109141,-0.033332977
661,-0.000032425,-0.455147505,-1.050720215,0,0,1,-0.000284974,4.263855457,24.191913605,0.000000000,0,0.000000540,0.000109141,-0.033332977
662,-0.000028610,-0.451766014,-1.082805634,0,0,1,-0.000284974,-0.000000000,24.191913605,0.000000000,0,0.000000540,0.000109141,-0.033332977
663,-0.000030518,-0.454384148,-1.114593506,0,0,1,-0.000284974,-0.163333327,24.191913605,0.000000000,0,0.000000540,0.000109141,-0.033332977
664,-0.000030518,-0.459725469,-1.146099091,0,0,1,-0.000284974,-0.326666653,24.191913605,0.000000000,0,0.000000540,0.000109141,-0.033332977
665,-0.000030518,-0.467790127,-1.177291870,0,0,1,-0.000284974,-0.489999980,24.191913605,0.000000000,0,0.000000540,0.000109141,-0.033332977
666,-0.000030518,-0.478577793,-1.208198547,0,0,1,-0.000284974,-0.653333306,24.191913605,0.000000000,0,0.000000540,0.000109141,-0.033332977
667,-0.000032425,-0.492088795,-1.238803864,0,0,1,-0.000284974,-0.816666663,24.191913605,0.000000000,0,0.000000540,0.000109141,-0.033332977
668,-0.000032425,-0.508322954,-1.269119263,0,0,1,-0.000284974,-0.980000019,24.191913605,0.000000000,0,0.000000540,0.000109141,-0.033332977
669,-0.000032425,-0.527280331,-1.299129486,0,0,1,-0.000284974,-1.143333316,24.191913605,0.000000000,0,0.000000540,0.000109141,-0.033332977
670,-0.000032425,-0.548961461,-1.328849792,0,0,1,-0.000284974,-1.306666613,24.191913605,0.000000000,0,0.000000540,0.000109127,-0.033332977
671,-0.000032425,-0.573365271,-1.358276367,0,0,1,-0.000284974,-1.469999909,24.191913605,0.000000000,0,0.000000540,0.000109127,-0.033332977
672,-0.000032425,-0.600492239,-1.387409210,0,0,1,-0.000284974,-1.633333206,24.191913605,0.000000000,0,0.000000540,0.000109127,-0.033332977
673,-0.000034332,-0.600240409,-1.416248322,1,1,1,-0.000284974,0.000000000,24.191913605,22.449186325,0,0.000000540,0.000109127,-0.033332977
674,-0.000032425,-0.600233138,-1.449306488,1,1,1,-0.000070787,0.000000000,1.999989510,22.467496872,0,0.000000785,0.000109127,-0.033332977
675,-0.000032425,-0.600234032,-1.482360840,1,1,1,-0.000066517,0.000000000,1.999989510,22.485578537,0,0.000000714,0.000109127,-0.033332977
676,-0.000032425,-0.600235105,-1.515422821,1,1,1,-0.000070262,0.000000000,1.999989510,22.503660202,0,0.000000776,0.000109127,-0.033332977
677,-0.000030518,-0.600236177,-1.548484802,1,1,1,-0.000071384,0.000000000,1.999989510,22.521741867,0,0.000000795,0.000109127,-0.033332977
678,-0.000030518,-0.600236952,-1.581542969,1,1,1,-0.000066813,0.000000000,1.999989510,22.539594650,0,0.000000718,0.000109127,-0.033332977
679,-0.000028610,-0.600238144,-1.614608765,1,1,1,-0.000070850,0.000000000,1.999989510,22.557676315,0,0.000000786,0.000109127,-0.033332977
680,-0.000028610,-0.600239158,-1.647663116,1,1,1,-0.000066028,0.000000000,1.999989510,22.575529099,0,0.000000705,0.000109127,-0.033332977
681,-0.000026703,-0.600239992,-1.680728912,1,1,1,-0.000070259,0.000000000,1.999989510,22.593610764,0,0.000000776,0.000109127,-0.033332977
682,-0.000028610,-0.600240946,-1.713787079,1,1,1,-0.000068346,0.000000000,1.999989510,22.611463547,0,0.000000744,0.000109127,-0.033332977
683,-0.000024796,-0.600241899,-1.746852875,1,1,1,-0.000069603,0.000000000,1.999989510,22.629316330,0,0.000000765,0.000109127,-0.033332977
684,-0.000026703,-0.600242972,-1.779911041,1,1,1,-0.000067559,0.000000000,1.999989510,22.647169113,0,0.000000731,0.000109127,-0.033332977
685,-0.000024796,-0.600243926,-1.812976837,1,1,1,-0.000072341,0.000000000,1.999989510,22.665021896,0,0.000000811,0.000109127,-0.033332977
686,-0.000024796,-0.600244939,-1.846038818,1,1,1,-0.000066676,0.000000000,1.999989510,22.682874680,0,0.000000716,0.000109127,-0.033332977
687,-0.000024796,-0.600245833,-1.879100800,1,1,1,-0.000071734,0.000000000,1.999989510,22.700498581,0,0.000000800,0.000109127,-0.033332977
688,-0.000022888,-0.600246906,-1.912166595,1,1,1,-0.000073307,0.000000000,1.999989510,22.718351364,0,0.000000827,0.000109127,-0.033332977
689,-0.000022888,-0.600247741,-1.945232391,1,1,1,-0.000067099,0.000000000,1.999989510,22.735975266,0,0.000000723,0.000109127,-0.033332977
690,-0.000020981,-0.600248694,-1.978305817,1,1,1,-0.000072704,0.000000000,1.999989510,22.753599167,0,0.000000817,0.000109127,-0.033332977
691,-0.000020981,-0.600249708,-2.011367798,1,1,1,-0.000070254,0.000000000,1.999989510,22.771223068,0,0.000000776,0.000109127,-0.033332977
692,-0.000019073,-0.600250661,-2.044433594,1,1,1,-0.000067619,0.000000000,1.999989510,22.788846970,0,0.000000732,0.000109127,-0.033332977
693,-0.000019073,-0.600251675,-2.077503204,1,1,1,-0.000069340,0.000000000,1.999989510,22.806470871,0,0.000000761,0.000109127,-0.033332977
694,-0.000019073,-0.600252628,-2.110569000,1,1,1,-0.000071203,0.000000000,1.999989510,22.823865891,0,0.000000792,0.000109127,-0.033332977
695,-0.000017166,-0.600253522,-2.143638611,1,1,1,-0.000068272,0.000000000,1.999989510,22.841489792,0,0.000000743,0.000109127,-0.033332977
696,-0.000017166,-0.600254536,-2.176704407,1,1,1,-0.000070252,0.000000000,1.999989510,22.858884811,0,0.000000776,0.000109127,-0.033332977
697,-0.000015259,-0.600255430,-2.209770203,1,1,1,-0.000067004,0.000000000,1.999989510,22.876508713,0,0.000000722,0.000109127,-0.033332977
698,-0.000015259,-0.600256324,-2.242843628,1,1,1,-0.000069116,0.000000000,1.999989510,22.893903732,0,0.000000757,0.000109127,-0.033332977
699,-0.000013351,-0.600257397,-2.275913239,1,1,1,-0.000071444,0.000000000,1.999989510,22.911298752,0,0.000000796,0.000109127,-0.033332977
700,-0.000013351,-0.600258350,-2.308990479,1,1,1,-0.000061445,0.000000000,1.999989510,22.928693771,0,0.000000629,0.000109127,-0.033332977
701,-0.000013351,-0.600259244,-2.342060089,1,1,1,-0.000070251,0.000000000,1.999989510,22.945859909,0,0.000000776,0.000109127,-0.033332977
702,-0.000011444,-0.600260317,-2.375125885,1,1,1,-0.000073071,0.000000000,1.999989510,22.963254929,0,0.000000823,0.000109127,-0.033332977
703,-0.000011444,-0.600261152,-2.408203125,1,1,1,-0.000061242,0.000000000,1.999989510,22.980649948,0,0.000000626,0.000109127,-0.033332977
704,-0.000009537,-0.600261927,-2.441272736,1,1,1,-0.000071855,0.000000000,1.999989510,22.997816086,0,0.000000803,0.000109127,-0.033332977
705,-0.000009537,-0.600262880,-2.474349976,1,1,1,-0.000058184,0.000000000,1.999989510,23.014982224,0,0.000000575,0.000109127,-0.033332977
706,-0.000009537,-0.600263834,-2.507419586,1,1,1,-0.000070251,0.000000000,1.999989510,23.032148361,0,0.000000776,0.000109127,-0.033332977
707,-0.000007629,-0.600264966,-2.540493011,1,1,1,-0.000074298,0.000000000,1.999989510,23.049314499,0,0.000000843,0.000109127,-0.033332977
708,-0.000007629,-0.600265861,-2.573566437,1,1,1,-0.000056953,0.000000000,1.999989510,23.066480637,0,0.000000554,0.000109127,-0.033332977
709,-0.000005722,-0.600266695,-2.606639862,1,1,1,-0.000072702,0.000000000,1.999989510,23.083646774,0,0.000000817,0.000109127,-0.033332977
710,-0.000005722,-0.600267649,-2.639720917,1,1,1,-0.000051088,0.000000000,1.999989510,23.100812912,0,0.000000456,0.000109127,-0.033332977
711,-0.000005722,-0.600268543,-2.672798157,1,1,1,-0.000070256,0.000000000,1.999989510,23.117750168,0,0.000000776,0.000109127,-0.033332977
712,-0.000003815,-0.600269437,-2.705871582,1,1,1,-0.000077421,0.000000000,1.999989510,23.134687424,0,0.000000895,0.000109127,-0.033332977
713,-0.000003815,-0.600270569,-2.738948822,1,1,1,-0.000044869,0.000000000,1.999989510,23.151853561,0,0.000000353,0.000109127,-0.033332977
714,-0.000003815,-0.600271583,-2.705360413,1,1,1,0.000022136,0.000000000,-1.999989510,23.168790817,0,0.000000026,-0.000109127,0.033332977
715,-0.000001907,-0.600272477,-2.671772003,1,1,1,0.000022916,0.000000000,-1.999989510,23.185728073,0,0.000000013,-0.000109127,0.033332977
716,-0.000001907,-0.600273311,-2.638179779,1,1,1,0.000022911,0.000000000,-1.999989510,23.202665329,0,0.000000013,-0.000109127,0.033332977
717,-0.000003815,-0.600274444,-2.604595184,1,1,1,0.000022905,0.000000000,-1.999989510,23.219602585,0,0.000000013,-0.000109127,0.033332977
718,-0.000001907,-0.600275278,-2.571006775,1,1,1,0.000022899,0.000000000,-1.999989510,23.236310959,0,0.000000013,-0.000109127,0.033332977
719,-0.000001907,-0.600276113,-2.537425995,1,1,1,0.000022894,0.000000000,-1.999989510,23.253248215,0,0.000000014,-0.000109127,0.033332977
720,0.000000000,-0.600277126,-2.503837585,1,1,1,0.000023708,0.000000000,-1.999989510,23.269956589,0,-0.000000000,-0.000109127,0.033332977
721,0.000000000,-0.600278139,-2.470252991,1,1,1,0.000023708,0.000000000,-1.999989510,23.286664963,0,-0.000000000,-0.000109127,0.033332977
722,-0.000001907,-0.600278974,-2.436664581,1,1,1,0.000023708,0.000000000,-1.999989510,23.303602219,0,-0.000000000,-0.000109127,0.033332977
723,0.000000000,-0.600279808,-2.403083801,1,1,1,0.000023708,0.000000000,-1.999989510,23.320310593,0,-0.000000000,-0.000109127,0.033332977
724,0.000000000,-0.600280821,-2.369499207,1,1,1,0.000023708,0.000000000,-1.999989510,23.337018967,0,-0.000000000,-0.000109127,0.033332977
725,0.000001907,-0.600281715,-2.335918427,1,1,1,0.000024560,0.000000000,-1.999989510,23.353498459,0,-0.000000014,-0.000109127,0.033332977
726,0.000001907,-0.600282669,-2.302330017,1,1,1,0.000024566,0.000000000,-1.999989510,23.370206833,0,-0.000000014,-0.000109127,0.033332977
727,0.000001907,-0.600283623,-2.268749237,1,1,1,0.000025437,0.000000000,-1.999989510,23.386915207,0,-0.000000029,-0.000109127,0.033332977
728,0.000001907,-0.600284457,-2.235168457,1,1,1,0.000024579,0.000000000,-1.999989510,23.403394699,0,-0.000000015,-0.000109127,0.033332977
729,0.000001907,-0.600285292,-2.201587677,1,1,1,0.000024586,0.000000000,-1.999989510,23.419874191,0,-0.000000015,-0.000109127,0.033332977
730,0.000003815,-0.600286007,-2.168003082,1,1,1,0.000025478,0.000000000,-1.999989510,23.436353683,0,-0.000000030,-0.000109127,0.033332977
731,0.000003815,-0.600286961,-2.134426117,1,1,1,0.000025492,0.000000000,-1.999989510,23.453062057,0,-0.000000030,-0.000109127,0.033332977
732,0.000003815,-0.600287914,-2.100845337,1,1,1,0.000026405,0.000000000,-1.999989510,23.469312668,0,-0.000000045,-0.000109127,0.033332977
733,0.000003815,-0.600288987,-2.067264557,1,1,1,0.000025521,0.000000000,-1.999989510,23.485792160,0,-0.000000030,-0.000109127,0.033332977
734,0.000005722,-0.600289702,-2.033683777,1,1,1,0.000026449,0.000000000,-1.999989510,23.502271652,0,-0.000000046,-0.000109127,0.033332977
735,0.000005722,-0.600290716,-2.000110626,1,1,1,0.000026471,0.000000000,-1.999989510,23.518751144,0,-0.000000046,-0.000109127,0.033332977
736,0.000003815,-0.600291491,-1.966529846,1,1,1,0.000026494,0.000000000,-1.999989510,23.535001755,0,-0.000000046,-0.000109127,0.033332977
737,0.000005722,-0.600292444,-1.932949066,1,1,1,0.000026517,0.000000000,-1.999989510,23.551252365,0,-0.000000047,-0.000109127,0.033332977
738,0.000005722,-0.600293338,-1.899368286,1,1,1,0.000026541,0.000000000,-1.999989510,23.567731857,0,-0.000000047,-0.000109127,0.033332977
739,0.000007629,-0.600294232,-1.865795135,1,1,1,0.000027517,0.000000000,-1.999989510,23.583982468,0,-0.000000064,-0.000109127,0.033332977
740,0.000005722,-0.600295067,-1.832214355,1,1,1,0.000027550,0.000000000,-1.999989510,23.600233078,0,-0.000000064,-0.000109127,0.033332977
741,0.000007629,-0.600295901,-1.798641205,1,1,1,0.000027583,0.000000000,-1.999989510,23.616483688,0,-0.000000065,-0.000109127,0.033332977
742,0.000007629,-0.600296855,-1.765068054,1,1,1,0.000027616,0.000000000,-1.999989510,23.632505417,0,-0.000000065,-0.000109127,0.033332977
743,0.000009537,-0.600297689,-1.731487274,1,1,1,0.000028636,0.000000000,-1.999989510,23.648756027,0,-0.000000082,-0.000109127,0.033332977
744,0.000007629,-0.600298643,-1.697919846,1,1,1,0.000028679,0.000000000,-1.999989510,23.665006638,0,-0.000000083,-0.000109127,0.033332977
745,0.000007629,-0.600299478,-1.664344788,1,1,1,0.000027720,0.000000000,-1.999989510,23.681028366,0,-0.000000067,-0.000109127,0.033332977
746,0.000009537,-0.600300431,-1.630775452,1,1,1,0.000028769,0.000000000,-1.999989510,23.697050095,0,-0.000000084,-0.000109127,0.033332977
747,0.000009537,-0.600301266,-1.597202301,1,1,1,0.000028814,0.000000000,-1.999989510,23.713071823,0,-0.000000085,-0.000109127,0.033332977
748,0.000009537,-0.600302100,-1.563632965,1,1,1,0.000029892,0.000000000,-1.999989510,23.729093552,0,-0.000000103,-0.000109127,0.033332977
749,0.000009537,-0.600302875,-1.530061722,1,1,1,0.000028909,0.000000000,-1.999989510,23.745115280,0,-0.000000087,-0.000109127,0.033332977
750,0.000011444,-0.600303888,-1.496490479,1,1,1,0.000030007,0.000000000,-1.999989510,23.761137009,0,-0.000000105,-0.000109127,0.033332977
751,0.000011444,-0.600304723,-1.462919235,1,1,1,0.000030066,0.000000000,-1.999989510,23.777158737,0,-0.000000106,-0.000109127,0.033332977
752,0.000011444,-0.600305676,-1.429347992,1,1,1,0.000031196,0.000000000,-1.999989510,23.793066025,0,-0.000000125,-0.000109127,0.033332977
753,0.000011444,-0.600306392,-1.395780563,1,1,1,0.000030188,0.000000000,-1.999989510,23.808973312,0,-0.000000108,-0.000109127,0.033332977
754,0.000013351,-0.600307286,-1.362213135,1,1,1,0.000031341,0.000000000,-1.999989510,23.824880600,0,-0.000000127,-0.000109127,0.033332977
755,0.000013351,-0.600308180,-1.328645706,1,1,1,0.000031415,0.000000000,-1.999989510,23.840673447,0,-0.000000129,-0.000109127,0.033332977
756,0.000013351,-0.600309074,-1.295076370,1,1,1,0.000032603,0.000000000,-1.999989510,23.856466293,0,-0.000000148,-0.000109127,0.033332977
757,0.000013351,-0.600309968,-1.261508942,1,1,1,0.000031569,0.000000000,-1.999989510,23.872259140,0,-0.000000131,-0.000109127,0.033332977
758,0.000013351,-0.600310743,-1.227941513,1,1,1,0.000031648,0.000000000,-1.999989510,23.888051987,0,-0.000000132,-0.000109127,0.033332977
759,0.000015259,-0.600311697,-1.194375992,1,1,1,0.000032875,0.000000000,-1.999989510,23.903844833,0,-0.000000153,-0.000109127,0.033332977
760,0.000013351,-0.600312471,-1.160812378,1,1,1,0.000032969,0.000000000,-1.999989510,23.919523239,0,-0.000000154,-0.000109127,0.033332977
761,0.000015259,-0.600313246,-1.127244949,1,1,1,0.000033065,0.000000000,-1.999989510,23.935201645,0,-0.000000156,-0.000109127,0.033332977
762,0.000015259,-0.600314140,-1.093679428,1,1,1,0.000033163,0.000000000,-1.999989510,23.950880051,0,-0.000000158,-0.000109127,0.033332977
763,0.000017166,-0.600315094,-1.060115814,1,1,1,0.000034457,0.000000000,-1.999989510,23.966558456,0,-0.000000179,-0.000109127,0.033332977
764,0.000015259,-0.600315928,-1.026552200,1,1,1,0.000034572,0.000000000,-1.999989510,23.982122421,0,-0.000000181,-0.000109127,0.033332977
765,0.000017166,-0.600316763,-0.992988586,1,1,1,0.000034690,0.000000000,-1.999989510,23.997686386,0,-0.000000183,-0.000109127,0.033332977
766,0.000017166,-0.600317597,-0.959424973,1,1,1,0.000034810,0.000000000,-1.999989510,24.013250351,0,-0.000000185,-0.000109127,0.033332977
767,0.000017166,-0.600318432,-0.925863266,1,1,1,0.000036180,0.000000000,-1.999989510,24.028814316,0,-0.000000208,-0.000109127,0.033332977
768,0.000017166,-0.600319386,-0.892299652,1,1,1,0.000035058,0.000000000,-1.999989510,24.044263840,0,-0.000000189,-0.000109127,0.033332977
769,0.000019073,-0.600320101,-0.858737946,1,1,1,0.000036462,0.000000000,-1.999989510,24.059827805,0,-0.000000213,-0.000109127,0.033332977
770,0.000019073,-0.600320935,-0.825176239,1,1,1,0.000036608,0.000000000,-1.999989510,24.075277328,0,-0.000000215,-0.000109127,0.033332977
771,0.000019073,-0.600321770,-0.791616440,1,1,1,0.000038062,0.000000000,-1.999989510,24.090726852,0,-0.000000239,-0.000109127,0.033332977
772,0.000019073,-0.600322604,-0.758052826,1,1,1,0.000036910,0.000000000,-1.999989510,24.106061935,0,-0.000000220,-0.000109127,0.033332977
773,0.000020981,-0.600323498,-0.724493027,1,1,1,0.000038402,0.000000000,-1.999989510,24.121397018,0,-0.000000245,-0.000109127,0.033332977
774,0.000017166,-0.600324392,-0.690933228,1,1,1,0.000037226,0.000000000,-1.999989510,24.136846542,0,-0.000000225,-0.000109127,0.033332977
775,0.000019073,-0.600325286,-0.657375336,1,1,1,0.000036022,0.000000000,-1.999989510,24.152181625,0,-0.000000205,-0.000109127,0.033332977
776,0.000019073,-0.600326121,-0.623815536,1,1,1,0.000036173,0.000000000,-1.999989510,24.167402267,0,-0.000000208,-0.000109127,0.033332977
777,0.000020981,-0.600326777,-0.590255737,1,1,1,0.000037730,0.000000000,-1.999989510,24.182737350,0,-0.000000234,-0.000109127,0.033332977
778,0.000019073,-0.600327611,-0.556697845,1,1,1,0.000037907,0.000000000,-1.999989510,24.197957993,0,-0.000000237,-0.000109127,0.033332977
779,0.000020981,-0.600328505,-0.523139954,1,1,1,0.000038087,0.000000000,-1.999989510,24.213178635,0,-0.000000240,-0.000109127,0.033332977
780,0.000020981,-0.600329280,-0.489583969,1,1,1,0.000038273,0.000000000,-1.999989510,24.228399277,0,-0.000000243,-0.000109127,0.033332977
781,0.000020981,-0.600330174,-0.456027985,1,1,1,0.000039939,0.000000000,-1.999989510,24.243619919,0,-0.000000271,-0.000109127,0.033332977
782,0.000020981,-0.600331068,-0.422472000,1,1,1,0.000038659,0.000000000,-1.999989510,24.258726120,0,-0.000000249,-0.000109127,0.033332977
783,0.000022888,-0.600331903,-0.388914108,1,1,1,0.000040375,0.000000000,-1.999989510,24.273832321,0,-0.000000278,-0.000109127,0.033332977
784,0.000020981,-0.600332737,-0.355358124,1,1,1,0.000040602,0.000000000,-1.999989510,24.288938522,0,-0.000000282,-0.000109127,0.033332977
785,0.000022888,-0.600333452,-0.321804047,1,1,1,0.000040835,0.000000000,-1.999989510,24.304044724,0,-0.000000286,-0.000109127,0.033332977
786,0.000022888,-0.600334346,-0.288251877,1,1,1,0.000041075,0.000000000,-1.999989510,24.319036484,0,-0.000000290,-0.000109127,0.033332977
787,0.000022888,-0.600335121,-0.254693985,1,1,1,0.000042922,0.000000000,-1.999989510,24.334028244,0,-0.000000320,-0.000109127,0.033332977
788,0.000024796,-0.600335836,-0.221139908,1,1,1,0.000043199,0.000000000,-1.999989510,24.349134445,0,-0.000000325,-0.000109127,0.033332977
789,0.000024796,-0.600336671,-0.187582970,1,1,1,0.000043483,0.000000000,-1.999989510,24.364011765,0,-0.000000330,-0.000109127,0.033332977
790,0.000024796,-0.600337446,-0.154028893,1,1,1,0.000045449,0.000000000,-1.999989510,24.379003525,0,-0.000000362,-0.000109127,0.033332977
791,0.000024796,-0.600338399,-0.120473862,1,1,1,0.000044078,0.000000000,-1.999989510,24.393938065,0,-0.000000340,-0.000109127,0.033332977
792,0.000026703,-0.600339234,-0.086918831,1,1,1,0.000046113,0.000000000,-1.999989510,24.408815384,0,-0.000000373,-0.000109127,0.033332977
793,0.000026703,-0.600339949,-0.053365707,1,1,1,0.000046460,0.000000000,-1.999989510,24.423692703,0,-0.000000379,-0.000109127,0.033332977
794,0.000026703,-0.600340843,-0.019812584,1,1,1,0.000048596,0.000000000,-1.999989510,24.438570023,0,-0.000000415,-0.000109127,0.033332977
795,0.000026703,-0.600341558,0.013740540,1,1,1,0.000047189,0.000000000,-1.999989510,24.453390121,0,-0.000000391,-0.000109127,0.033332977
796,0.000028610,-0.600342214,0.047291756,1,1,1,0.000049406,0.000000000,-1.999989510,24.468153000,0,-0.000000428,-0.000109127,0.033332977
797,0.000026703,-0.600343108,0.080844879,1,1,1,0.000049831,0.000000000,-1.999989510,24.482915878,0,-0.000000435,-0.000109127,0.033332977
798,0.000028610,-0.600344062,0.114398003,1,1,1,0.000050270,0.000000000,-1.999989510,24.497678757,0,-0.000000443,-0.000109127,0.033332977
799,0.000028610,-0.600344896,0.147948265,1,1,1,0.000050724,0.000000000,-1.999989510,24.512441635,0,-0.000000450,-0.000109127,0.033332977
800,0.000028610,-0.600345731,0.181499481,1,1,1,0.000053157,0.000000000,-1.999989510,24.527147293,0,-0.000000491,-0.000109127,0.033332977
801,0.000028610,-0.600346446,0.215049744,1,1,1,0.000051681,0.000000000,-1.999989510,24.541795731,0,-0.000000466,-0.000109127,0.033332977
802,0.000030518,-0.600347102,0.248599052,1,1,1,0.000054219,0.000000000,-1.999989510,24.556444168,0,-0.000000509,-0.000109127,0.033332977
803,0.000030518,-0.600347877,0.282149315,1,1,1,0.000056850,0.000000000,-1.999989510,24.571092606,0,-0.000000552,-0.000109127,0.033332977
804,0.000030518,-0.600348711,0.315699577,1,1,1,0.000055359,0.000000000,-1.999989510,24.585683823,0,-0.000000528,-0.000109127,0.033332977
805,0.000032425,-0.600349486,0.349246979,1,1,1,0.000058112,0.000000000,-1.999989510,24.600275040,0,-0.000000573,-0.000109127,0.033332977
806,0.000030518,-0.600350380,0.382796288,1,1,1,0.000058780,0.000000000,-1.999989510,24.614809036,0,-0.000000585,-0.000109127,0.033332977
807,0.000032425,-0.600351155,0.416343689,1,1,1,0.000059475,0.000000000,-1.999989510,24.629343033,0,-0.000000596,-0.000109127,0.033332977
808,0.000032425,-0.600351930,0.449890614,1,1,1,0.000060197,0.000000000,-1.999989510,24.643877029,0,-0.000000608,-0.000109127,0.033332977
809,0.000032425,-0.600352705,0.483437538,1,1,1,0.000063277,0.000000000,-1.999989510,24.658325195,0,-0.000000660,-0.000109127,0.033332977
810,0.000032425,-0.600353539,0.516983986,1,1,1,0.000061734,0.000000000,-1.999989510,24.672801971,0,-0.000000634,-0.000109127,0.033332977
811,0.000032425,-0.600354195,0.550529957,1,1,1,0.000064979,0.000000000,-1.999989510,24.687221527,0,-0.000000688,-0.000109127,0.033332977
812,0.000034332,-0.600355089,0.584075451,1,1,1,0.000065886,0.000000000,-1.999989510,24.701641083,0,-0.000000703,-0.000109127,0.033332977
813,0.000034332,-0.600355744,0.617620468,1,1,1,0.000066833,0.000000000,-1.999989510,24.716032028,0,-0.000000719,-0.000109127,0.033332977
814,0.000032425,-0.600356698,0.651165962,1,1,1,0.000070420,0.000000000,-1.999989510,24.730394363,0,-0.000000779,-0.000109127,0.033332977
815,0.000032425,-0.600357354,0.684709549,1,1,1,0.000066206,0.000000000,-1.999989510,24.744728088,0,-0.000000708,-0.000109127,0.033332977
816,0.000032425,-0.600358248,0.718253613,1,1,1,0.000069950,0.000000000,-1.999989510,24.759033203,0,-0.000000771,-0.000109127,0.033332977
817,0.000030518,-0.600358963,0.751797199,1,1,1,0.000068304,0.000000000,-1.999989510,24.773338318,0,-0.000000743,-0.000109127,0.033332977
818,0.000030518,-0.600359738,0.785340786,1,1,1,0.000069433,0.000000000,-1.999989510,24.787586212,0,-0.000000762,-0.000109127,0.033332977
819,0.000030518,-0.600360513,0.818883657,1,1,1,0.000067688,0.000000000,-1.999989510,24.801834106,0,-0.000000733,-0.000109127,0.033332977
820,0.000028610,-0.600361347,0.852425814,1,1,1,0.000071870,0.000000000,-1.999989510,24.816053391,0,-0.000000803,-0.000109127,0.033332977
821,0.000028610,-0.600362182,0.885968208,1,1,1,0.000070097,0.000000000,-1.999989510,24.830244064,0,-0.000000773,-0.000109127,0.033332977
822,0.000028610,-0.600362778,0.919509411,1,1,1,0.000068223,0.000000000,-1.999989510,24.844421387,0,-0.000000742,-0.000109127,0.033332977
823,0.000026703,-0.600363612,0.953050733,1,1,1,0.000072784,0.000000000,-1.999989510,24.858568192,0,-0.000000818,-0.000109127,0.033332977
824,0.000026703,-0.600364447,0.986591101,1,1,1,0.000067510,0.000000000,-1.999989510,24.872695923,0,-0.000000730,-0.000109127,0.033332977
825,0.000024796,-0.600365281,1.020131469,1,1,1,0.000072330,0.000000000,-1.999989510,24.886793137,0,-0.000000810,-0.000109127,0.033332977
826,0.000146866,-0.604686618,1.033865333,1,1,1,0.000644201,0.000000000,-1.999951363,24.900873184,0,-0.000006276,0.000231891,0.033331722
827,0.000095367,-0.601972818,1.067262292,1,1,1,0.001054803,0.000000000,-1.999716163,23.731472015,0,-0.000010111,0.000561154,0.033323888
828,0.000047684,-0.599661767,1.100703478,1,1,1,0.001095500,0.000000000,-1.999283671,23.735839844,0,-0.000008500,0.000891617,0.033309471
829,0.000007629,-0.597240925,1.134233832,1,1,1,0.001108983,0.000000000,-1.998651385,23.738155365,0,-0.000006989,0.001222941,0.033288408
830,-0.000028610,-0.594677448,1.167845964,1,1,1,0.001095688,0.000000000,-1.997818112,23.741468430,0,-0.000005459,0.001554792,0.033260658
831,-0.000059128,-0.591954708,1.201531768,1,1,1,0.001065311,0.000000000,-1.996782899,23.745819092,0,-0.000003974,0.001886855,0.033226188
832,-0.000089645,-0.589033544,1.235282540,1,1,1,0.001014006,0.000000000,-1.995544195,23.751152039,0,-0.000002396,0.002218836,0.033184979
833,-0.000108719,-0.585909367,1.269087553,1,1,1,0.000966270,0.000000000,-1.994102240,23.757425308,0,-0.000001076,0.002550468,0.033137035
834,-0.000129700,-0.582572699,1.302938104,1,1,1,0.000912656,0.000000000,-1.992456198,23.764574051,0,0.000000190,0.002881518,0.033082351
835,-0.000141144,-0.579021096,1.336821795,1,1,1,0.000869621,0.000000000,-1.990606070,23.772512436,0,0.000001163,0.003211780,0.033020940
836,-0.000152588,-0.575253904,1.370730639,1,1,1,0.000820925,0.000000000,-1.988551259,23.781154633,0,0.000002143,0.003541071,0.032952815
837,-0.000062943,-0.573229074,1.403928041,1,1,1,0.001286061,0.000000000,-1.986460090,23.790458679,0,-0.000001993,0.003845912,0.032883532
838,-0.000211716,-0.572193980,1.436684132,1,1,1,0.001090733,0.000000000,-1.984439850,23.749168396,0,0.000000815,0.004117611,0.032816686
839,-0.000202179,-0.568549871,1.470223188,1,1,1,0.000610631,0.000000000,-1.982254863,23.676876068,0,0.000008538,0.004391215,0.032744445
840,-0.000196457,-0.564810514,1.503797770,1,1,1,0.000583113,0.000000000,-1.979897857,23.663576126,0,0.000008881,0.004666809,0.032666627
841,-0.000204086,-0.567565620,1.537629366,1,1,1,0.000480092,0.000000000,-1.977925658,23.652942657,0,0.000010366,0.004884260,0.032601591
842,-0.000204086,-0.570851505,1.571458817,1,1,1,0.000322495,0.000000000,-1.976374984,23.625230789,0,0.000012712,0.005047973,0.032550484
843,-0.000200272,-0.574495614,1.605280399,1,1,1,0.000177719,0.000000000,-1.975249290,23.601079941,0,0.000014839,0.005163163,0.032513421
844,-0.000305176,-0.579116404,1.638768196,1,1,1,-0.000776005,0.000000000,-1.974610806,23.580957413,0,0.000026640,0.005227243,0.032492388
845,-0.000228882,-0.586635351,1.671060562,1,1,1,-0.001463462,0.000000000,-1.974708080,23.543413162,0,0.000035143,0.005217505,0.032495588
846,-0.000162125,-0.590316832,1.704832554,1,1,1,-0.001346140,0.000000000,-1.975013852,23.435060501,0,0.000030863,0.005186842,0.032505672
847,-0.000097275,-0.593716443,1.738595009,1,1,1,-0.001208423,0.000000000,-1.975476980,23.428234100,0,0.000026758,0.005140120,0.032520901
848,-0.000043869,-0.596770883,1.772352219,1,1,1,-0.001027204,0.000000000,-1.976047516,23.423000336,0,0.000022349,0.005081790,0.032539692
849,0.000001907,-0.599440217,1.806105614,1,1,1,-0.000810615,0.000000000,-1.976683617,23.418664932,0,0.000017689,0.005015834,0.032560661
850,0.000043869,-0.601702154,1.839855671,1,1,1,-0.000568027,0.000000000,-1.977350354,23.414699554,0,0.000012870,0.004945728,0.032582618
851,0.000072479,-0.603547096,1.873606205,1,1,1,-0.000297373,0.000000000,-1.978016853,23.410707474,0,0.000007799,0.004874428,0.032604601
852,0.000102997,-0.604983449,1.907354832,1,1,1,0.000038649,0.000000000,-1.978662014,23.406341553,0,0.000001811,0.004804384,0.032625854
853,0.000116348,-0.606026053,1.941106796,1,1,1,0.000334460,0.000000000,-1.979267359,23.401453018,0,-0.000003375,0.004737547,0.032645822
854,0.000125885,-0.606510997,1.909530640,1,1,1,-0.000106950,0.000000000,1.980058908,23.395853043,0,-0.000000209,-0.004648538,-0.032671947
855,0.000137329,-0.606904507,1.877915382,1,1,1,-0.000077421,0.000000000,1.981000185,23.388547897,0,-0.000000542,-0.004540197,-0.032703016
856,0.000141144,-0.607228518,1.846246719,1,1,1,-0.000050203,0.000000000,1.982058764,23.381338120,0,-0.000000883,-0.004414863,-0.032737970
857,0.000148773,-0.607425570,1.814063072,1,1,1,-0.000026412,0.000000000,1.983185291,23.374275208,0,-0.000001232,-0.004277041,-0.032775201
858,0.000160217,-0.607606173,1.781820297,1,1,1,-0.000004307,0.000000000,1.984360218,23.340036392,0,-0.000001605,-0.004127924,-0.032814056
859,0.000164032,-0.607803822,1.749511719,1,1,1,0.000013934,0.000000000,1.985568285,23.306465149,0,-0.000001952,-0.003968301,-0.032854021
860,0.000173569,-0.608049035,1.717137337,1,1,1,0.000028627,0.000000000,1.986797094,23.273555756,0,-0.000002265,-0.003798603,-0.032894682
861,0.000177383,-0.608372569,1.684691429,1,1,1,0.000040154,0.000000000,1.988034964,23.241474152,0,-0.000002538,-0.003618940,-0.032935694
862,0.000181198,-0.608800769,1.652176857,1,1,1,0.000049765,0.000000000,1.989273787,23.210269928,0,-0.000002780,-0.003429153,-0.032976747
863,0.000186920,-0.609357595,1.619584084,1,1,1,0.000057903,0.000000000,1.990504503,23.179990768,0,-0.000002986,-0.003228863,-0.033017579
864,0.000186920,-0.610064983,1.586915016,1,1,1,0.000062462,0.000000000,1.991719723,23.150602341,0,-0.000003112,-0.003017507,-0.033057898
865,0.000188828,-0.610939503,1.554164886,1,1,1,0.000066347,0.000000000,1.992909670,23.122182846,0,-0.000003197,-0.002794389,-0.033097405
866,0.000190735,-0.611996174,1.521334648,1,1,1,0.000070776,0.000000000,1.994063854,23.094629288,0,-0.000003251,-0.002558718,-0.033135757
867,0.000188828,-0.613245130,1.488420486,1,1,1,0.000071746,0.000000000,1.995169878,23.067953110,0,-0.000003201,-0.002309643,-0.033172529
868,0.000194550,-0.613333464,1.455483437,1,1,1,0.000071305,0.000000000,1.996164799,23.042119980,0,-0.000003164,-0.002059310,-0.033205625
869,0.000194550,-0.613413453,1.422474861,1,1,1,0.000071001,0.000000000,1.997047901,23.017539978,0,-0.000003152,-0.001807713,-0.033235010
870,0.000192642,-0.613453865,1.388934135,1,1,1,0.000065312,0.000000000,1.997814655,22.994119644,0,-0.000003033,-0.001556120,-0.033260532
871,0.000192642,-0.613474011,1.355326653,1,1,1,0.000058608,0.000000000,1.998465300,22.944120407,0,-0.000002880,-0.001304587,-0.033282202
872,0.000188828,-0.613454103,1.321657181,1,1,1,0.000049087,0.000000000,1.999000549,22.895414352,0,-0.000002661,-0.001053176,-0.033300027
873,0.000181198,-0.613407612,1.287929535,1,1,1,0.000036710,0.000000000,1.999420881,22.847885132,0,-0.000002378,-0.000801944,-0.033314031
874,0.000177383,-0.613331079,1.254150391,1,1,1,0.000025100,0.000000000,1.999726772,22.801635742,0,-0.000002089,-0.000550948,-0.033324227
875,0.000175476,-0.613227606,1.220319748,1,1,1,0.000012461,0.000000000,1.999919176,22.756654739,0,-0.000001766,-0.000300246,-0.033330631
876,0.000167847,-0.613097429,1.186445236,1,1,1,-0.000001200,0.000000000,1.999997854,22.712858200,0,-0.000001409,-0.000049893,-0.033333257
877,0.000165939,-0.612940311,1.152523041,1,1,1,-0.000015879,0.000000000,1.999963760,22.670236588,0,-0.000001017,0.000200053,-0.033332136
878,0.000160217,-0.612756252,1.118568420,1,1,1,-0.000032516,0.000000000,1.999818087,22.628906250,0,-0.000000576,0.000449538,-0.033327274
879,0.000158310,-0.612546921,1.084571838,1,1,1,-0.000048265,0.000000000,1.999560833,22.588851929,0,-0.000000133,0.000698506,-0.033318691
880,0.000154495,-0.612312555,1.050546646,1,1,1,-0.000065960,0.000000000,1.999192476,22.549993515,0,0.000000360,0.000946904,-0.033306412
881,0.000150681,-0.612058163,1.016492844,1,1,1,-0.000082706,0.000000000,1.998713493,22.512399673,0,0.000000853,0.001194678,-0.033290461
882,0.000141144,-0.611773252,0.982414246,1,1,1,-0.000103347,0.000000000,1.998124599,22.476016998,0,0.000001428,0.001441774,-0.033270855
883,0.000141144,-0.611465454,0.948318481,1,1,1,-0.000123998,0.000000000,1.997426987,22.440923691,0,0.000002020,0.001688140,-0.033247616
884,0.000135422,-0.611137152,0.914207458,1,1,1,-0.000144627,0.000000000,1.996620417,22.407009125,0,0.000002627,0.001933724,-0.033220775
885,0.000131607,-0.610781193,0.880083084,1,1,1,-0.000168223,0.000000000,1.995705605,22.374401093,0,0.000003300,0.002178476,-0.033190351
886,0.000127792,-0.610404253,0.845947266,1,1,1,-0.000189751,0.000000000,1.994683981,22.343103409,0,0.000003955,0.002422343,-0.033156361
887,0.000120163,-0.610005856,0.811805725,1,1,1,-0.000213226,0.000000000,1.993555069,22.312967300,0,0.000004657,0.002665276,-0.033118844
888,0.000114441,-0.609585762,0.777666092,1,1,1,-0.000238669,0.000000000,1.992319584,22.284021378,0,0.000005408,0.002907226,-0.033077817
889,0.000106812,-0.609143257,0.743524551,1,1,1,-0.000265059,0.000000000,1.990978956,22.256395340,0,0.000006190,0.003148144,-0.033033308
890,0.000101089,-0.608679771,0.709386826,1,1,1,-0.000292388,0.000000000,1.989532948,22.230047226,0,0.000007003,0.003387981,-0.032985348
891,0.000097275,-0.608198166,0.675258636,1,1,1,-0.000319585,0.000000000,1.987982512,22.204879761,0,0.000007829,0.003626691,-0.032933962
892,0.000091553,-0.607695580,0.641141891,1,1,1,-0.000348765,0.000000000,1.986328363,22.181009293,0,0.000008702,0.003864228,-0.032879181
893,0.000087738,-0.607172012,0.607040405,1,1,1,-0.000377780,0.000000000,1.984570980,22.158330917,0,0.000009588,0.004100543,-0.032821026
894,0.000080109,-0.607477188,0.572952271,1,1,1,-0.000408787,0.000000000,1.982711315,22.136955261,0,0.000010521,0.004335592,-0.032759532
895,0.000080109,-0.606069088,0.538900375,1,1,1,-0.000439594,0.000000000,1.980749369,22.116807938,0,0.000011465,0.004569331,-0.032694735
896,0.000076294,-0.605893135,0.504865646,1,1,1,-0.000467923,0.000000000,1.978685856,22.097858429,0,0.000012382,0.004801712,-0.032626659
897,0.000074387,-0.605432987,0.470857620,1,1,1,-0.000497058,0.000000000,1.976521730,22.080127716,0,0.000013325,0.005032699,-0.032555334
898,0.000072479,-0.604779720,0.436885834,1,1,1,-0.000528132,0.000000000,1.974257708,22.063682556,0,0.000014315,0.005262243,-0.032480787
899,0.000072479,-0.603834152,0.402950287,1,1,1,-0.000558864,0.000000000,1.971894503,22.048406601,0,0.000015313,0.005490302,-0.032403063
900,0.000068665,-0.603620529,0.369052887,1,1,1,-0.000592708,0.000000000,1.969431639,22.034406662,0,0.000016375,0.005716836,-0.032322187
901,0.000129700,-0.638075829,0.267576218,1,1,1,-0.001060537,0.000000000,1.976708293,22.021678925,0,0.000008859,0.005013279,-0.032561470
902,0.000118256,-0.625366688,0.233949661,1,1,1,-0.001496422,0.000000000,1.982055664,18.143587112,0,0.000003176,0.004415141,-0.032737896
903,0.000110626,-0.616751671,0.199419022,1,1,1,-0.002005372,0.000000000,1.986383677,18.124488831,0,-0.000000496,0.003856458,-0.032881033
904,0.000133514,-0.609642982,0.164806366,1,1,1,-0.002622104,0.000000000,1.990031838,18.073513031,0,-0.000004122,0.003307009,-0.033001952
905,0.000156403,-0.603683472,0.130903244,1,1,1,-0.003195551,0.000000000,1.993146420,18.025600433,0,-0.000007426,0.002747167,-0.033105366
906,0.000165939,-0.598403931,0.096830368,1,1,1,-0.003779836,0.000000000,1.995774865,18.023693085,0,-0.000010053,0.002160104,-0.033192761
907,0.000162125,-0.593199253,0.062726974,1,1,1,-0.004382324,0.000000000,1.997856379,18.010061264,0,-0.000012300,0.001539544,-0.033262074
908,0.000146866,-0.587742090,0.028676987,1,1,1,-0.005011196,0.000000000,1.999287248,17.990381241,0,-0.000014159,0.000885585,-0.033309784
909,0.000122070,-0.581977844,-0.005279541,1,1,1,-0.005680154,0.000000000,1.999956250,17.967826843,0,-0.000015480,0.000199120,-0.033332147
910,0.000087738,-0.575890422,-0.039110184,1,1,1,-0.006383478,0.000000000,1.999748111,17.942272186,0,-0.000016401,-0.000518223,-0.033325270
911,0.000045776,-0.569447041,-0.072776794,1,1,1,-0.007132643,0.000000000,1.998546362,17.913827896,0,-0.000016742,-0.001264137,-0.033285316
912,0.000001907,-0.562612414,-0.106239319,1,1,1,-0.007925565,0.000000000,1.996237397,17.882108688,0,-0.000016531,-0.002035708,-0.033208545
913,-0.000047684,-0.555369377,-0.139457703,1,1,1,-0.008767262,0.000000000,1.992709517,17.847288132,0,-0.000015660,-0.002829492,-0.033091396
914,-0.000102997,-0.547724724,-0.172382355,1,1,1,-0.009659055,0.000000000,1.987858534,17.808820724,0,-0.000014076,-0.003641596,-0.032930631
915,-0.000162125,-0.539668798,-0.204971313,1,1,1,-0.010604299,0.000000000,1.981587529,17.766368866,0,-0.000011687,-0.004467767,-0.032723345
916,-0.000425339,-0.538502216,-0.236293793,1,1,1,-0.011494710,0.000000000,1.975159883,17.720546722,0,-0.000005905,-0.005168828,-0.032511573
917,-0.000640869,-0.540564537,-0.266868591,1,1,1,-0.012330502,0.000000000,1.969470501,17.639741898,0,0.000002092,-0.005709942,-0.032324713
918,-0.000831604,-0.567669630,-0.317840576,1,1,1,-0.012495610,0.000000000,1.973191857,17.559196472,0,0.000005332,-0.005362675,-0.032447018
919,-0.000999451,-0.573039770,-0.349037170,1,1,1,-0.012706116,0.000000000,1.975368738,16.075937271,0,0.000009307,-0.005146963,-0.032518685
920,-0.001132965,-0.575231075,-0.379962921,1,1,1,-0.012897631,0.000000000,1.977082968,16.061204910,0,0.000012916,-0.004969524,-0.032575205
921,-0.001234055,-0.577611208,-0.411026001,1,1,1,-0.013046860,0.000000000,1.978864312,16.080150604,0,0.000016413,-0.004777358,-0.032633957
922,-0.001312256,-0.580456734,-0.442203522,1,1,1,-0.013160100,0.000000000,1.980871201,16.093885422,0,0.000019173,-0.004550108,-0.032700192
923,-0.001413345,-0.600642443,-0.489032745,1,1,1,-0.013404007,0.000000000,1.981861949,16.106100082,0,0.000021844,-0.004432992,-0.032732971
924,-0.001451492,-0.600758314,-0.520988464,1,1,1,-0.013616986,0.000000000,1.983101726,15.171990395,0,0.000024028,-0.004281600,-0.032773979
925,-0.001478195,-0.600341797,-0.552585602,1,1,1,-0.013737260,0.000000000,1.984538078,15.151062012,0,0.000025009,-0.004098688,-0.032821488
926,-0.001497269,-0.599910736,-0.584262848,1,1,1,-0.013823199,0.000000000,1.986098289,15.155778885,0,0.000025664,-0.003889438,-0.032873135
927,-0.001508713,-0.599457979,-0.616039276,1,1,1,-0.013891906,0.000000000,1.987720013,15.160650253,0,0.000026209,-0.003658358,-0.032926854
928,-0.001512527,-0.598980665,-0.647907257,1,1,1,-0.013939904,0.000000000,1.989350438,15.166393280,0,0.000026537,-0.003409282,-0.032980900
929,-0.001510620,-0.598481417,-0.679882050,1,1,1,-0.013974883,0.000000000,1.990945935,15.173263550,0,0.000026743,-0.003145375,-0.033033833
930,-0.001506805,-0.597964764,-0.711948395,1,1,1,-0.014000333,0.000000000,1.992472291,15.181434631,0,0.000026862,-0.002869161,-0.033084504
931,-0.001459122,-0.597439408,-0.744346619,1,1,1,-0.013895888,0.000000000,1.993900061,15.191003799,0,0.000026571,-0.002583219,-0.033131916
932,-0.001428604,-0.596993208,-0.777072906,1,1,1,-0.013766387,0.000000000,1.995202541,15.188123703,0,0.000025780,-0.002290464,-0.033175189
933,-0.001399994,-0.596537471,-0.809886932,1,1,1,-0.013660876,0.000000000,1.996367693,15.173214912,0,0.000025309,-0.001991528,-0.033213910
934,-0.001373291,-0.596083879,-0.842784882,1,1,1,-0.013560714,0.000000000,1.997385621,15.160054207,0,0.000024852,-0.001686603,-0.033247765
935,-0.001348495,-0.595644712,-0.875774384,1,1,1,-0.013471878,0.000000000,1.998248219,15.148554802,0,0.000024518,-0.001375506,-0.033276469
936,-0.001319885,-0.595230818,-0.908855438,1,1,1,-0.013380257,0.000000000,1.998947024,15.138304710,0,0.000024079,-0.001057747,-0.033299729
937,-0.001295090,-0.594860435,-0.942020416,1,1,1,-0.013297507,0.000000000,1.999472499,15.129074097,0,0.000023743,-0.000732597,-0.033317219
938,-0.001264572,-0.594523072,-0.975257874,1,1,1,-0.013217099,0.000000000,1.999812722,15.120987892,0,0.000023414,-0.000399151,-0.033328548
939,-0.001232147,-0.594236135,-1.008590698,1,1,1,-0.013136280,0.000000000,1.999953866,15.113698959,0,0.000023059,-0.000056388,-0.033333231
940,-0.001209259,-0.594006300,-1.041992188,1,1,1,-0.013056468,0.000000000,1.999878049,15.107030869,0,0.000022717,0.000296769,-0.033330683
941,-0.001182556,-0.593651056,-1.075389862,1,1,1,-0.012988968,0.000000000,1.999571443,15.100573540,0,0.000022573,0.000655249,-0.033320442
942,-0.001153946,-0.593182087,-1.108821869,1,1,1,-0.012926581,0.000000000,1.999030352,15.099931717,0,0.000022491,0.001014683,-0.033302408
943,-0.001132965,-0.592741966,-1.142772675,1,1,1,-0.012873312,0.000000000,1.998258233,15.101310730,0,0.000022630,0.001373046,-0.033276673
944,-0.001106262,-0.592253208,-1.176738739,1,1,1,-0.012822498,0.000000000,1.997255683,15.076746941,0,0.000022879,0.001730175,-0.033243280
945,-0.001083374,-0.591726303,-1.210735321,1,1,1,-0.012771352,0.000000000,1.996023774,15.054021835,0,0.000023190,0.002085910,-0.033202287
946,-0.001062393,-0.591157436,-1.244754791,1,1,1,-0.012727162,0.000000000,1.994564652,15.033327103,0,0.000023684,0.002440093,-0.033153743
947,-0.001041412,-0.590550423,-1.278774261,1,1,1,-0.012685208,0.000000000,1.992878675,15.014252663,0,0.000024281,0.002792564,-0.033097710
948,-0.001016617,-0.589905262,-1.312805176,1,1,1,-0.012640334,0.000000000,1.990967512,14.997224808,0,0.000024894,0.003143170,-0.033034254
949,-0.000991821,-0.589222431,-1.346813202,1,1,1,-0.012594838,0.000000000,1.988832831,14.982010841,0,0.000025561,0.003491760,-0.032963451
950,-0.000972748,-0.588502884,-1.380817413,1,1,1,-0.012562149,0.000000000,1.986475587,14.968630791,0,0.000026503,0.003838182,-0.032885361
951,-0.000946045,-0.587749481,-1.414794922,1,1,1,-0.012517986,0.000000000,1.983897567,14.957042694,0,0.000027317,0.004182289,-0.032800049
952,-0.000921249,-0.586961269,-1.448749542,1,1,1,-0.012478497,0.000000000,1.981099963,14.947475433,0,0.000028268,0.004523934,-0.032707598
953,-0.000900269,-0.586722851,-1.482669830,1,1,1,-0.012446810,0.000000000,1.978084326,14.939661026,0,0.000029409,0.004862973,-0.032608084
954,-0.000877380,-0.586131096,-1.516548157,1,1,1,-0.012414405,0.000000000,1.974851608,14.933402061,0,0.000030597,0.005199269,-0.032501593
955,-0.000848770,-0.585158348,-1.550369263,1,1,1,-0.012377933,0.000000000,1.971403718,14.929140091,0,0.000031773,0.005532680,-0.032388203
956,-0.000829697,-0.583902359,-1.584133148,1,1,1,-0.012346449,0.000000000,1.967742324,14.926858902,0,0.000033089,0.005863073,-0.032268003
957,-0.000802994,-0.583230019,-1.617839813,1,1,1,-0.012313677,0.000000000,1.963868976,14.926107407,0,0.000034438,0.006190310,-0.032141075
958,-0.000778198,-0.582222939,-1.651470184,1,1,1,-0.012282723,0.000000000,1.959783554,14.927089691,0,0.000035870,0.006514263,-0.032007512
959,-0.000751495,-0.580885887,-1.685020447,1,1,1,-0.012253555,0.000000000,1.955489874,14.930021286,0,0.000037384,0.006834806,-0.031867404
960,-0.000732422,-0.583849907,-1.718242645,1,1,1,-0.012244565,0.000000000,1.951531053,14.934667587,0,0.000038498,0.007114556,-0.031738501
961,-0.000720978,-0.589302063,-1.751815796,1,1,1,-0.012270911,0.000000000,1.948118925,14.946036339,0,0.000039634,0.007344837,-0.031627633
962,-0.000699997,-0.593147278,-1.784973145,1,1,1,-0.012311194,0.000000000,1.945332050,14.957652092,0,0.000040449,0.007526202,-0.031537216
963,-0.000677109,-0.598364830,-1.818443298,1,1,1,-0.012327585,0.000000000,1.943219423,14.975507736,0,0.000040338,0.007659944,-0.031468768
964,-0.000654221,-0.601872444,-1.851486206,1,1,1,-0.012353711,0.000000000,1.941804171,14.999222755,0,0.000039901,0.007747882,-0.031422935
965,-0.000137329,-0.607432365,-1.885711670,1,1,1,-0.010839216,0.000000000,1.941418886,15.028459549,0,0.000016062,0.007772118,-0.031410206
966,-0.000894547,-0.613413811,-1.920452118,1,1,1,-0.011593442,0.000000000,1.942109704,14.998496056,0,0.000024768,0.007729280,-0.031432696
967,-0.000778198,-0.615214348,-1.953384399,1,1,1,-0.013456740,0.000000000,1.943272829,14.947436333,0,0.000052341,0.007656166,-0.031470709
968,-0.000684738,-0.614850998,-1.986347198,1,1,1,-0.013289228,0.000000000,1.944876790,14.985185623,0,0.000046305,0.007554884,-0.031522658
969,-0.000610352,-0.616373062,-2.019317627,1,1,1,-0.013167860,0.000000000,1.946856260,15.021929741,0,0.000041174,0.007427364,-0.031586833
970,-0.000734329,-0.630077362,-2.062229156,1,1,1,-0.013772229,0.000000000,1.951009274,15.057116508,0,0.000045432,0.007149700,-0.031721853
971,-0.000635147,-0.627786636,-2.096363068,1,1,1,-0.014352606,0.000000000,1.955178261,14.614424706,0,0.000049710,0.006856313,-0.031857707
972,-0.000568390,-0.625735283,-2.130634308,1,1,1,-0.014290160,0.000000000,1.959343672,14.572177887,0,0.000043464,0.006546966,-0.031993575
973,-0.000513077,-0.623632431,-2.164989471,1,1,1,-0.014327052,0.000000000,1.963473320,14.524673462,0,0.000038938,0.006221434,-0.032128584
974,-0.000474930,-0.620416641,-2.199417114,1,1,1,-0.014427550,0.000000000,1.967539191,14.475753784,0,0.000035441,0.005879520,-0.032261804
975,-0.000476837,-0.617932320,-2.233299255,1,1,1,-0.014729458,0.000000000,1.971509933,14.425357819,0,0.000034672,0.005521255,-0.032392222
976,-0.000440598,-0.617767334,-2.267127991,1,1,1,-0.015025635,0.000000000,1.975532174,14.409823418,0,0.000033652,0.005128721,-0.032524586
977,-0.000417709,-0.617419720,-2.301033020,1,1,1,-0.015200309,0.000000000,1.979530573,14.411395073,0,0.000030414,0.004701611,-0.032656420
978,-0.000400543,-0.616827488,-2.335006714,1,1,1,-0.015436972,0.000000000,1.983420491,14.408373833,0,0.000027998,0.004240093,-0.032784946
979,-0.000362396,-0.615388870,-2.368526459,1,1,1,-0.015545893,0.000000000,1.986860752,14.399748802,0,0.000024819,0.003780942,-0.032898795
980,-0.000331879,-0.613442898,-2.401943207,1,1,1,-0.015502754,0.000000000,1.989644051,14.415378571,0,0.000020393,0.003360512,-0.032991018
981,-0.000310898,-0.611734390,-2.435260773,1,1,1,-0.015460359,0.000000000,1.991871953,14.435626030,0,0.000016984,0.002978972,-0.033064943
982,-0.000303268,-0.610290527,-2.468475342,1,1,1,-0.015549571,0.000000000,1.993640661,14.462577820,0,0.000016541,0.002635094,-0.033123698
983,-0.000293732,-0.609105110,-2.501598358,1,1,1,-0.015647370,0.000000000,1.995036840,14.495171547,0,0.000016825,0.002326554,-0.033170145
984,-0.000589371,-0.601834536,-2.540447235,1,1,1,-0.018858563,0.000000000,1.995449066,14.532462120,0,0.000066997,0.002220384,-0.033184703
985,-0.000389099,-0.603813410,-2.573593140,1,1,1,-0.021682404,0.000000000,1.995859504,14.218548775,0,0.000111965,0.002108904,-0.033199184
986,-0.000368118,-0.605510235,-2.540241241,1,1,1,0.015141592,0.000000000,-1.996368527,14.256641388,0,-0.000001265,-0.001988419,0.033214297
987,-0.000358582,-0.606950998,-2.506847382,1,1,1,0.015270258,0.000000000,-1.996824265,14.299542427,0,-0.000001990,-0.001857564,0.033229496
988,-0.000358582,-0.608086348,-2.473415375,1,1,1,0.015364487,0.000000000,-1.997281432,14.342534065,0,-0.000002302,-0.001716088,0.033244751
989,-0.000364304,-0.608882427,-2.439929962,1,1,1,0.015430822,0.000000000,-1.997732997,14.385340691,0,-0.000002247,-0.001563941,0.033259802
990,-0.000371933,-0.609321833,-2.406394958,1,1,1,0.015476828,0.000000000,-1.998168588,14.427471161,0,-0.000001918,-0.001401385,0.033274315
991,-0.000381470,-0.609397650,-2.372825623,1,1,1,0.015507482,0.000000000,-1.998578310,14.468717575,0,-0.000001384,-0.001228927,0.033287961
992,-0.000389099,-0.609115362,-2.339191437,1,1,1,0.015530338,0.000000000,-1.998951674,14.508731842,0,-0.000000771,-0.001047264,0.033300400
993,-0.000396729,-0.608488083,-2.305507660,1,1,1,0.015541731,0.000000000,-1.999277592,14.547271729,0,-0.000000027,-0.000857220,0.033311274
994,-0.000406265,-0.607542515,-2.271774292,1,1,1,0.015546612,0.000000000,-1.999547601,14.584636688,0,0.000000752,-0.000659707,0.033320270
995,-0.000415802,-0.606290221,-2.237998962,1,1,1,0.015548849,0.000000000,-1.999752879,14.620595932,0,0.000001488,-0.000455675,0.033327106
996,-0.000417709,-0.604759932,-2.204174042,1,1,1,0.015545355,0.000000000,-1.999885201,14.655611038,0,0.000002217,-0.000246082,0.033331517
997,-0.000392914,-0.603008747,-2.170372009,1,1,1,0.015524758,0.000000000,-1.999939084,14.689352989,0,0.000002645,-0.000032422,0.033333305
998,-0.000392914,-0.600858152,-2.136573792,1,1,1,0.015493338,0.000000000,-1.999922037,14.718302727,0,0.000002902,0.000140078,0.033332750
999,-0.000389099,-0.599117815,-2.102710724,1,1,1,0.015448939,0.000000000,-1.999873638,14.744735718,0,0.000003119,0.000272473,0.033331107
1000,-0.000387192,-0.597810268,-2.068790436,1,1,1,0.015400919,0.000000000,-1.999819040,14.773721695,0,0.000003239,0.000368106,0.033329267
1001,-0.000389099,-0.596911669,-2.034839630,1,1,1,0.015350753,0.000000000,-1.999774098,14.804536819,0,0.000003316,0.000430863,0.033327766
1002,-0.000385284,-0.596384764,-2.000865936,1,1,1,0.015302662,0.000000000,-1.999746680,14.836371422,0,0.000003339,0.000464937,0.033326849
1003,-0.000383377,-0.596182644,-1.966892242,1,1,1,0.015259467,0.000000000,-1.999739051,14.868615150,0,0.000003303,0.000474640,0.033326574
1004,-0.000383377,-0.596252084,-1.932910919,1,1,1,0.015218194,0.000000000,-1.999748349,14.900632858,0,0.000003287,0.000464240,0.033326868
1005,-0.000379562,-0.596538901,-1.898941040,1,1,1,0.015183641,0.000000000,-1.999769688,14.932651520,0,0.000003229,0.000437835,0.033327579
1006,-0.000379562,-0.596988380,-1.864986420,1,1,1,0.015152267,0.000000000,-1.999799013,14.964110374,0,0.000003198,0.000399258,0.033328552
1007,-0.000377655,-0.597548604,-1.831043243,1,1,1,0.015126747,0.000000000,-1.999831200,14.995002747,0,0.000003153,0.000352000,0.033329617
1008,-0.000373840,-0.598173380,-1.797115326,1,1,1,0.015104124,0.000000000,-1.999862194,15.025836945,0,0.000003141,0.000299171,0.033330649
1009,-0.000371933,-0.598820984,-1.763198853,1,1,1,0.015086010,0.000000000,-1.999889851,15.056228638,0,0.000003131,0.000243469,0.033331554
1010,-0.000371933,-0.599457026,-1.729297638,1,1,1,0.015071174,0.000000000,-1.999911785,15.086482048,0,0.000003137,0.000187178,0.033332285
1011,-0.000370026,-0.600053251,-1.695419312,1,1,1,0.015059298,0.000000000,-1.999927521,15.116663933,0,0.000003157,0.000132168,0.033332814
1012,-0.000364304,-0.600587726,-1.661552429,1,1,1,0.015051985,0.000000000,-1.999937534,15.146825790,0,0.000003156,0.000079918,0.033333145
1013,-0.000360489,-0.601046085,-1.627693176,1,1,1,0.015047983,0.000000000,-1.999942303,15.176774979,0,0.000003146,0.000031545,0.033333309
1014,-0.000356674,-0.601418018,-1.593852997,1,1,1,0.015044040,0.000000000,-1.999943018,15.206987381,0,0.000003172,-0.000012167,0.033333331
1015,-0.000354767,-0.601699591,-1.560016632,1,1,1,0.015042777,0.000000000,-1.999941111,15.236783981,0,0.000003185,-0.000050728,0.033333257
1016,-0.000352859,-0.601890802,-1.526195526,1,1,1,0.015042918,0.000000000,-1.999936819,15.266848564,0,0.000003198,-0.000083900,0.033333123
1017,-0.000347137,-0.601994991,-1.492378235,1,1,1,0.015043181,0.000000000,-1.999932051,15.296949387,0,0.000003227,-0.000111656,0.033332963
1018,-0.000345230,-0.602018595,-1.458576202,1,1,1,0.015045319,0.000000000,-1.999927282,15.326850891,0,0.000003236,-0.000134147,0.033332795
1019,-0.000339508,-0.601970553,-1.424770355,1,1,1,0.015048098,0.000000000,-1.999922514,15.356774330,0,0.000003242,-0.000151656,0.033332646
1020,-0.000333786,-0.601860881,-1.390968323,1,1,1,0.015053391,0.000000000,-1.999919176,15.386712074,0,0.000003210,-0.000164570,0.033332519
1021,-0.000331879,-0.601700306,-1.357181549,1,1,1,0.015056870,0.000000000,-1.999916315,15.416664124,0,0.000003208,-0.000173347,0.033332434
1022,-0.000328064,-0.601500392,-1.323387146,1,1,1,0.015061501,0.000000000,-1.999914885,15.446395874,0,0.000003186,-0.000178486,0.033332378
1023,-0.000324249,-0.601272047,-1.289608002,1,1,1,0.015065040,0.000000000,-1.999913931,15.476362228,0,0.000003178,-0.000180508,0.033332359
1024,-0.000318527,-0.601026177,-1.255821228,1,1,1,0.015069512,0.000000000,-1.999913931,15.506107330,0,0.000003150,-0.000179932,0.033332363
1025,-0.000316620,-0.600772381,-1.222034454,1,1,1,0.015071592,0.000000000,-1.999914885,15.535630226,0,0.000003155,-0.000177261,0.033332396
1026,-0.000310898,-0.600519538,-1.188251495,1,1,1,0.015076667,0.000000000,-1.999916315,15.565388680,0,0.000003105,-0.000172971,0.033332437
1027,-0.000305176,-0.600275040,-1.154464722,1,1,1,0.015079230,0.000000000,-1.999918222,15.594920158,0,0.000003090,-0.000167496,0.033332493
1028,-0.000301361,-0.600045621,-1.120681763,1,1,1,0.015081443,0.000000000,-1.999919653,15.624684334,0,0.000003074,-0.000161228,0.033332556
1029,-0.000297546,-0.599835932,-1.086898804,1,1,1,0.015083307,0.000000000,-1.999921799,15.654222488,0,0.000003058,-0.000154511,0.033332624
1030,-0.000289917,-0.599650264,-1.053112030,1,1,1,0.015088271,0.000000000,-1.999923587,15.683530807,0,0.000002985,-0.000147637,0.033332676
1031,-0.000289917,-0.599490941,-1.019332886,1,1,1,0.015087190,0.000000000,-1.999925017,15.713068008,0,0.000003008,-0.000140850,0.033332743
1032,-0.000284195,-0.599359393,-0.985538483,1,1,1,0.015089286,0.000000000,-1.999926925,15.742374420,0,0.000002974,-0.000134343,0.033332791
1033,-0.000280380,-0.599255800,-0.951751709,1,1,1,0.015089971,0.000000000,-1.999928355,15.771677017,0,0.000002959,-0.000128268,0.033332840
1034,-0.000276566,-0.599180341,-0.917964935,1,1,1,0.015090439,0.000000000,-1.999929309,15.800976753,0,0.000002945,-0.000122732,0.033332884
1035,-0.000270844,-0.599131048,-0.884170532,1,1,1,0.015090740,0.000000000,-1.999930739,15.830272675,0,0.000002931,-0.000117807,0.033332918
1036,-0.000268936,-0.599106550,-0.850383759,1,1,1,0.015090910,0.000000000,-1.999931216,15.859335899,0,0.000002918,-0.000113533,0.033332951
1037,-0.000263214,-0.599104524,-0.816593170,1,1,1,0.015092225,0.000000000,-1.999932170,15.888396263,0,0.000002885,-0.000109919,0.033332974
1038,-0.000259399,-0.599122047,-0.782806396,1,1,1,0.015091011,0.000000000,-1.999932647,15.917454720,0,0.000002893,-0.000106956,0.033332992
1039,-0.000255585,-0.599156737,-0.749015808,1,1,1,0.015091013,0.000000000,-1.999933124,15.946512222,0,0.000002881,-0.000104614,0.033333011
1040,-0.000247955,-0.599205256,-0.715225220,1,1,1,0.015093581,0.000000000,-1.999933600,15.975567818,0,0.000002827,-0.000102849,0.033333015
1041,-0.000244141,-0.599264801,-0.681438446,1,1,1,0.015094941,0.000000000,-1.999933600,16.004394531,0,0.000002793,-0.000101610,0.033333026
1042,-0.000236511,-0.599332213,-0.647651672,1,1,1,0.015096384,0.000000000,-1.999934077,16.033222198,0,0.000002759,-0.000100835,0.033333030
1043,-0.000234604,-0.599405468,-0.613876343,1,1,1,0.015096596,0.000000000,-1.999934077,16.062280655,0,0.000002747,-0.000100463,0.033333033
1044,-0.000230789,-0.599481285,-0.580085754,1,1,1,0.015096883,0.000000000,-1.999934077,16.090883255,0,0.000002734,-0.000100429,0.033333033
1045,-0.000226974,-0.599557579,-0.546295166,1,1,1,0.015098610,0.000000000,-1.999933958,16.119714737,0,0.000002699,-0.000100672,0.033333030
1046,-0.000223160,-0.599632621,-0.512512207,1,1,1,0.015096332,0.000000000,-1.999933600,16.148546219,0,0.000002732,-0.000101131,0.033333030
1047,-0.000219345,-0.599704683,-0.478721619,1,1,1,0.015096853,0.000000000,-1.999933600,16.176925659,0,0.000002720,-0.000101753,0.033333026
1048,-0.000213623,-0.599771976,-0.444931030,1,1,1,0.015098866,0.000000000,-1.999933481,16.205762863,0,0.000002684,-0.000102488,0.033333018
1049,-0.000207901,-0.599834085,-0.411155701,1,1,1,0.015100993,0.000000000,-1.999933481,16.234144211,0,0.000002648,-0.000103292,0.033333018
1050,-0.000204086,-0.599889755,-0.377365112,1,1,1,0.015103230,0.000000000,-1.999933481,16.262523651,0,0.000002611,-0.000104126,0.033333011
1051,-0.000198364,-0.599938512,-0.343574524,1,1,1,0.015105573,0.000000000,-1.999933004,16.290904999,0,0.000002573,-0.000104960,0.033333004
1052,-0.000196457,-0.599980175,-0.309791565,1,1,1,0.015105054,0.000000000,-1.999933004,16.319290161,0,0.000002583,-0.000105767,0.033333000
1053,-0.000190735,-0.600014687,-0.276023865,1,1,1,0.015106050,0.000000000,-1.999932528,16.347673416,0,0.000002569,-0.000106527,0.033332996
1054,-0.000186920,-0.600041986,-0.242233276,1,1,1,0.015107098,0.000000000,-1.999932528,16.376056671,0,0.000002555,-0.000107226,0.033332989
1055,-0.000185013,-0.600062847,-0.208450317,1,1,1,0.015106643,0.000000000,-1.999932528,16.404439926,0,0.000002566,-0.000107854,0.033332989
1056,-0.000179291,-0.600077271,-0.174667358,1,1,1,0.015109316,0.000000000,-1.999932528,16.432823181,0,0.000002525,-0.000108404,0.033332985
1057,-0.000171661,-0.600085616,-0.140892029,1,1,1,0.015113655,0.000000000,-1.999931931,16.460746765,0,0.000002457,-0.000108873,0.033332977
1058,-0.000169754,-0.600089073,-0.107101440,1,1,1,0.015114892,0.000000000,-1.999932408,16.488672256,0,0.000002440,-0.000109263,0.033332981
1059,-0.000165939,-0.600087941,-0.073326111,1,1,1,0.015116156,0.000000000,-1.999932408,16.517055511,0,0.000002423,-0.000109575,0.033332977
1060,-0.000162125,-0.600082874,-0.039550781,1,1,1,0.015117440,0.000000000,-1.999931931,16.544979095,0,0.000002405,-0.000109816,0.033332974
1061,-0.000156403,-0.600074708,-0.005783081,1,1,1,0.015120435,0.000000000,-1.999931931,16.572902679,0,0.000002358,-0.000109990,0.033332974
1062,-0.000150681,-0.600064039,0.027999878,1,1,1,0.015123503,0.000000000,-1.999931931,16.600828171,0,0.000002310,-0.000110106,0.033332970
1063,-0.000148773,-0.600051165,0.061767578,1,1,1,0.015121437,0.000000000,-1.999931931,16.628751755,0,0.000002347,-0.000110169,0.033332970
1064,-0.000143051,-0.600037456,0.095550537,1,1,1,0.015124581,0.000000000,-1.999931931,16.656675339,0,0.000002297,-0.000110189,0.033332970
