tick,local_x,local_y,local_z,on_floor,bus_support,inside_hull,velocity_x,velocity_y,velocity_z,platform_speed,jump_command,walk_dx,walk_dy,walk_dz
1,0.000001907,-0.599576354,2.500000000,1,1,1,0.000000000,0.000000000,0.000000000,0.000000000,0,0.000000000,0.000000000,0.000000000
2,0.000000000,-0.600085258,2.500930786,1,1,1,0.000000000,0.000000000,0.000000000,0.000000000,0,0.000000000,0.000000000,0.000000000
3,0.000001907,-0.600241661,2.501846313,1,1,1,0.000000000,0.000000000,0.000000000,0.063650124,0,0.000000000,0.000000000,0.000000000
4,0.000000000,-0.600347877,2.502777100,1,1,1,0.000000000,0.000000000,0.000000000,0.117749549,0,0.000000000,0.000000000,0.000000000
5,-0.000001907,-0.600409865,2.503707886,1,1,1,0.000000000,0.000000000,0.000000000,0.172938690,0,0.000000000,0.000000000,0.000000000
6,0.000000000,-0.600433707,2.504623413,1,1,1,0.000000000,0.000000000,0.000000000,0.227141187,0,0.000000000,0.000000000,0.000000000
7,0.000000000,-0.600425541,2.505538940,1,1,1,0.000000000,0.000000000,0.000000000,0.281252176,0,0.000000000,0.000000000,0.000000000
8,0.000001907,-0.600391984,2.506469727,1,1,1,0.000000000,0.000000000,0.000000000,0.336248994,0,0.000000000,0.000000000,0.000000000
9,0.000001907,-0.600338340,2.507385254,1,1,1,0.000000000,0.000000000,0.000000000,0.390386105,0,0.000000000,0.000000000,0.000000000
10,0.000001907,-0.600270271,2.508285522,1,1,1,0.000000000,0.000000000,0.000000000,0.444602519,0,0.000000000,0.000000000,0.000000000
11,0.000000000,-0.600192547,2.509201050,1,1,1,0.000000000,0.000000000,0.000000000,0.498923719,0,0.000000000,0.000000000,0.000000000
12,0.000001907,-0.600109696,2.510101318,1,1,1,0.000000000,0.000000000,0.000000000,0.552440882,0,0.000000000,0.000000000,0.000000000
13,0.000001907,-0.600025296,2.511016846,1,1,1,0.000000000,0.000000000,0.000000000,0.606978178,0,0.000000000,0.000000000,0.000000000
14,0.000003815,-0.599942327,2.511932373,1,1,1,0.000000000,0.000000000,0.000000000,0.661612034,0,0.000000000,0.000000000,0.000000000
15,0.000003815,-0.599863529,2.512832642,1,1,1,0.000000000,0.000000000,0.000000000,0.715412796,0,0.000000000,0.000000000,0.000000000
16,0.000001907,-0.599790692,2.513748169,1,1,1,0.000000000,0.000000000,0.000000000,0.769279301,0,0.000000000,0.000000000,0.000000000
17,0.000001907,-0.599724889,2.514648438,1,1,1,0.000000000,0.000000000,0.000000000,0.824112236,0,0.000000000,0.000000000,0.000000000
18,0.000001907,-0.599667430,2.515563965,1,1,1,0.000000000,0.000000000,0.000000000,0.878066897,0,0.000000000,0.000000000,0.000000000
19,0.000001907,-0.599618673,2.516464233,1,1,1,0.000000000,0.000000000,0.000000000,0.932047486,0,-0.000000000,0.000000000,0.000000000
20,0.000001907,-0.599578738,2.517349243,1,1,1,0.000000000,0.000000000,0.000000000,0.986044824,0,-0.000000000,0.000000000,0.000000000
21,0.000000000,-0.599547446,2.518249512,1,1,1,0.000000000,0.000000000,0.000000000,1.040052533,0,-0.000000000,0.000000000,0.000000000
22,-0.000001907,-0.599524379,2.519149780,1,1,1,0.000000000,0.000000000,0.000000000,1.094065428,0,-0.000000000,0.000000000,0.000000000
23,-0.000001907,-0.599508822,2.520034790,1,1,1,0.000000000,0.000000000,0.000000000,1.147164702,0,-0.000000000,0.000000000,0.000000000
24,-0.000001907,-0.599500060,2.520919800,1,1,1,0.000000000,0.000000000,0.000000000,1.201180339,0,-0.000000000,0.000000000,0.000000000
25,-0.000001907,-0.599497437,2.521804810,1,1,1,0.000000000,0.000000000,0.000000000,1.254279733,0,-0.000000000,0.000000000,0.000000000
26,0.000000000,-0.599500000,2.522705078,1,1,1,0.000000000,0.000000000,0.000000000,1.308294177,0,-0.000000000,0.000000000,0.000000000
27,0.000000000,-0.599506617,2.523590088,1,1,1,0.000000000,0.000000000,0.000000000,1.361392260,0,-0.000000000,0.000000000,0.000000000
28,0.000001907,-0.599516869,2.524475098,1,1,1,0.000000000,0.000000000,0.000000000,1.414489985,0,-0.000000000,0.000000000,0.000000000
29,0.000001907,-0.599529743,2.525360107,1,1,1,0.000000000,0.000000000,0.000000000,1.467587829,0,-0.000000000,0.000000000,0.000000000
30,0.000001907,-0.599544346,2.526260376,1,1,1,0.000000000,0.000000000,0.000000000,1.520686030,0,-0.000000000,0.000000000,0.000000000
31,0.000000000,-0.599560082,2.527130127,1,1,1,0.000000000,0.000000000,0.000000000,1.573784471,0,-0.000000000,0.000000000,0.000000000
32,0.000000000,-0.599576592,2.528015137,1,1,1,0.000000000,0.000000000,0.000000000,1.626883626,0,-0.000000000,0.000000000,0.000000000
33,0.000001907,-0.599592865,2.528869629,1,1,1,0.000000000,0.000000000,0.000000000,1.679983377,0,-0.000000000,0.000000000,0.000000000
34,0.000001907,-0.599608898,2.529769897,1,1,1,0.000000000,0.000000000,0.000000000,1.732168436,0,-0.000000000,0.000000000,0.000000000
35,-0.000001907,-0.599624276,2.530639648,1,1,1,0.000000000,0.000000000,0.000000000,1.785269380,0,-0.000000000,0.000000000,0.000000000
36,0.000000000,-0.599638700,2.531524658,1,1,1,0.000000000,0.000000000,0.000000000,1.837455392,0,-0.000000000,0.000000000,0.000000000
37,0.000000000,-0.599651694,2.532394409,1,1,1,0.000000000,0.000000000,0.000000000,1.890557051,0,-0.000000000,0.000000000,0.000000000
38,0.000000000,-0.599663377,2.533264160,1,1,1,0.000000000,0.000000000,0.000000000,1.942743421,0,-0.000000000,0.000000000,0.000000000
39,0.000000000,-0.599673986,2.534118652,1,1,1,0.000000000,0.000000000,0.000000000,1.994929910,0,-0.000000000,0.000000000,0.000000000
40,0.000000000,-0.599683046,2.535003662,1,1,1,0.000000000,0.000000000,0.000000000,2.047116280,0,-0.000000000,0.000000000,0.000000000
41,0.000000000,-0.599690914,2.535873413,1,1,1,0.000000000,0.000000000,0.000000000,2.099302530,0,-0.000000000,0.000000000,0.000000000
42,0.000000000,-0.599697411,2.536743164,1,1,1,0.000000000,0.000000000,0.000000000,2.151489019,0,-0.000000000,0.000000000,0.000000000
43,0.000000000,-0.599702716,2.537597656,1,1,1,0.000000000,0.000000000,0.000000000,2.203674793,0,0.000000000,0.000000000,0.000000000
44,0.000000000,-0.599707127,2.538467407,1,1,1,0.000000000,0.000000000,0.000000000,2.254945040,0,0.000000000,0.000000000,0.000000000
45,-0.000001907,-0.599710464,2.539337158,1,1,1,0.000000000,0.000000000,0.000000000,2.307130575,0,0.000000000,0.000000000,0.000000000
46,0.000000000,-0.599713087,2.540176392,1,1,1,0.000000000,0.000000000,0.000000000,2.359316111,0,0.000000000,0.000000000,0.000000000
47,0.000000000,-0.599714994,2.541046143,1,1,1,0.000000000,0.000000000,0.000000000,2.410585880,0,0.000000000,0.000000000,0.000000000
48,-0.000001907,-0.599716485,2.541900635,1,1,1,0.000000000,0.000000000,0.000000000,2.461855173,0,0.000000000,0.000000000,0.000000000
49,0.000000000,-0.599717379,2.542755127,1,1,1,0.000000000,0.000000000,0.000000000,2.513124943,0,0.000000000,0.000000000,0.000000000
50,0.000001907,-0.599718213,2.543624878,1,1,1,0.000000000,0.000000000,0.000000000,2.564394236,0,0.000000000,0.000000000,0.000000000
51,0.000001907,-0.599718571,2.544464111,1,1,1,0.000000000,0.000000000,0.000000000,2.616579294,0,0.000000000,0.000000000,0.000000000
52,0.000000000,-0.599719167,2.545318604,1,1,1,0.000000000,0.000000000,0.000000000,2.666933060,0,0.000000000,0.000000000,0.000000000
53,0.000000000,-0.599719644,2.546188354,1,1,1,0.000000000,0.000000000,0.000000000,2.718202353,0,0.000000000,0.000000000,0.000000000
54,0.000001907,-0.599720001,2.547027588,1,1,1,0.000000000,0.000000000,0.000000000,2.769471645,0,0.000000000,0.000000000,0.000000000
55,0.000000000,-0.599720836,2.547866821,1,1,1,0.000000000,0.000000000,0.000000000,2.820740938,0,0.000000000,0.000000000,0.000000000
56,0.000000000,-0.599721551,2.548721313,1,1,1,0.000000000,0.000000000,0.000000000,2.871094704,0,0.000000000,0.000000000,0.000000000
57,-0.000001907,-0.599722624,2.549560547,1,1,1,0.000000000,0.000000000,0.000000000,2.922363997,0,0.000000000,0.000000000,0.000000000
58,0.000000000,-0.599723816,2.550399780,1,1,1,0.000000000,0.000000000,0.000000000,2.972717762,0,0.000000000,0.000000000,0.000000000
59,0.000000000,-0.599725187,2.551239014,1,1,1,0.000000000,0.000000000,0.000000000,3.023071527,0,0.000000000,0.000000000,0.000000000
60,0.000000000,-0.599725604,2.552093506,1,1,1,0.000000000,0.000000000,0.000000000,3.073425531,0,0.000000000,0.000000000,0.000000000
61,-0.000001907,-0.599728107,2.552932739,1,1,1,0.000000000,0.000000000,0.000000000,3.124694586,0,0.000000000,0.000000000,0.000000000
62,0.000000000,-0.599730790,2.553771973,1,1,1,0.000000000,0.000000000,0.000000000,3.175048590,0,0.000000000,0.000000000,0.000000000
63,0.000000000,-0.599733472,2.554611206,1,1,1,0.000000000,0.000000000,0.000000000,3.224487066,0,0.000000000,0.000000000,0.000000000
64,0.000000000,-0.599735856,2.555450439,1,1,1,0.000000000,0.000000000,0.000000000,3.274841070,0,0.000000000,0.000000000,0.000000000
65,0.000000000,-0.599738419,2.556289673,1,1,1,0.000000000,0.000000000,0.000000000,3.325195074,0,0.000000000,0.000000000,0.000000000
66,-0.000001907,-0.599740982,2.557113647,1,1,1,0.000000000,0.000000000,0.000000000,3.375548840,0,0.000000000,0.000000000,0.000000000
67,-0.000001907,-0.599743843,2.557952881,1,1,1,0.000000000,0.000000000,0.000000000,3.424987316,0,0.000000000,0.000000000,0.000000000
68,-0.000001907,-0.599748015,2.558761597,1,1,1,0.000000000,0.000000000,0.000000000,3.475341320,0,0.000000000,0.000000000,0.000000000
69,0.000000000,-0.599749327,2.559585571,1,1,1,0.000000000,0.000000000,0.000000000,3.524780035,0,0.000000000,0.000000000,0.000000000
70,0.000000000,-0.599754035,2.560409546,1,1,1,0.000000000,0.000000000,0.000000000,3.574218273,0,0.000000000,0.000000000,0.000000000
71,0.000000000,-0.599755168,2.561233521,1,1,1,0.000000000,0.000000000,0.000000000,3.623656988,0,-0.000000000,0.000000000,0.000000000
72,0.000000000,-0.599760056,2.562057495,1,1,1,0.000000000,0.000000000,0.000000000,3.673095226,0,-0.000000000,0.000000000,0.000000000
73,0.000000000,-0.599762917,2.562881470,1,1,1,0.000000000,0.000000000,0.000000000,3.722533941,0,-0.000000000,0.000000000,0.000000000
74,0.000001907,-0.599763870,2.563705444,1,1,1,0.000000000,0.000000000,0.000000000,3.771972418,0,-0.000000000,0.000000000,0.000000000
75,0.000001907,-0.599768937,2.564529419,1,1,1,0.000000000,0.000000000,0.000000000,3.821410418,0,-0.000000000,0.000000000,0.000000000
76,0.000001907,-0.599771798,2.565353394,1,1,1,0.000000000,0.000000000,0.000000000,3.870849371,0,-0.000000000,0.000000000,0.000000000
77,0.000001907,-0.599774778,2.566162109,1,1,1,0.000000000,0.000000000,0.000000000,3.920287848,0,-0.000000000,0.000000000,0.000000000
78,0.000000000,-0.599775314,2.567001343,1,1,1,0.000000000,0.000000000,0.000000000,3.968810797,0,-0.000000000,0.000000000,0.000000000
79,0.000000000,-0.599780500,2.567794800,1,1,1,0.000000000,0.000000000,0.000000000,4.018249035,0,-0.000000000,0.000000000,0.000000000
80,0.000000000,-0.599783242,2.568603516,1,1,1,0.000000000,0.000000000,0.000000000,4.066772461,0,-0.000000000,0.000000000,0.000000000
81,0.000000000,-0.599785924,2.569412231,1,1,1,0.000000000,0.000000000,0.000000000,4.115295410,0,-0.000000000,0.000000000,0.000000000
82,0.000000000,-0.599788666,2.570220947,1,1,1,0.000000000,0.000000000,0.000000000,4.163818359,0,-0.000000000,0.000000000,0.000000000
83,0.000000000,-0.599791408,2.571029663,1,1,1,0.000000000,0.000000000,0.000000000,4.212341309,0,-0.000000000,0.000000000,0.000000000
84,0.000000000,-0.599794030,2.571838379,1,1,1,0.000000000,0.000000000,0.000000000,4.260864258,0,-0.000000000,0.000000000,0.000000000
85,0.000000000,-0.599796653,2.572647095,1,1,1,0.000000000,0.000000000,0.000000000,4.309387207,0,-0.000000000,0.000000000,0.000000000
86,0.000000000,-0.599799454,2.573455811,1,1,1,0.000000000,0.000000000,0.000000000,4.357910156,0,-0.000000000,0.000000000,0.000000000
87,0.000000000,-0.599802017,2.574264526,1,1,1,0.000000000,0.000000000,0.000000000,4.406433105,0,-0.000000000,0.000000000,0.000000000
88,0.000000000,-0.599802017,2.575057983,1,1,1,0.000000000,0.000000000,0.000000000,4.454956055,0,-0.000000000,0.000000000,0.000000000
89,0.000000000,-0.599807262,2.575866699,1,1,1,0.000000000,0.000000000,0.000000000,4.502563000,0,-0.000000000,0.000000000,0.000000000
90,0.000000000,-0.599809706,2.576660156,1,1,1,0.000000000,0.000000000,0.000000000,4.551086426,0,-0.000000000,0.000000000,0.000000000
91,0.000000000,-0.599812388,2.577453613,1,1,1,0.000000000,0.000000000,0.000000000,4.598693371,0,-0.000000000,0.000000000,0.000000000
92,0.000000000,-0.599814892,2.578262329,1,1,1,0.000000000,0.000000000,0.000000000,4.646300793,0,-0.000000000,0.000000000,0.000000000
93,0.000000000,-0.599817455,2.579055786,1,1,1,0.000000000,0.000000000,0.000000000,4.694823742,0,-0.000000000,0.000000000,0.000000000
94,0.000000000,-0.599819958,2.579849243,1,1,1,0.000000000,0.000000000,0.000000000,4.742431164,0,-0.000000000,0.000000000,0.000000000
95,-0.000001907,-0.599822521,2.580642700,1,1,1,0.000000000,0.000000000,0.000000000,4.790038586,0,-0.000000000,0.000000000,0.000000000
96,-0.000001907,-0.599825144,2.581436157,1,1,1,0.000000000,0.000000000,0.000000000,4.837646008,0,-0.000000000,0.000000000,0.000000000
97,-0.000001907,-0.599827588,2.582214355,1,1,1,0.000000000,0.000000000,0.000000000,4.885253429,0,-0.000000000,0.000000000,0.000000000
98,-0.000001907,-0.599830151,2.583007813,1,1,1,0.000000000,0.000000000,0.000000000,4.931945324,0,-0.000000000,0.000000000,0.000000000
99,-0.000001907,-0.599832714,2.583801270,1,1,1,0.000000000,0.000000000,0.000000000,4.979552746,0,-0.000000000,0.000000000,0.000000000
100,-0.000001907,-0.599835157,2.584579468,1,1,1,0.000000000,0.000000000,0.000000000,5.027160168,0,-0.000000000,0.000000000,0.000000000
101,-0.000001907,-0.599837720,2.585372925,1,1,1,0.000000000,0.000000000,0.000000000,5.073852062,0,-0.000000000,0.000000000,0.000000000
102,-0.000001907,-0.599840283,2.586151123,1,1,1,0.000000000,0.000000000,0.000000000,5.121459484,0,-0.000000000,0.000000000,0.000000000
103,-0.000001907,-0.599842727,2.586929321,1,1,1,0.000000000,0.000000000,0.000000000,5.168151379,0,-0.000000000,0.000000000,0.000000000
104,-0.000001907,-0.599845350,2.587722778,1,1,1,0.000000000,0.000000000,0.000000000,5.214843273,0,-0.000000000,0.000000000,0.000000000
105,0.000000000,-0.599847913,2.588500977,1,1,1,0.000000000,0.000000000,0.000000000,5.262450695,0,-0.000000000,0.000000000,0.000000000
106,-0.000001907,-0.599850476,2.589279175,1,1,1,0.000000000,0.000000000,0.000000000,5.309142590,0,-0.000000000,0.000000000,0.000000000
107,-0.000001907,-0.599852979,2.590057373,1,1,1,0.000000000,0.000000000,0.000000000,5.355834484,0,-0.000000000,0.000000000,0.000000000
108,-0.000001907,-0.599855483,2.590820313,1,1,1,0.000000000,0.000000000,0.000000000,5.402526379,0,-0.000000000,0.000000000,0.000000000
109,-0.000001907,-0.599858046,2.591598511,1,1,1,0.000000000,0.000000000,0.000000000,5.448302746,0,-0.000000000,0.000000000,0.000000000
110,-0.000001907,-0.599860549,2.592376709,1,1,1,0.000000000,0.000000000,0.000000000,5.494994640,0,-0.000000000,0.000000000,0.000000000
111,-0.000001907,-0.599863052,2.593154907,1,1,1,0.000000000,0.000000000,0.000000000,5.541686535,0,-0.000000000,0.000000000,0.000000000
112,0.000000000,-0.599865615,2.593933105,1,1,1,0.000000000,0.000000000,0.000000000,5.587462902,0,-0.000000000,0.000000000,0.000000000
113,-0.000001907,-0.599868119,2.594680786,1,1,1,0.000000000,0.000000000,0.000000000,5.634154797,0,-0.000000000,0.000000000,0.000000000
114,0.000000000,-0.599868774,2.595458984,1,1,1,0.000000000,0.000000000,0.000000000,5.679931164,0,-0.000000000,0.000000000,0.000000000
115,0.000000000,-0.599873185,2.596221924,1,1,1,0.000000000,0.000000000,0.000000000,5.726622581,0,-0.000000000,0.000000000,0.000000000
116,0.000000000,-0.599875808,2.596984863,1,1,1,0.000000000,0.000000000,0.000000000,5.772399426,0,-0.000000000,0.000000000,0.000000000
117,0.000000000,-0.599878192,2.597747803,1,1,1,0.000000000,0.000000000,0.000000000,5.818175793,0,-0.000000000,0.000000000,0.000000000
118,0.000001907,-0.599880815,2.598510742,1,1,1,0.000000000,0.000000000,0.000000000,5.863952160,0,-0.000000000,0.000000000,0.000000000
119,0.000000000,-0.599883139,2.599273682,1,1,1,0.000000000,0.000000000,0.000000000,5.909728527,0,-0.000000000,0.000000000,0.000000000
120,0.000000000,-0.599885821,2.600036621,1,1,1,0.000000000,0.000000000,0.000000000,5.955504894,0,-0.000000000,0.000000000,0.000000000
121,0.000000000,-0.599888265,2.600799561,1,1,1,0.000000000,0.000000000,0.000000000,6.001281261,0,-0.000000000,0.000000000,0.000000000
122,0.000000000,-0.599890769,2.601547241,1,1,1,0.000000000,0.000000000,0.000000000,6.047057629,0,-0.000000000,0.000000000,0.000000000
123,0.000000000,-0.599893212,2.602310181,1,1,1,0.000000000,0.000000000,0.000000000,6.091918468,0,-0.000000000,0.000000000,0.000000000
124,0.000000000,-0.599895775,2.603073120,1,1,1,0.000000000,0.000000000,0.000000000,6.137694836,0,-0.000000000,0.000000000,0.000000000
125,0.000000000,-0.599898219,2.603820801,1,1,1,0.000000000,0.000000000,0.000000000,6.183471203,0,-0.000000000,0.000000000,0.000000000
126,0.000001907,-0.599900603,2.604568481,1,1,1,0.000000000,0.000000000,0.000000000,6.228332043,0,-0.000000000,0.000000000,0.000000000
127,0.000000000,-0.599903166,2.605331421,1,1,1,0.000000000,0.000000000,0.000000000,6.273192883,0,-0.000000000,0.000000000,0.000000000
128,0.000000000,-0.599905670,2.606079102,1,1,1,0.000000000,0.000000000,0.000000000,6.318969250,0,-0.000000000,0.000000000,0.000000000
129,0.000001907,-0.599908054,2.606826782,1,1,1,0.000000000,0.000000000,0.000000000,6.363830090,0,-0.000000000,0.000000000,0.000000000
130,0.000000000,-0.599910498,2.607574463,1,1,1,0.000000000,0.000000000,0.000000000,6.408690929,0,-0.000000000,0.000000000,0.000000000
131,0.000000000,-0.599912882,2.608322144,1,1,1,0.000000000,0.000000000,0.000000000,6.453551769,0,-0.000000000,0.000000000,0.000000000
132,0.000001907,-0.599915445,2.609069824,1,1,1,0.000000000,0.000000000,0.000000000,6.498412609,0,-0.000000000,0.000000000,0.000000000
133,-0.000001907,-0.599917412,2.609802246,1,1,1,0.000000000,0.000000000,0.000000000,6.543273449,0,-0.000000000,0.000000000,0.000000000
134,-0.000001907,-0.599920273,2.610549927,1,1,1,0.000000000,0.000000000,0.000000000,6.587218761,0,-0.000000000,0.000000000,0.000000000
135,-0.000001907,-0.599922657,2.611297607,1,1,1,0.000000000,0.000000000,0.000000000,6.632079601,0,-0.000000000,0.000000000,0.000000000
136,-0.000001907,-0.599924982,2.612030029,1,1,1,0.000000000,0.000000000,0.000000000,6.676940441,0,-0.000000000,0.000000000,0.000000000
137,0.000000000,-0.599927425,2.612777710,1,1,1,0.000000000,0.000000000,0.000000000,6.720885754,0,-0.000000000,0.000000000,0.000000000
138,-0.000001907,-0.599929929,2.613525391,1,1,1,0.000000000,0.000000000,0.000000000,6.765746593,0,-0.000000000,0.000000000,0.000000000
139,-0.000001907,-0.599932253,2.614257813,1,1,1,0.000000000,0.000000000,0.000000000,6.809691906,0,-0.000000000,0.000000000,0.000000000
140,0.000000000,-0.599934697,2.614990234,1,1,1,0.000000000,0.000000000,0.000000000,6.853637218,0,-0.000000000,0.000000000,0.000000000
141,-0.000001907,-0.599937081,2.615722656,1,1,1,0.000000000,0.000000000,0.000000000,6.898498058,0,-0.000000000,0.000000000,0.000000000
142,-0.000001907,-0.599939525,2.616455078,1,1,1,0.000000000,0.000000000,0.000000000,6.942443371,0,-0.000000000,0.000000000,0.000000000
143,-0.000001907,-0.599941969,2.617187500,1,1,1,0.000000000,0.000000000,0.000000000,6.986388683,0,-0.000000000,0.000000000,0.000000000
144,0.000000000,-0.599944293,2.617919922,1,1,1,0.000000000,0.000000000,0.000000000,7.030333996,0,-0.000000000,0.000000000,0.000000000
145,-0.000001907,-0.599946618,2.618637085,1,1,1,0.000000000,0.000000000,0.000000000,7.074279308,0,-0.000000000,0.000000000,0.000000000
146,-0.000001907,-0.599949062,2.619369507,1,1,1,0.000000000,0.000000000,0.000000000,7.117309093,0,-0.000000000,0.000000000,0.000000000
147,-0.000001907,-0.599951446,2.620101929,1,1,1,0.000000000,0.000000000,0.000000000,7.161254406,0,-0.000000000,0.000000000,0.000000000
148,0.000000000,-0.599953830,2.620819092,1,1,1,0.000000000,0.000000000,0.000000000,7.205199718,0,-0.000000000,0.000000000,0.000000000
149,-0.000001907,-0.599956214,2.621551514,1,1,1,0.000000000,0.000000000,0.000000000,7.248229504,0,-0.000000000,0.000000000,0.000000000
150,-0.000001907,-0.599958539,2.622268677,1,1,1,0.000000000,0.000000000,0.000000000,7.292174816,0,-0.000000000,0.000000000,0.000000000
151,-0.000001907,-0.599961936,2.623001099,1,1,1,0.000000000,0.000000000,0.000000000,7.335204601,0,0.000000000,0.000000000,0.000000000
152,-0.000001907,-0.599963307,2.623718262,1,1,1,0.000000000,0.000000000,0.000000000,7.379149914,0,0.000000000,0.000000000,0.000000000
153,0.000000000,-0.599965692,2.624435425,1,1,1,0.000000000,0.000000000,0.000000000,7.422179699,0,0.000000000,0.000000000,0.000000000
154,0.000000000,-0.599967957,2.625152588,1,1,1,0.000000000,0.000000000,0.000000000,7.465209484,0,0.000000000,0.000000000,0.000000000
155,-0.000001907,-0.599970341,2.625869751,1,1,1,0.000000000,0.000000000,0.000000000,7.508239269,0,0.000000000,0.000000000,0.000000000
156,-0.000001907,-0.599972725,2.626586914,1,1,1,0.000000000,0.000000000,0.000000000,7.551269054,0,0.000000000,0.000000000,0.000000000
157,-0.000001907,-0.599974990,2.627304077,1,1,1,0.000000000,0.000000000,0.000000000,7.594298840,0,0.000000000,0.000000000,0.000000000
158,0.000000000,-0.599977374,2.628021240,1,1,1,0.000000000,0.000000000,0.000000000,7.637328625,0,0.000000000,0.000000000,0.000000000
159,-0.000001907,-0.599979639,2.628723145,1,1,1,0.000000000,0.000000000,0.000000000,7.680358410,0,0.000000000,0.000000000,0.000000000
160,-0.000001907,-0.599982023,2.629440308,1,1,1,0.000000000,0.000000000,0.000000000,7.722472668,0,0.000000000,0.000000000,0.000000000
161,-0.000001907,-0.599984288,2.630157471,1,1,1,0.000000000,0.000000000,0.000000000,7.765502453,0,0.000000000,0.000000000,0.000000000
162,-0.000001907,-0.599986672,2.630859375,1,1,1,0.000000000,0.000000000,0.000000000,7.807616711,0,0.000000000,0.000000000,0.000000000
163,0.000000000,-0.599988937,2.631561279,1,1,1,0.000000000,0.000000000,0.000000000,7.850646496,0,0.000000000,0.000000000,0.000000000
164,0.000000000,-0.599991322,2.632278442,1,1,1,0.000000000,0.000000000,0.000000000,7.892760754,0,0.000000000,0.000000000,0.000000000
165,-0.000001907,-0.599993587,2.632980347,1,1,1,0.000000000,0.000000000,0.000000000,7.935790539,0,0.000000000,0.000000000,0.000000000
166,-0.000001907,-0.599995852,2.633682251,1,1,1,0.000000000,0.000000000,0.000000000,7.977904797,0,0.000000000,0.000000000,0.000000000
167,-0.000001907,-0.599998236,2.634384155,1,1,1,0.000000000,0.000000000,0.000000000,8.020019531,0,0.000000000,0.000000000,0.000000000
168,-0.000001907,-0.600000501,2.635086060,1,1,1,0.000000000,0.000000000,0.000000000,8.062133789,0,0.000000000,0.000000000,0.000000000
169,0.000000000,-0.600002766,2.635787964,1,1,1,0.000000000,0.000000000,0.000000000,8.104248047,0,0.000000000,0.000000000,0.000000000
170,0.000000000,-0.600005150,2.636489868,1,1,1,0.000000000,0.000000000,0.000000000,8.146362305,0,0.000000000,0.000000000,0.000000000
171,-0.000001907,-0.600007415,2.637191772,1,1,1,0.000000000,0.000000000,0.000000000,8.188476563,0,0.000000000,0.000000000,0.000000000
172,-0.000001907,-0.600009561,2.637878418,1,1,1,0.000000000,0.000000000,0.000000000,8.230590820,0,0.000000000,0.000000000,0.000000000
173,-0.000001907,-0.600011945,2.638580322,1,1,1,0.000000000,0.000000000,0.000000000,8.271789551,0,0.000000000,0.000000000,0.000000000
174,-0.000001907,-0.600014210,2.639282227,1,1,1,0.000000000,0.000000000,0.000000000,8.313903809,0,0.000000000,0.000000000,0.000000000
175,0.000000000,-0.600016475,2.639968872,1,1,1,0.000000000,0.000000000,0.000000000,8.356018066,0,0.000000000,0.000000000,0.000000000
176,0.000000000,-0.600018740,2.640655518,1,1,1,0.000000000,0.000000000,0.000000000,8.397216797,0,0.000000000,0.000000000,0.000000000
177,0.000000000,-0.600021005,2.641357422,1,1,1,0.000000000,0.000000000,0.000000000,8.438415527,0,0.000000000,0.000000000,0.000000000
178,0.000000000,-0.600023270,2.642044067,1,1,1,0.000000000,0.000000000,0.000000000,8.480529785,0,0.000000000,0.000000000,0.000000000
179,-0.000001907,-0.600025535,2.642730713,1,1,1,0.000000000,0.000000000,0.000000000,8.521728516,0,0.000000000,0.000000000,0.000000000
180,-0.000001907,-0.600027680,2.643417358,1,1,1,0.000000000,0.000000000,0.000000000,8.562927246,0,0.000000000,0.000000000,0.000000000
181,-0.000001907,-0.600030065,2.644119263,1,1,1,0.000000000,0.000000000,0.000000000,8.604125977,0,0.000000000,0.000000000,0.000000000
182,-0.000001907,-0.600032210,2.644790649,1,1,1,0.000000000,0.000000000,0.000000000,8.645324707,0,0.000000000,0.000000000,0.000000000
183,-0.000001907,-0.600034475,2.645477295,1,1,1,0.000000000,0.000000000,0.000000000,8.686523438,0,0.000000000,0.000000000,0.000000000
184,0.000000000,-0.600036740,2.646163940,1,1,1,0.000000000,0.000000000,0.000000000,8.727722168,0,0.000000000,0.000000000,0.000000000
185,0.000000000,-0.600039005,2.646850586,1,1,1,0.000000000,0.000000000,0.000000000,8.768920898,0,0.000000000,0.000000000,0.000000000
186,0.000000000,-0.600041270,2.647521973,1,1,1,0.000000000,0.000000000,0.000000000,8.810119629,0,0.000000000,0.000000000,0.000000000
187,0.000000000,-0.600043416,2.648208618,1,1,1,0.000000000,0.000000000,0.000000000,8.850402832,0,0.000000000,0.000000000,0.000000000
188,0.000000000,-0.600045681,2.648880005,1,1,1,0.000000000,0.000000000,0.000000000,8.891601563,0,0.000000000,0.000000000,0.000000000
189,0.000000000,-0.600047946,2.649566650,1,1,1,0.000000000,0.000000000,0.000000000,8.931884766,0,0.000000000,0.000000000,0.000000000
190,-0.000001907,-0.600050092,2.650238037,1,1,1,0.000000000,0.000000000,0.000000000,8.973083496,0,0.000000000,0.000000000,0.000000000
191,-0.000001907,-0.600052357,2.650909424,1,1,1,0.000000000,0.000000000,0.000000000,9.013366699,0,0.000000000,0.000000000,0.000000000
192,-0.000001907,-0.600054502,2.651596069,1,1,1,0.000000000,0.000000000,0.000000000,9.053649902,0,0.000000000,0.000000000,0.000000000
193,-0.000001907,-0.600056767,2.652267456,1,1,1,0.000000000,0.000000000,0.000000000,9.094848633,0,0.000000000,0.000000000,0.000000000
194,-0.000001907,-0.600058913,2.652938843,1,1,1,0.000000000,0.000000000,0.000000000,9.135131836,0,0.000000000,0.000000000,0.000000000
195,-0.000003815,-0.600063682,2.653610229,1,1,1,0.000000000,0.000000000,0.000000000,9.175414085,0,0.000000000,0.000000000,0.000000000
196,-0.000003815,-0.600063324,2.654281616,1,1,1,0.000000000,0.000000000,0.000000000,9.215698242,0,0.000000000,0.000000000,0.000000000
197,-0.000003815,-0.600065470,2.654937744,1,1,1,0.000000000,0.000000000,0.000000000,9.255980492,0,0.000000000,0.000000000,0.000000000
198,-0.000003815,-0.600067675,2.655609131,1,1,1,0.000000000,0.000000000,0.000000000,9.295348167,0,0.000000000,0.000000000,0.000000000
199,-0.000003815,-0.600069880,2.656280518,1,1,1,0.000000000,0.000000000,0.000000000,9.335631371,0,0.000000000,0.000000000,0.000000000
200,-0.000003815,-0.600072026,2.656951904,1,1,1,0.000000000,0.000000000,0.000000000,9.375914574,0,0.000000000,0.000000000,0.000000000
201,-0.000003815,-0.600074232,2.657608032,1,1,1,0.000000000,0.000000000,0.000000000,9.415282249,0,0.000000000,0.000000000,0.000000000
202,-0.000003815,-0.600076377,2.658264160,1,1,1,0.000000000,0.000000000,0.000000000,9.455565453,0,0.000000000,0.000000000,0.000000000
203,-0.000003815,-0.600078583,2.658935547,1,1,1,0.000000000,0.000000000,0.000000000,9.494933128,0,0.000000000,0.000000000,0.000000000
204,-0.000003815,-0.600080729,2.659591675,1,1,1,0.000000000,0.000000000,0.000000000,9.535216331,0,0.000000000,0.000000000,0.000000000
205,-0.000003815,-0.600082874,2.660247803,1,1,1,0.000000000,0.000000000,0.000000000,9.574584007,0,0.000000000,0.000000000,0.000000000
206,-0.000003815,-0.600085020,2.660919189,1,1,1,0.000000000,0.000000000,0.000000000,9.613951683,0,0.000000000,0.000000000,0.000000000
207,-0.000003815,-0.600087225,2.661575317,1,1,1,0.000000000,0.000000000,0.000000000,9.654234886,0,0.000000000,0.000000000,0.000000000
208,-0.000003815,-0.600089371,2.662231445,1,1,1,0.000000000,0.000000000,0.000000000,9.693602562,0,0.000000000,0.000000000,0.000000000
209,-0.000003815,-0.600091517,2.662887573,1,1,1,0.000000000,0.000000000,0.000000000,9.732970238,0,0.000000000,0.000000000,0.000000000
210,-0.000003815,-0.600093663,2.663543701,1,1,1,0.000000000,0.000000000,0.000000000,9.772337914,0,0.000000000,0.000000000,0.000000000
211,-0.000003815,-0.600095749,2.664184570,1,1,1,0.000000000,0.000000000,0.000000000,9.811705589,0,0.000000000,0.000000000,0.000000000
212,-0.000003815,-0.600097895,2.664840698,1,1,1,0.000000000,0.000000000,0.000000000,9.850157738,0,0.000000000,0.000000000,0.000000000
213,-0.000003815,-0.600100040,2.665496826,1,1,1,0.000000000,0.000000000,0.000000000,9.889525414,0,0.000000000,0.000000000,0.000000000
214,-0.000003815,-0.600102127,2.666137695,1,1,1,0.000000000,0.000000000,0.000000000,9.928893089,0,0.000000000,0.000000000,0.000000000
215,-0.000003815,-0.600104272,2.666793823,1,1,1,0.000000000,0.000000000,0.000000000,9.967345238,0,0.000000000,0.000000000,0.000000000
216,-0.000003815,-0.600106359,2.667434692,1,1,1,0.000000000,0.000000000,0.000000000,10.006712914,0,0.000000000,0.000000000,0.000000000
217,-0.000003815,-0.600108564,2.668106079,1,1,1,0.000000000,0.000000000,0.000000000,10.045165062,0,0.000000000,0.000000000,0.000000000
218,-0.000003815,-0.600110650,2.668731689,1,1,1,0.000000000,0.000000000,0.000000000,10.084532738,0,0.000000000,0.000000000,0.000000000
219,-0.000003815,-0.600112796,2.669372559,1,1,1,0.000000000,0.000000000,0.000000000,10.122984886,0,0.000000000,0.000000000,0.000000000
220,-0.000003815,-0.600114882,2.670028687,1,1,1,0.000000000,0.000000000,0.000000000,10.161437035,0,0.000000000,0.000000000,0.000000000
221,-0.000001907,-0.600117028,2.670669556,1,1,1,0.000000000,0.000000000,0.000000000,10.200804710,0,0.000000000,0.000000000,0.000000000
222,-0.000001907,-0.600119114,2.671310425,1,1,1,0.000000000,0.000000000,0.000000000,10.239256859,0,0.000000000,0.000000000,0.000000000
223,-0.000001907,-0.600121200,2.671951294,1,1,1,0.000000000,0.000000000,0.000000000,10.277709007,0,0.000000000,0.000000000,0.000000000
224,-0.000001907,-0.600123346,2.672592163,1,1,1,0.000000000,0.000000000,0.000000000,10.316161156,0,0.000000000,0.000000000,0.000000000
225,-0.000001907,-0.600125372,2.673217773,1,1,1,0.000000000,0.000000000,0.000000000,10.354613304,0,0.000000000,0.000000000,0.000000000
226,-0.000001907,-0.600127459,2.673858643,1,1,1,0.000000000,0.000000000,0.000000000,10.392149925,0,0.000000000,0.000000000,0.000000000
227,-0.000001907,-0.600129545,2.674499512,1,1,1,0.000000000,0.000000000,0.000000000,10.430602074,0,0.000000000,0.000000000,0.000000000
228,-0.000001907,-0.600131631,2.675140381,1,1,1,0.000000000,0.000000000,0.000000000,10.469054222,0,0.000000000,0.000000000,0.000000000
229,-0.000003815,-0.600133657,2.675765991,1,1,1,0.000000000,0.000000000,0.000000000,10.507506371,0,0.000000000,0.000000000,0.000000000
230,-0.000003815,-0.600135803,2.676406860,1,1,1,0.000000000,0.000000000,0.000000000,10.545042992,0,0.000000000,0.000000000,0.000000000
231,-0.000003815,-0.600137830,2.677032471,1,1,1,0.000000000,0.000000000,0.000000000,10.583495140,0,0.000000000,0.000000000,0.000000000
232,-0.000003815,-0.600139856,2.677658081,1,1,1,0.000000000,0.000000000,0.000000000,10.621031761,0,0.000000000,0.000000000,0.000000000
233,-0.000001907,-0.600142002,2.678314209,1,1,1,0.000000000,0.000000000,0.000000000,10.658568382,0,0.000000000,0.000000000,0.000000000
234,-0.000001907,-0.600144029,2.678924561,1,1,1,0.000000000,0.000000000,0.000000000,10.697020531,0,0.000000000,0.000000000,0.000000000
235,-0.000001907,-0.600146055,2.679550171,1,1,1,0.000000000,0.000000000,0.000000000,10.734557152,0,0.000000000,0.000000000,0.000000000
236,-0.000001907,-0.600148141,2.680175781,1,1,1,0.000000000,0.000000000,0.000000000,10.772093773,0,0.000000000,0.000000000,0.000000000
237,-0.000001907,-0.600150168,2.680801392,1,1,1,0.000000000,0.000000000,0.000000000,10.809630394,0,0.000000000,0.000000000,0.000000000
238,-0.000001907,-0.600152194,2.681427002,1,1,1,0.000000000,0.000000000,0.000000000,10.847167015,0,0.000000000,0.000000000,0.000000000
239,-0.000003815,-0.600154221,2.682052612,1,1,1,0.000000000,0.000000000,0.000000000,10.884703636,0,0.000000000,0.000000000,0.000000000
240,-0.000003815,-0.600156307,2.682678223,1,1,1,0.000000000,0.000000000,0.000000000,10.922240257,0,0.000000000,0.000000000,0.000000000
241,-0.000001907,-0.600158334,2.683288574,1,1,1,0.000000000,0.000000000,0.000000000,10.959776878,0,0.000000000,0.000000000,0.000000000
242,-0.000001907,-0.600160360,2.683914185,1,1,1,0.000000000,0.000000000,0.000000000,10.996397972,0,0.000000000,0.000000000,0.000000000
243,-0.000001907,-0.600162387,2.684539795,1,1,1,0.000000000,0.000000000,0.000000000,11.033934593,0,0.000000000,0.000000000,0.000000000
244,-0.000001907,-0.600164413,2.685150146,1,1,1,0.000000000,0.000000000,0.000000000,11.071471214,0,0.000000000,0.000000000,0.000000000
245,-0.000001907,-0.600166440,2.685775757,1,1,1,0.000000000,0.000000000,0.000000000,11.108092308,0,0.000000000,0.000000000,0.000000000
246,-0.000003815,-0.600168407,2.686386108,1,1,1,0.000000000,0.000000000,0.000000000,11.145628929,0,0.000000000,0.000000000,0.000000000
247,-0.000003815,-0.600170434,2.686996460,1,1,1,0.000000000,0.000000000,0.000000000,11.182250023,0,0.000000000,0.000000000,0.000000000
248,-0.000001907,-0.600172460,2.687622070,1,1,1,0.000000000,0.000000000,0.000000000,11.218871117,0,0.000000000,0.000000000,0.000000000
249,-0.000001907,-0.600174487,2.688232422,1,1,1,0.000000000,0.000000000,0.000000000,11.256407738,0,0.000000000,0.000000000,0.000000000
250,-0.000001907,-0.600176513,2.688842773,1,1,1,0.000000000,0.000000000,0.000000000,11.293028831,0,0.000000000,0.000000000,0.000000000
251,-0.000001907,-0.600178540,2.689453125,1,1,1,0.000000000,0.000000000,0.000000000,11.329649925,0,0.000000000,0.000000000,0.000000000
252,-0.000003815,-0.600180507,2.690063477,1,1,1,0.000000000,0.000000000,0.000000000,11.366271019,0,0.000000000,0.000000000,0.000000000
253,-0.000001907,-0.600182533,2.690673828,1,1,1,0.000000000,0.000000000,0.000000000,11.402892113,0,0.000000000,0.000000000,0.000000000
254,-0.000001907,-0.600184500,2.691284180,1,1,1,0.000000000,0.000000000,0.000000000,11.439513206,0,0.000000000,0.000000000,0.000000000
255,-0.000001907,-0.600186527,2.691894531,1,1,1,0.000000000,0.000000000,0.000000000,11.476134300,0,0.000000000,0.000000000,0.000000000
256,-0.000001907,-0.600188434,2.692489624,1,1,1,0.000000000,0.000000000,0.000000000,11.512755394,0,0.000000000,0.000000000,0.000000000
257,-0.000003815,-0.600190401,2.693099976,1,1,1,0.000000000,0.000000000,0.000000000,11.548460960,0,0.000000000,0.000000000,0.000000000
258,-0.000001907,-0.600192428,2.693710327,1,1,1,0.000000000,0.000000000,0.000000000,11.585082054,0,0.000000000,0.000000000,0.000000000
259,-0.000001907,-0.600194395,2.694305420,1,1,1,0.000000000,0.000000000,0.000000000,11.621703148,0,0.000000000,0.000000000,0.000000000
260,-0.000001907,-0.600196362,2.694915771,1,1,1,0.000000000,0.000000000,0.000000000,11.657408714,0,0.000000000,0.000000000,0.000000000
261,-0.000001907,-0.600198388,2.695510864,1,1,1,0.000000000,0.000000000,0.000000000,11.694029808,0,0.000000000,0.000000000,0.000000000
262,-0.000003815,-0.600200295,2.696105957,1,1,1,0.000000000,0.000000000,0.000000000,11.729735374,0,0.000000000,0.000000000,0.000000000
263,-0.000001907,-0.600202262,2.696716309,1,1,1,0.000000000,0.000000000,0.000000000,11.765440941,0,0.000000000,0.000000000,0.000000000
264,-0.000001907,-0.600204229,2.697311401,1,1,1,0.000000000,0.000000000,0.000000000,11.801146507,0,0.000000000,0.000000000,0.000000000
265,-0.000001907,-0.600206196,2.697906494,1,1,1,0.000000000,0.000000000,0.000000000,11.837767601,0,0.000000000,0.000000000,0.000000000
266,0.000000000,-0.600207210,2.698501587,1,1,1,0.000000000,0.000000000,0.000000000,11.873473167,0,0.000000000,0.000000000,0.000000000
267,0.000000000,-0.600210071,2.699096680,1,1,1,0.000000000,0.000000000,0.000000000,11.909178734,0,0.000000000,0.000000000,0.000000000
268,-0.000001907,-0.600211978,2.699691772,1,1,1,0.000000000,0.000000000,0.000000000,11.944884300,0,0.000000000,0.000000000,0.000000000
269,0.000000000,-0.600214005,2.700286865,1,1,1,0.000000000,0.000000000,0.000000000,11.980589867,0,0.000000000,0.000000000,0.000000000
270,0.000000000,-0.600215912,2.700866699,1,1,1,0.000000000,0.000000000,0.000000000,12.016295433,0,0.000000000,0.000000000,0.000000000
271,0.000000000,-0.600217819,2.701461792,1,1,1,0.000000000,0.000000000,0.000000000,12.051085472,0,0.000000000,0.000000000,0.000000000
272,-0.000001907,-0.600219727,2.702056885,1,1,1,0.000000000,0.000000000,0.000000000,12.086791039,0,0.000000000,0.000000000,0.000000000
273,0.000000000,-0.600221753,2.702651978,1,1,1,0.000000000,0.000000000,0.000000000,12.122496605,0,0.000000000,0.000000000,0.000000000
274,0.000000000,-0.600223660,2.703231812,1,1,1,0.000000000,0.000000000,0.000000000,12.158202171,0,0.000000000,0.000000000,0.000000000
275,0.000000000,-0.600225568,2.703826904,1,1,1,0.000000000,0.000000000,0.000000000,12.192992210,0,0.000000000,0.000000000,0.000000000
276,-0.000001907,-0.600227475,2.704406738,1,1,1,0.000000000,0.000000000,0.000000000,12.228697777,0,0.000000000,0.000000000,0.000000000
277,0.000000000,-0.600229383,2.704986572,1,1,1,0.000000000,0.000000000,0.000000000,12.263487816,0,0.000000000,0.000000000,0.000000000
278,0.000000000,-0.600231290,2.705581665,1,1,1,0.000000000,0.000000000,0.000000000,12.298277855,0,0.000000000,0.000000000,0.000000000
279,0.000000000,-0.600233197,2.706161499,1,1,1,0.000000000,0.000000000,0.000000000,12.333983421,0,0.000000000,0.000000000,0.000000000
280,0.000000000,-0.600235105,2.706741333,1,1,1,0.000000000,0.000000000,0.000000000,12.368773460,0,0.000000000,0.000000000,0.000000000
281,0.000000000,-0.600237012,2.707321167,1,1,1,0.000000000,0.000000000,0.000000000,12.403563499,0,0.000000000,0.000000000,0.000000000
282,0.000000000,-0.600238919,2.707901001,1,1,1,0.000000000,0.000000000,0.000000000,12.438353539,0,0.000000000,0.000000000,0.000000000
283,-0.000001907,-0.600240827,2.708480835,1,1,1,0.000000000,0.000000000,0.000000000,12.473143578,0,0.000000000,0.000000000,0.000000000
284,0.000000000,-0.600242734,2.709060669,1,1,1,0.000000000,0.000000000,0.000000000,12.507933617,0,0.000000000,0.000000000,0.000000000
285,0.000000000,-0.600244641,2.709640503,1,1,1,0.000000000,0.000000000,0.000000000,12.542723656,0,0.000000000,0.000000000,0.000000000
286,-0.000001907,-0.600246549,2.710220337,1,1,1,0.000000000,0.000000000,0.000000000,12.577513695,0,0.000000000,0.000000000,0.000000000
287,0.000000000,-0.600248337,2.710784912,1,1,1,0.000000000,0.000000000,0.000000000,12.612303734,0,0.000000000,0.000000000,0.000000000
288,0.000000000,-0.600250244,2.711364746,1,1,1,0.000000000,0.000000000,0.000000000,12.646178246,0,0.000000000,0.000000000,0.000000000
289,0.000000000,-0.600252151,2.711944580,1,1,1,0.000000000,0.000000000,0.000000000,12.680968285,0,0.000000000,0.000000000,0.000000000
290,0.000000000,-0.600254059,2.712524414,1,1,1,0.000000000,0.000000000,0.000000000,12.715758324,0,0.000000000,0.000000000,0.000000000
291,0.000000000,-0.600255966,2.713088989,1,1,1,0.000000000,0.000000000,0.000000000,12.749632835,0,0.000000000,0.000000000,0.000000000
292,0.000000000,-0.600257754,2.713653564,1,1,1,0.000000000,0.000000000,0.000000000,12.784422874,0,0.000000000,0.000000000,0.000000000
293,0.000000000,-0.600259542,2.714218140,1,1,1,0.000000000,0.000000000,0.000000000,12.818297386,0,0.000000000,0.000000000,0.000000000
294,0.000000000,-0.600261450,2.714797974,1,1,1,0.000000000,0.000000000,0.000000000,12.852171898,0,0.000000000,0.000000000,0.000000000
295,0.000000000,-0.600263357,2.715362549,1,1,1,0.000000000,0.000000000,0.000000000,12.886961937,0,0.000000000,0.000000000,0.000000000
296,0.000000000,-0.600265145,2.715927124,1,1,1,0.000000000,0.000000000,0.000000000,12.920836449,0,0.000000000,0.000000000,0.000000000
297,0.000000000,-0.600267053,2.716491699,1,1,1,0.000000000,0.000000000,0.000000000,12.954710960,0,0.000000000,0.000000000,0.000000000
298,0.000000000,-0.600268841,2.717056274,1,1,1,0.000000000,0.000000000,0.000000000,12.988585472,0,0.000000000,0.000000000,0.000000000
299,0.000000000,-0.600270748,2.717620850,1,1,1,0.000000000,0.000000000,0.000000000,13.022459984,0,0.000000000,0.000000000,0.000000000
300,0.000000000,-0.600272536,2.718185425,1,1,1,0.000000000,0.000000000,0.000000000,13.056334496,0,0.000000000,0.000000000,0.000000000
301,0.000000000,-0.600274444,2.718750000,1,1,1,0.000000000,0.000000000,0.000000000,13.090209007,0,0.000000000,0.000000000,0.000000000
302,0.000000000,-0.600276232,2.719314575,1,1,1,0.000000000,0.000000000,0.000000000,13.124083519,0,0.000000000,0.000000000,0.000000000
303,0.000000000,-0.600278139,2.719879150,1,1,1,0.000000000,0.000000000,0.000000000,13.157958031,0,0.000000000,0.000000000,0.000000000
304,-0.000001907,-0.600279927,2.720428467,1,1,1,0.000000000,0.000000000,0.000000000,13.190917015,0,0.000000000,0.000000000,0.000000000
305,0.000000000,-0.600281715,2.720993042,1,1,1,0.000000000,0.000000000,0.000000000,13.224791527,0,0.000000000,0.000000000,0.000000000
306,0.000000000,-0.600283504,2.721542358,1,1,1,0.000000000,0.000000000,0.000000000,13.258666039,0,0.000000000,0.000000000,0.000000000
307,0.000000000,-0.600285411,2.722106934,1,1,1,0.000000000,0.000000000,0.000000000,13.291625023,0,0.000000000,0.000000000,0.000000000
308,0.000000000,-0.600287199,2.722656250,1,1,1,0.000000000,0.000000000,0.000000000,13.325499535,0,0.000000000,0.000000000,0.000000000
309,0.000000000,-0.600288987,2.723220825,1,1,1,0.000000000,0.000000000,0.000000000,13.358458519,0,0.000000000,0.000000000,0.000000000
310,0.000000000,-0.600290895,2.723770142,1,1,1,0.000000000,0.000000000,0.000000000,13.392333031,0,0.000000000,0.000000000,0.000000000
311,0.000000000,-0.600292683,2.724319458,1,1,1,0.000000000,0.000000000,0.000000000,13.425292015,0,0.000000000,0.000000000,0.000000000
312,0.000000000,-0.600294471,2.724868774,1,1,1,0.000000000,0.000000000,0.000000000,13.458250999,0,0.000000000,0.000000000,0.000000000
313,0.000000000,-0.600296259,2.725418091,1,1,1,0.000000000,0.000000000,0.000000000,13.491209984,0,0.000000000,0.000000000,0.000000000
314,0.000000000,-0.600298047,2.725967407,1,1,1,0.000000000,0.000000000,0.000000000,13.524168968,0,0.000000000,0.000000000,0.000000000
315,0.000000000,-0.600299835,2.726516724,1,1,1,0.000000000,0.000000000,0.000000000,13.557127953,0,0.000000000,0.000000000,0.000000000
316,0.000000000,-0.600301623,2.727066040,1,1,1,0.000000000,0.000000000,0.000000000,13.590086937,0,0.000000000,0.000000000,0.000000000
317,0.000000000,-0.600303411,2.727615356,1,1,1,0.000000000,0.000000000,0.000000000,13.623045921,0,0.000000000,0.000000000,0.000000000
318,0.000000000,-0.600305200,2.728164673,1,1,1,0.000000000,0.000000000,0.000000000,13.656004906,0,0.000000000,0.000000000,0.000000000
319,0.000000000,-0.600306988,2.728713989,1,1,1,0.000000000,0.000000000,0.000000000,13.688963890,0,0.000000000,0.000000000,0.000000000
320,0.000000000,-0.600308895,2.729263306,1,1,1,0.000000000,0.000000000,0.000000000,13.721922874,0,0.000000000,0.000000000,0.000000000
321,0.000000000,-0.600310564,2.729797363,1,1,1,0.000000000,0.000000000,0.000000000,13.754881859,0,0.000000000,0.000000000,0.000000000
322,0.000000000,-0.600312352,2.730346680,1,1,1,0.000000000,0.000000000,0.000000000,13.786925316,0,0.000000000,0.000000000,0.000000000
323,0.000000000,-0.600314140,2.730880737,1,1,1,0.000000000,0.000000000,0.000000000,13.819884300,0,0.000000000,0.000000000,0.000000000
324,0.000000000,-0.600315928,2.731430054,1,1,1,0.000000000,0.000000000,0.000000000,13.851927757,0,0.000000000,0.000000000,0.000000000
325,0.000000000,-0.600317717,2.731964111,1,1,1,0.000000000,0.000000000,0.000000000,13.884886742,0,0.000000000,0.000000000,0.000000000
326,0.000000000,-0.600319505,2.732513428,1,1,1,0.000000000,0.000000000,0.000000000,13.916930199,0,0.000000000,0.000000000,0.000000000
327,0.000000000,-0.600321293,2.733047485,1,1,1,0.000000000,0.000000000,0.000000000,13.949889183,0,0.000000000,0.000000000,0.000000000
328,0.000000000,-0.600322962,2.733581543,1,1,1,0.000000000,0.000000000,0.000000000,13.981932640,0,0.000000000,0.000000000,0.000000000
329,0.000000000,-0.600324750,2.734115601,1,1,1,0.000000000,0.000000000,0.000000000,14.013976097,0,0.000000000,0.000000000,0.000000000
330,0.000000000,-0.600326538,2.734649658,1,1,1,0.000000000,0.000000000,0.000000000,14.046019554,0,0.000000000,0.000000000,0.000000000
331,0.000000000,-0.600328207,2.735183716,1,1,1,0.000000000,0.000000000,0.000000000,14.078063011,0,0.000000000,0.000000000,0.000000000
332,0.000000000,-0.600329995,2.735717773,1,1,1,0.000000000,0.000000000,0.000000000,14.110106468,0,0.000000000,0.000000000,0.000000000
333,0.000000000,-0.600331783,2.736251831,1,1,1,0.000000000,0.000000000,0.000000000,14.142149925,0,0.000000000,0.000000000,0.000000000
334,0.000000000,-0.600333452,2.736785889,1,1,1,0.000000000,0.000000000,0.000000000,14.174193382,0,0.000000000,0.000000000,0.000000000
335,0.000000000,-0.600335240,2.737319946,1,1,1,0.000000000,0.000000000,0.000000000,14.206236839,0,0.000000000,0.000000000,0.000000000
336,0.000000000,-0.600336909,2.737854004,1,1,1,0.000000000,0.000000000,0.000000000,14.238280296,0,0.000000000,0.000000000,0.000000000
337,0.000000000,-0.600338697,2.738372803,1,1,1,0.000000000,0.000000000,0.000000000,14.270323753,0,0.000000000,0.000000000,0.000000000
338,0.000000000,-0.600340366,2.738906860,1,1,1,0.000000000,0.000000000,0.000000000,14.301451683,0,0.000000000,0.000000000,0.000000000
339,0.000000000,-0.600342155,2.739440918,1,1,1,0.000000000,0.000000000,0.000000000,14.333495140,0,0.000000000,0.000000000,0.000000000
340,0.000000000,-0.600343823,2.739959717,1,1,1,0.000000000,0.000000000,0.000000000,14.365538597,0,0.000000000,0.000000000,0.000000000
341,0.000000000,-0.600345612,2.740493774,1,1,1,0.000000000,0.000000000,0.000000000,14.396666527,0,0.000000000,0.000000000,0.000000000
342,0.000000000,-0.600347281,2.741012573,1,1,1,0.000000000,0.000000000,0.000000000,14.428709984,0,0.000000000,0.000000000,0.000000000
343,-0.000001907,-0.600349069,2.741531372,1,1,1,0.000000000,0.000000000,0.000000000,14.459837914,0,0.000000000,0.000000000,0.000000000
344,-0.000001907,-0.600350738,2.742065430,1,1,1,0.000000000,0.000000000,0.000000000,14.490965843,0,0.000000000,0.000000000,0.000000000
345,-0.000001907,-0.600352407,2.742584229,1,1,1,0.000000000,0.000000000,0.000000000,14.523009300,0,0.000000000,0.000000000,0.000000000
346,-0.000001907,-0.600354195,2.743103027,1,1,1,0.000000000,0.000000000,0.000000000,14.554137230,0,0.000000000,0.000000000,0.000000000
347,-0.000001907,-0.600355864,2.743621826,1,1,1,0.000000000,0.000000000,0.000000000,14.585265160,0,0.000000000,0.000000000,0.000000000
348,-0.000001907,-0.600357533,2.744140625,1,1,1,0.000000000,0.000000000,0.000000000,14.616393089,0,0.000000000,0.000000000,0.000000000
349,-0.000001907,-0.600359201,2.744659424,1,1,1,0.000000000,0.000000000,0.000000000,14.647521019,0,0.000000000,0.000000000,0.000000000
350,-0.000001907,-0.600360990,2.745178223,1,1,1,0.000000000,0.000000000,0.000000000,14.678648949,0,0.000000000,0.000000000,0.000000000
351,-0.000001907,-0.600362659,2.745697021,1,1,1,0.000000000,0.000000000,0.000000000,14.709776878,0,0.000000000,0.000000000,0.000000000
352,-0.000001907,-0.600364327,2.746215820,1,1,1,0.000000000,0.000000000,0.000000000,14.740904808,0,0.000000000,0.000000000,0.000000000
353,-0.000001907,-0.600365996,2.746734619,1,1,1,0.000000000,0.000000000,0.000000000,14.772032738,0,0.000000000,0.000000000,0.000000000
354,-0.000001907,-0.600367785,2.747253418,1,1,1,0.000000000,0.000000000,0.000000000,14.803160667,0,0.000000000,0.000000000,0.000000000
355,-0.000001907,-0.600369334,2.747756958,1,1,1,0.000000000,0.000000000,0.000000000,14.834288597,0,0.000000000,0.000000000,0.000000000
356,-0.000001907,-0.600371122,2.748275757,1,1,1,0.000000000,0.000000000,0.000000000,14.864500999,0,0.000000000,0.000000000,0.000000000
357,-0.000001907,-0.600372791,2.748794556,1,1,1,0.000000000,0.000000000,0.000000000,14.895628929,0,0.000000000,0.000000000,0.000000000
358,-0.000001907,-0.600568533,2.808578491,1,1,1,0.000000000,0.000000000,0.000000000,14.926756859,0,0.000000000,0.000000000,0.000000000
359,-0.000001907,-0.600837946,2.890884399,1,1,1,0.000000000,0.000000000,0.000000000,14.956969261,0,0.000000000,0.000000000,0.000000000
360,-0.000001907,-0.601114392,2.975311279,1,1,1,0.000000000,0.000000000,0.000000000,14.987181664,0,0.000000000,0.000000000,0.000000000
361,-0.000003815,-0.600366831,3.059906006,1,1,1,0.000000000,0.000000000,0.000000000,15.018309593,0,0.000000000,0.000000000,0.000000000
362,-0.000003815,-0.600644350,3.144668579,1,1,1,0.000000000,0.000000000,0.000000000,15.048521996,0,0.000000000,0.000000000,0.000000000
363,-0.000005722,-0.600922465,3.229598999,1,1,1,0.000000000,0.000000000,0.000000000,15.079649925,0,0.000000000,0.000000000,0.000000000
364,-0.000005722,-0.601194561,3.312728882,1,1,1,0.000000000,0.000000000,0.000000000,15.109862328,0,0.000000000,0.000000000,0.000000000
365,-0.000007629,-0.600372970,3.398025513,1,1,1,0.000000000,0.000000000,0.000000000,15.140074730,0,0.000000000,0.000000000,0.000000000
366,-0.000007629,-0.600652635,3.483459473,1,1,1,0.000000000,0.000000000,0.000000000,15.170287132,0,0.000000000,0.000000000,0.000000000
367,-0.000007629,-0.600932956,3.569076538,1,1,1,0.000000000,0.000000000,0.000000000,15.200499535,0,0.000000000,0.000000000,0.000000000
368,-0.000009537,-0.601213813,3.654861450,1,1,1,0.000000000,0.000000000,0.000000000,15.230711937,0,0.000000000,0.000000000,0.000000000
369,-0.000009537,-0.600381613,3.740814209,1,1,1,0.000000000,0.000000000,0.000000000,15.260924339,0,0.000000000,0.000000000,0.000000000
370,-0.000013351,-0.600663543,3.826934814,1,1,0,0.000000000,0.000000000,0.000000000,15.291136742,0,0.000000000,0.000000000,0.000000000
371,-0.000013351,-0.600945950,3.913223267,1,1,0,0.000000000,0.000000000,0.000000000,15.321349144,0,0.000000000,0.000000000,0.000000000
372,-0.000015259,-0.601222515,3.997665405,1,1,0,0.000000000,0.000000000,0.000000000,15.351561546,0,0.000000000,0.000000000,0.000000000
373,-0.000015259,-0.600386202,4.084274292,1,1,0,0.000000000,0.000000000,0.000000000,15.380858421,0,0.000000000,0.000000000,0.000000000
374,-0.000015259,-0.600670397,4.171066284,1,1,0,0.000000000,0.000000000,0.000000000,15.411070824,0,0.000000000,0.000000000,0.000000000
375,-0.000017166,-0.600955009,4.258010864,1,1,0,0.000000000,0.000000000,0.000000000,15.441283226,0,0.000000000,0.000000000,0.000000000
376,-0.000017166,-0.615822971,4.345092773,1,0,0,0.000000000,0.000000000,0.000000000,15.470580101,0,0.000000000,0.000000000,0.000000000
377,-0.000019073,-0.660371602,4.431213379,1,0,0,0.000000000,0.000000000,0.000000000,15.500792503,0,0.000000000,0.000000000,0.000000000
378,-0.000019073,-0.668989301,4.518661499,0,0,0,-0.000228882,-0.500000000,15.500792503,10.328077316,0,0.000000000,0.000000000,0.000000000
379,-0.029659271,-0.680292428,4.594970703,0,0,0,5.305264950,-0.663333356,2.100474358,10.347303391,0,0.000000000,0.000000000,0.000000000
380,-0.064022064,-0.694292486,4.663009644,0,0,0,6.342264175,-0.826666713,3.295859337,10.367444992,0,0.000000000,0.000000000,0.000000000
381,-0.102664948,-0.710980892,4.721069336,0,0,0,7.263220310,-0.990000069,5.046212196,10.386671066,0,0.000000000,0.000000000,0.000000000
382,-0.142818451,-0.730348587,4.765792847,0,0,0,7.743850231,-1.153333426,7.434709549,10.406812668,0,0.000000000,0.000000000,0.000000000
383,-0.178827286,-0.752385557,4.794326782,0,0,0,7.278257370,-1.316666722,10.413843155,10.426038742,0,0.000000000,0.000000000,0.000000000
384,-0.202064514,-0.777093649,4.807128906,0,0,0,5.201836109,-1.480000019,13.495685577,10.445264816,0,0.000000000,0.000000000,0.000000000
385,-0.202066422,-0.804496884,4.811462402,0,0,0,-0.000228882,-1.643333316,15.500792503,0.000000000,0,0.000000000,0.000000000,0.000000000
386,-0.202064514,-0.834623814,4.816284180,0,0,0,-0.000228882,-1.806666613,15.500792503,0.000000000,0,0.000000000,0.000000000,0.000000000
387,-0.202064514,-0.867474794,4.821563721,0,0,0,-0.000228882,-1.969999909,15.500792503,0.000000000,0,0.000000000,0.000000000,0.000000000
388,-0.202064514,-0.903049350,4.827346802,0,0,0,-0.000228882,-2.133333206,15.500792503,0.000000000,0,0.000000000,0.000000000,0.000000000
389,-0.202064514,-0.941347837,4.833602905,0,0,0,-0.000228882,-2.296666622,15.500792503,0.000000000,0,0.000000000,0.000000000,0.000000000
390,-0.202064514,-0.982370079,4.840316772,0,0,0,-0.000228882,-2.460000038,15.500792503,0.000000000,0,0.000000000,0.000000000,0.000000000
391,-0.202064514,-0.992478490,4.847625732,1,0,0,-0.000228882,0.000000000,15.500792503,0.000000000,0,0.000000000,0.000000000,0.000000000
392,-0.202064514,-0.993349910,5.113800049,1,0,0,0.000000000,0.000000000,0.000000000,0.000000000,0,0.000000000,0.000000000,0.000000000
393,-0.202064514,-0.994222939,5.380447388,1,0,0,0.000000000,0.000000000,0.000000000,0.000000000,0,0.000000000,0.000000000,0.000000000
394,-0.202066422,-0.995097518,5.647583008,1,0,0,0.000000000,0.000000000,0.000000000,0.000000000,0,0.000000000,0.000000000,0.000000000
395,-0.202066422,-0.995973706,5.915176392,1,0,0,0.000000000,0.000000000,0.000000000,0.000000000,0,0.000000000,0.000000000,0.000000000
396,-0.202066422,-0.996851444,6.183273315,1,0,0,0.000000000,0.000000000,0.000000000,0.000000000,0,0.000000000,0.000000000,0.000000000
397,-0.202068329,-0.997730732,6.451843262,1,0,0,0.000000000,0.000000000,0.000000000,0.000000000,0,0.000000000,0.000000000,0.000000000
398,-0.202068329,-0.998611689,6.720901489,1,0,0,0.000000000,0.000000000,0.000000000,0.000000000,0,0.000000000,0.000000000,0.000000000
399,-0.202068329,-0.999494076,6.990432739,1,0,0,0.000000000,0.000000000,0.000000000,0.000000000,0,0.000000000,0.000000000,0.000000000
400,-0.202070236,-1.000378132,7.260437012,1,0,0,0.000000000,0.000000000,0.000000000,0.000000000,0,0.000000000,0.000000000,0.000000000
401,-0.202070236,-1.001263618,7.530914307,1,0,0,0.000000000,0.000000000,0.000000000,0.000000000,0,0.000000000,0.000000000,0.000000000
402,-0.202070236,-1.002150774,7.801864624,1,0,0,0.000000000,0.000000000,0.000000000,0.000000000,0,0.000000000,0.000000000,0.000000000
403,-0.202072144,-1.003039479,8.073303223,1,0,0,0.000000000,0.000000000,0.000000000,0.000000000,0,0.000000000,0.000000000,0.000000000
404,-0.202072144,-1.003929734,8.345214844,1,0,0,0.000000000,0.000000000,0.000000000,0.000000000,0,0.000000000,0.000000000,0.000000000
405,-0.202072144,-1.004821539,8.617584229,1,0,0,0.000000000,0.000000000,0.000000000,0.000000000,0,0.000000000,0.000000000,0.000000000
406,-0.202074051,-1.005714774,8.890426636,1,0,0,0.000000000,0.000000000,0.000000000,0.000000000,0,0.000000000,0.000000000,0.000000000
407,-0.202074051,-1.006609678,9.163742065,1,0,0,0.000000000,0.000000000,0.000000000,0.000000000,0,0.000000000,0.000000000,0.000000000
408,-0.202074051,-1.007506013,9.437530518,1,0,0,0.000000000,0.000000000,0.000000000,0.000000000,0,0.000000000,0.000000000,0.000000000
409,-0.202074051,-1.008403897,9.711791992,1,0,0,0.000000000,0.000000000,0.000000000,0.000000000,0,0.000000000,0.000000000,0.000000000
410,-0.202075958,-1.009303451,9.986526489,1,0,0,0.000000000,0.000000000,0.000000000,0.000000000,0,0.000000000,0.000000000,0.000000000
411,-0.202075958,-1.010204434,10.261718750,1,0,0,0.000000000,0.000000000,0.000000000,0.000000000,0,0.000000000,0.000000000,0.000000000
412,-0.202075958,-1.011106968,10.537384033,1,0,0,0.000000000,0.000000000,0.000000000,0.000000000,0,0.000000000,0.000000000,0.000000000
413,-0.202077866,-1.012011051,10.813522339,1,0,0,0.000000000,0.000000000,0.000000000,0.000000000,0,0.000000000,0.000000000,0.000000000
414,-0.202077866,-1.012916565,11.090118408,1,0,0,0.000000000,0.000000000,0.000000000,0.000000000,0,0.000000000,0.000000000,0.000000000
415,-0.202077866,-1.013823748,11.367172241,1,0,0,0.000000000,0.000000000,0.000000000,0.000000000,0,0.000000000,0.000000000,0.000000000
416,-0.202077866,-1.014732361,11.644699097,1,0,0,0.000000000,0.000000000,0.000000000,0.000000000,0,0.000000000,0.000000000,0.000000000
417,-0.202079773,-1.015642524,11.922683716,1,0,0,0.000000000,0.000000000,0.000000000,0.000000000,0,0.000000000,0.000000000,0.000000000
418,-0.202079773,-1.016554117,12.201141357,1,0,0,0.000000000,0.000000000,0.000000000,0.000000000,0,0.000000000,0.000000000,0.000000000
419,-0.202079773,-1.017467380,12.480056763,1,0,0,0.000000000,0.000000000,0.000000000,0.000000000,0,0.000000000,0.000000000,0.000000000
420,-0.202079773,-1.018382072,12.759429932,1,0,0,0.000000000,0.000000000,0.000000000,0.000000000,0,0.000000000,0.000000000,0.000000000
421,-0.202081680,-1.019298196,13.039260864,1,0,0,0.000000000,0.000000000,0.000000000,0.000000000,0,0.000000000,0.000000000,0.000000000
422,-0.202081680,-1.020215869,13.319549561,1,0,0,0.000000000,0.000000000,0.000000000,0.000000000,0,0.000000000,0.000000000,0.000000000
423,-0.202081680,-1.021135092,13.600296021,1,0,0,0.000000000,0.000000000,0.000000000,0.000000000,0,0.000000000,0.000000000,0.000000000
424,-0.202083588,-1.022055626,13.881500244,1,0,0,0.000000000,0.000000000,0.000000000,0.000000000,0,0.000000000,0.000000000,0.000000000
425,-0.202083588,-1.022967815,14.163146973,1,0,0,0.000000000,0.000000000,0.000000000,0.000000000,0,-0.000000000,0.000000000,0.000000000
426,-0.202083588,-1.023891211,14.445266724,1,0,0,0.000000000,0.000000000,0.000000000,0.000000000,0,-0.000000000,0.000000000,0.000000000
427,-0.202083588,-1.024816155,14.727844238,1,0,0,0.000000000,0.000000000,0.000000000,0.000000000,0,-0.000000000,0.000000000,0.000000000
428,-0.202085495,-1.025742650,15.010879517,1,0,0,0.000000000,0.000000000,0.000000000,0.000000000,0,-0.000000000,0.000000000,0.000000000
429,-0.202085495,-1.026670575,15.294372559,1,0,0,0.000000000,0.000000000,0.000000000,0.000000000,0,-0.000000000,0.000000000,0.000000000
430,-0.202085495,-1.027600050,15.578323364,1,0,0,0.000000000,0.000000000,0.000000000,0.000000000,0,-0.000000000,0.000000000,0.000000000
431,-0.202085495,-1.028530955,15.862716675,1,0,0,0.000000000,0.000000000,0.000000000,0.000000000,0,-0.000000000,0.000000000,0.000000000
432,-0.202087402,-1.029463410,16.147567749,1,0,0,0.000000000,0.000000000,0.000000000,0.000000000,0,-0.000000000,0.000000000,0.000000000
433,-0.202087402,-1.030397177,16.432861328,1,0,0,0.000000000,0.000000000,0.000000000,0.000000000,0,-0.000000000,0.000000000,0.000000000
434,-0.202087402,-1.031332612,16.718612671,1,0,0,0.000000000,0.000000000,0.000000000,0.000000000,0,-0.000000000,0.000000000,0.000000000
435,-0.202087402,-1.032269359,17.004791260,1,0,0,0.000000000,0.000000000,0.000000000,0.000000000,0,-0.000000000,0.000000000,0.000000000
436,-0.202087402,-1.033207655,17.291442871,1,0,0,0.000000000,0.000000000,0.000000000,0.000000000,0,-0.000000000,0.000000000,0.000000000
437,-0.202089310,-1.034147382,17.578536987,1,0,0,0.000000000,0.000000000,0.000000000,0.000000000,0,-0.000000000,0.000000000,0.000000000
438,-0.202089310,-1.035088539,17.866073608,1,0,0,0.000000000,0.000000000,0.000000000,0.000000000,0,-0.000000000,0.000000000,0.000000000
439,-0.202089310,-1.036031246,18.154067993,1,0,0,0.000000000,0.000000000,0.000000000,0.000000000,0,-0.000000000,0.000000000,0.000000000
440,-0.202089310,-1.036975384,18.442504883,1,0,0,0.000000000,0.000000000,0.000000000,0.000000000,0,-0.000000000,0.000000000,0.000000000
441,-0.202091217,-1.037920952,18.731384277,1,0,0,0.000000000,0.000000000,0.000000000,0.000000000,0,-0.000000000,0.000000000,0.000000000
442,-0.202091217,-1.038868070,19.020706177,1,0,0,0.000000000,0.000000000,0.000000000,0.000000000,0,-0.000000000,0.000000000,0.000000000
443,-0.202091217,-1.039816618,19.310470581,1,0,0,0.000000000,0.000000000,0.000000000,0.000000000,0,-0.000000000,0.000000000,0.000000000
444,-0.202091217,-1.040766478,19.600662231,1,0,0,0.000000000,0.000000000,0.000000000,0.000000000,0,-0.000000000,0.000000000,0.000000000
445,-0.202091217,-1.041717887,19.891311646,1,0,0,0.000000000,0.000000000,0.000000000,0.000000000,0,-0.000000000,0.000000000,0.000000000
446,-0.202093124,-1.042670727,20.182403564,1,0,0,0.000000000,0.000000000,0.000000000,0.000000000,0,-0.000000000,0.000000000,0.000000000
447,-0.202093124,-1.043624997,20.473937988,1,0,0,0.000000000,0.000000000,0.000000000,0.000000000,0,-0.000000000,0.000000000,0.000000000
448,-0.202093124,-1.044580698,20.765914917,1,0,0,0.000000000,0.000000000,0.000000000,0.000000000,0,-0.000000000,0.000000000,0.000000000
449,-0.202093124,-1.045537829,21.058334351,1,0,0,0.000000000,0.000000000,0.000000000,0.000000000,0,-0.000000000,0.000000000,0.000000000
450,-0.202093124,-1.046496511,21.351196289,1,0,0,0.000000000,0.000000000,0.000000000,0.000000000,0,-0.000000000,0.000000000,0.000000000
451,-0.202093124,-1.047456503,21.644485474,1,0,0,0.000000000,0.000000000,0.000000000,0.000000000,0,-0.000000000,0.000000000,0.000000000
452,-0.202095032,-1.048418045,21.938217163,1,0,0,0.000000000,0.000000000,0.000000000,0.000000000,0,-0.000000000,0.000000000,0.000000000
453,-0.202095032,-1.049380898,22.232376099,1,0,0,0.000000000,0.000000000,0.000000000,0.000000000,0,-0.000000000,0.000000000,0.000000000
454,-0.202095032,-1.050345182,22.526962280,1,0,0,0.000000000,0.000000000,0.000000000,0.000000000,0,-0.000000000,0.000000000,0.000000000
455,-0.202095032,-1.051311016,22.822006226,1,0,0,0.000000000,0.000000000,0.000000000,0.000000000,0,-0.000000000,0.000000000,0.000000000
456,-0.202095032,-1.052278042,23.117477417,1,0,0,0.000000000,0.000000000,0.000000000,0.000000000,0,-0.000000000,0.000000000,0.000000000
457,-0.202095032,-1.053246737,23.413375854,1,0,0,0.000000000,0.000000000,0.000000000,0.000000000,0,-0.000000000,0.000000000,0.000000000
458,-0.202096939,-1.054216623,23.709716797,1,0,0,0.000000000,0.000000000,0.000000000,0.000000000,0,-0.000000000,0.000000000,0.000000000
459,-0.202096939,-1.055188060,24.006484985,1,0,0,0.000000000,0.000000000,0.000000000,0.000000000,0,-0.000000000,0.000000000,0.000000000
460,-0.202096939,-1.056160927,24.303680420,1,0,0,0.000000000,0.000000000,0.000000000,0.000000000,0,-0.000000000,0.000000000,0.000000000
461,-0.202096939,-1.057135105,24.601318359,1,0,0,0.000000000,0.000000000,0.000000000,0.000000000,0,-0.000000000,0.000000000,0.000000000
462,-0.202096939,-1.058110833,24.899383545,1,0,0,0.000000000,0.000000000,0.000000000,0.000000000,0,-0.000000000,0.000000000,0.000000000
463,-0.202096939,-1.059087873,25.197860718,1,0,0,0.000000000,0.000000000,0.000000000,0.000000000,0,-0.000000000,0.000000000,0.000000000
464,-0.202096939,-1.060066342,25.496780396,1,0,0,0.000000000,0.000000000,0.000000000,0.000000000,0,-0.000000000,0.000000000,0.000000000
465,-0.202098846,-1.061046124,25.796127319,1,0,0,0.000000000,0.000000000,0.000000000,0.000000000,0,-0.000000000,0.000000000,0.000000000
466,-0.202098846,-1.062027454,26.095901489,1,0,0,0.000000000,0.000000000,0.000000000,0.000000000,0,-0.000000000,0.000000000,0.000000000
467,-0.202098846,-1.063010097,26.396102905,1,0,0,0.000000000,0.000000000,0.000000000,0.000000000,0,-0.000000000,0.000000000,0.000000000
468,-0.202098846,-1.063994169,26.696731567,1,0,0,0.000000000,0.000000000,0.000000000,0.000000000,0,-0.000000000,0.000000000,0.000000000
469,-0.202098846,-1.064979553,26.997787476,1,0,0,0.000000000,0.000000000,0.000000000,0.000000000,0,-0.000000000,0.000000000,0.000000000
470,-0.202098846,-1.065966368,27.299255371,1,0,0,0.000000000,0.000000000,0.000000000,0.000000000,0,-0.000000000,0.000000000,0.000000000
471,-0.202098846,-1.066954613,27.601150513,1,0,0,0.000000000,0.000000000,0.000000000,0.000000000,0,-0.000000000,0.000000000,0.000000000
472,-0.202100754,-1.067944169,27.903472900,1,0,0,0.000000000,0.000000000,0.000000000,0.000000000,0,-0.000000000,0.000000000,0.000000000
473,-0.202100754,-1.068935156,28.206207275,1,0,0,0.000000000,0.000000000,0.000000000,0.000000000,0,-0.000000000,0.000000000,0.000000000
474,-0.202100754,-1.069927454,28.509368896,1,0,0,0.000000000,0.000000000,0.000000000,0.000000000,0,-0.000000000,0.000000000,0.000000000
475,-0.202100754,-1.070921183,28.812957764,1,0,0,0.000000000,0.000000000,0.000000000,0.000000000,0,-0.000000000,0.000000000,0.000000000
476,-0.202100754,-1.071916342,29.116958618,1,0,0,0.000000000,0.000000000,0.000000000,0.000000000,0,-0.000000000,0.000000000,0.000000000
477,-0.202100754,-1.072912693,29.421371460,1,0,0,0.000000000,0.000000000,0.000000000,0.000000000,0,-0.000000000,0.000000000,0.000000000
478,-0.202100754,-1.073910594,29.726211548,1,0,0,0.000000000,0.000000000,0.000000000,0.000000000,0,-0.000000000,0.000000000,0.000000000
479,-0.202100754,-1.074909806,30.031463623,1,0,0,0.000000000,0.000000000,0.000000000,0.000000000,0,-0.000000000,0.000000000,0.000000000
480,-0.202100754,-1.075910330,30.337142944,1,0,0,0.000000000,0.000000000,0.000000000,0.000000000,0,-0.000000000,0.000000000,0.000000000
481,-0.202100754,-1.076912284,30.643234253,1,0,0,0.000000000,0.000000000,0.000000000,0.000000000,0,-0.000000000,0.000000000,0.000000000
482,-0.202102661,-1.077915549,30.949745178,1,0,0,0.000000000,0.000000000,0.000000000,0.000000000,0,-0.000000000,0.000000000,0.000000000
483,-0.202102661,-1.078920245,31.256668091,1,0,0,0.000000000,0.000000000,0.000000000,0.000000000,0,-0.000000000,0.000000000,0.000000000
484,-0.202102661,-1.079926252,31.564002991,1,0,0,0.000000000,0.000000000,0.000000000,0.000000000,0,-0.000000000,0.000000000,0.000000000
485,-0.202102661,-1.080933571,31.871757507,1,0,0,0.000000000,0.000000000,0.000000000,0.000000000,0,-0.000000000,0.000000000,0.000000000
486,-0.202102661,-1.081942320,32.179924011,1,0,0,0.000000000,0.000000000,0.000000000,0.000000000,0,-0.000000000,0.000000000,0.000000000
487,-0.202102661,-1.082952380,32.488502502,1,0,0,0.000000000,0.000000000,0.000000000,0.000000000,0,-0.000000000,0.000000000,0.000000000
488,-0.202102661,-1.083963871,32.797492981,1,0,0,0.000000000,0.000000000,0.000000000,0.000000000,0,-0.000000000,0.000000000,0.000000000
489,-0.202102661,-1.084976554,33.106887817,1,0,0,0.000000000,0.000000000,0.000000000,0.000000000,0,-0.000000000,0.000000000,0.000000000
490,-0.202102661,-1.085990667,33.416702271,1,0,0,0.000000000,0.000000000,0.000000000,0.000000000,0,-0.000000000,0.000000000,0.000000000
491,-0.202102661,-1.087006092,33.726921082,1,0,0,0.000000000,0.000000000,0.000000000,0.000000000,0,-0.000000000,0.000000000,0.000000000
492,-0.202102661,-1.088022947,34.037551880,1,0,0,0.000000000,0.000000000,0.000000000,0.000000000,0,-0.000000000,0.000000000,0.000000000
493,-0.202102661,-1.089040995,34.348579407,1,0,0,0.000000000,0.000000000,0.000000000,0.000000000,0,-0.000000000,0.000000000,0.000000000
494,-0.202104568,-1.090060472,34.660026550,1,0,0,0.000000000,0.000000000,0.000000000,0.000000000,0,-0.000000000,0.000000000,0.000000000
495,-0.202104568,-1.091081262,34.971878052,1,0,0,0.000000000,0.000000000,0.000000000,0.000000000,0,-0.000000000,0.000000000,0.000000000
496,-0.202104568,-1.092103362,35.284133911,1,0,0,0.000000000,0.000000000,0.000000000,0.000000000,0,-0.000000000,0.000000000,0.000000000
497,-0.202104568,-1.093126774,35.596786499,1,0,0,0.000000000,0.000000000,0.000000000,0.000000000,0,-0.000000000,0.000000000,0.000000000
498,-0.202104568,-1.094151616,35.909858704,1,0,0,0.000000000,0.000000000,0.000000000,0.000000000,0,-0.000000000,0.000000000,0.000000000
499,-0.202104568,-1.095177650,36.223327637,1,0,0,0.000000000,0.000000000,0.000000000,0.000000000,0,-0.000000000,0.000000000,0.000000000
500,-0.202104568,-1.096205115,36.537200928,1,0,0,0.000000000,0.000000000,0.000000000,0.000000000,0,-0.000000000,0.000000000,0.000000000
501,-0.202104568,-1.097233891,36.851478577,1,0,0,0.000000000,0.000000000,0.000000000,0.000000000,0,-0.000000000,0.000000000,0.000000000
502,-0.202104568,-1.098263860,37.166152954,1,0,0,0.000000000,0.000000000,0.000000000,0.000000000,0,-0.000000000,0.000000000,0.000000000
503,-0.202104568,-1.099295259,37.481239319,1,0,0,0.000000000,0.000000000,0.000000000,0.000000000,0,-0.000000000,0.000000000,0.000000000
504,-0.202104568,-1.100327969,37.796722412,1,0,0,0.000000000,0.000000000,0.000000000,0.000000000,0,-0.000000000,0.000000000,0.000000000
505,-0.202104568,-1.101361871,38.112602234,1,0,0,0.000000000,0.000000000,0.000000000,0.000000000,0,-0.000000000,0.000000000,0.000000000
506,-0.202104568,-1.102397203,38.428878784,1,0,0,0.000000000,0.000000000,0.000000000,0.000000000,0,-0.000000000,0.000000000,0.000000000
507,-0.202104568,-1.103470564,38.745559692,1,0,0,0.000000000,0.000000000,0.000000000,0.000000000,0,-0.000000000,0.000000000,0.000000000
508,-0.202104568,-1.104508638,39.062637329,1,0,0,0.000000000,0.000000000,0.000000000,0.000000000,0,-0.000000000,0.000000000,0.000000000
509,-0.202104568,-1.105548143,39.380111694,1,0,0,0.000000000,0.000000000,0.000000000,0.000000000,0,-0.000000000,0.000000000,0.000000000
510,-0.202104568,-1.106588840,39.697982788,1,0,0,0.000000000,0.000000000,0.000000000,0.000000000,0,-0.000000000,0.000000000,0.000000000
511,-0.202104568,-1.107630968,40.016242981,1,0,0,0.000000000,0.000000000,0.000000000,0.000000000,0,-0.000000000,0.000000000,0.000000000
512,-0.202104568,-1.108674407,40.334907532,1,0,0,0.000000000,0.000000000,0.000000000,0.000000000,0,-0.000000000,0.000000000,0.000000000
513,-0.202104568,-1.109719038,40.653968811,1,0,0,0.000000000,0.000000000,0.000000000,0.000000000,0,-0.000000000,0.000000000,0.000000000
514,-0.202104568,-1.110764980,40.973426819,1,0,0,0.000000000,0.000000000,0.000000000,0.000000000,0,-0.000000000,0.000000000,0.000000000
515,-0.202104568,-1.111812353,41.293266296,1,0,0,0.000000000,0.000000000,0.000000000,0.000000000,0,-0.000000000,0.000000000,0.000000000
516,-0.202104568,-1.112860918,41.613510132,1,0,0,0.000000000,0.000000000,0.000000000,0.000000000,0,-0.000000000,0.000000000,0.000000000
517,-0.202104568,-1.113910675,41.934143066,1,0,0,0.000000000,0.000000000,0.000000000,0.000000000,0,-0.000000000,0.000000000,0.000000000
518,-0.202104568,-1.114961863,42.255165100,1,0,0,0.000000000,0.000000000,0.000000000,0.000000000,0,-0.000000000,0.000000000,0.000000000
519,-0.202104568,-1.116014242,42.576576233,1,0,0,0.000000000,0.000000000,0.000000000,0.000000000,0,-0.000000000,0.000000000,0.000000000
520,-0.202104568,-1.117067814,42.898384094,1,0,0,0.000000000,0.000000000,0.000000000,0.000000000,0,-0.000000000,0.000000000,0.000000000
521,-0.202104568,-1.118122816,43.220581055,1,0,0,0.000000000,0.000000000,0.000000000,0.000000000,0,-0.000000000,0.000000000,0.000000000
522,-0.202104568,-1.119179010,43.543167114,1,0,0,0.000000000,0.000000000,0.000000000,0.000000000,0,-0.000000000,0.000000000,0.000000000
523,-0.202104568,-1.120236635,43.866142273,1,0,0,0.000000000,0.000000000,0.000000000,0.000000000,0,-0.000000000,0.000000000,0.000000000
524,-0.202104568,-1.121295333,44.189491272,1,0,0,0.000000000,0.000000000,0.000000000,0.000000000,0,-0.000000000,0.000000000,0.000000000
525,-0.202104568,-1.122355461,44.513237000,1,0,0,0.000000000,0.000000000,0.000000000,0.000000000,0,-0.000000000,0.000000000,0.000000000
526,-0.202104568,-1.123416662,44.837371826,1,0,0,0.000000000,0.000000000,0.000000000,0.000000000,0,-0.000000000,0.000000000,0.000000000
527,-0.202104568,-1.124479055,45.161888123,1,0,0,0.000000000,0.000000000,0.000000000,0.000000000,0,-0.000000000,0.000000000,0.000000000
528,-0.202104568,-1.125542879,45.486785889,1,0,0,0.000000000,0.000000000,0.000000000,0.000000000,0,-0.000000000,0.000000000,0.000000000
529,-0.202104568,-1.126608133,45.812072754,1,0,0,0.000000000,0.000000000,0.000000000,0.000000000,0,-0.000000000,0.000000000,0.000000000
530,-0.202104568,-1.127674341,46.137748718,1,0,0,0.000000000,0.000000000,0.000000000,0.000000000,0,-0.000000000,0.000000000,0.000000000
531,-0.202104568,-1.128741980,46.463806152,1,0,0,0.000000000,0.000000000,0.000000000,0.000000000,0,-0.000000000,0.000000000,0.000000000
532,-0.202104568,-1.129810810,46.790237427,1,0,0,0.000000000,0.000000000,0.000000000,0.000000000,0,-0.000000000,0.000000000,0.000000000
533,-0.202104568,-1.130880833,47.117057800,1,0,0,0.000000000,0.000000000,0.000000000,0.000000000,0,-0.000000000,0.000000000,0.000000000
534,-0.202104568,-1.131952286,47.444259644,1,0,0,0.000000000,0.000000000,0.000000000,0.000000000,0,-0.000000000,0.000000000,0.000000000
535,-0.202104568,-1.133024931,47.771842957,1,0,0,0.000000000,0.000000000,0.000000000,0.000000000,0,-0.000000000,0.000000000,0.000000000
536,-0.202104568,-1.134098768,48.099807739,1,0,0,0.000000000,0.000000000,0.000000000,0.000000000,0,-0.000000000,0.000000000,0.000000000
537,-0.202104568,-1.135173798,48.428138733,1,0,0,0.000000000,0.000000000,0.000000000,0.000000000,0,-0.000000000,0.000000000,0.000000000
538,-0.202104568,-1.136250019,48.756858826,1,0,0,0.000000000,0.000000000,0.000000000,0.000000000,0,-0.000000000,0.000000000,0.000000000
539,-0.202104568,-1.137327671,49.085960388,1,0,0,0.000000000,0.000000000,0.000000000,0.000000000,0,-0.000000000,0.000000000,0.000000000
540,-0.202104568,-1.138406277,49.415435791,1,0,0,0.000000000,0.000000000,0.000000000,0.000000000,0,-0.000000000,0.000000000,0.000000000
541,-0.202104568,-1.139486313,49.745277405,1,0,0,0.000000000,0.000000000,0.000000000,0.000000000,0,-0.000000000,0.000000000,0.000000000
542,-0.202104568,-1.140567541,50.075508118,1,0,0,0.000000000,0.000000000,0.000000000,0.000000000,0,-0.000000000,0.000000000,0.000000000
543,-0.202104568,-1.141650200,50.406112671,1,0,0,0.000000000,0.000000000,0.000000000,0.000000000,0,-0.000000000,0.000000000,0.000000000
544,-0.202102661,-1.142733812,50.737091064,1,0,0,0.000000000,0.000000000,0.000000000,0.000000000,0,-0.000000000,0.000000000,0.000000000
545,-0.202102661,-1.143818855,51.068435669,1,0,0,0.000000000,0.000000000,0.000000000,0.000000000,0,-0.000000000,0.000000000,0.000000000
546,-0.202102661,-1.144904852,51.400161743,1,0,0,0.000000000,0.000000000,0.000000000,0.000000000,0,-0.000000000,0.000000000,0.000000000
547,-0.202102661,-1.145992279,51.732261658,1,0,0,0.000000000,0.000000000,0.000000000,0.000000000,0,-0.000000000,0.000000000,0.000000000
548,-0.202102661,-1.147080898,52.064735413,1,0,0,0.000000000,0.000000000,0.000000000,0.000000000,0,-0.000000000,0.000000000,0.000000000
549,-0.202102661,-1.148170710,52.397575378,1,0,0,0.000000000,0.000000000,0.000000000,0.000000000,0,-0.000000000,0.000000000,0.000000000
550,-0.202102661,-1.149261713,52.730789185,1,0,0,0.000000000,0.000000000,0.000000000,0.000000000,0,-0.000000000,0.000000000,0.000000000
551,-0.202102661,-1.150353909,53.064376831,1,0,0,0.000000000,0.000000000,0.000000000,0.000000000,0,-0.000000000,0.000000000,0.000000000
552,-0.202102661,-1.151447415,53.398330688,1,0,0,0.000000000,0.000000000,0.000000000,0.000000000,0,-0.000000000,0.000000000,0.000000000
553,-0.202102661,-1.152542114,53.732650757,1,0,0,0.000000000,0.000000000,0.000000000,0.000000000,0,-0.000000000,0.000000000,0.000000000
554,-0.202102661,-1.153637886,54.067344666,1,0,0,0.000000000,0.000000000,0.000000000,0.000000000,0,-0.000000000,0.000000000,0.000000000
555,-0.202102661,-1.154735088,54.402404785,1,0,0,0.000000000,0.000000000,0.000000000,0.000000000,0,-0.000000000,0.000000000,0.000000000
556,-0.202102661,-1.155833244,54.737831116,1,0,0,0.000000000,0.000000000,0.000000000,0.000000000,0,-0.000000000,0.000000000,0.000000000
557,-0.202102661,-1.156932831,55.073616028,1,0,0,0.000000000,0.000000000,0.000000000,0.000000000,0,-0.000000000,0.000000000,0.000000000
558,-0.202100754,-1.158033371,55.409774780,1,0,0,0.000000000,0.000000000,0.000000000,0.000000000,0,-0.000000000,0.000000000,0.000000000
559,-0.202100754,-1.159135342,55.746299744,1,0,0,0.000000000,0.000000000,0.000000000,0.000000000,0,-0.000000000,0.000000000,0.000000000
560,-0.202100754,-1.160238266,56.083190918,1,0,0,0.000000000,0.000000000,0.000000000,0.000000000,0,-0.000000000,0.000000000,0.000000000
561,-0.202100754,-1.161342621,56.420448303,1,0,0,0.000000000,0.000000000,0.000000000,0.000000000,0,-0.000000000,0.000000000,0.000000000
562,-0.202100754,-1.162448168,56.758064270,1,0,0,0.000000000,0.000000000,0.000000000,0.000000000,0,-0.000000000,0.000000000,0.000000000
563,-0.202100754,-1.163554668,57.096046448,1,0,0,0.000000000,0.000000000,0.000000000,0.000000000,0,-0.000000000,0.000000000,0.000000000
564,-0.202100754,-1.164662600,57.434394836,1,0,0,0.000000000,0.000000000,0.000000000,0.000000000,0,-0.000000000,0.000000000,0.000000000
565,-0.202100754,-1.165771484,57.773101807,1,0,0,0.000000000,0.000000000,0.000000000,0.000000000,0,-0.000000000,0.000000000,0.000000000
566,-0.202100754,-1.166881800,58.112167358,1,0,0,0.000000000,0.000000000,0.000000000,0.000000000,0,-0.000000000,0.000000000,0.000000000
567,-0.202100754,-1.167993069,58.451599121,1,0,0,0.000000000,0.000000000,0.000000000,0.000000000,0,-0.000000000,0.000000000,0.000000000
568,-0.202098846,-1.169105768,58.791389465,1,0,0,0.000000000,0.000000000,0.000000000,0.000000000,0,-0.000000000,0.000000000,0.000000000
569,-0.202098846,-1.170219421,59.131538391,1,0,0,0.000000000,0.000000000,0.000000000,0.000000000,0,-0.000000000,0.000000000,0.000000000
570,-0.202098846,-1.171334505,59.472038269,1,0,0,0.000000000,0.000000000,0.000000000,0.000000000,0,-0.000000000,0.000000000,0.000000000
571,-0.202098846,-1.172450542,59.812904358,1,0,0,0.000000000,0.000000000,0.000000000,0.000000000,0,-0.000000000,0.000000000,0.000000000
572,-0.202098846,-1.173567772,60.154129028,1,0,0,0.000000000,0.000000000,0.000000000,0.000000000,0,-0.000000000,0.000000000,0.000000000
573,-0.202098846,-1.174686193,60.495712280,1,0,0,0.000000000,0.000000000,0.000000000,0.000000000,0,-0.000000000,0.000000000,0.000000000
574,-0.202098846,-1.175805807,60.837646484,1,0,0,0.000000000,0.000000000,0.000000000,0.000000000,0,-0.000000000,0.000000000,0.000000000
575,-0.202098846,-1.176926613,61.179939270,1,0,0,0.000000000,0.000000000,0.000000000,0.000000000,0,-0.000000000,0.000000000,0.000000000
576,-0.202096939,-1.178048372,61.522590637,1,0,0,0.000000000,0.000000000,0.000000000,0.000000000,0,-0.000000000,0.000000000,0.000000000
577,-0.202096939,-1.179171562,61.865600586,1,0,0,0.000000000,0.000000000,0.000000000,0.000000000,0,-0.000000000,0.000000000,0.000000000
578,-0.202096939,-1.180295706,62.208953857,1,0,0,0.000000000,0.000000000,0.000000000,0.000000000,0,-0.000000000,0.000000000,0.000000000
579,-0.202096939,-1.181421280,62.552665710,1,0,0,0.000000000,0.000000000,0.000000000,0.000000000,0,-0.000000000,0.000000000,0.000000000
580,-0.202096939,-1.182547808,62.896736145,1,0,0,0.000000000,0.000000000,0.000000000,0.000000000,0,-0.000000000,0.000000000,0.000000000
581,-0.202096939,-1.183675528,63.241157532,1,0,0,0.000000000,0.000000000,0.000000000,0.000000000,0,-0.000000000,0.000000000,0.000000000
582,-0.202096939,-1.184804440,63.585922241,1,0,0,0.000000000,0.000000000,0.000000000,0.000000000,0,-0.000000000,0.000000000,0.000000000
583,-0.202095032,-1.185934305,63.931045532,1,0,0,0.000000000,0.000000000,0.000000000,0.000000000,0,-0.000000000,0.000000000,0.000000000
584,-0.202095032,-1.187065601,64.276519775,1,0,0,0.000000000,0.000000000,0.000000000,0.000000000,0,-0.000000000,0.000000000,0.000000000
585,-0.202095032,-1.188197851,64.622344971,1,0,0,0.000000000,0.000000000,0.000000000,0.000000000,0,-0.000000000,0.000000000,0.000000000
586,-0.202095032,-1.189331293,64.968513489,1,0,0,0.000000000,0.000000000,0.000000000,0.000000000,0,-0.000000000,0.000000000,0.000000000
587,-0.202095032,-1.190465927,65.315032959,1,0,0,0.000000000,0.000000000,0.000000000,0.000000000,0,-0.000000000,0.000000000,0.000000000
588,-0.202095032,-1.191601753,65.661903381,1,0,0,0.000000000,0.000000000,0.000000000,0.000000000,0,-0.000000000,0.000000000,0.000000000
589,-0.202095032,-1.192738533,66.009124756,1,0,0,0.000000000,0.000000000,0.000000000,0.000000000,0,-0.000000000,0.000000000,0.000000000
590,-0.202093124,-1.193876505,66.356681824,1,0,0,0.000000000,0.000000000,0.000000000,0.000000000,0,-0.000000000,0.000000000,0.000000000
591,-0.202093124,-1.195015669,66.704597473,1,0,0,0.000000000,0.000000000,0.000000000,0.000000000,0,-0.000000000,0.000000000,0.000000000
592,-0.202093124,-1.196156025,67.052856445,1,0,0,0.000000000,0.000000000,0.000000000,0.000000000,0,-0.000000000,0.000000000,0.000000000
593,-0.202093124,-1.197297335,67.401458740,1,0,0,0.000000000,0.000000000,0.000000000,0.000000000,0,-0.000000000,0.000000000,0.000000000
594,-0.202093124,-1.198439837,67.750396729,1,0,0,0.000000000,0.000000000,0.000000000,0.000000000,0,-0.000000000,0.000000000,0.000000000
595,-0.202093124,-1.199583530,68.099693298,1,0,0,0.000000000,0.000000000,0.000000000,0.000000000,0,-0.000000000,0.000000000,0.000000000
596,-0.202091217,-1.200728416,68.449333191,1,0,0,0.000000000,0.000000000,0.000000000,0.000000000,0,-0.000000000,0.000000000,0.000000000
597,-0.202091217,-1.201874256,68.799316406,1,0,0,0.000000000,0.000000000,0.000000000,0.000000000,0,-0.000000000,0.000000000,0.000000000
598,-0.202091217,-1.203021288,69.149635315,1,0,0,0.000000000,0.000000000,0.000000000,0.000000000,0,-0.000000000,0.000000000,0.000000000
599,-0.202091217,-1.204169512,69.500297546,1,0,0,0.000000000,0.000000000,0.000000000,0.000000000,0,-0.000000000,0.000000000,0.000000000
600,-0.202091217,-1.205318809,69.851303101,1,0,0,0.000000000,0.000000000,0.000000000,0.000000000,0,-0.000000000,0.000000000,0.000000000
601,-0.202091217,-1.206469297,70.202651978,1,0,0,0.000000000,0.000000000,0.000000000,0.000000000,0,-0.000000000,0.000000000,0.000000000
602,-0.202089310,-1.207620621,70.554328918,1,0,0,0.000000000,0.000000000,0.000000000,0.000000000,0,-0.000000000,0.000000000,0.000000000
603,-0.202089310,-1.208773375,70.906356812,1,0,0,0.000000000,0.000000000,0.000000000,0.000000000,0,-0.000000000,0.000000000,0.000000000
604,-0.202089310,-1.209927082,71.258720398,1,0,0,0.000000000,0.000000000,0.000000000,0.000000000,0,-0.000000000,0.000000000,0.000000000
605,-0.202089310,-1.211081982,71.611427307,1,0,0,0.000000000,0.000000000,0.000000000,0.000000000,0,-0.000000000,0.000000000,0.000000000
606,-0.202089310,-1.212237835,71.964462280,1,0,0,0.000000000,0.000000000,0.000000000,0.000000000,0,-0.000000000,0.000000000,0.000000000
607,-0.202087402,-1.213394880,72.317840576,1,0,0,0.000000000,0.000000000,0.000000000,0.000000000,0,-0.000000000,0.000000000,0.000000000
608,-0.202087402,-1.214553118,72.671562195,1,0,0,0.000000000,0.000000000,0.000000000,0.000000000,0,-0.000000000,0.000000000,0.000000000
609,-0.202087402,-1.215712309,73.025619507,1,0,0,0.000000000,0.000000000,0.000000000,0.000000000,0,-0.000000000,0.000000000,0.000000000
610,-0.202087402,-1.216872692,73.380004883,1,0,0,0.000000000,0.000000000,0.000000000,0.000000000,0,-0.000000000,0.000000000,0.000000000
611,-0.202087402,-1.218034267,73.734733582,1,0,0,0.000000000,0.000000000,0.000000000,0.000000000,0,-0.000000000,0.000000000,0.000000000
612,-0.202085495,-1.219196796,74.089790344,1,0,0,0.000000000,0.000000000,0.000000000,0.000000000,0,-0.000000000,0.000000000,0.000000000
613,-0.202085495,-1.220360279,74.445182800,1,0,0,0.000000000,0.000000000,0.000000000,0.000000000,0,-0.000000000,0.000000000,0.000000000
614,-0.202085495,-1.221525192,74.800903320,1,0,0,0.000000000,0.000000000,0.000000000,0.000000000,0,-0.000000000,0.000000000,0.000000000
615,-0.202085495,-1.222690940,75.156967163,1,0,0,0.000000000,0.000000000,0.000000000,0.000000000,0,-0.000000000,0.000000000,0.000000000
616,-0.202083588,-1.223857880,75.513359070,1,0,0,0.000000000,0.000000000,0.000000000,0.000000000,0,-0.000000000,0.000000000,0.000000000
617,-0.202083588,-1.225025892,75.870086670,1,0,0,0.000000000,0.000000000,0.000000000,0.000000000,0,-0.000000000,0.000000000,0.000000000
618,-0.202083588,-1.226194859,76.227134705,1,0,0,0.000000000,0.000000000,0.000000000,0.000000000,0,-0.000000000,0.000000000,0.000000000
619,-0.202083588,-1.227365136,76.584526062,1,0,0,0.000000000,0.000000000,0.000000000,0.000000000,0,-0.000000000,0.000000000,0.000000000
620,-0.202083588,-1.228536367,76.942245483,1,0,0,0.000000000,0.000000000,0.000000000,0.000000000,0,-0.000000000,0.000000000,0.000000000
621,-0.202081680,-1.229708672,77.300292969,1,0,0,0.000000000,0.000000000,0.000000000,0.000000000,0,-0.000000000,0.000000000,0.000000000
622,-0.202081680,-1.230882168,77.658660889,1,0,0,0.000000000,0.000000000,0.000000000,0.000000000,0,-0.000000000,0.000000000,0.000000000
623,-0.202081680,-1.232056618,78.017364502,1,0,0,0.000000000,0.000000000,0.000000000,0.000000000,0,-0.000000000,0.000000000,0.000000000
624,-0.202081680,-1.233232260,78.376396179,1,0,0,0.000000000,0.000000000,0.000000000,0.000000000,0,-0.000000000,0.000000000,0.000000000
625,-0.202079773,-1.234408855,78.735748291,1,0,0,0.000000000,0.000000000,0.000000000,0.000000000,0,-0.000000000,0.000000000,0.000000000
626,-0.202079773,-1.235586524,79.095436096,1,0,0,0.000000000,0.000000000,0.000000000,0.000000000,0,-0.000000000,0.000000000,0.000000000
627,-0.202079773,-1.236765385,79.455451965,1,0,0,0.000000000,0.000000000,0.000000000,0.000000000,0,-0.000000000,0.000000000,0.000000000
628,-0.202079773,-1.237945080,79.815795898,1,0,0,0.000000000,0.000000000,0.000000000,0.000000000,0,-0.000000000,0.000000000,0.000000000
629,-0.202079773,-1.239125967,80.176452637,1,0,0,0.000000000,0.000000000,0.000000000,0.000000000,0,-0.000000000,0.000000000,0.000000000
630,-0.202077866,-1.240308046,80.537445068,1,0,0,0.000000000,0.000000000,0.000000000,0.000000000,0,-0.000000000,0.000000000,0.000000000
631,-0.202077866,-1.241491079,80.898757935,1,0,0,0.000000000,0.000000000,0.000000000,0.000000000,0,-0.000000000,0.000000000,0.000000000
632,-0.202077866,-1.242675185,81.260398865,1,0,0,0.000000000,0.000000000,0.000000000,0.000000000,0,-0.000000000,0.000000000,0.000000000
633,-0.202077866,-1.243860245,81.622352600,1,0,0,0.000000000,0.000000000,0.000000000,0.000000000,0,-0.000000000,0.000000000,0.000000000
634,-0.202075958,-1.245046616,81.984634399,1,0,0,0.000000000,0.000000000,0.000000000,0.000000000,0,-0.000000000,0.000000000,0.000000000
635,-0.202075958,-1.246233940,82.347244263,1,0,0,0.000000000,0.000000000,0.000000000,0.000000000,0,-0.000000000,0.000000000,0.000000000
636,-0.202075958,-1.247422218,82.710174561,1,0,0,0.000000000,0.000000000,0.000000000,0.000000000,0,-0.000000000,0.000000000,0.000000000
637,-0.202075958,-1.248611569,83.073417664,1,0,0,0.000000000,0.000000000,0.000000000,0.000000000,0,-0.000000000,0.000000000,0.000000000
638,-0.202074051,-1.249801874,83.436988831,1,0,0,0.000000000,0.000000000,0.000000000,0.000000000,0,-0.000000000,0.000000000,0.000000000
639,-0.202074051,-1.250993490,83.800880432,1,0,0,0.000000000,0.000000000,0.000000000,0.000000000,0,-0.000000000,0.000000000,0.000000000
640,-0.202074051,-1.252185941,84.165092468,1,0,0,0.000000000,0.000000000,0.000000000,0.000000000,0,-0.000000000,0.000000000,0.000000000
641,-0.202072144,-1.253379583,84.529609680,1,0,0,0.000000000,0.000000000,0.000000000,0.000000000,0,-0.000000000,0.000000000,0.000000000
642,-0.202072144,-1.254574060,84.894454956,1,0,0,0.000000000,0.000000000,0.000000000,0.000000000,0,-0.000000000,0.000000000,0.000000000
643,-0.202072144,-1.255769730,85.259620667,1,0,0,0.000000000,0.000000000,0.000000000,0.000000000,0,-0.000000000,0.000000000,0.000000000
644,-0.202072144,-1.256966352,85.625099182,1,0,0,0.000000000,0.000000000,0.000000000,0.000000000,0,-0.000000000,0.000000000,0.000000000
645,-0.202070236,-1.258164167,85.990890503,1,0,0,0.000000000,0.000000000,0.000000000,0.000000000,0,-0.000000000,0.000000000,0.000000000
646,-0.202070236,-1.259362936,86.357002258,1,0,0,0.000000000,0.000000000,0.000000000,0.000000000,0,-0.000000000,0.000000000,0.000000000
647,-0.202070236,-1.260562658,86.723434448,1,0,0,0.000000000,0.000000000,0.000000000,0.000000000,0,-0.000000000,0.000000000,0.000000000
648,-0.202070236,-1.261763453,87.090171814,1,0,0,0.000000000,0.000000000,0.000000000,0.000000000,0,-0.000000000,0.000000000,0.000000000
649,-0.202068329,-1.262965322,87.457229614,1,0,0,0.000000000,0.000000000,0.000000000,0.000000000,0,-0.000000000,0.000000000,0.000000000
650,-0.202068329,-1.264168143,87.824600220,1,0,0,0.000000000,0.000000000,0.000000000,0.000000000,0,-0.000000000,0.000000000,0.000000000
651,-0.202068329,-1.265372038,88.192291260,1,0,0,0.000000000,0.000000000,0.000000000,0.000000000,0,-0.000000000,0.000000000,0.000000000
652,-0.202066422,-1.266577005,88.560287476,1,0,0,0.000000000,0.000000000,0.000000000,0.000000000,0,-0.000000000,0.000000000,0.000000000
653,-0.202066422,-1.267782927,88.928604126,1,0,0,0.000000000,0.000000000,0.000000000,0.000000000,0,-0.000000000,0.000000000,0.000000000
654,-0.202066422,-1.268990040,89.297233582,1,0,0,0.000000000,0.000000000,0.000000000,0.000000000,0,-0.000000000,0.000000000,0.000000000
655,-0.202066422,-1.270197868,89.666168213,1,0,0,0.000000000,0.000000000,0.000000000,0.000000000,0,-0.000000000,0.000000000,0.000000000
656,-0.202064514,-1.271406889,90.035408020,1,0,0,0.000000000,0.000000000,0.000000000,0.000000000,0,-0.000000000,0.000000000,0.000000000
657,-0.202064514,-1.272616982,90.404968262,1,0,0,0.000000000,0.000000000,0.000000000,0.000000000,0,-0.000000000,0.000000000,0.000000000
658,-0.202064514,-1.273828030,90.774833679,1,0,0,0.000000000,0.000000000,0.000000000,0.000000000,0,-0.000000000,0.000000000,0.000000000
659,-0.202062607,-1.275040150,91.145011902,1,0,0,0.000000000,0.000000000,0.000000000,0.000000000,0,-0.000000000,0.000000000,0.000000000
660,-0.202062607,-1.276252985,91.515495300,1,0,0,0.000000000,0.000000000,0.000000000,0.000000000,0,-0.000000000,0.000000000,0.000000000
661,-0.202062607,-1.277467132,91.886291504,1,0,0,0.000000000,0.000000000,0.000000000,0.000000000,0,-0.000000000,0.000000000,0.000000000
662,-0.202060699,-1.278682232,92.257392883,1,0,0,0.000000000,0.000000000,0.000000000,0.000000000,0,-0.000000000,0.000000000,0.000000000
663,-0.202060699,-1.279898405,92.628807068,1,0,0,0.000000000,0.000000000,0.000000000,0.000000000,0,-0.000000000,0.000000000,0.000000000
664,-0.202060699,-1.281115413,93.000518799,1,0,0,0.000000000,0.000000000,0.000000000,0.000000000,0,-0.000000000,0.000000000,0.000000000
665,-0.202058792,-1.282333612,93.372543335,1,0,0,0.000000000,0.000000000,0.000000000,0.000000000,0,-0.000000000,0.000000000,0.000000000
666,-0.202058792,-1.283552647,93.744873047,1,0,0,0.000000000,0.000000000,0.000000000,0.000000000,0,-0.000000000,0.000000000,0.000000000
667,-0.202058792,-1.284772754,94.117507935,1,0,0,0.000000000,0.000000000,0.000000000,0.000000000,0,-0.000000000,0.000000000,0.000000000
668,-0.202058792,-1.285993814,94.490447998,1,0,0,0.000000000,0.000000000,0.000000000,0.000000000,0,-0.000000000,0.000000000,0.000000000
669,-0.202056885,-1.287215948,94.863693237,1,0,0,0.000000000,0.000000000,0.000000000,0.000000000,0,-0.000000000,0.000000000,0.000000000
670,-0.202056885,-1.288399339,95.237236023,1,0,0,0.000000000,0.000000000,0.000000000,0.000000000,0,0.000000000,0.000000000,0.000000000
671,-0.202054977,-1.289623260,95.611083984,1,0,0,0.000000000,0.000000000,0.000000000,0.000000000,0,0.000000000,0.000000000,0.000000000
672,-0.202054977,-1.290848255,95.985237122,1,0,0,0.000000000,0.000000000,0.000000000,0.000000000,0,0.000000000,0.000000000,0.000000000
673,-0.202054977,-1.292074084,96.359695435,1,0,0,0.000000000,0.000000000,0.000000000,0.000000000,0,0.000000000,0.000000000,0.000000000
674,-0.202054977,-1.293300986,96.734451294,1,0,0,0.000000000,0.000000000,0.000000000,0.000000000,0,0.000000000,0.000000000,0.000000000
675,-0.202053070,-1.294528961,97.109512329,1,0,0,0.000000000,0.000000000,0.000000000,0.000000000,0,0.000000000,0.000000000,0.000000000
676,-0.202053070,-1.295757771,97.484870911,1,0,0,0.000000000,0.000000000,0.000000000,0.000000000,0,0.000000000,0.000000000,0.000000000
677,-0.202053070,-1.296987534,97.860527039,1,0,0,0.000000000,0.000000000,0.000000000,0.000000000,0,0.000000000,0.000000000,0.000000000
678,-0.202051163,-1.298218489,98.236488342,1,0,0,0.000000000,0.000000000,0.000000000,0.000000000,0,0.000000000,0.000000000,0.000000000
679,-0.202051163,-1.299450278,98.612747192,1,0,0,0.000000000,0.000000000,0.000000000,0.000000000,0,0.000000000,0.000000000,0.000000000
680,-0.202049255,-1.300683022,98.989303589,1,0,0,0.000000000,0.000000000,0.000000000,0.000000000,0,0.000000000,0.000000000,0.000000000
681,-0.202049255,-1.301916838,99.366157532,1,0,0,0.000000000,0.000000000,0.000000000,0.000000000,0,0.000000000,0.000000000,0.000000000
682,-0.202049255,-1.303151608,99.743316650,1,0,0,0.000000000,0.000000000,0.000000000,0.000000000,0,0.000000000,0.000000000,0.000000000
683,-0.202047348,-1.304387331,100.120758057,1,0,0,0.000000000,0.000000000,0.000000000,0.000000000,0,0.000000000,0.000000000,0.000000000
684,-0.202047348,-1.305624008,100.498512268,1,0,0,0.000000000,0.000000000,0.000000000,0.000000000,0,0.000000000,0.000000000,0.000000000
685,-0.202047348,-1.306861639,100.876556396,1,0,0,0.000000000,0.000000000,0.000000000,0.000000000,0,0.000000000,0.000000000,0.000000000
686,-0.202045441,-1.308100224,101.254898071,1,0,0,0.000000000,0.000000000,0.000000000,0.000000000,0,0.000000000,0.000000000,0.000000000
687,-0.202045441,-1.309339881,101.633529663,1,0,0,0.000000000,0.000000000,0.000000000,0.000000000,0,0.000000000,0.000000000,0.000000000
688,-0.202045441,-1.310580492,102.012466431,1,0,0,0.000000000,0.000000000,0.000000000,0.000000000,0,0.000000000,0.000000000,0.000000000
689,-0.202043533,-1.311821938,102.391693115,1,0,0,0.000000000,0.000000000,0.000000000,0.000000000,0,0.000000000,0.000000000,0.000000000
690,-0.202043533,-1.313064456,102.771209717,1,0,0,0.000000000,0.000000000,0.000000000,0.000000000,0,0.000000000,0.000000000,0.000000000
691,-0.202043533,-1.314307928,103.151016235,1,0,0,0.000000000,0.000000000,0.000000000,0.000000000,0,0.000000000,0.000000000,0.000000000
692,-0.202041626,-1.315552354,103.531127930,1,0,0,0.000000000,0.000000000,0.000000000,0.000000000,0,0.000000000,0.000000000,0.000000000
693,-0.202041626,-1.316797733,103.911521912,1,0,0,0.000000000,0.000000000,0.000000000,0.000000000,0,0.000000000,0.000000000,0.000000000
694,-0.202041626,-1.318043947,104.292205811,1,0,0,0.000000000,0.000000000,0.000000000,0.000000000,0,0.000000000,0.000000000,0.000000000
695,-0.202039719,-1.319291353,104.673187256,1,0,0,0.000000000,0.000000000,0.000000000,0.000000000,0,0.000000000,0.000000000,0.000000000
696,-0.202039719,-1.320539474,105.054458618,1,0,0,0.000000000,0.000000000,0.000000000,0.000000000,0,0.000000000,0.000000000,0.000000000
697,-0.202037811,-1.321788669,105.436027527,1,0,0,0.000000000,0.000000000,0.000000000,0.000000000,0,0.000000000,0.000000000,0.000000000
698,-0.202037811,-1.323038816,105.817878723,1,0,0,0.000000000,0.000000000,0.000000000,0.000000000,0,0.000000000,0.000000000,0.000000000
699,-0.202037811,-1.324289918,106.200019836,1,0,0,0.000000000,0.000000000,0.000000000,0.000000000,0,0.000000000,0.000000000,0.000000000
700,-0.202035904,-1.325541973,106.582450867,1,0,0,0.000000000,0.000000000,0.000000000,0.000000000,0,0.000000000,0.000000000,0.000000000
701,-0.202035904,-1.326794863,106.965164185,1,0,0,0.000000000,0.000000000,0.000000000,0.000000000,0,0.000000000,0.000000000,0.000000000
702,-0.202035904,-1.328048706,107.348175049,1,0,0,0.000000000,0.000000000,0.000000000,0.000000000,0,0.000000000,0.000000000,0.000000000
703,-0.202033997,-1.329303622,107.731475830,1,0,0,0.000000000,0.000000000,0.000000000,0.000000000,0,0.000000000,0.000000000,0.000000000
704,-0.202033997,-1.330559492,108.115051270,1,0,0,0.000000000,0.000000000,0.000000000,0.000000000,0,0.000000000,0.000000000,0.000000000
705,-0.202032089,-1.331816196,108.498916626,1,0,0,0.000000000,0.000000000,0.000000000,0.000000000,0,0.000000000,0.000000000,0.000000000
706,-0.202032089,-1.333073854,108.883071899,1,0,0,0.000000000,0.000000000,0.000000000,0.000000000,0,0.000000000,0.000000000,0.000000000
707,-0.202032089,-1.334332466,109.267517090,1,0,0,0.000000000,0.000000000,0.000000000,0.000000000,0,0.000000000,0.000000000,0.000000000
708,-0.202030182,-1.335591912,109.652236938,1,0,0,0.000000000,0.000000000,0.000000000,0.000000000,0,0.000000000,0.000000000,0.000000000
709,-0.202030182,-1.336852431,110.037246704,1,0,0,0.000000000,0.000000000,0.000000000,0.000000000,0,0.000000000,0.000000000,0.000000000
710,-0.202028275,-1.338113785,110.422546387,1,0,0,0.000000000,0.000000000,0.000000000,0.000000000,0,0.000000000,0.000000000,0.000000000
711,-0.202028275,-1.339376092,110.808120728,1,0,0,0.000000000,0.000000000,0.000000000,0.000000000,0,0.000000000,0.000000000,0.000000000
712,-0.202028275,-1.340639353,111.193984985,1,0,0,0.000000000,0.000000000,0.000000000,0.000000000,0,0.000000000,0.000000000,0.000000000
713,-0.202026367,-1.341903567,111.580123901,1,0,0,0.000000000,0.000000000,0.000000000,0.000000000,0,0.000000000,0.000000000,0.000000000
714,-0.202026367,-1.343168616,111.966552734,1,0,0,0.000000000,0.000000000,0.000000000,0.000000000,0,0.000000000,0.000000000,0.000000000
715,-0.202024460,-1.344434738,112.353263855,1,0,0,0.000000000,0.000000000,0.000000000,0.000000000,0,0.000000000,0.000000000,0.000000000
716,-0.202024460,-1.345701694,112.740249634,1,0,0,0.000000000,0.000000000,0.000000000,0.000000000,0,0.000000000,0.000000000,0.000000000
717,-0.202024460,-1.346969485,113.127525330,1,0,0,0.000000000,0.000000000,0.000000000,0.000000000,0,0.000000000,0.000000000,0.000000000
718,-0.202022552,-1.348238230,113.515075684,1,0,0,0.000000000,0.000000000,0.000000000,0.000000000,0,0.000000000,0.000000000,0.000000000
719,-0.202022552,-1.349508047,113.902908325,1,0,0,0.000000000,0.000000000,0.000000000,0.000000000,0,0.000000000,0.000000000,0.000000000
720,-0.202020645,-1.350778580,114.291015625,1,0,0,0.000000000,0.000000000,0.000000000,0.000000000,0,0.000000000,0.000000000,0.000000000
721,-0.202020645,-1.352050066,114.679405212,1,0,0,0.000000000,0.000000000,0.000000000,0.000000000,0,0.000000000,0.000000000,0.000000000
722,-0.202020645,-1.353322506,115.068077087,1,0,0,0.000000000,0.000000000,0.000000000,0.000000000,0,0.000000000,0.000000000,0.000000000
723,-0.202018738,-1.354595900,115.457023621,1,0,0,0.000000000,0.000000000,0.000000000,0.000000000,0,0.000000000,0.000000000,0.000000000
724,-0.202018738,-1.355870247,115.846252441,1,0,0,0.000000000,0.000000000,0.000000000,0.000000000,0,0.000000000,0.000000000,0.000000000
725,-0.202016830,-1.357145309,116.235748291,1,0,0,0.000000000,0.000000000,0.000000000,0.000000000,0,0.000000000,0.000000000,0.000000000
726,-0.202016830,-1.358421445,116.625534058,1,0,0,0.000000000,0.000000000,0.000000000,0.000000000,0,0.000000000,0.000000000,0.000000000
727,-0.202014923,-1.359698415,117.015579224,1,0,0,0.000000000,0.000000000,0.000000000,0.000000000,0,0.000000000,0.000000000,0.000000000
728,-0.202014923,-1.360976219,117.405914307,1,0,0,0.000000000,0.000000000,0.000000000,0.000000000,0,0.000000000,0.000000000,0.000000000
729,-0.202014923,-1.362254977,117.796516418,1,0,0,0.000000000,0.000000000,0.000000000,0.000000000,0,0.000000000,0.000000000,0.000000000
730,-0.202013016,-1.363534689,118.187393188,1,0,0,0.000000000,0.000000000,0.000000000,0.000000000,0,0.000000000,0.000000000,0.000000000
731,-0.202013016,-1.364815235,118.578552246,1,0,0,0.000000000,0.000000000,0.000000000,0.000000000,0,0.000000000,0.000000000,0.000000000
732,-0.202011108,-1.366096735,118.969978333,1,0,0,0.000000000,0.000000000,0.000000000,0.000000000,0,0.000000000,0.000000000,0.000000000
733,-0.202011108,-1.367379189,119.361679077,1,0,0,0.000000000,0.000000000,0.000000000,0.000000000,0,0.000000000,0.000000000,0.000000000
734,-0.202009201,-1.368662357,119.753662109,1,0,0,0.000000000,0.000000000,0.000000000,0.000000000,0,0.000000000,0.000000000,0.000000000
735,-0.202009201,-1.369946480,120.145904541,1,0,0,0.000000000,0.000000000,0.000000000,0.000000000,0,0.000000000,0.000000000,0.000000000
736,-0.202009201,-1.371231556,120.538421631,1,0,0,0.000000000,0.000000000,0.000000000,0.000000000,0,0.000000000,0.000000000,0.000000000
737,-0.202007294,-1.372517586,120.931213379,1,0,0,0.000000000,0.000000000,0.000000000,0.000000000,0,0.000000000,0.000000000,0.000000000
738,-0.202007294,-1.373804331,121.324279785,1,0,0,0.000000000,0.000000000,0.000000000,0.000000000,0,0.000000000,0.000000000,0.000000000
739,-0.202005386,-1.375092030,121.717620850,1,0,0,0.000000000,0.000000000,0.000000000,0.000000000,0,0.000000000,0.000000000,0.000000000
740,-0.202005386,-1.376380682,122.111221313,1,0,0,0.000000000,0.000000000,0.000000000,0.000000000,0,0.000000000,0.000000000,0.000000000
741,-0.202003479,-1.377670169,122.505096436,1,0,0,0.000000000,0.000000000,0.000000000,0.000000000,0,0.000000000,0.000000000,0.000000000
742,-0.202003479,-1.378960609,122.899238586,1,0,0,0.000000000,0.000000000,0.000000000,0.000000000,0,0.000000000,0.000000000,0.000000000
743,-0.202001572,-1.380251765,123.293655396,1,0,0,0.000000000,0.000000000,0.000000000,0.000000000,0,0.000000000,0.000000000,0.000000000
744,-0.202001572,-1.381543875,123.688339233,1,0,0,0.000000000,0.000000000,0.000000000,0.000000000,0,0.000000000,0.000000000,0.000000000
745,-0.202001572,-1.382836938,124.083282471,1,0,0,0.000000000,0.000000000,0.000000000,0.000000000,0,0.000000000,0.000000000,0.000000000
746,-0.201999664,-1.384130716,124.478500366,1,0,0,0.000000000,0.000000000,0.000000000,0.000000000,0,0.000000000,0.000000000,0.000000000
747,-0.201999664,-1.385425568,124.873985291,1,0,0,0.000000000,0.000000000,0.000000000,0.000000000,0,0.000000000,0.000000000,0.000000000
748,-0.201997757,-1.386721134,125.269729614,1,0,0,0.000000000,0.000000000,0.000000000,0.000000000,0,0.000000000,0.000000000,0.000000000
749,-0.201997757,-1.388017654,125.665748596,1,0,0,0.000000000,0.000000000,0.000000000,0.000000000,0,0.000000000,0.000000000,0.000000000
750,-0.201995850,-1.389315128,126.062034607,1,0,0,0.000000000,0.000000000,0.000000000,0.000000000,0,0.000000000,0.000000000,0.000000000
751,-0.201995850,-1.390613317,126.458587646,1,0,0,0.000000000,0.000000000,0.000000000,0.000000000,0,0.000000000,0.000000000,0.000000000
752,-0.201993942,-1.391912460,126.855400085,1,0,0,0.000000000,0.000000000,0.000000000,0.000000000,0,0.000000000,0.000000000,0.000000000
753,-0.201993942,-1.393212318,127.252471924,1,0,0,0.000000000,0.000000000,0.000000000,0.000000000,0,0.000000000,0.000000000,0.000000000
754,-0.201992035,-1.394513249,127.649818420,1,0,0,0.000000000,0.000000000,0.000000000,0.000000000,0,0.000000000,0.000000000,0.000000000
755,-0.201992035,-1.395814896,128.047424316,1,0,0,0.000000000,0.000000000,0.000000000,0.000000000,0,0.000000000,0.000000000,0.000000000
756,-0.201990128,-1.397117615,128.445297241,1,0,0,0.000000000,0.000000000,0.000000000,0.000000000,0,0.000000000,0.000000000,0.000000000
757,-0.201990128,-1.398420930,128.843429565,1,0,0,0.000000000,0.000000000,0.000000000,0.000000000,0,0.000000000,0.000000000,0.000000000
758,-0.201990128,-1.399725199,129.241821289,1,0,0,0.000000000,0.000000000,0.000000000,0.000000000,0,0.000000000,0.000000000,0.000000000
759,-0.201988220,-1.401030421,129.640472412,1,0,0,0.000000000,0.000000000,0.000000000,0.000000000,0,0.000000000,0.000000000,0.000000000
760,-0.201988220,-1.402336359,130.039398193,1,0,0,0.000000000,0.000000000,0.000000000,0.000000000,0,0.000000000,0.000000000,0.000000000
761,-0.201986313,-1.403643250,130.438568115,1,0,0,0.000000000,0.000000000,0.000000000,0.000000000,0,0.000000000,0.000000000,0.000000000
762,-0.201986313,-1.404950976,130.838012695,1,0,0,0.000000000,0.000000000,0.000000000,0.000000000,0,0.000000000,0.000000000,0.000000000
763,-0.201984406,-1.406259537,131.237716675,1,0,0,0.000000000,0.000000000,0.000000000,0.000000000,0,0.000000000,0.000000000,0.000000000
764,-0.201984406,-1.407568932,131.637680054,1,0,0,0.000000000,0.000000000,0.000000000,0.000000000,0,0.000000000,0.000000000,0.000000000
765,-0.201982498,-1.408879161,132.037887573,1,0,0,0.000000000,0.000000000,0.000000000,0.000000000,0,0.000000000,0.000000000,0.000000000
766,-0.201982498,-1.410190344,132.438369751,1,0,0,0.000000000,0.000000000,0.000000000,0.000000000,0,0.000000000,0.000000000,0.000000000
767,-0.201980591,-1.411502242,132.839111328,1,0,0,0.000000000,0.000000000,0.000000000,0.000000000,0,0.000000000,0.000000000,0.000000000
768,-0.201980591,-1.412815094,133.240097046,1,0,0,0.000000000,0.000000000,0.000000000,0.000000000,0,0.000000000,0.000000000,0.000000000
769,-0.201978683,-1.414128661,133.641357422,1,0,0,0.000000000,0.000000000,0.000000000,0.000000000,0,0.000000000,0.000000000,0.000000000
770,-0.201978683,-1.415443182,134.042861938,1,0,0,0.000000000,0.000000000,0.000000000,0.000000000,0,0.000000000,0.000000000,0.000000000
771,-0.201976776,-1.416758537,134.444625854,1,0,0,0.000000000,0.000000000,0.000000000,0.000000000,0,0.000000000,0.000000000,0.000000000
772,-0.201976776,-1.418074608,134.846649170,1,0,0,0.000000000,0.000000000,0.000000000,0.000000000,0,0.000000000,0.000000000,0.000000000
773,-0.201974869,-1.419391632,135.248931885,1,0,0,0.000000000,0.000000000,0.000000000,0.000000000,0,0.000000000,0.000000000,0.000000000
774,-0.201976776,-1.420709372,135.651458740,1,0,0,0.000000000,0.000000000,0.000000000,0.000000000,0,0.000000000,0.000000000,0.000000000
775,-0.201976776,-1.422028065,136.054244995,1,0,0,0.000000000,0.000000000,0.000000000,0.000000000,0,0.000000000,0.000000000,0.000000000
776,-0.201978683,-1.423347592,136.457290649,1,0,0,0.000000000,0.000000000,0.000000000,0.000000000,0,0.000000000,0.000000000,0.000000000
777,-0.201978683,-1.424667954,136.860595703,1,0,0,0.000000000,0.000000000,0.000000000,0.000000000,0,0.000000000,0.000000000,0.000000000
778,-0.201980591,-1.425989151,137.264144897,1,0,0,0.000000000,0.000000000,0.000000000,0.000000000,0,0.000000000,0.000000000,0.000000000
779,-0.201980591,-1.427311182,137.667953491,1,0,0,0.000000000,0.000000000,0.000000000,0.000000000,0,0.000000000,0.000000000,0.000000000
780,-0.201982498,-1.428633928,138.072006226,1,0,0,0.000000000,0.000000000,0.000000000,0.000000000,0,0.000000000,0.000000000,0.000000000
781,-0.201982498,-1.429957628,138.476318359,1,0,0,0.000000000,0.000000000,0.000000000,0.000000000,0,0.000000000,0.000000000,0.000000000
782,-0.201984406,-1.431282043,138.880874634,1,0,0,0.000000000,0.000000000,0.000000000,0.000000000,0,0.000000000,0.000000000,0.000000000
783,-0.201984406,-1.432607412,139.285690308,1,0,0,0.000000000,0.000000000,0.000000000,0.000000000,0,0.000000000,0.000000000,0.000000000
784,-0.201986313,-1.433933496,139.690750122,1,0,0,0.000000000,0.000000000,0.000000000,0.000000000,0,0.000000000,0.000000000,0.000000000
785,-0.201986313,-1.435260415,140.096069336,1,0,0,0.000000000,0.000000000,0.000000000,0.000000000,0,0.000000000,0.000000000,0.000000000
786,-0.201988220,-1.436588168,140.501632690,1,0,0,0.000000000,0.000000000,0.000000000,0.000000000,0,0.000000000,0.000000000,0.000000000
787,-0.201988220,-1.437916756,140.907455444,1,0,0,0.000000000,0.000000000,0.000000000,0.000000000,0,0.000000000,0.000000000,0.000000000
788,-0.201988220,-1.439246178,141.313522339,1,0,0,0.000000000,0.000000000,0.000000000,0.000000000,0,0.000000000,0.000000000,0.000000000
789,-0.201990128,-1.440576315,141.719833374,1,0,0,0.000000000,0.000000000,0.000000000,0.000000000,0,0.000000000,0.000000000,0.000000000
790,-0.201990128,-1.441907406,142.126388550,1,0,0,0.000000000,0.000000000,0.000000000,0.000000000,0,0.000000000,0.000000000,0.000000000
791,-0.201992035,-1.443239212,142.533203125,1,0,0,0.000000000,0.000000000,0.000000000,0.000000000,0,0.000000000,0.000000000,0.000000000
792,-0.201992035,-1.444571853,142.940261841,1,0,0,0.000000000,0.000000000,0.000000000,0.000000000,0,0.000000000,0.000000000,0.000000000
793,-0.201993942,-1.445905328,143.347564697,1,0,0,0.000000000,0.000000000,0.000000000,0.000000000,0,0.000000000,0.000000000,0.000000000
794,-0.201993942,-1.447239637,143.755126953,1,0,0,0.000000000,0.000000000,0.000000000,0.000000000,0,0.000000000,0.000000000,0.000000000
795,-0.201995850,-1.448574662,144.162933350,1,0,0,0.000000000,0.000000000,0.000000000,0.000000000,0,0.000000000,0.000000000,0.000000000
796,-0.201995850,-1.449910522,144.570968628,1,0,0,0.000000000,0.000000000,0.000000000,0.000000000,0,0.000000000,0.000000000,0.000000000
797,-0.201997757,-1.451247215,144.979263306,1,0,0,0.000000000,0.000000000,0.000000000,0.000000000,0,0.000000000,0.000000000,0.000000000
798,-0.201997757,-1.452584743,145.387802124,1,0,0,0.000000000,0.000000000,0.000000000,0.000000000,0,0.000000000,0.000000000,0.000000000
799,-0.201999664,-1.453922987,145.796585083,1,0,0,0.000000000,0.000000000,0.000000000,0.000000000,0,0.000000000,0.000000000,0.000000000
800,-0.201999664,-1.455262065,146.205612183,1,0,0,0.000000000,0.000000000,0.000000000,0.000000000,0,0.000000000,0.000000000,0.000000000
801,-0.202001572,-1.456601977,146.614883423,1,0,0,0.000000000,0.000000000,0.000000000,0.000000000,0,0.000000000,0.000000000,0.000000000
802,-0.202001572,-1.457942724,147.024398804,1,0,0,0.000000000,0.000000000,0.000000000,0.000000000,0,0.000000000,0.000000000,0.000000000
803,-0.202001572,-1.459284186,147.434158325,1,0,0,0.000000000,0.000000000,0.000000000,0.000000000,0,0.000000000,0.000000000,0.000000000
804,-0.202003479,-1.460626364,147.844161987,1,0,0,0.000000000,0.000000000,0.000000000,0.000000000,0,0.000000000,0.000000000,0.000000000
805,-0.202003479,-1.461969495,148.254409790,1,0,0,0.000000000,0.000000000,0.000000000,0.000000000,0,0.000000000,0.000000000,0.000000000
806,-0.202005386,-1.463313341,148.664901733,1,0,0,0.000000000,0.000000000,0.000000000,0.000000000,0,0.000000000,0.000000000,0.000000000
807,-0.202005386,-1.464658022,149.075622559,1,0,0,0.000000000,0.000000000,0.000000000,0.000000000,0,0.000000000,0.000000000,0.000000000
808,-0.202007294,-1.466003418,149.486587524,1,0,0,0.000000000,0.000000000,0.000000000,0.000000000,0,0.000000000,0.000000000,0.000000000
809,-0.202007294,-1.467349768,149.897811890,1,0,0,0.000000000,0.000000000,0.000000000,0.000000000,0,0.000000000,0.000000000,0.000000000
810,-0.202009201,-1.468696833,150.309265137,1,0,0,0.000000000,0.000000000,0.000000000,0.000000000,0,0.000000000,0.000000000,0.000000000
811,-0.202009201,-1.470044613,150.720947266,1,0,0,0.000000000,0.000000000,0.000000000,0.000000000,0,0.000000000,0.000000000,0.000000000
812,-0.202009201,-1.471393228,151.132873535,1,0,0,0.000000000,0.000000000,0.000000000,0.000000000,0,0.000000000,0.000000000,0.000000000
813,-0.202011108,-1.472742558,151.545043945,1,0,0,0.000000000,0.000000000,0.000000000,0.000000000,0,0.000000000,0.000000000,0.000000000
814,-0.202011108,-1.474092722,151.957458496,1,0,0,0.000000000,0.000000000,0.000000000,0.000000000,0,0.000000000,0.000000000,0.000000000
815,-0.202013016,-1.475443721,152.370117188,1,0,0,0.000000000,0.000000000,0.000000000,0.000000000,0,0.000000000,0.000000000,0.000000000
816,-0.202013016,-1.476795435,152.782989502,1,0,0,0.000000000,0.000000000,0.000000000,0.000000000,0,0.000000000,0.000000000,0.000000000
817,-0.202014923,-1.478147984,153.196121216,1,0,0,0.000000000,0.000000000,0.000000000,0.000000000,0,0.000000000,0.000000000,0.000000000
818,-0.202014923,-1.479501247,153.609481812,1,0,0,0.000000000,0.000000000,0.000000000,0.000000000,0,0.000000000,0.000000000,0.000000000
819,-0.202016830,-1.480855227,154.023086548,1,0,0,0.000000000,0.000000000,0.000000000,0.000000000,0,0.000000000,0.000000000,0.000000000
820,-0.202016830,-1.482210159,154.436920166,1,0,0,0.000000000,0.000000000,0.000000000,0.000000000,0,0.000000000,0.000000000,0.000000000
821,-0.202016830,-1.483565807,154.850982666,1,0,0,0.000000000,0.000000000,0.000000000,0.000000000,0,0.000000000,0.000000000,0.000000000
822,-0.202018738,-1.484922171,155.265289307,1,0,0,0.000000000,0.000000000,0.000000000,0.000000000,0,0.000000000,0.000000000,0.000000000
823,-0.202018738,-1.486279249,155.679840088,1,0,0,0.000000000,0.000000000,0.000000000,0.000000000,0,0.000000000,0.000000000,0.000000000
824,-0.202020645,-1.487637281,156.094619751,1,0,0,0.000000000,0.000000000,0.000000000,0.000000000,0,0.000000000,0.000000000,0.000000000
825,-0.202020645,-1.488995910,156.509628296,1,0,0,0.000000000,0.000000000,0.000000000,0.000000000,0,0.000000000,0.000000000,0.000000000
826,-0.182872772,0.100028217,156.906097412,1,0,0,0.000000000,0.000000000,0.000000000,0.000000000,0,0.000000000,0.000000000,0.000000000
827,-0.168619156,1.640723705,157.287109375,1,0,0,0.000000000,0.000000000,0.000000000,0.000000000,0,0.000000000,0.000000000,0.000000000
828,-0.157703400,3.193727016,157.652755737,1,0,0,0.000000000,0.000000000,0.000000000,0.000000000,0,0.000000000,0.000000000,0.000000000
829,-0.149358749,4.758024693,158.002853394,1,0,0,0.000000000,0.000000000,0.000000000,0.000000000,0,0.000000000,0.000000000,0.000000000
830,-0.143009186,6.332661629,158.337188721,1,0,0,0.000000000,0.000000000,0.000000000,0.000000000,0,0.000000000,0.000000000,0.000000000
831,-0.138206482,7.916785240,158.655593872,1,0,0,0.000000000,0.000000000,0.000000000,0.000000000,0,0.000000000,0.000000000,0.000000000
832,-0.134613037,9.509669304,158.957977295,1,0,0,0.000000000,0.000000000,0.000000000,0.000000000,0,0.000000000,0.000000000,0.000000000
833,-0.131948471,11.110723495,159.244201660,1,0,0,0.000000000,0.000000000,0.000000000,0.000000000,0,0.000000000,0.000000000,0.000000000
834,-0.130010605,12.719513893,159.514175415,1,0,0,0.000000000,0.000000000,0.000000000,0.000000000,0,0.000000000,0.000000000,0.000000000
835,-0.128620148,14.335740089,159.767761230,1,0,0,0.000000000,0.000000000,0.000000000,0.000000000,0,0.000000000,0.000000000,0.000000000
836,-0.127653122,15.959218025,160.004882813,1,0,0,0.000000000,0.000000000,0.000000000,0.000000000,0,0.000000000,0.000000000,0.000000000
837,-0.110097885,17.473724365,160.237594604,1,0,0,0.000000000,0.000000000,0.000000000,0.000000000,0,0.000000000,0.000000000,0.000000000
838,-0.112123489,18.834171295,160.474105835,1,0,0,0.000000000,0.000000000,0.000000000,0.000000000,0,0.000000000,0.000000000,0.000000000
839,-0.113330841,20.214782715,160.696716309,1,0,0,0.000000000,0.000000000,0.000000000,0.000000000,0,0.000000000,0.000000000,0.000000000
840,-0.113752365,21.616584778,160.904937744,1,0,0,0.000000000,0.000000000,0.000000000,0.000000000,0,0.000000000,0.000000000,0.000000000
841,-0.114799500,22.732320786,161.142715454,1,0,0,0.000000000,0.000000000,0.000000000,0.000000000,0,0.000000000,0.000000000,0.000000000
842,-0.116142273,23.579908371,161.413101196,1,0,0,0.000000000,0.000000000,0.000000000,0.000000000,0,0.000000000,0.000000000,0.000000000
843,-0.117563248,24.182302475,161.716735840,1,0,0,0.000000000,0.000000000,0.000000000,0.000000000,0,0.000000000,0.000000000,0.000000000
844,-0.137796402,24.523077011,162.058273315,1,0,0,0.000000000,0.000000000,0.000000000,0.000000000,0,0.000000000,0.000000000,0.000000000
845,-0.152528763,24.482172012,162.456451416,1,0,0,0.000000000,0.000000000,0.000000000,0.000000000,0,0.000000000,0.000000000,0.000000000
846,-0.164182663,24.331022263,162.871139526,1,0,0,0.000000000,0.000000000,0.000000000,0.000000000,0,0.000000000,0.000000000,0.000000000
847,-0.173305511,24.094413757,163.298049927,1,0,0,0.000000000,0.000000000,0.000000000,0.000000000,0,0.000000000,0.000000000,0.000000000
848,-0.180358887,23.795261383,163.733489990,1,0,0,0.000000000,0.000000000,0.000000000,0.000000000,0,0.000000000,0.000000000,0.000000000
849,-0.185729980,23.454189301,164.174026489,1,0,0,0.000000000,0.000000000,0.000000000,0.000000000,0,0.000000000,0.000000000,0.000000000
850,-0.189739227,23.089317322,164.616729736,1,0,0,0.000000000,0.000000000,0.000000000,0.000000000,0,0.000000000,0.000000000,0.000000000
851,-0.192663193,22.716192245,165.059402466,1,0,0,0.000000000,0.000000000,0.000000000,0.000000000,0,0.000000000,0.000000000,0.000000000
852,-0.194717407,22.347742081,165.500076294,1,0,0,0.000000000,0.000000000,0.000000000,0.000000000,0,0.000000000,0.000000000,0.000000000
853,-0.196104050,21.994394302,165.937530518,1,0,0,0.000000000,0.000000000,0.000000000,0.000000000,0,0.000000000,0.000000000,0.000000000
854,-0.197271347,21.526151657,166.389465332,1,0,0,0.000000000,0.000000000,0.000000000,0.000000000,0,0.000000000,0.000000000,0.000000000
855,-0.198205948,20.957580566,166.852859497,1,0,0,0.000000000,0.000000000,0.000000000,0.000000000,0,0.000000000,0.000000000,0.000000000
856,-0.198926926,20.300733566,167.325149536,1,0,0,0.000000000,0.000000000,0.000000000,0.000000000,0,0.000000000,0.000000000,0.000000000
857,-0.199325562,19.578929901,167.801986694,1,0,0,0.000000000,0.000000000,0.000000000,0.000000000,0,0.000000000,0.000000000,0.000000000
858,-0.199462891,18.798324585,168.281784058,1,0,0,0.000000000,0.000000000,0.000000000,0.000000000,0,0.000000000,0.000000000,0.000000000
859,-0.199411392,17.962959290,168.763214111,1,0,0,0.000000000,0.000000000,0.000000000,0.000000000,0,0.000000000,0.000000000,0.000000000
860,-0.199234009,17.074993134,169.245254517,1,0,0,0.000000000,0.000000000,0.000000000,0.000000000,0,0.000000000,0.000000000,0.000000000
861,-0.198995590,16.134899139,169.727096558,1,0,0,0.000000000,0.000000000,0.000000000,0.000000000,0,0.000000000,0.000000000,0.000000000
862,-0.198749542,15.141706467,170.207824707,1,0,0,0.000000000,0.000000000,0.000000000,0.000000000,0,0.000000000,0.000000000,0.000000000
863,-0.198554993,14.093275070,170.686874390,1,0,0,0.000000000,0.000000000,0.000000000,0.000000000,0,0.000000000,0.000000000,0.000000000
864,-0.198471069,12.986471176,171.163299561,1,0,0,0.000000000,0.000000000,0.000000000,0.000000000,0,0.000000000,0.000000000,0.000000000
865,-0.198541641,11.817437172,171.636398315,1,0,0,0.000000000,0.000000000,0.000000000,0.000000000,0,0.000000000,0.000000000,0.000000000
866,-0.198808670,10.581773758,172.105163574,1,0,0,0.000000000,0.000000000,0.000000000,0.000000000,0,0.000000000,0.000000000,0.000000000
867,-0.199317932,9.274738312,172.568481445,1,0,0,0.000000000,0.000000000,0.000000000,0.000000000,0,0.000000000,0.000000000,0.000000000
868,-0.199642181,7.960274696,173.021667480,1,0,0,0.000000000,0.000000000,0.000000000,0.000000000,0,0.000000000,0.000000000,0.000000000
869,-0.199844360,6.638130188,173.464675903,1,0,0,0.000000000,0.000000000,0.000000000,0.000000000,0,0.000000000,0.000000000,0.000000000
870,-0.200138092,5.314689159,173.896697998,1,0,0,0.000000000,0.000000000,0.000000000,0.000000000,0,0.000000000,0.000000000,0.000000000
871,-0.200529099,3.990046024,174.317840576,1,0,0,0.000000000,0.000000000,0.000000000,0.000000000,0,0.000000000,0.000000000,0.000000000
872,-0.201011658,2.664312363,174.728073120,1,0,0,0.000000000,0.000000000,0.000000000,0.000000000,0,0.000000000,0.000000000,0.000000000
873,-0.201587677,1.337581635,175.127487183,1,0,0,0.000000000,0.000000000,0.000000000,0.000000000,0,0.000000000,0.000000000,0.000000000
874,-0.202255249,0.009955645,175.516128540,1,0,0,0.000000000,0.000000000,0.000000000,0.000000000,0,0.000000000,0.000000000,0.000000000
875,-0.203010559,-1.318469763,175.894012451,1,0,0,0.000000000,0.000000000,0.000000000,0.000000000,0,0.000000000,0.000000000,0.000000000
876,-0.203861237,-2.647595167,176.261230469,1,0,0,0.000000000,0.000000000,0.000000000,0.000000000,0,0.000000000,0.000000000,0.000000000
877,-0.204799652,-3.977326393,176.617874146,1,0,0,0.000000000,0.000000000,0.000000000,0.000000000,0,0.000000000,0.000000000,0.000000000
878,-0.205829620,-5.307567120,176.963867188,1,0,0,0.000000000,0.000000000,0.000000000,0.000000000,0,0.000000000,0.000000000,0.000000000
879,-0.206945419,-6.638225555,177.299285889,1,0,0,0.000000000,0.000000000,0.000000000,0.000000000,0,0.000000000,0.000000000,0.000000000
880,-0.208152771,-7.969208241,177.624267578,1,0,0,0.000000000,0.000000000,0.000000000,0.000000000,0,0.000000000,0.000000000,0.000000000
881,-0.209447861,-9.300426483,177.938827515,1,0,0,0.000000000,0.000000000,0.000000000,0.000000000,0,0.000000000,0.000000000,0.000000000
882,-0.210830688,-10.631786346,178.243026733,1,0,0,0.000000000,0.000000000,0.000000000,0.000000000,0,0.000000000,0.000000000,0.000000000
883,-0.212299347,-11.963200569,178.536834717,1,0,0,0.000000000,0.000000000,0.000000000,0.000000000,0,0.000000000,0.000000000,0.000000000
884,-0.213855743,-13.294582367,178.820449829,1,0,0,0.000000000,0.000000000,0.000000000,0.000000000,0,0.000000000,0.000000000,0.000000000
885,-0.215499878,-14.625844955,179.093841553,1,0,0,0.000000000,0.000000000,0.000000000,0.000000000,0,0.000000000,0.000000000,0.000000000
886,-0.217226028,-15.956898689,179.356994629,1,0,0,0.000000000,0.000000000,0.000000000,0.000000000,0,0.000000000,0.000000000,0.000000000
887,-0.219041824,-17.287658691,179.610076904,1,0,0,0.000000000,0.000000000,0.000000000,0.000000000,0,0.000000000,0.000000000,0.000000000
888,-0.220939636,-18.618053436,179.853134155,1,0,0,0.000000000,0.000000000,0.000000000,0.000000000,0,0.000000000,0.000000000,0.000000000
889,-0.222921371,-19.947986603,180.086181641,1,0,0,0.000000000,0.000000000,0.000000000,0.000000000,0,0.000000000,0.000000000,0.000000000
890,-0.224985123,-21.277385712,180.309280396,1,0,0,0.000000000,0.000000000,0.000000000,0.000000000,0,0.000000000,0.000000000,0.000000000
891,-0.227132797,-22.606166840,180.522506714,1,0,0,0.000000000,0.000000000,0.000000000,0.000000000,0,0.000000000,0.000000000,0.000000000
892,-0.229362488,-23.934255600,180.725906372,1,0,0,0.000000000,0.000000000,0.000000000,0.000000000,0,0.000000000,0.000000000,0.000000000
893,-0.231672287,-25.261564255,180.919525146,1,0,0,0.000000000,0.000000000,0.000000000,0.000000000,0,0.000000000,0.000000000,0.000000000
894,-0.234067917,-26.588022232,181.103408813,1,0,0,0.000000000,0.000000000,0.000000000,0.000000000,0,0.000000000,0.000000000,0.000000000
895,-0.236539841,-27.913562775,181.277679443,1,0,0,0.000000000,0.000000000,0.000000000,0.000000000,0,0.000000000,0.000000000,0.000000000
896,-0.239093781,-29.238094330,181.442398071,1,0,0,0.000000000,0.000000000,0.000000000,0.000000000,0,0.000000000,0.000000000,0.000000000
897,-0.241724014,-30.561561584,181.597549438,1,0,0,0.000000000,0.000000000,0.000000000,0.000000000,0,0.000000000,0.000000000,0.000000000
898,-0.244430542,-31.883880615,181.743209839,1,0,0,0.000000000,0.000000000,0.000000000,0.000000000,0,0.000000000,0.000000000,0.000000000
899,-0.247217178,-33.204971313,181.879425049,1,0,0,0.000000000,0.000000000,0.000000000,0.000000000,0,0.000000000,0.000000000,0.000000000
900,-0.250083923,-34.524780273,182.006362915,1,0,0,0.000000000,0.000000000,0.000000000,0.000000000,0,0.000000000,0.000000000,0.000000000
901,-0.162727356,-30.501033783,183.016891479,1,0,0,0.000000000,0.000000000,0.000000000,0.000000000,0,0.000000000,0.000000000,0.000000000
902,-0.089035034,-27.100591660,183.844955444,1,0,0,0.000000000,0.000000000,0.000000000,0.000000000,0,0.000000000,0.000000000,0.000000000
903,-0.020013809,-23.934553146,184.576507568,1,0,0,0.000000000,0.000000000,0.000000000,0.000000000,0,0.000000000,0.000000000,0.000000000
904,0.058776855,-20.826429367,185.244232178,1,0,0,0.000000000,0.000000000,0.000000000,0.000000000,0,0.000000000,0.000000000,0.000000000
905,0.131671906,-17.662929535,185.862976074,1,0,0,0.000000000,0.000000000,0.000000000,0.000000000,0,0.000000000,0.000000000,0.000000000
906,0.201663971,-14.347583771,186.437393188,1,0,0,0.000000000,0.000000000,0.000000000,0.000000000,0,0.000000000,0.000000000,0.000000000
907,0.271446228,-10.843103409,186.961914063,1,0,0,0.000000000,0.000000000,0.000000000,0.000000000,0,0.000000000,0.000000000,0.000000000
908,0.341810226,-7.147126198,187.426376343,1,0,0,0.000000000,0.000000000,0.000000000,0.000000000,0,0.000000000,0.000000000,0.000000000
909,0.413293839,-3.260613441,187.819931030,1,0,0,0.000000000,0.000000000,0.000000000,0.000000000,0,0.000000000,0.000000000,0.000000000
910,0.486242294,0.812564850,188.131164551,1,0,0,0.000000000,0.000000000,0.000000000,0.000000000,0,0.000000000,0.000000000,0.000000000
911,0.560865402,5.066061974,188.348678589,1,0,0,0.000000000,0.000000000,0.000000000,0.000000000,0,0.000000000,0.000000000,0.000000000
912,0.637273788,9.491488457,188.460968018,1,0,0,0.000000000,0.000000000,0.000000000,0.000000000,0,0.000000000,0.000000000,0.000000000
913,0.715517044,14.078823090,188.456939697,1,0,0,0.000000000,0.000000000,0.000000000,0.000000000,0,0.000000000,0.000000000,0.000000000
914,0.795608521,18.816814423,188.325881958,1,0,0,0.000000000,0.000000000,0.000000000,0.000000000,0,0.000000000,0.000000000,0.000000000
915,0.877561569,23.693363190,188.057723999,1,0,0,0.000000000,0.000000000,0.000000000,0.000000000,0,0.000000000,0.000000000,0.000000000
916,0.935173035,27.888881683,187.766738892,1,0,0,0.000000000,0.000000000,0.000000000,0.000000000,0,0.000000000,0.000000000,0.000000000
917,0.974428177,31.174026489,187.537185669,1,0,0,0.000000000,0.000000000,0.000000000,0.000000000,0,0.000000000,0.000000000,0.000000000
918,0.970024109,29.120790482,188.143295288,1,0,0,0.000000000,0.000000000,0.000000000,0.000000000,0,0.000000000,0.000000000,0.000000000
919,0.966684341,27.854791641,188.608367920,1,0,0,0.000000000,0.000000000,0.000000000,0.000000000,0,0.000000000,0.000000000,0.000000000
920,0.963781357,26.817068100,189.031692505,1,0,0,0.000000000,0.000000000,0.000000000,0.000000000,0,0.000000000,0.000000000,0.000000000
921,0.957500458,25.690963745,189.461151123,1,0,0,0.000000000,0.000000000,0.000000000,0.000000000,0,0.000000000,0.000000000,0.000000000
922,0.951761246,24.355297089,189.911026001,1,0,0,0.000000000,0.000000000,0.000000000,0.000000000,0,0.000000000,0.000000000,0.000000000
923,0.959615707,23.655080795,190.253646851,1,0,0,0.000000000,0.000000000,0.000000000,0.000000000,0,0.000000000,0.000000000,0.000000000
924,0.967054367,22.751480103,190.618103027,1,0,0,0.000000000,0.000000000,0.000000000,0.000000000,0,0.000000000,0.000000000,0.000000000
925,0.972328186,21.661935806,190.999938965,1,0,0,0.000000000,0.000000000,0.000000000,0.000000000,0,0.000000000,0.000000000,0.000000000
926,0.976049423,20.417812347,191.392547607,1,0,0,0.000000000,0.000000000,0.000000000,0.000000000,0,0.000000000,0.000000000,0.000000000
927,0.978651047,19.046323776,191.790054321,1,0,0,0.000000000,0.000000000,0.000000000,0.000000000,0,0.000000000,0.000000000,0.000000000
928,0.980461121,17.570539474,192.187530518,1,0,0,0.000000000,0.000000000,0.000000000,0.000000000,0,0.000000000,0.000000000,0.000000000
929,0.981704712,16.009387970,192.581054688,1,0,0,0.000000000,0.000000000,0.000000000,0.000000000,0,0.000000000,0.000000000,0.000000000
930,0.982538223,14.377857208,192.967330933,1,0,0,0.000000000,0.000000000,0.000000000,0.000000000,0,0.000000000,0.000000000,0.000000000
931,0.973230362,12.691089630,193.343460083,1,0,0,0.000000000,0.000000000,0.000000000,0.000000000,0,0.000000000,0.000000000,0.000000000
932,0.964460373,10.965949059,193.706787109,1,0,0,0.000000000,0.000000000,0.000000000,0.000000000,0,0.000000000,0.000000000,0.000000000
933,0.956211090,9.205860138,194.056137085,1,0,0,0.000000000,0.000000000,0.000000000,0.000000000,0,0.000000000,0.000000000,0.000000000
934,0.948461533,7.411588192,194.390655518,1,0,0,0.000000000,0.000000000,0.000000000,0.000000000,0,0.000000000,0.000000000,0.000000000
935,0.941173553,5.581625462,194.709533691,1,0,0,0.000000000,0.000000000,0.000000000,0.000000000,0,0.000000000,0.000000000,0.000000000
936,0.934295654,3.712594986,195.011901855,1,0,0,0.000000000,0.000000000,0.000000000,0.000000000,0,0.000000000,0.000000000,0.000000000
937,0.927762985,1.799649835,195.296722412,1,0,0,0.000000000,0.000000000,0.000000000,0.000000000,0,0.000000000,0.000000000,0.000000000
938,0.921510696,-0.163178682,195.562866211,1,0,0,0.000000000,0.000000000,0.000000000,0.000000000,0,0.000000000,0.000000000,0.000000000
939,0.915458679,-2.182640314,195.808761597,1,0,0,0.000000000,0.000000000,0.000000000,0.000000000,0,0.000000000,0.000000000,0.000000000
940,0.909534454,-4.265940666,196.032653809,1,0,0,0.000000000,0.000000000,0.000000000,0.000000000,0,-0.000000000,0.000000000,0.000000000
941,0.903676987,-6.383877754,196.233459473,1,0,0,0.000000000,0.000000000,0.000000000,0.000000000,0,-0.000000000,0.000000000,0.000000000
942,0.898078918,-8.511255264,196.411239624,1,0,0,0.000000000,0.000000000,0.000000000,0.000000000,0,-0.000000000,0.000000000,0.000000000
943,0.892181396,-10.636863708,196.565780640,1,0,0,0.000000000,0.000000000,0.000000000,0.000000000,0,-0.000000000,0.000000000,0.000000000
944,0.885995865,-12.760450363,196.697235107,1,0,0,0.000000000,0.000000000,0.000000000,0.000000000,0,-0.000000000,0.000000000,0.000000000
945,0.879512787,-14.881764412,196.805770874,1,0,0,0.000000000,0.000000000,0.000000000,0.000000000,0,-0.000000000,0.000000000,0.000000000
946,0.872739792,-17.000545502,196.891403198,1,0,0,0.000000000,0.000000000,0.000000000,0.000000000,0,0.000000000,0.000000000,0.000000000
947,0.865682602,-19.116554260,196.954376221,1,0,0,0.000000000,0.000000000,0.000000000,0.000000000,0,0.000000000,0.000000000,0.000000000
948,0.858339310,-21.229541779,196.994766235,1,0,0,0.000000000,0.000000000,0.000000000,0.000000000,0,0.000000000,0.000000000,0.000000000
949,0.850715637,-23.339271545,197.012786865,1,0,0,0.000000000,0.000000000,0.000000000,0.000000000,0,0.000000000,0.000000000,0.000000000
950,0.842805862,-25.445510864,197.008514404,1,0,0,0.000000000,0.000000000,0.000000000,0.000000000,0,0.000000000,0.000000000,0.000000000
951,0.834627151,-27.548011780,196.982086182,1,0,0,0.000000000,0.000000000,0.000000000,0.000000000,0,0.000000000,0.000000000,0.000000000
952,0.826168060,-29.646556854,196.933624268,1,0,0,0.000000000,0.000000000,0.000000000,0.000000000,0,0.000000000,0.000000000,0.000000000
953,0.817434311,-31.740905762,196.863357544,1,0,0,0.000000000,0.000000000,0.000000000,0.000000000,0,0.000000000,0.000000000,0.000000000
954,0.808431625,-33.830856323,196.771423340,1,0,0,0.000000000,0.000000000,0.000000000,0.000000000,0,0.000000000,0.000000000,0.000000000
955,0.799163818,-35.916172028,196.657928467,1,0,0,0.000000000,0.000000000,0.000000000,0.000000000,0,0.000000000,0.000000000,0.000000000
956,0.789625168,-37.996643066,196.523040771,1,0,0,0.000000000,0.000000000,0.000000000,0.000000000,0,0.000000000,0.000000000,0.000000000
957,0.779825211,-40.072036743,196.366821289,1,0,0,0.000000000,0.000000000,0.000000000,0.000000000,0,0.000000000,0.000000000,0.000000000
958,0.769762039,-42.142181396,196.189727783,1,0,0,0.000000000,0.000000000,0.000000000,0.000000000,0,0.000000000,0.000000000,0.000000000
959,0.759441376,-44.206832886,195.991516113,1,0,0,0.000000000,0.000000000,0.000000000,0.000000000,0,0.000000000,0.000000000,0.000000000
960,0.753564835,-46.026100159,195.829162598,1,0,0,0.000000000,0.000000000,0.000000000,0.000000000,0,0.000000000,0.000000000,0.000000000
961,0.750946045,-47.538658142,195.724441528,1,0,0,0.000000000,0.000000000,0.000000000,0.000000000,0,0.000000000,0.000000000,0.000000000
962,0.751480103,-48.742042542,195.685028076,1,0,0,0.000000000,0.000000000,0.000000000,0.000000000,0,0.000000000,0.000000000,0.000000000
963,0.754997253,-49.639434814,195.715972900,1,0,0,0.000000000,0.000000000,0.000000000,0.000000000,0,0.000000000,0.000000000,0.000000000
964,0.761251450,-50.238422394,195.819396973,1,0,0,0.000000000,0.000000000,0.000000000,0.000000000,0,0.000000000,0.000000000,0.000000000
965,0.753801346,-50.416782379,196.028289795,1,0,0,0.000000000,0.000000000,0.000000000,0.000000000,0,0.000000000,0.000000000,0.000000000
966,0.777427673,-50.151714325,196.348358154,1,0,0,0.000000000,0.000000000,0.000000000,0.000000000,0,0.000000000,0.000000000,0.000000000
967,0.798494339,-49.684532166,196.718780518,1,0,0,0.000000000,0.000000000,0.000000000,0.000000000,0,0.000000000,0.000000000,0.000000000
968,0.817890167,-49.029136658,197.134399414,1,0,0,0.000000000,0.000000000,0.000000000,0.000000000,0,0.000000000,0.000000000,0.000000000
969,0.836271286,-48.199119568,197.589706421,1,0,0,0.000000000,0.000000000,0.000000000,0.000000000,0,0.000000000,0.000000000,0.000000000
970,0.870304108,-46.384563446,198.262390137,1,0,0,0.000000000,0.000000000,0.000000000,0.000000000,0,0.000000000,0.000000000,0.000000000
971,0.901668549,-44.472816467,198.937286377,1,0,0,0.000000000,0.000000000,0.000000000,0.000000000,0,0.000000000,0.000000000,0.000000000
972,0.931810379,-42.463138580,199.611450195,1,0,0,0.000000000,0.000000000,0.000000000,0.000000000,0,0.000000000,0.000000000,0.000000000
973,0.961534500,-40.354969025,200.282196045,1,0,0,0.000000000,0.000000000,0.000000000,0.000000000,0,0.000000000,0.000000000,0.000000000
974,0.991443634,-38.147750854,200.946472168,1,0,0,0.000000000,0.000000000,0.000000000,0.000000000,0,0.000000000,0.000000000,0.000000000
975,1.025293350,-35.842380524,201.601684570,1,0,0,0.000000000,0.000000000,0.000000000,0.000000000,0,0.000000000,0.000000000,0.000000000
976,1.060039520,-33.326080322,202.263000488,1,0,0,0.000000000,0.000000000,0.000000000,0.000000000,0,0.000000000,0.000000000,0.000000000
977,1.095966339,-30.598751068,202.922637939,1,0,0,0.000000000,0.000000000,0.000000000,0.000000000,0,0.000000000,0.000000000,0.000000000
978,1.133232117,-27.662937164,203.571762085,1,0,0,0.000000000,0.000000000,0.000000000,0.000000000,0,0.000000000,0.000000000,0.000000000
979,1.162216187,-24.752906799,204.174713135,1,0,0,0.000000000,0.000000000,0.000000000,0.000000000,0,0.000000000,0.000000000,0.000000000
980,1.183582306,-22.096580505,204.709503174,1,0,0,0.000000000,0.000000000,0.000000000,0.000000000,0,0.000000000,0.000000000,0.000000000
981,1.199058533,-19.691371918,205.186798096,1,0,0,0.000000000,0.000000000,0.000000000,0.000000000,0,0.000000000,0.000000000,0.000000000
982,1.210020065,-17.526910782,205.616561890,1,0,0,0.000000000,0.000000000,0.000000000,0.000000000,0,0.000000000,0.000000000,0.000000000
983,1.217588425,-15.586793900,206.007980347,1,0,0,0.000000000,0.000000000,0.000000000,0.000000000,0,0.000000000,0.000000000,0.000000000
984,1.237880707,-14.920309067,206.291809082,1,0,0,0.000000000,0.000000000,0.000000000,0.000000000,0,0.000000000,0.000000000,0.000000000
985,1.250494003,-14.221841812,206.576278687,1,0,0,0.000000000,0.000000000,0.000000000,0.000000000,0,0.000000000,0.000000000,0.000000000
986,1.260564804,-13.465815544,206.862731934,1,0,0,0.000000000,0.000000000,0.000000000,0.000000000,0,0.000000000,0.000000000,0.000000000
987,1.269033432,-12.646326065,207.150787354,1,0,0,0.000000000,0.000000000,0.000000000,0.000000000,0,0.000000000,0.000000000,0.000000000
988,1.276535034,-11.760286331,207.439880371,1,0,0,0.000000000,0.000000000,0.000000000,0.000000000,0,0.000000000,0.000000000,0.000000000
989,1.283456802,-10.806989670,207.729064941,1,0,0,0.000000000,0.000000000,0.000000000,0.000000000,0,0.000000000,0.000000000,0.000000000
990,1.290014267,-9.787675858,208.017379761,1,0,0,0.000000000,0.000000000,0.000000000,0.000000000,0,0.000000000,0.000000000,0.000000000
991,1.296298981,-8.705137253,208.303771973,1,0,0,0.000000000,0.000000000,0.000000000,0.000000000,0,0.000000000,0.000000000,0.000000000
992,1.302314758,-7.563341141,208.587127686,1,0,0,0.000000000,0.000000000,0.000000000,0.000000000,0,0.000000000,0.000000000,0.000000000
993,1.308008194,-6.367069721,208.866378784,1,0,0,0.000000000,0.000000000,0.000000000,0.000000000,0,0.000000000,0.000000000,0.000000000
994,1.313302994,-5.121642113,209.140426636,1,0,0,0.000000000,0.000000000,0.000000000,0.000000000,0,0.000000000,0.000000000,0.000000000
995,1.318109512,-3.832648754,209.408294678,1,0,0,0.000000000,0.000000000,0.000000000,0.000000000,0,0.000000000,0.000000000,0.000000000
996,1.322349548,-2.505725861,209.669219971,1,0,0,0.000000000,0.000000000,0.000000000,0.000000000,0,0.000000000,0.000000000,0.000000000
997,1.322969437,-1.149917722,209.922393799,1,0,0,0.000000000,0.000000000,0.000000000,0.000000000,0,0.000000000,0.000000000,0.000000000
998,1.321434021,-0.052702665,210.168243408,1,0,0,0.000000000,0.000000000,0.000000000,0.000000000,0,0.000000000,0.000000000,0.000000000
999,1.318281174,0.791691542,210.410598755,1,0,0,0.000000000,0.000000000,0.000000000,0.000000000,0,0.000000000,0.000000000,0.000000000
1000,1.314123154,1.403640747,210.652465820,1,0,0,0.000000000,0.000000000,0.000000000,0.000000000,0,0.000000000,0.000000000,0.000000000
1001,1.309434891,1.807041645,210.895629883,1,0,0,0.000000000,0.000000000,0.000000000,0.000000000,0,0.000000000,0.000000000,0.000000000
1002,1.304588318,2.027895212,211.140945435,1,0,0,0.000000000,0.000000000,0.000000000,0.000000000,0,0.000000000,0.000000000,0.000000000
1003,1.299854279,2.093093872,211.388473511,1,0,0,0.000000000,0.000000000,0.000000000,0.000000000,0,0.000000000,0.000000000,0.000000000
1004,1.295423508,2.029408455,211.638168335,1,0,0,0.000000000,0.000000000,0.000000000,0.000000000,0,0.000000000,0.000000000,0.000000000
1005,1.291414261,1.862668753,211.889648438,1,0,0,0.000000000,0.000000000,0.000000000,0.000000000,0,0.000000000,0.000000000,0.000000000
1006,1.287897110,1.617116213,212.142288208,1,0,0,0.000000000,0.000000000,0.000000000,0.000000000,0,0.000000000,0.000000000,0.000000000
1007,1.284898758,1.314946055,212.395660400,1,0,0,0.000000000,0.000000000,0.000000000,0.000000000,0,0.000000000,0.000000000,0.000000000
1008,1.282419205,0.975996375,212.649383545,1,0,0,0.000000000,0.000000000,0.000000000,0.000000000,0,0.000000000,0.000000000,0.000000000
1009,1.280426025,0.617556095,212.903137207,1,0,0,0.000000000,0.000000000,0.000000000,0.000000000,0,0.000000000,0.000000000,0.000000000
1010,1.278886795,0.254313111,213.156860352,1,0,0,0.000000000,0.000000000,0.000000000,0.000000000,0,0.000000000,0.000000000,0.000000000
1011,1.277751923,-0.101626039,213.410446167,1,0,0,0.000000000,0.000000000,0.000000000,0.000000000,0,0.000000000,0.000000000,0.000000000
1012,1.276969910,-0.440631390,213.663925171,1,0,0,0.000000000,0.000000000,0.000000000,0.000000000,0,0.000000000,0.000000000,0.000000000
1013,1.276487350,-0.755381823,213.917373657,1,0,0,0.000000000,0.000000000,0.000000000,0.000000000,0,0.000000000,0.000000000,0.000000000
1014,1.276248932,-1.040667176,214.170928955,1,0,0,0.000000000,0.000000000,0.000000000,0.000000000,0,-0.000000000,0.000000000,0.000000000
1015,1.276206970,-1.293157101,214.424682617,1,0,0,0.000000000,0.000000000,0.000000000,0.000000000,0,-0.000000000,0.000000000,0.000000000
1016,1.276315689,-1.511149645,214.678848267,1,0,0,0.000000000,0.000000000,0.000000000,0.000000000,0,-0.000000000,0.000000000,0.000000000
1017,1.276536942,-1.694322586,214.933425903,1,0,0,0.000000000,0.000000000,0.000000000,0.000000000,0,-0.000000000,0.000000000,0.000000000
1018,1.276828766,-1.843489408,215.188537598,1,0,0,0.000000000,0.000000000,0.000000000,0.000000000,0,-0.000000000,0.000000000,0.000000000
1019,1.277173996,-1.960359573,215.444305420,1,0,0,0.000000000,0.000000000,0.000000000,0.000000000,0,-0.000000000,0.000000000,0.000000000
1020,1.277538300,-2.047320366,215.700637817,1,0,0,0.000000000,0.000000000,0.000000000,0.000000000,0,-0.000000000,0.000000000,0.000000000
1021,1.277902603,-2.107241631,215.957702637,1,0,0,0.000000000,0.000000000,0.000000000,0.000000000,0,-0.000000000,0.000000000,0.000000000
1022,1.278253555,-2.143291712,216.215362549,1,0,0,0.000000000,0.000000000,0.000000000,0.000000000,0,-0.000000000,0.000000000,0.000000000
1023,1.278577805,-2.158789635,216.473754883,1,0,0,0.000000000,0.000000000,0.000000000,0.000000000,0,-0.000000000,0.000000000,0.000000000
1024,1.278871536,-2.157072306,216.732666016,1,0,0,0.000000000,0.000000000,0.000000000,0.000000000,0,-0.000000000,0.000000000,0.000000000
1025,1.279119492,-2.141392469,216.992248535,1,0,0,0.000000000,0.000000000,0.000000000,0.000000000,0,-0.000000000,0.000000000,0.000000000
1026,1.279327393,-2.114829063,217.252319336,1,0,0,0.000000000,0.000000000,0.000000000,0.000000000,0,-0.000000000,0.000000000,0.000000000
1027,1.279493332,-2.080227375,217.512954712,1,0,0,0.000000000,0.000000000,0.000000000,0.000000000,0,-0.000000000,0.000000000,0.000000000
1028,1.279617310,-2.040157557,217.774169922,1,0,0,0.000000000,0.000000000,0.000000000,0.000000000,0,-0.000000000,0.000000000,0.000000000
1029,1.279697418,-1.996881485,218.035827637,1,0,0,0.000000000,0.000000000,0.000000000,0.000000000,0,-0.000000000,0.000000000,0.000000000
1030,1.279747009,-1.952344179,218.297943115,1,0,0,0.000000000,0.000000000,0.000000000,0.000000000,0,-0.000000000,0.000000000,0.000000000
1031,1.279758453,-1.908169508,218.560668945,1,0,0,0.000000000,0.000000000,0.000000000,0.000000000,0,-0.000000000,0.000000000,0.000000000
1032,1.279745102,-1.865669966,218.823715210,1,0,0,0.000000000,0.000000000,0.000000000,0.000000000,0,-0.000000000,0.000000000,0.000000000
1033,1.279706955,-1.825866818,219.087295532,1,0,0,0.000000000,0.000000000,0.000000000,0.000000000,0,-0.000000000,0.000000000,0.000000000
1034,1.279649734,-1.789510250,219.351379395,1,0,0,0.000000000,0.000000000,0.000000000,0.000000000,0,-0.000000000,0.000000000,0.000000000
1035,1.279577255,-1.757104874,219.615829468,1,0,0,0.000000000,0.000000000,0.000000000,0.000000000,0,-0.000000000,0.000000000,0.000000000
1036,1.279493332,-1.728942275,219.880859375,1,0,0,0.000000000,0.000000000,0.000000000,0.000000000,0,-0.000000000,0.000000000,0.000000000
1037,1.279405594,-1.705130577,220.146224976,1,0,0,0.000000000,0.000000000,0.000000000,0.000000000,0,-0.000000000,0.000000000,0.000000000
1038,1.279314041,-1.685621977,220.412109375,1,0,0,0.000000000,0.000000000,0.000000000,0.000000000,0,0.000000000,0.000000000,0.000000000
1039,1.279222488,-1.670246243,220.678451538,1,0,0,0.000000000,0.000000000,0.000000000,0.000000000,0,0.000000000,0.000000000,0.000000000
1040,1.279134750,-1.658741474,220.945205688,1,0,0,0.000000000,0.000000000,0.000000000,0.000000000,0,0.000000000,0.000000000,0.000000000
1041,1.279056549,-1.650772572,221.212509155,1,0,0,0.000000000,0.000000000,0.000000000,0.000000000,0,0.000000000,0.000000000,0.000000000
1042,1.278982162,-1.645957112,221.480194092,1,0,0,0.000000000,0.000000000,0.000000000,0.000000000,0,0.000000000,0.000000000,0.000000000
1043,1.278917313,-1.643888712,221.748397827,1,0,0,0.000000000,0.000000000,0.000000000,0.000000000,0,0.000000000,0.000000000,0.000000000
1044,1.278862000,-1.644150972,222.017059326,1,0,0,0.000000000,0.000000000,0.000000000,0.000000000,0,0.000000000,0.000000000,0.000000000
1045,1.278818130,-1.646332741,222.286209106,1,0,0,0.000000000,0.000000000,0.000000000,0.000000000,0,0.000000000,0.000000000,0.000000000
1046,1.278781891,-1.650040269,222.555831909,1,0,0,0.000000000,0.000000000,0.000000000,0.000000000,0,0.000000000,0.000000000,0.000000000
1047,1.278757095,-1.654906511,222.825897217,1,0,0,0.000000000,0.000000000,0.000000000,0.000000000,0,0.000000000,0.000000000,0.000000000
1048,1.278741837,-1.660597324,223.096435547,1,0,0,0.000000000,0.000000000,0.000000000,0.000000000,0,0.000000000,0.000000000,0.000000000
1049,1.278738022,-1.666813493,223.367431641,1,0,0,0.000000000,0.000000000,0.000000000,0.000000000,0,0.000000000,0.000000000,0.000000000
1050,1.278738022,-1.673296213,223.638900757,1,0,0,0.000000000,0.000000000,0.000000000,0.000000000,0,0.000000000,0.000000000,0.000000000
1051,1.278753281,-1.679825902,223.910888672,1,0,0,0.000000000,0.000000000,0.000000000,0.000000000,0,0.000000000,0.000000000,0.000000000
1052,1.278768539,-1.686222076,224.183319092,1,0,0,0.000000000,0.000000000,0.000000000,0.000000000,0,0.000000000,0.000000000,0.000000000
1053,1.278791428,-1.692343831,224.456237793,1,0,0,0.000000000,0.000000000,0.000000000,0.000000000,0,0.000000000,0.000000000,0.000000000
1054,1.278816223,-1.698082209,224.729614258,1,0,0,0.000000000,0.000000000,0.000000000,0.000000000,0,0.000000000,0.000000000,0.000000000
1055,1.278841019,-1.703362942,225.003463745,1,0,0,0.000000000,0.000000000,0.000000000,0.000000000,0,0.000000000,0.000000000,0.000000000
1056,1.278873444,-1.708135724,225.277786255,1,0,0,0.000000000,0.000000000,0.000000000,0.000000000,0,0.000000000,0.000000000,0.000000000
1057,1.278907776,-1.712377548,225.552612305,1,0,0,0.000000000,0.000000000,0.000000000,0.000000000,0,0.000000000,0.000000000,0.000000000
1058,1.278934479,-1.716085434,225.827850342,1,0,0,0.000000000,0.000000000,0.000000000,0.000000000,0,0.000000000,0.000000000,0.000000000
1059,1.278963089,-1.719272971,226.103576660,1,0,0,0.000000000,0.000000000,0.000000000,0.000000000,0,0.000000000,0.000000000,0.000000000
1060,1.278995514,-1.721968174,226.379791260,1,0,0,0.000000000,0.000000000,0.000000000,0.000000000,0,0.000000000,0.000000000,0.000000000
1061,1.279022217,-1.724209309,226.656463623,1,0,0,0.000000000,0.000000000,0.000000000,0.000000000,0,0.000000000,0.000000000,0.000000000
1062,1.279048920,-1.726038456,226.933624268,1,0,0,0.000000000,0.000000000,0.000000000,0.000000000,0,0.000000000,0.000000000,0.000000000
1063,1.279066086,-1.727504015,227.211212158,1,0,0,0.000000000,0.000000000,0.000000000,0.000000000,0,-0.000000000,0.000000000,0.000000000
1064,1.279087067,-1.728657246,227.489288330,1,0,0,0.000000000,0.000000000,0.000000000,0.000000000,0,-0.000000000,0.000000000,0.000000000
