tick,local_x,local_y,local_z,on_floor,bus_support,inside_hull,velocity_x,velocity_y,velocity_z,platform_speed,jump_command,walk_dx,walk_dy,walk_dz
1,0.000000000,-0.599008143,2.466674805,1,1,1,-0.000022980,0.000000000,2.000000000,0.000000000,0,-0.000000013,0.000000000,-0.033333335
2,0.000000000,-0.599510193,2.434265137,1,1,1,-0.000022749,0.000000000,2.000000000,0.000000000,0,0.000000000,0.000003406,-0.033333335
3,0.000000000,-0.599655271,2.401840210,1,1,1,-0.000021989,0.000000000,2.000000000,0.063430943,0,0.000000013,0.000009475,-0.033333331
4,0.000000000,-0.599747896,2.369430542,1,1,1,-0.000020255,0.000000000,1.999999523,0.117353760,0,0.000000013,0.000017518,-0.033333328
5,-0.000001907,-0.599795640,2.337020874,1,1,1,-0.000019328,0.000000000,1.999999523,0.172400787,0,0.000000026,0.000026916,-0.033333313
6,-0.000001907,-0.599806070,2.304595947,1,1,1,-0.000017805,0.000000000,1.999998569,0.226506978,0,0.000000027,0.000037122,-0.033333294
7,-0.000001907,-0.599786699,2.272171021,1,1,1,-0.000016557,0.000000000,1.999998093,0.280575693,0,0.000000027,0.000047665,-0.033333264
8,0.000000000,-0.599744678,2.239730835,1,1,1,-0.000014836,0.000000000,1.999997139,0.335581541,0,0.000000015,0.000058153,-0.033333231
9,0.000000000,-0.599685669,2.207290649,1,1,1,-0.000014248,0.000000000,1.999995708,0.389764875,0,0.000000015,0.000068270,-0.033333197
10,0.000000000,-0.599615812,2.174835205,1,1,1,-0.000013182,0.000000000,1.999994755,0.444054544,0,0.000000002,0.000077769,-0.033333153
11,-0.000001907,-0.599539638,2.142395020,1,1,1,-0.000014038,0.000000000,1.999993324,0.498463243,0,0.000000016,0.000086469,-0.033333112
12,0.000000000,-0.599461317,2.109939575,1,1,1,-0.000013530,0.000000000,1.999991894,0.552071214,0,0.000000002,0.000094249,-0.033333071
13,0.000000000,-0.599384189,2.077514648,1,1,1,-0.000014058,0.000000000,1.999990940,0.606695354,0,0.000000002,0.000101037,-0.033333026
14,0.000000000,-0.599310517,2.045028687,1,1,1,-0.000014760,0.000000000,1.999989510,0.661406040,0,0.000000002,0.000106807,-0.033332992
15,0.000000000,-0.599243045,2.012588501,1,1,1,-0.000015591,0.000000000,1.999989033,0.715270460,0,0.000000002,0.000111570,-0.033332963
16,0.000000000,-0.599182487,1.980117798,1,1,1,-0.000016506,0.000000000,1.999988079,0.769186914,0,0.000000001,0.000115365,-0.033332936
17,0.000001907,-0.599129915,1.947662354,1,1,1,-0.000016618,0.000000000,1.999987602,0.824056625,0,-0.000000013,0.000118256,-0.033332914
18,0.000001907,-0.599085569,1.915176392,1,1,1,-0.000017582,0.000000000,1.999987125,0.878036559,0,-0.000000014,0.000120320,-0.033332899
19,0.000001907,-0.599049568,1.882705688,1,1,1,-0.000017665,0.000000000,1.999986649,0.932033181,0,-0.000000029,0.000121649,-0.033332895
20,0.000003815,-0.599021673,1.850250244,1,1,1,-0.000018559,0.000000000,1.999986649,0.986039639,0,-0.000000030,0.000122338,-0.033332888
21,0.000003815,-0.599001348,1.817764282,1,1,1,-0.000018516,0.000000000,1.999986649,1.040051341,0,-0.000000045,0.000122486,-0.033332884
22,0.000003815,-0.598988175,1.785293579,1,1,1,-0.000020143,0.000000000,1.999986649,1.094065428,0,-0.000000031,0.000122190,-0.033332888
23,0.000005722,-0.598980784,1.752792358,1,1,1,-0.000019924,0.000000000,1.999986649,1.147164345,0,-0.000000046,0.000121541,-0.033332895
24,0.000003815,-0.598978698,1.720306396,1,1,1,-0.000020493,0.000000000,1.999987125,1.201178789,0,-0.000000047,0.000120627,-0.033332899
25,0.000003815,-0.598981261,1.687850952,1,1,1,-0.000020969,0.000000000,1.999987125,1.254277349,0,-0.000000048,0.000119525,-0.033332907
26,0.000005722,-0.598987222,1.655364990,1,1,1,-0.000021354,0.000000000,1.999987602,1.308291197,0,-0.000000048,0.000118305,-0.033332914
27,0.000005722,-0.598995805,1.622863770,1,1,1,-0.000021651,0.000000000,1.999987602,1.361389399,0,-0.000000049,0.000117026,-0.033332925
28,0.000005722,-0.599006772,1.590393066,1,1,1,-0.000021868,0.000000000,1.999988079,1.414487600,0,-0.000000049,0.000115741,-0.033332933
29,0.000003815,-0.599018991,1.557907104,1,1,1,-0.000022010,0.000000000,1.999988079,1.467586398,0,-0.000000049,0.000114490,-0.033332944
30,0.000003815,-0.599031687,1.525421143,1,1,1,-0.000023020,0.000000000,1.999988556,1.520685554,0,-0.000000034,0.000113305,-0.033332951
31,0.000003815,-0.599045157,1.492919922,1,1,1,-0.000023046,0.000000000,1.999988556,1.573785067,0,-0.000000034,0.000112212,-0.033332959
32,0.000001907,-0.599058330,1.460449219,1,1,1,-0.000023024,0.000000000,1.999989033,1.626885295,0,-0.000000034,0.000111228,-0.033332963
33,0.000003815,-0.599071026,1.427932739,1,1,1,-0.000022964,0.000000000,1.999989033,1.679985881,0,-0.000000034,0.000110362,-0.033332970
34,0.000001907,-0.599082828,1.395462036,1,1,1,-0.000022873,0.000000000,1.999989033,1.732171416,0,-0.000000034,0.000109620,-0.033332974
35,0.000000000,-0.599093914,1.362945557,1,1,1,-0.000024702,0.000000000,1.999989510,1.785272717,0,-0.000000002,0.000109002,-0.033332977
36,0.000000000,-0.599104047,1.330474854,1,1,1,-0.000023608,0.000000000,1.999989510,1.837458611,0,-0.000000018,0.000108503,-0.033332985
37,0.000000000,-0.599113107,1.297973633,1,1,1,-0.000023477,0.000000000,1.999989510,1.890560031,0,-0.000000018,0.000108117,-0.033332985
38,0.000000000,-0.599120796,1.265472412,1,1,1,-0.000024338,0.000000000,1.999989510,1.942746043,0,-0.000000001,0.000107835,-0.033332985
39,0.000000000,-0.599127769,1.232955933,1,1,1,-0.000024213,0.000000000,1.999989510,1.994932055,0,-0.000000001,0.000107647,-0.033332989
40,0.000000000,-0.599133611,1.200454712,1,1,1,-0.000024092,0.000000000,1.999989510,2.047118187,0,-0.000000001,0.000107539,-0.033332989
41,-0.000001907,-0.599138737,1.167953491,1,1,1,-0.000023979,0.000000000,1.999989510,2.099303722,0,-0.000000000,0.000107502,-0.033332989
42,-0.000001907,-0.599142671,1.135467529,1,1,1,-0.000023876,0.000000000,1.999989510,2.151489258,0,-0.000000000,0.000107522,-0.033332989
43,-0.000001907,-0.599146008,1.102951050,1,1,1,-0.000023785,0.000000000,1.999989510,2.203674793,0,0.000000000,0.000107589,-0.033332989
44,-0.000001907,-0.599148989,1.070434570,1,1,1,-0.000024754,0.000000000,1.999989510,2.254944563,0,0.000000018,0.000107691,-0.033332989
45,-0.000003815,-0.599150896,1.037948608,1,1,1,-0.000024698,0.000000000,1.999989510,2.307129622,0,0.000000018,0.000107819,-0.033332985
46,-0.000003815,-0.599152863,1.005416870,1,1,1,-0.000024654,0.000000000,1.999989510,2.359314680,0,0.000000018,0.000107964,-0.033332985
47,-0.000003815,-0.599154353,0.972915649,1,1,1,-0.000024624,0.000000000,1.999989510,2.410584211,0,0.000000019,0.000108119,-0.033332985
48,-0.000005722,-0.599155664,0.940399170,1,1,1,-0.000026775,0.000000000,1.999989510,2.461853743,0,0.000000055,0.000108276,-0.033332985
49,-0.000003815,-0.599156618,0.907882690,1,1,1,-0.000025691,0.000000000,1.999989510,2.513123035,0,0.000000037,0.000108430,-0.033332985
50,-0.000001907,-0.599157870,0.875350952,1,1,1,-0.000024596,0.000000000,1.999989510,2.564392805,0,0.000000019,0.000108577,-0.033332981
51,-0.000003815,-0.599158943,0.842834473,1,1,1,-0.000024605,0.000000000,1.999989510,2.616577625,0,0.000000020,0.000108714,-0.033332981
52,-0.000005722,-0.599160194,0.810317993,1,1,1,-0.000026873,0.000000000,1.999989510,2.666931629,0,0.000000057,0.000108838,-0.033332981
53,-0.000005722,-0.599161506,0.777832031,1,1,1,-0.000026916,0.000000000,1.999989510,2.718200922,0,0.000000058,0.000108948,-0.033332977
54,-0.000005722,-0.599162817,0.745300293,1,1,1,-0.000025817,0.000000000,1.999989510,2.769470453,0,0.000000039,0.000109044,-0.033332977
55,-0.000005722,-0.599164486,0.712768555,1,1,1,-0.000025858,0.000000000,1.999989510,2.820739985,0,0.000000040,0.000109124,-0.033332977
56,-0.000007629,-0.599166155,0.680252075,1,1,1,-0.000028242,0.000000000,1.999989033,2.871093750,0,0.000000079,0.000109189,-0.033332977
57,-0.000009537,-0.599167824,0.647720337,1,1,1,-0.000029491,0.000000000,1.999989033,2.922363281,0,0.000000099,0.000109240,-0.033332977
58,-0.000007629,-0.599169850,0.615188599,1,1,1,-0.000028379,0.000000000,1.999989033,2.972717285,0,0.000000080,0.000109278,-0.033332977
59,-0.000007629,-0.599171877,0.582656860,1,1,1,-0.000028449,0.000000000,1.999989033,3.023071289,0,0.000000081,0.000109304,-0.033332977
60,-0.000009537,-0.599174023,0.550140381,1,1,1,-0.000028498,0.000000000,1.999989033,3.073425055,0,0.000000082,0.000109304,-0.033332977
61,-0.000009537,-0.599176645,0.517608643,1,1,1,-0.000029777,0.000000000,1.999989033,3.124694586,0,0.000000103,0.000109304,-0.033332977
62,-0.000009537,-0.599179268,0.485061646,1,1,1,-0.000028599,0.000000000,1.999989033,3.175048590,0,0.000000083,0.000109304,-0.033332977
63,-0.000009537,-0.599181890,0.452529907,1,1,1,-0.000028668,0.000000000,1.999989033,3.224487066,0,0.000000084,0.000109304,-0.033332977
64,-0.000009537,-0.599184632,0.419998169,1,1,1,-0.000030005,0.000000000,1.999989033,3.274841070,0,0.000000106,0.000109298,-0.033332977
65,-0.000011444,-0.599187493,0.387466431,1,1,1,-0.000030087,0.000000000,1.999989033,3.325195074,0,0.000000107,0.000109288,-0.033332977
66,-0.000011444,-0.599190235,0.354919434,1,1,1,-0.000031464,0.000000000,1.999989033,3.375549078,0,0.000000130,0.000109275,-0.033332977
67,-0.000013351,-0.599193096,0.322387695,1,1,1,-0.000031558,0.000000000,1.999989033,3.424987555,0,0.000000131,0.000109260,-0.033332977
68,-0.000013351,-0.599196315,0.289825439,1,1,1,-0.000032969,0.000000000,1.999989033,3.475341558,0,0.000000155,0.000109260,-0.033332977
69,-0.000011444,-0.599199176,0.257278442,1,1,1,-0.000031740,0.000000000,1.999989033,3.524780035,0,0.000000134,0.000109240,-0.033332977
70,-0.000013351,-0.599202275,0.224731445,1,1,1,-0.000031831,0.000000000,1.999989033,3.574218512,0,0.000000135,0.000109240,-0.033332977
71,-0.000013351,-0.599205256,0.192199707,1,1,1,-0.000031928,0.000000000,1.999989033,3.623656988,0,0.000000137,0.000109216,-0.033332977
72,-0.000013351,-0.599208236,0.159652710,1,1,1,-0.000032023,0.000000000,1.999989033,3.673095465,0,0.000000138,0.000109216,-0.033332977
73,-0.000013351,-0.599211156,0.127105713,1,1,1,-0.000033521,0.000000000,1.999989033,3.722533941,0,0.000000163,0.000109216,-0.033332977
74,-0.000011444,-0.599214017,0.094558716,1,1,1,-0.000032221,0.000000000,1.999989033,3.771972418,0,0.000000142,0.000109189,-0.033332977
75,-0.000013351,-0.599217117,0.062011719,1,1,1,-0.000032323,0.000000000,1.999989033,3.821410894,0,0.000000143,0.000109189,-0.033332977
76,-0.000013351,-0.599219739,0.029464722,1,1,1,-0.000032427,0.000000000,1.999989033,3.870849371,0,0.000000145,0.000109189,-0.033332977
77,-0.000013351,-0.599222958,-0.003097534,1,1,1,-0.000034003,0.000000000,1.999989033,3.920287848,0,0.000000171,0.000109189,-0.033332977
78,-0.000017166,-0.599225640,-0.035644531,1,1,1,-0.000035620,0.000000000,1.999989510,3.968810797,0,0.000000198,0.000109160,-0.033332977
79,-0.000015259,-0.599228501,-0.068222046,1,1,1,-0.000035769,0.000000000,1.999989510,4.018249512,0,0.000000201,0.000109160,-0.033332977
80,-0.000017166,-0.599231362,-0.100784302,1,1,1,-0.000035922,0.000000000,1.999989510,4.066772461,0,0.000000203,0.000109160,-0.033332977
81,-0.000015259,-0.599233985,-0.133346558,1,1,1,-0.000036079,0.000000000,1.999989510,4.115295410,0,0.000000206,0.000109160,-0.033332977
82,-0.000017166,-0.599236846,-0.165908813,1,1,1,-0.000036240,0.000000000,1.999989510,4.163818359,0,0.000000209,0.000109160,-0.033332977
83,-0.000017166,-0.599239469,-0.198471069,1,1,1,-0.000036405,0.000000000,1.999989510,4.212341309,0,0.000000211,0.000109160,-0.033332977
84,-0.000017166,-0.599241853,-0.231033325,1,1,1,-0.000038182,0.000000000,1.999989510,4.260864258,0,0.000000241,0.000109160,-0.033332977
85,-0.000019073,-0.599244654,-0.263595581,1,1,1,-0.000038379,0.000000000,1.999989510,4.309387207,0,0.000000244,0.000109160,-0.033332977
86,-0.000019073,-0.599247456,-0.296157837,1,1,1,-0.000038580,0.000000000,1.999989510,4.357910156,0,0.000000248,0.000109160,-0.033332977
87,-0.000019073,-0.599250078,-0.328720093,1,1,1,-0.000040462,0.000000000,1.999989510,4.406433105,0,0.000000279,0.000109160,-0.033332977
88,-0.000019073,-0.599253058,-0.361297607,1,1,1,-0.000038998,0.000000000,1.999989510,4.454956055,0,0.000000255,0.000109127,-0.033332977
89,-0.000020981,-0.599255204,-0.393859863,1,1,1,-0.000040940,0.000000000,1.999989510,4.502563477,0,0.000000287,0.000109127,-0.033332977
90,-0.000019073,-0.599257827,-0.426437378,1,1,1,-0.000041191,0.000000000,1.999989510,4.551086426,0,0.000000291,0.000109127,-0.033332977
91,-0.000020981,-0.599260330,-0.459014893,1,1,1,-0.000041449,0.000000000,1.999989510,4.598693371,0,0.000000295,0.000109127,-0.033332977
92,-0.000020981,-0.599262953,-0.491577148,1,1,1,-0.000041715,0.000000000,1.999989510,4.646300793,0,0.000000300,0.000109127,-0.033332977
93,-0.000022888,-0.599265575,-0.524154663,1,1,1,-0.000043816,0.000000000,1.999989510,4.694823742,0,0.000000335,0.000109127,-0.033332977
94,-0.000020981,-0.599268019,-0.556732178,1,1,1,-0.000044127,0.000000000,1.999989510,4.742431164,0,0.000000340,0.000109127,-0.033332977
95,-0.000024796,-0.599270582,-0.589309692,1,1,1,-0.000046332,0.000000000,1.999989510,4.790038586,0,0.000000377,0.000109127,-0.033332977
96,-0.000024796,-0.599273086,-0.621887207,1,1,1,-0.000048608,0.000000000,1.999989510,4.837646008,0,0.000000415,0.000109127,-0.033332977
97,-0.000024796,-0.599275470,-0.654479980,1,1,1,-0.000050958,0.000000000,1.999989510,4.885253429,0,0.000000454,0.000109127,-0.033332977
98,-0.000024796,-0.599278092,-0.687057495,1,1,1,-0.000049429,0.000000000,1.999989510,4.931945324,0,0.000000428,0.000109127,-0.033332977
99,-0.000026703,-0.599280775,-0.719635010,1,1,1,-0.000051871,0.000000000,1.999989510,4.979552746,0,0.000000469,0.000109127,-0.033332977
100,-0.000026703,-0.599283099,-0.752227783,1,1,1,-0.000052351,0.000000000,1.999989510,5.027160168,0,0.000000477,0.000109127,-0.033332977
101,-0.000026703,-0.599285722,-0.784805298,1,1,1,-0.000054929,0.000000000,1.999989510,5.073852062,0,0.000000520,0.000109127,-0.033332977
102,-0.000026703,-0.599288344,-0.817398071,1,1,1,-0.000053362,0.000000000,1.999989510,5.121459484,0,0.000000494,0.000109127,-0.033332977
103,-0.000028610,-0.599290788,-0.849990845,1,1,1,-0.000056051,0.000000000,1.999989510,5.168151379,0,0.000000539,0.000109127,-0.033332977
104,-0.000026703,-0.599293351,-0.882553101,1,1,1,-0.000056643,0.000000000,1.999989510,5.214843273,0,0.000000549,0.000109127,-0.033332977
105,-0.000026703,-0.599296033,-0.915145874,1,1,1,-0.000055020,0.000000000,1.999989510,5.262450695,0,0.000000522,0.000109127,-0.033332977
106,-0.000028610,-0.599298477,-0.947738647,1,1,1,-0.000057894,0.000000000,1.999989510,5.309142590,0,0.000000569,0.000109127,-0.033332977
107,-0.000028610,-0.599301100,-0.980331421,1,1,1,-0.000058556,0.000000000,1.999989510,5.355834484,0,0.000000580,0.000109127,-0.033332977
108,-0.000030518,-0.599303484,-1.012939453,1,1,1,-0.000061613,0.000000000,1.999989510,5.402526379,0,0.000000631,0.000109127,-0.033332977
109,-0.000028610,-0.599305987,-1.045532227,1,1,1,-0.000062377,0.000000000,1.999989510,5.448302746,0,0.000000644,0.000109127,-0.033332977
110,-0.000030518,-0.599308670,-1.078125000,1,1,1,-0.000063173,0.000000000,1.999989510,5.494994640,0,0.000000657,0.000109127,-0.033332977
111,-0.000030518,-0.599311054,-1.110733032,1,1,1,-0.000064002,0.000000000,1.999989510,5.541686535,0,0.000000671,0.000109127,-0.033332977
112,-0.000030518,-0.599313557,-1.143325806,1,1,1,-0.000064866,0.000000000,1.999989510,5.587462902,0,0.000000686,0.000109127,-0.033332977
113,-0.000030518,-0.599316001,-1.175949097,1,1,1,-0.000068398,0.000000000,1.999989510,5.634154797,0,0.000000745,0.000109127,-0.033332977
114,-0.000030518,-0.599319577,-1.208541870,1,1,1,-0.000066709,0.000000000,1.999989510,5.679931164,0,0.000000717,0.000109103,-0.033332977
115,-0.000028610,-0.599321008,-1.241149902,1,1,1,-0.000067695,0.000000000,1.999989510,5.726623058,0,0.000000733,0.000109103,-0.033332977
116,-0.000028610,-0.599323630,-1.273757935,1,1,1,-0.000068728,0.000000000,1.999989510,5.772399426,0,0.000000750,0.000109103,-0.033332977
117,-0.000028610,-0.599326253,-1.306365967,1,1,1,-0.000066929,0.000000000,1.999989510,5.818175793,0,0.000000720,0.000109103,-0.033332977
118,-0.000028610,-0.599328578,-1.338989258,1,1,1,-0.000067995,0.000000000,1.999989510,5.863952160,0,0.000000738,0.000109103,-0.033332977
119,-0.000028610,-0.599331021,-1.371597290,1,1,1,-0.000072141,0.000000000,1.999989510,5.909728527,0,0.000000807,0.000109103,-0.033332977
120,-0.000026703,-0.599333763,-1.404205322,1,1,1,-0.000070291,0.000000000,1.999989510,5.955504894,0,0.000000776,0.000109103,-0.033332977
121,-0.000024796,-0.599336267,-1.436813354,1,1,1,-0.000071531,0.000000000,1.999989510,6.001281261,0,0.000000797,0.000109103,-0.033332977
122,-0.000024796,-0.599338830,-1.469436646,1,1,1,-0.000066288,0.000000000,1.999989510,6.047057629,0,0.000000710,0.000109103,-0.033332977
123,-0.000024796,-0.599341154,-1.502044678,1,1,1,-0.000067486,0.000000000,1.999989510,6.091918468,0,0.000000729,0.000109103,-0.033332977
124,-0.000024796,-0.599343717,-1.534652710,1,1,1,-0.000072217,0.000000000,1.999989510,6.137694836,0,0.000000808,0.000109103,-0.033332977
125,-0.000022888,-0.599345982,-1.567260742,1,1,1,-0.000070094,0.000000000,1.999989510,6.183471203,0,0.000000773,0.000109103,-0.033332977
126,-0.000022888,-0.599348426,-1.599884033,1,1,1,-0.000067841,0.000000000,1.999989510,6.228332043,0,0.000000735,0.000109103,-0.033332977
127,-0.000020981,-0.599350989,-1.632492065,1,1,1,-0.000073034,0.000000000,1.999989510,6.273192883,0,0.000000822,0.000109103,-0.033332977
128,-0.000020981,-0.599353552,-1.665115356,1,1,1,-0.000066811,0.000000000,1.999989510,6.318969250,0,0.000000718,0.000109103,-0.033332977
129,-0.000020981,-0.599356055,-1.697738647,1,1,1,-0.000068270,0.000000000,1.999989510,6.363830090,0,0.000000743,0.000109103,-0.033332977
130,-0.000020981,-0.599358320,-1.730361938,1,1,1,-0.000074024,0.000000000,1.999989510,6.408690929,0,0.000000838,0.000109103,-0.033332977
131,-0.000019073,-0.599360943,-1.762985229,1,1,1,-0.000071506,0.000000000,1.999989510,6.453551769,0,0.000000796,0.000109103,-0.033332977
132,-0.000017166,-0.599363446,-1.795608521,1,1,1,-0.000068798,0.000000000,1.999989510,6.498412609,0,0.000000751,0.000109103,-0.033332977
133,-0.000017166,-0.599365771,-1.828247070,1,1,1,-0.000070563,0.000000000,1.999989510,6.543273449,0,0.000000781,0.000109099,-0.033332977
134,-0.000017166,-0.599368215,-1.860870361,1,1,1,-0.000072473,0.000000000,1.999989510,6.587218761,0,0.000000813,0.000109099,-0.033332977
135,-0.000015259,-0.599370599,-1.893493652,1,1,1,-0.000069461,0.000000000,1.999989510,6.632079601,0,0.000000763,0.000109099,-0.033332977
136,-0.000015259,-0.599372804,-1.926132202,1,1,1,-0.000066182,0.000000000,1.999989510,6.676940441,0,0.000000708,0.000109099,-0.033332977
137,-0.000015259,-0.599375188,-1.958755493,1,1,1,-0.000068155,0.000000000,1.999989510,6.720885754,0,0.000000741,0.000109099,-0.033332977
138,-0.000015259,-0.599377811,-1.991394043,1,1,1,-0.000076146,0.000000000,1.999989510,6.765746593,0,0.000000874,0.000109099,-0.033332977
139,-0.000013351,-0.599380136,-2.024032593,1,1,1,-0.000072707,0.000000000,1.999989510,6.809691906,0,0.000000817,0.000109099,-0.033332977
140,-0.000009537,-0.599382520,-2.056671143,1,1,1,-0.000068897,0.000000000,1.999989510,6.853637218,0,0.000000753,0.000109099,-0.033332977
141,-0.000011444,-0.599385142,-2.089309692,1,1,1,-0.000064652,0.000000000,1.999989510,6.898498058,0,0.000000682,0.000109099,-0.033332977
142,-0.000011444,-0.599387288,-2.121948242,1,1,1,-0.000067130,0.000000000,1.999989510,6.942443371,0,0.000000724,0.000109099,-0.033332977
143,-0.000009537,-0.599389851,-2.154586792,1,1,1,-0.000069927,0.000000000,1.999989510,6.986388683,0,0.000000770,0.000109099,-0.033332977
144,-0.000009537,-0.599391997,-2.187225342,1,1,1,-0.000064876,0.000000000,1.999989510,7.030333996,0,0.000000686,0.000109099,-0.033332977
145,-0.000009537,-0.599394441,-2.219863892,1,1,1,-0.000076765,0.000000000,1.999989510,7.074279308,0,0.000000884,0.000109099,-0.033332977
146,-0.000007629,-0.599396944,-2.252502441,1,1,1,-0.000071454,0.000000000,1.999989510,7.117309093,0,0.000000796,0.000109099,-0.033332977
147,-0.000007629,-0.599399328,-2.285140991,1,1,1,-0.000065220,0.000000000,1.999989510,7.161254406,0,0.000000692,0.000109099,-0.033332977
148,-0.000005722,-0.599401832,-2.317794800,1,1,1,-0.000069168,0.000000000,1.999989510,7.205199718,0,0.000000758,0.000109099,-0.033332977
149,-0.000005722,-0.599404097,-2.350433350,1,1,1,-0.000073945,0.000000000,1.999989510,7.248229504,0,0.000000837,0.000109099,-0.033332977
150,-0.000005722,-0.599406481,-2.383087158,1,1,1,-0.000065811,0.000000000,1.999989510,7.292174816,0,0.000000702,0.000109099,-0.033332977
151,-0.000003815,-0.599407792,-2.415725708,1,1,1,-0.000071412,0.000000000,1.999989510,7.335204601,0,0.000000795,0.000109112,-0.033332977
152,-0.000003815,-0.599411249,-2.448379517,1,1,1,-0.000060392,0.000000000,1.999989510,7.379149914,0,0.000000611,0.000109112,-0.033332977
153,-0.000003815,-0.599413931,-2.414367676,1,1,1,0.000022127,0.000000000,-1.999989510,7.422179699,0,0.000000026,-0.000109112,0.033332977
154,-0.000001907,-0.599416018,-2.380355835,1,1,1,0.000022115,0.000000000,-1.999989510,7.465209484,0,0.000000026,-0.000109112,0.033332977
155,-0.000003815,-0.599418640,-2.346343994,1,1,1,0.000022103,0.000000000,-1.999989510,7.508239269,0,0.000000027,-0.000109112,0.033332977
156,-0.000001907,-0.599420905,-2.312332153,1,1,1,0.000022092,0.000000000,-1.999989510,7.551269054,0,0.000000027,-0.000109112,0.033332977
157,-0.000001907,-0.599423170,-2.278320313,1,1,1,0.000022894,0.000000000,-1.999989510,7.594298840,0,0.000000013,-0.000109112,0.033332977
158,-0.000001907,-0.599425554,-2.244308472,1,1,1,0.000022888,0.000000000,-1.999989510,7.637328625,0,0.000000014,-0.000109112,0.033332977
159,-0.000001907,-0.599427938,-2.210311890,1,1,1,0.000022055,0.000000000,-1.999989510,7.680358410,0,0.000000027,-0.000109112,0.033332977
160,-0.000001907,-0.599430084,-2.176300049,1,1,1,0.000022875,0.000000000,-1.999989510,7.722472668,0,0.000000014,-0.000109112,0.033332977
161,0.000000000,-0.599432588,-2.142303467,1,1,1,0.000022869,0.000000000,-1.999989510,7.765502453,0,0.000000014,-0.000109112,0.033332977
162,0.000000000,-0.599434733,-2.108306885,1,1,1,0.000023708,0.000000000,-1.999989510,7.807616711,0,-0.000000000,-0.000109112,0.033332977
163,0.000000000,-0.599437177,-2.074310303,1,1,1,0.000023708,0.000000000,-1.999989510,7.850646496,0,-0.000000000,-0.000109112,0.033332977
164,0.000001907,-0.599439502,-2.040298462,1,1,1,0.000023708,0.000000000,-1.999989510,7.892760754,0,-0.000000000,-0.000109112,0.033332977
165,0.000000000,-0.599441886,-2.006301880,1,1,1,0.000023708,0.000000000,-1.999989510,7.935790539,0,-0.000000000,-0.000109112,0.033332977
166,0.000001907,-0.599443913,-1.972305298,1,1,1,0.000023708,0.000000000,-1.999989510,7.977904797,0,-0.000000000,-0.000109112,0.033332977
167,0.000001907,-0.599446416,-1.938308716,1,1,1,0.000024587,0.000000000,-1.999989510,8.020019531,0,-0.000000015,-0.000109112,0.033332977
168,0.000001907,-0.599448562,-1.904312134,1,1,1,0.000024595,0.000000000,-1.999989510,8.062133789,0,-0.000000015,-0.000109112,0.033332977
169,0.000003815,-0.599451065,-1.870300293,1,1,1,0.000024602,0.000000000,-1.999989510,8.104248047,0,-0.000000015,-0.000109112,0.033332977
170,0.000003815,-0.599453211,-1.836303711,1,1,1,0.000025510,0.000000000,-1.999989510,8.146362305,0,-0.000000030,-0.000109112,0.033332977
171,0.000001907,-0.599455476,-1.802307129,1,1,1,0.000024617,0.000000000,-1.999989510,8.188476563,0,-0.000000015,-0.000109112,0.033332977
172,0.000003815,-0.599457622,-1.768325806,1,1,1,0.000024624,0.000000000,-1.999989510,8.230590820,0,-0.000000015,-0.000109112,0.033332977
173,0.000003815,-0.599460125,-1.734329224,1,1,1,0.000025556,0.000000000,-1.999989510,8.271789551,0,-0.000000031,-0.000109112,0.033332977
174,0.000003815,-0.599462390,-1.700332642,1,1,1,0.000025571,0.000000000,-1.999989510,8.313903809,0,-0.000000031,-0.000109112,0.033332977
175,0.000005722,-0.599464655,-1.666351318,1,1,1,0.000025587,0.000000000,-1.999989510,8.356018066,0,-0.000000031,-0.000109112,0.033332977
176,0.000005722,-0.599466920,-1.632369995,1,1,1,0.000026551,0.000000000,-1.999989510,8.397216797,0,-0.000000047,-0.000109112,0.033332977
177,0.000005722,-0.599469066,-1.598373413,1,1,1,0.000026576,0.000000000,-1.999989510,8.438415527,0,-0.000000048,-0.000109112,0.033332977
178,0.000007629,-0.599471450,-1.564392090,1,1,1,0.000026601,0.000000000,-1.999989510,8.480529785,0,-0.000000048,-0.000109112,0.033332977
179,0.000005722,-0.599473715,-1.530410767,1,1,1,0.000026626,0.000000000,-1.999989510,8.521728516,0,-0.000000049,-0.000109112,0.033332977
180,0.000005722,-0.599475861,-1.496429443,1,1,1,0.000026652,0.000000000,-1.999989510,8.562927246,0,-0.000000049,-0.000109112,0.033332977
181,0.000007629,-0.599478245,-1.462448120,1,1,1,0.000026679,0.000000000,-1.999989510,8.604125977,0,-0.000000050,-0.000109112,0.033332977
182,0.000007629,-0.599480450,-1.428482056,1,1,1,0.000027705,0.000000000,-1.999989510,8.645324707,0,-0.000000067,-0.000109112,0.033332977
183,0.000007629,-0.599482656,-1.394500732,1,1,1,0.000027742,0.000000000,-1.999989510,8.686523438,0,-0.000000067,-0.000109112,0.033332977
184,0.000009537,-0.599484801,-1.360519409,1,1,1,0.000027779,0.000000000,-1.999989510,8.727722168,0,-0.000000068,-0.000109112,0.033332977
185,0.000009537,-0.599487126,-1.326538086,1,1,1,0.000028844,0.000000000,-1.999989510,8.768920898,0,-0.000000086,-0.000109112,0.033332977
186,0.000009537,-0.599489331,-1.292572021,1,1,1,0.000028892,0.000000000,-1.999989510,8.810119629,0,-0.000000086,-0.000109112,0.033332977
187,0.000011444,-0.599491596,-1.258575439,1,1,1,0.000028942,0.000000000,-1.999989510,8.850402832,0,-0.000000087,-0.000109112,0.033332977
188,0.000011444,-0.599493742,-1.224609375,1,1,1,0.000030049,0.000000000,-1.999989510,8.891601563,0,-0.000000106,-0.000109112,0.033332977
189,0.000011444,-0.599496126,-1.190628052,1,1,1,0.000030110,0.000000000,-1.999989510,8.931884766,0,-0.000000107,-0.000109112,0.033332977
190,0.000009537,-0.599498272,-1.156661987,1,1,1,0.000029095,0.000000000,-1.999989510,8.973083496,0,-0.000000090,-0.000109112,0.033332977
191,0.000011444,-0.599500418,-1.122695923,1,1,1,0.000029149,0.000000000,-1.999989510,9.013366699,0,-0.000000091,-0.000109112,0.033332977
192,0.000011444,-0.599502623,-1.088714600,1,1,1,0.000030302,0.000000000,-1.999989510,9.053649902,0,-0.000000110,-0.000109112,0.033332977
193,0.000011444,-0.599504948,-1.054748535,1,1,1,0.000030368,0.000000000,-1.999989510,9.094848633,0,-0.000000111,-0.000109112,0.033332977
194,0.000011444,-0.599507093,-1.020767212,1,1,1,0.000030436,0.000000000,-1.999989510,9.135131836,0,-0.000000112,-0.000109112,0.033332977
195,0.000011444,-0.599508226,-0.986801147,1,1,1,0.000029372,0.000000000,-1.999989510,9.175414085,0,-0.000000095,-0.000109145,0.033332977
196,0.000011444,-0.599511623,-0.952835083,1,1,1,0.000030576,0.000000000,-1.999989510,9.215697289,0,-0.000000115,-0.000109145,0.033332977
197,0.000011444,-0.599513650,-0.918884277,1,1,1,0.000030648,0.000000000,-1.999989510,9.255980492,0,-0.000000116,-0.000109145,0.033332977
198,0.000011444,-0.599516034,-0.884918213,1,1,1,0.000030722,0.000000000,-1.999989510,9.295348167,0,-0.000000117,-0.000109145,0.033332977
199,0.000013351,-0.599518239,-0.850952148,1,1,1,0.000030797,0.000000000,-1.999989510,9.335631371,0,-0.000000118,-0.000109145,0.033332977
200,0.000013351,-0.599520445,-0.817001343,1,1,1,0.000032068,0.000000000,-1.999989510,9.375914574,0,-0.000000139,-0.000109145,0.033332977
201,0.000013351,-0.599522471,-0.783050537,1,1,1,0.000032160,0.000000000,-1.999989510,9.415282249,0,-0.000000141,-0.000109145,0.033332977
202,0.000013351,-0.599524736,-0.749099731,1,1,1,0.000032253,0.000000000,-1.999989510,9.455565453,0,-0.000000143,-0.000109145,0.033332977
203,0.000015259,-0.599527001,-0.715133667,1,1,1,0.000032349,0.000000000,-1.999989510,9.494933128,0,-0.000000144,-0.000109145,0.033332977
204,0.000015259,-0.599529028,-0.681182861,1,1,1,0.000033695,0.000000000,-1.999989510,9.535216331,0,-0.000000167,-0.000109145,0.033332977
205,0.000015259,-0.599531174,-0.647232056,1,1,1,0.000033810,0.000000000,-1.999989510,9.574584007,0,-0.000000168,-0.000109145,0.033332977
206,0.000015259,-0.599533319,-0.613265991,1,1,1,0.000033927,0.000000000,-1.999989510,9.613951683,0,-0.000000170,-0.000109145,0.033332977
207,0.000015259,-0.599535584,-0.579315186,1,1,1,0.000034047,0.000000000,-1.999989510,9.654234886,0,-0.000000172,-0.000109145,0.033332977
208,0.000017166,-0.599537730,-0.545364380,1,1,1,0.000034169,0.000000000,-1.999989510,9.693602562,0,-0.000000174,-0.000109145,0.033332977
209,0.000017166,-0.599539816,-0.511413574,1,1,1,0.000035618,0.000000000,-1.999989510,9.732970238,0,-0.000000199,-0.000109145,0.033332977
210,0.000017166,-0.599542022,-0.477462769,1,1,1,0.000035763,0.000000000,-1.999989510,9.772337914,0,-0.000000201,-0.000109145,0.033332977
211,0.000017166,-0.599544108,-0.443527222,1,1,1,0.000035911,0.000000000,-1.999989510,9.811705589,0,-0.000000204,-0.000109145,0.033332977
212,0.000017166,-0.599546194,-0.409576416,1,1,1,0.000036063,0.000000000,-1.999989510,9.850157738,0,-0.000000206,-0.000109145,0.033332977
213,0.000019073,-0.599548340,-0.375625610,1,1,1,0.000036219,0.000000000,-1.999989510,9.889525414,0,-0.000000209,-0.000109145,0.033332977
214,0.000019073,-0.599550486,-0.341690063,1,1,1,0.000037787,0.000000000,-1.999989510,9.928893089,0,-0.000000235,-0.000109145,0.033332977
215,0.000019073,-0.599552631,-0.307739258,1,1,1,0.000037969,0.000000000,-1.999989510,9.967345238,0,-0.000000238,-0.000109145,0.033332977
216,0.000019073,-0.599554718,-0.273788452,1,1,1,0.000038156,0.000000000,-1.999989510,10.006712914,0,-0.000000241,-0.000109145,0.033332977
217,0.000019073,-0.599556863,-0.239837646,1,1,1,0.000038347,0.000000000,-1.999989510,10.045165062,0,-0.000000244,-0.000109145,0.033332977
218,0.000019073,-0.599558949,-0.205917358,1,1,1,0.000038544,0.000000000,-1.999989510,10.084532738,0,-0.000000247,-0.000109145,0.033332977
219,0.000020981,-0.599561095,-0.171981812,1,1,1,0.000038747,0.000000000,-1.999989510,10.122984886,0,-0.000000251,-0.000109145,0.033332977
220,0.000020981,-0.599563241,-0.138031006,1,1,1,0.000040479,0.000000000,-1.999989510,10.161437035,0,-0.000000280,-0.000109145,0.033332977
221,0.000022888,-0.599565327,-0.104095459,1,1,1,0.000042260,0.000000000,-1.999989510,10.200804710,0,-0.000000309,-0.000109145,0.033332977
222,0.000022888,-0.599567294,-0.070159912,1,1,1,0.000042524,0.000000000,-1.999989510,10.239256859,0,-0.000000314,-0.000109145,0.033332977
223,0.000022888,-0.599569559,-0.036224365,1,1,1,0.000042795,0.000000000,-1.999989510,10.277709007,0,-0.000000318,-0.000109145,0.033332977
224,0.000022888,-0.599571764,-0.002288818,1,1,1,0.000043075,0.000000000,-1.999989510,10.316161156,0,-0.000000323,-0.000109145,0.033332977
225,0.000022888,-0.599573731,0.031631470,1,1,1,0.000043362,0.000000000,-1.999989510,10.354613304,0,-0.000000328,-0.000109145,0.033332977
226,0.000024796,-0.599575698,0.065567017,1,1,1,0.000043658,0.000000000,-1.999989510,10.392149925,0,-0.000000333,-0.000109145,0.033332977
227,0.000024796,-0.599577844,0.099502563,1,1,1,0.000045651,0.000000000,-1.999989510,10.430602074,0,-0.000000366,-0.000109145,0.033332977
228,0.000024796,-0.599579930,0.133438110,1,1,1,0.000045992,0.000000000,-1.999989510,10.469054222,0,-0.000000372,-0.000109145,0.033332977
229,0.000024796,-0.599581838,0.167373657,1,1,1,0.000046344,0.000000000,-1.999989510,10.507506371,0,-0.000000377,-0.000109145,0.033332977
230,0.000024796,-0.599584103,0.201309204,1,1,1,0.000046707,0.000000000,-1.999989510,10.545042992,0,-0.000000383,-0.000109145,0.033332977
231,0.000024796,-0.599586189,0.235229492,1,1,1,0.000047081,0.000000000,-1.999989510,10.583495140,0,-0.000000390,-0.000109145,0.033332977
232,0.000024796,-0.599588156,0.269149780,1,1,1,0.000047468,0.000000000,-1.999989510,10.621031761,0,-0.000000396,-0.000109145,0.033332977
233,0.000026703,-0.599590182,0.303085327,1,1,1,0.000049727,0.000000000,-1.999989510,10.658568382,0,-0.000000434,-0.000109145,0.033332977
234,0.000026703,-0.599592388,0.336990356,1,1,1,0.000050172,0.000000000,-1.999989510,10.697020531,0,-0.000000441,-0.000109145,0.033332977
235,0.000028610,-0.599594474,0.370910645,1,1,1,0.000050633,0.000000000,-1.999989510,10.734557152,0,-0.000000449,-0.000109145,0.033332977
236,0.000028610,-0.599596262,0.404846191,1,1,1,0.000053068,0.000000000,-1.999989510,10.772093773,0,-0.000000489,-0.000109145,0.033332977
237,0.000028610,-0.599598408,0.438766479,1,1,1,0.000053598,0.000000000,-1.999989510,10.809630394,0,-0.000000498,-0.000109145,0.033332977
238,0.000028610,-0.599600613,0.472686768,1,1,1,0.000054147,0.000000000,-1.999989510,10.847167015,0,-0.000000507,-0.000109145,0.033332977
239,0.000028610,-0.599602461,0.506607056,1,1,1,0.000054717,0.000000000,-1.999989510,10.884703636,0,-0.000000517,-0.000109145,0.033332977
240,0.000028610,-0.599604607,0.540527344,1,1,1,0.000055309,0.000000000,-1.999989510,10.922240257,0,-0.000000527,-0.000109145,0.033332977
241,0.000030518,-0.599606633,0.574432373,1,1,1,0.000058071,0.000000000,-1.999989510,10.959776878,0,-0.000000573,-0.000109145,0.033332977
242,0.000030518,-0.599608660,0.608352661,1,1,1,0.000058752,0.000000000,-1.999989510,10.996397972,0,-0.000000584,-0.000109145,0.033332977
243,0.000030518,-0.599610567,0.642272949,1,1,1,0.000059461,0.000000000,-1.999989510,11.033934593,0,-0.000000596,-0.000109145,0.033332977
244,0.000030518,-0.599612653,0.676177979,1,1,1,0.000060199,0.000000000,-1.999989510,11.071471214,0,-0.000000608,-0.000109145,0.033332977
245,0.000030518,-0.599614739,0.710098267,1,1,1,0.000060968,0.000000000,-1.999989510,11.108092308,0,-0.000000621,-0.000109145,0.033332977
246,0.000030518,-0.599616766,0.744003296,1,1,1,0.000061771,0.000000000,-1.999989510,11.145628929,0,-0.000000634,-0.000109145,0.033332977
247,0.000030518,-0.599618673,0.777908325,1,1,1,0.000062608,0.000000000,-1.999989510,11.182250023,0,-0.000000648,-0.000109145,0.033332977
248,0.000032425,-0.599620700,0.811828613,1,1,1,0.000065969,0.000000000,-1.999989510,11.218871117,0,-0.000000704,-0.000109145,0.033332977
249,0.000032425,-0.599622846,0.845718384,1,1,1,0.000066942,0.000000000,-1.999989510,11.256407738,0,-0.000000721,-0.000109145,0.033332977
250,0.000032425,-0.599624753,0.879623413,1,1,1,0.000067960,0.000000000,-1.999989510,11.293028831,0,-0.000000738,-0.000109145,0.033332977
251,0.000032425,-0.599626780,0.913528442,1,1,1,0.000069028,0.000000000,-1.999989510,11.329649925,0,-0.000000755,-0.000109145,0.033332977
252,0.000030518,-0.599628747,0.947433472,1,1,1,0.000070148,0.000000000,-1.999989510,11.366271019,0,-0.000000774,-0.000109145,0.033332977
253,0.000030518,-0.599630833,0.981338501,1,1,1,0.000071325,0.000000000,-1.999989510,11.402892113,0,-0.000000794,-0.000109145,0.033332977
254,0.000028610,-0.599632740,1.015258789,1,1,1,0.000069689,0.000000000,-1.999989510,11.439513206,0,-0.000000766,-0.000109145,0.033332977
255,0.000028610,-0.599634767,1.049163818,1,1,1,0.000067966,0.000000000,-1.999989510,11.476134300,0,-0.000000738,-0.000109145,0.033332977
256,0.000026703,-0.599636734,1.083053589,1,1,1,0.000069180,0.000000000,-1.999989510,11.512755394,0,-0.000000758,-0.000109145,0.033332977
257,0.000026703,-0.599638820,1.116958618,1,1,1,0.000067345,0.000000000,-1.999989510,11.548460960,0,-0.000000727,-0.000109145,0.033332977
258,0.000026703,-0.599640727,1.150863647,1,1,1,0.000071819,0.000000000,-1.999989510,11.585082054,0,-0.000000802,-0.000109145,0.033332977
259,0.000024796,-0.599642634,1.184753418,1,1,1,0.000069953,0.000000000,-1.999989510,11.621703148,0,-0.000000771,-0.000109145,0.033332977
260,0.000024796,-0.599644661,1.218658447,1,1,1,0.000067972,0.000000000,-1.999989510,11.657408714,0,-0.000000738,-0.000109145,0.033332977
261,0.000022888,-0.599646747,1.252548218,1,1,1,0.000069378,0.000000000,-1.999989510,11.694029808,0,-0.000000761,-0.000109145,0.033332977
262,0.000022888,-0.599648654,1.286437988,1,1,1,0.000067248,0.000000000,-1.999989510,11.729735374,0,-0.000000726,-0.000109145,0.033332977
263,0.000022888,-0.599650502,1.320327759,1,1,1,0.000072476,0.000000000,-1.999989510,11.765440941,0,-0.000000813,-0.000109145,0.033332977
264,0.000020981,-0.599652529,1.354217529,1,1,1,0.000070305,0.000000000,-1.999989510,11.801146507,0,-0.000000777,-0.000109145,0.033332977
265,0.000020981,-0.599654555,1.388107300,1,1,1,0.000067976,0.000000000,-1.999989510,11.837767601,0,-0.000000738,-0.000109145,0.033332977
266,0.000020981,-0.599655867,1.421997070,1,1,1,0.000073825,0.000000000,-1.999989510,11.873473167,0,-0.000000835,-0.000109133,0.033332977
267,0.000019073,-0.599658251,1.455886841,1,1,1,0.000071451,0.000000000,-1.999989510,11.909178734,0,-0.000000796,-0.000109133,0.033332977
268,0.000017166,-0.599660158,1.489776611,1,1,1,0.000068883,0.000000000,-1.999989510,11.944884300,0,-0.000000753,-0.000109133,0.033332977
269,0.000017166,-0.599662304,1.523666382,1,1,1,0.000070807,0.000000000,-1.999989510,11.980589867,0,-0.000000785,-0.000109133,0.033332977
270,0.000017166,-0.599664211,1.557540894,1,1,1,0.000067981,0.000000000,-1.999989510,12.016295433,0,-0.000000738,-0.000109133,0.033332977
271,0.000015259,-0.599665999,1.591445923,1,1,1,0.000070040,0.000000000,-1.999989510,12.051085472,0,-0.000000772,-0.000109133,0.033332977
272,0.000015259,-0.599668026,1.625350952,1,1,1,0.000066903,0.000000000,-1.999989510,12.086791039,0,-0.000000720,-0.000109133,0.033332977
273,0.000015259,-0.599669933,1.659240723,1,1,1,0.000074798,0.000000000,-1.999989510,12.122496605,0,-0.000000851,-0.000109133,0.033332977
274,0.000013351,-0.599671900,1.693115234,1,1,1,0.000071576,0.000000000,-1.999989510,12.158202171,0,-0.000000798,-0.000109133,0.033332977
275,0.000013351,-0.599673867,1.727005005,1,1,1,0.000067987,0.000000000,-1.999989510,12.192992210,0,-0.000000738,-0.000109133,0.033332977
276,0.000009537,-0.599675775,1.760879517,1,1,1,0.000070671,0.000000000,-1.999989510,12.228697777,0,-0.000000783,-0.000109133,0.033332977
277,0.000011444,-0.599677622,1.794738770,1,1,1,0.000066557,0.000000000,-1.999989510,12.263487816,0,-0.000000714,-0.000109133,0.033332977
278,0.000009537,-0.599679470,1.828628540,1,1,1,0.000069513,0.000000000,-1.999989510,12.298277855,0,-0.000000763,-0.000109133,0.033332977
279,0.000009537,-0.599681377,1.862503052,1,1,1,0.000064707,0.000000000,-1.999989510,12.333983421,0,-0.000000683,-0.000109133,0.033332977
280,0.000009537,-0.599683285,1.896377563,1,1,1,0.000076842,0.000000000,-1.999989510,12.368773460,0,-0.000000886,-0.000109133,0.033332977
281,0.000007629,-0.599685252,1.930252075,1,1,1,0.000071836,0.000000000,-1.999989510,12.403563499,0,-0.000000802,-0.000109133,0.033332977
282,0.000007629,-0.599687219,1.964126587,1,1,1,0.000065876,0.000000000,-1.999989510,12.438353539,0,-0.000000703,-0.000109133,0.033332977
283,0.000005722,-0.599689007,1.998001099,1,1,1,0.000070314,0.000000000,-1.999989510,12.473143578,0,-0.000000777,-0.000109133,0.033332977
284,0.000005722,-0.599691033,2.031875610,1,1,1,0.000075795,0.000000000,-1.999989510,12.507933617,0,-0.000000868,-0.000109133,0.033332977
285,0.000005722,-0.599692822,2.065750122,1,1,1,0.000067980,0.000000000,-1.999989510,12.542723656,0,-0.000000738,-0.000109133,0.033332977
286,0.000003815,-0.599694788,2.099624634,1,1,1,0.000074788,0.000000000,-1.999989510,12.577513695,0,-0.000000851,-0.000109133,0.033332977
287,0.000003815,-0.599696755,2.133483887,1,1,1,0.000084066,0.000000000,-1.999989510,12.612303734,0,-0.000001006,-0.000109133,0.033332977
288,0.000001907,-0.599698305,2.100708008,1,1,1,-0.000022134,0.000000000,1.999989510,12.646178246,0,-0.000000026,0.000109133,-0.033332977
289,0.000001907,-0.599700212,2.067916870,1,1,1,-0.000022916,0.000000000,1.999989510,12.680968285,0,-0.000000013,0.000109133,-0.033332977
290,0.000001907,-0.599702060,2.035110474,1,1,1,-0.000022113,0.000000000,1.999989510,12.715758324,0,-0.000000027,0.000109133,-0.033332977
291,0.000001907,-0.599703908,2.002304077,1,1,1,-0.000022905,0.000000000,1.999989510,12.749632835,0,-0.000000013,0.000109133,-0.033332977
292,0.000000000,-0.599705696,1.969497681,1,1,1,-0.000022900,0.000000000,1.999989510,12.784422874,0,-0.000000013,0.000109133,-0.033332977
293,0.000000000,-0.599707544,1.936691284,1,1,1,-0.000022894,0.000000000,1.999989510,12.818297386,0,-0.000000014,0.000109133,-0.033332977
294,0.000000000,-0.599709511,1.903900146,1,1,1,-0.000023709,0.000000000,1.999989510,12.852171898,0,0.000000000,0.000109133,-0.033332977
295,-0.000001907,-0.599711299,1.871093750,1,1,1,-0.000023709,0.000000000,1.999989510,12.886961937,0,0.000000000,0.000109133,-0.033332977
296,0.000000000,-0.599713326,1.838287354,1,1,1,-0.000023709,0.000000000,1.999989510,12.920836449,0,0.000000000,0.000109133,-0.033332977
297,-0.000001907,-0.599715114,1.805480957,1,1,1,-0.000023709,0.000000000,1.999989510,12.954710960,0,0.000000000,0.000109133,-0.033332977
298,-0.000001907,-0.599717021,1.772674561,1,1,1,-0.000024552,0.000000000,1.999989510,12.988585472,0,0.000000014,0.000109133,-0.033332977
299,-0.000001907,-0.599718690,1.739883423,1,1,1,-0.000023709,0.000000000,1.999989510,13.022459984,0,0.000000000,0.000109133,-0.033332977
300,-0.000001907,-0.599720657,1.707077026,1,1,1,-0.000024564,0.000000000,1.999989510,13.056334496,0,0.000000014,0.000109133,-0.033332977
301,-0.000003815,-0.599722385,1.674270630,1,1,1,-0.000024571,0.000000000,1.999989510,13.090209007,0,0.000000014,0.000109133,-0.033332977
302,-0.000003815,-0.599724412,1.641464233,1,1,1,-0.000024577,0.000000000,1.999989510,13.124083519,0,0.000000014,0.000109133,-0.033332977
303,-0.000003815,-0.599726081,1.608627319,1,1,1,-0.000025458,0.000000000,1.999989510,13.157958031,0,0.000000029,0.000109133,-0.033332977
304,-0.000005722,-0.599727988,1.575805664,1,1,1,-0.000025471,0.000000000,1.999989510,13.190917015,0,0.000000029,0.000109133,-0.033332977
305,-0.000003815,-0.599729776,1.542999268,1,1,1,-0.000025484,0.000000000,1.999989510,13.224791527,0,0.000000030,0.000109133,-0.033332977
306,-0.000005722,-0.599731684,1.510177612,1,1,1,-0.000025498,0.000000000,1.999989510,13.258666039,0,0.000000030,0.000109133,-0.033332977
307,-0.000003815,-0.599733353,1.477371216,1,1,1,-0.000025511,0.000000000,1.999989510,13.291625023,0,0.000000030,0.000109133,-0.033332977
308,-0.000005722,-0.599735379,1.444549561,1,1,1,-0.000025525,0.000000000,1.999989510,13.325499535,0,0.000000030,0.000109133,-0.033332977
309,-0.000007629,-0.599736929,1.411743164,1,1,1,-0.000026455,0.000000000,1.999989510,13.358458519,0,0.000000046,0.000109133,-0.033332977
310,-0.000005722,-0.599738836,1.378936768,1,1,1,-0.000026476,0.000000000,1.999989510,13.392333031,0,0.000000046,0.000109133,-0.033332977
311,-0.000007629,-0.599740863,1.346115112,1,1,1,-0.000026498,0.000000000,1.999989510,13.425292015,0,0.000000046,0.000109133,-0.033332977
312,-0.000005722,-0.599742353,1.313293457,1,1,1,-0.000026520,0.000000000,1.999989510,13.458250999,0,0.000000047,0.000109133,-0.033332977
313,-0.000007629,-0.599744260,1.280471802,1,1,1,-0.000026542,0.000000000,1.999989510,13.491209984,0,0.000000047,0.000109133,-0.033332977
314,-0.000009537,-0.599745929,1.247650146,1,1,1,-0.000027517,0.000000000,1.999989510,13.524168968,0,0.000000063,0.000109133,-0.033332977
315,-0.000007629,-0.599747896,1.214828491,1,1,1,-0.000027548,0.000000000,1.999989510,13.557127953,0,0.000000064,0.000109133,-0.033332977
316,-0.000009537,-0.599749565,1.181991577,1,1,1,-0.000027580,0.000000000,1.999989510,13.590086937,0,0.000000065,0.000109133,-0.033332977
317,-0.000007629,-0.599751532,1.149169922,1,1,1,-0.000027612,0.000000000,1.999989510,13.623045921,0,0.000000065,0.000109133,-0.033332977
318,-0.000009537,-0.599753261,1.116348267,1,1,1,-0.000027644,0.000000000,1.999989510,13.656004906,0,0.000000066,0.000109133,-0.033332977
319,-0.000011444,-0.599755049,1.083526611,1,1,1,-0.000028669,0.000000000,1.999989510,13.688963890,0,0.000000083,0.000109133,-0.033332977
320,-0.000009537,-0.599756837,1.050704956,1,1,1,-0.000028711,0.000000000,1.999989510,13.721922874,0,0.000000083,0.000109133,-0.033332977
321,-0.000011444,-0.599758625,1.017883301,1,1,1,-0.000028754,0.000000000,1.999989510,13.754881859,0,0.000000084,0.000109133,-0.033332977
322,-0.000011444,-0.599760413,0.985061646,1,1,1,-0.000028797,0.000000000,1.999989510,13.786925316,0,0.000000085,0.000109133,-0.033332977
323,-0.000011444,-0.599762201,0.952224731,1,1,1,-0.000029868,0.000000000,1.999989510,13.819884300,0,0.000000103,0.000109133,-0.033332977
324,-0.000011444,-0.599763989,0.919403076,1,1,1,-0.000028887,0.000000000,1.999989510,13.851927757,0,0.000000086,0.000109133,-0.033332977
325,-0.000013351,-0.599765778,0.886566162,1,1,1,-0.000029977,0.000000000,1.999989510,13.884886742,0,0.000000104,0.000109133,-0.033332977
326,-0.000013351,-0.599767506,0.853744507,1,1,1,-0.000031087,0.000000000,1.999989510,13.916930199,0,0.000000123,0.000109133,-0.033332977
327,-0.000013351,-0.599769175,0.820907593,1,1,1,-0.000030090,0.000000000,1.999989510,13.949889183,0,0.000000106,0.000109133,-0.033332977
328,-0.000013351,-0.599771082,0.788055420,1,1,1,-0.000031221,0.000000000,1.999989510,13.981932640,0,0.000000125,0.000109133,-0.033332977
329,-0.000013351,-0.599772930,0.755218506,1,1,1,-0.000030207,0.000000000,1.999989510,14.013976097,0,0.000000108,0.000109133,-0.033332977
330,-0.000015259,-0.599774480,0.722381592,1,1,1,-0.000031360,0.000000000,1.999989510,14.046019554,0,0.000000128,0.000109133,-0.033332977
331,-0.000013351,-0.599776268,0.689559937,1,1,1,-0.000031432,0.000000000,1.999989510,14.078063011,0,0.000000129,0.000109133,-0.033332977
332,-0.000015259,-0.599778116,0.656723022,1,1,1,-0.000031505,0.000000000,1.999989510,14.110106468,0,0.000000130,0.000109133,-0.033332977
333,-0.000015259,-0.599779665,0.623886108,1,1,1,-0.000031579,0.000000000,1.999989510,14.142149925,0,0.000000131,0.000109133,-0.033332977
334,-0.000015259,-0.599781513,0.591049194,1,1,1,-0.000032790,0.000000000,1.999989510,14.174193382,0,0.000000151,0.000109133,-0.033332977
335,-0.000015259,-0.599783182,0.558212280,1,1,1,-0.000031732,0.000000000,1.999989510,14.206236839,0,0.000000134,0.000109133,-0.033332977
336,-0.000017166,-0.599785030,0.525375366,1,1,1,-0.000032968,0.000000000,1.999989510,14.238280296,0,0.000000154,0.000109133,-0.033332977
337,-0.000017166,-0.599786639,0.492523193,1,1,1,-0.000033059,0.000000000,1.999989510,14.270323753,0,0.000000156,0.000109133,-0.033332977
338,-0.000017166,-0.599788487,0.459686279,1,1,1,-0.000034333,0.000000000,1.999989510,14.301451683,0,0.000000177,0.000109133,-0.033332977
339,-0.000017166,-0.599790156,0.426849365,1,1,1,-0.000033248,0.000000000,1.999989510,14.333495140,0,0.000000159,0.000109133,-0.033332977
340,-0.000019073,-0.599791765,0.393981934,1,1,1,-0.000034550,0.000000000,1.999989510,14.365538597,0,0.000000181,0.000109133,-0.033332977
341,-0.000017166,-0.599793673,0.361160278,1,1,1,-0.000034662,0.000000000,1.999989510,14.396666527,0,0.000000183,0.000109133,-0.033332977
342,-0.000019073,-0.599795341,0.328308105,1,1,1,-0.000034776,0.000000000,1.999989510,14.428709984,0,0.000000184,0.000109133,-0.033332977
343,-0.000020981,-0.599797010,0.295455933,1,1,1,-0.000036135,0.000000000,1.999989510,14.459837914,0,0.000000207,0.000109133,-0.033332977
344,-0.000020981,-0.599798679,0.262619019,1,1,1,-0.000038779,0.000000000,1.999989510,14.490965843,0,0.000000251,0.000109133,-0.033332977
345,-0.000020981,-0.599800527,0.229766846,1,1,1,-0.000037672,0.000000000,1.999989510,14.523009300,0,0.000000233,0.000109133,-0.033332977
346,-0.000022888,-0.599802256,0.196899414,1,1,1,-0.000039107,0.000000000,1.999989510,14.554137230,0,0.000000257,0.000109133,-0.033332977
347,-0.000022888,-0.599803865,0.164047241,1,1,1,-0.000039276,0.000000000,1.999989510,14.585265160,0,0.000000259,0.000109133,-0.033332977
348,-0.000022888,-0.599805593,0.131195068,1,1,1,-0.000040761,0.000000000,1.999989510,14.616393089,0,0.000000284,0.000109133,-0.033332977
349,-0.000022888,-0.599807262,0.098342896,1,1,1,-0.000039626,0.000000000,1.999989510,14.647521019,0,0.000000265,0.000109133,-0.033332977
350,-0.000024796,-0.599809051,0.065490723,1,1,1,-0.000041149,0.000000000,1.999989510,14.678648949,0,0.000000291,0.000109133,-0.033332977
351,-0.000022888,-0.599810719,0.032638550,1,1,1,-0.000041350,0.000000000,1.999989510,14.709776878,0,0.000000294,0.000109133,-0.033332977
352,-0.000024796,-0.599812329,-0.000213623,1,1,1,-0.000041555,0.000000000,1.999989510,14.740904808,0,0.000000297,0.000109133,-0.033332977
353,-0.000024796,-0.599814117,-0.033065796,1,1,1,-0.000041765,0.000000000,1.999989510,14.772032738,0,0.000000301,0.000109133,-0.033332977
354,-0.000026703,-0.599815726,-0.065917969,1,1,1,-0.000043385,0.000000000,1.999989510,14.803160667,0,0.000000328,0.000109133,-0.033332977
355,-0.000024796,-0.599817395,-0.098785400,1,1,1,-0.000043623,0.000000000,1.999989510,14.834288597,0,0.000000332,0.000109133,-0.033332977
356,-0.000026703,-0.599819064,-0.131637573,1,1,1,-0.000043866,0.000000000,1.999989510,14.864500999,0,0.000000336,0.000109133,-0.033332977
357,-0.000026703,-0.599820852,-0.164489746,1,1,1,-0.000044115,0.000000000,1.999989510,14.895628929,0,0.000000340,0.000109133,-0.033332977
358,-0.000028610,-0.599822521,-0.197357178,1,1,1,-0.000045846,0.000000000,1.999989510,14.926756859,0,0.000000369,0.000109133,-0.033332977
359,-0.000026703,-0.599824190,-0.230224609,1,1,1,-0.000046127,0.000000000,1.999989510,14.956969261,0,0.000000374,0.000109133,-0.033332977
360,-0.000026703,-0.599825740,-0.263076782,1,1,1,-0.000044901,0.000000000,1.999989510,14.987181664,0,0.000000353,0.000109133,-0.033332977
361,-0.000028610,-0.599827409,-0.295928955,1,1,1,-0.000046710,0.000000000,1.999989510,15.018309593,0,0.000000383,0.000109133,-0.033332977
362,-0.000028610,-0.599829078,-0.328796387,1,1,1,-0.000047013,0.000000000,1.999989510,15.048521996,0,0.000000388,0.000109133,-0.033332977
363,-0.000028610,-0.599830747,-0.361663818,1,1,1,-0.000048898,0.000000000,1.999989510,15.079649925,0,0.000000420,0.000109133,-0.033332977
364,-0.000028610,-0.599832416,-0.394531250,1,1,1,-0.000047644,0.000000000,1.999989510,15.109862328,0,0.000000399,0.000109133,-0.033332977
365,-0.000030518,-0.599834204,-0.427398682,1,1,1,-0.000049590,0.000000000,1.999989510,15.140074730,0,0.000000431,0.000109133,-0.033332977
366,-0.000030518,-0.599835634,-0.460266113,1,1,1,-0.000049950,0.000000000,1.999989510,15.170287132,0,0.000000437,0.000109133,-0.033332977
367,-0.000030518,-0.599837303,-0.493133545,1,1,1,-0.000050320,0.000000000,1.999989510,15.200499535,0,0.000000444,0.000109133,-0.033332977
368,-0.000030518,-0.599839091,-0.526000977,1,1,1,-0.000052388,0.000000000,1.999989510,15.230711937,0,0.000000478,0.000109133,-0.033332977
369,-0.000030518,-0.599840760,-0.558868408,1,1,1,-0.000051093,0.000000000,1.999989510,15.260924339,0,0.000000456,0.000109133,-0.033332977
370,-0.000032425,-0.599842310,-0.591735840,1,1,1,-0.000053233,0.000000000,1.999989510,15.291136742,0,0.000000492,0.000109133,-0.033332977
371,-0.000032425,-0.599844098,-0.624588013,1,1,1,-0.000053675,0.000000000,1.999989510,15.321349144,0,0.000000499,0.000109133,-0.033332977
372,-0.000034332,-0.599845648,-0.657470703,1,1,1,-0.000055919,0.000000000,1.999989510,15.351561546,0,0.000000537,0.000109133,-0.033332977
373,-0.000032425,-0.599847317,-0.690353394,1,1,1,-0.000056416,0.000000000,1.999989510,15.380858421,0,0.000000545,0.000109133,-0.033332977
374,-0.000032425,-0.599848866,-0.723220825,1,1,1,-0.000055083,0.000000000,1.999989510,15.411070824,0,0.000000523,0.000109133,-0.033332977
375,-0.000034332,-0.599850416,-0.756103516,1,1,1,-0.000057457,0.000000000,1.999989510,15.441283226,0,0.000000562,0.000109133,-0.033332977
376,-0.000034332,-0.599852145,-0.788970947,1,1,1,-0.000058003,0.000000000,1.999989510,15.470580101,0,0.000000572,0.000109133,-0.033332977
377,-0.000036240,-0.599853754,-0.821853638,1,1,1,-0.000060503,0.000000000,1.999989510,15.500792503,0,0.000000613,0.000109133,-0.033332977
378,-0.000034332,-0.599855304,-0.854721069,1,1,1,-0.000061118,0.000000000,1.999989510,15.530089378,0,0.000000623,0.000109133,-0.033332977
379,-0.000034332,-0.599857092,-0.887603760,1,1,1,-0.000059751,0.000000000,1.999989510,15.560301781,0,0.000000601,0.000109133,-0.033332977
380,-0.000036240,-0.599858522,-0.920486450,1,1,1,-0.000062412,0.000000000,1.999989510,15.589598656,0,0.000000645,0.000109133,-0.033332977
381,-0.000036240,-0.599860191,-0.953338623,1,1,1,-0.000063093,0.000000000,1.999989510,15.618895531,0,0.000000656,0.000109133,-0.033332977
382,-0.000036240,-0.599861860,-0.986221313,1,1,1,-0.000063798,0.000000000,1.999989510,15.649107933,0,0.000000668,0.000109133,-0.033332977
383,-0.000038147,-0.599863529,-1.019104004,1,1,1,-0.000066677,0.000000000,1.999989510,15.678404808,0,0.000000716,0.000109133,-0.033332977
384,-0.000036240,-0.599865079,-1.052001953,1,1,1,-0.000067476,0.000000000,1.999989510,15.707701683,0,0.000000729,0.000109133,-0.033332977
385,-0.000038147,-0.599866748,-1.084884644,1,1,1,-0.000068305,0.000000000,1.999989510,15.736998558,0,0.000000743,0.000109133,-0.033332977
386,-0.000036240,-0.599868178,-1.117767334,1,1,1,-0.000069166,0.000000000,1.999989510,15.766295433,0,0.000000758,0.000109133,-0.033332977
387,-0.000036240,-0.599869967,-1.150650024,1,1,1,-0.000067743,0.000000000,1.999989510,15.795592308,0,0.000000734,0.000109133,-0.033332977
388,-0.000036240,-0.599871337,-1.183532715,1,1,1,-0.000070991,0.000000000,1.999989510,15.824889183,0,0.000000788,0.000109133,-0.033332977
389,-0.000034332,-0.599873126,-1.216430664,1,1,1,-0.000069547,0.000000000,1.999989510,15.854186058,0,0.000000764,0.000109133,-0.033332977
390,-0.000032425,-0.599874616,-1.249313354,1,1,1,-0.000068044,0.000000000,1.999989510,15.883482933,0,0.000000739,0.000109133,-0.033332977
391,-0.000032425,-0.599876165,-1.282196045,1,1,1,-0.000068991,0.000000000,1.999989510,15.911864281,0,0.000000755,0.000109133,-0.033332977
392,-0.000032425,-0.599877834,-1.315078735,1,1,1,-0.000067409,0.000000000,1.999989510,15.941161156,0,0.000000728,0.000109133,-0.033332977
393,-0.000032425,-0.599879265,-1.347976685,1,1,1,-0.000068385,0.000000000,1.999989510,15.970458031,0,0.000000745,0.000109133,-0.033332977
394,-0.000032425,-0.599880993,-1.380859375,1,1,1,-0.000072093,0.000000000,1.999989510,15.998839378,0,0.000000806,0.000109133,-0.033332977
395,-0.000030518,-0.599882364,-1.413772583,1,1,1,-0.000070473,0.000000000,1.999989510,16.028137207,0,0.000000779,0.000109133,-0.033332977
396,-0.000028610,-0.599884033,-1.446655273,1,1,1,-0.000068776,0.000000000,1.999989510,16.056518555,0,0.000000751,0.000109133,-0.033332977
397,-0.000026703,-0.599885583,-1.479553223,1,1,1,-0.000069881,0.000000000,1.999989510,16.085815430,0,0.000000770,0.000109133,-0.033332977
398,-0.000026703,-0.599887133,-1.512435913,1,1,1,-0.000065125,0.000000000,1.999989510,16.114196777,0,0.000000690,0.000109133,-0.033332977
399,-0.000026703,-0.599888921,-1.545318604,1,1,1,-0.000066192,0.000000000,1.999989510,16.143493652,0,0.000000708,0.000109133,-0.033332977
400,-0.000026703,-0.599890351,-1.578216553,1,1,1,-0.000070431,0.000000000,1.999989510,16.171875000,0,0.000000779,0.000109133,-0.033332977
401,-0.000024796,-0.599891841,-1.611114502,1,1,1,-0.000068503,0.000000000,1.999989510,16.200256348,0,0.000000747,0.000109133,-0.033332977
402,-0.000024796,-0.599893570,-1.644012451,1,1,1,-0.000066466,0.000000000,1.999989510,16.228637695,0,0.000000713,0.000109133,-0.033332977
403,-0.000024796,-0.599894941,-1.676895142,1,1,1,-0.000071078,0.000000000,1.999989510,16.257019043,0,0.000000789,0.000109133,-0.033332977
404,-0.000022888,-0.599896491,-1.709793091,1,1,1,-0.000068997,0.000000000,1.999989510,16.286315918,0,0.000000755,0.000109133,-0.033332977
405,-0.000022888,-0.599898100,-1.742706299,1,1,1,-0.000066789,0.000000000,1.999989510,16.314697266,0,0.000000718,0.000109133,-0.033332977
406,-0.000020981,-0.599899530,-1.775619507,1,1,1,-0.000071849,0.000000000,1.999989510,16.343078613,0,0.000000802,0.000109133,-0.033332977
407,-0.000020981,-0.599901199,-1.808517456,1,1,1,-0.000065767,0.000000000,1.999989510,16.370544434,0,0.000000701,0.000109133,-0.033332977
408,-0.000020981,-0.599902570,-1.841400146,1,1,1,-0.000067180,0.000000000,1.999989510,16.398925781,0,0.000000725,0.000109133,-0.033332977
409,-0.000019073,-0.599904299,-1.874298096,1,1,1,-0.000068690,0.000000000,1.999989510,16.427307129,0,0.000000750,0.000109133,-0.033332977
410,-0.000019073,-0.599905729,-1.907196045,1,1,1,-0.000070310,0.000000000,1.999989510,16.455688477,0,0.000000777,0.000109133,-0.033332977
411,-0.000019073,-0.599907279,-1.940109253,1,1,1,-0.000067657,0.000000000,1.999989510,16.484069824,0,0.000000732,0.000109133,-0.033332977
412,-0.000017166,-0.599908769,-1.973007202,1,1,1,-0.000069363,0.000000000,1.999989510,16.511535645,0,0.000000761,0.000109133,-0.033332977
413,-0.000017166,-0.599910557,-2.005905151,1,1,1,-0.000071207,0.000000000,1.999989510,16.539916992,0,0.000000792,0.000109133,-0.033332977
414,-0.000017166,-0.599911928,-2.038818359,1,1,1,-0.000068256,0.000000000,1.999989510,16.568298340,0,0.000000742,0.000109133,-0.033332977
415,-0.000015259,-0.599913538,-2.071731567,1,1,1,-0.000070215,0.000000000,1.999989510,16.595764160,0,0.000000775,0.000109133,-0.033332977
416,-0.000015259,-0.599914908,-2.104644775,1,1,1,-0.000066947,0.000000000,1.999989510,16.624145508,0,0.000000721,0.000109133,-0.033332977
417,-0.000015259,-0.599916577,-2.137542725,1,1,1,-0.000074697,0.000000000,1.999989510,16.651611328,0,0.000000850,0.000109133,-0.033332977
418,-0.000013351,-0.599918008,-2.170440674,1,1,1,-0.000071324,0.000000000,1.999989510,16.679077148,0,0.000000794,0.000109133,-0.033332977
419,-0.000011444,-0.599919498,-2.203353882,1,1,1,-0.000067594,0.000000000,1.999989510,16.707458496,0,0.000000731,0.000109133,-0.033332977
420,-0.000011444,-0.599921107,-2.236267090,1,1,1,-0.000063444,0.000000000,1.999989510,16.734924316,0,0.000000662,0.000109133,-0.033332977
421,-0.000011444,-0.599922538,-2.269180298,1,1,1,-0.000072834,0.000000000,1.999989510,16.762390137,0,0.000000819,0.000109133,-0.033332977
422,-0.000009537,-0.599923968,-2.302093506,1,1,1,-0.000068490,0.000000000,1.999989510,16.789855957,0,0.000000746,0.000109133,-0.033332977
423,-0.000009537,-0.599925518,-2.335006714,1,1,1,-0.000063557,0.000000000,1.999989510,16.817321777,0,0.000000664,0.000109133,-0.033332977
424,-0.000009537,-0.599927008,-2.367919922,1,1,1,-0.000075005,0.000000000,1.999989510,16.844787598,0,0.000000855,0.000109133,-0.033332977
425,-0.000007629,-0.599930286,-2.400848389,1,1,1,-0.000069811,0.000000000,1.999989510,16.872253418,0,0.000000768,0.000109109,-0.033332977
426,-0.000007629,-0.599929810,-2.433746338,1,1,1,-0.000063730,0.000000000,1.999989510,16.899719238,0,0.000000667,0.000109109,-0.033332977
427,-0.000007629,-0.599931240,-2.466659546,1,1,1,-0.000067452,0.000000000,1.999989510,16.927185059,0,0.000000729,0.000109109,-0.033332977
428,-0.000007629,-0.599932849,-2.499572754,1,1,1,-0.000083996,0.000000000,1.999989510,16.954650879,0,0.000001005,0.000109109,-0.033332977
429,-0.000005722,-0.599934280,-2.532485962,1,1,1,-0.000077452,0.000000000,1.999989510,16.982116699,0,0.000000896,0.000109109,-0.033332977
430,-0.000003815,-0.599935651,-2.565414429,1,1,1,-0.000069219,0.000000000,1.999989510,17.009582520,0,0.000000758,0.000109109,-0.033332977
431,-0.000003815,-0.599937260,-2.598342896,1,1,1,-0.000058550,0.000000000,1.999989510,17.037048340,0,0.000000581,0.000109109,-0.033332977
432,-0.000003815,-0.599938631,-2.631256104,1,1,1,-0.000085069,0.000000000,1.999989510,17.063598633,0,0.000001023,0.000109109,-0.033332977
433,-0.000001907,-0.599940419,-2.597518921,1,1,1,0.000022135,0.000000000,-1.999989510,17.091064453,0,0.000000026,-0.000109109,0.033332977
434,-0.000001907,-0.599941969,-2.563766479,1,1,1,0.000022916,0.000000000,-1.999989510,17.117614746,0,0.000000013,-0.000109109,0.033332977
435,0.000000000,-0.599943280,-2.530029297,1,1,1,0.000022911,0.000000000,-1.999989510,17.145080566,0,0.000000013,-0.000109109,0.033332977
436,0.000000000,-0.599944830,-2.496261597,1,1,1,0.000023709,0.000000000,-1.999989510,17.171630859,0,0.000000000,-0.000109109,0.033332977
437,-0.000001907,-0.599946260,-2.462524414,1,1,1,0.000022899,0.000000000,-1.999989510,17.199096680,0,0.000000014,-0.000109109,0.033332977
438,0.000000000,-0.599947691,-2.428787231,1,1,1,0.000022893,0.000000000,-1.999989510,17.225646973,0,0.000000014,-0.000109109,0.033332977
439,0.000000000,-0.599949360,-2.395034790,1,1,1,0.000023709,0.000000000,-1.999989510,17.252197266,0,0.000000000,-0.000109109,0.033332977
440,0.000001907,-0.599950671,-2.361297607,1,1,1,0.000023709,0.000000000,-1.999989510,17.279663086,0,0.000000000,-0.000109109,0.033332977
441,0.000000000,-0.599952042,-2.327560425,1,1,1,0.000023709,0.000000000,-1.999989510,17.306213379,0,0.000000000,-0.000109109,0.033332977
442,0.000000000,-0.599953592,-2.293823242,1,1,1,0.000023709,0.000000000,-1.999989510,17.332763672,0,0.000000000,-0.000109109,0.033332977
443,0.000001907,-0.599955082,-2.260086060,1,1,1,0.000023709,0.000000000,-1.999989510,17.359313965,0,0.000000000,-0.000109109,0.033332977
444,0.000001907,-0.599956512,-2.226364136,1,1,1,0.000024562,0.000000000,-1.999989510,17.385864258,0,-0.000000014,-0.000109109,0.033332977
445,0.000003815,-0.599957883,-2.192626953,1,1,1,0.000024569,0.000000000,-1.999989510,17.412414551,0,-0.000000014,-0.000109109,0.033332977
446,0.000001907,-0.599959373,-2.158889771,1,1,1,0.000024576,0.000000000,-1.999989510,17.438964844,0,-0.000000014,-0.000109109,0.033332977
447,0.000003815,-0.599960923,-2.125137329,1,1,1,0.000024582,0.000000000,-1.999989510,17.465515137,0,-0.000000014,-0.000109109,0.033332977
448,0.000003815,-0.599962354,-2.091400146,1,1,1,0.000025470,0.000000000,-1.999989510,17.492065430,0,-0.000000029,-0.000109109,0.033332977
449,0.000003815,-0.599963665,-2.057662964,1,1,1,0.000025484,0.000000000,-1.999989510,17.518615723,0,-0.000000030,-0.000109109,0.033332977
450,0.000005722,-0.599965096,-2.023925781,1,1,1,0.000025498,0.000000000,-1.999989510,17.545166016,0,-0.000000030,-0.000109109,0.033332977
451,0.000005722,-0.599966586,-1.990203857,1,1,1,0.000026414,0.000000000,-1.999989510,17.571716309,0,-0.000000045,-0.000109109,0.033332977
452,0.000003815,-0.599967957,-1.956466675,1,1,1,0.000025527,0.000000000,-1.999989510,17.597351074,0,-0.000000030,-0.000109109,0.033332977
453,0.000005722,-0.599969506,-1.922744751,1,1,1,0.000025542,0.000000000,-1.999989510,17.623901367,0,-0.000000030,-0.000109109,0.033332977
454,0.000005722,-0.599970818,-1.889022827,1,1,1,0.000026481,0.000000000,-1.999989510,17.649536133,0,-0.000000046,-0.000109109,0.033332977
455,0.000007629,-0.599972248,-1.855285645,1,1,1,0.000026504,0.000000000,-1.999989510,17.676086426,0,-0.000000047,-0.000109109,0.033332977
456,0.000007629,-0.599973738,-1.821563721,1,1,1,0.000027467,0.000000000,-1.999989510,17.702636719,0,-0.000000063,-0.000109109,0.033332977
457,0.000007629,-0.599975109,-1.787826538,1,1,1,0.000027499,0.000000000,-1.999989510,17.728271484,0,-0.000000063,-0.000109109,0.033332977
458,0.000007629,-0.599976540,-1.754089355,1,1,1,0.000026576,0.000000000,-1.999989510,17.753906250,0,-0.000000048,-0.000109109,0.033332977
459,0.000007629,-0.599977791,-1.720367432,1,1,1,0.000027565,0.000000000,-1.999989510,17.780456543,0,-0.000000064,-0.000109109,0.033332977
460,0.000007629,-0.599979401,-1.686645508,1,1,1,0.000027598,0.000000000,-1.999989510,17.806091309,0,-0.000000065,-0.000109109,0.033332977
461,0.000009537,-0.599980831,-1.652908325,1,1,1,0.000027633,0.000000000,-1.999989510,17.831726074,0,-0.000000065,-0.000109109,0.033332977
462,0.000009537,-0.599982262,-1.619186401,1,1,1,0.000028657,0.000000000,-1.999989510,17.858276367,0,-0.000000082,-0.000109109,0.033332977
463,0.000011444,-0.599983454,-1.585479736,1,1,1,0.000028701,0.000000000,-1.999989510,17.883911133,0,-0.000000083,-0.000109109,0.033332977
464,0.000011444,-0.599985003,-1.551757813,1,1,1,0.000029754,0.000000000,-1.999989510,17.909545898,0,-0.000000101,-0.000109109,0.033332977
465,0.000009537,-0.599986315,-1.518035889,1,1,1,0.000028792,0.000000000,-1.999989510,17.935180664,0,-0.000000085,-0.000109109,0.033332977
466,0.000011444,-0.599987864,-1.484313965,1,1,1,0.000028839,0.000000000,-1.999989510,17.960815430,0,-0.000000085,-0.000109109,0.033332977
467,0.000011444,-0.599989235,-1.450592041,1,1,1,0.000029922,0.000000000,-1.999989510,17.986450195,0,-0.000000103,-0.000109109,0.033332977
468,0.000011444,-0.599990487,-1.416854858,1,1,1,0.000029980,0.000000000,-1.999989510,18.012084961,0,-0.000000104,-0.000109109,0.033332977
469,0.000013351,-0.599992037,-1.383132935,1,1,1,0.000030039,0.000000000,-1.999989510,18.037719727,0,-0.000000105,-0.000109109,0.033332977
470,0.000013351,-0.599993229,-1.349426270,1,1,1,0.000031164,0.000000000,-1.999989510,18.063354492,0,-0.000000124,-0.000109109,0.033332977
471,0.000013351,-0.599994719,-1.315704346,1,1,1,0.000031236,0.000000000,-1.999989510,18.088073730,0,-0.000000125,-0.000109109,0.033332977
472,0.000013351,-0.599996090,-1.281982422,1,1,1,0.000030224,0.000000000,-1.999989510,18.113708496,0,-0.000000109,-0.000109109,0.033332977
473,0.000013351,-0.599997640,-1.248252869,1,1,1,0.000031384,0.000000000,-1.999989510,18.139343262,0,-0.000000128,-0.000109109,0.033332977
474,0.000013351,-0.599998832,-1.214530945,1,1,1,0.000031460,0.000000000,-1.999989510,18.164978027,0,-0.000000129,-0.000109109,0.033332977
475,0.000015259,-0.600000143,-1.180793762,1,1,1,0.000031538,0.000000000,-1.999989510,18.189697266,0,-0.000000130,-0.000109109,0.033332977
476,0.000015259,-0.600001633,-1.147064209,1,1,1,0.000032746,0.000000000,-1.999989510,18.215332031,0,-0.000000151,-0.000109109,0.033332977
477,0.000015259,-0.600002766,-1.113342285,1,1,1,0.000032839,0.000000000,-1.999989510,18.240051270,0,-0.000000152,-0.000109109,0.033332977
478,0.000015259,-0.600004375,-1.079612732,1,1,1,0.000032933,0.000000000,-1.999989510,18.265228271,0,-0.000000154,-0.000109109,0.033332977
479,0.000017166,-0.600005686,-1.045890808,1,1,1,0.000033029,0.000000000,-1.999989510,18.290403366,0,-0.000000155,-0.000109109,0.033332977
480,0.000017166,-0.600007176,-1.012161255,1,1,1,0.000034305,0.000000000,-1.999989510,18.315580368,0,-0.000000177,-0.000109109,0.033332977
481,0.000017166,-0.600008428,-0.978431702,1,1,1,0.000034418,0.000000000,-1.999989510,18.340757370,0,-0.000000178,-0.000109109,0.033332977
482,0.000017166,-0.600009799,-0.944702148,1,1,1,0.000033330,0.000000000,-1.999989510,18.365476608,0,-0.000000160,-0.000109109,0.033332977
483,0.000017166,-0.600011110,-0.910980225,1,1,1,0.000034651,0.000000000,-1.999989510,18.390653610,0,-0.000000182,-0.000109109,0.033332977
484,0.000017166,-0.600012422,-0.877258301,1,1,1,0.000034771,0.000000000,-1.999989510,18.415372849,0,-0.000000184,-0.000109109,0.033332977
485,0.000019073,-0.600013971,-0.843536377,1,1,1,0.000034894,0.000000000,-1.999989510,18.440549850,0,-0.000000186,-0.000109109,0.033332977
486,0.000019073,-0.600015104,-0.809806824,1,1,1,0.000036276,0.000000000,-1.999989510,18.465269089,0,-0.000000209,-0.000109109,0.033332977
487,0.000019073,-0.600016475,-0.776084900,1,1,1,0.000036419,0.000000000,-1.999989510,18.489988327,0,-0.000000212,-0.000109109,0.033332977
488,0.000020981,-0.600017786,-0.742355347,1,1,1,0.000036566,0.000000000,-1.999989510,18.514707565,0,-0.000000214,-0.000109109,0.033332977
489,0.000020981,-0.600019217,-0.708641052,1,1,1,0.000038016,0.000000000,-1.999989510,18.539426804,0,-0.000000238,-0.000109109,0.033332977
490,0.000020981,-0.600020647,-0.674919128,1,1,1,0.000038184,0.000000000,-1.999989510,18.564146042,0,-0.000000241,-0.000109109,0.033332977
491,0.000020981,-0.600021958,-0.641197205,1,1,1,0.000038357,0.000000000,-1.999989510,18.588865280,0,-0.000000244,-0.000109109,0.033332977
492,0.000022888,-0.600023389,-0.607475281,1,1,1,0.000038533,0.000000000,-1.999989510,18.613126755,0,-0.000000247,-0.000109109,0.033332977
493,0.000022888,-0.600024521,-0.573768616,1,1,1,0.000040078,0.000000000,-1.999989510,18.637845993,0,-0.000000273,-0.000109109,0.033332977
494,0.000020981,-0.600025952,-0.540046692,1,1,1,0.000038900,0.000000000,-1.999989510,18.662107468,0,-0.000000253,-0.000109109,0.033332977
495,0.000020981,-0.600027204,-0.506332397,1,1,1,0.000039090,0.000000000,-1.999989510,18.686826706,0,-0.000000256,-0.000109109,0.033332977
496,0.000022888,-0.600028515,-0.472610474,1,1,1,0.000039285,0.000000000,-1.999989510,18.711088181,0,-0.000000260,-0.000109109,0.033332977
497,0.000022888,-0.600029826,-0.438903809,1,1,1,0.000040918,0.000000000,-1.999989510,18.735349655,0,-0.000000287,-0.000109109,0.033332977
498,0.000022888,-0.600031316,-0.405181885,1,1,1,0.000041142,0.000000000,-1.999989510,18.759611130,0,-0.000000290,-0.000109109,0.033332977
499,0.000024796,-0.600032568,-0.371475220,1,1,1,0.000041372,0.000000000,-1.999989510,18.784330368,0,-0.000000294,-0.000109109,0.033332977
500,0.000024796,-0.600033879,-0.337760925,1,1,1,0.000043099,0.000000000,-1.999989510,18.808134079,0,-0.000000323,-0.000109109,0.033332977
501,0.000024796,-0.600035250,-0.304039001,1,1,1,0.000043361,0.000000000,-1.999989510,18.832395554,0,-0.000000327,-0.000109109,0.033332977
502,0.000024796,-0.600036502,-0.270332336,1,1,1,0.000043630,0.000000000,-1.999989510,18.856657028,0,-0.000000332,-0.000109109,0.033332977
503,0.000026703,-0.600037932,-0.236618042,1,1,1,0.000043907,0.000000000,-1.999989510,18.880918503,0,-0.000000337,-0.000109109,0.033332977
504,0.000026703,-0.600039124,-0.202911377,1,1,1,0.000045767,0.000000000,-1.999989510,18.905179977,0,-0.000000368,-0.000109109,0.033332977
505,0.000026703,-0.600040436,-0.169204712,1,1,1,0.000046082,0.000000000,-1.999989510,18.928983688,0,-0.000000373,-0.000109109,0.033332977
506,0.000026703,-0.600041866,-0.135490417,1,1,1,0.000046407,0.000000000,-1.999989510,18.952787399,0,-0.000000378,-0.000109109,0.033332977
507,0.000026703,-0.600042939,-0.101783752,1,1,1,0.000046739,0.000000000,-1.999989510,18.977048874,0,-0.000000384,-0.000109141,0.033332977
508,0.000028610,-0.600044668,-0.068069458,1,1,1,0.000047083,0.000000000,-1.999989510,19.000852585,0,-0.000000390,-0.000109141,0.033332977
509,0.000028610,-0.600046039,-0.034362793,1,1,1,0.000049132,0.000000000,-1.999989510,19.024656296,0,-0.000000424,-0.000109141,0.033332977
510,0.000028610,-0.600047112,-0.000656128,1,1,1,0.000049524,0.000000000,-1.999989510,19.048460007,0,-0.000000430,-0.000109141,0.033332977
511,0.000028610,-0.600048542,0.033050537,1,1,1,0.000049927,0.000000000,-1.999989510,19.072263718,0,-0.000000437,-0.000109141,0.033332977
512,0.000030518,-0.600049853,0.066757202,1,1,1,0.000050343,0.000000000,-1.999989510,19.096067429,0,-0.000000444,-0.000109141,0.033332977
513,0.000030518,-0.600051045,0.100463867,1,1,1,0.000052577,0.000000000,-1.999989510,19.119871140,0,-0.000000481,-0.000109141,0.033332977
514,0.000030518,-0.600052297,0.134170532,1,1,1,0.000053051,0.000000000,-1.999989510,19.143674850,0,-0.000000489,-0.000109141,0.033332977
515,0.000030518,-0.600053668,0.167861938,1,1,1,0.000053539,0.000000000,-1.999989510,19.167478561,0,-0.000000497,-0.000109141,0.033332977
516,0.000030518,-0.600054860,0.201576233,1,1,1,0.000054045,0.000000000,-1.999989510,19.190824509,0,-0.000000506,-0.000109141,0.033332977
517,0.000032425,-0.600056410,0.235275269,1,1,1,0.000054568,0.000000000,-1.999989510,19.214628220,0,-0.000000514,-0.000109141,0.033332977
518,0.000032425,-0.600057602,0.268974304,1,1,1,0.000057072,0.000000000,-1.999989510,19.237974167,0,-0.000000556,-0.000109141,0.033332977
519,0.000032425,-0.600058913,0.302673340,1,1,1,0.000057668,0.000000000,-1.999989510,19.261320114,0,-0.000000566,-0.000109141,0.033332977
520,0.000032425,-0.600060105,0.336380005,1,1,1,0.000058285,0.000000000,-1.999989510,19.285123825,0,-0.000000576,-0.000109141,0.033332977
521,0.000034332,-0.600061476,0.370079041,1,1,1,0.000058925,0.000000000,-1.999989510,19.308469772,0,-0.000000587,-0.000109141,0.033332977
522,0.000034332,-0.600062668,0.403778076,1,1,1,0.000061700,0.000000000,-1.999989510,19.331815720,0,-0.000000633,-0.000109141,0.033332977
523,0.000034332,-0.600063920,0.437477112,1,1,1,0.000062430,0.000000000,-1.999989510,19.355161667,0,-0.000000645,-0.000109141,0.033332977
524,0.000034332,-0.600065112,0.471160889,1,1,1,0.000063189,0.000000000,-1.999989510,19.378507614,0,-0.000000658,-0.000109141,0.033332977
525,0.000034332,-0.600066423,0.504867554,1,1,1,0.000063978,0.000000000,-1.999989510,19.401395798,0,-0.000000671,-0.000109141,0.033332977
526,0.000036240,-0.600067735,0.538566589,1,1,1,0.000064800,0.000000000,-1.999989510,19.424741745,0,-0.000000685,-0.000109141,0.033332977
527,0.000036240,-0.600068927,0.572257996,1,1,1,0.000067986,0.000000000,-1.999989510,19.448087692,0,-0.000000738,-0.000109141,0.033332977
528,0.000034332,-0.600070357,0.605949402,1,1,1,0.000068927,0.000000000,-1.999989510,19.470975876,0,-0.000000754,-0.000109141,0.033332977
529,0.000034332,-0.600071549,0.639640808,1,1,1,0.000067478,0.000000000,-1.999989510,19.494321823,0,-0.000000729,-0.000109141,0.033332977
530,0.000034332,-0.600072742,0.673355103,1,1,1,0.000068450,0.000000000,-1.999989510,19.517210007,0,-0.000000746,-0.000109141,0.033332977
531,0.000032425,-0.600074053,0.707046509,1,1,1,0.000069466,0.000000000,-1.999989510,19.540555954,0,-0.000000763,-0.000109141,0.033332977
532,0.000034332,-0.600075245,0.740730286,1,1,1,0.000067928,0.000000000,-1.999989510,19.563444138,0,-0.000000737,-0.000109141,0.033332977
533,0.000032425,-0.600076437,0.774421692,1,1,1,0.000071643,0.000000000,-1.999989510,19.586332321,0,-0.000000799,-0.000109141,0.033332977
534,0.000030518,-0.600077748,0.808113098,1,1,1,0.000070083,0.000000000,-1.999989510,19.609220505,0,-0.000000773,-0.000109141,0.033332977
535,0.000030518,-0.600079060,0.841812134,1,1,1,0.000068445,0.000000000,-1.999989510,19.632108688,0,-0.000000746,-0.000109141,0.033332977
536,0.000028610,-0.600080252,0.875503540,1,1,1,0.000069591,0.000000000,-1.999989510,19.654996872,0,-0.000000765,-0.000109141,0.033332977
537,0.000030518,-0.600081563,0.909179688,1,1,1,0.000067854,0.000000000,-1.999989510,19.677885056,0,-0.000000736,-0.000109141,0.033332977
538,0.000028610,-0.600082874,0.942871094,1,1,1,0.000072068,0.000000000,-1.999989510,19.700315475,0,-0.000000806,-0.000109141,0.033332977
539,0.000026703,-0.600084066,0.976562500,1,1,1,0.000070303,0.000000000,-1.999989510,19.723203659,0,-0.000000777,-0.000109141,0.033332977
540,0.000026703,-0.600085199,1.010253906,1,1,1,0.000068438,0.000000000,-1.999989510,19.746091843,0,-0.000000745,-0.000109141,0.033332977
541,0.000024796,-0.600086331,1.043930054,1,1,1,0.000069751,0.000000000,-1.999989510,19.768522263,0,-0.000000767,-0.000109141,0.033332977
542,0.000024796,-0.600087702,1.077621460,1,1,1,0.000067756,0.000000000,-1.999989510,19.790952682,0,-0.000000734,-0.000109141,0.033332977
543,0.000022888,-0.600089073,1.111305237,1,1,1,0.000069130,0.000000000,-1.999989510,19.813840866,0,-0.000000757,-0.000109141,0.033332977
544,0.000024796,-0.600090265,1.144996643,1,1,1,0.000070593,0.000000000,-1.999989510,19.836271286,0,-0.000000781,-0.000109141,0.033332977
545,0.000022888,-0.600091338,1.178672791,1,1,1,0.000072153,0.000000000,-1.999989510,19.858701706,0,-0.000000807,-0.000109141,0.033332977
546,0.000020981,-0.600092649,1.212356567,1,1,1,0.000069965,0.000000000,-1.999989510,19.881132126,0,-0.000000771,-0.000109141,0.033332977
547,0.000020981,-0.600093901,1.246040344,1,1,1,0.000067622,0.000000000,-1.999989510,19.903562546,0,-0.000000732,-0.000109141,0.033332977
548,0.000019073,-0.600095093,1.279724121,1,1,1,0.000069245,0.000000000,-1.999989510,19.925992966,0,-0.000000759,-0.000109141,0.033332977
549,0.000019073,-0.600096107,1.313407898,1,1,1,0.000066693,0.000000000,-1.999989510,19.948423386,0,-0.000000716,-0.000109141,0.033332977
550,0.000019073,-0.600097477,1.347084045,1,1,1,0.000068409,0.000000000,-1.999989510,19.970853806,0,-0.000000745,-0.000109141,0.033332977
551,0.000019073,-0.600098610,1.380775452,1,1,1,0.000070267,0.000000000,-1.999989510,19.992826462,0,-0.000000776,-0.000109141,0.033332977
552,0.000017166,-0.600099802,1.414451599,1,1,1,0.000072286,0.000000000,-1.999989510,20.015256882,0,-0.000000810,-0.000109141,0.033332977
553,0.000015259,-0.600101113,1.448135376,1,1,1,0.000069409,0.000000000,-1.999989510,20.037229538,0,-0.000000762,-0.000109141,0.033332977
554,0.000015259,-0.600102246,1.481811523,1,1,1,0.000066261,0.000000000,-1.999989510,20.059659958,0,-0.000000709,-0.000109141,0.033332977
555,0.000015259,-0.600103498,1.515487671,1,1,1,0.000068381,0.000000000,-1.999989510,20.081632614,0,-0.000000745,-0.000109141,0.033332977
556,0.000013351,-0.600104690,1.549163818,1,1,1,0.000070724,0.000000000,-1.999989510,20.103605270,0,-0.000000784,-0.000109141,0.033332977
557,0.000013351,-0.600105882,1.582832336,1,1,1,0.000067124,0.000000000,-1.999989510,20.125577927,0,-0.000000724,-0.000109141,0.033332977
558,0.000015259,-0.600107074,1.616516113,1,1,1,0.000076233,0.000000000,-1.999989510,20.147550583,0,-0.000000875,-0.000109141,0.033332977
559,0.000013351,-0.600108385,1.650192261,1,1,1,0.000079503,0.000000000,-1.999989510,20.169523239,0,-0.000000930,-0.000109141,0.033332977
560,0.000011444,-0.600109458,1.683868408,1,1,1,0.000075769,0.000000000,-1.999989510,20.191495895,0,-0.000000868,-0.000109141,0.033332977
561,0.000009537,-0.600110710,1.717544556,1,1,1,0.000071504,0.000000000,-1.999989510,20.213468552,0,-0.000000797,-0.000109141,0.033332977
562,0.000009537,-0.600111961,1.751213074,1,1,1,0.000066585,0.000000000,-1.999989510,20.235441208,0,-0.000000715,-0.000109141,0.033332977
563,0.000007629,-0.600112915,1.784889221,1,1,1,0.000070137,0.000000000,-1.999989510,20.257413864,0,-0.000000774,-0.000109141,0.033332977
564,0.000007629,-0.600114286,1.818565369,1,1,1,0.000064208,0.000000000,-1.999989510,20.278928757,0,-0.000000675,-0.000109141,0.033332977
565,0.000007629,-0.600115418,1.852233887,1,1,1,0.000068229,0.000000000,-1.999989510,20.300901413,0,-0.000000742,-0.000109141,0.033332977
566,0.000005722,-0.600116611,1.885902405,1,1,1,0.000073137,0.000000000,-1.999989510,20.322416306,0,-0.000000824,-0.000109141,0.033332977
567,0.000005722,-0.600117803,1.919578552,1,1,1,0.000065373,0.000000000,-1.999989510,20.344388962,0,-0.000000694,-0.000109141,0.033332977
568,0.000007629,-0.600118995,1.953247070,1,1,1,0.000087119,0.000000000,-1.999989510,20.365903854,0,-0.000001057,-0.000109141,0.033332977
569,0.000005722,-0.600120068,1.986915588,1,1,1,0.000097563,0.000000000,-1.999989510,20.387418747,0,-0.000001231,-0.000109141,0.033332977
570,0.000003815,-0.600121140,1.953903198,1,1,1,-0.000021337,0.000000000,1.999989510,20.408933640,0,-0.000000040,0.000109141,-0.033332977
571,0.000003815,-0.600122213,1.920906067,1,1,1,-0.000022117,0.000000000,1.999989510,20.430448532,0,-0.000000027,0.000109141,-0.033332977
572,0.000003815,-0.600123644,1.887901306,1,1,1,-0.000022106,0.000000000,1.999989510,20.451963425,0,-0.000000027,0.000109141,-0.033332977
573,0.000001907,-0.600124717,1.854896545,1,1,1,-0.000022095,0.000000000,1.999989510,20.473478317,0,-0.000000027,0.000109141,-0.033332977
574,0.000001907,-0.600125730,1.821884155,1,1,1,-0.000022896,0.000000000,1.999989510,20.494993210,0,-0.000000014,0.000109141,-0.033332977
575,0.000001907,-0.600126922,1.788879395,1,1,1,-0.000022890,0.000000000,1.999989510,20.516508102,0,-0.000000014,0.000109141,-0.033332977
576,0.000001907,-0.600128114,1.755874634,1,1,1,-0.000022061,0.000000000,1.999989510,20.537565231,0,-0.000000027,0.000109141,-0.033332977
577,0.000001907,-0.600129306,1.722869873,1,1,1,-0.000022878,0.000000000,1.999989510,20.559080124,0,-0.000000014,0.000109141,-0.033332977
578,0.000001907,-0.600130320,1.689849854,1,1,1,-0.000022872,0.000000000,1.999989510,20.580595016,0,-0.000000014,0.000109141,-0.033332977
579,0.000000000,-0.600131571,1.656845093,1,1,1,-0.000022866,0.000000000,1.999989510,20.601652145,0,-0.000000014,0.000109141,-0.033332977
580,0.000000000,-0.600132763,1.623840332,1,1,1,-0.000023708,0.000000000,1.999989510,20.622709274,0,-0.000000000,0.000109141,-0.033332977
581,0.000000000,-0.600133955,1.590827942,1,1,1,-0.000023708,0.000000000,1.999989510,20.644224167,0,-0.000000000,0.000109141,-0.033332977
582,-0.000001907,-0.600135207,1.557815552,1,1,1,-0.000023708,0.000000000,1.999989510,20.665281296,0,-0.000000000,0.000109141,-0.033332977
583,0.000000000,-0.600136280,1.524803162,1,1,1,-0.000023708,0.000000000,1.999989510,20.686338425,0,-0.000000000,0.000109141,-0.033332977
584,0.000000000,-0.600137472,1.491790771,1,1,1,-0.000023708,0.000000000,1.999989510,20.707395554,0,-0.000000000,0.000109141,-0.033332977
585,-0.000001907,-0.600138605,1.458778381,1,1,1,-0.000023708,0.000000000,1.999989510,20.728452682,0,-0.000000000,0.000109141,-0.033332977
586,-0.000001907,-0.600139678,1.425765991,1,1,1,-0.000024594,0.000000000,1.999989510,20.749509811,0,0.000000015,0.000109141,-0.033332977
587,-0.000001907,-0.600140929,1.392745972,1,1,1,-0.000024601,0.000000000,1.999989510,20.770566940,0,0.000000015,0.000109141,-0.033332977
588,-0.000003815,-0.600141943,1.359725952,1,1,1,-0.000024608,0.000000000,1.999989510,20.791166306,0,0.000000015,0.000109141,-0.033332977
589,-0.000003815,-0.600143075,1.326713562,1,1,1,-0.000025521,0.000000000,1.999989510,20.812223434,0,0.000000030,0.000109141,-0.033332977
590,-0.000003815,-0.600144207,1.293693542,1,1,1,-0.000024622,0.000000000,1.999989510,20.833280563,0,0.000000015,0.000109141,-0.033332977
591,-0.000003815,-0.600145459,1.260681152,1,1,1,-0.000025550,0.000000000,1.999989510,20.853879929,0,0.000000031,0.000109141,-0.033332977
592,-0.000003815,-0.600146413,1.227661133,1,1,1,-0.000025565,0.000000000,1.999989510,20.874937057,0,0.000000031,0.000109141,-0.033332977
593,-0.000005722,-0.600147605,1.194648743,1,1,1,-0.000025580,0.000000000,1.999989510,20.895536423,0,0.000000031,0.000109141,-0.033332977
594,-0.000005722,-0.600148916,1.161621094,1,1,1,-0.000026538,0.000000000,1.999989510,20.916135788,0,0.000000047,0.000109141,-0.033332977
595,-0.000005722,-0.600149989,1.128608704,1,1,1,-0.000026561,0.000000000,1.999989510,20.936735153,0,0.000000048,0.000109141,-0.033332977
596,-0.000005722,-0.600151062,1.095588684,1,1,1,-0.000025626,0.000000000,1.999989510,20.957792282,0,0.000000032,0.000109141,-0.033332977
597,-0.000005722,-0.600152314,1.062576294,1,1,1,-0.000026608,0.000000000,1.999989510,20.978391647,0,0.000000048,0.000109141,-0.033332977
598,-0.000007629,-0.600153208,1.029548645,1,1,1,-0.000026633,0.000000000,1.999989510,20.998991013,0,0.000000049,0.000109141,-0.033332977
599,-0.000007629,-0.600154281,0.996520996,1,1,1,-0.000027640,0.000000000,1.999989510,21.019590378,0,0.000000066,0.000109141,-0.033332977
600,-0.000007629,-0.600155532,0.963500977,1,1,1,-0.000027674,0.000000000,1.999989510,21.039731979,0,0.000000066,0.000109141,-0.033332977
601,-0.000009537,-0.600156665,0.930488586,1,1,1,-0.000027708,0.000000000,1.999989510,21.060331345,0,0.000000067,0.000109141,-0.033332977
602,-0.000007629,-0.600157678,0.897453308,1,1,1,-0.000027742,0.000000000,1.999989510,21.080930710,0,0.000000067,0.000109141,-0.033332977
603,-0.000007629,-0.600158751,0.864433289,1,1,1,-0.000027777,0.000000000,1.999989510,21.101072311,0,0.000000068,0.000109141,-0.033332977
604,-0.000009537,-0.600159883,0.831413269,1,1,1,-0.000027813,0.000000000,1.999989510,21.121671677,0,0.000000068,0.000109141,-0.033332977
605,-0.000009537,-0.600161076,0.798393250,1,1,1,-0.000028885,0.000000000,1.999989510,21.141813278,0,0.000000086,0.000109141,-0.033332977
606,-0.000011444,-0.600162029,0.765357971,1,1,1,-0.000028931,0.000000000,1.999989510,21.162412643,0,0.000000087,0.000109141,-0.033332977
607,-0.000009537,-0.600163341,0.732330322,1,1,1,-0.000028979,0.000000000,1.999989510,21.182554245,0,0.000000088,0.000109141,-0.033332977
608,-0.000009537,-0.600164294,0.699317932,1,1,1,-0.000029027,0.000000000,1.999989510,21.202695847,0,0.000000089,0.000109141,-0.033332977
609,-0.000011444,-0.600165486,0.666282654,1,1,1,-0.000029076,0.000000000,1.999989510,21.223295212,0,0.000000089,0.000109141,-0.033332977
610,-0.000011444,-0.600166559,0.633247375,1,1,1,-0.000030209,0.000000000,1.999989510,21.243436813,0,0.000000108,0.000109141,-0.033332977
611,-0.000013351,-0.600167632,0.600219727,1,1,1,-0.000030270,0.000000000,1.999989510,21.263578415,0,0.000000109,0.000109141,-0.033332977
612,-0.000011444,-0.600168705,0.567192078,1,1,1,-0.000030332,0.000000000,1.999989510,21.283720016,0,0.000000110,0.000109141,-0.033332977
613,-0.000013351,-0.600169778,0.534164429,1,1,1,-0.000030395,0.000000000,1.999989510,21.303403854,0,0.000000111,0.000109141,-0.033332977
614,-0.000013351,-0.600170851,0.501129150,1,1,1,-0.000031585,0.000000000,1.999989510,21.323545456,0,0.000000131,0.000109141,-0.033332977
615,-0.000013351,-0.600172043,0.468109131,1,1,1,-0.000031662,0.000000000,1.999989510,21.343687057,0,0.000000133,0.000109141,-0.033332977
616,-0.000013351,-0.600172997,0.435073853,1,1,1,-0.000030593,0.000000000,1.999989510,21.363828659,0,0.000000115,0.000109141,-0.033332977
617,-0.000013351,-0.600174069,0.402046204,1,1,1,-0.000031820,0.000000000,1.999989510,21.383512497,0,0.000000135,0.000109141,-0.033332977
618,-0.000015259,-0.600175321,0.369003296,1,1,1,-0.000031901,0.000000000,1.999989510,21.403654099,0,0.000000137,0.000109141,-0.033332977
619,-0.000015259,-0.600176513,0.335983276,1,1,1,-0.000033167,0.000000000,1.999989510,21.423337936,0,0.000000158,0.000109141,-0.033332977
620,-0.000015259,-0.600177407,0.302947998,1,1,1,-0.000033263,0.000000000,1.999989510,21.443479538,0,0.000000159,0.000109141,-0.033332977
621,-0.000015259,-0.600178599,0.269912720,1,1,1,-0.000032156,0.000000000,1.999989510,21.463163376,0,0.000000141,0.000109141,-0.033332977
622,-0.000015259,-0.600179553,0.236877441,1,1,1,-0.000033463,0.000000000,1.999989510,21.482847214,0,0.000000163,0.000109141,-0.033332977
623,-0.000017166,-0.600180626,0.203842163,1,1,1,-0.000033566,0.000000000,1.999989510,21.502531052,0,0.000000164,0.000109141,-0.033332977
624,-0.000017166,-0.600181818,0.170806885,1,1,1,-0.000034917,0.000000000,1.999989510,21.522214890,0,0.000000187,0.000109141,-0.033332977
625,-0.000017166,-0.600182712,0.137763977,1,1,1,-0.000033779,0.000000000,1.999989510,21.541898727,0,0.000000168,0.000109141,-0.033332977
626,-0.000017166,-0.600183964,0.104736328,1,1,1,-0.000035162,0.000000000,1.999989510,21.561582565,0,0.000000191,0.000109141,-0.033332977
627,-0.000019073,-0.600184977,0.071701050,1,1,1,-0.000035288,0.000000000,1.999989510,21.581266403,0,0.000000193,0.000109141,-0.033332977
628,-0.000019073,-0.600186050,0.038665771,1,1,1,-0.000036718,0.000000000,1.999989510,21.600950241,0,0.000000217,0.000109141,-0.033332977
629,-0.000019073,-0.600187123,0.005622864,1,1,1,-0.000036865,0.000000000,1.999989510,21.620634079,0,0.000000219,0.000109141,-0.033332977
630,-0.000019073,-0.600188136,-0.027420044,1,1,1,-0.000035684,0.000000000,1.999989510,21.639860153,0,0.000000200,0.000109141,-0.033332977
631,-0.000019073,-0.600189209,-0.060462952,1,1,1,-0.000037169,0.000000000,1.999989510,21.659543991,0,0.000000224,0.000109141,-0.033332977
632,-0.000020981,-0.600190401,-0.093498230,1,1,1,-0.000037326,0.000000000,1.999989510,21.678770065,0,0.000000227,0.000109141,-0.033332977
633,-0.000020981,-0.600191414,-0.126541138,1,1,1,-0.000038865,0.000000000,1.999989510,21.698453903,0,0.000000253,0.000109141,-0.033332977
634,-0.000020981,-0.600192487,-0.159584045,1,1,1,-0.000037652,0.000000000,1.999989510,21.717679977,0,0.000000232,0.000109141,-0.033332977
635,-0.000020981,-0.600193620,-0.192619324,1,1,1,-0.000039232,0.000000000,1.999989510,21.736906052,0,0.000000259,0.000109141,-0.033332977
636,-0.000022888,-0.600194573,-0.225654602,1,1,1,-0.000039422,0.000000000,1.999989510,21.756589890,0,0.000000262,0.000109141,-0.033332977
637,-0.000022888,-0.600195646,-0.258705139,1,1,1,-0.000041063,0.000000000,1.999989510,21.775815964,0,0.000000289,0.000109141,-0.033332977
638,-0.000022888,-0.600196719,-0.291748047,1,1,1,-0.000039817,0.000000000,1.999989510,21.795042038,0,0.000000268,0.000109141,-0.033332977
639,-0.000022888,-0.600197792,-0.324790955,1,1,1,-0.000041505,0.000000000,1.999989510,21.814268112,0,0.000000297,0.000109141,-0.033332977
640,-0.000022888,-0.600198627,-0.357826233,1,1,1,-0.000041734,0.000000000,1.999989510,21.833494186,0,0.000000300,0.000109141,-0.033332977
641,-0.000022888,-0.600199938,-0.390884399,1,1,1,-0.000040448,0.000000000,1.999989510,21.852720261,0,0.000000279,0.000109141,-0.033332977
642,-0.000022888,-0.600200832,-0.423927307,1,1,1,-0.000042211,0.000000000,1.999989510,21.871488571,0,0.000000308,0.000109141,-0.033332977
643,-0.000024796,-0.600201845,-0.456962585,1,1,1,-0.000042459,0.000000000,1.999989510,21.890714645,0,0.000000312,0.000109141,-0.033332977
644,-0.000024796,-0.600203037,-0.490013123,1,1,1,-0.000044298,0.000000000,1.999989510,21.909940720,0,0.000000343,0.000109141,-0.033332977
645,-0.000024796,-0.600203931,-0.523063660,1,1,1,-0.000042976,0.000000000,1.999989510,21.928709030,0,0.000000321,0.000109141,-0.033332977
646,-0.000024796,-0.600205064,-0.556114197,1,1,1,-0.000044873,0.000000000,1.999989510,21.947935104,0,0.000000353,0.000109141,-0.033332977
647,-0.000026703,-0.600206077,-0.589149475,1,1,1,-0.000045173,0.000000000,1.999989510,21.966703415,0,0.000000358,0.000109141,-0.033332977
648,-0.000026703,-0.600207090,-0.622207642,1,1,1,-0.000047156,0.000000000,1.999989510,21.985929489,0,0.000000391,0.000109141,-0.033332977
649,-0.000026703,-0.600208044,-0.655258179,1,1,1,-0.000045799,0.000000000,1.999989510,22.004697800,0,0.000000368,0.000109141,-0.033332977
650,-0.000026703,-0.600209057,-0.688301086,1,1,1,-0.000047850,0.000000000,1.999989510,22.023466110,0,0.000000402,0.000109141,-0.033332977
651,-0.000028610,-0.600210130,-0.721343994,1,1,1,-0.000048213,0.000000000,1.999989510,22.042234421,0,0.000000408,0.000109141,-0.033332977
652,-0.000026703,-0.600211143,-0.754409790,1,1,1,-0.000048587,0.000000000,1.999989510,22.061460495,0,0.000000415,0.000109141,-0.033332977
653,-0.000028610,-0.600212157,-0.787460327,1,1,1,-0.000048972,0.000000000,1.999989510,22.080228806,0,0.000000421,0.000109141,-0.033332977
654,-0.000028610,-0.600213289,-0.820503235,1,1,1,-0.000051202,0.000000000,1.999989510,22.098997116,0,0.000000458,0.000109141,-0.033332977
655,-0.000030518,-0.600214243,-0.853561401,1,1,1,-0.000051642,0.000000000,1.999989510,22.117765427,0,0.000000466,0.000109141,-0.033332977
656,-0.000028610,-0.600215197,-0.886619568,1,1,1,-0.000052096,0.000000000,1.999989510,22.136075974,0,0.000000473,0.000109141,-0.033332977
657,-0.000030518,-0.600216389,-0.919662476,1,1,1,-0.000052564,0.000000000,1.999989510,22.154844284,0,0.000000481,0.000109141,-0.033332977
658,-0.000030518,-0.600217164,-0.952720642,1,1,1,-0.000055005,0.000000000,1.999989510,22.173612595,0,0.000000522,0.000109141,-0.033332977
659,-0.000030518,-0.600218475,-0.985771179,1,1,1,-0.000053550,0.000000000,1.999989510,22.191923141,0,0.000000497,0.000109141,-0.033332977
660,-0.000030518,-0.526317477,-1.018554688,0,0,1,-0.000284974,4.427188873,24.191913605,0.000000000,1,0.000000540,0.000109141,-0.033332977
661,-0.000032425,-0.455147505,-1.050720215,0,0,1,-0.000284974,4.263855457,24.191913605,0.000000000,0,0.000000540,0.000109141,-0.033332977
662,-0.000030518,-0.451217115,-0.731445313,0,0,1,-0.000284974,-0.000000000,24.191913605,0.000000000,0,0.000000540,0.000109141,-0.033332977
663,-0.000032425,-0.453835249,-0.763233185,0,0,1,-0.000284974,-0.163333327,24.191913605,0.000000000,0,0.000000540,0.000109141,-0.033332977
664,-0.000032425,-0.459176570,-0.794734955,0,0,1,-0.000284974,-0.326666653,24.191913605,0.000000000,0,0.000000540,0.000109141,-0.033332977
665,-0.000032425,-0.467241228,-0.825931549,0,0,1,-0.000284974,-0.489999980,24.191913605,0.000000000,0,0.000000540,0.000109141,-0.033332977
666,-0.000032425,-0.478028893,-0.856834412,0,0,1,-0.000284974,-0.653333306,24.191913605,0.000000000,0,0.000000540,0.000109141,-0.033332977
667,-0.000034332,-0.491539896,-0.887443542,0,0,1,-0.000284974,-0.816666663,24.191913605,0.000000000,0,0.000000540,0.000109141,-0.033332977
668,-0.000034332,-0.507773995,-0.917755127,0,0,1,-0.000284974,-0.980000019,24.191913605,0.000000000,0,0.000000540,0.000109141,-0.033332977
669,-0.000034332,-0.526731431,-0.947769165,0,0,1,-0.000284974,-1.143333316,24.191913605,0.000000000,0,0.000000540,0.000109141,-0.033332977
670,-0.000034332,-0.548412442,-0.977489471,0,0,1,-0.000284974,-1.306666613,24.191913605,0.000000000,0,0.000000540,0.000109127,-0.033332977
671,-0.000034332,-0.572816253,-1.006912231,0,0,1,-0.000284974,-1.469999909,24.191913605,0.000000000,0,0.000000540,0.000109127,-0.033332977
672,-0.000034332,-0.599943221,-1.036052704,0,0,1,-0.000284974,-1.633333206,24.191913605,0.000000000,0,0.000000540,0.000109127,-0.033332977
673,-0.000036240,-0.600240171,-1.064884186,1,1,1,-0.000284974,0.000000000,24.191913605,22.449186325,0,0.000000540,0.000109127,-0.033332977
674,-0.000036240,-0.600233257,-1.097946167,1,1,1,-0.000063755,0.000000000,1.999989510,22.467496872,0,0.000000668,0.000109127,-0.033332977
675,-0.000036240,-0.600234151,-1.131000519,1,1,1,-0.000062346,0.000000000,1.999989510,22.485578537,0,0.000000644,0.000109127,-0.033332977
676,-0.000036240,-0.600235164,-1.164058685,1,1,1,-0.000065259,0.000000000,1.999989510,22.503660202,0,0.000000693,0.000109127,-0.033332977
677,-0.000038147,-0.600236177,-1.197124481,1,1,1,-0.000066054,0.000000000,1.999989510,22.521741867,0,0.000000706,0.000109127,-0.033332977
678,-0.000036240,-0.600237012,-1.230178833,1,1,1,-0.000066880,0.000000000,1.999989510,22.539594650,0,0.000000720,0.000109127,-0.033332977
679,-0.000038147,-0.600238144,-1.263248444,1,1,1,-0.000067740,0.000000000,1.999989510,22.557676315,0,0.000000734,0.000109127,-0.033332977
680,-0.000036240,-0.600238979,-1.296302795,1,1,1,-0.000068634,0.000000000,1.999989510,22.575529099,0,0.000000749,0.000109127,-0.033332977
681,-0.000034332,-0.600240111,-1.329364777,1,1,1,-0.000069565,0.000000000,1.999989510,22.593610764,0,0.000000764,0.000109127,-0.033332977
682,-0.000036240,-0.600241065,-1.362426758,1,1,1,-0.000068071,0.000000000,1.999989510,22.611463547,0,0.000000739,0.000109127,-0.033332977
683,-0.000032425,-0.600242019,-1.395488739,1,1,1,-0.000069031,0.000000000,1.999989510,22.629316330,0,0.000000755,0.000109127,-0.033332977
684,-0.000034332,-0.600242913,-1.428550720,1,1,1,-0.000067459,0.000000000,1.999989510,22.647169113,0,0.000000729,0.000109127,-0.033332977
685,-0.000032425,-0.600243926,-1.461612701,1,1,1,-0.000071080,0.000000000,1.999989510,22.665021896,0,0.000000790,0.000109127,-0.033332977
686,-0.000032425,-0.600244939,-1.494674683,1,1,1,-0.000066790,0.000000000,1.999989510,22.682874680,0,0.000000718,0.000109127,-0.033332977
687,-0.000030518,-0.600245953,-1.527740479,1,1,1,-0.000070566,0.000000000,1.999989510,22.700498581,0,0.000000781,0.000109127,-0.033332977
688,-0.000030518,-0.600246787,-1.560802460,1,1,1,-0.000068879,0.000000000,1.999989510,22.718351364,0,0.000000753,0.000109127,-0.033332977
689,-0.000030518,-0.600247800,-1.593872070,1,1,1,-0.000067109,0.000000000,1.999989510,22.735975266,0,0.000000723,0.000109127,-0.033332977
690,-0.000028610,-0.600248694,-1.626941681,1,1,1,-0.000071182,0.000000000,1.999989510,22.753599167,0,0.000000791,0.000109127,-0.033332977
691,-0.000028610,-0.600249708,-1.660003662,1,1,1,-0.000069380,0.000000000,1.999989510,22.771223068,0,0.000000761,0.000109127,-0.033332977
692,-0.000026703,-0.600250661,-1.693073273,1,1,1,-0.000067480,0.000000000,1.999989510,22.788846970,0,0.000000730,0.000109127,-0.033332977
693,-0.000026703,-0.600251555,-1.726139069,1,1,1,-0.000068688,0.000000000,1.999989510,22.806470871,0,0.000000750,0.000109127,-0.033332977
694,-0.000024796,-0.600252628,-1.759208679,1,1,1,-0.000069965,0.000000000,1.999989510,22.823865891,0,0.000000771,0.000109127,-0.033332977
695,-0.000024796,-0.600253582,-1.792274475,1,1,1,-0.000064515,0.000000000,1.999989510,22.841489792,0,0.000000680,0.000109127,-0.033332977
696,-0.000024796,-0.600254536,-1.825344086,1,1,1,-0.000069246,0.000000000,1.999989510,22.858884811,0,0.000000759,0.000109127,-0.033332977
697,-0.000022888,-0.600255489,-1.858409882,1,1,1,-0.000067048,0.000000000,1.999989510,22.876508713,0,0.000000722,0.000109127,-0.033332977
698,-0.000024796,-0.600256383,-1.891479492,1,1,1,-0.000068436,0.000000000,1.999989510,22.893903732,0,0.000000746,0.000109127,-0.033332977
699,-0.000022888,-0.600257456,-1.924552917,1,1,1,-0.000073767,0.000000000,1.999989510,22.911298752,0,0.000000834,0.000109127,-0.033332977
700,-0.000022888,-0.600258231,-1.957626343,1,1,1,-0.000067515,0.000000000,1.999989510,22.928693771,0,0.000000730,0.000109127,-0.033332977
701,-0.000020981,-0.600259066,-1.990699768,1,1,1,-0.000073191,0.000000000,1.999989510,22.945859909,0,0.000000825,0.000109127,-0.033332977
702,-0.000020981,-0.600260198,-2.023765564,1,1,1,-0.000070734,0.000000000,1.999989510,22.963254929,0,0.000000784,0.000109127,-0.033332977
703,-0.000020981,-0.600261211,-2.056838989,1,1,1,-0.000068089,0.000000000,1.999989510,22.980649948,0,0.000000740,0.000109127,-0.033332977
704,-0.000019073,-0.600262046,-2.089912415,1,1,1,-0.000074463,0.000000000,1.999989510,22.997816086,0,0.000000846,0.000109127,-0.033332977
705,-0.000019073,-0.600262940,-2.122985840,1,1,1,-0.000066950,0.000000000,1.999989510,23.014982224,0,0.000000721,0.000109127,-0.033332977
706,-0.000017166,-0.600263834,-2.156059265,1,1,1,-0.000073824,0.000000000,1.999989510,23.032148361,0,0.000000835,0.000109127,-0.033332977
707,-0.000017166,-0.600264847,-2.189132690,1,1,1,-0.000070843,0.000000000,1.999989510,23.049314499,0,0.000000786,0.000109127,-0.033332977
708,-0.000017166,-0.600265741,-2.222202301,1,1,1,-0.000067581,0.000000000,1.999989510,23.066480637,0,0.000000731,0.000109127,-0.033332977
709,-0.000015259,-0.600266814,-2.255279541,1,1,1,-0.000075506,0.000000000,1.999989510,23.083646774,0,0.000000863,0.000109127,-0.033332977
710,-0.000015259,-0.600267649,-2.288356781,1,1,1,-0.000066093,0.000000000,1.999989510,23.100812912,0,0.000000706,0.000109127,-0.033332977
711,-0.000013351,-0.600268662,-2.321437836,1,1,1,-0.000074807,0.000000000,1.999989510,23.117750168,0,0.000000852,0.000109127,-0.033332977
712,-0.000013351,-0.600269496,-2.354511261,1,1,1,-0.000071018,0.000000000,1.999989510,23.134687424,0,0.000000789,0.000109127,-0.033332977
713,-0.000013351,-0.600270391,-2.387584686,1,1,1,-0.000066761,0.000000000,1.999989510,23.151853561,0,0.000000718,0.000109127,-0.033332977
714,-0.000011444,-0.600271344,-2.420665741,1,1,1,-0.000077238,0.000000000,1.999989510,23.168790817,0,0.000000892,0.000109127,-0.033332977
715,-0.000011444,-0.600272298,-2.453739166,1,1,1,-0.000064634,0.000000000,1.999989510,23.185728073,0,0.000000682,0.000109127,-0.033332977
716,-0.000009537,-0.600273252,-2.486820221,1,1,1,-0.000076537,0.000000000,1.999989510,23.202665329,0,0.000000881,0.000109127,-0.033332977
717,-0.000009537,-0.600274146,-2.519897461,1,1,1,-0.000071338,0.000000000,1.999989510,23.219602585,0,0.000000794,0.000109127,-0.033332977
718,-0.000009537,-0.600274980,-2.552974701,1,1,1,-0.000065211,0.000000000,1.999989510,23.236310959,0,0.000000692,0.000109127,-0.033332977
719,-0.000007629,-0.600275934,-2.586059570,1,1,1,-0.000080669,0.000000000,1.999989510,23.253248215,0,0.000000949,0.000109127,-0.033332977
720,-0.000007629,-0.600276887,-2.619136810,1,1,1,-0.000061596,0.000000000,1.999989510,23.269956589,0,0.000000632,0.000109127,-0.033332977
721,-0.000005722,-0.600277781,-2.652214050,1,1,1,-0.000080379,0.000000000,1.999989510,23.286664963,0,0.000000945,0.000109127,-0.033332977
722,-0.000005722,-0.600278795,-2.685298920,1,1,1,-0.000072106,0.000000000,1.999989510,23.303602219,0,0.000000807,0.000109127,-0.033332977
723,-0.000005722,-0.600279629,-2.718379974,1,1,1,-0.000061172,0.000000000,1.999989510,23.320310593,0,0.000000624,0.000109127,-0.033332977
724,-0.000005722,-0.600280643,-2.684799194,1,1,1,0.000021338,0.000000000,-1.999989510,23.337018967,0,0.000000039,-0.000109127,0.033332977
725,-0.000003815,-0.600281715,-2.651210785,1,1,1,0.000022117,0.000000000,-1.999989510,23.353498459,0,0.000000026,-0.000109127,0.033332977
726,-0.000003815,-0.600282550,-2.617626190,1,1,1,0.000022106,0.000000000,-1.999989510,23.370206833,0,0.000000027,-0.000109127,0.033332977
727,-0.000003815,-0.600283504,-2.584045410,1,1,1,0.000022901,0.000000000,-1.999989510,23.386915207,0,0.000000013,-0.000109127,0.033332977
728,-0.000003815,-0.600284457,-2.550468445,1,1,1,0.000022083,0.000000000,-1.999989510,23.403394699,0,0.000000027,-0.000109127,0.033332977
729,-0.000003815,-0.600285172,-2.516883850,1,1,1,0.000022071,0.000000000,-1.999989510,23.419874191,0,0.000000027,-0.000109127,0.033332977
730,-0.000001907,-0.600286126,-2.483303070,1,1,1,0.000022883,0.000000000,-1.999989510,23.436353683,0,0.000000014,-0.000109127,0.033332977
731,-0.000001907,-0.600287020,-2.449722290,1,1,1,0.000022877,0.000000000,-1.999989510,23.453062057,0,0.000000014,-0.000109127,0.033332977
732,-0.000001907,-0.600287974,-2.416145325,1,1,1,0.000023708,0.000000000,-1.999989510,23.469312668,0,-0.000000000,-0.000109127,0.033332977
733,-0.000001907,-0.600288868,-2.382560730,1,1,1,0.000022865,0.000000000,-1.999989510,23.485792160,0,0.000000014,-0.000109127,0.033332977
734,0.000000000,-0.600289643,-2.348983765,1,1,1,0.000023708,0.000000000,-1.999989510,23.502271652,0,-0.000000000,-0.000109127,0.033332977
735,0.000000000,-0.600290656,-2.315406799,1,1,1,0.000023708,0.000000000,-1.999989510,23.518751144,0,-0.000000000,-0.000109127,0.033332977
736,-0.000001907,-0.600291610,-2.281826019,1,1,1,0.000023708,0.000000000,-1.999989510,23.535001755,0,-0.000000000,-0.000109127,0.033332977
737,0.000000000,-0.600292563,-2.248245239,1,1,1,0.000023708,0.000000000,-1.999989510,23.551252365,0,-0.000000000,-0.000109127,0.033332977
738,0.000000000,-0.600293338,-2.214668274,1,1,1,0.000023708,0.000000000,-1.999989510,23.567731857,0,-0.000000000,-0.000109127,0.033332977
739,0.000001907,-0.600294232,-2.181091309,1,1,1,0.000024591,0.000000000,-1.999989510,23.583982468,0,-0.000000015,-0.000109127,0.033332977
740,0.000000000,-0.600295067,-2.147514343,1,1,1,0.000024598,0.000000000,-1.999989510,23.600233078,0,-0.000000015,-0.000109127,0.033332977
741,0.000001907,-0.600296021,-2.113941193,1,1,1,0.000024605,0.000000000,-1.999989510,23.616483688,0,-0.000000015,-0.000109127,0.033332977
742,0.000001907,-0.600296974,-2.080364227,1,1,1,0.000024612,0.000000000,-1.999989510,23.632505417,0,-0.000000015,-0.000109127,0.033332977
743,0.000003815,-0.600297689,-2.046789169,1,1,1,0.000025531,0.000000000,-1.999989510,23.648756027,0,-0.000000030,-0.000109127,0.033332977
744,0.000003815,-0.600298643,-2.013217926,1,1,1,0.000025546,0.000000000,-1.999989510,23.665006638,0,-0.000000031,-0.000109127,0.033332977
745,0.000001907,-0.600299537,-1.979644775,1,1,1,0.000025561,0.000000000,-1.999989510,23.681028366,0,-0.000000031,-0.000109127,0.033332977
746,0.000003815,-0.600300431,-1.946075439,1,1,1,0.000025576,0.000000000,-1.999989510,23.697050095,0,-0.000000031,-0.000109127,0.033332977
747,0.000003815,-0.600301266,-1.912502289,1,1,1,0.000025592,0.000000000,-1.999989510,23.713071823,0,-0.000000031,-0.000109127,0.033332977
748,0.000005722,-0.600302041,-1.878932953,1,1,1,0.000026557,0.000000000,-1.999989510,23.729093552,0,-0.000000048,-0.000109127,0.033332977
749,0.000003815,-0.600302994,-1.845361710,1,1,1,0.000026581,0.000000000,-1.999989510,23.745115280,0,-0.000000048,-0.000109127,0.033332977
750,0.000005722,-0.600303948,-1.811788559,1,1,1,0.000026606,0.000000000,-1.999989510,23.761137009,0,-0.000000048,-0.000109127,0.033332977
751,0.000005722,-0.600304723,-1.778219223,1,1,1,0.000026631,0.000000000,-1.999989510,23.777158737,0,-0.000000049,-0.000109127,0.033332977
752,0.000007629,-0.600305617,-1.744649887,1,1,1,0.000027639,0.000000000,-1.999989510,23.793066025,0,-0.000000066,-0.000109127,0.033332977
753,0.000005722,-0.600306630,-1.711082458,1,1,1,0.000027674,0.000000000,-1.999989510,23.808973312,0,-0.000000066,-0.000109127,0.033332977
754,0.000007629,-0.600307345,-1.677513123,1,1,1,0.000027709,0.000000000,-1.999989510,23.824880600,0,-0.000000067,-0.000109127,0.033332977
755,0.000007629,-0.600308180,-1.643943787,1,1,1,0.000027745,0.000000000,-1.999989510,23.840673447,0,-0.000000067,-0.000109127,0.033332977
756,0.000007629,-0.600309134,-1.610376358,1,1,1,0.000028800,0.000000000,-1.999989510,23.856466293,0,-0.000000085,-0.000109127,0.033332977
757,0.000007629,-0.600309849,-1.576808929,1,1,1,0.000027818,0.000000000,-1.999989510,23.872259140,0,-0.000000069,-0.000109127,0.033332977
758,0.000007629,-0.600310802,-1.543241501,1,1,1,0.000027856,0.000000000,-1.999989510,23.888051987,0,-0.000000069,-0.000109127,0.033332977
759,0.000009537,-0.600311518,-1.509675980,1,1,1,0.000028941,0.000000000,-1.999989510,23.903844833,0,-0.000000087,-0.000109127,0.033332977
760,0.000007629,-0.600312471,-1.476110458,1,1,1,0.000028991,0.000000000,-1.999989510,23.919523239,0,-0.000000088,-0.000109127,0.033332977
761,0.000009537,-0.600313425,-1.442544937,1,1,1,0.000029040,0.000000000,-1.999989510,23.935201645,0,-0.000000089,-0.000109127,0.033332977
762,0.000009537,-0.600314200,-1.408979416,1,1,1,0.000029091,0.000000000,-1.999989510,23.950880051,0,-0.000000090,-0.000109127,0.033332977
763,0.000011444,-0.600314915,-1.375415802,1,1,1,0.000030230,0.000000000,-1.999989510,23.966558456,0,-0.000000109,-0.000109127,0.033332977
764,0.000009537,-0.600315928,-1.341852188,1,1,1,0.000030294,0.000000000,-1.999989510,23.982122421,0,-0.000000110,-0.000109127,0.033332977
765,0.000011444,-0.600316763,-1.308288574,1,1,1,0.000030358,0.000000000,-1.999989510,23.997686386,0,-0.000000111,-0.000109127,0.033332977
766,0.000011444,-0.600317597,-1.274723053,1,1,1,0.000030424,0.000000000,-1.999989510,24.013250351,0,-0.000000112,-0.000109127,0.033332977
767,0.000011444,-0.600318432,-1.241163254,1,1,1,0.000031622,0.000000000,-1.999989510,24.028814316,0,-0.000000132,-0.000109127,0.033332977
768,0.000011444,-0.600319386,-1.207599640,1,1,1,0.000030561,0.000000000,-1.999989510,24.044263840,0,-0.000000114,-0.000109127,0.033332977
769,0.000013351,-0.600320101,-1.174037933,1,1,1,0.000031784,0.000000000,-1.999989510,24.059827805,0,-0.000000135,-0.000109127,0.033332977
770,0.000013351,-0.600320995,-1.140476227,1,1,1,0.000031868,0.000000000,-1.999989510,24.075277328,0,-0.000000136,-0.000109127,0.033332977
771,0.000013351,-0.600321889,-1.106914520,1,1,1,0.000033131,0.000000000,-1.999989510,24.090726852,0,-0.000000157,-0.000109127,0.033332977
772,0.000013351,-0.600322664,-1.073354721,1,1,1,0.000032040,0.000000000,-1.999989510,24.106061935,0,-0.000000139,-0.000109127,0.033332977
773,0.000015259,-0.600323558,-1.039793015,1,1,1,0.000033332,0.000000000,-1.999989510,24.121397018,0,-0.000000160,-0.000109127,0.033332977
774,0.000011444,-0.600324273,-1.006233215,1,1,1,0.000032220,0.000000000,-1.999989510,24.136846542,0,-0.000000142,-0.000109127,0.033332977
775,0.000013351,-0.600325227,-0.972675323,1,1,1,0.000031083,0.000000000,-1.999989510,24.152181625,0,-0.000000123,-0.000109127,0.033332977
776,0.000013351,-0.600325823,-0.939113617,1,1,1,0.000031164,0.000000000,-1.999989510,24.167402267,0,-0.000000124,-0.000109127,0.033332977
777,0.000015259,-0.600326836,-0.905555725,1,1,1,0.000032504,0.000000000,-1.999989510,24.182737350,0,-0.000000147,-0.000109127,0.033332977
778,0.000013351,-0.600327611,-0.871997833,1,1,1,0.000032603,0.000000000,-1.999989510,24.197957993,0,-0.000000148,-0.000109127,0.033332977
779,0.000015259,-0.600328445,-0.838439941,1,1,1,0.000032704,0.000000000,-1.999989510,24.213178635,0,-0.000000150,-0.000109127,0.033332977
780,0.000015259,-0.600329280,-0.804883957,1,1,1,0.000032808,0.000000000,-1.999989510,24.228399277,0,-0.000000152,-0.000109127,0.033332977
781,0.000015259,-0.600330234,-0.771327972,1,1,1,0.000034229,0.000000000,-1.999989510,24.243619919,0,-0.000000175,-0.000109127,0.033332977
782,0.000015259,-0.600330889,-0.737770081,1,1,1,0.000033023,0.000000000,-1.999989510,24.258726120,0,-0.000000155,-0.000109127,0.033332977
783,0.000017166,-0.600331664,-0.704214096,1,1,1,0.000034480,0.000000000,-1.999989510,24.273832321,0,-0.000000180,-0.000109127,0.033332977
784,0.000015259,-0.600332677,-0.670658112,1,1,1,0.000034611,0.000000000,-1.999989510,24.288938522,0,-0.000000182,-0.000109127,0.033332977
785,0.000017166,-0.600333512,-0.637104034,1,1,1,0.000034744,0.000000000,-1.999989510,24.304044724,0,-0.000000184,-0.000109127,0.033332977
786,0.000017166,-0.600334227,-0.603551865,1,1,1,0.000034880,0.000000000,-1.999989510,24.319036484,0,-0.000000186,-0.000109127,0.033332977
787,0.000017166,-0.600335121,-0.569992065,1,1,1,0.000036434,0.000000000,-1.999989510,24.334028244,0,-0.000000212,-0.000109127,0.033332977
788,0.000019073,-0.600335777,-0.536437035,1,1,1,0.000036596,0.000000000,-1.999989510,24.349134445,0,-0.000000215,-0.000109127,0.033332977
789,0.000019073,-0.600336671,-0.502881050,1,1,1,0.000036762,0.000000000,-1.999989510,24.364011765,0,-0.000000218,-0.000109127,0.033332977
790,0.000020981,-0.600337684,-0.469326973,1,1,1,0.000038401,0.000000000,-1.999989510,24.379003525,0,-0.000000245,-0.000109127,0.033332977
791,0.000019073,-0.600338399,-0.435771942,1,1,1,0.000038595,0.000000000,-1.999989510,24.393938065,0,-0.000000248,-0.000109127,0.033332977
792,0.000020981,-0.600339055,-0.402216911,1,1,1,0.000038794,0.000000000,-1.999989510,24.408815384,0,-0.000000251,-0.000109127,0.033332977
793,0.000020981,-0.600339949,-0.368663788,1,1,1,0.000038998,0.000000000,-1.999989510,24.423692703,0,-0.000000255,-0.000109127,0.033332977
794,0.000020981,-0.600340843,-0.335109711,1,1,1,0.000040758,0.000000000,-1.999989510,24.438570023,0,-0.000000284,-0.000109127,0.033332977
795,0.000020981,-0.600341499,-0.301557541,1,1,1,0.000039424,0.000000000,-1.999989510,24.453390121,0,-0.000000262,-0.000109127,0.033332977
796,0.000022888,-0.600342333,-0.268005371,1,1,1,0.000041240,0.000000000,-1.999989510,24.468153000,0,-0.000000292,-0.000109127,0.033332977
797,0.000020981,-0.600343227,-0.234453201,1,1,1,0.000041491,0.000000000,-1.999989510,24.482915878,0,-0.000000296,-0.000109127,0.033332977
798,0.000022888,-0.600344002,-0.200900078,1,1,1,0.000041749,0.000000000,-1.999989510,24.497678757,0,-0.000000301,-0.000109127,0.033332977
799,0.000022888,-0.600344777,-0.167348862,1,1,1,0.000042015,0.000000000,-1.999989510,24.512441635,0,-0.000000305,-0.000109127,0.033332977
800,0.000022888,-0.600345552,-0.133798599,1,1,1,0.000043978,0.000000000,-1.999989510,24.527147293,0,-0.000000338,-0.000109127,0.033332977
801,0.000022888,-0.600346327,-0.100248337,1,1,1,0.000042571,0.000000000,-1.999989510,24.541795731,0,-0.000000314,-0.000109127,0.033332977
802,0.000024796,-0.600347102,-0.066698074,1,1,1,0.000044604,0.000000000,-1.999989510,24.556444168,0,-0.000000348,-0.000109127,0.033332977
803,0.000024796,-0.600348055,-0.033148766,1,1,1,0.000046700,0.000000000,-1.999989510,24.571092606,0,-0.000000383,-0.000109127,0.033332977
804,0.000024796,-0.600348711,0.000401497,1,1,1,0.000045269,0.000000000,-1.999989510,24.585683823,0,-0.000000359,-0.000109127,0.033332977
805,0.000026703,-0.600349545,0.033949852,1,1,1,0.000047443,0.000000000,-1.999989510,24.600275040,0,-0.000000396,-0.000109127,0.033332977
806,0.000024796,-0.600350440,0.067498207,1,1,1,0.000047833,0.000000000,-1.999989510,24.614809036,0,-0.000000402,-0.000109127,0.033332977
807,0.000026703,-0.600351095,0.101046562,1,1,1,0.000048237,0.000000000,-1.999989510,24.629343033,0,-0.000000409,-0.000109127,0.033332977
808,0.000026703,-0.600351870,0.134592056,1,1,1,0.000048654,0.000000000,-1.999989510,24.643877029,0,-0.000000416,-0.000109127,0.033332977
809,0.000026703,-0.600352883,0.168139458,1,1,1,0.000051037,0.000000000,-1.999989510,24.658325195,0,-0.000000456,-0.000109127,0.033332977
810,0.000026703,-0.600353599,0.201685905,1,1,1,0.000049531,0.000000000,-1.999989510,24.672801971,0,-0.000000430,-0.000109127,0.033332977
811,0.000028610,-0.600354373,0.235231400,1,1,1,0.000052016,0.000000000,-1.999989510,24.687221527,0,-0.000000472,-0.000109127,0.033332977
812,0.000028610,-0.600355089,0.268777370,1,1,1,0.000054591,0.000000000,-1.999989510,24.701641083,0,-0.000000515,-0.000109127,0.033332977
813,0.000028610,-0.600355804,0.302322388,1,1,1,0.000053067,0.000000000,-1.999989510,24.716032028,0,-0.000000489,-0.000109127,0.033332977
814,0.000028610,-0.600356579,0.335867405,1,1,1,0.000055760,0.000000000,-1.999989510,24.730394363,0,-0.000000534,-0.000109127,0.033332977
815,0.000028610,-0.600357473,0.369411469,1,1,1,0.000054200,0.000000000,-1.999989510,24.744728088,0,-0.000000508,-0.000109127,0.033332977
816,0.000030518,-0.600358129,0.402955532,1,1,1,0.000057020,0.000000000,-1.999989510,24.759033203,0,-0.000000555,-0.000109127,0.033332977
817,0.000028610,-0.600359023,0.436498642,1,1,1,0.000057689,0.000000000,-1.999989510,24.773338318,0,-0.000000566,-0.000109127,0.033332977
818,0.000030518,-0.600359797,0.470042706,1,1,1,0.000058384,0.000000000,-1.999989510,24.787586212,0,-0.000000578,-0.000109127,0.033332977
819,0.000030518,-0.600360572,0.503585100,1,1,1,0.000059109,0.000000000,-1.999989510,24.801834106,0,-0.000000590,-0.000109127,0.033332977
820,0.000030518,-0.600361347,0.537127256,1,1,1,0.000062275,0.000000000,-1.999989510,24.816053391,0,-0.000000643,-0.000109127,0.033332977
821,0.000032425,-0.600362182,0.570669651,1,1,1,0.000063116,0.000000000,-1.999989510,24.830244064,0,-0.000000657,-0.000109127,0.033332977
822,0.000032425,-0.600362957,0.604211092,1,1,1,0.000063995,0.000000000,-1.999989510,24.844421387,0,-0.000000672,-0.000109127,0.033332977
823,0.000032425,-0.600363493,0.637752414,1,1,1,0.000067489,0.000000000,-1.999989510,24.858568192,0,-0.000000730,-0.000109127,0.033332977
824,0.000032425,-0.600364387,0.671293139,1,1,1,0.000065875,0.000000000,-1.999989510,24.872695923,0,-0.000000703,-0.000109127,0.033332977
825,0.000030518,-0.600365222,0.704833508,1,1,1,0.000069581,0.000000000,-1.999989510,24.886793137,0,-0.000000765,-0.000109127,0.033332977
826,0.000118256,-0.607912362,0.718584061,1,1,1,0.000513089,0.000000000,-1.999951363,24.900873184,0,-0.000004091,0.000231891,0.033331722
827,0.000080109,-0.605088353,0.751963556,1,1,1,0.000834425,0.000000000,-1.999716163,23.735006332,0,-0.000006438,0.000561155,0.033323888
828,0.000043869,-0.602790952,0.785389543,1,1,1,0.000926406,0.000000000,-1.999283671,23.737964630,0,-0.000005682,0.000891617,0.033309471
829,0.000013351,-0.600381732,0.818904340,1,1,1,0.000978141,0.000000000,-1.998651385,23.739225388,0,-0.000004808,0.001222941,0.033288408
830,-0.000017166,-0.597828090,0.852500916,1,1,1,0.001005693,0.000000000,-1.997818112,23.741437912,0,-0.000003959,0.001554792,0.033260655
831,-0.000041962,-0.595113099,0.886171103,1,1,1,0.001011927,0.000000000,-1.996782899,23.744613647,0,-0.000003084,0.001886855,0.033226188
832,-0.000072479,-0.592198670,0.919906139,1,1,1,0.000997943,0.000000000,-1.995544195,23.748710632,0,-0.000002129,0.002218836,0.033184979
833,-0.000089645,-0.589080036,0.953695416,1,1,1,0.000979467,0.000000000,-1.994102240,23.753671646,0,-0.000001296,0.002550468,0.033137035
834,-0.000110626,-0.585747600,0.987529993,1,1,1,0.000949635,0.000000000,-1.992456198,23.759414673,0,-0.000000427,0.002881518,0.033082351
835,-0.000118256,-0.582199872,1.021398067,1,1,1,0.000933969,0.000000000,-1.990606070,23.765861511,0,0.000000090,0.003211779,0.033020940
836,-0.000133514,-0.578436375,1.055290699,1,1,1,0.000907626,0.000000000,-1.988551140,23.772922516,0,0.000000698,0.003541070,0.032952815
837,-0.000066757,-0.576187730,1.088470221,1,1,1,0.001235639,0.000000000,-1.986460209,23.780553818,0,-0.000001153,0.003845912,0.032883536
838,-0.000188828,-0.574842095,1.121209383,1,1,1,0.001102129,0.000000000,-1.984439850,23.739116669,0,0.000000625,0.004117611,0.032816686
839,-0.000183105,-0.571228325,1.154737473,1,1,1,0.000824888,0.000000000,-1.982254863,23.667499542,0,0.000004967,0.004391215,0.032744449
840,-0.000183105,-0.567521214,1.188300848,1,1,1,0.000803625,0.000000000,-1.979897618,23.652734756,0,0.000005206,0.004666809,0.032666624
841,-0.000196457,-0.569714189,1.222116470,1,1,1,0.000727785,0.000000000,-1.977925539,23.640569687,0,0.000006238,0.004884260,0.032601591
842,-0.000200272,-0.572474957,1.255935192,1,1,1,0.000614956,0.000000000,-1.976375103,23.616327286,0,0.000007838,0.005047974,0.032550491
843,-0.000196457,-0.575641215,1.289750099,1,1,1,0.000511103,0.000000000,-1.975249290,23.595157623,0,0.000009283,0.005163164,0.032513421
844,-0.000291824,-0.579754651,1.323234081,1,1,1,-0.000072943,0.000000000,-1.974611044,23.577402115,0,0.000014922,0.005227244,0.032492399
845,-0.000238419,-0.586538255,1.355525494,1,1,1,-0.000514391,0.000000000,-1.974708438,23.541868210,0,0.000019325,0.005217506,0.032495603
846,-0.000186920,-0.590011358,1.389297009,1,1,1,-0.000529427,0.000000000,-1.975014091,23.435190201,0,0.000017251,0.005186842,0.032505680
847,-0.000141144,-0.593251169,1.423059940,1,1,1,-0.000516574,0.000000000,-1.975477338,23.428472519,0,0.000015228,0.005140119,0.032520909
848,-0.000099182,-0.596190691,1.456816673,1,1,1,-0.000483077,0.000000000,-1.976047754,23.423128128,0,0.000013280,0.005081790,0.032539699
849,-0.000062943,-0.598785043,1.490569592,1,1,1,-0.000420890,0.000000000,-1.976683736,23.418567657,0,0.000011194,0.005015833,0.032560665
850,-0.000026703,-0.601006985,1.524319172,1,1,1,-0.000337170,0.000000000,-1.977350235,23.414331436,0,0.000009022,0.004945728,0.032582618
851,0.000000000,-0.602840662,1.558068752,1,1,1,-0.000252538,0.000000000,-1.978016853,23.410087585,0,0.000007052,0.004874428,0.032604601
852,0.000030518,-0.604290605,1.591816902,1,1,1,-0.000136364,0.000000000,-1.978662014,23.405521393,0,0.000004727,0.004804384,0.032625854
853,0.000045776,-0.605365753,1.625568390,1,1,1,-0.000044912,0.000000000,-1.979267359,23.400505066,0,0.000002948,0.004737547,0.032645822
854,0.000057220,-0.605818510,1.659310341,1,1,1,0.000021238,0.000000000,-1.980058908,23.394966125,0,0.000001637,0.004648538,0.032671947
855,0.000070572,-0.606283426,1.693067551,1,1,1,0.000058197,0.000000000,-1.981000185,23.387624741,0,0.000000862,0.004540197,0.032703016
856,0.000076294,-0.606767297,1.726838112,1,1,1,0.000087345,0.000000000,-1.982058764,23.380556107,0,0.000000264,0.004414863,0.032737970
857,0.000083923,-0.607199669,1.760166168,1,1,1,0.000128916,0.000000000,-1.983185291,23.373781204,0,-0.000000476,0.004277042,0.032775201
858,0.000091553,-0.607665420,1.793511391,1,1,1,0.000206801,0.000000000,-1.984360218,23.339956284,0,-0.000001770,0.004127925,0.032814056
859,0.000091553,-0.608192205,1.826869965,1,1,1,0.000271123,0.000000000,-1.985568285,23.306892395,0,-0.000002799,0.003968302,0.032854021
860,0.000093460,-0.608804226,1.860243797,1,1,1,0.000329163,0.000000000,-1.986797094,23.274583817,0,-0.000003698,0.003798605,0.032894682
861,0.000091553,-0.609534502,1.893629074,1,1,1,0.000392079,0.000000000,-1.988034964,23.243202209,0,-0.000004666,0.003618943,0.032935694
862,0.000089645,-0.610407829,1.927027702,1,1,1,0.000477876,0.000000000,-1.989273667,23.212810516,0,-0.000006014,0.003429158,0.032976743
863,0.000085831,-0.611454964,1.960433960,1,1,1,0.000576776,0.000000000,-1.990504503,23.183519363,0,-0.000007592,0.003228869,0.033017579
864,0.000087738,-0.612264752,1.927769661,1,1,1,0.000016031,0.000000000,1.991719723,23.154745102,0,-0.000002338,-0.003017507,-0.033057898
865,0.000089645,-0.613256454,1.895025253,1,1,1,0.000018647,0.000000000,1.992909670,23.126743317,0,-0.000002402,-0.002794390,-0.033097405
866,0.000093460,-0.614437819,1.862202644,1,1,1,0.000023322,0.000000000,1.994063854,23.099708557,0,-0.000002460,-0.002558718,-0.033135757
867,0.000091553,-0.615820050,1.829295158,1,1,1,0.000023982,0.000000000,1.995169878,23.073671341,0,-0.000002405,-0.002309644,-0.033172529
868,0.000099182,-0.615916252,1.796368599,1,1,1,0.000024657,0.000000000,1.996164799,23.048612595,0,-0.000002386,-0.002059311,-0.033205625
869,0.000104904,-0.616004229,1.763369560,1,1,1,0.000024409,0.000000000,1.997047901,23.024036407,0,-0.000002376,-0.001807714,-0.033235010
870,0.000102997,-0.616040230,1.729838371,1,1,1,0.000019912,0.000000000,1.997814655,23.000623703,0,-0.000002277,-0.001556120,-0.033260532
871,0.000102997,-0.616056442,1.696241379,1,1,1,0.000011928,0.000000000,1.998465300,22.950590134,0,-0.000002102,-0.001304588,-0.033282202
872,0.000099182,-0.616032243,1.662579536,1,1,1,0.000002907,0.000000000,1.999000549,22.901849747,0,-0.000001891,-0.001053178,-0.033300027
873,0.000093460,-0.615981102,1.628864288,1,1,1,-0.000009667,0.000000000,1.999420881,22.854280472,0,-0.000001605,-0.000801945,-0.033314031
874,0.000089645,-0.615900755,1.595092773,1,1,1,-0.000021613,0.000000000,1.999726772,22.807989120,0,-0.000001311,-0.000550949,-0.033324227
875,0.000091553,-0.615793467,1.561269760,1,1,1,-0.000032888,0.000000000,1.999919176,22.762956619,0,-0.000001010,-0.000300247,-0.033330631
876,0.000085831,-0.615658283,1.527402878,1,1,1,-0.000046883,0.000000000,1.999997854,22.719110489,0,-0.000000647,-0.000049894,-0.033333257
877,0.000083923,-0.615496874,1.493492126,1,1,1,-0.000061034,0.000000000,1.999963760,22.676429749,0,-0.000000265,0.000200052,-0.033332136
878,0.000080109,-0.615309000,1.459545135,1,1,1,-0.000077061,0.000000000,1.999818087,22.635036469,0,0.000000166,0.000449537,-0.033327274
879,0.000076294,-0.615095377,1.425559998,1,1,1,-0.000093219,0.000000000,1.999560833,22.594915390,0,0.000000616,0.000698505,-0.033318691
880,0.000070572,-0.614856482,1.391544342,1,1,1,-0.000111255,0.000000000,1.999192476,22.555986404,0,0.000001115,0.000946903,-0.033306412
881,0.000070572,-0.614597797,1.357501984,1,1,1,-0.000128502,0.000000000,1.998713493,22.518314362,0,0.000001617,0.001194677,-0.033290461
882,0.000066757,-0.614309788,1.323434830,1,1,1,-0.000148516,0.000000000,1.998124599,22.481855392,0,0.000002181,0.001441772,-0.033270855
883,0.000068665,-0.613996983,1.289346695,1,1,1,-0.000166790,0.000000000,1.997426987,22.446678162,0,0.000002733,0.001688139,-0.033247616
884,0.000064850,-0.613664389,1.255247116,1,1,1,-0.000187834,0.000000000,1.996620417,22.412677765,0,0.000003347,0.001933723,-0.033220775
885,0.000059128,-0.613305092,1.221130371,1,1,1,-0.000209837,0.000000000,1.995705605,22.379980087,0,0.000003994,0.002178474,-0.033190351
886,0.000055313,-0.612923622,1.187005997,1,1,1,-0.000232795,0.000000000,1.994683981,22.348590851,0,0.000004672,0.002422342,-0.033156361
887,0.000049591,-0.612520695,1.152872086,1,1,1,-0.000256700,0.000000000,1.993555069,22.318359375,0,0.000005382,0.002665274,-0.033118844
888,0.000045776,-0.612096786,1.118743896,1,1,1,-0.000281546,0.000000000,1.992319584,22.289312363,0,0.000006123,0.002907224,-0.033077817
889,0.000043869,-0.611649513,1.084608078,1,1,1,-0.000307327,0.000000000,1.990978956,22.261587143,0,0.000006895,0.003148142,-0.033033308
890,0.000040054,-0.611182690,1.050481796,1,1,1,-0.000333071,0.000000000,1.989532948,22.235136032,0,0.000007681,0.003387980,-0.032985348
891,0.000036240,-0.610696793,1.016363144,1,1,1,-0.000359721,0.000000000,1.987982512,22.209859848,0,0.000008498,0.003626690,-0.032933962
892,0.000032425,-0.610190392,0.982259750,1,1,1,-0.000387269,0.000000000,1.986328363,22.185878754,0,0.000009344,0.003864226,-0.032879181
893,0.000030518,-0.609662533,0.948169708,1,1,1,-0.000416699,0.000000000,1.984570980,22.163089752,0,0.000010237,0.004100541,-0.032821026
894,0.000026703,-0.609963894,0.914089203,1,1,1,-0.000446032,0.000000000,1.982711315,22.141605377,0,0.000011142,0.004335590,-0.032759532
895,0.000026703,-0.608551502,0.880046844,1,1,1,-0.000475233,0.000000000,1.980749369,22.121356964,0,0.000012059,0.004569329,-0.032694735
896,0.000024796,-0.608371735,0.846021652,1,1,1,-0.000504270,0.000000000,1.978685856,22.102285385,0,0.000012987,0.004801711,-0.032626659
897,0.000022888,-0.607907295,0.812025070,1,1,1,-0.000534133,0.000000000,1.976521730,22.084440231,0,0.000013943,0.005032697,-0.032555334
898,0.000020981,-0.607250214,0.778062820,1,1,1,-0.000565850,0.000000000,1.974257708,22.067882538,0,0.000014944,0.005262241,-0.032480787
899,0.000019073,-0.606300354,0.744134903,1,1,1,-0.000598397,0.000000000,1.971894503,22.052488327,0,0.000015971,0.005490300,-0.032403063
900,0.000019073,-0.606082439,0.710245132,1,1,1,-0.000631766,0.000000000,1.969431639,22.038372040,0,0.000017026,0.005716834,-0.032322187
901,0.000202179,-0.630468845,0.608701706,1,1,1,-0.001042172,0.000000000,1.976708293,22.025529861,0,0.000008553,0.005013280,-0.032561470
902,0.000175476,-0.618981838,0.575187683,1,1,1,-0.001429789,0.000000000,1.982055545,18.085412979,0,0.000002065,0.004415143,-0.032737892
903,0.000165939,-0.610846043,0.540727615,1,1,1,-0.001952857,0.000000000,1.986383557,18.091190338,0,-0.000001371,0.003856459,-0.032881029
904,0.000209808,-0.603880405,0.506166458,1,1,1,-0.002566068,0.000000000,1.990032077,18.053342819,0,-0.000005056,0.003307011,-0.033001956
905,0.000228882,-0.597851276,0.472311020,1,1,1,-0.003138625,0.000000000,1.993146658,18.014682770,0,-0.000008375,0.002747168,-0.033105370
906,0.000234604,-0.592322826,0.438285828,1,1,1,-0.003736742,0.000000000,1.995774746,18.020170212,0,-0.000010772,0.002160105,-0.033192754
907,0.000232697,-0.586800814,0.404230118,1,1,1,-0.004349185,0.000000000,1.997856498,18.013450623,0,-0.000012852,0.001539544,-0.033262074
908,0.000219345,-0.581022024,0.370233536,1,1,1,-0.004986753,0.000000000,1.999287486,18.001205444,0,-0.000014566,0.000885586,-0.033309788
909,0.000194550,-0.574937463,0.336336136,1,1,1,-0.005655393,0.000000000,1.999956369,17.987115860,0,-0.000015893,0.000199120,-0.033332147
910,0.000164032,-0.568535089,0.302570343,1,1,1,-0.006362676,0.000000000,1.999748230,17.970989227,0,-0.000016748,-0.000518223,-0.033325270
911,0.000127792,-0.561786294,0.268978119,1,1,1,-0.007110969,0.000000000,1.998546481,17.953077316,0,-0.000017104,-0.001264137,-0.033285316
912,0.000089645,-0.554658294,0.235597610,1,1,1,-0.007898756,0.000000000,1.996237278,17.932935715,0,-0.000016977,-0.002035708,-0.033208542
913,0.000047684,-0.547136307,0.202463150,1,1,1,-0.008735766,0.000000000,1.992709517,17.910825729,0,-0.000016185,-0.002829492,-0.033091396
914,-0.000001907,-0.539227247,0.169631958,1,1,1,-0.009622192,0.000000000,1.987858772,17.886083603,0,-0.000014691,-0.003641597,-0.032930631
915,-0.000051498,-0.530923367,0.137142181,1,1,1,-0.010559887,0.000000000,1.981587768,17.858318329,0,-0.000012427,-0.004467768,-0.032723341
916,-0.000356674,-0.530981064,0.105960846,1,1,1,-0.011452603,0.000000000,1.975160003,17.828218460,0,-0.000006607,-0.005168830,-0.032511573
917,-0.000604630,-0.534682751,0.075500488,1,1,1,-0.012301043,0.000000000,1.969470620,17.732229233,0,0.000001601,-0.005709943,-0.032324713
918,-0.000896454,-0.571451426,0.024608612,1,1,1,-0.012520710,0.000000000,1.973191738,17.627437592,0,0.000005750,-0.005362674,-0.032447021
919,-0.001050949,-0.575375080,-0.006561279,1,1,1,-0.012761760,0.000000000,1.975368381,16.054258347,0,0.000010234,-0.005146962,-0.032518685
920,-0.001182556,-0.577144623,-0.037471771,1,1,1,-0.012912729,0.000000000,1.977082849,16.050111771,0,0.000013167,-0.004969524,-0.032575205
921,-0.001283646,-0.579676628,-0.068527222,1,1,1,-0.013031053,0.000000000,1.978864670,16.071817398,0,0.000016149,-0.004777360,-0.032633960
922,-0.001361847,-0.582888126,-0.099704742,1,1,1,-0.013119937,0.000000000,1.980871677,16.085910797,0,0.000018503,-0.004550109,-0.032700196
923,-0.001440048,-0.601892233,-0.146518707,1,1,1,-0.013321843,0.000000000,1.981862426,16.098190308,0,0.000020474,-0.004432994,-0.032732971
924,-0.001483917,-0.602369785,-0.178470612,1,1,1,-0.013496547,0.000000000,1.983102441,15.173456192,0,0.000022021,-0.004281604,-0.032773979
925,-0.001516342,-0.602284193,-0.210071564,1,1,1,-0.013613807,0.000000000,1.984539032,15.152993202,0,0.000022951,-0.004098692,-0.032821491
926,-0.001539230,-0.602125168,-0.241744995,1,1,1,-0.013694424,0.000000000,1.986099243,15.157882690,0,0.000023517,-0.003889442,-0.032873139
927,-0.001554489,-0.601895809,-0.273513794,1,1,1,-0.013755296,0.000000000,1.987720966,15.162768364,0,0.000023932,-0.003658362,-0.032926857
928,-0.001564026,-0.601600170,-0.305377960,1,1,1,-0.013800018,0.000000000,1.989351511,15.168375969,0,0.000024205,-0.003409286,-0.032980904
929,-0.001565933,-0.601247668,-0.337341309,1,1,1,-0.013829543,0.000000000,1.990946889,15.174996376,0,0.000024321,-0.003145378,-0.033033833
930,-0.001564026,-0.600850582,-0.369396210,1,1,1,-0.013851798,0.000000000,1.992473245,15.182822227,0,0.000024387,-0.002869165,-0.033084504
931,-0.001537323,-0.600417733,-0.401782990,1,1,1,-0.013759592,0.000000000,1.993901014,15.191978455,0,0.000024300,-0.002583222,-0.033131916
932,-0.001510620,-0.600034833,-0.434497833,1,1,1,-0.013648579,0.000000000,1.995203376,15.188632965,0,0.000023817,-0.002290467,-0.033175193
933,-0.001480103,-0.599635839,-0.467296600,1,1,1,-0.013541160,0.000000000,1.996368527,15.173293114,0,0.000023314,-0.001991531,-0.033213913
934,-0.001453400,-0.599237323,-0.500179291,1,1,1,-0.013440691,0.000000000,1.997386336,15.159688950,0,0.000022852,-0.001686605,-0.033247765
935,-0.001428604,-0.598856211,-0.533161163,1,1,1,-0.013345524,0.000000000,1.998248935,15.147742271,0,0.000022412,-0.001375508,-0.033276469
936,-0.001398087,-0.598506331,-0.566223145,1,1,1,-0.013252020,0.000000000,1.998947740,15.137063026,0,0.000021942,-0.001057749,-0.033299729
937,-0.001373291,-0.598207831,-0.599372864,1,1,1,-0.013164924,0.000000000,1.999473333,15.127409935,0,0.000021533,-0.000732599,-0.033317219
938,-0.001344681,-0.597952843,-0.632595062,1,1,1,-0.013080337,0.000000000,1.999813557,15.118941307,0,0.000021134,-0.000399153,-0.033328548
939,-0.001317978,-0.597760558,-0.665912628,1,1,1,-0.012997673,0.000000000,1.999954820,15.111309052,0,0.000020748,-0.000056390,-0.033333231
940,-0.001293182,-0.597636938,-0.699295044,1,1,1,-0.012923636,0.000000000,1.999879003,15.104351044,0,0.000020503,0.000296767,-0.033330686
941,-0.001268387,-0.597338200,-0.732673645,1,1,1,-0.012851708,0.000000000,1.999572396,15.097658157,0,0.000020285,0.000655248,-0.033320446
942,-0.001239777,-0.596882820,-0.766094208,1,1,1,-0.012785129,0.000000000,1.999031305,15.096714973,0,0.000020133,0.001014682,-0.033302408
943,-0.001220703,-0.596436977,-0.800018311,1,1,1,-0.012728138,0.000000000,1.998259187,15.097735405,0,0.000020211,0.001373045,-0.033276673
944,-0.001199722,-0.595941782,-0.833965302,1,1,1,-0.012677221,0.000000000,1.997256637,15.072870255,0,0.000020458,0.001730175,-0.033243284
945,-0.001178741,-0.595409393,-0.867942810,1,1,1,-0.012626334,0.000000000,1.996024728,15.049831390,0,0.000020773,0.002085910,-0.033202287
946,-0.001161575,-0.594834328,-0.901939392,1,1,1,-0.012581467,0.000000000,1.994565606,15.028830528,0,0.000021256,0.002440093,-0.033153743
947,-0.001138687,-0.594221592,-0.935939789,1,1,1,-0.012536651,0.000000000,1.992879748,15.009431839,0,0.000021805,0.002792565,-0.033097714
948,-0.001117706,-0.593569756,-0.969947815,1,1,1,-0.012489683,0.000000000,1.990968585,14.992078781,0,0.000022383,0.003143171,-0.033034258
949,-0.001094818,-0.592882156,-1.003936768,1,1,1,-0.012442464,0.000000000,1.988833785,14.976535797,0,0.000023021,0.003491761,-0.032963451
950,-0.001079559,-0.592155933,-1.037925720,1,1,1,-0.012405816,0.000000000,1.986476541,14.962818146,0,0.000023898,0.003838184,-0.032885361
951,-0.001050949,-0.591397285,-1.071884155,1,1,1,-0.012360192,0.000000000,1.983898401,14.950893402,0,0.000024687,0.004182290,-0.032800049
952,-0.001029968,-0.590602875,-1.105819702,1,1,1,-0.012318565,0.000000000,1.981100917,14.940994263,0,0.000025603,0.004523936,-0.032707598
953,-0.001008987,-0.590358734,-1.139720917,1,1,1,-0.012281077,0.000000000,1.978085399,14.932860374,0,0.000026647,0.004862977,-0.032608088
954,-0.000988007,-0.589760780,-1.173576355,1,1,1,-0.012245518,0.000000000,1.974852681,14.926282883,0,0.000027782,0.005199273,-0.032501597
955,-0.000963211,-0.588782310,-1.207378387,1,1,1,-0.012207014,0.000000000,1.971404672,14.921706200,0,0.000028925,0.005532684,-0.032388207
956,-0.000944138,-0.587520599,-1.241130829,1,1,1,-0.012172691,0.000000000,1.967743397,14.919110298,0,0.000030193,0.005863077,-0.032268003
957,-0.000921249,-0.586843491,-1.274814606,1,1,1,-0.012140172,0.000000000,1.963869810,14.918047905,0,0.000031546,0.006190315,-0.032141071
958,-0.000900269,-0.585830688,-1.308422089,1,1,1,-0.012109461,0.000000000,1.959784627,14.918721199,0,0.000032982,0.006514269,-0.032007515
959,-0.000875473,-0.584486961,-1.341953278,1,1,1,-0.012077888,0.000000000,1.955490947,14.921352386,0,0.000034456,0.006834812,-0.031867407
960,-0.000858307,-0.587021828,-1.375156403,1,1,1,-0.012055720,0.000000000,1.951532125,14.925700188,0,0.000035351,0.007114562,-0.031738501
961,-0.000848770,-0.591933250,-1.408710480,1,1,1,-0.012068131,0.000000000,1.948119879,14.941217422,0,0.000036254,0.007344843,-0.031627629
962,-0.000827789,-0.595234871,-1.441848755,1,1,1,-0.012092955,0.000000000,1.945333362,14.956759453,0,0.000036811,0.007526210,-0.031537216
963,-0.000806808,-0.599912643,-1.475315094,1,1,1,-0.012101989,0.000000000,1.943220615,14.977136612,0,0.000036578,0.007659951,-0.031468768
964,-0.000785828,-0.602893829,-1.508350372,1,1,1,-0.012120081,0.000000000,1.941805601,15.002028465,0,0.000036007,0.007747889,-0.031422935
965,-0.000360489,-0.607713699,-1.542572021,1,1,1,-0.011021202,0.000000000,1.941417694,15.031254768,0,0.000019095,0.007772114,-0.031410202
966,-0.000986099,-0.612916946,-1.577308655,1,1,1,-0.011573642,0.000000000,1.942109823,14.999629021,0,0.000024438,0.007729281,-0.031432699
967,-0.000888824,-0.614366531,-1.610240936,1,1,1,-0.012736807,0.000000000,1.943277478,14.944754601,0,0.000040342,0.007656178,-0.031470720
968,-0.000810623,-0.613678932,-1.643203735,1,1,1,-0.012693034,0.000000000,1.944880724,14.980456352,0,0.000036368,0.007554893,-0.031522669
969,-0.000745773,-0.614902496,-1.676174164,1,1,1,-0.012677171,0.000000000,1.946859479,15.015298843,0,0.000032995,0.007427371,-0.031586841
970,-0.000852585,-0.626898766,-1.719093323,1,1,1,-0.013143657,0.000000000,1.951013327,15.048834801,0,0.000034955,0.007149709,-0.031721856
971,-0.000770569,-0.624459267,-1.753215790,1,1,1,-0.013584304,0.000000000,1.955183625,14.585336685,0,0.000036905,0.006856326,-0.031857718
972,-0.000713348,-0.622257233,-1.787471771,1,1,1,-0.013658814,0.000000000,1.959348202,14.544077873,0,0.000032941,0.006546976,-0.031993587
973,-0.000669479,-0.620002747,-1.821807861,1,1,1,-0.013789072,0.000000000,1.963477015,14.497850418,0,0.000029971,0.006221441,-0.032128587
974,-0.000637054,-0.616638184,-1.856220245,1,1,1,-0.013962431,0.000000000,1.967542768,14.450515747,0,0.000027689,0.005879527,-0.032261811
975,-0.000644684,-0.614006042,-1.890079498,1,1,1,-0.014257682,0.000000000,1.971513510,14.402039528,0,0.000026808,0.005521262,-0.032392230
976,-0.000612259,-0.613502502,-1.923892975,1,1,1,-0.014558507,0.000000000,1.975535393,14.388709068,0,0.000025866,0.005128726,-0.032524586
977,-0.000595093,-0.612816334,-1.957775116,1,1,1,-0.014796047,0.000000000,1.979533434,14.389475822,0,0.000023676,0.004701616,-0.032656424
978,-0.000581741,-0.611893177,-1.991722107,1,1,1,-0.015077276,0.000000000,1.983423233,14.386005402,0,0.000022003,0.004240097,-0.032784950
979,-0.000560760,-0.610515594,-2.025199890,1,1,1,-0.015287323,0.000000000,1.986862779,14.377436638,0,0.000020509,0.003780944,-0.032898799
980,-0.000547409,-0.609008312,-2.058578491,1,1,1,-0.015425740,0.000000000,1.989644647,14.395720482,0,0.000019110,0.003360512,-0.032991018
981,-0.000530243,-0.607730389,-2.091857910,1,1,1,-0.015538223,0.000000000,1.991871595,14.420208931,0,0.000018282,0.002978972,-0.033064943
982,-0.000528336,-0.606696129,-2.125049591,1,1,1,-0.015677584,0.000000000,1.993639708,14.450521469,0,0.000018674,0.002635093,-0.033123698
983,-0.000524521,-0.605889559,-2.158149719,1,1,1,-0.015809176,0.000000000,1.995035648,14.485733032,0,0.000019522,0.002326553,-0.033170145
984,-0.000802994,-0.600730896,-2.196968079,1,1,1,-0.017157283,0.000000000,1.995464325,14.525016785,0,0.000038641,0.002220414,-0.033184744
985,-0.000682831,-0.602656126,-2.230110168,1,1,1,-0.018202407,0.000000000,1.995893836,14.217717171,0,0.000053963,0.002109002,-0.033199314
986,-0.000625610,-0.604502439,-2.263179779,1,1,1,-0.017927997,0.000000000,1.996345758,14.255300522,0,0.000047707,0.001988323,-0.033214275
987,-0.000585556,-0.606123209,-2.296230316,1,1,1,-0.017946061,0.000000000,1.996802211,14.297976494,0,0.000046588,0.001857454,-0.033229478
988,-0.000553131,-0.607476234,-2.329261780,1,1,1,-0.018001050,0.000000000,1.997259617,14.340991020,0,0.000046246,0.001715967,-0.033244729
989,-0.000520706,-0.608532190,-2.362281799,1,1,1,-0.018085990,0.000000000,1.997711062,14.384085655,0,0.000046501,0.001563811,-0.033259779
990,-0.000494003,-0.609273195,-2.395282745,1,1,1,-0.018218439,0.000000000,1.998145700,14.426764488,0,0.000047613,0.001401244,-0.033274289
991,-0.000463486,-0.609682083,-2.428272247,1,1,1,-0.018342637,0.000000000,1.998554468,14.468747139,0,0.000048638,0.001228778,-0.033287935
992,-0.000429153,-0.609779358,-2.461223602,1,1,1,-0.018438209,0.000000000,1.998927236,14.509683609,0,0.000049237,0.001047111,-0.033300374
993,-0.000394821,-0.609562993,-2.494163513,1,1,1,-0.018568726,0.000000000,1.999251962,14.549211502,0,0.000050478,0.000857064,-0.033311244
994,-0.000356674,-0.609047771,-2.527061462,1,1,1,-0.018676084,0.000000000,1.999520898,14.587539673,0,0.000051407,0.000659551,-0.033320237
995,-0.000316620,-0.608253598,-2.559932709,1,1,1,-0.018806731,0.000000000,1.999724984,14.624282837,0,0.000052812,0.000455520,-0.033327069
996,-0.000274658,-0.607203126,-2.592773438,1,1,1,-0.018914955,0.000000000,1.999856234,14.659828186,0,0.000053944,0.000245932,-0.033331476
997,-0.000246048,-0.605499864,-2.558979034,1,1,1,0.015596876,0.000000000,-1.999938488,14.693507195,0,0.000001443,-0.000032419,0.033333302
998,-0.000244141,-0.602869153,-2.525192261,1,1,1,0.015569339,0.000000000,-1.999921441,14.721471786,0,0.000001635,0.000140081,0.033332750
999,-0.000244141,-0.600661755,-2.491333008,1,1,1,0.015526311,0.000000000,-1.999873042,14.746120453,0,0.000001829,0.000272475,0.033331107
1000,-0.000236511,-0.598925471,-2.457424164,1,1,1,0.015479025,0.000000000,-1.999818444,14.774045944,0,0.000001937,0.000368109,0.033329267
1001,-0.000238419,-0.597643375,-2.423473358,1,1,1,0.015430635,0.000000000,-1.999773383,14.804362297,0,0.000001984,0.000430865,0.033327762
1002,-0.000238419,-0.596782088,-2.389499664,1,1,1,0.015384354,0.000000000,-1.999746084,14.836066246,0,0.000001977,0.000464938,0.033326849
1003,-0.000238419,-0.596295476,-2.355522156,1,1,1,0.015341210,0.000000000,-1.999738455,14.868383408,0,0.000001940,0.000474641,0.033326574
1004,-0.000240326,-0.596130729,-2.321540833,1,1,1,0.015299316,0.000000000,-1.999747753,14.900559425,0,0.000001935,0.000464241,0.033326868
1005,-0.000244141,-0.596230984,-2.287567139,1,1,1,0.015263908,0.000000000,-1.999768972,14.932732582,0,0.000001891,0.000437836,0.033327579
1006,-0.000242233,-0.596538544,-2.253608704,1,1,1,0.015232588,0.000000000,-1.999798417,14.964302063,0,0.000001860,0.000399259,0.033328552
1007,-0.000242233,-0.596997380,-2.219665527,1,1,1,0.015203578,0.000000000,-1.999830604,14.995241165,0,0.000001872,0.000352000,0.033329617
1008,-0.000240326,-0.597557306,-2.185741425,1,1,1,0.015182619,0.000000000,-1.999861598,15.026062965,0,0.000001833,0.000299171,0.033330649
1009,-0.000238419,-0.598171473,-2.151824951,1,1,1,0.015164392,0.000000000,-1.999889255,15.056392670,0,0.000001825,0.000243469,0.033331554
1010,-0.000240326,-0.598800778,-2.117927551,1,1,1,0.015149445,0.000000000,-1.999911189,15.086556435,0,0.000001833,0.000187178,0.033332285
1011,-0.000238419,-0.599411845,-2.084049225,1,1,1,0.015137457,0.000000000,-1.999926925,15.116641045,0,0.000001855,0.000132167,0.033332814
1012,-0.000236511,-0.599978685,-2.050182343,1,1,1,0.015130741,0.000000000,-1.999936938,15.146713257,0,0.000001843,0.000079918,0.033333145
1013,-0.000234604,-0.600482047,-2.016323090,1,1,1,0.015124592,0.000000000,-1.999941707,15.176589012,0,0.000001869,0.000031545,0.033333309
1014,-0.000232697,-0.600908339,-1.982486725,1,1,1,0.015120435,0.000000000,-1.999942422,15.206750870,0,0.000001899,-0.000012167,0.033333331
1015,-0.000232697,-0.601250052,-1.948650360,1,1,1,0.015117961,0.000000000,-1.999940515,15.236522675,0,0.000001932,-0.000050729,0.033333257
1016,-0.000230789,-0.601504087,-1.914833069,1,1,1,0.015117781,0.000000000,-1.999936223,15.266585350,0,0.000001950,-0.000083900,0.033333123
1017,-0.000225067,-0.601671457,-1.881015778,1,1,1,0.015118728,0.000000000,-1.999931455,15.296705246,0,0.000001967,-0.000111657,0.033332963
1018,-0.000225067,-0.601756573,-1.847209930,1,1,1,0.015122391,0.000000000,-1.999926686,15.326634407,0,0.000001951,-0.000134148,0.033332795
1019,-0.000217438,-0.601766467,-1.813404083,1,1,1,0.015124856,0.000000000,-1.999921918,15.356595993,0,0.000001963,-0.000151657,0.033332646
1020,-0.000215530,-0.601710498,-1.779605865,1,1,1,0.015131509,0.000000000,-1.999918580,15.386575699,0,0.000001908,-0.000164571,0.033332519
1021,-0.000209808,-0.601598024,-1.745815277,1,1,1,0.015134674,0.000000000,-1.999915719,15.416565895,0,0.000001912,-0.000173348,0.033332434
1022,-0.000209808,-0.601440549,-1.712024689,1,1,1,0.015138882,0.000000000,-1.999914289,15.446331978,0,0.000001896,-0.000178487,0.033332378
1023,-0.000205994,-0.601248622,-1.678241730,1,1,1,0.015144021,0.000000000,-1.999913335,15.476327896,0,0.000001862,-0.000180509,0.033332359
1024,-0.000200272,-0.601032734,-1.644462585,1,1,1,0.015148068,0.000000000,-1.999913335,15.506095886,0,0.000001840,-0.000179932,0.033332363
1025,-0.000198364,-0.600803614,-1.610671997,1,1,1,0.015150912,0.000000000,-1.999914289,15.535634041,0,0.000001833,-0.000177262,0.033332396
1026,-0.000194550,-0.600569606,-1.576889038,1,1,1,0.015155442,0.000000000,-1.999915719,15.565401077,0,0.000001792,-0.000172971,0.033332437
1027,-0.000188828,-0.600338817,-1.543102264,1,1,1,0.015157671,0.000000000,-1.999917626,15.594938278,0,0.000001782,-0.000167496,0.033332493
1028,-0.000183105,-0.600118697,-1.509319305,1,1,1,0.015162569,0.000000000,-1.999918938,15.624703407,0,0.000001722,-0.000161229,0.033332556
1029,-0.000179291,-0.599914312,-1.475536346,1,1,1,0.015165132,0.000000000,-1.999921083,15.654240608,0,0.000001695,-0.000154512,0.033332620
1030,-0.000175476,-0.599730492,-1.441749573,1,1,1,0.015168391,0.000000000,-1.999922991,15.683547020,0,0.000001650,-0.000147638,0.033332676
1031,-0.000175476,-0.599570155,-1.407966614,1,1,1,0.015169287,0.000000000,-1.999924421,15.713080406,0,0.000001640,-0.000140850,0.033332743
1032,-0.000171661,-0.599435091,-1.374172211,1,1,1,0.015170935,0.000000000,-1.999926329,15.742383957,0,0.000001613,-0.000134344,0.033332791
1033,-0.000169754,-0.599326670,-1.340389252,1,1,1,0.015170230,0.000000000,-1.999927759,15.771682739,0,0.000001621,-0.000128268,0.033332840
1034,-0.000169754,-0.599244893,-1.306594849,1,1,1,0.015170345,0.000000000,-1.999928713,15.800980568,0,0.000001613,-0.000122732,0.033332884
1035,-0.000165939,-0.599188566,-1.272804260,1,1,1,0.015171365,0.000000000,-1.999930143,15.830275536,0,0.000001588,-0.000117808,0.033332918
1036,-0.000165939,-0.599156439,-1.239017487,1,1,1,0.015171177,0.000000000,-1.999930620,15.859337807,0,0.000001581,-0.000113533,0.033332951
1037,-0.000160217,-0.599146664,-1.205219269,1,1,1,0.015171988,0.000000000,-1.999931574,15.888398170,0,0.000001556,-0.000109919,0.033332974
1038,-0.000158310,-0.599156618,-1.171424866,1,1,1,0.015170539,0.000000000,-1.999932051,15.917455673,0,0.000001568,-0.000106956,0.033332992
1039,-0.000156403,-0.599184275,-1.137630463,1,1,1,0.015170157,0.000000000,-1.999932528,15.946513176,0,0.000001562,-0.000104614,0.033333011
1040,-0.000150681,-0.599225938,-1.103851318,1,1,1,0.015172037,0.000000000,-1.999933004,15.975568771,0,0.000001519,-0.000102849,0.033333015
1041,-0.000148773,-0.599279225,-1.070056915,1,1,1,0.015172838,0.000000000,-1.999933004,16.004394531,0,0.000001495,-0.000101609,0.033333026
1042,-0.000143051,-0.599341452,-1.036270142,1,1,1,0.015174861,0.000000000,-1.999933481,16.033224106,0,0.000001451,-0.000100835,0.033333030
1043,-0.000143051,-0.599409580,-1.002502441,1,1,1,0.015173481,0.000000000,-1.999933481,16.062280655,0,0.000001465,-0.000100462,0.033333033
1044,-0.000139236,-0.599481523,-0.968711853,1,1,1,0.015173321,0.000000000,-1.999933481,16.090881348,0,0.000001460,-0.000100429,0.033333033
1045,-0.000137329,-0.599554718,-0.934913635,1,1,1,0.015173231,0.000000000,-1.999933481,16.119714737,0,0.000001455,-0.000100671,0.033333033
1046,-0.000137329,-0.599627256,-0.901130676,1,1,1,0.015173213,0.000000000,-1.999933004,16.148546219,0,0.000001451,-0.000101131,0.033333030
1047,-0.000133514,-0.599697232,-0.867347717,1,1,1,0.015173268,0.000000000,-1.999933004,16.176925659,0,0.000001446,-0.000101753,0.033333026
1048,-0.000129700,-0.599763453,-0.833549500,1,1,1,0.015174625,0.000000000,-1.999933004,16.205762863,0,0.000001421,-0.000102488,0.033333022
1049,-0.000127792,-0.599824667,-0.799774170,1,1,1,0.015176074,0.000000000,-1.999932885,16.234142303,0,0.000001396,-0.000103291,0.033333015
1050,-0.000127792,-0.599880099,-0.765975952,1,1,1,0.015176350,0.000000000,-1.999932885,16.262523651,0,0.000001392,-0.000104126,0.033333011
1051,-0.000127792,-0.599928856,-0.732200623,1,1,1,0.015175408,0.000000000,-1.999932408,16.290904999,0,0.000001409,-0.000104960,0.033333004
1052,-0.000127792,-0.599970758,-0.698410034,1,1,1,0.015173195,0.000000000,-1.999932528,16.319290161,0,0.000001448,-0.000105767,0.033333000
1053,-0.000127792,-0.600005627,-0.664642334,1,1,1,0.015173566,0.000000000,-1.999932051,16.347671509,0,0.000001444,-0.000106527,0.033332996
1054,-0.000125885,-0.600033879,-0.630844116,1,1,1,0.015172649,0.000000000,-1.999932051,16.376054764,0,0.000001462,-0.000107226,0.033332989
1055,-0.000125885,-0.600055397,-0.597068787,1,1,1,0.015170390,0.000000000,-1.999932051,16.404438019,0,0.000001504,-0.000107854,0.033332989
1056,-0.000122070,-0.600070715,-0.563278198,1,1,1,0.015173489,0.000000000,-1.999932051,16.432821274,0,0.000001456,-0.000108403,0.033332985
1057,-0.000118256,-0.600080132,-0.529518127,1,1,1,0.015175296,0.000000000,-1.999931574,16.460746765,0,0.000001430,-0.000108873,0.033332981
1058,-0.000116348,-0.600084543,-0.495719910,1,1,1,0.015175762,0.000000000,-1.999931931,16.488672256,0,0.000001426,-0.000109263,0.033332977
1059,-0.000116348,-0.600084245,-0.461952209,1,1,1,0.015176229,0.000000000,-1.999931931,16.517053604,0,0.000001422,-0.000109575,0.033332974
1060,-0.000112534,-0.600080073,-0.428176880,1,1,1,0.015176693,0.000000000,-1.999931455,16.544977188,0,0.000001417,-0.000109816,0.033332974
1061,-0.000110626,-0.600072503,-0.394401550,1,1,1,0.015177155,0.000000000,-1.999931455,16.572902679,0,0.000001413,-0.000109990,0.033332974
1062,-0.000108719,-0.600062490,-0.360618591,1,1,1,0.015179069,0.000000000,-1.999931455,16.600828171,0,0.000001384,-0.000110106,0.033332970
1063,-0.000108719,-0.600050509,-0.326850891,1,1,1,0.015175110,0.000000000,-1.999931574,16.628751755,0,0.000001453,-0.000110169,0.033332970
1064,-0.000106812,-0.600037217,-0.293075562,1,1,1,0.015177011,0.000000000,-1.999931455,16.656675339,0,0.000001423,-0.000110189,0.033332970
