tick,local_x,local_y,local_z,on_floor,bus_support,inside_hull,velocity_x,velocity_y,velocity_z,platform_speed,jump_command,walk_dx,walk_dy,walk_dz
1,0.000001907,-0.599576354,2.500000000,1,1,1,0.000000000,0.000000000,0.000000000,0.000000000,0,0.000000000,0.000000000,0.000000000
2,0.000000000,-0.600085258,2.500930786,1,1,1,0.000000000,0.000000000,0.000000000,0.000000000,0,0.000000000,0.000000000,0.000000000
3,0.000001907,-0.600241661,2.501846313,1,1,1,0.000000000,0.000000000,0.000000000,0.063650124,0,0.000000000,0.000000000,0.000000000
4,0.000000000,-0.600347877,2.502777100,1,1,1,0.000000000,0.000000000,0.000000000,0.117749549,0,0.000000000,0.000000000,0.000000000
5,-0.000001907,-0.600409865,2.503707886,1,1,1,0.000000000,0.000000000,0.000000000,0.172938690,0,0.000000000,0.000000000,0.000000000
6,0.000000000,-0.600433707,2.504623413,1,1,1,0.000000000,0.000000000,0.000000000,0.227141187,0,0.000000000,0.000000000,0.000000000
7,0.000000000,-0.600425541,2.505538940,1,1,1,0.000000000,0.000000000,0.000000000,0.281252176,0,0.000000000,0.000000000,0.000000000
8,0.000001907,-0.600391984,2.506469727,1,1,1,0.000000000,0.000000000,0.000000000,0.336248994,0,0.000000000,0.000000000,0.000000000
9,0.000001907,-0.600338340,2.507385254,1,1,1,0.000000000,0.000000000,0.000000000,0.390386105,0,0.000000000,0.000000000,0.000000000
10,0.000001907,-0.600270271,2.508285522,1,1,1,0.000000000,0.000000000,0.000000000,0.444602519,0,0.000000000,0.000000000,0.000000000
11,0.000000000,-0.600192547,2.509201050,1,1,1,0.000000000,0.000000000,0.000000000,0.498923719,0,0.000000000,0.000000000,0.000000000
12,0.000001907,-0.600109696,2.510101318,1,1,1,0.000000000,0.000000000,0.000000000,0.552440882,0,0.000000000,0.000000000,0.000000000
13,0.000001907,-0.600025296,2.511016846,1,1,1,0.000000000,0.000000000,0.000000000,0.606978178,0,0.000000000,0.000000000,0.000000000
14,0.000003815,-0.599942327,2.511932373,1,1,1,0.000000000,0.000000000,0.000000000,0.661612034,0,0.000000000,0.000000000,0.000000000
15,0.000003815,-0.599863529,2.512832642,1,1,1,0.000000000,0.000000000,0.000000000,0.715412796,0,0.000000000,0.000000000,0.000000000
16,0.000001907,-0.599790692,2.513748169,1,1,1,0.000000000,0.000000000,0.000000000,0.769279301,0,0.000000000,0.000000000,0.000000000
17,0.000001907,-0.599724889,2.514648438,1,1,1,0.000000000,0.000000000,0.000000000,0.824112236,0,0.000000000,0.000000000,0.000000000
18,0.000001907,-0.599667430,2.515563965,1,1,1,0.000000000,0.000000000,0.000000000,0.878066897,0,0.000000000,0.000000000,0.000000000
19,0.000001907,-0.599618673,2.516464233,1,1,1,0.000000000,0.000000000,0.000000000,0.932047486,0,-0.000000000,0.000000000,0.000000000
20,0.000001907,-0.599578738,2.517349243,1,1,1,0.000000000,0.000000000,0.000000000,0.986044824,0,-0.000000000,0.000000000,0.000000000
21,0.000000000,-0.599547446,2.518249512,1,1,1,0.000000000,0.000000000,0.000000000,1.040052533,0,-0.000000000,0.000000000,0.000000000
22,-0.000001907,-0.599524379,2.519149780,1,1,1,0.000000000,0.000000000,0.000000000,1.094065428,0,-0.000000000,0.000000000,0.000000000
23,-0.000001907,-0.599508822,2.520034790,1,1,1,0.000000000,0.000000000,0.000000000,1.147164702,0,-0.000000000,0.000000000,0.000000000
24,-0.000001907,-0.599500060,2.520919800,1,1,1,0.000000000,0.000000000,0.000000000,1.201180339,0,-0.000000000,0.000000000,0.000000000
25,-0.000001907,-0.599497437,2.521804810,1,1,1,0.000000000,0.000000000,0.000000000,1.254279733,0,-0.000000000,0.000000000,0.000000000
26,0.000000000,-0.599500000,2.522705078,1,1,1,0.000000000,0.000000000,0.000000000,1.308294177,0,-0.000000000,0.000000000,0.000000000
27,0.000000000,-0.599506617,2.523590088,1,1,1,0.000000000,0.000000000,0.000000000,1.361392260,0,-0.000000000,0.000000000,0.000000000
28,0.000001907,-0.599516869,2.524475098,1,1,1,0.000000000,0.000000000,0.000000000,1.414489985,0,-0.000000000,0.000000000,0.000000000
29,0.000001907,-0.599529743,2.525360107,1,1,1,0.000000000,0.000000000,0.000000000,1.467587829,0,-0.000000000,0.000000000,0.000000000
30,0.000001907,-0.599544346,2.526260376,1,1,1,0.000000000,0.000000000,0.000000000,1.520686030,0,-0.000000000,0.000000000,0.000000000
31,0.000000000,-0.599560082,2.527130127,1,1,1,0.000000000,0.000000000,0.000000000,1.573784471,0,-0.000000000,0.000000000,0.000000000
32,0.000000000,-0.599576592,2.528015137,1,1,1,0.000000000,0.000000000,0.000000000,1.626883626,0,-0.000000000,0.000000000,0.000000000
33,0.000001907,-0.599592865,2.528869629,1,1,1,0.000000000,0.000000000,0.000000000,1.679983377,0,-0.000000000,0.000000000,0.000000000
34,0.000001907,-0.599608898,2.529769897,1,1,1,0.000000000,0.000000000,0.000000000,1.732168436,0,-0.000000000,0.000000000,0.000000000
35,-0.000001907,-0.599624276,2.530639648,1,1,1,0.000000000,0.000000000,0.000000000,1.785269380,0,-0.000000000,0.000000000,0.000000000
36,0.000000000,-0.599638700,2.531524658,1,1,1,0.000000000,0.000000000,0.000000000,1.837455392,0,-0.000000000,0.000000000,0.000000000
37,0.000000000,-0.599651694,2.532394409,1,1,1,0.000000000,0.000000000,0.000000000,1.890557051,0,-0.000000000,0.000000000,0.000000000
38,0.000000000,-0.599663377,2.533264160,1,1,1,0.000000000,0.000000000,0.000000000,1.942743421,0,-0.000000000,0.000000000,0.000000000
39,0.000000000,-0.599673986,2.534118652,1,1,1,0.000000000,0.000000000,0.000000000,1.994929910,0,-0.000000000,0.000000000,0.000000000
40,0.000000000,-0.599683046,2.535003662,1,1,1,0.000000000,0.000000000,0.000000000,2.047116280,0,-0.000000000,0.000000000,0.000000000
41,0.000000000,-0.599690914,2.535873413,1,1,1,0.000000000,0.000000000,0.000000000,2.099302530,0,-0.000000000,0.000000000,0.000000000
42,0.000000000,-0.599697411,2.536743164,1,1,1,0.000000000,0.000000000,0.000000000,2.151489019,0,-0.000000000,0.000000000,0.000000000
43,0.000000000,-0.599702716,2.537597656,1,1,1,0.000000000,0.000000000,0.000000000,2.203674793,0,0.000000000,0.000000000,0.000000000
44,0.000000000,-0.599707127,2.538467407,1,1,1,0.000000000,0.000000000,0.000000000,2.254945040,0,0.000000000,0.000000000,0.000000000
45,-0.000001907,-0.599710464,2.539337158,1,1,1,0.000000000,0.000000000,0.000000000,2.307130575,0,0.000000000,0.000000000,0.000000000
46,0.000000000,-0.599713087,2.540176392,1,1,1,0.000000000,0.000000000,0.000000000,2.359316111,0,0.000000000,0.000000000,0.000000000
47,0.000000000,-0.599714994,2.541046143,1,1,1,0.000000000,0.000000000,0.000000000,2.410585880,0,0.000000000,0.000000000,0.000000000
48,-0.000001907,-0.599716485,2.541900635,1,1,1,0.000000000,0.000000000,0.000000000,2.461855173,0,0.000000000,0.000000000,0.000000000
49,0.000000000,-0.599717379,2.542755127,1,1,1,0.000000000,0.000000000,0.000000000,2.513124943,0,0.000000000,0.000000000,0.000000000
50,0.000001907,-0.599718213,2.543624878,1,1,1,0.000000000,0.000000000,0.000000000,2.564394236,0,0.000000000,0.000000000,0.000000000
51,0.000001907,-0.599718571,2.544464111,1,1,1,0.000000000,0.000000000,0.000000000,2.616579294,0,0.000000000,0.000000000,0.000000000
52,0.000000000,-0.599719167,2.545318604,1,1,1,0.000000000,0.000000000,0.000000000,2.666933060,0,0.000000000,0.000000000,0.000000000
53,0.000000000,-0.599719644,2.546188354,1,1,1,0.000000000,0.000000000,0.000000000,2.718202353,0,0.000000000,0.000000000,0.000000000
54,0.000001907,-0.599720001,2.547027588,1,1,1,0.000000000,0.000000000,0.000000000,2.769471645,0,0.000000000,0.000000000,0.000000000
55,0.000000000,-0.599720836,2.547866821,1,1,1,0.000000000,0.000000000,0.000000000,2.820740938,0,0.000000000,0.000000000,0.000000000
56,0.000000000,-0.599721551,2.548721313,1,1,1,0.000000000,0.000000000,0.000000000,2.871094704,0,0.000000000,0.000000000,0.000000000
57,-0.000001907,-0.599722624,2.549560547,1,1,1,0.000000000,0.000000000,0.000000000,2.922363997,0,0.000000000,0.000000000,0.000000000
58,0.000000000,-0.599723816,2.550399780,1,1,1,0.000000000,0.000000000,0.000000000,2.972717762,0,0.000000000,0.000000000,0.000000000
59,0.000000000,-0.599725187,2.551239014,1,1,1,0.000000000,0.000000000,0.000000000,3.023071527,0,0.000000000,0.000000000,0.000000000
60,0.000000000,-0.599725604,2.552093506,1,1,1,0.000000000,0.000000000,0.000000000,3.073425531,0,0.000000000,0.000000000,0.000000000
61,-0.000001907,-0.599728107,2.552932739,1,1,1,0.000000000,0.000000000,0.000000000,3.124694586,0,0.000000000,0.000000000,0.000000000
62,0.000000000,-0.599730790,2.553771973,1,1,1,0.000000000,0.000000000,0.000000000,3.175048590,0,0.000000000,0.000000000,0.000000000
63,0.000000000,-0.599733472,2.554611206,1,1,1,0.000000000,0.000000000,0.000000000,3.224487066,0,0.000000000,0.000000000,0.000000000
64,0.000000000,-0.599735856,2.555450439,1,1,1,0.000000000,0.000000000,0.000000000,3.274841070,0,0.000000000,0.000000000,0.000000000
65,0.000000000,-0.599738419,2.556289673,1,1,1,0.000000000,0.000000000,0.000000000,3.325195074,0,0.000000000,0.000000000,0.000000000
66,-0.000001907,-0.599740982,2.557113647,1,1,1,0.000000000,0.000000000,0.000000000,3.375548840,0,0.000000000,0.000000000,0.000000000
67,-0.000001907,-0.599743843,2.557952881,1,1,1,0.000000000,0.000000000,0.000000000,3.424987316,0,0.000000000,0.000000000,0.000000000
68,-0.000001907,-0.599748015,2.558761597,1,1,1,0.000000000,0.000000000,0.000000000,3.475341320,0,0.000000000,0.000000000,0.000000000
69,0.000000000,-0.599749327,2.559585571,1,1,1,0.000000000,0.000000000,0.000000000,3.524780035,0,0.000000000,0.000000000,0.000000000
70,0.000000000,-0.599754035,2.560409546,1,1,1,0.000000000,0.000000000,0.000000000,3.574218273,0,0.000000000,0.000000000,0.000000000
71,0.000000000,-0.599755168,2.561233521,1,1,1,0.000000000,0.000000000,0.000000000,3.623656988,0,-0.000000000,0.000000000,0.000000000
72,0.000000000,-0.599760056,2.562057495,1,1,1,0.000000000,0.000000000,0.000000000,3.673095226,0,-0.000000000,0.000000000,0.000000000
73,0.000000000,-0.599762917,2.562881470,1,1,1,0.000000000,0.000000000,0.000000000,3.722533941,0,-0.000000000,0.000000000,0.000000000
74,0.000001907,-0.599763870,2.563705444,1,1,1,0.000000000,0.000000000,0.000000000,3.771972418,0,-0.000000000,0.000000000,0.000000000
75,0.000001907,-0.599768937,2.564529419,1,1,1,0.000000000,0.000000000,0.000000000,3.821410418,0,-0.000000000,0.000000000,0.000000000
76,0.000001907,-0.599771798,2.565353394,1,1,1,0.000000000,0.000000000,0.000000000,3.870849371,0,-0.000000000,0.000000000,0.000000000
77,0.000001907,-0.599774778,2.566162109,1,1,1,0.000000000,0.000000000,0.000000000,3.920287848,0,-0.000000000,0.000000000,0.000000000
78,0.000000000,-0.599775314,2.567001343,1,1,1,0.000000000,0.000000000,0.000000000,3.968810797,0,-0.000000000,0.000000000,0.000000000
79,0.000000000,-0.599780500,2.567794800,1,1,1,0.000000000,0.000000000,0.000000000,4.018249035,0,-0.000000000,0.000000000,0.000000000
80,0.000000000,-0.599783242,2.568603516,1,1,1,0.000000000,0.000000000,0.000000000,4.066772461,0,-0.000000000,0.000000000,0.000000000
81,0.000000000,-0.599785924,2.569412231,1,1,1,0.000000000,0.000000000,0.000000000,4.115295410,0,-0.000000000,0.000000000,0.000000000
82,0.000000000,-0.599788666,2.570220947,1,1,1,0.000000000,0.000000000,0.000000000,4.163818359,0,-0.000000000,0.000000000,0.000000000
83,0.000000000,-0.599791408,2.571029663,1,1,1,0.000000000,0.000000000,0.000000000,4.212341309,0,-0.000000000,0.000000000,0.000000000
84,0.000000000,-0.599794030,2.571838379,1,1,1,0.000000000,0.000000000,0.000000000,4.260864258,0,-0.000000000,0.000000000,0.000000000
85,0.000000000,-0.599796653,2.572647095,1,1,1,0.000000000,0.000000000,0.000000000,4.309387207,0,-0.000000000,0.000000000,0.000000000
86,0.000000000,-0.599799454,2.573455811,1,1,1,0.000000000,0.000000000,0.000000000,4.357910156,0,-0.000000000,0.000000000,0.000000000
87,0.000000000,-0.599802017,2.574264526,1,1,1,0.000000000,0.000000000,0.000000000,4.406433105,0,-0.000000000,0.000000000,0.000000000
88,0.000000000,-0.599802017,2.575057983,1,1,1,0.000000000,0.000000000,0.000000000,4.454956055,0,-0.000000000,0.000000000,0.000000000
89,0.000000000,-0.599807262,2.575866699,1,1,1,0.000000000,0.000000000,0.000000000,4.502563000,0,-0.000000000,0.000000000,0.000000000
90,0.000000000,-0.599809706,2.576660156,1,1,1,0.000000000,0.000000000,0.000000000,4.551086426,0,-0.000000000,0.000000000,0.000000000
91,0.000000000,-0.599812388,2.577453613,1,1,1,0.000000000,0.000000000,0.000000000,4.598693371,0,-0.000000000,0.000000000,0.000000000
92,0.000000000,-0.599814892,2.578262329,1,1,1,0.000000000,0.000000000,0.000000000,4.646300793,0,-0.000000000,0.000000000,0.000000000
93,0.000000000,-0.599817455,2.579055786,1,1,1,0.000000000,0.000000000,0.000000000,4.694823742,0,-0.000000000,0.000000000,0.000000000
94,0.000000000,-0.599819958,2.579849243,1,1,1,0.000000000,0.000000000,0.000000000,4.742431164,0,-0.000000000,0.000000000,0.000000000
95,-0.000001907,-0.599822521,2.580642700,1,1,1,0.000000000,0.000000000,0.000000000,4.790038586,0,-0.000000000,0.000000000,0.000000000
96,-0.000001907,-0.599825144,2.581436157,1,1,1,0.000000000,0.000000000,0.000000000,4.837646008,0,-0.000000000,0.000000000,0.000000000
97,-0.000001907,-0.599827588,2.582214355,1,1,1,0.000000000,0.000000000,0.000000000,4.885253429,0,-0.000000000,0.000000000,0.000000000
98,-0.000001907,-0.599830151,2.583007813,1,1,1,0.000000000,0.000000000,0.000000000,4.931945324,0,-0.000000000,0.000000000,0.000000000
99,-0.000001907,-0.599832714,2.583801270,1,1,1,0.000000000,0.000000000,0.000000000,4.979552746,0,-0.000000000,0.000000000,0.000000000
100,-0.000001907,-0.599835157,2.584579468,1,1,1,0.000000000,0.000000000,0.000000000,5.027160168,0,-0.000000000,0.000000000,0.000000000
101,-0.000001907,-0.599837720,2.585372925,1,1,1,0.000000000,0.000000000,0.000000000,5.073852062,0,-0.000000000,0.000000000,0.000000000
102,-0.000001907,-0.599840283,2.586151123,1,1,1,0.000000000,0.000000000,0.000000000,5.121459484,0,-0.000000000,0.000000000,0.000000000
103,-0.000001907,-0.599842727,2.586929321,1,1,1,0.000000000,0.000000000,0.000000000,5.168151379,0,-0.000000000,0.000000000,0.000000000
104,-0.000001907,-0.599845350,2.587722778,1,1,1,0.000000000,0.000000000,0.000000000,5.214843273,0,-0.000000000,0.000000000,0.000000000
105,0.000000000,-0.599847913,2.588500977,1,1,1,0.000000000,0.000000000,0.000000000,5.262450695,0,-0.000000000,0.000000000,0.000000000
106,-0.000001907,-0.599850476,2.589279175,1,1,1,0.000000000,0.000000000,0.000000000,5.309142590,0,-0.000000000,0.000000000,0.000000000
107,-0.000001907,-0.599852979,2.590057373,1,1,1,0.000000000,0.000000000,0.000000000,5.355834484,0,-0.000000000,0.000000000,0.000000000
108,-0.000001907,-0.599855483,2.590820313,1,1,1,0.000000000,0.000000000,0.000000000,5.402526379,0,-0.000000000,0.000000000,0.000000000
109,-0.000001907,-0.599858046,2.591598511,1,1,1,0.000000000,0.000000000,0.000000000,5.448302746,0,-0.000000000,0.000000000,0.000000000
110,-0.000001907,-0.599860549,2.592376709,1,1,1,0.000000000,0.000000000,0.000000000,5.494994640,0,-0.000000000,0.000000000,0.000000000
111,-0.000001907,-0.599863052,2.593154907,1,1,1,0.000000000,0.000000000,0.000000000,5.541686535,0,-0.000000000,0.000000000,0.000000000
112,0.000000000,-0.599865615,2.593933105,1,1,1,0.000000000,0.000000000,0.000000000,5.587462902,0,-0.000000000,0.000000000,0.000000000
113,-0.000001907,-0.599868119,2.594680786,1,1,1,0.000000000,0.000000000,0.000000000,5.634154797,0,-0.000000000,0.000000000,0.000000000
114,0.000000000,-0.599868774,2.595458984,1,1,1,0.000000000,0.000000000,0.000000000,5.679931164,0,-0.000000000,0.000000000,0.000000000
115,0.000000000,-0.599873185,2.596221924,1,1,1,0.000000000,0.000000000,0.000000000,5.726622581,0,-0.000000000,0.000000000,0.000000000
116,0.000000000,-0.599875808,2.596984863,1,1,1,0.000000000,0.000000000,0.000000000,5.772399426,0,-0.000000000,0.000000000,0.000000000
117,0.000000000,-0.599878192,2.597747803,1,1,1,0.000000000,0.000000000,0.000000000,5.818175793,0,-0.000000000,0.000000000,0.000000000
118,0.000001907,-0.599880815,2.598510742,1,1,1,0.000000000,0.000000000,0.000000000,5.863952160,0,-0.000000000,0.000000000,0.000000000
119,0.000000000,-0.599883139,2.599273682,1,1,1,0.000000000,0.000000000,0.000000000,5.909728527,0,-0.000000000,0.000000000,0.000000000
120,0.000000000,-0.599885821,2.600036621,1,1,1,0.000000000,0.000000000,0.000000000,5.955504894,0,-0.000000000,0.000000000,0.000000000
121,0.000000000,-0.599888265,2.600799561,1,1,1,0.000000000,0.000000000,0.000000000,6.001281261,0,-0.000000000,0.000000000,0.000000000
122,0.000000000,-0.599890769,2.601547241,1,1,1,0.000000000,0.000000000,0.000000000,6.047057629,0,-0.000000000,0.000000000,0.000000000
123,0.000000000,-0.599893212,2.602310181,1,1,1,0.000000000,0.000000000,0.000000000,6.091918468,0,-0.000000000,0.000000000,0.000000000
124,0.000000000,-0.599895775,2.603073120,1,1,1,0.000000000,0.000000000,0.000000000,6.137694836,0,-0.000000000,0.000000000,0.000000000
125,0.000000000,-0.599898219,2.603820801,1,1,1,0.000000000,0.000000000,0.000000000,6.183471203,0,-0.000000000,0.000000000,0.000000000
126,0.000001907,-0.599900603,2.604568481,1,1,1,0.000000000,0.000000000,0.000000000,6.228332043,0,-0.000000000,0.000000000,0.000000000
127,0.000000000,-0.599903166,2.605331421,1,1,1,0.000000000,0.000000000,0.000000000,6.273192883,0,-0.000000000,0.000000000,0.000000000
128,0.000000000,-0.599905670,2.606079102,1,1,1,0.000000000,0.000000000,0.000000000,6.318969250,0,-0.000000000,0.000000000,0.000000000
129,0.000001907,-0.599908054,2.606826782,1,1,1,0.000000000,0.000000000,0.000000000,6.363830090,0,-0.000000000,0.000000000,0.000000000
130,0.000000000,-0.599910498,2.607574463,1,1,1,0.000000000,0.000000000,0.000000000,6.408690929,0,-0.000000000,0.000000000,0.000000000
131,0.000000000,-0.599912882,2.608322144,1,1,1,0.000000000,0.000000000,0.000000000,6.453551769,0,-0.000000000,0.000000000,0.000000000
132,0.000001907,-0.599915445,2.609069824,1,1,1,0.000000000,0.000000000,0.000000000,6.498412609,0,-0.000000000,0.000000000,0.000000000
133,-0.000001907,-0.599917412,2.609802246,1,1,1,0.000000000,0.000000000,0.000000000,6.543273449,0,-0.000000000,0.000000000,0.000000000
134,-0.000001907,-0.599920273,2.610549927,1,1,1,0.000000000,0.000000000,0.000000000,6.587218761,0,-0.000000000,0.000000000,0.000000000
135,-0.000001907,-0.599922657,2.611297607,1,1,1,0.000000000,0.000000000,0.000000000,6.632079601,0,-0.000000000,0.000000000,0.000000000
136,-0.000001907,-0.599924982,2.612030029,1,1,1,0.000000000,0.000000000,0.000000000,6.676940441,0,-0.000000000,0.000000000,0.000000000
137,0.000000000,-0.599927425,2.612777710,1,1,1,0.000000000,0.000000000,0.000000000,6.720885754,0,-0.000000000,0.000000000,0.000000000
138,-0.000001907,-0.599929929,2.613525391,1,1,1,0.000000000,0.000000000,0.000000000,6.765746593,0,-0.000000000,0.000000000,0.000000000
139,-0.000001907,-0.599932253,2.614257813,1,1,1,0.000000000,0.000000000,0.000000000,6.809691906,0,-0.000000000,0.000000000,0.000000000
140,0.000000000,-0.599934697,2.614990234,1,1,1,0.000000000,0.000000000,0.000000000,6.853637218,0,-0.000000000,0.000000000,0.000000000
141,-0.000001907,-0.599937081,2.615722656,1,1,1,0.000000000,0.000000000,0.000000000,6.898498058,0,-0.000000000,0.000000000,0.000000000
142,-0.000001907,-0.599939525,2.616455078,1,1,1,0.000000000,0.000000000,0.000000000,6.942443371,0,-0.000000000,0.000000000,0.000000000
143,-0.000001907,-0.599941969,2.617187500,1,1,1,0.000000000,0.000000000,0.000000000,6.986388683,0,-0.000000000,0.000000000,0.000000000
144,0.000000000,-0.599944293,2.617919922,1,1,1,0.000000000,0.000000000,0.000000000,7.030333996,0,-0.000000000,0.000000000,0.000000000
145,-0.000001907,-0.599946618,2.618637085,1,1,1,0.000000000,0.000000000,0.000000000,7.074279308,0,-0.000000000,0.000000000,0.000000000
146,-0.000001907,-0.599949062,2.619369507,1,1,1,0.000000000,0.000000000,0.000000000,7.117309093,0,-0.000000000,0.000000000,0.000000000
147,-0.000001907,-0.599951446,2.620101929,1,1,1,0.000000000,0.000000000,0.000000000,7.161254406,0,-0.000000000,0.000000000,0.000000000
148,0.000000000,-0.599953830,2.620819092,1,1,1,0.000000000,0.000000000,0.000000000,7.205199718,0,-0.000000000,0.000000000,0.000000000
149,-0.000001907,-0.599956214,2.621551514,1,1,1,0.000000000,0.000000000,0.000000000,7.248229504,0,-0.000000000,0.000000000,0.000000000
150,-0.000001907,-0.599958539,2.622268677,1,1,1,0.000000000,0.000000000,0.000000000,7.292174816,0,-0.000000000,0.000000000,0.000000000
151,-0.000001907,-0.599961936,2.623001099,1,1,1,0.000000000,0.000000000,0.000000000,7.335204601,0,0.000000000,0.000000000,0.000000000
152,-0.000001907,-0.599963307,2.623718262,1,1,1,0.000000000,0.000000000,0.000000000,7.379149914,0,0.000000000,0.000000000,0.000000000
153,0.000000000,-0.599965692,2.624435425,1,1,1,0.000000000,0.000000000,0.000000000,7.422179699,0,0.000000000,0.000000000,0.000000000
154,0.000000000,-0.599967957,2.625152588,1,1,1,0.000000000,0.000000000,0.000000000,7.465209484,0,0.000000000,0.000000000,0.000000000
155,-0.000001907,-0.599970341,2.625869751,1,1,1,0.000000000,0.000000000,0.000000000,7.508239269,0,0.000000000,0.000000000,0.000000000
156,-0.000001907,-0.599972725,2.626586914,1,1,1,0.000000000,0.000000000,0.000000000,7.551269054,0,0.000000000,0.000000000,0.000000000
157,-0.000001907,-0.599974990,2.627304077,1,1,1,0.000000000,0.000000000,0.000000000,7.594298840,0,0.000000000,0.000000000,0.000000000
158,0.000000000,-0.599977374,2.628021240,1,1,1,0.000000000,0.000000000,0.000000000,7.637328625,0,0.000000000,0.000000000,0.000000000
159,-0.000001907,-0.599979639,2.628723145,1,1,1,0.000000000,0.000000000,0.000000000,7.680358410,0,0.000000000,0.000000000,0.000000000
160,-0.000001907,-0.599982023,2.629440308,1,1,1,0.000000000,0.000000000,0.000000000,7.722472668,0,0.000000000,0.000000000,0.000000000
161,-0.000001907,-0.599984288,2.630157471,1,1,1,0.000000000,0.000000000,0.000000000,7.765502453,0,0.000000000,0.000000000,0.000000000
162,-0.000001907,-0.599986672,2.630859375,1,1,1,0.000000000,0.000000000,0.000000000,7.807616711,0,0.000000000,0.000000000,0.000000000
163,0.000000000,-0.599988937,2.631561279,1,1,1,0.000000000,0.000000000,0.000000000,7.850646496,0,0.000000000,0.000000000,0.000000000
164,0.000000000,-0.599991322,2.632278442,1,1,1,0.000000000,0.000000000,0.000000000,7.892760754,0,0.000000000,0.000000000,0.000000000
165,-0.000001907,-0.599993587,2.632980347,1,1,1,0.000000000,0.000000000,0.000000000,7.935790539,0,0.000000000,0.000000000,0.000000000
166,-0.000001907,-0.599995852,2.633682251,1,1,1,0.000000000,0.000000000,0.000000000,7.977904797,0,0.000000000,0.000000000,0.000000000
167,-0.000001907,-0.599998236,2.634384155,1,1,1,0.000000000,0.000000000,0.000000000,8.020019531,0,0.000000000,0.000000000,0.000000000
168,-0.000001907,-0.600000501,2.635086060,1,1,1,0.000000000,0.000000000,0.000000000,8.062133789,0,0.000000000,0.000000000,0.000000000
169,0.000000000,-0.600002766,2.635787964,1,1,1,0.000000000,0.000000000,0.000000000,8.104248047,0,0.000000000,0.000000000,0.000000000
170,0.000000000,-0.600005150,2.636489868,1,1,1,0.000000000,0.000000000,0.000000000,8.146362305,0,0.000000000,0.000000000,0.000000000
171,-0.000001907,-0.600007415,2.637191772,1,1,1,0.000000000,0.000000000,0.000000000,8.188476563,0,0.000000000,0.000000000,0.000000000
172,-0.000001907,-0.600009561,2.637878418,1,1,1,0.000000000,0.000000000,0.000000000,8.230590820,0,0.000000000,0.000000000,0.000000000
173,-0.000001907,-0.600011945,2.638580322,1,1,1,0.000000000,0.000000000,0.000000000,8.271789551,0,0.000000000,0.000000000,0.000000000
174,-0.000001907,-0.600014210,2.639282227,1,1,1,0.000000000,0.000000000,0.000000000,8.313903809,0,0.000000000,0.000000000,0.000000000
175,0.000000000,-0.600016475,2.639968872,1,1,1,0.000000000,0.000000000,0.000000000,8.356018066,0,0.000000000,0.000000000,0.000000000
176,0.000000000,-0.600018740,2.640655518,1,1,1,0.000000000,0.000000000,0.000000000,8.397216797,0,0.000000000,0.000000000,0.000000000
177,0.000000000,-0.600021005,2.641357422,1,1,1,0.000000000,0.000000000,0.000000000,8.438415527,0,0.000000000,0.000000000,0.000000000
178,0.000000000,-0.600023270,2.642044067,1,1,1,0.000000000,0.000000000,0.000000000,8.480529785,0,0.000000000,0.000000000,0.000000000
179,-0.000001907,-0.600025535,2.642730713,1,1,1,0.000000000,0.000000000,0.000000000,8.521728516,0,0.000000000,0.000000000,0.000000000
180,-0.000001907,-0.600027680,2.643417358,1,1,1,0.000000000,0.000000000,0.000000000,8.562927246,0,0.000000000,0.000000000,0.000000000
181,-0.000001907,-0.600030065,2.644119263,1,1,1,0.000000000,0.000000000,0.000000000,8.604125977,0,0.000000000,0.000000000,0.000000000
182,-0.000001907,-0.600032210,2.644790649,1,1,1,0.000000000,0.000000000,0.000000000,8.645324707,0,0.000000000,0.000000000,0.000000000
183,-0.000001907,-0.600034475,2.645477295,1,1,1,0.000000000,0.000000000,0.000000000,8.686523438,0,0.000000000,0.000000000,0.000000000
184,0.000000000,-0.600036740,2.646163940,1,1,1,0.000000000,0.000000000,0.000000000,8.727722168,0,0.000000000,0.000000000,0.000000000
185,0.000000000,-0.600039005,2.646850586,1,1,1,0.000000000,0.000000000,0.000000000,8.768920898,0,0.000000000,0.000000000,0.000000000
186,0.000000000,-0.600041270,2.647521973,1,1,1,0.000000000,0.000000000,0.000000000,8.810119629,0,0.000000000,0.000000000,0.000000000
187,0.000000000,-0.600043416,2.648208618,1,1,1,0.000000000,0.000000000,0.000000000,8.850402832,0,0.000000000,0.000000000,0.000000000
188,0.000000000,-0.600045681,2.648880005,1,1,1,0.000000000,0.000000000,0.000000000,8.891601563,0,0.000000000,0.000000000,0.000000000
189,0.000000000,-0.600047946,2.649566650,1,1,1,0.000000000,0.000000000,0.000000000,8.931884766,0,0.000000000,0.000000000,0.000000000
190,-0.000001907,-0.600050092,2.650238037,1,1,1,0.000000000,0.000000000,0.000000000,8.973083496,0,0.000000000,0.000000000,0.000000000
191,-0.000001907,-0.600052357,2.650909424,1,1,1,0.000000000,0.000000000,0.000000000,9.013366699,0,0.000000000,0.000000000,0.000000000
192,-0.000001907,-0.600054502,2.651596069,1,1,1,0.000000000,0.000000000,0.000000000,9.053649902,0,0.000000000,0.000000000,0.000000000
193,-0.000001907,-0.600056767,2.652267456,1,1,1,0.000000000,0.000000000,0.000000000,9.094848633,0,0.000000000,0.000000000,0.000000000
194,-0.000001907,-0.600058913,2.652938843,1,1,1,0.000000000,0.000000000,0.000000000,9.135131836,0,0.000000000,0.000000000,0.000000000
195,-0.000003815,-0.600063682,2.653610229,1,1,1,0.000000000,0.000000000,0.000000000,9.175414085,0,0.000000000,0.000000000,0.000000000
196,-0.000003815,-0.600063324,2.654281616,1,1,1,0.000000000,0.000000000,0.000000000,9.215698242,0,0.000000000,0.000000000,0.000000000
197,-0.000003815,-0.600065470,2.654937744,1,1,1,0.000000000,0.000000000,0.000000000,9.255980492,0,0.000000000,0.000000000,0.000000000
198,-0.000003815,-0.600067675,2.655609131,1,1,1,0.000000000,0.000000000,0.000000000,9.295348167,0,0.000000000,0.000000000,0.000000000
199,-0.000003815,-0.600069880,2.656280518,1,1,1,0.000000000,0.000000000,0.000000000,9.335631371,0,0.000000000,0.000000000,0.000000000
200,-0.000003815,-0.600072026,2.656951904,1,1,1,0.000000000,0.000000000,0.000000000,9.375914574,0,0.000000000,0.000000000,0.000000000
201,-0.000003815,-0.600074232,2.657608032,1,1,1,0.000000000,0.000000000,0.000000000,9.415282249,0,0.000000000,0.000000000,0.000000000
202,-0.000003815,-0.600076377,2.658264160,1,1,1,0.000000000,0.000000000,0.000000000,9.455565453,0,0.000000000,0.000000000,0.000000000
203,-0.000003815,-0.600078583,2.658935547,1,1,1,0.000000000,0.000000000,0.000000000,9.494933128,0,0.000000000,0.000000000,0.000000000
204,-0.000003815,-0.600080729,2.659591675,1,1,1,0.000000000,0.000000000,0.000000000,9.535216331,0,0.000000000,0.000000000,0.000000000
205,-0.000003815,-0.600082874,2.660247803,1,1,1,0.000000000,0.000000000,0.000000000,9.574584007,0,0.000000000,0.000000000,0.000000000
206,-0.000003815,-0.600085020,2.660919189,1,1,1,0.000000000,0.000000000,0.000000000,9.613951683,0,0.000000000,0.000000000,0.000000000
207,-0.000003815,-0.600087225,2.661575317,1,1,1,0.000000000,0.000000000,0.000000000,9.654234886,0,0.000000000,0.000000000,0.000000000
208,-0.000003815,-0.600089371,2.662231445,1,1,1,0.000000000,0.000000000,0.000000000,9.693602562,0,0.000000000,0.000000000,0.000000000
209,-0.000003815,-0.600091517,2.662887573,1,1,1,0.000000000,0.000000000,0.000000000,9.732970238,0,0.000000000,0.000000000,0.000000000
210,-0.000003815,-0.600093663,2.663543701,1,1,1,0.000000000,0.000000000,0.000000000,9.772337914,0,0.000000000,0.000000000,0.000000000
211,-0.000003815,-0.600095749,2.664184570,1,1,1,0.000000000,0.000000000,0.000000000,9.811705589,0,0.000000000,0.000000000,0.000000000
212,-0.000003815,-0.600097895,2.664840698,1,1,1,0.000000000,0.000000000,0.000000000,9.850157738,0,0.000000000,0.000000000,0.000000000
213,-0.000003815,-0.600100040,2.665496826,1,1,1,0.000000000,0.000000000,0.000000000,9.889525414,0,0.000000000,0.000000000,0.000000000
214,-0.000003815,-0.600102127,2.666137695,1,1,1,0.000000000,0.000000000,0.000000000,9.928893089,0,0.000000000,0.000000000,0.000000000
215,-0.000003815,-0.600104272,2.666793823,1,1,1,0.000000000,0.000000000,0.000000000,9.967345238,0,0.000000000,0.000000000,0.000000000
216,-0.000003815,-0.600106359,2.667434692,1,1,1,0.000000000,0.000000000,0.000000000,10.006712914,0,0.000000000,0.000000000,0.000000000
217,-0.000003815,-0.600108564,2.668106079,1,1,1,0.000000000,0.000000000,0.000000000,10.045165062,0,0.000000000,0.000000000,0.000000000
218,-0.000003815,-0.600110650,2.668731689,1,1,1,0.000000000,0.000000000,0.000000000,10.084532738,0,0.000000000,0.000000000,0.000000000
219,-0.000003815,-0.600112796,2.669372559,1,1,1,0.000000000,0.000000000,0.000000000,10.122984886,0,0.000000000,0.000000000,0.000000000
220,-0.000003815,-0.600114882,2.670028687,1,1,1,0.000000000,0.000000000,0.000000000,10.161437035,0,0.000000000,0.000000000,0.000000000
221,-0.000001907,-0.600117028,2.670669556,1,1,1,0.000000000,0.000000000,0.000000000,10.200804710,0,0.000000000,0.000000000,0.000000000
222,-0.000001907,-0.600119114,2.671310425,1,1,1,0.000000000,0.000000000,0.000000000,10.239256859,0,0.000000000,0.000000000,0.000000000
223,-0.000001907,-0.600121200,2.671951294,1,1,1,0.000000000,0.000000000,0.000000000,10.277709007,0,0.000000000,0.000000000,0.000000000
224,-0.000001907,-0.600123346,2.672592163,1,1,1,0.000000000,0.000000000,0.000000000,10.316161156,0,0.000000000,0.000000000,0.000000000
225,-0.000001907,-0.600125372,2.673217773,1,1,1,0.000000000,0.000000000,0.000000000,10.354613304,0,0.000000000,0.000000000,0.000000000
226,-0.000001907,-0.600127459,2.673858643,1,1,1,0.000000000,0.000000000,0.000000000,10.392149925,0,0.000000000,0.000000000,0.000000000
227,-0.000001907,-0.600129545,2.674499512,1,1,1,0.000000000,0.000000000,0.000000000,10.430602074,0,0.000000000,0.000000000,0.000000000
228,-0.000001907,-0.600131631,2.675140381,1,1,1,0.000000000,0.000000000,0.000000000,10.469054222,0,0.000000000,0.000000000,0.000000000
229,-0.000003815,-0.600133657,2.675765991,1,1,1,0.000000000,0.000000000,0.000000000,10.507506371,0,0.000000000,0.000000000,0.000000000
230,-0.000003815,-0.600135803,2.676406860,1,1,1,0.000000000,0.000000000,0.000000000,10.545042992,0,0.000000000,0.000000000,0.000000000
231,-0.000003815,-0.600137830,2.677032471,1,1,1,0.000000000,0.000000000,0.000000000,10.583495140,0,0.000000000,0.000000000,0.000000000
232,-0.000003815,-0.600139856,2.677658081,1,1,1,0.000000000,0.000000000,0.000000000,10.621031761,0,0.000000000,0.000000000,0.000000000
233,-0.000001907,-0.600142002,2.678314209,1,1,1,0.000000000,0.000000000,0.000000000,10.658568382,0,0.000000000,0.000000000,0.000000000
234,-0.000001907,-0.600144029,2.678924561,1,1,1,0.000000000,0.000000000,0.000000000,10.697020531,0,0.000000000,0.000000000,0.000000000
235,-0.000001907,-0.600146055,2.679550171,1,1,1,0.000000000,0.000000000,0.000000000,10.734557152,0,0.000000000,0.000000000,0.000000000
236,-0.000001907,-0.600148141,2.680175781,1,1,1,0.000000000,0.000000000,0.000000000,10.772093773,0,0.000000000,0.000000000,0.000000000
237,-0.000001907,-0.600150168,2.680801392,1,1,1,0.000000000,0.000000000,0.000000000,10.809630394,0,0.000000000,0.000000000,0.000000000
238,-0.000001907,-0.600152194,2.681427002,1,1,1,0.000000000,0.000000000,0.000000000,10.847167015,0,0.000000000,0.000000000,0.000000000
239,-0.000003815,-0.600154221,2.682052612,1,1,1,0.000000000,0.000000000,0.000000000,10.884703636,0,0.000000000,0.000000000,0.000000000
240,-0.000003815,-0.600156307,2.682678223,1,1,1,0.000000000,0.000000000,0.000000000,10.922240257,0,0.000000000,0.000000000,0.000000000
241,-0.000001907,-0.600158334,2.683288574,1,1,1,0.000000000,0.000000000,0.000000000,10.959776878,0,0.000000000,0.000000000,0.000000000
242,-0.000001907,-0.600160360,2.683914185,1,1,1,0.000000000,0.000000000,0.000000000,10.996397972,0,0.000000000,0.000000000,0.000000000
243,-0.000001907,-0.600162387,2.684539795,1,1,1,0.000000000,0.000000000,0.000000000,11.033934593,0,0.000000000,0.000000000,0.000000000
244,-0.000001907,-0.600164413,2.685150146,1,1,1,0.000000000,0.000000000,0.000000000,11.071471214,0,0.000000000,0.000000000,0.000000000
245,-0.000001907,-0.600166440,2.685775757,1,1,1,0.000000000,0.000000000,0.000000000,11.108092308,0,0.000000000,0.000000000,0.000000000
246,-0.000003815,-0.600168407,2.686386108,1,1,1,0.000000000,0.000000000,0.000000000,11.145628929,0,0.000000000,0.000000000,0.000000000
247,-0.000003815,-0.600170434,2.686996460,1,1,1,0.000000000,0.000000000,0.000000000,11.182250023,0,0.000000000,0.000000000,0.000000000
248,-0.000001907,-0.600172460,2.687622070,1,1,1,0.000000000,0.000000000,0.000000000,11.218871117,0,0.000000000,0.000000000,0.000000000
249,-0.000001907,-0.600174487,2.688232422,1,1,1,0.000000000,0.000000000,0.000000000,11.256407738,0,0.000000000,0.000000000,0.000000000
250,-0.000001907,-0.600176513,2.688842773,1,1,1,0.000000000,0.000000000,0.000000000,11.293028831,0,0.000000000,0.000000000,0.000000000
251,-0.000001907,-0.600178540,2.689453125,1,1,1,0.000000000,0.000000000,0.000000000,11.329649925,0,0.000000000,0.000000000,0.000000000
252,-0.000003815,-0.600180507,2.690063477,1,1,1,0.000000000,0.000000000,0.000000000,11.366271019,0,0.000000000,0.000000000,0.000000000
253,-0.000001907,-0.600182533,2.690673828,1,1,1,0.000000000,0.000000000,0.000000000,11.402892113,0,0.000000000,0.000000000,0.000000000
254,-0.000001907,-0.600184500,2.691284180,1,1,1,0.000000000,0.000000000,0.000000000,11.439513206,0,0.000000000,0.000000000,0.000000000
255,-0.000001907,-0.600186527,2.691894531,1,1,1,0.000000000,0.000000000,0.000000000,11.476134300,0,0.000000000,0.000000000,0.000000000
256,-0.000001907,-0.600188434,2.692489624,1,1,1,0.000000000,0.000000000,0.000000000,11.512755394,0,0.000000000,0.000000000,0.000000000
257,-0.000003815,-0.600190401,2.693099976,1,1,1,0.000000000,0.000000000,0.000000000,11.548460960,0,0.000000000,0.000000000,0.000000000
258,-0.000001907,-0.600192428,2.693710327,1,1,1,0.000000000,0.000000000,0.000000000,11.585082054,0,0.000000000,0.000000000,0.000000000
259,-0.000001907,-0.600194395,2.694305420,1,1,1,0.000000000,0.000000000,0.000000000,11.621703148,0,0.000000000,0.000000000,0.000000000
260,-0.000001907,-0.600196362,2.694915771,1,1,1,0.000000000,0.000000000,0.000000000,11.657408714,0,0.000000000,0.000000000,0.000000000
261,-0.000001907,-0.600198388,2.695510864,1,1,1,0.000000000,0.000000000,0.000000000,11.694029808,0,0.000000000,0.000000000,0.000000000
262,-0.000003815,-0.600200295,2.696105957,1,1,1,0.000000000,0.000000000,0.000000000,11.729735374,0,0.000000000,0.000000000,0.000000000
263,-0.000001907,-0.600202262,2.696716309,1,1,1,0.000000000,0.000000000,0.000000000,11.765440941,0,0.000000000,0.000000000,0.000000000
264,-0.000001907,-0.600204229,2.697311401,1,1,1,0.000000000,0.000000000,0.000000000,11.801146507,0,0.000000000,0.000000000,0.000000000
265,-0.000001907,-0.600206196,2.697906494,1,1,1,0.000000000,0.000000000,0.000000000,11.837767601,0,0.000000000,0.000000000,0.000000000
266,0.000000000,-0.600207210,2.698501587,1,1,1,0.000000000,0.000000000,0.000000000,11.873473167,0,0.000000000,0.000000000,0.000000000
267,0.000000000,-0.600210071,2.699096680,1,1,1,0.000000000,0.000000000,0.000000000,11.909178734,0,0.000000000,0.000000000,0.000000000
268,-0.000001907,-0.600211978,2.699691772,1,1,1,0.000000000,0.000000000,0.000000000,11.944884300,0,0.000000000,0.000000000,0.000000000
269,0.000000000,-0.600214005,2.700286865,1,1,1,0.000000000,0.000000000,0.000000000,11.980589867,0,0.000000000,0.000000000,0.000000000
270,0.000000000,-0.600215912,2.700866699,1,1,1,0.000000000,0.000000000,0.000000000,12.016295433,0,0.000000000,0.000000000,0.000000000
271,0.000000000,-0.600217819,2.701461792,1,1,1,0.000000000,0.000000000,0.000000000,12.051085472,0,0.000000000,0.000000000,0.000000000
272,-0.000001907,-0.600219727,2.702056885,1,1,1,0.000000000,0.000000000,0.000000000,12.086791039,0,0.000000000,0.000000000,0.000000000
273,0.000000000,-0.600221753,2.702651978,1,1,1,0.000000000,0.000000000,0.000000000,12.122496605,0,0.000000000,0.000000000,0.000000000
274,0.000000000,-0.600223660,2.703231812,1,1,1,0.000000000,0.000000000,0.000000000,12.158202171,0,0.000000000,0.000000000,0.000000000
275,0.000000000,-0.600225568,2.703826904,1,1,1,0.000000000,0.000000000,0.000000000,12.192992210,0,0.000000000,0.000000000,0.000000000
276,-0.000001907,-0.600227475,2.704406738,1,1,1,0.000000000,0.000000000,0.000000000,12.228697777,0,0.000000000,0.000000000,0.000000000
277,0.000000000,-0.600229383,2.704986572,1,1,1,0.000000000,0.000000000,0.000000000,12.263487816,0,0.000000000,0.000000000,0.000000000
278,0.000000000,-0.600231290,2.705581665,1,1,1,0.000000000,0.000000000,0.000000000,12.298277855,0,0.000000000,0.000000000,0.000000000
279,0.000000000,-0.600233197,2.706161499,1,1,1,0.000000000,0.000000000,0.000000000,12.333983421,0,0.000000000,0.000000000,0.000000000
280,0.000000000,-0.600235105,2.706741333,1,1,1,0.000000000,0.000000000,0.000000000,12.368773460,0,0.000000000,0.000000000,0.000000000
281,0.000000000,-0.600237012,2.707321167,1,1,1,0.000000000,0.000000000,0.000000000,12.403563499,0,0.000000000,0.000000000,0.000000000
282,0.000000000,-0.600238919,2.707901001,1,1,1,0.000000000,0.000000000,0.000000000,12.438353539,0,0.000000000,0.000000000,0.000000000
283,-0.000001907,-0.600240827,2.708480835,1,1,1,0.000000000,0.000000000,0.000000000,12.473143578,0,0.000000000,0.000000000,0.000000000
284,0.000000000,-0.600242734,2.709060669,1,1,1,0.000000000,0.000000000,0.000000000,12.507933617,0,0.000000000,0.000000000,0.000000000
285,0.000000000,-0.600244641,2.709640503,1,1,1,0.000000000,0.000000000,0.000000000,12.542723656,0,0.000000000,0.000000000,0.000000000
286,-0.000001907,-0.600246549,2.710220337,1,1,1,0.000000000,0.000000000,0.000000000,12.577513695,0,0.000000000,0.000000000,0.000000000
287,0.000000000,-0.600248337,2.710784912,1,1,1,0.000000000,0.000000000,0.000000000,12.612303734,0,0.000000000,0.000000000,0.000000000
288,0.000000000,-0.600250244,2.711364746,1,1,1,0.000000000,0.000000000,0.000000000,12.646178246,0,0.000000000,0.000000000,0.000000000
289,0.000000000,-0.600252151,2.711944580,1,1,1,0.000000000,0.000000000,0.000000000,12.680968285,0,0.000000000,0.000000000,0.000000000
290,0.000000000,-0.600254059,2.712524414,1,1,1,0.000000000,0.000000000,0.000000000,12.715758324,0,0.000000000,0.000000000,0.000000000
291,0.000000000,-0.600255966,2.713088989,1,1,1,0.000000000,0.000000000,0.000000000,12.749632835,0,0.000000000,0.000000000,0.000000000
292,0.000000000,-0.600257754,2.713653564,1,1,1,0.000000000,0.000000000,0.000000000,12.784422874,0,0.000000000,0.000000000,0.000000000
293,0.000000000,-0.600259542,2.714218140,1,1,1,0.000000000,0.000000000,0.000000000,12.818297386,0,0.000000000,0.000000000,0.000000000
294,0.000000000,-0.600261450,2.714797974,1,1,1,0.000000000,0.000000000,0.000000000,12.852171898,0,0.000000000,0.000000000,0.000000000
295,0.000000000,-0.600263357,2.715362549,1,1,1,0.000000000,0.000000000,0.000000000,12.886961937,0,0.000000000,0.000000000,0.000000000
296,0.000000000,-0.600265145,2.715927124,1,1,1,0.000000000,0.000000000,0.000000000,12.920836449,0,0.000000000,0.000000000,0.000000000
297,0.000000000,-0.600267053,2.716491699,1,1,1,0.000000000,0.000000000,0.000000000,12.954710960,0,0.000000000,0.000000000,0.000000000
298,0.000000000,-0.600268841,2.717056274,1,1,1,0.000000000,0.000000000,0.000000000,12.988585472,0,0.000000000,0.000000000,0.000000000
299,0.000000000,-0.600270748,2.717620850,1,1,1,0.000000000,0.000000000,0.000000000,13.022459984,0,0.000000000,0.000000000,0.000000000
300,0.000000000,-0.600272536,2.718185425,1,1,1,0.000000000,0.000000000,0.000000000,13.056334496,0,0.000000000,0.000000000,0.000000000
301,0.000000000,-0.600274444,2.718750000,1,1,1,0.000000000,0.000000000,0.000000000,13.090209007,0,0.000000000,0.000000000,0.000000000
302,0.000000000,-0.600276232,2.719314575,1,1,1,0.000000000,0.000000000,0.000000000,13.124083519,0,0.000000000,0.000000000,0.000000000
303,0.000000000,-0.600278139,2.719879150,1,1,1,0.000000000,0.000000000,0.000000000,13.157958031,0,0.000000000,0.000000000,0.000000000
304,-0.000001907,-0.600279927,2.720428467,1,1,1,0.000000000,0.000000000,0.000000000,13.190917015,0,0.000000000,0.000000000,0.000000000
305,0.000000000,-0.600281715,2.720993042,1,1,1,0.000000000,0.000000000,0.000000000,13.224791527,0,0.000000000,0.000000000,0.000000000
306,0.000000000,-0.600283504,2.721542358,1,1,1,0.000000000,0.000000000,0.000000000,13.258666039,0,0.000000000,0.000000000,0.000000000
307,0.000000000,-0.600285411,2.722106934,1,1,1,0.000000000,0.000000000,0.000000000,13.291625023,0,0.000000000,0.000000000,0.000000000
308,0.000000000,-0.600287199,2.722656250,1,1,1,0.000000000,0.000000000,0.000000000,13.325499535,0,0.000000000,0.000000000,0.000000000
309,0.000000000,-0.600288987,2.723220825,1,1,1,0.000000000,0.000000000,0.000000000,13.358458519,0,0.000000000,0.000000000,0.000000000
310,0.000000000,-0.600290895,2.723770142,1,1,1,0.000000000,0.000000000,0.000000000,13.392333031,0,0.000000000,0.000000000,0.000000000
311,0.000000000,-0.600292683,2.724319458,1,1,1,0.000000000,0.000000000,0.000000000,13.425292015,0,0.000000000,0.000000000,0.000000000
312,0.000000000,-0.600294471,2.724868774,1,1,1,0.000000000,0.000000000,0.000000000,13.458250999,0,0.000000000,0.000000000,0.000000000
313,0.000000000,-0.600296259,2.725418091,1,1,1,0.000000000,0.000000000,0.000000000,13.491209984,0,0.000000000,0.000000000,0.000000000
314,0.000000000,-0.600298047,2.725967407,1,1,1,0.000000000,0.000000000,0.000000000,13.524168968,0,0.000000000,0.000000000,0.000000000
315,0.000000000,-0.600299835,2.726516724,1,1,1,0.000000000,0.000000000,0.000000000,13.557127953,0,0.000000000,0.000000000,0.000000000
316,0.000000000,-0.600301623,2.727066040,1,1,1,0.000000000,0.000000000,0.000000000,13.590086937,0,0.000000000,0.000000000,0.000000000
317,0.000000000,-0.600303411,2.727615356,1,1,1,0.000000000,0.000000000,0.000000000,13.623045921,0,0.000000000,0.000000000,0.000000000
318,0.000000000,-0.600305200,2.728164673,1,1,1,0.000000000,0.000000000,0.000000000,13.656004906,0,0.000000000,0.000000000,0.000000000
319,0.000000000,-0.600306988,2.728713989,1,1,1,0.000000000,0.000000000,0.000000000,13.688963890,0,0.000000000,0.000000000,0.000000000
320,0.000000000,-0.600308895,2.729263306,1,1,1,0.000000000,0.000000000,0.000000000,13.721922874,0,0.000000000,0.000000000,0.000000000
321,0.000000000,-0.600310564,2.729797363,1,1,1,0.000000000,0.000000000,0.000000000,13.754881859,0,0.000000000,0.000000000,0.000000000
322,0.000000000,-0.600312352,2.730346680,1,1,1,0.000000000,0.000000000,0.000000000,13.786925316,0,0.000000000,0.000000000,0.000000000
323,0.000000000,-0.600314140,2.730880737,1,1,1,0.000000000,0.000000000,0.000000000,13.819884300,0,0.000000000,0.000000000,0.000000000
324,0.000000000,-0.600315928,2.731430054,1,1,1,0.000000000,0.000000000,0.000000000,13.851927757,0,0.000000000,0.000000000,0.000000000
325,0.000000000,-0.600317717,2.731964111,1,1,1,0.000000000,0.000000000,0.000000000,13.884886742,0,0.000000000,0.000000000,0.000000000
326,0.000000000,-0.600319505,2.732513428,1,1,1,0.000000000,0.000000000,0.000000000,13.916930199,0,0.000000000,0.000000000,0.000000000
327,0.000000000,-0.600321293,2.733047485,1,1,1,0.000000000,0.000000000,0.000000000,13.949889183,0,0.000000000,0.000000000,0.000000000
328,0.000000000,-0.600322962,2.733581543,1,1,1,0.000000000,0.000000000,0.000000000,13.981932640,0,0.000000000,0.000000000,0.000000000
329,0.000000000,-0.600324750,2.734115601,1,1,1,0.000000000,0.000000000,0.000000000,14.013976097,0,0.000000000,0.000000000,0.000000000
330,0.000000000,-0.600326538,2.734649658,1,1,1,0.000000000,0.000000000,0.000000000,14.046019554,0,0.000000000,0.000000000,0.000000000
331,0.000000000,-0.600328207,2.735183716,1,1,1,0.000000000,0.000000000,0.000000000,14.078063011,0,0.000000000,0.000000000,0.000000000
332,0.000000000,-0.600329995,2.735717773,1,1,1,0.000000000,0.000000000,0.000000000,14.110106468,0,0.000000000,0.000000000,0.000000000
333,0.000000000,-0.600331783,2.736251831,1,1,1,0.000000000,0.000000000,0.000000000,14.142149925,0,0.000000000,0.000000000,0.000000000
334,0.000000000,-0.600333452,2.736785889,1,1,1,0.000000000,0.000000000,0.000000000,14.174193382,0,0.000000000,0.000000000,0.000000000
335,0.000000000,-0.600335240,2.737319946,1,1,1,0.000000000,0.000000000,0.000000000,14.206236839,0,0.000000000,0.000000000,0.000000000
336,0.000000000,-0.600336909,2.737854004,1,1,1,0.000000000,0.000000000,0.000000000,14.238280296,0,0.000000000,0.000000000,0.000000000
337,0.000000000,-0.600338697,2.738372803,1,1,1,0.000000000,0.000000000,0.000000000,14.270323753,0,0.000000000,0.000000000,0.000000000
338,0.000000000,-0.600340366,2.738906860,1,1,1,0.000000000,0.000000000,0.000000000,14.301451683,0,0.000000000,0.000000000,0.000000000
339,0.000000000,-0.600342155,2.739440918,1,1,1,0.000000000,0.000000000,0.000000000,14.333495140,0,0.000000000,0.000000000,0.000000000
340,0.000000000,-0.600343823,2.739959717,1,1,1,0.000000000,0.000000000,0.000000000,14.365538597,0,0.000000000,0.000000000,0.000000000
341,0.000000000,-0.600345612,2.740493774,1,1,1,0.000000000,0.000000000,0.000000000,14.396666527,0,0.000000000,0.000000000,0.000000000
342,0.000000000,-0.600347281,2.741012573,1,1,1,0.000000000,0.000000000,0.000000000,14.428709984,0,0.000000000,0.000000000,0.000000000
343,-0.000001907,-0.600349069,2.741531372,1,1,1,0.000000000,0.000000000,0.000000000,14.459837914,0,0.000000000,0.000000000,0.000000000
344,-0.000001907,-0.600350738,2.742065430,1,1,1,0.000000000,0.000000000,0.000000000,14.490965843,0,0.000000000,0.000000000,0.000000000
345,-0.000001907,-0.600352407,2.742584229,1,1,1,0.000000000,0.000000000,0.000000000,14.523009300,0,0.000000000,0.000000000,0.000000000
346,-0.000001907,-0.600354195,2.743103027,1,1,1,0.000000000,0.000000000,0.000000000,14.554137230,0,0.000000000,0.000000000,0.000000000
347,-0.000001907,-0.600355864,2.743621826,1,1,1,0.000000000,0.000000000,0.000000000,14.585265160,0,0.000000000,0.000000000,0.000000000
348,-0.000001907,-0.600357533,2.744140625,1,1,1,0.000000000,0.000000000,0.000000000,14.616393089,0,0.000000000,0.000000000,0.000000000
349,-0.000001907,-0.600359201,2.744659424,1,1,1,0.000000000,0.000000000,0.000000000,14.647521019,0,0.000000000,0.000000000,0.000000000
350,-0.000001907,-0.600360990,2.745178223,1,1,1,0.000000000,0.000000000,0.000000000,14.678648949,0,0.000000000,0.000000000,0.000000000
351,-0.000001907,-0.600362659,2.745697021,1,1,1,0.000000000,0.000000000,0.000000000,14.709776878,0,0.000000000,0.000000000,0.000000000
352,-0.000001907,-0.600364327,2.746215820,1,1,1,0.000000000,0.000000000,0.000000000,14.740904808,0,0.000000000,0.000000000,0.000000000
353,-0.000001907,-0.600365996,2.746734619,1,1,1,0.000000000,0.000000000,0.000000000,14.772032738,0,0.000000000,0.000000000,0.000000000
354,-0.000001907,-0.600367785,2.747253418,1,1,1,0.000000000,0.000000000,0.000000000,14.803160667,0,0.000000000,0.000000000,0.000000000
355,-0.000001907,-0.600369334,2.747756958,1,1,1,0.000000000,0.000000000,0.000000000,14.834288597,0,0.000000000,0.000000000,0.000000000
356,-0.000001907,-0.600371122,2.748275757,1,1,1,0.000000000,0.000000000,0.000000000,14.864500999,0,0.000000000,0.000000000,0.000000000
357,-0.000001907,-0.600372791,2.748794556,1,1,1,0.000000000,0.000000000,0.000000000,14.895628929,0,0.000000000,0.000000000,0.000000000
358,-0.000001907,-0.600568533,2.808578491,1,1,1,0.000000000,0.000000000,0.000000000,14.926756859,0,0.000000000,0.000000000,0.000000000
359,-0.000001907,-0.600837946,2.890884399,1,1,1,0.000000000,0.000000000,0.000000000,14.956969261,0,0.000000000,0.000000000,0.000000000
360,-0.000001907,-0.601114392,2.975311279,1,1,1,0.000000000,0.000000000,0.000000000,14.987181664,0,0.000000000,0.000000000,0.000000000
361,-0.000003815,-0.600366831,3.059906006,1,1,1,0.000000000,0.000000000,0.000000000,15.018309593,0,0.000000000,0.000000000,0.000000000
362,-0.000003815,-0.600644350,3.144668579,1,1,1,0.000000000,0.000000000,0.000000000,15.048521996,0,0.000000000,0.000000000,0.000000000
363,-0.000005722,-0.600922465,3.229598999,1,1,1,0.000000000,0.000000000,0.000000000,15.079649925,0,0.000000000,0.000000000,0.000000000
364,-0.000005722,-0.601194561,3.312728882,1,1,1,0.000000000,0.000000000,0.000000000,15.109862328,0,0.000000000,0.000000000,0.000000000
365,-0.000007629,-0.600372970,3.398025513,1,1,1,0.000000000,0.000000000,0.000000000,15.140074730,0,0.000000000,0.000000000,0.000000000
366,-0.000007629,-0.600652635,3.483459473,1,1,1,0.000000000,0.000000000,0.000000000,15.170287132,0,0.000000000,0.000000000,0.000000000
367,-0.000007629,-0.600932956,3.569076538,1,1,1,0.000000000,0.000000000,0.000000000,15.200499535,0,0.000000000,0.000000000,0.000000000
368,-0.000009537,-0.601213813,3.654861450,1,1,1,0.000000000,0.000000000,0.000000000,15.230711937,0,0.000000000,0.000000000,0.000000000
369,-0.000009537,-0.600381613,3.740814209,1,1,1,0.000000000,0.000000000,0.000000000,15.260924339,0,0.000000000,0.000000000,0.000000000
370,-0.000013351,-0.600663543,3.826934814,1,1,0,0.000000000,0.000000000,0.000000000,15.291136742,0,0.000000000,0.000000000,0.000000000
371,-0.000013351,-0.600945950,3.913223267,1,1,0,0.000000000,0.000000000,0.000000000,15.321349144,0,0.000000000,0.000000000,0.000000000
372,-0.000015259,-0.601222515,3.997665405,1,1,0,0.000000000,0.000000000,0.000000000,15.351561546,0,0.000000000,0.000000000,0.000000000
373,-0.000015259,-0.600386202,4.084274292,1,1,0,0.000000000,0.000000000,0.000000000,15.380858421,0,0.000000000,0.000000000,0.000000000
374,-0.000015259,-0.600670397,4.171066284,1,1,0,0.000000000,0.000000000,0.000000000,15.411070824,0,0.000000000,0.000000000,0.000000000
375,-0.000017166,-0.600955009,4.258010864,1,1,0,0.000000000,0.000000000,0.000000000,15.441283226,0,0.000000000,0.000000000,0.000000000
376,-0.000017166,-0.615822971,4.345092773,1,0,0,0.000000000,0.000000000,0.000000000,15.470580101,0,0.000000000,0.000000000,0.000000000
377,-0.000019073,-0.660371602,4.431213379,1,0,0,0.000000000,0.000000000,0.000000000,15.500792503,0,0.000000000,0.000000000,0.000000000
378,-0.000019073,-0.668989301,4.518661499,0,0,0,0.000000000,-0.500000000,0.000000000,10.328077316,0,0.000000000,0.000000000,0.000000000
379,-0.000019073,-0.680895448,4.778442383,0,0,0,0.000000000,-0.663333356,0.000000000,0.000000000,0,0.000000000,0.000000000,0.000000000
380,-0.000020981,-0.695525467,5.038711548,0,0,0,0.000000000,-0.826666713,0.000000000,0.000000000,0,0.000000000,0.000000000,0.000000000
381,-0.000020981,-0.712879300,5.299484253,0,0,0,0.000000000,-0.990000069,0.000000000,0.000000000,0,0.000000000,0.000000000,0.000000000
382,-0.000020981,-0.732956946,5.560729980,0,0,0,0.000000000,-1.153333426,0.000000000,0.000000000,0,0.000000000,0.000000000,0.000000000
383,-0.000022888,-0.755758405,5.822448730,0,0,0,0.000000000,-1.316666722,0.000000000,0.000000000,0,0.000000000,0.000000000,0.000000000
384,-0.000022888,-0.781283677,6.084640503,0,0,0,0.000000000,-1.480000019,0.000000000,0.000000000,0,0.000000000,0.000000000,0.000000000
385,-0.000024796,-0.809532762,6.347320557,0,0,0,0.000000000,-1.643333316,0.000000000,0.000000000,0,0.000000000,0.000000000,0.000000000
386,-0.000024796,-0.840505540,6.610473633,0,0,0,0.000000000,-1.806666613,0.000000000,0.000000000,0,0.000000000,0.000000000,0.000000000
387,-0.000024796,-0.874202251,6.874114990,0,0,0,0.000000000,-1.969999909,0.000000000,0.000000000,0,0.000000000,0.000000000,0.000000000
388,-0.000026703,-0.910622716,7.138244629,0,0,0,0.000000000,-2.133333206,0.000000000,0.000000000,0,0.000000000,0.000000000,0.000000000
389,-0.000026703,-0.949766994,7.402832031,0,0,0,0.000000000,-2.296666622,0.000000000,0.000000000,0,0.000000000,0.000000000,0.000000000
390,-0.000026703,-0.991635084,7.667907715,0,0,0,0.000000000,-2.460000038,0.000000000,0.000000000,0,0.000000000,0.000000000,0.000000000
391,-0.000028610,-1.003435373,7.933547974,1,0,0,0.000000000,0.000000000,0.000000000,0.000000000,0,0.000000000,0.000000000,0.000000000
392,-0.000028610,-1.004306912,8.199722290,1,0,0,0.000000000,0.000000000,0.000000000,0.000000000,0,0.000000000,0.000000000,0.000000000
393,-0.000028610,-1.005179882,8.466369629,1,0,0,0.000000000,0.000000000,0.000000000,0.000000000,0,0.000000000,0.000000000,0.000000000
394,-0.000030518,-1.006054521,8.733505249,1,0,0,0.000000000,0.000000000,0.000000000,0.000000000,0,0.000000000,0.000000000,0.000000000
395,-0.000030518,-1.006930590,9.001098633,1,0,0,0.000000000,0.000000000,0.000000000,0.000000000,0,0.000000000,0.000000000,0.000000000
396,-0.000030518,-1.007808447,9.269195557,1,0,0,0.000000000,0.000000000,0.000000000,0.000000000,0,0.000000000,0.000000000,0.000000000
397,-0.000032425,-1.008687735,9.537765503,1,0,0,0.000000000,0.000000000,0.000000000,0.000000000,0,0.000000000,0.000000000,0.000000000
398,-0.000032425,-1.009568572,9.806823730,1,0,0,0.000000000,0.000000000,0.000000000,0.000000000,0,0.000000000,0.000000000,0.000000000
399,-0.000032425,-1.010451078,10.076354980,1,0,0,0.000000000,0.000000000,0.000000000,0.000000000,0,0.000000000,0.000000000,0.000000000
400,-0.000034332,-1.011335015,10.346359253,1,0,0,0.000000000,0.000000000,0.000000000,0.000000000,0,0.000000000,0.000000000,0.000000000
401,-0.000034332,-1.012220621,10.616836548,1,0,0,0.000000000,0.000000000,0.000000000,0.000000000,0,0.000000000,0.000000000,0.000000000
402,-0.000034332,-1.013107657,10.887786865,1,0,0,0.000000000,0.000000000,0.000000000,0.000000000,0,0.000000000,0.000000000,0.000000000
403,-0.000036240,-1.013996363,11.159225464,1,0,0,0.000000000,0.000000000,0.000000000,0.000000000,0,0.000000000,0.000000000,0.000000000
404,-0.000036240,-1.014886618,11.431137085,1,0,0,0.000000000,0.000000000,0.000000000,0.000000000,0,0.000000000,0.000000000,0.000000000
405,-0.000036240,-1.015778422,11.703506470,1,0,0,0.000000000,0.000000000,0.000000000,0.000000000,0,0.000000000,0.000000000,0.000000000
406,-0.000038147,-1.016671658,11.976348877,1,0,0,0.000000000,0.000000000,0.000000000,0.000000000,0,0.000000000,0.000000000,0.000000000
407,-0.000038147,-1.017566562,12.249664307,1,0,0,0.000000000,0.000000000,0.000000000,0.000000000,0,0.000000000,0.000000000,0.000000000
408,-0.000038147,-1.018462896,12.523452759,1,0,0,0.000000000,0.000000000,0.000000000,0.000000000,0,0.000000000,0.000000000,0.000000000
409,-0.000038147,-1.019360900,12.797714233,1,0,0,0.000000000,0.000000000,0.000000000,0.000000000,0,0.000000000,0.000000000,0.000000000
410,-0.000040054,-1.020260334,13.072448730,1,0,0,0.000000000,0.000000000,0.000000000,0.000000000,0,0.000000000,0.000000000,0.000000000
411,-0.000040054,-1.021161318,13.347640991,1,0,0,0.000000000,0.000000000,0.000000000,0.000000000,0,0.000000000,0.000000000,0.000000000
412,-0.000040054,-1.022063851,13.623306274,1,0,0,0.000000000,0.000000000,0.000000000,0.000000000,0,0.000000000,0.000000000,0.000000000
413,-0.000041962,-1.022967935,13.899444580,1,0,0,0.000000000,0.000000000,0.000000000,0.000000000,0,0.000000000,0.000000000,0.000000000
414,-0.000041962,-1.023873568,14.176040649,1,0,0,0.000000000,0.000000000,0.000000000,0.000000000,0,0.000000000,0.000000000,0.000000000
415,-0.000041962,-1.024780631,14.453094482,1,0,0,0.000000000,0.000000000,0.000000000,0.000000000,0,0.000000000,0.000000000,0.000000000
416,-0.000041962,-1.025689363,14.730621338,1,0,0,0.000000000,0.000000000,0.000000000,0.000000000,0,0.000000000,0.000000000,0.000000000
417,-0.000043869,-1.026599407,15.008605957,1,0,0,0.000000000,0.000000000,0.000000000,0.000000000,0,0.000000000,0.000000000,0.000000000
418,-0.000043869,-1.027511120,15.287063599,1,0,0,0.000000000,0.000000000,0.000000000,0.000000000,0,0.000000000,0.000000000,0.000000000
419,-0.000043869,-1.028424263,15.565979004,1,0,0,0.000000000,0.000000000,0.000000000,0.000000000,0,0.000000000,0.000000000,0.000000000
420,-0.000043869,-1.029338956,15.845352173,1,0,0,0.000000000,0.000000000,0.000000000,0.000000000,0,0.000000000,0.000000000,0.000000000
421,-0.000045776,-1.030255079,16.125183105,1,0,0,0.000000000,0.000000000,0.000000000,0.000000000,0,0.000000000,0.000000000,0.000000000
422,-0.000045776,-1.031172752,16.405471802,1,0,0,0.000000000,0.000000000,0.000000000,0.000000000,0,0.000000000,0.000000000,0.000000000
423,-0.000045776,-1.032091975,16.686218262,1,0,0,0.000000000,0.000000000,0.000000000,0.000000000,0,0.000000000,0.000000000,0.000000000
424,-0.000047684,-1.033012629,16.967422485,1,0,0,0.000000000,0.000000000,0.000000000,0.000000000,0,0.000000000,0.000000000,0.000000000
425,-0.000047684,-1.033922434,17.249069214,1,0,0,0.000000000,0.000000000,0.000000000,0.000000000,0,-0.000000000,0.000000000,0.000000000
426,-0.000047684,-1.034845829,17.531188965,1,0,0,0.000000000,0.000000000,0.000000000,0.000000000,0,-0.000000000,0.000000000,0.000000000
427,-0.000047684,-1.035770655,17.813766479,1,0,0,0.000000000,0.000000000,0.000000000,0.000000000,0,-0.000000000,0.000000000,0.000000000
428,-0.000049591,-1.036697149,18.096801758,1,0,0,0.000000000,0.000000000,0.000000000,0.000000000,0,-0.000000000,0.000000000,0.000000000
429,-0.000049591,-1.037625074,18.380294800,1,0,0,0.000000000,0.000000000,0.000000000,0.000000000,0,-0.000000000,0.000000000,0.000000000
430,-0.000049591,-1.038554668,18.664245605,1,0,0,0.000000000,0.000000000,0.000000000,0.000000000,0,-0.000000000,0.000000000,0.000000000
431,-0.000049591,-1.039485455,18.948638916,1,0,0,0.000000000,0.000000000,0.000000000,0.000000000,0,-0.000000000,0.000000000,0.000000000
432,-0.000051498,-1.040417910,19.233489990,1,0,0,0.000000000,0.000000000,0.000000000,0.000000000,0,-0.000000000,0.000000000,0.000000000
433,-0.000051498,-1.041351795,19.518783569,1,0,0,0.000000000,0.000000000,0.000000000,0.000000000,0,-0.000000000,0.000000000,0.000000000
434,-0.000051498,-1.042287111,19.804534912,1,0,0,0.000000000,0.000000000,0.000000000,0.000000000,0,-0.000000000,0.000000000,0.000000000
435,-0.000051498,-1.043223858,20.090713501,1,0,0,0.000000000,0.000000000,0.000000000,0.000000000,0,-0.000000000,0.000000000,0.000000000
436,-0.000051498,-1.044162273,20.377365112,1,0,0,0.000000000,0.000000000,0.000000000,0.000000000,0,-0.000000000,0.000000000,0.000000000
437,-0.000053406,-1.045101881,20.664459229,1,0,0,0.000000000,0.000000000,0.000000000,0.000000000,0,-0.000000000,0.000000000,0.000000000
438,-0.000053406,-1.046043158,20.951995850,1,0,0,0.000000000,0.000000000,0.000000000,0.000000000,0,-0.000000000,0.000000000,0.000000000
439,-0.000053406,-1.046985865,21.239990234,1,0,0,0.000000000,0.000000000,0.000000000,0.000000000,0,-0.000000000,0.000000000,0.000000000
440,-0.000053406,-1.047930002,21.528427124,1,0,0,0.000000000,0.000000000,0.000000000,0.000000000,0,-0.000000000,0.000000000,0.000000000
441,-0.000055313,-1.048875570,21.817306519,1,0,0,0.000000000,0.000000000,0.000000000,0.000000000,0,-0.000000000,0.000000000,0.000000000
442,-0.000055313,-1.049822569,22.106628418,1,0,0,0.000000000,0.000000000,0.000000000,0.000000000,0,-0.000000000,0.000000000,0.000000000
443,-0.000055313,-1.050771117,22.396392822,1,0,0,0.000000000,0.000000000,0.000000000,0.000000000,0,-0.000000000,0.000000000,0.000000000
444,-0.000055313,-1.051721096,22.686584473,1,0,0,0.000000000,0.000000000,0.000000000,0.000000000,0,-0.000000000,0.000000000,0.000000000
445,-0.000055313,-1.052672386,22.977233887,1,0,0,0.000000000,0.000000000,0.000000000,0.000000000,0,-0.000000000,0.000000000,0.000000000
446,-0.000057220,-1.053625345,23.268325806,1,0,0,0.000000000,0.000000000,0.000000000,0.000000000,0,-0.000000000,0.000000000,0.000000000
447,-0.000057220,-1.054579496,23.559860229,1,0,0,0.000000000,0.000000000,0.000000000,0.000000000,0,-0.000000000,0.000000000,0.000000000
448,-0.000057220,-1.055535316,23.851837158,1,0,0,0.000000000,0.000000000,0.000000000,0.000000000,0,-0.000000000,0.000000000,0.000000000
449,-0.000057220,-1.056492329,24.144256592,1,0,0,0.000000000,0.000000000,0.000000000,0.000000000,0,-0.000000000,0.000000000,0.000000000
450,-0.000057220,-1.057451010,24.437118530,1,0,0,0.000000000,0.000000000,0.000000000,0.000000000,0,-0.000000000,0.000000000,0.000000000
451,-0.000057220,-1.058411121,24.730407715,1,0,0,0.000000000,0.000000000,0.000000000,0.000000000,0,-0.000000000,0.000000000,0.000000000
452,-0.000059128,-1.059372544,25.024139404,1,0,0,0.000000000,0.000000000,0.000000000,0.000000000,0,-0.000000000,0.000000000,0.000000000
453,-0.000059128,-1.060335398,25.318298340,1,0,0,0.000000000,0.000000000,0.000000000,0.000000000,0,-0.000000000,0.000000000,0.000000000
454,-0.000059128,-1.061299801,25.612884521,1,0,0,0.000000000,0.000000000,0.000000000,0.000000000,0,-0.000000000,0.000000000,0.000000000
455,-0.000059128,-1.062265515,25.907928467,1,0,0,0.000000000,0.000000000,0.000000000,0.000000000,0,-0.000000000,0.000000000,0.000000000
456,-0.000059128,-1.063232660,26.203399658,1,0,0,0.000000000,0.000000000,0.000000000,0.000000000,0,-0.000000000,0.000000000,0.000000000
457,-0.000059128,-1.064201236,26.499298096,1,0,0,0.000000000,0.000000000,0.000000000,0.000000000,0,-0.000000000,0.000000000,0.000000000
458,-0.000061035,-1.065171242,26.795639038,1,0,0,0.000000000,0.000000000,0.000000000,0.000000000,0,-0.000000000,0.000000000,0.000000000
459,-0.000061035,-1.066142559,27.092407227,1,0,0,0.000000000,0.000000000,0.000000000,0.000000000,0,-0.000000000,0.000000000,0.000000000
460,-0.000061035,-1.067115545,27.389602661,1,0,0,0.000000000,0.000000000,0.000000000,0.000000000,0,-0.000000000,0.000000000,0.000000000
461,-0.000061035,-1.068089724,27.687240601,1,0,0,0.000000000,0.000000000,0.000000000,0.000000000,0,-0.000000000,0.000000000,0.000000000
462,-0.000061035,-1.069065332,27.985305786,1,0,0,0.000000000,0.000000000,0.000000000,0.000000000,0,-0.000000000,0.000000000,0.000000000
463,-0.000061035,-1.070042372,28.283782959,1,0,0,0.000000000,0.000000000,0.000000000,0.000000000,0,-0.000000000,0.000000000,0.000000000
464,-0.000061035,-1.071020842,28.582702637,1,0,0,0.000000000,0.000000000,0.000000000,0.000000000,0,-0.000000000,0.000000000,0.000000000
465,-0.000062943,-1.072000742,28.882049561,1,0,0,0.000000000,0.000000000,0.000000000,0.000000000,0,-0.000000000,0.000000000,0.000000000
466,-0.000062943,-1.072982073,29.181823730,1,0,0,0.000000000,0.000000000,0.000000000,0.000000000,0,-0.000000000,0.000000000,0.000000000
467,-0.000062943,-1.073964596,29.482025146,1,0,0,0.000000000,0.000000000,0.000000000,0.000000000,0,-0.000000000,0.000000000,0.000000000
468,-0.000062943,-1.074948668,29.782653809,1,0,0,0.000000000,0.000000000,0.000000000,0.000000000,0,-0.000000000,0.000000000,0.000000000
469,-0.000062943,-1.075934172,30.083709717,1,0,0,0.000000000,0.000000000,0.000000000,0.000000000,0,-0.000000000,0.000000000,0.000000000
470,-0.000062943,-1.076920986,30.385177612,1,0,0,0.000000000,0.000000000,0.000000000,0.000000000,0,-0.000000000,0.000000000,0.000000000
471,-0.000062943,-1.077909112,30.687072754,1,0,0,0.000000000,0.000000000,0.000000000,0.000000000,0,-0.000000000,0.000000000,0.000000000
472,-0.000064850,-1.078898668,30.989395142,1,0,0,0.000000000,0.000000000,0.000000000,0.000000000,0,-0.000000000,0.000000000,0.000000000
473,-0.000064850,-1.079889774,31.292129517,1,0,0,0.000000000,0.000000000,0.000000000,0.000000000,0,-0.000000000,0.000000000,0.000000000
474,-0.000064850,-1.080882072,31.595291138,1,0,0,0.000000000,0.000000000,0.000000000,0.000000000,0,-0.000000000,0.000000000,0.000000000
475,-0.000064850,-1.081875801,31.898880005,1,0,0,0.000000000,0.000000000,0.000000000,0.000000000,0,-0.000000000,0.000000000,0.000000000
476,-0.000064850,-1.082870841,32.202880859,1,0,0,0.000000000,0.000000000,0.000000000,0.000000000,0,-0.000000000,0.000000000,0.000000000
477,-0.000064850,-1.083867311,32.507293701,1,0,0,0.000000000,0.000000000,0.000000000,0.000000000,0,-0.000000000,0.000000000,0.000000000
478,-0.000064850,-1.084865093,32.812133789,1,0,0,0.000000000,0.000000000,0.000000000,0.000000000,0,-0.000000000,0.000000000,0.000000000
479,-0.000064850,-1.085864305,33.117385864,1,0,0,0.000000000,0.000000000,0.000000000,0.000000000,0,-0.000000000,0.000000000,0.000000000
480,-0.000064850,-1.086864948,33.423065186,1,0,0,0.000000000,0.000000000,0.000000000,0.000000000,0,-0.000000000,0.000000000,0.000000000
481,-0.000064850,-1.087866783,33.729156494,1,0,0,0.000000000,0.000000000,0.000000000,0.000000000,0,-0.000000000,0.000000000,0.000000000
482,-0.000066757,-1.088870049,34.035667419,1,0,0,0.000000000,0.000000000,0.000000000,0.000000000,0,-0.000000000,0.000000000,0.000000000
483,-0.000066757,-1.089874744,34.342590332,1,0,0,0.000000000,0.000000000,0.000000000,0.000000000,0,-0.000000000,0.000000000,0.000000000
484,-0.000066757,-1.090880871,34.649925232,1,0,0,0.000000000,0.000000000,0.000000000,0.000000000,0,-0.000000000,0.000000000,0.000000000
485,-0.000066757,-1.091888189,34.957679749,1,0,0,0.000000000,0.000000000,0.000000000,0.000000000,0,-0.000000000,0.000000000,0.000000000
486,-0.000066757,-1.092896938,35.265846252,1,0,0,0.000000000,0.000000000,0.000000000,0.000000000,0,-0.000000000,0.000000000,0.000000000
487,-0.000066757,-1.093906879,35.574424744,1,0,0,0.000000000,0.000000000,0.000000000,0.000000000,0,-0.000000000,0.000000000,0.000000000
488,-0.000066757,-1.094918370,35.883415222,1,0,0,0.000000000,0.000000000,0.000000000,0.000000000,0,-0.000000000,0.000000000,0.000000000
489,-0.000066757,-1.095931053,36.192810059,1,0,0,0.000000000,0.000000000,0.000000000,0.000000000,0,-0.000000000,0.000000000,0.000000000
490,-0.000066757,-1.096945286,36.502624512,1,0,0,0.000000000,0.000000000,0.000000000,0.000000000,0,-0.000000000,0.000000000,0.000000000
491,-0.000066757,-1.097960711,36.812843323,1,0,0,0.000000000,0.000000000,0.000000000,0.000000000,0,-0.000000000,0.000000000,0.000000000
492,-0.000066757,-1.098977566,37.123474121,1,0,0,0.000000000,0.000000000,0.000000000,0.000000000,0,-0.000000000,0.000000000,0.000000000
493,-0.000066757,-1.099995613,37.434501648,1,0,0,0.000000000,0.000000000,0.000000000,0.000000000,0,-0.000000000,0.000000000,0.000000000
494,-0.000068665,-1.101015091,37.745948792,1,0,0,0.000000000,0.000000000,0.000000000,0.000000000,0,-0.000000000,0.000000000,0.000000000
495,-0.000068665,-1.102035761,38.057800293,1,0,0,0.000000000,0.000000000,0.000000000,0.000000000,0,-0.000000000,0.000000000,0.000000000
496,-0.000068665,-1.103057861,38.370056152,1,0,0,0.000000000,0.000000000,0.000000000,0.000000000,0,-0.000000000,0.000000000,0.000000000
497,-0.000068665,-1.104081392,38.682708740,1,0,0,0.000000000,0.000000000,0.000000000,0.000000000,0,-0.000000000,0.000000000,0.000000000
498,-0.000068665,-1.105106115,38.995780945,1,0,0,0.000000000,0.000000000,0.000000000,0.000000000,0,-0.000000000,0.000000000,0.000000000
499,-0.000068665,-1.106132269,39.309249878,1,0,0,0.000000000,0.000000000,0.000000000,0.000000000,0,-0.000000000,0.000000000,0.000000000
500,-0.000068665,-1.107159615,39.623123169,1,0,0,0.000000000,0.000000000,0.000000000,0.000000000,0,-0.000000000,0.000000000,0.000000000
501,-0.000068665,-1.108188391,39.937400818,1,0,0,0.000000000,0.000000000,0.000000000,0.000000000,0,-0.000000000,0.000000000,0.000000000
502,-0.000068665,-1.109218359,40.252075195,1,0,0,0.000000000,0.000000000,0.000000000,0.000000000,0,-0.000000000,0.000000000,0.000000000
503,-0.000068665,-1.110249758,40.567161560,1,0,0,0.000000000,0.000000000,0.000000000,0.000000000,0,-0.000000000,0.000000000,0.000000000
504,-0.000068665,-1.111282587,40.882644653,1,0,0,0.000000000,0.000000000,0.000000000,0.000000000,0,-0.000000000,0.000000000,0.000000000
505,-0.000068665,-1.112316370,41.198524475,1,0,0,0.000000000,0.000000000,0.000000000,0.000000000,0,-0.000000000,0.000000000,0.000000000
506,-0.000068665,-1.113351822,41.514801025,1,0,0,0.000000000,0.000000000,0.000000000,0.000000000,0,-0.000000000,0.000000000,0.000000000
507,-0.000068665,-1.114428043,41.831481934,1,0,0,0.000000000,0.000000000,0.000000000,0.000000000,0,-0.000000000,0.000000000,0.000000000
508,-0.000068665,-1.115466356,42.148559570,1,0,0,0.000000000,0.000000000,0.000000000,0.000000000,0,-0.000000000,0.000000000,0.000000000
509,-0.000068665,-1.116505742,42.466033936,1,0,0,0.000000000,0.000000000,0.000000000,0.000000000,0,-0.000000000,0.000000000,0.000000000
510,-0.000068665,-1.117546558,42.783905029,1,0,0,0.000000000,0.000000000,0.000000000,0.000000000,0,-0.000000000,0.000000000,0.000000000
511,-0.000068665,-1.118588686,43.102165222,1,0,0,0.000000000,0.000000000,0.000000000,0.000000000,0,-0.000000000,0.000000000,0.000000000
512,-0.000068665,-1.119632006,43.420829773,1,0,0,0.000000000,0.000000000,0.000000000,0.000000000,0,-0.000000000,0.000000000,0.000000000
513,-0.000068665,-1.120676756,43.739891052,1,0,0,0.000000000,0.000000000,0.000000000,0.000000000,0,-0.000000000,0.000000000,0.000000000
514,-0.000068665,-1.121722698,44.059349060,1,0,0,0.000000000,0.000000000,0.000000000,0.000000000,0,-0.000000000,0.000000000,0.000000000
515,-0.000068665,-1.122769952,44.379188538,1,0,0,0.000000000,0.000000000,0.000000000,0.000000000,0,-0.000000000,0.000000000,0.000000000
516,-0.000068665,-1.123818398,44.699432373,1,0,0,0.000000000,0.000000000,0.000000000,0.000000000,0,-0.000000000,0.000000000,0.000000000
517,-0.000068665,-1.124868393,45.020065308,1,0,0,0.000000000,0.000000000,0.000000000,0.000000000,0,-0.000000000,0.000000000,0.000000000
518,-0.000068665,-1.125919342,45.341087341,1,0,0,0.000000000,0.000000000,0.000000000,0.000000000,0,-0.000000000,0.000000000,0.000000000
519,-0.000068665,-1.126971841,45.662498474,1,0,0,0.000000000,0.000000000,0.000000000,0.000000000,0,-0.000000000,0.000000000,0.000000000
520,-0.000068665,-1.128025532,45.984306335,1,0,0,0.000000000,0.000000000,0.000000000,0.000000000,0,-0.000000000,0.000000000,0.000000000
521,-0.000068665,-1.129080534,46.306503296,1,0,0,0.000000000,0.000000000,0.000000000,0.000000000,0,-0.000000000,0.000000000,0.000000000
522,-0.000068665,-1.130136728,46.629089355,1,0,0,0.000000000,0.000000000,0.000000000,0.000000000,0,-0.000000000,0.000000000,0.000000000
523,-0.000068665,-1.131194115,46.952064514,1,0,0,0.000000000,0.000000000,0.000000000,0.000000000,0,-0.000000000,0.000000000,0.000000000
524,-0.000068665,-1.132252932,47.275413513,1,0,0,0.000000000,0.000000000,0.000000000,0.000000000,0,-0.000000000,0.000000000,0.000000000
525,-0.000068665,-1.133312941,47.599159241,1,0,0,0.000000000,0.000000000,0.000000000,0.000000000,0,-0.000000000,0.000000000,0.000000000
526,-0.000068665,-1.134374142,47.923294067,1,0,0,0.000000000,0.000000000,0.000000000,0.000000000,0,-0.000000000,0.000000000,0.000000000
527,-0.000068665,-1.135436773,48.247810364,1,0,0,0.000000000,0.000000000,0.000000000,0.000000000,0,-0.000000000,0.000000000,0.000000000
528,-0.000068665,-1.136500597,48.572708130,1,0,0,0.000000000,0.000000000,0.000000000,0.000000000,0,-0.000000000,0.000000000,0.000000000
529,-0.000068665,-1.137565613,48.897994995,1,0,0,0.000000000,0.000000000,0.000000000,0.000000000,0,-0.000000000,0.000000000,0.000000000
530,-0.000068665,-1.138632059,49.223670959,1,0,0,0.000000000,0.000000000,0.000000000,0.000000000,0,-0.000000000,0.000000000,0.000000000
531,-0.000068665,-1.139699578,49.549728394,1,0,0,0.000000000,0.000000000,0.000000000,0.000000000,0,-0.000000000,0.000000000,0.000000000
532,-0.000068665,-1.140768409,49.876159668,1,0,0,0.000000000,0.000000000,0.000000000,0.000000000,0,-0.000000000,0.000000000,0.000000000
533,-0.000068665,-1.141838551,50.202980042,1,0,0,0.000000000,0.000000000,0.000000000,0.000000000,0,-0.000000000,0.000000000,0.000000000
534,-0.000068665,-1.142909765,50.530181885,1,0,0,0.000000000,0.000000000,0.000000000,0.000000000,0,-0.000000000,0.000000000,0.000000000
535,-0.000068665,-1.143982410,50.857765198,1,0,0,0.000000000,0.000000000,0.000000000,0.000000000,0,-0.000000000,0.000000000,0.000000000
536,-0.000068665,-1.145056248,51.185729980,1,0,0,0.000000000,0.000000000,0.000000000,0.000000000,0,-0.000000000,0.000000000,0.000000000
537,-0.000068665,-1.146131277,51.514060974,1,0,0,0.000000000,0.000000000,0.000000000,0.000000000,0,-0.000000000,0.000000000,0.000000000
538,-0.000068665,-1.147207737,51.842781067,1,0,0,0.000000000,0.000000000,0.000000000,0.000000000,0,-0.000000000,0.000000000,0.000000000
539,-0.000068665,-1.148285151,52.171882629,1,0,0,0.000000000,0.000000000,0.000000000,0.000000000,0,-0.000000000,0.000000000,0.000000000
540,-0.000068665,-1.149363995,52.501358032,1,0,0,0.000000000,0.000000000,0.000000000,0.000000000,0,-0.000000000,0.000000000,0.000000000
541,-0.000068665,-1.150444031,52.831199646,1,0,0,0.000000000,0.000000000,0.000000000,0.000000000,0,-0.000000000,0.000000000,0.000000000
542,-0.000068665,-1.151525259,53.161430359,1,0,0,0.000000000,0.000000000,0.000000000,0.000000000,0,-0.000000000,0.000000000,0.000000000
543,-0.000068665,-1.152607679,53.492034912,1,0,0,0.000000000,0.000000000,0.000000000,0.000000000,0,-0.000000000,0.000000000,0.000000000
544,-0.000066757,-1.153691530,53.823013306,1,0,0,0.000000000,0.000000000,0.000000000,0.000000000,0,-0.000000000,0.000000000,0.000000000
545,-0.000066757,-1.154776335,54.154357910,1,0,0,0.000000000,0.000000000,0.000000000,0.000000000,0,-0.000000000,0.000000000,0.000000000
546,-0.000066757,-1.155862570,54.486083984,1,0,0,0.000000000,0.000000000,0.000000000,0.000000000,0,-0.000000000,0.000000000,0.000000000
547,-0.000066757,-1.156949878,54.818183899,1,0,0,0.000000000,0.000000000,0.000000000,0.000000000,0,-0.000000000,0.000000000,0.000000000
548,-0.000066757,-1.158038497,55.150657654,1,0,0,0.000000000,0.000000000,0.000000000,0.000000000,0,-0.000000000,0.000000000,0.000000000
549,-0.000066757,-1.159128308,55.483497620,1,0,0,0.000000000,0.000000000,0.000000000,0.000000000,0,-0.000000000,0.000000000,0.000000000
550,-0.000066757,-1.160219431,55.816711426,1,0,0,0.000000000,0.000000000,0.000000000,0.000000000,0,-0.000000000,0.000000000,0.000000000
551,-0.000066757,-1.161311626,56.150299072,1,0,0,0.000000000,0.000000000,0.000000000,0.000000000,0,-0.000000000,0.000000000,0.000000000
552,-0.000066757,-1.162405014,56.484252930,1,0,0,0.000000000,0.000000000,0.000000000,0.000000000,0,-0.000000000,0.000000000,0.000000000
553,-0.000066757,-1.163499713,56.818572998,1,0,0,0.000000000,0.000000000,0.000000000,0.000000000,0,-0.000000000,0.000000000,0.000000000
554,-0.000066757,-1.164595604,57.153266907,1,0,0,0.000000000,0.000000000,0.000000000,0.000000000,0,-0.000000000,0.000000000,0.000000000
555,-0.000066757,-1.165692568,57.488327026,1,0,0,0.000000000,0.000000000,0.000000000,0.000000000,0,-0.000000000,0.000000000,0.000000000
556,-0.000066757,-1.166790962,57.823753357,1,0,0,0.000000000,0.000000000,0.000000000,0.000000000,0,-0.000000000,0.000000000,0.000000000
557,-0.000066757,-1.167890310,58.159538269,1,0,0,0.000000000,0.000000000,0.000000000,0.000000000,0,-0.000000000,0.000000000,0.000000000
558,-0.000064850,-1.168991089,58.495697021,1,0,0,0.000000000,0.000000000,0.000000000,0.000000000,0,-0.000000000,0.000000000,0.000000000
559,-0.000064850,-1.170092821,58.832221985,1,0,0,0.000000000,0.000000000,0.000000000,0.000000000,0,-0.000000000,0.000000000,0.000000000
560,-0.000064850,-1.171195984,59.169113159,1,0,0,0.000000000,0.000000000,0.000000000,0.000000000,0,-0.000000000,0.000000000,0.000000000
561,-0.000064850,-1.172300220,59.506370544,1,0,0,0.000000000,0.000000000,0.000000000,0.000000000,0,-0.000000000,0.000000000,0.000000000
562,-0.000064850,-1.173405647,59.843986511,1,0,0,0.000000000,0.000000000,0.000000000,0.000000000,0,-0.000000000,0.000000000,0.000000000
563,-0.000064850,-1.174512386,60.181968689,1,0,0,0.000000000,0.000000000,0.000000000,0.000000000,0,-0.000000000,0.000000000,0.000000000
564,-0.000064850,-1.175620079,60.520317078,1,0,0,0.000000000,0.000000000,0.000000000,0.000000000,0,-0.000000000,0.000000000,0.000000000
565,-0.000064850,-1.176729202,60.859024048,1,0,0,0.000000000,0.000000000,0.000000000,0.000000000,0,-0.000000000,0.000000000,0.000000000
566,-0.000064850,-1.177839398,61.198089600,1,0,0,0.000000000,0.000000000,0.000000000,0.000000000,0,-0.000000000,0.000000000,0.000000000
567,-0.000064850,-1.178950787,61.537521362,1,0,0,0.000000000,0.000000000,0.000000000,0.000000000,0,-0.000000000,0.000000000,0.000000000
568,-0.000062943,-1.180063486,61.877311707,1,0,0,0.000000000,0.000000000,0.000000000,0.000000000,0,-0.000000000,0.000000000,0.000000000
569,-0.000062943,-1.181177139,62.217460632,1,0,0,0.000000000,0.000000000,0.000000000,0.000000000,0,-0.000000000,0.000000000,0.000000000
570,-0.000062943,-1.182291985,62.557960510,1,0,0,0.000000000,0.000000000,0.000000000,0.000000000,0,-0.000000000,0.000000000,0.000000000
571,-0.000062943,-1.183408022,62.898826599,1,0,0,0.000000000,0.000000000,0.000000000,0.000000000,0,-0.000000000,0.000000000,0.000000000
572,-0.000062943,-1.184525251,63.240051270,1,0,0,0.000000000,0.000000000,0.000000000,0.000000000,0,-0.000000000,0.000000000,0.000000000
573,-0.000062943,-1.185643792,63.581634521,1,0,0,0.000000000,0.000000000,0.000000000,0.000000000,0,-0.000000000,0.000000000,0.000000000
574,-0.000062943,-1.186763287,63.923568726,1,0,0,0.000000000,0.000000000,0.000000000,0.000000000,0,-0.000000000,0.000000000,0.000000000
575,-0.000062943,-1.187884092,64.265861511,1,0,0,0.000000000,0.000000000,0.000000000,0.000000000,0,-0.000000000,0.000000000,0.000000000
576,-0.000061035,-1.189006090,64.608512878,1,0,0,0.000000000,0.000000000,0.000000000,0.000000000,0,-0.000000000,0.000000000,0.000000000
577,-0.000061035,-1.190129161,64.951522827,1,0,0,0.000000000,0.000000000,0.000000000,0.000000000,0,-0.000000000,0.000000000,0.000000000
578,-0.000061035,-1.191253424,65.294876099,1,0,0,0.000000000,0.000000000,0.000000000,0.000000000,0,-0.000000000,0.000000000,0.000000000
579,-0.000061035,-1.192378759,65.638587952,1,0,0,0.000000000,0.000000000,0.000000000,0.000000000,0,-0.000000000,0.000000000,0.000000000
580,-0.000061035,-1.193505287,65.982658386,1,0,0,0.000000000,0.000000000,0.000000000,0.000000000,0,-0.000000000,0.000000000,0.000000000
581,-0.000061035,-1.194633007,66.327079773,1,0,0,0.000000000,0.000000000,0.000000000,0.000000000,0,-0.000000000,0.000000000,0.000000000
582,-0.000061035,-1.195761919,66.671844482,1,0,0,0.000000000,0.000000000,0.000000000,0.000000000,0,-0.000000000,0.000000000,0.000000000
583,-0.000059128,-1.196892023,67.016967773,1,0,0,0.000000000,0.000000000,0.000000000,0.000000000,0,-0.000000000,0.000000000,0.000000000
584,-0.000059128,-1.198023081,67.362442017,1,0,0,0.000000000,0.000000000,0.000000000,0.000000000,0,-0.000000000,0.000000000,0.000000000
585,-0.000059128,-1.199155450,67.708267212,1,0,0,0.000000000,0.000000000,0.000000000,0.000000000,0,-0.000000000,0.000000000,0.000000000
586,-0.000059128,-1.200289011,68.054435730,1,0,0,0.000000000,0.000000000,0.000000000,0.000000000,0,-0.000000000,0.000000000,0.000000000
587,-0.000059128,-1.201423526,68.400955200,1,0,0,0.000000000,0.000000000,0.000000000,0.000000000,0,-0.000000000,0.000000000,0.000000000
588,-0.000059128,-1.202559233,68.747825623,1,0,0,0.000000000,0.000000000,0.000000000,0.000000000,0,-0.000000000,0.000000000,0.000000000
589,-0.000059128,-1.203696132,69.095046997,1,0,0,0.000000000,0.000000000,0.000000000,0.000000000,0,-0.000000000,0.000000000,0.000000000
590,-0.000057220,-1.204834223,69.442604065,1,0,0,0.000000000,0.000000000,0.000000000,0.000000000,0,-0.000000000,0.000000000,0.000000000
591,-0.000057220,-1.205973387,69.790519714,1,0,0,0.000000000,0.000000000,0.000000000,0.000000000,0,-0.000000000,0.000000000,0.000000000
592,-0.000057220,-1.207113504,70.138778687,1,0,0,0.000000000,0.000000000,0.000000000,0.000000000,0,-0.000000000,0.000000000,0.000000000
593,-0.000057220,-1.208255053,70.487380981,1,0,0,0.000000000,0.000000000,0.000000000,0.000000000,0,-0.000000000,0.000000000,0.000000000
594,-0.000057220,-1.209397554,70.836318970,1,0,0,0.000000000,0.000000000,0.000000000,0.000000000,0,-0.000000000,0.000000000,0.000000000
595,-0.000057220,-1.210541248,71.185615540,1,0,0,0.000000000,0.000000000,0.000000000,0.000000000,0,-0.000000000,0.000000000,0.000000000
596,-0.000055313,-1.211685896,71.535255432,1,0,0,0.000000000,0.000000000,0.000000000,0.000000000,0,-0.000000000,0.000000000,0.000000000
597,-0.000055313,-1.212831974,71.885238647,1,0,0,0.000000000,0.000000000,0.000000000,0.000000000,0,-0.000000000,0.000000000,0.000000000
598,-0.000055313,-1.213979006,72.235557556,1,0,0,0.000000000,0.000000000,0.000000000,0.000000000,0,-0.000000000,0.000000000,0.000000000
599,-0.000055313,-1.215127110,72.586219788,1,0,0,0.000000000,0.000000000,0.000000000,0.000000000,0,-0.000000000,0.000000000,0.000000000
600,-0.000055313,-1.216276407,72.937225342,1,0,0,0.000000000,0.000000000,0.000000000,0.000000000,0,-0.000000000,0.000000000,0.000000000
601,-0.000055313,-1.217426777,73.288574219,1,0,0,0.000000000,0.000000000,0.000000000,0.000000000,0,-0.000000000,0.000000000,0.000000000
602,-0.000053406,-1.218578339,73.640251160,1,0,0,0.000000000,0.000000000,0.000000000,0.000000000,0,-0.000000000,0.000000000,0.000000000
603,-0.000053406,-1.219730854,73.992279053,1,0,0,0.000000000,0.000000000,0.000000000,0.000000000,0,-0.000000000,0.000000000,0.000000000
604,-0.000053406,-1.220884562,74.344642639,1,0,0,0.000000000,0.000000000,0.000000000,0.000000000,0,-0.000000000,0.000000000,0.000000000
605,-0.000053406,-1.222039461,74.697349548,1,0,0,0.000000000,0.000000000,0.000000000,0.000000000,0,-0.000000000,0.000000000,0.000000000
606,-0.000053406,-1.223195434,75.050384521,1,0,0,0.000000000,0.000000000,0.000000000,0.000000000,0,-0.000000000,0.000000000,0.000000000
607,-0.000051498,-1.224352479,75.403762817,1,0,0,0.000000000,0.000000000,0.000000000,0.000000000,0,-0.000000000,0.000000000,0.000000000
608,-0.000051498,-1.225510597,75.757484436,1,0,0,0.000000000,0.000000000,0.000000000,0.000000000,0,-0.000000000,0.000000000,0.000000000
609,-0.000051498,-1.226670027,76.111541748,1,0,0,0.000000000,0.000000000,0.000000000,0.000000000,0,-0.000000000,0.000000000,0.000000000
610,-0.000051498,-1.227830291,76.465927124,1,0,0,0.000000000,0.000000000,0.000000000,0.000000000,0,-0.000000000,0.000000000,0.000000000
611,-0.000051498,-1.228991747,76.820655823,1,0,0,0.000000000,0.000000000,0.000000000,0.000000000,0,-0.000000000,0.000000000,0.000000000
612,-0.000049591,-1.230154276,77.175712585,1,0,0,0.000000000,0.000000000,0.000000000,0.000000000,0,-0.000000000,0.000000000,0.000000000
613,-0.000049591,-1.231317997,77.531105042,1,0,0,0.000000000,0.000000000,0.000000000,0.000000000,0,-0.000000000,0.000000000,0.000000000
614,-0.000049591,-1.232482672,77.886825562,1,0,0,0.000000000,0.000000000,0.000000000,0.000000000,0,-0.000000000,0.000000000,0.000000000
615,-0.000049591,-1.233648539,78.242889404,1,0,0,0.000000000,0.000000000,0.000000000,0.000000000,0,-0.000000000,0.000000000,0.000000000
616,-0.000047684,-1.234815359,78.599281311,1,0,0,0.000000000,0.000000000,0.000000000,0.000000000,0,-0.000000000,0.000000000,0.000000000
617,-0.000047684,-1.235983372,78.956008911,1,0,0,0.000000000,0.000000000,0.000000000,0.000000000,0,-0.000000000,0.000000000,0.000000000
618,-0.000047684,-1.237152576,79.313056946,1,0,0,0.000000000,0.000000000,0.000000000,0.000000000,0,-0.000000000,0.000000000,0.000000000
619,-0.000047684,-1.238322735,79.670448303,1,0,0,0.000000000,0.000000000,0.000000000,0.000000000,0,-0.000000000,0.000000000,0.000000000
620,-0.000047684,-1.239494085,80.028167725,1,0,0,0.000000000,0.000000000,0.000000000,0.000000000,0,-0.000000000,0.000000000,0.000000000
621,-0.000045776,-1.240666389,80.386215210,1,0,0,0.000000000,0.000000000,0.000000000,0.000000000,0,-0.000000000,0.000000000,0.000000000
622,-0.000045776,-1.241839647,80.744583130,1,0,0,0.000000000,0.000000000,0.000000000,0.000000000,0,-0.000000000,0.000000000,0.000000000
623,-0.000045776,-1.243014216,81.103286743,1,0,0,0.000000000,0.000000000,0.000000000,0.000000000,0,-0.000000000,0.000000000,0.000000000
624,-0.000045776,-1.244189739,81.462318420,1,0,0,0.000000000,0.000000000,0.000000000,0.000000000,0,-0.000000000,0.000000000,0.000000000
625,-0.000043869,-1.245366335,81.821670532,1,0,0,0.000000000,0.000000000,0.000000000,0.000000000,0,-0.000000000,0.000000000,0.000000000
626,-0.000043869,-1.246544123,82.181358337,1,0,0,0.000000000,0.000000000,0.000000000,0.000000000,0,-0.000000000,0.000000000,0.000000000
627,-0.000043869,-1.247722864,82.541374207,1,0,0,0.000000000,0.000000000,0.000000000,0.000000000,0,-0.000000000,0.000000000,0.000000000
628,-0.000043869,-1.248902798,82.901718140,1,0,0,0.000000000,0.000000000,0.000000000,0.000000000,0,-0.000000000,0.000000000,0.000000000
629,-0.000043869,-1.250083685,83.262374878,1,0,0,0.000000000,0.000000000,0.000000000,0.000000000,0,-0.000000000,0.000000000,0.000000000
630,-0.000041962,-1.251265645,83.623367310,1,0,0,0.000000000,0.000000000,0.000000000,0.000000000,0,-0.000000000,0.000000000,0.000000000
631,-0.000041962,-1.252448678,83.984680176,1,0,0,0.000000000,0.000000000,0.000000000,0.000000000,0,-0.000000000,0.000000000,0.000000000
632,-0.000041962,-1.253632784,84.346321106,1,0,0,0.000000000,0.000000000,0.000000000,0.000000000,0,-0.000000000,0.000000000,0.000000000
633,-0.000041962,-1.254817963,84.708274841,1,0,0,0.000000000,0.000000000,0.000000000,0.000000000,0,-0.000000000,0.000000000,0.000000000
634,-0.000040054,-1.256004095,85.070556641,1,0,0,0.000000000,0.000000000,0.000000000,0.000000000,0,-0.000000000,0.000000000,0.000000000
635,-0.000040054,-1.257191420,85.433166504,1,0,0,0.000000000,0.000000000,0.000000000,0.000000000,0,-0.000000000,0.000000000,0.000000000
636,-0.000040054,-1.258379698,85.796096802,1,0,0,0.000000000,0.000000000,0.000000000,0.000000000,0,-0.000000000,0.000000000,0.000000000
637,-0.000040054,-1.259569168,86.159339905,1,0,0,0.000000000,0.000000000,0.000000000,0.000000000,0,-0.000000000,0.000000000,0.000000000
638,-0.000038147,-1.260759592,86.522911072,1,0,0,0.000000000,0.000000000,0.000000000,0.000000000,0,-0.000000000,0.000000000,0.000000000
639,-0.000038147,-1.261950970,86.886802673,1,0,0,0.000000000,0.000000000,0.000000000,0.000000000,0,-0.000000000,0.000000000,0.000000000
640,-0.000038147,-1.263143539,87.251014709,1,0,0,0.000000000,0.000000000,0.000000000,0.000000000,0,-0.000000000,0.000000000,0.000000000
641,-0.000036240,-1.264337063,87.615531921,1,0,0,0.000000000,0.000000000,0.000000000,0.000000000,0,-0.000000000,0.000000000,0.000000000
642,-0.000036240,-1.265531778,87.980377197,1,0,0,0.000000000,0.000000000,0.000000000,0.000000000,0,-0.000000000,0.000000000,0.000000000
643,-0.000036240,-1.266727328,88.345542908,1,0,0,0.000000000,0.000000000,0.000000000,0.000000000,0,-0.000000000,0.000000000,0.000000000
644,-0.000036240,-1.267924070,88.711021423,1,0,0,0.000000000,0.000000000,0.000000000,0.000000000,0,-0.000000000,0.000000000,0.000000000
645,-0.000034332,-1.269121647,89.076812744,1,0,0,0.000000000,0.000000000,0.000000000,0.000000000,0,-0.000000000,0.000000000,0.000000000
646,-0.000034332,-1.270320415,89.442924500,1,0,0,0.000000000,0.000000000,0.000000000,0.000000000,0,-0.000000000,0.000000000,0.000000000
647,-0.000034332,-1.271520257,89.809356689,1,0,0,0.000000000,0.000000000,0.000000000,0.000000000,0,-0.000000000,0.000000000,0.000000000
648,-0.000034332,-1.272721052,90.176094055,1,0,0,0.000000000,0.000000000,0.000000000,0.000000000,0,-0.000000000,0.000000000,0.000000000
649,-0.000032425,-1.273922920,90.543151855,1,0,0,0.000000000,0.000000000,0.000000000,0.000000000,0,-0.000000000,0.000000000,0.000000000
650,-0.000032425,-1.275125742,90.910522461,1,0,0,0.000000000,0.000000000,0.000000000,0.000000000,0,-0.000000000,0.000000000,0.000000000
651,-0.000032425,-1.276329756,91.278213501,1,0,0,0.000000000,0.000000000,0.000000000,0.000000000,0,-0.000000000,0.000000000,0.000000000
652,-0.000030518,-1.277534604,91.646209717,1,0,0,0.000000000,0.000000000,0.000000000,0.000000000,0,-0.000000000,0.000000000,0.000000000
653,-0.000030518,-1.278740644,92.014526367,1,0,0,0.000000000,0.000000000,0.000000000,0.000000000,0,-0.000000000,0.000000000,0.000000000
654,-0.000030518,-1.279947519,92.383155823,1,0,0,0.000000000,0.000000000,0.000000000,0.000000000,0,-0.000000000,0.000000000,0.000000000
655,-0.000030518,-1.281155586,92.752090454,1,0,0,0.000000000,0.000000000,0.000000000,0.000000000,0,-0.000000000,0.000000000,0.000000000
656,-0.000028610,-1.282364607,93.121330261,1,0,0,0.000000000,0.000000000,0.000000000,0.000000000,0,-0.000000000,0.000000000,0.000000000
657,-0.000028610,-1.283574581,93.490890503,1,0,0,0.000000000,0.000000000,0.000000000,0.000000000,0,-0.000000000,0.000000000,0.000000000
658,-0.000028610,-1.284785509,93.860755920,1,0,0,0.000000000,0.000000000,0.000000000,0.000000000,0,-0.000000000,0.000000000,0.000000000
659,-0.000026703,-1.285997629,94.230934143,1,0,0,0.000000000,0.000000000,0.000000000,0.000000000,0,-0.000000000,0.000000000,0.000000000
660,-0.000026703,-1.287210703,94.601417542,1,0,0,0.000000000,0.000000000,0.000000000,0.000000000,0,-0.000000000,0.000000000,0.000000000
661,-0.000026703,-1.288424730,94.972213745,1,0,0,0.000000000,0.000000000,0.000000000,0.000000000,0,-0.000000000,0.000000000,0.000000000
662,-0.000024796,-1.289639831,95.343315125,1,0,0,0.000000000,0.000000000,0.000000000,0.000000000,0,-0.000000000,0.000000000,0.000000000
663,-0.000024796,-1.290855885,95.714729309,1,0,0,0.000000000,0.000000000,0.000000000,0.000000000,0,-0.000000000,0.000000000,0.000000000
664,-0.000024796,-1.292073011,96.086441040,1,0,0,0.000000000,0.000000000,0.000000000,0.000000000,0,-0.000000000,0.000000000,0.000000000
665,-0.000022888,-1.293291092,96.458465576,1,0,0,0.000000000,0.000000000,0.000000000,0.000000000,0,-0.000000000,0.000000000,0.000000000
666,-0.000022888,-1.294510245,96.830795288,1,0,0,0.000000000,0.000000000,0.000000000,0.000000000,0,-0.000000000,0.000000000,0.000000000
667,-0.000022888,-1.295730352,97.203430176,1,0,0,0.000000000,0.000000000,0.000000000,0.000000000,0,-0.000000000,0.000000000,0.000000000
668,-0.000022888,-1.296951413,97.576370239,1,0,0,0.000000000,0.000000000,0.000000000,0.000000000,0,-0.000000000,0.000000000,0.000000000
669,-0.000020981,-1.298173547,97.949615479,1,0,0,0.000000000,0.000000000,0.000000000,0.000000000,0,-0.000000000,0.000000000,0.000000000
670,-0.000020981,-1.299355745,98.323158264,1,0,0,0.000000000,0.000000000,0.000000000,0.000000000,0,0.000000000,0.000000000,0.000000000
671,-0.000019073,-1.300579786,98.697006226,1,0,0,0.000000000,0.000000000,0.000000000,0.000000000,0,0.000000000,0.000000000,0.000000000
672,-0.000019073,-1.301804662,99.071159363,1,0,0,0.000000000,0.000000000,0.000000000,0.000000000,0,0.000000000,0.000000000,0.000000000
673,-0.000019073,-1.303030491,99.445617676,1,0,0,0.000000000,0.000000000,0.000000000,0.000000000,0,0.000000000,0.000000000,0.000000000
674,-0.000019073,-1.304257393,99.820373535,1,0,0,0.000000000,0.000000000,0.000000000,0.000000000,0,0.000000000,0.000000000,0.000000000
675,-0.000017166,-1.305485368,100.195434570,1,0,0,0.000000000,0.000000000,0.000000000,0.000000000,0,0.000000000,0.000000000,0.000000000
676,-0.000017166,-1.306714296,100.570793152,1,0,0,0.000000000,0.000000000,0.000000000,0.000000000,0,0.000000000,0.000000000,0.000000000
677,-0.000017166,-1.307944059,100.946449280,1,0,0,0.000000000,0.000000000,0.000000000,0.000000000,0,0.000000000,0.000000000,0.000000000
678,-0.000015259,-1.309174895,101.322410583,1,0,0,0.000000000,0.000000000,0.000000000,0.000000000,0,0.000000000,0.000000000,0.000000000
679,-0.000015259,-1.310406685,101.698669434,1,0,0,0.000000000,0.000000000,0.000000000,0.000000000,0,0.000000000,0.000000000,0.000000000
680,-0.000013351,-1.311639547,102.075225830,1,0,0,0.000000000,0.000000000,0.000000000,0.000000000,0,0.000000000,0.000000000,0.000000000
681,-0.000013351,-1.312873363,102.452079773,1,0,0,0.000000000,0.000000000,0.000000000,0.000000000,0,0.000000000,0.000000000,0.000000000
682,-0.000013351,-1.314108014,102.829238892,1,0,0,0.000000000,0.000000000,0.000000000,0.000000000,0,0.000000000,0.000000000,0.000000000
683,-0.000011444,-1.315343738,103.206680298,1,0,0,0.000000000,0.000000000,0.000000000,0.000000000,0,0.000000000,0.000000000,0.000000000
684,-0.000011444,-1.316580415,103.584434509,1,0,0,0.000000000,0.000000000,0.000000000,0.000000000,0,0.000000000,0.000000000,0.000000000
685,-0.000011444,-1.317818165,103.962478638,1,0,0,0.000000000,0.000000000,0.000000000,0.000000000,0,0.000000000,0.000000000,0.000000000
686,-0.000009537,-1.319056749,104.340820313,1,0,0,0.000000000,0.000000000,0.000000000,0.000000000,0,0.000000000,0.000000000,0.000000000
687,-0.000009537,-1.320296288,104.719451904,1,0,0,0.000000000,0.000000000,0.000000000,0.000000000,0,0.000000000,0.000000000,0.000000000
688,-0.000009537,-1.321537018,105.098388672,1,0,0,0.000000000,0.000000000,0.000000000,0.000000000,0,0.000000000,0.000000000,0.000000000
689,-0.000007629,-1.322778463,105.477615356,1,0,0,0.000000000,0.000000000,0.000000000,0.000000000,0,0.000000000,0.000000000,0.000000000
690,-0.000007629,-1.324020863,105.857131958,1,0,0,0.000000000,0.000000000,0.000000000,0.000000000,0,0.000000000,0.000000000,0.000000000
691,-0.000007629,-1.325264454,106.236938477,1,0,0,0.000000000,0.000000000,0.000000000,0.000000000,0,0.000000000,0.000000000,0.000000000
692,-0.000005722,-1.326508760,106.617050171,1,0,0,0.000000000,0.000000000,0.000000000,0.000000000,0,0.000000000,0.000000000,0.000000000
693,-0.000005722,-1.327754140,106.997444153,1,0,0,0.000000000,0.000000000,0.000000000,0.000000000,0,0.000000000,0.000000000,0.000000000
694,-0.000005722,-1.329000473,107.378128052,1,0,0,0.000000000,0.000000000,0.000000000,0.000000000,0,0.000000000,0.000000000,0.000000000
695,-0.000003815,-1.330247760,107.759109497,1,0,0,0.000000000,0.000000000,0.000000000,0.000000000,0,0.000000000,0.000000000,0.000000000
696,-0.000003815,-1.331496000,108.140380859,1,0,0,0.000000000,0.000000000,0.000000000,0.000000000,0,0.000000000,0.000000000,0.000000000
697,-0.000001907,-1.332745075,108.521949768,1,0,0,0.000000000,0.000000000,0.000000000,0.000000000,0,0.000000000,0.000000000,0.000000000
698,-0.000001907,-1.333995342,108.903800964,1,0,0,0.000000000,0.000000000,0.000000000,0.000000000,0,0.000000000,0.000000000,0.000000000
699,-0.000001907,-1.335246325,109.285942078,1,0,0,0.000000000,0.000000000,0.000000000,0.000000000,0,0.000000000,0.000000000,0.000000000
700,0.000000000,-1.336498380,109.668373108,1,0,0,0.000000000,0.000000000,0.000000000,0.000000000,0,0.000000000,0.000000000,0.000000000
701,0.000000000,-1.337751389,110.051086426,1,0,0,0.000000000,0.000000000,0.000000000,0.000000000,0,0.000000000,0.000000000,0.000000000
702,0.000000000,-1.339005232,110.434097290,1,0,0,0.000000000,0.000000000,0.000000000,0.000000000,0,0.000000000,0.000000000,0.000000000
703,0.000001907,-1.340260029,110.817398071,1,0,0,0.000000000,0.000000000,0.000000000,0.000000000,0,0.000000000,0.000000000,0.000000000
704,0.000001907,-1.341515899,111.200973511,1,0,0,0.000000000,0.000000000,0.000000000,0.000000000,0,0.000000000,0.000000000,0.000000000
705,0.000003815,-1.342772603,111.584838867,1,0,0,0.000000000,0.000000000,0.000000000,0.000000000,0,0.000000000,0.000000000,0.000000000
706,0.000003815,-1.344030261,111.968994141,1,0,0,0.000000000,0.000000000,0.000000000,0.000000000,0,0.000000000,0.000000000,0.000000000
707,0.000003815,-1.345288873,112.353439331,1,0,0,0.000000000,0.000000000,0.000000000,0.000000000,0,0.000000000,0.000000000,0.000000000
708,0.000005722,-1.346548319,112.738159180,1,0,0,0.000000000,0.000000000,0.000000000,0.000000000,0,0.000000000,0.000000000,0.000000000
709,0.000005722,-1.347808838,113.123168945,1,0,0,0.000000000,0.000000000,0.000000000,0.000000000,0,0.000000000,0.000000000,0.000000000
710,0.000007629,-1.349070311,113.508468628,1,0,0,0.000000000,0.000000000,0.000000000,0.000000000,0,0.000000000,0.000000000,0.000000000
711,0.000007629,-1.350332499,113.894042969,1,0,0,0.000000000,0.000000000,0.000000000,0.000000000,0,0.000000000,0.000000000,0.000000000
712,0.000007629,-1.351595879,114.279907227,1,0,0,0.000000000,0.000000000,0.000000000,0.000000000,0,0.000000000,0.000000000,0.000000000
713,0.000009537,-1.352859974,114.666046143,1,0,0,0.000000000,0.000000000,0.000000000,0.000000000,0,0.000000000,0.000000000,0.000000000
714,0.000009537,-1.354125023,115.052474976,1,0,0,0.000000000,0.000000000,0.000000000,0.000000000,0,0.000000000,0.000000000,0.000000000
715,0.000011444,-1.355391145,115.439186096,1,0,0,0.000000000,0.000000000,0.000000000,0.000000000,0,0.000000000,0.000000000,0.000000000
716,0.000011444,-1.356658101,115.826171875,1,0,0,0.000000000,0.000000000,0.000000000,0.000000000,0,0.000000000,0.000000000,0.000000000
717,0.000011444,-1.357925892,116.213447571,1,0,0,0.000000000,0.000000000,0.000000000,0.000000000,0,0.000000000,0.000000000,0.000000000
718,0.000013351,-1.359194756,116.600997925,1,0,0,0.000000000,0.000000000,0.000000000,0.000000000,0,0.000000000,0.000000000,0.000000000
719,0.000013351,-1.360464454,116.988830566,1,0,0,0.000000000,0.000000000,0.000000000,0.000000000,0,0.000000000,0.000000000,0.000000000
720,0.000015259,-1.361735106,117.376937866,1,0,0,0.000000000,0.000000000,0.000000000,0.000000000,0,0.000000000,0.000000000,0.000000000
721,0.000015259,-1.363006592,117.765327454,1,0,0,0.000000000,0.000000000,0.000000000,0.000000000,0,0.000000000,0.000000000,0.000000000
722,0.000015259,-1.364279032,118.153999329,1,0,0,0.000000000,0.000000000,0.000000000,0.000000000,0,0.000000000,0.000000000,0.000000000
723,0.000017166,-1.365552425,118.542945862,1,0,0,0.000000000,0.000000000,0.000000000,0.000000000,0,0.000000000,0.000000000,0.000000000
724,0.000017166,-1.366826653,118.932174683,1,0,0,0.000000000,0.000000000,0.000000000,0.000000000,0,0.000000000,0.000000000,0.000000000
725,0.000019073,-1.368101835,119.321670532,1,0,0,0.000000000,0.000000000,0.000000000,0.000000000,0,0.000000000,0.000000000,0.000000000
726,0.000019073,-1.369377851,119.711456299,1,0,0,0.000000000,0.000000000,0.000000000,0.000000000,0,0.000000000,0.000000000,0.000000000
727,0.000020981,-1.370654821,120.101501465,1,0,0,0.000000000,0.000000000,0.000000000,0.000000000,0,0.000000000,0.000000000,0.000000000
728,0.000020981,-1.371932745,120.491836548,1,0,0,0.000000000,0.000000000,0.000000000,0.000000000,0,0.000000000,0.000000000,0.000000000
729,0.000020981,-1.373211384,120.882438660,1,0,0,0.000000000,0.000000000,0.000000000,0.000000000,0,0.000000000,0.000000000,0.000000000
730,0.000022888,-1.374491215,121.273315430,1,0,0,0.000000000,0.000000000,0.000000000,0.000000000,0,0.000000000,0.000000000,0.000000000
731,0.000022888,-1.375771761,121.664474487,1,0,0,0.000000000,0.000000000,0.000000000,0.000000000,0,0.000000000,0.000000000,0.000000000
732,0.000024796,-1.377053261,122.055900574,1,0,0,0.000000000,0.000000000,0.000000000,0.000000000,0,0.000000000,0.000000000,0.000000000
733,0.000024796,-1.378335595,122.447601318,1,0,0,0.000000000,0.000000000,0.000000000,0.000000000,0,0.000000000,0.000000000,0.000000000
734,0.000026703,-1.379618883,122.839584351,1,0,0,0.000000000,0.000000000,0.000000000,0.000000000,0,0.000000000,0.000000000,0.000000000
735,0.000026703,-1.380903006,123.231826782,1,0,0,0.000000000,0.000000000,0.000000000,0.000000000,0,0.000000000,0.000000000,0.000000000
736,0.000026703,-1.382188082,123.624343872,1,0,0,0.000000000,0.000000000,0.000000000,0.000000000,0,0.000000000,0.000000000,0.000000000
737,0.000028610,-1.383473992,124.017135620,1,0,0,0.000000000,0.000000000,0.000000000,0.000000000,0,0.000000000,0.000000000,0.000000000
738,0.000028610,-1.384760857,124.410202026,1,0,0,0.000000000,0.000000000,0.000000000,0.000000000,0,0.000000000,0.000000000,0.000000000
739,0.000030518,-1.386048555,124.803543091,1,0,0,0.000000000,0.000000000,0.000000000,0.000000000,0,0.000000000,0.000000000,0.000000000
740,0.000030518,-1.387337208,125.197143555,1,0,0,0.000000000,0.000000000,0.000000000,0.000000000,0,0.000000000,0.000000000,0.000000000
741,0.000032425,-1.388626575,125.591018677,1,0,0,0.000000000,0.000000000,0.000000000,0.000000000,0,0.000000000,0.000000000,0.000000000
742,0.000032425,-1.389917016,125.985160828,1,0,0,0.000000000,0.000000000,0.000000000,0.000000000,0,0.000000000,0.000000000,0.000000000
743,0.000034332,-1.391208172,126.379577637,1,0,0,0.000000000,0.000000000,0.000000000,0.000000000,0,0.000000000,0.000000000,0.000000000
744,0.000034332,-1.392500401,126.774261475,1,0,0,0.000000000,0.000000000,0.000000000,0.000000000,0,0.000000000,0.000000000,0.000000000
745,0.000034332,-1.393793344,127.169204712,1,0,0,0.000000000,0.000000000,0.000000000,0.000000000,0,0.000000000,0.000000000,0.000000000
746,0.000036240,-1.395087242,127.564422607,1,0,0,0.000000000,0.000000000,0.000000000,0.000000000,0,0.000000000,0.000000000,0.000000000
747,0.000036240,-1.396382093,127.959907532,1,0,0,0.000000000,0.000000000,0.000000000,0.000000000,0,0.000000000,0.000000000,0.000000000
748,0.000038147,-1.397677660,128.355651855,1,0,0,0.000000000,0.000000000,0.000000000,0.000000000,0,0.000000000,0.000000000,0.000000000
749,0.000038147,-1.398974180,128.751678467,1,0,0,0.000000000,0.000000000,0.000000000,0.000000000,0,0.000000000,0.000000000,0.000000000
750,0.000040054,-1.400271535,129.147949219,1,0,0,0.000000000,0.000000000,0.000000000,0.000000000,0,0.000000000,0.000000000,0.000000000
751,0.000040054,-1.401569843,129.544509888,1,0,0,0.000000000,0.000000000,0.000000000,0.000000000,0,0.000000000,0.000000000,0.000000000
752,0.000041962,-1.402868867,129.941314697,1,0,0,0.000000000,0.000000000,0.000000000,0.000000000,0,0.000000000,0.000000000,0.000000000
753,0.000041962,-1.404168844,130.338394165,1,0,0,0.000000000,0.000000000,0.000000000,0.000000000,0,0.000000000,0.000000000,0.000000000
754,0.000043869,-1.405469656,130.735748291,1,0,0,0.000000000,0.000000000,0.000000000,0.000000000,0,0.000000000,0.000000000,0.000000000
755,0.000043869,-1.406771421,131.133346558,1,0,0,0.000000000,0.000000000,0.000000000,0.000000000,0,0.000000000,0.000000000,0.000000000
756,0.000045776,-1.408074021,131.531219482,1,0,0,0.000000000,0.000000000,0.000000000,0.000000000,0,0.000000000,0.000000000,0.000000000
757,0.000045776,-1.409377337,131.929351807,1,0,0,0.000000000,0.000000000,0.000000000,0.000000000,0,0.000000000,0.000000000,0.000000000
758,0.000045776,-1.410681725,132.327743530,1,0,0,0.000000000,0.000000000,0.000000000,0.000000000,0,0.000000000,0.000000000,0.000000000
759,0.000047684,-1.411986828,132.726394653,1,0,0,0.000000000,0.000000000,0.000000000,0.000000000,0,0.000000000,0.000000000,0.000000000
760,0.000047684,-1.413292885,133.125320435,1,0,0,0.000000000,0.000000000,0.000000000,0.000000000,0,0.000000000,0.000000000,0.000000000
761,0.000049591,-1.414599657,133.524490356,1,0,0,0.000000000,0.000000000,0.000000000,0.000000000,0,0.000000000,0.000000000,0.000000000
762,0.000049591,-1.415907383,133.923934937,1,0,0,0.000000000,0.000000000,0.000000000,0.000000000,0,0.000000000,0.000000000,0.000000000
763,0.000051498,-1.417215943,134.323638916,1,0,0,0.000000000,0.000000000,0.000000000,0.000000000,0,0.000000000,0.000000000,0.000000000
764,0.000051498,-1.418525457,134.723602295,1,0,0,0.000000000,0.000000000,0.000000000,0.000000000,0,0.000000000,0.000000000,0.000000000
765,0.000053406,-1.419835567,135.123809814,1,0,0,0.000000000,0.000000000,0.000000000,0.000000000,0,0.000000000,0.000000000,0.000000000
766,0.000053406,-1.421146750,135.524291992,1,0,0,0.000000000,0.000000000,0.000000000,0.000000000,0,0.000000000,0.000000000,0.000000000
767,0.000055313,-1.422458649,135.925033569,1,0,0,0.000000000,0.000000000,0.000000000,0.000000000,0,0.000000000,0.000000000,0.000000000
768,0.000055313,-1.423771501,136.326019287,1,0,0,0.000000000,0.000000000,0.000000000,0.000000000,0,0.000000000,0.000000000,0.000000000
769,0.000057220,-1.425085068,136.727279663,1,0,0,0.000000000,0.000000000,0.000000000,0.000000000,0,0.000000000,0.000000000,0.000000000
770,0.000057220,-1.426399589,137.128784180,1,0,0,0.000000000,0.000000000,0.000000000,0.000000000,0,0.000000000,0.000000000,0.000000000
771,0.000059128,-1.427714944,137.530548096,1,0,0,0.000000000,0.000000000,0.000000000,0.000000000,0,0.000000000,0.000000000,0.000000000
772,0.000059128,-1.429031134,137.932571411,1,0,0,0.000000000,0.000000000,0.000000000,0.000000000,0,0.000000000,0.000000000,0.000000000
773,0.000061035,-1.430348158,138.334854126,1,0,0,0.000000000,0.000000000,0.000000000,0.000000000,0,0.000000000,0.000000000,0.000000000
774,0.000059128,-1.431665897,138.737380981,1,0,0,0.000000000,0.000000000,0.000000000,0.000000000,0,0.000000000,0.000000000,0.000000000
775,0.000059128,-1.432984591,139.140167236,1,0,0,0.000000000,0.000000000,0.000000000,0.000000000,0,0.000000000,0.000000000,0.000000000
776,0.000057220,-1.434303999,139.543212891,1,0,0,0.000000000,0.000000000,0.000000000,0.000000000,0,0.000000000,0.000000000,0.000000000
777,0.000057220,-1.435624361,139.946517944,1,0,0,0.000000000,0.000000000,0.000000000,0.000000000,0,0.000000000,0.000000000,0.000000000
778,0.000055313,-1.436945558,140.350067139,1,0,0,0.000000000,0.000000000,0.000000000,0.000000000,0,0.000000000,0.000000000,0.000000000
779,0.000055313,-1.438267589,140.753875732,1,0,0,0.000000000,0.000000000,0.000000000,0.000000000,0,0.000000000,0.000000000,0.000000000
780,0.000053406,-1.439590454,141.157928467,1,0,0,0.000000000,0.000000000,0.000000000,0.000000000,0,0.000000000,0.000000000,0.000000000
781,0.000053406,-1.440914035,141.562240601,1,0,0,0.000000000,0.000000000,0.000000000,0.000000000,0,0.000000000,0.000000000,0.000000000
782,0.000051498,-1.442238569,141.966796875,1,0,0,0.000000000,0.000000000,0.000000000,0.000000000,0,0.000000000,0.000000000,0.000000000
783,0.000051498,-1.443563819,142.371612549,1,0,0,0.000000000,0.000000000,0.000000000,0.000000000,0,0.000000000,0.000000000,0.000000000
784,0.000049591,-1.444890022,142.776672363,1,0,0,0.000000000,0.000000000,0.000000000,0.000000000,0,0.000000000,0.000000000,0.000000000
785,0.000049591,-1.446216822,143.181991577,1,0,0,0.000000000,0.000000000,0.000000000,0.000000000,0,0.000000000,0.000000000,0.000000000
786,0.000047684,-1.447544575,143.587554932,1,0,0,0.000000000,0.000000000,0.000000000,0.000000000,0,0.000000000,0.000000000,0.000000000
787,0.000047684,-1.448873281,143.993377686,1,0,0,0.000000000,0.000000000,0.000000000,0.000000000,0,0.000000000,0.000000000,0.000000000
788,0.000047684,-1.450202703,144.399444580,1,0,0,0.000000000,0.000000000,0.000000000,0.000000000,0,0.000000000,0.000000000,0.000000000
789,0.000045776,-1.451532841,144.805755615,1,0,0,0.000000000,0.000000000,0.000000000,0.000000000,0,0.000000000,0.000000000,0.000000000
790,0.000045776,-1.452863932,145.212310791,1,0,0,0.000000000,0.000000000,0.000000000,0.000000000,0,0.000000000,0.000000000,0.000000000
791,0.000043869,-1.454195738,145.619125366,1,0,0,0.000000000,0.000000000,0.000000000,0.000000000,0,0.000000000,0.000000000,0.000000000
792,0.000043869,-1.455528259,146.026184082,1,0,0,0.000000000,0.000000000,0.000000000,0.000000000,0,0.000000000,0.000000000,0.000000000
793,0.000041962,-1.456861734,146.433502197,1,0,0,0.000000000,0.000000000,0.000000000,0.000000000,0,0.000000000,0.000000000,0.000000000
794,0.000041962,-1.458196163,146.841049194,1,0,0,0.000000000,0.000000000,0.000000000,0.000000000,0,0.000000000,0.000000000,0.000000000
795,0.000040054,-1.459531069,147.248855591,1,0,0,0.000000000,0.000000000,0.000000000,0.000000000,0,0.000000000,0.000000000,0.000000000
796,0.000040054,-1.460866928,147.656890869,1,0,0,0.000000000,0.000000000,0.000000000,0.000000000,0,0.000000000,0.000000000,0.000000000
797,0.000038147,-1.462203741,148.065185547,1,0,0,0.000000000,0.000000000,0.000000000,0.000000000,0,0.000000000,0.000000000,0.000000000
798,0.000038147,-1.463541150,148.473724365,1,0,0,0.000000000,0.000000000,0.000000000,0.000000000,0,0.000000000,0.000000000,0.000000000
799,0.000036240,-1.464879513,148.882507324,1,0,0,0.000000000,0.000000000,0.000000000,0.000000000,0,0.000000000,0.000000000,0.000000000
800,0.000036240,-1.466218472,149.291534424,1,0,0,0.000000000,0.000000000,0.000000000,0.000000000,0,0.000000000,0.000000000,0.000000000
801,0.000034332,-1.467558384,149.700805664,1,0,0,0.000000000,0.000000000,0.000000000,0.000000000,0,0.000000000,0.000000000,0.000000000
802,0.000034332,-1.468899131,150.110321045,1,0,0,0.000000000,0.000000000,0.000000000,0.000000000,0,0.000000000,0.000000000,0.000000000
803,0.000034332,-1.470240593,150.520080566,1,0,0,0.000000000,0.000000000,0.000000000,0.000000000,0,0.000000000,0.000000000,0.000000000
804,0.000032425,-1.471582890,150.930084229,1,0,0,0.000000000,0.000000000,0.000000000,0.000000000,0,0.000000000,0.000000000,0.000000000
805,0.000032425,-1.472925901,151.340332031,1,0,0,0.000000000,0.000000000,0.000000000,0.000000000,0,0.000000000,0.000000000,0.000000000
806,0.000030518,-1.474269867,151.750823975,1,0,0,0.000000000,0.000000000,0.000000000,0.000000000,0,0.000000000,0.000000000,0.000000000
807,0.000030518,-1.475614548,152.161544800,1,0,0,0.000000000,0.000000000,0.000000000,0.000000000,0,0.000000000,0.000000000,0.000000000
808,0.000028610,-1.476959944,152.572509766,1,0,0,0.000000000,0.000000000,0.000000000,0.000000000,0,0.000000000,0.000000000,0.000000000
809,0.000028610,-1.478306293,152.983734131,1,0,0,0.000000000,0.000000000,0.000000000,0.000000000,0,0.000000000,0.000000000,0.000000000
810,0.000026703,-1.479653239,153.395172119,1,0,0,0.000000000,0.000000000,0.000000000,0.000000000,0,0.000000000,0.000000000,0.000000000
811,0.000026703,-1.481001139,153.806869507,1,0,0,0.000000000,0.000000000,0.000000000,0.000000000,0,0.000000000,0.000000000,0.000000000
812,0.000026703,-1.482349634,154.218795776,1,0,0,0.000000000,0.000000000,0.000000000,0.000000000,0,0.000000000,0.000000000,0.000000000
813,0.000024796,-1.483699083,154.630981445,1,0,0,0.000000000,0.000000000,0.000000000,0.000000000,0,0.000000000,0.000000000,0.000000000
814,0.000024796,-1.485049248,155.043380737,1,0,0,0.000000000,0.000000000,0.000000000,0.000000000,0,0.000000000,0.000000000,0.000000000
815,0.000022888,-1.486400127,155.456039429,1,0,0,0.000000000,0.000000000,0.000000000,0.000000000,0,0.000000000,0.000000000,0.000000000
816,0.000022888,-1.487751961,155.868911743,1,0,0,0.000000000,0.000000000,0.000000000,0.000000000,0,0.000000000,0.000000000,0.000000000
817,0.000020981,-1.489104390,156.282043457,1,0,0,0.000000000,0.000000000,0.000000000,0.000000000,0,0.000000000,0.000000000,0.000000000
818,0.000020981,-1.490457654,156.695404053,1,0,0,0.000000000,0.000000000,0.000000000,0.000000000,0,0.000000000,0.000000000,0.000000000
819,0.000019073,-1.491811752,157.109008789,1,0,0,0.000000000,0.000000000,0.000000000,0.000000000,0,0.000000000,0.000000000,0.000000000
820,0.000019073,-1.493166566,157.522842407,1,0,0,0.000000000,0.000000000,0.000000000,0.000000000,0,0.000000000,0.000000000,0.000000000
821,0.000019073,-1.494522214,157.936904907,1,0,0,0.000000000,0.000000000,0.000000000,0.000000000,0,0.000000000,0.000000000,0.000000000
822,0.000017166,-1.495878696,158.351211548,1,0,0,0.000000000,0.000000000,0.000000000,0.000000000,0,0.000000000,0.000000000,0.000000000
823,0.000017166,-1.497235775,158.765762329,1,0,0,0.000000000,0.000000000,0.000000000,0.000000000,0,0.000000000,0.000000000,0.000000000
824,0.000015259,-1.498593688,159.180541992,1,0,0,0.000000000,0.000000000,0.000000000,0.000000000,0,0.000000000,0.000000000,0.000000000
825,0.000015259,-1.499952316,159.595550537,1,0,0,0.000000000,0.000000000,0.000000000,0.000000000,0,0.000000000,0.000000000,0.000000000
826,0.019538879,0.120646060,159.991943359,1,0,0,0.000000000,0.000000000,0.000000000,0.000000000,0,0.000000000,0.000000000,0.000000000
827,0.034072876,1.691833496,160.372589111,1,0,0,0.000000000,0.000000000,0.000000000,0.000000000,0,0.000000000,0.000000000,0.000000000
828,0.045200348,3.275455475,160.737579346,1,0,0,0.000000000,0.000000000,0.000000000,0.000000000,0,0.000000000,0.000000000,0.000000000
829,0.053705215,4.870477676,161.086700439,1,0,0,0.000000000,0.000000000,0.000000000,0.000000000,0,0.000000000,0.000000000,0.000000000
830,0.060176849,6.475922585,161.419738770,1,0,0,0.000000000,0.000000000,0.000000000,0.000000000,0,0.000000000,0.000000000,0.000000000
831,0.065071106,8.090917587,161.736557007,1,0,0,0.000000000,0.000000000,0.000000000,0.000000000,0,0.000000000,0.000000000,0.000000000
832,0.068733215,9.714719772,162.037033081,1,0,0,0.000000000,0.000000000,0.000000000,0.000000000,0,0.000000000,0.000000000,0.000000000
833,0.071447372,11.346721649,162.321029663,1,0,0,0.000000000,0.000000000,0.000000000,0.000000000,0,0.000000000,0.000000000,0.000000000
834,0.073419571,12.986477852,162.588455200,1,0,0,0.000000000,0.000000000,0.000000000,0.000000000,0,0.000000000,0.000000000,0.000000000
835,0.074834824,14.633677483,162.839202881,1,0,0,0.000000000,0.000000000,0.000000000,0.000000000,0,0.000000000,0.000000000,0.000000000
836,0.075820923,16.288129807,163.073150635,1,0,0,0.000000000,0.000000000,0.000000000,0.000000000,0,0.000000000,0.000000000,0.000000000
837,0.093713760,17.831338882,163.302627563,1,0,0,0.000000000,0.000000000,0.000000000,0.000000000,0,0.000000000,0.000000000,0.000000000
838,0.091648102,19.217500687,163.536041260,1,0,0,0.000000000,0.000000000,0.000000000,0.000000000,0,0.000000000,0.000000000,0.000000000
839,0.090415955,20.624095917,163.755279541,1,0,0,0.000000000,0.000000000,0.000000000,0.000000000,0,0.000000000,0.000000000,0.000000000
840,0.089986801,22.052156448,163.959884644,1,0,0,0.000000000,0.000000000,0.000000000,0.000000000,0,0.000000000,0.000000000,0.000000000
841,0.088918686,23.188678741,164.194625854,1,0,0,0.000000000,0.000000000,0.000000000,0.000000000,0,0.000000000,0.000000000,0.000000000
842,0.087553024,24.051950455,164.462615967,1,0,0,0.000000000,0.000000000,0.000000000,0.000000000,0,0.000000000,0.000000000,0.000000000
843,0.086105347,24.665397644,164.764526367,1,0,0,0.000000000,0.000000000,0.000000000,0.000000000,0,0.000000000,0.000000000,0.000000000
844,0.065488815,25.012371063,165.105087280,1,0,0,0.000000000,0.000000000,0.000000000,0.000000000,0,0.000000000,0.000000000,0.000000000
845,0.050479889,24.970542908,165.503433228,1,0,0,0.000000000,0.000000000,0.000000000,0.000000000,0,0.000000000,0.000000000,0.000000000
846,0.038608551,24.816453934,165.918624878,1,0,0,0.000000000,0.000000000,0.000000000,0.000000000,0,0.000000000,0.000000000,0.000000000
847,0.029314041,24.575359344,166.346252441,1,0,0,0.000000000,0.000000000,0.000000000,0.000000000,0,0.000000000,0.000000000,0.000000000
848,0.022129059,24.270603180,166.782577515,1,0,0,0.000000000,0.000000000,0.000000000,0.000000000,0,0.000000000,0.000000000,0.000000000
849,0.016662598,23.923198700,167.224121094,1,0,0,0.000000000,0.000000000,0.000000000,0.000000000,0,0.000000000,0.000000000,0.000000000
850,0.012578964,23.551603317,167.667831421,1,0,0,0.000000000,0.000000000,0.000000000,0.000000000,0,0.000000000,0.000000000,0.000000000
851,0.009603500,23.171648026,168.111541748,1,0,0,0.000000000,0.000000000,0.000000000,0.000000000,0,0.000000000,0.000000000,0.000000000
852,0.007511139,22.796489716,168.553207397,1,0,0,0.000000000,0.000000000,0.000000000,0.000000000,0,0.000000000,0.000000000,0.000000000
853,0.006101608,22.436746597,168.991607666,1,0,0,0.000000000,0.000000000,0.000000000,0.000000000,0,0.000000000,0.000000000,0.000000000
854,0.004915237,21.959999084,169.444747925,1,0,0,0.000000000,0.000000000,0.000000000,0.000000000,0,0.000000000,0.000000000,0.000000000
855,0.003965378,21.381082535,169.909606934,1,0,0,0.000000000,0.000000000,0.000000000,0.000000000,0,0.000000000,0.000000000,0.000000000
856,0.003232956,20.712289810,170.383514404,1,0,0,0.000000000,0.000000000,0.000000000,0.000000000,0,0.000000000,0.000000000,0.000000000
857,0.002830505,19.977369308,170.862091064,1,0,0,0.000000000,0.000000000,0.000000000,0.000000000,0,0.000000000,0.000000000,0.000000000
858,0.002693176,19.182600021,171.343704224,1,0,0,0.000000000,0.000000000,0.000000000,0.000000000,0,0.000000000,0.000000000,0.000000000
859,0.002748489,18.332099915,171.827011108,1,0,0,0.000000000,0.000000000,0.000000000,0.000000000,0,0.000000000,0.000000000,0.000000000
860,0.002931595,17.428075790,172.310943604,1,0,0,0.000000000,0.000000000,0.000000000,0.000000000,0,0.000000000,0.000000000,0.000000000
861,0.003179550,16.471012115,172.794677734,1,0,0,0.000000000,0.000000000,0.000000000,0.000000000,0,0.000000000,0.000000000,0.000000000
862,0.003431320,15.459932327,173.277313232,1,0,0,0.000000000,0.000000000,0.000000000,0.000000000,0,0.000000000,0.000000000,0.000000000
863,0.003631592,14.392656326,173.758255005,1,0,0,0.000000000,0.000000000,0.000000000,0.000000000,0,0.000000000,0.000000000,0.000000000
864,0.003721237,13.266004562,174.236557007,1,0,0,0.000000000,0.000000000,0.000000000,0.000000000,0,0.000000000,0.000000000,0.000000000
865,0.003652573,12.076059341,174.711471558,1,0,0,0.000000000,0.000000000,0.000000000,0.000000000,0,0.000000000,0.000000000,0.000000000
866,0.003383636,10.818348885,175.182022095,1,0,0,0.000000000,0.000000000,0.000000000,0.000000000,0,0.000000000,0.000000000,0.000000000
867,0.002866745,9.488052368,175.647033691,1,0,0,0.000000000,0.000000000,0.000000000,0.000000000,0,0.000000000,0.000000000,0.000000000
868,0.002540588,8.150247574,176.101760864,1,0,0,0.000000000,0.000000000,0.000000000,0.000000000,0,0.000000000,0.000000000,0.000000000
869,0.002336502,6.804677963,176.546127319,1,0,0,0.000000000,0.000000000,0.000000000,0.000000000,0,0.000000000,0.000000000,0.000000000
870,0.002037048,5.457840443,176.979324341,1,0,0,0.000000000,0.000000000,0.000000000,0.000000000,0,0.000000000,0.000000000,0.000000000
871,0.001646042,4.109831333,177.401458740,1,0,0,0.000000000,0.000000000,0.000000000,0.000000000,0,0.000000000,0.000000000,0.000000000
872,0.001155853,2.760764599,177.812500000,1,0,0,0.000000000,0.000000000,0.000000000,0.000000000,0,0.000000000,0.000000000,0.000000000
873,0.000572205,1.410733223,178.212554932,1,0,0,0.000000000,0.000000000,0.000000000,0.000000000,0,0.000000000,0.000000000,0.000000000
874,-0.000102997,0.059841394,178.601654053,1,0,0,0.000000000,0.000000000,0.000000000,0.000000000,0,0.000000000,0.000000000,0.000000000
875,-0.000869751,-1.291813493,178.979827881,1,0,0,0.000000000,0.000000000,0.000000000,0.000000000,0,0.000000000,0.000000000,0.000000000
876,-0.001731873,-2.644131422,179.347183228,1,0,0,0.000000000,0.000000000,0.000000000,0.000000000,0,0.000000000,0.000000000,0.000000000
877,-0.002681732,-3.997016430,179.703750610,1,0,0,0.000000000,0.000000000,0.000000000,0.000000000,0,0.000000000,0.000000000,0.000000000
878,-0.003728867,-5.350371361,180.049499512,1,0,0,0.000000000,0.000000000,0.000000000,0.000000000,0,0.000000000,0.000000000,0.000000000
879,-0.004861832,-6.704103470,180.384536743,1,0,0,0.000000000,0.000000000,0.000000000,0.000000000,0,0.000000000,0.000000000,0.000000000
880,-0.006086349,-8.058116913,180.708938599,1,0,0,0.000000000,0.000000000,0.000000000,0.000000000,0,0.000000000,0.000000000,0.000000000
881,-0.007400513,-9.412322998,181.022750854,1,0,0,0.000000000,0.000000000,0.000000000,0.000000000,0,0.000000000,0.000000000,0.000000000
882,-0.008806229,-10.766626358,181.326034546,1,0,0,0.000000000,0.000000000,0.000000000,0.000000000,0,0.000000000,0.000000000,0.000000000
883,-0.010297775,-12.120939255,181.618774414,1,0,0,0.000000000,0.000000000,0.000000000,0.000000000,0,0.000000000,0.000000000,0.000000000
884,-0.011878967,-13.475172043,181.901123047,1,0,0,0.000000000,0.000000000,0.000000000,0.000000000,0,0.000000000,0.000000000,0.000000000
885,-0.013547897,-14.829236984,182.173095703,1,0,0,0.000000000,0.000000000,0.000000000,0.000000000,0,0.000000000,0.000000000,0.000000000
886,-0.015304565,-16.183044434,182.434646606,1,0,0,0.000000000,0.000000000,0.000000000,0.000000000,0,0.000000000,0.000000000,0.000000000
887,-0.017147064,-17.536508560,182.685989380,1,0,0,0.000000000,0.000000000,0.000000000,0.000000000,0,0.000000000,0.000000000,0.000000000
888,-0.019073486,-18.889556885,182.927124023,1,0,0,0.000000000,0.000000000,0.000000000,0.000000000,0,0.000000000,0.000000000,0.000000000
889,-0.021087646,-20.242088318,183.158081055,1,0,0,0.000000000,0.000000000,0.000000000,0.000000000,0,0.000000000,0.000000000,0.000000000
890,-0.023185730,-21.594032288,183.378952026,1,0,0,0.000000000,0.000000000,0.000000000,0.000000000,0,0.000000000,0.000000000,0.000000000
891,-0.025367737,-22.945304871,183.589782715,1,0,0,0.000000000,0.000000000,0.000000000,0.000000000,0,0.000000000,0.000000000,0.000000000
892,-0.027633667,-24.295831680,183.790603638,1,0,0,0.000000000,0.000000000,0.000000000,0.000000000,0,0.000000000,0.000000000,0.000000000
893,-0.029983521,-25.645521164,183.981521606,1,0,0,0.000000000,0.000000000,0.000000000,0.000000000,0,0.000000000,0.000000000,0.000000000
894,-0.032417297,-26.994302750,184.162521362,1,0,0,0.000000000,0.000000000,0.000000000,0.000000000,0,0.000000000,0.000000000,0.000000000
895,-0.034929276,-28.342105865,184.333755493,1,0,0,0.000000000,0.000000000,0.000000000,0.000000000,0,0.000000000,0.000000000,0.000000000
896,-0.037525177,-29.688838959,184.495285034,1,0,0,0.000000000,0.000000000,0.000000000,0.000000000,0,0.000000000,0.000000000,0.000000000
897,-0.040199280,-31.034446716,184.647094727,1,0,0,0.000000000,0.000000000,0.000000000,0.000000000,0,0.000000000,0.000000000,0.000000000
898,-0.042951584,-32.378845215,184.789245605,1,0,0,0.000000000,0.000000000,0.000000000,0.000000000,0,0.000000000,0.000000000,0.000000000
899,-0.045785904,-33.721954346,184.921798706,1,0,0,0.000000000,0.000000000,0.000000000,0.000000000,0,0.000000000,0.000000000,0.000000000
900,-0.048700333,-35.063720703,185.044937134,1,0,0,0.000000000,0.000000000,0.000000000,0.000000000,0,0.000000000,0.000000000,0.000000000
901,0.040094376,-30.971965790,186.066650391,1,0,0,0.000000000,0.000000000,0.000000000,0.000000000,0,0.000000000,0.000000000,0.000000000
902,0.114995956,-27.514278412,186.902923584,1,0,0,0.000000000,0.000000000,0.000000000,0.000000000,0,0.000000000,0.000000000,0.000000000
903,0.185146332,-24.295179367,187.641082764,1,0,0,0.000000000,0.000000000,0.000000000,0.000000000,0,0.000000000,0.000000000,0.000000000
904,0.265224457,-21.135204315,188.314392090,1,0,0,0.000000000,0.000000000,0.000000000,0.000000000,0,0.000000000,0.000000000,0.000000000
905,0.339309692,-17.919157028,188.937896729,1,0,0,0.000000000,0.000000000,0.000000000,0.000000000,0,0.000000000,0.000000000,0.000000000
906,0.410440445,-14.548988342,189.516311646,1,0,0,0.000000000,0.000000000,0.000000000,0.000000000,0,0.000000000,0.000000000,0.000000000
907,0.481353760,-10.986761093,190.043991089,1,0,0,0.000000000,0.000000000,0.000000000,0.000000000,0,0.000000000,0.000000000,0.000000000
908,0.552854538,-7.230087280,190.510589600,1,0,0,0.000000000,0.000000000,0.000000000,0.000000000,0,0.000000000,0.000000000,0.000000000
909,0.625490189,-3.279960871,190.905136108,1,0,0,0.000000000,0.000000000,0.000000000,0.000000000,0,0.000000000,0.000000000,0.000000000
910,0.699609756,0.859669924,191.216003418,1,0,0,0.000000000,0.000000000,0.000000000,0.000000000,0,0.000000000,0.000000000,0.000000000
911,0.775426865,5.182339191,191.431579590,1,0,0,0.000000000,0.000000000,0.000000000,0.000000000,0,0.000000000,0.000000000,0.000000000
912,0.853054047,9.679506302,191.540252686,1,0,0,0.000000000,0.000000000,0.000000000,0.000000000,0,0.000000000,0.000000000,0.000000000
913,0.932544708,14.340972900,191.530700684,1,0,0,0.000000000,0.000000000,0.000000000,0.000000000,0,0.000000000,0.000000000,0.000000000
914,1.013914108,19.155288696,191.392105103,1,0,0,0.000000000,0.000000000,0.000000000,0.000000000,0,0.000000000,0.000000000,0.000000000
915,1.097166061,24.110149384,191.114181519,1,0,0,0.000000000,0.000000000,0.000000000,0.000000000,0,0.000000000,0.000000000,0.000000000
916,1.155683517,28.372779846,190.813247681,1,0,0,0.000000000,0.000000000,0.000000000,0.000000000,0,0.000000000,0.000000000,0.000000000
917,1.195547104,31.710227966,190.574874878,1,0,0,0.000000000,0.000000000,0.000000000,0.000000000,0,0.000000000,0.000000000,0.000000000
918,1.191062927,29.623352051,191.186721802,1,0,0,0.000000000,0.000000000,0.000000000,0.000000000,0,0.000000000,0.000000000,0.000000000
919,1.187656403,28.336565018,191.655151367,1,0,0,0.000000000,0.000000000,0.000000000,0.000000000,0,0.000000000,0.000000000,0.000000000
920,1.184701920,27.281791687,192.081146240,1,0,0,0.000000000,0.000000000,0.000000000,0.000000000,0,0.000000000,0.000000000,0.000000000
921,1.178308487,26.137310028,192.513351440,1,0,0,0.000000000,0.000000000,0.000000000,0.000000000,0,0.000000000,0.000000000,0.000000000
922,1.172468185,24.779966354,192.966339111,1,0,0,0.000000000,0.000000000,0.000000000,0.000000000,0,0.000000000,0.000000000,0.000000000
923,1.180442810,24.068597794,193.310455322,1,0,0,0.000000000,0.000000000,0.000000000,0.000000000,0,0.000000000,0.000000000,0.000000000
924,1.187999725,23.150600433,193.676849365,1,0,0,0.000000000,0.000000000,0.000000000,0.000000000,0,0.000000000,0.000000000,0.000000000
925,1.193351746,22.043697357,194.060867310,1,0,0,0.000000000,0.000000000,0.000000000,0.000000000,0,0.000000000,0.000000000,0.000000000
926,1.197130203,20.779766083,194.455871582,1,0,0,0.000000000,0.000000000,0.000000000,0.000000000,0,0.000000000,0.000000000,0.000000000
927,1.199773788,19.386449814,194.855880737,1,0,0,0.000000000,0.000000000,0.000000000,0.000000000,0,0.000000000,0.000000000,0.000000000
928,1.201612473,17.887201309,195.255889893,1,0,0,0.000000000,0.000000000,0.000000000,0.000000000,0,0.000000000,0.000000000,0.000000000
929,1.202875137,16.301250458,195.651855469,1,0,0,0.000000000,0.000000000,0.000000000,0.000000000,0,0.000000000,0.000000000,0.000000000
930,1.203723907,14.643823624,196.040481567,1,0,0,0.000000000,0.000000000,0.000000000,0.000000000,0,0.000000000,0.000000000,0.000000000
931,1.194267273,12.930317879,196.418807983,1,0,0,0.000000000,0.000000000,0.000000000,0.000000000,0,0.000000000,0.000000000,0.000000000
932,1.185354233,11.177854538,196.784164429,1,0,0,0.000000000,0.000000000,0.000000000,0.000000000,0,0.000000000,0.000000000,0.000000000
933,1.176977158,9.389917374,197.135314941,1,0,0,0.000000000,0.000000000,0.000000000,0.000000000,0,0.000000000,0.000000000,0.000000000
934,1.169107437,7.567284107,197.471389771,1,0,0,0.000000000,0.000000000,0.000000000,0.000000000,0,0.000000000,0.000000000,0.000000000
935,1.161703110,5.708425999,197.791610718,1,0,0,0.000000000,0.000000000,0.000000000,0.000000000,0,0.000000000,0.000000000,0.000000000
936,1.154720306,3.809915543,198.095062256,1,0,0,0.000000000,0.000000000,0.000000000,0.000000000,0,0.000000000,0.000000000,0.000000000
937,1.148082733,1.866831660,198.380706787,1,0,0,0.000000000,0.000000000,0.000000000,0.000000000,0,0.000000000,0.000000000,0.000000000
938,1.141733170,-0.126885295,198.647369385,1,0,0,0.000000000,0.000000000,0.000000000,0.000000000,0,0.000000000,0.000000000,0.000000000
939,1.135589600,-2.178087950,198.893463135,1,0,0,0.000000000,0.000000000,0.000000000,0.000000000,0,0.000000000,0.000000000,0.000000000
940,1.129573822,-4.294090271,199.117233276,1,0,0,0.000000000,0.000000000,0.000000000,0.000000000,0,-0.000000000,0.000000000,0.000000000
941,1.123628616,-6.445242882,199.317565918,1,0,0,0.000000000,0.000000000,0.000000000,0.000000000,0,-0.000000000,0.000000000,0.000000000
942,1.117946625,-8.605944633,199.494522095,1,0,0,0.000000000,0.000000000,0.000000000,0.000000000,0,-0.000000000,0.000000000,0.000000000
943,1.111963272,-10.764812469,199.647857666,1,0,0,0.000000000,0.000000000,0.000000000,0.000000000,0,-0.000000000,0.000000000,0.000000000
944,1.105682373,-12.921586990,199.777770996,1,0,0,0.000000000,0.000000000,0.000000000,0.000000000,0,-0.000000000,0.000000000,0.000000000
945,1.099102020,-15.076014519,199.884414673,1,0,0,0.000000000,0.000000000,0.000000000,0.000000000,0,-0.000000000,0.000000000,0.000000000
946,1.092227936,-17.227834702,199.967773438,1,0,0,0.000000000,0.000000000,0.000000000,0.000000000,0,0.000000000,0.000000000,0.000000000
947,1.085063934,-19.376798630,200.028137207,1,0,0,0.000000000,0.000000000,0.000000000,0.000000000,0,0.000000000,0.000000000,0.000000000
948,1.077611923,-21.522655487,200.065582275,1,0,0,0.000000000,0.000000000,0.000000000,0.000000000,0,0.000000000,0.000000000,0.000000000
949,1.069875717,-23.665170670,200.080291748,1,0,0,0.000000000,0.000000000,0.000000000,0.000000000,0,0.000000000,0.000000000,0.000000000
950,1.061847687,-25.804100037,200.072387695,1,0,0,0.000000000,0.000000000,0.000000000,0.000000000,0,0.000000000,0.000000000,0.000000000
951,1.053544998,-27.939201355,200.041961670,1,0,0,0.000000000,0.000000000,0.000000000,0.000000000,0,0.000000000,0.000000000,0.000000000
952,1.044960022,-30.070240021,199.989212036,1,0,0,0.000000000,0.000000000,0.000000000,0.000000000,0,0.000000000,0.000000000,0.000000000
953,1.036094666,-32.196987152,199.914276123,1,0,0,0.000000000,0.000000000,0.000000000,0.000000000,0,0.000000000,0.000000000,0.000000000
954,1.026956558,-34.319225311,199.817352295,1,0,0,0.000000000,0.000000000,0.000000000,0.000000000,0,0.000000000,0.000000000,0.000000000
955,1.017549515,-36.436725616,199.698532104,1,0,0,0.000000000,0.000000000,0.000000000,0.000000000,0,0.000000000,0.000000000,0.000000000
956,1.007867813,-38.549266815,199.557968140,1,0,0,0.000000000,0.000000000,0.000000000,0.000000000,0,0.000000000,0.000000000,0.000000000
957,0.997920990,-40.656616211,199.395812988,1,0,0,0.000000000,0.000000000,0.000000000,0.000000000,0,0.000000000,0.000000000,0.000000000
958,0.987710953,-42.758598328,199.212371826,1,0,0,0.000000000,0.000000000,0.000000000,0.000000000,0,0.000000000,0.000000000,0.000000000
959,0.977235794,-44.854969025,199.007553101,1,0,0,0.000000000,0.000000000,0.000000000,0.000000000,0,0.000000000,0.000000000,0.000000000
960,0.971267700,-46.702087402,198.839065552,1,0,0,0.000000000,0.000000000,0.000000000,0.000000000,0,0.000000000,0.000000000,0.000000000
961,0.968612671,-48.237705231,198.729080200,1,0,0,0.000000000,0.000000000,0.000000000,0.000000000,0,0.000000000,0.000000000,0.000000000
962,0.969156265,-49.459342957,198.685363770,1,0,0,0.000000000,0.000000000,0.000000000,0.000000000,0,0.000000000,0.000000000,0.000000000
963,0.972724915,-50.370235443,198.713043213,1,0,0,0.000000000,0.000000000,0.000000000,0.000000000,0,0.000000000,0.000000000,0.000000000
964,0.979076385,-50.978115082,198.814270020,1,0,0,0.000000000,0.000000000,0.000000000,0.000000000,0,0.000000000,0.000000000,0.000000000
965,0.971494675,-51.158737183,199.022613525,1,0,0,0.000000000,0.000000000,0.000000000,0.000000000,0,0.000000000,0.000000000,0.000000000
966,0.995483398,-50.889320374,199.343734741,1,0,0,0.000000000,0.000000000,0.000000000,0.000000000,0,0.000000000,0.000000000,0.000000000
967,1.016874313,-50.414726257,199.715942383,1,0,0,0.000000000,0.000000000,0.000000000,0.000000000,0,0.000000000,0.000000000,0.000000000
968,1.036563873,-49.749092102,200.134033203,1,0,0,0.000000000,0.000000000,0.000000000,0.000000000,0,0.000000000,0.000000000,0.000000000
969,1.055223465,-48.906215668,200.592361450,1,0,0,0.000000000,0.000000000,0.000000000,0.000000000,0,0.000000000,0.000000000,0.000000000
970,1.089773178,-47.063808441,201.271438599,1,0,0,0.000000000,0.000000000,0.000000000,0.000000000,0,0.000000000,0.000000000,0.000000000
971,1.121608734,-45.122837067,201.952758789,1,0,0,0.000000000,0.000000000,0.000000000,0.000000000,0,0.000000000,0.000000000,0.000000000
972,1.152204514,-43.082550049,202.633316040,1,0,0,0.000000000,0.000000000,0.000000000,0.000000000,0,0.000000000,0.000000000,0.000000000
973,1.182374954,-40.942390442,203.310394287,1,0,0,0.000000000,0.000000000,0.000000000,0.000000000,0,0.000000000,0.000000000,0.000000000
974,1.212732315,-38.701797485,203.980926514,1,0,0,0.000000000,0.000000000,0.000000000,0.000000000,0,0.000000000,0.000000000,0.000000000
975,1.247087479,-36.361675262,204.642242432,1,0,0,0.000000000,0.000000000,0.000000000,0.000000000,0,0.000000000,0.000000000,0.000000000
976,1.282352448,-33.807537079,205.309753418,1,0,0,0.000000000,0.000000000,0.000000000,0.000000000,0,0.000000000,0.000000000,0.000000000
977,1.318813324,-31.039295197,205.975540161,1,0,0,0.000000000,0.000000000,0.000000000,0.000000000,0,0.000000000,0.000000000,0.000000000
978,1.356628418,-28.059535980,206.630630493,1,0,0,0.000000000,0.000000000,0.000000000,0.000000000,0,0.000000000,0.000000000,0.000000000
979,1.386041641,-25.106033325,207.238876343,1,0,0,0.000000000,0.000000000,0.000000000,0.000000000,0,0.000000000,0.000000000,0.000000000
980,1.407724380,-22.410089493,207.777969360,1,0,0,0.000000000,0.000000000,0.000000000,0.000000000,0,0.000000000,0.000000000,0.000000000
981,1.423425674,-19.969066620,208.258697510,1,0,0,0.000000000,0.000000000,0.000000000,0.000000000,0,0.000000000,0.000000000,0.000000000
982,1.434547424,-17.772426605,208.691177368,1,0,0,0.000000000,0.000000000,0.000000000,0.000000000,0,0.000000000,0.000000000,0.000000000
983,1.442224503,-15.803506851,209.084747314,1,0,0,0.000000000,0.000000000,0.000000000,0.000000000,0,0.000000000,0.000000000,0.000000000
984,1.462821960,-15.127299309,209.369201660,1,0,0,0.000000000,0.000000000,0.000000000,0.000000000,0,0.000000000,0.000000000,0.000000000
985,1.475622177,-14.418590546,209.654357910,1,0,0,0.000000000,0.000000000,0.000000000,0.000000000,0,0.000000000,0.000000000,0.000000000
986,1.485845566,-13.651442528,209.941482544,1,0,0,0.000000000,0.000000000,0.000000000,0.000000000,0,0.000000000,0.000000000,0.000000000
987,1.494440079,-12.819870949,210.230239868,1,0,0,0.000000000,0.000000000,0.000000000,0.000000000,0,0.000000000,0.000000000,0.000000000
988,1.502052307,-11.920751572,210.520019531,1,0,0,0.000000000,0.000000000,0.000000000,0.000000000,0,0.000000000,0.000000000,0.000000000
989,1.509077072,-10.953372955,210.809906006,1,0,0,0.000000000,0.000000000,0.000000000,0.000000000,0,0.000000000,0.000000000,0.000000000
990,1.515727997,-9.919004440,211.098907471,1,0,0,0.000000000,0.000000000,0.000000000,0.000000000,0,0.000000000,0.000000000,0.000000000
991,1.522106171,-8.820486069,211.385925293,1,0,0,0.000000000,0.000000000,0.000000000,0.000000000,0,0.000000000,0.000000000,0.000000000
992,1.528207779,-7.661851883,211.669860840,1,0,0,0.000000000,0.000000000,0.000000000,0.000000000,0,0.000000000,0.000000000,0.000000000
993,1.533985138,-6.447962284,211.949615479,1,0,0,0.000000000,0.000000000,0.000000000,0.000000000,0,0.000000000,0.000000000,0.000000000
994,1.539354324,-5.184222221,212.224075317,1,0,0,0.000000000,0.000000000,0.000000000,0.000000000,0,0.000000000,0.000000000,0.000000000
995,1.544233322,-3.876309872,212.492279053,1,0,0,0.000000000,0.000000000,0.000000000,0.000000000,0,0.000000000,0.000000000,0.000000000
996,1.548532486,-2.529950857,212.753402710,1,0,0,0.000000000,0.000000000,0.000000000,0.000000000,0,0.000000000,0.000000000,0.000000000
997,1.549160004,-1.154320121,213.006652832,1,0,0,0.000000000,0.000000000,0.000000000,0.000000000,0,0.000000000,0.000000000,0.000000000
998,1.547599792,-0.041080177,213.252502441,1,0,0,0.000000000,0.000000000,0.000000000,0.000000000,0,0.000000000,0.000000000,0.000000000
999,1.544399261,0.815626264,213.494781494,1,0,0,0.000000000,0.000000000,0.000000000,0.000000000,0,0.000000000,0.000000000,0.000000000
1000,1.540180206,1.436483741,213.736572266,1,0,0,0.000000000,0.000000000,0.000000000,0.000000000,0,0.000000000,0.000000000,0.000000000
1001,1.535419464,1.845747709,213.979675293,1,0,0,0.000000000,0.000000000,0.000000000,0.000000000,0,0.000000000,0.000000000,0.000000000
1002,1.530502319,2.069806099,214.224945068,1,0,0,0.000000000,0.000000000,0.000000000,0.000000000,0,0.000000000,0.000000000,0.000000000
1003,1.525701523,2.135950089,214.472473145,1,0,0,0.000000000,0.000000000,0.000000000,0.000000000,0,0.000000000,0.000000000,0.000000000
1004,1.521203995,2.071346283,214.722183228,1,0,0,0.000000000,0.000000000,0.000000000,0.000000000,0,0.000000000,0.000000000,0.000000000
1005,1.517137527,1.902202606,214.973693848,1,0,0,0.000000000,0.000000000,0.000000000,0.000000000,0,0.000000000,0.000000000,0.000000000
1006,1.513568878,1.653115749,215.226379395,1,0,0,0.000000000,0.000000000,0.000000000,0.000000000,0,0.000000000,0.000000000,0.000000000
1007,1.510526657,1.346605062,215.479797363,1,0,0,0.000000000,0.000000000,0.000000000,0.000000000,0,0.000000000,0.000000000,0.000000000
1008,1.508008957,1.002796054,215.733596802,1,0,0,0.000000000,0.000000000,0.000000000,0.000000000,0,0.000000000,0.000000000,0.000000000
1009,1.505989075,0.639227748,215.987365723,1,0,0,0.000000000,0.000000000,0.000000000,0.000000000,0,0.000000000,0.000000000,0.000000000
1010,1.504425049,0.270799458,216.241119385,1,0,0,0.000000000,0.000000000,0.000000000,0.000000000,0,0.000000000,0.000000000,0.000000000
1011,1.503273010,-0.090209067,216.494750977,1,0,0,0.000000000,0.000000000,0.000000000,0.000000000,0,0.000000000,0.000000000,0.000000000
1012,1.502481461,-0.434030920,216.748229980,1,0,0,0.000000000,0.000000000,0.000000000,0.000000000,0,0.000000000,0.000000000,0.000000000
1013,1.501991272,-0.753241539,217.001708984,1,0,0,0.000000000,0.000000000,0.000000000,0.000000000,0,0.000000000,0.000000000,0.000000000
1014,1.501749039,-1.042558432,217.255249023,1,0,0,0.000000000,0.000000000,0.000000000,0.000000000,0,-0.000000000,0.000000000,0.000000000
1015,1.501703262,-1.298605442,217.509002686,1,0,0,0.000000000,0.000000000,0.000000000,0.000000000,0,-0.000000000,0.000000000,0.000000000
1016,1.501815796,-1.519658566,217.763168335,1,0,0,0.000000000,0.000000000,0.000000000,0.000000000,0,-0.000000000,0.000000000,0.000000000
1017,1.502038956,-1.705393314,218.017730713,1,0,0,0.000000000,0.000000000,0.000000000,0.000000000,0,-0.000000000,0.000000000,0.000000000
1018,1.502336502,-1.856636405,218.272842407,1,0,0,0.000000000,0.000000000,0.000000000,0.000000000,0,-0.000000000,0.000000000,0.000000000
1019,1.502685547,-1.975124121,218.528594971,1,0,0,0.000000000,0.000000000,0.000000000,0.000000000,0,-0.000000000,0.000000000,0.000000000
1020,1.503057480,-2.063278913,218.784927368,1,0,0,0.000000000,0.000000000,0.000000000,0.000000000,0,-0.000000000,0.000000000,0.000000000
1021,1.503427505,-2.124013186,219.041992188,1,0,0,0.000000000,0.000000000,0.000000000,0.000000000,0,-0.000000000,0.000000000,0.000000000
1022,1.503782272,-2.160541058,219.299652100,1,0,0,0.000000000,0.000000000,0.000000000,0.000000000,0,-0.000000000,0.000000000,0.000000000
1023,1.504110336,-2.176229954,219.558013916,1,0,0,0.000000000,0.000000000,0.000000000,0.000000000,0,-0.000000000,0.000000000,0.000000000
1024,1.504407883,-2.174464464,219.816940308,1,0,0,0.000000000,0.000000000,0.000000000,0.000000000,0,-0.000000000,0.000000000,0.000000000
1025,1.504659653,-2.158543587,220.076507568,1,0,0,0.000000000,0.000000000,0.000000000,0.000000000,0,-0.000000000,0.000000000,0.000000000
1026,1.504871368,-2.131590366,220.336593628,1,0,0,0.000000000,0.000000000,0.000000000,0.000000000,0,-0.000000000,0.000000000,0.000000000
1027,1.505039215,-2.096490145,220.597229004,1,0,0,0.000000000,0.000000000,0.000000000,0.000000000,0,-0.000000000,0.000000000,0.000000000
1028,1.505167007,-2.055849075,220.858444214,1,0,0,0.000000000,0.000000000,0.000000000,0.000000000,0,-0.000000000,0.000000000,0.000000000
1029,1.505249023,-2.011960506,221.120117188,1,0,0,0.000000000,0.000000000,0.000000000,0.000000000,0,-0.000000000,0.000000000,0.000000000
1030,1.505298615,-1.966796398,221.382232666,1,0,0,0.000000000,0.000000000,0.000000000,0.000000000,0,-0.000000000,0.000000000,0.000000000
1031,1.505311966,-1.922003269,221.644958496,1,0,0,0.000000000,0.000000000,0.000000000,0.000000000,0,-0.000000000,0.000000000,0.000000000
1032,1.505296707,-1.878911257,221.908020020,1,0,0,0.000000000,0.000000000,0.000000000,0.000000000,0,-0.000000000,0.000000000,0.000000000
1033,1.505258560,-1.838555336,222.171585083,1,0,0,0.000000000,0.000000000,0.000000000,0.000000000,0,-0.000000000,0.000000000,0.000000000
1034,1.505201340,-1.801695704,222.435684204,1,0,0,0.000000000,0.000000000,0.000000000,0.000000000,0,-0.000000000,0.000000000,0.000000000
1035,1.505126953,-1.768843174,222.700134277,1,0,0,0.000000000,0.000000000,0.000000000,0.000000000,0,-0.000000000,0.000000000,0.000000000
1036,1.505043030,-1.740293264,222.965148926,1,0,0,0.000000000,0.000000000,0.000000000,0.000000000,0,-0.000000000,0.000000000,0.000000000
1037,1.504953384,-1.716154814,223.230529785,1,0,0,0.000000000,0.000000000,0.000000000,0.000000000,0,-0.000000000,0.000000000,0.000000000
1038,1.504859924,-1.696378946,223.496398926,1,0,0,0.000000000,0.000000000,0.000000000,0.000000000,0,0.000000000,0.000000000,0.000000000
1039,1.504768372,-1.680792809,223.762756348,1,0,0,0.000000000,0.000000000,0.000000000,0.000000000,0,0.000000000,0.000000000,0.000000000
1040,1.504678726,-1.669130087,224.029510498,1,0,0,0.000000000,0.000000000,0.000000000,0.000000000,0,0.000000000,0.000000000,0.000000000
1041,1.504598618,-1.661051035,224.296829224,1,0,0,0.000000000,0.000000000,0.000000000,0.000000000,0,0.000000000,0.000000000,0.000000000
1042,1.504524231,-1.656167865,224.564514160,1,0,0,0.000000000,0.000000000,0.000000000,0.000000000,0,0.000000000,0.000000000,0.000000000
1043,1.504457474,-1.654067993,224.832717896,1,0,0,0.000000000,0.000000000,0.000000000,0.000000000,0,0.000000000,0.000000000,0.000000000
1044,1.504402161,-1.654329419,225.101379395,1,0,0,0.000000000,0.000000000,0.000000000,0.000000000,0,0.000000000,0.000000000,0.000000000
1045,1.504356384,-1.656535268,225.370498657,1,0,0,0.000000000,0.000000000,0.000000000,0.000000000,0,0.000000000,0.000000000,0.000000000
1046,1.504322052,-1.660286069,225.640136719,1,0,0,0.000000000,0.000000000,0.000000000,0.000000000,0,0.000000000,0.000000000,0.000000000
1047,1.504297256,-1.665210128,225.910217285,1,0,0,0.000000000,0.000000000,0.000000000,0.000000000,0,0.000000000,0.000000000,0.000000000
1048,1.504280090,-1.670968533,226.180755615,1,0,0,0.000000000,0.000000000,0.000000000,0.000000000,0,0.000000000,0.000000000,0.000000000
1049,1.504276276,-1.677258015,226.451736450,1,0,0,0.000000000,0.000000000,0.000000000,0.000000000,0,0.000000000,0.000000000,0.000000000
1050,1.504278183,-1.683816552,226.723220825,1,0,0,0.000000000,0.000000000,0.000000000,0.000000000,0,0.000000000,0.000000000,0.000000000
1051,1.504291534,-1.690421462,226.995208740,1,0,0,0.000000000,0.000000000,0.000000000,0.000000000,0,0.000000000,0.000000000,0.000000000
1052,1.504306793,-1.696890235,227.267639160,1,0,0,0.000000000,0.000000000,0.000000000,0.000000000,0,0.000000000,0.000000000,0.000000000
1053,1.504331589,-1.703079700,227.540557861,1,0,0,0.000000000,0.000000000,0.000000000,0.000000000,0,0.000000000,0.000000000,0.000000000
1054,1.504356384,-1.708880186,227.813919067,1,0,0,0.000000000,0.000000000,0.000000000,0.000000000,0,0.000000000,0.000000000,0.000000000
1055,1.504381180,-1.714216232,228.087768555,1,0,0,0.000000000,0.000000000,0.000000000,0.000000000,0,0.000000000,0.000000000,0.000000000
1056,1.504411697,-1.719036937,228.362091064,1,0,0,0.000000000,0.000000000,0.000000000,0.000000000,0,0.000000000,0.000000000,0.000000000
1057,1.504447937,-1.723319292,228.636901855,1,0,0,0.000000000,0.000000000,0.000000000,0.000000000,0,0.000000000,0.000000000,0.000000000
1058,1.504476547,-1.727060318,228.912155151,1,0,0,0.000000000,0.000000000,0.000000000,0.000000000,0,0.000000000,0.000000000,0.000000000
1059,1.504505157,-1.730274081,229.187866211,1,0,0,0.000000000,0.000000000,0.000000000,0.000000000,0,0.000000000,0.000000000,0.000000000
1060,1.504537582,-1.732988834,229.464111328,1,0,0,0.000000000,0.000000000,0.000000000,0.000000000,0,0.000000000,0.000000000,0.000000000
1061,1.504564285,-1.735243559,229.740783691,1,0,0,0.000000000,0.000000000,0.000000000,0.000000000,0,0.000000000,0.000000000,0.000000000
1062,1.504589081,-1.737081289,230.017913818,1,0,0,0.000000000,0.000000000,0.000000000,0.000000000,0,0.000000000,0.000000000,0.000000000
1063,1.504608154,-1.738550425,230.295516968,1,0,0,0.000000000,0.000000000,0.000000000,0.000000000,0,-0.000000000,0.000000000,0.000000000
1064,1.504629135,-1.739703655,230.573593140,1,0,0,0.000000000,0.000000000,0.000000000,0.000000000,0,-0.000000000,0.000000000,0.000000000
