tick,local_x,local_y,local_z,on_floor,bus_support,inside_hull,velocity_x,velocity_y,velocity_z,platform_speed,jump_command,walk_dx,walk_dy,walk_dz
1,0.000001907,-0.599576354,2.500000000,1,1,1,0.000000000,0.000000000,0.000000000,0.000000000,0,0.000000000,0.000000000,0.000000000
2,0.000000000,-0.600085258,2.500930786,1,1,1,0.000000000,0.000000000,0.000000000,0.000000000,0,0.000000000,0.000000000,0.000000000
3,0.000001907,-0.600241661,2.501846313,1,1,1,0.000000000,0.000000000,0.000000000,0.063650124,0,0.000000000,0.000000000,0.000000000
4,0.000000000,-0.600347877,2.502777100,1,1,1,0.000000000,0.000000000,0.000000000,0.117749549,0,0.000000000,0.000000000,0.000000000
5,-0.000001907,-0.600409865,2.503707886,1,1,1,0.000000000,0.000000000,0.000000000,0.172938690,0,0.000000000,0.000000000,0.000000000
6,0.000000000,-0.600433707,2.504623413,1,1,1,0.000000000,0.000000000,0.000000000,0.227141187,0,0.000000000,0.000000000,0.000000000
7,0.000000000,-0.600425541,2.505538940,1,1,1,0.000000000,0.000000000,0.000000000,0.281252176,0,0.000000000,0.000000000,0.000000000
8,0.000001907,-0.600391984,2.506469727,1,1,1,0.000000000,0.000000000,0.000000000,0.336248994,0,0.000000000,0.000000000,0.000000000
9,0.000001907,-0.600338340,2.507385254,1,1,1,0.000000000,0.000000000,0.000000000,0.390386105,0,0.000000000,0.000000000,0.000000000
10,0.000001907,-0.600270271,2.508285522,1,1,1,0.000000000,0.000000000,0.000000000,0.444602519,0,0.000000000,0.000000000,0.000000000
11,0.000000000,-0.600192547,2.509201050,1,1,1,0.000000000,0.000000000,0.000000000,0.498923719,0,0.000000000,0.000000000,0.000000000
12,0.000001907,-0.600109696,2.510101318,1,1,1,0.000000000,0.000000000,0.000000000,0.552440882,0,0.000000000,0.000000000,0.000000000
13,0.000001907,-0.600025296,2.511016846,1,1,1,0.000000000,0.000000000,0.000000000,0.606978178,0,0.000000000,0.000000000,0.000000000
14,0.000003815,-0.599942327,2.511932373,1,1,1,0.000000000,0.000000000,0.000000000,0.661612034,0,0.000000000,0.000000000,0.000000000
15,0.000003815,-0.599863529,2.512832642,1,1,1,0.000000000,0.000000000,0.000000000,0.715412796,0,0.000000000,0.000000000,0.000000000
16,0.000001907,-0.599790692,2.513748169,1,1,1,0.000000000,0.000000000,0.000000000,0.769279301,0,0.000000000,0.000000000,0.000000000
17,0.000001907,-0.599724889,2.514648438,1,1,1,0.000000000,0.000000000,0.000000000,0.824112236,0,0.000000000,0.000000000,0.000000000
18,0.000001907,-0.599667430,2.515563965,1,1,1,0.000000000,0.000000000,0.000000000,0.878066897,0,0.000000000,0.000000000,0.000000000
19,0.000001907,-0.599618673,2.516464233,1,1,1,0.000000000,0.000000000,0.000000000,0.932047486,0,-0.000000000,0.000000000,0.000000000
20,0.000001907,-0.599578738,2.517349243,1,1,1,0.000000000,0.000000000,0.000000000,0.986044824,0,-0.000000000,0.000000000,0.000000000
21,0.000000000,-0.599547446,2.518249512,1,1,1,0.000000000,0.000000000,0.000000000,1.040052533,0,-0.000000000,0.000000000,0.000000000
22,-0.000001907,-0.599524379,2.519149780,1,1,1,0.000000000,0.000000000,0.000000000,1.094065428,0,-0.000000000,0.000000000,0.000000000
23,-0.000001907,-0.599508822,2.520034790,1,1,1,0.000000000,0.000000000,0.000000000,1.147164702,0,-0.000000000,0.000000000,0.000000000
24,-0.000001907,-0.599500060,2.520919800,1,1,1,0.000000000,0.000000000,0.000000000,1.201180339,0,-0.000000000,0.000000000,0.000000000
25,-0.000001907,-0.599497437,2.521804810,1,1,1,0.000000000,0.000000000,0.000000000,1.254279733,0,-0.000000000,0.000000000,0.000000000
26,0.000000000,-0.599500000,2.522705078,1,1,1,0.000000000,0.000000000,0.000000000,1.308294177,0,-0.000000000,0.000000000,0.000000000
27,0.000000000,-0.599506617,2.523590088,1,1,1,0.000000000,0.000000000,0.000000000,1.361392260,0,-0.000000000,0.000000000,0.000000000
28,0.000001907,-0.599516869,2.524475098,1,1,1,0.000000000,0.000000000,0.000000000,1.414489985,0,-0.000000000,0.000000000,0.000000000
29,0.000001907,-0.599529743,2.525360107,1,1,1,0.000000000,0.000000000,0.000000000,1.467587829,0,-0.000000000,0.000000000,0.000000000
30,0.000001907,-0.599544346,2.526260376,1,1,1,0.000000000,0.000000000,0.000000000,1.520686030,0,-0.000000000,0.000000000,0.000000000
31,0.000000000,-0.599560082,2.527130127,1,1,1,0.000000000,0.000000000,0.000000000,1.573784471,0,-0.000000000,0.000000000,0.000000000
32,0.000000000,-0.599576592,2.528015137,1,1,1,0.000000000,0.000000000,0.000000000,1.626883626,0,-0.000000000,0.000000000,0.000000000
33,0.000001907,-0.599592865,2.528869629,1,1,1,0.000000000,0.000000000,0.000000000,1.679983377,0,-0.000000000,0.000000000,0.000000000
34,0.000001907,-0.599608898,2.529769897,1,1,1,0.000000000,0.000000000,0.000000000,1.732168436,0,-0.000000000,0.000000000,0.000000000
35,-0.000001907,-0.599624276,2.530639648,1,1,1,0.000000000,0.000000000,0.000000000,1.785269380,0,-0.000000000,0.000000000,0.000000000
36,0.000000000,-0.599638700,2.531524658,1,1,1,0.000000000,0.000000000,0.000000000,1.837455392,0,-0.000000000,0.000000000,0.000000000
37,0.000000000,-0.599651694,2.532394409,1,1,1,0.000000000,0.000000000,0.000000000,1.890557051,0,-0.000000000,0.000000000,0.000000000
38,0.000000000,-0.599663377,2.533264160,1,1,1,0.000000000,0.000000000,0.000000000,1.942743421,0,-0.000000000,0.000000000,0.000000000
39,0.000000000,-0.599673986,2.534118652,1,1,1,0.000000000,0.000000000,0.000000000,1.994929910,0,-0.000000000,0.000000000,0.000000000
40,0.000000000,-0.599683046,2.535003662,1,1,1,0.000000000,0.000000000,0.000000000,2.047116280,0,-0.000000000,0.000000000,0.000000000
41,0.000000000,-0.599690914,2.535873413,1,1,1,0.000000000,0.000000000,0.000000000,2.099302530,0,-0.000000000,0.000000000,0.000000000
42,0.000000000,-0.599697411,2.536743164,1,1,1,0.000000000,0.000000000,0.000000000,2.151489019,0,-0.000000000,0.000000000,0.000000000
43,0.000000000,-0.599702716,2.537597656,1,1,1,0.000000000,0.000000000,0.000000000,2.203674793,0,0.000000000,0.000000000,0.000000000
44,0.000000000,-0.599707127,2.538467407,1,1,1,0.000000000,0.000000000,0.000000000,2.254945040,0,0.000000000,0.000000000,0.000000000
45,-0.000001907,-0.599710464,2.539337158,1,1,1,0.000000000,0.000000000,0.000000000,2.307130575,0,0.000000000,0.000000000,0.000000000
46,0.000000000,-0.599713087,2.540176392,1,1,1,0.000000000,0.000000000,0.000000000,2.359316111,0,0.000000000,0.000000000,0.000000000
47,0.000000000,-0.599714994,2.541046143,1,1,1,0.000000000,0.000000000,0.000000000,2.410585880,0,0.000000000,0.000000000,0.000000000
48,-0.000001907,-0.599716485,2.541900635,1,1,1,0.000000000,0.000000000,0.000000000,2.461855173,0,0.000000000,0.000000000,0.000000000
49,0.000000000,-0.599717379,2.542755127,1,1,1,0.000000000,0.000000000,0.000000000,2.513124943,0,0.000000000,0.000000000,0.000000000
50,0.000001907,-0.599718213,2.543624878,1,1,1,0.000000000,0.000000000,0.000000000,2.564394236,0,0.000000000,0.000000000,0.000000000
51,0.000001907,-0.599718571,2.544464111,1,1,1,0.000000000,0.000000000,0.000000000,2.616579294,0,0.000000000,0.000000000,0.000000000
52,0.000000000,-0.599719167,2.545318604,1,1,1,0.000000000,0.000000000,0.000000000,2.666933060,0,0.000000000,0.000000000,0.000000000
53,0.000000000,-0.599719644,2.546188354,1,1,1,0.000000000,0.000000000,0.000000000,2.718202353,0,0.000000000,0.000000000,0.000000000
54,0.000001907,-0.599720001,2.547027588,1,1,1,0.000000000,0.000000000,0.000000000,2.769471645,0,0.000000000,0.000000000,0.000000000
55,0.000000000,-0.599720836,2.547866821,1,1,1,0.000000000,0.000000000,0.000000000,2.820740938,0,0.000000000,0.000000000,0.000000000
56,0.000000000,-0.599721551,2.548721313,1,1,1,0.000000000,0.000000000,0.000000000,2.871094704,0,0.000000000,0.000000000,0.000000000
57,-0.000001907,-0.599722624,2.549560547,1,1,1,0.000000000,0.000000000,0.000000000,2.922363997,0,0.000000000,0.000000000,0.000000000
58,0.000000000,-0.599723816,2.550399780,1,1,1,0.000000000,0.000000000,0.000000000,2.972717762,0,0.000000000,0.000000000,0.000000000
59,0.000000000,-0.599725187,2.551239014,1,1,1,0.000000000,0.000000000,0.000000000,3.023071527,0,0.000000000,0.000000000,0.000000000
60,0.000000000,-0.599725604,2.552093506,1,1,1,0.000000000,0.000000000,0.000000000,3.073425531,0,0.000000000,0.000000000,0.000000000
61,-0.000001907,-0.599728107,2.552932739,1,1,1,0.000000000,0.000000000,0.000000000,3.124694586,0,0.000000000,0.000000000,0.000000000
62,0.000000000,-0.599730790,2.553771973,1,1,1,0.000000000,0.000000000,0.000000000,3.175048590,0,0.000000000,0.000000000,0.000000000
63,0.000000000,-0.599733472,2.554611206,1,1,1,0.000000000,0.000000000,0.000000000,3.224487066,0,0.000000000,0.000000000,0.000000000
64,0.000000000,-0.599735856,2.555450439,1,1,1,0.000000000,0.000000000,0.000000000,3.274841070,0,0.000000000,0.000000000,0.000000000
65,0.000000000,-0.599738419,2.556289673,1,1,1,0.000000000,0.000000000,0.000000000,3.325195074,0,0.000000000,0.000000000,0.000000000
66,-0.000001907,-0.599740982,2.557113647,1,1,1,0.000000000,0.000000000,0.000000000,3.375548840,0,0.000000000,0.000000000,0.000000000
67,-0.000001907,-0.599743843,2.557952881,1,1,1,0.000000000,0.000000000,0.000000000,3.424987316,0,0.000000000,0.000000000,0.000000000
68,-0.000001907,-0.599748015,2.558761597,1,1,1,0.000000000,0.000000000,0.000000000,3.475341320,0,0.000000000,0.000000000,0.000000000
69,0.000000000,-0.599749327,2.559585571,1,1,1,0.000000000,0.000000000,0.000000000,3.524780035,0,0.000000000,0.000000000,0.000000000
70,0.000000000,-0.599754035,2.560409546,1,1,1,0.000000000,0.000000000,0.000000000,3.574218273,0,0.000000000,0.000000000,0.000000000
71,0.000000000,-0.599755168,2.561233521,1,1,1,0.000000000,0.000000000,0.000000000,3.623656988,0,-0.000000000,0.000000000,0.000000000
72,0.000000000,-0.599760056,2.562057495,1,1,1,0.000000000,0.000000000,0.000000000,3.673095226,0,-0.000000000,0.000000000,0.000000000
73,0.000000000,-0.599762917,2.562881470,1,1,1,0.000000000,0.000000000,0.000000000,3.722533941,0,-0.000000000,0.000000000,0.000000000
74,0.000001907,-0.599763870,2.563705444,1,1,1,0.000000000,0.000000000,0.000000000,3.771972418,0,-0.000000000,0.000000000,0.000000000
75,0.000001907,-0.599768937,2.564529419,1,1,1,0.000000000,0.000000000,0.000000000,3.821410418,0,-0.000000000,0.000000000,0.000000000
76,0.000001907,-0.599771798,2.565353394,1,1,1,0.000000000,0.000000000,0.000000000,3.870849371,0,-0.000000000,0.000000000,0.000000000
77,0.000001907,-0.599774778,2.566162109,1,1,1,0.000000000,0.000000000,0.000000000,3.920287848,0,-0.000000000,0.000000000,0.000000000
78,0.000000000,-0.599775314,2.567001343,1,1,1,0.000000000,0.000000000,0.000000000,3.968810797,0,-0.000000000,0.000000000,0.000000000
79,0.000000000,-0.599780500,2.567794800,1,1,1,0.000000000,0.000000000,0.000000000,4.018249035,0,-0.000000000,0.000000000,0.000000000
80,0.000000000,-0.599783242,2.568603516,1,1,1,0.000000000,0.000000000,0.000000000,4.066772461,0,-0.000000000,0.000000000,0.000000000
81,0.000000000,-0.599785924,2.569412231,1,1,1,0.000000000,0.000000000,0.000000000,4.115295410,0,-0.000000000,0.000000000,0.000000000
82,0.000000000,-0.599788666,2.570220947,1,1,1,0.000000000,0.000000000,0.000000000,4.163818359,0,-0.000000000,0.000000000,0.000000000
83,0.000000000,-0.599791408,2.571029663,1,1,1,0.000000000,0.000000000,0.000000000,4.212341309,0,-0.000000000,0.000000000,0.000000000
84,0.000000000,-0.599794030,2.571838379,1,1,1,0.000000000,0.000000000,0.000000000,4.260864258,0,-0.000000000,0.000000000,0.000000000
85,0.000000000,-0.599796653,2.572647095,1,1,1,0.000000000,0.000000000,0.000000000,4.309387207,0,-0.000000000,0.000000000,0.000000000
86,0.000000000,-0.599799454,2.573455811,1,1,1,0.000000000,0.000000000,0.000000000,4.357910156,0,-0.000000000,0.000000000,0.000000000
87,0.000000000,-0.599802017,2.574264526,1,1,1,0.000000000,0.000000000,0.000000000,4.406433105,0,-0.000000000,0.000000000,0.000000000
88,0.000000000,-0.599802017,2.575057983,1,1,1,0.000000000,0.000000000,0.000000000,4.454956055,0,-0.000000000,0.000000000,0.000000000
89,0.000000000,-0.599807262,2.575866699,1,1,1,0.000000000,0.000000000,0.000000000,4.502563000,0,-0.000000000,0.000000000,0.000000000
90,0.000000000,-0.599809706,2.576660156,1,1,1,0.000000000,0.000000000,0.000000000,4.551086426,0,-0.000000000,0.000000000,0.000000000
91,0.000000000,-0.599812388,2.577453613,1,1,1,0.000000000,0.000000000,0.000000000,4.598693371,0,-0.000000000,0.000000000,0.000000000
92,0.000000000,-0.599814892,2.578262329,1,1,1,0.000000000,0.000000000,0.000000000,4.646300793,0,-0.000000000,0.000000000,0.000000000
93,0.000000000,-0.599817455,2.579055786,1,1,1,0.000000000,0.000000000,0.000000000,4.694823742,0,-0.000000000,0.000000000,0.000000000
94,0.000000000,-0.599819958,2.579849243,1,1,1,0.000000000,0.000000000,0.000000000,4.742431164,0,-0.000000000,0.000000000,0.000000000
95,-0.000001907,-0.599822521,2.580642700,1,1,1,0.000000000,0.000000000,0.000000000,4.790038586,0,-0.000000000,0.000000000,0.000000000
96,-0.000001907,-0.599825144,2.581436157,1,1,1,0.000000000,0.000000000,0.000000000,4.837646008,0,-0.000000000,0.000000000,0.000000000
97,-0.000001907,-0.599827588,2.582214355,1,1,1,0.000000000,0.000000000,0.000000000,4.885253429,0,-0.000000000,0.000000000,0.000000000
98,-0.000001907,-0.599830151,2.583007813,1,1,1,0.000000000,0.000000000,0.000000000,4.931945324,0,-0.000000000,0.000000000,0.000000000
99,-0.000001907,-0.599832714,2.583801270,1,1,1,0.000000000,0.000000000,0.000000000,4.979552746,0,-0.000000000,0.000000000,0.000000000
100,-0.000001907,-0.599835157,2.584579468,1,1,1,0.000000000,0.000000000,0.000000000,5.027160168,0,-0.000000000,0.000000000,0.000000000
101,-0.000001907,-0.599837720,2.585372925,1,1,1,0.000000000,0.000000000,0.000000000,5.073852062,0,-0.000000000,0.000000000,0.000000000
102,-0.000001907,-0.599840283,2.586151123,1,1,1,0.000000000,0.000000000,0.000000000,5.121459484,0,-0.000000000,0.000000000,0.000000000
103,-0.000001907,-0.599842727,2.586929321,1,1,1,0.000000000,0.000000000,0.000000000,5.168151379,0,-0.000000000,0.000000000,0.000000000
104,-0.000001907,-0.599845350,2.587722778,1,1,1,0.000000000,0.000000000,0.000000000,5.214843273,0,-0.000000000,0.000000000,0.000000000
105,0.000000000,-0.599847913,2.588500977,1,1,1,0.000000000,0.000000000,0.000000000,5.262450695,0,-0.000000000,0.000000000,0.000000000
106,-0.000001907,-0.599850476,2.589279175,1,1,1,0.000000000,0.000000000,0.000000000,5.309142590,0,-0.000000000,0.000000000,0.000000000
107,-0.000001907,-0.599852979,2.590057373,1,1,1,0.000000000,0.000000000,0.000000000,5.355834484,0,-0.000000000,0.000000000,0.000000000
108,-0.000001907,-0.599855483,2.590820313,1,1,1,0.000000000,0.000000000,0.000000000,5.402526379,0,-0.000000000,0.000000000,0.000000000
109,-0.000001907,-0.599858046,2.591598511,1,1,1,0.000000000,0.000000000,0.000000000,5.448302746,0,-0.000000000,0.000000000,0.000000000
110,-0.000001907,-0.599860549,2.592376709,1,1,1,0.000000000,0.000000000,0.000000000,5.494994640,0,-0.000000000,0.000000000,0.000000000
111,-0.000001907,-0.599863052,2.593154907,1,1,1,0.000000000,0.000000000,0.000000000,5.541686535,0,-0.000000000,0.000000000,0.000000000
112,0.000000000,-0.599865615,2.593933105,1,1,1,0.000000000,0.000000000,0.000000000,5.587462902,0,-0.000000000,0.000000000,0.000000000
113,-0.000001907,-0.599868119,2.594680786,1,1,1,0.000000000,0.000000000,0.000000000,5.634154797,0,-0.000000000,0.000000000,0.000000000
114,0.000000000,-0.599868774,2.595458984,1,1,1,0.000000000,0.000000000,0.000000000,5.679931164,0,-0.000000000,0.000000000,0.000000000
115,0.000000000,-0.599873185,2.596221924,1,1,1,0.000000000,0.000000000,0.000000000,5.726622581,0,-0.000000000,0.000000000,0.000000000
116,0.000000000,-0.599875808,2.596984863,1,1,1,0.000000000,0.000000000,0.000000000,5.772399426,0,-0.000000000,0.000000000,0.000000000
117,0.000000000,-0.599878192,2.597747803,1,1,1,0.000000000,0.000000000,0.000000000,5.818175793,0,-0.000000000,0.000000000,0.000000000
118,0.000001907,-0.599880815,2.598510742,1,1,1,0.000000000,0.000000000,0.000000000,5.863952160,0,-0.000000000,0.000000000,0.000000000
119,0.000000000,-0.599883139,2.599273682,1,1,1,0.000000000,0.000000000,0.000000000,5.909728527,0,-0.000000000,0.000000000,0.000000000
120,0.000000000,-0.599885821,2.600036621,1,1,1,0.000000000,0.000000000,0.000000000,5.955504894,0,-0.000000000,0.000000000,0.000000000
121,0.000000000,-0.599888265,2.600799561,1,1,1,0.000000000,0.000000000,0.000000000,6.001281261,0,-0.000000000,0.000000000,0.000000000
122,0.000000000,-0.599890769,2.601547241,1,1,1,0.000000000,0.000000000,0.000000000,6.047057629,0,-0.000000000,0.000000000,0.000000000
123,0.000000000,-0.599893212,2.602310181,1,1,1,0.000000000,0.000000000,0.000000000,6.091918468,0,-0.000000000,0.000000000,0.000000000
124,0.000000000,-0.599895775,2.603073120,1,1,1,0.000000000,0.000000000,0.000000000,6.137694836,0,-0.000000000,0.000000000,0.000000000
125,0.000000000,-0.599898219,2.603820801,1,1,1,0.000000000,0.000000000,0.000000000,6.183471203,0,-0.000000000,0.000000000,0.000000000
126,0.000001907,-0.599900603,2.604568481,1,1,1,0.000000000,0.000000000,0.000000000,6.228332043,0,-0.000000000,0.000000000,0.000000000
127,0.000000000,-0.599903166,2.605331421,1,1,1,0.000000000,0.000000000,0.000000000,6.273192883,0,-0.000000000,0.000000000,0.000000000
128,0.000000000,-0.599905670,2.606079102,1,1,1,0.000000000,0.000000000,0.000000000,6.318969250,0,-0.000000000,0.000000000,0.000000000
129,0.000001907,-0.599908054,2.606826782,1,1,1,0.000000000,0.000000000,0.000000000,6.363830090,0,-0.000000000,0.000000000,0.000000000
130,0.000000000,-0.599910498,2.607574463,1,1,1,0.000000000,0.000000000,0.000000000,6.408690929,0,-0.000000000,0.000000000,0.000000000
131,0.000000000,-0.599912882,2.608322144,1,1,1,0.000000000,0.000000000,0.000000000,6.453551769,0,-0.000000000,0.000000000,0.000000000
132,0.000001907,-0.599915445,2.609069824,1,1,1,0.000000000,0.000000000,0.000000000,6.498412609,0,-0.000000000,0.000000000,0.000000000
133,-0.000001907,-0.599917412,2.609802246,1,1,1,0.000000000,0.000000000,0.000000000,6.543273449,0,-0.000000000,0.000000000,0.000000000
134,-0.000001907,-0.599920273,2.610549927,1,1,1,0.000000000,0.000000000,0.000000000,6.587218761,0,-0.000000000,0.000000000,0.000000000
135,-0.000001907,-0.599922657,2.611297607,1,1,1,0.000000000,0.000000000,0.000000000,6.632079601,0,-0.000000000,0.000000000,0.000000000
136,-0.000001907,-0.599924982,2.612030029,1,1,1,0.000000000,0.000000000,0.000000000,6.676940441,0,-0.000000000,0.000000000,0.000000000
137,0.000000000,-0.599927425,2.612777710,1,1,1,0.000000000,0.000000000,0.000000000,6.720885754,0,-0.000000000,0.000000000,0.000000000
138,-0.000001907,-0.599929929,2.613525391,1,1,1,0.000000000,0.000000000,0.000000000,6.765746593,0,-0.000000000,0.000000000,0.000000000
139,-0.000001907,-0.599932253,2.614257813,1,1,1,0.000000000,0.000000000,0.000000000,6.809691906,0,-0.000000000,0.000000000,0.000000000
140,0.000000000,-0.599934697,2.614990234,1,1,1,0.000000000,0.000000000,0.000000000,6.853637218,0,-0.000000000,0.000000000,0.000000000
141,-0.000001907,-0.599937081,2.615722656,1,1,1,0.000000000,0.000000000,0.000000000,6.898498058,0,-0.000000000,0.000000000,0.000000000
142,-0.000001907,-0.599939525,2.616455078,1,1,1,0.000000000,0.000000000,0.000000000,6.942443371,0,-0.000000000,0.000000000,0.000000000
143,-0.000001907,-0.599941969,2.617187500,1,1,1,0.000000000,0.000000000,0.000000000,6.986388683,0,-0.000000000,0.000000000,0.000000000
144,0.000000000,-0.599944293,2.617919922,1,1,1,0.000000000,0.000000000,0.000000000,7.030333996,0,-0.000000000,0.000000000,0.000000000
145,-0.000001907,-0.599946618,2.618637085,1,1,1,0.000000000,0.000000000,0.000000000,7.074279308,0,-0.000000000,0.000000000,0.000000000
146,-0.000001907,-0.599949062,2.619369507,1,1,1,0.000000000,0.000000000,0.000000000,7.117309093,0,-0.000000000,0.000000000,0.000000000
147,-0.000001907,-0.599951446,2.620101929,1,1,1,0.000000000,0.000000000,0.000000000,7.161254406,0,-0.000000000,0.000000000,0.000000000
148,0.000000000,-0.599953830,2.620819092,1,1,1,0.000000000,0.000000000,0.000000000,7.205199718,0,-0.000000000,0.000000000,0.000000000
149,-0.000001907,-0.599956214,2.621551514,1,1,1,0.000000000,0.000000000,0.000000000,7.248229504,0,-0.000000000,0.000000000,0.000000000
150,-0.000001907,-0.599958539,2.622268677,1,1,1,0.000000000,0.000000000,0.000000000,7.292174816,0,-0.000000000,0.000000000,0.000000000
151,-0.000001907,-0.599961936,2.623001099,1,1,1,0.000000000,0.000000000,0.000000000,7.335204601,0,0.000000000,0.000000000,0.000000000
152,-0.000001907,-0.599963307,2.623718262,1,1,1,0.000000000,0.000000000,0.000000000,7.379149914,0,0.000000000,0.000000000,0.000000000
153,0.000000000,-0.599965692,2.624435425,1,1,1,0.000000000,0.000000000,0.000000000,7.422179699,0,0.000000000,0.000000000,0.000000000
154,0.000000000,-0.599967957,2.625152588,1,1,1,0.000000000,0.000000000,0.000000000,7.465209484,0,0.000000000,0.000000000,0.000000000
155,-0.000001907,-0.599970341,2.625869751,1,1,1,0.000000000,0.000000000,0.000000000,7.508239269,0,0.000000000,0.000000000,0.000000000
156,-0.000001907,-0.599972725,2.626586914,1,1,1,0.000000000,0.000000000,0.000000000,7.551269054,0,0.000000000,0.000000000,0.000000000
157,-0.000001907,-0.599974990,2.627304077,1,1,1,0.000000000,0.000000000,0.000000000,7.594298840,0,0.000000000,0.000000000,0.000000000
158,0.000000000,-0.599977374,2.628021240,1,1,1,0.000000000,0.000000000,0.000000000,7.637328625,0,0.000000000,0.000000000,0.000000000
159,-0.000001907,-0.599979639,2.628723145,1,1,1,0.000000000,0.000000000,0.000000000,7.680358410,0,0.000000000,0.000000000,0.000000000
160,-0.000001907,-0.599982023,2.629440308,1,1,1,0.000000000,0.000000000,0.000000000,7.722472668,0,0.000000000,0.000000000,0.000000000
161,-0.000001907,-0.599984288,2.630157471,1,1,1,0.000000000,0.000000000,0.000000000,7.765502453,0,0.000000000,0.000000000,0.000000000
162,-0.000001907,-0.599986672,2.630859375,1,1,1,0.000000000,0.000000000,0.000000000,7.807616711,0,0.000000000,0.000000000,0.000000000
163,0.000000000,-0.599988937,2.631561279,1,1,1,0.000000000,0.000000000,0.000000000,7.850646496,0,0.000000000,0.000000000,0.000000000
164,0.000000000,-0.599991322,2.632278442,1,1,1,0.000000000,0.000000000,0.000000000,7.892760754,0,0.000000000,0.000000000,0.000000000
165,-0.000001907,-0.599993587,2.632980347,1,1,1,0.000000000,0.000000000,0.000000000,7.935790539,0,0.000000000,0.000000000,0.000000000
166,-0.000001907,-0.599995852,2.633682251,1,1,1,0.000000000,0.000000000,0.000000000,7.977904797,0,0.000000000,0.000000000,0.000000000
167,-0.000001907,-0.599998236,2.634384155,1,1,1,0.000000000,0.000000000,0.000000000,8.020019531,0,0.000000000,0.000000000,0.000000000
168,-0.000001907,-0.600000501,2.635086060,1,1,1,0.000000000,0.000000000,0.000000000,8.062133789,0,0.000000000,0.000000000,0.000000000
169,0.000000000,-0.600002766,2.635787964,1,1,1,0.000000000,0.000000000,0.000000000,8.104248047,0,0.000000000,0.000000000,0.000000000
170,0.000000000,-0.600005150,2.636489868,1,1,1,0.000000000,0.000000000,0.000000000,8.146362305,0,0.000000000,0.000000000,0.000000000
171,-0.000001907,-0.600007415,2.637191772,1,1,1,0.000000000,0.000000000,0.000000000,8.188476563,0,0.000000000,0.000000000,0.000000000
172,-0.000001907,-0.600009561,2.637878418,1,1,1,0.000000000,0.000000000,0.000000000,8.230590820,0,0.000000000,0.000000000,0.000000000
173,-0.000001907,-0.600011945,2.638580322,1,1,1,0.000000000,0.000000000,0.000000000,8.271789551,0,0.000000000,0.000000000,0.000000000
174,-0.000001907,-0.600014210,2.639282227,1,1,1,0.000000000,0.000000000,0.000000000,8.313903809,0,0.000000000,0.000000000,0.000000000
175,0.000000000,-0.600016475,2.639968872,1,1,1,0.000000000,0.000000000,0.000000000,8.356018066,0,0.000000000,0.000000000,0.000000000
176,0.000000000,-0.600018740,2.640655518,1,1,1,0.000000000,0.000000000,0.000000000,8.397216797,0,0.000000000,0.000000000,0.000000000
177,0.000000000,-0.600021005,2.641357422,1,1,1,0.000000000,0.000000000,0.000000000,8.438415527,0,0.000000000,0.000000000,0.000000000
178,0.000000000,-0.600023270,2.642044067,1,1,1,0.000000000,0.000000000,0.000000000,8.480529785,0,0.000000000,0.000000000,0.000000000
179,-0.000001907,-0.600025535,2.642730713,1,1,1,0.000000000,0.000000000,0.000000000,8.521728516,0,0.000000000,0.000000000,0.000000000
180,-0.000001907,-0.600027680,2.643417358,1,1,1,0.000000000,0.000000000,0.000000000,8.562927246,0,0.000000000,0.000000000,0.000000000
181,-0.000001907,-0.600030065,2.644119263,1,1,1,0.000000000,0.000000000,0.000000000,8.604125977,0,0.000000000,0.000000000,0.000000000
182,-0.000001907,-0.600032210,2.644790649,1,1,1,0.000000000,0.000000000,0.000000000,8.645324707,0,0.000000000,0.000000000,0.000000000
183,-0.000001907,-0.600034475,2.645477295,1,1,1,0.000000000,0.000000000,0.000000000,8.686523438,0,0.000000000,0.000000000,0.000000000
184,0.000000000,-0.600036740,2.646163940,1,1,1,0.000000000,0.000000000,0.000000000,8.727722168,0,0.000000000,0.000000000,0.000000000
185,0.000000000,-0.600039005,2.646850586,1,1,1,0.000000000,0.000000000,0.000000000,8.768920898,0,0.000000000,0.000000000,0.000000000
186,0.000000000,-0.600041270,2.647521973,1,1,1,0.000000000,0.000000000,0.000000000,8.810119629,0,0.000000000,0.000000000,0.000000000
187,0.000000000,-0.600043416,2.648208618,1,1,1,0.000000000,0.000000000,0.000000000,8.850402832,0,0.000000000,0.000000000,0.000000000
188,0.000000000,-0.600045681,2.648880005,1,1,1,0.000000000,0.000000000,0.000000000,8.891601563,0,0.000000000,0.000000000,0.000000000
189,0.000000000,-0.600047946,2.649566650,1,1,1,0.000000000,0.000000000,0.000000000,8.931884766,0,0.000000000,0.000000000,0.000000000
190,-0.000001907,-0.600050092,2.650238037,1,1,1,0.000000000,0.000000000,0.000000000,8.973083496,0,0.000000000,0.000000000,0.000000000
191,-0.000001907,-0.600052357,2.650909424,1,1,1,0.000000000,0.000000000,0.000000000,9.013366699,0,0.000000000,0.000000000,0.000000000
192,-0.000001907,-0.600054502,2.651596069,1,1,1,0.000000000,0.000000000,0.000000000,9.053649902,0,0.000000000,0.000000000,0.000000000
193,-0.000001907,-0.600056767,2.652267456,1,1,1,0.000000000,0.000000000,0.000000000,9.094848633,0,0.000000000,0.000000000,0.000000000
194,-0.000001907,-0.600058913,2.652938843,1,1,1,0.000000000,0.000000000,0.000000000,9.135131836,0,0.000000000,0.000000000,0.000000000
195,-0.000003815,-0.600063682,2.653610229,1,1,1,0.000000000,0.000000000,0.000000000,9.175414085,0,0.000000000,0.000000000,0.000000000
196,-0.000003815,-0.600063324,2.654281616,1,1,1,0.000000000,0.000000000,0.000000000,9.215698242,0,0.000000000,0.000000000,0.000000000
197,-0.000003815,-0.600065470,2.654937744,1,1,1,0.000000000,0.000000000,0.000000000,9.255980492,0,0.000000000,0.000000000,0.000000000
198,-0.000003815,-0.600067675,2.655609131,1,1,1,0.000000000,0.000000000,0.000000000,9.295348167,0,0.000000000,0.000000000,0.000000000
199,-0.000003815,-0.600069880,2.656280518,1,1,1,0.000000000,0.000000000,0.000000000,9.335631371,0,0.000000000,0.000000000,0.000000000
200,-0.000003815,-0.600072026,2.656951904,1,1,1,0.000000000,0.000000000,0.000000000,9.375914574,0,0.000000000,0.000000000,0.000000000
201,-0.000003815,-0.600074232,2.657608032,1,1,1,0.000000000,0.000000000,0.000000000,9.415282249,0,0.000000000,0.000000000,0.000000000
202,-0.000003815,-0.600076377,2.658264160,1,1,1,0.000000000,0.000000000,0.000000000,9.455565453,0,0.000000000,0.000000000,0.000000000
203,-0.000003815,-0.600078583,2.658935547,1,1,1,0.000000000,0.000000000,0.000000000,9.494933128,0,0.000000000,0.000000000,0.000000000
204,-0.000003815,-0.600080729,2.659591675,1,1,1,0.000000000,0.000000000,0.000000000,9.535216331,0,0.000000000,0.000000000,0.000000000
205,-0.000003815,-0.600082874,2.660247803,1,1,1,0.000000000,0.000000000,0.000000000,9.574584007,0,0.000000000,0.000000000,0.000000000
206,-0.000003815,-0.600085020,2.660919189,1,1,1,0.000000000,0.000000000,0.000000000,9.613951683,0,0.000000000,0.000000000,0.000000000
207,-0.000003815,-0.600087225,2.661575317,1,1,1,0.000000000,0.000000000,0.000000000,9.654234886,0,0.000000000,0.000000000,0.000000000
208,-0.000003815,-0.600089371,2.662231445,1,1,1,0.000000000,0.000000000,0.000000000,9.693602562,0,0.000000000,0.000000000,0.000000000
209,-0.000003815,-0.600091517,2.662887573,1,1,1,0.000000000,0.000000000,0.000000000,9.732970238,0,0.000000000,0.000000000,0.000000000
210,-0.000003815,-0.600093663,2.663543701,1,1,1,0.000000000,0.000000000,0.000000000,9.772337914,0,0.000000000,0.000000000,0.000000000
211,-0.000003815,-0.600095749,2.664184570,1,1,1,0.000000000,0.000000000,0.000000000,9.811705589,0,0.000000000,0.000000000,0.000000000
212,-0.000003815,-0.600097895,2.664840698,1,1,1,0.000000000,0.000000000,0.000000000,9.850157738,0,0.000000000,0.000000000,0.000000000
213,-0.000003815,-0.600100040,2.665496826,1,1,1,0.000000000,0.000000000,0.000000000,9.889525414,0,0.000000000,0.000000000,0.000000000
214,-0.000003815,-0.600102127,2.666137695,1,1,1,0.000000000,0.000000000,0.000000000,9.928893089,0,0.000000000,0.000000000,0.000000000
215,-0.000003815,-0.600104272,2.666793823,1,1,1,0.000000000,0.000000000,0.000000000,9.967345238,0,0.000000000,0.000000000,0.000000000
216,-0.000003815,-0.600106359,2.667434692,1,1,1,0.000000000,0.000000000,0.000000000,10.006712914,0,0.000000000,0.000000000,0.000000000
217,-0.000003815,-0.600108564,2.668106079,1,1,1,0.000000000,0.000000000,0.000000000,10.045165062,0,0.000000000,0.000000000,0.000000000
218,-0.000003815,-0.600110650,2.668731689,1,1,1,0.000000000,0.000000000,0.000000000,10.084532738,0,0.000000000,0.000000000,0.000000000
219,-0.000003815,-0.600112796,2.669372559,1,1,1,0.000000000,0.000000000,0.000000000,10.122984886,0,0.000000000,0.000000000,0.000000000
220,-0.000003815,-0.600114882,2.670028687,1,1,1,0.000000000,0.000000000,0.000000000,10.161437035,0,0.000000000,0.000000000,0.000000000
221,-0.000001907,-0.600117028,2.670669556,1,1,1,0.000000000,0.000000000,0.000000000,10.200804710,0,0.000000000,0.000000000,0.000000000
222,-0.000001907,-0.600119114,2.671310425,1,1,1,0.000000000,0.000000000,0.000000000,10.239256859,0,0.000000000,0.000000000,0.000000000
223,-0.000001907,-0.600121200,2.671951294,1,1,1,0.000000000,0.000000000,0.000000000,10.277709007,0,0.000000000,0.000000000,0.000000000
224,-0.000001907,-0.600123346,2.672592163,1,1,1,0.000000000,0.000000000,0.000000000,10.316161156,0,0.000000000,0.000000000,0.000000000
225,-0.000001907,-0.600125372,2.673217773,1,1,1,0.000000000,0.000000000,0.000000000,10.354613304,0,0.000000000,0.000000000,0.000000000
226,-0.000001907,-0.600127459,2.673858643,1,1,1,0.000000000,0.000000000,0.000000000,10.392149925,0,0.000000000,0.000000000,0.000000000
227,-0.000001907,-0.600129545,2.674499512,1,1,1,0.000000000,0.000000000,0.000000000,10.430602074,0,0.000000000,0.000000000,0.000000000
228,-0.000001907,-0.600131631,2.675140381,1,1,1,0.000000000,0.000000000,0.000000000,10.469054222,0,0.000000000,0.000000000,0.000000000
229,-0.000003815,-0.600133657,2.675765991,1,1,1,0.000000000,0.000000000,0.000000000,10.507506371,0,0.000000000,0.000000000,0.000000000
230,-0.000003815,-0.600135803,2.676406860,1,1,1,0.000000000,0.000000000,0.000000000,10.545042992,0,0.000000000,0.000000000,0.000000000
231,-0.000003815,-0.600137830,2.677032471,1,1,1,0.000000000,0.000000000,0.000000000,10.583495140,0,0.000000000,0.000000000,0.000000000
232,-0.000003815,-0.600139856,2.677658081,1,1,1,0.000000000,0.000000000,0.000000000,10.621031761,0,0.000000000,0.000000000,0.000000000
233,-0.000001907,-0.600142002,2.678314209,1,1,1,0.000000000,0.000000000,0.000000000,10.658568382,0,0.000000000,0.000000000,0.000000000
234,-0.000001907,-0.600144029,2.678924561,1,1,1,0.000000000,0.000000000,0.000000000,10.697020531,0,0.000000000,0.000000000,0.000000000
235,-0.000001907,-0.600146055,2.679550171,1,1,1,0.000000000,0.000000000,0.000000000,10.734557152,0,0.000000000,0.000000000,0.000000000
236,-0.000001907,-0.600148141,2.680175781,1,1,1,0.000000000,0.000000000,0.000000000,10.772093773,0,0.000000000,0.000000000,0.000000000
237,-0.000001907,-0.600150168,2.680801392,1,1,1,0.000000000,0.000000000,0.000000000,10.809630394,0,0.000000000,0.000000000,0.000000000
238,-0.000001907,-0.600152194,2.681427002,1,1,1,0.000000000,0.000000000,0.000000000,10.847167015,0,0.000000000,0.000000000,0.000000000
239,-0.000003815,-0.600154221,2.682052612,1,1,1,0.000000000,0.000000000,0.000000000,10.884703636,0,0.000000000,0.000000000,0.000000000
240,-0.000003815,-0.600156307,2.682678223,1,1,1,0.000000000,0.000000000,0.000000000,10.922240257,0,0.000000000,0.000000000,0.000000000
241,-0.000001907,-0.600158334,2.683288574,1,1,1,0.000000000,0.000000000,0.000000000,10.959776878,0,0.000000000,0.000000000,0.000000000
242,-0.000001907,-0.600160360,2.683914185,1,1,1,0.000000000,0.000000000,0.000000000,10.996397972,0,0.000000000,0.000000000,0.000000000
243,-0.000001907,-0.600162387,2.684539795,1,1,1,0.000000000,0.000000000,0.000000000,11.033934593,0,0.000000000,0.000000000,0.000000000
244,-0.000001907,-0.600164413,2.685150146,1,1,1,0.000000000,0.000000000,0.000000000,11.071471214,0,0.000000000,0.000000000,0.000000000
245,-0.000001907,-0.600166440,2.685775757,1,1,1,0.000000000,0.000000000,0.000000000,11.108092308,0,0.000000000,0.000000000,0.000000000
246,-0.000003815,-0.600168407,2.686386108,1,1,1,0.000000000,0.000000000,0.000000000,11.145628929,0,0.000000000,0.000000000,0.000000000
247,-0.000003815,-0.600170434,2.686996460,1,1,1,0.000000000,0.000000000,0.000000000,11.182250023,0,0.000000000,0.000000000,0.000000000
248,-0.000001907,-0.600172460,2.687622070,1,1,1,0.000000000,0.000000000,0.000000000,11.218871117,0,0.000000000,0.000000000,0.000000000
249,-0.000001907,-0.600174487,2.688232422,1,1,1,0.000000000,0.000000000,0.000000000,11.256407738,0,0.000000000,0.000000000,0.000000000
250,-0.000001907,-0.600176513,2.688842773,1,1,1,0.000000000,0.000000000,0.000000000,11.293028831,0,0.000000000,0.000000000,0.000000000
251,-0.000001907,-0.600178540,2.689453125,1,1,1,0.000000000,0.000000000,0.000000000,11.329649925,0,0.000000000,0.000000000,0.000000000
252,-0.000003815,-0.600180507,2.690063477,1,1,1,0.000000000,0.000000000,0.000000000,11.366271019,0,0.000000000,0.000000000,0.000000000
253,-0.000001907,-0.600182533,2.690673828,1,1,1,0.000000000,0.000000000,0.000000000,11.402892113,0,0.000000000,0.000000000,0.000000000
254,-0.000001907,-0.600184500,2.691284180,1,1,1,0.000000000,0.000000000,0.000000000,11.439513206,0,0.000000000,0.000000000,0.000000000
255,-0.000001907,-0.600186527,2.691894531,1,1,1,0.000000000,0.000000000,0.000000000,11.476134300,0,0.000000000,0.000000000,0.000000000
256,-0.000001907,-0.600188434,2.692489624,1,1,1,0.000000000,0.000000000,0.000000000,11.512755394,0,0.000000000,0.000000000,0.000000000
257,-0.000003815,-0.600190401,2.693099976,1,1,1,0.000000000,0.000000000,0.000000000,11.548460960,0,0.000000000,0.000000000,0.000000000
258,-0.000001907,-0.600192428,2.693710327,1,1,1,0.000000000,0.000000000,0.000000000,11.585082054,0,0.000000000,0.000000000,0.000000000
259,-0.000001907,-0.600194395,2.694305420,1,1,1,0.000000000,0.000000000,0.000000000,11.621703148,0,0.000000000,0.000000000,0.000000000
260,-0.000001907,-0.600196362,2.694915771,1,1,1,0.000000000,0.000000000,0.000000000,11.657408714,0,0.000000000,0.000000000,0.000000000
261,-0.000001907,-0.600198388,2.695510864,1,1,1,0.000000000,0.000000000,0.000000000,11.694029808,0,0.000000000,0.000000000,0.000000000
262,-0.000003815,-0.600200295,2.696105957,1,1,1,0.000000000,0.000000000,0.000000000,11.729735374,0,0.000000000,0.000000000,0.000000000
263,-0.000001907,-0.600202262,2.696716309,1,1,1,0.000000000,0.000000000,0.000000000,11.765440941,0,0.000000000,0.000000000,0.000000000
264,-0.000001907,-0.600204229,2.697311401,1,1,1,0.000000000,0.000000000,0.000000000,11.801146507,0,0.000000000,0.000000000,0.000000000
265,-0.000001907,-0.600206196,2.697906494,1,1,1,0.000000000,0.000000000,0.000000000,11.837767601,0,0.000000000,0.000000000,0.000000000
266,0.000000000,-0.600207210,2.698501587,1,1,1,0.000000000,0.000000000,0.000000000,11.873473167,0,0.000000000,0.000000000,0.000000000
267,0.000000000,-0.600210071,2.699096680,1,1,1,0.000000000,0.000000000,0.000000000,11.909178734,0,0.000000000,0.000000000,0.000000000
268,-0.000001907,-0.600211978,2.699691772,1,1,1,0.000000000,0.000000000,0.000000000,11.944884300,0,0.000000000,0.000000000,0.000000000
269,0.000000000,-0.600214005,2.700286865,1,1,1,0.000000000,0.000000000,0.000000000,11.980589867,0,0.000000000,0.000000000,0.000000000
270,0.000000000,-0.600215912,2.700866699,1,1,1,0.000000000,0.000000000,0.000000000,12.016295433,0,0.000000000,0.000000000,0.000000000
271,0.000000000,-0.600217819,2.701461792,1,1,1,0.000000000,0.000000000,0.000000000,12.051085472,0,0.000000000,0.000000000,0.000000000
272,-0.000001907,-0.600219727,2.702056885,1,1,1,0.000000000,0.000000000,0.000000000,12.086791039,0,0.000000000,0.000000000,0.000000000
273,0.000000000,-0.600221753,2.702651978,1,1,1,0.000000000,0.000000000,0.000000000,12.122496605,0,0.000000000,0.000000000,0.000000000
274,0.000000000,-0.600223660,2.703231812,1,1,1,0.000000000,0.000000000,0.000000000,12.158202171,0,0.000000000,0.000000000,0.000000000
275,0.000000000,-0.600225568,2.703826904,1,1,1,0.000000000,0.000000000,0.000000000,12.192992210,0,0.000000000,0.000000000,0.000000000
276,-0.000001907,-0.600227475,2.704406738,1,1,1,0.000000000,0.000000000,0.000000000,12.228697777,0,0.000000000,0.000000000,0.000000000
277,0.000000000,-0.600229383,2.704986572,1,1,1,0.000000000,0.000000000,0.000000000,12.263487816,0,0.000000000,0.000000000,0.000000000
278,0.000000000,-0.600231290,2.705581665,1,1,1,0.000000000,0.000000000,0.000000000,12.298277855,0,0.000000000,0.000000000,0.000000000
279,0.000000000,-0.600233197,2.706161499,1,1,1,0.000000000,0.000000000,0.000000000,12.333983421,0,0.000000000,0.000000000,0.000000000
280,0.000000000,-0.600235105,2.706741333,1,1,1,0.000000000,0.000000000,0.000000000,12.368773460,0,0.000000000,0.000000000,0.000000000
281,0.000000000,-0.600237012,2.707321167,1,1,1,0.000000000,0.000000000,0.000000000,12.403563499,0,0.000000000,0.000000000,0.000000000
282,0.000000000,-0.600238919,2.707901001,1,1,1,0.000000000,0.000000000,0.000000000,12.438353539,0,0.000000000,0.000000000,0.000000000
283,-0.000001907,-0.600240827,2.708480835,1,1,1,0.000000000,0.000000000,0.000000000,12.473143578,0,0.000000000,0.000000000,0.000000000
284,0.000000000,-0.600242734,2.709060669,1,1,1,0.000000000,0.000000000,0.000000000,12.507933617,0,0.000000000,0.000000000,0.000000000
285,0.000000000,-0.600244641,2.709640503,1,1,1,0.000000000,0.000000000,0.000000000,12.542723656,0,0.000000000,0.000000000,0.000000000
286,-0.000001907,-0.600246549,2.710220337,1,1,1,0.000000000,0.000000000,0.000000000,12.577513695,0,0.000000000,0.000000000,0.000000000
287,0.000000000,-0.600248337,2.710784912,1,1,1,0.000000000,0.000000000,0.000000000,12.612303734,0,0.000000000,0.000000000,0.000000000
288,0.000000000,-0.600250244,2.711364746,1,1,1,0.000000000,0.000000000,0.000000000,12.646178246,0,0.000000000,0.000000000,0.000000000
289,0.000000000,-0.600252151,2.711944580,1,1,1,0.000000000,0.000000000,0.000000000,12.680968285,0,0.000000000,0.000000000,0.000000000
290,0.000000000,-0.600254059,2.712524414,1,1,1,0.000000000,0.000000000,0.000000000,12.715758324,0,0.000000000,0.000000000,0.000000000
291,0.000000000,-0.600255966,2.713088989,1,1,1,0.000000000,0.000000000,0.000000000,12.749632835,0,0.000000000,0.000000000,0.000000000
292,0.000000000,-0.600257754,2.713653564,1,1,1,0.000000000,0.000000000,0.000000000,12.784422874,0,0.000000000,0.000000000,0.000000000
293,0.000000000,-0.600259542,2.714218140,1,1,1,0.000000000,0.000000000,0.000000000,12.818297386,0,0.000000000,0.000000000,0.000000000
294,0.000000000,-0.600261450,2.714797974,1,1,1,0.000000000,0.000000000,0.000000000,12.852171898,0,0.000000000,0.000000000,0.000000000
295,0.000000000,-0.600263357,2.715362549,1,1,1,0.000000000,0.000000000,0.000000000,12.886961937,0,0.000000000,0.000000000,0.000000000
296,0.000000000,-0.600265145,2.715927124,1,1,1,0.000000000,0.000000000,0.000000000,12.920836449,0,0.000000000,0.000000000,0.000000000
297,0.000000000,-0.600267053,2.716491699,1,1,1,0.000000000,0.000000000,0.000000000,12.954710960,0,0.000000000,0.000000000,0.000000000
298,0.000000000,-0.600268841,2.717056274,1,1,1,0.000000000,0.000000000,0.000000000,12.988585472,0,0.000000000,0.000000000,0.000000000
299,0.000000000,-0.600270748,2.717620850,1,1,1,0.000000000,0.000000000,0.000000000,13.022459984,0,0.000000000,0.000000000,0.000000000
300,0.000000000,-0.600272536,2.718185425,1,1,1,0.000000000,0.000000000,0.000000000,13.056334496,0,0.000000000,0.000000000,0.000000000
301,0.000000000,-0.600274444,2.718750000,1,1,1,0.000000000,0.000000000,0.000000000,13.090209007,0,0.000000000,0.000000000,0.000000000
302,0.000000000,-0.600276232,2.719314575,1,1,1,0.000000000,0.000000000,0.000000000,13.124083519,0,0.000000000,0.000000000,0.000000000
303,0.000000000,-0.600278139,2.719879150,1,1,1,0.000000000,0.000000000,0.000000000,13.157958031,0,0.000000000,0.000000000,0.000000000
304,-0.000001907,-0.600279927,2.720428467,1,1,1,0.000000000,0.000000000,0.000000000,13.190917015,0,0.000000000,0.000000000,0.000000000
305,0.000000000,-0.600281715,2.720993042,1,1,1,0.000000000,0.000000000,0.000000000,13.224791527,0,0.000000000,0.000000000,0.000000000
306,0.000000000,-0.600283504,2.721542358,1,1,1,0.000000000,0.000000000,0.000000000,13.258666039,0,0.000000000,0.000000000,0.000000000
307,0.000000000,-0.600285411,2.722106934,1,1,1,0.000000000,0.000000000,0.000000000,13.291625023,0,0.000000000,0.000000000,0.000000000
308,0.000000000,-0.600287199,2.722656250,1,1,1,0.000000000,0.000000000,0.000000000,13.325499535,0,0.000000000,0.000000000,0.000000000
309,0.000000000,-0.600288987,2.723220825,1,1,1,0.000000000,0.000000000,0.000000000,13.358458519,0,0.000000000,0.000000000,0.000000000
310,0.000000000,-0.600290895,2.723770142,1,1,1,0.000000000,0.000000000,0.000000000,13.392333031,0,0.000000000,0.000000000,0.000000000
311,0.000000000,-0.600292683,2.724319458,1,1,1,0.000000000,0.000000000,0.000000000,13.425292015,0,0.000000000,0.000000000,0.000000000
312,0.000000000,-0.600294471,2.724868774,1,1,1,0.000000000,0.000000000,0.000000000,13.458250999,0,0.000000000,0.000000000,0.000000000
313,0.000000000,-0.600296259,2.725418091,1,1,1,0.000000000,0.000000000,0.000000000,13.491209984,0,0.000000000,0.000000000,0.000000000
314,0.000000000,-0.600298047,2.725967407,1,1,1,0.000000000,0.000000000,0.000000000,13.524168968,0,0.000000000,0.000000000,0.000000000
315,0.000000000,-0.600299835,2.726516724,1,1,1,0.000000000,0.000000000,0.000000000,13.557127953,0,0.000000000,0.000000000,0.000000000
316,0.000000000,-0.600301623,2.727066040,1,1,1,0.000000000,0.000000000,0.000000000,13.590086937,0,0.000000000,0.000000000,0.000000000
317,0.000000000,-0.600303411,2.727615356,1,1,1,0.000000000,0.000000000,0.000000000,13.623045921,0,0.000000000,0.000000000,0.000000000
318,0.000000000,-0.600305200,2.728164673,1,1,1,0.000000000,0.000000000,0.000000000,13.656004906,0,0.000000000,0.000000000,0.000000000
319,0.000000000,-0.600306988,2.728713989,1,1,1,0.000000000,0.000000000,0.000000000,13.688963890,0,0.000000000,0.000000000,0.000000000
320,0.000000000,-0.600308895,2.729263306,1,1,1,0.000000000,0.000000000,0.000000000,13.721922874,0,0.000000000,0.000000000,0.000000000
321,0.000000000,-0.600310564,2.729797363,1,1,1,0.000000000,0.000000000,0.000000000,13.754881859,0,0.000000000,0.000000000,0.000000000
322,0.000000000,-0.600312352,2.730346680,1,1,1,0.000000000,0.000000000,0.000000000,13.786925316,0,0.000000000,0.000000000,0.000000000
323,0.000000000,-0.600314140,2.730880737,1,1,1,0.000000000,0.000000000,0.000000000,13.819884300,0,0.000000000,0.000000000,0.000000000
324,0.000000000,-0.600315928,2.731430054,1,1,1,0.000000000,0.000000000,0.000000000,13.851927757,0,0.000000000,0.000000000,0.000000000
325,0.000000000,-0.600317717,2.731964111,1,1,1,0.000000000,0.000000000,0.000000000,13.884886742,0,0.000000000,0.000000000,0.000000000
326,0.000000000,-0.600319505,2.732513428,1,1,1,0.000000000,0.000000000,0.000000000,13.916930199,0,0.000000000,0.000000000,0.000000000
327,0.000000000,-0.600321293,2.733047485,1,1,1,0.000000000,0.000000000,0.000000000,13.949889183,0,0.000000000,0.000000000,0.000000000
328,0.000000000,-0.600322962,2.733581543,1,1,1,0.000000000,0.000000000,0.000000000,13.981932640,0,0.000000000,0.000000000,0.000000000
329,0.000000000,-0.600324750,2.734115601,1,1,1,0.000000000,0.000000000,0.000000000,14.013976097,0,0.000000000,0.000000000,0.000000000
330,0.000000000,-0.600326538,2.734649658,1,1,1,0.000000000,0.000000000,0.000000000,14.046019554,0,0.000000000,0.000000000,0.000000000
331,0.000000000,-0.600328207,2.735183716,1,1,1,0.000000000,0.000000000,0.000000000,14.078063011,0,0.000000000,0.000000000,0.000000000
332,0.000000000,-0.600329995,2.735717773,1,1,1,0.000000000,0.000000000,0.000000000,14.110106468,0,0.000000000,0.000000000,0.000000000
333,0.000000000,-0.600331783,2.736251831,1,1,1,0.000000000,0.000000000,0.000000000,14.142149925,0,0.000000000,0.000000000,0.000000000
334,0.000000000,-0.600333452,2.736785889,1,1,1,0.000000000,0.000000000,0.000000000,14.174193382,0,0.000000000,0.000000000,0.000000000
335,0.000000000,-0.600335240,2.737319946,1,1,1,0.000000000,0.000000000,0.000000000,14.206236839,0,0.000000000,0.000000000,0.000000000
336,0.000000000,-0.600336909,2.737854004,1,1,1,0.000000000,0.000000000,0.000000000,14.238280296,0,0.000000000,0.000000000,0.000000000
337,0.000000000,-0.600338697,2.738372803,1,1,1,0.000000000,0.000000000,0.000000000,14.270323753,0,0.000000000,0.000000000,0.000000000
338,0.000000000,-0.600340366,2.738906860,1,1,1,0.000000000,0.000000000,0.000000000,14.301451683,0,0.000000000,0.000000000,0.000000000
339,0.000000000,-0.600342155,2.739440918,1,1,1,0.000000000,0.000000000,0.000000000,14.333495140,0,0.000000000,0.000000000,0.000000000
340,0.000000000,-0.600343823,2.739959717,1,1,1,0.000000000,0.000000000,0.000000000,14.365538597,0,0.000000000,0.000000000,0.000000000
341,0.000000000,-0.600345612,2.740493774,1,1,1,0.000000000,0.000000000,0.000000000,14.396666527,0,0.000000000,0.000000000,0.000000000
342,0.000000000,-0.600347281,2.741012573,1,1,1,0.000000000,0.000000000,0.000000000,14.428709984,0,0.000000000,0.000000000,0.000000000
343,-0.000001907,-0.600349069,2.741531372,1,1,1,0.000000000,0.000000000,0.000000000,14.459837914,0,0.000000000,0.000000000,0.000000000
344,-0.000001907,-0.600350738,2.742065430,1,1,1,0.000000000,0.000000000,0.000000000,14.490965843,0,0.000000000,0.000000000,0.000000000
345,-0.000001907,-0.600352407,2.742584229,1,1,1,0.000000000,0.000000000,0.000000000,14.523009300,0,0.000000000,0.000000000,0.000000000
346,-0.000001907,-0.600354195,2.743103027,1,1,1,0.000000000,0.000000000,0.000000000,14.554137230,0,0.000000000,0.000000000,0.000000000
347,-0.000001907,-0.600355864,2.743621826,1,1,1,0.000000000,0.000000000,0.000000000,14.585265160,0,0.000000000,0.000000000,0.000000000
348,-0.000001907,-0.600357533,2.744140625,1,1,1,0.000000000,0.000000000,0.000000000,14.616393089,0,0.000000000,0.000000000,0.000000000
349,-0.000001907,-0.600359201,2.744659424,1,1,1,0.000000000,0.000000000,0.000000000,14.647521019,0,0.000000000,0.000000000,0.000000000
350,-0.000001907,-0.600360990,2.745178223,1,1,1,0.000000000,0.000000000,0.000000000,14.678648949,0,0.000000000,0.000000000,0.000000000
351,-0.000001907,-0.600362659,2.745697021,1,1,1,0.000000000,0.000000000,0.000000000,14.709776878,0,0.000000000,0.000000000,0.000000000
352,-0.000001907,-0.600364327,2.746215820,1,1,1,0.000000000,0.000000000,0.000000000,14.740904808,0,0.000000000,0.000000000,0.000000000
353,-0.000001907,-0.600365996,2.746734619,1,1,1,0.000000000,0.000000000,0.000000000,14.772032738,0,0.000000000,0.000000000,0.000000000
354,-0.000001907,-0.600367785,2.747253418,1,1,1,0.000000000,0.000000000,0.000000000,14.803160667,0,0.000000000,0.000000000,0.000000000
355,-0.000001907,-0.600369334,2.747756958,1,1,1,0.000000000,0.000000000,0.000000000,14.834288597,0,0.000000000,0.000000000,0.000000000
356,-0.000001907,-0.600371122,2.748275757,1,1,1,0.000000000,0.000000000,0.000000000,14.864500999,0,0.000000000,0.000000000,0.000000000
357,-0.000001907,-0.600372791,2.748794556,1,1,1,0.000000000,0.000000000,0.000000000,14.895628929,0,0.000000000,0.000000000,0.000000000
358,-0.000001907,-0.600374460,2.749298096,1,1,1,0.000000000,0.000000000,0.000000000,14.926756859,0,0.000000000,0.000000000,0.000000000
359,-0.000001907,-0.600376129,2.749801636,1,1,1,0.000000000,0.000000000,0.000000000,14.956969261,0,0.000000000,0.000000000,0.000000000
360,0.000000000,-0.600377798,2.750320435,1,1,1,0.000000000,0.000000000,0.000000000,14.987181664,0,0.000000000,0.000000000,0.000000000
361,-0.000001907,-0.600379348,2.750823975,1,1,1,0.000000000,0.000000000,0.000000000,15.018309593,0,0.000000000,0.000000000,0.000000000
362,-0.000001907,-0.600381136,2.751342773,1,1,1,0.000000000,0.000000000,0.000000000,15.048521996,0,0.000000000,0.000000000,0.000000000
363,-0.000001907,-0.600382805,2.751846313,1,1,1,0.000000000,0.000000000,0.000000000,15.079649925,0,0.000000000,0.000000000,0.000000000
364,-0.000001907,-0.600384355,2.752349854,1,1,1,0.000000000,0.000000000,0.000000000,15.109862328,0,0.000000000,0.000000000,0.000000000
365,-0.000001907,-0.600386143,2.752853394,1,1,1,0.000000000,0.000000000,0.000000000,15.140074730,0,0.000000000,0.000000000,0.000000000
366,-0.000001907,-0.600387692,2.753356934,1,1,1,0.000000000,0.000000000,0.000000000,15.170287132,0,0.000000000,0.000000000,0.000000000
367,0.000000000,-0.600389361,2.753860474,1,1,1,0.000000000,0.000000000,0.000000000,15.200499535,0,0.000000000,0.000000000,0.000000000
368,-0.000001907,-0.600391030,2.754364014,1,1,1,0.000000000,0.000000000,0.000000000,15.230711937,0,0.000000000,0.000000000,0.000000000
369,-0.000001907,-0.600392699,2.754867554,1,1,1,0.000000000,0.000000000,0.000000000,15.260924339,0,0.000000000,0.000000000,0.000000000
370,-0.000001907,-0.600394368,2.755371094,1,1,1,0.000000000,0.000000000,0.000000000,15.291136742,0,0.000000000,0.000000000,0.000000000
371,-0.000001907,-0.600395918,2.755874634,1,1,1,0.000000000,0.000000000,0.000000000,15.321349144,0,0.000000000,0.000000000,0.000000000
372,-0.000001907,-0.600397587,2.756362915,1,1,1,0.000000000,0.000000000,0.000000000,15.351561546,0,0.000000000,0.000000000,0.000000000
373,-0.000001907,-0.600399256,2.756866455,1,1,1,0.000000000,0.000000000,0.000000000,15.380858421,0,0.000000000,0.000000000,0.000000000
374,-0.000001907,-0.600400925,2.757369995,1,1,1,0.000000000,0.000000000,0.000000000,15.411070824,0,0.000000000,0.000000000,0.000000000
375,-0.000001907,-0.600402474,2.757858276,1,1,1,0.000000000,0.000000000,0.000000000,15.441283226,0,0.000000000,0.000000000,0.000000000
376,-0.000001907,-0.600404143,2.758361816,1,1,1,0.000000000,0.000000000,0.000000000,15.470580101,0,0.000000000,0.000000000,0.000000000
377,-0.000001907,-0.600405693,2.758850098,1,1,1,0.000000000,0.000000000,0.000000000,15.500792503,0,0.000000000,0.000000000,0.000000000
378,-0.000001907,-0.600407362,2.759353638,1,1,1,0.000000000,0.000000000,0.000000000,15.530089378,0,0.000000000,0.000000000,0.000000000
379,-0.000001907,-0.600408912,2.759841919,1,1,1,0.000000000,0.000000000,0.000000000,15.560301781,0,0.000000000,0.000000000,0.000000000
380,-0.000001907,-0.600410581,2.760330200,1,1,1,0.000000000,0.000000000,0.000000000,15.589598656,0,0.000000000,0.000000000,0.000000000
381,-0.000001907,-0.600412130,2.760833740,1,1,1,0.000000000,0.000000000,0.000000000,15.618895531,0,0.000000000,0.000000000,0.000000000
382,0.000000000,-0.600413799,2.761322021,1,1,1,0.000000000,0.000000000,0.000000000,15.649107933,0,0.000000000,0.000000000,0.000000000
383,-0.000001907,-0.600415468,2.761810303,1,1,1,0.000000000,0.000000000,0.000000000,15.678404808,0,0.000000000,0.000000000,0.000000000
384,-0.000001907,-0.600417018,2.762298584,1,1,1,0.000000000,0.000000000,0.000000000,15.707701683,0,0.000000000,0.000000000,0.000000000
385,-0.000001907,-0.600418687,2.762786865,1,1,1,0.000000000,0.000000000,0.000000000,15.736998558,0,0.000000000,0.000000000,0.000000000
386,-0.000001907,-0.600420237,2.763275146,1,1,1,0.000000000,0.000000000,0.000000000,15.766295433,0,0.000000000,0.000000000,0.000000000
387,-0.000001907,-0.600421786,2.763763428,1,1,1,0.000000000,0.000000000,0.000000000,15.795592308,0,0.000000000,0.000000000,0.000000000
388,-0.000001907,-0.600423455,2.764251709,1,1,1,0.000000000,0.000000000,0.000000000,15.824889183,0,0.000000000,0.000000000,0.000000000
389,-0.000001907,-0.600425005,2.764739990,1,1,1,0.000000000,0.000000000,0.000000000,15.854186058,0,0.000000000,0.000000000,0.000000000
390,0.000000000,-0.600426555,2.765213013,1,1,1,0.000000000,0.000000000,0.000000000,15.883482933,0,0.000000000,0.000000000,0.000000000
391,-0.000001907,-0.600428164,2.765701294,1,1,1,0.000000000,0.000000000,0.000000000,15.911864281,0,0.000000000,0.000000000,0.000000000
392,-0.000001907,-0.600429773,2.766189575,1,1,1,0.000000000,0.000000000,0.000000000,15.941161156,0,0.000000000,0.000000000,0.000000000
393,0.000000000,-0.600431323,2.766662598,1,1,1,0.000000000,0.000000000,0.000000000,15.970458031,0,0.000000000,0.000000000,0.000000000
394,-0.000001907,-0.600432873,2.767150879,1,1,1,0.000000000,0.000000000,0.000000000,15.998839378,0,0.000000000,0.000000000,0.000000000
395,-0.000001907,-0.600434422,2.767623901,1,1,1,0.000000000,0.000000000,0.000000000,16.028137207,0,0.000000000,0.000000000,0.000000000
396,0.000000000,-0.600435972,2.768112183,1,1,1,0.000000000,0.000000000,0.000000000,16.056518555,0,0.000000000,0.000000000,0.000000000
397,-0.000001907,-0.600437582,2.768585205,1,1,1,0.000000000,0.000000000,0.000000000,16.085815430,0,0.000000000,0.000000000,0.000000000
398,-0.000001907,-0.600439191,2.769073486,1,1,1,0.000000000,0.000000000,0.000000000,16.114196777,0,0.000000000,0.000000000,0.000000000
399,0.000000000,-0.600440741,2.769546509,1,1,1,0.000000000,0.000000000,0.000000000,16.143493652,0,0.000000000,0.000000000,0.000000000
400,-0.000001907,-0.600442290,2.770019531,1,1,1,0.000000000,0.000000000,0.000000000,16.171875000,0,0.000000000,0.000000000,0.000000000
401,-0.000001907,-0.600443840,2.770492554,1,1,1,0.000000000,0.000000000,0.000000000,16.200256348,0,0.000000000,0.000000000,0.000000000
402,0.000000000,-0.600445390,2.770965576,1,1,1,0.000000000,0.000000000,0.000000000,16.228637695,0,0.000000000,0.000000000,0.000000000
403,-0.000001907,-0.600446999,2.771453857,1,1,1,0.000000000,0.000000000,0.000000000,16.257019043,0,0.000000000,0.000000000,0.000000000
404,-0.000001907,-0.600448549,2.771926880,1,1,1,0.000000000,0.000000000,0.000000000,16.286315918,0,0.000000000,0.000000000,0.000000000
405,-0.000001907,-0.600450039,2.772399902,1,1,1,0.000000000,0.000000000,0.000000000,16.314697266,0,0.000000000,0.000000000,0.000000000
406,-0.000001907,-0.600451589,2.772857666,1,1,1,0.000000000,0.000000000,0.000000000,16.343078613,0,0.000000000,0.000000000,0.000000000
407,-0.000001907,-0.600453138,2.773330688,1,1,1,0.000000000,0.000000000,0.000000000,16.370544434,0,0.000000000,0.000000000,0.000000000
408,-0.000001907,-0.600454688,2.773803711,1,1,1,0.000000000,0.000000000,0.000000000,16.398925781,0,0.000000000,0.000000000,0.000000000
409,0.000000000,-0.600456238,2.774276733,1,1,1,0.000000000,0.000000000,0.000000000,16.427307129,0,0.000000000,0.000000000,0.000000000
410,-0.000001907,-0.600457788,2.774749756,1,1,1,0.000000000,0.000000000,0.000000000,16.455688477,0,0.000000000,0.000000000,0.000000000
411,-0.000001907,-0.600459278,2.775207520,1,1,1,0.000000000,0.000000000,0.000000000,16.484069824,0,0.000000000,0.000000000,0.000000000
412,0.000000000,-0.600460827,2.775680542,1,1,1,0.000000000,0.000000000,0.000000000,16.511535645,0,0.000000000,0.000000000,0.000000000
413,-0.000001907,-0.600462377,2.776153564,1,1,1,0.000000000,0.000000000,0.000000000,16.539916992,0,0.000000000,0.000000000,0.000000000
414,-0.000001907,-0.600463867,2.776611328,1,1,1,0.000000000,0.000000000,0.000000000,16.568298340,0,0.000000000,0.000000000,0.000000000
415,-0.000001907,-0.600465417,2.777084351,1,1,1,0.000000000,0.000000000,0.000000000,16.595764160,0,0.000000000,0.000000000,0.000000000
416,0.000000000,-0.600466907,2.777542114,1,1,1,0.000000000,0.000000000,0.000000000,16.624145508,0,0.000000000,0.000000000,0.000000000
417,-0.000001907,-0.600468457,2.777999878,1,1,1,0.000000000,0.000000000,0.000000000,16.651611328,0,0.000000000,0.000000000,0.000000000
418,-0.000001907,-0.600469947,2.778472900,1,1,1,0.000000000,0.000000000,0.000000000,16.679077148,0,0.000000000,0.000000000,0.000000000
419,0.000000000,-0.600471497,2.778930664,1,1,1,0.000000000,0.000000000,0.000000000,16.707458496,0,0.000000000,0.000000000,0.000000000
420,0.000000000,-0.600472927,2.779388428,1,1,1,0.000000000,0.000000000,0.000000000,16.734924316,0,0.000000000,0.000000000,0.000000000
421,-0.000001907,-0.600474477,2.779846191,1,1,1,0.000000000,0.000000000,0.000000000,16.762390137,0,0.000000000,0.000000000,0.000000000
422,-0.000001907,-0.600475967,2.780303955,1,1,1,0.000000000,0.000000000,0.000000000,16.789855957,0,0.000000000,0.000000000,0.000000000
423,0.000000000,-0.600477457,2.780761719,1,1,1,0.000000000,0.000000000,0.000000000,16.817321777,0,0.000000000,0.000000000,0.000000000
424,-0.000001907,-0.600478947,2.781219482,1,1,1,0.000000000,0.000000000,0.000000000,16.844787598,0,0.000000000,0.000000000,0.000000000
425,-0.000001907,-0.600478470,2.781677246,1,1,1,0.000000000,0.000000000,0.000000000,16.872253418,0,-0.000000000,0.000000000,0.000000000
426,-0.000001907,-0.600481927,2.782135010,1,1,1,0.000000000,0.000000000,0.000000000,16.899719238,0,-0.000000000,0.000000000,0.000000000
427,0.000000000,-0.600483418,2.782592773,1,1,1,0.000000000,0.000000000,0.000000000,16.927185059,0,-0.000000000,0.000000000,0.000000000
428,-0.000001907,-0.600484967,2.783050537,1,1,1,0.000000000,0.000000000,0.000000000,16.954650879,0,-0.000000000,0.000000000,0.000000000
429,-0.000001907,-0.600486398,2.783508301,1,1,1,0.000000000,0.000000000,0.000000000,16.982116699,0,-0.000000000,0.000000000,0.000000000
430,-0.000001907,-0.600487947,2.783966064,1,1,1,0.000000000,0.000000000,0.000000000,17.009582520,0,-0.000000000,0.000000000,0.000000000
431,0.000000000,-0.600489378,2.784408569,1,1,1,0.000000000,0.000000000,0.000000000,17.037048340,0,-0.000000000,0.000000000,0.000000000
432,-0.000001907,-0.600490928,2.784866333,1,1,1,0.000000000,0.000000000,0.000000000,17.063598633,0,-0.000000000,0.000000000,0.000000000
433,-0.000001907,-0.600492358,2.785308838,1,1,1,0.000000000,0.000000000,0.000000000,17.091064453,0,-0.000000000,0.000000000,0.000000000
434,-0.000001907,-0.600493908,2.785766602,1,1,1,0.000000000,0.000000000,0.000000000,17.117614746,0,-0.000000000,0.000000000,0.000000000
435,0.000000000,-0.600495219,2.786209106,1,1,1,0.000000000,0.000000000,0.000000000,17.145080566,0,-0.000000000,0.000000000,0.000000000
436,0.000000000,-0.600496769,2.786666870,1,1,1,0.000000000,0.000000000,0.000000000,17.171630859,0,-0.000000000,0.000000000,0.000000000
437,-0.000001907,-0.600498199,2.787109375,1,1,1,0.000000000,0.000000000,0.000000000,17.199096680,0,-0.000000000,0.000000000,0.000000000
438,-0.000001907,-0.600499630,2.787551880,1,1,1,0.000000000,0.000000000,0.000000000,17.225646973,0,-0.000000000,0.000000000,0.000000000
439,-0.000001907,-0.600501180,2.788009644,1,1,1,0.000000000,0.000000000,0.000000000,17.252197266,0,-0.000000000,0.000000000,0.000000000
440,0.000000000,-0.600502610,2.788452148,1,1,1,0.000000000,0.000000000,0.000000000,17.279663086,0,-0.000000000,0.000000000,0.000000000
441,-0.000001907,-0.600504041,2.788894653,1,1,1,0.000000000,0.000000000,0.000000000,17.306213379,0,-0.000000000,0.000000000,0.000000000
442,-0.000001907,-0.600505531,2.789337158,1,1,1,0.000000000,0.000000000,0.000000000,17.332763672,0,-0.000000000,0.000000000,0.000000000
443,-0.000001907,-0.600507021,2.789779663,1,1,1,0.000000000,0.000000000,0.000000000,17.359313965,0,-0.000000000,0.000000000,0.000000000
444,-0.000001907,-0.600508451,2.790222168,1,1,1,0.000000000,0.000000000,0.000000000,17.385864258,0,-0.000000000,0.000000000,0.000000000
445,0.000000000,-0.600509882,2.790664673,1,1,1,0.000000000,0.000000000,0.000000000,17.412414551,0,-0.000000000,0.000000000,0.000000000
446,-0.000001907,-0.600511312,2.791107178,1,1,1,0.000000000,0.000000000,0.000000000,17.438964844,0,-0.000000000,0.000000000,0.000000000
447,-0.000001907,-0.600512743,2.791549683,1,1,1,0.000000000,0.000000000,0.000000000,17.465515137,0,-0.000000000,0.000000000,0.000000000
448,-0.000001907,-0.600514174,2.791992188,1,1,1,0.000000000,0.000000000,0.000000000,17.492065430,0,-0.000000000,0.000000000,0.000000000
449,-0.000001907,-0.600515604,2.792434692,1,1,1,0.000000000,0.000000000,0.000000000,17.518615723,0,-0.000000000,0.000000000,0.000000000
450,0.000000000,-0.600517154,2.792877197,1,1,1,0.000000000,0.000000000,0.000000000,17.545166016,0,-0.000000000,0.000000000,0.000000000
451,0.000000000,-0.600518465,2.793304443,1,1,1,0.000000000,0.000000000,0.000000000,17.571716309,0,-0.000000000,0.000000000,0.000000000
452,-0.000001907,-0.600519955,2.793746948,1,1,1,0.000000000,0.000000000,0.000000000,17.597351074,0,-0.000000000,0.000000000,0.000000000
453,-0.000001907,-0.600521386,2.794174194,1,1,1,0.000000000,0.000000000,0.000000000,17.623901367,0,-0.000000000,0.000000000,0.000000000
454,-0.000001907,-0.600522816,2.794616699,1,1,1,0.000000000,0.000000000,0.000000000,17.649536133,0,-0.000000000,0.000000000,0.000000000
455,0.000000000,-0.600524247,2.795059204,1,1,1,0.000000000,0.000000000,0.000000000,17.676086426,0,-0.000000000,0.000000000,0.000000000
456,0.000000000,-0.600525618,2.795486450,1,1,1,0.000000000,0.000000000,0.000000000,17.702636719,0,-0.000000000,0.000000000,0.000000000
457,0.000000000,-0.600527048,2.795913696,1,1,1,0.000000000,0.000000000,0.000000000,17.728271484,0,-0.000000000,0.000000000,0.000000000
458,-0.000001907,-0.600528479,2.796356201,1,1,1,0.000000000,0.000000000,0.000000000,17.753906250,0,-0.000000000,0.000000000,0.000000000
459,-0.000001907,-0.600529850,2.796783447,1,1,1,0.000000000,0.000000000,0.000000000,17.780456543,0,-0.000000000,0.000000000,0.000000000
460,-0.000001907,-0.600531340,2.797210693,1,1,1,0.000000000,0.000000000,0.000000000,17.806091309,0,-0.000000000,0.000000000,0.000000000
461,-0.000001907,-0.600532770,2.797653198,1,1,1,0.000000000,0.000000000,0.000000000,17.831726074,0,-0.000000000,0.000000000,0.000000000
462,0.000000000,-0.600534141,2.798080444,1,1,1,0.000000000,0.000000000,0.000000000,17.858276367,0,-0.000000000,0.000000000,0.000000000
463,0.000000000,-0.600535512,2.798507690,1,1,1,0.000000000,0.000000000,0.000000000,17.883911133,0,-0.000000000,0.000000000,0.000000000
464,0.000000000,-0.600536942,2.798934937,1,1,1,0.000000000,0.000000000,0.000000000,17.909545898,0,-0.000000000,0.000000000,0.000000000
465,-0.000001907,-0.600538373,2.799362183,1,1,1,0.000000000,0.000000000,0.000000000,17.935180664,0,-0.000000000,0.000000000,0.000000000
466,-0.000001907,-0.600539804,2.799789429,1,1,1,0.000000000,0.000000000,0.000000000,17.960815430,0,-0.000000000,0.000000000,0.000000000
467,-0.000001907,-0.600541115,2.800216675,1,1,1,0.000000000,0.000000000,0.000000000,17.986450195,0,-0.000000000,0.000000000,0.000000000
468,-0.000001907,-0.600542545,2.800643921,1,1,1,0.000000000,0.000000000,0.000000000,18.012084961,0,-0.000000000,0.000000000,0.000000000
469,0.000000000,-0.600543916,2.801071167,1,1,1,0.000000000,0.000000000,0.000000000,18.037719727,0,-0.000000000,0.000000000,0.000000000
470,0.000000000,-0.600545287,2.801483154,1,1,1,0.000000000,0.000000000,0.000000000,18.063354492,0,-0.000000000,0.000000000,0.000000000
471,0.000000000,-0.600546718,2.801910400,1,1,1,0.000000000,0.000000000,0.000000000,18.088073730,0,-0.000000000,0.000000000,0.000000000
472,-0.000001907,-0.600548089,2.802337646,1,1,1,0.000000000,0.000000000,0.000000000,18.113708496,0,-0.000000000,0.000000000,0.000000000
473,-0.000001907,-0.600549459,2.802764893,1,1,1,0.000000000,0.000000000,0.000000000,18.139343262,0,-0.000000000,0.000000000,0.000000000
474,-0.000001907,-0.600550771,2.803176880,1,1,1,0.000000000,0.000000000,0.000000000,18.164978027,0,-0.000000000,0.000000000,0.000000000
475,-0.000001907,-0.600552201,2.803604126,1,1,1,0.000000000,0.000000000,0.000000000,18.189697266,0,-0.000000000,0.000000000,0.000000000
476,-0.000001907,-0.600553513,2.804016113,1,1,1,0.000000000,0.000000000,0.000000000,18.215332031,0,-0.000000000,0.000000000,0.000000000
477,0.000000000,-0.600554883,2.804428101,1,1,1,0.000000000,0.000000000,0.000000000,18.240051270,0,-0.000000000,0.000000000,0.000000000
478,0.000000000,-0.600556254,2.804840088,1,1,1,0.000000000,0.000000000,0.000000000,18.265228271,0,-0.000000000,0.000000000,0.000000000
479,0.000000000,-0.600557685,2.805252075,1,1,1,0.000000000,0.000000000,0.000000000,18.290403366,0,-0.000000000,0.000000000,0.000000000
480,0.000000000,-0.600558996,2.805679321,1,1,1,0.000000000,0.000000000,0.000000000,18.315580368,0,-0.000000000,0.000000000,0.000000000
481,0.000000000,-0.600560427,2.806091309,1,1,1,0.000000000,0.000000000,0.000000000,18.340757370,0,-0.000000000,0.000000000,0.000000000
482,-0.000001907,-0.600561738,2.806526184,1,1,1,0.000000000,0.000000000,0.000000000,18.365476608,0,-0.000000000,0.000000000,0.000000000
483,-0.000001907,-0.600563169,2.806945801,1,1,1,0.000000000,0.000000000,0.000000000,18.390653610,0,-0.000000000,0.000000000,0.000000000
484,-0.000001907,-0.600564539,2.807365417,1,1,1,0.000000000,0.000000000,0.000000000,18.415372849,0,-0.000000000,0.000000000,0.000000000
485,-0.000001907,-0.600565910,2.807777405,1,1,1,0.000000000,0.000000000,0.000000000,18.440549850,0,-0.000000000,0.000000000,0.000000000
486,-0.000001907,-0.600567222,2.808189392,1,1,1,0.000000000,0.000000000,0.000000000,18.465269089,0,-0.000000000,0.000000000,0.000000000
487,-0.000001907,-0.600568533,2.808601379,1,1,1,0.000000000,0.000000000,0.000000000,18.489988327,0,-0.000000000,0.000000000,0.000000000
488,0.000000000,-0.600569904,2.809013367,1,1,1,0.000000000,0.000000000,0.000000000,18.514707565,0,-0.000000000,0.000000000,0.000000000
489,0.000000000,-0.600571275,2.809425354,1,1,1,0.000000000,0.000000000,0.000000000,18.539426804,0,-0.000000000,0.000000000,0.000000000
490,0.000000000,-0.600572586,2.809837341,1,1,1,0.000000000,0.000000000,0.000000000,18.564146042,0,-0.000000000,0.000000000,0.000000000
491,0.000000000,-0.600573957,2.810241699,1,1,1,0.000000000,0.000000000,0.000000000,18.588865280,0,-0.000000000,0.000000000,0.000000000
492,0.000000000,-0.600575328,2.810653687,1,1,1,0.000000000,0.000000000,0.000000000,18.613126755,0,-0.000000000,0.000000000,0.000000000
493,0.000000000,-0.600576580,2.811058044,1,1,1,0.000000000,0.000000000,0.000000000,18.637845993,0,-0.000000000,0.000000000,0.000000000
494,-0.000001907,-0.600577950,2.811470032,1,1,1,0.000000000,0.000000000,0.000000000,18.662107468,0,-0.000000000,0.000000000,0.000000000
495,-0.000001907,-0.600579262,2.811874390,1,1,1,0.000000000,0.000000000,0.000000000,18.686826706,0,-0.000000000,0.000000000,0.000000000
496,-0.000001907,-0.600580573,2.812278748,1,1,1,0.000000000,0.000000000,0.000000000,18.711088181,0,-0.000000000,0.000000000,0.000000000
497,-0.000001907,-0.600581884,2.812675476,1,1,1,0.000000000,0.000000000,0.000000000,18.735349655,0,-0.000000000,0.000000000,0.000000000
498,-0.000001907,-0.600583315,2.813095093,1,1,1,0.000000000,0.000000000,0.000000000,18.759611130,0,-0.000000000,0.000000000,0.000000000
499,-0.000001907,-0.600584567,2.813491821,1,1,1,0.000000000,0.000000000,0.000000000,18.784330368,0,-0.000000000,0.000000000,0.000000000
500,-0.000001907,-0.600585938,2.813896179,1,1,1,0.000000000,0.000000000,0.000000000,18.808134079,0,-0.000000000,0.000000000,0.000000000
501,-0.000001907,-0.600587249,2.814300537,1,1,1,0.000000000,0.000000000,0.000000000,18.832395554,0,-0.000000000,0.000000000,0.000000000
502,-0.000001907,-0.600588500,2.814704895,1,1,1,0.000000000,0.000000000,0.000000000,18.856657028,0,-0.000000000,0.000000000,0.000000000
503,0.000000000,-0.600589871,2.815109253,1,1,1,0.000000000,0.000000000,0.000000000,18.880918503,0,-0.000000000,0.000000000,0.000000000
504,0.000000000,-0.600591183,2.815505981,1,1,1,0.000000000,0.000000000,0.000000000,18.905179977,0,-0.000000000,0.000000000,0.000000000
505,0.000000000,-0.600592434,2.815902710,1,1,1,0.000000000,0.000000000,0.000000000,18.928983688,0,-0.000000000,0.000000000,0.000000000
506,0.000000000,-0.600593805,2.816307068,1,1,1,0.000000000,0.000000000,0.000000000,18.952787399,0,-0.000000000,0.000000000,0.000000000
507,0.000000000,-0.600597739,2.816703796,1,1,1,0.000000000,0.000000000,0.000000000,18.977048874,0,-0.000000000,0.000000000,0.000000000
508,0.000000000,-0.600596428,2.817100525,1,1,1,0.000000000,0.000000000,0.000000000,19.000852585,0,-0.000000000,0.000000000,0.000000000
509,0.000000000,-0.600597620,2.817497253,1,1,1,0.000000000,0.000000000,0.000000000,19.024656296,0,-0.000000000,0.000000000,0.000000000
510,0.000000000,-0.600598931,2.817893982,1,1,1,0.000000000,0.000000000,0.000000000,19.048460007,0,-0.000000000,0.000000000,0.000000000
511,0.000000000,-0.600600243,2.818290710,1,1,1,0.000000000,0.000000000,0.000000000,19.072263718,0,-0.000000000,0.000000000,0.000000000
512,0.000000000,-0.600601554,2.818687439,1,1,1,0.000000000,0.000000000,0.000000000,19.096067429,0,-0.000000000,0.000000000,0.000000000
513,0.000000000,-0.600602865,2.819084167,1,1,1,0.000000000,0.000000000,0.000000000,19.119871140,0,-0.000000000,0.000000000,0.000000000
514,0.000000000,-0.600604117,2.819480896,1,1,1,0.000000000,0.000000000,0.000000000,19.143674850,0,-0.000000000,0.000000000,0.000000000
515,0.000000000,-0.600605428,2.819869995,1,1,1,0.000000000,0.000000000,0.000000000,19.167478561,0,-0.000000000,0.000000000,0.000000000
516,0.000000000,-0.600606680,2.820266724,1,1,1,0.000000000,0.000000000,0.000000000,19.190824509,0,-0.000000000,0.000000000,0.000000000
517,0.000000000,-0.600607991,2.820655823,1,1,1,0.000000000,0.000000000,0.000000000,19.214628220,0,-0.000000000,0.000000000,0.000000000
518,0.000000000,-0.600609243,2.821044922,1,1,1,0.000000000,0.000000000,0.000000000,19.237974167,0,-0.000000000,0.000000000,0.000000000
519,0.000000000,-0.600610614,2.821434021,1,1,1,0.000000000,0.000000000,0.000000000,19.261320114,0,-0.000000000,0.000000000,0.000000000
520,0.000000000,-0.600611806,2.821830750,1,1,1,0.000000000,0.000000000,0.000000000,19.285123825,0,-0.000000000,0.000000000,0.000000000
521,0.000000000,-0.600613117,2.822219849,1,1,1,0.000000000,0.000000000,0.000000000,19.308469772,0,-0.000000000,0.000000000,0.000000000
522,0.000000000,-0.600614369,2.822608948,1,1,1,0.000000000,0.000000000,0.000000000,19.331815720,0,-0.000000000,0.000000000,0.000000000
523,0.000000000,-0.600615621,2.822998047,1,1,1,0.000000000,0.000000000,0.000000000,19.355161667,0,-0.000000000,0.000000000,0.000000000
524,0.000000000,-0.600616932,2.823379517,1,1,1,0.000000000,0.000000000,0.000000000,19.378507614,0,-0.000000000,0.000000000,0.000000000
525,0.000000000,-0.600618243,2.823768616,1,1,1,0.000000000,0.000000000,0.000000000,19.401395798,0,-0.000000000,0.000000000,0.000000000
526,0.000000000,-0.600619435,2.824157715,1,1,1,0.000000000,0.000000000,0.000000000,19.424741745,0,-0.000000000,0.000000000,0.000000000
527,0.000000000,-0.600620687,2.824539185,1,1,1,0.000000000,0.000000000,0.000000000,19.448087692,0,-0.000000000,0.000000000,0.000000000
528,0.000000000,-0.600621939,2.824928284,1,1,1,0.000000000,0.000000000,0.000000000,19.470975876,0,-0.000000000,0.000000000,0.000000000
529,0.000000000,-0.600623250,2.825309753,1,1,1,0.000000000,0.000000000,0.000000000,19.494321823,0,-0.000000000,0.000000000,0.000000000
530,0.000000000,-0.600624561,2.825698853,1,1,1,0.000000000,0.000000000,0.000000000,19.517210007,0,-0.000000000,0.000000000,0.000000000
531,0.000000000,-0.600625753,2.826080322,1,1,1,0.000000000,0.000000000,0.000000000,19.540555954,0,-0.000000000,0.000000000,0.000000000
532,0.000000000,-0.600627005,2.826461792,1,1,1,0.000000000,0.000000000,0.000000000,19.563444138,0,-0.000000000,0.000000000,0.000000000
533,0.000000000,-0.600628257,2.826843262,1,1,1,0.000000000,0.000000000,0.000000000,19.586332321,0,-0.000000000,0.000000000,0.000000000
534,0.000000000,-0.600629449,2.827224731,1,1,1,0.000000000,0.000000000,0.000000000,19.609220505,0,-0.000000000,0.000000000,0.000000000
535,0.000000000,-0.600630760,2.827606201,1,1,1,0.000000000,0.000000000,0.000000000,19.632108688,0,-0.000000000,0.000000000,0.000000000
536,-0.000001907,-0.600632071,2.827987671,1,1,1,0.000000000,0.000000000,0.000000000,19.654996872,0,-0.000000000,0.000000000,0.000000000
537,-0.000001907,-0.600633264,2.828361511,1,1,1,0.000000000,0.000000000,0.000000000,19.677885056,0,-0.000000000,0.000000000,0.000000000
538,-0.000001907,-0.600634515,2.828742981,1,1,1,0.000000000,0.000000000,0.000000000,19.700315475,0,-0.000000000,0.000000000,0.000000000
539,-0.000001907,-0.600635767,2.829124451,1,1,1,0.000000000,0.000000000,0.000000000,19.723203659,0,-0.000000000,0.000000000,0.000000000
540,-0.000001907,-0.600636899,2.829498291,1,1,1,0.000000000,0.000000000,0.000000000,19.746091843,0,-0.000000000,0.000000000,0.000000000
541,-0.000001907,-0.600638151,2.829872131,1,1,1,0.000000000,0.000000000,0.000000000,19.768522263,0,-0.000000000,0.000000000,0.000000000
542,-0.000001907,-0.600639343,2.830253601,1,1,1,0.000000000,0.000000000,0.000000000,19.790952682,0,-0.000000000,0.000000000,0.000000000
543,-0.000001907,-0.600640655,2.830627441,1,1,1,0.000000000,0.000000000,0.000000000,19.813840866,0,-0.000000000,0.000000000,0.000000000
544,0.000000000,-0.600641906,2.831001282,1,1,1,0.000000000,0.000000000,0.000000000,19.836271286,0,-0.000000000,0.000000000,0.000000000
545,0.000000000,-0.600643158,2.831375122,1,1,1,0.000000000,0.000000000,0.000000000,19.858701706,0,-0.000000000,0.000000000,0.000000000
546,0.000000000,-0.600644350,2.831748962,1,1,1,0.000000000,0.000000000,0.000000000,19.881132126,0,-0.000000000,0.000000000,0.000000000
547,0.000000000,-0.600645542,2.832122803,1,1,1,0.000000000,0.000000000,0.000000000,19.903562546,0,-0.000000000,0.000000000,0.000000000
548,0.000000000,-0.600646734,2.832496643,1,1,1,0.000000000,0.000000000,0.000000000,19.925992966,0,-0.000000000,0.000000000,0.000000000
549,0.000000000,-0.600647986,2.832870483,1,1,1,0.000000000,0.000000000,0.000000000,19.948423386,0,-0.000000000,0.000000000,0.000000000
550,0.000000000,-0.600649238,2.833236694,1,1,1,0.000000000,0.000000000,0.000000000,19.970853806,0,-0.000000000,0.000000000,0.000000000
551,0.000000000,-0.600650430,2.833610535,1,1,1,0.000000000,0.000000000,0.000000000,19.992826462,0,-0.000000000,0.000000000,0.000000000
552,0.000000000,-0.600651622,2.833976746,1,1,1,0.000000000,0.000000000,0.000000000,20.015256882,0,-0.000000000,0.000000000,0.000000000
553,0.000000000,-0.600652814,2.834350586,1,1,1,0.000000000,0.000000000,0.000000000,20.037229538,0,-0.000000000,0.000000000,0.000000000
554,-0.000001907,-0.600654006,2.834716797,1,1,1,0.000000000,0.000000000,0.000000000,20.059659958,0,-0.000000000,0.000000000,0.000000000
555,-0.000001907,-0.600655198,2.835083008,1,1,1,0.000000000,0.000000000,0.000000000,20.081632614,0,-0.000000000,0.000000000,0.000000000
556,-0.000001907,-0.600656390,2.835449219,1,1,1,0.000000000,0.000000000,0.000000000,20.103605270,0,-0.000000000,0.000000000,0.000000000
557,-0.000001907,-0.600657642,2.835807800,1,1,1,0.000000000,0.000000000,0.000000000,20.125577927,0,-0.000000000,0.000000000,0.000000000
558,0.000000000,-0.600658834,2.836181641,1,1,1,0.000000000,0.000000000,0.000000000,20.147550583,0,-0.000000000,0.000000000,0.000000000
559,0.000000000,-0.600659966,2.836547852,1,1,1,0.000000000,0.000000000,0.000000000,20.169523239,0,-0.000000000,0.000000000,0.000000000
560,0.000000000,-0.600661159,2.836914063,1,1,1,0.000000000,0.000000000,0.000000000,20.191495895,0,-0.000000000,0.000000000,0.000000000
561,0.000000000,-0.600662410,2.837280273,1,1,1,0.000000000,0.000000000,0.000000000,20.213468552,0,-0.000000000,0.000000000,0.000000000
562,0.000000000,-0.600663662,2.837646484,1,1,1,0.000000000,0.000000000,0.000000000,20.235441208,0,-0.000000000,0.000000000,0.000000000
563,0.000000000,-0.600664794,2.838005066,1,1,1,0.000000000,0.000000000,0.000000000,20.257413864,0,-0.000000000,0.000000000,0.000000000
564,0.000000000,-0.600665987,2.838371277,1,1,1,0.000000000,0.000000000,0.000000000,20.278928757,0,-0.000000000,0.000000000,0.000000000
565,-0.000001907,-0.600667119,2.838729858,1,1,1,0.000000000,0.000000000,0.000000000,20.300901413,0,-0.000000000,0.000000000,0.000000000
566,-0.000001907,-0.600668430,2.839096069,1,1,1,0.000000000,0.000000000,0.000000000,20.322416306,0,-0.000000000,0.000000000,0.000000000
567,-0.000001907,-0.600669503,2.839454651,1,1,1,0.000000000,0.000000000,0.000000000,20.344388962,0,-0.000000000,0.000000000,0.000000000
568,0.000000000,-0.600670815,2.839813232,1,1,1,0.000000000,0.000000000,0.000000000,20.365903854,0,-0.000000000,0.000000000,0.000000000
569,0.000000000,-0.600671887,2.840171814,1,1,1,0.000000000,0.000000000,0.000000000,20.387418747,0,-0.000000000,0.000000000,0.000000000
570,0.000000000,-0.600673079,2.840530396,1,1,1,0.000000000,0.000000000,0.000000000,20.408933640,0,-0.000000000,0.000000000,0.000000000
571,0.000000000,-0.600674212,2.840888977,1,1,1,0.000000000,0.000000000,0.000000000,20.430448532,0,-0.000000000,0.000000000,0.000000000
572,0.000000000,-0.600675344,2.841247559,1,1,1,0.000000000,0.000000000,0.000000000,20.451963425,0,-0.000000000,0.000000000,0.000000000
573,0.000000000,-0.600676596,2.841606140,1,1,1,0.000000000,0.000000000,0.000000000,20.473478317,0,-0.000000000,0.000000000,0.000000000
574,-0.000001907,-0.600677729,2.841964722,1,1,1,0.000000000,0.000000000,0.000000000,20.494993210,0,-0.000000000,0.000000000,0.000000000
575,-0.000001907,-0.600678921,2.842315674,1,1,1,0.000000000,0.000000000,0.000000000,20.516508102,0,-0.000000000,0.000000000,0.000000000
576,0.000000000,-0.600680053,2.842674255,1,1,1,0.000000000,0.000000000,0.000000000,20.537565231,0,-0.000000000,0.000000000,0.000000000
577,0.000000000,-0.600681305,2.843032837,1,1,1,0.000000000,0.000000000,0.000000000,20.559080124,0,-0.000000000,0.000000000,0.000000000
578,0.000000000,-0.600682378,2.843383789,1,1,1,0.000000000,0.000000000,0.000000000,20.580595016,0,-0.000000000,0.000000000,0.000000000
579,0.000000000,-0.600683570,2.843734741,1,1,1,0.000000000,0.000000000,0.000000000,20.601652145,0,-0.000000000,0.000000000,0.000000000
580,0.000000000,-0.600684702,2.844093323,1,1,1,0.000000000,0.000000000,0.000000000,20.622709274,0,-0.000000000,0.000000000,0.000000000
581,-0.000001907,-0.600685835,2.844444275,1,1,1,0.000000000,0.000000000,0.000000000,20.644224167,0,-0.000000000,0.000000000,0.000000000
582,-0.000001907,-0.600687027,2.844795227,1,1,1,0.000000000,0.000000000,0.000000000,20.665281296,0,-0.000000000,0.000000000,0.000000000
583,0.000000000,-0.600688159,2.845146179,1,1,1,0.000000000,0.000000000,0.000000000,20.686338425,0,-0.000000000,0.000000000,0.000000000
584,0.000000000,-0.600689292,2.845497131,1,1,1,0.000000000,0.000000000,0.000000000,20.707395554,0,-0.000000000,0.000000000,0.000000000
585,0.000000000,-0.600690484,2.845848083,1,1,1,0.000000000,0.000000000,0.000000000,20.728452682,0,-0.000000000,0.000000000,0.000000000
586,0.000000000,-0.600691676,2.846199036,1,1,1,0.000000000,0.000000000,0.000000000,20.749509811,0,-0.000000000,0.000000000,0.000000000
587,0.000000000,-0.600692749,2.846542358,1,1,1,0.000000000,0.000000000,0.000000000,20.770566940,0,-0.000000000,0.000000000,0.000000000
588,-0.000001907,-0.600693941,2.846893311,1,1,1,0.000000000,0.000000000,0.000000000,20.791166306,0,-0.000000000,0.000000000,0.000000000
589,-0.000001907,-0.600695014,2.847244263,1,1,1,0.000000000,0.000000000,0.000000000,20.812223434,0,-0.000000000,0.000000000,0.000000000
590,0.000000000,-0.600696206,2.847587585,1,1,1,0.000000000,0.000000000,0.000000000,20.833280563,0,-0.000000000,0.000000000,0.000000000
591,0.000000000,-0.600697339,2.847938538,1,1,1,0.000000000,0.000000000,0.000000000,20.853879929,0,-0.000000000,0.000000000,0.000000000
592,0.000000000,-0.600698411,2.848281860,1,1,1,0.000000000,0.000000000,0.000000000,20.874937057,0,-0.000000000,0.000000000,0.000000000
593,0.000000000,-0.600699544,2.848625183,1,1,1,0.000000000,0.000000000,0.000000000,20.895536423,0,-0.000000000,0.000000000,0.000000000
594,-0.000001907,-0.600700736,2.848968506,1,1,1,0.000000000,0.000000000,0.000000000,20.916135788,0,-0.000000000,0.000000000,0.000000000
595,-0.000001907,-0.600701869,2.849319458,1,1,1,0.000000000,0.000000000,0.000000000,20.936735153,0,-0.000000000,0.000000000,0.000000000
596,0.000000000,-0.600702941,2.849662781,1,1,1,0.000000000,0.000000000,0.000000000,20.957792282,0,-0.000000000,0.000000000,0.000000000
597,0.000000000,-0.600704074,2.850006104,1,1,1,0.000000000,0.000000000,0.000000000,20.978391647,0,-0.000000000,0.000000000,0.000000000
598,0.000000000,-0.600705206,2.850349426,1,1,1,0.000000000,0.000000000,0.000000000,20.998991013,0,-0.000000000,0.000000000,0.000000000
599,0.000000000,-0.600706339,2.850685120,1,1,1,0.000000000,0.000000000,0.000000000,21.019590378,0,-0.000000000,0.000000000,0.000000000
600,-0.000001907,-0.600707471,2.851028442,1,1,1,0.000000000,0.000000000,0.000000000,21.039731979,0,-0.000000000,0.000000000,0.000000000
601,-0.000001907,-0.600708604,2.851371765,1,1,1,0.000000000,0.000000000,0.000000000,21.060331345,0,-0.000000000,0.000000000,0.000000000
602,0.000000000,-0.600709677,2.851707458,1,1,1,0.000000000,0.000000000,0.000000000,21.080930710,0,-0.000000000,0.000000000,0.000000000
603,0.000000000,-0.600710750,2.852050781,1,1,1,0.000000000,0.000000000,0.000000000,21.101072311,0,-0.000000000,0.000000000,0.000000000
604,0.000000000,-0.600711823,2.852386475,1,1,1,0.000000000,0.000000000,0.000000000,21.121671677,0,-0.000000000,0.000000000,0.000000000
605,-0.000001907,-0.600713015,2.852729797,1,1,1,0.000000000,0.000000000,0.000000000,21.141813278,0,-0.000000000,0.000000000,0.000000000
606,-0.000001907,-0.600714087,2.853065491,1,1,1,0.000000000,0.000000000,0.000000000,21.162412643,0,-0.000000000,0.000000000,0.000000000
607,0.000000000,-0.600715160,2.853401184,1,1,1,0.000000000,0.000000000,0.000000000,21.182554245,0,-0.000000000,0.000000000,0.000000000
608,0.000000000,-0.600716352,2.853744507,1,1,1,0.000000000,0.000000000,0.000000000,21.202695847,0,-0.000000000,0.000000000,0.000000000
609,0.000000000,-0.600717425,2.854080200,1,1,1,0.000000000,0.000000000,0.000000000,21.223295212,0,-0.000000000,0.000000000,0.000000000
610,0.000000000,-0.600718498,2.854415894,1,1,1,0.000000000,0.000000000,0.000000000,21.243436813,0,-0.000000000,0.000000000,0.000000000
611,-0.000001907,-0.600719690,2.854751587,1,1,1,0.000000000,0.000000000,0.000000000,21.263578415,0,-0.000000000,0.000000000,0.000000000
612,0.000000000,-0.600720763,2.855079651,1,1,1,0.000000000,0.000000000,0.000000000,21.283720016,0,-0.000000000,0.000000000,0.000000000
613,0.000000000,-0.600721776,2.855415344,1,1,1,0.000000000,0.000000000,0.000000000,21.303403854,0,-0.000000000,0.000000000,0.000000000
614,0.000000000,-0.600722909,2.855751038,1,1,1,0.000000000,0.000000000,0.000000000,21.323545456,0,-0.000000000,0.000000000,0.000000000
615,-0.000001907,-0.600723982,2.856086731,1,1,1,0.000000000,0.000000000,0.000000000,21.343687057,0,-0.000000000,0.000000000,0.000000000
616,0.000000000,-0.600725055,2.856414795,1,1,1,0.000000000,0.000000000,0.000000000,21.363828659,0,-0.000000000,0.000000000,0.000000000
617,0.000000000,-0.600726128,2.856750488,1,1,1,0.000000000,0.000000000,0.000000000,21.383512497,0,-0.000000000,0.000000000,0.000000000
618,0.000000000,-0.600727201,2.857078552,1,1,1,0.000000000,0.000000000,0.000000000,21.403654099,0,-0.000000000,0.000000000,0.000000000
619,0.000000000,-0.600728333,2.857414246,1,1,1,0.000000000,0.000000000,0.000000000,21.423337936,0,-0.000000000,0.000000000,0.000000000
620,-0.000001907,-0.600729465,2.857742310,1,1,1,0.000000000,0.000000000,0.000000000,21.443479538,0,-0.000000000,0.000000000,0.000000000
621,0.000000000,-0.600730479,2.858070374,1,1,1,0.000000000,0.000000000,0.000000000,21.463163376,0,-0.000000000,0.000000000,0.000000000
622,0.000000000,-0.600731492,2.858398438,1,1,1,0.000000000,0.000000000,0.000000000,21.482847214,0,-0.000000000,0.000000000,0.000000000
623,0.000000000,-0.600732625,2.858726501,1,1,1,0.000000000,0.000000000,0.000000000,21.502531052,0,-0.000000000,0.000000000,0.000000000
624,-0.000001907,-0.600733757,2.859054565,1,1,1,0.000000000,0.000000000,0.000000000,21.522214890,0,-0.000000000,0.000000000,0.000000000
625,0.000000000,-0.600734770,2.859375000,1,1,1,0.000000000,0.000000000,0.000000000,21.541898727,0,-0.000000000,0.000000000,0.000000000
626,0.000000000,-0.600735903,2.859710693,1,1,1,0.000000000,0.000000000,0.000000000,21.561582565,0,-0.000000000,0.000000000,0.000000000
627,0.000000000,-0.600736976,2.860038757,1,1,1,0.000000000,0.000000000,0.000000000,21.581266403,0,-0.000000000,0.000000000,0.000000000
628,0.000000000,-0.600737989,2.860366821,1,1,1,0.000000000,0.000000000,0.000000000,21.600950241,0,-0.000000000,0.000000000,0.000000000
629,-0.000001907,-0.600739002,2.860679626,1,1,1,0.000000000,0.000000000,0.000000000,21.620634079,0,-0.000000000,0.000000000,0.000000000
630,0.000000000,-0.600740135,2.861015320,1,1,1,0.000000000,0.000000000,0.000000000,21.639860153,0,-0.000000000,0.000000000,0.000000000
631,0.000000000,-0.600741208,2.861335754,1,1,1,0.000000000,0.000000000,0.000000000,21.659543991,0,-0.000000000,0.000000000,0.000000000
632,0.000000000,-0.600742280,2.861663818,1,1,1,0.000000000,0.000000000,0.000000000,21.678770065,0,-0.000000000,0.000000000,0.000000000
633,-0.000001907,-0.600743294,2.861984253,1,1,1,0.000000000,0.000000000,0.000000000,21.698453903,0,-0.000000000,0.000000000,0.000000000
634,0.000000000,-0.600744367,2.862304688,1,1,1,0.000000000,0.000000000,0.000000000,21.717679977,0,-0.000000000,0.000000000,0.000000000
635,0.000000000,-0.600745559,2.862632751,1,1,1,0.000000000,0.000000000,0.000000000,21.736906052,0,-0.000000000,0.000000000,0.000000000
636,0.000000000,-0.600746512,2.862953186,1,1,1,0.000000000,0.000000000,0.000000000,21.756589890,0,-0.000000000,0.000000000,0.000000000
637,-0.000001907,-0.600747585,2.863273621,1,1,1,0.000000000,0.000000000,0.000000000,21.775815964,0,-0.000000000,0.000000000,0.000000000
638,0.000000000,-0.600748539,2.863594055,1,1,1,0.000000000,0.000000000,0.000000000,21.795042038,0,-0.000000000,0.000000000,0.000000000
639,0.000000000,-0.600749612,2.863914490,1,1,1,0.000000000,0.000000000,0.000000000,21.814268112,0,-0.000000000,0.000000000,0.000000000
640,0.000000000,-0.600750685,2.864234924,1,1,1,0.000000000,0.000000000,0.000000000,21.833494186,0,-0.000000000,0.000000000,0.000000000
641,0.000000000,-0.600751758,2.864547729,1,1,1,0.000000000,0.000000000,0.000000000,21.852720261,0,-0.000000000,0.000000000,0.000000000
642,0.000000000,-0.600752771,2.864868164,1,1,1,0.000000000,0.000000000,0.000000000,21.871488571,0,-0.000000000,0.000000000,0.000000000
643,0.000000000,-0.600753784,2.865188599,1,1,1,0.000000000,0.000000000,0.000000000,21.890714645,0,-0.000000000,0.000000000,0.000000000
644,-0.000001907,-0.600754857,2.865501404,1,1,1,0.000000000,0.000000000,0.000000000,21.909940720,0,-0.000000000,0.000000000,0.000000000
645,0.000000000,-0.600755870,2.865821838,1,1,1,0.000000000,0.000000000,0.000000000,21.928709030,0,-0.000000000,0.000000000,0.000000000
646,0.000000000,-0.600756943,2.866134644,1,1,1,0.000000000,0.000000000,0.000000000,21.947935104,0,-0.000000000,0.000000000,0.000000000
647,0.000000000,-0.600757957,2.866455078,1,1,1,0.000000000,0.000000000,0.000000000,21.966703415,0,-0.000000000,0.000000000,0.000000000
648,-0.000001907,-0.600758970,2.866760254,1,1,1,0.000000000,0.000000000,0.000000000,21.985929489,0,-0.000000000,0.000000000,0.000000000
649,0.000000000,-0.600760043,2.867080688,1,1,1,0.000000000,0.000000000,0.000000000,22.004697800,0,-0.000000000,0.000000000,0.000000000
650,0.000000000,-0.600760996,2.867393494,1,1,1,0.000000000,0.000000000,0.000000000,22.023466110,0,-0.000000000,0.000000000,0.000000000
651,0.000000000,-0.600762129,2.867713928,1,1,1,0.000000000,0.000000000,0.000000000,22.042234421,0,-0.000000000,0.000000000,0.000000000
652,0.000000000,-0.600763083,2.868026733,1,1,1,0.000000000,0.000000000,0.000000000,22.061460495,0,-0.000000000,0.000000000,0.000000000
653,0.000000000,-0.600764155,2.868339539,1,1,1,0.000000000,0.000000000,0.000000000,22.080228806,0,-0.000000000,0.000000000,0.000000000
654,0.000000000,-0.600765169,2.868652344,1,1,1,0.000000000,0.000000000,0.000000000,22.098997116,0,-0.000000000,0.000000000,0.000000000
655,-0.000001907,-0.600766122,2.868957520,1,1,1,0.000000000,0.000000000,0.000000000,22.117765427,0,-0.000000000,0.000000000,0.000000000
656,0.000000000,-0.600767195,2.869270325,1,1,1,0.000000000,0.000000000,0.000000000,22.136075974,0,-0.000000000,0.000000000,0.000000000
657,0.000000000,-0.600768209,2.869583130,1,1,1,0.000000000,0.000000000,0.000000000,22.154844284,0,-0.000000000,0.000000000,0.000000000
658,-0.000001907,-0.600769162,2.869888306,1,1,1,0.000000000,0.000000000,0.000000000,22.173612595,0,-0.000000000,0.000000000,0.000000000
659,0.000000000,-0.600770235,2.870201111,1,1,1,0.000000000,0.000000000,0.000000000,22.191923141,0,-0.000000000,0.000000000,0.000000000
660,0.000000000,-0.600771189,2.870513916,1,1,1,0.000000000,0.000000000,0.000000000,22.210691452,0,-0.000000000,0.000000000,0.000000000
661,0.000000000,-0.600772262,2.870819092,1,1,1,0.000000000,0.000000000,0.000000000,22.229459763,0,-0.000000000,0.000000000,0.000000000
662,0.000000000,-0.600773215,2.871124268,1,1,1,0.000000000,0.000000000,0.000000000,22.247770309,0,-0.000000000,0.000000000,0.000000000
663,0.000000000,-0.600774288,2.871437073,1,1,1,0.000000000,0.000000000,0.000000000,22.266080856,0,-0.000000000,0.000000000,0.000000000
664,0.000000000,-0.600775242,2.871742249,1,1,1,0.000000000,0.000000000,0.000000000,22.284849167,0,-0.000000000,0.000000000,0.000000000
665,0.000000000,-0.600776315,2.872051239,1,1,1,0.000000000,0.000000000,0.000000000,22.303159714,0,-0.000000000,0.000000000,0.000000000
666,0.000000000,-0.600777268,2.872352600,1,1,1,0.000000000,0.000000000,0.000000000,22.321470261,0,-0.000000000,0.000000000,0.000000000
667,0.000000000,-0.600778282,2.872665405,1,1,1,0.000000000,0.000000000,0.000000000,22.339780807,0,-0.000000000,0.000000000,0.000000000
668,-0.000001907,-0.600779235,2.872966766,1,1,1,0.000000000,0.000000000,0.000000000,22.358091354,0,-0.000000000,0.000000000,0.000000000
669,0.000000000,-0.600780308,2.873271942,1,1,1,0.000000000,0.000000000,0.000000000,22.376401901,0,-0.000000000,0.000000000,0.000000000
670,0.000000000,-0.600780129,2.873573303,1,1,1,0.000000000,0.000000000,0.000000000,22.394712448,0,0.000000000,0.000000000,0.000000000
671,0.000000000,-0.600782275,2.873882294,1,1,1,0.000000000,0.000000000,0.000000000,22.413022995,0,0.000000000,0.000000000,0.000000000
672,0.000000000,-0.600783288,2.874183655,1,1,1,0.000000000,0.000000000,0.000000000,22.431104660,0,0.000000000,0.000000000,0.000000000
673,0.000000000,-0.600784302,2.874492645,1,1,1,0.000000000,0.000000000,0.000000000,22.449186325,0,0.000000000,0.000000000,0.000000000
674,-0.000001907,-0.600785255,2.874794006,1,1,1,0.000000000,0.000000000,0.000000000,22.467496872,0,0.000000000,0.000000000,0.000000000
675,0.000000000,-0.600786269,2.875095367,1,1,1,0.000000000,0.000000000,0.000000000,22.485578537,0,0.000000000,0.000000000,0.000000000
676,0.000000000,-0.600787282,2.875396729,1,1,1,0.000000000,0.000000000,0.000000000,22.503660202,0,0.000000000,0.000000000,0.000000000
677,-0.000001907,-0.600788236,2.875690460,1,1,1,0.000000000,0.000000000,0.000000000,22.521741867,0,0.000000000,0.000000000,0.000000000
678,0.000000000,-0.600789189,2.875995636,1,1,1,0.000000000,0.000000000,0.000000000,22.539594650,0,0.000000000,0.000000000,0.000000000
679,0.000000000,-0.600790203,2.876289368,1,1,1,0.000000000,0.000000000,0.000000000,22.557676315,0,0.000000000,0.000000000,0.000000000
680,0.000000000,-0.600791156,2.876594543,1,1,1,0.000000000,0.000000000,0.000000000,22.575529099,0,0.000000000,0.000000000,0.000000000
681,0.000000000,-0.600792170,2.876892090,1,1,1,0.000000000,0.000000000,0.000000000,22.593610764,0,0.000000000,0.000000000,0.000000000
682,0.000000000,-0.600793123,2.877189636,1,1,1,0.000000000,0.000000000,0.000000000,22.611463547,0,0.000000000,0.000000000,0.000000000
683,0.000000000,-0.600794077,2.877487183,1,1,1,0.000000000,0.000000000,0.000000000,22.629316330,0,0.000000000,0.000000000,0.000000000
684,0.000000000,-0.600795031,2.877784729,1,1,1,0.000000000,0.000000000,0.000000000,22.647169113,0,0.000000000,0.000000000,0.000000000
685,0.000000000,-0.600796044,2.878082275,1,1,1,0.000000000,0.000000000,0.000000000,22.665021896,0,0.000000000,0.000000000,0.000000000
686,0.000000000,-0.600796998,2.878376007,1,1,1,0.000000000,0.000000000,0.000000000,22.682874680,0,0.000000000,0.000000000,0.000000000
687,0.000000000,-0.600798011,2.878673553,1,1,1,0.000000000,0.000000000,0.000000000,22.700498581,0,0.000000000,0.000000000,0.000000000
688,0.000000000,-0.600798965,2.878967285,1,1,1,0.000000000,0.000000000,0.000000000,22.718351364,0,0.000000000,0.000000000,0.000000000
689,0.000000000,-0.600799918,2.879261017,1,1,1,0.000000000,0.000000000,0.000000000,22.735975266,0,0.000000000,0.000000000,0.000000000
690,0.000000000,-0.600800872,2.879550934,1,1,1,0.000000000,0.000000000,0.000000000,22.753599167,0,0.000000000,0.000000000,0.000000000
691,0.000000000,-0.600801826,2.879848480,1,1,1,0.000000000,0.000000000,0.000000000,22.771223068,0,0.000000000,0.000000000,0.000000000
692,0.000000000,-0.600802779,2.880142212,1,1,1,0.000000000,0.000000000,0.000000000,22.788846970,0,0.000000000,0.000000000,0.000000000
693,0.000000000,-0.600803733,2.880432129,1,1,1,0.000000000,0.000000000,0.000000000,22.806470871,0,0.000000000,0.000000000,0.000000000
694,-0.000001907,-0.600804687,2.880725861,1,1,1,0.000000000,0.000000000,0.000000000,22.823865891,0,0.000000000,0.000000000,0.000000000
695,0.000000000,-0.600805640,2.881015778,1,1,1,0.000000000,0.000000000,0.000000000,22.841489792,0,0.000000000,0.000000000,0.000000000
696,0.000000000,-0.600806594,2.881309509,1,1,1,0.000000000,0.000000000,0.000000000,22.858884811,0,0.000000000,0.000000000,0.000000000
697,0.000000000,-0.600807548,2.881599426,1,1,1,0.000000000,0.000000000,0.000000000,22.876508713,0,0.000000000,0.000000000,0.000000000
698,0.000000000,-0.600808501,2.881889343,1,1,1,0.000000000,0.000000000,0.000000000,22.893903732,0,0.000000000,0.000000000,0.000000000
699,0.000000000,-0.600809455,2.882175446,1,1,1,0.000000000,0.000000000,0.000000000,22.911298752,0,0.000000000,0.000000000,0.000000000
700,0.000000000,-0.600810409,2.882465363,1,1,1,0.000000000,0.000000000,0.000000000,22.928693771,0,0.000000000,0.000000000,0.000000000
701,0.000000000,-0.600811362,2.882751465,1,1,1,0.000000000,0.000000000,0.000000000,22.945859909,0,0.000000000,0.000000000,0.000000000
702,-0.000001907,-0.600812256,2.883045197,1,1,1,0.000000000,0.000000000,0.000000000,22.963254929,0,0.000000000,0.000000000,0.000000000
703,0.000000000,-0.600813210,2.883331299,1,1,1,0.000000000,0.000000000,0.000000000,22.980649948,0,0.000000000,0.000000000,0.000000000
704,0.000000000,-0.600814164,2.883617401,1,1,1,0.000000000,0.000000000,0.000000000,22.997816086,0,0.000000000,0.000000000,0.000000000
705,0.000000000,-0.600815058,2.883903503,1,1,1,0.000000000,0.000000000,0.000000000,23.014982224,0,0.000000000,0.000000000,0.000000000
706,0.000000000,-0.600816011,2.884189606,1,1,1,0.000000000,0.000000000,0.000000000,23.032148361,0,0.000000000,0.000000000,0.000000000
707,0.000000000,-0.600816965,2.884475708,1,1,1,0.000000000,0.000000000,0.000000000,23.049314499,0,0.000000000,0.000000000,0.000000000
708,0.000000000,-0.600817919,2.884761810,1,1,1,0.000000000,0.000000000,0.000000000,23.066480637,0,0.000000000,0.000000000,0.000000000
709,0.000000000,-0.600818872,2.885047913,1,1,1,0.000000000,0.000000000,0.000000000,23.083646774,0,0.000000000,0.000000000,0.000000000
710,0.000000000,-0.600819767,2.885326385,1,1,1,0.000000000,0.000000000,0.000000000,23.100812912,0,0.000000000,0.000000000,0.000000000
711,0.000000000,-0.600820661,2.885612488,1,1,1,0.000000000,0.000000000,0.000000000,23.117750168,0,0.000000000,0.000000000,0.000000000
712,0.000000000,-0.600821614,2.885898590,1,1,1,0.000000000,0.000000000,0.000000000,23.134687424,0,0.000000000,0.000000000,0.000000000
713,0.000000000,-0.600822568,2.886180878,1,1,1,0.000000000,0.000000000,0.000000000,23.151853561,0,0.000000000,0.000000000,0.000000000
714,0.000000000,-0.600823462,2.886463165,1,1,1,0.000000000,0.000000000,0.000000000,23.168790817,0,0.000000000,0.000000000,0.000000000
715,0.000000000,-0.600824416,2.886745453,1,1,1,0.000000000,0.000000000,0.000000000,23.185728073,0,0.000000000,0.000000000,0.000000000
716,0.000000000,-0.600825310,2.887027740,1,1,1,0.000000000,0.000000000,0.000000000,23.202665329,0,0.000000000,0.000000000,0.000000000
717,0.000000000,-0.600826263,2.887306213,1,1,1,0.000000000,0.000000000,0.000000000,23.219602585,0,0.000000000,0.000000000,0.000000000
718,0.000000000,-0.600827217,2.887588501,1,1,1,0.000000000,0.000000000,0.000000000,23.236310959,0,0.000000000,0.000000000,0.000000000
719,0.000000000,-0.600828111,2.887863159,1,1,1,0.000000000,0.000000000,0.000000000,23.253248215,0,0.000000000,0.000000000,0.000000000
720,0.000000000,-0.600829005,2.888145447,1,1,1,0.000000000,0.000000000,0.000000000,23.269956589,0,0.000000000,0.000000000,0.000000000
721,0.000000000,-0.600829899,2.888427734,1,1,1,0.000000000,0.000000000,0.000000000,23.286664963,0,0.000000000,0.000000000,0.000000000
722,0.000000000,-0.600830793,2.888706207,1,1,1,0.000000000,0.000000000,0.000000000,23.303602219,0,0.000000000,0.000000000,0.000000000
723,0.000000000,-0.600831747,2.888984680,1,1,1,0.000000000,0.000000000,0.000000000,23.320310593,0,0.000000000,0.000000000,0.000000000
724,0.000000000,-0.600832641,2.889259338,1,1,1,0.000000000,0.000000000,0.000000000,23.337018967,0,0.000000000,0.000000000,0.000000000
725,0.000000000,-0.600833535,2.889537811,1,1,1,0.000000000,0.000000000,0.000000000,23.353498459,0,0.000000000,0.000000000,0.000000000
726,0.000000000,-0.600834489,2.889816284,1,1,1,0.000000000,0.000000000,0.000000000,23.370206833,0,0.000000000,0.000000000,0.000000000
727,0.000000000,-0.600835383,2.890090942,1,1,1,0.000000000,0.000000000,0.000000000,23.386915207,0,0.000000000,0.000000000,0.000000000
728,0.000000000,-0.600836277,2.890361786,1,1,1,0.000000000,0.000000000,0.000000000,23.403394699,0,0.000000000,0.000000000,0.000000000
729,0.000000000,-0.600837052,2.890640259,1,1,1,0.000000000,0.000000000,0.000000000,23.419874191,0,0.000000000,0.000000000,0.000000000
730,0.000000000,-0.600838065,2.890918732,1,1,1,0.000000000,0.000000000,0.000000000,23.436353683,0,0.000000000,0.000000000,0.000000000
731,0.000000000,-0.600838900,2.891189575,1,1,1,0.000000000,0.000000000,0.000000000,23.453062057,0,0.000000000,0.000000000,0.000000000
732,0.000000000,-0.600839853,2.891464233,1,1,1,0.000000000,0.000000000,0.000000000,23.469312668,0,0.000000000,0.000000000,0.000000000
733,0.000000000,-0.600840747,2.891738892,1,1,1,0.000000000,0.000000000,0.000000000,23.485792160,0,0.000000000,0.000000000,0.000000000
734,0.000000000,-0.600841641,2.892013550,1,1,1,0.000000000,0.000000000,0.000000000,23.502271652,0,0.000000000,0.000000000,0.000000000
735,0.000000000,-0.600842535,2.892280579,1,1,1,0.000000000,0.000000000,0.000000000,23.518751144,0,0.000000000,0.000000000,0.000000000
736,0.000000000,-0.600843430,2.892555237,1,1,1,0.000000000,0.000000000,0.000000000,23.535001755,0,0.000000000,0.000000000,0.000000000
737,0.000000000,-0.600844324,2.892829895,1,1,1,0.000000000,0.000000000,0.000000000,23.551252365,0,0.000000000,0.000000000,0.000000000
738,0.000000000,-0.600845218,2.893100739,1,1,1,0.000000000,0.000000000,0.000000000,23.567731857,0,0.000000000,0.000000000,0.000000000
739,0.000000000,-0.600846112,2.893371582,1,1,1,0.000000000,0.000000000,0.000000000,23.583982468,0,0.000000000,0.000000000,0.000000000
740,0.000000000,-0.600847006,2.893642426,1,1,1,0.000000000,0.000000000,0.000000000,23.600233078,0,0.000000000,0.000000000,0.000000000
741,0.000000000,-0.600847840,2.893909454,1,1,1,0.000000000,0.000000000,0.000000000,23.616483688,0,0.000000000,0.000000000,0.000000000
742,0.000000000,-0.600848734,2.894176483,1,1,1,0.000000000,0.000000000,0.000000000,23.632505417,0,0.000000000,0.000000000,0.000000000
743,0.000000000,-0.600849628,2.894451141,1,1,1,0.000000000,0.000000000,0.000000000,23.648756027,0,0.000000000,0.000000000,0.000000000
744,0.000000000,-0.600850523,2.894714355,1,1,1,0.000000000,0.000000000,0.000000000,23.665006638,0,0.000000000,0.000000000,0.000000000
745,0.000000000,-0.600851417,2.894985199,1,1,1,0.000000000,0.000000000,0.000000000,23.681028366,0,0.000000000,0.000000000,0.000000000
746,0.000000000,-0.600852251,2.895252228,1,1,1,0.000000000,0.000000000,0.000000000,23.697050095,0,0.000000000,0.000000000,0.000000000
747,0.000000000,-0.600853145,2.895519257,1,1,1,0.000000000,0.000000000,0.000000000,23.713071823,0,0.000000000,0.000000000,0.000000000
748,0.000000000,-0.600854039,2.895786285,1,1,1,0.000000000,0.000000000,0.000000000,23.729093552,0,0.000000000,0.000000000,0.000000000
749,0.000000000,-0.600854874,2.896051407,1,1,1,0.000000000,0.000000000,0.000000000,23.745115280,0,0.000000000,0.000000000,0.000000000
750,0.000000000,-0.600855768,2.896320343,1,1,1,0.000000000,0.000000000,0.000000000,23.761137009,0,0.000000000,0.000000000,0.000000000
751,0.000000000,-0.600856662,2.896583557,1,1,1,0.000000000,0.000000000,0.000000000,23.777158737,0,0.000000000,0.000000000,0.000000000
752,0.000000000,-0.600857496,2.896852493,1,1,1,0.000000000,0.000000000,0.000000000,23.793066025,0,0.000000000,0.000000000,0.000000000
753,0.000000000,-0.600858331,2.897117615,1,1,1,0.000000000,0.000000000,0.000000000,23.808973312,0,0.000000000,0.000000000,0.000000000
754,0.000000000,-0.600859284,2.897377014,1,1,1,0.000000000,0.000000000,0.000000000,23.824880600,0,0.000000000,0.000000000,0.000000000
755,0.000000000,-0.600860059,2.897640228,1,1,1,0.000000000,0.000000000,0.000000000,23.840673447,0,0.000000000,0.000000000,0.000000000
756,0.000000000,-0.600860953,2.897901535,1,1,1,0.000000000,0.000000000,0.000000000,23.856466293,0,0.000000000,0.000000000,0.000000000
757,0.000000000,-0.600861788,2.898164749,1,1,1,0.000000000,0.000000000,0.000000000,23.872259140,0,0.000000000,0.000000000,0.000000000
758,0.000000000,-0.600862682,2.898427963,1,1,1,0.000000000,0.000000000,0.000000000,23.888051987,0,0.000000000,0.000000000,0.000000000
759,0.000000000,-0.600863576,2.898689270,1,1,1,0.000000000,0.000000000,0.000000000,23.903844833,0,0.000000000,0.000000000,0.000000000
760,0.000000000,-0.600864351,2.898948669,1,1,1,0.000000000,0.000000000,0.000000000,23.919523239,0,0.000000000,0.000000000,0.000000000
761,0.000000000,-0.600865245,2.899209976,1,1,1,0.000000000,0.000000000,0.000000000,23.935201645,0,0.000000000,0.000000000,0.000000000
762,0.000000000,-0.600866079,2.899473190,1,1,1,0.000000000,0.000000000,0.000000000,23.950880051,0,0.000000000,0.000000000,0.000000000
763,0.000000000,-0.600866914,2.899732590,1,1,1,0.000000000,0.000000000,0.000000000,23.966558456,0,0.000000000,0.000000000,0.000000000
764,0.000000000,-0.600867808,2.899991989,1,1,1,0.000000000,0.000000000,0.000000000,23.982122421,0,0.000000000,0.000000000,0.000000000
765,0.000000000,-0.600868583,2.900251389,1,1,1,0.000000000,0.000000000,0.000000000,23.997686386,0,0.000000000,0.000000000,0.000000000
766,0.000000000,-0.600869477,2.900510788,1,1,1,0.000000000,0.000000000,0.000000000,24.013250351,0,0.000000000,0.000000000,0.000000000
767,0.000000000,-0.600870371,2.900766373,1,1,1,0.000000000,0.000000000,0.000000000,24.028814316,0,0.000000000,0.000000000,0.000000000
768,0.000000000,-0.600871205,2.901025772,1,1,1,0.000000000,0.000000000,0.000000000,24.044263840,0,0.000000000,0.000000000,0.000000000
769,0.000000000,-0.600872040,2.901285172,1,1,1,0.000000000,0.000000000,0.000000000,24.059827805,0,0.000000000,0.000000000,0.000000000
770,0.000000000,-0.600872874,2.901542664,1,1,1,0.000000000,0.000000000,0.000000000,24.075277328,0,0.000000000,0.000000000,0.000000000
771,0.000000000,-0.600873709,2.901798248,1,1,1,0.000000000,0.000000000,0.000000000,24.090726852,0,0.000000000,0.000000000,0.000000000
772,0.000000000,-0.600874543,2.902053833,1,1,1,0.000000000,0.000000000,0.000000000,24.106061935,0,0.000000000,0.000000000,0.000000000
773,0.000000000,-0.600875378,2.902309418,1,1,1,0.000000000,0.000000000,0.000000000,24.121397018,0,0.000000000,0.000000000,0.000000000
774,-0.000001907,-0.600876212,2.902565002,1,1,1,0.000000000,0.000000000,0.000000000,24.136846542,0,0.000000000,0.000000000,0.000000000
775,-0.000001907,-0.600877047,2.902818680,1,1,1,0.000000000,0.000000000,0.000000000,24.152181625,0,0.000000000,0.000000000,0.000000000
776,-0.000001907,-0.600877881,2.903076172,1,1,1,0.000000000,0.000000000,0.000000000,24.167402267,0,0.000000000,0.000000000,0.000000000
777,-0.000001907,-0.600878716,2.903329849,1,1,1,0.000000000,0.000000000,0.000000000,24.182737350,0,0.000000000,0.000000000,0.000000000
778,-0.000001907,-0.600879550,2.903583527,1,1,1,0.000000000,0.000000000,0.000000000,24.197957993,0,0.000000000,0.000000000,0.000000000
779,-0.000001907,-0.600880384,2.903837204,1,1,1,0.000000000,0.000000000,0.000000000,24.213178635,0,0.000000000,0.000000000,0.000000000
780,-0.000001907,-0.600881219,2.904088974,1,1,1,0.000000000,0.000000000,0.000000000,24.228399277,0,0.000000000,0.000000000,0.000000000
781,-0.000001907,-0.600881994,2.904340744,1,1,1,0.000000000,0.000000000,0.000000000,24.243619919,0,0.000000000,0.000000000,0.000000000
782,-0.000001907,-0.600882828,2.904594421,1,1,1,0.000000000,0.000000000,0.000000000,24.258726120,0,0.000000000,0.000000000,0.000000000
783,-0.000001907,-0.600883663,2.904846191,1,1,1,0.000000000,0.000000000,0.000000000,24.273832321,0,0.000000000,0.000000000,0.000000000
784,-0.000001907,-0.600884497,2.905097961,1,1,1,0.000000000,0.000000000,0.000000000,24.288938522,0,0.000000000,0.000000000,0.000000000
785,-0.000001907,-0.600885272,2.905347824,1,1,1,0.000000000,0.000000000,0.000000000,24.304044724,0,0.000000000,0.000000000,0.000000000
786,-0.000001907,-0.600886106,2.905595779,1,1,1,0.000000000,0.000000000,0.000000000,24.319036484,0,0.000000000,0.000000000,0.000000000
787,-0.000001907,-0.600886941,2.905847549,1,1,1,0.000000000,0.000000000,0.000000000,24.334028244,0,0.000000000,0.000000000,0.000000000
788,0.000000000,-0.600887775,2.906097412,1,1,1,0.000000000,0.000000000,0.000000000,24.349134445,0,0.000000000,0.000000000,0.000000000
789,-0.000001907,-0.600888610,2.906347275,1,1,1,0.000000000,0.000000000,0.000000000,24.364011765,0,0.000000000,0.000000000,0.000000000
790,0.000000000,-0.600889444,2.906595230,1,1,1,0.000000000,0.000000000,0.000000000,24.379003525,0,0.000000000,0.000000000,0.000000000
791,-0.000001907,-0.600890160,2.906844139,1,1,1,0.000000000,0.000000000,0.000000000,24.393938065,0,0.000000000,0.000000000,0.000000000
792,-0.000001907,-0.600890994,2.907091141,1,1,1,0.000000000,0.000000000,0.000000000,24.408815384,0,0.000000000,0.000000000,0.000000000
793,-0.000001907,-0.600891829,2.907337189,1,1,1,0.000000000,0.000000000,0.000000000,24.423692703,0,0.000000000,0.000000000,0.000000000
794,-0.000001907,-0.600892663,2.907585144,1,1,1,0.000000000,0.000000000,0.000000000,24.438570023,0,0.000000000,0.000000000,0.000000000
795,-0.000001907,-0.600893378,2.907831192,1,1,1,0.000000000,0.000000000,0.000000000,24.453390121,0,0.000000000,0.000000000,0.000000000
796,-0.000001907,-0.600894213,2.908076286,1,1,1,0.000000000,0.000000000,0.000000000,24.468153000,0,0.000000000,0.000000000,0.000000000
797,-0.000001907,-0.600895047,2.908322334,1,1,1,0.000000000,0.000000000,0.000000000,24.482915878,0,0.000000000,0.000000000,0.000000000
798,-0.000001907,-0.600895882,2.908569336,1,1,1,0.000000000,0.000000000,0.000000000,24.497678757,0,0.000000000,0.000000000,0.000000000
799,-0.000001907,-0.600896657,2.908813477,1,1,1,0.000000000,0.000000000,0.000000000,24.512441635,0,0.000000000,0.000000000,0.000000000
800,-0.000001907,-0.600897431,2.909057617,1,1,1,0.000000000,0.000000000,0.000000000,24.527147293,0,0.000000000,0.000000000,0.000000000
801,-0.000001907,-0.600898266,2.909302711,1,1,1,0.000000000,0.000000000,0.000000000,24.541795731,0,0.000000000,0.000000000,0.000000000
802,-0.000001907,-0.600899041,2.909545898,1,1,1,0.000000000,0.000000000,0.000000000,24.556444168,0,0.000000000,0.000000000,0.000000000
803,0.000000000,-0.600899875,2.909789085,1,1,1,0.000000000,0.000000000,0.000000000,24.571092606,0,0.000000000,0.000000000,0.000000000
804,-0.000001907,-0.600900650,2.910033226,1,1,1,0.000000000,0.000000000,0.000000000,24.585683823,0,0.000000000,0.000000000,0.000000000
805,-0.000001907,-0.600901425,2.910274506,1,1,1,0.000000000,0.000000000,0.000000000,24.600275040,0,0.000000000,0.000000000,0.000000000
806,-0.000001907,-0.600902259,2.910516739,1,1,1,0.000000000,0.000000000,0.000000000,24.614809036,0,0.000000000,0.000000000,0.000000000
807,-0.000001907,-0.600903034,2.910758972,1,1,1,0.000000000,0.000000000,0.000000000,24.629343033,0,0.000000000,0.000000000,0.000000000
808,-0.000001907,-0.600903749,2.910998821,1,1,1,0.000000000,0.000000000,0.000000000,24.643877029,0,0.000000000,0.000000000,0.000000000
809,-0.000001907,-0.600904584,2.911240101,1,1,1,0.000000000,0.000000000,0.000000000,24.658325195,0,0.000000000,0.000000000,0.000000000
810,-0.000001907,-0.600905418,2.911480904,1,1,1,0.000000000,0.000000000,0.000000000,24.672801971,0,0.000000000,0.000000000,0.000000000
811,-0.000001907,-0.600906193,2.911721230,1,1,1,0.000000000,0.000000000,0.000000000,24.687221527,0,0.000000000,0.000000000,0.000000000
812,0.000000000,-0.600906968,2.911962032,1,1,1,0.000000000,0.000000000,0.000000000,24.701641083,0,0.000000000,0.000000000,0.000000000
813,-0.000001907,-0.600907683,2.912200928,1,1,1,0.000000000,0.000000000,0.000000000,24.716032028,0,0.000000000,0.000000000,0.000000000
814,-0.000001907,-0.600908518,2.912439823,1,1,1,0.000000000,0.000000000,0.000000000,24.730394363,0,0.000000000,0.000000000,0.000000000
815,-0.000001907,-0.600909352,2.912679195,1,1,1,0.000000000,0.000000000,0.000000000,24.744728088,0,0.000000000,0.000000000,0.000000000
816,-0.000001907,-0.600910068,2.912917137,1,1,1,0.000000000,0.000000000,0.000000000,24.759033203,0,0.000000000,0.000000000,0.000000000
817,-0.000001907,-0.600910902,2.913154602,1,1,1,0.000000000,0.000000000,0.000000000,24.773338318,0,0.000000000,0.000000000,0.000000000
818,-0.000001907,-0.600911617,2.913392544,1,1,1,0.000000000,0.000000000,0.000000000,24.787586212,0,0.000000000,0.000000000,0.000000000
819,-0.000001907,-0.600912452,2.913629293,1,1,1,0.000000000,0.000000000,0.000000000,24.801834106,0,0.000000000,0.000000000,0.000000000
820,-0.000001907,-0.600913167,2.913865805,1,1,1,0.000000000,0.000000000,0.000000000,24.816053391,0,0.000000000,0.000000000,0.000000000
821,-0.000001907,-0.600914001,2.914102316,1,1,1,0.000000000,0.000000000,0.000000000,24.830244064,0,0.000000000,0.000000000,0.000000000
822,-0.000001907,-0.600914717,2.914338350,1,1,1,0.000000000,0.000000000,0.000000000,24.844421387,0,0.000000000,0.000000000,0.000000000
823,-0.000001907,-0.600915551,2.914574146,1,1,1,0.000000000,0.000000000,0.000000000,24.858568192,0,0.000000000,0.000000000,0.000000000
824,-0.000001907,-0.600916266,2.914808512,1,1,1,0.000000000,0.000000000,0.000000000,24.872695923,0,0.000000000,0.000000000,0.000000000
825,-0.000001907,-0.600917041,2.915043354,1,1,1,0.000000000,0.000000000,0.000000000,24.886793137,0,0.000000000,0.000000000,0.000000000
826,0.000358582,-0.586193144,2.895380974,1,1,1,0.000000000,0.000000000,0.000000000,24.900873184,0,0.000000000,0.000000000,0.000000000
827,0.000259399,-0.584498465,2.895469904,1,1,1,0.000000000,0.000000000,0.000000000,23.742589951,0,0.000000000,0.000000000,0.000000000
828,0.000181198,-0.582441568,2.895477772,1,1,1,0.000000000,0.000000000,0.000000000,23.752346039,0,0.000000000,0.000000000,0.000000000
829,0.000120163,-0.580292225,2.895469189,1,1,1,0.000000000,0.000000000,0.000000000,23.760118484,0,0.000000000,0.000000000,0.000000000
830,0.000068665,-0.578015029,2.895441055,1,1,1,0.000000000,0.000000000,0.000000000,23.768892288,0,0.000000000,0.000000000,0.000000000
831,0.000022888,-0.575581908,2.895391226,1,1,1,0.000000000,0.000000000,0.000000000,23.778753281,0,0.000000000,0.000000000,0.000000000
832,-0.000017166,-0.572971761,2.895316839,1,1,1,0.000000000,0.000000000,0.000000000,23.789707184,0,0.000000000,0.000000000,0.000000000
833,-0.000045776,-0.570168257,2.895212412,1,1,1,0.000000000,0.000000000,0.000000000,23.801742554,0,0.000000000,0.000000000,0.000000000
834,-0.000076294,-0.567160249,2.895075083,1,1,1,0.000000000,0.000000000,0.000000000,23.814767838,0,0.000000000,0.000000000,0.000000000
835,-0.000095367,-0.563942671,2.894898653,1,1,1,0.000000000,0.000000000,0.000000000,23.828741074,1,0.000000000,0.000000000,0.000000000
836,-0.000114441,-0.560514033,2.894680977,1,1,1,0.000000000,0.000000000,0.000000000,23.843534470,0,0.000000000,0.000000000,0.000000000
837,0.000082016,-0.559902251,2.893697262,1,1,1,0.000000000,0.000000000,0.000000000,23.859083176,0,0.000000000,0.000000000,0.000000000
838,-0.000205994,-0.560618222,2.892244816,1,1,1,0.000000000,0.000000000,0.000000000,23.813657761,0,0.000000000,0.000000000,0.000000000
839,-0.000200272,-0.557121277,2.891563654,1,1,1,0.000000000,0.000000000,0.000000000,23.733173370,0,0.000000000,0.000000000,0.000000000
840,-0.000194550,-0.553540945,2.890886545,1,1,1,0.000000000,0.000000000,0.000000000,23.724996567,0,0.000000000,0.000000000,0.000000000
841,-0.000225067,-0.559015512,2.890444756,1,1,1,0.000000000,0.000000000,0.000000000,23.719493866,0,0.000000000,0.000000000,0.000000000
842,-0.000246048,-0.564705551,2.890059233,1,1,1,0.000000000,0.000000000,0.000000000,23.670566559,0,0.000000000,0.000000000,0.000000000
843,-0.000259399,-0.570447922,2.889744043,1,1,1,0.000000000,0.000000000,0.000000000,23.629667282,0,0.000000000,0.000000000,0.000000000
844,-0.000495911,-0.577175796,2.889177799,1,1,1,0.000000000,0.000000000,0.000000000,23.597167969,0,0.000000000,0.000000000,0.000000000
845,-0.000429153,-0.588488340,2.887655735,1,1,1,0.000000000,0.000000000,0.000000000,23.550020218,0,0.000000000,0.000000000,0.000000000
846,-0.000371933,-0.592807114,2.887605190,1,1,1,0.000000000,0.000000000,0.000000000,23.434589386,0,0.000000000,0.000000000,0.000000000
847,-0.000324249,-0.596329749,2.887541294,1,1,1,0.000000000,0.000000000,0.000000000,23.427484512,0,0.000000000,0.000000000,0.000000000
848,-0.000282288,-0.599095285,2.887468338,1,1,1,0.000000000,0.000000000,0.000000000,23.422809601,0,0.000000000,0.000000000,0.000000000
849,-0.000242233,-0.602443457,2.887587070,1,1,1,0.000000000,0.000000000,0.000000000,23.419403076,0,0.000000000,0.000000000,0.000000000
850,-0.000209808,-0.603863001,2.887500763,1,1,1,0.000000000,0.000000000,0.000000000,23.416402817,0,0.000000000,0.000000000,0.000000000
851,-0.000179291,-0.606770158,2.887720108,1,1,1,0.000000000,0.000000000,0.000000000,23.413217545,0,0.000000000,0.000000000,0.000000000
852,-0.000148773,-0.607115746,2.887626171,1,1,1,0.000000000,0.000000000,0.000000000,23.409391403,0,0.000000000,0.000000000,0.000000000
853,-0.000129700,-0.608321667,2.887720108,1,1,1,0.000000000,0.000000000,0.000000000,23.404754639,0,0.000000000,0.000000000,0.000000000
854,-0.000120163,-0.609933972,2.887793064,1,1,1,0.000000000,0.000000000,0.000000000,23.399265289,0,0.000000000,0.000000000,0.000000000
855,-0.000112534,-0.611106396,2.887875557,1,1,1,0.000000000,0.000000000,0.000000000,23.393556595,0,0.000000000,0.000000000,0.000000000
856,-0.000104904,-0.611913443,2.887962341,1,1,1,0.000000000,0.000000000,0.000000000,23.387939453,0,0.000000000,0.000000000,0.000000000
857,-0.000095367,-0.612254620,2.887602806,1,1,1,0.000000000,0.000000000,0.000000000,23.382450104,0,0.000000000,0.000000000,0.000000000
858,-0.000082016,-0.613696337,2.887418747,1,1,1,0.000000000,0.000000000,0.000000000,23.349502563,0,0.000000000,0.000000000,0.000000000
859,-0.000074387,-0.613719702,2.887079239,1,1,1,0.000000000,0.000000000,0.000000000,23.317205429,0,0.000000000,0.000000000,0.000000000
860,-0.000064850,-0.614963770,2.886901855,1,1,1,0.000000000,0.000000000,0.000000000,23.285615921,0,0.000000000,0.000000000,0.000000000
861,-0.000061035,-0.615667105,2.886668205,1,1,1,0.000000000,0.000000000,0.000000000,23.254940033,0,0.000000000,0.000000000,0.000000000
862,-0.000051498,-0.616905928,2.886497498,1,1,1,0.000000000,0.000000000,0.000000000,23.225313187,0,0.000000000,0.000000000,0.000000000
863,-0.000047684,-0.617677689,2.886276245,1,1,1,0.000000000,0.000000000,0.000000000,23.196872711,0,0.000000000,0.000000000,0.000000000
864,-0.000045776,-0.619045973,2.886106491,1,1,1,0.000000000,0.000000000,0.000000000,23.169662476,0,0.000000000,0.000000000,0.000000000
865,-0.000041962,-0.620512545,2.885937691,1,1,1,0.000000000,0.000000000,0.000000000,23.143886566,0,0.000000000,0.000000000,0.000000000
866,-0.000038147,-0.622611165,2.885808945,1,1,1,0.000000000,0.000000000,0.000000000,23.119544983,0,0.000000000,0.000000000,0.000000000
867,-0.000040054,-0.624311805,2.885639191,1,1,1,0.000000000,0.000000000,0.000000000,23.096805573,0,0.000000000,0.000000000,0.000000000
868,-0.000032425,-0.624733806,2.885569572,1,1,1,0.000000000,0.000000000,0.000000000,23.075763702,0,0.000000000,0.000000000,0.000000000
869,-0.000026703,-0.625164270,2.885497093,1,1,1,0.000000000,0.000000000,0.000000000,23.052240372,0,0.000000000,0.000000000,0.000000000
870,-0.000026703,-0.625514746,2.884962082,1,1,1,0.000000000,0.000000000,0.000000000,23.029912949,0,0.000000000,0.000000000,0.000000000
871,-0.000024796,-0.625864983,2.884424210,1,1,1,0.000000000,0.000000000,0.000000000,22.980838776,0,0.000000000,0.000000000,0.000000000
872,-0.000026703,-0.626214743,2.883881569,1,1,1,0.000000000,0.000000000,0.000000000,22.933017731,0,0.000000000,0.000000000,0.000000000
873,-0.000024796,-0.626044750,2.883328438,1,1,1,0.000000000,0.000000000,0.000000000,22.886339188,0,0.000000000,0.000000000,0.000000000
874,-0.000024796,-0.626394272,2.882784843,1,1,1,0.000000000,0.000000000,0.000000000,22.840921402,0,0.000000000,0.000000000,0.000000000
875,-0.000022888,-0.626223803,2.882234573,1,1,1,0.000000000,0.000000000,0.000000000,22.796760559,0,0.000000000,0.000000000,0.000000000
876,-0.000024796,-0.626573324,2.881687164,1,1,1,0.000000000,0.000000000,0.000000000,22.753753662,0,0.000000000,0.000000000,0.000000000
877,-0.000022888,-0.626402378,2.881139755,1,1,1,0.000000000,0.000000000,0.000000000,22.711894989,0,0.000000000,0.000000000,0.000000000
878,-0.000022888,-0.626751423,2.880590439,1,1,1,0.000000000,0.000000000,0.000000000,22.671300888,0,0.000000000,0.000000000,0.000000000
879,-0.000020981,-0.626580954,2.880043030,1,1,1,0.000000000,0.000000000,0.000000000,22.631977081,0,0.000000000,0.000000000,0.000000000
880,-0.000022888,-0.626929998,2.879489899,1,1,1,0.000000000,0.000000000,0.000000000,22.593807220,0,0.000000000,0.000000000,0.000000000
881,-0.000020981,-0.626759052,2.878948212,1,1,1,0.000000000,0.000000000,0.000000000,22.556905746,0,0.000000000,0.000000000,0.000000000
882,-0.000020981,-0.626587629,2.878408432,1,1,1,0.000000000,0.000000000,0.000000000,22.521162033,0,0.000000000,0.000000000,0.000000000
883,-0.000019073,-0.626417398,2.877872467,1,1,1,0.000000000,0.000000000,0.000000000,22.486688614,0,0.000000000,0.000000000,0.000000000
884,-0.000019073,-0.626246214,2.877338409,1,1,1,0.000000000,0.000000000,0.000000000,22.453372955,0,0.000000000,0.000000000,0.000000000
885,-0.000019073,-0.626075268,2.876802444,1,1,1,0.000000000,0.000000000,0.000000000,22.421329498,0,0.000000000,0.000000000,0.000000000
886,-0.000019073,-0.625904560,2.876272202,1,1,1,0.000000000,0.000000000,0.000000000,22.390558243,0,0.000000000,0.000000000,0.000000000
887,-0.000017166,-0.625732899,2.875738144,1,1,1,0.000000000,0.000000000,0.000000000,22.360944748,0,0.000000000,0.000000000,0.000000000
888,-0.000017166,-0.625562668,2.875209808,1,1,1,0.000000000,0.000000000,0.000000000,22.332487106,0,0.000000000,0.000000000,0.000000000
889,-0.000015259,-0.625392437,2.874679565,1,1,1,0.000000000,0.000000000,0.000000000,22.305305481,0,0.000000000,0.000000000,0.000000000
890,-0.000013351,-0.625222206,2.874151230,1,1,1,0.000000000,0.000000000,0.000000000,22.279390335,0,0.000000000,0.000000000,0.000000000
891,-0.000011444,-0.625052452,2.873628616,1,1,1,0.000000000,0.000000000,0.000000000,22.254632950,0,0.000000000,0.000000000,0.000000000
892,-0.000011444,-0.624882698,2.873106003,1,1,1,0.000000000,0.000000000,0.000000000,22.231143951,0,0.000000000,0.000000000,0.000000000
893,-0.000007629,-0.624196053,2.872648239,1,1,1,0.000000000,0.000000000,0.000000000,22.208810806,0,0.000000000,0.000000000,0.000000000
894,-0.000009537,-0.624026775,2.872121811,1,1,1,0.000000000,0.000000000,0.000000000,22.187742233,0,0.000000000,0.000000000,0.000000000
895,-0.000005722,-0.623857498,2.871603012,1,1,1,0.000000000,0.000000000,0.000000000,22.167823792,0,0.000000000,0.000000000,0.000000000
896,-0.000003815,-0.623172760,2.871162415,1,1,1,0.000000000,0.000000000,0.000000000,22.149171829,0,0.000000000,0.000000000,0.000000000
897,-0.000003815,-0.623003960,2.870639801,1,1,1,0.000000000,0.000000000,0.000000000,22.131660461,0,0.000000000,0.000000000,0.000000000
898,-0.000001907,-0.622835636,2.870122910,1,1,1,0.000000000,0.000000000,0.000000000,22.115413666,0,0.000000000,0.000000000,0.000000000
899,0.000003815,-0.622153282,2.869691849,1,1,1,0.000000000,0.000000000,0.000000000,22.100309372,0,0.000000000,0.000000000,0.000000000
900,0.000003815,-0.621986389,2.869176865,1,1,1,0.000000000,0.000000000,0.000000000,22.086456299,0,0.000000000,0.000000000,0.000000000
901,0.000972748,-0.581496239,2.800731659,1,1,1,0.000000000,0.000000000,0.000000000,22.073858261,0,0.000000000,0.000000000,0.000000000
902,0.000894547,-0.578050137,2.802703857,1,1,1,0.000000000,0.000000000,0.000000000,17.987026215,0,0.000000000,0.000000000,0.000000000
903,0.000909805,-0.572385788,2.803262711,1,1,1,0.000000000,0.000000000,0.000000000,18.074275970,0,0.000000000,0.000000000,0.000000000
904,0.001131058,-0.565761566,2.803501129,1,1,1,0.000000000,0.000000000,0.000000000,18.096834183,0,0.000000000,0.000000000,0.000000000
905,0.001136780,-0.558662415,2.804300308,1,1,1,0.000000000,0.000000000,0.000000000,18.114973068,0,0.000000000,0.000000000,0.000000000
906,0.001173019,-0.550809860,2.804805756,1,1,1,0.000000000,0.000000000,0.000000000,18.178911209,0,0.000000000,0.000000000,0.000000000
907,0.001190186,-0.542439461,2.805171967,1,1,1,0.000000000,0.000000000,0.000000000,18.240652084,0,0.000000000,0.000000000,0.000000000
908,0.001211166,-0.533725500,2.805467606,1,1,1,0.000000000,0.000000000,0.000000000,18.308307648,0,0.000000000,0.000000000,0.000000000
909,0.001230240,-0.524669886,2.805681229,1,1,1,0.000000000,0.000000000,0.000000000,18.384487152,0,0.000000000,0.000000000,0.000000000
910,0.001251221,-0.515275121,2.805801392,1,1,1,0.000000000,0.000000000,0.000000000,18.469583511,0,0.000000000,0.000000000,0.000000000
911,0.001274109,-0.505547762,2.805805206,1,1,1,0.000000000,0.000000000,0.000000000,18.563600540,0,0.000000000,0.000000000,0.000000000
912,0.001295090,-0.495496988,2.805677414,1,1,1,0.000000000,0.000000000,0.000000000,18.666236877,0,0.000000000,0.000000000,0.000000000
913,0.001316071,-0.485130906,2.805381775,1,1,1,0.000000000,0.000000000,0.000000000,18.776981354,0,0.000000000,0.000000000,0.000000000
914,0.001333237,-0.474461079,2.804903030,1,1,1,0.000000000,0.000000000,0.000000000,18.895198822,0,0.000000000,0.000000000,0.000000000
915,0.001346588,-0.463500261,2.804204941,1,1,1,0.000000000,0.000000000,0.000000000,19.020048141,0,0.000000000,0.000000000,0.000000000
916,0.000719070,-0.472495079,2.804473877,1,1,1,0.000000000,0.000000000,0.000000000,19.150770187,0,0.000000000,0.000000000,0.000000000
917,0.000207901,-0.488633156,2.804862976,1,1,1,0.000000000,0.000000000,0.000000000,18.831768036,0,0.000000000,0.000000000,0.000000000
918,-0.000932693,-0.602744341,2.784494400,1,1,1,0.000000000,0.000000000,0.000000000,18.408367157,0,0.000000000,0.000000000,0.000000000
919,-0.001001358,-0.595320463,2.785320282,1,1,1,0.000000000,0.000000000,0.000000000,15.996706009,0,0.000000000,0.000000000,0.000000000
920,-0.001121521,-0.593736172,2.786067963,1,1,1,0.000000000,0.000000000,0.000000000,16.005218506,0,0.000000000,0.000000000,0.000000000
921,-0.001214981,-0.597243071,2.786592484,1,1,1,0.000000000,0.000000000,0.000000000,16.034267426,0,0.000000000,0.000000000,0.000000000
922,-0.001304626,-0.603925467,2.787206650,1,1,1,0.000000000,0.000000000,0.000000000,16.056531906,0,0.000000000,0.000000000,0.000000000
923,-0.001209259,-0.613453388,2.772445679,1,1,1,0.000000000,0.000000000,0.000000000,16.084203720,0,0.000000000,0.000000000,0.000000000
924,-0.001287460,-0.616093159,2.772140503,1,1,1,0.000000000,0.000000000,0.000000000,15.201085091,0,0.000000000,0.000000000,0.000000000
925,-0.001375198,-0.619725466,2.772542953,1,1,1,0.000000000,0.000000000,0.000000000,15.195335388,0,0.000000000,0.000000000,0.000000000
926,-0.001434326,-0.622570038,2.772975922,1,1,1,0.000000000,0.000000000,0.000000000,15.214279175,0,0.000000000,0.000000000,0.000000000
927,-0.001487732,-0.623959303,2.773326874,1,1,1,0.000000000,0.000000000,0.000000000,15.231881142,0,0.000000000,0.000000000,0.000000000
928,-0.001527786,-0.626069069,2.773845673,1,1,1,0.000000000,0.000000000,0.000000000,15.248420715,0,0.000000000,0.000000000,0.000000000
929,-0.001558304,-0.627193928,2.774337769,1,1,1,0.000000000,0.000000000,0.000000000,15.264004707,0,0.000000000,0.000000000,0.000000000
930,-0.001583099,-0.627952337,2.774833679,1,1,1,0.000000000,0.000000000,0.000000000,15.278924942,0,0.000000000,0.000000000,0.000000000
931,-0.001735687,-0.628888369,2.775165558,1,1,1,0.000000000,0.000000000,0.000000000,15.293557167,0,0.000000000,0.000000000,0.000000000
932,-0.001720428,-0.629039288,2.775234222,1,1,1,0.000000000,0.000000000,0.000000000,15.294051170,0,0.000000000,0.000000000,0.000000000
933,-0.001705170,-0.629625797,2.775360107,1,1,1,0.000000000,0.000000000,0.000000000,15.281166077,0,0.000000000,0.000000000,0.000000000
934,-0.001689911,-0.630194068,2.775485992,1,1,1,0.000000000,0.000000000,0.000000000,15.269661903,0,0.000000000,0.000000000,0.000000000
935,-0.001676559,-0.630800962,2.775608063,1,1,1,0.000000000,0.000000000,0.000000000,15.259894371,0,0.000000000,0.000000000,0.000000000
936,-0.001659393,-0.630970716,2.775714874,1,1,1,0.000000000,0.000000000,0.000000000,15.251900673,0,0.000000000,0.000000000,0.000000000
937,-0.001647949,-0.631780028,2.775840759,1,1,1,0.000000000,0.000000000,0.000000000,15.245826721,0,0.000000000,0.000000000,0.000000000
938,-0.001636505,-0.632736206,2.775959015,1,1,1,0.000000000,0.000000000,0.000000000,15.242202759,0,0.000000000,0.000000000,0.000000000
939,-0.001623154,-0.633857608,2.776065826,1,1,1,0.000000000,0.000000000,0.000000000,15.241052628,0,0.000000000,0.000000000,0.000000000
940,-0.001609802,-0.635156155,2.776168823,1,1,1,0.000000000,0.000000000,0.000000000,15.242573738,0,-0.000000000,0.000000000,0.000000000
941,-0.001600266,-0.635739565,2.776355743,1,1,1,0.000000000,0.000000000,0.000000000,15.246722221,0,-0.000000000,0.000000000,0.000000000
942,-0.001579285,-0.635724545,2.776561737,1,1,1,0.000000000,0.000000000,0.000000000,15.251425743,0,-0.000000000,0.000000000,0.000000000
943,-0.001579285,-0.635540724,2.776309967,1,1,1,0.000000000,0.000000000,0.000000000,15.253299713,0,-0.000000000,0.000000000,0.000000000
944,-0.001573563,-0.635357141,2.776062012,1,1,1,0.000000000,0.000000000,0.000000000,15.228176117,0,-0.000000000,0.000000000,0.000000000
945,-0.001573563,-0.635173798,2.775817871,1,1,1,0.000000000,0.000000000,0.000000000,15.204754829,0,-0.000000000,0.000000000,0.000000000
946,-0.001571655,-0.634990692,2.775566101,1,1,1,0.000000000,0.000000000,0.000000000,15.183262825,0,0.000000000,0.000000000,0.000000000
947,-0.001567841,-0.634806633,2.775318146,1,1,1,0.000000000,0.000000000,0.000000000,15.163249969,0,0.000000000,0.000000000,0.000000000
948,-0.001567841,-0.634105682,2.775119781,1,1,1,0.000000000,0.000000000,0.000000000,15.145177841,0,0.000000000,0.000000000,0.000000000
949,-0.001560211,-0.633923054,2.774883270,1,1,1,0.000000000,0.000000000,0.000000000,15.128812790,0,0.000000000,0.000000000,0.000000000
950,-0.001564026,-0.633740425,2.774639130,1,1,1,0.000000000,0.000000000,0.000000000,15.114160538,0,0.000000000,0.000000000,0.000000000
951,-0.001558304,-0.633042336,2.774463654,1,1,1,0.000000000,0.000000000,0.000000000,15.101223946,0,0.000000000,0.000000000,0.000000000
952,-0.001556396,-0.632344246,2.774288177,1,1,1,0.000000000,0.000000000,0.000000000,15.090228081,0,0.000000000,0.000000000,0.000000000
953,-0.001554489,-0.632163048,2.774051666,1,1,1,0.000000000,0.000000000,0.000000000,15.080939293,0,0.000000000,0.000000000,0.000000000
954,-0.001554489,-0.631466866,2.773887634,1,1,1,0.000000000,0.000000000,0.000000000,15.073136330,0,0.000000000,0.000000000,0.000000000
955,-0.001546860,-0.630773544,2.773738861,1,1,1,0.000000000,0.000000000,0.000000000,15.067273140,0,0.000000000,0.000000000,0.000000000
956,-0.001546860,-0.630082130,2.773593903,1,1,1,0.000000000,0.000000000,0.000000000,15.063343048,0,0.000000000,0.000000000,0.000000000
957,-0.001543045,-0.629390717,2.773456573,1,1,1,0.000000000,0.000000000,0.000000000,15.060887337,0,0.000000000,0.000000000,0.000000000
958,-0.001541138,-0.628699303,2.773323059,1,1,1,0.000000000,0.000000000,0.000000000,15.060129166,0,0.000000000,0.000000000,0.000000000
959,-0.001537323,-0.628012657,2.773197174,1,1,1,0.000000000,0.000000000,0.000000000,15.061292648,0,0.000000000,0.000000000,0.000000000
960,-0.001516342,-0.626404762,2.773372650,1,1,1,0.000000000,0.000000000,0.000000000,15.064148903,0,0.000000000,0.000000000,0.000000000
961,-0.001493454,-0.623765945,2.773624420,1,1,1,0.000000000,0.000000000,0.000000000,15.076589584,0,0.000000000,0.000000000,0.000000000
962,-0.001470566,-0.621873856,2.773639679,1,1,1,0.000000000,0.000000000,0.000000000,15.081267357,0,0.000000000,0.000000000,0.000000000
963,-0.001441956,-0.617967606,2.774101257,1,1,1,0.000000000,0.000000000,0.000000000,15.083621025,0,0.000000000,0.000000000,0.000000000
964,-0.001424789,-0.615359306,2.774227142,1,1,1,0.000000000,0.000000000,0.000000000,15.085083961,0,0.000000000,0.000000000,0.000000000
965,-0.002161026,-0.610632896,2.773456573,1,1,1,0.000000000,0.000000000,0.000000000,15.087613106,0,0.000000000,0.000000000,0.000000000
966,-0.001174927,-0.606934547,2.771823883,1,1,1,0.000000000,0.000000000,0.000000000,15.015808105,0,0.000000000,0.000000000,0.000000000
967,-0.001174927,-0.603506088,2.772323608,1,1,1,0.000000000,0.000000000,0.000000000,14.915760994,0,0.000000000,0.000000000,0.000000000
968,-0.001173019,-0.600147247,2.772830963,1,1,1,0.000000000,0.000000000,0.000000000,14.934953690,0,0.000000000,0.000000000,0.000000000
969,-0.001165390,-0.595320702,2.773719788,1,1,1,0.000000000,0.000000000,0.000000000,14.959007263,0,0.000000000,0.000000000,0.000000000
970,-0.000955582,-0.586759567,2.764266968,1,1,1,0.000000000,0.000000000,0.000000000,14.987959862,0,0.000000000,0.000000000,0.000000000
971,-0.000963211,-0.581296921,2.764457703,1,1,1,0.000000000,0.000000000,0.000000000,14.433787346,0,0.000000000,0.000000000,0.000000000
972,-0.000959396,-0.576404572,2.764446259,1,1,1,0.000000000,0.000000000,0.000000000,14.430035591,0,0.000000000,0.000000000,0.000000000
973,-0.000947952,-0.571452141,2.764419556,1,1,1,0.000000000,0.000000000,0.000000000,14.427327156,0,0.000000000,0.000000000,0.000000000
974,-0.000932693,-0.566398621,2.764400482,1,1,1,0.000000000,0.000000000,0.000000000,14.429739952,0,0.000000000,0.000000000,0.000000000
975,-0.000873566,-0.561382294,2.764987946,1,1,1,0.000000000,0.000000000,0.000000000,14.437546730,0,0.000000000,0.000000000,0.000000000
976,-0.000858307,-0.555839539,2.765640259,1,1,1,0.000000000,0.000000000,0.000000000,14.485064507,0,0.000000000,0.000000000,0.000000000
977,-0.000846863,-0.550082207,2.766315460,1,1,1,0.000000000,0.000000000,0.000000000,14.547551155,0,0.000000000,0.000000000,0.000000000
978,-0.000829697,-0.544111252,2.767013550,1,1,1,0.000000000,0.000000000,0.000000000,14.617695808,0,0.000000000,0.000000000,0.000000000
979,-0.001012802,-0.543097019,2.768310547,1,1,1,0.000000000,0.000000000,0.000000000,14.695488930,0,0.000000000,0.000000000,0.000000000
980,-0.001174927,-0.547259808,2.769725800,1,1,1,0.000000000,0.000000000,0.000000000,14.740238190,0,0.000000000,0.000000000,0.000000000
981,-0.001304626,-0.551624298,2.771072388,1,1,1,0.000000000,0.000000000,0.000000000,14.722043991,0,0.000000000,0.000000000,0.000000000
982,-0.001413345,-0.556019783,2.772338867,1,1,1,0.000000000,0.000000000,0.000000000,14.707882881,0,0.000000000,0.000000000,0.000000000
983,-0.001495361,-0.560295582,2.773544312,1,1,1,0.000000000,0.000000000,0.000000000,14.700279236,0,0.000000000,0.000000000,0.000000000
984,-0.001228333,-0.585335970,2.769035339,1,1,1,0.000000000,0.000000000,0.000000000,14.700635910,0,0.000000000,0.000000000,0.000000000
985,-0.001411438,-0.587066889,2.769664764,1,1,1,0.000000000,0.000000000,0.000000000,14.240319252,0,0.000000000,0.000000000,0.000000000
986,-0.001499176,-0.586688995,2.770450592,1,1,1,0.000000000,0.000000000,0.000000000,14.273043633,0,0.000000000,0.000000000,0.000000000
987,-0.001583099,-0.587445021,2.771156311,1,1,1,0.000000000,0.000000000,0.000000000,14.312509537,0,0.000000000,0.000000000,0.000000000
988,-0.001636505,-0.586249113,2.771949768,1,1,1,0.000000000,0.000000000,0.000000000,14.353156090,0,0.000000000,0.000000000,0.000000000
989,-0.001693726,-0.586482286,2.772655487,1,1,1,0.000000000,0.000000000,0.000000000,14.395026207,0,0.000000000,0.000000000,0.000000000
990,-0.001731873,-0.584518671,2.773448944,1,1,1,0.000000000,0.000000000,0.000000000,14.437958717,0,0.000000000,0.000000000,0.000000000
991,-0.001766205,-0.583226681,2.774192810,1,1,1,0.000000000,0.000000000,0.000000000,14.482029915,0,0.000000000,0.000000000,0.000000000
992,-0.001791000,-0.581720352,2.774948120,1,1,1,0.000000000,0.000000000,0.000000000,14.527085304,0,0.000000000,0.000000000,0.000000000
993,-0.001811981,-0.580013990,2.775691986,1,1,1,0.000000000,0.000000000,0.000000000,14.572969437,0,0.000000000,0.000000000,0.000000000
994,-0.001832962,-0.578135490,2.776428223,1,1,1,0.000000000,0.000000000,0.000000000,14.619962692,0,0.000000000,0.000000000,0.000000000
995,-0.001848221,-0.576113343,2.777164459,1,1,1,0.000000000,0.000000000,0.000000000,14.667654991,0,0.000000000,0.000000000,0.000000000
996,-0.001859665,-0.573972702,2.777877808,1,1,1,0.000000000,0.000000000,0.000000000,14.716304779,0,0.000000000,0.000000000,0.000000000
997,-0.001909256,-0.571833014,2.778514862,1,1,1,0.000000000,0.000000000,0.000000000,14.765260696,0,0.000000000,0.000000000,0.000000000
998,-0.001945496,-0.575967073,2.779129028,1,1,1,0.000000000,0.000000000,0.000000000,14.810050964,0,0.000000000,0.000000000,0.000000000
999,-0.001968384,-0.580267549,2.779712677,1,1,1,0.000000000,0.000000000,0.000000000,14.812070847,0,0.000000000,0.000000000,0.000000000
1000,-0.001979828,-0.585424602,2.780292511,1,1,1,0.000000000,0.000000000,0.000000000,14.818898201,0,0.000000000,0.000000000,0.000000000
1001,-0.001985550,-0.588393867,2.780834198,1,1,1,0.000000000,0.000000000,0.000000000,14.832028389,0,0.000000000,0.000000000,0.000000000
1002,-0.001987457,-0.592518151,2.781391144,1,1,1,0.000000000,0.000000000,0.000000000,14.850889206,0,0.000000000,0.000000000,0.000000000
1003,-0.001985550,-0.596080899,2.781929016,1,1,1,0.000000000,0.000000000,0.000000000,14.874572754,0,0.000000000,0.000000000,0.000000000
1004,-0.001979828,-0.599078655,2.782463074,1,1,1,0.000000000,0.000000000,0.000000000,14.901795387,0,0.000000000,0.000000000,0.000000000
1005,-0.001970291,-0.601524651,2.782989502,1,1,1,0.000000000,0.000000000,0.000000000,14.931945801,0,0.000000000,0.000000000,0.000000000
1006,-0.001962662,-0.603444815,2.783504486,1,1,1,0.000000000,0.000000000,0.000000000,14.963587761,0,0.000000000,0.000000000,0.000000000
1007,-0.001953125,-0.604874551,2.784023285,1,1,1,0.000000000,0.000000000,0.000000000,14.995902061,0,0.000000000,0.000000000,0.000000000
1008,-0.001943588,-0.605857491,2.784538269,1,1,1,0.000000000,0.000000000,0.000000000,15.028711319,0,0.000000000,0.000000000,0.000000000
1009,-0.001935959,-0.606441379,2.785053253,1,1,1,0.000000000,0.000000000,0.000000000,15.061110497,0,0.000000000,0.000000000,0.000000000
1010,-0.001928329,-0.607978821,2.785572052,1,1,1,0.000000000,0.000000000,0.000000000,15.093050957,0,0.000000000,0.000000000,0.000000000
1011,-0.001920700,-0.607917190,2.786087036,1,1,1,0.000000000,0.000000000,0.000000000,15.124408722,0,0.000000000,0.000000000,0.000000000
1012,-0.001913071,-0.607609093,2.786594391,1,1,1,0.000000000,0.000000000,0.000000000,15.155163765,0,0.000000000,0.000000000,0.000000000
1013,-0.001907349,-0.608405590,2.787109375,1,1,1,0.000000000,0.000000000,0.000000000,15.185149193,0,0.000000000,0.000000000,0.000000000
1014,-0.001901627,-0.607747912,2.787612915,1,1,1,0.000000000,0.000000000,0.000000000,15.214930534,0,-0.000000000,0.000000000,0.000000000
1015,-0.001899719,-0.606980681,2.788120270,1,1,1,0.000000000,0.000000000,0.000000000,15.243947029,0,-0.000000000,0.000000000,0.000000000
1016,-0.001897812,-0.606141448,2.788627625,1,1,1,0.000000000,0.000000000,0.000000000,15.273017883,0,-0.000000000,0.000000000,0.000000000
1017,-0.001895905,-0.605263710,2.789131165,1,1,1,0.000000000,0.000000000,0.000000000,15.302027702,0,-0.000000000,0.000000000,0.000000000
1018,-0.001897812,-0.605678737,2.789623260,1,1,1,0.000000000,0.000000000,0.000000000,15.330841064,0,-0.000000000,0.000000000,0.000000000
1019,-0.001892090,-0.604806125,2.790130615,1,1,1,0.000000000,0.000000000,0.000000000,15.359757423,0,-0.000000000,0.000000000,0.000000000
1020,-0.001890182,-0.603968382,2.790637970,1,1,1,0.000000000,0.000000000,0.000000000,15.388819695,0,-0.000000000,0.000000000,0.000000000
1021,-0.001892090,-0.603181124,2.791133881,1,1,1,0.000000000,0.000000000,0.000000000,15.418048859,0,-0.000000000,0.000000000,0.000000000
1022,-0.001890182,-0.602455854,2.791633606,1,1,1,0.000000000,0.000000000,0.000000000,15.447219849,0,-0.000000000,0.000000000,0.000000000
1023,-0.001890182,-0.601801276,2.792129517,1,1,1,0.000000000,0.000000000,0.000000000,15.476777077,0,-0.000000000,0.000000000,0.000000000
1024,-0.001890182,-0.601221979,2.792625427,1,1,1,0.000000000,0.000000000,0.000000000,15.506245613,0,-0.000000000,0.000000000,0.000000000
1025,-0.001892090,-0.600721002,2.793125153,1,1,1,0.000000000,0.000000000,0.000000000,15.535598755,0,-0.000000000,0.000000000,0.000000000
1026,-0.001890182,-0.600297868,2.793617249,1,1,1,0.000000000,0.000000000,0.000000000,15.565269470,0,-0.000000000,0.000000000,0.000000000
1027,-0.001892090,-0.599950671,2.794113159,1,1,1,0.000000000,0.000000000,0.000000000,15.594771385,0,-0.000000000,0.000000000,0.000000000
1028,-0.001892090,-0.599676132,2.794605255,1,1,1,0.000000000,0.000000000,0.000000000,15.624544144,0,-0.000000000,0.000000000,0.000000000
1029,-0.001892090,-0.599469066,2.795097351,1,1,1,0.000000000,0.000000000,0.000000000,15.654109001,0,-0.000000000,0.000000000,0.000000000
1030,-0.001890182,-0.599324465,2.795589447,1,1,1,0.000000000,0.000000000,0.000000000,15.683452606,0,-0.000000000,0.000000000,0.000000000
1031,-0.001895905,-0.599235654,2.796077728,1,1,1,0.000000000,0.000000000,0.000000000,15.713023186,0,-0.000000000,0.000000000,0.000000000
1032,-0.001893997,-0.599195778,2.796569824,1,1,1,0.000000000,0.000000000,0.000000000,15.742356300,0,-0.000000000,0.000000000,0.000000000
1033,-0.001893997,-0.599198341,2.797058105,1,1,1,0.000000000,0.000000000,0.000000000,15.771679878,0,-0.000000000,0.000000000,0.000000000
1034,-0.001893997,-0.599236846,2.797546387,1,1,1,0.000000000,0.000000000,0.000000000,15.800991058,0,-0.000000000,0.000000000,0.000000000
1035,-0.001893997,-0.599304318,2.798034668,1,1,1,0.000000000,0.000000000,0.000000000,15.830290794,0,-0.000000000,0.000000000,0.000000000
1036,-0.001897812,-0.599394798,2.798515320,1,1,1,0.000000000,0.000000000,0.000000000,15.859354973,0,-0.000000000,0.000000000,0.000000000
1037,-0.001895905,-0.599502563,2.798999786,1,1,1,0.000000000,0.000000000,0.000000000,15.888410568,0,-0.000000000,0.000000000,0.000000000
1038,-0.001897812,-0.599622369,2.799484253,1,1,1,0.000000000,0.000000000,0.000000000,15.917464256,0,0.000000000,0.000000000,0.000000000
1039,-0.001897812,-0.599749625,2.799968719,1,1,1,0.000000000,0.000000000,0.000000000,15.946515083,0,0.000000000,0.000000000,0.000000000
1040,-0.001895905,-0.599880099,2.800441742,1,1,1,0.000000000,0.000000000,0.000000000,15.975565910,0,0.000000000,0.000000000,0.000000000
1041,-0.001897812,-0.600010157,2.800926208,1,1,1,0.000000000,0.000000000,0.000000000,16.004390717,0,0.000000000,0.000000000,0.000000000
1042,-0.001897812,-0.600137055,2.801414490,1,1,1,0.000000000,0.000000000,0.000000000,16.033216476,0,0.000000000,0.000000000,0.000000000
1043,-0.001897812,-0.600258350,2.801879883,1,1,1,0.000000000,0.000000000,0.000000000,16.062274933,0,0.000000000,0.000000000,0.000000000
1044,-0.001899719,-0.600371897,2.802360535,1,1,1,0.000000000,0.000000000,0.000000000,16.090879440,0,0.000000000,0.000000000,0.000000000
1045,-0.001899719,-0.600476325,2.802845001,1,1,1,0.000000000,0.000000000,0.000000000,16.119714737,0,0.000000000,0.000000000,0.000000000
1046,-0.001901627,-0.600570738,2.803318024,1,1,1,0.000000000,0.000000000,0.000000000,16.148551941,0,0.000000000,0.000000000,0.000000000
1047,-0.001901627,-0.600654483,2.803794861,1,1,1,0.000000000,0.000000000,0.000000000,16.176931381,0,0.000000000,0.000000000,0.000000000
1048,-0.001901627,-0.600727379,2.804279327,1,1,1,0.000000000,0.000000000,0.000000000,16.205772400,0,0.000000000,0.000000000,0.000000000
1049,-0.001901627,-0.600789368,2.804744720,1,1,1,0.000000000,0.000000000,0.000000000,16.234155655,0,0.000000000,0.000000000,0.000000000
1050,-0.001901627,-0.600840628,2.805225372,1,1,1,0.000000000,0.000000000,0.000000000,16.262538910,0,0.000000000,0.000000000,0.000000000
1051,-0.001899719,-0.600881696,2.805694580,1,1,1,0.000000000,0.000000000,0.000000000,16.290922165,0,0.000000000,0.000000000,0.000000000
1052,-0.001901627,-0.600913227,2.806171417,1,1,1,0.000000000,0.000000000,0.000000000,16.319307327,0,0.000000000,0.000000000,0.000000000
1053,-0.001901627,-0.600936055,2.806625366,1,1,1,0.000000000,0.000000000,0.000000000,16.347688675,0,0.000000000,0.000000000,0.000000000
1054,-0.001903534,-0.600950897,2.807106018,1,1,1,0.000000000,0.000000000,0.000000000,16.376073837,0,0.000000000,0.000000000,0.000000000
1055,-0.001903534,-0.600958824,2.807579041,1,1,1,0.000000000,0.000000000,0.000000000,16.404453278,0,0.000000000,0.000000000,0.000000000
1056,-0.001903534,-0.600960433,2.808059692,1,1,1,0.000000000,0.000000000,0.000000000,16.432836533,0,0.000000000,0.000000000,0.000000000
1057,-0.001897812,-0.600956678,2.808509827,1,1,1,0.000000000,0.000000000,0.000000000,16.460758209,0,0.000000000,0.000000000,0.000000000
1058,-0.001901627,-0.600948989,2.808990479,1,1,1,0.000000000,0.000000000,0.000000000,16.488681793,0,0.000000000,0.000000000,0.000000000
1059,-0.001901627,-0.600937545,2.809448242,1,1,1,0.000000000,0.000000000,0.000000000,16.517063141,0,0.000000000,0.000000000,0.000000000
1060,-0.001901627,-0.600923359,2.809921265,1,1,1,0.000000000,0.000000000,0.000000000,16.544986725,0,0.000000000,0.000000000,0.000000000
1061,-0.001899719,-0.600907326,2.810379028,1,1,1,0.000000000,0.000000000,0.000000000,16.572908401,0,0.000000000,0.000000000,0.000000000
1062,-0.001897812,-0.600889981,2.810859680,1,1,1,0.000000000,0.000000000,0.000000000,16.600830078,0,0.000000000,0.000000000,0.000000000
1063,-0.001901627,-0.600871921,2.811309814,1,1,1,0.000000000,0.000000000,0.000000000,16.628753662,0,-0.000000000,0.000000000,0.000000000
1064,-0.001899719,-0.600853860,2.811775208,1,1,1,0.000000000,0.000000000,0.000000000,16.656677246,0,-0.000000000,0.000000000,0.000000000
